subject_code,official_name,what_it_is,ancestor_path,vol,prev_disposition,prev_family,proposed_disposition,proposed_family,instrument_sector,mechanism,note,changed
11618,Registro de Candidatura - RRC - Candidato,Art. 11. Os partidos e coligações solicitarão à Justiça Eleitoral o registro de seus candidatos até as dezenove horas do dia 5 de julho do ano em que se realiza,DIREITO ELEITORAL > Eleições > Candidatos > Registro de Candidatura > Registro de Candidatura - RRC - Candidato,2627122,DROP,routine_registration,DROP,,,,administrative impugnacao (roll / poll-worker),
11638,Cargo - Vereador,"CE: ""Art. 83. Na eleição direta para o Senado Federal, para Prefeito e Vice-Prefeito, adotar-se-á o princípio majoritário."" Lei n. 9.504/97: ""Art 1º As eleições",DIREITO ELEITORAL > Eleições > Cargos > Cargo - Vereador,2329922,DROP,cargo_tag,DROP,,,,administrative / procedural,
12044,Registro de Candidatura - DRAP Partido/Coligação,<p> Documento que cont&eacute;m os dados dos partidos pol&iacute;ticos e coliga&ccedil;&otilde;es entregue &agrave; Justi&ccedil;a Eleitoral para efetuar o regi,DIREITO ELEITORAL > Eleições > Candidatos > Registro de Candidatura > Registro de Candidatura - DRAP Partido/Coligação,344425,DROP,routine_registration,DROP,,,,administrative / procedural,
11767,Partido Político - Órgão de Direção Municipal,"Art. 10. As alterações programáticas ou estatutárias, após registradas no Ofício Civil competente, devem ser encaminhadas, para o mesmo fim, ao Tribunal Superio",DIREITO ELEITORAL > Partidos Políticos > Órgão de Direção Partidária > Partido Político - Órgão de Direção Municipal,213367,DROP,party_internal,DROP,,,,administrative / procedural,
11633,Cargo - Prefeito,"CE: ""Art. 83. Na eleição direta para o Senado Federal, para Prefeito e Vice-Prefeito, adotar-se-á o princípio majoritário."" Lei n. 9.504/97: ""Art 1º As eleições",DIREITO ELEITORAL > Eleições > Cargos > Cargo - Prefeito,109995,DROP,cargo_tag,DROP,,,,administrative / procedural,
12366,Execução - Cumprimento de Sentença,,DIREITO ELEITORAL > Execução > Execução - Cumprimento de Sentença,46864,DROP,procedural,DROP,,,,administrative / procedural,
12046,Prestação de Contas - De Candidato,,DIREITO ELEITORAL > Eleições > Prestação de Contas > Prestação de Contas - De Candidato,30683,DROP,accounts,DROP,,,,administrative / procedural,
11617,Registro de Candidatura - Preenchimento de Vaga Remanescente,"Art. 10. Cada partido poderá registrar candidatos para a Câmara dos Deputados, Câmara Legislativa, Assembléias Legislativas e Câmaras Municipais, até cento e ci",DIREITO ELEITORAL > Eleições > Candidatos > Registro de Candidatura > Registro de Candidatura - Preenchimento de Vaga Remanescente,29347,DROP,routine_registration,DROP,,,,administrative / procedural,
11621,Registro de Candidatura - Substituição de Candidato - Por Cancelamento de Registro,"Art. 13. É facultado ao partido ou coligação substituir candidato que for considerado inelegível, renunciar ou falecer após o termo final do prazo do registro o",DIREITO ELEITORAL > Eleições > Candidatos > Registro de Candidatura > Registro de Candidatura - Substituição de Candidato > Registro de Candidatura - Substituição de Candidato - Por Cancelamento de Registro,21116,KEEP,registro_contestado,DROP,,,,"substituicao is procedural fallout of a removal, not the suit",Y
11714,Apuração/Totalização de Votos,Art. 158. A apuração compete: I - às Juntas Eleitorais quanto às eleições realizadas na zona sob sua jurisdição; II - aos Tribunais Regionais a referente às ele,DIREITO ELEITORAL > Eleições > Resultados > Apuração/Totalização de Votos,18914,DROP,procedural,DROP,,,,administrative / procedural,
12586,Filiação Partidária - Lista Especial,,DIREITO ELEITORAL > Partidos Políticos > Filiação/Desfiliação > Filiação Partidária > Filiação Partidária - Lista Especial,14309,DROP,party_internal,DROP,,,,administrative / procedural,
11619,Registro de Candidatura - RRCI - Candidato Individual,Art. 11. Os partidos e coligações solicitarão à Justiça Eleitoral o registro de seus candidatos até as dezenove horas do dia 5 de julho do ano em que se realiza,DIREITO ELEITORAL > Eleições > Candidatos > Registro de Candidatura > Registro de Candidatura - RRCI - Candidato Individual,13226,DROP,routine_registration,DROP,,,,administrative / procedural,
11757,Filiação Partidária - Coexistência,Art. 22. O cancelamento imediato da filiação partidária verifica-se nos casos de: I - morte; II - perda dos direitos políticos; III - expulsão; IV - outras form,DIREITO ELEITORAL > Partidos Políticos > Filiação/Desfiliação > Filiação Partidária > Filiação Partidária - Coexistência,11733,DROP,party_internal,DROP,,,,administrative / procedural,
11778,Requerimento,"Art. 5º Todos são iguais perante a lei, sem distinção de qualquer natureza, garantindo-se aos brasileiros e aos estrangeiros residentes no País a inviolabilidad",DIREITO ELEITORAL > Requerimento,10964,DROP,administrative,DROP,,,,generic 'Requerimento' petition container,
12055,Impugnação - Transferência de Domicílio Eleitoral,,DIREITO ELEITORAL > Eleições > Impugnação > Impugnação - Transferência de Domicílio Eleitoral,9912,DROP,voter_roll,DROP,,,,administrative impugnacao (roll / poll-worker),
11756,Filiação Partidária - Cancelamento,Art. 22. O cancelamento imediato da filiação partidária verifica-se nos casos de: I - morte; II - perda dos direitos políticos; III - expulsão; IV - outras form,DIREITO ELEITORAL > Partidos Políticos > Filiação/Desfiliação > Filiação Partidária > Filiação Partidária - Cancelamento,9111,DROP,party_internal,DROP,,,,administrative / procedural,
11642,Eleições - 1° Turno,"Art 1º As eleições para Presidente e Vice-Presidente da República, Governador e Vice-Governador de Estado e do Distrito Federal, Prefeito e Vice-Prefeito, Senad",DIREITO ELEITORAL > Eleições > Eleições - 1° Turno,8710,REVIEW,other,DROP,,,,administrative / procedural,Y
11653,Propaganda Política - Propaganda Eleitoral - Adesivo,"Art. 39-A. É permitida, no dia das eleições, a manifestação individual e silenciosa da preferência do eleitor por partido político, coligação ou candidato, reve",DIREITO ELEITORAL > Eleições > Propaganda Política - Propaganda Eleitoral > Propaganda Política - Propaganda Eleitoral - Adesivo,8128,KEEP,propaganda,DROP,,,,administrative / procedural,Y
11718,Abuso - De Poder Econômico,"Art. 22. Qualquer partido político, coligação, candidato ou Ministério Público Eleitoral poderá representar à Justiça Eleitoral, diretamente ao Corregedor-Geral",DIREITO ELEITORAL > Eleições > Transgressões Eleitorais > Abuso > Abuso - De Poder Econômico,7762,KEEP,abuso_poder,DROP,,,,administrative / procedural,Y
11576,Alistamento Eleitoral - Domicílio Eleitoral,"Art. 42. O alistamento se faz mediante a qualificação e inscrição do eleitor. Parágrafo único. Para o efeito da inscrição, é domicílio eleitoral o lugar de resi",DIREITO ELEITORAL > Alistamento Eleitoral > Alistamento Eleitoral - Domicílio Eleitoral,6870,DROP,voter_roll,DROP,,,,administrative / procedural,
11719,Abuso - De Poder Político/Autoridade,"Art. 22. Qualquer partido político, coligação, candidato ou Ministério Público Eleitoral poderá representar à Justiça Eleitoral, diretamente ao Corregedor-Geral",DIREITO ELEITORAL > Eleições > Transgressões Eleitorais > Abuso > Abuso - De Poder Político/Autoridade,6385,KEEP,abuso_poder,DROP,,,,administrative / procedural,Y
12601,Candidato Não-Eleito,,DIREITO ELEITORAL > Eleições > Candidatos > Candidato Não-Eleito,5762,REVIEW,other,DROP,,,,admin: 'Candidato Nao-Eleito' is an outcome tag,Y
12585,Reversão de Desfiliação,,DIREITO ELEITORAL > Partidos Políticos > Filiação/Desfiliação > Desfiliação Partidária > Reversão de Desfiliação,4810,DROP,party_internal,DROP,,,,administrative / procedural,
12063,Conduta Vedada ao Agente Público,"<p> Art. 73. S&atilde;o proibidas aos agentes p&uacute;blicos, servidores ou n&atilde;o, as seguintes condutas tendentes a afetar a igualdade de oportunidades e",DIREITO ELEITORAL > Eleições > Transgressões Eleitorais > Conduta Vedada ao Agente Público,4463,KEEP,conduta_vedada,DROP,,,,administrative / procedural,Y
12599,Requerimento de Acesso ao Sistema Interno de Controle e Dados de Pesquisas Eleitorais,,DIREITO ELEITORAL > Requerimento de Acesso ao Sistema Interno de Controle e Dados de Pesquisas Eleitorais,3968,DROP,administrative,DROP,,,,administrative / procedural,
12362,Autorização de Divulgação de Publicidade Institucional,,DIREITO ELEITORAL > Eleições > Autorização de Divulgação de Publicidade Institucional,3747,DROP,administrative,DROP,,,,administrative / procedural,
11723,Propaganda Política - Propaganda Institucional,"Art. 73. São proibidas aos agentes públicos, servidores ou não, as seguintes condutas tendentes a afetar a igualdade de oportunidades entre candidatos nos pleit",DIREITO ELEITORAL > Eleições > Transgressões Eleitorais > Propaganda Política - Propaganda Institucional,3498,KEEP,propaganda,DROP,,,,procedural (cautelar / excecao),Y
12360,Matéria Administrativa,"<p> Art. 23 - Compete, ainda, privativamente, ao Tribunal Superior: ............................................................... XI - enviar ao Presidente da",DIREITO ELEITORAL > Administração da Justiça Eleitoral > Matéria Administrativa,3398,DROP,administrative,DROP,,,,administrative / procedural,
10741,Criação do Partido Político,,DIREITO ELEITORAL E PROCESSO ELEITORAL DO STF > Partido Político > Criação do Partido Político,3354,DROP,party_internal,DROP,,,,administrative / procedural,
11670,Propaganda Política - Propaganda Eleitoral - Distribuição de Tempo de Propaganda,"Art. 47. As emissoras de rádio e de televisão e os canais de televisão por assinatura mencionados no art. 57 reservarão, nos quarenta e cinco dias anteriores à ",DIREITO ELEITORAL > Eleições > Propaganda Política - Propaganda Eleitoral > Propaganda Política - Propaganda Eleitoral - Horário Eleitoral Gratuito > Propaganda Política - Propaganda Eleitoral - Distribuição de Tempo de Propaganda,3148,KEEP,propaganda,DROP,,,,administrative / procedural,Y
11671,Propaganda Política - Propaganda Eleitoral - Horário Eleitoral Gratuito/Inserções de Propaganda,"Art. 51. Durante os períodos previstos nos arts. 47 e 49, as emissoras de rádio e televisão e os canais por assinatura mencionados no art. 57 reservarão, ainda,",DIREITO ELEITORAL > Eleições > Propaganda Política - Propaganda Eleitoral > Propaganda Política - Propaganda Eleitoral - Horário Eleitoral Gratuito > Propaganda Política - Propaganda Eleitoral - Horário Eleitoral Gratuito/Inserções de Propaganda,2920,KEEP,propaganda,DROP,,,,administrative / procedural,Y
11698,Contas - Não Apresentação das Contas,"<p> Art. 30. A Justi&ccedil;a Eleitoral verificar&aacute; a regularidade das contas de campanha, decidindo: ....................................................",DIREITO ELEITORAL > Eleições > Recursos Financeiros de Campanha Eleitoral > Contas > Contas - Não Apresentação das Contas,2893,DROP,accounts,DROP,,,,prestacao de contas (mandatory),
11575,Alistamento Eleitoral - Cancelamento,Art. 71. São causas de cancelamento: I - a infração dos artigos 5º e 42; II - a suspensão ou perda dos direitos políticos; III - a pluralidade de inscrição; IV ,DIREITO ELEITORAL > Alistamento Eleitoral > Alistamento Eleitoral - Cancelamento,2861,DROP,voter_roll,DROP,,,,administrative / procedural,
12600,Candidato Eleito,,DIREITO ELEITORAL > Eleições > Candidatos > Candidato Eleito,2743,REVIEW,other,DROP,,,,admin: 'Candidato Eleito' is an outcome tag,Y
12568,Pedido de Dispensa de Convocação para Trabalhos Eleitorais,,DIREITO ELEITORAL > Eleições > Pedido de Dispensa de Convocação para Trabalhos Eleitorais,2677,DROP,administrative,DROP,,,,administrative / procedural,
12598,Requerimento de Regularização da Situação de Inadimplência de Prestação de Contas,,DIREITO ELEITORAL > Requerimento de Regularização da Situação de Inadimplência de Prestação de Contas,2644,DROP,accounts,DROP,,,,administrative / procedural,
12069,Prestação de Contas - de Partido Político,"<p> Art. 30. A Justi&ccedil;a Eleitoral verificar&aacute; a regularidade das contas de campanha, decidindo: ....................................................",DIREITO ELEITORAL > Partidos Políticos > Prestação de Contas - de Partido Político,2604,DROP,accounts,DROP,,,,administrative / procedural,
12602,Prestação de Contas - de Partido Político,,DIREITO ELEITORAL > Eleições > Prestação de Contas > Prestação de Contas - de Partido Político,2506,DROP,accounts,DROP,,,,administrative / procedural,
11673,Propaganda Política - Propaganda Eleitoral - Rádio,"Art. 44. A propaganda eleitoral no rádio e na televisão restringe-se ao horário gratuito definido nesta Lei, vedada a veiculação de propaganda paga.",DIREITO ELEITORAL > Eleições > Propaganda Política - Propaganda Eleitoral > Propaganda Política - Propaganda Eleitoral - Horário Eleitoral Gratuito > Propaganda Política - Propaganda Eleitoral - Rádio,2410,KEEP,propaganda,DROP,,,,administrative / procedural,Y
11758,Filiação Partidária - Exclusão,Art. 22. O cancelamento imediato da filiação partidária verifica-se nos casos de: I - morte; II - perda dos direitos políticos; III - expulsão; IV - outras form,DIREITO ELEITORAL > Partidos Políticos > Filiação/Desfiliação > Filiação Partidária > Filiação Partidária - Exclusão,2011,DROP,party_internal,DROP,,,,administrative / procedural,
11675,Propaganda Política - Propaganda Eleitoral - Televisão,"Art. 44. A propaganda eleitoral no rádio e na televisão restringe-se ao horário gratuito definido nesta Lei, vedada a veiculação de propaganda paga.",DIREITO ELEITORAL > Eleições > Propaganda Política - Propaganda Eleitoral > Propaganda Política - Propaganda Eleitoral - Horário Eleitoral Gratuito > Propaganda Política - Propaganda Eleitoral - Televisão,1911,KEEP,propaganda,DROP,,,,administrative / procedural,Y
11720,Abuso - Uso Indevido de Meio de Comunicação Social,"Art. 22. Qualquer partido político, coligação, candidato ou Ministério Público Eleitoral poderá representar à Justiça Eleitoral, diretamente ao Corregedor-Geral",DIREITO ELEITORAL > Eleições > Transgressões Eleitorais > Abuso > Abuso - Uso Indevido de Meio de Comunicação Social,1756,KEEP,abuso_poder,DROP,,,,administrative / procedural,Y
11783,Citação,"<p> Assunto a ser vinculado &agrave;s cartas precat&oacute;rias e de ordem. Pode ser vinculado, tamb&eacute;m, &agrave;s cartas rogat&oacute;rias. Pode ser vinc",DIREITO PROCESSUAL CIVIL E DO TRABALHO > Objetos de cartas precatórias cíveis/de ordem > Citação,1448,REVIEW,other,DROP,,,,off-topic branch (direito processual civil e do ),Y
11753,Convenção Partidária,Art. 8º A escolha dos candidatos pelos partidos e a deliberação sobre coligações deverão ser feitas no período de 10 a 30 de junho do ano em que se realizarem a,DIREITO ELEITORAL > Partidos Políticos > Convenção Partidária,1361,DROP,party_internal,DROP,,,,administrative / procedural,
11428,DIREITO ELEITORAL,,DIREITO ELEITORAL,1298,REVIEW,other,DROP,,,,container tag,Y
12592,Direito Líquido e Certo,,DIREITO ELEITORAL > Eleições > Garantias Eleitorais > Direito Líquido e Certo,1284,REVIEW,other,DROP,,,,administrative / procedural,Y
11721,Captação Ilícita de Sufrágio,"Art. 41-A. Ressalvado o disposto no art. 26 e seus incisos, constitui captação de sufrágio, vedada por esta Lei, o candidato doar, oferecer, prometer, ou entreg",DIREITO ELEITORAL > Eleições > Transgressões Eleitorais > Captação Ilícita de Sufrágio,1224,KEEP,captacao_corrupcao,DROP,,,,administrative / procedural,Y
11627,Registro de Candidatura - Substituição de Candidato - Por Renúncia,"Art. 13. É facultado ao partido ou coligação substituir candidato que for considerado inelegível, renunciar ou falecer após o termo final do prazo do registro o",DIREITO ELEITORAL > Eleições > Candidatos > Registro de Candidatura > Registro de Candidatura - Substituição de Candidato > Registro de Candidatura - Substituição de Candidato - Por Renúncia,1219,KEEP,registro_contestado,DROP,,,,substituicao variant: procedural,Y
11579,Alistamento Eleitoral - Inscrição Eleitoral,Art. 42. O alistamento se faz mediante a qualificação e inscrição do eleitor.,DIREITO ELEITORAL > Alistamento Eleitoral > Alistamento Eleitoral - Inscrição Eleitoral,1182,DROP,voter_roll,DROP,,,,administrative / procedural,
11672,Propaganda Política - Propaganda Eleitoral - Horário Eleitoral Gratuito/Programa em Bloco,"Art. 47. As emissoras de rádio e de televisão e os canais de televisão por assinatura mencionados no art. 57 reservarão, nos quarenta e cinco dias anteriores à ",DIREITO ELEITORAL > Eleições > Propaganda Política - Propaganda Eleitoral > Propaganda Política - Propaganda Eleitoral - Horário Eleitoral Gratuito > Propaganda Política - Propaganda Eleitoral - Horário Eleitoral Gratuito/Programa em Bloco,1110,KEEP,propaganda,DROP,,,,administrative / procedural,Y
11773,Propaganda Política - Propaganda Partidária,"É a divulgação genérica e exclusiva do programa e da proposta política do partido, sem menção a nomes de candidatos, visando angariar adeptos ao partido polític",DIREITO ELEITORAL > Partidos Políticos > Propaganda Política > Propaganda Política Partidária > Propaganda Política - Propaganda Partidária,1015,KEEP,propaganda,DROP,,,,administrative / procedural,Y
11486,Difamação na Propaganda Eleitoral,"Art. 325. Difamar alguém, na propaganda eleitoral, ou visando a fins de propaganda, imputando-lhe fato ofensivo à sua reputação: Pena - detenção de três meses a",DIREITO ELEITORAL > Crimes Eleitorais > Crimes contra a Propaganda Eleitoral > Difamação na Propaganda Eleitoral,951,KEEP,propaganda,DROP,,,,procedural (cautelar / excecao),Y
-1,,,,909,REVIEW,other,DROP,,,,off-topic branch (),Y
11645,Eleições - Eleição Majoritária,"Art. 2º Será considerado eleito o candidato a Presidente ou a Governador que obtiver a maioria absoluta de votos, não computados os em branco e os nulos. Art. 3",DIREITO ELEITORAL > Eleições > Eleições - Eleição Majoritária,907,REVIEW,other,DROP,,,,administrative / procedural,Y
12463,Providência,"<p> Tema relativo &agrave;s discuss&otilde;es sobre atos administrativos, em todas as suas esp&eacute;cies, e sobre os respectivos efeitos e validade.</p>",DIREITO ADMINISTRATIVO E OUTRAS MATÉRIAS DE DIREITO PÚBLICO > Atos Administrativos > Providência,806,REVIEW,other,DROP,,,,off-topic branch (direito administrativo e outra),Y
11577,Alistamento Eleitoral - Duplicidade/Pluralidade,Art. 71. São causas de cancelamento: ............................................................... III - a pluralidade de inscrição;,DIREITO ELEITORAL > Alistamento Eleitoral > Alistamento Eleitoral - Duplicidade/Pluralidade,785,DROP,voter_roll,DROP,,,,administrative / procedural,
11666,Propaganda Política - Propaganda Eleitoral - Debate Político,"Art 46. Independentemente da veiculação de propaganda eleitoral gratuita no horário definido nesta Lei, é facultada a transmissão, por emissora de rádio ou tele",DIREITO ELEITORAL > Eleições > Propaganda Política - Propaganda Eleitoral > Propaganda Política - Propaganda Eleitoral - Debate Político,757,KEEP,propaganda,DROP,,,,administrative / procedural,Y
12053,Impugnação - Nomeação de Membro da Mesa Receptora,,DIREITO ELEITORAL > Eleições > Impugnação > Impugnação - Nomeação de Membro da Mesa Receptora,632,REVIEW,other,DROP,,,,administrative impugnacao (roll / poll-worker),Y
11640,Cargo - Vice-Prefeito,"CE: ""Art. 83. Na eleição direta para o Senado Federal, para Prefeito e Vice-Prefeito, adotar-se-á o princípio majoritário."" Lei n. 9.504/97: ""Art 1º As eleições",DIREITO ELEITORAL > Eleições > Cargos > Cargo - Vice-Prefeito,563,DROP,cargo_tag,DROP,,,,administrative / procedural,
11646,Eleições - Eleição Proporcional,"Art. 5º Nas eleições proporcionais, contam-se como válidos apenas os votos dados a candidatos regularmente inscritos e às legendas partidárias.",DIREITO ELEITORAL > Eleições > Eleições - Eleição Proporcional,560,REVIEW,other,DROP,,,,administrative / procedural,Y
11736,Cautelar Inominada - De Produção Antecipada de Provas,"Art. 846. A produção antecipada da prova pode consistir em interrogatório da parte, inquirição de testemunhas e exame pericial. ................................",DIREITO ELEITORAL > Garantias Processuais > Cautelar Inominada > Cautelar Inominada - De Produção Antecipada de Provas,517,REVIEW,other,DROP,,,,procedural (cautelar / excecao),Y
11676,Propaganda Política - Propaganda Eleitoral - Invasão de Horário Destinado a Outro Cargo/Partido/Coligação,Art. 53-A. É vedado aos partidos políticos e às coligações incluir no horário destinado aos candidatos às eleições proporcionais propaganda das candidaturas a e,DIREITO ELEITORAL > Eleições > Propaganda Política - Propaganda Eleitoral > Propaganda Política - Propaganda Eleitoral - Horário Eleitoral Gratuito > Propaganda Política - Propaganda Eleitoral - Invasão de Horário Destinado a Outro Cargo/Partido/Coligação,510,KEEP,propaganda,DROP,,,,administrative / procedural,Y
11738,Cautelar Inominada - Preparatória,"Art. 800. As medidas cautelares serão requeridas ao juiz da causa; e, quando preparatórias, ao juiz competente para conhecer da ação principal.",DIREITO ELEITORAL > Garantias Processuais > Cautelar Inominada > Cautelar Inominada - Preparatória,485,REVIEW,other,DROP,,,,procedural (cautelar / excecao),Y
11452,Desobediência a Ordens ou Instruções da Justiça Eleitoral ,"Art. 347. Recusar alguém cumprimento ou obediência a diligências, ordens ou instruções da Justiça Eleitoral ou opor embaraços à sua execução: Pena - detenção de",DIREITO ELEITORAL > Crimes Eleitorais > Crimes contra o Serviço da Justiça Eleitoral > Desobediência a Ordens ou Instruções da Justiça Eleitoral ,480,REVIEW,other,DROP,,,,administrative / procedural,Y
11582,Impugnação - Transferência de Domicílio Eleitoral,"Art. 57. O requerimento de transferência de domicílio eleitoral será imediatamente publicado na imprensa oficial na Capital, e em cartório nas demais localidade",DIREITO ELEITORAL > Alistamento Eleitoral > Impugnação - Alistamento Eleitoral > Impugnação - Transferência de Domicílio Eleitoral,451,DROP,voter_roll,DROP,,,,administrative impugnacao (roll / poll-worker),
12612,COVID-19,"<p style=""text-align: justify;""> Assunto complementar a ser marcado em todas as demandas derivadas da pandemia de COVID-19.</p> <p style=""text-align: justify;"">","QUESTÕES DE ALTA COMPLEXIDADE, GRANDE IMPACTO E REPERCUSSÃO > COVID-19",450,REVIEW,other,DROP,,,,"off-topic branch (questoes de alta complexidade,)",Y
11735,Cautelar Inominada - De Busca e Apreensão,Art. 839. O juiz pode decretar a busca e apreensão de pessoas ou de coisas.,DIREITO ELEITORAL > Garantias Processuais > Cautelar Inominada > Cautelar Inominada - De Busca e Apreensão,440,REVIEW,other,DROP,,,,procedural (cautelar / excecao),Y
11695,Contas - Aprovação das Contas,"<p> Art. 30. A Justi&ccedil;a Eleitoral verificar&aacute; a regularidade das contas de campanha, decidindo: I - pela aprova&ccedil;&atilde;o, quando estiverem r",DIREITO ELEITORAL > Eleições > Recursos Financeiros de Campanha Eleitoral > Contas > Contas - Apresentação de Contas > Contas - Aprovação > Contas - Aprovação das Contas,426,DROP,accounts,DROP,,,,prestacao de contas (mandatory),
11782,Intimação,"<p> Assunto a ser vinculado &agrave;s cartas precat&oacute;rias e de ordem. Pode ser vinculado, tamb&eacute;m, &agrave;s cartas rogat&oacute;rias. Pode ser vinc",DIREITO PROCESSUAL CIVIL E DO TRABALHO > Objetos de cartas precatórias cíveis/de ordem > Intimação,416,REVIEW,other,DROP,,,,off-topic branch (direito processual civil e do ),Y
11737,Cautelar Inominada - Incidental,Art. 796. O procedimento cautelar pode ser instaurado antes ou no curso do processo principal e deste é sempre dependente.,DIREITO ELEITORAL > Garantias Processuais > Cautelar Inominada > Cautelar Inominada - Incidental,409,REVIEW,other,DROP,,,,procedural (cautelar / excecao),Y
9196,Liminar ,"<p> <span style=""color: rgb(0, 0, 0); font-family: Arial; font-size: small; text-align: justify; text-indent: 35px;"">Art. 300. .................................",DIREITO PROCESSUAL CIVIL E DO TRABALHO > Tutela Provisória > Liminar ,391,REVIEW,other,DROP,,,,off-topic branch (direito processual civil e do ),Y
12416,Tutela de Urgência,"<p align=""justify"" class=""Artigo"" style=""color: rgb(0, 0, 0); font-family: Arial; font-size: small; text-indent: 35px;""> Art. 294. &nbsp;A tutela provis&oacute;",DIREITO PROCESSUAL CIVIL E DO TRABALHO > Tutela Provisória > Tutela de Urgência,372,REVIEW,other,DROP,,,,off-topic branch (direito processual civil e do ),Y
12644,Requerimentos Relativos ao Horário Eleitoral Gratuito,,DIREITO ELEITORAL > Eleições > Propaganda Política - Propaganda Eleitoral > Propaganda Política - Propaganda Eleitoral - Horário Eleitoral Gratuito > Requerimentos Relativos ao Horário Eleitoral Gratuito,366,DROP,administrative,DROP,,,,administrative / procedural,
11731,Execução - De Multa Eleitoral,"Art. 367 A imposição e a cobrança de qualquer multa, salvo no caso das condenações criminais, obedecerão às seguintes normas: ..................................",DIREITO ELEITORAL > Execução > Execução - De Multa Eleitoral,340,DROP,procedural,DROP,,,,administrative / procedural,
11625,Registro de Candidatura - Substituição de Candidato - Por Indeferimento de Registro,"Art. 13. É facultado ao partido ou coligação substituir candidato que for considerado inelegível, renunciar ou falecer após o termo final do prazo do registro o",DIREITO ELEITORAL > Eleições > Candidatos > Registro de Candidatura > Registro de Candidatura - Substituição de Candidato > Registro de Candidatura - Substituição de Candidato - Por Indeferimento de Registro,325,KEEP,registro_contestado,DROP,,,,substituicao variant: procedural,Y
11578,Alistamento Eleitoral - Exclusão,"Art. 74. A exclusão será mandada processar ""ex officio"" pelo juiz eleitoral, sempre que tiver conhecimento de alguma das causas do cancelamento.",DIREITO ELEITORAL > Alistamento Eleitoral > Alistamento Eleitoral - Exclusão,317,DROP,voter_roll,DROP,,,,administrative / procedural,
11584,Candidatos,,DIREITO ELEITORAL > Eleições > Candidatos,314,REVIEW,other,DROP,,,,admin: generic 'Candidatos' container tag,Y
11769,Partido Político - Comissão Provisória,"Art. 3º É assegurada, ao partido político, autonomia para definir sua estrutura interna, organização e funcionamento.",DIREITO ELEITORAL > Partidos Políticos > Partido Político - Comissão Provisória,305,DROP,party_internal,DROP,,,,administrative / procedural,
11600,Inelegibilidade - Desincompatibilização,Art. 1º São inelegíveis: ............................................................... II - para Presidente e Vice-Presidente da República: a) até 6 (seis) me,DIREITO ELEITORAL > Eleições > Candidatos > Inelegibilidade > Inelegibilidade - Desincompatibilização,279,KEEP,inelegibilidade,DROP,,,,administrative / procedural,Y
12588,Crimes Conexos,,DIREITO PENAL > Crimes Conexos,278,KEEP,crimes_eleitorais,DROP,,,,administrative / procedural,Y
11752,Coligação Partidária - Proporcional,"Art. 6º É facultado aos partidos políticos, dentro da mesma circunscrição, celebrar coligações para eleição majoritária, proporcional, ou para ambas, podendo, n",DIREITO ELEITORAL > Partidos Políticos > Coligação Partidária > Coligação Partidária - Proporcional,275,REVIEW,other,DROP,,,,administrative / procedural,Y
11502,Coação Visando a Obtenção de Voto ou a sua Abstenção,Art. 300. Valer-se o servidor público da sua autoridade para coagir alguém a votar ou não votar em determinado candidato ou partido: Pena - detenção até seis me,DIREITO ELEITORAL > Crimes Eleitorais > Crimes contra o Sigilo ou o Exercício do Voto > Coação Visando a Obtenção de Voto ou a sua Abstenção,248,REVIEW,other,DROP,,,,administrative / procedural,Y
11692,Contas,,DIREITO ELEITORAL > Eleições > Recursos Financeiros de Campanha Eleitoral > Contas,243,DROP,accounts,DROP,,,,prestacao de contas (mandatory),
11559,Improbidade Administrativa,"Art. 1° Os atos de improbidade praticados por qualquer agente público, servidor ou não, contra a administração direta, indireta ou fundacional de qualquer dos P",DIREITO ELEITORAL > Administração da Justiça Eleitoral > Improbidade Administrativa,238,REVIEW,other,DROP,,,,administrative / procedural,Y
12051,Impugnação - Inscrição Eleitoral,,DIREITO ELEITORAL > Eleições > Impugnação > Impugnação - Inscrição Eleitoral,234,DROP,voter_roll,DROP,,,,administrative impugnacao (roll / poll-worker),
11674,Propaganda Política - Propaganda Eleitoral - Rádio Comunitária,"Art. 1º Denomina-se Serviço de Radiodifusão Comunitária a radiodifusão sonora, em frequência modulada, operada em baixa potência e cobertura restrita, outorgada",DIREITO ELEITORAL > Eleições > Propaganda Política - Propaganda Eleitoral > Propaganda Política - Propaganda Eleitoral - Horário Eleitoral Gratuito > Propaganda Política - Propaganda Eleitoral - Rádio Comunitária,203,KEEP,propaganda,DROP,,,,administrative / procedural,Y
11560,Descumprimento de Prazos Eleitorais,"Art. 194. Apurada a falta, o juiz mandará instaurar procedimento administrativo, na forma da Lei de Organização Judiciária. Art. 198. Qualquer das partes ou o ó",DIREITO ELEITORAL > Administração da Justiça Eleitoral > Descumprimento de Prazos Eleitorais,195,REVIEW,other,DROP,,,,administrative / procedural,Y
12564,Alistamento Eleitoral - Fraude,,DIREITO ELEITORAL > Alistamento Eleitoral > Alistamento Eleitoral - Fraude,178,DROP,voter_roll,DROP,,,,administrative / procedural,
11518,Subscrição de Mais de Uma Ficha de Filiação Partidária,Art. 319. Subscrever o eleitor mais de uma ficha de registro de um ou mais partidos: Pena - detenção até 1 mês ou pagamento de 10 a 30 dias-multa.,DIREITO ELEITORAL > Crimes Eleitorais > Crimes contra os Partidos Políticos > Subscrição de Mais de Uma Ficha de Filiação Partidária,164,DROP,party_internal,DROP,,,,administrative / procedural,
10914,Busca e Apreensão de Bens,<p> Discuss&otilde;es sobre a validade de busca e apreens&atilde;o de bens no curso de processo penal ou de investiga&ccedil;&atilde;o penal CPP Art. 240. A bus,DIREITO PROCESSUAL PENAL > Medidas Assecuratórias > Busca e Apreensão de Bens,158,REVIEW,other,DROP,,,,off-topic branch (direito processual penal),Y
3402,Ameaça ,"Ameaça Art. 147 - Ameaçar alguém, por palavra, escrito ou gesto, ou qualquer outro meio simbólico, de causar-lhe mal injusto e grave: Pena - detenção, de um a s",DIREITO PENAL > Crimes contra a liberdade pessoal > Ameaça ,152,REVIEW,other,DROP,,,,ameaca comum art.147: generic crime,Y
10749,Difamação,"Difamar alguém, na propaganda eleitoral, ou visando a fins de propaganda, imputando-lhe fato ofensivo à sua reputação: Pena - detenção de três meses a um ano, e",DIREITO PENAL > Crimes Previstos na Legislação Extravagante > Crimes Eleitorais > Difamação,150,KEEP,direito_resposta_honra,DROP,,,,procedural (cautelar / excecao),Y
11613,Nome do Candidato - Variação Nominal,"Art. 12. O candidato às eleições proporcionais indicará, no pedido de registro, além de seu nome completo, as variações nominais com que deseja ser registrado, ",DIREITO ELEITORAL > Eleições > Candidatos > Nome do Candidato > Nome do Candidato - Variação Nominal,127,REVIEW,other,DROP,,,,"admin: ballot-name variation, routine",Y
11727,Direitos Políticos - Restabelecimento dos Direitos Políticos,"Dar-se-á quando cessadas as causas de perda/suspensão dos direitos políticos insertas no art. 15 da Constituição Federal. CF/88: ""Art. 15. É vedada a cassação d",DIREITO ELEITORAL > Direitos Políticos > Direitos Políticos - Restabelecimento dos Direitos Políticos,123,REVIEW,other,DROP,,,,administrative / procedural,Y
11669,Propaganda Política - Propaganda Eleitoral - Horário Eleitoral Gratuito,,DIREITO ELEITORAL > Eleições > Propaganda Política - Propaganda Eleitoral > Propaganda Política - Propaganda Eleitoral - Horário Eleitoral Gratuito,121,KEEP,propaganda,DROP,,,,administrative / procedural,Y
11750,Coligação Partidária - Majoritária,"Art. 6º É facultado aos partidos políticos, dentro da mesma circunscrição, celebrar coligações para eleição majoritária, proporcional, ou para ambas, podendo, n",DIREITO ELEITORAL > Partidos Políticos > Coligação Partidária > Coligação Partidária - Majoritária,113,REVIEW,other,DROP,,,,administrative / procedural,Y
11746,Exceção - De Suspeição,"Art. 135. Reputa-se fundada a suspeição de parcialidade do juiz, quando: I - amigo íntimo ou inimigo capital de qualquer das partes; II - alguma das partes for ",DIREITO ELEITORAL > Garantias Processuais > Exceção > Exceção - De Suspeição,109,REVIEW,other,DROP,,,,procedural (cautelar / excecao),Y
11604,Inelegibilidade - Rejeição de Contas Públicas,Art. 1º São inelegíveis: I - para qualquer cargo: ............................................................... g) os que tiverem suas contas relativas ao exe,DIREITO ELEITORAL > Eleições > Candidatos > Inelegibilidade > Inelegibilidade - Rejeição de Contas Públicas,100,KEEP,inelegibilidade,DROP,,,,administrative / procedural,Y
11586,Condição de Elegibilidade - Alistamento Eleitoral,"CF/88: ""Art. 14. A soberania popular será exercida pelo sufrágio universal e pelo voto direto e secreto, com valor igual para todos, e, nos termos da lei, media",DIREITO ELEITORAL > Eleições > Candidatos > Condição de Elegibilidade > Condição de Elegibilidade - Alistamento Eleitoral,90,DROP,voter_roll,DROP,,,,alistamento as eligibility precondition: voter-roll admin,
11748,Alteração Estatutária de Partido Político em Matéria Administrativa,"<p> Art. 10. As altera&ccedil;&otilde;es program&aacute;ticas ou estatut&aacute;rias, ap&oacute;s registradas no Of&iacute;cio Civil competente, devem ser encam",DIREITO ELEITORAL > Partidos Políticos > Alteração Estatutária de Partido Político em Matéria Administrativa,86,DROP,administrative,DROP,,,,administrative / procedural,
11628,Cargos,,DIREITO ELEITORAL > Eleições > Cargos,85,DROP,cargo_tag,DROP,,,,administrative / procedural,
11573,Requisição de Força Federal,"Art. 30. Compete, ainda, privativamente, aos Tribunais Regionais: ............................................................... XII - requisitar a força neces",DIREITO ELEITORAL > Administração da Justiça Eleitoral > Requisição de Força Federal,83,REVIEW,other,DROP,,,,administrative / procedural,Y
11989,Nulidade de ato administrativo,,DIREITO ADMINISTRATIVO E OUTRAS MATÉRIAS DE DIREITO PÚBLICO > Atos Administrativos > Nulidade de ato administrativo,78,REVIEW,other,DROP,,,,off-topic branch (direito administrativo e outra),Y
11728,Direitos Políticos - Suspensão de Direitos Políticos,"Art. 15. É vedada a cassação de direitos políticos, cuja perda ou suspensão só se dará nos casos de: I - cancelamento da naturalização por sentença transitada e",DIREITO ELEITORAL > Direitos Políticos > Direitos Políticos - Suspensão de Direitos Políticos,76,REVIEW,other,DROP,,,,administrative / procedural,Y
12566,Ausência ou Abandono aos Trabalhos Eleitorais,,DIREITO ELEITORAL > Eleições > Ausência ou Abandono aos Trabalhos Eleitorais,76,REVIEW,other,DROP,,,,administrative / procedural,Y
11765,Dissolução de Órgão de Direção Partidária,"Art. 17 É livre a criação, fusão, incorporação e extinção de partidos políticos, resguardados a soberania nacional, o regime democrático, o pluripartidarismo, o",DIREITO ELEITORAL > Partidos Políticos > Órgão de Direção Partidária > Dissolução de Órgão de Direção Partidária,75,DROP,party_internal,DROP,,,,administrative / procedural,
12754,Auxílio Emergencial (Lei 13.982/2020),"<p> <span style=""color: rgb(74, 95, 140); font-family: Verdana, Arial, Helvetica, sans-serif; font-size: 11px;"">Aux&iacute;lio emergencial no valor de R$ 600,00",DIREITO ASSISTENCIAL > Auxílio Emergencial (Lei 13.982/2020),71,REVIEW,other,DROP,,,,off-topic branch (direito assistencial),Y
12731,Transação Penal,<p> Assunto a ser utilizado para a fiscaliza&ccedil;&atilde;o do cumprimento da transa&ccedil;&atilde;o penal. Art. 76. Havendo representa&ccedil;&atilde;o ou t,DIREITO PROCESSUAL PENAL > Execução Penal e de Medidas Alternativas > Transação Penal,69,REVIEW,other,DROP,,,,off-topic branch (direito processual penal),Y
11594,Identificação Numérica de Candidato,Art. 15. A identificação numérica dos candidatos se dará mediante a observação dos seguintes critérios: I - os candidatos aos cargos majoritários concorrerão co,DIREITO ELEITORAL > Eleições > Candidatos > Identificação Numérica de Candidato,68,REVIEW,other,DROP,,,,admin: numeric ID assignment,Y
8986,Erro de Procedimento,"<p> Para as discuss&otilde;es sobre a corre&ccedil;&atilde;o ou n&atilde;o do procedimento adotado (ordin&aacute;rio, sum&aacute;rio ou especial).</p> <p> &nbsp",DIREITO PROCESSUAL CIVIL E DO TRABALHO > Processo e Procedimento > Erro de Procedimento,65,REVIEW,other,DROP,,,,off-topic branch (direito processual civil e do ),Y
12593,Impugnação de Ato Judicial,,DIREITO ELEITORAL > Eleições > Garantias Eleitorais > Impugnação de Ato Judicial,61,REVIEW,other,DROP,,,,administrative impugnacao (roll / poll-worker),Y
11451,Utilização de Prédios ou Serviços de Repartições Públicas para Beneficiar Partido ou Organização de Caráter Político ,"Art. 346 . Violar o disposto no Art. 377: Pena - detenção até seis meses e pagamento de 30 a 60 dias-multa. Parágrafo único. Incorrerão na pena, além da autorid",DIREITO ELEITORAL > Crimes Eleitorais > Crimes contra o Serviço da Justiça Eleitoral > Utilização de Prédios ou Serviços de Repartições Públicas para Beneficiar Partido ou Organização de Caráter Político ,58,REVIEW,other,DROP,,,,administrative / procedural,Y
11760,Justificação de Desfiliação Partidária,"Art. 1º - O partido político interessado pode pedir, perante a Justiça Eleitoral, a decretação da perda de cargo eletivo em decorrência de desfiliação partidári",DIREITO ELEITORAL > Partidos Políticos > Filiação/Desfiliação > Desfiliação Partidária > Justificação de Desfiliação Partidária,58,DROP,party_internal,DROP,,,,administrative / procedural,
11730,Execução - De Astreintes,Art. 14. São deveres das partes e de todos aqueles que de qualquer forma participam do processo: ...............................................................,DIREITO ELEITORAL > Execução > Execução - De Astreintes,55,DROP,procedural,DROP,,,,administrative / procedural,
11732,Execução de Julgado,"Art. 475-I. O cumprimento da sentença far-se-á conforme os arts. 461 e 461-A desta Lei ou, tratando-se de obrigação por quantia certa, por execução, nos termos ",DIREITO ELEITORAL > Execução > Execução de Julgado,53,DROP,procedural,DROP,,,,administrative / procedural,
11785,Diligências,"<p> Assunto a ser vinculado &agrave;s cartas precat&oacute;rias e de ordem. Pode ser vinculado, tamb&eacute;m, &agrave;s cartas rogat&oacute;rias. Pode ser vinc",DIREITO PROCESSUAL CIVIL E DO TRABALHO > Objetos de cartas precatórias cíveis/de ordem > Diligências,50,REVIEW,other,DROP,,,,off-topic branch (direito processual civil e do ),Y
11647,Eleições - Eleição Suplementar,"Eleições Suplementares na Zona Eleitoral CE: ""Art. 187. Verificando a Junta Apuradora que os votos das seções anuladas e daquelas cujos eleitores foram impedido",DIREITO ELEITORAL > Eleições > Eleições - Eleição Suplementar,50,REVIEW,other,DROP,,,,administrative / procedural,Y
12048,Prestação de Contas - De Exercício Financeiro,,DIREITO ELEITORAL > Partidos Políticos > Prestação de Contas - De Exercício Financeiro,50,DROP,accounts,DROP,,,,administrative / procedural,
11734,Cautelar Inominada,,DIREITO ELEITORAL > Garantias Processuais > Cautelar Inominada,44,REVIEW,other,DROP,,,,procedural (cautelar / excecao),Y
12052,Impugnação - Nomeação de Membro da Junta Eleitoral,,DIREITO ELEITORAL > Eleições > Impugnação > Impugnação - Nomeação de Membro da Junta Eleitoral,42,REVIEW,other,DROP,,,,administrative impugnacao (roll / poll-worker),Y
11708,Impugnação - Nomeação de Membro da Mesa Receptora,"Art. 63. Qualquer partido pode reclamar ao Juiz Eleitoral, no prazo de cinco dias, da nomeação da Mesa Receptora, devendo a decisão ser proferida em 48 horas.",DIREITO ELEITORAL > Eleições > Garantias Eleitorais > Impugnação > Impugnação - Nomeação de Membro da Mesa Receptora,41,REVIEW,other,DROP,,,,administrative impugnacao (roll / poll-worker),Y
15056,Acordo de Não Persecução Penal,<p> &ldquo;Assunto a ser utilizado para o acompanhamento da execu&ccedil;&atilde;o do acordo de n&atilde;o persecu&ccedil;&atilde;o penal. Art. 28- A. N&atilde;,DIREITO PROCESSUAL PENAL > Acordo de Não Persecução Penal,38,REVIEW,other,DROP,,,,off-topic branch (direito processual penal),Y
9026,Vícios Formais da Sentença,"<p> Abrange as discuss&otilde;es referentes aos v&iacute;cios formais da senten&ccedil;a, como julgamento extra petita, aus&ecirc;ncia de fundamenta&ccedil;&ati",DIREITO PROCESSUAL CIVIL E DO TRABALHO > Processo e Procedimento > Vícios Formais da Sentença,38,REVIEW,other,DROP,,,,off-topic branch (direito processual civil e do ),Y
11612,Nome do Candidato - Homonímia,"Art. 12. O candidato às eleições proporcionais indicará, no pedido de registro, além de seu nome completo, as variações nominais com que deseja ser registrado, ",DIREITO ELEITORAL > Eleições > Candidatos > Nome do Candidato > Nome do Candidato - Homonímia,37,REVIEW,other,DROP,,,,"admin: homonymy resolution, routine",Y
11561,Garantia de Autoridade de Decisão do Tribunal,"<p> CF/88: &quot;Art. 102 Compete ao Supremo Tribunal Federal, precipuamente, a guarda da Constitui&ccedil;&atilde;o, cabendo-lhe: I - I - processar e julgar, o",DIREITO ELEITORAL > Administração da Justiça Eleitoral > Garantia de Autoridade de Decisão do Tribunal,37,REVIEW,other,DROP,,,,administrative / procedural,Y
10602,Condicional do processo,"<p> Nos crimes em que a pena m&iacute;nima cominada for igual ou inferior a um ano, abrangidas ou n&atilde;o por esta Lei, o Minist&eacute;rio P&uacute;blico, a",DIREITO PROCESSUAL PENAL > Ação Penal > Suspensão > Condicional do processo,35,REVIEW,other,DROP,,,,off-topic branch (direito processual penal),Y
11705,Habeas Corpus - Preventivo,"<p> Art. 5&ordm; Todos s&atilde;o iguais perante a lei, sem distin&ccedil;&atilde;o de qualquer natureza, garantindo-se aos brasileiros e aos estrangeiros resid",DIREITO PROCESSUAL PENAL > Habeas Corpus > Habeas Corpus - Preventivo,35,REVIEW,other,DROP,,,,off-topic branch (direito processual penal),Y
11620,Registro de Candidatura - Substituição de Candidato,,DIREITO ELEITORAL > Eleições > Candidatos > Registro de Candidatura > Registro de Candidatura - Substituição de Candidato,35,KEEP,registro_contestado,DROP,,,,substituicao variant: procedural,Y
15405,Desinformação sobre a Integridade do Processo Eleitoral,"<div id=""dsc_glossario_txt""> <div class=""OutlineElement Ltr SCXW259185229 BCX8"" style=""-webkit-user-drag: none; -webkit-tap-highlight-color: transparent; margin",DIREITO ELEITORAL > Eleições > Propaganda Política - Propaganda Eleitoral > Desinformação sobre a Integridade do Processo Eleitoral,33,REVIEW,other,DROP,,,,administrative / procedural,Y
11766,Partido Político - Órgão de Direção Estadual,"Art. 10. As alterações programáticas ou estatutárias, após registradas no Ofício Civil competente, devem ser encaminhadas, para o mesmo fim, ao Tribunal Superio",DIREITO ELEITORAL > Partidos Políticos > Órgão de Direção Partidária > Partido Político - Órgão de Direção Estadual,31,DROP,party_internal,DROP,,,,administrative / procedural,
11697,Contas - Desaprovação/Rejeição das Contas,"<p> Art. 30. A Justi&ccedil;a Eleitoral verificar&aacute; a regularidade das contas de campanha, decidindo: ....................................................",DIREITO ELEITORAL > Eleições > Recursos Financeiros de Campanha Eleitoral > Contas > Contas - Apresentação de Contas > Contas - Desaprovação/Rejeição das Contas,31,DROP,accounts,DROP,,,,prestacao de contas (mandatory),
12725,Regularização de Contas Eleitorais,,DIREITO ELEITORAL > Eleições > Recursos Financeiros de Campanha Eleitoral > Contas > Regularização de Contas Eleitorais,28,DROP,administrative,DROP,,,,prestacao de contas (mandatory),
14223,Impugnação - Nomeação de Escrutinadores/Auxiliares Realizada pelo Presidente da Junta,,DIREITO ELEITORAL > Eleições > Impugnação > Impugnação - Nomeação de Escrutinadores/Auxiliares Realizada pelo Presidente da Junta,28,REVIEW,other,DROP,,,,administrative impugnacao (roll / poll-worker),Y
11690,Registro de Comitê Financeiro - Eleição Proporcional,"Art. 19. Até dez dias úteis após a escolha de seus candidatos em convenção, o partido constituirá comitês financeiros, com a finalidade de arrecadar recursos e ",DIREITO ELEITORAL > Eleições > Recursos Financeiros de Campanha Eleitoral > Comitê Financeiro > Registro de Comitê Financeiro > Registro de Comitê Financeiro - Eleição Proporcional,28,REVIEW,other,DROP,,,,administrative / procedural,Y
11602,Inelegibilidade - Parentesco,"CF/88: ""Art. 14. A soberania popular será exercida pelo sufrágio universal e pelo voto direto e secreto, com valor igual para todos, e, nos termos da lei, media",DIREITO ELEITORAL > Eleições > Candidatos > Inelegibilidade > Inelegibilidade - Parentesco,27,KEEP,inelegibilidade,DROP,,,,administrative / procedural,Y
12047,Prestação de Contas - De Comitê Financeiro,,DIREITO ELEITORAL > Eleições > Prestação de Contas > Prestação de Contas - De Comitê Financeiro,27,DROP,accounts,DROP,,,,administrative / procedural,
3533,Falsidade ideológica ,"Falsidade ideológica Art. 299 - Omitir, em documento público ou particular, declaração que dele devia constar, ou nele inserir ou fazer inserir declaração falsa",DIREITO PENAL > Crimes contra a Fé Pública > Falsidade ideológica ,26,REVIEW,other,DROP,,,,falsidade ideologica generica,Y
3515,Infração de Medida Sanitária Preventiva,"Art. 268 - Infringir determinação do poder público, destinada a impedir introdução ou propagação de doença contagiosa: Pena - detenção, de um mês a um ano, e mu",DIREITO PENAL > Crimes contra a Incolumidade Pública > Infração de Medida Sanitária Preventiva,26,REVIEW,other,DROP,,,,infracao de medida sanitaria: not electoral,Y
11786,Atos executórios,"<p> Assunto a ser vinculado &agrave;s cartas precat&oacute;rias e de ordem. Pode ser vinculado, tamb&eacute;m, &agrave;s cartas rogat&oacute;rias. Pode ser vinc",DIREITO PROCESSUAL CIVIL E DO TRABALHO > Objetos de cartas precatórias cíveis/de ordem > Atos executórios,26,REVIEW,other,DROP,,,,off-topic branch (direito processual civil e do ),Y
11567,Concurso Público,"Art. 11. O concurso será de provas ou de provas e títulos, podendo ser realizado em duas etapas, conforme dispuserem a lei e o regulamento do respectivo plano d",DIREITO ELEITORAL > Administração da Justiça Eleitoral > Servidor > Concurso Público,24,REVIEW,other,DROP,,,,administrative / procedural,Y
11581,Impugnação - Inscrição Eleitoral,"Art. 45. O escrivão, o funcionário ou o preparador recebendo a fórmula e documentos determinará que o alistando date e assine a petição e em ato contínuo atesta",DIREITO ELEITORAL > Alistamento Eleitoral > Impugnação - Alistamento Eleitoral > Impugnação - Inscrição Eleitoral,23,DROP,voter_roll,DROP,,,,administrative impugnacao (roll / poll-worker),
3633,Crimes do Sistema Nacional de Armas,"Art. 12. Possuir ou manter sob sua guarda arma de fogo, acessório ou munição, de uso permitido, em desacordo com determinação legal ou regulamentar, no interior",DIREITO PENAL > Crimes Previstos na Legislação Extravagante > Crimes do Sistema Nacional de Armas,22,KEEP,crimes_eleitorais,DROP,,,,FLAG: unmatched -- review,Y
3585,Exercício arbitrário ou abuso de poder ,"Exercício arbitrário ou abuso de poder Art. 350 - Ordenar ou executar medida privativa de liberdade individual, sem as formalidades legais ou com abuso de poder",DIREITO PENAL > Crimes Contra a Administração da Justiça > Exercício arbitrário ou abuso de poder ,21,KEEP,abuso_poder,DROP,,,,administrative / procedural,Y
11751,Coligação Partidária - Majoritária e Proporcional,"Art. 6º É facultado aos partidos políticos, dentro da mesma circunscrição, celebrar coligações para eleição majoritária, proporcional, ou para ambas, podendo, n",DIREITO ELEITORAL > Partidos Políticos > Coligação Partidária > Coligação Partidária - Majoritária e Proporcional,21,REVIEW,other,DROP,,,,administrative / procedural,Y
11691,Registro de Comitê Financeiro - Único,"Art. 19. Até dez dias úteis após a escolha de seus candidatos em convenção, o partido constituirá comitês financeiros, com a finalidade de arrecadar recursos e ",DIREITO ELEITORAL > Eleições > Recursos Financeiros de Campanha Eleitoral > Comitê Financeiro > Registro de Comitê Financeiro > Registro de Comitê Financeiro - Único,21,REVIEW,other,DROP,,,,FLAG: unmatched -- review,Y
11622,Registro de Candidatura - Substituição de Candidato - Por Cassação de Registro,"Art. 64. É facultado ao partido político ou à coligação substituir candidato que for considerado inelegível, renunciar ou falecer após o termo final do prazo do",DIREITO ELEITORAL > Eleições > Candidatos > Registro de Candidatura > Registro de Candidatura - Substituição de Candidato > Registro de Candidatura - Substituição de Candidato - Por Cassação de Registro,20,KEEP,cassacao_mandato,DROP,,,,substituicao variant: procedural,Y
11696,Contas - Aprovação das Contas com Ressalvas,"<p> Art. 30. A Justi&ccedil;a Eleitoral verificar&aacute; a regularidade das contas de campanha, decidindo: ....................................................",DIREITO ELEITORAL > Eleições > Recursos Financeiros de Campanha Eleitoral > Contas > Contas - Apresentação de Contas > Contas - Aprovação > Contas - Aprovação das Contas com Ressalvas,19,DROP,accounts,DROP,,,,prestacao de contas (mandatory),
12732,Suspensão Condicional de Processo,<p> Assunto a ser utilizado para a fiscaliza&ccedil;&atilde;o do cumprimento da suspens&atilde;o condicional do processo. Art. 89. Nos crimes em que a pena m&ia,DIREITO PROCESSUAL PENAL > Execução Penal e de Medidas Alternativas > Suspensão Condicional de Processo,19,REVIEW,other,DROP,,,,off-topic branch (direito processual penal),Y
11710,Impugnação - Sistema Eletrônico de Votação,Art. 66. Os partidos e coligações poderão fiscalizar todas as fases do processo de votação e apuração das eleições e o processamento eletrônico da totalização d,DIREITO ELEITORAL > Eleições > Garantias Eleitorais > Impugnação > Impugnação - Sistema Eletrônico de Votação,18,REVIEW,other,DROP,,,,administrative / procedural,Y
11742,Exceção - De Impedimento,"Art. 134. É defeso ao juiz exercer as suas funções no processo contencioso ou voluntário: I - de que for parte; II - em que interveio como mandatário da parte, ",DIREITO ELEITORAL > Garantias Processuais > Exceção > Exceção - De Impedimento,18,REVIEW,other,DROP,,,,procedural (cautelar / excecao),Y
12347,Perturbação do trabalho ou do sossego alheios,"<p> <span style=""color: rgb(74, 95, 140); font-family: Verdana, Arial, Helvetica, sans-serif; font-size: 11px;"">Art. 42. Perturbar algu&eacute;m o trabalho ou o",DIREITO PENAL > Contravenções Penais > Perturbação do trabalho ou do sossego alheios,17,REVIEW,other,DROP,,,,FLAG: unmatched -- review,Y
11624,Registro de Candidatura - Substituição de Candidato - Por Falecimento,"Art. 13. É facultado ao partido ou coligação substituir candidato que for considerado inelegível, renunciar ou falecer após o termo final do prazo do registro o",DIREITO ELEITORAL > Eleições > Candidatos > Registro de Candidatura > Registro de Candidatura - Substituição de Candidato > Registro de Candidatura - Substituição de Candidato - Por Falecimento,17,KEEP,registro_contestado,DROP,,,,substituicao variant: procedural,Y
3386,Leve,"<p> Art. 129. Ofender a integridade corporal ou a sa&uacute;de de outrem: Pena - deten&ccedil;&atilde;o, de tr&ecirc;s meses a um ano.</p>",DIREITO PENAL > Lesão Corporal > Leve,16,REVIEW,other,DROP,,,,lesao leve: generic crime,Y
10880,Cumprimento Provisório de Sentença,"<p> Abrange todas as discuss&otilde;es referentes&nbsp; a o cumprimento provis&oacute;rio de senten&ccedil;a.</p> <p align=""justify"" class=""Artigo"" style=""color",DIREITO PROCESSUAL CIVIL E DO TRABALHO > Liquidação / Cumprimento / Execução > Cumprimento Provisório de Sentença,15,REVIEW,other,DROP,,,,off-topic branch (direito processual civil e do ),Y
11784,Oitiva,"<p> Assunto a ser vinculado &agrave;s cartas precat&oacute;rias e de ordem. Pode ser vinculado, tamb&eacute;m, &agrave;s cartas rogat&oacute;rias. Pode ser vinc",DIREITO PROCESSUAL CIVIL E DO TRABALHO > Objetos de cartas precatórias cíveis/de ordem > Oitiva,15,REVIEW,other,DROP,,,,off-topic branch (direito processual civil e do ),Y
11454,Desatendimento à Requisição de Veículo ou Embarcação  ,"Art. 2º - Se a utilização de veículos pertencentes às entidades previstas no Art. 1º não for suficiente para atender ao disposto nesta Lei, a Justiça Eleitoral ",DIREITO ELEITORAL > Crimes Eleitorais > Crimes contra o Serviço da Justiça Eleitoral > Desatendimento à Requisição de Veículo ou Embarcação  ,15,REVIEW,other,DROP,,,,administrative / procedural,Y
11763,Incorporação de Partidos Políticos,"Art. 29. Por decisão de seus órgãos nacionais de deliberação, dois ou mais partidos poderão fundir-se num só ou incorporar-se um ao outro. .....................",DIREITO ELEITORAL > Partidos Políticos > Incorporação de Partidos Políticos,15,REVIEW,other,DROP,,,,administrative / procedural,Y
11704,Habeas Corpus - Liberatório,"<p> Art. 5&ordm; Todos s&atilde;o iguais perante a lei, sem distin&ccedil;&atilde;o de qualquer natureza, garantindo-se aos brasileiros e aos estrangeiros resid",DIREITO PROCESSUAL PENAL > Habeas Corpus > Habeas Corpus - Liberatório,15,REVIEW,other,DROP,,,,off-topic branch (direito processual penal),Y
15089,Partido Político - Órgão de Direção Zonal,"<p> Art. 10. As altera&ccedil;&otilde;es program&aacute;ticas ou estatut&aacute;rias, ap&oacute;s registradas no Of&iacute;cio Civil competente, devem ser encam",DIREITO ELEITORAL > Partidos Políticos > Órgão de Direção Partidária > Partido Político - Órgão de Direção Zonal,14,DROP,party_internal,DROP,,,,administrative / procedural,
12640,Arquivamento de Procedimento Investigatório Criminal - PIC-MP,<p> Assunto usado tanto para se solicitar o arquivamento quanto para question&aacute;-lo.</p>,DIREITO PROCESSUAL PENAL > Investigação Penal > Arquivamento de Procedimento Investigatório Criminal - PIC-MP,13,REVIEW,other,DROP,,,,off-topic branch (direito processual penal),Y
11435,Contagem de Votos de Eleitores em Relação aos quais Houve Impugnação,Art. 318. Efetuar a mesa receptora a contagem dos votos da urna quando qualquer eleitor houver votado sob impugnação (art. 190): Pena - detenção até um mês ou p,DIREITO ELEITORAL > Crimes Eleitorais > Crimes contra a Organização Administrativa da Justiça Eleitoral > Contagem de Votos de Eleitores em Relação aos quais Houve Impugnação,13,REVIEW,other,DROP,,,,administrative impugnacao (roll / poll-worker),Y
12050,Impugnação - Identidade de Eleitor Admitido a Votar,,DIREITO ELEITORAL > Eleições > Impugnação > Impugnação - Identidade de Eleitor Admitido a Votar,12,REVIEW,other,DROP,,,,FLAG: unmatched -- review,Y
10630,Transação,"<p> <small><font face=""Arial"">&nbsp;Art. 76. Havendo representa&ccedil;&atilde;o ou tratando-se de crime de a&ccedil;&atilde;o penal p&uacute;blica incondiciona",DIREITO PROCESSUAL PENAL > Ação Penal > Transação,12,REVIEW,other,DROP,,,,off-topic branch (direito processual penal),Y
14225,Apuração de indícios de irregularidades informados pela Administração Pública,,DIREITO ELEITORAL > Eleições > Recursos Financeiros de Campanha Eleitoral > Apuração de indícios de irregularidades informados pela Administração Pública,12,DROP,procedural,DROP,,,,FLAG: unmatched -- review,
3532,Falsificação de documento particular ,"Falsificação de documento particular Art. 298 - Falsificar, no todo ou em parte, documento particular ou alterar documento particular verdadeiro: Pena - reclusã",DIREITO PENAL > Crimes contra a Fé Pública > Falsificação de documento particular ,12,REVIEW,other,DROP,,,,falsificacao de documento particular: generic,Y
12417,Tutela de Evidência,"<p align=""justify"" class=""Artigo"" style=""color: rgb(0, 0, 0); font-family: Arial; font-size: small; text-indent: 35px;""> Art. 294. &nbsp;A tutela provis&oacute;",DIREITO PROCESSUAL CIVIL E DO TRABALHO > Tutela Provisória > Tutela de Evidência,12,REVIEW,other,DROP,,,,off-topic branch (direito processual civil e do ),Y
11715,Quociente Eleitoral/Partidário,"Art. 106. Determina-se o quociente eleitoral dividindo-se o número de votos válidos apurados pelo de lugares a preencher em cada circunscrição eleitoral, despre",DIREITO ELEITORAL > Eleições > Resultados > Quociente Eleitoral/Partidário,11,REVIEW,other,DROP,,,,administrative / procedural,Y
12965,Conflito de Competência ,<p> Envolve discuss&otilde;es sobre fixa&ccedil;&atilde;o ou altera&ccedil;&atilde;o de compet&ecirc;ncia em raz&atilde;o de prerrogativa de fun&ccedil;&atilde;,DIREITO PROCESSUAL CIVIL E DO TRABALHO > Jurisdição e Competência > Conflito de Competência ,11,REVIEW,other,DROP,,,,off-topic branch (direito processual civil e do ),Y
7929,Prisão em flagrante,<p> CPP Art. 301. Qualquer do povo poder&aacute; e as autoridades policiais e seus agentes dever&atilde;o prender quem quer que seja encontrado em flagrante del,DIREITO PROCESSUAL PENAL > Prisão em flagrante,11,REVIEW,other,DROP,,,,off-topic branch (direito processual penal),Y
11626,Registro de Candidatura - Substituição de Candidato - Por Ineligibilidade,"Art. 13. É facultado ao partido ou coligação substituir candidato que for considerado inelegível, renunciar ou falecer após o termo final do prazo do registro o",DIREITO ELEITORAL > Eleições > Candidatos > Registro de Candidatura > Registro de Candidatura - Substituição de Candidato > Registro de Candidatura - Substituição de Candidato - Por Ineligibilidade,10,KEEP,registro_contestado,DROP,,,,substituicao variant: procedural,Y
10609,Quebra do Sigilo Telefônico,"<p> A intercepta&ccedil;&atilde;o de comunica&ccedil;&otilde;es telef&ocirc;nicas, de qualquer natureza, para prova em investiga&ccedil;&atilde;o criminal e em ",DIREITO PROCESSUAL PENAL > Investigação Penal > Quebra do Sigilo Telefônico,10,REVIEW,other,DROP,,,,off-topic branch (direito processual penal),Y
12054,Impugnação - Sistema Eletrônico de Votação,,DIREITO ELEITORAL > Eleições > Impugnação > Impugnação - Sistema Eletrônico de Votação,10,REVIEW,other,DROP,,,,FLAG: unmatched -- review,Y
3531,Falsificação de documento público,"Art. 297 - Falsificar, no todo ou em parte, documento público, ou alterar documento público verdadeiro: Pena - reclusão, de dois a seis anos, e multa. § 1º - Se",DIREITO PENAL > Crimes contra a Fé Pública > Falsificação de documento público,10,REVIEW,other,DROP,,,,falsificacao de documento publico: generic,Y
11570,Requisição de Servidor,"Art . 1º - O afastamento de servidores públicos da União, dos Estados, do Distrito Federal, dos Territórios, dos Municípios e das autarquias, para prestar servi",DIREITO ELEITORAL > Administração da Justiça Eleitoral > Servidor > Requisição > Requisição de Servidor,9,REVIEW,other,DROP,,,,administrative / procedural,Y
11724,Diplomação,"Ato pelo qual a Justiça Eleitoral atesta quem são, efetivamente, os eleitos e os suplentes com a entrega do diploma devidamente assinado. Prescreve, ainda,o art",DIREITO ELEITORAL > Diplomação,9,KEEP,cassacao_mandato,DROP,,,,administrative / procedural,Y
12563,Alistamento Eleitoral - Estrangeiro,,DIREITO ELEITORAL > Alistamento Eleitoral > Alistamento Eleitoral - Estrangeiro,9,DROP,voter_roll,DROP,,,,administrative / procedural,
12045,Prestação de Contas,,DIREITO ELEITORAL > Eleições > Prestação de Contas,9,DROP,accounts,DROP,,,,administrative / procedural,
3542,Falsa identidade ,"Art. 307 - Atribuir-se ou atribuir a terceiro falsa identidade para obter vantagem, em proveito próprio ou alheio, ou para causar dano a outrem: Pena - detenção",DIREITO PENAL > Crimes contra a Fé Pública > Falsa identidade ,9,REVIEW,other,DROP,,,,FLAG: unmatched -- review,Y
12049,Impugnação,,DIREITO ELEITORAL > Eleições > Impugnação,8,REVIEW,other,DROP,,,,FLAG: unmatched -- review,Y
10608,Quebra do Sigilo Fiscal,"<p> A quebra do sigilo banc&aacute;rio e fiscal decorre e visa instruir procedimento investigat&oacute;rio civil, tribut&aacute;rio ou policial j&aacute; em and",DIREITO PROCESSUAL PENAL > Investigação Penal > Quebra do Sigilo Fiscal,8,REVIEW,other,DROP,,,,off-topic branch (direito processual penal),Y
11498,Retenção de Título Eleitoral ou do Comprovante de Alistamento Eleitoral,Art. 295. Reter título eleitoral contra a vontade do eleitor: Pena - Detenção até dois meses ou pagamento de 30 a 60 dias-multa.,DIREITO ELEITORAL > Crimes Eleitorais > Crimes contra o Sigilo ou o Exercício do Voto > Retenção de Título Eleitoral ou do Comprovante de Alistamento Eleitoral,8,DROP,voter_roll,DROP,,,,administrative / procedural,
3548,Peculato,"Peculato Art. 312 - Apropriar-se o funcionário público de dinheiro, valor ou qualquer outro bem móvel, público ou particular, de que tem a posse em razão do car",DIREITO PENAL > Crimes Praticados por Funcionários Públicos Contra a Administração em Geral > Peculato,8,REVIEW,other,DROP,,,,peculato: generic crime,Y
11643,Eleições - 2° Turno,"Art. 2º Será considerado eleito o candidato a Presidente ou a Governador que obtiver a maioria absoluta de votos, não computados os em branco e os nulos. § 1º S",DIREITO ELEITORAL > Eleições > Eleições - 2° Turno,8,REVIEW,other,DROP,,,,administrative / procedural,Y
11615,Registro de Candidatura,,DIREITO ELEITORAL > Eleições > Candidatos > Registro de Candidatura,7,DROP,routine_registration,DROP,,,,FLAG: unmatched -- review,
11761,Perda de Cargo Eletivo por Desfiliação Partidária,"Art. 1º - O partido político interessado pode pedir, perante a Justiça Eleitoral, a decretação da perda de cargo eletivo em decorrência de desfiliação partidári",DIREITO ELEITORAL > Partidos Políticos > Filiação/Desfiliação > Desfiliação Partidária > Perda de Cargo Eletivo por Desfiliação Partidária,7,DROP,party_internal,DROP,,,,administrative / procedural,
11726,Direitos Políticos - Perda dos Direitos Políticos,"Art. 15. É vedada a cassação de direitos políticos, cuja perda ou suspensão só se dará nos casos de: I - cancelamento da naturalização por sentença transitada e",DIREITO ELEITORAL > Direitos Políticos > Direitos Políticos - Perda dos Direitos Políticos,7,REVIEW,other,DROP,,,,administrative / procedural,Y
11637,Cargo - Senador,"CE: ""Art. 85. A eleição para deputados federais, senadores e suplentes, presidente e vice-presidente da República, governadores, vice-governadores e deputados e",DIREITO ELEITORAL > Eleições > Cargos > Cargo - Senador,7,DROP,cargo_tag,DROP,,,,administrative / procedural,
14220,Contas-  Simplificada,,DIREITO ELEITORAL > Eleições > Recursos Financeiros de Campanha Eleitoral > Contas > Contas - Apresentação de Contas > Contas-  Simplificada,7,DROP,accounts,DROP,,,,prestacao de contas (mandatory),
11447,Não-Apresentação de Denúncia ou Não Execução de Sentença Penal Condenatória no Prazo Legal  ,"Art. 342. Não apresentar o órgão do Ministério Público, no prazo legal, denúncia ou deixar de promover a execução de sentença condenatória: Pena - detenção até ",DIREITO ELEITORAL > Crimes Eleitorais > Crimes contra o Serviço da Justiça Eleitoral > Não-Apresentação de Denúncia ou Não Execução de Sentença Penal Condenatória no Prazo Legal  ,7,REVIEW,other,DROP,,,,administrative / procedural,Y
3401,Constrangimento ilegal ,"Constrangimento ilegal Art. 146 - Constranger alguém, mediante violência ou grave ameaça, ou depois de lhe haver reduzido, por qualquer outro meio, a capacidade",DIREITO PENAL > Crimes contra a liberdade pessoal > Constrangimento ilegal ,7,REVIEW,other,DROP,,,,administrative / procedural,Y
3426,Dano,"Dano Art. 163 - Destruir, inutilizar ou deteriorar coisa alheia: Pena - detenção, de um a seis meses, ou multa. Dano qualificado Parágrafo único - Se o crime é ",DIREITO PENAL > Crimes contra o Patrimônio > Dano,7,REVIEW,other,DROP,,,,FLAG: unmatched -- review,Y
11442,Perturbação ou Impedimento de Alistamento,Art. 293. Perturbar ou impedir de qualquer forma o alistamento: Pena - Detenção de 15 dias a seis meses ou pagamento de 30 a 60 dias-multa.,DIREITO ELEITORAL > Crimes Eleitorais > Crimes contra o Serviço da Justiça Eleitoral > Perturbação ou Impedimento de Alistamento,6,DROP,voter_roll,DROP,,,,administrative / procedural,
10614,Abolitio Criminis,é uma forma de tornar atípica penalmente uma conduta até então proibida pela lei penal- gera como consequência a cessação imediata da execução e dos efeitos pen,DIREITO PENAL > Parte Geral > Tipicidade > Abolitio Criminis,6,REVIEW,other,DROP,,,,administrative / procedural,Y
11707,Impugnação - Identidade de Eleitor Admitido a Votar,"Art. 147. O presidente da mesa dispensará especial atenção à identidade de cada eleitor admitido a votar Existindo dúvida a respeito, deverá exigir-lhe a exibiç",DIREITO ELEITORAL > Eleições > Garantias Eleitorais > Impugnação > Impugnação - Identidade de Eleitor Admitido a Votar,6,REVIEW,other,DROP,,,,FLAG: unmatched -- review,Y
10840,Homicídio,,DIREITO PENAL > Crimes Previstos na Legislação Extravagante > Crimes Militares > Homicídio,6,REVIEW,other,DROP,,,,FLAG: unmatched -- review,Y
9518,Efeito Suspensivo / Impugnação / Embargos à Execução,"<p align=""justify"" class=""Artigo"" style=""color: rgb(0, 0, 0); font-family: Arial; font-size: small; text-indent: 35px;""> Art. 525. &nbsp;Transcorrido o prazo pr",DIREITO PROCESSUAL CIVIL E DO TRABALHO > Liquidação / Cumprimento / Execução > Efeito Suspensivo / Impugnação / Embargos à Execução,6,REVIEW,other,DROP,,,,off-topic branch (direito processual civil e do ),Y
5897,Associação para a Produção e Tráfico e Condutas Afins,"Art. 35. Associarem-se duas ou mais pessoas para o fim de praticar, reiteradamente ou não, qualquer dos crimes previstos nos arts. 33, caput e § 1o, e 34 desta ",DIREITO PENAL > Crimes Previstos na Legislação Extravagante > Crimes de Tráfico Ilícito e Uso Indevido de Drogas > Associação para a Produção e Tráfico e Condutas Afins,6,REVIEW,other,DROP,,,,FLAG: unmatched -- review,Y
11563,Afastamento de Magistrado,"Art. 72 - Sem prejuízo do vencimento, remuneração ou de qualquer direito ou vantagem legal, o magistrado poderá afastar-se de suas funções até oito dias consecu",DIREITO ELEITORAL > Administração da Justiça Eleitoral > Magistrado > Afastamento de Magistrado,6,REVIEW,other,DROP,,,,administrative / procedural,Y
3406,Violação de domicílio ,"Art. 150 - Entrar ou permanecer, clandestina ou astuciosamente, ou contra a vontade expressa ou tácita de quem de direito, em casa alheia ou em suas dependência",DIREITO PENAL > Crimes contra a inviolabilidade de domicílio > Violação de domicílio ,6,REVIEW,other,DROP,,,,violacao de domicilio: generic crime,Y
10838,Prevaricação,"Art. 319. Retardar ou deixar de praticar, indevidamente, ato de ofício, ou praticá-lo contra expressa disposição de lei, para satisfazer interêsse ou sentimento",DIREITO PENAL > Crimes Previstos na Legislação Extravagante > Crimes Militares > Prevaricação,6,REVIEW,other,DROP,,,,FLAG: unmatched -- review,Y
3606,Crimes de Abuso de Autoridade (Lei 4.898/1965),<p> Processos relativos aos crimes de abuso de autoridade cometidos por autoridades p&uacute;blicas at&eacute; o dia 3 de janeiro de 2020. Para crimes de abuso ,DIREITO PENAL > Crimes Previstos na Legislação Extravagante > Crimes de Abuso de Autoridade (Lei 4.898/1965),5,KEEP,abuso_poder,DROP,,,,FLAG: unmatched -- review,Y
10952,Fato Atípico,"<p> Para registro das hip&oacute;teses (morte acidental, suic&iacute;dio etc.) em que s&atilde;o instaurados inqu&eacute;ritos mas n&atilde;o h&aacute; indiciam",DIREITO PENAL > Fato Atípico,5,REVIEW,other,DROP,,,,FLAG: unmatched -- review,Y
12340,Provocação de tumulto ou conduta inconveniente,"<p> <span style=""color: rgb(74, 95, 140); font-family: Verdana, Arial, Helvetica, sans-serif; font-size: 11px;"">&nbsp;Provocar tumulto ou portar-se de modo inco",DIREITO PENAL > Contravenções Penais > Provocação de tumulto ou conduta inconveniente,5,REVIEW,other,DROP,,,,FLAG: unmatched -- review,Y
10991,Corrupção Praticada por Prefeitos e Vereadores,"Art. 1º São crimes de responsabilidade dos Prefeitos Municipal, sujeitos ao julgamento do Poder Judiciário, independentemente do pronunciamento da Câmara dos Ve",DIREITO PENAL > Crimes Contra as Finanças Públicas > Corrupção Praticada por Prefeitos e Vereadores,5,REVIEW,other,DROP,,,,FLAG: unmatched -- review,Y
3391,Abandono de incapaz,"Abandono de incapaz Art. 133 - Abandonar pessoa que está sob seu cuidado, guarda, vigilância ou autoridade, e, por qualquer motivo, incapaz de defender-se dos r",DIREITO PENAL > Periclitação da Vida e da Saúde > Abandono de incapaz,5,REVIEW,other,DROP,,,,FLAG: unmatched -- review,Y
3503,Atentado contra a segurança de serviços de utilidade pública ,"Atentado contra a segurança de serviço de utilidade pública Art. 265 - Atentar contra a segurança ou o funcionamento de serviço de água, luz, força ou calor, ou",DIREITO PENAL > Crimes contra a Incolumidade Pública > Atentado contra a segurança de serviços de utilidade pública ,5,REVIEW,other,DROP,,,,FLAG: unmatched -- review,Y
3370,Homicídio Simples,"Art 121. Matar alguem: Pena - reclusão, de seis a vinte anos",DIREITO PENAL > Crimes contra a vida > Homicídio Simples,5,REVIEW,other,DROP,,,,FLAG: unmatched -- review,Y
5556,Grave,<p> Art. 129. Ofender a integridade corporal ou a sa&uacute;de de outrem:&nbsp;</p> <p> &sect; 1&ordm; Se resulta:</p> <p> &nbsp;&nbsp;&nbsp;&nbsp;&nbsp;&nbsp;&,DIREITO PENAL > Lesão Corporal > Grave,5,REVIEW,other,DROP,,,,FLAG: unmatched -- review,Y
11623,Registro de Candidatura - Substituição de Candidato - Por Expulsão Partidária,"Art. 13. É facultado ao partido ou coligação substituir candidato que for considerado inelegível, renunciar ou falecer após o termo final do prazo do registro o",DIREITO ELEITORAL > Eleições > Candidatos > Registro de Candidatura > Registro de Candidatura - Substituição de Candidato > Registro de Candidatura - Substituição de Candidato - Por Expulsão Partidária,5,KEEP,registro_contestado,DROP,,,,substituicao variant: procedural,Y
3577,Comunicação falsa de crime ou de contravenção ,"Comunicação falsa de crime ou de contravenção Art. 340 - Provocar a ação de autoridade, comunicando-lhe a ocorrência de crime ou de contravenção que sabe não se",DIREITO PENAL > Crimes Contra a Administração da Justiça > Comunicação falsa de crime ou de contravenção ,5,KEEP,crimes_eleitorais,DROP,,,,FLAG: unmatched -- review,Y
10607,Quebra do Sigilo Bancário,"<p> A quebra do sigilo banc&aacute;rio e fiscal decorre e visa instruir procedimento investigat&oacute;rio civil, tribut&aacute;rio ou policial j&aacute; em and",DIREITO PROCESSUAL PENAL > Investigação Penal > Quebra do Sigilo Bancário,5,REVIEW,other,DROP,,,,off-topic branch (direito processual penal),Y
15037,Alvará de Soltura,<p> Assunto a ser vinculado &agrave;s cartas precat&oacute;rias criminais cujo objeto seja alvar&aacute; soltura.</p> <p> &nbsp;</p>,DIREITO PROCESSUAL PENAL > Objetos de Cartas Precatórias Criminais > Alvará de Soltura,4,REVIEW,other,DROP,,,,off-topic branch (direito processual penal),Y
11768,Partido Político - Órgão de Direção Nacional,"Art. 10. As alterações programáticas ou estatutárias, após registradas no Ofício Civil competente, devem ser encaminhadas, para o mesmo fim, ao Tribunal Superio",DIREITO ELEITORAL > Partidos Políticos > Órgão de Direção Partidária > Partido Político - Órgão de Direção Nacional,4,DROP,party_internal,DROP,,,,administrative / procedural,
3536,Falsidade material de atestado ou certidão ,"Certidão ou atestado ideologicamente falso Art. 301 - Atestar ou certificar falsamente, em razão de função pública, fato ou circunstância que habilite alguém a ",DIREITO PENAL > Crimes contra a Fé Pública > Falsidade material de atestado ou certidão ,4,REVIEW,other,DROP,,,,falsidade material de atestado/certidao: generic,Y
11644,Eleições - Anulação de Eleições,"Art. 224. Se a nulidade atingir a mais de metade dos votos do país nas eleições presidenciais, do Estado nas eleições federais e estaduais ou do município nas e",DIREITO ELEITORAL > Eleições > Eleições - Anulação de Eleições,4,REVIEW,other,DROP,,,,administrative / procedural,Y
11629,Cargo - Deputado Distrital,"Art 1º As eleições para Presidente e Vice-Presidente da República, Governador e Vice-Governador de Estado e do Distrito Federal, Prefeito e Vice-Prefeito, Senad",DIREITO ELEITORAL > Eleições > Cargos > Cargo - Deputado Distrital,4,DROP,cargo_tag,DROP,,,,administrative / procedural,
10843,Difamação,"Art. 215. Difamar alguém, imputando-lhe fato ofensivo à sua reputação: Pena - detenção, de três meses a um ano. Parágrafo único. A exceção da verdade sòmente se",DIREITO PENAL > Crimes Previstos na Legislação Extravagante > Crimes Militares > Difamação,4,KEEP,direito_resposta_honra,DROP,,,,procedural (cautelar / excecao),Y
11569,Requisição,,DIREITO ELEITORAL > Administração da Justiça Eleitoral > Servidor > Requisição,4,REVIEW,other,DROP,,,,administrative / procedural,Y
10632,Prisão Temporária,"<p> Art. 2.&ordm; A pris&atilde;o tempor&aacute;ria ser&aacute; decretada pelo Juiz, em face da representa&ccedil;&atilde;o da autoridade policial ou de requeri",DIREITO PROCESSUAL PENAL > Prisão Temporária,4,REVIEW,other,DROP,,,,off-topic branch (direito processual penal),Y
11764,Órgão de Direção Partidária,,DIREITO ELEITORAL > Partidos Políticos > Órgão de Direção Partidária,4,DROP,party_internal,DROP,,,,administrative / procedural,
12334,"Promoção, constituição, financiamento ou integração de Organização Criminosa","<p class=""Artigo"" style=""color: rgb(0, 0, 0); font-family: Arial; font-size: small; text-align: justify; text-indent: 35px; margin-left: 0cm; margin-right: 0cm;","DIREITO PENAL > Crimes previstos na Lei da Organização Criminosa > Promoção, constituição, financiamento ou integração de Organização Criminosa",4,REVIEW,other,DROP,,,,FLAG: unmatched -- review,Y
3579,Falso testemunho ou falsa perícia ,"o art. 343 do CP, apesar de estar dentro do mesmo enunciado do art. 342 (Falso testemunho ou falsa perícia), tipifica, na verdade, a corrupção ativa de testemun",DIREITO PENAL > Crimes Contra a Administração da Justiça > Falso testemunho ou falsa perícia ,4,REVIEW,other,DROP,,,,FLAG: unmatched -- review,Y
3621,Poluição,"<p> Art. 54. Causar polui&ccedil;&atilde;o de qualquer natureza em n&iacute;veis tais que resultem ou possam resultar em danos &agrave; sa&uacute;de humana, ou ",DIREITO PENAL > Crimes Previstos na Legislação Extravagante > Crimes contra o Meio Ambiente e o Patrimônio Genético > Poluição,4,REVIEW,other,DROP,,,,poluicao: generic environmental crime,Y
5911,Perigo de Contágio Venéreo,"Art. 130 - Expor alguém, por meio de relações sexuais ou qualquer ato libidinoso, a contágio de moléstia venérea, de que sabe ou deve saber que está contaminado",DIREITO PENAL > Periclitação da Vida e da Saúde > Perigo de Contágio Venéreo,4,REVIEW,other,DROP,,,,FLAG: unmatched -- review,Y
3561,Abandono de função ,"Abandono de função Art. 323 - Abandonar cargo público, fora dos casos permitidos em lei: Pena - detenção, de quinze dias a um mês, ou multa. § 1º - Se do fato r",DIREITO PENAL > Crimes Praticados por Funcionários Públicos Contra a Administração em Geral > Abandono de função ,4,REVIEW,other,DROP,,,,FLAG: unmatched -- review,Y
10913,Indisponibilidade / Seqüestro de Bens,"<p> Discuss&otilde;es sobre a validade e cabimento de medida judicial de indisponibilidade ou seq&uuml;estro de bens, determinada no curso de a&ccedil;&atilde;o",DIREITO PROCESSUAL PENAL > Medidas Assecuratórias > Indisponibilidade / Seqüestro de Bens,3,REVIEW,other,DROP,,,,off-topic branch (direito processual penal),Y
14698,Dano Qualificado contra a Administração Pública,"<p> <span style=""color: rgb(0, 51, 102); font-family: Arial, Helvetica, sans-serif; background-color: rgb(243, 247, 248);"">Art. 163. - Destruir, inutilizar ou d",DIREITO PENAL > Crimes contra o Patrimônio > Dano Qualificado contra a Administração Pública,3,REVIEW,other,DROP,,,,FLAG: unmatched -- review,Y
14936,Inelegibilidade - Perda de Mandato,"<p style=""color: rgb(0, 0, 0); font-family: &quot;Times New Roman&quot;; font-size: medium; text-align: justify;""> <small><font face=""Arial"">&nbsp; &nbsp;Art. 1",DIREITO ELEITORAL > Eleições > Candidatos > Inelegibilidade > Inelegibilidade - Perda de Mandato,3,KEEP,inelegibilidade,DROP,,,,administrative / procedural,Y
4355,Prisão Preventiva,"<p> CPP Art. 311. Em qualquer fase do inqu&eacute;rito policial ou da instru&ccedil;&atilde;o criminal, caber&aacute; a pris&atilde;o preventiva decretada pelo ",DIREITO PROCESSUAL PENAL > Prisão Preventiva,3,REVIEW,other,DROP,,,,off-topic branch (direito processual penal),Y
5876,Corrupção Ativa em Transação Comercial Internacional,"Art. 337-B. Prometer, oferecer ou dar, direta ou indiretamente, vantagem indevida a funcionário público estrangeiro, ou a terceira pessoa, para determiná-lo a p",DIREITO PENAL > Crimes Praticados por Particular Contra a Administração Pública Estrangeira > Corrupção Ativa em Transação Comercial Internacional,3,REVIEW,other,DROP,,,,FLAG: unmatched -- review,Y
5862,Fabrico / Fornecimento / Aquisição / Posse ou Transporte de Explosivos ou Gás Tóxico ou Asfixiante,"Art. 253 - Fabricar, fornecer, adquirir, possuir ou transportar, sem licença da autoridade, substância ou engenho explosivo, gás tóxico ou asfixiante, ou materi",DIREITO PENAL > Crimes contra a Incolumidade Pública > Fabrico / Fornecimento / Aquisição / Posse ou Transporte de Explosivos ou Gás Tóxico ou Asfixiante,3,REVIEW,other,DROP,,,,FLAG: unmatched -- review,Y
7792,Pena de Multa,"<p> A pena de multa consiste no pagamento ao fundo penitenci&aacute;rio da quantia fixada na senten&ccedil;a e calculada em dias-multa. Ser&aacute;, no m&iacute",DIREITO PROCESSUAL PENAL > Execução Penal e de Medidas Alternativas > Pena de Multa,3,REVIEW,other,DROP,,,,off-topic branch (direito processual penal),Y
10796,Transporte em dia de eleição,,DIREITO ELEITORAL E PROCESSO ELEITORAL DO STF > Eleição > Pleito > Transporte em dia de eleição,3,REVIEW,other,DROP,,,,FLAG: unmatched -- review,Y
14689,Constituição de Milícia Privada,"<p class=""texto1"" style=""color: rgb(0, 0, 0); font-family: Arial; font-size: small; text-indent: 38px; margin-top: 20px; margin-bottom: 20px;""> <span style=""fon",DIREITO PENAL > Crimes contra a Paz Pública > Constituição de Milícia Privada,3,REVIEW,other,DROP,,,,FLAG: unmatched -- review,Y
11568,Remoção de Servidor,"Art. 36. Remoção é o deslocamento do servidor, a pedido ou de ofício, no âmbito do mesmo quadro, com ou sem mudança de sede. Parágrafo único. Para fins do dispo",DIREITO ELEITORAL > Administração da Justiça Eleitoral > Servidor > Remoção de Servidor,3,REVIEW,other,DROP,,,,administrative / procedural,Y
12594,Inviabilidade do Exercício dos Direitos e Liberdades Constitucionais,,DIREITO ELEITORAL > Eleições > Garantias Eleitorais > Inviabilidade do Exercício dos Direitos e Liberdades Constitucionais,3,REVIEW,other,DROP,,,,FLAG: unmatched -- review,Y
3420,Extorsão ,"Extorsão Art. 158 - Constranger alguém, mediante violência ou grave ameaça, e com o intuito de obter para si ou para outrem indevida vantagem econômica, a fazer",DIREITO PENAL > Crimes contra o Patrimônio > Extorsão ,3,REVIEW,other,DROP,,,,FLAG: unmatched -- review,Y
14224,Requerimento de justificativa por ausência ou abandono dos trabalhos eleitorais,,DIREITO ELEITORAL > Requerimento de justificativa por ausência ou abandono dos trabalhos eleitorais,3,DROP,administrative,DROP,,,,administrative / procedural,
3431,Estelionato,"<p> Assunto a ser utilizado quando o crime imputado &eacute; o estelionato ordin&aacute;rio de que trata o C&oacute;digo Penal, art. 171, ou seja, o estelionato",DIREITO PENAL > Crimes contra o Patrimônio > Estelionato,3,REVIEW,other,DROP,,,,FLAG: unmatched -- review,Y
3433,Outras fraudes,"Art. 176 - Tomar refeição em restaurante, alojar-se em hotel ou utilizar-se de meio de transporte sem dispor de recursos para efetuar o pagamento: Pena - detenç",DIREITO PENAL > Crimes contra o Patrimônio > Outras fraudes,3,REVIEW,other,DROP,,,,"outras fraudes: generic, no electoral marker",Y
12364,Debate Eleitoral,,DIREITO ELEITORAL > Eleições > Debate Eleitoral,3,REVIEW,other,DROP,,,,FLAG: unmatched -- review,Y
10654,Competência da Justiça Estadual,"<p style=""color: rgb(0, 0, 0); font-family: Arial, sans-serif; font-size: x-small; text-align: justify; text-indent: 24px;""> A compet&ecirc;ncia da Justi&ccedil",DIREITO PROCESSUAL CIVIL E DO TRABALHO > Jurisdição e Competência > Competência  > Competência da Justiça Estadual,3,REVIEW,other,DROP,,,,off-topic branch (direito processual civil e do ),Y
12413,Nulidade - Execução Instaurada Antes de Condição ou Termo,"<p> Assunto geralmente complementar a ser cadastrado ap&oacute;s o assunto principal.&nbsp;</p> <p> &nbsp;</p> <p> <span style=""color: rgb(0, 0, 0); font-family",DIREITO PROCESSUAL CIVIL E DO TRABALHO > Atos Processuais > Nulidade > Nulidade - Execução Instaurada Antes de Condição ou Termo,3,REVIEW,other,DROP,,,,off-topic branch (direito processual civil e do ),Y
3418,Furto de coisa comum ,"Furto de coisa comum Art. 156 - Subtrair o condômino, co-herdeiro ou sócio, para si ou para outrem, a quem legitimamente a detém, a coisa comum: Pena - detenção",DIREITO PENAL > Crimes contra o Patrimônio > Furto de coisa comum ,3,REVIEW,other,DROP,,,,FLAG: unmatched -- review,Y
3565,Usurpação de função pública ,"Usurpação de função pública Art. 328 - Usurpar o exercício de função pública: Pena - detenção, de três meses a dois anos, e multa. Parágrafo único - Se do fato ",DIREITO PENAL > Crimes Praticados por Particular Contra a Administração em Geral > Usurpação de função pública ,3,REVIEW,other,DROP,,,,FLAG: unmatched -- review,Y
11515,Retenção de Título ou Comprovante de Alistamento Eleitoral,Art. 91. ................................................... Parágrafo único. A retenção de título eleitoral ou do comprovante de alistamento eleitoral constitu,DIREITO ELEITORAL > Crimes Eleitorais > Crimes contra o Sigilo ou o Exercício do Voto > Retenção de Título ou Comprovante de Alistamento Eleitoral,3,DROP,voter_roll,DROP,,,,administrative / procedural,
3505,Epidemia ,"Epidemia Art. 267 - Causar epidemia, mediante a propagação de germes patogênicos: Pena - reclusão, de dez a quinze anos. (Redação dada pela Lei nº 8.072, de 25.",DIREITO PENAL > Crimes contra a Incolumidade Pública > Epidemia ,3,REVIEW,other,DROP,,,,FLAG: unmatched -- review,Y
3423,Alteração de limites ,"Alteração de limites Art. 161 - Suprimir ou deslocar tapume, marco, ou qualquer outro sinal indicativo de linha divisória, para apropriar-se, no todo ou em part",DIREITO PENAL > Crimes contra o Patrimônio > Alteração de limites ,2,REVIEW,other,DROP,,,,FLAG: unmatched -- review,Y
12194,Contra a Mulher,"<p> Art. 129. Ofender a integridade corporal ou a sa&uacute;de de outrem: Pena - deten&ccedil;&atilde;o, de tr&ecirc;s meses a um ano. &sect; 9o Se a les&atilde",DIREITO PENAL > Lesão Corporal > Decorrente de Violência Doméstica > Contra a Mulher,2,REVIEW,other,DROP,,,,FLAG: unmatched -- review,Y
3410,"Violação de comunicação telegráfica, radioelétrica ou telefônica ","Violação de correspondência Art. 151 - Devassar indevidamente o conteúdo de correspondência fechada, dirigida a outrem: Pena - detenção, de um a seis meses, ou ","DIREITO PENAL > Crimes contra a inviolabilidade de correspondência > Violação de comunicação telegráfica, radioelétrica ou telefônica ",2,REVIEW,other,DROP,,,,violacao de comunicacao telegrafica: generic,Y
12345,Vias de fato,"<p> <span style=""color: rgb(74, 95, 140); font-family: Verdana, Arial, Helvetica, sans-serif; font-size: 11px;"">Art. 21. Praticar vias de fato contra algu&eacut",DIREITO PENAL > Contravenções Penais > Vias de fato,2,REVIEW,other,DROP,,,,FLAG: unmatched -- review,Y
3416,Furto ,"Furto Art. 155 - Subtrair, para si ou para outrem, coisa alheia móvel: Pena - reclusão, de um a quatro anos, e multa. § 1º - A pena aumenta-se de um terço, se o",DIREITO PENAL > Crimes contra o Patrimônio > Furto ,2,REVIEW,other,DROP,,,,furto: generic crime,Y
11641,Cargo - Vice-Presidente da República,"CE: ""Art. 85. A eleição para deputados federais, senadores e suplentes, presidente e vice-presidente da República, governadores, vice-governadores e deputados e",DIREITO ELEITORAL > Eleições > Cargos > Cargo - Vice-Presidente da República,2,DROP,cargo_tag,DROP,,,,administrative / procedural,
11571,Requisição de Servidor - Renovação de Requisição de Servidor,"Art . 2º - As requisições para os Cartórios Eleitorais deverão recair em servidor lotado na área de jurisdição do respectivo Juízo Eleitoral, salvo em casos esp",DIREITO ELEITORAL > Administração da Justiça Eleitoral > Servidor > Requisição > Requisição de Servidor - Renovação de Requisição de Servidor,2,REVIEW,other,DROP,,,,administrative / procedural,Y
11564,Designação de Juiz Eleitoral,"Art. 32. Cabe a jurisdição de cada uma das zonas eleitorais a um juiz de direito em efetivo exercício e, na falta deste, ao seu substituto legal que goze das pr",DIREITO ELEITORAL > Administração da Justiça Eleitoral > Magistrado > Designação de Juiz Eleitoral,2,REVIEW,other,DROP,,,,administrative / procedural,Y
11630,Cargo - Deputado Estadual,"CE: ""Art. 85. A eleição para deputados federais, senadores e suplentes, presidente e vice-presidente da República, governadores, vice-governadores e deputados e",DIREITO ELEITORAL > Eleições > Cargos > Cargo - Deputado Estadual,2,DROP,cargo_tag,DROP,,,,administrative / procedural,
14685,Associação Criminosa,"<p class=""Artigo"" style=""color: rgb(0, 0, 0); font-family: Arial; font-size: small;""> Art. 288. &nbsp;Associarem-se 3 (tr&ecirc;s) ou mais pessoas, para o fim e",DIREITO PENAL > Crimes contra a Paz Pública > Associação Criminosa,2,REVIEW,other,DROP,,,,FLAG: unmatched -- review,Y
3535,Certidão ou atestado ideologicamente falso ,"Certidão ou atestado ideologicamente falso Art. 301 - Atestar ou certificar falsamente, em razão de função pública, fato ou circunstância que habilite alguém a ",DIREITO PENAL > Crimes contra a Fé Pública > Certidão ou atestado ideologicamente falso ,2,REVIEW,other,DROP,,,,FLAG: unmatched -- review,Y
12354,Perturbação da tranquilidade,"<p> <span style=""color: rgb(74, 95, 140); font-family: Verdana, Arial, Helvetica, sans-serif; font-size: 11px;"">Art. 65. Molestar algu&eacute;m ou perturbar-lhe",DIREITO PENAL > Contravenções Penais > Perturbação da tranquilidade,2,REVIEW,other,DROP,,,,FLAG: unmatched -- review,Y
3389,Perigo de contágio de moléstia grave,"Art. 131 - Praticar, com o fim de transmitir a outrem moléstia grave de que está contaminado, ato capaz de produzir o contágio: Pena - reclusão, de um a quatro ",DIREITO PENAL > Periclitação da Vida e da Saúde > Perigo de contágio de moléstia grave,2,REVIEW,other,DROP,,,,FLAG: unmatched -- review,Y
15308,Alistamento Eleitoral - Registro no BPSPD - Duplicidade/Pluralidade,"<p style=""color: rgb(0, 51, 102); font-family: Arial, Helvetica, sans-serif; background-color: rgb(243, 247, 248);""> <span style=""color: rgb(0, 0, 0); font-fami",DIREITO ELEITORAL > Alistamento Eleitoral > Alistamento Eleitoral - Registro no BPSPD - Duplicidade/Pluralidade,2,DROP,voter_roll,DROP,,,,administrative / procedural,
11740,Exceção - De Coisa Julgada,"Art. 301. Compete-lhe, porém, antes de discutir o mérito, alegar: .............................................................. Vl - coisa julgada; ...........",DIREITO ELEITORAL > Garantias Processuais > Exceção > Exceção - De Coisa Julgada,2,REVIEW,other,DROP,,,,procedural (cautelar / excecao),Y
11580,Impugnação - Alistamento Eleitoral,,DIREITO ELEITORAL > Alistamento Eleitoral > Impugnação - Alistamento Eleitoral,2,DROP,voter_roll,DROP,,,,administrative / procedural,
3557,Prevaricação,"Prevaricação Art. 319 - Retardar ou deixar de praticar, indevidamente, ato de ofício, ou praticá-lo contra disposição expressa de lei, para satisfazer interesse",DIREITO PENAL > Crimes Praticados por Funcionários Públicos Contra a Administração em Geral > Prevaricação,2,REVIEW,other,DROP,,,,FLAG: unmatched -- review,Y
12605,Revisão de Eleitorado - Depuração de Cadastro,,DIREITO ELEITORAL > Revisão de Eleitorado > Revisão de Eleitorado - Depuração de Cadastro,2,REVIEW,other,DROP,,,,administrative / procedural,Y
10642,Efeitos da Condenação,,DIREITO PENAL > Parte Geral > Efeitos da Condenação,2,REVIEW,other,DROP,,,,FLAG: unmatched -- review,Y
3641,Sigilo Telefônico,"Art. 10. Constitui crime realizar interceptação de comunicações telefônicas, de informática ou telemática, ou quebrar segredo da Justiça, sem autorização judici",DIREITO PENAL > Crimes Previstos na Legislação Extravagante > Sigilo Telefônico,2,REVIEW,other,DROP,,,,sigilo telefonico: generic crime,Y
3573,Desacato ,"Desacato Art. 331 - Desacatar funcionário público no exercício da função ou em razão dela: Pena - detenção, de seis meses a dois anos, ou multa.",DIREITO PENAL > Crimes Praticados por Particular Contra a Administração em Geral > Desacato ,2,REVIEW,other,DROP,,,,FLAG: unmatched -- review,Y
3656,Crimes do Código Brasileiro de Telecomunicações,"Art. 56. Pratica crime de violação de telecomunicação quem, transgredindo lei ou regulamento, exiba autógrafo ou qualquer documento do arquivo, divulgue ou comu",DIREITO PENAL > Crimes Previstos na Legislação Extravagante > Crimes do Código Brasileiro de Telecomunicações,2,KEEP,crimes_eleitorais,DROP,,,,FLAG: unmatched -- review,Y
3596,Inserção de dados falsos em sistema de informações ,"Inserção de dados falsos em sistema de informações (Incluído pela Lei nº 9.983, de 2000) Art. 313-A. Inserir ou facilitar, o funcionário autorizado, a inserção ",DIREITO PENAL > Crimes Praticados por Funcionários Públicos Contra a Administração em Geral > Inserção de dados falsos em sistema de informações ,2,REVIEW,other,DROP,,,,FLAG: unmatched -- review,Y
3568,Corrupção ativa ,"Corrupção ativa Art. 333 - Oferecer ou prometer vantagem indevida a funcionário público, para determiná-lo a praticar, omitir ou retardar ato de ofício: Pena ? ",DIREITO PENAL > Crimes Praticados por Particular Contra a Administração em Geral > Corrupção ativa ,2,REVIEW,other,DROP,,,,FLAG: unmatched -- review,Y
11453,"Descumprimento do Dever de Informar o Número, Espécie e Lotação de Veículos e Embarcações ","Art. 3º - Até cinqüenta dias antes da data do pleito, os responsáveis por todas as repartições, órgãos e unidades do serviço público federal, estadual e municip","DIREITO ELEITORAL > Crimes Eleitorais > Crimes contra o Serviço da Justiça Eleitoral > Descumprimento do Dever de Informar o Número, Espécie e Lotação de Veículos e Embarcações ",2,REVIEW,other,DROP,,,,procedural (cautelar / excecao),Y
3628,"Crimes de &quot;Lavagem&quot; ou Ocultação de Bens, Direitos ou Valores","Art. 1º Ocultar ou dissimular a natureza, origem, localização, disposição, movimentação ou propriedade de bens, direitos ou valores provenientes, direta ou indi","DIREITO PENAL > Crimes Previstos na Legislação Extravagante > Crimes de &quot;Lavagem&quot; ou Ocultação de Bens, Direitos ou Valores",2,KEEP,crimes_eleitorais,DROP,,,,FLAG: unmatched -- review,Y
3613,Crimes Resultante de Preconceito de Raça ou de Cor,"Art. 2º (Vetado). Art. 3º Impedir ou obstar o acesso de alguém, devidamente habilitado, a qualquer cargo da Administração Direta ou Indireta, bem como das conce",DIREITO PENAL > Crimes Previstos na Legislação Extravagante > Crimes Resultante de Preconceito de Raça ou de Cor,2,KEEP,crimes_eleitorais,DROP,,,,administrative / procedural,Y
3530,Falsificação do selo ou sinal público ,"Falsificação do selo ou sinal público Art. 296 - Falsificar, fabricando-os ou alterando-os: I - selo público destinado a autenticar atos oficiais da União, de E",DIREITO PENAL > Crimes contra a Fé Pública > Falsificação do selo ou sinal público ,2,REVIEW,other,DROP,,,,falsificacao do selo/sinal publico: generic,Y
3419,Roubo ,"<p> Roubo Art. 157 - Subtrair coisa m&oacute;vel alheia, para si ou para outrem, mediante grave amea&ccedil;a ou viol&ecirc;ncia a pessoa, ou depois de hav&ecir",DIREITO PENAL > Crimes contra o Patrimônio > Roubo ,1,REVIEW,other,DROP,,,,FLAG: unmatched -- review,Y
3408,Violação de correspondência ,"Violação de correspondência Art. 151 - Devassar indevidamente o conteúdo de correspondência fechada, dirigida a outrem: Pena - detenção, de um a seis meses, ou ",DIREITO PENAL > Crimes contra a inviolabilidade de correspondência > Violação de correspondência ,1,REVIEW,other,DROP,,,,FLAG: unmatched -- review,Y
3612,Crimes contra o Sistema Financeiro Nacional,"Art. 2º Imprimir, reproduzir ou, de qualquer modo, fabricar ou pôr em circulação, sem autorização escrita da sociedade emissora, certificado, cautela ou outro d",DIREITO PENAL > Crimes Previstos na Legislação Extravagante > Crimes contra o Sistema Financeiro Nacional,1,KEEP,crimes_eleitorais,DROP,,,,"crimes contra sistema financeiro: generic, off-topic",Y
3417,Furto Qualificado ,"<p> Art. 155 - Subtrair, para si ou para outrem, coisa alheia m&oacute;vel: Pena - reclus&atilde;o, de um a quatro anos, e multa &sect; 4&ordm; - A pena &eacute",DIREITO PENAL > Crimes contra o Patrimônio > Furto Qualificado ,1,REVIEW,other,DROP,,,,furto qualificado: generic crime,Y
3539,Uso de documento falso ,"Uso de documento falso Art. 304 - Fazer uso de qualquer dos papéis falsificados ou alterados, a que se referem os arts. 297 a 302: Pena - a cominada à falsifica",DIREITO PENAL > Crimes contra a Fé Pública > Uso de documento falso ,1,REVIEW,other,DROP,,,,"uso de documento falso (generic, non-electoral)",Y
3624,Caça ,"Art. 29. Matar, perseguir, caçar, apanhar, utilizar espécimes da fauna silvestre, nativos ou em rota migratória, sem a devida permissão, licença ou autorização ",DIREITO PENAL > Crimes Previstos na Legislação Extravagante > Crimes contra o Meio Ambiente e o Patrimônio Genético > Caça ,1,REVIEW,other,DROP,,,,FLAG: unmatched -- review,Y
11006,Crime de Desvio e/ou Circulação de Moeda Não Autorizada,"............................................................... Art. 289 - Falsificar, fabricando-a ou alterando-a, moeda metálica ou papel-moeda de curso legal",DIREITO PENAL > Crimes contra a Fé Pública > Crime de Desvio e/ou Circulação de Moeda Não Autorizada,1,KEEP,crimes_eleitorais,DROP,,,,FLAG: unmatched -- review,Y
5835,Disposição de coisa alheia como própria,"Art. 171 - Obter, para si ou para outrem, vantagem ilícita, em prejuízo alheio, induzindo ou mantendo alguém em erro, mediante artifício, ardil, ou qualquer out",DIREITO PENAL > Crimes contra o Patrimônio > Disposição de coisa alheia como própria,1,REVIEW,other,DROP,,,,FLAG: unmatched -- review,Y
3629,Crimes contra as Telecomunicações,"Art. 183. Desenvolver clandestinamente atividades de telecomunicação: Pena - detenção de dois a quatro anos, aumentada da metade se houver dano a terceiro, e mu",DIREITO PENAL > Crimes Previstos na Legislação Extravagante > Crimes contra as Telecomunicações,1,KEEP,crimes_eleitorais,DROP,,,,crimes contra telecomunicacoes: generic,Y
3550,Peculato mediante erro de outrem,"Peculato mediante erro de outrem Art. 313 - Apropriar-se de dinheiro ou qualquer utilidade que, no exercício do cargo, recebeu por erro de outrem: Pena - reclus",DIREITO PENAL > Crimes Praticados por Funcionários Públicos Contra a Administração em Geral > Peculato mediante erro de outrem,1,REVIEW,other,DROP,,,,FLAG: unmatched -- review,Y
3637,Crimes Previstos no Estatuto da criança e do adolescente,"<p style=""text-indent: 20.15pt""> <span style=""color: rgb(0, 51, 102); font-family: Arial, Helvetica, sans-serif; background-color: rgb(243, 247, 248);"">Assunto ",DIREITO PENAL > Crimes Previstos na Legislação Extravagante > Crimes Previstos no Estatuto da criança e do adolescente,1,KEEP,crimes_eleitorais,DROP,,,,FLAG: unmatched -- review,Y
3552,Emprego irregular de verbas ou rendas públicas ,"Emprego irregular de verbas ou rendas públicas Art. 315 - Dar às verbas ou rendas públicas aplicação diversa da estabelecida em lei: Pena - detenção, de um a tr",DIREITO PENAL > Crimes Praticados por Funcionários Públicos Contra a Administração em Geral > Emprego irregular de verbas ou rendas públicas ,1,REVIEW,other,DROP,,,,FLAG: unmatched -- review,Y
10939,Intimação / Notificação,"<p align=""justify"" class=""Artigo"" style=""color: rgb(0, 0, 0); font-family: Arial; font-size: small; text-indent: 35px;""> Art. 269. &nbsp;Intima&ccedil;&atilde;o",DIREITO PROCESSUAL CIVIL E DO TRABALHO > Atos Processuais > Intimação / Notificação,1,REVIEW,other,DROP,,,,off-topic branch (direito processual civil e do ),Y
5571,Dano Qualificado,"Art. 163 - Destruir, inutilizar ou deteriorar coisa alheia: Pena - detenção, de um a seis meses, ou multa. Parágrafo único - Se o crime é cometido: I - com viol",DIREITO PENAL > Crimes contra o Patrimônio > Dano Qualificado,1,REVIEW,other,DROP,,,,FLAG: unmatched -- review,Y
12337,Imputação falsa de prática de infração penal ou revelação inverídica sobre estrutura de organização criminal,"<p class=""Artigo"" style=""color: rgb(0, 0, 0); font-family: Arial; font-size: small; text-align: justify; text-indent: 35px; margin-left: 0cm; margin-right: 0cm;",DIREITO PENAL > Crimes previstos na Lei da Organização Criminosa > Crimes ocorridos na investigação da prova > Imputação falsa de prática de infração penal ou revelação inverídica sobre estrutura de organização criminal,1,REVIEW,other,DROP,,,,FLAG: unmatched -- review,Y
5880,Crimes contra as Marcas,"Art. 189. Comete crime contra registro de marca quem: I - reproduz, sem autorização do titular, no todo ou em parte, marca registrada, ou imita-a de modo que po",DIREITO PENAL > Crimes Previstos na Legislação Extravagante > Crimes contra a Propriedade Industrial > Crimes contra as Marcas,1,KEEP,crimes_eleitorais,DROP,,,,crimes contra as marcas: generic crime,Y
15040,Busca e Apreensão,<p> Assunto a ser vinculado &agrave;s cartas precat&oacute;rias criminais cujo objeto seja busca e apreens&atilde;o.</p> <p> &nbsp;</p>,DIREITO PROCESSUAL PENAL > Objetos de Cartas Precatórias Criminais > Busca e Apreensão,1,REVIEW,other,DROP,,,,off-topic branch (direito processual penal),Y
11667,Propaganda Política - Propaganda Eleitoral - Extemporânea/Antecipada,Art. 36. A propaganda eleitoral somente é permitida após o dia 5 de julho do ano da eleição. ............................................................... § 3,DIREITO ELEITORAL > Eleições > Propaganda Política - Propaganda Eleitoral > Propaganda Política - Propaganda Eleitoral - Extemporânea/Antecipada,28441,KEEP,propaganda,KEEP,illegal_advertising,illegal_advertising,noise,propaganda / advertising,Y
12635,Propaganda Política - Propaganda Eleitoral - Divulgação de Notícia  Sabidamente Falsa,,DIREITO ELEITORAL > Eleições > Propaganda Política - Propaganda Eleitoral > Propaganda Política - Propaganda Eleitoral - Divulgação de Notícia  Sabidamente Falsa,24311,KEEP,propaganda,KEEP,illegal_advertising,illegal_advertising,noise,propaganda / advertising,Y
11616,Impugnação ao Registro de Candidatura,"Art. 3° Caberá a qualquer candidato, a partido político, coligação ou ao Ministério Público, no prazo de 5 (cinco) dias, contados da publicação do pedido de reg",DIREITO ELEITORAL > Eleições > Candidatos > Registro de Candidatura > Impugnação ao Registro de Candidatura,22327,KEEP,impugnacao_registro,KEEP,ineligibility,ineligibility,cleaning,eligibility / registration challenge,Y
11679,Propaganda Política - Propaganda Eleitoral - Internet,"Art. 57-A. É permitida a propaganda eleitoral na internet, nos termos desta Lei, após o dia 5 de julho do ano da eleição. Art. 57-B. A propaganda eleitoral na i",DIREITO ELEITORAL > Eleições > Propaganda Política - Propaganda Eleitoral > Propaganda Política - Propaganda Eleitoral - Internet,20586,KEEP,propaganda,KEEP,illegal_advertising,illegal_advertising,noise,"internet is a propaganda MEDIUM, not honor",Y
12637,Propaganda Política - Propaganda Eleitoral - Redes Sociais,,DIREITO ELEITORAL > Eleições > Propaganda Política - Propaganda Eleitoral > Propaganda Política - Propaganda Eleitoral - Redes Sociais,18079,KEEP,propaganda,KEEP,illegal_advertising,illegal_advertising,noise,propaganda / advertising,Y
11649,Pesquisa Eleitoral - Divulgação de Pesquisa Eleitoral Fraudulenta,"Art. 33. As entidades e empresas que realizarem pesquisas de opinião pública relativas às eleições ou aos candidatos, para conhecimento público, são obrigadas, ",DIREITO ELEITORAL > Eleições > Pesquisa Eleitoral > Pesquisa Eleitoral - Divulgação de Pesquisa Eleitoral Fraudulenta,17462,KEEP,pesquisa_fraude,KEEP,electoral_polls,electoral_polls,noise,poll-related,Y
11654,Propaganda Política - Propaganda Eleitoral - Alto-falante/Amplificador de Som,"Art. 39. A realização de qualquer ato de propaganda partidária ou eleitoral, em recinto aberto ou fechado, não depende de licença da polícia. ..................",DIREITO ELEITORAL > Eleições > Propaganda Política - Propaganda Eleitoral > Propaganda Política - Propaganda Eleitoral - Alto-falante/Amplificador de Som,12279,KEEP,propaganda,KEEP,illegal_advertising,illegal_advertising,noise,propaganda / advertising,Y
11655,Propaganda Política - Propaganda Eleitoral - Banner/Cartaz/Faixa,"Art. 37. Nos bens cujo uso dependa de cessão ou permissão do Poder Público, ou que a ele pertençam, e nos de uso comum, inclusive postes de iluminação pública e",DIREITO ELEITORAL > Eleições > Propaganda Política - Propaganda Eleitoral > Propaganda Política - Propaganda Eleitoral - Banner/Cartaz/Faixa,10453,KEEP,propaganda,KEEP,illegal_advertising,illegal_advertising,noise,propaganda / advertising,Y
11662,Propaganda Política - Propaganda Eleitoral - Comício/Showmício,"Art. 39. A realização de qualquer ato de propaganda partidária ou eleitoral, em recinto aberto ou fechado, não depende de licença da polícia. ..................",DIREITO ELEITORAL > Eleições > Propaganda Política - Propaganda Eleitoral > Propaganda Política - Propaganda Eleitoral - Comício/Showmício,8437,KEEP,propaganda,KEEP,illegal_advertising,illegal_advertising,noise,propaganda / advertising,Y
11651,Pesquisa Eleitoral - Registro de Pesquisa Eleitoral,"Art. 33. As entidades e empresas que realizarem pesquisas de opinião pública relativas às eleições ou aos candidatos, para conhecimento público, são obrigadas, ",DIREITO ELEITORAL > Eleições > Pesquisa Eleitoral > Pesquisa Eleitoral - Registro de Pesquisa Eleitoral,8157,DROP,poll_registration,KEEP,electoral_polls,electoral_polls,noise,poll-related,Y
11650,Pesquisa Eleitoral - Divulgação de Pesquisa Eleitoral Sem Prévio Registro,"Art. 33. As entidades e empresas que realizarem pesquisas de opinião pública relativas às eleições ou aos candidatos, para conhecimento público, são obrigadas, ",DIREITO ELEITORAL > Eleições > Pesquisa Eleitoral > Pesquisa Eleitoral - Divulgação de Pesquisa Eleitoral Sem Prévio Registro,6671,KEEP,pesquisa_fraude,KEEP,electoral_polls,electoral_polls,noise,poll-related,Y
11658,Propaganda Política - Propaganda Eleitoral - Bem Público,"Art. 37. Nos bens cujo uso dependa de cessão ou permissão do Poder Público, ou que a ele pertençam, e nos de uso comum, inclusive postes de iluminação pública e",DIREITO ELEITORAL > Eleições > Propaganda Política - Propaganda Eleitoral > Propaganda Política - Propaganda Eleitoral - Bem Público,6447,KEEP,propaganda,KEEP,illegal_advertising,illegal_advertising,noise,propaganda / advertising,Y
12639,Propaganda Política - Propaganda Eleitoral - Aplicativo de Mensagem Instantânea,,DIREITO ELEITORAL > Eleições > Propaganda Política - Propaganda Eleitoral > Propaganda Política - Propaganda Eleitoral - Aplicativo de Mensagem Instantânea,5387,KEEP,propaganda,KEEP,illegal_advertising,illegal_advertising,noise,propaganda / advertising,Y
11596,Inelegibilidade - Abuso do Poder Econômico ou Político,Art. 1º São inelegíveis: I - para qualquer cargo: ............................................................... d) os que tenham contra sua pessoa representaç,DIREITO ELEITORAL > Eleições > Candidatos > Inelegibilidade > Inelegibilidade - Abuso do Poder Econômico ou Político,4562,KEEP,abuso_poder,KEEP,ineligibility,ineligibility,cleaning,eligibility / registration challenge,Y
11656,Propaganda Política - Propaganda Eleitoral - Bem Particular,"Art. 37. Nos bens cujo uso dependa de cessão ou permissão do Poder Público, ou que a ele pertençam, e nos de uso comum, inclusive postes de iluminação pública e",DIREITO ELEITORAL > Eleições > Propaganda Política - Propaganda Eleitoral > Propaganda Política - Propaganda Eleitoral - Bem Particular,4287,KEEP,propaganda,KEEP,illegal_advertising,illegal_advertising,noise,propaganda / advertising,Y
11681,Propaganda Política - Propaganda Eleitoral - Outdoors,"Art. 39. A realização de qualquer ato de propaganda partidária ou eleitoral, em recinto aberto ou fechado, não depende de licença da polícia. ..................",DIREITO ELEITORAL > Eleições > Propaganda Política - Propaganda Eleitoral > Propaganda Política - Propaganda Eleitoral - Outdoors,3798,KEEP,propaganda,KEEP,illegal_advertising,illegal_advertising,noise,propaganda / advertising,Y
11652,Propaganda Política - Propaganda Eleitoral,,DIREITO ELEITORAL > Eleições > Propaganda Política - Propaganda Eleitoral,3652,KEEP,propaganda,KEEP,illegal_advertising,illegal_advertising,noise,propaganda / advertising,Y
11664,"Propaganda Política - Propaganda Eleitoral - Confecção, Utilização ou Distribuição de Brinde","Art. 39. A realização de qualquer ato de propaganda partidária ou eleitoral, em recinto aberto ou fechado, não depende de licença da polícia. ..................","DIREITO ELEITORAL > Eleições > Propaganda Política - Propaganda Eleitoral > Propaganda Política - Propaganda Eleitoral - Confecção, Utilização ou Distribuição de Brinde",3431,KEEP,propaganda,KEEP,illegal_advertising,illegal_advertising,noise,propaganda / advertising,Y
11593,Direito de Resposta,"Art. 58. A partir da escolha de candidatos em convenção, é assegurado o direito de resposta a candidato, partido ou coligação atingidos, ainda que de forma indi",DIREITO ELEITORAL > Eleições > Candidatos > Direito de Resposta,3085,KEEP,direito_resposta_honra,KEEP,honor_defamation,honor_defamation,noise,honor / false accusation,Y
11663,Propaganda Política - Propaganda Eleitoral - Conduta Vedada a Emissora de Rádio/Televisão na Programação Normal,"Art. 56. A requerimento de partido, coligação ou candidato, a Justiça Eleitoral poderá determinar a suspensão, por vinte e quatro horas, da programação normal d",DIREITO ELEITORAL > Eleições > Propaganda Política - Propaganda Eleitoral > Propaganda Política - Propaganda Eleitoral - Conduta Vedada a Emissora de Rádio/Televisão na Programação Normal,3058,KEEP,propaganda,KEEP,illegal_advertising,illegal_advertising,noise,propaganda / advertising,Y
11678,Propaganda Política - Propaganda Eleitoral - Inobservância do Limite Legal,"Art. 43. São permitidas, até a antevéspera das eleições, a divulgação paga, na imprensa escrita, e a reprodução na internet do jornal impresso, de até 10 (dez) ",DIREITO ELEITORAL > Eleições > Propaganda Política - Propaganda Eleitoral > Propaganda Política - Propaganda Eleitoral - Inobservância do Limite Legal,2967,KEEP,propaganda,KEEP,illegal_advertising,illegal_advertising,noise,propaganda / advertising,Y
15016,Propaganda Política - Propaganda Eleitoral - Carreata/Caminhada/Passeata,<p> Art. 39 ........................................................................</p> <p> ...................................................................,DIREITO ELEITORAL > Eleições > Propaganda Política - Propaganda Eleitoral > Propaganda Política - Propaganda Eleitoral - Carreata/Caminhada/Passeata,2889,KEEP,propaganda,KEEP,illegal_advertising,illegal_advertising,noise,propaganda / advertising,Y
12638,Propaganda Política - Propaganda Eleitoral - Impulsionamento,,DIREITO ELEITORAL > Eleições > Propaganda Política - Propaganda Eleitoral > Propaganda Política - Propaganda Eleitoral - Impulsionamento,2833,KEEP,propaganda,KEEP,illegal_advertising,illegal_advertising,noise,propaganda / advertising,Y
11668,Propaganda Política - Propaganda Eleitoral - Folhetos/Volantes/Santinhos/Impressos,"Art. 38. Independe da obtenção de licença municipal e de autorização da Justiça Eleitoral a veiculação de propaganda eleitoral pela distribuição de folhetos, vo",DIREITO ELEITORAL > Eleições > Propaganda Política - Propaganda Eleitoral > Propaganda Política - Propaganda Eleitoral - Folhetos/Volantes/Santinhos/Impressos,2788,KEEP,propaganda,KEEP,illegal_advertising,illegal_advertising,noise,propaganda / advertising,Y
11657,Propaganda Política - Propaganda Eleitoral - Bem Particular de Uso Comum,"Art. 37. Nos bens cujo uso dependa de cessão ou permissão do Poder Público, ou que a ele pertençam, e nos de uso comum, inclusive postes de iluminação pública e",DIREITO ELEITORAL > Eleições > Propaganda Política - Propaganda Eleitoral > Propaganda Política - Propaganda Eleitoral - Bem Particular de Uso Comum,2716,KEEP,propaganda,KEEP,illegal_advertising,illegal_advertising,noise,propaganda / advertising,Y
11680,Propaganda Política - Propaganda Eleitoral - Omissão de Informações Obrigatórias,"Art. 242. A propaganda, qualquer que seja a sua forma ou modalidade, mencionará sempre a legenda partidária e só poderá ser feita em língua nacional, não devend",DIREITO ELEITORAL > Eleições > Propaganda Política - Propaganda Eleitoral > Propaganda Política - Propaganda Eleitoral - Omissão de Informações Obrigatórias,2598,KEEP,propaganda,KEEP,illegal_advertising,illegal_advertising,noise,propaganda / advertising,Y
11665,Propaganda Política - Propaganda Eleitoral - Contrariedade à Lei de Postura Municipal,"CE: ""Art. 243. Não será tolerada propaganda: ............................................................... VIII - que prejudique a higiene e a estética urbana",DIREITO ELEITORAL > Eleições > Propaganda Política - Propaganda Eleitoral > Propaganda Política - Propaganda Eleitoral - Contrariedade à Lei de Postura Municipal,1741,KEEP,propaganda,KEEP,illegal_advertising,illegal_advertising,noise,propaganda / advertising,Y
11484,Calúnia na Propaganda Eleitoral,"Art. 324. Caluniar alguém, na propaganda eleitoral, ou visando fins de propaganda, imputando-lhe falsamente fato definido como crime: Pena - detenção de seis me",DIREITO ELEITORAL > Crimes Eleitorais > Crimes contra a Propaganda Eleitoral > Calúnia na Propaganda Eleitoral,1710,KEEP,propaganda,KEEP,honor_defamation,honor_defamation,noise,honor / false accusation,Y
12363,Cancelamento de Registro de Candidatura,,DIREITO ELEITORAL > Eleições > Candidatos > Registro de Candidatura > Cancelamento de Registro de Candidatura,1237,KEEP,registro_contestado,KEEP,ineligibility,ineligibility,cleaning,eligibility / registration challenge,Y
11648,Pesquisa Eleitoral,,DIREITO ELEITORAL > Eleições > Pesquisa Eleitoral,1186,REVIEW,other,KEEP,electoral_polls,electoral_polls,noise,poll-related,Y
11677,Propaganda Política - Propaganda Eleitoral - Imprensa Escrita - Jornal/Revista/Tabloide,"Art. 43. São permitidas, até a antevéspera das eleições, a divulgação paga, na imprensa escrita, e a reprodução na internet do jornal impresso, de até 10 (dez) ",DIREITO ELEITORAL > Eleições > Propaganda Política - Propaganda Eleitoral > Propaganda Política - Propaganda Eleitoral - Imprensa Escrita - Jornal/Revista/Tabloide,1110,KEEP,propaganda,KEEP,illegal_advertising,illegal_advertising,noise,propaganda / advertising,Y
11683,"Propaganda Política - Propaganda Eleitoral - Truncagem, Montagem, Utilização de Gravação Externa, Computação Gráfica, Desenho Animado ou Efeito Especial","<p> Art. 45. A partir de 1&ordm; de julho do ano da elei&ccedil;&atilde;o, &eacute; vedado &agrave;s emissoras de r&aacute;dio e televis&atilde;o, em sua progra","DIREITO ELEITORAL > Eleições > Propaganda Política - Propaganda Eleitoral > Propaganda Política - Propaganda Eleitoral - Truncagem, Montagem, Utilização de Gravação Externa, Computação Gráfica, Desenho Animado ou Efeito Especial",1055,KEEP,propaganda,KEEP,illegal_advertising,illegal_advertising,noise,propaganda / advertising,Y
3395,Calúnia,"<p> Cal&uacute;nia Art. 138 - Caluniar algu&eacute;m, imputando-lhe falsamente fato definido como crime: Pena - deten&ccedil;&atilde;o, de seis meses a dois ano",DIREITO PENAL > Crimes contra a Honra > Calúnia,786,KEEP,direito_resposta_honra,KEEP,honor_defamation,honor_defamation,noise,honor / false accusation,Y
11501,Corrupção Eleitoral,"Art. 299. Dar, oferecer, prometer, solicitar ou receber, para si ou para outrem, dinheiro, dádiva, ou qualquer outra vantagem, para obter ou dar voto e para con",DIREITO ELEITORAL > Crimes Eleitorais > Crimes contra o Sigilo ou o Exercício do Voto > Corrupção Eleitoral,755,KEEP,captacao_corrupcao,KEEP,vote_buying,cleaning_other,cleaning,vote buying / corruption,Y
11717,Abuso,,DIREITO ELEITORAL > Eleições > Transgressões Eleitorais > Abuso,706,KEEP,abuso_poder,KEEP,abuse_of_power,cleaning_other,cleaning,abuse of power,Y
11473,Falsidade Ideológica,"Art. 350. Omitir, em documento público ou particular, declaração que dêle devia constar, ou nele inserir ou fazer inserir declaração falsa ou diversa da que dev",DIREITO ELEITORAL > Crimes Eleitorais > Crimes contra a Fé Pública Eleitoral > Falsidade Ideológica,657,REVIEW,other,KEEP,misconduct,misc_other,mixed,electoral misconduct / crime,Y
11589,Condição de Elegibilidade - Filiação Partidária,"Art. 9º Para concorrer às eleições, o candidato deverá possuir domicílio eleitoral na respectiva circunscrição pelo prazo de, pelo menos, um ano antes do pleito",DIREITO ELEITORAL > Eleições > Candidatos > Condição de Elegibilidade > Condição de Elegibilidade - Filiação Partidária,655,DROP,party_internal,KEEP,ineligibility,ineligibility,cleaning,filiacao partidaria as eligibility challenge,Y
11605,Inelegibilidade - Representação ou Ação de Investigação Judicial Eleitoral Jugada Procedente pela Justiça Eleitoral,"Art. 22. Qualquer partido político, coligação, candidato ou Ministério Público Eleitoral poderá representar à Justiça Eleitoral, diretamente ao Corregedor-Geral",DIREITO ELEITORAL > Eleições > Candidatos > Inelegibilidade > Inelegibilidade - Representação ou Ação de Investigação Judicial Eleitoral Jugada Procedente pela Justiça Eleitoral,635,KEEP,inelegibilidade,KEEP,ineligibility,ineligibility,cleaning,eligibility / registration challenge,Y
11592,Condição de Elegibilidade - Quitação Eleitoral,Art. 11. Os partidos e coligações solicitarão à Justiça Eleitoral o registro de seus candidatos até as dezenove horas do dia 5 de julho do ano em que se realiza,DIREITO ELEITORAL > Eleições > Candidatos > Condição de Elegibilidade > Condição de Elegibilidade - Quitação Eleitoral,591,REVIEW,other,KEEP,ineligibility,ineligibility,cleaning,quitacao eleitoral as eligibility challenge,Y
11483,Divulgação de Fatos Inverídicos na Propaganda Eleitoral,"Art. 323. Divulgar, na propaganda, fatos que sabe inveridicos, em relação a partidos ou candidatos e capazes de exercerem influência perante o eleitorado: Pena ",DIREITO ELEITORAL > Crimes Eleitorais > Crimes contra a Propaganda Eleitoral > Divulgação de Fatos Inverídicos na Propaganda Eleitoral,486,KEEP,propaganda,KEEP,illegal_advertising,illegal_advertising,noise,propaganda / advertising,Y
15141,Propaganda Política Irregular,"<p> Art. 243, do C&oacute;digo Eleitoral. Excetua-se a situa&ccedil;&atilde;o definida no inciso X, o qual possui assunto pr&oacute;prio (15142 - Propaganda Pol",DIREITO ELEITORAL > Partidos Políticos > Propaganda Política > Propaganda Política Partidária > Propaganda Política Irregular,455,KEEP,propaganda,KEEP,illegal_advertising,illegal_advertising,noise,propaganda / advertising,Y
11438,Inscrição Fraudulenta,Art. 289. Inscrever-se fraudulentamente eleitor: Pena - Reclusão até cinco anos e pagamento de cinco a 15 dias-multa.,DIREITO ELEITORAL > Crimes Eleitorais > Crimes contra o Serviço da Justiça Eleitoral > Inscrição Fraudulenta,414,REVIEW,other,KEEP,misconduct,misc_other,mixed,electoral misconduct / crime,Y
3396,Difamação,"<p> Difama&ccedil;&atilde;o Art. 139 - Difamar algu&eacute;m, imputando-lhe fato ofensivo &agrave; sua reputa&ccedil;&atilde;o: Pena - deten&ccedil;&atilde;o, d",DIREITO PENAL > Crimes contra a Honra > Difamação,391,KEEP,direito_resposta_honra,KEEP,honor_defamation,honor_defamation,noise,honor / false accusation,Y
11770,Propaganda Política,,DIREITO ELEITORAL > Partidos Políticos > Propaganda Política,381,KEEP,propaganda,KEEP,illegal_advertising,illegal_advertising,noise,propaganda / advertising,Y
12597,Candidatura Fictícia,,DIREITO ELEITORAL > Eleições > Transgressões Eleitorais > Candidatura Fictícia,362,REVIEW,other,KEEP,ineligibility,ineligibility,cleaning,eligibility / registration challenge,Y
11682,Propaganda Política - Propaganda Eleitoral - Pintura em Muro,"Art. 37. Nos bens cujo uso dependa de cessão ou permissão do Poder Público, ou que a ele pertençam, e nos de uso comum, inclusive postes de iluminação pública e",DIREITO ELEITORAL > Eleições > Propaganda Política - Propaganda Eleitoral > Propaganda Política - Propaganda Eleitoral - Pintura em Muro,357,KEEP,propaganda,KEEP,illegal_advertising,illegal_advertising,noise,propaganda / advertising,Y
11661,Propaganda Política - Propaganda Eleitoral - Cavalete,"Art. 37. Nos bens cujo uso dependa de cessão ou permissão do Poder Público, ou que a ele pertençam, e nos de uso comum, inclusive postes de iluminação pública e",DIREITO ELEITORAL > Eleições > Propaganda Política - Propaganda Eleitoral > Propaganda Política - Propaganda Eleitoral - Cavalete,351,KEEP,propaganda,KEEP,illegal_advertising,illegal_advertising,noise,propaganda / advertising,Y
11490,Impedimento do Exercício da Propaganda,Art. 332. Impedir o exercício de propaganda: Pena - detenção até seis meses e pagamento de 30 a 60 dias-multa.,DIREITO ELEITORAL > Crimes Eleitorais > Crimes contra a Propaganda Eleitoral > Impedimento do Exercício da Propaganda,334,KEEP,propaganda,KEEP,illegal_advertising,illegal_advertising,noise,propaganda / advertising,Y
11487,Injúria na Propaganda Eleitoral,"Art. 326. Injuriar alguém, na propaganda eleitoral, ou visando a fins de propaganda, ofendendo-lhe a dignidade ou o decôro: Pena - detenção até seis meses, ou p",DIREITO ELEITORAL > Crimes Eleitorais > Crimes contra a Propaganda Eleitoral > Injúria na Propaganda Eleitoral,330,KEEP,propaganda,KEEP,honor_defamation,honor_defamation,noise,honor / false accusation,Y
11524,Irregularidades dos Dados Publicados em Pesquisas Eleitorais,"Art. 34. (VETADO) § 1º Mediante requerimento à Justiça Eleitoral, os partidos poderão ter acesso ao sistema interno de controle, verificação e fiscalização da c",DIREITO ELEITORAL > Crimes Eleitorais > Crimes contra os Partidos Políticos > Irregularidades dos Dados Publicados em Pesquisas Eleitorais,320,REVIEW,other,KEEP,electoral_polls,electoral_polls,noise,poll-related,Y
10751,Captação ilícita de votos ou corrupção eleitoral,"Art. 299. Dar, oferecer, prometer, solicitar ou receber, para si ou para outrem, dinheiro, dádiva, ou qualquer outra vantagem, para obter ou dar voto e para con",DIREITO PENAL > Crimes Previstos na Legislação Extravagante > Crimes Eleitorais > Captação ilícita de votos ou corrupção eleitoral,312,KEEP,captacao_corrupcao,KEEP,vote_buying,cleaning_other,cleaning,vote buying / corruption,Y
11485,Divulgação de Falsa Imputação,"Art. 324. Caluniar alguém, na propaganda eleitoral, ou visando fins de propaganda, imputando-lhe falsamente fato definido como crime: Pena - detenção de seis me",DIREITO ELEITORAL > Crimes Eleitorais > Crimes contra a Propaganda Eleitoral > Divulgação de Falsa Imputação,307,REVIEW,other,KEEP,honor_defamation,honor_defamation,noise,honor / false accusation,Y
11776,Veiculação de Propaganda Partidária - Em Inserções,"<p> Art. 46. As emissoras de r&aacute;dio e de televis&atilde;o ficam obrigadas a realizar, para os partidos pol&iacute;ticos, na forma desta Lei, transmiss&oti",DIREITO ELEITORAL > Partidos Políticos > Propaganda Política > Propaganda Política Partidária > Veiculação > Veiculação de Propaganda Partidária - Em Inserções,284,KEEP,propaganda,KEEP,illegal_advertising,illegal_advertising,noise,propaganda / advertising,Y
11716,Transgressões Eleitorais,,DIREITO ELEITORAL > Eleições > Transgressões Eleitorais,270,REVIEW,other,KEEP,misconduct,misc_other,mixed,electoral misconduct / crime,Y
10748,Calúnia,"Caluniar alguém, na propaganda eleitoral, ou visando fins de propaganda, imputando-lhe falsamente fato definido como crime: Pena - detenção de seis meses a dois",DIREITO PENAL > Crimes Previstos na Legislação Extravagante > Crimes Eleitorais > Calúnia,251,KEEP,direito_resposta_honra,KEEP,honor_defamation,honor_defamation,noise,honor / false accusation,Y
11495,Pesquisa Fraudulenta,"Art. 33 (caput) § 4º A divulgação de pesquisa fraudulenta constitui crime, punível com detenção de seis meses a um ano e multa no valor de cinqüenta mil a cem m",DIREITO ELEITORAL > Crimes Eleitorais > Crimes contra a Propaganda Eleitoral > Pesquisa Fraudulenta,232,KEEP,pesquisa_fraude,KEEP,electoral_polls,electoral_polls,noise,poll-related,Y
12062,Captação ou Gasto Ilícito de Recursos Financeiros de Campanha Eleitoral,,DIREITO ELEITORAL > Eleições > Transgressões Eleitorais > Captação ou Gasto Ilícito de Recursos Financeiros de Campanha Eleitoral,222,KEEP,captacao_corrupcao,KEEP,campaign_finance,cleaning_other,cleaning,campaign finance challenge,Y
11503,Violência ou Grave Ameaça Visando a Obtenção de Voto ou a sua Abstenção,"Art. 301. Usar de violência ou grave ameaça para coagir alguém a votar, ou não votar, em determinado candidato ou partido, ainda que os fins visados não sejam c",DIREITO ELEITORAL > Crimes Eleitorais > Crimes contra o Sigilo ou o Exercício do Voto > Violência ou Grave Ameaça Visando a Obtenção de Voto ou a sua Abstenção,206,REVIEW,other,KEEP,misconduct,misc_other,mixed,electoral misconduct / crime,Y
11482,Crimes contra a Propaganda Eleitoral,,DIREITO ELEITORAL > Crimes Eleitorais > Crimes contra a Propaganda Eleitoral,204,KEEP,propaganda,KEEP,illegal_advertising,illegal_advertising,noise,propaganda / advertising,Y
11591,Condição de Elegibilidade - Pleno Exercício dos Direitos Políticos,"Art. 14. A soberania popular será exercida pelo sufrágio universal e pelo voto direto e secreto, com valor igual para todos, e, nos termos da lei, mediante: I -",DIREITO ELEITORAL > Eleições > Candidatos > Condição de Elegibilidade > Condição de Elegibilidade - Pleno Exercício dos Direitos Políticos,183,REVIEW,other,KEEP,ineligibility,ineligibility,cleaning,pleno exercicio dos direitos politicos,Y
11489,"Inutilização, Alteração ou Perturbação de Propaganda","Art. 331. Inutilizar, alterar ou perturbar meio de propaganda devidamente empregado: Pena - detenção até seis meses ou pagamento de 90 a 120 dias-multa.","DIREITO ELEITORAL > Crimes Eleitorais > Crimes contra a Propaganda Eleitoral > Inutilização, Alteração ou Perturbação de Propaganda",182,KEEP,propaganda,KEEP,illegal_advertising,illegal_advertising,noise,propaganda / advertising,Y
11475,Uso de Documento Falso para Fins Eleitorais,"Art. 353. Fazer uso de qualquer dos documentos falsificados ou alterados, a que se referem os artigos. 348 a 352: Pena - a cominada à falsificação ou à alteraçã",DIREITO ELEITORAL > Crimes Eleitorais > Crimes contra a Fé Pública Eleitoral > Uso de Documento Falso para Fins Eleitorais,177,REVIEW,other,KEEP,misconduct,misc_other,mixed,electoral misconduct / crime,Y
10754,Desobediência à determinações da Justiça Eleitoral,"Recusar alguém cumprimento ou obediência a diligências, ordens ou instruções da Justiça Eleitoral ou opor embaraços à sua execução: Pena - detenção de três mese",DIREITO PENAL > Crimes Previstos na Legislação Extravagante > Crimes Eleitorais > Desobediência à determinações da Justiça Eleitoral,172,REVIEW,other,KEEP,misconduct,misc_other,mixed,desobediencia a Justica Eleitoral,Y
11472,Falsificação ou Alteração de Documento Público para Fins Eleitorais,"Art. 348. Falsificar, no todo ou em parte, documento público, ou alterar documento público verdadeiro, para fins eleitorais: Pena - reclusão de dois a seis anos",DIREITO ELEITORAL > Crimes Eleitorais > Crimes contra a Fé Pública Eleitoral > Falsificação ou Alteração de Documento Público para Fins Eleitorais,170,REVIEW,other,KEEP,misconduct,misc_other,mixed,electoral misconduct / crime,Y
11523,Não-Acesso dos Partidos aos Dados Relativos às Pesquisas Eleitorais,"Art. 34. (VETADO) § 1º Mediante requerimento à Justiça Eleitoral, os partidos poderão ter acesso ao sistema interno de controle, verificação e fiscalização da c",DIREITO ELEITORAL > Crimes Eleitorais > Crimes contra os Partidos Políticos > Não-Acesso dos Partidos aos Dados Relativos às Pesquisas Eleitorais,163,REVIEW,other,KEEP,electoral_polls,electoral_polls,noise,poll-related,Y
11494,Autorização de Transmissão de Pessoa Não Detentora de Direitos Políticos em Atividades Partidárias e de Propaganda Eleitoral ,"Art. 337. Participar, o estrangeiro ou brasileiro que não estiver no gôzo dos seus direitos políticos, de atividades partidárias inclusive comícios e atos de pr",DIREITO ELEITORAL > Crimes Eleitorais > Crimes contra a Propaganda Eleitoral > Autorização de Transmissão de Pessoa Não Detentora de Direitos Políticos em Atividades Partidárias e de Propaganda Eleitoral ,150,KEEP,propaganda,KEEP,illegal_advertising,illegal_advertising,noise,propaganda / advertising,Y
3397,Injúria,,DIREITO PENAL > Crimes contra a Honra > Injúria,138,KEEP,direito_resposta_honra,KEEP,honor_defamation,honor_defamation,noise,honor / false accusation,Y
11771,Propaganda Política - Propaganda Intrapartidária,Art. 36. A propaganda eleitoral somente é permitida após o dia 5 de julho do ano da eleição. § 1º Ao postulante a candidatura a cargo eletivo é permitida a real,DIREITO ELEITORAL > Partidos Políticos > Propaganda Política > Propaganda Política - Propaganda Intrapartidária,131,KEEP,propaganda,KEEP,illegal_advertising,illegal_advertising,noise,propaganda / advertising,Y
11660,Propaganda Política - Propaganda Eleitoral - Boca de Urna,"Art. 39. A realização de qualquer ato de propaganda partidária ou eleitoral, em recinto aberto ou fechado, não depende de licença da polícia. ..................",DIREITO ELEITORAL > Eleições > Propaganda Política - Propaganda Eleitoral > Propaganda Política - Propaganda Eleitoral - Boca de Urna,121,KEEP,propaganda,KEEP,vote_buying,cleaning_other,cleaning,vote buying / corruption,Y
11513,Arregimentação de Eleitor ou Boca de Urna,"Art. 39. ................................................... § 5º Constituem crimes, no dia da eleição, puníveis com detenção, de seis meses a um ano, com a alt",DIREITO ELEITORAL > Crimes Eleitorais > Crimes contra o Sigilo ou o Exercício do Voto > Arregimentação de Eleitor ou Boca de Urna,116,KEEP,captacao_corrupcao,KEEP,vote_buying,cleaning_other,cleaning,vote buying / corruption,Y
10750,Injúria,"Art. 326. Injuriar alguém, na propaganda eleitoral, ou visando a fins de propaganda, ofendendo-lhe a dignidade ou o decôro: Pena - detenção até seis meses, ou p",DIREITO PENAL > Crimes Previstos na Legislação Extravagante > Crimes Eleitorais > Injúria,102,KEEP,direito_resposta_honra,KEEP,honor_defamation,honor_defamation,noise,honor / false accusation,Y
11522,Arguição de Ineligibilidade Temerária ou de Má-Fé,"Art. 25. Constitui crime eleitoral a argüição de inelegibilidade, ou a impugnação de registro de candidato feito por interferência do poder econômico, desvio ou",DIREITO ELEITORAL > Crimes Eleitorais > Crimes contra os Partidos Políticos > Arguição de Ineligibilidade Temerária ou de Má-Fé,95,REVIEW,other,KEEP,ineligibility,ineligibility,cleaning,eligibility / registration challenge,Y
11499,Impedimento ou Embaraço ao Exercício do Sufrágio,Art. 297. Impedir ou embaraçar o exercício do sufrágio: Pena - Detenção até seis meses e pagamento de 60 a 100 dias-multa.,DIREITO ELEITORAL > Crimes Eleitorais > Crimes contra o Sigilo ou o Exercício do Voto > Impedimento ou Embaraço ao Exercício do Sufrágio,92,KEEP,captacao_corrupcao,KEEP,misconduct,misc_other,mixed,electoral misconduct / crime,Y
11598,Inelegibilidade - Condenação Criminal por órgão colegiado ou Transitada em Julgado,"Art. 1º São inelegíveis: I - para qualquer cargo: ............................................................... e) os que forem condenados criminalmente, com ",DIREITO ELEITORAL > Eleições > Candidatos > Inelegibilidade > Inelegibilidade - Condenação Criminal por órgão colegiado ou Transitada em Julgado,88,KEEP,inelegibilidade,KEEP,ineligibility,ineligibility,cleaning,eligibility / registration challenge,Y
11775,Veiculação de Propaganda Partidária - Em Bloco,"<p> Art. 46. As emissoras de r&aacute;dio e de televis&atilde;o ficam obrigadas a realizar, para os partidos pol&iacute;ticos, na forma desta Lei, transmiss&oti",DIREITO ELEITORAL > Partidos Políticos > Propaganda Política > Propaganda Política Partidária > Veiculação > Veiculação de Propaganda Partidária - Em Bloco,86,KEEP,propaganda,KEEP,illegal_advertising,illegal_advertising,noise,propaganda / advertising,Y
11722,Corrupção ou Fraude,"<p> Art. 14. A soberania popular ser&aacute; exercida pelo sufr&aacute;gio universal e pelo voto direto e secreto, com valor igual para todos, e, nos termos da ",DIREITO ELEITORAL > Eleições > Transgressões Eleitorais > Corrupção ou Fraude,80,REVIEW,other,KEEP,abuse_of_power,cleaning_other,cleaning,abuse of power,Y
11488,Injúria Eleitoral Violenta,"Art. 326. Injuriar alguém, na propaganda eleitoral, ou visando a fins de propaganda, ofendendo-lhe a dignidade ou o decôro: ....................................",DIREITO ELEITORAL > Crimes Eleitorais > Crimes contra a Propaganda Eleitoral > Injúria Eleitoral Violenta,78,KEEP,direito_resposta_honra,KEEP,honor_defamation,honor_defamation,noise,honor / false accusation,Y
11587,Condição de Elegibilidade - Domicílio Eleitoral na Circunscrição,"Art. 9º Para concorrer às eleições, o candidato deverá possuir domicílio eleitoral na respectiva circunscrição pelo prazo de, pelo menos, um ano antes do pleito",DIREITO ELEITORAL > Eleições > Candidatos > Condição de Elegibilidade > Condição de Elegibilidade - Domicílio Eleitoral na Circunscrição,75,REVIEW,other,KEEP,ineligibility,ineligibility,cleaning,domicilio eleitoral eligibility challenge,Y
11496,"Uso, na Propaganda Eleitoral, de Símbolo de Órgãos de Governo","Art. 40. O uso, na propaganda eleitoral, de símbolos, frases ou imagens, associadas ou semelhantes às empregadas por órgão de governo, empresa pública ou socied","DIREITO ELEITORAL > Crimes Eleitorais > Crimes contra a Propaganda Eleitoral > Uso, na Propaganda Eleitoral, de Símbolo de Órgãos de Governo",74,KEEP,propaganda,KEEP,illegal_advertising,illegal_advertising,noise,propaganda / advertising,Y
14221,Falsificação ou Alteração de Documento Particular para Fins Eleitorais,,DIREITO ELEITORAL > Crimes Eleitorais > Crimes contra a Fé Pública Eleitoral > Falsificação ou Alteração de Documento Particular para Fins Eleitorais,72,REVIEW,other,KEEP,misconduct,misc_other,mixed,electoral misconduct / crime,Y
11470,Alteração do Resultado de Votação nos Mapas ou Boletins de Apuração,Art. 315. Alterar nos mapas ou nos boletins de apuração a votação obtida por qualquer candidato ou lançar nesses documentos votação que não corresponda às cédul,DIREITO ELEITORAL > Crimes Eleitorais > Crimes contra a Fé Pública Eleitoral > Alteração do Resultado de Votação nos Mapas ou Boletins de Apuração,68,REVIEW,other,KEEP,misconduct,misc_other,mixed,electoral misconduct / crime,Y
15143,Violência contra a Mulher Candidata ou no Exercício do Mandato Eletivo,"<p> Art. 326-B, do C&oacute;digo Eleitoral.</p>",DIREITO ELEITORAL > Crimes Eleitorais > Crimes contra a Propaganda Eleitoral > Violência contra a Mulher Candidata ou no Exercício do Mandato Eletivo,67,KEEP,cassacao_mandato,KEEP,gender_violence,misc_other,mixed,gender quota / political violence,Y
11684,Recursos Financeiros de Campanha Eleitoral,,DIREITO ELEITORAL > Eleições > Recursos Financeiros de Campanha Eleitoral,62,REVIEW,other,KEEP,campaign_finance,cleaning_other,cleaning,campaign finance challenge,Y
11467,Crimes contra a Fé Pública Eleitoral,,DIREITO ELEITORAL > Crimes Eleitorais > Crimes contra a Fé Pública Eleitoral,60,KEEP,crimes_eleitorais,KEEP,misconduct,misc_other,mixed,electoral misconduct / crime,Y
11595,Inelegibilidade,"<p> Corrigido o&nbsp;nome Ineligibilidade para Inelegibilidade deste item e de todos os seus filhos em 02/02/2012, durante reuni&atilde;o do comit&ecirc; gestor",DIREITO ELEITORAL > Eleições > Candidatos > Inelegibilidade,58,KEEP,inelegibilidade,KEEP,ineligibility,ineligibility,cleaning,eligibility / registration challenge,Y
12636,Propaganda Política - Propaganda Eleitoral - Telemarketing,,DIREITO ELEITORAL > Eleições > Propaganda Política - Propaganda Eleitoral > Propaganda Política - Propaganda Eleitoral - Telemarketing,56,KEEP,propaganda,KEEP,illegal_advertising,illegal_advertising,noise,propaganda / advertising,Y
11491,Utilização de Organização Comercial para Propaganda ou Aliciamento de Eleitores,"Art. 334. Utilizar organização comercial de vendas, distribuição de mercadorias, prêmios e sorteios para propaganda ou aliciamento de eleitores: Pena - detenção",DIREITO ELEITORAL > Crimes Eleitorais > Crimes contra a Propaganda Eleitoral > Utilização de Organização Comercial para Propaganda ou Aliciamento de Eleitores,51,KEEP,propaganda,KEEP,vote_buying,cleaning_other,cleaning,vote buying / corruption,Y
15020,Denunciação Caluniosa para Fins Eleitorais,"<p> Art. 326-A. Dar causa &agrave; instaura&ccedil;&atilde;o de investiga&ccedil;&atilde;o policial, de processo judicial, de investiga&ccedil;&atilde;o adminis",DIREITO ELEITORAL > Crimes Eleitorais > Crimes contra a Fé Pública Eleitoral > Denunciação Caluniosa para Fins Eleitorais,47,REVIEW,other,KEEP,honor_defamation,honor_defamation,noise,honor / false accusation,Y
10752,Aliciamento eleitoral,"Art. 302. Promover, no dia da eleição, com o fim de impedir, embaraçar ou fraudar o exercício do voto a concentração de eleitores, sob qualquer forma, inclusive",DIREITO PENAL > Crimes Previstos na Legislação Extravagante > Crimes Eleitorais > Aliciamento eleitoral,47,REVIEW,other,KEEP,vote_buying,cleaning_other,cleaning,aliciamento eleitoral,Y
11480,Cerceamento da Fiscalização Partidária,"Art. 87. Na apuração, será garantido aos fiscais e delegados dos partidos e coligações o direito de observar diretamente, a distância não superior a um metro da",DIREITO ELEITORAL > Crimes Eleitorais > Crimes contra a Fé Pública Eleitoral > Cerceamento da Fiscalização Partidária,44,REVIEW,other,KEEP,misconduct,misc_other,mixed,electoral misconduct / crime,Y
11519,Inscrição Simultânea em Dois ou Mais Partidos,"Art. 320. Inscrever-se o eleitor, simultaneamente, em dois ou mais partidos: Pena - pagamento de 10 a 20 dias-multa.",DIREITO ELEITORAL > Crimes Eleitorais > Crimes contra os Partidos Políticos > Inscrição Simultânea em Dois ou Mais Partidos,41,REVIEW,other,KEEP,misconduct,misc_other,mixed,electoral misconduct / crime,Y
11476,Obtenção de Documento Falso para Fins Eleitorais,"Art. 354. Obter, para uso próprio ou de outrem, documento público ou particular, material ou ideologicamente falso para fins eleitorais: Pena - a cominada à fal",DIREITO ELEITORAL > Crimes Eleitorais > Crimes contra a Fé Pública Eleitoral > Obtenção de Documento Falso para Fins Eleitorais,41,REVIEW,other,KEEP,misconduct,misc_other,mixed,electoral misconduct / crime,Y
11445,"Ocultação, Sonegação ou Recusa de Fornecimento de Utilidades, Alimentos e Transporte no Dia da Eleição ","Art. 304. Ocultar, sonegar açambarcar ou recusar no dia da eleição o fornecimento, normalmente a todos, de utilidades, alimentação e meios de transporte, ou con","DIREITO ELEITORAL > Crimes Eleitorais > Crimes contra o Serviço da Justiça Eleitoral > Ocultação, Sonegação ou Recusa de Fornecimento de Utilidades, Alimentos e Transporte no Dia da Eleição ",41,REVIEW,other,KEEP,misconduct,misc_other,mixed,electoral misconduct / crime,Y
10753,Falso eleitoral,"Art. 350. Omitir, em documento público ou particular, declaração que dêle devia constar, ou nele inserir ou fazer inserir declaração falsa ou diversa da que dev",DIREITO PENAL > Crimes Previstos na Legislação Extravagante > Crimes Eleitorais > Falso eleitoral,41,REVIEW,other,KEEP,misconduct,misc_other,mixed,falso eleitoral (art.350 CE),Y
14941,Percentual de Gênero,"<p align=""justify"" class=""texto2"" style=""color: rgb(0, 0, 0); font-family: Arial; font-size: small; text-indent: 35px;""> rt. 10.&nbsp; Cada partido ou coliga&cc",DIREITO ELEITORAL > Eleições > Candidatos > Registro de Candidatura > Percentual de Gênero,40,REVIEW,other,KEEP,gender_violence,misc_other,mixed,gender-quota percentage challenge,Y
11597,Inelegibilidade - Analfabetismo,"CF/88: ""Art. 14. A soberania popular será exercida pelo sufrágio universal e pelo voto direto e secreto, com valor igual para todos, e, nos termos da lei, media",DIREITO ELEITORAL > Eleições > Candidatos > Inelegibilidade > Inelegibilidade - Analfabetismo,39,KEEP,inelegibilidade,KEEP,ineligibility,ineligibility,cleaning,eligibility / registration challenge,Y
11478,Obtenção de Acesso a Sistema de Dados Eleitorais,"Art. 72. Constituem crimes, puníveis com reclusão, de cinco a dez anos: I - obter acesso a sistema de tratamento automático de dados usado pelo serviço eleitora",DIREITO ELEITORAL > Crimes Eleitorais > Crimes contra a Fé Pública Eleitoral > Obtenção de Acesso a Sistema de Dados Eleitorais,39,REVIEW,other,KEEP,misconduct,misc_other,mixed,electoral misconduct / crime,Y
10820,Divulgação de pesquisa de fraudulenta,"Art. 33. As entidades e empresas que realizarem pesquisas de opinião pública relativas às eleições ou aos candidatos, para conhecimento público, são obrigadas, ",DIREITO PENAL > Crimes Previstos na Legislação Extravagante > Crimes Eleitorais > Divulgação de pesquisa de fraudulenta,39,KEEP,pesquisa_fraude,KEEP,electoral_polls,electoral_polls,noise,poll-related,Y
11464,Obstamento do Transporte e Fornecimento de Alimentos a Eleitores pela Justiça Eleitoral,"Art. 4º - Quinze dias antes do pleito, a Justiça Eleitoral divulgará, pelo órgão competente, o quadro geral de percursos e horários programados para o transport",DIREITO ELEITORAL > Crimes Eleitorais > Crimes contra o Serviço da Justiça Eleitoral > Obstamento do Transporte e Fornecimento de Alimentos a Eleitores pela Justiça Eleitoral,36,REVIEW,other,KEEP,misconduct,misc_other,mixed,electoral misconduct / crime,Y
11659,Propaganda Política - Propaganda Eleitoral - Bem Tombado,"Art. 63. Alterar o aspecto ou estrutura de edificação ou local especialmente protegido por lei, ato administrativo ou decisão judicial, em razão de seu valor pa",DIREITO ELEITORAL > Eleições > Propaganda Política - Propaganda Eleitoral > Propaganda Política - Propaganda Eleitoral - Bem Tombado,36,KEEP,propaganda,KEEP,illegal_advertising,illegal_advertising,noise,propaganda / advertising,Y
15537,Violência Política de Gênero (art. 326-B do Código Eleitoral),"<p> &nbsp; &nbsp; &nbsp; &nbsp; &nbsp; &nbsp; &nbsp;</p> <p> Art. 326-B. Assediar, constranger, humilhar, perseguir ou amea&ccedil;ar, por qualquer meio, candid",DIREITO ELEITORAL > Crimes Eleitorais > Violência Política de Gênero (art. 326-B do Código Eleitoral),35,REVIEW,other,KEEP,gender_violence,misc_other,mixed,gender quota / political violence,Y
12634,Apropriação Indébita Eleitoral,"<p align=""justify""> &nbsp;Art. 354-A.&nbsp; Apropriar-se o candidato, o administrador financeiro da campanha, ou quem de fato exer&ccedil;a essa fun&ccedil;&ati",DIREITO ELEITORAL > Crimes Eleitorais > Crimes contra a Fé Pública Eleitoral > Apropriação Indébita Eleitoral,34,REVIEW,other,KEEP,campaign_finance,cleaning_other,cleaning,campaign finance challenge,Y
15304,Recurso de Origem Não Identificada,"<div id=""dsc_glossario_txt""> <p> <span style=""color: rgb(0, 0, 0); font-family: Calibri; font-size: 13.3333px; text-align: center; white-space-collapse: preserv",DIREITO ELEITORAL > Eleições > Recursos Financeiros de Campanha Eleitoral > Recurso de Origem Não Identificada,33,REVIEW,other,KEEP,campaign_finance,cleaning_other,cleaning,campaign finance challenge,Y
3617,Representação caluniosa,Art. 19. Constitui crime a representação por ato de improbidade contra agente público ou terceiro beneficiário quando o autor da denúncia o sabe inocente. Pena ,DIREITO PENAL > Crimes Previstos na Legislação Extravagante > Representação caluniosa,32,REVIEW,other,KEEP,honor_defamation,honor_defamation,noise,representacao caluniosa: false accusation = noise,Y
11514,Divulgação de Propaganda Eleitoral no Dia da Eleição,"Art. 39. ................................................... § 5º Constituem crimes, no dia da eleição, puníveis com detenção, de seis meses a um ano, com a alt",DIREITO ELEITORAL > Crimes Eleitorais > Crimes contra o Sigilo ou o Exercício do Voto > Divulgação de Propaganda Eleitoral no Dia da Eleição,32,KEEP,propaganda,KEEP,illegal_advertising,illegal_advertising,noise,propaganda / advertising,Y
11500,"Prisão ou Detenção do Eleitor, Membro de Mesa Receptora, Fiscal, Delegado de Partido ou Candidato, Fora das Hipóteses Legais Permitidas ","Art. 298. Prender ou deter eleitor, membro de mesa receptora, fiscal, delegado de partido ou candidato, com violação do disposto no Art. 236: Pena - Reclusão at","DIREITO ELEITORAL > Crimes Eleitorais > Crimes contra o Sigilo ou o Exercício do Voto > Prisão ou Detenção do Eleitor, Membro de Mesa Receptora, Fiscal, Delegado de Partido ou Candidato, Fora das Hipóteses Legais Permitidas ",30,REVIEW,other,KEEP,misconduct,misc_other,mixed,electoral misconduct / crime,Y
11443,Promoção de Desordem nos Trabalhos Eleitorais,Art. 296. Promover desordem que prejudique os trabalhos eleitorais; Pena - Detenção até dois meses e pagamento de 60 a 90 dias-multa.,DIREITO ELEITORAL > Crimes Eleitorais > Crimes contra o Serviço da Justiça Eleitoral > Promoção de Desordem nos Trabalhos Eleitorais,28,REVIEW,other,KEEP,misconduct,misc_other,mixed,electoral misconduct / crime,Y
11455,Descumprimento da Proibição de Fornecimento de Transporte ou Refeições a Eleitores,"Art. 5º - Nenhum veículo ou embarcação poderá fazer transporte de eleitores desde o dia anterior até o posterior à eleição, salvo: I - a serviço da Justiça Elei",DIREITO ELEITORAL > Crimes Eleitorais > Crimes contra o Serviço da Justiça Eleitoral > Descumprimento da Proibição de Fornecimento de Transporte ou Refeições a Eleitores,27,REVIEW,other,KEEP,misconduct,misc_other,mixed,electoral misconduct / crime,Y
3576,Denunciação caluniosa ,"Denunciação caluniosa Art. 339. Dar causa à instauração de investigação policial, de processo judicial, instauração de investigação administrativa, inquérito ci",DIREITO PENAL > Crimes Contra a Administração da Justiça > Denunciação caluniosa ,25,REVIEW,other,KEEP,honor_defamation,honor_defamation,noise,denunciacao caluniosa: false accusation = noise,Y
11493,Participação de Pessoa Não Detentora de Direitos Políticos em Atividades Partidárias e de Propaganda Eleitoral ,"Art. 337. Participar, o estrangeiro ou brasileiro que não estiver no gôzo dos seus direitos políticos, de atividades partidárias inclusive comícios e atos de pr",DIREITO ELEITORAL > Crimes Eleitorais > Crimes contra a Propaganda Eleitoral > Participação de Pessoa Não Detentora de Direitos Políticos em Atividades Partidárias e de Propaganda Eleitoral ,23,KEEP,propaganda,KEEP,illegal_advertising,illegal_advertising,noise,propaganda / advertising,Y
14107,(Fato até 10/01/2023) Injúria Preconceituosa em Razão de Identidade de Gênero,"<p> Art. 140 - Injuriar algu&eacute;m, ofendendo-lhe a dignidade ou o decoro: Pena - deten&ccedil;&atilde;o, de um a seis meses, ou multa. &sect; 3o Se a inj&ua",DIREITO PENAL > Crimes contra a Honra > Injúria > Preconceituosa > (Fato até 10/01/2023) Injúria Preconceituosa em Razão de Identidade de Gênero,21,REVIEW,other,KEEP,honor_defamation,honor_defamation,noise,injuria preconceituosa (identidade),Y
12544,Simples,"<p> Inj&uacute;ria Art. 140 - Injuriar algu&eacute;m, ofendendo-lhe a dignidade ou o decoro: Pena - deten&ccedil;&atilde;o, de um a seis meses, ou multa. &sect;",DIREITO PENAL > Crimes contra a Honra > Injúria > Simples,20,REVIEW,other,KEEP,honor_defamation,honor_defamation,noise,injuria simples (eleitoral context),Y
10819,Aliciamento de eleitores,"III - descumprir a proibição dos artigos 5, 8 e 10: Pena - reclusão de quatro a seis anos e pagamento de 200 a 300 dias multa (Art. 302 do Código Eleitoral);",DIREITO PENAL > Crimes Previstos na Legislação Extravagante > Crimes Eleitorais > Aliciamento de eleitores,20,REVIEW,other,KEEP,vote_buying,cleaning_other,cleaning,aliciamento de eleitores,Y
11607,Inelegibilidade - Vida Pregressa,"Art. 14. A soberania popular será exercida pelo sufrágio universal e pelo voto direto e secreto, com valor igual para todos, e, nos termos da lei, mediante: I -",DIREITO ELEITORAL > Eleições > Candidatos > Inelegibilidade > Inelegibilidade - Vida Pregressa,20,KEEP,inelegibilidade,KEEP,ineligibility,ineligibility,cleaning,eligibility / registration challenge,Y
14684,Perseguição,"<p> <span style=""color: rgb(0, 51, 102); font-family: Arial, Helvetica, sans-serif; background-color: rgb(243, 247, 248);"">Persegui&ccedil;&atilde;o</span><br s",DIREITO PENAL > Crimes contra a liberdade pessoal > Perseguição,18,REVIEW,other,KEEP,gender_violence,misc_other,mixed,"perseguicao (stalking, political context)",Y
10824,Coação eleitoral,Valer-se o servidor público da sua autoridade para coagir alguém a votar ou não votar em determinado candidato ou partido: Pena - detenção até seis meses e paga,DIREITO PENAL > Crimes Previstos na Legislação Extravagante > Crimes Eleitorais > Coação eleitoral,17,REVIEW,other,KEEP,misconduct,misc_other,mixed,coacao eleitoral,Y
11439,Induzimento à Inscrição de Eleitor em Infração às Normas Legais,com infração de qualquer dispositivo dêste Código. Pena - Reclusão até 2 anos e pagamento de 15 a 30 dias-multa.,DIREITO ELEITORAL > Crimes Eleitorais > Crimes contra o Serviço da Justiça Eleitoral > Induzimento à Inscrição de Eleitor em Infração às Normas Legais,17,REVIEW,other,KEEP,misconduct,misc_other,mixed,electoral misconduct / crime,Y
11437,Crimes contra o Serviço da Justiça Eleitoral,,DIREITO ELEITORAL > Crimes Eleitorais > Crimes contra o Serviço da Justiça Eleitoral,16,KEEP,crimes_eleitorais,KEEP,misconduct,misc_other,mixed,electoral misconduct / crime,Y
11465,Utilização de Veículos e Embarcações Públicas em Campanha Eleitoral,"Art. 11 - Constitui crime eleitoral: ............................................................... V - utilizar em campanha eleitoral, no decurso dos 90 (nove",DIREITO ELEITORAL > Crimes Eleitorais > Crimes contra o Serviço da Justiça Eleitoral > Utilização de Veículos e Embarcações Públicas em Campanha Eleitoral,16,REVIEW,other,KEEP,misconduct,misc_other,mixed,electoral misconduct / crime,Y
10822,Publicação de pesquisa irregular,"§ 3º A comprovação de irregularidade nos dados publicados sujeita os responsáveis às penas mencionadas no parágrafo anterior, sem prejuízo da obrigatoriedade da",DIREITO PENAL > Crimes Previstos na Legislação Extravagante > Crimes Eleitorais > Publicação de pesquisa irregular,15,REVIEW,other,KEEP,electoral_polls,electoral_polls,noise,publicacao de pesquisa irregular,Y
11700,Doação de Recursos Acima do Limite Legal - Pessoa Física,"Art. 23. Pessoas físicas poderão fazer doações em dinheiro ou estimáveis em dinheiro para campanhas eleitorais, obedecido o disposto nesta Lei. § 1º As doações ",DIREITO ELEITORAL > Eleições > Recursos Financeiros de Campanha Eleitoral > Doação de Recursos Acima do Limite Legal > Doação de Recursos Acima do Limite Legal - Pessoa Física,14,REVIEW,other,KEEP,campaign_finance,cleaning_other,cleaning,campaign finance challenge,Y
11603,Inelegibilidade - Reeleição,"Art. 14. A soberania popular será exercida pelo sufrágio universal e pelo voto direto e secreto, com valor igual para todos, e, nos termos da lei, mediante: I -",DIREITO ELEITORAL > Eleições > Candidatos > Inelegibilidade > Inelegibilidade - Reeleição,14,KEEP,inelegibilidade,KEEP,ineligibility,ineligibility,cleaning,eligibility / registration challenge,Y
11497,Crimes contra o Sigilo ou o Exercício do Voto,,DIREITO ELEITORAL > Crimes Eleitorais > Crimes contra o Sigilo ou o Exercício do Voto,14,KEEP,crimes_eleitorais,KEEP,misconduct,misc_other,mixed,electoral misconduct / crime,Y
11433,Práticas Irregulares que Determinam a Anulação da Votação,"Art. 310. Praticar, ou permitir membro da mesa receptora que seja praticada, qualquer irregularidade que determine a anulação de votação, salvo no caso do Art. ",DIREITO ELEITORAL > Crimes Eleitorais > Crimes contra a Organização Administrativa da Justiça Eleitoral > Práticas Irregulares que Determinam a Anulação da Votação,13,REVIEW,other,KEEP,misconduct,misc_other,mixed,electoral misconduct / crime,Y
14101,(Fato até 10/01/2023) Injúria Preconceituosa em Razão de Cor,"<p> Assunto usado para registrar fatos ocorridos at&eacute; 10 de janeiro de 2023.</p> <p> &quot;Art. 140 - Injuriar algu&eacute;m, ofendendo-lhe a dignidade ou",DIREITO PENAL > Crimes contra a Honra > Injúria > Preconceituosa > (Fato até 10/01/2023) Injúria Preconceituosa em Razão de Cor,13,REVIEW,other,KEEP,honor_defamation,honor_defamation,noise,injuria preconceituosa (raca/cor),Y
11701,Doação de Recursos Acima do Limite Legal - Pessoa Jurídica,<p> Vide Decis&atilde;o do STF na ADi 4650</p>,DIREITO ELEITORAL > Eleições > Recursos Financeiros de Campanha Eleitoral > Doação de Recursos Acima do Limite Legal > Doação de Recursos Acima do Limite Legal - Pessoa Jurídica,13,REVIEW,other,KEEP,campaign_finance,cleaning_other,cleaning,campaign finance challenge,Y
10747,Inscrição fraudulenta ,Art. 289. Inscrever-se fraudulentamente eleitor: Pena - Reclusão até cinco anos e pagamento de cinco a 15 dias-multa.,DIREITO PENAL > Crimes Previstos na Legislação Extravagante > Crimes Eleitorais > Inscrição fraudulenta ,13,REVIEW,other,KEEP,misconduct,misc_other,mixed,inscricao fraudulenta de eleitor,Y
11504,Concentração de Eleitores para Embaraçar ou Fraudar o Exercício do Voto,"Art. 302. Promover, no dia da eleição, com o fim de impedir, embaraçar ou fraudar o exercício do voto a concentração de eleitores, sob qualquer forma, inclusive",DIREITO ELEITORAL > Crimes Eleitorais > Crimes contra o Sigilo ou o Exercício do Voto > Concentração de Eleitores para Embaraçar ou Fraudar o Exercício do Voto,13,REVIEW,other,KEEP,misconduct,misc_other,mixed,electoral misconduct / crime,Y
11444,Majoração de Preços de Utilidade e Serviços Necessários à Realização das Eleições,"Art. 303. Majorar os preços de utilidades e serviços necessários à realização de eleições, tais como transporte e alimentação de eleitores, impressão, publicida",DIREITO ELEITORAL > Crimes Eleitorais > Crimes contra o Serviço da Justiça Eleitoral > Majoração de Preços de Utilidade e Serviços Necessários à Realização das Eleições,12,REVIEW,other,KEEP,misconduct,misc_other,mixed,electoral misconduct / crime,Y
14939,Inelegibilidade - Responsável por Doação Tida com Ilegal,"<p style=""color: rgb(0, 0, 0); font-family: &quot;Times New Roman&quot;; font-size: medium; text-align: justify;""> <small><font face=""Arial"">&nbsp;Art. 1&ordm; ",DIREITO ELEITORAL > Eleições > Candidatos > Inelegibilidade > Inelegibilidade - Responsável por Doação Tida com Ilegal,12,KEEP,inelegibilidade,KEEP,ineligibility,ineligibility,cleaning,eligibility / registration challenge,Y
11479,Destruição de Dados Eleitorais,"Art. 72. Constituem crimes, puníveis com reclusão, de cinco a dez anos: ............................................................... II - desenvolver ou intr",DIREITO ELEITORAL > Crimes Eleitorais > Crimes contra a Fé Pública Eleitoral > Destruição de Dados Eleitorais,11,REVIEW,other,KEEP,misconduct,misc_other,mixed,electoral misconduct / crime,Y
11509,Violação do Sigilo da Urna ou dos Invólucros,Art. 317. Violar ou tentar violar o sigilo da urna ou dos invólucros. Pena - reclusão de três a cinco anos.,DIREITO ELEITORAL > Crimes Eleitorais > Crimes contra o Sigilo ou o Exercício do Voto > Violação do Sigilo da Urna ou dos Invólucros,10,REVIEW,other,KEEP,misconduct,misc_other,mixed,electoral misconduct / crime,Y
11431,Intervenção Indevida de Autoridade Junto à Mesa Receptora,"Art. 305. Intervir autoridade estranha à mesa receptora, salvo o juiz eleitoral, no seu funcionamento sob qualquer pretexto: Pena - detenção até seis meses e pa",DIREITO ELEITORAL > Crimes Eleitorais > Crimes contra a Organização Administrativa da Justiça Eleitoral > Intervenção Indevida de Autoridade Junto à Mesa Receptora,9,REVIEW,other,KEEP,misconduct,misc_other,mixed,electoral misconduct / crime,Y
11517,Crimes contra os Partidos Políticos,,DIREITO ELEITORAL > Crimes Eleitorais > Crimes contra os Partidos Políticos,9,KEEP,crimes_eleitorais,KEEP,misconduct,misc_other,mixed,electoral misconduct / crime,Y
5869,Incitação ao Crime,"<p> Art. 286 - Incitar, publicamente, a pr&aacute;tica de crime: Pena - deten&ccedil;&atilde;o, de tr&ecirc;s a seis meses, ou multa.</p>",DIREITO PENAL > Crimes contra a Paz Pública > Incitação ao Crime,9,KEEP,crimes_eleitorais,KEEP,misconduct,misc_other,mixed,electoral misconduct / crime,Y
11520,Coleta de Assinatura em Mais de Uma Ficha de Registro Partidário,Art. 321. Colher a assinatura do eleitor em mais de uma ficha de registro de partido: Pena - detenção até dois meses ou pagamento de 20 a 40 dias-multa.,DIREITO ELEITORAL > Crimes Eleitorais > Crimes contra os Partidos Políticos > Coleta de Assinatura em Mais de Uma Ficha de Registro Partidário,9,REVIEW,other,KEEP,misconduct,misc_other,mixed,electoral misconduct / crime,Y
10823,Uso de símbolos governamentais em propaganda eleitoral,"Art. 40. O uso, na propaganda eleitoral, de símbolos, frases ou imagens, associadas ou semelhantes às empregadas por órgão de governo, empresa pública ou socied",DIREITO PENAL > Crimes Previstos na Legislação Extravagante > Crimes Eleitorais > Uso de símbolos governamentais em propaganda eleitoral,9,KEEP,propaganda,KEEP,illegal_advertising,illegal_advertising,noise,propaganda / advertising,Y
11510,"Destruição, Supressão ou Ocultação de Urna Contendo Votos ou Documentos Eleitorais ","Art. 339 - Destruir, suprimir ou ocultar urna contendo votos, ou documentos relativos à eleição: Pena - reclusão de dois a seis anos e pagamento de 5 a 15 dias-","DIREITO ELEITORAL > Crimes Eleitorais > Crimes contra o Sigilo ou o Exercício do Voto > Destruição, Supressão ou Ocultação de Urna Contendo Votos ou Documentos Eleitorais ",9,REVIEW,other,KEEP,misconduct,misc_other,mixed,electoral misconduct / crime,Y
11512,Uso Proibido de Alto-Falantes,"Art. 39. ................................................... § 5º Constituem crimes, no dia da eleição, puníveis com detenção, de seis meses a um ano, com a alt",DIREITO ELEITORAL > Crimes Eleitorais > Crimes contra o Sigilo ou o Exercício do Voto > Uso Proibido de Alto-Falantes,9,REVIEW,other,KEEP,misconduct,misc_other,mixed,electoral misconduct / crime,Y
14938,Inelegibilidade - Suspensão dos Direitos Políticos por Ato Doloso de Improbidade Administrativa,"<p style=""color: rgb(0, 0, 0); font-family: &quot;Times New Roman&quot;; font-size: medium; text-align: justify;""> <small><font face=""Arial"">&nbsp; &nbsp;Art. 1",DIREITO ELEITORAL > Eleições > Candidatos > Inelegibilidade > Inelegibilidade - Suspensão dos Direitos Políticos por Ato Doloso de Improbidade Administrativa,8,KEEP,inelegibilidade,KEEP,ineligibility,ineligibility,cleaning,eligibility / registration challenge,Y
15018,Candidatura Avulsa,"<p> Embora n&atilde;o tenha fundamento legal espec&iacute;fico, trata-se de assunto relevante e recorrente nos processos de RRC e que est&aacute; em debate no &",DIREITO ELEITORAL > Eleições > Candidatos > Registro de Candidatura > Candidatura Avulsa,8,REVIEW,other,KEEP,ineligibility,ineligibility,cleaning,candidatura avulsa: contested right to run,Y
14106,(Fato até 10/01/2023) Injúria Preconceituosa em Razão de Orientação Sexual,"<p> Art. 140 - Injuriar algu&eacute;m, ofendendo-lhe a dignidade ou o decoro: Pena - deten&ccedil;&atilde;o, de um a seis meses, ou multa. &sect; 3o Se a inj&ua",DIREITO PENAL > Crimes contra a Honra > Injúria > Preconceituosa > (Fato até 10/01/2023) Injúria Preconceituosa em Razão de Orientação Sexual,8,REVIEW,other,KEEP,honor_defamation,honor_defamation,noise,injuria preconceituosa (orientacao),Y
15154,Violência Política,<p> Art. 359-P do C&oacute;digo Penal.</p>,DIREITO PENAL > Crimes contra o Estado Democrático de Direito > Violência Política,8,REVIEW,other,KEEP,gender_violence,misc_other,mixed,violencia politica (art.359-P CP),Y
11430,Crimes contra a Organização Administrativa da Justiça Eleitoral,,DIREITO ELEITORAL > Crimes Eleitorais > Crimes contra a Organização Administrativa da Justiça Eleitoral,8,KEEP,crimes_eleitorais,KEEP,misconduct,misc_other,mixed,electoral misconduct / crime,Y
10815,Desordem eleitoral,Promover desordem que prejudique os trabalhos eleitorais; Pena - Detenção até dois meses e pagamento de 60 a 90 dias-multa,DIREITO PENAL > Crimes Previstos na Legislação Extravagante > Crimes Eleitorais > Desordem eleitoral,8,REVIEW,other,KEEP,misconduct,misc_other,mixed,desordem eleitoral,Y
14102,(Fato até 10/01/2023) Injúria Preconceituosa em Razão de Etnia,"<p> Assunto usado para registrar fatos ocorridos at&eacute; 10 de janeiro de 2023.</p> <p> Art. 140 - Injuriar algu&eacute;m, ofendendo-lhe a dignidade ou o dec",DIREITO PENAL > Crimes contra a Honra > Injúria > Preconceituosa > (Fato até 10/01/2023) Injúria Preconceituosa em Razão de Etnia,8,REVIEW,other,KEEP,honor_defamation,honor_defamation,noise,honor / false accusation,Y
10995,Falsidade ideológica praticada por Funcionário Público,"Falsidade ideológica Art. 299 - Omitir, em documento público ou particular, declaração que dele devia constar, ou nele inserir ou fazer inserir declaração falsa",DIREITO PENAL > Crimes contra a Fé Pública > Falsidade ideológica praticada por Funcionário Público,7,REVIEW,other,KEEP,misconduct,misc_other,mixed,electoral misconduct / crime,Y
11699,Doação de Recursos Acima do Limite Legal,,DIREITO ELEITORAL > Eleições > Recursos Financeiros de Campanha Eleitoral > Doação de Recursos Acima do Limite Legal,7,REVIEW,other,KEEP,campaign_finance,cleaning_other,cleaning,campaign finance challenge,Y
11450,Não Cumprimento dos Deveres Impostos pelo Código Eleitoral à Autoridade Judiciária e aos Funcionários da Justiça Eleitoral ,"Art. 345. Não cumprir a autoridade judiciária, ou qualquer funcionário dos órgãos da Justiça Eleitoral, nos prazos legais, os deveres impostos por êste Código, ",DIREITO ELEITORAL > Crimes Eleitorais > Crimes contra o Serviço da Justiça Eleitoral > Não Cumprimento dos Deveres Impostos pelo Código Eleitoral à Autoridade Judiciária e aos Funcionários da Justiça Eleitoral ,7,REVIEW,other,KEEP,misconduct,misc_other,mixed,electoral misconduct / crime,Y
11449,Recusa ou Abandono do Serviço Eleitoral,Art. 344. Recusar ou abandonar o serviço eleitoral sem justa causa: Pena - detenção até dois meses ou pagamento de 90 a 120 dias-multa.,DIREITO ELEITORAL > Crimes Eleitorais > Crimes contra o Serviço da Justiça Eleitoral > Recusa ou Abandono do Serviço Eleitoral,7,REVIEW,other,KEEP,misconduct,misc_other,mixed,electoral misconduct / crime,Y
10826,Aliciamento comercial de eleitores,"Art. 334. Utilizar organização comercial de vendas, distribuição de mercadorias, prêmios e sorteios para propaganda ou aliciamento de eleitores: Pena - detenção",DIREITO PENAL > Crimes Previstos na Legislação Extravagante > Crimes Eleitorais > Aliciamento comercial de eleitores,7,REVIEW,other,KEEP,vote_buying,cleaning_other,cleaning,vote buying / corruption,Y
14104,Condição de Pessoa Idosa,"<p> Art. 140 - Injuriar algu&eacute;m, ofendendo-lhe a dignidade ou o decoro: Pena - deten&ccedil;&atilde;o, de um a seis meses, ou multa. &sect; 3o Se a inj&ua",DIREITO PENAL > Crimes contra a Honra > Injúria > Preconceituosa > Condição de Pessoa Idosa,7,REVIEW,other,KEEP,honor_defamation,honor_defamation,noise,honor / false accusation,Y
3572,Desobediência ,"Desobediência Art. 330 - Desobedecer a ordem legal de funcionário público: Pena - detenção, de quinze dias a seis meses, e multa.",DIREITO PENAL > Crimes Praticados por Particular Contra a Administração em Geral > Desobediência ,7,REVIEW,other,KEEP,misconduct,misc_other,mixed,electoral misconduct / crime,Y
3595,Desobediência a decisão judicial sobre perda ou suspensão de direitos ,"A Lei 10.028 de 19.10.2000, acrescentou a este título, o capítulo IV Dos Crimes contra as Finanças Públicas art. 359-A ao 359-H.",DIREITO PENAL > Crimes Contra a Administração da Justiça > Desobediência a decisão judicial sobre perda ou suspensão de direitos ,6,REVIEW,other,KEEP,misconduct,misc_other,mixed,electoral misconduct / crime,Y
11434,Votação de Eleitor na Seção Eleitoral na qual Não Está Inscrito ou Autorizado a Votar ,"Art. 311. Votar em seção eleitoral em que não está inscrito, salvo nos casos expressamente previstos, e permitir, o presidente da mesa receptora, que o voto sej",DIREITO ELEITORAL > Crimes Eleitorais > Crimes contra a Organização Administrativa da Justiça Eleitoral > Votação de Eleitor na Seção Eleitoral na qual Não Está Inscrito ou Autorizado a Votar ,6,REVIEW,other,KEEP,misconduct,misc_other,mixed,electoral misconduct / crime,Y
11511,Destruição de Relação de Candidatos,"Art. 5º - Constitui crime eleitoral destruir, suprimir ou, de qualquer modo, danificar relação de candidatos afixada na cabina indevassável. Pena - detenção, at",DIREITO ELEITORAL > Crimes Eleitorais > Crimes contra o Sigilo ou o Exercício do Voto > Destruição de Relação de Candidatos,6,REVIEW,other,KEEP,misconduct,misc_other,mixed,electoral misconduct / crime,Y
11978,Invasão de Dispositivo Informático,"<p> Art. 154-A. Invadir dispositivo inform&aacute;tico alheio, conectado ou n&atilde;o &agrave; rede de computadores, mediante viola&ccedil;&atilde;o indevida d",DIREITO PENAL > Crimes contra a inviolabilidade de segredo > Invasão de Dispositivo Informático,6,REVIEW,other,KEEP,misconduct,misc_other,mixed,electoral misconduct / crime,Y
15153,Interrupção do Processo Eleitoral,<p> Art. 359-N do C&oacute;digo Penal.</p>,DIREITO PENAL > Crimes contra o Estado Democrático de Direito > Interrupção do Processo Eleitoral,6,REVIEW,other,KEEP,misconduct,misc_other,mixed,interrupcao do processo eleitoral,Y
12392,Inelegibilidade - Renúncia a cargo político na pendência de representação ou petição que possa levar a outra causa de inelegibilidade,"<p style=""text-align: justify""> <font face=""Arial"" size=""2""><span style=""color:black"">Art. 1&ordm; S&atilde;o ineleg&iacute;veis:</span></font></p> <p style=""te",DIREITO ELEITORAL > Eleições > Candidatos > Inelegibilidade > Inelegibilidade - Renúncia a cargo político na pendência de representação ou petição que possa levar a outra causa de inelegibilidade,6,KEEP,inelegibilidade,KEEP,ineligibility,ineligibility,cleaning,eligibility / registration challenge,Y
3436,Apropriação indébita,"Apropriação indébita Art. 168 - Apropriar-se de coisa alheia móvel, de que tem a posse ou a detenção: Pena - reclusão, de um a quatro anos, e multa.",DIREITO PENAL > Crimes contra o Patrimônio > Apropriação indébita,6,REVIEW,other,KEEP,campaign_finance,cleaning_other,cleaning,campaign finance challenge,Y
12365,Enquete,,DIREITO ELEITORAL > Eleições > Enquete,5,REVIEW,other,KEEP,electoral_polls,electoral_polls,noise,poll-related,Y
11508,Violação do Sigilo do Voto,Art. 312. Violar ou tentar violar o sigilo do voto: Pena - detenção até dois anos.,DIREITO ELEITORAL > Crimes Eleitorais > Crimes contra o Sigilo ou o Exercício do Voto > Violação do Sigilo do Voto,5,REVIEW,other,KEEP,misconduct,misc_other,mixed,electoral misconduct / crime,Y
10755,Boca de urna,"§ 5º Constituem crimes, no dia da eleição, puníveis com detenção, de seis meses a um ano, com a alternativa de prestação de serviços à comunidade pelo mesmo per",DIREITO PENAL > Crimes Previstos na Legislação Extravagante > Crimes Eleitorais > Boca de urna,5,KEEP,captacao_corrupcao,KEEP,vote_buying,cleaning_other,cleaning,vote buying / corruption,Y
11601,Inelegibilidade - Inalistável,"CF/88: ""Art. 14. A soberania popular será exercida pelo sufrágio universal e pelo voto direto e secreto, com valor igual para todos, e, nos termos da lei, media",DIREITO ELEITORAL > Eleições > Candidatos > Inelegibilidade > Inelegibilidade - Inalistável,5,KEEP,inelegibilidade,KEEP,ineligibility,ineligibility,cleaning,eligibility / registration challenge,Y
15142,Propaganda Política Irregular - Violência contra a Mulher,"<p> Art. 243, X, do C&oacute;digo Eleitoral<br /> &nbsp;</p>",DIREITO ELEITORAL > Partidos Políticos > Propaganda Política > Propaganda Política Partidária > Propaganda Política Irregular - Violência contra a Mulher,5,KEEP,propaganda,KEEP,gender_violence,misc_other,mixed,gender quota / political violence,Y
11774,Veiculação,,DIREITO ELEITORAL > Partidos Políticos > Propaganda Política > Propaganda Política Partidária > Veiculação,5,REVIEW,other,KEEP,illegal_advertising,illegal_advertising,noise,veiculacao de propaganda partidaria,Y
12642,Processamento de Recurso Contra Expedição de Diploma,<p> Art. 262. &nbsp;O recurso contra expedi&ccedil;&atilde;o de diploma caber&aacute; somente nos casos de inelegibilidade superveniente ou de natureza constitu,DIREITO ELEITORAL > Administração da Justiça Eleitoral > Processamento de Recurso Contra Expedição de Diploma,4,KEEP,cassacao_mandato,KEEP,ineligibility,ineligibility,cleaning,eligibility / registration challenge,Y
12543,Preconceituosa,"<p> Art. 140 - Injuriar algu&eacute;m, ofendendo-lhe a dignidade ou o decoro: Pena - deten&ccedil;&atilde;o, de um a seis meses, ou multa. &sect; 3o Se a inj&ua",DIREITO PENAL > Crimes contra a Honra > Injúria > Preconceituosa,4,REVIEW,other,KEEP,honor_defamation,honor_defamation,noise,honor / false accusation,Y
12542,Real,"<p> Art. 140 - Injuriar algu&eacute;m, ofendendo-lhe a dignidade ou o decoro: Pena - deten&ccedil;&atilde;o, de um a seis meses, ou multa. &sect; 2&ordm; - Se a",DIREITO PENAL > Crimes contra a Honra > Injúria > Real,4,REVIEW,other,KEEP,honor_defamation,honor_defamation,noise,honor / false accusation,Y
11606,Inelegibilidade - Terceiro Mandato,"Art. 14. A soberania popular será exercida pelo sufrágio universal e pelo voto direto e secreto, com valor igual para todos, e, nos termos da lei, mediante: I -",DIREITO ELEITORAL > Eleições > Candidatos > Inelegibilidade > Inelegibilidade - Terceiro Mandato,4,KEEP,inelegibilidade,KEEP,ineligibility,ineligibility,cleaning,eligibility / registration challenge,Y
11610,Inelegibilidade - Vínculo em União Estável ,"A jurisprudência do TSE aplica ao caso a mesma regra do art. 14, § 7º, CF/88. CF/88: ""Art. 14. A soberania popular será exercida pelo sufrágio universal e pelo ",DIREITO ELEITORAL > Eleições > Candidatos > Inelegibilidade > Inelegibilidade - Vínculo em União Estável ,4,KEEP,inelegibilidade,KEEP,ineligibility,ineligibility,cleaning,eligibility / registration challenge,Y
11507,Votação Múltipla ou Realizada em Lugar de Outrem,"Art. 309. Votar ou tentar votar mais de uma vez, ou em lugar de outrem: Pena - reclusão até três anos.",DIREITO ELEITORAL > Crimes Eleitorais > Crimes contra o Sigilo ou o Exercício do Voto > Votação Múltipla ou Realizada em Lugar de Outrem,3,REVIEW,other,KEEP,misconduct,misc_other,mixed,electoral misconduct / crime,Y
14103,(Fato até 10/01/2023) Injúria Preconceituosa em Razão de Origem,"<p> Assunto usado para registrar fatos ocorridos at&eacute; 10 de janeiro de 2023.</p> <p> &quot;Art. 140 - Injuriar algu&eacute;m, ofendendo-lhe a dignidade ou",DIREITO PENAL > Crimes contra a Honra > Injúria > Preconceituosa > (Fato até 10/01/2023) Injúria Preconceituosa em Razão de Origem,3,REVIEW,other,KEEP,honor_defamation,honor_defamation,noise,honor / false accusation,Y
11599,Inelegibilidade - Declaração de Indignidade ou de Incompatibilidade com o Oficialato,Art. 1º São inelegíveis: I - para qualquer cargo: ............................................................... f) os que forem declarados indignos do oficial,DIREITO ELEITORAL > Eleições > Candidatos > Inelegibilidade > Inelegibilidade - Declaração de Indignidade ou de Incompatibilidade com o Oficialato,2,KEEP,inelegibilidade,KEEP,ineligibility,ineligibility,cleaning,eligibility / registration challenge,Y
11466,Dano a Equipamento Eleitoral,"Art. 72. Constituem crimes, puníveis com reclusão, de cinco a dez anos: ............................................................... III - causar, propositad",DIREITO ELEITORAL > Crimes Eleitorais > Crimes contra o Serviço da Justiça Eleitoral > Dano a Equipamento Eleitoral,2,REVIEW,other,KEEP,misconduct,misc_other,mixed,electoral misconduct / crime,Y
11440,Inscrição Fraudulenta Efetivada pelo Juiz,"Art. 291. Efetuar o juiz, fraudulentamente, a inscrição de alistando. Pena - Reclusão até 5 anos e pagamento de cinco a quinze dias-multa.",DIREITO ELEITORAL > Crimes Eleitorais > Crimes contra o Serviço da Justiça Eleitoral > Inscrição Fraudulenta Efetivada pelo Juiz,2,REVIEW,other,KEEP,misconduct,misc_other,mixed,electoral misconduct / crime,Y
11492,Realização de Propaganda Eleitoral em Língua Estrangeira,"Art. 335. Fazer propaganda, qualquer que seja a sua forma, em língua estrangeira: Pena - detenção de três a seis meses e pagamento de 30 a 60 dias-multa. Parágr",DIREITO ELEITORAL > Crimes Eleitorais > Crimes contra a Propaganda Eleitoral > Realização de Propaganda Eleitoral em Língua Estrangeira,2,KEEP,propaganda,KEEP,illegal_advertising,illegal_advertising,noise,propaganda / advertising,Y
11772,Propaganda Política Partidária,,DIREITO ELEITORAL > Partidos Políticos > Propaganda Política > Propaganda Política Partidária,1,KEEP,propaganda,KEEP,illegal_advertising,illegal_advertising,noise,propaganda / advertising,Y
11432,Não Observância de Chamamento de Eleitores para Votar,Art. 306. Não observar a ordem em que os eleitores devem ser chamados a votar: Pena - pagamento de 15 a 30 dias-multa.,DIREITO ELEITORAL > Crimes Eleitorais > Crimes contra a Organização Administrativa da Justiça Eleitoral > Não Observância de Chamamento de Eleitores para Votar,1,REVIEW,other,KEEP,misconduct,misc_other,mixed,electoral misconduct / crime,Y
11436,"Fabricação, Aquisição, Fornecimento, Subtração ou Guarda de Materiais de Uso da Justiça Eleitoral","fornecer, ainda que gratuitamente, subtrair ou guardar urnas, objetos, mapas, cédulas ou papéis de uso exclusivo da Justiça Eleitoral: Pena - reclusão até três ","DIREITO ELEITORAL > Crimes Eleitorais > Crimes contra a Organização Administrativa da Justiça Eleitoral > Fabricação, Aquisição, Fornecimento, Subtração ou Guarda de Materiais de Uso da Justiça Eleitoral",1,REVIEW,other,KEEP,misconduct,misc_other,mixed,electoral misconduct / crime,Y
10816,Falsificação de documento público para fins eleitorais,"Art. 348. Falsificar, no todo ou em parte, documento público, ou alterar documento público verdadeiro, para fins eleitorais: Pena - reclusão de dois a seis anos",DIREITO PENAL > Crimes Previstos na Legislação Extravagante > Crimes Eleitorais > Falsificação de documento público para fins eleitorais,1,REVIEW,other,KEEP,misconduct,misc_other,mixed,electoral misconduct / crime,Y
11441,Negativa ou Retardamento de Inscrição sem Fundamento Legal,"Art. 292. Negar ou retardar a autoridade judiciária, sem fundamento legal, a inscrição requerida: Pena - Pagamento de 30 a 60 dias-multa.",DIREITO ELEITORAL > Crimes Eleitorais > Crimes contra o Serviço da Justiça Eleitoral > Negativa ou Retardamento de Inscrição sem Fundamento Legal,1,REVIEW,other,KEEP,misconduct,misc_other,mixed,electoral misconduct / crime,Y
