pair_id,cod_classe,classe,cod_assunto,assunto,fam_act10,kept
1849,11532.0,REGISTRO DE CANDIDATURA,11618.0,Registro de Candidatura - RRC - Candidato,,False
1648,12193.0,PRESTAÇÃO DE CONTAS ELEITORAIS,11638.0,Cargo - Vereador,,False
1660,12193.0,PRESTAÇÃO DE CONTAS ELEITORAIS,11767.0,Partido Político - Órgão de Direção Municipal,,False
1847,11532.0,REGISTRO DE CANDIDATURA,12044.0,Registro de Candidatura - DRAP Partido/Coligação,,False
457,12550.0,COMPOSIÇÃO DE MESA RECEPTORA,12566.0,Ausência ou Abandono aos Trabalhos Eleitorais,,False
1647,12193.0,PRESTAÇÃO DE CONTAS ELEITORAIS,11633.0,Cargo - Prefeito,,False
535,156.0,CUMPRIMENTO DE SENTENÇA,12366.0,Execução - Cumprimento de Sentença,,False
1662,12193.0,PRESTAÇÃO DE CONTAS ELEITORAIS,12046.0,Prestação de Contas - De Candidato,,False
1848,11532.0,REGISTRO DE CANDIDATURA,11617.0,Registro de Candidatura - Preenchimento de Vaga Remanescente,,False
1938,11541.0,REPRESENTAÇÃO,11667.0,Propaganda Política - Propaganda Eleitoral - Extemporânea/Antecipada,,False
523,156.0,CUMPRIMENTO DE SENTENÇA,11638.0,Cargo - Vereador,,False
1937,11541.0,REPRESENTAÇÃO,12635.0,Propaganda Política - Propaganda Eleitoral - Divulgação de Notícia  Sabidamente Falsa,,False
1852,11532.0,REGISTRO DE CANDIDATURA,11621.0,Registro de Candidatura - Substituição de Candidato - Por Cancelamento de Registro,,False
1833,11532.0,REGISTRO DE CANDIDATURA,11616.0,Impugnação ao Registro de Candidatura,,False
20,11530.0,APURAÇÃO DE ELEIÇÃO,11714.0,Apuração/Totalização de Votos,,False
1946,11541.0,REPRESENTAÇÃO,11679.0,Propaganda Política - Propaganda Eleitoral - Internet,,False
1913,11541.0,REPRESENTAÇÃO,11649.0,Pesquisa Eleitoral - Divulgação de Pesquisa Eleitoral Fraudulenta,pesquisa_adv,True
1951,11541.0,REPRESENTAÇÃO,12637.0,Propaganda Política - Propaganda Eleitoral - Redes Sociais,,False
816,12554.0,FILIAÇÃO PARTIDÁRIA,12586.0,Filiação Partidária - Lista Especial,,False
1850,11532.0,REGISTRO DE CANDIDATURA,11619.0,Registro de Candidatura - RRCI - Candidato Individual,,False
2228,12633.0,REQUERIMENTO DE REGULARIZAÇÃO DE OMISSÃO DE PRESTAÇÃO DE CONTAS ELEITORAIS,11638.0,Cargo - Vereador,,False
814,12554.0,FILIAÇÃO PARTIDÁRIA,11757.0,Filiação Partidária - Coexistência,,False
123,11527.0,AÇÃO DE INVESTIGAÇÃO JUDICIAL ELEITORAL,11718.0,Abuso - De Poder Econômico,abuso,True
2235,12633.0,REQUERIMENTO DE REGULARIZAÇÃO DE OMISSÃO DE PRESTAÇÃO DE CONTAS ELEITORAIS,11767.0,Partido Político - Órgão de Direção Municipal,,False
813,12554.0,FILIAÇÃO PARTIDÁRIA,11756.0,Filiação Partidária - Cancelamento,,False
1920,11541.0,REPRESENTAÇÃO,11654.0,Propaganda Política - Propaganda Eleitoral - Alto-falante/Amplificador de Som,,False
1665,12193.0,PRESTAÇÃO DE CONTAS ELEITORAIS,12069.0,Prestação de Contas - de Partido Político,,False
2243,12633.0,REQUERIMENTO DE REGULARIZAÇÃO DE OMISSÃO DE PRESTAÇÃO DE CONTAS ELEITORAIS,12598.0,Requerimento de Regularização da Situação de Inadimplência de Prestação de Contas,,False
1879,11541.0,REPRESENTAÇÃO,11633.0,Cargo - Prefeito,,False
124,11527.0,AÇÃO DE INVESTIGAÇÃO JUDICIAL ELEITORAL,11719.0,Abuso - De Poder Político/Autoridade,abuso,True
1653,12193.0,PRESTAÇÃO DE CONTAS ELEITORAIS,11698.0,Contas - Não Apresentação das Contas,,False
1194,12561.0,NOTÍCIA DE IRREGULARIDADE EM PROPAGANDA ELEITORAL,11679.0,Propaganda Política - Propaganda Eleitoral - Internet,,False
1171,12561.0,NOTÍCIA DE IRREGULARIDADE EM PROPAGANDA ELEITORAL,11655.0,Propaganda Política - Propaganda Eleitoral - Banner/Cartaz/Faixa,,False
1915,11541.0,REPRESENTAÇÃO,11651.0,Pesquisa Eleitoral - Registro de Pesquisa Eleitoral,,False
2197,12630.0,REPRESENTAÇÃO ESPECIAL,11700.0,Doação de Recursos Acima do Limite Legal - Pessoa Física,finance,True
1939,11541.0,REPRESENTAÇÃO,11668.0,Propaganda Política - Propaganda Eleitoral - Folhetos/Volantes/Santinhos/Impressos,,False
2288,14208.0,SUSPENSÃO DE ÓRGÃO PARTIDÁRIO,11698.0,Contas - Não Apresentação das Contas,,False
2291,14208.0,SUSPENSÃO DE ÓRGÃO PARTIDÁRIO,11767.0,Partido Político - Órgão de Direção Municipal,,False
1614,241.0,PETIÇÃO CÍVEL,11778.0,Requerimento,,False
620,12625.0,DIREITO DE RESPOSTA,12635.0,Propaganda Política - Propaganda Eleitoral - Divulgação de Notícia  Sabidamente Falsa,,False
1914,11541.0,REPRESENTAÇÃO,11650.0,Pesquisa Eleitoral - Divulgação de Pesquisa Eleitoral Sem Prévio Registro,pesquisa_adv,True
1100,12560.0,LISTA DE APOIAMENTO PARA CRIAÇÃO DE PARTIDO POLÍTICO,10741.0,Criação do Partido Político,,False
1646,12193.0,PRESTAÇÃO DE CONTAS ELEITORAIS,12601.0,Candidato Não-Eleito,,False
1922,11541.0,REPRESENTAÇÃO,11655.0,Propaganda Política - Propaganda Eleitoral - Banner/Cartaz/Faixa,,False
1808,12557.0,RECURSO/IMPUGNAÇÃO DE ALISTAMENTO ELEITORAL,12055.0,Impugnação - Transferência de Domicílio Eleitoral,,False
1919,11541.0,REPRESENTAÇÃO,11653.0,Propaganda Política - Propaganda Eleitoral - Adesivo,,False
129,11527.0,AÇÃO DE INVESTIGAÇÃO JUDICIAL ELEITORAL,12597.0,Candidatura Fictícia,fraude,True
821,12554.0,FILIAÇÃO PARTIDÁRIA,12585.0,Reversão de Desfiliação,,False
1925,11541.0,REPRESENTAÇÃO,11658.0,Propaganda Política - Propaganda Eleitoral - Bem Público,,False
1930,11541.0,REPRESENTAÇÃO,11662.0,Propaganda Política - Propaganda Eleitoral - Comício/Showmício,,False
1921,11541.0,REPRESENTAÇÃO,12639.0,Propaganda Política - Propaganda Eleitoral - Aplicativo de Mensagem Instantânea,,False
1615,241.0,PETIÇÃO CÍVEL,12599.0,Requerimento de Acesso ao Sistema Interno de Controle e Dados de Pesquisas Eleitorais,,False
1616,241.0,PETIÇÃO CÍVEL,12598.0,Requerimento de Regularização da Situação de Inadimplência de Prestação de Contas,,False
1168,12561.0,NOTÍCIA DE IRREGULARIDADE EM PROPAGANDA ELEITORAL,11653.0,Propaganda Política - Propaganda Eleitoral - Adesivo,,False
2194,12630.0,REPRESENTAÇÃO ESPECIAL,12063.0,Conduta Vedada ao Agente Público,conduta_vedada,True
1186,12561.0,NOTÍCIA DE IRREGULARIDADE EM PROPAGANDA ELEITORAL,11667.0,Propaganda Política - Propaganda Eleitoral - Extemporânea/Antecipada,,False
1797,12557.0,RECURSO/IMPUGNAÇÃO DE ALISTAMENTO ELEITORAL,11576.0,Alistamento Eleitoral - Domicílio Eleitoral,,False
1402,241.0,PETIÇÃO CÍVEL,12362.0,Autorização de Divulgação de Publicidade Institucional,,False
460,12550.0,COMPOSIÇÃO DE MESA RECEPTORA,11642.0,Eleições - 1° Turno,,False
1169,12561.0,NOTÍCIA DE IRREGULARIDADE EM PROPAGANDA ELEITORAL,11654.0,Propaganda Política - Propaganda Eleitoral - Alto-falante/Amplificador de Som,,False
1949,11541.0,REPRESENTAÇÃO,11681.0,Propaganda Política - Propaganda Eleitoral - Outdoors,,False
1944,11541.0,REPRESENTAÇÃO,12638.0,Propaganda Política - Propaganda Eleitoral - Impulsionamento,,False
376,261.0,CARTA PRECATÓRIA CÍVEL,11783.0,Citação,,False
2241,12633.0,REQUERIMENTO DE REGULARIZAÇÃO DE OMISSÃO DE PRESTAÇÃO DE CONTAS ELEITORAIS,12725.0,Regularização de Contas Eleitorais,,False
1941,11541.0,REPRESENTAÇÃO,11671.0,Propaganda Política - Propaganda Eleitoral - Horário Eleitoral Gratuito/Inserções de Propaganda,,False
1199,12561.0,NOTÍCIA DE IRREGULARIDADE EM PROPAGANDA ELEITORAL,12637.0,Propaganda Política - Propaganda Eleitoral - Redes Sociais,,False
522,156.0,CUMPRIMENTO DE SENTENÇA,11633.0,Cargo - Prefeito,,False
151,11527.0,AÇÃO DE INVESTIGAÇÃO JUDICIAL ELEITORAL,11596.0,Inelegibilidade - Abuso do Poder Econômico ou Político,abuso,True
924,279.0,INQUÉRITO POLICIAL,11501.0,Corrupção Eleitoral,vote_buying,True
1174,12561.0,NOTÍCIA DE IRREGULARIDADE EM PROPAGANDA ELEITORAL,11658.0,Propaganda Política - Propaganda Eleitoral - Bem Público,,False
1890,11541.0,REPRESENTAÇÃO,11593.0,Direito de Resposta,direito_resposta,True
2307,278.0,TERMO CIRCUNSTANCIADO,11513.0,Arregimentação de Eleitor ou Boca de Urna,vote_buying,True
1931,11541.0,REPRESENTAÇÃO,11663.0,Propaganda Política - Propaganda Eleitoral - Conduta Vedada a Emissora de Rádio/Televisão na Programação Normal,conduta_vedada,True
1142,12561.0,NOTÍCIA DE IRREGULARIDADE EM PROPAGANDA ELEITORAL,11633.0,Cargo - Prefeito,,False
1948,11541.0,REPRESENTAÇÃO,11680.0,Propaganda Política - Propaganda Eleitoral - Omissão de Informações Obrigatórias,,False
1172,12561.0,NOTÍCIA DE IRREGULARIDADE EM PROPAGANDA ELEITORAL,11656.0,Propaganda Política - Propaganda Eleitoral - Bem Particular,,False
1957,11541.0,REPRESENTAÇÃO,11723.0,Propaganda Política - Propaganda Institucional,,False
1923,11541.0,REPRESENTAÇÃO,11656.0,Propaganda Política - Propaganda Eleitoral - Bem Particular,,False
1945,11541.0,REPRESENTAÇÃO,11678.0,Propaganda Política - Propaganda Eleitoral - Inobservância do Limite Legal,,False
468,12550.0,COMPOSIÇÃO DE MESA RECEPTORA,12568.0,Pedido de Dispensa de Convocação para Trabalhos Eleitorais,,False
815,12554.0,FILIAÇÃO PARTIDÁRIA,11758.0,Filiação Partidária - Exclusão,,False
598,12625.0,DIREITO DE RESPOSTA,11633.0,Cargo - Prefeito,,False
629,12625.0,DIREITO DE RESPOSTA,11679.0,Propaganda Política - Propaganda Eleitoral - Internet,,False
1896,11541.0,REPRESENTAÇÃO,11642.0,Eleições - 1° Turno,,False
1918,11541.0,REPRESENTAÇÃO,11652.0,Propaganda Política - Propaganda Eleitoral,,False
1906,11541.0,REPRESENTAÇÃO,11596.0,Inelegibilidade - Abuso do Poder Econômico ou Político,abuso,True
1955,11541.0,REPRESENTAÇÃO,11675.0,Propaganda Política - Propaganda Eleitoral - Televisão,,False
1645,12193.0,PRESTAÇÃO DE CONTAS ELEITORAIS,12600.0,Candidato Eleito,,False
1603,241.0,PETIÇÃO CÍVEL,11618.0,Registro de Candidatura - RRC - Candidato,,False
1928,11541.0,REPRESENTAÇÃO,15016.0,Propaganda Política - Propaganda Eleitoral - Carreata/Caminhada/Passeata,,False
1932,11541.0,REPRESENTAÇÃO,11664.0,"Propaganda Política - Propaganda Eleitoral - Confecção, Utilização ou Distribuição de Brinde",,False
1181,12561.0,NOTÍCIA DE IRREGULARIDADE EM PROPAGANDA ELEITORAL,11664.0,"Propaganda Política - Propaganda Eleitoral - Confecção, Utilização ou Distribuição de Brinde",,False
1299,12562.0,PET-ADM,12360.0,Matéria Administrativa,,False
978,279.0,INQUÉRITO POLICIAL,11473.0,Falsidade Ideológica,fraude,True
1880,11541.0,REPRESENTAÇÃO,11638.0,Cargo - Vereador,,False
1764,1298.0,PROCESSO ADMINISTRATIVO,12360.0,Matéria Administrativa,,False
1924,11541.0,REPRESENTAÇÃO,11657.0,Propaganda Política - Propaganda Eleitoral - Bem Particular de Uso Comum,,False
1187,12561.0,NOTÍCIA DE IRREGULARIDADE EM PROPAGANDA ELEITORAL,11668.0,Propaganda Política - Propaganda Eleitoral - Folhetos/Volantes/Santinhos/Impressos,,False
125,11527.0,AÇÃO DE INVESTIGAÇÃO JUDICIAL ELEITORAL,11720.0,Abuso - Uso Indevido de Meio de Comunicação Social,abuso,True
1167,12561.0,NOTÍCIA DE IRREGULARIDADE EM PROPAGANDA ELEITORAL,11652.0,Propaganda Política - Propaganda Eleitoral,,False
1416,241.0,PETIÇÃO CÍVEL,11638.0,Cargo - Vereador,,False
1952,11541.0,REPRESENTAÇÃO,11673.0,Propaganda Política - Propaganda Eleitoral - Rádio,,False
908,279.0,INQUÉRITO POLICIAL,10751.0,Captação ilícita de votos ou corrupção eleitoral,vote_buying,True
1576,241.0,PETIÇÃO CÍVEL,11670.0,Propaganda Política - Propaganda Eleitoral - Distribuição de Tempo de Propaganda,,False
2002,272.0,REPRESENTAÇÃO CRIMINAL/NOTÍCIA DE CRIME,11484.0,Calúnia na Propaganda Eleitoral,honra,True
1173,12561.0,NOTÍCIA DE IRREGULARIDADE EM PROPAGANDA ELEITORAL,11657.0,Propaganda Política - Propaganda Eleitoral - Bem Particular de Uso Comum,,False
383,261.0,CARTA PRECATÓRIA CÍVEL,11778.0,Requerimento,,False
1145,12561.0,NOTÍCIA DE IRREGULARIDADE EM PROPAGANDA ELEITORAL,11638.0,Cargo - Vereador,,False
380,261.0,CARTA PRECATÓRIA CÍVEL,11782.0,Intimação,,False
1966,11541.0,REPRESENTAÇÃO,11778.0,Requerimento,,False
634,12625.0,DIREITO DE RESPOSTA,12637.0,Propaganda Política - Propaganda Eleitoral - Redes Sociais,,False
1444,241.0,PETIÇÃO CÍVEL,11753.0,Convenção Partidária,,False
1118,120.0,MANDADO DE SEGURANÇA CÍVEL,12592.0,Direito Líquido e Certo,,False
1991,272.0,REPRESENTAÇÃO CRIMINAL/NOTÍCIA DE CRIME,11513.0,Arregimentação de Eleitor ou Boca de Urna,vote_buying,True
316,12549.0,CANCELAMENTO DE INSCRIÇÃO ELEITORAL (CIE),11575.0,Alistamento Eleitoral - Cancelamento,,False
637,12625.0,DIREITO DE RESPOSTA,11675.0,Propaganda Política - Propaganda Eleitoral - Televisão,,False
624,12625.0,DIREITO DE RESPOSTA,11671.0,Propaganda Política - Propaganda Eleitoral - Horário Eleitoral Gratuito/Inserções de Propaganda,,False
205,11528.0,AÇÃO PENAL ELEITORAL,11501.0,Corrupção Eleitoral,vote_buying,True
1468,241.0,PETIÇÃO CÍVEL,11642.0,Eleições - 1° Turno,,False
2312,278.0,TERMO CIRCUNSTANCIADO,10755.0,Boca de urna,vote_buying,True
1571,241.0,PETIÇÃO CÍVEL,11662.0,Propaganda Política - Propaganda Eleitoral - Comício/Showmício,,False
1436,241.0,PETIÇÃO CÍVEL,11592.0,Condição de Elegibilidade - Quitação Eleitoral,,False
2190,12630.0,REPRESENTAÇÃO ESPECIAL,12062.0,Captação ou Gasto Ilícito de Recursos Financeiros de Campanha Eleitoral,finance,True
1008,279.0,INQUÉRITO POLICIAL,11438.0,Inscrição Fraudulenta,fraude,True
1942,11541.0,REPRESENTAÇÃO,11672.0,Propaganda Política - Propaganda Eleitoral - Horário Eleitoral Gratuito/Programa em Bloco,,False
549,156.0,CUMPRIMENTO DE SENTENÇA,12046.0,Prestação de Contas - De Candidato,,False
1554,241.0,PETIÇÃO CÍVEL,11651.0,Pesquisa Eleitoral - Registro de Pesquisa Eleitoral,,False
1409,241.0,PETIÇÃO CÍVEL,12363.0,Cancelamento de Registro de Candidatura,,False
346,258.0,CARTA DE ORDEM CÍVEL,11782.0,Intimação,,False
1936,11541.0,REPRESENTAÇÃO,11670.0,Propaganda Política - Propaganda Eleitoral - Distribuição de Tempo de Propaganda,,False
161,11527.0,AÇÃO DE INVESTIGAÇÃO JUDICIAL ELEITORAL,11605.0,Inelegibilidade - Representação ou Ação de Investigação Judicial Eleitoral Jugada Procedente pela Justiça Eleitoral,inelegib,True
473,12550.0,COMPOSIÇÃO DE MESA RECEPTORA,14224.0,Requerimento de justificativa por ausência ou abandono dos trabalhos eleitorais,,False
342,258.0,CARTA DE ORDEM CÍVEL,11783.0,Citação,,False
187,11528.0,AÇÃO PENAL ELEITORAL,11513.0,Arregimentação de Eleitor ou Boca de Urna,vote_buying,True
2189,12630.0,REPRESENTAÇÃO ESPECIAL,11721.0,Captação Ilícita de Sufrágio,vote_buying,True
2236,12633.0,REQUERIMENTO DE REGULARIZAÇÃO DE OMISSÃO DE PRESTAÇÃO DE CONTAS ELEITORAIS,12046.0,Prestação de Contas - De Candidato,,False
1414,241.0,PETIÇÃO CÍVEL,11633.0,Cargo - Prefeito,,False
820,12554.0,FILIAÇÃO PARTIDÁRIA,11778.0,Requerimento,,False
2020,272.0,REPRESENTAÇÃO CRIMINAL/NOTÍCIA DE CRIME,11501.0,Corrupção Eleitoral,vote_buying,True
1440,241.0,PETIÇÃO CÍVEL,11695.0,Contas - Aprovação das Contas,,False
1933,11541.0,REPRESENTAÇÃO,11665.0,Propaganda Política - Propaganda Eleitoral - Contrariedade à Lei de Postura Municipal,,False
23,11530.0,APURAÇÃO DE ELEIÇÃO,11642.0,Eleições - 1° Turno,,False
1956,11541.0,REPRESENTAÇÃO,11683.0,"Propaganda Política - Propaganda Eleitoral - Truncagem, Montagem, Utilização de Gravação Externa, Computação Gráfica, Desenho Animado ou Efeito Especial",,False
635,12625.0,DIREITO DE RESPOSTA,11673.0,Propaganda Política - Propaganda Eleitoral - Rádio,,False
2351,278.0,TERMO CIRCUNSTANCIADO,11514.0,Divulgação de Propaganda Eleitoral no Dia da Eleição,,False
2001,272.0,REPRESENTAÇÃO CRIMINAL/NOTÍCIA DE CRIME,3395.0,Calúnia,honra,True
1498,241.0,PETIÇÃO CÍVEL,11616.0,Impugnação ao Registro de Candidatura,,False
2231,12633.0,REQUERIMENTO DE REGULARIZAÇÃO DE OMISSÃO DE PRESTAÇÃO DE CONTAS ELEITORAIS,11698.0,Contas - Não Apresentação das Contas,,False
354,355.0,CARTA PRECATÓRIA CRIMINAL,11783.0,Citação,,False
1595,241.0,PETIÇÃO CÍVEL,12463.0,Providência,,False
899,279.0,INQUÉRITO POLICIAL,11513.0,Arregimentação de Eleitor ou Boca de Urna,vote_buying,True
94,11526.0,AÇÃO DE IMPUGNAÇÃO DE MANDATO ELETIVO,12597.0,Candidatura Fictícia,fraude,True
907,279.0,INQUÉRITO POLICIAL,11484.0,Calúnia na Propaganda Eleitoral,honra,True
1179,12561.0,NOTÍCIA DE IRREGULARIDADE EM PROPAGANDA ELEITORAL,11662.0,Propaganda Política - Propaganda Eleitoral - Comício/Showmício,,False
1912,11541.0,REPRESENTAÇÃO,11648.0,Pesquisa Eleitoral,,False
806,12554.0,FILIAÇÃO PARTIDÁRIA,11577.0,Alistamento Eleitoral - Duplicidade/Pluralidade,,False
543,156.0,CUMPRIMENTO DE SENTENÇA,11767.0,Partido Político - Órgão de Direção Municipal,,False
1894,11541.0,REPRESENTAÇÃO,11700.0,Doação de Recursos Acima do Limite Legal - Pessoa Física,finance,True
366,355.0,CARTA PRECATÓRIA CRIMINAL,11782.0,Intimação,,False
1560,241.0,PETIÇÃO CÍVEL,12642.0,Processamento de Recurso Contra Expedição de Diploma,,False
1170,12561.0,NOTÍCIA DE IRREGULARIDADE EM PROPAGANDA ELEITORAL,12639.0,Propaganda Política - Propaganda Eleitoral - Aplicativo de Mensagem Instantânea,,False
1433,241.0,PETIÇÃO CÍVEL,11589.0,Condição de Elegibilidade - Filiação Partidária,,False
2060,272.0,REPRESENTAÇÃO CRIMINAL/NOTÍCIA DE CRIME,11486.0,Difamação na Propaganda Eleitoral,honra,True
1156,12561.0,NOTÍCIA DE IRREGULARIDADE EM PROPAGANDA ELEITORAL,11642.0,Eleições - 1° Turno,,False
1884,11541.0,REPRESENTAÇÃO,12063.0,Conduta Vedada ao Agente Público,conduta_vedada,True
1068,279.0,INQUÉRITO POLICIAL,11475.0,Uso de Documento Falso para Fins Eleitorais,fraude,True
2064,272.0,REPRESENTAÇÃO CRIMINAL/NOTÍCIA DE CRIME,11514.0,Divulgação de Propaganda Eleitoral no Dia da Eleição,,False
1193,12561.0,NOTÍCIA DE IRREGULARIDADE EM PROPAGANDA ELEITORAL,11678.0,Propaganda Política - Propaganda Eleitoral - Inobservância do Limite Legal,,False
963,279.0,INQUÉRITO POLICIAL,11486.0,Difamação na Propaganda Eleitoral,honra,True
1592,241.0,PETIÇÃO CÍVEL,11723.0,Propaganda Política - Propaganda Institucional,,False
1943,11541.0,REPRESENTAÇÃO,11677.0,Propaganda Política - Propaganda Eleitoral - Imprensa Escrita - Jornal/Revista/Tabloide,,False
1386,241.0,PETIÇÃO CÍVEL,11718.0,Abuso - De Poder Econômico,,False
89,11526.0,AÇÃO DE IMPUGNAÇÃO DE MANDATO ELETIVO,11718.0,Abuso - De Poder Econômico,abuso,True
786,12729.0,EXECUÇÃO DE MEDIDAS ALTERNATIVAS NO JUÍZO COMUM,12731.0,Transação Penal,,False
714,12729.0,EXECUÇÃO DE MEDIDAS ALTERNATIVAS NO JUÍZO COMUM,11513.0,Arregimentação de Eleitor ou Boca de Urna,,False
1820,11532.0,REGISTRO DE CANDIDATURA,11638.0,Cargo - Vereador,,False
1610,241.0,PETIÇÃO CÍVEL,11627.0,Registro de Candidatura - Substituição de Candidato - Por Renúncia,,False
1959,11541.0,REPRESENTAÇÃO,11773.0,Propaganda Política - Propaganda Partidária,,False
2196,12630.0,REPRESENTAÇÃO ESPECIAL,11699.0,Doação de Recursos Acima do Limite Legal,finance,True
1197,12561.0,NOTÍCIA DE IRREGULARIDADE EM PROPAGANDA ELEITORAL,11681.0,Propaganda Política - Propaganda Eleitoral - Outdoors,,False
133,11527.0,AÇÃO DE INVESTIGAÇÃO JUDICIAL ELEITORAL,11638.0,Cargo - Vereador,,False
1960,11541.0,REPRESENTAÇÃO,15141.0,Propaganda Política Irregular,,False
1796,12557.0,RECURSO/IMPUGNAÇÃO DE ALISTAMENTO ELEITORAL,11575.0,Alistamento Eleitoral - Cancelamento,,False
1947,11541.0,REPRESENTAÇÃO,11676.0,Propaganda Política - Propaganda Eleitoral - Invasão de Horário Destinado a Outro Cargo/Partido/Coligação,,False
2342,278.0,TERMO CIRCUNSTANCIADO,11452.0,Desobediência a Ordens ou Instruções da Justiça Eleitoral,,False
706,12729.0,EXECUÇÃO DE MEDIDAS ALTERNATIVAS NO JUÍZO COMUM,15056.0,Acordo de Não Persecução Penal,,False
1861,11541.0,REPRESENTAÇÃO,11717.0,Abuso,abuso,True
1192,12561.0,NOTÍCIA DE IRREGULARIDADE EM PROPAGANDA ELEITORAL,12638.0,Propaganda Política - Propaganda Eleitoral - Impulsionamento,,False
1486,241.0,PETIÇÃO CÍVEL,11756.0,Filiação Partidária - Cancelamento,,False
1176,12561.0,NOTÍCIA DE IRREGULARIDADE EM PROPAGANDA ELEITORAL,11660.0,Propaganda Política - Propaganda Eleitoral - Boca de Urna,,False
1394,241.0,PETIÇÃO CÍVEL,11579.0,Alistamento Eleitoral - Inscrição Eleitoral,,False
1770,1298.0,PROCESSO ADMINISTRATIVO,11778.0,Requerimento,,False
2227,12633.0,REQUERIMENTO DE REGULARIZAÇÃO DE OMISSÃO DE PRESTAÇÃO DE CONTAS ELEITORAIS,11633.0,Cargo - Prefeito,,False
465,12550.0,COMPOSIÇÃO DE MESA RECEPTORA,12053.0,Impugnação - Nomeação de Membro da Mesa Receptora,,False
616,12625.0,DIREITO DE RESPOSTA,11663.0,Propaganda Política - Propaganda Eleitoral - Conduta Vedada a Emissora de Rádio/Televisão na Programação Normal,conduta_vedada,True
241,11528.0,AÇÃO PENAL ELEITORAL,11473.0,Falsidade Ideológica,fraude,True
2059,272.0,REPRESENTAÇÃO CRIMINAL/NOTÍCIA DE CRIME,3396.0,Difamação,honra,True
568,156.0,CUMPRIMENTO DE SENTENÇA,11667.0,Propaganda Política - Propaganda Eleitoral - Extemporânea/Antecipada,,False
896,279.0,INQUÉRITO POLICIAL,12634.0,Apropriação Indébita Eleitoral,finance,True
966,279.0,INQUÉRITO POLICIAL,11483.0,Divulgação de Fatos Inverídicos na Propaganda Eleitoral,honra,True
2410,278.0,TERMO CIRCUNSTANCIADO,11508.0,Violação do Sigilo do Voto,ballot_integrity,True
625,12625.0,DIREITO DE RESPOSTA,11672.0,Propaganda Política - Propaganda Eleitoral - Horário Eleitoral Gratuito/Programa em Bloco,,False
641,12625.0,DIREITO DE RESPOSTA,11778.0,Requerimento,,False
472,12550.0,COMPOSIÇÃO DE MESA RECEPTORA,11778.0,Requerimento,,False
1649,12193.0,PRESTAÇÃO DE CONTAS ELEITORAIS,11640.0,Cargo - Vice-Prefeito,,False
872,12556.0,IMPUGNAÇÃO PERANTE AS JUNTAS ELEITORAIS,11778.0,Requerimento,,False
542,156.0,CUMPRIMENTO DE SENTENÇA,,NI,,False
1872,11541.0,REPRESENTAÇÃO,12600.0,Candidato Eleito,,False
193,11528.0,AÇÃO PENAL ELEITORAL,11484.0,Calúnia na Propaganda Eleitoral,honra,True
913,279.0,INQUÉRITO POLICIAL,11502.0,Coação Visando a Obtenção de Voto ou a sua Abstenção,vote_buying,True
1459,241.0,PETIÇÃO CÍVEL,11724.0,Diplomação,,False
967,279.0,INQUÉRITO POLICIAL,11514.0,Divulgação de Propaganda Eleitoral no Dia da Eleição,,False
1917,11541.0,REPRESENTAÇÃO,11770.0,Propaganda Política,,False
130,11527.0,AÇÃO DE INVESTIGAÇÃO JUDICIAL ELEITORAL,11721.0,Captação Ilícita de Sufrágio,vote_buying,True
1552,241.0,PETIÇÃO CÍVEL,11649.0,Pesquisa Eleitoral - Divulgação de Pesquisa Eleitoral Fraudulenta,,False
2063,272.0,REPRESENTAÇÃO CRIMINAL/NOTÍCIA DE CRIME,11483.0,Divulgação de Fatos Inverídicos na Propaganda Eleitoral,honra,True
1934,11541.0,REPRESENTAÇÃO,11666.0,Propaganda Política - Propaganda Eleitoral - Debate Político,,False
2239,12633.0,REQUERIMENTO DE REGULARIZAÇÃO DE OMISSÃO DE PRESTAÇÃO DE CONTAS ELEITORAIS,12069.0,Prestação de Contas - de Partido Político,,False
2075,272.0,REPRESENTAÇÃO CRIMINAL/NOTÍCIA DE CRIME,11473.0,Falsidade Ideológica,fraude,True
1564,241.0,PETIÇÃO CÍVEL,11654.0,Propaganda Política - Propaganda Eleitoral - Alto-falante/Amplificador de Som,,False
1927,11541.0,REPRESENTAÇÃO,11660.0,Propaganda Política - Propaganda Eleitoral - Boca de Urna,,False
2205,12630.0,REPRESENTAÇÃO ESPECIAL,11596.0,Inelegibilidade - Abuso do Poder Econômico ou Político,abuso,True
1387,241.0,PETIÇÃO CÍVEL,11719.0,Abuso - De Poder Político/Autoridade,,False
1547,241.0,PETIÇÃO CÍVEL,11767.0,Partido Político - Órgão de Direção Municipal,,False
747,12729.0,EXECUÇÃO DE MEDIDAS ALTERNATIVAS NO JUÍZO COMUM,11514.0,Divulgação de Propaganda Eleitoral no Dia da Eleição,,False
348,258.0,CARTA DE ORDEM CÍVEL,11778.0,Requerimento,,False
261,11528.0,AÇÃO PENAL ELEITORAL,11438.0,Inscrição Fraudulenta,fraude,True
1829,11532.0,REGISTRO DE CANDIDATURA,11645.0,Eleições - Eleição Majoritária,,False
235,11528.0,AÇÃO PENAL ELEITORAL,11514.0,Divulgação de Propaganda Eleitoral no Dia da Eleição,,False
2348,278.0,TERMO CIRCUNSTANCIADO,11486.0,Difamação na Propaganda Eleitoral,honra,True
1443,241.0,PETIÇÃO CÍVEL,11698.0,Contas - Não Apresentação das Contas,,False
1185,12561.0,NOTÍCIA DE IRREGULARIDADE EM PROPAGANDA ELEITORAL,12635.0,Propaganda Política - Propaganda Eleitoral - Divulgação de Notícia  Sabidamente Falsa,,False
132,11527.0,AÇÃO DE INVESTIGAÇÃO JUDICIAL ELEITORAL,11633.0,Cargo - Prefeito,,False
1533,241.0,PETIÇÃO CÍVEL,11989.0,Nulidade de ato administrativo,,False
2314,278.0,TERMO CIRCUNSTANCIADO,11484.0,Calúnia na Propaganda Eleitoral,honra,True
1182,12561.0,NOTÍCIA DE IRREGULARIDADE EM PROPAGANDA ELEITORAL,11665.0,Propaganda Política - Propaganda Eleitoral - Contrariedade à Lei de Postura Municipal,,False
1802,12557.0,RECURSO/IMPUGNAÇÃO DE ALISTAMENTO ELEITORAL,11579.0,Alistamento Eleitoral - Inscrição Eleitoral,,False
1391,241.0,PETIÇÃO CÍVEL,11576.0,Alistamento Eleitoral - Domicílio Eleitoral,,False
887,,INCIDENTE DE IMPEDIMENTO / SUSPEIÇÃO,11746.0,Exceção - De Suspeição,,False
1575,241.0,PETIÇÃO CÍVEL,11666.0,Propaganda Política - Propaganda Eleitoral - Debate Político,,False
2003,272.0,REPRESENTAÇÃO CRIMINAL/NOTÍCIA DE CRIME,10751.0,Captação ilícita de votos ou corrupção eleitoral,vote_buying,True
2102,272.0,REPRESENTAÇÃO CRIMINAL/NOTÍCIA DE CRIME,11487.0,Injúria na Propaganda Eleitoral,honra,True
1583,241.0,PETIÇÃO CÍVEL,11679.0,Propaganda Política - Propaganda Eleitoral - Internet,,False
1856,11532.0,REGISTRO DE CANDIDATURA,11627.0,Registro de Candidatura - Substituição de Candidato - Por Renúncia,,False
370,355.0,CARTA PRECATÓRIA CRIMINAL,11778.0,Requerimento,,False
1482,241.0,PETIÇÃO CÍVEL,11731.0,Execução - De Multa Eleitoral,,False
593,157.0,CUMPRIMENTO PROVISÓRIO DE SENTENÇA,12366.0,Execução - Cumprimento de Sentença,,False
1399,241.0,PETIÇÃO CÍVEL,11714.0,Apuração/Totalização de Votos,,False
955,279.0,INQUÉRITO POLICIAL,11455.0,Descumprimento da Proibição de Fornecimento de Transporte ou Refeições a Eleitores,vote_buying,True
1388,241.0,PETIÇÃO CÍVEL,11720.0,Abuso - Uso Indevido de Meio de Comunicação Social,,False
575,156.0,CUMPRIMENTO DE SENTENÇA,11679.0,Propaganda Política - Propaganda Eleitoral - Internet,,False
225,11528.0,AÇÃO PENAL ELEITORAL,11455.0,Descumprimento da Proibição de Fornecimento de Transporte ou Refeições a Eleitores,vote_buying,True
957,279.0,INQUÉRITO POLICIAL,11452.0,Desobediência a Ordens ou Instruções da Justiça Eleitoral,,False
2024,272.0,REPRESENTAÇÃO CRIMINAL/NOTÍCIA DE CRIME,12588.0,Crimes Conexos,,False
1874,11541.0,REPRESENTAÇÃO,11584.0,Candidatos,,False
1545,241.0,PETIÇÃO CÍVEL,11769.0,Partido Político - Comissão Provisória,,False
232,11528.0,AÇÃO PENAL ELEITORAL,11486.0,Difamação na Propaganda Eleitoral,honra,True
1650,12193.0,PRESTAÇÃO DE CONTAS ELEITORAIS,11692.0,Contas,,False
986,279.0,INQUÉRITO POLICIAL,11472.0,Falsificação ou Alteração de Documento Público para Fins Eleitorais,fraude,True
2171,272.0,REPRESENTAÇÃO CRIMINAL/NOTÍCIA DE CRIME,11508.0,Violação do Sigilo do Voto,ballot_integrity,True
372,355.0,CARTA PRECATÓRIA CRIMINAL,10630.0,Transação,,False
602,12625.0,DIREITO DE RESPOSTA,11593.0,Direito de Resposta,direito_resposta,True
2030,272.0,REPRESENTAÇÃO CRIMINAL/NOTÍCIA DE CRIME,11482.0,Crimes contra a Propaganda Eleitoral,,False
599,12625.0,DIREITO DE RESPOSTA,11638.0,Cargo - Vereador,,False
227,11528.0,AÇÃO PENAL ELEITORAL,11452.0,Desobediência a Ordens ou Instruções da Justiça Eleitoral,,False
1007,279.0,INQUÉRITO POLICIAL,11487.0,Injúria na Propaganda Eleitoral,honra,True
122,11527.0,AÇÃO DE INVESTIGAÇÃO JUDICIAL ELEITORAL,11717.0,Abuso,abuso,True
811,12554.0,FILIAÇÃO PARTIDÁRIA,11428.0,DIREITO ELEITORAL,,False
356,355.0,CARTA PRECATÓRIA CRIMINAL,10602.0,Condicional do processo,,False
1579,241.0,PETIÇÃO CÍVEL,11671.0,Propaganda Política - Propaganda Eleitoral - Horário Eleitoral Gratuito/Inserções de Propaganda,,False
1428,241.0,PETIÇÃO CÍVEL,11752.0,Coligação Partidária - Proporcional,,False
2534,12134.0,TUTELA CAUTELAR ANTECEDENTE,11736.0,Cautelar Inominada - De Produção Antecipada de Provas,,False
1975,11541.0,REPRESENTAÇÃO,11776.0,Veiculação de Propaganda Partidária - Em Inserções,,False
1037,279.0,INQUÉRITO POLICIAL,11495.0,Pesquisa Fraudulenta,pesquisa_adv,True
906,279.0,INQUÉRITO POLICIAL,3395.0,Calúnia,honra,True
1295,12562.0,PET-ADM,11428.0,DIREITO ELEITORAL,,False
2290,14208.0,SUSPENSÃO DE ÓRGÃO PARTIDÁRIO,11766.0,Partido Político - Órgão de Direção Estadual,,False
2191,12630.0,REPRESENTAÇÃO ESPECIAL,11633.0,Cargo - Prefeito,,False
1196,12561.0,NOTÍCIA DE IRREGULARIDADE EM PROPAGANDA ELEITORAL,11680.0,Propaganda Política - Propaganda Eleitoral - Omissão de Informações Obrigatórias,,False
1390,241.0,PETIÇÃO CÍVEL,11575.0,Alistamento Eleitoral - Cancelamento,,False
1964,11541.0,REPRESENTAÇÃO,11684.0,Recursos Financeiros de Campanha Eleitoral,finance,True
1830,11532.0,REGISTRO DE CANDIDATURA,11646.0,Eleições - Eleição Proporcional,,False
2052,272.0,REPRESENTAÇÃO CRIMINAL/NOTÍCIA DE CRIME,11452.0,Desobediência a Ordens ou Instruções da Justiça Eleitoral,,False
1523,241.0,PETIÇÃO CÍVEL,11524.0,Irregularidades dos Dados Publicados em Pesquisas Eleitorais,,False
1487,241.0,PETIÇÃO CÍVEL,11757.0,Filiação Partidária - Coexistência,,False
2533,12134.0,TUTELA CAUTELAR ANTECEDENTE,11735.0,Cautelar Inominada - De Busca e Apreensão,,False
1686,1733.0,PROCEDIMENTO INVESTIGATÓRIO CRIMINAL (PIC-MP),11501.0,Corrupção Eleitoral,vote_buying,True
1929,11541.0,REPRESENTAÇÃO,11661.0,Propaganda Política - Propaganda Eleitoral - Cavalete,,False
2100,272.0,REPRESENTAÇÃO CRIMINAL/NOTÍCIA DE CRIME,3397.0,Injúria,honra,True
1082,279.0,INQUÉRITO POLICIAL,11503.0,Violência ou Grave Ameaça Visando a Obtenção de Voto ou a sua Abstenção,vote_buying,True
1063,279.0,INQUÉRITO POLICIAL,11518.0,Subscrição de Mais de Uma Ficha de Filiação Partidária,,False
1472,241.0,PETIÇÃO CÍVEL,11646.0,Eleições - Eleição Proporcional,,False
2516,12135.0,TUTELA ANTECIPADA ANTECEDENTE,12416.0,Tutela de Urgência,,False
1873,11541.0,REPRESENTAÇÃO,12601.0,Candidato Não-Eleito,,False
1875,11541.0,REPRESENTAÇÃO,12597.0,Candidatura Fictícia,fraude,True
1950,11541.0,REPRESENTAÇÃO,11682.0,Propaganda Política - Propaganda Eleitoral - Pintura em Muro,,False
536,156.0,CUMPRIMENTO DE SENTENÇA,11731.0,Execução - De Multa Eleitoral,,False
725,12729.0,EXECUÇÃO DE MEDIDAS ALTERNATIVAS NO JUÍZO COMUM,11501.0,Corrupção Eleitoral,,False
603,12625.0,DIREITO DE RESPOSTA,11642.0,Eleições - 1° Turno,,False
1881,11541.0,REPRESENTAÇÃO,11640.0,Cargo - Vice-Prefeito,,False
142,11527.0,AÇÃO DE INVESTIGAÇÃO JUDICIAL ELEITORAL,11722.0,Corrupção ou Fraude,abuso,True
379,261.0,CARTA PRECATÓRIA CÍVEL,11785.0,Diligências,,False
626,12625.0,DIREITO DE RESPOSTA,11677.0,Propaganda Política - Propaganda Eleitoral - Imprensa Escrita - Jornal/Revista/Tabloide,,False
1293,12562.0,PET-ADM,12612.0,COVID-19,,False
2536,12134.0,TUTELA CAUTELAR ANTECEDENTE,11738.0,Cautelar Inominada - Preparatória,,False
931,279.0,INQUÉRITO POLICIAL,12588.0,Crimes Conexos,,False
1455,241.0,PETIÇÃO CÍVEL,11452.0,Desobediência a Ordens ou Instruções da Justiça Eleitoral,,False
1177,12561.0,NOTÍCIA DE IRREGULARIDADE EM PROPAGANDA ELEITORAL,15016.0,Propaganda Política - Propaganda Eleitoral - Carreata/Caminhada/Passeata,,False
1078,279.0,INQUÉRITO POLICIAL,11508.0,Violação do Sigilo do Voto,ballot_integrity,True
985,279.0,INQUÉRITO POLICIAL,14221.0,Falsificação ou Alteração de Documento Particular para Fins Eleitorais,fraude,True
2388,278.0,TERMO CIRCUNSTANCIADO,11443.0,Promoção de Desordem nos Trabalhos Eleitorais,ballot_integrity,True
1970,11541.0,REPRESENTAÇÃO,11716.0,Transgressões Eleitorais,,False
799,1116.0,EXECUÇÃO FISCAL,11731.0,Execução - De Multa Eleitoral,,False
2226,12633.0,REQUERIMENTO DE REGULARIZAÇÃO DE OMISSÃO DE PRESTAÇÃO DE CONTAS ELEITORAIS,12601.0,Candidato Não-Eleito,,False
1452,241.0,PETIÇÃO CÍVEL,11560.0,Descumprimento de Prazos Eleitorais,,False
1675,1733.0,PROCEDIMENTO INVESTIGATÓRIO CRIMINAL (PIC-MP),12640.0,Arquivamento de Procedimento Investigatório Criminal - PIC-MP,,False
1893,11541.0,REPRESENTAÇÃO,11699.0,Doação de Recursos Acima do Limite Legal,finance,True
1854,11532.0,REGISTRO DE CANDIDATURA,11625.0,Registro de Candidatura - Substituição de Candidato - Por Indeferimento de Registro,,False
1588,241.0,PETIÇÃO CÍVEL,11673.0,Propaganda Política - Propaganda Eleitoral - Rádio,,False
1641,241.0,PETIÇÃO CÍVEL,9026.0,Vícios Formais da Sentença,,False
2008,272.0,REPRESENTAÇÃO CRIMINAL/NOTÍCIA DE CRIME,11502.0,Coação Visando a Obtenção de Voto ou a sua Abstenção,vote_buying,True
2062,272.0,REPRESENTAÇÃO CRIMINAL/NOTÍCIA DE CRIME,11485.0,Divulgação de Falsa Imputação,honra,True
1968,11541.0,REPRESENTAÇÃO,12644.0,Requerimentos Relativos ao Horário Eleitoral Gratuito,,False
1474,241.0,PETIÇÃO CÍVEL,8986.0,Erro de Procedimento,,False
26,11530.0,APURAÇÃO DE ELEIÇÃO,11645.0,Eleições - Eleição Majoritária,,False
1407,241.0,PETIÇÃO CÍVEL,12612.0,COVID-19,,False
1708,1733.0,PROCEDIMENTO INVESTIGATÓRIO CRIMINAL (PIC-MP),11473.0,Falsidade Ideológica,fraude,True
962,279.0,INQUÉRITO POLICIAL,3396.0,Difamação,honra,True
611,12625.0,DIREITO DE RESPOSTA,12639.0,Propaganda Política - Propaganda Eleitoral - Aplicativo de Mensagem Instantânea,,False
1568,241.0,PETIÇÃO CÍVEL,11658.0,Propaganda Política - Propaganda Eleitoral - Bem Público,,False
2330,278.0,TERMO CIRCUNSTANCIADO,11497.0,Crimes contra o Sigilo ou o Exercício do Voto,ballot_integrity,True
1590,241.0,PETIÇÃO CÍVEL,11675.0,Propaganda Política - Propaganda Eleitoral - Televisão,,False
2535,12134.0,TUTELA CAUTELAR ANTECEDENTE,11737.0,Cautelar Inominada - Incidental,,False
1462,241.0,PETIÇÃO CÍVEL,11727.0,Direitos Políticos - Restabelecimento dos Direitos Políticos,,False
1594,241.0,PETIÇÃO CÍVEL,11773.0,Propaganda Política - Propaganda Partidária,,False
1191,12561.0,NOTÍCIA DE IRREGULARIDADE EM PROPAGANDA ELEITORAL,11677.0,Propaganda Política - Propaganda Eleitoral - Imprensa Escrita - Jornal/Revista/Tabloide,,False
595,157.0,CUMPRIMENTO PROVISÓRIO DE SENTENÇA,11778.0,Requerimento,,False
1493,241.0,PETIÇÃO CÍVEL,11490.0,Impedimento do Exercício da Propaganda,,False
192,11528.0,AÇÃO PENAL ELEITORAL,3395.0,Calúnia,honra,True
47,280.0,AUTO DE PRISÃO EM FLAGRANTE,11501.0,Corrupção Eleitoral,vote_buying,True
127,11527.0,AÇÃO DE INVESTIGAÇÃO JUDICIAL ELEITORAL,12600.0,Candidato Eleito,,False
1206,12561.0,NOTÍCIA DE IRREGULARIDADE EM PROPAGANDA ELEITORAL,11778.0,Requerimento,,False
1807,12557.0,RECURSO/IMPUGNAÇÃO DE ALISTAMENTO ELEITORAL,12051.0,Impugnação - Inscrição Eleitoral,,False
584,156.0,CUMPRIMENTO DE SENTENÇA,11778.0,Requerimento,,False
1460,241.0,PETIÇÃO CÍVEL,11593.0,Direito de Resposta,,False
1435,241.0,PETIÇÃO CÍVEL,11591.0,Condição de Elegibilidade - Pleno Exercício dos Direitos Políticos,,False
1899,11541.0,REPRESENTAÇÃO,11646.0,Eleições - Eleição Proporcional,,False
90,11526.0,AÇÃO DE IMPUGNAÇÃO DE MANDATO ELETIVO,11719.0,Abuso - De Poder Político/Autoridade,abuso,True
2242,12633.0,REQUERIMENTO DE REGULARIZAÇÃO DE OMISSÃO DE PRESTAÇÃO DE CONTAS ELEITORAIS,11778.0,Requerimento,,False
1305,12562.0,PET-ADM,11778.0,Requerimento,,False
2083,272.0,REPRESENTAÇÃO CRIMINAL/NOTÍCIA DE CRIME,14221.0,Falsificação ou Alteração de Documento Particular para Fins Eleitorais,fraude,True
398,11955.0,CAUTELAR INOMINADA CRIMINAL,10914.0,Busca e Apreensão de Bens,,False
2347,278.0,TERMO CIRCUNSTANCIADO,3396.0,Difamação,honra,True
2222,12630.0,REPRESENTAÇÃO ESPECIAL,11778.0,Requerimento,,False
1574,241.0,PETIÇÃO CÍVEL,11665.0,Propaganda Política - Propaganda Eleitoral - Contrariedade à Lei de Postura Municipal,,False
938,279.0,INQUÉRITO POLICIAL,11482.0,Crimes contra a Propaganda Eleitoral,,False
1903,11541.0,REPRESENTAÇÃO,11559.0,Improbidade Administrativa,,False
1180,12561.0,NOTÍCIA DE IRREGULARIDADE EM PROPAGANDA ELEITORAL,11663.0,Propaganda Política - Propaganda Eleitoral - Conduta Vedada a Emissora de Rádio/Televisão na Programação Normal,conduta_vedada,True
2368,278.0,TERMO CIRCUNSTANCIADO,11487.0,Injúria na Propaganda Eleitoral,honra,True
2464,12135.0,TUTELA ANTECIPADA ANTECEDENTE,9196.0,Liminar,,False
1226,309.0,PEDIDO DE BUSCA E APREENSÃO CRIMINAL,11501.0,Corrupção Eleitoral,vote_buying,True
2176,272.0,REPRESENTAÇÃO CRIMINAL/NOTÍCIA DE CRIME,11503.0,Violência ou Grave Ameaça Visando a Obtenção de Voto ou a sua Abstenção,vote_buying,True
1536,241.0,PETIÇÃO CÍVEL,11523.0,Não-Acesso dos Partidos aos Dados Relativos às Pesquisas Eleitorais,,False
1015,279.0,INQUÉRITO POLICIAL,11489.0,"Inutilização, Alteração ou Perturbação de Propaganda",ballot_integrity,True
1320,1727.0,PETIÇÃO CRIMINAL,11501.0,Corrupção Eleitoral,,False
642,12625.0,DIREITO DE RESPOSTA,12644.0,Requerimentos Relativos ao Horário Eleitoral Gratuito,,False
1819,11532.0,REGISTRO DE CANDIDATURA,11633.0,Cargo - Prefeito,,False
194,11528.0,AÇÃO PENAL ELEITORAL,10751.0,Captação ilícita de votos ou corrupção eleitoral,vote_buying,True
365,355.0,CARTA PRECATÓRIA CRIMINAL,,Interrogatório,,False
729,12729.0,EXECUÇÃO DE MEDIDAS ALTERNATIVAS NO JUÍZO COMUM,11482.0,Crimes contra a Propaganda Eleitoral,,False
1483,241.0,PETIÇÃO CÍVEL,11732.0,Execução de Julgado,,False
1178,12561.0,NOTÍCIA DE IRREGULARIDADE EM PROPAGANDA ELEITORAL,11661.0,Propaganda Política - Propaganda Eleitoral - Cavalete,,False
260,11528.0,AÇÃO PENAL ELEITORAL,11487.0,Injúria na Propaganda Eleitoral,honra,True
1531,241.0,PETIÇÃO CÍVEL,11613.0,Nome do Candidato - Variação Nominal,,False
183,11528.0,AÇÃO PENAL ELEITORAL,12634.0,Apropriação Indébita Eleitoral,finance,True
1582,241.0,PETIÇÃO CÍVEL,11678.0,Propaganda Política - Propaganda Eleitoral - Inobservância do Limite Legal,,False
234,11528.0,AÇÃO PENAL ELEITORAL,11483.0,Divulgação de Fatos Inverídicos na Propaganda Eleitoral,honra,True
894,279.0,INQUÉRITO POLICIAL,11470.0,Alteração do Resultado de Votação nos Mapas ou Boletins de Apuração,ballot_integrity,True
97,11526.0,AÇÃO DE IMPUGNAÇÃO DE MANDATO ELETIVO,11638.0,Cargo - Vereador,,False
2230,12633.0,REQUERIMENTO DE REGULARIZAÇÃO DE OMISSÃO DE PRESTAÇÃO DE CONTAS ELEITORAIS,11692.0,Contas,,False
358,355.0,CARTA PRECATÓRIA CRIMINAL,11467.0,Crimes contra a Fé Pública Eleitoral,,False
1408,241.0,PETIÇÃO CÍVEL,11484.0,Calúnia na Propaganda Eleitoral,,False
979,279.0,INQUÉRITO POLICIAL,11473.0,Falsidade ideológica,fraude,True
719,12729.0,EXECUÇÃO DE MEDIDAS ALTERNATIVAS NO JUÍZO COMUM,11484.0,Calúnia na Propaganda Eleitoral,,False
320,12549.0,CANCELAMENTO DE INSCRIÇÃO ELEITORAL (CIE),11578.0,Alistamento Eleitoral - Exclusão,,False
1058,279.0,INQUÉRITO POLICIAL,11778.0,Requerimento,,False
1565,241.0,PETIÇÃO CÍVEL,11655.0,Propaganda Política - Propaganda Eleitoral - Banner/Cartaz/Faixa,,False
552,156.0,CUMPRIMENTO DE SENTENÇA,12069.0,Prestação de Contas - de Partido Político,,False
965,279.0,INQUÉRITO POLICIAL,11485.0,Divulgação de Falsa Imputação,honra,True
147,11527.0,AÇÃO DE INVESTIGAÇÃO JUDICIAL ELEITORAL,11646.0,Eleições - Eleição Proporcional,,False
1442,241.0,PETIÇÃO CÍVEL,11697.0,Contas - Desaprovação/Rejeição das Contas,,False
2579,12134.0,TUTELA CAUTELAR ANTECEDENTE,11662.0,Propaganda Política - Propaganda Eleitoral - Comício/Showmício,,False
1553,241.0,PETIÇÃO CÍVEL,11650.0,Pesquisa Eleitoral - Divulgação de Pesquisa Eleitoral Sem Prévio Registro,,False
2192,12630.0,REPRESENTAÇÃO ESPECIAL,11638.0,Cargo - Vereador,,False
1909,11541.0,REPRESENTAÇÃO,,NI,,False
2486,12135.0,TUTELA ANTECIPADA ANTECEDENTE,11662.0,Propaganda Política - Propaganda Eleitoral - Comício/Showmício,,False
1813,12557.0,RECURSO/IMPUGNAÇÃO DE ALISTAMENTO ELEITORAL,11778.0,Requerimento,,False
1449,241.0,PETIÇÃO CÍVEL,11428.0,DIREITO ELEITORAL,,False
347,258.0,CARTA DE ORDEM CÍVEL,11784.0,Oitiva,,False
1423,241.0,PETIÇÃO CÍVEL,11738.0,Cautelar Inominada - Preparatória,,False
309,11528.0,AÇÃO PENAL ELEITORAL,11508.0,Violação do Sigilo do Voto,ballot_integrity,True
231,11528.0,AÇÃO PENAL ELEITORAL,3396.0,Difamação,honra,True
382,261.0,CARTA PRECATÓRIA CÍVEL,11784.0,Oitiva,,False
1041,279.0,INQUÉRITO POLICIAL,11443.0,Promoção de Desordem nos Trabalhos Eleitorais,ballot_integrity,True
2313,278.0,TERMO CIRCUNSTANCIADO,3395.0,Calúnia,honra,True
2127,272.0,REPRESENTAÇÃO CRIMINAL/NOTÍCIA DE CRIME,11495.0,Pesquisa Fraudulenta,pesquisa_adv,True
349,355.0,CARTA PRECATÓRIA CRIMINAL,15056.0,Acordo de Não Persecução Penal,,False
362,355.0,CARTA PRECATÓRIA CRIMINAL,11785.0,Diligências,,False
2224,12633.0,REQUERIMENTO DE REGULARIZAÇÃO DE OMISSÃO DE PRESTAÇÃO DE CONTAS ELEITORAIS,14225.0,Apuração de indícios de irregularidades informados pela Administração Pública,,False
2103,272.0,REPRESENTAÇÃO CRIMINAL/NOTÍCIA DE CRIME,11438.0,Inscrição Fraudulenta,fraude,True
935,279.0,INQUÉRITO POLICIAL,11467.0,Crimes contra a Fé Pública Eleitoral,fraude,True
893,279.0,INQUÉRITO POLICIAL,10752.0,Aliciamento eleitoral,vote_buying,True
1183,12561.0,NOTÍCIA DE IRREGULARIDADE EM PROPAGANDA ELEITORAL,11666.0,Propaganda Política - Propaganda Eleitoral - Debate Político,,False
1987,272.0,REPRESENTAÇÃO CRIMINAL/NOTÍCIA DE CRIME,3402.0,Ameaça,,False
2034,272.0,REPRESENTAÇÃO CRIMINAL/NOTÍCIA DE CRIME,11497.0,Crimes contra o Sigilo ou o Exercício do Voto,ballot_integrity,True
249,11528.0,AÇÃO PENAL ELEITORAL,11472.0,Falsificação ou Alteração de Documento Público para Fins Eleitorais,fraude,True
1081,279.0,INQUÉRITO POLICIAL,15143.0,Violência contra a Mulher Candidata ou no Exercício do Mandato Eletivo,,False
2530,12134.0,TUTELA CAUTELAR ANTECEDENTE,11633.0,Cargo - Prefeito,,False
2294,14208.0,SUSPENSÃO DE ÓRGÃO PARTIDÁRIO,11778.0,Requerimento,,False
2096,272.0,REPRESENTAÇÃO CRIMINAL/NOTÍCIA DE CRIME,11499.0,Impedimento ou Embaraço ao Exercício do Sufrágio,ballot_integrity,True
743,12729.0,EXECUÇÃO DE MEDIDAS ALTERNATIVAS NO JUÍZO COMUM,11486.0,Difamação na Propaganda Eleitoral,,False
751,12729.0,EXECUÇÃO DE MEDIDAS ALTERNATIVAS NO JUÍZO COMUM,11473.0,Falsidade Ideológica,,False
1578,241.0,PETIÇÃO CÍVEL,11668.0,Propaganda Política - Propaganda Eleitoral - Folhetos/Volantes/Santinhos/Impressos,,False
1566,241.0,PETIÇÃO CÍVEL,11656.0,Propaganda Política - Propaganda Eleitoral - Bem Particular,,False
461,12550.0,COMPOSIÇÃO DE MESA RECEPTORA,11643.0,Eleições - 2° Turno,,False
1198,12561.0,NOTÍCIA DE IRREGULARIDADE EM PROPAGANDA ELEITORAL,11682.0,Propaganda Política - Propaganda Eleitoral - Pintura em Muro,,False
1132,120.0,MANDADO DE SEGURANÇA CÍVEL,11778.0,Requerimento,,False
793,12729.0,EXECUÇÃO DE MEDIDAS ALTERNATIVAS NO JUÍZO COMUM,11508.0,Violação do Sigilo do Voto,,False
2543,12134.0,TUTELA CAUTELAR ANTECEDENTE,12063.0,Conduta Vedada ao Agente Público,,False
860,12556.0,IMPUGNAÇÃO PERANTE AS JUNTAS ELEITORAIS,11642.0,Eleições - 1° Turno,,False
607,12625.0,DIREITO DE RESPOSTA,,NI,,False
1421,241.0,PETIÇÃO CÍVEL,11736.0,Cautelar Inominada - De Produção Antecipada de Provas,,False
2328,278.0,TERMO CIRCUNSTANCIADO,11482.0,Crimes contra a Propaganda Eleitoral,,False
2322,278.0,TERMO CIRCUNSTANCIADO,11501.0,Corrupção Eleitoral,vote_buying,True
317,12549.0,CANCELAMENTO DE INSCRIÇÃO ELEITORAL (CIE),11576.0,Alistamento Eleitoral - Domicílio Eleitoral,,False
197,11528.0,AÇÃO PENAL ELEITORAL,11502.0,Coação Visando a Obtenção de Voto ou a sua Abstenção,vote_buying,True
1572,241.0,PETIÇÃO CÍVEL,11663.0,Propaganda Política - Propaganda Eleitoral - Conduta Vedada a Emissora de Rádio/Televisão na Programação Normal,,False
1396,241.0,PETIÇÃO CÍVEL,11748.0,Alteração Estatutária de Partido Político em Matéria Administrativa,,False
2434,12135.0,TUTELA ANTECIPADA ANTECEDENTE,11737.0,Cautelar Inominada - Incidental,,False
321,12549.0,CANCELAMENTO DE INSCRIÇÃO ELEITORAL (CIE),12564.0,Alistamento Eleitoral - Fraude,fraude,True
1617,241.0,PETIÇÃO CÍVEL,12644.0,Requerimentos Relativos ao Horário Eleitoral Gratuito,,False
337,335.0,CARTA DE ORDEM CRIMINAL,11782.0,Intimação,,False
488,12121.0,COMUNICADO DE MANDADO DE PRISÃO,11455.0,Descumprimento da Proibição de Fornecimento de Transporte ou Refeições a Eleitores,vote_buying,True
1577,241.0,PETIÇÃO CÍVEL,11667.0,Propaganda Política - Propaganda Eleitoral - Extemporânea/Antecipada,,False
2152,272.0,REPRESENTAÇÃO CRIMINAL/NOTÍCIA DE CRIME,11778.0,Requerimento,,False
1123,120.0,MANDADO DE SEGURANÇA CÍVEL,9196.0,Liminar,,False
784,12729.0,EXECUÇÃO DE MEDIDAS ALTERNATIVAS NO JUÍZO COMUM,12732.0,Suspensão Condicional de Processo,,False
1420,241.0,PETIÇÃO CÍVEL,11735.0,Cautelar Inominada - De Busca e Apreensão,,False
2095,272.0,REPRESENTAÇÃO CRIMINAL/NOTÍCIA DE CRIME,11490.0,Impedimento do Exercício da Propaganda,,False
1821,11532.0,REGISTRO DE CANDIDATURA,11640.0,Cargo - Vice-Prefeito,,False
1958,11541.0,REPRESENTAÇÃO,11771.0,Propaganda Política - Propaganda Intrapartidária,,False
2562,12134.0,TUTELA CAUTELAR ANTECEDENTE,9196.0,Liminar,,False
2428,12135.0,TUTELA ANTECIPADA ANTECEDENTE,11633.0,Cargo - Prefeito,,False
1505,241.0,PETIÇÃO CÍVEL,11600.0,Inelegibilidade - Desincompatibilização,,False
2050,272.0,REPRESENTAÇÃO CRIMINAL/NOTÍCIA DE CRIME,11455.0,Descumprimento da Proibição de Fornecimento de Transporte ou Refeições a Eleitores,vote_buying,True
579,156.0,CUMPRIMENTO DE SENTENÇA,12637.0,Propaganda Política - Propaganda Eleitoral - Redes Sociais,,False
679,386.0,EXECUÇÃO DA PENA,11732.0,Execução de Julgado,,False
2511,12135.0,TUTELA ANTECIPADA ANTECEDENTE,11778.0,Requerimento,,False
1403,241.0,PETIÇÃO CÍVEL,11494.0,Autorização de Transmissão de Pessoa Não Detentora de Direitos Políticos em Atividades Partidárias e de Propaganda Eleitoral,,False
1563,241.0,PETIÇÃO CÍVEL,11653.0,Propaganda Política - Propaganda Eleitoral - Adesivo,,False
155,11527.0,AÇÃO DE INVESTIGAÇÃO JUDICIAL ELEITORAL,11600.0,Inelegibilidade - Desincompatibilização,inelegib,True
108,11526.0,AÇÃO DE IMPUGNAÇÃO DE MANDATO ELETIVO,11596.0,Inelegibilidade - Abuso do Poder Econômico ou Político,abuso,True
2107,272.0,REPRESENTAÇÃO CRIMINAL/NOTÍCIA DE CRIME,11489.0,"Inutilização, Alteração ou Perturbação de Propaganda",ballot_integrity,True
1747,1733.0,PROCEDIMENTO INVESTIGATÓRIO CRIMINAL (PIC-MP),11475.0,Uso de Documento Falso para Fins Eleitorais,fraude,True
2111,272.0,REPRESENTAÇÃO CRIMINAL/NOTÍCIA DE CRIME,,NI,,False
941,279.0,INQUÉRITO POLICIAL,11497.0,Crimes contra o Sigilo ou o Exercício do Voto,ballot_integrity,True
1569,241.0,PETIÇÃO CÍVEL,11660.0,Propaganda Política - Propaganda Eleitoral - Boca de Urna,,False
2219,12630.0,REPRESENTAÇÃO ESPECIAL,11723.0,Propaganda Política - Propaganda Institucional,,False
173,11527.0,AÇÃO DE INVESTIGAÇÃO JUDICIAL ELEITORAL,11778.0,Requerimento,,False
300,11528.0,AÇÃO PENAL ELEITORAL,11475.0,Uso de Documento Falso para Fins Eleitorais,fraude,True
573,156.0,CUMPRIMENTO DE SENTENÇA,12638.0,Propaganda Política - Propaganda Eleitoral - Impulsionamento,,False
2350,278.0,TERMO CIRCUNSTANCIADO,11483.0,Divulgação de Fatos Inverídicos na Propaganda Eleitoral,honra,True
344,258.0,CARTA DE ORDEM CÍVEL,11785.0,Diligências,,False
895,279.0,INQUÉRITO POLICIAL,3402.0,Ameaça,,False
2054,272.0,REPRESENTAÇÃO CRIMINAL/NOTÍCIA DE CRIME,10754.0,Desobediência à determinações da Justiça Eleitoral,,False
918,279.0,INQUÉRITO POLICIAL,11504.0,Concentração de Eleitores para Embaraçar ou Fraudar o Exercício do Voto,ballot_integrity,True
1463,241.0,PETIÇÃO CÍVEL,11728.0,Direitos Políticos - Suspensão de Direitos Políticos,,False
1205,12561.0,NOTÍCIA DE IRREGULARIDADE EM PROPAGANDA ELEITORAL,11773.0,Propaganda Política - Propaganda Partidária,,False
841,307.0,HABEAS CORPUS CRIMINAL,11705.0,Habeas Corpus - Preventivo,,False
2485,12135.0,TUTELA ANTECIPADA ANTECEDENTE,15016.0,Propaganda Política - Propaganda Eleitoral - Carreata/Caminhada/Passeata,,False
2528,12134.0,TUTELA CAUTELAR ANTECEDENTE,11721.0,Captação Ilícita de Sufrágio,,False
1437,241.0,PETIÇÃO CÍVEL,12063.0,Conduta Vedada ao Agente Público,,False
2605,12134.0,TUTELA CAUTELAR ANTECEDENTE,12416.0,Tutela de Urgência,,False
1953,11541.0,REPRESENTAÇÃO,11674.0,Propaganda Política - Propaganda Eleitoral - Rádio Comunitária,,False
1189,12561.0,NOTÍCIA DE IRREGULARIDADE EM PROPAGANDA ELEITORAL,11671.0,Propaganda Política - Propaganda Eleitoral - Horário Eleitoral Gratuito/Inserções de Propaganda,,False
1432,241.0,PETIÇÃO CÍVEL,11587.0,Condição de Elegibilidade - Domicílio Eleitoral na Circunscrição,,False
96,11526.0,AÇÃO DE IMPUGNAÇÃO DE MANDATO ELETIVO,11633.0,Cargo - Prefeito,,False
1204,12561.0,NOTÍCIA DE IRREGULARIDADE EM PROPAGANDA ELEITORAL,11683.0,"Propaganda Política - Propaganda Eleitoral - Truncagem, Montagem, Utilização de Gravação Externa, Computação Gráfica, Desenho Animado ou Efeito Especial",,False
2433,12135.0,TUTELA ANTECIPADA ANTECEDENTE,11736.0,Cautelar Inominada - De Produção Antecipada de Provas,,False
2557,12134.0,TUTELA CAUTELAR ANTECEDENTE,11596.0,Inelegibilidade - Abuso do Poder Econômico ou Político,,False
951,279.0,INQUÉRITO POLICIAL,15020.0,Denunciação Caluniosa para Fins Eleitorais,honra,True
1467,241.0,PETIÇÃO CÍVEL,11514.0,Divulgação de Propaganda Eleitoral no Dia da Eleição,,False
2435,12135.0,TUTELA ANTECIPADA ANTECEDENTE,11738.0,Cautelar Inominada - Preparatória,,False
567,156.0,CUMPRIMENTO DE SENTENÇA,12635.0,Propaganda Política - Propaganda Eleitoral - Divulgação de Notícia  Sabidamente Falsa,,False
467,12550.0,COMPOSIÇÃO DE MESA RECEPTORA,,Mesário Não Convocado Pessoalmente,,False
191,11528.0,AÇÃO PENAL ELEITORAL,10755.0,Boca de urna,vote_buying,True
2432,12135.0,TUTELA ANTECIPADA ANTECEDENTE,11735.0,Cautelar Inominada - De Busca e Apreensão,,False
1417,241.0,PETIÇÃO CÍVEL,11640.0,Cargo - Vice-Prefeito,,False
2343,278.0,TERMO CIRCUNSTANCIADO,10754.0,Desobediência à determinações da Justiça Eleitoral,,False
902,279.0,INQUÉRITO POLICIAL,11494.0,Autorização de Transmissão de Pessoa Não Detentora de Direitos Políticos em Atividades Partidárias e de Propaganda Eleitoral,,False
1602,241.0,PETIÇÃO CÍVEL,11617.0,Registro de Candidatura - Preenchimento de Vaga Remanescente,,False
1988,272.0,REPRESENTAÇÃO CRIMINAL/NOTÍCIA DE CRIME,12634.0,Apropriação Indébita Eleitoral,finance,True
1026,279.0,INQUÉRITO POLICIAL,11476.0,Obtenção de Documento Falso para Fins Eleitorais,fraude,True
1900,11541.0,REPRESENTAÇÃO,11647.0,Eleições - Eleição Suplementar,,False
1886,11541.0,REPRESENTAÇÃO,11428.0,DIREITO ELEITORAL,,False
2257,326.0,RESTITUIÇÃO DE COISAS APREENDIDAS,11501.0,Corrupção Eleitoral,vote_buying,True
1524,241.0,PETIÇÃO CÍVEL,11760.0,Justificação de Desfiliação Partidária,,False
740,12729.0,EXECUÇÃO DE MEDIDAS ALTERNATIVAS NO JUÍZO COMUM,11452.0,Desobediência a Ordens ou Instruções da Justiça Eleitoral,,False
1135,120.0,MANDADO DE SEGURANÇA CÍVEL,12416.0,Tutela de Urgência,,False
2028,272.0,REPRESENTAÇÃO CRIMINAL/NOTÍCIA DE CRIME,11467.0,Crimes contra a Fé Pública Eleitoral,fraude,True
2221,12630.0,REPRESENTAÇÃO ESPECIAL,11684.0,Recursos Financeiros de Campanha Eleitoral,finance,True
769,12729.0,EXECUÇÃO DE MEDIDAS ALTERNATIVAS NO JUÍZO COMUM,,NI,,False
367,355.0,CARTA PRECATÓRIA CRIMINAL,11784.0,Oitiva,,False
1999,272.0,REPRESENTAÇÃO CRIMINAL/NOTÍCIA DE CRIME,10755.0,Boca de urna,vote_buying,True
1608,241.0,PETIÇÃO CÍVEL,11625.0,Registro de Candidatura - Substituição de Candidato - Por Indeferimento de Registro,,False
904,279.0,INQUÉRITO POLICIAL,10755.0,Boca de urna,vote_buying,True
1464,241.0,PETIÇÃO CÍVEL,11765.0,Dissolução de Órgão de Direção Partidária,,False
1431,241.0,PETIÇÃO CÍVEL,11586.0,Condição de Elegibilidade - Alistamento Eleitoral,,False
1488,241.0,PETIÇÃO CÍVEL,11758.0,Filiação Partidária - Exclusão,,False
788,12729.0,EXECUÇÃO DE MEDIDAS ALTERNATIVAS NO JUÍZO COMUM,11475.0,Uso de Documento Falso para Fins Eleitorais,,False
998,279.0,INQUÉRITO POLICIAL,11499.0,Impedimento ou Embaraço ao Exercício do Sufrágio,ballot_integrity,True
2186,12630.0,REPRESENTAÇÃO ESPECIAL,12600.0,Candidato Eleito,,False
286,11528.0,AÇÃO PENAL ELEITORAL,11443.0,Promoção de Desordem nos Trabalhos Eleitorais,ballot_integrity,True
2429,12135.0,TUTELA ANTECIPADA ANTECEDENTE,11638.0,Cargo - Vereador,,False
1532,241.0,PETIÇÃO CÍVEL,12413.0,Nulidade - Execução Instaurada Antes de Condição ou Termo,,False
1522,241.0,PETIÇÃO CÍVEL,11489.0,"Inutilização, Alteração ou Perturbação de Propaganda",,False
1312,1727.0,PETIÇÃO CRIMINAL,11513.0,Arregimentação de Eleitor ou Boca de Urna,,False
1102,12560.0,LISTA DE APOIAMENTO PARA CRIAÇÃO DE PARTIDO POLÍTICO,11778.0,Requerimento,,False
1509,241.0,PETIÇÃO CÍVEL,11604.0,Inelegibilidade - Rejeição de Contas Públicas,,False
609,12625.0,DIREITO DE RESPOSTA,11653.0,Propaganda Política - Propaganda Eleitoral - Adesivo,,False
1585,241.0,PETIÇÃO CÍVEL,11680.0,Propaganda Política - Propaganda Eleitoral - Omissão de Informações Obrigatórias,,False
1551,241.0,PETIÇÃO CÍVEL,11648.0,Pesquisa Eleitoral,,False
2163,272.0,REPRESENTAÇÃO CRIMINAL/NOTÍCIA DE CRIME,11496.0,"Uso, na Propaganda Eleitoral, de Símbolo de Órgãos de Governo",,False
1422,241.0,PETIÇÃO CÍVEL,11737.0,Cautelar Inominada - Incidental,,False
2366,278.0,TERMO CIRCUNSTANCIADO,3397.0,Injúria,honra,True
1120,120.0,MANDADO DE SEGURANÇA CÍVEL,12593.0,Impugnação de Ato Judicial,,False
1017,279.0,INQUÉRITO POLICIAL,11524.0,Irregularidades dos Dados Publicados em Pesquisas Eleitorais,pesquisa_adv,True
1401,241.0,PETIÇÃO CÍVEL,11513.0,Arregimentação de Eleitor ou Boca de Urna,,False
1481,241.0,PETIÇÃO CÍVEL,11730.0,Execução - De Astreintes,,False
997,279.0,INQUÉRITO POLICIAL,11490.0,Impedimento do Exercício da Propaganda,,False
569,156.0,CUMPRIMENTO DE SENTENÇA,11668.0,Propaganda Política - Propaganda Eleitoral - Folhetos/Volantes/Santinhos/Impressos,,False
1619,241.0,PETIÇÃO CÍVEL,11573.0,Requisição de Força Federal,,False
1676,1733.0,PROCEDIMENTO INVESTIGATÓRIO CRIMINAL (PIC-MP),11513.0,Arregimentação de Eleitor ou Boca de Urna,vote_buying,True
1,14678.0,ACORDO DE NÃO PERSECUÇÃO PENAL,15056.0,Acordo de Não Persecução Penal,,False
374,261.0,CARTA PRECATÓRIA CÍVEL,11786.0,Atos executórios,,False
5,14678.0,ACORDO DE NÃO PERSECUÇÃO PENAL,10751.0,Captação ilícita de votos ou corrupção eleitoral,vote_buying,True
2444,12135.0,TUTELA ANTECIPADA ANTECEDENTE,12063.0,Conduta Vedada ao Agente Público,,False
2292,14208.0,SUSPENSÃO DE ÓRGÃO PARTIDÁRIO,15089.0,Partido Político - Órgão de Direção Zonal,,False
2578,12134.0,TUTELA CAUTELAR ANTECEDENTE,15016.0,Propaganda Política - Propaganda Eleitoral - Carreata/Caminhada/Passeata,,False
2324,278.0,TERMO CIRCUNSTANCIADO,12588.0,Crimes Conexos,,False
1465,241.0,PETIÇÃO CÍVEL,11485.0,Divulgação de Falsa Imputação,,False
1010,279.0,INQUÉRITO POLICIAL,11519.0,Inscrição Simultânea em Dois ou Mais Partidos,,False
1876,11541.0,REPRESENTAÇÃO,11721.0,Captação Ilícita de Sufrágio,vote_buying,True
2101,272.0,REPRESENTAÇÃO CRIMINAL/NOTÍCIA DE CRIME,11488.0,Injúria Eleitoral Violenta,honra,True
2502,12135.0,TUTELA ANTECIPADA ANTECEDENTE,12637.0,Propaganda Política - Propaganda Eleitoral - Redes Sociais,,False
608,12625.0,DIREITO DE RESPOSTA,11652.0,Propaganda Política - Propaganda Eleitoral,,False
1083,279.0,INQUÉRITO POLICIAL,11507.0,Votação Múltipla ou Realizada em Lugar de Outrem,ballot_integrity,True
228,11528.0,AÇÃO PENAL ELEITORAL,10754.0,Desobediência à determinações da Justiça Eleitoral,,False
213,11528.0,AÇÃO PENAL ELEITORAL,11482.0,Crimes contra a Propaganda Eleitoral,,False
2362,278.0,TERMO CIRCUNSTANCIADO,11490.0,Impedimento do Exercício da Propaganda,,False
2317,278.0,TERMO CIRCUNSTANCIADO,11502.0,Coação Visando a Obtenção de Voto ou a sua Abstenção,vote_buying,True
2470,12135.0,TUTELA ANTECIPADA ANTECEDENTE,11649.0,Pesquisa Eleitoral - Divulgação de Pesquisa Eleitoral Fraudulenta,,False
411,11955.0,CAUTELAR INOMINADA CRIMINAL,12588.0,Crimes Conexos,,False
174,11527.0,AÇÃO DE INVESTIGAÇÃO JUDICIAL ELEITORAL,11716.0,Transgressões Eleitorais,,False
1503,241.0,PETIÇÃO CÍVEL,11598.0,Inelegibilidade - Condenação Criminal por órgão colegiado ou Transitada em Julgado,,False
410,11955.0,CAUTELAR INOMINADA CRIMINAL,11501.0,Corrupção Eleitoral,,False
81,12061.0,AÇÃO CAUTELAR,11738.0,Cautelar Inominada - Preparatória,,False
1897,11541.0,REPRESENTAÇÃO,11643.0,Eleições - 2° Turno,,False
1441,241.0,PETIÇÃO CÍVEL,11696.0,Contas - Aprovação das Contas com Ressalvas,,False
2372,278.0,TERMO CIRCUNSTANCIADO,11489.0,"Inutilização, Alteração ou Perturbação de Propaganda",ballot_integrity,True
746,12729.0,EXECUÇÃO DE MEDIDAS ALTERNATIVAS NO JUÍZO COMUM,11483.0,Divulgação de Fatos Inverídicos na Propaganda Eleitoral,,False
1838,11532.0,REGISTRO DE CANDIDATURA,11600.0,Inelegibilidade - Desincompatibilização,,False
1986,272.0,REPRESENTAÇÃO CRIMINAL/NOTÍCIA DE CRIME,11470.0,Alteração do Resultado de Votação nos Mapas ou Boletins de Apuração,ballot_integrity,True
1458,241.0,PETIÇÃO CÍVEL,11486.0,Difamação na Propaganda Eleitoral,,False
2426,12135.0,TUTELA ANTECIPADA ANTECEDENTE,11721.0,Captação Ilícita de Sufrágio,,False
1940,11541.0,REPRESENTAÇÃO,11669.0,Propaganda Política - Propaganda Eleitoral - Horário Eleitoral Gratuito,,False
604,12625.0,DIREITO DE RESPOSTA,11643.0,Eleições - 2° Turno,,False
2304,278.0,TERMO CIRCUNSTANCIADO,3402.0,Ameaça,,False
644,12625.0,DIREITO DE RESPOSTA,11776.0,Veiculação de Propaganda Partidária - Em Inserções,,False
2491,12135.0,TUTELA ANTECIPADA ANTECEDENTE,12635.0,Propaganda Política - Propaganda Eleitoral - Divulgação de Notícia  Sabidamente Falsa,,False
1203,12561.0,NOTÍCIA DE IRREGULARIDADE EM PROPAGANDA ELEITORAL,11675.0,Propaganda Política - Propaganda Eleitoral - Televisão,,False
2199,12630.0,REPRESENTAÇÃO ESPECIAL,11642.0,Eleições - 1° Turno,,False
2420,12135.0,TUTELA ANTECIPADA ANTECEDENTE,12363.0,Cancelamento de Registro de Candidatura,,False
145,11527.0,AÇÃO DE INVESTIGAÇÃO JUDICIAL ELEITORAL,11642.0,Eleições - 1° Turno,,False
1314,1727.0,PETIÇÃO CRIMINAL,3395.0,Calúnia,,False
1673,1733.0,PROCEDIMENTO INVESTIGATÓRIO CRIMINAL (PIC-MP),12634.0,Apropriação Indébita Eleitoral,finance,True
326,12549.0,CANCELAMENTO DE INSCRIÇÃO ELEITORAL (CIE),12055.0,Impugnação - Transferência de Domicílio Eleitoral,,False
876,12555.0,IMPUGNAÇÃO À COMPOSIÇÃO DE JUNTA ELEITORAL,11778.0,Requerimento,,False
776,12729.0,EXECUÇÃO DE MEDIDAS ALTERNATIVAS NO JUÍZO COMUM,11495.0,Pesquisa Fraudulenta,,False
2141,272.0,REPRESENTAÇÃO CRIMINAL/NOTÍCIA DE CRIME,11668.0,Propaganda Política - Propaganda Eleitoral - Folhetos/Volantes/Santinhos/Impressos,,False
2084,272.0,REPRESENTAÇÃO CRIMINAL/NOTÍCIA DE CRIME,11472.0,Falsificação ou Alteração de Documento Público para Fins Eleitorais,fraude,True
2385,278.0,TERMO CIRCUNSTANCIADO,11495.0,Pesquisa Fraudulenta,pesquisa_adv,True
1255,12248.0,PEDIDO DE COOPERAÇÃO JUDICIÁRIA,11778.0,Requerimento,,False
1265,310.0,PEDIDO DE QUEBRA DE SIGILO DE DADOS E/OU TELEFÔNICO,11501.0,Corrupção Eleitoral,vote_buying,True
1005,279.0,INQUÉRITO POLICIAL,3397.0,Injúria,honra,True
2133,272.0,REPRESENTAÇÃO CRIMINAL/NOTÍCIA DE CRIME,11443.0,Promoção de Desordem nos Trabalhos Eleitorais,ballot_integrity,True
638,12625.0,DIREITO DE RESPOSTA,11683.0,"Propaganda Política - Propaganda Eleitoral - Truncagem, Montagem, Utilização de Gravação Externa, Computação Gráfica, Desenho Animado ou Efeito Especial",,False
1567,241.0,PETIÇÃO CÍVEL,11657.0,Propaganda Política - Propaganda Eleitoral - Bem Particular de Uso Comum,,False
1714,1733.0,PROCEDIMENTO INVESTIGATÓRIO CRIMINAL (PIC-MP),14221.0,Falsificação ou Alteração de Documento Particular para Fins Eleitorais,fraude,True
1492,241.0,PETIÇÃO CÍVEL,11594.0,Identificação Numérica de Candidato,,False
1124,120.0,MANDADO DE SEGURANÇA CÍVEL,12360.0,Matéria Administrativa,,False
2175,272.0,REPRESENTAÇÃO CRIMINAL/NOTÍCIA DE CRIME,15143.0,Violência contra a Mulher Candidata ou no Exercício do Mandato Eletivo,,False
480,12121.0,COMUNICADO DE MANDADO DE PRISÃO,10751.0,Captação ilícita de votos ou corrupção eleitoral,vote_buying,True
1315,1727.0,PETIÇÃO CRIMINAL,11484.0,Calúnia na Propaganda Eleitoral,,False
694,386.0,EXECUÇÃO DA PENA,7792.0,Pena de Multa,,False
2232,12633.0,REQUERIMENTO DE REGULARIZAÇÃO DE OMISSÃO DE PRESTAÇÃO DE CONTAS ELEITORAIS,14220.0,Contas-  Simplificada,,False
79,12061.0,AÇÃO CAUTELAR,11736.0,Cautelar Inominada - De Produção Antecipada de Provas,,False
619,12625.0,DIREITO DE RESPOSTA,11670.0,Propaganda Política - Propaganda Eleitoral - Distribuição de Tempo de Propaganda,,False
1728,1733.0,PROCEDIMENTO INVESTIGATÓRIO CRIMINAL (PIC-MP),11438.0,Inscrição Fraudulenta,fraude,True
665,386.0,EXECUÇÃO DA PENA,11501.0,Corrupção Eleitoral,,False
1580,241.0,PETIÇÃO CÍVEL,11672.0,Propaganda Política - Propaganda Eleitoral - Horário Eleitoral Gratuito/Programa em Bloco,,False
32,11530.0,APURAÇÃO DE ELEIÇÃO,11778.0,Requerimento,,False
2160,272.0,REPRESENTAÇÃO CRIMINAL/NOTÍCIA DE CRIME,11475.0,Uso de Documento Falso para Fins Eleitorais,fraude,True
765,12729.0,EXECUÇÃO DE MEDIDAS ALTERNATIVAS NO JUÍZO COMUM,11438.0,Inscrição Fraudulenta,,False
1397,241.0,PETIÇÃO CÍVEL,11470.0,Alteração do Resultado de Votação nos Mapas ou Boletins de Apuração,,False
577,156.0,CUMPRIMENTO DE SENTENÇA,11681.0,Propaganda Política - Propaganda Eleitoral - Outdoors,,False
1080,279.0,INQUÉRITO POLICIAL,,"Violência Política de Gênero (art, 326-B do Código Eleitoral)",,False
1380,1727.0,PETIÇÃO CRIMINAL,11508.0,Violação do Sigilo do Voto,,False
1159,12561.0,NOTÍCIA DE IRREGULARIDADE EM PROPAGANDA ELEITORAL,11646.0,Eleições - Eleição Proporcional,,False
618,12625.0,DIREITO DE RESPOSTA,11666.0,Propaganda Política - Propaganda Eleitoral - Debate Político,,False
2529,12134.0,TUTELA CAUTELAR ANTECEDENTE,12062.0,Captação ou Gasto Ilícito de Recursos Financeiros de Campanha Eleitoral,,False
1006,279.0,INQUÉRITO POLICIAL,11488.0,Injúria Eleitoral Violenta,honra,True
54,280.0,AUTO DE PRISÃO EM FLAGRANTE,11455.0,Descumprimento da Proibição de Fornecimento de Transporte ou Refeições a Eleitores,vote_buying,True
111,11526.0,AÇÃO DE IMPUGNAÇÃO DE MANDATO ELETIVO,11600.0,Inelegibilidade - Desincompatibilização,inelegib,True
600,12625.0,DIREITO DE RESPOSTA,11640.0,Cargo - Vice-Prefeito,,False
2601,12134.0,TUTELA CAUTELAR ANTECEDENTE,11778.0,Requerimento,,False
451,11955.0,CAUTELAR INOMINADA CRIMINAL,11778.0,Requerimento,,False
496,12121.0,COMUNICADO DE MANDADO DE PRISÃO,7929.0,Prisão em flagrante,,False
140,11527.0,AÇÃO DE INVESTIGAÇÃO JUDICIAL ELEITORAL,12063.0,Conduta Vedada ao Agente Público,conduta_vedada,True
2178,272.0,REPRESENTAÇÃO CRIMINAL/NOTÍCIA DE CRIME,11507.0,Votação Múltipla ou Realizada em Lugar de Outrem,ballot_integrity,True
764,12729.0,EXECUÇÃO DE MEDIDAS ALTERNATIVAS NO JUÍZO COMUM,11487.0,Injúria na Propaganda Eleitoral,,False
104,11526.0,AÇÃO DE IMPUGNAÇÃO DE MANDATO ELETIVO,11722.0,Corrupção ou Fraude,abuso,True
1654,12193.0,PRESTAÇÃO DE CONTAS ELEITORAIS,14220.0,Contas-  Simplificada,,False
1540,241.0,PETIÇÃO CÍVEL,11445.0,"Ocultação, Sonegação ou Recusa de Fornecimento de Utilidades, Alimentos e Transporte no Dia da Eleição",,False
711,12729.0,EXECUÇÃO DE MEDIDAS ALTERNATIVAS NO JUÍZO COMUM,12634.0,Apropriação Indébita Eleitoral,,False
1424,241.0,PETIÇÃO CÍVEL,11480.0,Cerceamento da Fiscalização Partidária,,False
2413,278.0,TERMO CIRCUNSTANCIADO,11503.0,Violência ou Grave Ameaça Visando a Obtenção de Voto ou a sua Abstenção,vote_buying,True
2585,12134.0,TUTELA CAUTELAR ANTECEDENTE,12635.0,Propaganda Política - Propaganda Eleitoral - Divulgação de Notícia  Sabidamente Falsa,,False
850,12077.0,HOMOLOGAÇÃO EM ACORDO DE COLABORAÇÃO PREMIADA,11501.0,Corrupção Eleitoral,vote_buying,True
257,11528.0,AÇÃO PENAL ELEITORAL,3515.0,Infração de Medida Sanitária Preventiva,,False
677,386.0,EXECUÇÃO DA PENA,12366.0,Execução - Cumprimento de Sentença,,False
1954,11541.0,REPRESENTAÇÃO,12636.0,Propaganda Política - Propaganda Eleitoral - Telemarketing,,False
2469,12135.0,TUTELA ANTECIPADA ANTECEDENTE,11648.0,Pesquisa Eleitoral,,False
1559,241.0,PETIÇÃO CÍVEL,11500.0,"Prisão ou Detenção do Eleitor, Membro de Mesa Receptora, Fiscal, Delegado de Partido ou Candidato, Fora das Hipóteses Legais Permitidas",,False
1657,12193.0,PRESTAÇÃO DE CONTAS ELEITORAIS,12366.0,Execução - Cumprimento de Sentença,,False
981,279.0,INQUÉRITO POLICIAL,3532.0,Falsificação de documento particular,fraude,True
554,156.0,CUMPRIMENTO DE SENTENÇA,11652.0,Propaganda Política - Propaganda Eleitoral,,False
2396,278.0,TERMO CIRCUNSTANCIADO,11778.0,Requerimento,,False
968,279.0,INQUÉRITO POLICIAL,10820.0,Divulgação de pesquisa de fraudulenta,pesquisa_adv,True
258,11528.0,AÇÃO PENAL ELEITORAL,3397.0,Injúria,honra,True
248,11528.0,AÇÃO PENAL ELEITORAL,14221.0,Falsificação ou Alteração de Documento Particular para Fins Eleitorais,fraude,True
484,12121.0,COMUNICADO DE MANDADO DE PRISÃO,11501.0,Corrupção Eleitoral,vote_buying,True
1152,12561.0,NOTÍCIA DE IRREGULARIDADE EM PROPAGANDA ELEITORAL,11428.0,DIREITO ELEITORAL,,False
1990,272.0,REPRESENTAÇÃO CRIMINAL/NOTÍCIA DE CRIME,11522.0,Arguição de Ineligibilidade Temerária ou de Má-Fé,inelegib,True
1550,241.0,PETIÇÃO CÍVEL,11761.0,Perda de Cargo Eletivo por Desfiliação Partidária,,False
658,386.0,EXECUÇÃO DA PENA,11513.0,Arregimentação de Eleitor ou Boca de Urna,,False
271,11528.0,AÇÃO PENAL ELEITORAL,,NI,,False
2409,278.0,TERMO CIRCUNSTANCIADO,11509.0,Violação do Sigilo da Urna ou dos Invólucros,ballot_integrity,True
1494,241.0,PETIÇÃO CÍVEL,11499.0,Impedimento ou Embaraço ao Exercício do Sufrágio,,False
509,,CORREIÇÃO EM PRIMEIRO GRAU,11778.0,Requerimento,,False
275,11528.0,AÇÃO PENAL ELEITORAL,11476.0,Obtenção de Documento Falso para Fins Eleitorais,fraude,True
2195,12630.0,REPRESENTAÇÃO ESPECIAL,11722.0,Corrupção ou Fraude,abuso,True
1072,279.0,INQUÉRITO POLICIAL,11496.0,"Uso, na Propaganda Eleitoral, de Símbolo de Órgãos de Governo",,False
1511,241.0,PETIÇÃO CÍVEL,11605.0,Inelegibilidade - Representação ou Ação de Investigação Judicial Eleitoral Jugada Procedente pela Justiça Eleitoral,,False
476,12121.0,COMUNICADO DE MANDADO DE PRISÃO,11513.0,Arregimentação de Eleitor ou Boca de Urna,vote_buying,True
1996,272.0,REPRESENTAÇÃO CRIMINAL/NOTÍCIA DE CRIME,11494.0,Autorização de Transmissão de Pessoa Não Detentora de Direitos Políticos em Atividades Partidárias e de Propaganda Eleitoral,,False
313,11528.0,AÇÃO PENAL ELEITORAL,11503.0,Violência ou Grave Ameaça Visando a Obtenção de Voto ou a sua Abstenção,vote_buying,True
558,156.0,CUMPRIMENTO DE SENTENÇA,11655.0,Propaganda Política - Propaganda Eleitoral - Banner/Cartaz/Faixa,,False
1765,1298.0,PROCESSO ADMINISTRATIVO,,NI,,False
149,11527.0,AÇÃO DE INVESTIGAÇÃO JUDICIAL ELEITORAL,11559.0,Improbidade Administrativa,,False
1466,241.0,PETIÇÃO CÍVEL,11483.0,Divulgação de Fatos Inverídicos na Propaganda Eleitoral,,False
1626,241.0,PETIÇÃO CÍVEL,11518.0,Subscrição de Mais de Uma Ficha de Filiação Partidária,,False
589,10980.0,CUMPRIMENTO PROVISÓRIO DE DECISÃO,11778.0,Requerimento,,False
2563,12134.0,TUTELA CAUTELAR ANTECEDENTE,11649.0,Pesquisa Eleitoral - Divulgação de Pesquisa Eleitoral Fraudulenta,,False
636,12625.0,DIREITO DE RESPOSTA,11674.0,Propaganda Política - Propaganda Eleitoral - Rádio Comunitária,,False
92,11526.0,AÇÃO DE IMPUGNAÇÃO DE MANDATO ELETIVO,12600.0,Candidato Eleito,,False
1398,241.0,PETIÇÃO CÍVEL,14225.0,Apuração de indícios de irregularidades informados pela Administração Pública,,False
281,11528.0,AÇÃO PENAL ELEITORAL,11495.0,Pesquisa Fraudulenta,pesquisa_adv,True
312,11528.0,AÇÃO PENAL ELEITORAL,15143.0,Violência contra a Mulher Candidata ou no Exercício do Mandato Eletivo,,False
1981,272.0,REPRESENTAÇÃO CRIMINAL/NOTÍCIA DE CRIME,15056.0,Acordo de Não Persecução Penal,,False
2338,278.0,TERMO CIRCUNSTANCIADO,3573.0,Desacato,,False
1555,241.0,PETIÇÃO CÍVEL,11495.0,Pesquisa Fraudulenta,,False
1490,241.0,PETIÇÃO CÍVEL,11561.0,Garantia de Autoridade de Decisão do Tribunal,,False
2590,12134.0,TUTELA CAUTELAR ANTECEDENTE,11679.0,Propaganda Política - Propaganda Eleitoral - Internet,,False
1600,241.0,PETIÇÃO CÍVEL,11449.0,Recusa ou Abandono do Serviço Eleitoral,,False
731,12729.0,EXECUÇÃO DE MEDIDAS ALTERNATIVAS NO JUÍZO COMUM,11497.0,Crimes contra o Sigilo ou o Exercício do Voto,,False
1661,12193.0,PRESTAÇÃO DE CONTAS ELEITORAIS,15089.0,Partido Político - Órgão de Direção Zonal,,False
2164,272.0,REPRESENTAÇÃO CRIMINAL/NOTÍCIA DE CRIME,11491.0,Utilização de Organização Comercial para Propaganda ou Aliciamento de Eleitores,vote_buying,True
128,11527.0,AÇÃO DE INVESTIGAÇÃO JUDICIAL ELEITORAL,12601.0,Candidato Não-Eleito,,False
718,12729.0,EXECUÇÃO DE MEDIDAS ALTERNATIVAS NO JUÍZO COMUM,3395.0,Calúnia,,False
1604,241.0,PETIÇÃO CÍVEL,11621.0,Registro de Candidatura - Substituição de Candidato - Por Cancelamento de Registro,,False
1584,241.0,PETIÇÃO CÍVEL,11676.0,Propaganda Política - Propaganda Eleitoral - Invasão de Horário Destinado a Outro Cargo/Partido/Coligação,,False
113,11526.0,AÇÃO DE IMPUGNAÇÃO DE MANDATO ELETIVO,14936.0,Inelegibilidade - Perda de Mandato,inelegib,True
1682,1733.0,PROCEDIMENTO INVESTIGATÓRIO CRIMINAL (PIC-MP),11502.0,Coação Visando a Obtenção de Voto ou a sua Abstenção,vote_buying,True
1681,1733.0,PROCEDIMENTO INVESTIGATÓRIO CRIMINAL (PIC-MP),10751.0,Captação ilícita de votos ou corrupção eleitoral,vote_buying,True
2448,12135.0,TUTELA ANTECIPADA ANTECEDENTE,11642.0,Eleições - 1° Turno,,False
1724,1733.0,PROCEDIMENTO INVESTIGATÓRIO CRIMINAL (PIC-MP),3515.0,Infração de Medida Sanitária Preventiva,,False
2489,12135.0,TUTELA ANTECIPADA ANTECEDENTE,11665.0,Propaganda Política - Propaganda Eleitoral - Contrariedade à Lei de Postura Municipal,,False
1451,241.0,PETIÇÃO CÍVEL,11455.0,Descumprimento da Proibição de Fornecimento de Transporte ou Refeições a Eleitores,,False
1573,241.0,PETIÇÃO CÍVEL,11664.0,"Propaganda Política - Propaganda Eleitoral - Confecção, Utilização ou Distribuição de Brinde",,False
1801,12557.0,RECURSO/IMPUGNAÇÃO DE ALISTAMENTO ELEITORAL,12564.0,Alistamento Eleitoral - Fraude,,False
1864,11541.0,REPRESENTAÇÃO,11720.0,Abuso - Uso Indevido de Meio de Comunicação Social,abuso,True
1599,241.0,PETIÇÃO CÍVEL,11715.0,Quociente Eleitoral/Partidário,,False
524,156.0,CUMPRIMENTO DE SENTENÇA,11628.0,Cargos,,False
1589,241.0,PETIÇÃO CÍVEL,11674.0,Propaganda Política - Propaganda Eleitoral - Rádio Comunitária,,False
80,12061.0,AÇÃO CAUTELAR,11737.0,Cautelar Inominada - Incidental,,False
2187,12630.0,REPRESENTAÇÃO ESPECIAL,12601.0,Candidato Não-Eleito,,False
328,12549.0,CANCELAMENTO DE INSCRIÇÃO ELEITORAL (CIE),11778.0,Requerimento,,False
1878,11541.0,REPRESENTAÇÃO,12062.0,Captação ou Gasto Ilícito de Recursos Financeiros de Campanha Eleitoral,finance,True
2182,12630.0,REPRESENTAÇÃO ESPECIAL,11719.0,Abuso - De Poder Político/Autoridade,abuso,True
1911,11541.0,REPRESENTAÇÃO,14941.0,Percentual de Gênero,,False
1974,11541.0,REPRESENTAÇÃO,11775.0,Veiculação de Propaganda Partidária - Em Bloco,,False
2473,12135.0,TUTELA ANTECIPADA ANTECEDENTE,12046.0,Prestação de Contas - De Candidato,,False
2165,272.0,REPRESENTAÇÃO CRIMINAL/NOTÍCIA DE CRIME,11451.0,Utilização de Prédios ou Serviços de Repartições Públicas para Beneficiar Partido ou Organização de Caráter Político,,False
1882,11541.0,REPRESENTAÇÃO,11628.0,Cargos,,False
574,156.0,CUMPRIMENTO DE SENTENÇA,11678.0,Propaganda Política - Propaganda Eleitoral - Inobservância do Limite Legal,,False
2587,12134.0,TUTELA CAUTELAR ANTECEDENTE,11668.0,Propaganda Política - Propaganda Eleitoral - Folhetos/Volantes/Santinhos/Impressos,,False
28,11530.0,APURAÇÃO DE ELEIÇÃO,11647.0,Eleições - Eleição Suplementar,,False
254,11528.0,AÇÃO PENAL ELEITORAL,11499.0,Impedimento ou Embaraço ao Exercício do Sufrágio,ballot_integrity,True
2181,12630.0,REPRESENTAÇÃO ESPECIAL,11718.0,Abuso - De Poder Econômico,abuso,True
2478,12135.0,TUTELA ANTECIPADA ANTECEDENTE,11654.0,Propaganda Política - Propaganda Eleitoral - Alto-falante/Amplificador de Som,,False
1109,120.0,MANDADO DE SEGURANÇA CÍVEL,12600.0,Candidato Eleito,,False
2369,278.0,TERMO CIRCUNSTANCIADO,11438.0,Inscrição Fraudulenta,fraude,True
386,83.0,CAUTELAR FISCAL,11778.0,Requerimento,,False
583,156.0,CUMPRIMENTO DE SENTENÇA,11684.0,Recursos Financeiros de Campanha Eleitoral,,False
2209,12630.0,REPRESENTAÇÃO ESPECIAL,11652.0,Propaganda Política - Propaganda Eleitoral,,False
2065,272.0,REPRESENTAÇÃO CRIMINAL/NOTÍCIA DE CRIME,10820.0,Divulgação de pesquisa de fraudulenta,pesquisa_adv,True
1476,241.0,PETIÇÃO CÍVEL,,Exceção - De Ilegitimidade de Parte,,False
1073,279.0,INQUÉRITO POLICIAL,11491.0,Utilização de Organização Comercial para Propaganda ou Aliciamento de Eleitores,vote_buying,True
563,156.0,CUMPRIMENTO DE SENTENÇA,11662.0,Propaganda Política - Propaganda Eleitoral - Comício/Showmício,,False
1074,279.0,INQUÉRITO POLICIAL,11451.0,Utilização de Prédios ou Serviços de Repartições Públicas para Beneficiar Partido ou Organização de Caráter Político,,False
2000,272.0,REPRESENTAÇÃO CRIMINAL/NOTÍCIA DE CRIME,10914.0,Busca e Apreensão de Bens,,False
2151,272.0,REPRESENTAÇÃO CRIMINAL/NOTÍCIA DE CRIME,3617.0,Representação caluniosa,,False
1530,241.0,PETIÇÃO CÍVEL,11612.0,Nome do Candidato - Homonímia,,False
1851,11532.0,REGISTRO DE CANDIDATURA,11620.0,Registro de Candidatura - Substituição de Candidato,,False
840,307.0,HABEAS CORPUS CRIMINAL,11704.0,Habeas Corpus - Liberatório,,False
1337,1727.0,PETIÇÃO CRIMINAL,11486.0,Difamação na Propaganda Eleitoral,,False
1344,1727.0,PETIÇÃO CRIMINAL,11473.0,Falsidade Ideológica,,False
160,11527.0,AÇÃO DE INVESTIGAÇÃO JUDICIAL ELEITORAL,11604.0,Inelegibilidade - Rejeição de Contas Públicas,inelegib,True
2531,12134.0,TUTELA CAUTELAR ANTECEDENTE,11638.0,Cargo - Vereador,,False
2593,12134.0,TUTELA CAUTELAR ANTECEDENTE,12637.0,Propaganda Política - Propaganda Eleitoral - Redes Sociais,,False
2046,272.0,REPRESENTAÇÃO CRIMINAL/NOTÍCIA DE CRIME,15020.0,Denunciação Caluniosa para Fins Eleitorais,honra,True
82,12061.0,AÇÃO CAUTELAR,11428.0,DIREITO ELEITORAL,,False
311,11528.0,AÇÃO PENAL ELEITORAL,,"Violência Política de Gênero (art, 326-B do Código Eleitoral)",,False
555,156.0,CUMPRIMENTO DE SENTENÇA,11653.0,Propaganda Política - Propaganda Eleitoral - Adesivo,,False
1184,12561.0,NOTÍCIA DE IRREGULARIDADE EM PROPAGANDA ELEITORAL,11670.0,Propaganda Política - Propaganda Eleitoral - Distribuição de Tempo de Propaganda,,False
2458,12135.0,TUTELA ANTECIPADA ANTECEDENTE,11596.0,Inelegibilidade - Abuso do Poder Econômico ou Político,,False
1202,12561.0,NOTÍCIA DE IRREGULARIDADE EM PROPAGANDA ELEITORAL,12636.0,Propaganda Política - Propaganda Eleitoral - Telemarketing,,False
2206,12630.0,REPRESENTAÇÃO ESPECIAL,,NI,,False
2315,278.0,TERMO CIRCUNSTANCIADO,10751.0,Captação ilícita de votos ou corrupção eleitoral,vote_buying,True
6,14678.0,ACORDO DE NÃO PERSECUÇÃO PENAL,11501.0,Corrupção Eleitoral,vote_buying,True
2229,12633.0,REQUERIMENTO DE REGULARIZAÇÃO DE OMISSÃO DE PRESTAÇÃO DE CONTAS ELEITORAIS,11640.0,Cargo - Vice-Prefeito,,False
1426,241.0,PETIÇÃO CÍVEL,11502.0,Coação Visando a Obtenção de Voto ou a sua Abstenção,,False
2180,12630.0,REPRESENTAÇÃO ESPECIAL,11717.0,Abuso,abuso,True
1699,1733.0,PROCEDIMENTO INVESTIGATÓRIO CRIMINAL (PIC-MP),11452.0,Desobediência a Ordens ou Instruções da Justiça Eleitoral,,False
648,,EMBARGOS DE TERCEIRO CÍVEL,11778.0,Requerimento,,False
1869,11541.0,REPRESENTAÇÃO,,"Auxílio Emergencial (Lei 13,982/2020)",,False
1507,241.0,PETIÇÃO CÍVEL,11602.0,Inelegibilidade - Parentesco,,False
83,12061.0,AÇÃO CAUTELAR,9196.0,Liminar,,False
1528,241.0,PETIÇÃO CÍVEL,,NI,,False
2493,12135.0,TUTELA ANTECIPADA ANTECEDENTE,11668.0,Propaganda Política - Propaganda Eleitoral - Folhetos/Volantes/Santinhos/Impressos,,False
1635,241.0,PETIÇÃO CÍVEL,11776.0,Veiculação de Propaganda Partidária - Em Inserções,,False
233,11528.0,AÇÃO PENAL ELEITORAL,11485.0,Divulgação de Falsa Imputação,honra,True
1862,11541.0,REPRESENTAÇÃO,11718.0,Abuso - De Poder Econômico,abuso,True
1705,1733.0,PROCEDIMENTO INVESTIGATÓRIO CRIMINAL (PIC-MP),11483.0,Divulgação de Fatos Inverídicos na Propaganda Eleitoral,honra,True
1077,279.0,INQUÉRITO POLICIAL,11509.0,Violação do Sigilo da Urna ou dos Invólucros,ballot_integrity,True
87,12061.0,AÇÃO CAUTELAR,12416.0,Tutela de Urgência,,False
2581,12134.0,TUTELA CAUTELAR ANTECEDENTE,11664.0,"Propaganda Política - Propaganda Eleitoral - Confecção, Utilização ou Distribuição de Brinde",,False
1703,1733.0,PROCEDIMENTO INVESTIGATÓRIO CRIMINAL (PIC-MP),11486.0,Difamação na Propaganda Eleitoral,honra,True
1539,241.0,PETIÇÃO CÍVEL,11478.0,Obtenção de Acesso a Sistema de Dados Eleitorais,,False
621,12625.0,DIREITO DE RESPOSTA,11667.0,Propaganda Política - Propaganda Eleitoral - Extemporânea/Antecipada,,False
2422,12135.0,TUTELA ANTECIPADA ANTECEDENTE,12601.0,Candidato Não-Eleito,,False
2013,272.0,REPRESENTAÇÃO CRIMINAL/NOTÍCIA DE CRIME,11504.0,Concentração de Eleitores para Embaraçar ou Fraudar o Exercício do Voto,ballot_integrity,True
2522,12134.0,TUTELA CAUTELAR ANTECEDENTE,12363.0,Cancelamento de Registro de Candidatura,,False
1885,11541.0,REPRESENTAÇÃO,11722.0,Corrupção ou Fraude,abuso,True
364,355.0,CARTA PRECATÓRIA CRIMINAL,14221.0,Falsificação ou Alteração de Documento Particular para Fins Eleitorais,,False
875,12555.0,IMPUGNAÇÃO À COMPOSIÇÃO DE JUNTA ELEITORAL,12052.0,Impugnação - Nomeação de Membro da Junta Eleitoral,,False
1495,241.0,PETIÇÃO CÍVEL,11559.0,Improbidade Administrativa,,False
209,11528.0,AÇÃO PENAL ELEITORAL,12588.0,Crimes Conexos,,False
1022,279.0,INQUÉRITO POLICIAL,11450.0,Não Cumprimento dos Deveres Impostos pelo Código Eleitoral à Autoridade Judiciária e aos Funcionários da Justiça Eleitoral,,False
531,156.0,CUMPRIMENTO DE SENTENÇA,15405.0,Desinformação sobre a Integridade do Processo Eleitoral,,False
1200,12561.0,NOTÍCIA DE IRREGULARIDADE EM PROPAGANDA ELEITORAL,11673.0,Propaganda Política - Propaganda Eleitoral - Rádio,,False
1110,120.0,MANDADO DE SEGURANÇA CÍVEL,12601.0,Candidato Não-Eleito,,False
165,11527.0,AÇÃO DE INVESTIGAÇÃO JUDICIAL ELEITORAL,,NI,,False
2282,326.0,RESTITUIÇÃO DE COISAS APREENDIDAS,11778.0,Requerimento,,False
1985,272.0,REPRESENTAÇÃO CRIMINAL/NOTÍCIA DE CRIME,10752.0,Aliciamento eleitoral,vote_buying,True
2499,12135.0,TUTELA ANTECIPADA ANTECEDENTE,11679.0,Propaganda Política - Propaganda Eleitoral - Internet,,False
1325,1727.0,PETIÇÃO CRIMINAL,11497.0,Crimes contra o Sigilo ou o Exercício do Voto,,False
2586,12134.0,TUTELA CAUTELAR ANTECEDENTE,11667.0,Propaganda Política - Propaganda Eleitoral - Extemporânea/Antecipada,,False
40,280.0,AUTO DE PRISÃO EM FLAGRANTE,11513.0,Arregimentação de Eleitor ou Boca de Urna,vote_buying,True
1221,309.0,PEDIDO DE BUSCA E APREENSÃO CRIMINAL,10751.0,Captação ilícita de votos ou corrupção eleitoral,vote_buying,True
2157,272.0,REPRESENTAÇÃO CRIMINAL/NOTÍCIA DE CRIME,12731.0,Transação Penal,,False
1358,1727.0,PETIÇÃO CRIMINAL,11438.0,Inscrição Fraudulenta,,False
818,12554.0,FILIAÇÃO PARTIDÁRIA,,NI,,False
16,14678.0,ACORDO DE NÃO PERSECUÇÃO PENAL,11438.0,Inscrição Fraudulenta,fraude,True
1215,309.0,PEDIDO DE BUSCA E APREENSÃO CRIMINAL,11513.0,Arregimentação de Eleitor ou Boca de Urna,vote_buying,True
181,11528.0,AÇÃO PENAL ELEITORAL,11470.0,Alteração do Resultado de Votação nos Mapas ou Boletins de Apuração,ballot_integrity,True
1671,1733.0,PROCEDIMENTO INVESTIGATÓRIO CRIMINAL (PIC-MP),11470.0,Alteração do Resultado de Votação nos Mapas ou Boletins de Apuração,ballot_integrity,True
106,11526.0,AÇÃO DE IMPUGNAÇÃO DE MANDATO ELETIVO,11646.0,Eleições - Eleição Proporcional,,False
892,279.0,INQUÉRITO POLICIAL,10819.0,Aliciamento de eleitores,vote_buying,True
1773,193.0,PRODUÇÃO ANTECIPADA DA PROVA,11736.0,Cautelar Inominada - De Produção Antecipada de Provas,,False
2443,12135.0,TUTELA ANTECIPADA ANTECEDENTE,11592.0,Condição de Elegibilidade - Quitação Eleitoral,,False
2340,278.0,TERMO CIRCUNSTANCIADO,11455.0,Descumprimento da Proibição de Fornecimento de Transporte ou Refeições a Eleitores,vote_buying,True
782,12729.0,EXECUÇÃO DE MEDIDAS ALTERNATIVAS NO JUÍZO COMUM,11778.0,Requerimento,,False
961,279.0,INQUÉRITO POLICIAL,11510.0,"Destruição, Supressão ou Ocultação de Urna Contendo Votos ou Documentos Eleitorais",,False
2363,278.0,TERMO CIRCUNSTANCIADO,11499.0,Impedimento ou Embaraço ao Exercício do Sufrágio,ballot_integrity,True
1727,1733.0,PROCEDIMENTO INVESTIGATÓRIO CRIMINAL (PIC-MP),11487.0,Injúria na Propaganda Eleitoral,honra,True
885,,INCIDENTE DE IMPEDIMENTO / SUSPEIÇÃO,11742.0,Exceção - De Impedimento,,False
1706,1733.0,PROCEDIMENTO INVESTIGATÓRIO CRIMINAL (PIC-MP),11514.0,Divulgação de Propaganda Eleitoral no Dia da Eleição,,False
1905,11541.0,REPRESENTAÇÃO,11595.0,Inelegibilidade,inelegib,True
1146,12561.0,NOTÍCIA DE IRREGULARIDADE EM PROPAGANDA ELEITORAL,11640.0,Cargo - Vice-Prefeito,,False
295,11528.0,AÇÃO PENAL ELEITORAL,12732.0,Suspensão Condicional de Processo,,False
1822,11532.0,REGISTRO DE CANDIDATURA,11750.0,Coligação Partidária - Majoritária,,False
2401,278.0,TERMO CIRCUNSTANCIADO,12731.0,Transação Penal,,False
2076,272.0,REPRESENTAÇÃO CRIMINAL/NOTÍCIA DE CRIME,11473.0,Falsidade ideológica,fraude,True
898,279.0,INQUÉRITO POLICIAL,11522.0,Arguição de Ineligibilidade Temerária ou de Má-Fé,inelegib,True
580,156.0,CUMPRIMENTO DE SENTENÇA,11723.0,Propaganda Política - Propaganda Institucional,,False
1501,241.0,PETIÇÃO CÍVEL,11596.0,Inelegibilidade - Abuso do Poder Econômico ou Político,,False
623,12625.0,DIREITO DE RESPOSTA,11669.0,Propaganda Política - Propaganda Eleitoral - Horário Eleitoral Gratuito,,False
2311,278.0,TERMO CIRCUNSTANCIADO,11494.0,Autorização de Transmissão de Pessoa Não Detentora de Direitos Políticos em Atividades Partidárias e de Propaganda Eleitoral,,False
78,12061.0,AÇÃO CAUTELAR,11735.0,Cautelar Inominada - De Busca e Apreensão,,False
1473,241.0,PETIÇÃO CÍVEL,11647.0,Eleições - Eleição Suplementar,,False
1633,241.0,PETIÇÃO CÍVEL,11465.0,Utilização de Veículos e Embarcações Públicas em Campanha Eleitoral,,False
652,1118.0,EMBARGOS À EXECUÇÃO FISCAL,9518.0,Efeito Suspensivo / Impugnação / Embargos à Execução,,False
158,11527.0,AÇÃO DE INVESTIGAÇÃO JUDICIAL ELEITORAL,14936.0,Inelegibilidade - Perda de Mandato,inelegib,True
186,11528.0,AÇÃO PENAL ELEITORAL,11522.0,Arguição de Ineligibilidade Temerária ou de Má-Fé,inelegib,True
2174,272.0,REPRESENTAÇÃO CRIMINAL/NOTÍCIA DE CRIME,,"Violência Política de Gênero (art, 326-B do Código Eleitoral)",,False
2583,12134.0,TUTELA CAUTELAR ANTECEDENTE,11666.0,Propaganda Política - Propaganda Eleitoral - Debate Político,,False
1558,241.0,PETIÇÃO CÍVEL,12048.0,Prestação de Contas - De Exercício Financeiro,,False
1680,1733.0,PROCEDIMENTO INVESTIGATÓRIO CRIMINAL (PIC-MP),11484.0,Calúnia na Propaganda Eleitoral,honra,True
1430,241.0,PETIÇÃO CÍVEL,11567.0,Concurso Público,,False
1024,279.0,INQUÉRITO POLICIAL,11464.0,Obstamento do Transporte e Fornecimento de Alimentos a Eleitores pela Justiça Eleitoral,,False
463,12550.0,COMPOSIÇÃO DE MESA RECEPTORA,11647.0,Eleições - Eleição Suplementar,,False
1816,11532.0,REGISTRO DE CANDIDATURA,12363.0,Cancelamento de Registro de Candidatura,,False
1605,241.0,PETIÇÃO CÍVEL,11622.0,Registro de Candidatura - Substituição de Candidato - Por Cassação de Registro,,False
1611,241.0,PETIÇÃO CÍVEL,11690.0,Registro de Comitê Financeiro - Eleição Proporcional,,False
1445,241.0,PETIÇÃO CÍVEL,11501.0,Corrupção Eleitoral,,False
2131,272.0,REPRESENTAÇÃO CRIMINAL/NOTÍCIA DE CRIME,11500.0,"Prisão ou Detenção do Eleitor, Membro de Mesa Receptora, Fiscal, Delegado de Partido ou Candidato, Fora das Hipóteses Legais Permitidas",,False
2198,12630.0,REPRESENTAÇÃO ESPECIAL,11701.0,Doação de Recursos Acima do Limite Legal - Pessoa Jurídica,finance,True
2441,12135.0,TUTELA ANTECIPADA ANTECEDENTE,11589.0,Condição de Elegibilidade - Filiação Partidária,,False
211,11528.0,AÇÃO PENAL ELEITORAL,11467.0,Crimes contra a Fé Pública Eleitoral,fraude,True
808,12554.0,FILIAÇÃO PARTIDÁRIA,12612.0,COVID-19,,False
1870,11541.0,REPRESENTAÇÃO,12612.0,COVID-19,,False
1634,241.0,PETIÇÃO CÍVEL,11775.0,Veiculação de Propaganda Partidária - Em Bloco,,False
2571,12134.0,TUTELA CAUTELAR ANTECEDENTE,11654.0,Propaganda Política - Propaganda Eleitoral - Alto-falante/Amplificador de Som,,False
2565,12134.0,TUTELA CAUTELAR ANTECEDENTE,11651.0,Pesquisa Eleitoral - Registro de Pesquisa Eleitoral,,False
2483,12135.0,TUTELA ANTECIPADA ANTECEDENTE,11658.0,Propaganda Política - Propaganda Eleitoral - Bem Público,,False
1317,1727.0,PETIÇÃO CRIMINAL,11502.0,Coação Visando a Obtenção de Voto ou a sua Abstenção,,False
2352,278.0,TERMO CIRCUNSTANCIADO,10820.0,Divulgação de pesquisa de fraudulenta,pesquisa_adv,True
2404,278.0,TERMO CIRCUNSTANCIADO,11496.0,"Uso, na Propaganda Eleitoral, de Símbolo de Órgãos de Governo",,False
1538,241.0,PETIÇÃO CÍVEL,11464.0,Obstamento do Transporte e Fornecimento de Alimentos a Eleitores pela Justiça Eleitoral,,False
1028,279.0,INQUÉRITO POLICIAL,11445.0,"Ocultação, Sonegação ou Recusa de Fornecimento de Utilidades, Alimentos e Transporte no Dia da Eleição",,False
1857,11532.0,REGISTRO DE CANDIDATURA,11778.0,Requerimento,,False
72,280.0,AUTO DE PRISÃO EM FLAGRANTE,11500.0,"Prisão ou Detenção do Eleitor, Membro de Mesa Receptora, Fiscal, Delegado de Partido ou Candidato, Fora das Hipóteses Legais Permitidas",,False
516,156.0,CUMPRIMENTO DE SENTENÇA,12566.0,Ausência ou Abandono aos Trabalhos Eleitorais,,False
2421,12135.0,TUTELA ANTECIPADA ANTECEDENTE,12600.0,Candidato Eleito,,False
166,11527.0,AÇÃO DE INVESTIGAÇÃO JUDICIAL ELEITORAL,,Percentual de Candidaturas Femininas,,False
339,335.0,CARTA DE ORDEM CRIMINAL,11778.0,Requerimento,,False
2155,272.0,REPRESENTAÇÃO CRIMINAL/NOTÍCIA DE CRIME,12544.0,Simples,,False
1330,1727.0,PETIÇÃO CRIMINAL,11455.0,Descumprimento da Proibição de Fornecimento de Transporte ou Refeições a Eleitores,,False
866,12556.0,IMPUGNAÇÃO PERANTE AS JUNTAS ELEITORAIS,11710.0,Impugnação - Sistema Eletrônico de Votação,,False
533,156.0,CUMPRIMENTO DE SENTENÇA,11700.0,Doação de Recursos Acima do Limite Legal - Pessoa Física,,False
1372,1727.0,PETIÇÃO CRIMINAL,11778.0,Requerimento,,False
31,11530.0,APURAÇÃO DE ELEIÇÃO,11715.0,Quociente Eleitoral/Partidário,,False
1638,241.0,PETIÇÃO CÍVEL,11503.0,Violência ou Grave Ameaça Visando a Obtenção de Voto ou a sua Abstenção,,False
2431,12135.0,TUTELA ANTECIPADA ANTECEDENTE,11734.0,Cautelar Inominada,,False
1332,1727.0,PETIÇÃO CRIMINAL,11452.0,Desobediência a Ordens ou Instruções da Justiça Eleitoral,,False
1738,1733.0,PROCEDIMENTO INVESTIGATÓRIO CRIMINAL (PIC-MP),11495.0,Pesquisa Fraudulenta,pesquisa_adv,True
266,11528.0,AÇÃO PENAL ELEITORAL,11489.0,"Inutilização, Alteração ou Perturbação de Propaganda",ballot_integrity,True
857,12556.0,IMPUGNAÇÃO PERANTE AS JUNTAS ELEITORAIS,11714.0,Apuração/Totalização de Votos,,False
1863,11541.0,REPRESENTAÇÃO,11719.0,Abuso - De Poder Político/Autoridade,abuso,True
30,11530.0,APURAÇÃO DE ELEIÇÃO,12360.0,Matéria Administrativa,,False
777,12729.0,EXECUÇÃO DE MEDIDAS ALTERNATIVAS NO JUÍZO COMUM,11443.0,Promoção de Desordem nos Trabalhos Eleitorais,,False
131,11527.0,AÇÃO DE INVESTIGAÇÃO JUDICIAL ELEITORAL,12062.0,Captação ou Gasto Ilícito de Recursos Financeiros de Campanha Eleitoral,finance,True
322,12549.0,CANCELAMENTO DE INSCRIÇÃO ELEITORAL (CIE),11579.0,Alistamento Eleitoral - Inscrição Eleitoral,,False
95,11526.0,AÇÃO DE IMPUGNAÇÃO DE MANDATO ELETIVO,11721.0,Captação Ilícita de Sufrágio,vote_buying,True
911,279.0,INQUÉRITO POLICIAL,11480.0,Cerceamento da Fiscalização Partidária,,False
1926,11541.0,REPRESENTAÇÃO,11659.0,Propaganda Política - Propaganda Eleitoral - Bem Tombado,,False
259,11528.0,AÇÃO PENAL ELEITORAL,11488.0,Injúria Eleitoral Violenta,honra,True
2576,12134.0,TUTELA CAUTELAR ANTECEDENTE,11658.0,Propaganda Política - Propaganda Eleitoral - Bem Público,,False
888,,INCIDENTE DE IMPEDIMENTO / SUSPEIÇÃO,11778.0,Requerimento,,False
1517,241.0,PETIÇÃO CÍVEL,11487.0,Injúria na Propaganda Eleitoral,,False
582,156.0,CUMPRIMENTO DE SENTENÇA,15304.0,Recurso de Origem Não Identificada,,False
1663,12193.0,PRESTAÇÃO DE CONTAS ELEITORAIS,12047.0,Prestação de Contas - De Comitê Financeiro,,False
1836,11532.0,REGISTRO DE CANDIDATURA,11598.0,Inelegibilidade - Condenação Criminal por órgão colegiado ou Transitada em Julgado,,False
742,12729.0,EXECUÇÃO DE MEDIDAS ALTERNATIVAS NO JUÍZO COMUM,3396.0,Difamação,,False
1693,1733.0,PROCEDIMENTO INVESTIGATÓRIO CRIMINAL (PIC-MP),11497.0,Crimes contra o Sigilo ou o Exercício do Voto,ballot_integrity,True
1469,241.0,PETIÇÃO CÍVEL,11643.0,Eleições - 2° Turno,,False
1223,309.0,PEDIDO DE BUSCA E APREENSÃO CRIMINAL,11502.0,Coação Visando a Obtenção de Voto ou a sua Abstenção,vote_buying,True
2156,272.0,REPRESENTAÇÃO CRIMINAL/NOTÍCIA DE CRIME,11518.0,Subscrição de Mais de Uma Ficha de Filiação Partidária,,False
1659,12193.0,PRESTAÇÃO DE CONTAS ELEITORAIS,,NI,,False
1405,241.0,PETIÇÃO CÍVEL,,"Auxílio Emergencial (Lei 13,982/2020)",,False
1612,241.0,PETIÇÃO CÍVEL,11691.0,Registro de Comitê Financeiro - Único,,False
789,12729.0,EXECUÇÃO DE MEDIDAS ALTERNATIVAS NO JUÍZO COMUM,11496.0,"Uso, na Propaganda Eleitoral, de Símbolo de Órgãos de Governo",,False
134,11527.0,AÇÃO DE INVESTIGAÇÃO JUDICIAL ELEITORAL,11640.0,Cargo - Vice-Prefeito,,False
1679,1733.0,PROCEDIMENTO INVESTIGATÓRIO CRIMINAL (PIC-MP),3395.0,Calúnia,honra,True
336,335.0,CARTA DE ORDEM CRIMINAL,,Interrogatório,,False
525,156.0,CUMPRIMENTO DE SENTENÇA,12063.0,Conduta Vedada ao Agente Público,,False
661,386.0,EXECUÇÃO DA PENA,11484.0,Calúnia na Propaganda Eleitoral,,False
1461,241.0,PETIÇÃO CÍVEL,11726.0,Direitos Políticos - Perda dos Direitos Políticos,,False
2110,272.0,REPRESENTAÇÃO CRIMINAL/NOTÍCIA DE CRIME,3386.0,Leve,,False
2498,12135.0,TUTELA ANTECIPADA ANTECEDENTE,11678.0,Propaganda Política - Propaganda Eleitoral - Inobservância do Limite Legal,,False
2302,278.0,TERMO CIRCUNSTANCIADO,10752.0,Aliciamento eleitoral,vote_buying,True
2427,12135.0,TUTELA ANTECIPADA ANTECEDENTE,12062.0,Captação ou Gasto Ilícito de Recursos Financeiros de Campanha Eleitoral,,False
1787,426.0,RECURSO EM SENTIDO ESTRITO,11482.0,Crimes contra a Propaganda Eleitoral,,False
2109,272.0,REPRESENTAÇÃO CRIMINAL/NOTÍCIA DE CRIME,11524.0,Irregularidades dos Dados Publicados em Pesquisas Eleitorais,pesquisa_adv,True
250,11528.0,AÇÃO PENAL ELEITORAL,10753.0,Falso eleitoral,,False
2537,12134.0,TUTELA CAUTELAR ANTECEDENTE,11750.0,Coligação Partidária - Majoritária,,False
2320,278.0,TERMO CIRCUNSTANCIADO,11504.0,Concentração de Eleitores para Embaraçar ou Fraudar o Exercício do Voto,ballot_integrity,True
2170,272.0,REPRESENTAÇÃO CRIMINAL/NOTÍCIA DE CRIME,11509.0,Violação do Sigilo da Urna ou dos Invólucros,ballot_integrity,True
1190,12561.0,NOTÍCIA DE IRREGULARIDADE EM PROPAGANDA ELEITORAL,11672.0,Propaganda Política - Propaganda Eleitoral - Horário Eleitoral Gratuito/Programa em Bloco,,False
1908,11541.0,REPRESENTAÇÃO,11524.0,Irregularidades dos Dados Publicados em Pesquisas Eleitorais,pesquisa_adv,True
2492,12135.0,TUTELA ANTECIPADA ANTECEDENTE,11667.0,Propaganda Política - Propaganda Eleitoral - Extemporânea/Antecipada,,False
1011,279.0,INQUÉRITO POLICIAL,11438.0,Inscrição fraudulenta,fraude,True
2582,12134.0,TUTELA CAUTELAR ANTECEDENTE,11665.0,Propaganda Política - Propaganda Eleitoral - Contrariedade à Lei de Postura Municipal,,False
2490,12135.0,TUTELA ANTECIPADA ANTECEDENTE,11666.0,Propaganda Política - Propaganda Eleitoral - Debate Político,,False
2479,12135.0,TUTELA ANTECIPADA ANTECEDENTE,12639.0,Propaganda Política - Propaganda Eleitoral - Aplicativo de Mensagem Instantânea,,False
1020,279.0,INQUÉRITO POLICIAL,11444.0,Majoração de Preços de Utilidade e Serviços Necessários à Realização das Eleições,,False
1075,279.0,INQUÉRITO POLICIAL,11465.0,Utilização de Veículos e Embarcações Públicas em Campanha Eleitoral,,False
325,12549.0,CANCELAMENTO DE INSCRIÇÃO ELEITORAL (CIE),12051.0,Impugnação - Inscrição Eleitoral,,False
1084,279.0,INQUÉRITO POLICIAL,11434.0,Votação de Eleitor na Seção Eleitoral na qual Não Está Inscrito ou Autorizado a Votar,,False
545,156.0,CUMPRIMENTO DE SENTENÇA,11649.0,Pesquisa Eleitoral - Divulgação de Pesquisa Eleitoral Fraudulenta,,False
2094,272.0,REPRESENTAÇÃO CRIMINAL/NOTÍCIA DE CRIME,,Identidade de Gênero,,False
1666,12193.0,PRESTAÇÃO DE CONTAS ELEITORAIS,11778.0,Requerimento,,False
2202,12630.0,REPRESENTAÇÃO ESPECIAL,11646.0,Eleições - Eleição Proporcional,,False
2566,12134.0,TUTELA CAUTELAR ANTECEDENTE,12046.0,Prestação de Contas - De Candidato,,False
2548,12134.0,TUTELA CAUTELAR ANTECEDENTE,11642.0,Eleições - 1° Turno,,False
2071,272.0,REPRESENTAÇÃO CRIMINAL/NOTÍCIA DE CRIME,3585.0,Exercício arbitrário ou abuso de poder,abuso,True
459,12550.0,COMPOSIÇÃO DE MESA RECEPTORA,11428.0,DIREITO ELEITORAL,,False
2047,272.0,REPRESENTAÇÃO CRIMINAL/NOTÍCIA DE CRIME,3576.0,Denunciação caluniosa,honra,True
2162,272.0,REPRESENTAÇÃO CRIMINAL/NOTÍCIA DE CRIME,10823.0,Uso de símbolos governamentais em propaganda eleitoral,,False
862,12556.0,IMPUGNAÇÃO PERANTE AS JUNTAS ELEITORAIS,11646.0,Eleições - Eleição Proporcional,,False
1715,1733.0,PROCEDIMENTO INVESTIGATÓRIO CRIMINAL (PIC-MP),11472.0,Falsificação ou Alteração de Documento Público para Fins Eleitorais,fraude,True
1596,241.0,PETIÇÃO CÍVEL,11433.0,Práticas Irregulares que Determinam a Anulação da Votação,,False
797,1116.0,EXECUÇÃO FISCAL,12366.0,Execução - Cumprimento de Sentença,,False
800,1116.0,EXECUÇÃO FISCAL,11732.0,Execução de Julgado,,False
2395,278.0,TERMO CIRCUNSTANCIADO,11449.0,Recusa ou Abandono do Serviço Eleitoral,,False
810,12554.0,FILIAÇÃO PARTIDÁRIA,11589.0,Condição de Elegibilidade - Filiação Partidária,,False
1348,1727.0,PETIÇÃO CRIMINAL,11472.0,Falsificação ou Alteração de Documento Público para Fins Eleitorais,,False
680,386.0,EXECUÇÃO DA PENA,11473.0,Falsidade Ideológica,,False
1439,241.0,PETIÇÃO CÍVEL,11435.0,Contagem de Votos de Eleitores em Relação aos quais Houve Impugnação,,False
2265,326.0,RESTITUIÇÃO DE COISAS APREENDIDAS,11455.0,Descumprimento da Proibição de Fornecimento de Transporte ou Refeições a Eleitores,vote_buying,True
627,12625.0,DIREITO DE RESPOSTA,12638.0,Propaganda Política - Propaganda Eleitoral - Impulsionamento,,False
1484,241.0,PETIÇÃO CÍVEL,11473.0,Falsidade Ideológica,,False
2249,326.0,RESTITUIÇÃO DE COISAS APREENDIDAS,11513.0,Arregimentação de Eleitor ou Boca de Urna,vote_buying,True
2048,272.0,REPRESENTAÇÃO CRIMINAL/NOTÍCIA DE CRIME,3573.0,Desacato,,False
591,157.0,CUMPRIMENTO PROVISÓRIO DE SENTENÇA,10880.0,Cumprimento Provisório de Sentença,,False
2520,12134.0,TUTELA CAUTELAR ANTECEDENTE,11714.0,Apuração/Totalização de Votos,,False
556,156.0,CUMPRIMENTO DE SENTENÇA,11654.0,Propaganda Política - Propaganda Eleitoral - Alto-falante/Amplificador de Som,,False
561,156.0,CUMPRIMENTO DE SENTENÇA,11658.0,Propaganda Política - Propaganda Eleitoral - Bem Público,,False
2374,278.0,TERMO CIRCUNSTANCIADO,3386.0,Leve,,False
755,12729.0,EXECUÇÃO DE MEDIDAS ALTERNATIVAS NO JUÍZO COMUM,14221.0,Falsificação ou Alteração de Documento Particular para Fins Eleitorais,,False
1002,279.0,INQUÉRITO POLICIAL,11439.0,Induzimento à Inscrição de Eleitor em Infração às Normas Legais,,False
182,11528.0,AÇÃO PENAL ELEITORAL,3402.0,Ameaça,,False
1157,12561.0,NOTÍCIA DE IRREGULARIDADE EM PROPAGANDA ELEITORAL,11643.0,Eleições - 2° Turno,,False
2149,272.0,REPRESENTAÇÃO CRIMINAL/NOTÍCIA DE CRIME,11449.0,Recusa ou Abandono do Serviço Eleitoral,,False
115,11526.0,AÇÃO DE IMPUGNAÇÃO DE MANDATO ELETIVO,11604.0,Inelegibilidade - Rejeição de Contas Públicas,inelegib,True
1561,241.0,PETIÇÃO CÍVEL,11443.0,Promoção de Desordem nos Trabalhos Eleitorais,,False
988,279.0,INQUÉRITO POLICIAL,3579.0,Falso testemunho ou falsa perícia,,False
987,279.0,INQUÉRITO POLICIAL,10753.0,Falso eleitoral,,False
1222,309.0,PEDIDO DE BUSCA E APREENSÃO CRIMINAL,11735.0,Cautelar Inominada - De Busca e Apreensão,,False
223,11528.0,AÇÃO PENAL ELEITORAL,3576.0,Denunciação caluniosa,honra,True
1984,272.0,REPRESENTAÇÃO CRIMINAL/NOTÍCIA DE CRIME,10819.0,Aliciamento de eleitores,vote_buying,True
2472,12135.0,TUTELA ANTECIPADA ANTECEDENTE,11651.0,Pesquisa Eleitoral - Registro de Pesquisa Eleitoral,,False
510,1303.0,CORREIÇÃO EXTRAORDINÁRIA,,Correição extraordinária,,False
631,12625.0,DIREITO DE RESPOSTA,11680.0,Propaganda Política - Propaganda Eleitoral - Omissão de Informações Obrigatórias,,False
649,172.0,EMBARGOS À EXECUÇÃO,9518.0,Efeito Suspensivo / Impugnação / Embargos à Execução,,False
1470,241.0,PETIÇÃO CÍVEL,11644.0,Eleições - Anulação de Eleições,,False
2554,12134.0,TUTELA CAUTELAR ANTECEDENTE,12586.0,Filiação Partidária - Lista Especial,,False
672,386.0,EXECUÇÃO DA PENA,11452.0,Desobediência a Ordens ou Instruções da Justiça Eleitoral,,False
2577,12134.0,TUTELA CAUTELAR ANTECEDENTE,11660.0,Propaganda Política - Propaganda Eleitoral - Boca de Urna,,False
91,11526.0,AÇÃO DE IMPUGNAÇÃO DE MANDATO ELETIVO,11720.0,Abuso - Uso Indevido de Meio de Comunicação Social,abuso,True
1871,11541.0,REPRESENTAÇÃO,11484.0,Calúnia na Propaganda Eleitoral,honra,True
222,11528.0,AÇÃO PENAL ELEITORAL,15020.0,Denunciação Caluniosa para Fins Eleitorais,honra,True
101,11526.0,AÇÃO DE IMPUGNAÇÃO DE MANDATO ELETIVO,11591.0,Condição de Elegibilidade - Pleno Exercício dos Direitos Políticos,,False
102,11526.0,AÇÃO DE IMPUGNAÇÃO DE MANDATO ELETIVO,11592.0,Condição de Elegibilidade - Quitação Eleitoral,,False
294,11528.0,AÇÃO PENAL ELEITORAL,11518.0,Subscrição de Mais de Uma Ficha de Filiação Partidária,,False
1098,305.0,LIBERDADE PROVISÓRIA COM OU SEM FIANÇA,12334.0,"Promoção, constituição, financiamento ou integração de Organização Criminosa",,False
2580,12134.0,TUTELA CAUTELAR ANTECEDENTE,11663.0,Propaganda Política - Propaganda Eleitoral - Conduta Vedada a Emissora de Rádio/Televisão na Programação Normal,,False
737,12729.0,EXECUÇÃO DE MEDIDAS ALTERNATIVAS NO JUÍZO COMUM,11455.0,Descumprimento da Proibição de Fornecimento de Transporte ou Refeições a Eleitores,,False
1521,241.0,PETIÇÃO CÍVEL,10939.0,Intimação / Notificação,,False
2376,278.0,TERMO CIRCUNSTANCIADO,11450.0,Não Cumprimento dos Deveres Impostos pelo Código Eleitoral à Autoridade Judiciária e aos Funcionários da Justiça Eleitoral,,False
2546,12134.0,TUTELA CAUTELAR ANTECEDENTE,11724.0,Diplomação,,False
1809,12557.0,RECURSO/IMPUGNAÇÃO DE ALISTAMENTO ELEITORAL,,NI,,False
399,11955.0,CAUTELAR INOMINADA CRIMINAL,3395.0,Calúnia,,False
1340,1727.0,PETIÇÃO CRIMINAL,11514.0,Divulgação de Propaganda Eleitoral no Dia da Eleição,,False
971,279.0,INQUÉRITO POLICIAL,3431.0,Estelionato,,False
953,279.0,INQUÉRITO POLICIAL,3573.0,Desacato,,False
959,279.0,INQUÉRITO POLICIAL,10754.0,Desobediência à determinações da Justiça Eleitoral,,False
1812,12557.0,RECURSO/IMPUGNAÇÃO DE ALISTAMENTO ELEITORAL,11618.0,Registro de Candidatura - RRC - Candidato,,False
940,279.0,INQUÉRITO POLICIAL,11437.0,Crimes contra o Serviço da Justiça Eleitoral,,False
352,355.0,CARTA PRECATÓRIA CRIMINAL,15040.0,Busca e Apreensão,,False
861,12556.0,IMPUGNAÇÃO PERANTE AS JUNTAS ELEITORAIS,11645.0,Eleições - Eleição Majoritária,,False
1336,1727.0,PETIÇÃO CRIMINAL,3396.0,Difamação,,False
1704,1733.0,PROCEDIMENTO INVESTIGATÓRIO CRIMINAL (PIC-MP),11485.0,Divulgação de Falsa Imputação,honra,True
1175,12561.0,NOTÍCIA DE IRREGULARIDADE EM PROPAGANDA ELEITORAL,11659.0,Propaganda Política - Propaganda Eleitoral - Bem Tombado,,False
756,12729.0,EXECUÇÃO DE MEDIDAS ALTERNATIVAS NO JUÍZO COMUM,11472.0,Falsificação ou Alteração de Documento Público para Fins Eleitorais,,False
1160,12561.0,NOTÍCIA DE IRREGULARIDADE EM PROPAGANDA ELEITORAL,11647.0,Eleições - Eleição Suplementar,,False
933,279.0,INQUÉRITO POLICIAL,,Crimes Eleitorais,,False
946,279.0,INQUÉRITO POLICIAL,3633.0,Crimes do Sistema Nacional de Armas,,False
950,279.0,INQUÉRITO POLICIAL,11466.0,Dano a Equipamento Eleitoral,,False
22,11530.0,APURAÇÃO DE ELEIÇÃO,11724.0,Diplomação,,False
766,12729.0,EXECUÇÃO DE MEDIDAS ALTERNATIVAS NO JUÍZO COMUM,11489.0,"Inutilização, Alteração ou Perturbação de Propaganda",,False
1489,241.0,PETIÇÃO CÍVEL,12586.0,Filiação Partidária - Lista Especial,,False
153,11527.0,AÇÃO DE INVESTIGAÇÃO JUDICIAL ELEITORAL,11598.0,Inelegibilidade - Condenação Criminal por órgão colegiado ou Transitada em Julgado,inelegib,True
243,11528.0,AÇÃO PENAL ELEITORAL,11473.0,Falsidade ideológica,fraude,True
2358,278.0,TERMO CIRCUNSTANCIADO,11472.0,Falsificação ou Alteração de Documento Público para Fins Eleitorais,fraude,True
2450,12135.0,TUTELA ANTECIPADA ANTECEDENTE,11645.0,Eleições - Eleição Majoritária,,False
2445,12135.0,TUTELA ANTECIPADA ANTECEDENTE,11698.0,Contas - Não Apresentação das Contas,,False
162,11527.0,AÇÃO DE INVESTIGAÇÃO JUDICIAL ELEITORAL,14939.0,Inelegibilidade - Responsável por Doação Tida com Ilegal,finance,True
2344,278.0,TERMO CIRCUNSTANCIADO,10815.0,Desordem eleitoral,,False
110,11526.0,AÇÃO DE IMPUGNAÇÃO DE MANDATO ELETIVO,11598.0,Inelegibilidade - Condenação Criminal por órgão colegiado ou Transitada em Julgado,inelegib,True
724,12729.0,EXECUÇÃO DE MEDIDAS ALTERNATIVAS NO JUÍZO COMUM,11504.0,Concentração de Eleitores para Embaraçar ou Fraudar o Exercício do Voto,,False
723,12729.0,EXECUÇÃO DE MEDIDAS ALTERNATIVAS NO JUÍZO COMUM,11502.0,Coação Visando a Obtenção de Voto ou a sua Abstenção,,False
628,12625.0,DIREITO DE RESPOSTA,11678.0,Propaganda Política - Propaganda Eleitoral - Inobservância do Limite Legal,,False
2303,278.0,TERMO CIRCUNSTANCIADO,11470.0,Alteração do Resultado de Votação nos Mapas ou Boletins de Apuração,ballot_integrity,True
1116,120.0,MANDADO DE SEGURANÇA CÍVEL,11428.0,DIREITO ELEITORAL,,False
179,11528.0,AÇÃO PENAL ELEITORAL,10752.0,Aliciamento eleitoral,vote_buying,True
52,280.0,AUTO DE PRISÃO EM FLAGRANTE,3633.0,Crimes do Sistema Nacional de Armas,,False
1637,241.0,PETIÇÃO CÍVEL,11508.0,Violação do Sigilo do Voto,,False
252,11528.0,AÇÃO PENAL ELEITORAL,,Identidade de Gênero,,False
2104,272.0,REPRESENTAÇÃO CRIMINAL/NOTÍCIA DE CRIME,11519.0,Inscrição Simultânea em Dois ou Mais Partidos,,False
253,11528.0,AÇÃO PENAL ELEITORAL,11490.0,Impedimento do Exercício da Propaganda,,False
2006,272.0,REPRESENTAÇÃO CRIMINAL/NOTÍCIA DE CRIME,11480.0,Cerceamento da Fiscalização Partidária,,False
1518,241.0,PETIÇÃO CÍVEL,11438.0,Inscrição Fraudulenta,,False
1639,241.0,PETIÇÃO CÍVEL,11507.0,Votação Múltipla ou Realizada em Lugar de Outrem,,False
671,386.0,EXECUÇÃO DA PENA,11455.0,Descumprimento da Proibição de Fornecimento de Transporte ou Refeições a Eleitores,,False
557,156.0,CUMPRIMENTO DE SENTENÇA,12639.0,Propaganda Política - Propaganda Eleitoral - Aplicativo de Mensagem Instantânea,,False
1475,241.0,PETIÇÃO CÍVEL,11740.0,Exceção - De Coisa Julgada,,False
559,156.0,CUMPRIMENTO DE SENTENÇA,11656.0,Propaganda Política - Propaganda Eleitoral - Bem Particular,,False
2116,272.0,REPRESENTAÇÃO CRIMINAL/NOTÍCIA DE CRIME,11445.0,"Ocultação, Sonegação ou Recusa de Fornecimento de Utilidades, Alimentos e Transporte no Dia da Eleição",,False
676,386.0,EXECUÇÃO DA PENA,11514.0,Divulgação de Propaganda Eleitoral no Dia da Eleição,,False
1150,12561.0,NOTÍCIA DE IRREGULARIDADE EM PROPAGANDA ELEITORAL,11482.0,Crimes contra a Propaganda Eleitoral,,False
956,279.0,INQUÉRITO POLICIAL,3572.0,Desobediência,,False
1158,12561.0,NOTÍCIA DE IRREGULARIDADE EM PROPAGANDA ELEITORAL,11645.0,Eleições - Eleição Majoritária,,False
678,386.0,EXECUÇÃO DA PENA,11731.0,Execução - De Multa Eleitoral,,False
537,156.0,CUMPRIMENTO DE SENTENÇA,11732.0,Execução de Julgado,,False
1702,1733.0,PROCEDIMENTO INVESTIGATÓRIO CRIMINAL (PIC-MP),3396.0,Difamação,honra,True
2453,12135.0,TUTELA ANTECIPADA ANTECEDENTE,11756.0,Filiação Partidária - Cancelamento,,False
2442,12135.0,TUTELA ANTECIPADA ANTECEDENTE,11591.0,Condição de Elegibilidade - Pleno Exercício dos Direitos Políticos,,False
639,12625.0,DIREITO DE RESPOSTA,11773.0,Propaganda Política - Propaganda Partidária,,False
1012,279.0,INQUÉRITO POLICIAL,3596.0,Inserção de dados falsos em sistema de informações,,False
1828,11532.0,REGISTRO DE CANDIDATURA,11592.0,Condição de Elegibilidade - Quitação Eleitoral,,False
1393,241.0,PETIÇÃO CÍVEL,11578.0,Alistamento Eleitoral - Exclusão,,False
67,280.0,AUTO DE PRISÃO EM FLAGRANTE,11464.0,Obstamento do Transporte e Fornecimento de Alimentos a Eleitores pela Justiça Eleitoral,,False
2570,12134.0,TUTELA CAUTELAR ANTECEDENTE,11653.0,Propaganda Política - Propaganda Eleitoral - Adesivo,,False
1845,11532.0,REGISTRO DE CANDIDATURA,,NI,,False
1651,12193.0,PRESTAÇÃO DE CONTAS ELEITORAIS,11695.0,Contas - Aprovação das Contas,,False
2306,278.0,TERMO CIRCUNSTANCIADO,11522.0,Arguição de Ineligibilidade Temerária ou de Má-Fé,inelegib,True
2457,12135.0,TUTELA ANTECIPADA ANTECEDENTE,11616.0,Impugnação ao Registro de Candidatura,,False
2234,12633.0,REQUERIMENTO DE REGULARIZAÇÃO DE OMISSÃO DE PRESTAÇÃO DE CONTAS ELEITORAIS,,NI,,False
504,221.0,CONFLITO DE COMPETÊNCIA CÍVEL,12965.0,Conflito de Competência,,False
1746,1733.0,PROCEDIMENTO INVESTIGATÓRIO CRIMINAL (PIC-MP),11518.0,Subscrição de Mais de Uma Ficha de Filiação Partidária,,False
1480,241.0,PETIÇÃO CÍVEL,11746.0,Exceção - De Suspeição,,False
395,11955.0,CAUTELAR INOMINADA CRIMINAL,5897.0,Associação para a Produção e Tráfico e Condutas Afins,,False
1817,11532.0,REGISTRO DE CANDIDATURA,11584.0,Candidatos,,False
1137,12561.0,NOTÍCIA DE IRREGULARIDADE EM PROPAGANDA ELEITORAL,11513.0,Arregimentação de Eleitor ou Boca de Urna,vote_buying,True
560,156.0,CUMPRIMENTO DE SENTENÇA,11657.0,Propaganda Política - Propaganda Eleitoral - Bem Particular de Uso Comum,,False
564,156.0,CUMPRIMENTO DE SENTENÇA,11663.0,Propaganda Política - Propaganda Eleitoral - Conduta Vedada a Emissora de Rádio/Televisão na Programação Normal,,False
268,11528.0,AÇÃO PENAL ELEITORAL,11524.0,Irregularidades dos Dados Publicados em Pesquisas Eleitorais,pesquisa_adv,True
2477,12135.0,TUTELA ANTECIPADA ANTECEDENTE,11653.0,Propaganda Política - Propaganda Eleitoral - Adesivo,,False
2287,14208.0,SUSPENSÃO DE ÓRGÃO PARTIDÁRIO,11692.0,Contas,,False
1691,1733.0,PROCEDIMENTO INVESTIGATÓRIO CRIMINAL (PIC-MP),11482.0,Crimes contra a Propaganda Eleitoral,,False
1294,12562.0,PET-ADM,11753.0,Convenção Partidária,,False
914,279.0,INQUÉRITO POLICIAL,10824.0,Coação eleitoral,vote_buying,True
1831,11532.0,REGISTRO DE CANDIDATURA,11647.0,Eleições - Eleição Suplementar,,False
2033,272.0,REPRESENTAÇÃO CRIMINAL/NOTÍCIA DE CRIME,11437.0,Crimes contra o Serviço da Justiça Eleitoral,,False
71,280.0,AUTO DE PRISÃO EM FLAGRANTE,7929.0,Prisão em flagrante,,False
528,156.0,CUMPRIMENTO DE SENTENÇA,11698.0,Contas - Não Apresentação das Contas,,False
284,11528.0,AÇÃO PENAL ELEITORAL,7929.0,Prisão em flagrante,,False
1485,241.0,PETIÇÃO CÍVEL,11472.0,Falsificação ou Alteração de Documento Público para Fins Eleitorais,,False
615,12625.0,DIREITO DE RESPOSTA,11662.0,Propaganda Política - Propaganda Eleitoral - Comício/Showmício,,False
912,279.0,INQUÉRITO POLICIAL,3535.0,Certidão ou atestado ideologicamente falso,,False
292,11528.0,AÇÃO PENAL ELEITORAL,11778.0,Requerimento,,False
405,11955.0,CAUTELAR INOMINADA CRIMINAL,11737.0,Cautelar Inominada - Incidental,,False
1656,12193.0,PRESTAÇÃO DE CONTAS ELEITORAIS,11647.0,Eleições - Eleição Suplementar,,False
201,11528.0,AÇÃO PENAL ELEITORAL,11504.0,Concentração de Eleitores para Embaraçar ou Fraudar o Exercício do Voto,ballot_integrity,True
1546,241.0,PETIÇÃO CÍVEL,11766.0,Partido Político - Órgão de Direção Estadual,,False
2541,12134.0,TUTELA CAUTELAR ANTECEDENTE,11591.0,Condição de Elegibilidade - Pleno Exercício dos Direitos Políticos,,False
2118,272.0,REPRESENTAÇÃO CRIMINAL/NOTÍCIA DE CRIME,11493.0,Participação de Pessoa Não Detentora de Direitos Políticos em Atividades Partidárias e de Propaganda Eleitoral,,False
2367,278.0,TERMO CIRCUNSTANCIADO,11488.0,Injúria Eleitoral Violenta,honra,True
2349,278.0,TERMO CIRCUNSTANCIADO,11485.0,Divulgação de Falsa Imputação,honra,True
2123,272.0,REPRESENTAÇÃO CRIMINAL/NOTÍCIA DE CRIME,14684.0,Perseguição,,False
745,12729.0,EXECUÇÃO DE MEDIDAS ALTERNATIVAS NO JUÍZO COMUM,11485.0,Divulgação de Falsa Imputação,,False
25,11530.0,APURAÇÃO DE ELEIÇÃO,11644.0,Eleições - Anulação de Eleições,,False
1983,272.0,REPRESENTAÇÃO CRIMINAL/NOTÍCIA DE CRIME,10826.0,Aliciamento comercial de eleitores,vote_buying,True
109,11526.0,AÇÃO DE IMPUGNAÇÃO DE MANDATO ELETIVO,11597.0,Inelegibilidade - Analfabetismo,inelegib,True
189,11528.0,AÇÃO PENAL ELEITORAL,11494.0,Autorização de Transmissão de Pessoa Não Detentora de Direitos Políticos em Atividades Partidárias e de Propaganda Eleitoral,,False
2524,12134.0,TUTELA CAUTELAR ANTECEDENTE,12601.0,Candidato Não-Eleito,,False
1609,241.0,PETIÇÃO CÍVEL,11626.0,Registro de Candidatura - Substituição de Candidato - Por Ineligibilidade,,False
864,12556.0,IMPUGNAÇÃO PERANTE AS JUNTAS ELEITORAIS,14223.0,Impugnação - Nomeação de Escrutinadores/Auxiliares Realizada pelo Presidente da Junta,,False
863,12556.0,IMPUGNAÇÃO PERANTE AS JUNTAS ELEITORAIS,12050.0,Impugnação - Identidade de Eleitor Admitido a Votar,,False
2573,12134.0,TUTELA CAUTELAR ANTECEDENTE,11655.0,Propaganda Política - Propaganda Eleitoral - Banner/Cartaz/Faixa,,False
2145,272.0,REPRESENTAÇÃO CRIMINAL/NOTÍCIA DE CRIME,10822.0,Publicação de pesquisa irregular,pesquisa_adv,True
975,279.0,INQUÉRITO POLICIAL,3585.0,Exercício arbitrário ou abuso de poder,abuso,True
331,335.0,CARTA DE ORDEM CRIMINAL,11783.0,Citação,,False
1240,309.0,PEDIDO DE BUSCA E APREENSÃO CRIMINAL,11473.0,Falsidade Ideológica,fraude,True
481,12121.0,COMUNICADO DE MANDADO DE PRISÃO,11502.0,Coação Visando a Obtenção de Voto ou a sua Abstenção,vote_buying,True
1244,309.0,PEDIDO DE BUSCA E APREENSÃO CRIMINAL,11499.0,Impedimento ou Embaraço ao Exercício do Sufrágio,ballot_integrity,True
1316,1727.0,PETIÇÃO CRIMINAL,10751.0,Captação ilícita de votos ou corrupção eleitoral,,False
682,386.0,EXECUÇÃO DA PENA,10816.0,Falsificação de documento público para fins eleitorais,,False
27,11530.0,APURAÇÃO DE ELEIÇÃO,11646.0,Eleições - Eleição Proporcional,,False
1598,241.0,PETIÇÃO CÍVEL,10608.0,Quebra do Sigilo Fiscal,,False
1371,1727.0,PETIÇÃO CRIMINAL,11449.0,Recusa ou Abandono do Serviço Eleitoral,,False
215,11528.0,AÇÃO PENAL ELEITORAL,11497.0,Crimes contra o Sigilo ou o Exercício do Voto,ballot_integrity,True
341,258.0,CARTA DE ORDEM CÍVEL,11786.0,Atos executórios,,False
2523,12134.0,TUTELA CAUTELAR ANTECEDENTE,12600.0,Candidato Eleito,,False
1195,12561.0,NOTÍCIA DE IRREGULARIDADE EM PROPAGANDA ELEITORAL,11676.0,Propaganda Política - Propaganda Eleitoral - Invasão de Horário Destinado a Outro Cargo/Partido/Coligação,,False
340,335.0,CARTA DE ORDEM CRIMINAL,10630.0,Transação,,False
717,12729.0,EXECUÇÃO DE MEDIDAS ALTERNATIVAS NO JUÍZO COMUM,10755.0,Boca de urna,,False
2341,278.0,TERMO CIRCUNSTANCIADO,3572.0,Desobediência,,False
2115,272.0,REPRESENTAÇÃO CRIMINAL/NOTÍCIA DE CRIME,11476.0,Obtenção de Documento Falso para Fins Eleitorais,fraude,True
351,355.0,CARTA PRECATÓRIA CRIMINAL,11786.0,Atos executórios,,False
1689,1733.0,PROCEDIMENTO INVESTIGATÓRIO CRIMINAL (PIC-MP),11467.0,Crimes contra a Fé Pública Eleitoral,fraude,True
2572,12134.0,TUTELA CAUTELAR ANTECEDENTE,12639.0,Propaganda Política - Propaganda Eleitoral - Aplicativo de Mensagem Instantânea,,False
1400,241.0,PETIÇÃO CÍVEL,11522.0,Arguição de Ineligibilidade Temerária ou de Má-Fé,,False
1753,1733.0,PROCEDIMENTO INVESTIGATÓRIO CRIMINAL (PIC-MP),11508.0,Violação do Sigilo do Voto,ballot_integrity,True
1513,241.0,PETIÇÃO CÍVEL,11607.0,Inelegibilidade - Vida Pregressa,,False
68,280.0,AUTO DE PRISÃO EM FLAGRANTE,11445.0,"Ocultação, Sonegação ou Recusa de Fornecimento de Utilidades, Alimentos e Transporte no Dia da Eleição",,False
1722,1733.0,PROCEDIMENTO INVESTIGATÓRIO CRIMINAL (PIC-MP),11499.0,Impedimento ou Embaraço ao Exercício do Sufrágio,ballot_integrity,True
2515,12135.0,TUTELA ANTECIPADA ANTECEDENTE,12417.0,Tutela de Evidência,,False
1311,1727.0,PETIÇÃO CRIMINAL,12634.0,Apropriação Indébita Eleitoral,,False
1901,11541.0,REPRESENTAÇÃO,12366.0,Execução - Cumprimento de Sentença,,False
1404,241.0,PETIÇÃO CÍVEL,,Autuação e Processamento,,False
2505,12135.0,TUTELA ANTECIPADA ANTECEDENTE,11723.0,Propaganda Política - Propaganda Institucional,,False
2500,12135.0,TUTELA ANTECIPADA ANTECEDENTE,11676.0,Propaganda Política - Propaganda Eleitoral - Invasão de Horário Destinado a Outro Cargo/Partido/Coligação,,False
1841,11532.0,REGISTRO DE CANDIDATURA,11604.0,Inelegibilidade - Rejeição de Contas Públicas,,False
1698,1733.0,PROCEDIMENTO INVESTIGATÓRIO CRIMINAL (PIC-MP),3572.0,Desobediência,,False
2497,12135.0,TUTELA ANTECIPADA ANTECEDENTE,12638.0,Propaganda Política - Propaganda Eleitoral - Impulsionamento,,False
1309,1727.0,PETIÇÃO CRIMINAL,3402.0,Ameaça,,False
177,11528.0,AÇÃO PENAL ELEITORAL,15056.0,Acordo de Não Persecução Penal,,False
1322,1727.0,PETIÇÃO CRIMINAL,12588.0,Crimes Conexos,,False
2504,12135.0,TUTELA ANTECIPADA ANTECEDENTE,11675.0,Propaganda Política - Propaganda Eleitoral - Televisão,,False
2506,12135.0,TUTELA ANTECIPADA ANTECEDENTE,11773.0,Propaganda Política - Propaganda Partidária,,False
1251,309.0,PEDIDO DE BUSCA E APREENSÃO CRIMINAL,11778.0,Requerimento,,False
1164,12561.0,NOTÍCIA DE IRREGULARIDADE EM PROPAGANDA ELEITORAL,,NI,,False
1213,309.0,PEDIDO DE BUSCA E APREENSÃO CRIMINAL,3402.0,Ameaça,,False
1218,309.0,PEDIDO DE BUSCA E APREENSÃO CRIMINAL,10914.0,Busca e Apreensão de Bens,,False
1887,11541.0,REPRESENTAÇÃO,15405.0,Desinformação sobre a Integridade do Processo Eleitoral,,False
1499,241.0,PETIÇÃO CÍVEL,11763.0,Incorporação de Partidos Políticos,,False
2542,12134.0,TUTELA CAUTELAR ANTECEDENTE,11592.0,Condição de Elegibilidade - Quitação Eleitoral,,False
1502,241.0,PETIÇÃO CÍVEL,11597.0,Inelegibilidade - Analfabetismo,,False
2512,12135.0,TUTELA ANTECIPADA ANTECEDENTE,12598.0,Requerimento de Regularização da Situação de Inadimplência de Prestação de Contas,,False
1287,310.0,PEDIDO DE QUEBRA DE SIGILO DE DADOS E/OU TELEFÔNICO,11778.0,Requerimento,,False
1520,241.0,PETIÇÃO CÍVEL,11431.0,Intervenção Indevida de Autoridade Junto à Mesa Receptora,,False
2487,12135.0,TUTELA ANTECIPADA ANTECEDENTE,11663.0,Propaganda Política - Propaganda Eleitoral - Conduta Vedada a Emissora de Rádio/Televisão na Programação Normal,,False
804,228.0,EXIBIÇÃO DE DOCUMENTO OU COISA CÍVEL,11778.0,Requerimento,,False
1019,279.0,INQUÉRITO POLICIAL,3386.0,Leve,,False
1021,279.0,INQUÉRITO POLICIAL,,NI,,False
798,1116.0,EXECUÇÃO FISCAL,11730.0,Execução - De Astreintes,,False
1025,279.0,INQUÉRITO POLICIAL,11478.0,Obtenção de Acesso a Sistema de Dados Eleitorais,,False
1031,279.0,INQUÉRITO POLICIAL,3548.0,Peculato,,False
1036,279.0,INQUÉRITO POLICIAL,11442.0,Perturbação ou Impedimento de Alistamento,,False
781,12729.0,EXECUÇÃO DE MEDIDAS ALTERNATIVAS NO JUÍZO COMUM,11449.0,Recusa ou Abandono do Serviço Eleitoral,,False
1040,279.0,INQUÉRITO POLICIAL,11500.0,"Prisão ou Detenção do Eleitor, Membro de Mesa Receptora, Fiscal, Delegado de Partido ou Candidato, Fora das Hipóteses Legais Permitidas",,False
1042,279.0,INQUÉRITO POLICIAL,12334.0,"Promoção, constituição, financiamento ou integração de Organização Criminosa",,False
762,12729.0,EXECUÇÃO DE MEDIDAS ALTERNATIVAS NO JUÍZO COMUM,3397.0,Injúria,,False
2355,278.0,TERMO CIRCUNSTANCIADO,11473.0,Falsidade Ideológica,fraude,True
450,11955.0,CAUTELAR INOMINADA CRIMINAL,10609.0,Quebra do Sigilo Telefônico,,False
1047,279.0,INQUÉRITO POLICIAL,12635.0,Propaganda Política - Propaganda Eleitoral - Divulgação de Notícia  Sabidamente Falsa,,False
2183,12630.0,REPRESENTAÇÃO ESPECIAL,14225.0,Apuração de indícios de irregularidades informados pela Administração Pública,,False
1051,279.0,INQUÉRITO POLICIAL,10822.0,Publicação de pesquisa irregular,pesquisa_adv,True
2447,12135.0,TUTELA ANTECIPADA ANTECEDENTE,11724.0,Diplomação,,False
2595,12134.0,TUTELA CAUTELAR ANTECEDENTE,11675.0,Propaganda Política - Propaganda Eleitoral - Televisão,,False
2365,278.0,TERMO CIRCUNSTANCIADO,3515.0,Infração de Medida Sanitária Preventiva,,False
830,307.0,HABEAS CORPUS CRIMINAL,11501.0,Corrupção Eleitoral,,False
1069,279.0,INQUÉRITO POLICIAL,3539.0,Uso de documento falso,fraude,True
2436,12135.0,TUTELA ANTECIPADA ANTECEDENTE,11750.0,Coligação Partidária - Majoritária,,False
937,279.0,INQUÉRITO POLICIAL,11430.0,Crimes contra a Organização Administrativa da Justiça Eleitoral,,False
942,279.0,INQUÉRITO POLICIAL,11517.0,Crimes contra os Partidos Políticos,,False
1581,241.0,PETIÇÃO CÍVEL,11677.0,Propaganda Política - Propaganda Eleitoral - Imprensa Escrita - Jornal/Revista/Tabloide,,False
915,279.0,INQUÉRITO POLICIAL,,Coação no curso do processo,,False
909,279.0,INQUÉRITO POLICIAL,11633.0,Cargo - Prefeito,,False
400,11955.0,CAUTELAR INOMINADA CRIMINAL,11484.0,Calúnia na Propaganda Eleitoral,,False
402,11955.0,CAUTELAR INOMINADA CRIMINAL,10751.0,Captação ilícita de votos ou corrupção eleitoral,,False
2407,278.0,TERMO CIRCUNSTANCIADO,11451.0,Utilização de Prédios ou Serviços de Repartições Públicas para Beneficiar Partido ou Organização de Caráter Político,,False
406,11955.0,CAUTELAR INOMINADA CRIMINAL,11738.0,Cautelar Inominada - Preparatória,,False
2019,272.0,REPRESENTAÇÃO CRIMINAL/NOTÍCIA DE CRIME,,Cor,,False
2406,278.0,TERMO CIRCUNSTANCIADO,11491.0,Utilização de Organização Comercial para Propaganda ou Aliciamento de Eleitores,vote_buying,True
2402,278.0,TERMO CIRCUNSTANCIADO,11512.0,Uso Proibido de Alto-Falantes,,False
29,11530.0,APURAÇÃO DE ELEIÇÃO,,Impugnação - Reclamação à Ata Geral de Eleição,,False
2070,272.0,REPRESENTAÇÃO CRIMINAL/NOTÍCIA DE CRIME,,Etnia,,False
859,12556.0,IMPUGNAÇÃO PERANTE AS JUNTAS ELEITORAIS,11724.0,Diplomação,,False
2085,272.0,REPRESENTAÇÃO CRIMINAL/NOTÍCIA DE CRIME,10753.0,Falso eleitoral,,False
2087,272.0,REPRESENTAÇÃO CRIMINAL/NOTÍCIA DE CRIME,10952.0,Fato Atípico,,False
2596,12134.0,TUTELA CAUTELAR ANTECEDENTE,11723.0,Propaganda Política - Propaganda Institucional,,False
2143,272.0,REPRESENTAÇÃO CRIMINAL/NOTÍCIA DE CRIME,12340.0,Provocação de tumulto ou conduta inconveniente,,False
546,156.0,CUMPRIMENTO DE SENTENÇA,11650.0,Pesquisa Eleitoral - Divulgação de Pesquisa Eleitoral Sem Prévio Registro,,False
650,172.0,EMBARGOS À EXECUÇÃO,11778.0,Requerimento,,False
2223,12630.0,REPRESENTAÇÃO ESPECIAL,11716.0,Transgressões Eleitorais,,False
1079,279.0,INQUÉRITO POLICIAL,15154.0,Violência Política,,False
2476,12135.0,TUTELA ANTECIPADA ANTECEDENTE,12069.0,Prestação de Contas - de Partido Político,,False
2484,12135.0,TUTELA ANTECIPADA ANTECEDENTE,11660.0,Propaganda Política - Propaganda Eleitoral - Boca de Urna,,False
596,12551.0,DESCARTE DE MATERIAL,12360.0,Matéria Administrativa,,False
534,156.0,CUMPRIMENTO DE SENTENÇA,11642.0,Eleições - 1° Turno,,False
548,156.0,CUMPRIMENTO DE SENTENÇA,12045.0,Prestação de Contas,,False
302,11528.0,AÇÃO PENAL ELEITORAL,11496.0,"Uso, na Propaganda Eleitoral, de Símbolo de Órgãos de Governo",,False
2475,12135.0,TUTELA ANTECIPADA ANTECEDENTE,12048.0,Prestação de Contas - De Exercício Financeiro,,False
610,12625.0,DIREITO DE RESPOSTA,11654.0,Propaganda Política - Propaganda Eleitoral - Alto-falante/Amplificador de Som,,False
605,12625.0,DIREITO DE RESPOSTA,11646.0,Eleições - Eleição Proporcional,,False
2598,12134.0,TUTELA CAUTELAR ANTECEDENTE,12044.0,Registro de Candidatura - DRAP Partido/Coligação,,False
308,11528.0,AÇÃO PENAL ELEITORAL,11509.0,Violação do Sigilo da Urna ou dos Invólucros,ballot_integrity,True
2285,11546.0,REVISÃO DE ELEITORADO,12605.0,Revisão de Eleitorado - Depuração de Cadastro,,False
2251,326.0,RESTITUIÇÃO DE COISAS APREENDIDAS,10914.0,Busca e Apreensão de Bens,,False
1800,12557.0,RECURSO/IMPUGNAÇÃO DE ALISTAMENTO ELEITORAL,11578.0,Alistamento Eleitoral - Exclusão,,False
1450,241.0,PETIÇÃO CÍVEL,11454.0,Desatendimento à Requisição de Veículo ou Embarcação,,False
1593,241.0,PETIÇÃO CÍVEL,11771.0,Propaganda Política - Propaganda Intrapartidária,,False
2078,272.0,REPRESENTAÇÃO CRIMINAL/NOTÍCIA DE CRIME,3536.0,Falsidade material de atestado ou certidão,fraude,True
2247,326.0,RESTITUIÇÃO DE COISAS APREENDIDAS,11470.0,Alteração do Resultado de Votação nos Mapas ou Boletins de Apuração,ballot_integrity,True
1688,1733.0,PROCEDIMENTO INVESTIGATÓRIO CRIMINAL (PIC-MP),12588.0,Crimes Conexos,,False
1668,1733.0,PROCEDIMENTO INVESTIGATÓRIO CRIMINAL (PIC-MP),15056.0,Acordo de Não Persecução Penal,,False
2293,14208.0,SUSPENSÃO DE ÓRGÃO PARTIDÁRIO,11684.0,Recursos Financeiros de Campanha Eleitoral,finance,True
2089,272.0,REPRESENTAÇÃO CRIMINAL/NOTÍCIA DE CRIME,3416.0,Furto,,False
1670,1733.0,PROCEDIMENTO INVESTIGATÓRIO CRIMINAL (PIC-MP),10752.0,Aliciamento eleitoral,vote_buying,True
421,11955.0,CAUTELAR INOMINADA CRIMINAL,3396.0,Difamação,,False
1804,12557.0,RECURSO/IMPUGNAÇÃO DE ALISTAMENTO ELEITORAL,11428.0,DIREITO ELEITORAL,,False
1313,1727.0,PETIÇÃO CRIMINAL,10755.0,Boca de urna,,False
1586,241.0,PETIÇÃO CÍVEL,11681.0,Propaganda Política - Propaganda Eleitoral - Outdoors,,False
407,11955.0,CAUTELAR INOMINADA CRIMINAL,11502.0,Coação Visando a Obtenção de Voto ou a sua Abstenção,,False
926,279.0,INQUÉRITO POLICIAL,3568.0,Corrupção ativa,,False
925,279.0,INQUÉRITO POLICIAL,10991.0,Corrupção Praticada por Prefeitos e Vereadores,,False
391,11955.0,CAUTELAR INOMINADA CRIMINAL,3402.0,Ameaça,,False
2045,272.0,REPRESENTAÇÃO CRIMINAL/NOTÍCIA DE CRIME,11466.0,Dano a Equipamento Eleitoral,,False
920,279.0,INQUÉRITO POLICIAL,3401.0,Constrangimento ilegal,,False
550,156.0,CUMPRIMENTO DE SENTENÇA,12047.0,Prestação de Contas - De Comitê Financeiro,,False
551,156.0,CUMPRIMENTO DE SENTENÇA,12048.0,Prestação de Contas - De Exercício Financeiro,,False
2414,278.0,TERMO CIRCUNSTANCIADO,11507.0,Votação Múltipla ou Realizada em Lugar de Outrem,ballot_integrity,True
2267,326.0,RESTITUIÇÃO DE COISAS APREENDIDAS,11452.0,Desobediência a Ordens ou Instruções da Justiça Eleitoral,,False
566,156.0,CUMPRIMENTO DE SENTENÇA,11665.0,Propaganda Política - Propaganda Eleitoral - Contrariedade à Lei de Postura Municipal,,False
1302,12562.0,PET-ADM,12048.0,Prestação de Contas - De Exercício Financeiro,,False
2279,326.0,RESTITUIÇÃO DE COISAS APREENDIDAS,,Perda de Bens e Valores,,False
897,279.0,INQUÉRITO POLICIAL,3436.0,Apropriação indébita,finance,True
1636,241.0,PETIÇÃO CÍVEL,11509.0,Violação do Sigilo da Urna ou dos Invólucros,,False
2098,272.0,REPRESENTAÇÃO CRIMINAL/NOTÍCIA DE CRIME,11439.0,Induzimento à Inscrição de Eleitor em Infração às Normas Legais,,False
2097,272.0,REPRESENTAÇÃO CRIMINAL/NOTÍCIA DE CRIME,5869.0,Incitação ao Crime,,False
1368,1727.0,PETIÇÃO CRIMINAL,11443.0,Promoção de Desordem nos Trabalhos Eleitorais,,False
1353,1727.0,PETIÇÃO CRIMINAL,11490.0,Impedimento do Exercício da Propaganda,,False
1354,1727.0,PETIÇÃO CRIMINAL,11499.0,Impedimento ou Embaraço ao Exercício do Sufrágio,,False
659,386.0,EXECUÇÃO DA PENA,10755.0,Boca de urna,,False
673,386.0,EXECUÇÃO DA PENA,3396.0,Difamação,,False
1412,241.0,PETIÇÃO CÍVEL,12062.0,Captação ou Gasto Ilícito de Recursos Financeiros de Campanha Eleitoral,,False
2594,12134.0,TUTELA CAUTELAR ANTECEDENTE,11673.0,Propaganda Política - Propaganda Eleitoral - Rádio,,False
674,386.0,EXECUÇÃO DA PENA,11486.0,Difamação na Propaganda Eleitoral,,False
2211,12630.0,REPRESENTAÇÃO ESPECIAL,11658.0,Propaganda Política - Propaganda Eleitoral - Bem Público,,False
1425,241.0,PETIÇÃO CÍVEL,11783.0,Citação,,False
107,11526.0,AÇÃO DE IMPUGNAÇÃO DE MANDATO ELETIVO,11559.0,Improbidade Administrativa,,False
1429,241.0,PETIÇÃO CÍVEL,11504.0,Concentração de Eleitores para Embaraçar ou Fraudar o Exercício do Voto,,False
686,386.0,EXECUÇÃO DA PENA,3515.0,Infração de Medida Sanitária Preventiva,,False
687,386.0,EXECUÇÃO DA PENA,11487.0,Injúria na Propaganda Eleitoral,,False
2185,12630.0,REPRESENTAÇÃO ESPECIAL,,"Auxílio Emergencial (Lei 13,982/2020)",,False
100,11526.0,AÇÃO DE IMPUGNAÇÃO DE MANDATO ELETIVO,11589.0,Condição de Elegibilidade - Filiação Partidária,,False
688,386.0,EXECUÇÃO DA PENA,11438.0,Inscrição Fraudulenta,,False
704,386.0,EXECUÇÃO DA PENA,11475.0,Uso de Documento Falso para Fins Eleitorais,,False
1527,241.0,PETIÇÃO CÍVEL,12360.0,Matéria Administrativa,,False
98,11526.0,AÇÃO DE IMPUGNAÇÃO DE MANDATO ELETIVO,11586.0,Condição de Elegibilidade - Alistamento Eleitoral,,False
2037,272.0,REPRESENTAÇÃO CRIMINAL/NOTÍCIA DE CRIME,,Crimes de Abuso de Autoridade,,False
120,11526.0,AÇÃO DE IMPUGNAÇÃO DE MANDATO ELETIVO,11778.0,Requerimento,,False
2540,12134.0,TUTELA CAUTELAR ANTECEDENTE,11589.0,Condição de Elegibilidade - Filiação Partidária,,False
2564,12134.0,TUTELA CAUTELAR ANTECEDENTE,11650.0,Pesquisa Eleitoral - Divulgação de Pesquisa Eleitoral Sem Prévio Registro,,False
2379,278.0,TERMO CIRCUNSTANCIADO,11445.0,"Ocultação, Sonegação ou Recusa de Fornecimento de Utilidades, Alimentos e Transporte no Dia da Eleição",,False
2597,12134.0,TUTELA CAUTELAR ANTECEDENTE,11773.0,Propaganda Política - Propaganda Partidária,,False
435,11955.0,CAUTELAR INOMINADA CRIMINAL,11499.0,Impedimento ou Embaraço ao Exercício do Sufrágio,,False
805,12554.0,FILIAÇÃO PARTIDÁRIA,11575.0,Alistamento Eleitoral - Cancelamento,,False
2297,278.0,TERMO CIRCUNSTANCIADO,10614.0,Abolitio Criminis,,False
1379,1727.0,PETIÇÃO CRIMINAL,11509.0,Violação do Sigilo da Urna ou dos Invólucros,,False
622,12625.0,DIREITO DE RESPOSTA,11668.0,Propaganda Política - Propaganda Eleitoral - Folhetos/Volantes/Santinhos/Impressos,,False
1697,1733.0,PROCEDIMENTO INVESTIGATÓRIO CRIMINAL (PIC-MP),11455.0,Descumprimento da Proibição de Fornecimento de Transporte ou Refeições a Eleitores,vote_buying,True
2135,272.0,REPRESENTAÇÃO CRIMINAL/NOTÍCIA DE CRIME,11652.0,Propaganda Política - Propaganda Eleitoral,,False
1725,1733.0,PROCEDIMENTO INVESTIGATÓRIO CRIMINAL (PIC-MP),3397.0,Injúria,honra,True
499,12121.0,COMUNICADO DE MANDADO DE PRISÃO,12334.0,"Promoção, constituição, financiamento ou integração de Organização Criminosa",,False
2538,12134.0,TUTELA CAUTELAR ANTECEDENTE,11751.0,Coligação Partidária - Majoritária e Proporcional,,False
135,11527.0,AÇÃO DE INVESTIGAÇÃO JUDICIAL ELEITORAL,11586.0,Condição de Elegibilidade - Alistamento Eleitoral,,False
2225,12633.0,REQUERIMENTO DE REGULARIZAÇÃO DE OMISSÃO DE PRESTAÇÃO DE CONTAS ELEITORAIS,12600.0,Candidato Eleito,,False
1392,241.0,PETIÇÃO CÍVEL,11577.0,Alistamento Eleitoral - Duplicidade/Pluralidade,,False
2364,278.0,TERMO CIRCUNSTANCIADO,11439.0,Induzimento à Inscrição de Eleitor em Infração às Normas Legais,,False
2041,272.0,REPRESENTAÇÃO CRIMINAL/NOTÍCIA DE CRIME,11428.0,DIREITO ELEITORAL,,False
1033,279.0,INQUÉRITO POLICIAL,14941.0,Percentual de Gênero,,False
1254,309.0,PEDIDO DE BUSCA E APREENSÃO CRIMINAL,11503.0,Violência ou Grave Ameaça Visando a Obtenção de Voto ou a sua Abstenção,vote_buying,True
1004,279.0,INQUÉRITO POLICIAL,3515.0,Infração de Medida Sanitária Preventiva,,False
1898,11541.0,REPRESENTAÇÃO,11645.0,Eleições - Eleição Majoritária,,False
2589,12134.0,TUTELA CAUTELAR ANTECEDENTE,11678.0,Propaganda Política - Propaganda Eleitoral - Inobservância do Limite Legal,,False
1166,12561.0,NOTÍCIA DE IRREGULARIDADE EM PROPAGANDA ELEITORAL,11495.0,Pesquisa Fraudulenta,pesquisa_adv,True
2455,12135.0,TUTELA ANTECIPADA ANTECEDENTE,11758.0,Filiação Partidária - Exclusão,,False
2514,12135.0,TUTELA ANTECIPADA ANTECEDENTE,12585.0,Reversão de Desfiliação,,False
2012,272.0,REPRESENTAÇÃO CRIMINAL/NOTÍCIA DE CRIME,3577.0,Comunicação falsa de crime ou de contravenção,,False
298,11528.0,AÇÃO PENAL ELEITORAL,12731.0,Transação Penal,,False
301,11528.0,AÇÃO PENAL ELEITORAL,3539.0,Uso de documento falso,fraude,True
2446,12135.0,TUTELA ANTECIPADA ANTECEDENTE,11722.0,Corrupção ou Fraude,,False
236,11528.0,AÇÃO PENAL ELEITORAL,10820.0,Divulgação de pesquisa de fraudulenta,pesquisa_adv,True
977,279.0,INQUÉRITO POLICIAL,3542.0,Falsa identidade,,False
2021,272.0,REPRESENTAÇÃO CRIMINAL/NOTÍCIA DE CRIME,10991.0,Corrupção Praticada por Prefeitos e Vereadores,,False
2496,12135.0,TUTELA ANTECIPADA ANTECEDENTE,11677.0,Propaganda Política - Propaganda Eleitoral - Imprensa Escrita - Jornal/Revista/Tabloide,,False
982,279.0,INQUÉRITO POLICIAL,3531.0,Falsificação de documento público,fraude,True
1967,11541.0,REPRESENTAÇÃO,12599.0,Requerimento de Acesso ao Sistema Interno de Controle e Dados de Pesquisas Eleitorais,pesquisa_adv,True
1060,279.0,INQUÉRITO POLICIAL,11498.0,Retenção de Título Eleitoral ou do Comprovante de Alistamento Eleitoral,,False
983,279.0,INQUÉRITO POLICIAL,10816.0,Falsificação de documento público para fins eleitorais,fraude,True
990,279.0,INQUÉRITO POLICIAL,,Fraude processual,,False
226,11528.0,AÇÃO PENAL ELEITORAL,3572.0,Desobediência,,False
1070,279.0,INQUÉRITO POLICIAL,10823.0,Uso de símbolos governamentais em propaganda eleitoral,,False
219,11528.0,AÇÃO PENAL ELEITORAL,3633.0,Crimes do Sistema Nacional de Armas,,False
2518,12134.0,TUTELA CAUTELAR ANTECEDENTE,11717.0,Abuso,,False
1029,279.0,INQUÉRITO POLICIAL,11493.0,Participação de Pessoa Não Detentora de Direitos Políticos em Atividades Partidárias e de Propaganda Eleitoral,,False
2437,12135.0,TUTELA ANTECIPADA ANTECEDENTE,11751.0,Coligação Partidária - Majoritária e Proporcional,,False
274,11528.0,AÇÃO PENAL ELEITORAL,11464.0,Obstamento do Transporte e Fornecimento de Alimentos a Eleitores pela Justiça Eleitoral,,False
1113,120.0,MANDADO DE SEGURANÇA CÍVEL,12965.0,Conflito de Competência,,False
1835,11532.0,REGISTRO DE CANDIDATURA,11597.0,Inelegibilidade - Analfabetismo,,False
1039,279.0,INQUÉRITO POLICIAL,7929.0,Prisão em flagrante,,False
247,11528.0,AÇÃO PENAL ELEITORAL,10816.0,Falsificação de documento público para fins eleitorais,fraude,True
2509,12135.0,TUTELA ANTECIPADA ANTECEDENTE,11618.0,Registro de Candidatura - RRC - Candidato,,False
172,11527.0,AÇÃO DE INVESTIGAÇÃO JUDICIAL ELEITORAL,11684.0,Recursos Financeiros de Campanha Eleitoral,finance,True
1212,309.0,PEDIDO DE BUSCA E APREENSÃO CRIMINAL,11470.0,Alteração do Resultado de Votação nos Mapas ou Boletins de Apuração,ballot_integrity,True
1979,272.0,REPRESENTAÇÃO CRIMINAL/NOTÍCIA DE CRIME,10614.0,Abolitio Criminis,,False
263,11528.0,AÇÃO PENAL ELEITORAL,11519.0,Inscrição Simultânea em Dois ou Mais Partidos,,False
1973,11541.0,REPRESENTAÇÃO,11774.0,Veiculação,,False
256,11528.0,AÇÃO PENAL ELEITORAL,11439.0,Induzimento à Inscrição de Eleitor em Infração às Normas Legais,,False
947,279.0,INQUÉRITO POLICIAL,,Crimes relacionados à Comissão Parlamentar de Inquérito,,False
2418,12135.0,TUTELA ANTECIPADA ANTECEDENTE,11714.0,Apuração/Totalização de Votos,,False
1054,279.0,INQUÉRITO POLICIAL,11449.0,Recusa ou Abandono do Serviço Eleitoral,,False
475,12121.0,COMUNICADO DE MANDADO DE PRISÃO,10752.0,Aliciamento eleitoral,vote_buying,True
1207,12561.0,NOTÍCIA DE IRREGULARIDADE EM PROPAGANDA ELEITORAL,12644.0,Requerimentos Relativos ao Horário Eleitoral Gratuito,,False
736,12729.0,EXECUÇÃO DE MEDIDAS ALTERNATIVAS NO JUÍZO COMUM,3573.0,Desacato,,False
2501,12135.0,TUTELA ANTECIPADA ANTECEDENTE,11681.0,Propaganda Política - Propaganda Eleitoral - Outdoors,,False
2193,12630.0,REPRESENTAÇÃO ESPECIAL,11640.0,Cargo - Vice-Prefeito,,False
2336,278.0,TERMO CIRCUNSTANCIADO,11466.0,Dano a Equipamento Eleitoral,,False
478,12121.0,COMUNICADO DE MANDADO DE PRISÃO,10755.0,Boca de urna,vote_buying,True
314,11528.0,AÇÃO PENAL ELEITORAL,11507.0,Votação Múltipla ou Realizada em Lugar de Outrem,ballot_integrity,True
693,386.0,EXECUÇÃO DA PENA,,Pena Restritiva de Direitos,,False
216,11528.0,AÇÃO PENAL ELEITORAL,,"Crimes de ""Lavagem"" ou Ocultação de Bens, Direitos ou Valores",,False
1411,241.0,PETIÇÃO CÍVEL,11584.0,Candidatos,,False
1895,11541.0,REPRESENTAÇÃO,11701.0,Doação de Recursos Acima do Limite Legal - Pessoa Jurídica,finance,True
2454,12135.0,TUTELA ANTECIPADA ANTECEDENTE,11757.0,Filiação Partidária - Coexistência,,False
1061,279.0,INQUÉRITO POLICIAL,12544.0,Simples,,False
760,12729.0,EXECUÇÃO DE MEDIDAS ALTERNATIVAS NO JUÍZO COMUM,11499.0,Impedimento ou Embaraço ao Exercício do Sufrágio,,False
707,12729.0,EXECUÇÃO DE MEDIDAS ALTERNATIVAS NO JUÍZO COMUM,11470.0,Alteração do Resultado de Votação nos Mapas ou Boletins de Apuração,,False
207,11528.0,AÇÃO PENAL ELEITORAL,3568.0,Corrupção ativa,,False
734,12729.0,EXECUÇÃO DE MEDIDAS ALTERNATIVAS NO JUÍZO COMUM,15020.0,Denunciação Caluniosa para Fins Eleitorais,,False
458,12550.0,COMPOSIÇÃO DE MESA RECEPTORA,,"Auxílio Emergencial (Lei 13,982/2020)",,False
1048,279.0,INQUÉRITO POLICIAL,12637.0,Propaganda Política - Propaganda Eleitoral - Redes Sociais,,False
748,12729.0,EXECUÇÃO DE MEDIDAS ALTERNATIVAS NO JUÍZO COMUM,10820.0,Divulgação de pesquisa de fraudulenta,,False
204,11528.0,AÇÃO PENAL ELEITORAL,,Cor,,False
2179,272.0,REPRESENTAÇÃO CRIMINAL/NOTÍCIA DE CRIME,11434.0,Votação de Eleitor na Seção Eleitoral na qual Não Está Inscrito ou Autorizado a Votar,,False
1427,241.0,PETIÇÃO CÍVEL,11520.0,Coleta de Assinatura em Mais de Uma Ficha de Registro Partidário,,False
1977,272.0,REPRESENTAÇÃO CRIMINAL/NOTÍCIA DE CRIME,3561.0,Abandono de função,,False
114,11526.0,AÇÃO DE IMPUGNAÇÃO DE MANDATO ELETIVO,11603.0,Inelegibilidade - Reeleição,inelegib,True
1716,1733.0,PROCEDIMENTO INVESTIGATÓRIO CRIMINAL (PIC-MP),10753.0,Falso eleitoral,,False
1049,279.0,INQUÉRITO POLICIAL,12340.0,Provocação de tumulto ou conduta inconveniente,,False
728,12729.0,EXECUÇÃO DE MEDIDAS ALTERNATIVAS NO JUÍZO COMUM,11467.0,Crimes contra a Fé Pública Eleitoral,,False
726,12729.0,EXECUÇÃO DE MEDIDAS ALTERNATIVAS NO JUÍZO COMUM,3568.0,Corrupção ativa,,False
105,11526.0,AÇÃO DE IMPUGNAÇÃO DE MANDATO ELETIVO,11642.0,Eleições - 1° Turno,,False
1050,279.0,INQUÉRITO POLICIAL,11433.0,Práticas Irregulares que Determinam a Anulação da Votação,,False
1710,1733.0,PROCEDIMENTO INVESTIGATÓRIO CRIMINAL (PIC-MP),11473.0,Falsidade ideológica,fraude,True
716,12729.0,EXECUÇÃO DE MEDIDAS ALTERNATIVAS NO JUÍZO COMUM,11494.0,Autorização de Transmissão de Pessoa Não Detentora de Direitos Políticos em Atividades Partidárias e de Propaganda Eleitoral,,False
1607,241.0,PETIÇÃO CÍVEL,11624.0,Registro de Candidatura - Substituição de Candidato - Por Falecimento,,False
170,11527.0,AÇÃO DE INVESTIGAÇÃO JUDICIAL ELEITORAL,11723.0,Propaganda Política - Propaganda Institucional,,False
304,11528.0,AÇÃO PENAL ELEITORAL,11491.0,Utilização de Organização Comercial para Propaganda ou Aliciamento de Eleitores,vote_buying,True
221,11528.0,AÇÃO PENAL ELEITORAL,11466.0,Dano a Equipamento Eleitoral,,False
2255,326.0,RESTITUIÇÃO DE COISAS APREENDIDAS,11502.0,Coação Visando a Obtenção de Voto ou a sua Abstenção,vote_buying,True
1695,1733.0,PROCEDIMENTO INVESTIGATÓRIO CRIMINAL (PIC-MP),15020.0,Denunciação Caluniosa para Fins Eleitorais,honra,True
606,12625.0,DIREITO DE RESPOSTA,11647.0,Eleições - Eleição Suplementar,,False
519,156.0,CUMPRIMENTO DE SENTENÇA,12600.0,Candidato Eleito,,False
290,11528.0,AÇÃO PENAL ELEITORAL,,Quadrilha ou Bando,,False
285,11528.0,AÇÃO PENAL ELEITORAL,11500.0,"Prisão ou Detenção do Eleitor, Membro de Mesa Receptora, Fiscal, Delegado de Partido ou Candidato, Fora das Hipóteses Legais Permitidas",,False
1692,1733.0,PROCEDIMENTO INVESTIGATÓRIO CRIMINAL (PIC-MP),11437.0,Crimes contra o Serviço da Justiça Eleitoral,,False
3,14678.0,ACORDO DE NÃO PERSECUÇÃO PENAL,11513.0,Arregimentação de Eleitor ou Boca de Urna,vote_buying,True
1108,120.0,MANDADO DE SEGURANÇA CÍVEL,11717.0,Abuso,,False
1500,241.0,PETIÇÃO CÍVEL,11595.0,Inelegibilidade,,False
587,10980.0,CUMPRIMENTO PROVISÓRIO DE DECISÃO,11730.0,Execução - De Astreintes,,False
581,156.0,CUMPRIMENTO DE SENTENÇA,11773.0,Propaganda Política - Propaganda Partidária,,False
2556,12134.0,TUTELA CAUTELAR ANTECEDENTE,11616.0,Impugnação ao Registro de Candidatura,,False
2559,12134.0,TUTELA CAUTELAR ANTECEDENTE,11605.0,Inelegibilidade - Representação ou Ação de Investigação Judicial Eleitoral Jugada Procedente pela Justiça Eleitoral,,False
576,156.0,CUMPRIMENTO DE SENTENÇA,11680.0,Propaganda Política - Propaganda Eleitoral - Omissão de Informações Obrigatórias,,False
279,11528.0,AÇÃO PENAL ELEITORAL,3548.0,Peculato,,False
245,11528.0,AÇÃO PENAL ELEITORAL,3532.0,Falsificação de documento particular,fraude,True
2488,12135.0,TUTELA ANTECIPADA ANTECEDENTE,11664.0,"Propaganda Política - Propaganda Eleitoral - Confecção, Utilização ou Distribuição de Brinde",,False
2480,12135.0,TUTELA ANTECIPADA ANTECEDENTE,11655.0,Propaganda Política - Propaganda Eleitoral - Banner/Cartaz/Faixa,,False
264,11528.0,AÇÃO PENAL ELEITORAL,11438.0,Inscrição fraudulenta,fraude,True
1516,241.0,PETIÇÃO CÍVEL,11488.0,Injúria Eleitoral Violenta,,False
2274,326.0,RESTITUIÇÃO DE COISAS APREENDIDAS,10913.0,Indisponibilidade / Seqüestro de Bens,,False
547,156.0,CUMPRIMENTO DE SENTENÇA,11651.0,Pesquisa Eleitoral - Registro de Pesquisa Eleitoral,,False
1095,305.0,LIBERDADE PROVISÓRIA COM OU SEM FIANÇA,11501.0,Corrupção Eleitoral,vote_buying,True
74,280.0,AUTO DE PRISÃO EM FLAGRANTE,11475.0,Uso de Documento Falso para Fins Eleitorais,fraude,True
44,280.0,AUTO DE PRISÃO EM FLAGRANTE,11502.0,Coação Visando a Obtenção de Voto ou a sua Abstenção,vote_buying,True
2327,278.0,TERMO CIRCUNSTANCIADO,11430.0,Crimes contra a Organização Administrativa da Justiça Eleitoral,,False
2213,12630.0,REPRESENTAÇÃO ESPECIAL,11663.0,Propaganda Política - Propaganda Eleitoral - Conduta Vedada a Emissora de Rádio/Televisão na Programação Normal,conduta_vedada,True
224,11528.0,AÇÃO PENAL ELEITORAL,3573.0,Desacato,,False
1620,241.0,PETIÇÃO CÍVEL,11570.0,Requisição de Servidor,,False
85,12061.0,AÇÃO CAUTELAR,11778.0,Requerimento,,False
2331,278.0,TERMO CIRCUNSTANCIADO,11517.0,Crimes contra os Partidos Políticos,,False
666,386.0,EXECUÇÃO DA PENA,11497.0,Crimes contra o Sigilo ou o Exercício do Voto,,False
2329,278.0,TERMO CIRCUNSTANCIADO,11437.0,Crimes contra o Serviço da Justiça Eleitoral,,False
2544,12134.0,TUTELA CAUTELAR ANTECEDENTE,11698.0,Contas - Não Apresentação das Contas,,False
660,386.0,EXECUÇÃO DA PENA,3395.0,Calúnia,,False
1085,333.0,INSANIDADE MENTAL DO ACUSADO,11513.0,Arregimentação de Eleitor ou Boca de Urna,vote_buying,True
1471,241.0,PETIÇÃO CÍVEL,11645.0,Eleições - Eleição Majoritária,,False
75,280.0,AUTO DE PRISÃO EM FLAGRANTE,15143.0,Violência contra a Mulher Candidata ou no Exercício do Mandato Eletivo,,False
1623,241.0,PETIÇÃO CÍVEL,11498.0,Retenção de Título Eleitoral ou do Comprovante de Alistamento Eleitoral,,False
653,1118.0,EMBARGOS À EXECUÇÃO FISCAL,11778.0,Requerimento,,False
1089,333.0,INSANIDADE MENTAL DO ACUSADO,11473.0,Falsidade Ideológica,fraude,True
2316,278.0,TERMO CIRCUNSTANCIADO,11480.0,Cerceamento da Fiscalização Partidária,,False
502,12121.0,COMUNICADO DE MANDADO DE PRISÃO,11507.0,Votação Múltipla ou Realizada em Lugar de Outrem,ballot_integrity,True
2462,12135.0,TUTELA ANTECIPADA ANTECEDENTE,11605.0,Inelegibilidade - Representação ou Ação de Investigação Judicial Eleitoral Jugada Procedente pela Justiça Eleitoral,,False
2602,12134.0,TUTELA CAUTELAR ANTECEDENTE,12598.0,Requerimento de Regularização da Situação de Inadimplência de Prestação de Contas,,False
2555,12134.0,TUTELA CAUTELAR ANTECEDENTE,11559.0,Improbidade Administrativa,,False
76,280.0,AUTO DE PRISÃO EM FLAGRANTE,11507.0,Votação Múltipla ou Realizada em Lugar de Outrem,ballot_integrity,True
2604,12134.0,TUTELA CAUTELAR ANTECEDENTE,12417.0,Tutela de Evidência,,False
60,280.0,AUTO DE PRISÃO EM FLAGRANTE,11472.0,Falsificação ou Alteração de Documento Público para Fins Eleitorais,fraude,True
2136,272.0,REPRESENTAÇÃO CRIMINAL/NOTÍCIA DE CRIME,11653.0,Propaganda Política - Propaganda Eleitoral - Adesivo,,False
2357,278.0,TERMO CIRCUNSTANCIADO,14221.0,Falsificação ou Alteração de Documento Particular para Fins Eleitorais,fraude,True
148,11527.0,AÇÃO DE INVESTIGAÇÃO JUDICIAL ELEITORAL,11647.0,Eleições - Eleição Suplementar,,False
2017,272.0,REPRESENTAÇÃO CRIMINAL/NOTÍCIA DE CRIME,11435.0,Contagem de Votos de Eleitores em Relação aos quais Houve Impugnação,,False
373,355.0,CARTA PRECATÓRIA CRIMINAL,12731.0,Transação Penal,,False
964,279.0,INQUÉRITO POLICIAL,,Difusão de doença ou praga,,False
413,11955.0,CAUTELAR INOMINADA CRIMINAL,11482.0,Crimes contra a Propaganda Eleitoral,,False
150,11527.0,AÇÃO DE INVESTIGAÇÃO JUDICIAL ELEITORAL,11595.0,Inelegibilidade,inelegib,True
881,332.0,INCIDENTE DE FALSIDADE,14221.0,Falsificação ou Alteração de Documento Particular para Fins Eleitorais,fraude,True
970,279.0,INQUÉRITO POLICIAL,3552.0,Emprego irregular de verbas ou rendas públicas,,False
1323,1727.0,PETIÇÃO CRIMINAL,11467.0,Crimes contra a Fé Pública Eleitoral,,False
1250,309.0,PEDIDO DE BUSCA E APREENSÃO CRIMINAL,12334.0,"Promoção, constituição, financiamento ou integração de Organização Criminosa",,False
1548,241.0,PETIÇÃO CÍVEL,11768.0,Partido Político - Órgão de Direção Nacional,,False
2010,272.0,REPRESENTAÇÃO CRIMINAL/NOTÍCIA DE CRIME,,Coação no curso do processo,,False
2574,12134.0,TUTELA CAUTELAR ANTECEDENTE,11656.0,Propaganda Política - Propaganda Eleitoral - Bem Particular,,False
1769,1298.0,PROCESSO ADMINISTRATIVO,12463.0,Providência,,False
24,11530.0,APURAÇÃO DE ELEIÇÃO,11643.0,Eleições - 2° Turno,,False
2009,272.0,REPRESENTAÇÃO CRIMINAL/NOTÍCIA DE CRIME,10824.0,Coação eleitoral,vote_buying,True
1144,12561.0,NOTÍCIA DE IRREGULARIDADE EM PROPAGANDA ELEITORAL,11637.0,Cargo - Senador,,False
854,12077.0,HOMOLOGAÇÃO EM ACORDO DE COLABORAÇÃO PREMIADA,11472.0,Falsificação ou Alteração de Documento Público para Fins Eleitorais,fraude,True
1868,11541.0,REPRESENTAÇÃO,12362.0,Autorização de Divulgação de Publicidade Institucional,,False
355,355.0,CARTA PRECATÓRIA CRIMINAL,,Comunicação de Prisão - BNMP,,False
1338,1727.0,PETIÇÃO CRIMINAL,11485.0,Divulgação de Falsa Imputação,,False
1339,1727.0,PETIÇÃO CRIMINAL,11483.0,Divulgação de Fatos Inverídicos na Propaganda Eleitoral,,False
2091,272.0,REPRESENTAÇÃO CRIMINAL/NOTÍCIA DE CRIME,5556.0,Grave,,False
38,280.0,AUTO DE PRISÃO EM FLAGRANTE,3402.0,Ameaça,,False
846,307.0,HABEAS CORPUS CRIMINAL,11778.0,Requerimento,,False
1853,11532.0,REGISTRO DE CANDIDATURA,11624.0,Registro de Candidatura - Substituição de Candidato - Por Falecimento,,False
2532,12134.0,TUTELA CAUTELAR ANTECEDENTE,11734.0,Cautelar Inominada,,False
176,11528.0,AÇÃO PENAL ELEITORAL,10614.0,Abolitio Criminis,,False
1261,310.0,PEDIDO DE QUEBRA DE SIGILO DE DADOS E/OU TELEFÔNICO,11513.0,Arregimentação de Eleitor ou Boca de Urna,vote_buying,True
1827,11532.0,REGISTRO DE CANDIDATURA,11589.0,Condição de Elegibilidade - Filiação Partidária,,False
51,280.0,AUTO DE PRISÃO EM FLAGRANTE,11497.0,Crimes contra o Sigilo ou o Exercício do Voto,ballot_integrity,True
387,83.0,CAUTELAR FISCAL,12416.0,Tutela de Urgência,,False
1824,11532.0,REGISTRO DE CANDIDATURA,11752.0,Coligação Partidária - Proporcional,,False
171,11527.0,AÇÃO DE INVESTIGAÇÃO JUDICIAL ELEITORAL,11433.0,Práticas Irregulares que Determinam a Anulação da Votação,,False
1273,310.0,PEDIDO DE QUEBRA DE SIGILO DE DADOS E/OU TELEFÔNICO,11486.0,Difamação na Propaganda Eleitoral,honra,True
1288,310.0,PEDIDO DE QUEBRA DE SIGILO DE DADOS E/OU TELEFÔNICO,3641.0,Sigilo Telefônico,,False
922,279.0,INQUÉRITO POLICIAL,,Cor,,False
2029,272.0,REPRESENTAÇÃO CRIMINAL/NOTÍCIA DE CRIME,11430.0,Crimes contra a Organização Administrativa da Justiça Eleitoral,,False
392,11955.0,CAUTELAR INOMINADA CRIMINAL,12634.0,Apropriação Indébita Eleitoral,,False
916,279.0,INQUÉRITO POLICIAL,11520.0,Coleta de Assinatura em Mais de Uma Ficha de Registro Partidário,,False
163,11527.0,AÇÃO DE INVESTIGAÇÃO JUDICIAL ELEITORAL,14938.0,Inelegibilidade - Suspensão dos Direitos Políticos por Ato Doloso de Improbidade Administrativa,inelegib,True
944,279.0,INQUÉRITO POLICIAL,,"Crimes de ""Lavagem"" ou Ocultação de Bens, Direitos ou Valores",,False
945,279.0,INQUÉRITO POLICIAL,,Crimes de Abuso de Autoridade,,False
1298,12562.0,PET-ADM,12586.0,Filiação Partidária - Lista Especial,,False
159,11527.0,AÇÃO DE INVESTIGAÇÃO JUDICIAL ELEITORAL,11603.0,Inelegibilidade - Reeleição,inelegib,True
394,11955.0,CAUTELAR INOMINADA CRIMINAL,11513.0,Arregimentação de Eleitor ou Boca de Urna,,False
1264,310.0,PEDIDO DE QUEBRA DE SIGILO DE DADOS E/OU TELEFÔNICO,11502.0,Coação Visando a Obtenção de Voto ou a sua Abstenção,vote_buying,True
903,279.0,INQUÉRITO POLICIAL,,"Auxílio Emergencial (Lei 13,982/2020)",,False
2,14678.0,ACORDO DE NÃO PERSECUÇÃO PENAL,12634.0,Apropriação Indébita Eleitoral,finance,True
2408,278.0,TERMO CIRCUNSTANCIADO,12345.0,Vias de fato,,False
157,11527.0,AÇÃO DE INVESTIGAÇÃO JUDICIAL ELEITORAL,11602.0,Inelegibilidade - Parentesco,inelegib,True
156,11527.0,AÇÃO DE INVESTIGAÇÃO JUDICIAL ELEITORAL,11601.0,Inelegibilidade - Inalistável,inelegib,True
1721,1733.0,PROCEDIMENTO INVESTIGATÓRIO CRIMINAL (PIC-MP),11490.0,Impedimento do Exercício da Propaganda,,False
350,355.0,CARTA PRECATÓRIA CRIMINAL,15037.0,Alvará de Soltura,,False
334,335.0,CARTA DE ORDEM CRIMINAL,11785.0,Diligências,,False
1389,241.0,PETIÇÃO CÍVEL,11563.0,Afastamento de Magistrado,,False
1674,1733.0,PROCEDIMENTO INVESTIGATÓRIO CRIMINAL (PIC-MP),11522.0,Arguição de Ineligibilidade Temerária ou de Má-Fé,inelegib,True
1229,309.0,PEDIDO DE BUSCA E APREENSÃO CRIMINAL,11482.0,Crimes contra a Propaganda Eleitoral,,False
1730,1733.0,PROCEDIMENTO INVESTIGATÓRIO CRIMINAL (PIC-MP),11489.0,"Inutilização, Alteração ou Perturbação de Propaganda",ballot_integrity,True
333,335.0,CARTA DE ORDEM CRIMINAL,10602.0,Condicional do processo,,False
2119,272.0,REPRESENTAÇÃO CRIMINAL/NOTÍCIA DE CRIME,3550.0,Peculato mediante erro de outrem,,False
437,11955.0,CAUTELAR INOMINADA CRIMINAL,11438.0,Inscrição Fraudulenta,,False
198,11528.0,AÇÃO PENAL ELEITORAL,10824.0,Coação eleitoral,vote_buying,True
1023,279.0,INQUÉRITO POLICIAL,11523.0,Não-Acesso dos Partidos aos Dados Relativos às Pesquisas Eleitorais,pesquisa_adv,True
18,14678.0,ACORDO DE NÃO PERSECUÇÃO PENAL,11475.0,Uso de Documento Falso para Fins Eleitorais,fraude,True
2539,12134.0,TUTELA CAUTELAR ANTECEDENTE,11586.0,Condição de Elegibilidade - Alistamento Eleitoral,,False
137,11527.0,AÇÃO DE INVESTIGAÇÃO JUDICIAL ELEITORAL,11589.0,Condição de Elegibilidade - Filiação Partidária,,False
136,11527.0,AÇÃO DE INVESTIGAÇÃO JUDICIAL ELEITORAL,11587.0,Condição de Elegibilidade - Domicílio Eleitoral na Circunscrição,,False
2370,278.0,TERMO CIRCUNSTANCIADO,11519.0,Inscrição Simultânea em Dois ou Mais Partidos,,False
1220,309.0,PEDIDO DE BUSCA E APREENSÃO CRIMINAL,11484.0,Calúnia na Propaganda Eleitoral,honra,True
1889,11541.0,REPRESENTAÇÃO,11486.0,Difamação na Propaganda Eleitoral,honra,True
2129,272.0,REPRESENTAÇÃO CRIMINAL/NOTÍCIA DE CRIME,10838.0,Prevaricação,,False
794,12729.0,EXECUÇÃO DE MEDIDAS ALTERNATIVAS NO JUÍZO COMUM,11507.0,Votação Múltipla ou Realizada em Lugar de Outrem,,False
790,12729.0,EXECUÇÃO DE MEDIDAS ALTERNATIVAS NO JUÍZO COMUM,11491.0,Utilização de Organização Comercial para Propaganda ou Aliciamento de Eleitores,,False
787,12729.0,EXECUÇÃO DE MEDIDAS ALTERNATIVAS NO JUÍZO COMUM,11512.0,Uso Proibido de Alto-Falantes,,False
1279,310.0,PEDIDO DE QUEBRA DE SIGILO DE DADOS E/OU TELEFÔNICO,11438.0,Inscrição Fraudulenta,fraude,True
1891,11541.0,REPRESENTAÇÃO,11485.0,Divulgação de Falsa Imputação,honra,True
2140,272.0,REPRESENTAÇÃO CRIMINAL/NOTÍCIA DE CRIME,12635.0,Propaganda Política - Propaganda Eleitoral - Divulgação de Notícia  Sabidamente Falsa,,False
1557,241.0,PETIÇÃO CÍVEL,12046.0,Prestação de Contas - De Candidato,,False
2146,272.0,REPRESENTAÇÃO CRIMINAL/NOTÍCIA DE CRIME,10609.0,Quebra do Sigilo Telefônico,,False
807,12554.0,FILIAÇÃO PARTIDÁRIA,11579.0,Alistamento Eleitoral - Inscrição Eleitoral,,False
2082,272.0,REPRESENTAÇÃO CRIMINAL/NOTÍCIA DE CRIME,10816.0,Falsificação de documento público para fins eleitorais,fraude,True
1749,1733.0,PROCEDIMENTO INVESTIGATÓRIO CRIMINAL (PIC-MP),11491.0,Utilização de Organização Comercial para Propaganda ou Aliciamento de Eleitores,vote_buying,True
1750,1733.0,PROCEDIMENTO INVESTIGATÓRIO CRIMINAL (PIC-MP),11451.0,Utilização de Prédios ou Serviços de Repartições Públicas para Beneficiar Partido ou Organização de Caráter Político,,False
1356,1727.0,PETIÇÃO CRIMINAL,3397.0,Injúria,,False
1357,1727.0,PETIÇÃO CRIMINAL,11487.0,Injúria na Propaganda Eleitoral,,False
2383,278.0,TERMO CIRCUNSTANCIADO,12347.0,Perturbação do trabalho ou do sossego alheios,,False
2105,272.0,REPRESENTAÇÃO CRIMINAL/NOTÍCIA DE CRIME,15153.0,Interrupção do Processo Eleitoral,,False
1359,1727.0,PETIÇÃO CRIMINAL,11489.0,"Inutilização, Alteração ou Perturbação de Propaganda",,False
1570,241.0,PETIÇÃO CÍVEL,11661.0,Propaganda Política - Propaganda Eleitoral - Cavalete,,False
1541,241.0,PETIÇÃO CÍVEL,,Omissão da Entrega do Boletim de Urna,,False
426,11955.0,CAUTELAR INOMINADA CRIMINAL,11473.0,Falsidade Ideológica,,False
1751,1733.0,PROCEDIMENTO INVESTIGATÓRIO CRIMINAL (PIC-MP),11465.0,Utilização de Veículos e Embarcações Públicas em Campanha Eleitoral,,False
996,279.0,INQUÉRITO POLICIAL,,Identidade de Gênero,,False
1763,1298.0,PROCESSO ADMINISTRATIVO,11428.0,DIREITO ELEITORAL,,False
2099,272.0,REPRESENTAÇÃO CRIMINAL/NOTÍCIA DE CRIME,3515.0,Infração de Medida Sanitária Preventiva,,False
823,307.0,HABEAS CORPUS CRIMINAL,11470.0,Alteração do Resultado de Votação nos Mapas ou Boletins de Apuração,,False
822,12554.0,FILIAÇÃO PARTIDÁRIA,11518.0,Subscrição de Mais de Uma Ficha de Filiação Partidária,,False
838,307.0,HABEAS CORPUS CRIMINAL,11473.0,Falsidade Ideológica,,False
1232,309.0,PEDIDO DE BUSCA E APREENSÃO CRIMINAL,3633.0,Crimes do Sistema Nacional de Armas,,False
1744,1733.0,PROCEDIMENTO INVESTIGATÓRIO CRIMINAL (PIC-MP),11778.0,Requerimento,,False
1742,1733.0,PROCEDIMENTO INVESTIGATÓRIO CRIMINAL (PIC-MP),11449.0,Recusa ou Abandono do Serviço Eleitoral,,False
2114,272.0,REPRESENTAÇÃO CRIMINAL/NOTÍCIA DE CRIME,11464.0,Obstamento do Transporte e Fornecimento de Alimentos a Eleitores pela Justiça Eleitoral,,False
2599,12134.0,TUTELA CAUTELAR ANTECEDENTE,11618.0,Registro de Candidatura - RRC - Candidato,,False
2588,12134.0,TUTELA CAUTELAR ANTECEDENTE,12638.0,Propaganda Política - Propaganda Eleitoral - Impulsionamento,,False
2575,12134.0,TUTELA CAUTELAR ANTECEDENTE,11657.0,Propaganda Política - Propaganda Eleitoral - Bem Particular de Uso Comum,,False
2568,12134.0,TUTELA CAUTELAR ANTECEDENTE,12048.0,Prestação de Contas - De Exercício Financeiro,,False
1655,12193.0,PRESTAÇÃO DE CONTAS ELEITORAIS,11642.0,Eleições - 1° Turno,,False
1664,12193.0,PRESTAÇÃO DE CONTAS ELEITORAIS,12048.0,Prestação de Contas - De Exercício Financeiro,,False
1672,1733.0,PROCEDIMENTO INVESTIGATÓRIO CRIMINAL (PIC-MP),3402.0,Ameaça,,False
2603,12134.0,TUTELA CAUTELAR ANTECEDENTE,12585.0,Reversão de Desfiliação,,False
2584,12134.0,TUTELA CAUTELAR ANTECEDENTE,11670.0,Propaganda Política - Propaganda Eleitoral - Distribuição de Tempo de Propaganda,,False
2461,12135.0,TUTELA ANTECIPADA ANTECEDENTE,11604.0,Inelegibilidade - Rejeição de Contas Públicas,,False
1683,1733.0,PROCEDIMENTO INVESTIGATÓRIO CRIMINAL (PIC-MP),11504.0,Concentração de Eleitores para Embaraçar ou Fraudar o Exercício do Voto,ballot_integrity,True
2086,272.0,REPRESENTAÇÃO CRIMINAL/NOTÍCIA DE CRIME,3579.0,Falso testemunho ou falsa perícia,,False
2169,272.0,REPRESENTAÇÃO CRIMINAL/NOTÍCIA DE CRIME,3406.0,Violação de domicílio,,False
2161,272.0,REPRESENTAÇÃO CRIMINAL/NOTÍCIA DE CRIME,3539.0,Uso de documento falso,fraude,True
2159,272.0,REPRESENTAÇÃO CRIMINAL/NOTÍCIA DE CRIME,11512.0,Uso Proibido de Alto-Falantes,,False
2150,272.0,REPRESENTAÇÃO CRIMINAL/NOTÍCIA DE CRIME,,"Recusa ou omissão de dados cadastrais, registros, documentos e informações",,False
2144,272.0,REPRESENTAÇÃO CRIMINAL/NOTÍCIA DE CRIME,11433.0,Práticas Irregulares que Determinam a Anulação da Votação,,False
2361,278.0,TERMO CIRCUNSTANCIADO,,Identidade de Gênero,,False
2128,272.0,REPRESENTAÇÃO CRIMINAL/NOTÍCIA DE CRIME,12543.0,Preconceituosa,,False
2373,278.0,TERMO CIRCUNSTANCIADO,11524.0,Irregularidades dos Dados Publicados em Pesquisas Eleitorais,pesquisa_adv,True
2113,272.0,REPRESENTAÇÃO CRIMINAL/NOTÍCIA DE CRIME,11523.0,Não-Acesso dos Partidos aos Dados Relativos às Pesquisas Eleitorais,pesquisa_adv,True
2378,278.0,TERMO CIRCUNSTANCIADO,11523.0,Não-Acesso dos Partidos aos Dados Relativos às Pesquisas Eleitorais,pesquisa_adv,True
2108,272.0,REPRESENTAÇÃO CRIMINAL/NOTÍCIA DE CRIME,11978.0,Invasão de Dispositivo Informático,,False
2384,278.0,TERMO CIRCUNSTANCIADO,11442.0,Perturbação ou Impedimento de Alistamento,,False
2081,272.0,REPRESENTAÇÃO CRIMINAL/NOTÍCIA DE CRIME,3531.0,Falsificação de documento público,fraude,True
2339,278.0,TERMO CIRCUNSTANCIADO,11454.0,Desatendimento à Requisição de Veículo ou Embarcação,,False
2398,278.0,TERMO CIRCUNSTANCIADO,11498.0,Retenção de Título Eleitoral ou do Comprovante de Alistamento Eleitoral,,False
2077,272.0,REPRESENTAÇÃO CRIMINAL/NOTÍCIA DE CRIME,10995.0,Falsidade ideológica praticada por Funcionário Público,fraude,True
2399,278.0,TERMO CIRCUNSTANCIADO,12544.0,Simples,,False
2074,272.0,REPRESENTAÇÃO CRIMINAL/NOTÍCIA DE CRIME,3542.0,Falsa identidade,,False
2073,272.0,REPRESENTAÇÃO CRIMINAL/NOTÍCIA DE CRIME,11436.0,"Fabricação, Aquisição, Fornecimento, Subtração ou Guarda de Materiais de Uso da Justiça Eleitoral",,False
2400,278.0,TERMO CIRCUNSTANCIADO,11518.0,Subscrição de Mais de Uma Ficha de Filiação Partidária,,False
2072,272.0,REPRESENTAÇÃO CRIMINAL/NOTÍCIA DE CRIME,3420.0,Extorsão,,False
2069,272.0,REPRESENTAÇÃO CRIMINAL/NOTÍCIA DE CRIME,3431.0,Estelionato,,False
2058,272.0,REPRESENTAÇÃO CRIMINAL/NOTÍCIA DE CRIME,11510.0,"Destruição, Supressão ou Ocultação de Urna Contendo Votos ou Documentos Eleitorais",,False
2055,272.0,REPRESENTAÇÃO CRIMINAL/NOTÍCIA DE CRIME,10815.0,Desordem eleitoral,,False
2053,272.0,REPRESENTAÇÃO CRIMINAL/NOTÍCIA DE CRIME,3595.0,Desobediência a decisão judicial sobre perda ou suspensão de direitos,,False
2049,272.0,REPRESENTAÇÃO CRIMINAL/NOTÍCIA DE CRIME,11454.0,Desatendimento à Requisição de Veículo ou Embarcação,,False
2173,272.0,REPRESENTAÇÃO CRIMINAL/NOTÍCIA DE CRIME,15154.0,Violência Política,,False
2188,12630.0,REPRESENTAÇÃO ESPECIAL,11584.0,Candidatos,,False
2416,12135.0,TUTELA ANTECIPADA ANTECEDENTE,11717.0,Abuso,,False
2238,12633.0,REQUERIMENTO DE REGULARIZAÇÃO DE OMISSÃO DE PRESTAÇÃO DE CONTAS ELEITORAIS,12048.0,Prestação de Contas - De Exercício Financeiro,,False
2275,326.0,RESTITUIÇÃO DE COISAS APREENDIDAS,11489.0,"Inutilização, Alteração ou Perturbação de Propaganda",ballot_integrity,True
2272,326.0,RESTITUIÇÃO DE COISAS APREENDIDAS,11490.0,Impedimento do Exercício da Propaganda,,False
2268,326.0,RESTITUIÇÃO DE COISAS APREENDIDAS,10754.0,Desobediência à determinações da Justiça Eleitoral,,False
2263,326.0,RESTITUIÇÃO DE COISAS APREENDIDAS,,Crimes de Abuso de Autoridade,,False
2262,326.0,RESTITUIÇÃO DE COISAS APREENDIDAS,,"Crimes de ""Lavagem"" ou Ocultação de Bens, Direitos ou Valores",,False
2253,326.0,RESTITUIÇÃO DE COISAS APREENDIDAS,11735.0,Cautelar Inominada - De Busca e Apreensão,,False
2289,14208.0,SUSPENSÃO DE ÓRGÃO PARTIDÁRIO,11642.0,Eleições - 1° Turno,,False
2244,12633.0,REQUERIMENTO DE REGULARIZAÇÃO DE OMISSÃO DE PRESTAÇÃO DE CONTAS ELEITORAIS,11764.0,Órgão de Direção Partidária,,False
2295,14208.0,SUSPENSÃO DE ÓRGÃO PARTIDÁRIO,11764.0,Órgão de Direção Partidária,,False
2296,278.0,TERMO CIRCUNSTANCIADO,3561.0,Abandono de função,,False
2298,278.0,TERMO CIRCUNSTANCIADO,15056.0,Acordo de Não Persecução Penal,,False
2300,278.0,TERMO CIRCUNSTANCIADO,10826.0,Aliciamento comercial de eleitores,vote_buying,True
2237,12633.0,REQUERIMENTO DE REGULARIZAÇÃO DE OMISSÃO DE PRESTAÇÃO DE CONTAS ELEITORAIS,12047.0,Prestação de Contas - De Comitê Financeiro,,False
2337,278.0,TERMO CIRCUNSTANCIADO,15020.0,Denunciação Caluniosa para Fins Eleitorais,honra,True
2305,278.0,TERMO CIRCUNSTANCIADO,12634.0,Apropriação Indébita Eleitoral,finance,True
2233,12633.0,REQUERIMENTO DE REGULARIZAÇÃO DE OMISSÃO DE PRESTAÇÃO DE CONTAS ELEITORAIS,11642.0,Eleições - 1° Turno,,False
2326,278.0,TERMO CIRCUNSTANCIADO,11467.0,Crimes contra a Fé Pública Eleitoral,fraude,True
2217,12630.0,REPRESENTAÇÃO ESPECIAL,11679.0,Propaganda Política - Propaganda Eleitoral - Internet,,False
2216,12630.0,REPRESENTAÇÃO ESPECIAL,11678.0,Propaganda Política - Propaganda Eleitoral - Inobservância do Limite Legal,,False
2214,12630.0,REPRESENTAÇÃO ESPECIAL,11664.0,"Propaganda Política - Propaganda Eleitoral - Confecção, Utilização ou Distribuição de Brinde",,False
2210,12630.0,REPRESENTAÇÃO ESPECIAL,12639.0,Propaganda Política - Propaganda Eleitoral - Aplicativo de Mensagem Instantânea,,False
2207,12630.0,REPRESENTAÇÃO ESPECIAL,14941.0,Percentual de Gênero,,False
2204,12630.0,REPRESENTAÇÃO ESPECIAL,11559.0,Improbidade Administrativa,,False
2203,12630.0,REPRESENTAÇÃO ESPECIAL,11647.0,Eleições - Eleição Suplementar,,False
2332,278.0,TERMO CIRCUNSTANCIADO,,Crimes de Trânsito,,False
2333,278.0,TERMO CIRCUNSTANCIADO,3633.0,Crimes do Sistema Nacional de Armas,,False
2036,272.0,REPRESENTAÇÃO CRIMINAL/NOTÍCIA DE CRIME,11517.0,Crimes contra os Partidos Políticos,,False
2423,12135.0,TUTELA ANTECIPADA ANTECEDENTE,11584.0,Candidatos,,False
1696,1733.0,PROCEDIMENTO INVESTIGATÓRIO CRIMINAL (PIC-MP),3576.0,Denunciação caluniosa,honra,True
1748,1733.0,PROCEDIMENTO INVESTIGATÓRIO CRIMINAL (PIC-MP),11496.0,"Uso, na Propaganda Eleitoral, de Símbolo de Órgãos de Governo",,False
1805,12557.0,RECURSO/IMPUGNAÇÃO DE ALISTAMENTO ELEITORAL,12049.0,Impugnação,,False
1798,12557.0,RECURSO/IMPUGNAÇÃO DE ALISTAMENTO ELEITORAL,11577.0,Alistamento Eleitoral - Duplicidade/Pluralidade,,False
1793,426.0,RECURSO EM SENTIDO ESTRITO,12046.0,Prestação de Contas - De Candidato,,False
1789,426.0,RECURSO EM SENTIDO ESTRITO,11486.0,Difamação na Propaganda Eleitoral,honra,True
1780,193.0,PRODUÇÃO ANTECIPADA DA PROVA,11778.0,Requerimento,,False
1779,193.0,PRODUÇÃO ANTECIPADA DA PROVA,11679.0,Propaganda Política - Propaganda Eleitoral - Internet,,False
1771,193.0,PRODUÇÃO ANTECIPADA DA PROVA,12601.0,Candidato Não-Eleito,,False
1768,1298.0,PROCESSO ADMINISTRATIVO,11773.0,Propaganda Política - Propaganda Partidária,,False
1758,1298.0,PROCESSO ADMINISTRATIVO,11748.0,Alteração Estatutária de Partido Político em Matéria Administrativa,,False
1756,1733.0,PROCEDIMENTO INVESTIGATÓRIO CRIMINAL (PIC-MP),11503.0,Violência ou Grave Ameaça Visando a Obtenção de Voto ou a sua Abstenção,vote_buying,True
1755,1733.0,PROCEDIMENTO INVESTIGATÓRIO CRIMINAL (PIC-MP),15143.0,Violência contra a Mulher Candidata ou no Exercício do Mandato Eletivo,,False
1754,1733.0,PROCEDIMENTO INVESTIGATÓRIO CRIMINAL (PIC-MP),15154.0,Violência Política,,False
1739,1733.0,PROCEDIMENTO INVESTIGATÓRIO CRIMINAL (PIC-MP),11443.0,Promoção de Desordem nos Trabalhos Eleitorais,ballot_integrity,True
1811,12557.0,RECURSO/IMPUGNAÇÃO DE ALISTAMENTO ELEITORAL,11679.0,Propaganda Política - Propaganda Eleitoral - Internet,,False
1734,1733.0,PROCEDIMENTO INVESTIGATÓRIO CRIMINAL (PIC-MP),11445.0,"Ocultação, Sonegação ou Recusa de Fornecimento de Utilidades, Alimentos e Transporte no Dia da Eleição",,False
1732,1733.0,PROCEDIMENTO INVESTIGATÓRIO CRIMINAL (PIC-MP),,NI,,False
1731,1733.0,PROCEDIMENTO INVESTIGATÓRIO CRIMINAL (PIC-MP),11524.0,Irregularidades dos Dados Publicados em Pesquisas Eleitorais,pesquisa_adv,True
1729,1733.0,PROCEDIMENTO INVESTIGATÓRIO CRIMINAL (PIC-MP),3596.0,Inserção de dados falsos em sistema de informações,,False
2545,12134.0,TUTELA CAUTELAR ANTECEDENTE,11722.0,Corrupção ou Fraude,,False
1717,1733.0,PROCEDIMENTO INVESTIGATÓRIO CRIMINAL (PIC-MP),10952.0,Fato Atípico,,False
1713,1733.0,PROCEDIMENTO INVESTIGATÓRIO CRIMINAL (PIC-MP),3532.0,Falsificação de documento particular,fraude,True
1709,1733.0,PROCEDIMENTO INVESTIGATÓRIO CRIMINAL (PIC-MP),,Falsidade de atestado médico,,False
2549,12134.0,TUTELA CAUTELAR ANTECEDENTE,11645.0,Eleições - Eleição Majoritária,,False
2550,12134.0,TUTELA CAUTELAR ANTECEDENTE,11646.0,Eleições - Eleição Proporcional,,False
2551,12134.0,TUTELA CAUTELAR ANTECEDENTE,11756.0,Filiação Partidária - Cancelamento,,False
2553,12134.0,TUTELA CAUTELAR ANTECEDENTE,11758.0,Filiação Partidária - Exclusão,,False
1810,12557.0,RECURSO/IMPUGNAÇÃO DE ALISTAMENTO ELEITORAL,12635.0,Propaganda Política - Propaganda Eleitoral - Divulgação de Notícia  Sabidamente Falsa,,False
1815,11532.0,REGISTRO DE CANDIDATURA,11579.0,Alistamento Eleitoral - Inscrição Eleitoral,,False
2424,12135.0,TUTELA ANTECIPADA ANTECEDENTE,15018.0,Candidatura Avulsa,,False
1962,11541.0,REPRESENTAÇÃO,11772.0,Propaganda Política Partidária,,False
2425,12135.0,TUTELA ANTECIPADA ANTECEDENTE,12597.0,Candidatura Fictícia,,False
2015,272.0,REPRESENTAÇÃO CRIMINAL/NOTÍCIA DE CRIME,14104.0,Condição de Pessoa Idosa,,False
2014,272.0,REPRESENTAÇÃO CRIMINAL/NOTÍCIA DE CRIME,,Concussão,,False
2430,12135.0,TUTELA ANTECIPADA ANTECEDENTE,11640.0,Cargo - Vice-Prefeito,,False
2011,272.0,REPRESENTAÇÃO CRIMINAL/NOTÍCIA DE CRIME,11520.0,Coleta de Assinatura em Mais de Uma Ficha de Registro Partidário,,False
2007,272.0,REPRESENTAÇÃO CRIMINAL/NOTÍCIA DE CRIME,3535.0,Certidão ou atestado ideologicamente falso,,False
2005,272.0,REPRESENTAÇÃO CRIMINAL/NOTÍCIA DE CRIME,11638.0,Cargo - Vereador,,False
2004,272.0,REPRESENTAÇÃO CRIMINAL/NOTÍCIA DE CRIME,11633.0,Cargo - Prefeito,,False
2440,12135.0,TUTELA ANTECIPADA ANTECEDENTE,11587.0,Condição de Elegibilidade - Domicílio Eleitoral na Circunscrição,,False
1993,272.0,REPRESENTAÇÃO CRIMINAL/NOTÍCIA DE CRIME,5897.0,Associação para a Produção e Tráfico e Condutas Afins,,False
1982,272.0,REPRESENTAÇÃO CRIMINAL/NOTÍCIA DE CRIME,,Advocacia administrativa,,False
1971,11541.0,REPRESENTAÇÃO,12416.0,Tutela de Urgência,,False
2452,12135.0,TUTELA ANTECIPADA ANTECEDENTE,11647.0,Eleições - Eleição Suplementar,,False
1825,11532.0,REGISTRO DE CANDIDATURA,11586.0,Condição de Elegibilidade - Alistamento Eleitoral,,False
2456,12135.0,TUTELA ANTECIPADA ANTECEDENTE,12586.0,Filiação Partidária - Lista Especial,,False
2467,12135.0,TUTELA ANTECIPADA ANTECEDENTE,11613.0,Nome do Candidato - Variação Nominal,,False
2468,12135.0,TUTELA ANTECIPADA ANTECEDENTE,14941.0,Percentual de Gênero,,False
2471,12135.0,TUTELA ANTECIPADA ANTECEDENTE,11650.0,Pesquisa Eleitoral - Divulgação de Pesquisa Eleitoral Sem Prévio Registro,,False
2474,12135.0,TUTELA ANTECIPADA ANTECEDENTE,12047.0,Prestação de Contas - De Comitê Financeiro,,False
2494,12135.0,TUTELA ANTECIPADA ANTECEDENTE,11671.0,Propaganda Política - Propaganda Eleitoral - Horário Eleitoral Gratuito/Inserções de Propaganda,,False
2503,12135.0,TUTELA ANTECIPADA ANTECEDENTE,11673.0,Propaganda Política - Propaganda Eleitoral - Rádio,,False
2507,12135.0,TUTELA ANTECIPADA ANTECEDENTE,12044.0,Registro de Candidatura - DRAP Partido/Coligação,,False
1892,11541.0,REPRESENTAÇÃO,11483.0,Divulgação de Fatos Inverídicos na Propaganda Eleitoral,honra,True
1846,11532.0,REGISTRO DE CANDIDATURA,11615.0,Registro de Candidatura,,False
1832,11532.0,REGISTRO DE CANDIDATURA,12051.0,Impugnação - Inscrição Eleitoral,,False
1826,11532.0,REGISTRO DE CANDIDATURA,11587.0,Condição de Elegibilidade - Domicílio Eleitoral na Circunscrição,,False
1642,12193.0,PRESTAÇÃO DE CONTAS ELEITORAIS,14225.0,Apuração de indícios de irregularidades informados pela Administração Pública,,False
1304,12562.0,PET-ADM,11723.0,Propaganda Política - Propaganda Institucional,,False
1640,241.0,PETIÇÃO CÍVEL,11434.0,Votação de Eleitor na Seção Eleitoral na qual Não Está Inscrito ou Autorizado a Votar,,False
1053,279.0,INQUÉRITO POLICIAL,15304.0,Recurso de Origem Não Identificada,,False
901,279.0,INQUÉRITO POLICIAL,,Assédio Eleitoral,,False
905,279.0,INQUÉRITO POLICIAL,10914.0,Busca e Apreensão de Bens,,False
917,279.0,INQUÉRITO POLICIAL,3577.0,Comunicação falsa de crime ou de contravenção,,False
930,279.0,INQUÉRITO POLICIAL,,"Crimes Cometidos por Meio de Marca, Título de Estabelecimento e Sinal de Propaganda",,False
948,279.0,INQUÉRITO POLICIAL,3426.0,Dano,,False
960,279.0,INQUÉRITO POLICIAL,10815.0,Desordem eleitoral,,False
969,279.0,INQUÉRITO POLICIAL,,Divulgação de segredo,,False
972,279.0,INQUÉRITO POLICIAL,,Estelionato Majorado,,False
992,279.0,INQUÉRITO POLICIAL,3416.0,Furto,,False
994,279.0,INQUÉRITO POLICIAL,,Homicídio Qualificado,,False
995,279.0,INQUÉRITO POLICIAL,3370.0,Homicídio Simples,,False
1000,279.0,INQUÉRITO POLICIAL,5869.0,Incitação ao Crime,,False
1013,279.0,INQUÉRITO POLICIAL,15153.0,Interrupção do Processo Eleitoral,,False
1038,279.0,INQUÉRITO POLICIAL,,Prestação de Garantia Graciosa,,False
1044,279.0,INQUÉRITO POLICIAL,12639.0,Propaganda Política - Propaganda Eleitoral - Aplicativo de Mensagem Instantânea,,False
900,279.0,INQUÉRITO POLICIAL,14685.0,Associação Criminosa,,False
891,279.0,INQUÉRITO POLICIAL,10826.0,Aliciamento comercial de eleitores,vote_buying,True
889,279.0,INQUÉRITO POLICIAL,3561.0,Abandono de função,,False
770,12729.0,EXECUÇÃO DE MEDIDAS ALTERNATIVAS NO JUÍZO COMUM,11450.0,Não Cumprimento dos Deveres Impostos pelo Código Eleitoral à Autoridade Judiciária e aos Funcionários da Justiça Eleitoral,,False
713,12729.0,EXECUÇÃO DE MEDIDAS ALTERNATIVAS NO JUÍZO COMUM,11522.0,Arguição de Ineligibilidade Temerária ou de Má-Fé,,False
732,12729.0,EXECUÇÃO DE MEDIDAS ALTERNATIVAS NO JUÍZO COMUM,3633.0,Crimes do Sistema Nacional de Armas,,False
733,12729.0,EXECUÇÃO DE MEDIDAS ALTERNATIVAS NO JUÍZO COMUM,11466.0,Dano a Equipamento Eleitoral,,False
738,12729.0,EXECUÇÃO DE MEDIDAS ALTERNATIVAS NO JUÍZO COMUM,,Descumprimento de determinação de sigilo,,False
749,12729.0,EXECUÇÃO DE MEDIDAS ALTERNATIVAS NO JUÍZO COMUM,3552.0,Emprego irregular de verbas ou rendas públicas,,False
752,12729.0,EXECUÇÃO DE MEDIDAS ALTERNATIVAS NO JUÍZO COMUM,11473.0,Falsidade ideológica,,False
817,12554.0,FILIAÇÃO PARTIDÁRIA,12360.0,Matéria Administrativa,,False
886,,INCIDENTE DE IMPEDIMENTO / SUSPEIÇÃO,,Exceção - De Incompetência,,False
828,307.0,HABEAS CORPUS CRIMINAL,3401.0,Constrangimento ilegal,,False
831,307.0,HABEAS CORPUS CRIMINAL,11482.0,Crimes contra a Propaganda Eleitoral,,False
869,12556.0,IMPUGNAÇÃO PERANTE AS JUNTAS ELEITORAIS,12360.0,Matéria Administrativa,,False
880,332.0,INCIDENTE DE FALSIDADE,11473.0,Falsidade Ideológica,fraude,True
883,332.0,INCIDENTE DE FALSIDADE,11778.0,Requerimento,,False
884,,INCIDENTE DE IMPEDIMENTO / SUSPEIÇÃO,12600.0,Candidato Eleito,,False
1046,279.0,INQUÉRITO POLICIAL,11660.0,Propaganda Política - Propaganda Eleitoral - Boca de Urna,,False
1055,279.0,INQUÉRITO POLICIAL,,"Recusa ou omissão de dados cadastrais, registros, documentos e informações",,False
1327,1727.0,PETIÇÃO CRIMINAL,,Crimes de Abuso de Autoridade,,False
1059,279.0,INQUÉRITO POLICIAL,,Resistência,,False
1235,309.0,PEDIDO DE BUSCA E APREENSÃO CRIMINAL,3396.0,Difamação,honra,True
1241,309.0,PEDIDO DE BUSCA E APREENSÃO CRIMINAL,14221.0,Falsificação ou Alteração de Documento Particular para Fins Eleitorais,fraude,True
1243,309.0,PEDIDO DE BUSCA E APREENSÃO CRIMINAL,11490.0,Impedimento do Exercício da Propaganda,,False
1249,309.0,PEDIDO DE BUSCA E APREENSÃO CRIMINAL,12347.0,Perturbação do trabalho ou do sossego alheios,,False
1259,,PEDIDO DE PRISÃO TEMPORÁRIA,12334.0,"Promoção, constituição, financiamento ou integração de Organização Criminosa",,False
1262,310.0,PEDIDO DE QUEBRA DE SIGILO DE DADOS E/OU TELEFÔNICO,11484.0,Calúnia na Propaganda Eleitoral,honra,True
1263,310.0,PEDIDO DE QUEBRA DE SIGILO DE DADOS E/OU TELEFÔNICO,10751.0,Captação ilícita de votos ou corrupção eleitoral,vote_buying,True
1272,310.0,PEDIDO DE QUEBRA DE SIGILO DE DADOS E/OU TELEFÔNICO,3396.0,Difamação,honra,True
1274,310.0,PEDIDO DE QUEBRA DE SIGILO DE DADOS E/OU TELEFÔNICO,11473.0,Falsidade Ideológica,fraude,True
1277,310.0,PEDIDO DE QUEBRA DE SIGILO DE DADOS E/OU TELEFÔNICO,11488.0,Injúria Eleitoral Violenta,honra,True
1278,310.0,PEDIDO DE QUEBRA DE SIGILO DE DADOS E/OU TELEFÔNICO,11487.0,Injúria na Propaganda Eleitoral,honra,True
1285,310.0,PEDIDO DE QUEBRA DE SIGILO DE DADOS E/OU TELEFÔNICO,10609.0,Quebra do Sigilo Telefônico,,False
1292,12562.0,PET-ADM,,"Auxílio Emergencial (Lei 13,982/2020)",,False
1300,12562.0,PET-ADM,,NI,,False
1308,1727.0,PETIÇÃO CRIMINAL,11470.0,Alteração do Resultado de Votação nos Mapas ou Boletins de Apuração,,False
1224,309.0,PEDIDO DE BUSCA E APREENSÃO CRIMINAL,11504.0,Concentração de Eleitores para Embaraçar ou Fraudar o Exercício do Voto,ballot_integrity,True
1214,309.0,PEDIDO DE BUSCA E APREENSÃO CRIMINAL,3436.0,Apropriação indébita,finance,True
1208,12561.0,NOTÍCIA DE IRREGULARIDADE EM PROPAGANDA ELEITORAL,11491.0,Utilização de Organização Comercial para Propaganda ou Aliciamento de Eleitores,vote_buying,True
1106,1710.0,MANDADO DE SEGURANÇA CRIMINAL,11473.0,Falsidade Ideológica,,False
1065,279.0,INQUÉRITO POLICIAL,,Supressão de documento,,False
1086,333.0,INSANIDADE MENTAL DO ACUSADO,11501.0,Corrupção Eleitoral,vote_buying,True
1093,305.0,LIBERDADE PROVISÓRIA COM OU SEM FIANÇA,11513.0,Arregimentação de Eleitor ou Boca de Urna,vote_buying,True
1097,305.0,LIBERDADE PROVISÓRIA COM OU SEM FIANÇA,11500.0,"Prisão ou Detenção do Eleitor, Membro de Mesa Receptora, Fiscal, Delegado de Partido ou Candidato, Fora das Hipóteses Legais Permitidas",,False
1101,12560.0,LISTA DE APOIAMENTO PARA CRIAÇÃO DE PARTIDO POLÍTICO,11428.0,DIREITO ELEITORAL,,False
1103,1710.0,MANDADO DE SEGURANÇA CRIMINAL,11501.0,Corrupção Eleitoral,,False
1119,120.0,MANDADO DE SEGURANÇA CÍVEL,,Dissidência Partidária ou Federativa,,False
1201,12561.0,NOTÍCIA DE IRREGULARIDADE EM PROPAGANDA ELEITORAL,11674.0,Propaganda Política - Propaganda Eleitoral - Rádio Comunitária,,False
1128,120.0,MANDADO DE SEGURANÇA CÍVEL,15016.0,Propaganda Política - Propaganda Eleitoral - Carreata/Caminhada/Passeata,,False
1138,12561.0,NOTÍCIA DE IRREGULARIDADE EM PROPAGANDA ELEITORAL,,"Auxílio Emergencial (Lei 13,982/2020)",,False
1141,12561.0,NOTÍCIA DE IRREGULARIDADE EM PROPAGANDA ELEITORAL,11630.0,Cargo - Deputado Estadual,,False
1149,12561.0,NOTÍCIA DE IRREGULARIDADE EM PROPAGANDA ELEITORAL,11501.0,Corrupção Eleitoral,vote_buying,True
1161,12561.0,NOTÍCIA DE IRREGULARIDADE EM PROPAGANDA ELEITORAL,12365.0,Enquete,,False
1188,12561.0,NOTÍCIA DE IRREGULARIDADE EM PROPAGANDA ELEITORAL,11669.0,Propaganda Política - Propaganda Eleitoral - Horário Eleitoral Gratuito,,False
712,12729.0,EXECUÇÃO DE MEDIDAS ALTERNATIVAS NO JUÍZO COMUM,3436.0,Apropriação indébita,,False
709,12729.0,EXECUÇÃO DE MEDIDAS ALTERNATIVAS NO JUÍZO COMUM,,Anistia,,False
700,386.0,EXECUÇÃO DA PENA,11778.0,Requerimento,,False
697,386.0,EXECUÇÃO DA PENA,11443.0,Promoção de Desordem nos Trabalhos Eleitorais,,False
218,11528.0,AÇÃO PENAL ELEITORAL,,Crimes de Responsabilidade,,False
220,11528.0,AÇÃO PENAL ELEITORAL,3426.0,Dano,,False
244,11528.0,AÇÃO PENAL ELEITORAL,3536.0,Falsidade material de atestado ou certidão,fraude,True
276,11528.0,AÇÃO PENAL ELEITORAL,11445.0,"Ocultação, Sonegação ou Recusa de Fornecimento de Utilidades, Alimentos e Transporte no Dia da Eleição",,False
278,11528.0,AÇÃO PENAL ELEITORAL,11493.0,Participação de Pessoa Não Detentora de Direitos Políticos em Atividades Partidárias e de Propaganda Eleitoral,,False
293,11528.0,AÇÃO PENAL ELEITORAL,12544.0,Simples,,False
296,11528.0,AÇÃO PENAL ELEITORAL,,Suspensão condicional da pena,,False
305,11528.0,AÇÃO PENAL ELEITORAL,11451.0,Utilização de Prédios ou Serviços de Repartições Públicas para Beneficiar Partido ou Organização de Caráter Político,,False
306,11528.0,AÇÃO PENAL ELEITORAL,11465.0,Utilização de Veículos e Embarcações Públicas em Campanha Eleitoral,,False
310,11528.0,AÇÃO PENAL ELEITORAL,15154.0,Violência Política,,False
319,12549.0,CANCELAMENTO DE INSCRIÇÃO ELEITORAL (CIE),12563.0,Alistamento Eleitoral - Estrangeiro,,False
338,335.0,CARTA DE ORDEM CRIMINAL,11784.0,Oitiva,,False
361,355.0,CARTA PRECATÓRIA CRIMINAL,15405.0,Desinformação sobre a Integridade do Processo Eleitoral,,False
369,355.0,CARTA PRECATÓRIA CRIMINAL,10632.0,Prisão Temporária,,False
377,261.0,CARTA PRECATÓRIA CÍVEL,11428.0,DIREITO ELEITORAL,,False
217,11528.0,AÇÃO PENAL ELEITORAL,,Crimes de Abuso de Autoridade,,False
214,11528.0,AÇÃO PENAL ELEITORAL,11437.0,Crimes contra o Serviço da Justiça Eleitoral,,False
200,11528.0,AÇÃO PENAL ELEITORAL,3577.0,Comunicação falsa de crime ou de contravenção,,False
99,11526.0,AÇÃO DE IMPUGNAÇÃO DE MANDATO ELETIVO,11587.0,Condição de Elegibilidade - Domicílio Eleitoral na Circunscrição,,False
8,14678.0,ACORDO DE NÃO PERSECUÇÃO PENAL,11455.0,Descumprimento da Proibição de Fornecimento de Transporte ou Refeições a Eleitores,vote_buying,True
11,14678.0,ACORDO DE NÃO PERSECUÇÃO PENAL,11473.0,Falsidade Ideológica,fraude,True
12,14678.0,ACORDO DE NÃO PERSECUÇÃO PENAL,11473.0,Falsidade ideológica,fraude,True
45,280.0,AUTO DE PRISÃO EM FLAGRANTE,11504.0,Concentração de Eleitores para Embaraçar ou Fraudar o Exercício do Voto,ballot_integrity,True
55,280.0,AUTO DE PRISÃO EM FLAGRANTE,11452.0,Desobediência a Ordens ou Instruções da Justiça Eleitoral,,False
59,280.0,AUTO DE PRISÃO EM FLAGRANTE,11473.0,Falsidade Ideológica,fraude,True
112,11526.0,AÇÃO DE IMPUGNAÇÃO DE MANDATO ELETIVO,11602.0,Inelegibilidade - Parentesco,inelegib,True
199,11528.0,AÇÃO PENAL ELEITORAL,11520.0,Coleta de Assinatura em Mais de Uma Ficha de Registro Partidário,,False
116,11526.0,AÇÃO DE IMPUGNAÇÃO DE MANDATO ELETIVO,12392.0,Inelegibilidade - Renúncia a cargo político na pendência de representação ou petição que possa levar a outra causa de inelegibilidade,inelegib,True
139,11527.0,AÇÃO DE INVESTIGAÇÃO JUDICIAL ELEITORAL,11592.0,Condição de Elegibilidade - Quitação Eleitoral,,False
146,11527.0,AÇÃO DE INVESTIGAÇÃO JUDICIAL ELEITORAL,11643.0,Eleições - 2° Turno,,False
152,11527.0,AÇÃO DE INVESTIGAÇÃO JUDICIAL ELEITORAL,11597.0,Inelegibilidade - Analfabetismo,inelegib,True
175,11528.0,AÇÃO PENAL ELEITORAL,3561.0,Abandono de função,,False
195,11528.0,AÇÃO PENAL ELEITORAL,11480.0,Cerceamento da Fiscalização Partidária,,False
378,261.0,CARTA PRECATÓRIA CÍVEL,15405.0,Desinformação sobre a Integridade do Processo Eleitoral,,False
388,11955.0,CAUTELAR INOMINADA CRIMINAL,10819.0,Aliciamento de eleitores,,False
389,11955.0,CAUTELAR INOMINADA CRIMINAL,10752.0,Aliciamento eleitoral,,False
597,12625.0,DIREITO DE RESPOSTA,11584.0,Candidatos,,False
514,156.0,CUMPRIMENTO DE SENTENÇA,11720.0,Abuso - Uso Indevido de Meio de Comunicação Social,,False
520,156.0,CUMPRIMENTO DE SENTENÇA,12601.0,Candidato Não-Eleito,,False
527,156.0,CUMPRIMENTO DE SENTENÇA,11692.0,Contas,,False
532,156.0,CUMPRIMENTO DE SENTENÇA,11593.0,Direito de Resposta,,False
540,156.0,CUMPRIMENTO DE SENTENÇA,11596.0,Inelegibilidade - Abuso do Poder Econômico ou Político,,False
588,10980.0,CUMPRIMENTO PROVISÓRIO DE DECISÃO,12637.0,Propaganda Política - Propaganda Eleitoral - Redes Sociais,,False
613,12625.0,DIREITO DE RESPOSTA,11657.0,Propaganda Política - Propaganda Eleitoral - Bem Particular de Uso Comum,,False
506,325.0,CONFLITO DE JURISDIÇÃO,11484.0,Calúnia na Propaganda Eleitoral,,False
614,12625.0,DIREITO DE RESPOSTA,11658.0,Propaganda Política - Propaganda Eleitoral - Bem Público,,False
651,1118.0,EMBARGOS À EXECUÇÃO FISCAL,,Autuação e Processamento,,False
657,386.0,EXECUÇÃO DA PENA,12634.0,Apropriação Indébita Eleitoral,,False
662,386.0,EXECUÇÃO DA PENA,10751.0,Captação ilícita de votos ou corrupção eleitoral,,False
683,386.0,EXECUÇÃO DA PENA,14221.0,Falsificação ou Alteração de Documento Particular para Fins Eleitorais,,False
695,386.0,EXECUÇÃO DA PENA,11495.0,Pesquisa Fraudulenta,,False
512,156.0,CUMPRIMENTO DE SENTENÇA,11718.0,Abuso - De Poder Econômico,,False
505,221.0,CONFLITO DE COMPETÊNCIA CÍVEL,11778.0,Requerimento,,False
403,11955.0,CAUTELAR INOMINADA CRIMINAL,11734.0,Cautelar Inominada,,False
436,11955.0,CAUTELAR INOMINADA CRIMINAL,10913.0,Indisponibilidade / Seqüestro de Bens,,False
404,11955.0,CAUTELAR INOMINADA CRIMINAL,11735.0,Cautelar Inominada - De Busca e Apreensão,,False
415,11955.0,CAUTELAR INOMINADA CRIMINAL,,"Crimes de ""Lavagem"" ou Ocultação de Bens, Direitos ou Valores",,False
418,11955.0,CAUTELAR INOMINADA CRIMINAL,11455.0,Descumprimento da Proibição de Fornecimento de Transporte ou Refeições a Eleitores,,False
420,11955.0,CAUTELAR INOMINADA CRIMINAL,11452.0,Desobediência a Ordens ou Instruções da Justiça Eleitoral,,False
422,11955.0,CAUTELAR INOMINADA CRIMINAL,11486.0,Difamação na Propaganda Eleitoral,,False
427,11955.0,CAUTELAR INOMINADA CRIMINAL,11473.0,Falsidade ideológica,,False
443,11955.0,CAUTELAR INOMINADA CRIMINAL,,Perda de Bens e Valores,,False
501,12121.0,COMUNICADO DE MANDADO DE PRISÃO,11503.0,Violência ou Grave Ameaça Visando a Obtenção de Voto ou a sua Abstenção,vote_buying,True
446,11955.0,CAUTELAR INOMINADA CRIMINAL,10632.0,Prisão Temporária,,False
452,11955.0,CAUTELAR INOMINADA CRIMINAL,3641.0,Sigilo Telefônico,,False
474,12121.0,COMUNICADO DE MANDADO DE PRISÃO,10819.0,Aliciamento de eleitores,vote_buying,True
483,12121.0,COMUNICADO DE MANDADO DE PRISÃO,11504.0,Concentração de Eleitores para Embaraçar ou Fraudar o Exercício do Voto,ballot_integrity,True
489,12121.0,COMUNICADO DE MANDADO DE PRISÃO,11452.0,Desobediência a Ordens ou Instruções da Justiça Eleitoral,,False
491,12121.0,COMUNICADO DE MANDADO DE PRISÃO,11514.0,Divulgação de Propaganda Eleitoral no Dia da Eleição,,False
1324,1727.0,PETIÇÃO CRIMINAL,11482.0,Crimes contra a Propaganda Eleitoral,,False
2606,12134.0,TUTELA CAUTELAR ANTECEDENTE,11776.0,Veiculação de Propaganda Partidária - Em Inserções,,False
1419,241.0,PETIÇÃO CÍVEL,11628.0,Cargos,,False
1630,241.0,PETIÇÃO CÍVEL,11475.0,Uso de Documento Falso para Fins Eleitorais,,False
1453,241.0,PETIÇÃO CÍVEL,11453.0,"Descumprimento do Dever de Informar o Número, Espécie e Lotação de Veículos e Embarcações",,False
1627,241.0,PETIÇÃO CÍVEL,11716.0,Transgressões Eleitorais,,False
1624,241.0,PETIÇÃO CÍVEL,11515.0,Retenção de Título ou Comprovante de Alistamento Eleitoral,,False
1621,241.0,PETIÇÃO CÍVEL,11571.0,Requisição de Servidor - Renovação de Requisição de Servidor,,False
1454,241.0,PETIÇÃO CÍVEL,11564.0,Designação de Juiz Eleitoral,,False
1456,241.0,PETIÇÃO CÍVEL,11479.0,Destruição de Dados Eleitorais,,False
1606,241.0,PETIÇÃO CÍVEL,11623.0,Registro de Candidatura - Substituição de Candidato - Por Expulsão Partidária,,False
1457,241.0,PETIÇÃO CÍVEL,11510.0,"Destruição, Supressão ou Ocultação de Urna Contendo Votos ou Documentos Eleitorais",,False
1384,1727.0,PETIÇÃO CRIMINAL,11507.0,Votação Múltipla ou Realizada em Lugar de Outrem,,False
1477,241.0,PETIÇÃO CÍVEL,11742.0,Exceção - De Impedimento,,False
1491,241.0,PETIÇÃO CÍVEL,11704.0,Habeas Corpus - Liberatório,,False
1350,1727.0,PETIÇÃO CRIMINAL,,Fornecimento ao Eleitor de Cédula Oficial Já Assinalada ou Marcada,,False
1383,1727.0,PETIÇÃO CRIMINAL,15143.0,Violência contra a Mulher Candidata ou no Exercício do Mandato Eletivo,,False
1504,241.0,PETIÇÃO CÍVEL,11599.0,Inelegibilidade - Declaração de Indignidade ou de Incompatibilidade com o Oficialato,,False
1378,1727.0,PETIÇÃO CRIMINAL,11451.0,Utilização de Prédios ou Serviços de Repartições Públicas para Beneficiar Partido ou Organização de Caráter Político,,False
1375,1727.0,PETIÇÃO CRIMINAL,11512.0,Uso Proibido de Alto-Falantes,,False
1355,1727.0,PETIÇÃO CRIMINAL,3515.0,Infração de Medida Sanitária Preventiva,,False
1506,241.0,PETIÇÃO CÍVEL,11601.0,Inelegibilidade - Inalistável,,False
1508,241.0,PETIÇÃO CÍVEL,11603.0,Inelegibilidade - Reeleição,,False
1363,1727.0,PETIÇÃO CRIMINAL,,NI,,False
1366,1727.0,PETIÇÃO CRIMINAL,11495.0,Pesquisa Fraudulenta,,False
1335,1727.0,PETIÇÃO CRIMINAL,11510.0,"Destruição, Supressão ou Ocultação de Urna Contendo Votos ou Documentos Eleitorais",,False
1369,1727.0,PETIÇÃO CRIMINAL,12334.0,"Promoção, constituição, financiamento ou integração de Organização Criminosa",,False
1438,241.0,PETIÇÃO CÍVEL,12965.0,Conflito de Competência,,False
1415,241.0,PETIÇÃO CÍVEL,11637.0,Cargo - Senador,,False
1333,1727.0,PETIÇÃO CRIMINAL,10754.0,Desobediência à determinações da Justiça Eleitoral,,False
1632,241.0,PETIÇÃO CÍVEL,11491.0,Utilização de Organização Comercial para Propaganda ou Aliciamento de Eleitores,,False
655,386.0,EXECUÇÃO DA PENA,11470.0,Alteração do Resultado de Votação nos Mapas ou Boletins de Apuração,,False
2346,278.0,TERMO CIRCUNSTANCIADO,11510.0,"Destruição, Supressão ou Ocultação de Urna Contendo Votos ou Documentos Eleitorais",,False
469,12550.0,COMPOSIÇÃO DE MESA RECEPTORA,11449.0,Recusa ou Abandono do Serviço Eleitoral,,False
466,12550.0,COMPOSIÇÃO DE MESA RECEPTORA,12360.0,Matéria Administrativa,,False
464,12550.0,COMPOSIÇÃO DE MESA RECEPTORA,12049.0,Impugnação,,False
462,12550.0,COMPOSIÇÃO DE MESA RECEPTORA,11646.0,Eleições - Eleição Proporcional,,False
456,12550.0,COMPOSIÇÃO DE MESA RECEPTORA,11719.0,Abuso - De Poder Político/Autoridade,,False
455,11955.0,CAUTELAR INOMINADA CRIMINAL,11491.0,Utilização de Organização Comercial para Propaganda ou Aliciamento de Eleitores,,False
2345,278.0,TERMO CIRCUNSTANCIADO,11511.0,Destruição de Relação de Candidatos,,False
454,11955.0,CAUTELAR INOMINADA CRIMINAL,3539.0,Uso de documento falso,,False
471,12550.0,COMPOSIÇÃO DE MESA RECEPTORA,,Regularização de Histórico - Lançamento de Códigos de ASE,,False
453,11955.0,CAUTELAR INOMINADA CRIMINAL,11518.0,Subscrição de Mais de Uma Ficha de Filiação Partidária,,False
1690,1733.0,PROCEDIMENTO INVESTIGATÓRIO CRIMINAL (PIC-MP),11430.0,Crimes contra a Organização Administrativa da Justiça Eleitoral,,False
449,11955.0,CAUTELAR INOMINADA CRIMINAL,10608.0,Quebra do Sigilo Fiscal,,False
681,386.0,EXECUÇÃO DA PENA,11473.0,Falsidade ideológica,,False
448,11955.0,CAUTELAR INOMINADA CRIMINAL,10607.0,Quebra do Sigilo Bancário,,False
447,11955.0,CAUTELAR INOMINADA CRIMINAL,12334.0,"Promoção, constituição, financiamento ou integração de Organização Criminosa",,False
2353,278.0,TERMO CIRCUNSTANCIADO,3431.0,Estelionato,,False
2354,278.0,TERMO CIRCUNSTANCIADO,3542.0,Falsa identidade,,False
1711,1733.0,PROCEDIMENTO INVESTIGATÓRIO CRIMINAL (PIC-MP),10995.0,Falsidade ideológica praticada por Funcionário Público,fraude,True
470,12550.0,COMPOSIÇÃO DE MESA RECEPTORA,,Regularização de Histórico - Exclusão de Códigos de ASE,,False
2212,12630.0,REPRESENTAÇÃO ESPECIAL,11662.0,Propaganda Política - Propaganda Eleitoral - Comício/Showmício,,False
2356,278.0,TERMO CIRCUNSTANCIADO,3536.0,Falsidade material de atestado ou certidão,fraude,True
2335,278.0,TERMO CIRCUNSTANCIADO,3426.0,Dano,,False
493,12121.0,COMUNICADO DE MANDADO DE PRISÃO,11499.0,Impedimento ou Embaraço ao Exercício do Sufrágio,ballot_integrity,True
2318,278.0,TERMO CIRCUNSTANCIADO,10824.0,Coação eleitoral,vote_buying,True
2319,278.0,TERMO CIRCUNSTANCIADO,3577.0,Comunicação falsa de crime ou de contravenção,,False
492,12121.0,COMUNICADO DE MANDADO DE PRISÃO,11473.0,Falsidade Ideológica,fraude,True
2321,278.0,TERMO CIRCUNSTANCIADO,3401.0,Constrangimento ilegal,,False
1694,1733.0,PROCEDIMENTO INVESTIGATÓRIO CRIMINAL (PIC-MP),3426.0,Dano,,False
2323,278.0,TERMO CIRCUNSTANCIADO,3568.0,Corrupção ativa,,False
490,12121.0,COMUNICADO DE MANDADO DE PRISÃO,10815.0,Desordem eleitoral,,False
2325,278.0,TERMO CIRCUNSTANCIADO,,Crimes Eleitorais,,False
1496,241.0,PETIÇÃO CÍVEL,12051.0,Impugnação - Inscrição Eleitoral,,False
487,12121.0,COMUNICADO DE MANDADO DE PRISÃO,11454.0,Desatendimento à Requisição de Veículo ou Embarcação,,False
486,12121.0,COMUNICADO DE MANDADO DE PRISÃO,3573.0,Desacato,,False
485,12121.0,COMUNICADO DE MANDADO DE PRISÃO,3633.0,Crimes do Sistema Nacional de Armas,,False
1497,241.0,PETIÇÃO CÍVEL,12052.0,Impugnação - Nomeação de Membro da Junta Eleitoral,,False
675,386.0,EXECUÇÃO DA PENA,11483.0,Divulgação de Fatos Inverídicos na Propaganda Eleitoral,,False
482,12121.0,COMUNICADO DE MANDADO DE PRISÃO,10824.0,Coação eleitoral,vote_buying,True
479,12121.0,COMUNICADO DE MANDADO DE PRISÃO,3395.0,Calúnia,honra,True
477,12121.0,COMUNICADO DE MANDADO DE PRISÃO,11494.0,Autorização de Transmissão de Pessoa Não Detentora de Direitos Políticos em Atividades Partidárias e de Propaganda Eleitoral,,False
2334,278.0,TERMO CIRCUNSTANCIADO,,Da Poluição,,False
684,386.0,EXECUÇÃO DA PENA,11490.0,Impedimento do Exercício da Propaganda,,False
445,11955.0,CAUTELAR INOMINADA CRIMINAL,4355.0,Prisão Preventiva,,False
495,12121.0,COMUNICADO DE MANDADO DE PRISÃO,11464.0,Obstamento do Transporte e Fornecimento de Alimentos a Eleitores pela Justiça Eleitoral,,False
2389,278.0,TERMO CIRCUNSTANCIADO,11653.0,Propaganda Política - Propaganda Eleitoral - Adesivo,,False
2381,278.0,TERMO CIRCUNSTANCIADO,11493.0,Participação de Pessoa Não Detentora de Direitos Políticos em Atividades Partidárias e de Propaganda Eleitoral,,False
2382,278.0,TERMO CIRCUNSTANCIADO,12354.0,Perturbação da tranquilidade,,False
424,11955.0,CAUTELAR INOMINADA CRIMINAL,10642.0,Efeitos da Condenação,,False
423,11955.0,CAUTELAR INOMINADA CRIMINAL,5835.0,Disposição de coisa alheia como própria,,False
1685,1733.0,PROCEDIMENTO INVESTIGATÓRIO CRIMINAL (PIC-MP),11435.0,Contagem de Votos de Eleitores em Relação aos quais Houve Impugnação,,False
2386,278.0,TERMO CIRCUNSTANCIADO,,Porte de arma (branca),,False
2387,278.0,TERMO CIRCUNSTANCIADO,11500.0,"Prisão ou Detenção do Eleitor, Membro de Mesa Receptora, Fiscal, Delegado de Partido ou Candidato, Fora das Hipóteses Legais Permitidas",,False
1684,1733.0,PROCEDIMENTO INVESTIGATÓRIO CRIMINAL (PIC-MP),,Concussão,,False
689,386.0,EXECUÇÃO DA PENA,11438.0,Inscrição fraudulenta,,False
2390,278.0,TERMO CIRCUNSTANCIADO,11660.0,Propaganda Política - Propaganda Eleitoral - Boca de Urna,,False
444,11955.0,CAUTELAR INOMINADA CRIMINAL,11495.0,Pesquisa Fraudulenta,,False
2391,278.0,TERMO CIRCUNSTANCIADO,11668.0,Propaganda Política - Propaganda Eleitoral - Folhetos/Volantes/Santinhos/Impressos,,False
2392,278.0,TERMO CIRCUNSTANCIADO,11679.0,Propaganda Política - Propaganda Eleitoral - Internet,,False
2393,278.0,TERMO CIRCUNSTANCIADO,11433.0,Práticas Irregulares que Determinam a Anulação da Votação,,False
2394,278.0,TERMO CIRCUNSTANCIADO,11492.0,Realização de Propaganda Eleitoral em Língua Estrangeira,,False
419,11955.0,CAUTELAR INOMINADA CRIMINAL,3572.0,Desobediência,,False
1512,241.0,PETIÇÃO CÍVEL,11606.0,Inelegibilidade - Terceiro Mandato,,False
2397,278.0,TERMO CIRCUNSTANCIADO,,Resistência,,False
417,11955.0,CAUTELAR INOMINADA CRIMINAL,3633.0,Crimes do Sistema Nacional de Armas,,False
416,11955.0,CAUTELAR INOMINADA CRIMINAL,,Crimes de Abuso de Autoridade,,False
2380,278.0,TERMO CIRCUNSTANCIADO,,Orientação Sexual,,False
425,11955.0,CAUTELAR INOMINADA CRIMINAL,5862.0,Fabrico / Fornecimento / Aquisição / Posse ou Transporte de Explosivos ou Gás Tóxico ou Asfixiante,,False
1510,241.0,PETIÇÃO CÍVEL,12392.0,Inelegibilidade - Renúncia a cargo político na pendência de representação ou petição que possa levar a outra causa de inelegibilidade,,False
2377,278.0,TERMO CIRCUNSTANCIADO,11432.0,Não Observância de Chamamento de Eleitores para Votar,,False
2359,278.0,TERMO CIRCUNSTANCIADO,,Fraude processual,,False
2360,278.0,TERMO CIRCUNSTANCIADO,3416.0,Furto,,False
2208,12630.0,REPRESENTAÇÃO ESPECIAL,11770.0,Propaganda Política,,False
442,11955.0,CAUTELAR INOMINADA CRIMINAL,3548.0,Peculato,,False
441,11955.0,CAUTELAR INOMINADA CRIMINAL,11478.0,Obtenção de Acesso a Sistema de Dados Eleitorais,,False
440,11955.0,CAUTELAR INOMINADA CRIMINAL,,NI,,False
439,11955.0,CAUTELAR INOMINADA CRIMINAL,11444.0,Majoração de Preços de Utilidade e Serviços Necessários à Realização das Eleições,,False
438,11955.0,CAUTELAR INOMINADA CRIMINAL,3386.0,Leve,,False
1687,1733.0,PROCEDIMENTO INVESTIGATÓRIO CRIMINAL (PIC-MP),10991.0,Corrupção Praticada por Prefeitos e Vereadores,,False
434,11955.0,CAUTELAR INOMINADA CRIMINAL,11490.0,Impedimento do Exercício da Propaganda,,False
433,11955.0,CAUTELAR INOMINADA CRIMINAL,3370.0,Homicídio Simples,,False
432,11955.0,CAUTELAR INOMINADA CRIMINAL,5556.0,Grave,,False
2371,278.0,TERMO CIRCUNSTANCIADO,11431.0,Intervenção Indevida de Autoridade Junto à Mesa Receptora,,False
431,11955.0,CAUTELAR INOMINADA CRIMINAL,,Favorecimento pessoal,,False
685,386.0,EXECUÇÃO DA PENA,11499.0,Impedimento ou Embaraço ao Exercício do Sufrágio,,False
430,11955.0,CAUTELAR INOMINADA CRIMINAL,10753.0,Falso eleitoral,,False
429,11955.0,CAUTELAR INOMINADA CRIMINAL,11472.0,Falsificação ou Alteração de Documento Público para Fins Eleitorais,,False
2375,278.0,TERMO CIRCUNSTANCIADO,,NI,,False
428,11955.0,CAUTELAR INOMINADA CRIMINAL,14221.0,Falsificação ou Alteração de Documento Particular para Fins Eleitorais,,False
494,12121.0,COMUNICADO DE MANDADO DE PRISÃO,11450.0,Não Cumprimento dos Deveres Impostos pelo Código Eleitoral à Autoridade Judiciária e aos Funcionários da Justiça Eleitoral,,False
498,12121.0,COMUNICADO DE MANDADO DE PRISÃO,11443.0,Promoção de Desordem nos Trabalhos Eleitorais,ballot_integrity,True
497,12121.0,COMUNICADO DE MANDADO DE PRISÃO,11500.0,"Prisão ou Detenção do Eleitor, Membro de Mesa Receptora, Fiscal, Delegado de Partido ou Candidato, Fora das Hipóteses Legais Permitidas",,False
663,386.0,EXECUÇÃO DA PENA,14104.0,Condição de Pessoa Idosa,,False
2250,326.0,RESTITUIÇÃO DE COISAS APREENDIDAS,10755.0,Boca de urna,vote_buying,True
1434,241.0,PETIÇÃO CÍVEL,,Condição de Elegibilidade - Idade Mínima,,False
2252,326.0,RESTITUIÇÃO DE COISAS APREENDIDAS,10751.0,Captação ilícita de votos ou corrupção eleitoral,vote_buying,True
586,156.0,CUMPRIMENTO DE SENTENÇA,11764.0,Órgão de Direção Partidária,,False
2254,326.0,RESTITUIÇÃO DE COISAS APREENDIDAS,3624.0,Caça,,False
585,156.0,CUMPRIMENTO DE SENTENÇA,12598.0,Requerimento de Regularização da Situação de Inadimplência de Prestação de Contas,,False
2256,326.0,RESTITUIÇÃO DE COISAS APREENDIDAS,11504.0,Concentração de Eleitores para Embaraçar ou Fraudar o Exercício do Voto,ballot_integrity,True
578,156.0,CUMPRIMENTO DE SENTENÇA,11682.0,Propaganda Política - Propaganda Eleitoral - Pintura em Muro,,False
2258,326.0,RESTITUIÇÃO DE COISAS APREENDIDAS,,Corrupção passiva,,False
2259,326.0,RESTITUIÇÃO DE COISAS APREENDIDAS,11467.0,Crimes contra a Fé Pública Eleitoral,fraude,True
2269,326.0,RESTITUIÇÃO DE COISAS APREENDIDAS,11514.0,Divulgação de Propaganda Eleitoral no Dia da Eleição,,False
2260,326.0,RESTITUIÇÃO DE COISAS APREENDIDAS,11482.0,Crimes contra a Propaganda Eleitoral,,False
2261,326.0,RESTITUIÇÃO DE COISAS APREENDIDAS,11497.0,Crimes contra o Sigilo ou o Exercício do Voto,ballot_integrity,True
572,156.0,CUMPRIMENTO DE SENTENÇA,11677.0,Propaganda Política - Propaganda Eleitoral - Imprensa Escrita - Jornal/Revista/Tabloide,,False
571,156.0,CUMPRIMENTO DE SENTENÇA,11672.0,Propaganda Política - Propaganda Eleitoral - Horário Eleitoral Gratuito/Programa em Bloco,,False
2264,326.0,RESTITUIÇÃO DE COISAS APREENDIDAS,11454.0,Desatendimento à Requisição de Veículo ou Embarcação,,False
570,156.0,CUMPRIMENTO DE SENTENÇA,11671.0,Propaganda Política - Propaganda Eleitoral - Horário Eleitoral Gratuito/Inserções de Propaganda,,False
2266,326.0,RESTITUIÇÃO DE COISAS APREENDIDAS,3572.0,Desobediência,,False
565,156.0,CUMPRIMENTO DE SENTENÇA,11664.0,"Propaganda Política - Propaganda Eleitoral - Confecção, Utilização ou Distribuição de Brinde",,False
562,156.0,CUMPRIMENTO DE SENTENÇA,11660.0,Propaganda Política - Propaganda Eleitoral - Boca de Urna,,False
590,157.0,CUMPRIMENTO PROVISÓRIO DE SENTENÇA,11721.0,Captação Ilícita de Sufrágio,vote_buying,True
2248,326.0,RESTITUIÇÃO DE COISAS APREENDIDAS,3402.0,Ameaça,,False
592,157.0,CUMPRIMENTO PROVISÓRIO DE SENTENÇA,11593.0,Direito de Resposta,direito_resposta,True
2246,326.0,RESTITUIÇÃO DE COISAS APREENDIDAS,10819.0,Aliciamento de eleitores,vote_buying,True
1446,241.0,PETIÇÃO CÍVEL,11722.0,Corrupção ou Fraude,,False
656,386.0,EXECUÇÃO DA PENA,,Aplicação da Pena,,False
647,,EMBARGOS DE TERCEIRO CÍVEL,12366.0,Execução - Cumprimento de Sentença,,False
646,,EMBARGOS DE TERCEIRO CRIMINAL,3548.0,Peculato,,False
645,,EMBARGOS DE TERCEIRO CRIMINAL,,"Crimes de ""Lavagem"" ou Ocultação de Bens, Direitos ou Valores",,False
643,12625.0,DIREITO DE RESPOSTA,11775.0,Veiculação de Propaganda Partidária - Em Bloco,,False
640,12625.0,DIREITO DE RESPOSTA,12044.0,Registro de Candidatura - DRAP Partido/Coligação,,False
633,12625.0,DIREITO DE RESPOSTA,11682.0,Propaganda Política - Propaganda Eleitoral - Pintura em Muro,,False
632,12625.0,DIREITO DE RESPOSTA,11681.0,Propaganda Política - Propaganda Eleitoral - Outdoors,,False
630,12625.0,DIREITO DE RESPOSTA,11676.0,Propaganda Política - Propaganda Eleitoral - Invasão de Horário Destinado a Outro Cargo/Partido/Coligação,,False
617,12625.0,DIREITO DE RESPOSTA,11665.0,Propaganda Política - Propaganda Eleitoral - Contrariedade à Lei de Postura Municipal,,False
1707,1733.0,PROCEDIMENTO INVESTIGATÓRIO CRIMINAL (PIC-MP),10820.0,Divulgação de pesquisa de fraudulenta,pesquisa_adv,True
1447,241.0,PETIÇÃO CÍVEL,10741.0,Criação do Partido Político,,False
2240,12633.0,REQUERIMENTO DE REGULARIZAÇÃO DE OMISSÃO DE PRESTAÇÃO DE CONTAS ELEITORAIS,11684.0,Recursos Financeiros de Campanha Eleitoral,,False
612,12625.0,DIREITO DE RESPOSTA,11655.0,Propaganda Política - Propaganda Eleitoral - Banner/Cartaz/Faixa,,False
601,12625.0,DIREITO DE RESPOSTA,11737.0,Cautelar Inominada - Incidental,,False
1448,241.0,PETIÇÃO CÍVEL,12588.0,Crimes Conexos,,False
594,157.0,CUMPRIMENTO PROVISÓRIO DE SENTENÇA,11679.0,Propaganda Política - Propaganda Eleitoral - Internet,,False
2245,326.0,RESTITUIÇÃO DE COISAS APREENDIDAS,,Abandono Material,,False
664,386.0,EXECUÇÃO DA PENA,,Cor,,False
2270,326.0,RESTITUIÇÃO DE COISAS APREENDIDAS,,Exploração de prestígio,,False
654,,EXCEÇÃO DA VERDADE,11778.0,Requerimento,,False
511,1303.0,CORREIÇÃO EXTRAORDINÁRIA,11778.0,Requerimento,,False
517,156.0,CUMPRIMENTO DE SENTENÇA,,"Auxílio Emergencial (Lei 13,982/2020)",,False
2218,12630.0,REPRESENTAÇÃO ESPECIAL,11675.0,Propaganda Política - Propaganda Eleitoral - Televisão,,False
515,156.0,CUMPRIMENTO DE SENTENÇA,11513.0,Arregimentação de Eleitor ou Boca de Urna,,False
668,386.0,EXECUÇÃO DA PENA,3633.0,Crimes do Sistema Nacional de Armas,,False
513,156.0,CUMPRIMENTO DE SENTENÇA,11719.0,Abuso - De Poder Político/Autoridade,,False
669,386.0,EXECUÇÃO DA PENA,11466.0,Dano a Equipamento Eleitoral,,False
2299,278.0,TERMO CIRCUNSTANCIADO,,Advocacia administrativa,,False
2215,12630.0,REPRESENTAÇÃO ESPECIAL,11667.0,Propaganda Política - Propaganda Eleitoral - Extemporânea/Antecipada,,False
1514,241.0,PETIÇÃO CÍVEL,,Inelegibilidade - Vínculo Afetivo,,False
508,325.0,CONFLITO DE JURISDIÇÃO,11487.0,Injúria na Propaganda Eleitoral,,False
2271,326.0,RESTITUIÇÃO DE COISAS APREENDIDAS,10995.0,Falsidade ideológica praticada por Funcionário Público,fraude,True
507,325.0,CONFLITO DE JURISDIÇÃO,3396.0,Difamação,,False
1478,241.0,PETIÇÃO CÍVEL,,Exceção - De Incompetência,,False
1479,241.0,PETIÇÃO CÍVEL,,Exceção - De Litispendência,,False
503,221.0,CONFLITO DE COMPETÊNCIA CÍVEL,10654.0,Competência da Justiça Estadual,,False
2308,278.0,TERMO CIRCUNSTANCIADO,,Arremesso de projétil,,False
2309,278.0,TERMO CIRCUNSTANCIADO,14685.0,Associação Criminosa,,False
2310,278.0,TERMO CIRCUNSTANCIADO,,Ato Obsceno,,False
670,386.0,EXECUÇÃO DA PENA,3573.0,Desacato,,False
500,12121.0,COMUNICADO DE MANDADO DE PRISÃO,11449.0,Recusa ou Abandono do Serviço Eleitoral,,False
518,156.0,CUMPRIMENTO DE SENTENÇA,12612.0,COVID-19,,False
1700,1733.0,PROCEDIMENTO INVESTIGATÓRIO CRIMINAL (PIC-MP),10754.0,Desobediência à determinações da Justiça Eleitoral,,False
521,156.0,CUMPRIMENTO DE SENTENÇA,12062.0,Captação ou Gasto Ilícito de Recursos Financeiros de Campanha Eleitoral,,False
526,156.0,CUMPRIMENTO DE SENTENÇA,12965.0,Conflito de Competência,,False
553,156.0,CUMPRIMENTO DE SENTENÇA,11443.0,Promoção de Desordem nos Trabalhos Eleitorais,,False
2220,12630.0,REPRESENTAÇÃO ESPECIAL,15142.0,Propaganda Política Irregular - Violência contra a Mulher,,False
2273,326.0,RESTITUIÇÃO DE COISAS APREENDIDAS,11499.0,Impedimento ou Embaraço ao Exercício do Sufrágio,ballot_integrity,True
544,156.0,CUMPRIMENTO DE SENTENÇA,11648.0,Pesquisa Eleitoral,,False
541,156.0,CUMPRIMENTO DE SENTENÇA,11524.0,Irregularidades dos Dados Publicados em Pesquisas Eleitorais,,False
2276,326.0,RESTITUIÇÃO DE COISAS APREENDIDAS,,NI,,False
2277,326.0,RESTITUIÇÃO DE COISAS APREENDIDAS,11450.0,Não Cumprimento dos Deveres Impostos pelo Código Eleitoral à Autoridade Judiciária e aos Funcionários da Justiça Eleitoral,,False
2278,326.0,RESTITUIÇÃO DE COISAS APREENDIDAS,11464.0,Obstamento do Transporte e Fornecimento de Alimentos a Eleitores pela Justiça Eleitoral,,False
667,386.0,EXECUÇÃO DA PENA,,Crimes de Trânsito,,False
2280,326.0,RESTITUIÇÃO DE COISAS APREENDIDAS,11656.0,Propaganda Política - Propaganda Eleitoral - Bem Particular,,False
2281,326.0,RESTITUIÇÃO DE COISAS APREENDIDAS,11660.0,Propaganda Política - Propaganda Eleitoral - Boca de Urna,,False
539,156.0,CUMPRIMENTO DE SENTENÇA,11616.0,Impugnação ao Registro de Candidatura,,False
2283,326.0,RESTITUIÇÃO DE COISAS APREENDIDAS,11503.0,Violência ou Grave Ameaça Visando a Obtenção de Voto ou a sua Abstenção,vote_buying,True
2284,11546.0,REVISÃO DE ELEITORADO,11778.0,Requerimento,,False
538,156.0,CUMPRIMENTO DE SENTENÇA,,Fonte Vedada,,False
2286,1308.0,SINDICÂNCIA,11778.0,Requerimento,,False
530,156.0,CUMPRIMENTO DE SENTENÇA,11428.0,DIREITO ELEITORAL,,False
529,156.0,CUMPRIMENTO DE SENTENÇA,14220.0,Contas-  Simplificada,,False
1701,1733.0,PROCEDIMENTO INVESTIGATÓRIO CRIMINAL (PIC-MP),10815.0,Desordem eleitoral,,False
2301,278.0,TERMO CIRCUNSTANCIADO,10819.0,Aliciamento de eleitores,vote_buying,True
408,11955.0,CAUTELAR INOMINADA CRIMINAL,11504.0,Concentração de Eleitores para Embaraçar ou Fraudar o Exercício do Voto,,False
414,11955.0,CAUTELAR INOMINADA CRIMINAL,11497.0,Crimes contra o Sigilo ou o Exercício do Voto,,False
121,11526.0,AÇÃO DE IMPUGNAÇÃO DE MANDATO ELETIVO,11716.0,Transgressões Eleitorais,,False
168,11527.0,AÇÃO DE INVESTIGAÇÃO JUDICIAL ELEITORAL,11678.0,Propaganda Política - Propaganda Eleitoral - Inobservância do Limite Legal,,False
167,11527.0,AÇÃO DE INVESTIGAÇÃO JUDICIAL ELEITORAL,11663.0,Propaganda Política - Propaganda Eleitoral - Conduta Vedada a Emissora de Rádio/Televisão na Programação Normal,conduta_vedada,True
164,11527.0,AÇÃO DE INVESTIGAÇÃO JUDICIAL ELEITORAL,11607.0,Inelegibilidade - Vida Pregressa,inelegib,True
154,11527.0,AÇÃO DE INVESTIGAÇÃO JUDICIAL ELEITORAL,,Inelegibilidade - Demissão do serviço público,,False
1622,241.0,PETIÇÃO CÍVEL,,"Retardamento ou Não-Publicação de Decisões, Citações ou Intimações da Justiça Eleitoral",,False
144,11527.0,AÇÃO DE INVESTIGAÇÃO JUDICIAL ELEITORAL,11724.0,Diplomação,,False
143,11527.0,AÇÃO DE INVESTIGAÇÃO JUDICIAL ELEITORAL,11428.0,DIREITO ELEITORAL,,False
141,11527.0,AÇÃO DE INVESTIGAÇÃO JUDICIAL ELEITORAL,11501.0,Corrupção Eleitoral,vote_buying,True
138,11527.0,AÇÃO DE INVESTIGAÇÃO JUDICIAL ELEITORAL,11591.0,Condição de Elegibilidade - Pleno Exercício dos Direitos Políticos,,False
126,11527.0,AÇÃO DE INVESTIGAÇÃO JUDICIAL ELEITORAL,,"Auxílio Emergencial (Lei 13,982/2020)",,False
119,11526.0,AÇÃO DE IMPUGNAÇÃO DE MANDATO ELETIVO,11618.0,Registro de Candidatura - RRC - Candidato,,False
412,11955.0,CAUTELAR INOMINADA CRIMINAL,11430.0,Crimes contra a Organização Administrativa da Justiça Eleitoral,,False
118,11526.0,AÇÃO DE IMPUGNAÇÃO DE MANDATO ELETIVO,11607.0,Inelegibilidade - Vida Pregressa,inelegib,True
117,11526.0,AÇÃO DE IMPUGNAÇÃO DE MANDATO ELETIVO,11605.0,Inelegibilidade - Representação ou Ação de Investigação Judicial Eleitoral Jugada Procedente pela Justiça Eleitoral,inelegib,True
1652,12193.0,PRESTAÇÃO DE CONTAS ELEITORAIS,11697.0,Contas - Desaprovação/Rejeição das Contas,,False
1625,241.0,PETIÇÃO CÍVEL,12585.0,Reversão de Desfiliação,,False
2547,12134.0,TUTELA CAUTELAR ANTECEDENTE,11700.0,Doação de Recursos Acima do Limite Legal - Pessoa Física,,False
103,11526.0,AÇÃO DE IMPUGNAÇÃO DE MANDATO ELETIVO,12063.0,Conduta Vedada ao Agente Público,conduta_vedada,True
93,11526.0,AÇÃO DE IMPUGNAÇÃO DE MANDATO ELETIVO,11584.0,Candidatos,,False
88,11526.0,AÇÃO DE IMPUGNAÇÃO DE MANDATO ELETIVO,11717.0,Abuso,abuso,True
2552,12134.0,TUTELA CAUTELAR ANTECEDENTE,11757.0,Filiação Partidária - Coexistência,,False
86,12061.0,AÇÃO CAUTELAR,12417.0,Tutela de Evidência,,False
169,11527.0,AÇÃO DE INVESTIGAÇÃO JUDICIAL ELEITORAL,12637.0,Propaganda Política - Propaganda Eleitoral - Redes Sociais,,False
2527,12134.0,TUTELA CAUTELAR ANTECEDENTE,12597.0,Candidatura Fictícia,,False
2526,12134.0,TUTELA CAUTELAR ANTECEDENTE,15018.0,Candidatura Avulsa,,False
2525,12134.0,TUTELA CAUTELAR ANTECEDENTE,11584.0,Candidatos,,False
210,11528.0,AÇÃO PENAL ELEITORAL,3613.0,Crimes Resultante de Preconceito de Raça ou de Cor,,False
208,11528.0,AÇÃO PENAL ELEITORAL,,"Crimes Cometidos por Meio de Marca, Título de Estabelecimento e Sinal de Propaganda",,False
206,11528.0,AÇÃO PENAL ELEITORAL,10991.0,Corrupção Praticada por Prefeitos e Vereadores,,False
203,11528.0,AÇÃO PENAL ELEITORAL,3401.0,Constrangimento ilegal,,False
202,11528.0,AÇÃO PENAL ELEITORAL,14104.0,Condição de Pessoa Idosa,,False
2508,12135.0,TUTELA ANTECIPADA ANTECEDENTE,11617.0,Registro de Candidatura - Preenchimento de Vaga Remanescente,,False
2510,12135.0,TUTELA ANTECIPADA ANTECEDENTE,11623.0,Registro de Candidatura - Substituição de Candidato - Por Expulsão Partidária,,False
1658,12193.0,PRESTAÇÃO DE CONTAS ELEITORAIS,11731.0,Execução - De Multa Eleitoral,,False
196,11528.0,AÇÃO PENAL ELEITORAL,3535.0,Certidão ou atestado ideologicamente falso,,False
2513,12135.0,TUTELA ANTECIPADA ANTECEDENTE,12644.0,Requerimentos Relativos ao Horário Eleitoral Gratuito,,False
1613,241.0,PETIÇÃO CÍVEL,11568.0,Remoção de Servidor,,False
190,11528.0,AÇÃO PENAL ELEITORAL,,"Auxílio Emergencial (Lei 13,982/2020)",,False
188,11528.0,AÇÃO PENAL ELEITORAL,14685.0,Associação Criminosa,,False
2517,12135.0,TUTELA ANTECIPADA ANTECEDENTE,11776.0,Veiculação de Propaganda Partidária - Em Inserções,,False
185,11528.0,AÇÃO PENAL ELEITORAL,,Apropriação indébita Previdenciária,,False
2519,12134.0,TUTELA CAUTELAR ANTECEDENTE,11718.0,Abuso - De Poder Econômico,,False
184,11528.0,AÇÃO PENAL ELEITORAL,3436.0,Apropriação indébita,finance,True
2521,12134.0,TUTELA CAUTELAR ANTECEDENTE,10914.0,Busca e Apreensão de Bens,,False
180,11528.0,AÇÃO PENAL ELEITORAL,,Aliciamento violento de eleitores,,False
178,11528.0,AÇÃO PENAL ELEITORAL,10826.0,Aliciamento comercial de eleitores,vote_buying,True
1618,241.0,PETIÇÃO CÍVEL,11569.0,Requisição,,False
84,12061.0,AÇÃO CAUTELAR,,NI,,False
77,280.0,AUTO DE PRISÃO EM FLAGRANTE,11434.0,Votação de Eleitor na Seção Eleitoral na qual Não Está Inscrito ou Autorizado a Votar,,False
73,280.0,AUTO DE PRISÃO EM FLAGRANTE,11443.0,Promoção de Desordem nos Trabalhos Eleitorais,ballot_integrity,True
42,280.0,AUTO DE PRISÃO EM FLAGRANTE,11484.0,Calúnia na Propaganda Eleitoral,honra,True
39,280.0,AUTO DE PRISÃO EM FLAGRANTE,12634.0,Apropriação Indébita Eleitoral,finance,True
37,280.0,AUTO DE PRISÃO EM FLAGRANTE,11470.0,Alteração do Resultado de Votação nos Mapas ou Boletins de Apuração,ballot_integrity,True
36,330.0,ARRESTO / HIPOTECA LEGAL,,"Não Cumprimento, pela Autoridade Judiciária, do Dever de Representar Contra o Órgão do Ministério que Não Oferece Denúncia no Prazo Legal",,False
35,330.0,ARRESTO / HIPOTECA LEGAL,11483.0,Divulgação de Fatos Inverídicos na Propaganda Eleitoral,honra,True
34,330.0,ARRESTO / HIPOTECA LEGAL,11452.0,Desobediência a Ordens ou Instruções da Justiça Eleitoral,,False
33,11530.0,APURAÇÃO DE ELEIÇÃO,12598.0,Requerimento de Regularização da Situação de Inadimplência de Prestação de Contas,,False
21,11530.0,APURAÇÃO DE ELEIÇÃO,11753.0,Convenção Partidária,,False
2591,12134.0,TUTELA CAUTELAR ANTECEDENTE,11680.0,Propaganda Política - Propaganda Eleitoral - Omissão de Informações Obrigatórias,,False
2592,12134.0,TUTELA CAUTELAR ANTECEDENTE,11681.0,Propaganda Política - Propaganda Eleitoral - Outdoors,,False
19,14678.0,ACORDO DE NÃO PERSECUÇÃO PENAL,15143.0,Violência contra a Mulher Candidata ou no Exercício do Mandato Eletivo,,False
17,14678.0,ACORDO DE NÃO PERSECUÇÃO PENAL,11518.0,Subscrição de Mais de Uma Ficha de Filiação Partidária,,False
15,14678.0,ACORDO DE NÃO PERSECUÇÃO PENAL,11439.0,Induzimento à Inscrição de Eleitor em Infração às Normas Legais,,False
14,14678.0,ACORDO DE NÃO PERSECUÇÃO PENAL,11499.0,Impedimento ou Embaraço ao Exercício do Sufrágio,ballot_integrity,True
13,14678.0,ACORDO DE NÃO PERSECUÇÃO PENAL,3532.0,Falsificação de documento particular,fraude,True
1631,241.0,PETIÇÃO CÍVEL,11496.0,"Uso, na Propaganda Eleitoral, de Símbolo de Órgãos de Governo",,False
2600,12134.0,TUTELA CAUTELAR ANTECEDENTE,11621.0,Registro de Candidatura - Substituição de Candidato - Por Cancelamento de Registro,,False
10,14678.0,ACORDO DE NÃO PERSECUÇÃO PENAL,11514.0,Divulgação de Propaganda Eleitoral no Dia da Eleição,,False
9,14678.0,ACORDO DE NÃO PERSECUÇÃO PENAL,11485.0,Divulgação de Falsa Imputação,honra,True
1644,12193.0,PRESTAÇÃO DE CONTAS ELEITORAIS,12612.0,COVID-19,,False
7,14678.0,ACORDO DE NÃO PERSECUÇÃO PENAL,11482.0,Crimes contra a Propaganda Eleitoral,,False
4,14678.0,ACORDO DE NÃO PERSECUÇÃO PENAL,3395.0,Calúnia,honra,True
41,280.0,AUTO DE PRISÃO EM FLAGRANTE,3503.0,Atentado contra a segurança de serviços de utilidade pública,,False
43,280.0,AUTO DE PRISÃO EM FLAGRANTE,10751.0,Captação ilícita de votos ou corrupção eleitoral,vote_buying,True
70,280.0,AUTO DE PRISÃO EM FLAGRANTE,,Porte de arma (branca),,False
46,280.0,AUTO DE PRISÃO EM FLAGRANTE,11435.0,Contagem de Votos de Eleitores em Relação aos quais Houve Impugnação,,False
2558,12134.0,TUTELA CAUTELAR ANTECEDENTE,11598.0,Inelegibilidade - Condenação Criminal por órgão colegiado ou Transitada em Julgado,,False
69,280.0,AUTO DE PRISÃO EM FLAGRANTE,3548.0,Peculato,,False
2560,12134.0,TUTELA CAUTELAR ANTECEDENTE,11607.0,Inelegibilidade - Vida Pregressa,,False
2561,12134.0,TUTELA CAUTELAR ANTECEDENTE,11488.0,Injúria Eleitoral Violenta,,False
66,280.0,AUTO DE PRISÃO EM FLAGRANTE,11438.0,Inscrição Fraudulenta,fraude,True
65,280.0,AUTO DE PRISÃO EM FLAGRANTE,11439.0,Induzimento à Inscrição de Eleitor em Infração às Normas Legais,,False
64,280.0,AUTO DE PRISÃO EM FLAGRANTE,11499.0,Impedimento ou Embaraço ao Exercício do Sufrágio,ballot_integrity,True
63,280.0,AUTO DE PRISÃO EM FLAGRANTE,,Identidade de Gênero,,False
62,280.0,AUTO DE PRISÃO EM FLAGRANTE,,Fornecimento ao Eleitor de Cédula Oficial Já Assinalada ou Marcada,,False
2567,12134.0,TUTELA CAUTELAR ANTECEDENTE,12047.0,Prestação de Contas - De Comitê Financeiro,,False
61,280.0,AUTO DE PRISÃO EM FLAGRANTE,3579.0,Falso testemunho ou falsa perícia,,False
2569,12134.0,TUTELA CAUTELAR ANTECEDENTE,12642.0,Processamento de Recurso Contra Expedição de Diploma,,False
1628,241.0,PETIÇÃO CÍVEL,10796.0,Transporte em dia de eleição,,False
58,280.0,AUTO DE PRISÃO EM FLAGRANTE,11436.0,"Fabricação, Aquisição, Fornecimento, Subtração ou Guarda de Materiais de Uso da Justiça Eleitoral",,False
57,280.0,AUTO DE PRISÃO EM FLAGRANTE,11514.0,Divulgação de Propaganda Eleitoral no Dia da Eleição,,False
56,280.0,AUTO DE PRISÃO EM FLAGRANTE,11486.0,Difamação na Propaganda Eleitoral,honra,True
1629,241.0,PETIÇÃO CÍVEL,11512.0,Uso Proibido de Alto-Falantes,,False
53,280.0,AUTO DE PRISÃO EM FLAGRANTE,3573.0,Desacato,,False
50,280.0,AUTO DE PRISÃO EM FLAGRANTE,11437.0,Crimes contra o Serviço da Justiça Eleitoral,,False
49,280.0,AUTO DE PRISÃO EM FLAGRANTE,11482.0,Crimes contra a Propaganda Eleitoral,,False
48,280.0,AUTO DE PRISÃO EM FLAGRANTE,11467.0,Crimes contra a Fé Pública Eleitoral,fraude,True
212,11528.0,AÇÃO PENAL ELEITORAL,11430.0,Crimes contra a Organização Administrativa da Justiça Eleitoral,,False
1601,241.0,PETIÇÃO CÍVEL,11615.0,Registro de Candidatura,,False
1597,241.0,PETIÇÃO CÍVEL,10607.0,Quebra do Sigilo Bancário,,False
375,261.0,CARTA PRECATÓRIA CÍVEL,11484.0,Calúnia na Propaganda Eleitoral,,False
1529,241.0,PETIÇÃO CÍVEL,11441.0,Negativa ou Retardamento de Inscrição sem Fundamento Legal,,False
368,355.0,CARTA PRECATÓRIA CRIMINAL,,Prestação de Serviços à Comunidade,,False
363,355.0,CARTA PRECATÓRIA CRIMINAL,,Falsidade,,False
1534,241.0,PETIÇÃO CÍVEL,11450.0,Não Cumprimento dos Deveres Impostos pelo Código Eleitoral à Autoridade Judiciária e aos Funcionários da Justiça Eleitoral,,False
360,355.0,CARTA PRECATÓRIA CRIMINAL,11455.0,Descumprimento da Proibição de Fornecimento de Transporte ou Refeições a Eleitores,,False
359,355.0,CARTA PRECATÓRIA CRIMINAL,11428.0,DIREITO ELEITORAL,,False
357,355.0,CARTA PRECATÓRIA CRIMINAL,11501.0,Corrupção Eleitoral,,False
353,355.0,CARTA PRECATÓRIA CRIMINAL,11484.0,Calúnia na Propaganda Eleitoral,,False
345,258.0,CARTA DE ORDEM CÍVEL,,Fonte Vedada,,False
343,258.0,CARTA DE ORDEM CÍVEL,11428.0,DIREITO ELEITORAL,,False
2438,12135.0,TUTELA ANTECIPADA ANTECEDENTE,11752.0,Coligação Partidária - Proporcional,,False
2439,12135.0,TUTELA ANTECIPADA ANTECEDENTE,11586.0,Condição de Elegibilidade - Alistamento Eleitoral,,False
1535,241.0,PETIÇÃO CÍVEL,11432.0,Não Observância de Chamamento de Eleitores para Votar,,False
335,335.0,CARTA DE ORDEM CRIMINAL,14221.0,Falsificação ou Alteração de Documento Particular para Fins Eleitorais,,False
332,335.0,CARTA DE ORDEM CRIMINAL,,Comunicação de Prisão - BNMP,,False
330,335.0,CARTA DE ORDEM CRIMINAL,15037.0,Alvará de Soltura,,False
329,335.0,CARTA DE ORDEM CRIMINAL,15056.0,Acordo de Não Persecução Penal,,False
327,12549.0,CANCELAMENTO DE INSCRIÇÃO ELEITORAL (CIE),11627.0,Registro de Candidatura - Substituição de Candidato - Por Renúncia,,False
324,12549.0,CANCELAMENTO DE INSCRIÇÃO ELEITORAL (CIE),12586.0,Filiação Partidária - Lista Especial,,False
323,12549.0,CANCELAMENTO DE INSCRIÇÃO ELEITORAL (CIE),11756.0,Filiação Partidária - Cancelamento,,False
1537,241.0,PETIÇÃO CÍVEL,11447.0,Não-Apresentação de Denúncia ou Não Execução de Sentença Penal Condenatória no Prazo Legal,,False
371,355.0,CARTA PRECATÓRIA CRIMINAL,12732.0,Suspensão Condicional de Processo,,False
1526,241.0,PETIÇÃO CÍVEL,11444.0,Majoração de Preços de Utilidade e Serviços Necessários à Realização das Eleições,,False
318,12549.0,CANCELAMENTO DE INSCRIÇÃO ELEITORAL (CIE),11577.0,Alistamento Eleitoral - Duplicidade/Pluralidade,,False
1677,1733.0,PROCEDIMENTO INVESTIGATÓRIO CRIMINAL (PIC-MP),,Assédio Eleitoral,,False
2403,278.0,TERMO CIRCUNSTANCIADO,10823.0,Uso de símbolos governamentais em propaganda eleitoral,,False
409,11955.0,CAUTELAR INOMINADA CRIMINAL,11435.0,Contagem de Votos de Eleitores em Relação aos quais Houve Impugnação,,False
2405,278.0,TERMO CIRCUNSTANCIADO,3565.0,Usurpação de função pública,,False
691,386.0,EXECUÇÃO DA PENA,,NI,,False
1515,241.0,PETIÇÃO CÍVEL,,Inelegibilidade - Vínculo Conjugal,,False
1519,241.0,PETIÇÃO CÍVEL,11519.0,Inscrição Simultânea em Dois ou Mais Partidos,,False
401,11955.0,CAUTELAR INOMINADA CRIMINAL,11721.0,Captação Ilícita de Sufrágio,,False
397,11955.0,CAUTELAR INOMINADA CRIMINAL,11494.0,Autorização de Transmissão de Pessoa Não Detentora de Direitos Políticos em Atividades Partidárias e de Propaganda Eleitoral,,False
2411,278.0,TERMO CIRCUNSTANCIADO,,"Violência Política de Gênero (art, 326-B do Código Eleitoral)",,False
2412,278.0,TERMO CIRCUNSTANCIADO,15143.0,Violência contra a Mulher Candidata ou no Exercício do Mandato Eletivo,,False
396,11955.0,CAUTELAR INOMINADA CRIMINAL,3503.0,Atentado contra a segurança de serviços de utilidade pública,,False
393,11955.0,CAUTELAR INOMINADA CRIMINAL,,Apropriação de Coisa Achada,,False
2415,278.0,TERMO CIRCUNSTANCIADO,11434.0,Votação de Eleitor na Seção Eleitoral na qual Não Está Inscrito ou Autorizado a Votar,,False
390,11955.0,CAUTELAR INOMINADA CRIMINAL,11470.0,Alteração do Resultado de Votação nos Mapas ou Boletins de Apuração,,False
2417,12135.0,TUTELA ANTECIPADA ANTECEDENTE,11718.0,Abuso - De Poder Econômico,,False
1525,241.0,PETIÇÃO CÍVEL,9196.0,Liminar,,False
2419,12135.0,TUTELA ANTECIPADA ANTECEDENTE,,"Auxílio Emergencial (Lei 13,982/2020)",,False
1678,1733.0,PROCEDIMENTO INVESTIGATÓRIO CRIMINAL (PIC-MP),11494.0,Autorização de Transmissão de Pessoa Não Detentora de Direitos Políticos em Atividades Partidárias e de Propaganda Eleitoral,,False
385,83.0,CAUTELAR FISCAL,9196.0,Liminar,,False
384,,CARTA ROGATÓRIA CÍVEL,11783.0,Citação,,False
381,261.0,CARTA PRECATÓRIA CÍVEL,,NI,,False
2449,12135.0,TUTELA ANTECIPADA ANTECEDENTE,11644.0,Eleições - Anulação de Eleições,,False
2451,12135.0,TUTELA ANTECIPADA ANTECEDENTE,11646.0,Eleições - Eleição Proporcional,,False
1591,241.0,PETIÇÃO CÍVEL,11683.0,"Propaganda Política - Propaganda Eleitoral - Truncagem, Montagem, Utilização de Gravação Externa, Computação Gráfica, Desenho Animado ou Efeito Especial",,False
1556,241.0,PETIÇÃO CÍVEL,,Pleito,,False
272,11528.0,AÇÃO PENAL ELEITORAL,11450.0,Não Cumprimento dos Deveres Impostos pelo Código Eleitoral à Autoridade Judiciária e aos Funcionários da Justiça Eleitoral,,False
270,11528.0,AÇÃO PENAL ELEITORAL,3386.0,Leve,,False
269,11528.0,AÇÃO PENAL ELEITORAL,,Jogo do bicho,,False
2481,12135.0,TUTELA ANTECIPADA ANTECEDENTE,11656.0,Propaganda Política - Propaganda Eleitoral - Bem Particular,,False
2482,12135.0,TUTELA ANTECIPADA ANTECEDENTE,11657.0,Propaganda Política - Propaganda Eleitoral - Bem Particular de Uso Comum,,False
267,11528.0,AÇÃO PENAL ELEITORAL,11978.0,Invasão de Dispositivo Informático,,False
265,11528.0,AÇÃO PENAL ELEITORAL,15153.0,Interrupção do Processo Eleitoral,,False
262,11528.0,AÇÃO PENAL ELEITORAL,11440.0,Inscrição Fraudulenta Efetivada pelo Juiz,,False
255,11528.0,AÇÃO PENAL ELEITORAL,12337.0,Imputação falsa de prática de infração penal ou revelação inverídica sobre estrutura de organização criminal,,False
251,11528.0,AÇÃO PENAL ELEITORAL,,Fornecimento ao Eleitor de Cédula Oficial Já Assinalada ou Marcada,,False
246,11528.0,AÇÃO PENAL ELEITORAL,3531.0,Falsificação de documento público,fraude,True
1562,241.0,PETIÇÃO CÍVEL,11652.0,Propaganda Política - Propaganda Eleitoral,,False
242,11528.0,AÇÃO PENAL ELEITORAL,,Falsidade de atestado médico,,False
240,11528.0,AÇÃO PENAL ELEITORAL,3420.0,Extorsão,,False
239,11528.0,AÇÃO PENAL ELEITORAL,3585.0,Exercício arbitrário ou abuso de poder,abuso,True
238,11528.0,AÇÃO PENAL ELEITORAL,3431.0,Estelionato,,False
237,11528.0,AÇÃO PENAL ELEITORAL,11642.0,Eleições - 1° Turno,,False
2495,12135.0,TUTELA ANTECIPADA ANTECEDENTE,11672.0,Propaganda Política - Propaganda Eleitoral - Horário Eleitoral Gratuito/Programa em Bloco,,False
230,11528.0,AÇÃO PENAL ELEITORAL,11510.0,"Destruição, Supressão ou Ocultação de Urna Contendo Votos ou Documentos Eleitorais",,False
229,11528.0,AÇÃO PENAL ELEITORAL,10815.0,Desordem eleitoral,,False
1587,241.0,PETIÇÃO CÍVEL,11682.0,Propaganda Política - Propaganda Eleitoral - Pintura em Muro,,False
273,11528.0,AÇÃO PENAL ELEITORAL,11523.0,Não-Acesso dos Partidos aos Dados Relativos às Pesquisas Eleitorais,pesquisa_adv,True
277,11528.0,AÇÃO PENAL ELEITORAL,,Origem,,False
315,1463.0,BOLETIM DE OCORRÊNCIA CIRCUNSTANCIADA,11442.0,Perturbação ou Impedimento de Alistamento,,False
1549,241.0,PETIÇÃO CÍVEL,12568.0,Pedido de Dispensa de Convocação para Trabalhos Eleitorais,,False
1542,241.0,PETIÇÃO CÍVEL,,Omissão na Expedição de Boletim de Apuração,,False
307,11528.0,AÇÃO PENAL ELEITORAL,3406.0,Violação de domicílio,,False
1543,241.0,PETIÇÃO CÍVEL,,"Omissão no Recebimento e Registro de Protestos, bem como, de sua Remessa à Instância Superior",,False
1669,1733.0,PROCEDIMENTO INVESTIGATÓRIO CRIMINAL (PIC-MP),,Aliciamento de trabalhadores de um local para outro do território nacional,,False
303,11528.0,AÇÃO PENAL ELEITORAL,3565.0,Usurpação de função pública,,False
299,11528.0,AÇÃO PENAL ELEITORAL,11512.0,Uso Proibido de Alto-Falantes,,False
2459,12135.0,TUTELA ANTECIPADA ANTECEDENTE,11598.0,Inelegibilidade - Condenação Criminal por órgão colegiado ou Transitada em Julgado,,False
2460,12135.0,TUTELA ANTECIPADA ANTECEDENTE,14936.0,Inelegibilidade - Perda de Mandato,,False
297,11528.0,AÇÃO PENAL ELEITORAL,10630.0,Transação,,False
1544,241.0,PETIÇÃO CÍVEL,,"Omissão no Recolhimento das Cédulas Apuradas, no Fechamento e Lacração da Urna",,False
2463,12135.0,TUTELA ANTECIPADA ANTECEDENTE,14938.0,Inelegibilidade - Suspensão dos Direitos Políticos por Ato Doloso de Improbidade Administrativa,,False
1667,12193.0,PRESTAÇÃO DE CONTAS ELEITORAIS,11764.0,Órgão de Direção Partidária,,False
2465,12135.0,TUTELA ANTECIPADA ANTECEDENTE,,NI,,False
2466,12135.0,TUTELA ANTECIPADA ANTECEDENTE,11612.0,Nome do Candidato - Homonímia,,False
291,11528.0,AÇÃO PENAL ELEITORAL,11449.0,Recusa ou Abandono do Serviço Eleitoral,,False
289,11528.0,AÇÃO PENAL ELEITORAL,11433.0,Práticas Irregulares que Determinam a Anulação da Votação,,False
288,11528.0,AÇÃO PENAL ELEITORAL,11679.0,Propaganda Política - Propaganda Eleitoral - Internet,,False
287,11528.0,AÇÃO PENAL ELEITORAL,12334.0,"Promoção, constituição, financiamento ou integração de Organização Criminosa",,False
283,11528.0,AÇÃO PENAL ELEITORAL,10838.0,Prevaricação,,False
282,11528.0,AÇÃO PENAL ELEITORAL,12543.0,Preconceituosa,,False
280,11528.0,AÇÃO PENAL ELEITORAL,3550.0,Peculato mediante erro de outrem,,False
690,386.0,EXECUÇÃO DA PENA,11489.0,"Inutilização, Alteração ou Perturbação de Propaganda",,False
1331,1727.0,PETIÇÃO CRIMINAL,3572.0,Desobediência,,False
692,386.0,EXECUÇÃO DA PENA,,Orientação Sexual,,False
1121,120.0,MANDADO DE SEGURANÇA CÍVEL,11600.0,Inelegibilidade - Desincompatibilização,,False
1134,120.0,MANDADO DE SEGURANÇA CÍVEL,12417.0,Tutela de Evidência,,False
1133,120.0,MANDADO DE SEGURANÇA CÍVEL,11716.0,Transgressões Eleitorais,,False
1131,120.0,MANDADO DE SEGURANÇA CÍVEL,11675.0,Propaganda Política - Propaganda Eleitoral - Televisão,,False
1130,120.0,MANDADO DE SEGURANÇA CÍVEL,12638.0,Propaganda Política - Propaganda Eleitoral - Impulsionamento,,False
1129,120.0,MANDADO DE SEGURANÇA CÍVEL,11662.0,Propaganda Política - Propaganda Eleitoral - Comício/Showmício,,False
1762,1298.0,PROCESSO ADMINISTRATIVO,10751.0,Captação ilícita de votos ou corrupção eleitoral,,False
1127,120.0,MANDADO DE SEGURANÇA CÍVEL,11652.0,Propaganda Política - Propaganda Eleitoral,,False
1126,120.0,MANDADO DE SEGURANÇA CÍVEL,11649.0,Pesquisa Eleitoral - Divulgação de Pesquisa Eleitoral Fraudulenta,,False
1125,120.0,MANDADO DE SEGURANÇA CÍVEL,,NI,,False
1122,120.0,MANDADO DE SEGURANÇA CÍVEL,12594.0,Inviabilidade do Exercício dos Direitos e Liberdades Constitucionais,,False
1761,1298.0,PROCESSO ADMINISTRATIVO,12612.0,COVID-19,,False
1211,309.0,PEDIDO DE BUSCA E APREENSÃO CRIMINAL,3561.0,Abandono de função,,False
1117,120.0,MANDADO DE SEGURANÇA CÍVEL,12364.0,Debate Eleitoral,,False
1115,120.0,MANDADO DE SEGURANÇA CÍVEL,11753.0,Convenção Partidária,,False
1114,120.0,MANDADO DE SEGURANÇA CÍVEL,,Contas - Aprovação,,False
1935,11541.0,REPRESENTAÇÃO,,Propaganda Política - Propaganda Eleitoral - Deep Fake,,False
1112,120.0,MANDADO DE SEGURANÇA CÍVEL,12597.0,Candidatura Fictícia,,False
1111,120.0,MANDADO DE SEGURANÇA CÍVEL,11584.0,Candidatos,,False
1107,1710.0,MANDADO DE SEGURANÇA CRIMINAL,14221.0,Falsificação ou Alteração de Documento Particular para Fins Eleitorais,,False
1760,1298.0,PROCESSO ADMINISTRATIVO,,Autuação e Processamento,,False
1105,1710.0,MANDADO DE SEGURANÇA CRIMINAL,12592.0,Direito Líquido e Certo,,False
1104,1710.0,MANDADO DE SEGURANÇA CRIMINAL,15020.0,Denunciação Caluniosa para Fins Eleitorais,,False
1136,,MEDIDAS INVESTIGATÓRIAS SOBRE ORGANIZAÇÕES CRIMINOSAS,14685.0,Associação Criminosa,,False
1139,12561.0,NOTÍCIA DE IRREGULARIDADE EM PROPAGANDA ELEITORAL,3395.0,Calúnia,honra,True
1916,11541.0,REPRESENTAÇÃO,11495.0,Pesquisa Fraudulenta,pesquisa_adv,True
1140,12561.0,NOTÍCIA DE IRREGULARIDADE EM PROPAGANDA ELEITORAL,11629.0,Cargo - Deputado Distrital,,False
1209,12561.0,NOTÍCIA DE IRREGULARIDADE EM PROPAGANDA ELEITORAL,11775.0,Veiculação de Propaganda Partidária - Em Bloco,,False
1345,1727.0,PETIÇÃO CRIMINAL,11473.0,Falsidade ideológica,,False
1346,1727.0,PETIÇÃO CRIMINAL,3532.0,Falsificação de documento particular,,False
1767,1298.0,PROCESSO ADMINISTRATIVO,11671.0,Propaganda Política - Propaganda Eleitoral - Horário Eleitoral Gratuito/Inserções de Propaganda,,False
1165,12561.0,NOTÍCIA DE IRREGULARIDADE EM PROPAGANDA ELEITORAL,11651.0,Pesquisa Eleitoral - Registro de Pesquisa Eleitoral,,False
1163,12561.0,NOTÍCIA DE IRREGULARIDADE EM PROPAGANDA ELEITORAL,11524.0,Irregularidades dos Dados Publicados em Pesquisas Eleitorais,pesquisa_adv,True
1162,12561.0,NOTÍCIA DE IRREGULARIDADE EM PROPAGANDA ELEITORAL,11489.0,"Inutilização, Alteração ou Perturbação de Propaganda",ballot_integrity,True
1766,1298.0,PROCESSO ADMINISTRATIVO,11662.0,Propaganda Política - Propaganda Eleitoral - Comício/Showmício,,False
1902,11541.0,REPRESENTAÇÃO,11490.0,Impedimento do Exercício da Propaganda,,False
1155,12561.0,NOTÍCIA DE IRREGULARIDADE EM PROPAGANDA ELEITORAL,11483.0,Divulgação de Fatos Inverídicos na Propaganda Eleitoral,honra,True
1904,11541.0,REPRESENTAÇÃO,14223.0,Impugnação - Nomeação de Escrutinadores/Auxiliares Realizada pelo Presidente da Junta,,False
1154,12561.0,NOTÍCIA DE IRREGULARIDADE EM PROPAGANDA ELEITORAL,11485.0,Divulgação de Falsa Imputação,honra,True
1153,12561.0,NOTÍCIA DE IRREGULARIDADE EM PROPAGANDA ELEITORAL,11455.0,Descumprimento da Proibição de Fornecimento de Transporte ou Refeições a Eleitores,vote_buying,True
1907,11541.0,REPRESENTAÇÃO,11605.0,Inelegibilidade - Representação ou Ação de Investigação Judicial Eleitoral Jugada Procedente pela Justiça Eleitoral,inelegib,True
1151,12561.0,NOTÍCIA DE IRREGULARIDADE EM PROPAGANDA ELEITORAL,11437.0,Crimes contra o Serviço da Justiça Eleitoral,,False
1347,1727.0,PETIÇÃO CRIMINAL,14221.0,Falsificação ou Alteração de Documento Particular para Fins Eleitorais,,False
1910,11541.0,REPRESENTAÇÃO,11523.0,Não-Acesso dos Partidos aos Dados Relativos às Pesquisas Eleitorais,pesquisa_adv,True
1148,12561.0,NOTÍCIA DE IRREGULARIDADE EM PROPAGANDA ELEITORAL,11480.0,Cerceamento da Fiscalização Partidária,,False
1147,12561.0,NOTÍCIA DE IRREGULARIDADE EM PROPAGANDA ELEITORAL,11628.0,Cargos,,False
1143,12561.0,NOTÍCIA DE IRREGULARIDADE EM PROPAGANDA ELEITORAL,,Cargo - Presidente da República,,False
1349,1727.0,PETIÇÃO CRIMINAL,3579.0,Falso testemunho ou falsa perícia,,False
1759,1298.0,PROCESSO ADMINISTRATIVO,11714.0,Apuração/Totalização de Votos,,False
1351,1727.0,PETIÇÃO CRIMINAL,3416.0,Furto,,False
1099,305.0,LIBERDADE PROVISÓRIA COM OU SEM FIANÇA,11778.0,Requerimento,,False
1362,1727.0,PETIÇÃO CRIMINAL,3386.0,Leve,,False
1972,11541.0,REPRESENTAÇÃO,11491.0,Utilização de Organização Comercial para Propaganda ou Aliciamento de Eleitores,vote_buying,True
1045,279.0,INQUÉRITO POLICIAL,11655.0,Propaganda Política - Propaganda Eleitoral - Banner/Cartaz/Faixa,,False
1364,1727.0,PETIÇÃO CRIMINAL,11447.0,Não-Apresentação de Denúncia ou Não Execução de Sentença Penal Condenatória no Prazo Legal,,False
1976,272.0,REPRESENTAÇÃO CRIMINAL/NOTÍCIA DE CRIME,,Abandono Intelectual,,False
1043,279.0,INQUÉRITO POLICIAL,11653.0,Propaganda Política - Propaganda Eleitoral - Adesivo,,False
1978,272.0,REPRESENTAÇÃO CRIMINAL/NOTÍCIA DE CRIME,3391.0,Abandono de incapaz,,False
1365,1727.0,PETIÇÃO CRIMINAL,11476.0,Obtenção de Documento Falso para Fins Eleitorais,,False
1980,272.0,REPRESENTAÇÃO CRIMINAL/NOTÍCIA DE CRIME,11718.0,Abuso - De Poder Econômico,abuso,True
1035,279.0,INQUÉRITO POLICIAL,14684.0,Perseguição,,False
1034,279.0,INQUÉRITO POLICIAL,,Perda de Bens e Valores,,False
1032,279.0,INQUÉRITO POLICIAL,3550.0,Peculato mediante erro de outrem,,False
1030,279.0,INQUÉRITO POLICIAL,,Patrocínio infiel,,False
1027,279.0,INQUÉRITO POLICIAL,,Obtenção de documento falso,,False
1018,279.0,INQUÉRITO POLICIAL,,Jogo do bicho,,False
1016,279.0,INQUÉRITO POLICIAL,11978.0,Invasão de Dispositivo Informático,,False
1014,279.0,INQUÉRITO POLICIAL,11431.0,Intervenção Indevida de Autoridade Junto à Mesa Receptora,,False
1989,272.0,REPRESENTAÇÃO CRIMINAL/NOTÍCIA DE CRIME,,Apropriação de Coisa Achada,,False
1009,279.0,INQUÉRITO POLICIAL,11440.0,Inscrição Fraudulenta Efetivada pelo Juiz,,False
1992,272.0,REPRESENTAÇÃO CRIMINAL/NOTÍCIA DE CRIME,14685.0,Associação Criminosa,,False
1003,279.0,INQUÉRITO POLICIAL,11596.0,Inelegibilidade - Abuso do Poder Econômico ou Político,abuso,True
1994,272.0,REPRESENTAÇÃO CRIMINAL/NOTÍCIA DE CRIME,,Assédio Sexual,,False
1052,279.0,INQUÉRITO POLICIAL,,Quadrilha ou Bando,,False
1969,11541.0,REPRESENTAÇÃO,,Revisão de Eleitorado - Cadastramento Biométrico,,False
1757,1733.0,PROCEDIMENTO INVESTIGATÓRIO CRIMINAL (PIC-MP),,"\""Lavagem\"" ou Ocultação de Bens, Direitos ou Valores Oriundos de Corrupção",,False
1752,1733.0,PROCEDIMENTO INVESTIGATÓRIO CRIMINAL (PIC-MP),11509.0,Violação do Sigilo da Urna ou dos Invólucros,ballot_integrity,True
1096,305.0,LIBERDADE PROVISÓRIA COM OU SEM FIANÇA,3633.0,Crimes do Sistema Nacional de Armas,,False
1094,305.0,LIBERDADE PROVISÓRIA COM OU SEM FIANÇA,5897.0,Associação para a Produção e Tráfico e Condutas Afins,,False
1352,1727.0,PETIÇÃO CRIMINAL,,Identidade de Gênero,,False
1092,305.0,LIBERDADE PROVISÓRIA COM OU SEM FIANÇA,10819.0,Aliciamento de eleitores,vote_buying,True
1091,333.0,INSANIDADE MENTAL DO ACUSADO,11438.0,Inscrição Fraudulenta,fraude,True
1090,333.0,INSANIDADE MENTAL DO ACUSADO,11472.0,Falsificação ou Alteração de Documento Público para Fins Eleitorais,fraude,True
1088,333.0,INSANIDADE MENTAL DO ACUSADO,,Excludentes,,False
1087,333.0,INSANIDADE MENTAL DO ACUSADO,11466.0,Dano a Equipamento Eleitoral,,False
1076,279.0,INQUÉRITO POLICIAL,12345.0,Vias de fato,,False
1071,279.0,INQUÉRITO POLICIAL,,Uso ilegítimo de uniforme ou distintivo,,False
1067,279.0,INQUÉRITO POLICIAL,,Tráfico de influência,,False
1066,279.0,INQUÉRITO POLICIAL,12731.0,Transação Penal,,False
1360,1727.0,PETIÇÃO CRIMINAL,11524.0,Irregularidades dos Dados Publicados em Pesquisas Eleitorais,,False
1064,279.0,INQUÉRITO POLICIAL,,Subtração ou inutilização de livro ou documento,,False
1961,11541.0,REPRESENTAÇÃO,15142.0,Propaganda Política Irregular - Violência contra a Mulher,,False
1062,279.0,INQUÉRITO POLICIAL,,Sonegação do Estado de Filiação,,False
1963,11541.0,REPRESENTAÇÃO,12463.0,Providência,,False
1361,1727.0,PETIÇÃO CRIMINAL,,Jogo do bicho,,False
1965,11541.0,REPRESENTAÇÃO,11618.0,Registro de Candidatura - RRC - Candidato,,False
1057,279.0,INQUÉRITO POLICIAL,3617.0,Representação caluniosa,,False
1056,279.0,INQUÉRITO POLICIAL,,Registro de Nascimento Inexistente,,False
1210,12561.0,NOTÍCIA DE IRREGULARIDADE EM PROPAGANDA ELEITORAL,11776.0,Veiculação de Propaganda Partidária - Em Inserções,,False
1343,1727.0,PETIÇÃO CRIMINAL,3542.0,Falsa identidade,,False
1712,1733.0,PROCEDIMENTO INVESTIGATÓRIO CRIMINAL (PIC-MP),,Falsificação de documento Público praticada por Funcionário Público,,False
1281,310.0,PEDIDO DE QUEBRA DE SIGILO DE DADOS E/OU TELEFÔNICO,11445.0,"Ocultação, Sonegação ou Recusa de Fornecimento de Utilidades, Alimentos e Transporte no Dia da Eleição",,False
1291,12562.0,PET-ADM,11576.0,Alistamento Eleitoral - Domicílio Eleitoral,,False
1818,11532.0,REGISTRO DE CANDIDATURA,15018.0,Candidatura Avulsa,,False
1290,310.0,PEDIDO DE QUEBRA DE SIGILO DE DADOS E/OU TELEFÔNICO,15143.0,Violência contra a Mulher Candidata ou no Exercício do Mandato Eletivo,,False
1289,310.0,PEDIDO DE QUEBRA DE SIGILO DE DADOS E/OU TELEFÔNICO,11475.0,Uso de Documento Falso para Fins Eleitorais,fraude,True
1286,310.0,PEDIDO DE QUEBRA DE SIGILO DE DADOS E/OU TELEFÔNICO,3617.0,Representação caluniosa,,False
1783,11793.0,PRODUÇÃO ANTECIPADA DE PROVAS CRIMINAL,11487.0,Injúria na Propaganda Eleitoral,honra,True
1823,11532.0,REGISTRO DE CANDIDATURA,11751.0,Coligação Partidária - Majoritária e Proporcional,,False
1284,310.0,PEDIDO DE QUEBRA DE SIGILO DE DADOS E/OU TELEFÔNICO,10607.0,Quebra do Sigilo Bancário,,False
1283,310.0,PEDIDO DE QUEBRA DE SIGILO DE DADOS E/OU TELEFÔNICO,11670.0,Propaganda Política - Propaganda Eleitoral - Distribuição de Tempo de Propaganda,,False
1282,310.0,PEDIDO DE QUEBRA DE SIGILO DE DADOS E/OU TELEFÔNICO,3548.0,Peculato,,False
1280,310.0,PEDIDO DE QUEBRA DE SIGILO DE DADOS E/OU TELEFÔNICO,,NI,,False
1216,309.0,PEDIDO DE BUSCA E APREENSÃO CRIMINAL,14685.0,Associação Criminosa,,False
1782,11793.0,PRODUÇÃO ANTECIPADA DE PROVAS CRIMINAL,11501.0,Corrupção Eleitoral,vote_buying,True
1781,11793.0,PRODUÇÃO ANTECIPADA DE PROVAS CRIMINAL,10751.0,Captação ilícita de votos ou corrupção eleitoral,vote_buying,True
1276,310.0,PEDIDO DE QUEBRA DE SIGILO DE DADOS E/OU TELEFÔNICO,11472.0,Falsificação ou Alteração de Documento Público para Fins Eleitorais,fraude,True
1275,310.0,PEDIDO DE QUEBRA DE SIGILO DE DADOS E/OU TELEFÔNICO,14221.0,Falsificação ou Alteração de Documento Particular para Fins Eleitorais,fraude,True
1334,1727.0,PETIÇÃO CRIMINAL,10815.0,Desordem eleitoral,,False
1834,11532.0,REGISTRO DE CANDIDATURA,11596.0,Inelegibilidade - Abuso do Poder Econômico ou Político,,False
1271,310.0,PEDIDO DE QUEBRA DE SIGILO DE DADOS E/OU TELEFÔNICO,11455.0,Descumprimento da Proibição de Fornecimento de Transporte ou Refeições a Eleitores,vote_buying,True
1837,11532.0,REGISTRO DE CANDIDATURA,11599.0,Inelegibilidade - Declaração de Indignidade ou de Incompatibilidade com o Oficialato,,False
1270,310.0,PEDIDO DE QUEBRA DE SIGILO DE DADOS E/OU TELEFÔNICO,3576.0,Denunciação caluniosa,honra,True
1839,11532.0,REGISTRO DE CANDIDATURA,11602.0,Inelegibilidade - Parentesco,,False
1784,426.0,RECURSO EM SENTIDO ESTRITO,10751.0,Captação ilícita de votos ou corrupção eleitoral,vote_buying,True
1296,12562.0,PET-ADM,11593.0,Direito de Resposta,,False
1814,11532.0,REGISTRO DE CANDIDATURA,11718.0,Abuso - De Poder Econômico,,False
1297,12562.0,PET-ADM,11757.0,Filiação Partidária - Coexistência,,False
1791,426.0,RECURSO EM SENTIDO ESTRITO,,NI,,False
1792,426.0,RECURSO EM SENTIDO ESTRITO,11495.0,Pesquisa Fraudulenta,pesquisa_adv,True
1329,1727.0,PETIÇÃO CRIMINAL,3573.0,Desacato,,False
1794,426.0,RECURSO EM SENTIDO ESTRITO,11492.0,Realização de Propaganda Eleitoral em Língua Estrangeira,,False
1795,426.0,RECURSO EM SENTIDO ESTRITO,11451.0,Utilização de Prédios ou Serviços de Repartições Públicas para Beneficiar Partido ou Organização de Caráter Político,,False
1328,1727.0,PETIÇÃO CRIMINAL,15020.0,Denunciação Caluniosa para Fins Eleitorais,,False
1788,426.0,RECURSO EM SENTIDO ESTRITO,3396.0,Difamação,honra,True
1326,1727.0,PETIÇÃO CRIMINAL,11517.0,Crimes contra os Partidos Políticos,,False
1799,12557.0,RECURSO/IMPUGNAÇÃO DE ALISTAMENTO ELEITORAL,12563.0,Alistamento Eleitoral - Estrangeiro,,False
1321,1727.0,PETIÇÃO CRIMINAL,10991.0,Corrupção Praticada por Prefeitos e Vereadores,,False
1319,1727.0,PETIÇÃO CRIMINAL,14689.0,Constituição de Milícia Privada,,False
1803,12557.0,RECURSO/IMPUGNAÇÃO DE ALISTAMENTO ELEITORAL,11633.0,Cargo - Prefeito,,False
1318,1727.0,PETIÇÃO CRIMINAL,,Coação no curso do processo,,False
1310,1727.0,PETIÇÃO CRIMINAL,,Aplicação da Pena,,False
1806,12557.0,RECURSO/IMPUGNAÇÃO DE ALISTAMENTO ELEITORAL,11580.0,Impugnação - Alistamento Eleitoral,,False
1786,426.0,RECURSO EM SENTIDO ESTRITO,,Concussão,,False
1307,1727.0,PETIÇÃO CRIMINAL,3423.0,Alteração de limites,,False
1306,1727.0,PETIÇÃO CRIMINAL,10819.0,Aliciamento de eleitores,,False
1303,12562.0,PET-ADM,12069.0,Prestação de Contas - de Partido Político,,False
1301,12562.0,PET-ADM,11769.0,Partido Político - Comissão Provisória,,False
1785,426.0,RECURSO EM SENTIDO ESTRITO,11502.0,Coação Visando a Obtenção de Voto ou a sua Abstenção,vote_buying,True
1840,11532.0,REGISTRO DE CANDIDATURA,14936.0,Inelegibilidade - Perda de Mandato,,False
1269,310.0,PEDIDO DE QUEBRA DE SIGILO DE DADOS E/OU TELEFÔNICO,,"Crimes de ""Lavagem"" ou Ocultação de Bens, Direitos ou Valores",,False
1842,11532.0,REGISTRO DE CANDIDATURA,12392.0,Inelegibilidade - Renúncia a cargo político na pendência de representação ou petição que possa levar a outra causa de inelegibilidade,,False
1867,11541.0,REPRESENTAÇÃO,11714.0,Apuração/Totalização de Votos,,False
1774,193.0,PRODUÇÃO ANTECIPADA DA PROVA,11722.0,Corrupção ou Fraude,abuso,True
1242,309.0,PEDIDO DE BUSCA E APREENSÃO CRIMINAL,11472.0,Falsificação ou Alteração de Documento Público para Fins Eleitorais,fraude,True
1341,1727.0,PETIÇÃO CRIMINAL,3552.0,Emprego irregular de verbas ou rendas públicas,,False
1239,309.0,PEDIDO DE BUSCA E APREENSÃO CRIMINAL,3420.0,Extorsão,,False
1238,309.0,PEDIDO DE BUSCA E APREENSÃO CRIMINAL,11514.0,Divulgação de Propaganda Eleitoral no Dia da Eleição,,False
1237,309.0,PEDIDO DE BUSCA E APREENSÃO CRIMINAL,11483.0,Divulgação de Fatos Inverídicos na Propaganda Eleitoral,honra,True
1236,309.0,PEDIDO DE BUSCA E APREENSÃO CRIMINAL,11485.0,Divulgação de Falsa Imputação,honra,True
1772,193.0,PRODUÇÃO ANTECIPADA DA PROVA,11721.0,Captação Ilícita de Sufrágio,vote_buying,True
1877,11541.0,REPRESENTAÇÃO,10751.0,Captação ilícita de votos ou corrupção eleitoral,vote_buying,True
1234,309.0,PEDIDO DE BUSCA E APREENSÃO CRIMINAL,11452.0,Desobediência a Ordens ou Instruções da Justiça Eleitoral,,False
1233,309.0,PEDIDO DE BUSCA E APREENSÃO CRIMINAL,11455.0,Descumprimento da Proibição de Fornecimento de Transporte ou Refeições a Eleitores,vote_buying,True
1231,309.0,PEDIDO DE BUSCA E APREENSÃO CRIMINAL,11497.0,Crimes contra o Sigilo ou o Exercício do Voto,ballot_integrity,True
1230,309.0,PEDIDO DE BUSCA E APREENSÃO CRIMINAL,11437.0,Crimes contra o Serviço da Justiça Eleitoral,,False
1228,309.0,PEDIDO DE BUSCA E APREENSÃO CRIMINAL,3637.0,Crimes Previstos no Estatuto da criança e do adolescente,,False
1883,11541.0,REPRESENTAÇÃO,11736.0,Cautelar Inominada - De Produção Antecipada de Provas,,False
1227,309.0,PEDIDO DE BUSCA E APREENSÃO CRIMINAL,12588.0,Crimes Conexos,,False
1225,309.0,PEDIDO DE BUSCA E APREENSÃO CRIMINAL,5876.0,Corrupção Ativa em Transação Comercial Internacional,,False
1342,1727.0,PETIÇÃO CRIMINAL,3585.0,Exercício arbitrário ou abuso de poder,,False
1219,309.0,PEDIDO DE BUSCA E APREENSÃO CRIMINAL,3395.0,Calúnia,honra,True
1888,11541.0,REPRESENTAÇÃO,11452.0,Desobediência a Ordens ou Instruções da Justiça Eleitoral,,False
1217,309.0,PEDIDO DE BUSCA E APREENSÃO CRIMINAL,10755.0,Boca de urna,vote_buying,True
1245,309.0,PEDIDO DE BUSCA E APREENSÃO CRIMINAL,11438.0,Inscrição Fraudulenta,fraude,True
1866,11541.0,REPRESENTAÇÃO,10752.0,Aliciamento eleitoral,vote_buying,True
1843,11532.0,REGISTRO DE CANDIDATURA,11605.0,Inelegibilidade - Representação ou Ação de Investigação Judicial Eleitoral Jugada Procedente pela Justiça Eleitoral,,False
1865,11541.0,REPRESENTAÇÃO,10819.0,Aliciamento de eleitores,vote_buying,True
1844,11532.0,REGISTRO DE CANDIDATURA,11610.0,Inelegibilidade - Vínculo em União Estável,,False
1268,310.0,PEDIDO DE QUEBRA DE SIGILO DE DADOS E/OU TELEFÔNICO,11482.0,Crimes contra a Propaganda Eleitoral,,False
1267,310.0,PEDIDO DE QUEBRA DE SIGILO DE DADOS E/OU TELEFÔNICO,12588.0,Crimes Conexos,,False
1266,310.0,PEDIDO DE QUEBRA DE SIGILO DE DADOS E/OU TELEFÔNICO,,Crime de Quebra de Sigilo Financeiro,,False
1778,193.0,PRODUÇÃO ANTECIPADA DA PROVA,12635.0,Propaganda Política - Propaganda Eleitoral - Divulgação de Notícia  Sabidamente Falsa,,False
1777,193.0,PRODUÇÃO ANTECIPADA DA PROVA,11663.0,Propaganda Política - Propaganda Eleitoral - Conduta Vedada a Emissora de Rádio/Televisão na Programação Normal,conduta_vedada,True
1260,310.0,PEDIDO DE QUEBRA DE SIGILO DE DADOS E/OU TELEFÔNICO,11470.0,Alteração do Resultado de Votação nos Mapas ou Boletins de Apuração,ballot_integrity,True
1776,193.0,PRODUÇÃO ANTECIPADA DA PROVA,12639.0,Propaganda Política - Propaganda Eleitoral - Aplicativo de Mensagem Instantânea,,False
1258,,PEDIDO DE PRISÃO TEMPORÁRIA,10751.0,Captação ilícita de votos ou corrupção eleitoral,vote_buying,True
1257,313.0,PEDIDO DE PRISÃO PREVENTIVA,11500.0,"Prisão ou Detenção do Eleitor, Membro de Mesa Receptora, Fiscal, Delegado de Partido ou Candidato, Fora das Hipóteses Legais Permitidas",,False
1256,313.0,PEDIDO DE PRISÃO PREVENTIVA,11484.0,Calúnia na Propaganda Eleitoral,honra,True
1855,11532.0,REGISTRO DE CANDIDATURA,11626.0,Registro de Candidatura - Substituição de Candidato - Por Ineligibilidade,,False
1253,309.0,PEDIDO DE BUSCA E APREENSÃO CRIMINAL,11451.0,Utilização de Prédios ou Serviços de Repartições Públicas para Beneficiar Partido ou Organização de Caráter Político,,False
1252,309.0,PEDIDO DE BUSCA E APREENSÃO CRIMINAL,11475.0,Uso de Documento Falso para Fins Eleitorais,fraude,True
1858,306.0,RELAXAMENTO DE PRISÃO,11455.0,Descumprimento da Proibição de Fornecimento de Transporte ou Refeições a Eleitores,vote_buying,True
1859,306.0,RELAXAMENTO DE PRISÃO,11679.0,Propaganda Política - Propaganda Eleitoral - Internet,,False
1860,306.0,RELAXAMENTO DE PRISÃO,,"Violência Política de Gênero (art, 326-B do Código Eleitoral)",,False
1775,193.0,PRODUÇÃO ANTECIPADA DA PROVA,11596.0,Inelegibilidade - Abuso do Poder Econômico ou Político,abuso,True
1248,309.0,PEDIDO DE BUSCA E APREENSÃO CRIMINAL,12354.0,Perturbação da tranquilidade,,False
1247,309.0,PEDIDO DE BUSCA E APREENSÃO CRIMINAL,11464.0,Obstamento do Transporte e Fornecimento de Alimentos a Eleitores pela Justiça Eleitoral,,False
1246,309.0,PEDIDO DE BUSCA E APREENSÃO CRIMINAL,15153.0,Interrupção do Processo Eleitoral,,False
1995,272.0,REPRESENTAÇÃO CRIMINAL/NOTÍCIA DE CRIME,3503.0,Atentado contra a segurança de serviços de utilidade pública,,False
1001,279.0,INQUÉRITO POLICIAL,,Incêndio,,False
1997,272.0,REPRESENTAÇÃO CRIMINAL/NOTÍCIA DE CRIME,,Autuação e Processamento,,False
2139,272.0,REPRESENTAÇÃO CRIMINAL/NOTÍCIA DE CRIME,11664.0,"Propaganda Política - Propaganda Eleitoral - Confecção, Utilização ou Distribuição de Brinde",,False
795,12729.0,EXECUÇÃO DE MEDIDAS ALTERNATIVAS NO JUÍZO COMUM,11434.0,Votação de Eleitor na Seção Eleitoral na qual Não Está Inscrito ou Autorizado a Votar,,False
2130,272.0,REPRESENTAÇÃO CRIMINAL/NOTÍCIA DE CRIME,7929.0,Prisão em flagrante,,False
792,12729.0,EXECUÇÃO DE MEDIDAS ALTERNATIVAS NO JUÍZO COMUM,11509.0,Violação do Sigilo da Urna ou dos Invólucros,,False
2132,272.0,REPRESENTAÇÃO CRIMINAL/NOTÍCIA DE CRIME,,Privilegiada,,False
791,12729.0,EXECUÇÃO DE MEDIDAS ALTERNATIVAS NO JUÍZO COMUM,11451.0,Utilização de Prédios ou Serviços de Repartições Públicas para Beneficiar Partido ou Organização de Caráter Político,,False
2134,272.0,REPRESENTAÇÃO CRIMINAL/NOTÍCIA DE CRIME,12334.0,"Promoção, constituição, financiamento ou integração de Organização Criminosa",,False
785,12729.0,EXECUÇÃO DE MEDIDAS ALTERNATIVAS NO JUÍZO COMUM,,Suspensão condicional da pena,,False
783,12729.0,EXECUÇÃO DE MEDIDAS ALTERNATIVAS NO JUÍZO COMUM,12544.0,Simples,,False
2137,272.0,REPRESENTAÇÃO CRIMINAL/NOTÍCIA DE CRIME,12639.0,Propaganda Política - Propaganda Eleitoral - Aplicativo de Mensagem Instantânea,,False
2138,272.0,REPRESENTAÇÃO CRIMINAL/NOTÍCIA DE CRIME,11660.0,Propaganda Política - Propaganda Eleitoral - Boca de Urna,,False
780,12729.0,EXECUÇÃO DE MEDIDAS ALTERNATIVAS NO JUÍZO COMUM,11492.0,Realização de Propaganda Eleitoral em Língua Estrangeira,,False
1998,272.0,REPRESENTAÇÃO CRIMINAL/NOTÍCIA DE CRIME,,"Auxílio Emergencial (Lei 13,982/2020)",,False
779,12729.0,EXECUÇÃO DE MEDIDAS ALTERNATIVAS NO JUÍZO COMUM,10822.0,Publicação de pesquisa irregular,,False
2142,272.0,REPRESENTAÇÃO CRIMINAL/NOTÍCIA DE CRIME,12637.0,Propaganda Política - Propaganda Eleitoral - Redes Sociais,,False
778,12729.0,EXECUÇÃO DE MEDIDAS ALTERNATIVAS NO JUÍZO COMUM,12340.0,Provocação de tumulto ou conduta inconveniente,,False
775,12729.0,EXECUÇÃO DE MEDIDAS ALTERNATIVAS NO JUÍZO COMUM,12347.0,Perturbação do trabalho ou do sossego alheios,,False
774,12729.0,EXECUÇÃO DE MEDIDAS ALTERNATIVAS NO JUÍZO COMUM,11445.0,"Ocultação, Sonegação ou Recusa de Fornecimento de Utilidades, Alimentos e Transporte no Dia da Eleição",,False
773,12729.0,EXECUÇÃO DE MEDIDAS ALTERNATIVAS NO JUÍZO COMUM,11476.0,Obtenção de Documento Falso para Fins Eleitorais,,False
2147,272.0,REPRESENTAÇÃO CRIMINAL/NOTÍCIA DE CRIME,12542.0,Real,,False
2148,272.0,REPRESENTAÇÃO CRIMINAL/NOTÍCIA DE CRIME,11492.0,Realização de Propaganda Eleitoral em Língua Estrangeira,,False
772,12729.0,EXECUÇÃO DE MEDIDAS ALTERNATIVAS NO JUÍZO COMUM,11447.0,Não-Apresentação de Denúncia ou Não Execução de Sentença Penal Condenatória no Prazo Legal,,False
771,12729.0,EXECUÇÃO DE MEDIDAS ALTERNATIVAS NO JUÍZO COMUM,11523.0,Não-Acesso dos Partidos aos Dados Relativos às Pesquisas Eleitorais,,False
796,1116.0,EXECUÇÃO FISCAL,11718.0,Abuso - De Poder Econômico,,False
801,1116.0,EXECUÇÃO FISCAL,,NI,,False
2126,272.0,REPRESENTAÇÃO CRIMINAL/NOTÍCIA DE CRIME,11649.0,Pesquisa Eleitoral - Divulgação de Pesquisa Eleitoral Fraudulenta,pesquisa_adv,True
2125,272.0,REPRESENTAÇÃO CRIMINAL/NOTÍCIA DE CRIME,11442.0,Perturbação ou Impedimento de Alistamento,,False
833,307.0,HABEAS CORPUS CRIMINAL,,Crimes de Abuso de Autoridade,,False
832,307.0,HABEAS CORPUS CRIMINAL,11437.0,Crimes contra o Serviço da Justiça Eleitoral,,False
1726,1733.0,PROCEDIMENTO INVESTIGATÓRIO CRIMINAL (PIC-MP),11488.0,Injúria Eleitoral Violenta,honra,True
2106,272.0,REPRESENTAÇÃO CRIMINAL/NOTÍCIA DE CRIME,11431.0,Intervenção Indevida de Autoridade Junto à Mesa Receptora,,False
829,307.0,HABEAS CORPUS CRIMINAL,11435.0,Contagem de Votos de Eleitores em Relação aos quais Houve Impugnação,,False
827,307.0,HABEAS CORPUS CRIMINAL,12965.0,Conflito de Competência,,False
826,307.0,HABEAS CORPUS CRIMINAL,11504.0,Concentração de Eleitores para Embaraçar ou Fraudar o Exercício do Voto,,False
825,307.0,HABEAS CORPUS CRIMINAL,12612.0,COVID-19,,False
2112,272.0,REPRESENTAÇÃO CRIMINAL/NOTÍCIA DE CRIME,11450.0,Não Cumprimento dos Deveres Impostos pelo Código Eleitoral à Autoridade Judiciária e aos Funcionários da Justiça Eleitoral,,False
824,307.0,HABEAS CORPUS CRIMINAL,3402.0,Ameaça,,False
819,12554.0,FILIAÇÃO PARTIDÁRIA,12046.0,Prestação de Contas - De Candidato,,False
1385,241.0,PETIÇÃO CÍVEL,11717.0,Abuso,,False
812,12554.0,FILIAÇÃO PARTIDÁRIA,11727.0,Direitos Políticos - Restabelecimento dos Direitos Políticos,,False
2117,272.0,REPRESENTAÇÃO CRIMINAL/NOTÍCIA DE CRIME,,Origem,,False
809,12554.0,FILIAÇÃO PARTIDÁRIA,11736.0,Cautelar Inominada - De Produção Antecipada de Provas,,False
803,1116.0,EXECUÇÃO FISCAL,11778.0,Requerimento,,False
2120,272.0,REPRESENTAÇÃO CRIMINAL/NOTÍCIA DE CRIME,,Perda de Bens e Valores,,False
2121,272.0,REPRESENTAÇÃO CRIMINAL/NOTÍCIA DE CRIME,5911.0,Perigo de Contágio Venéreo,,False
2122,272.0,REPRESENTAÇÃO CRIMINAL/NOTÍCIA DE CRIME,3389.0,Perigo de contágio de moléstia grave,,False
802,1116.0,EXECUÇÃO FISCAL,12635.0,Propaganda Política - Propaganda Eleitoral - Divulgação de Notícia  Sabidamente Falsa,,False
1643,12193.0,PRESTAÇÃO DE CONTAS ELEITORAIS,,Ausência ou Irregularidade no CNPJ,,False
1723,1733.0,PROCEDIMENTO INVESTIGATÓRIO CRIMINAL (PIC-MP),11439.0,Induzimento à Inscrição de Eleitor em Infração às Normas Legais,,False
768,12729.0,EXECUÇÃO DE MEDIDAS ALTERNATIVAS NO JUÍZO COMUM,3386.0,Leve,,False
2153,272.0,REPRESENTAÇÃO CRIMINAL/NOTÍCIA DE CRIME,11498.0,Retenção de Título Eleitoral ou do Comprovante de Alistamento Eleitoral,,False
1718,1733.0,PROCEDIMENTO INVESTIGATÓRIO CRIMINAL (PIC-MP),,Fraude processual,,False
727,12729.0,EXECUÇÃO DE MEDIDAS ALTERNATIVAS NO JUÍZO COMUM,,"Crimes Cometidos por Meio de Marca, Título de Estabelecimento e Sinal de Propaganda",,False
722,12729.0,EXECUÇÃO DE MEDIDAS ALTERNATIVAS NO JUÍZO COMUM,3535.0,Certidão ou atestado ideologicamente falso,,False
721,12729.0,EXECUÇÃO DE MEDIDAS ALTERNATIVAS NO JUÍZO COMUM,11480.0,Cerceamento da Fiscalização Partidária,,False
720,12729.0,EXECUÇÃO DE MEDIDAS ALTERNATIVAS NO JUÍZO COMUM,11638.0,Cargo - Vereador,,False
2184,12630.0,REPRESENTAÇÃO ESPECIAL,12362.0,Autorização de Divulgação de Publicidade Institucional,,False
715,12729.0,EXECUÇÃO DE MEDIDAS ALTERNATIVAS NO JUÍZO COMUM,14685.0,Associação Criminosa,,False
1410,241.0,PETIÇÃO CÍVEL,12601.0,Candidato Não-Eleito,,False
1413,241.0,PETIÇÃO CÍVEL,11629.0,Cargo - Deputado Distrital,,False
710,12729.0,EXECUÇÃO DE MEDIDAS ALTERNATIVAS NO JUÍZO COMUM,,Apologia de Crime ou Criminoso,,False
708,12729.0,EXECUÇÃO DE MEDIDAS ALTERNATIVAS NO JUÍZO COMUM,3402.0,Ameaça,,False
705,386.0,EXECUÇÃO DA PENA,11508.0,Violação do Sigilo do Voto,,False
703,386.0,EXECUÇÃO DA PENA,,Suspensão condicional da pena,,False
702,386.0,EXECUÇÃO DA PENA,12732.0,Suspensão Condicional de Processo,,False
701,386.0,EXECUÇÃO DA PENA,,Substituição da Pena,,False
1418,241.0,PETIÇÃO CÍVEL,11641.0,Cargo - Vice-Presidente da República,,False
699,386.0,EXECUÇÃO DA PENA,11449.0,Recusa ou Abandono do Serviço Eleitoral,,False
698,386.0,EXECUÇÃO DA PENA,11654.0,Propaganda Política - Propaganda Eleitoral - Alto-falante/Amplificador de Som,,False
1790,426.0,RECURSO EM SENTIDO ESTRITO,3397.0,Injúria,honra,True
696,386.0,EXECUÇÃO DA PENA,,Prestação de Serviços à Comunidade,,False
2200,12630.0,REPRESENTAÇÃO ESPECIAL,11643.0,Eleições - 2° Turno,,False
2201,12630.0,REPRESENTAÇÃO ESPECIAL,11645.0,Eleições - Eleição Majoritária,,False
730,12729.0,EXECUÇÃO DE MEDIDAS ALTERNATIVAS NO JUÍZO COMUM,11437.0,Crimes contra o Serviço da Justiça Eleitoral,,False
2177,272.0,REPRESENTAÇÃO CRIMINAL/NOTÍCIA DE CRIME,,Violência ou fraude em arrematação judicial,,False
2154,272.0,REPRESENTAÇÃO CRIMINAL/NOTÍCIA DE CRIME,11515.0,Retenção de Título ou Comprovante de Alistamento Eleitoral,,False
1719,1733.0,PROCEDIMENTO INVESTIGATÓRIO CRIMINAL (PIC-MP),3416.0,Furto,,False
767,12729.0,EXECUÇÃO DE MEDIDAS ALTERNATIVAS NO JUÍZO COMUM,11524.0,Irregularidades dos Dados Publicados em Pesquisas Eleitorais,,False
763,12729.0,EXECUÇÃO DE MEDIDAS ALTERNATIVAS NO JUÍZO COMUM,11488.0,Injúria Eleitoral Violenta,,False
761,12729.0,EXECUÇÃO DE MEDIDAS ALTERNATIVAS NO JUÍZO COMUM,5869.0,Incitação ao Crime,,False
2158,272.0,REPRESENTAÇÃO CRIMINAL/NOTÍCIA DE CRIME,,Tráfico de influência,,False
759,12729.0,EXECUÇÃO DE MEDIDAS ALTERNATIVAS NO JUÍZO COMUM,11490.0,Impedimento do Exercício da Propaganda,,False
758,12729.0,EXECUÇÃO DE MEDIDAS ALTERNATIVAS NO JUÍZO COMUM,3417.0,Furto Qualificado,,False
757,12729.0,EXECUÇÃO DE MEDIDAS ALTERNATIVAS NO JUÍZO COMUM,,Fornecimento de Cédula Eleitoral Rubricada a Destempo,,False
754,12729.0,EXECUÇÃO DE MEDIDAS ALTERNATIVAS NO JUÍZO COMUM,3532.0,Falsificação de documento particular,,False
753,12729.0,EXECUÇÃO DE MEDIDAS ALTERNATIVAS NO JUÍZO COMUM,10995.0,Falsidade ideológica praticada por Funcionário Público,,False
1395,241.0,PETIÇÃO CÍVEL,15308.0,Alistamento Eleitoral - Registro no BPSPD - Duplicidade/Pluralidade,,False
750,12729.0,EXECUÇÃO DE MEDIDAS ALTERNATIVAS NO JUÍZO COMUM,11436.0,"Fabricação, Aquisição, Fornecimento, Subtração ou Guarda de Materiais de Uso da Justiça Eleitoral",,False
2166,272.0,REPRESENTAÇÃO CRIMINAL/NOTÍCIA DE CRIME,12345.0,Vias de fato,,False
2167,272.0,REPRESENTAÇÃO CRIMINAL/NOTÍCIA DE CRIME,3410.0,"Violação de comunicação telegráfica, radioelétrica ou telefônica",,False
2168,272.0,REPRESENTAÇÃO CRIMINAL/NOTÍCIA DE CRIME,3408.0,Violação de correspondência,,False
1406,241.0,PETIÇÃO CÍVEL,10755.0,Boca de urna,,False
744,12729.0,EXECUÇÃO DE MEDIDAS ALTERNATIVAS NO JUÍZO COMUM,11726.0,Direitos Políticos - Perda dos Direitos Políticos,,False
741,12729.0,EXECUÇÃO DE MEDIDAS ALTERNATIVAS NO JUÍZO COMUM,10754.0,Desobediência à determinações da Justiça Eleitoral,,False
2172,272.0,REPRESENTAÇÃO CRIMINAL/NOTÍCIA DE CRIME,,Violação do sigilo funcional,,False
739,12729.0,EXECUÇÃO DE MEDIDAS ALTERNATIVAS NO JUÍZO COMUM,3572.0,Desobediência,,False
1720,1733.0,PROCEDIMENTO INVESTIGATÓRIO CRIMINAL (PIC-MP),,Homicídio Qualificado,,False
735,12729.0,EXECUÇÃO DE MEDIDAS ALTERNATIVAS NO JUÍZO COMUM,3576.0,Denunciação caluniosa,,False
834,307.0,HABEAS CORPUS CRIMINAL,,Descumprimento de determinação de sigilo,,False
835,307.0,HABEAS CORPUS CRIMINAL,3396.0,Difamação,,False
836,307.0,HABEAS CORPUS CRIMINAL,11514.0,Divulgação de Propaganda Eleitoral no Dia da Eleição,,False
2023,272.0,REPRESENTAÇÃO CRIMINAL/NOTÍCIA DE CRIME,,Crime de Descumprimento de Medida Protetiva  de Urgência,,False
2025,272.0,REPRESENTAÇÃO CRIMINAL/NOTÍCIA DE CRIME,,Crimes Eleitorais,,False
2026,272.0,REPRESENTAÇÃO CRIMINAL/NOTÍCIA DE CRIME,3637.0,Crimes Previstos no Estatuto da criança e do adolescente,,False
2027,272.0,REPRESENTAÇÃO CRIMINAL/NOTÍCIA DE CRIME,3613.0,Crimes Resultante de Preconceito de Raça ou de Cor,,False
939,279.0,INQUÉRITO POLICIAL,,"Crimes contra a Segurança Nacional, a Ordem Política e Social",,False
936,279.0,INQUÉRITO POLICIAL,,Crimes contra a Ordem Tributária,,False
934,279.0,INQUÉRITO POLICIAL,3637.0,Crimes Previstos no Estatuto da criança e do adolescente,,False
2031,272.0,REPRESENTAÇÃO CRIMINAL/NOTÍCIA DE CRIME,5880.0,Crimes contra as Marcas,,False
2032,272.0,REPRESENTAÇÃO CRIMINAL/NOTÍCIA DE CRIME,3629.0,Crimes contra as Telecomunicações,,False
932,279.0,INQUÉRITO POLICIAL,,Crimes Contra o Estado de Filiação,,False
1374,1727.0,PETIÇÃO CRIMINAL,11518.0,Subscrição de Mais de Uma Ficha de Filiação Partidária,,False
2035,272.0,REPRESENTAÇÃO CRIMINAL/NOTÍCIA DE CRIME,3612.0,Crimes contra o Sistema Financeiro Nacional,,False
929,279.0,INQUÉRITO POLICIAL,11006.0,Crime de Desvio e/ou Circulação de Moeda Não Autorizada,,False
928,279.0,INQUÉRITO POLICIAL,10741.0,Criação do Partido Político,,False
2038,272.0,REPRESENTAÇÃO CRIMINAL/NOTÍCIA DE CRIME,,Crimes de Tráfico Ilícito e Uso Indevido de Drogas,,False
2039,272.0,REPRESENTAÇÃO CRIMINAL/NOTÍCIA DE CRIME,3656.0,Crimes do Código Brasileiro de Telecomunicações,,False
2040,272.0,REPRESENTAÇÃO CRIMINAL/NOTÍCIA DE CRIME,3633.0,Crimes do Sistema Nacional de Armas,,False
927,279.0,INQUÉRITO POLICIAL,,Corrupção passiva,,False
2042,272.0,REPRESENTAÇÃO CRIMINAL/NOTÍCIA DE CRIME,3426.0,Dano,,False
2043,272.0,REPRESENTAÇÃO CRIMINAL/NOTÍCIA DE CRIME,5571.0,Dano Qualificado,,False
2044,272.0,REPRESENTAÇÃO CRIMINAL/NOTÍCIA DE CRIME,14698.0,Dano Qualificado contra a Administração Pública,,False
923,279.0,INQUÉRITO POLICIAL,5876.0,Corrupção Ativa em Transação Comercial Internacional,,False
943,279.0,INQUÉRITO POLICIAL,,Crimes da Lei de licitações,,False
2022,272.0,REPRESENTAÇÃO CRIMINAL/NOTÍCIA DE CRIME,3568.0,Corrupção ativa,,False
919,279.0,INQUÉRITO POLICIAL,14104.0,Condição de Pessoa Idosa,,False
1373,1727.0,PETIÇÃO CRIMINAL,3419.0,Roubo,,False
1367,1727.0,PETIÇÃO CRIMINAL,,Prescrição,,False
999,279.0,INQUÉRITO POLICIAL,,Impedimento à fiscalização das pesquisas,,False
1745,1733.0,PROCEDIMENTO INVESTIGATÓRIO CRIMINAL (PIC-MP),11498.0,Retenção de Título Eleitoral ou do Comprovante de Alistamento Eleitoral,,False
993,279.0,INQUÉRITO POLICIAL,3417.0,Furto Qualificado,,False
1743,1733.0,PROCEDIMENTO INVESTIGATÓRIO CRIMINAL (PIC-MP),,"Recusa ou omissão de dados cadastrais, registros, documentos e informações",,False
991,279.0,INQUÉRITO POLICIAL,,Fraudes em Certames de Interesse Público,,False
989,279.0,INQUÉRITO POLICIAL,,Fornecimento ao Eleitor de Cédula Oficial Já Assinalada ou Marcada,,False
984,279.0,INQUÉRITO POLICIAL,3530.0,Falsificação do selo ou sinal público,fraude,True
980,279.0,INQUÉRITO POLICIAL,3536.0,Falsidade material de atestado ou certidão,fraude,True
976,279.0,INQUÉRITO POLICIAL,,"Fabrico, comércio ou detenção de arma branca ou munição",,False
974,279.0,INQUÉRITO POLICIAL,,Etnia,,False
973,279.0,INQUÉRITO POLICIAL,,Estupro,,False
1370,1727.0,PETIÇÃO CRIMINAL,,Quadrilha ou Bando,,False
1741,1733.0,PROCEDIMENTO INVESTIGATÓRIO CRIMINAL (PIC-MP),10822.0,Publicação de pesquisa irregular,pesquisa_adv,True
1740,1733.0,PROCEDIMENTO INVESTIGATÓRIO CRIMINAL (PIC-MP),11433.0,Práticas Irregulares que Determinam a Anulação da Votação,,False
958,279.0,INQUÉRITO POLICIAL,3595.0,Desobediência a decisão judicial sobre perda ou suspensão de direitos,,False
2016,272.0,REPRESENTAÇÃO CRIMINAL/NOTÍCIA DE CRIME,3401.0,Constrangimento ilegal,,False
954,279.0,INQUÉRITO POLICIAL,11454.0,Desatendimento à Requisição de Veículo ou Embarcação,,False
2018,272.0,REPRESENTAÇÃO CRIMINAL/NOTÍCIA DE CRIME,12194.0,Contra a Mulher,,False
952,279.0,INQUÉRITO POLICIAL,3576.0,Denunciação caluniosa,honra,True
949,279.0,INQUÉRITO POLICIAL,14698.0,Dano Qualificado contra a Administração Pública,,False
921,279.0,INQUÉRITO POLICIAL,11435.0,Contagem de Votos de Eleitores em Relação aos quais Houve Impugnação,,False
1737,1733.0,PROCEDIMENTO INVESTIGATÓRIO CRIMINAL (PIC-MP),11442.0,Perturbação ou Impedimento de Alistamento,,False
837,307.0,HABEAS CORPUS CRIMINAL,3585.0,Exercício arbitrário ou abuso de poder,,False
868,12556.0,IMPUGNAÇÃO PERANTE AS JUNTAS ELEITORAIS,11616.0,Impugnação ao Registro de Candidatura,,False
865,12556.0,IMPUGNAÇÃO PERANTE AS JUNTAS ELEITORAIS,12053.0,Impugnação - Nomeação de Membro da Mesa Receptora,,False
2079,272.0,REPRESENTAÇÃO CRIMINAL/NOTÍCIA DE CRIME,,Falsificação / Corrupção / Adulteração / Alteração de produto destinado a fins terapêuticos ou medicinais,,False
2080,272.0,REPRESENTAÇÃO CRIMINAL/NOTÍCIA DE CRIME,3532.0,Falsificação de documento particular,fraude,True
858,12556.0,IMPUGNAÇÃO PERANTE AS JUNTAS ELEITORAIS,11428.0,DIREITO ELEITORAL,,False
856,12077.0,HOMOLOGAÇÃO EM ACORDO DE COLABORAÇÃO PREMIADA,11445.0,"Ocultação, Sonegação ou Recusa de Fornecimento de Utilidades, Alimentos e Transporte no Dia da Eleição",,False
855,12077.0,HOMOLOGAÇÃO EM ACORDO DE COLABORAÇÃO PREMIADA,11438.0,Inscrição Fraudulenta,fraude,True
853,12077.0,HOMOLOGAÇÃO EM ACORDO DE COLABORAÇÃO PREMIADA,14221.0,Falsificação ou Alteração de Documento Particular para Fins Eleitorais,fraude,True
852,12077.0,HOMOLOGAÇÃO EM ACORDO DE COLABORAÇÃO PREMIADA,11430.0,Crimes contra a Organização Administrativa da Justiça Eleitoral,,False
851,12077.0,HOMOLOGAÇÃO EM ACORDO DE COLABORAÇÃO PREMIADA,12588.0,Crimes Conexos,,False
849,12077.0,HOMOLOGAÇÃO EM ACORDO DE COLABORAÇÃO PREMIADA,11470.0,Alteração do Resultado de Votação nos Mapas ou Boletins de Apuração,ballot_integrity,True
2088,272.0,REPRESENTAÇÃO CRIMINAL/NOTÍCIA DE CRIME,,Frustração de direitos assegurados por lei trabalhista,,False
848,110.0,HABEAS DATA CÍVEL,,Assegurar Conhecimento de Informações Relativas à Pessoa do Impetrante,,False
2090,272.0,REPRESENTAÇÃO CRIMINAL/NOTÍCIA DE CRIME,3418.0,Furto de coisa comum,,False
847,110.0,HABEAS DATA CÍVEL,11522.0,Arguição de Ineligibilidade Temerária ou de Má-Fé,,False
2092,272.0,REPRESENTAÇÃO CRIMINAL/NOTÍCIA DE CRIME,10840.0,Homicídio,,False
2093,272.0,REPRESENTAÇÃO CRIMINAL/NOTÍCIA DE CRIME,3370.0,Homicídio Simples,,False
845,307.0,HABEAS CORPUS CRIMINAL,11433.0,Práticas Irregulares que Determinam a Anulação da Votação,,False
844,307.0,HABEAS CORPUS CRIMINAL,11500.0,"Prisão ou Detenção do Eleitor, Membro de Mesa Receptora, Fiscal, Delegado de Partido ou Candidato, Fora das Hipóteses Legais Permitidas",,False
843,307.0,HABEAS CORPUS CRIMINAL,3433.0,Outras fraudes,,False
842,307.0,HABEAS CORPUS CRIMINAL,11524.0,Irregularidades dos Dados Publicados em Pesquisas Eleitorais,,False
839,307.0,HABEAS CORPUS CRIMINAL,14221.0,Falsificação ou Alteração de Documento Particular para Fins Eleitorais,,False
867,12556.0,IMPUGNAÇÃO PERANTE AS JUNTAS ELEITORAIS,12055.0,Impugnação - Transferência de Domicílio Eleitoral,,False
870,12556.0,IMPUGNAÇÃO PERANTE AS JUNTAS ELEITORAIS,,NI,,False
910,279.0,INQUÉRITO POLICIAL,11638.0,Cargo - Vereador,,False
871,12556.0,IMPUGNAÇÃO PERANTE AS JUNTAS ELEITORAIS,11715.0,Quociente Eleitoral/Partidário,,False
1736,1733.0,PROCEDIMENTO INVESTIGATÓRIO CRIMINAL (PIC-MP),11493.0,Participação de Pessoa Não Detentora de Direitos Políticos em Atividades Partidárias e de Propaganda Eleitoral,,False
2051,272.0,REPRESENTAÇÃO CRIMINAL/NOTÍCIA DE CRIME,3572.0,Desobediência,,False
1735,1733.0,PROCEDIMENTO INVESTIGATÓRIO CRIMINAL (PIC-MP),3433.0,Outras fraudes,fraude,True
1733,1733.0,PROCEDIMENTO INVESTIGATÓRIO CRIMINAL (PIC-MP),11478.0,Obtenção de Acesso a Sistema de Dados Eleitorais,,False
890,279.0,INQUÉRITO POLICIAL,11720.0,Abuso - Uso Indevido de Meio de Comunicação Social,abuso,True
2056,272.0,REPRESENTAÇÃO CRIMINAL/NOTÍCIA DE CRIME,11479.0,Destruição de Dados Eleitorais,,False
2057,272.0,REPRESENTAÇÃO CRIMINAL/NOTÍCIA DE CRIME,11511.0,Destruição de Relação de Candidatos,,False
1376,1727.0,PETIÇÃO CRIMINAL,11496.0,"Uso, na Propaganda Eleitoral, de Símbolo de Órgãos de Governo",,False
1377,1727.0,PETIÇÃO CRIMINAL,3565.0,Usurpação de função pública,,False
2061,272.0,REPRESENTAÇÃO CRIMINAL/NOTÍCIA DE CRIME,11724.0,Diplomação,,False
1381,1727.0,PETIÇÃO CRIMINAL,15154.0,Violência Política,,False
882,332.0,INCIDENTE DE FALSIDADE,3579.0,Falso testemunho ou falsa perícia,,False
1382,1727.0,PETIÇÃO CRIMINAL,,"Violência Política de Gênero (art, 326-B do Código Eleitoral)",,False
879,332.0,INCIDENTE DE FALSIDADE,11485.0,Divulgação de Falsa Imputação,honra,True
2066,272.0,REPRESENTAÇÃO CRIMINAL/NOTÍCIA DE CRIME,11642.0,Eleições - 1° Turno,,False
2067,272.0,REPRESENTAÇÃO CRIMINAL/NOTÍCIA DE CRIME,3552.0,Emprego irregular de verbas ou rendas públicas,,False
2068,272.0,REPRESENTAÇÃO CRIMINAL/NOTÍCIA DE CRIME,3505.0,Epidemia,,False
878,332.0,INCIDENTE DE FALSIDADE,11482.0,Crimes contra a Propaganda Eleitoral,,False
877,332.0,INCIDENTE DE FALSIDADE,12634.0,Apropriação Indébita Eleitoral,finance,True
874,12555.0,IMPUGNAÇÃO À COMPOSIÇÃO DE JUNTA ELEITORAL,11642.0,Eleições - 1° Turno,,False
873,12555.0,IMPUGNAÇÃO À COMPOSIÇÃO DE JUNTA ELEITORAL,11428.0,DIREITO ELEITORAL,,False
2124,272.0,REPRESENTAÇÃO CRIMINAL/NOTÍCIA DE CRIME,12347.0,Perturbação do trabalho ou do sossego alheios,,False
