id_municipio,id_municipio_tse,nome,sigla_uf,id_mesorregiao,nome_mesorregiao,id_microrregiao,nome_microrregiao,id_regiao_imediata,nome_regiao_imediata,id_regiao_intermediaria,nome_regiao_intermediaria
1100338,434,Nova Mamoré,RO,1101,Madeira-Guaporé,11001,Porto Velho,110001,Porto Velho,1101,Porto Velho
1100205,35,Porto Velho,RO,1101,Madeira-Guaporé,11001,Porto Velho,110001,Porto Velho,1101,Porto Velho
1101104,493,Itapuã do Oeste,RO,1101,Madeira-Guaporé,11001,Porto Velho,110001,Porto Velho,1101,Porto Velho
1100809,477,Candeias do Jamari,RO,1101,Madeira-Guaporé,11001,Porto Velho,110001,Porto Velho,1101,Porto Velho
1100940,680,Cujubim,RO,1101,Madeira-Guaporé,11001,Porto Velho,110002,Ariquemes,1101,Porto Velho
1100452,779,Buritis,RO,1101,Madeira-Guaporé,11001,Porto Velho,110002,Ariquemes,1101,Porto Velho
1100700,671,Campo Novo de Rondônia,RO,1101,Madeira-Guaporé,11001,Porto Velho,110002,Ariquemes,1101,Porto Velho
1100106,19,Guajará-Mirim,RO,1101,Madeira-Guaporé,11002,Guajará-Mirim,110001,Porto Velho,1101,Porto Velho
1100080,213,Costa Marques,RO,1101,Madeira-Guaporé,11002,Guajará-Mirim,110004,Ji-Paraná,1102,Ji-Paraná
1101492,795,São Francisco do Guaporé,RO,1101,Madeira-Guaporé,11002,Guajará-Mirim,110004,Ji-Paraná,1102,Ji-Paraná
1101401,663,Monte Negro,RO,1102,Leste Rondoniense,11003,Ariquemes,110002,Ariquemes,1101,Porto Velho
1100601,620,Cacaulândia,RO,1102,Leste Rondoniense,11003,Ariquemes,110002,Ariquemes,1101,Porto Velho
1100403,639,Alto Paraíso,RO,1102,Leste Rondoniense,11003,Ariquemes,110002,Ariquemes,1101,Porto Velho
1100023,78,Ariquemes,RO,1102,Leste Rondoniense,11003,Ariquemes,110002,Ariquemes,1101,Porto Velho
1100262,647,Rio Crespo,RO,1102,Leste Rondoniense,11003,Ariquemes,110002,Ariquemes,1101,Porto Velho
1101757,698,Vale do Anari,RO,1102,Leste Rondoniense,11003,Ariquemes,110003,Jaru,1101,Porto Velho
1100130,396,Machadinho D'Oeste,RO,1102,Leste Rondoniense,11003,Ariquemes,110003,Jaru,1101,Porto Velho
1100114,159,Jaru,RO,1102,Leste Rondoniense,11004,Ji-Paraná,110003,Jaru,1101,Porto Velho
1101609,590,Theobroma,RO,1102,Leste Rondoniense,11004,Ji-Paraná,110003,Jaru,1101,Porto Velho
1101005,612,Governador Jorge Teixeira,RO,1102,Leste Rondoniense,11004,Ji-Paraná,110003,Jaru,1101,Porto Velho
1101807,558,Vale do Paraíso,RO,1102,Leste Rondoniense,11004,Ji-Paraná,110004,Ji-Paraná,1102,Ji-Paraná
1101559,752,Teixeirópolis,RO,1102,Leste Rondoniense,11004,Ji-Paraná,110004,Ji-Paraná,1102,Ji-Paraná
1101435,744,Nova União,RO,1102,Leste Rondoniense,11004,Ji-Paraná,110004,Ji-Paraná,1102,Ji-Paraná
1100254,191,Presidente Médici,RO,1102,Leste Rondoniense,11004,Ji-Paraná,110004,Ji-Paraná,1102,Ji-Paraná
1100122,51,Ji-Paraná,RO,1102,Leste Rondoniense,11004,Ji-Paraná,110004,Ji-Paraná,1102,Ji-Paraná
1101302,574,Mirante da Serra,RO,1102,Leste Rondoniense,11004,Ji-Paraná,110004,Ji-Paraná,1102,Ji-Paraná
1100155,175,Ouro Preto do Oeste,RO,1102,Leste Rondoniense,11004,Ji-Paraná,110004,Ji-Paraná,1102,Ji-Paraná
1101708,566,Urupá,RO,1102,Leste Rondoniense,11004,Ji-Paraná,110004,Ji-Paraná,1102,Ji-Paraná
1100320,418,São Miguel do Guaporé,RO,1102,Leste Rondoniense,11005,Alvorada D'Oeste,110004,Ji-Paraná,1102,Ji-Paraná
1101500,582,Seringueiras,RO,1102,Leste Rondoniense,11005,Alvorada D'Oeste,110004,Ji-Paraná,1102,Ji-Paraná
1100346,337,Alvorada D'Oeste,RO,1102,Leste Rondoniense,11005,Alvorada D'Oeste,110004,Ji-Paraná,1102,Ji-Paraná
1100148,370,Nova Brasilândia D'Oeste,RO,1102,Leste Rondoniense,11005,Alvorada D'Oeste,110005,Cacoal,1102,Ji-Paraná
1100908,531,Castanheiras,RO,1102,Leste Rondoniense,11006,Cacoal,110005,Cacoal,1102,Ji-Paraná
1101203,604,Ministro Andreazza,RO,1102,Leste Rondoniense,11006,Cacoal,110005,Cacoal,1102,Ji-Paraná
1100296,353,Santa Luzia D'Oeste,RO,1102,Leste Rondoniense,11006,Cacoal,110005,Cacoal,1102,Ji-Paraná
1100502,515,Novo Horizonte do Oeste,RO,1102,Leste Rondoniense,11006,Cacoal,110005,Cacoal,1102,Ji-Paraná
1100379,736,Alto Alegre dos Parecis,RO,1102,Leste Rondoniense,11006,Cacoal,110005,Cacoal,1102,Ji-Paraná
1100049,94,Cacoal,RO,1102,Leste Rondoniense,11006,Cacoal,110005,Cacoal,1102,Ji-Paraná
1100098,256,Espigão D'Oeste,RO,1102,Leste Rondoniense,11006,Cacoal,110005,Cacoal,1102,Ji-Paraná
1100015,310,Alta Floresta D'Oeste,RO,1102,Leste Rondoniense,11006,Cacoal,110005,Cacoal,1102,Ji-Paraná
1100288,299,Rolim de Moura,RO,1102,Leste Rondoniense,11006,Cacoal,110005,Cacoal,1102,Ji-Paraná
1101476,728,Primavera de Rondônia,RO,1102,Leste Rondoniense,11007,Vilhena,110005,Cacoal,1102,Ji-Paraná
1101450,701,Parecis,RO,1102,Leste Rondoniense,11007,Vilhena,110005,Cacoal,1102,Ji-Paraná
1101484,710,São Felipe D'Oeste,RO,1102,Leste Rondoniense,11007,Vilhena,110005,Cacoal,1102,Ji-Paraná
1100189,116,Pimenta Bueno,RO,1102,Leste Rondoniense,11007,Vilhena,110005,Cacoal,1102,Ji-Paraná
1100924,809,Chupinguaia,RO,1102,Leste Rondoniense,11007,Vilhena,110006,Vilhena,1102,Ji-Paraná
1100304,132,Vilhena,RO,1102,Leste Rondoniense,11007,Vilhena,110006,Vilhena,1102,Ji-Paraná
1100031,450,Cabixi,RO,1102,Leste Rondoniense,11008,Colorado do Oeste,110006,Vilhena,1102,Ji-Paraná
1101468,787,Pimenteiras do Oeste,RO,1102,Leste Rondoniense,11008,Colorado do Oeste,110006,Vilhena,1102,Ji-Paraná
1100056,272,Cerejeiras,RO,1102,Leste Rondoniense,11008,Colorado do Oeste,110006,Vilhena,1102,Ji-Paraná
1100072,655,Corumbiara,RO,1102,Leste Rondoniense,11008,Colorado do Oeste,110006,Vilhena,1102,Ji-Paraná
1100064,230,Colorado do Oeste,RO,1102,Leste Rondoniense,11008,Colorado do Oeste,110006,Vilhena,1102,Ji-Paraná
1200393,1066,Porto Walter,AC,1201,Vale do Juruá,12001,Cruzeiro do Sul,120004,Cruzeiro do Sul,1202,Cruzeiro do Sul
1200336,1090,Mâncio Lima,AC,1201,Vale do Juruá,12001,Cruzeiro do Sul,120004,Cruzeiro do Sul,1202,Cruzeiro do Sul
1200351,1040,Marechal Thaumaturgo,AC,1201,Vale do Juruá,12001,Cruzeiro do Sul,120004,Cruzeiro do Sul,1202,Cruzeiro do Sul
1200427,1082,Rodrigues Alves,AC,1201,Vale do Juruá,12001,Cruzeiro do Sul,120004,Cruzeiro do Sul,1202,Cruzeiro do Sul
1200203,1074,Cruzeiro do Sul,AC,1201,Vale do Juruá,12001,Cruzeiro do Sul,120004,Cruzeiro do Sul,1202,Cruzeiro do Sul
1200609,1473,Tarauacá,AC,1201,Vale do Juruá,12002,Tarauacá,120005,Tarauacá,1202,Cruzeiro do Sul
1200328,1104,Jordão,AC,1201,Vale do Juruá,12002,Tarauacá,120005,Tarauacá,1202,Cruzeiro do Sul
1200302,1139,Feijó,AC,1201,Vale do Juruá,12002,Tarauacá,120005,Tarauacá,1202,Cruzeiro do Sul
1200435,1031,Santa Rosa do Purus,AC,1202,Vale do Acre,12003,Sena Madureira,120003,Sena Madureira,1201,Rio Branco
1200500,1457,Sena Madureira,AC,1202,Vale do Acre,12003,Sena Madureira,120003,Sena Madureira,1201,Rio Branco
1200344,1554,Manoel Urbano,AC,1202,Vale do Acre,12003,Sena Madureira,120003,Sena Madureira,1201,Rio Branco
1200450,1538,Senador Guiomard,AC,1202,Vale do Acre,12004,Rio Branco,120001,Rio Branco,1201,Rio Branco
1200385,1511,Plácido de Castro,AC,1202,Vale do Acre,12004,Rio Branco,120001,Rio Branco,1201,Rio Branco
1200138,1007,Bujari,AC,1202,Vale do Acre,12004,Rio Branco,120001,Rio Branco,1201,Rio Branco
1200179,1015,Capixaba,AC,1202,Vale do Acre,12004,Rio Branco,120001,Rio Branco,1201,Rio Branco
1200401,1392,Rio Branco,AC,1202,Vale do Acre,12004,Rio Branco,120001,Rio Branco,1201,Rio Branco
1200013,1120,Acrelândia,AC,1202,Vale do Acre,12004,Rio Branco,120001,Rio Branco,1201,Rio Branco
1200807,1023,Porto Acre,AC,1202,Vale do Acre,12004,Rio Branco,120001,Rio Branco,1201,Rio Branco
1200252,1112,Epitaciolândia,AC,1202,Vale do Acre,12005,Brasiléia,120002,Brasiléia,1201,Rio Branco
1200708,1490,Xapuri,AC,1202,Vale do Acre,12005,Brasiléia,120002,Brasiléia,1201,Rio Branco
1200054,1570,Assis Brasil,AC,1202,Vale do Acre,12005,Brasiléia,120002,Brasiléia,1201,Rio Branco
1200104,1058,Brasiléia,AC,1202,Vale do Acre,12005,Brasiléia,120002,Brasiléia,1201,Rio Branco
1303809,2836,São Gabriel da Cachoeira,AM,1301,Norte Amazonense,13001,Rio Negro,130002,São Gabriel da Cachoeira,1301,Manaus
1303601,2372,Santa Isabel do Rio Negro,AM,1301,Norte Amazonense,13001,Rio Negro,130002,São Gabriel da Cachoeira,1301,Manaus
1300409,2097,Barcelos,AM,1301,Norte Amazonense,13001,Rio Negro,130002,São Gabriel da Cachoeira,1301,Manaus
1303205,2011,Novo Airão,AM,1301,Norte Amazonense,13001,Rio Negro,130004,Manacapuru,1301,Manaus
1302108,2453,Japurá,AM,1301,Norte Amazonense,13002,Japurá,130005,Tefé,1302,Tefé
1302801,2593,Maraã,AM,1301,Norte Amazonense,13002,Japurá,130005,Tefé,1302,Tefé
1302306,2496,Jutaí,AM,1302,Sudoeste Amazonense,13003,Alto Solimões,130005,Tefé,1302,Tefé
1301605,2330,Fonte Boa,AM,1302,Sudoeste Amazonense,13003,Alto Solimões,130005,Tefé,1302,Tefé
1304237,98515,Tonantins,AM,1302,Sudoeste Amazonense,13003,Alto Solimões,130006,Tabatinga,1302,Tefé
1303700,2739,Santo Antônio do Içá,AM,1302,Sudoeste Amazonense,13003,Alto Solimões,130006,Tabatinga,1302,Tefé
1300060,2917,Amaturá,AM,1302,Sudoeste Amazonense,13003,Alto Solimões,130006,Tabatinga,1302,Tefé
1300607,2135,Benjamin Constant,AM,1302,Sudoeste Amazonense,13003,Alto Solimões,130006,Tabatinga,1302,Tefé
1303908,2755,São Paulo de Olivença,AM,1302,Sudoeste Amazonense,13003,Alto Solimões,130006,Tabatinga,1302,Tefé
1300201,2054,Atalaia do Norte,AM,1302,Sudoeste Amazonense,13003,Alto Solimões,130006,Tabatinga,1302,Tefé
1304062,98477,Tabatinga,AM,1302,Sudoeste Amazonense,13003,Alto Solimões,130006,Tabatinga,1302,Tefé
1301001,2216,Carauari,AM,1302,Sudoeste Amazonense,13004,Juruá,130005,Tefé,1302,Tefé
1302207,2470,Juruá,AM,1302,Sudoeste Amazonense,13004,Juruá,130005,Tefé,1302,Tefé
1301407,2291,Eirunepé,AM,1302,Sudoeste Amazonense,13004,Juruá,130007,Eirunepé,1302,Tefé
1301654,2020,Guajará,AM,1302,Sudoeste Amazonense,13004,Juruá,130007,Eirunepé,1302,Tefé
1301506,2313,Envira,AM,1302,Sudoeste Amazonense,13004,Juruá,130007,Eirunepé,1302,Tefé
1301951,98370,Itamarati,AM,1302,Sudoeste Amazonense,13004,Juruá,130007,Eirunepé,1302,Tefé
1301803,2399,Ipixuna,AM,1302,Sudoeste Amazonense,13004,Juruá,130007,Eirunepé,1302,Tefé
1300029,2895,Alvarães,AM,1303,Centro Amazonense,13005,Tefé,130005,Tefé,1302,Tefé
1304203,2810,Tefé,AM,1303,Centro Amazonense,13005,Tefé,130005,Tefé,1302,Tefé
1304260,98493,Uarini,AM,1303,Centro Amazonense,13005,Tefé,130005,Tefé,1302,Tefé
1301308,2275,Codajás,AM,1303,Centro Amazonense,13006,Coari,130003,Coari,1301,Manaus
1300102,2038,Anori,AM,1303,Centro Amazonense,13006,Coari,130003,Coari,1301,Manaus
1301209,2259,Coari,AM,1303,Centro Amazonense,13006,Coari,130003,Coari,1301,Manaus
1300631,2950,Beruri,AM,1303,Centro Amazonense,13006,Coari,130003,Coari,1301,Manaus
1300839,2992,Caapiranga,AM,1303,Centro Amazonense,13006,Coari,130004,Manacapuru,1301,Manaus
1300086,2933,Anamã,AM,1303,Centro Amazonense,13006,Coari,130004,Manacapuru,1301,Manaus
1300300,2070,Autazes,AM,1303,Centro Amazonense,13007,Manaus,130001,Manaus,1301,Manaus
1301100,2232,Careiro,AM,1303,Centro Amazonense,13007,Manaus,130001,Manaus,1301,Manaus
1302553,98396,Manaquiri,AM,1303,Centro Amazonense,13007,Manaus,130001,Manaus,1301,Manaus
1301852,98353,Iranduba,AM,1303,Centro Amazonense,13007,Manaus,130001,Manaus,1301,Manaus
1302603,2550,Manaus,AM,1303,Centro Amazonense,13007,Manaus,130001,Manaus,1301,Manaus
1301159,2046,Careiro da Várzea,AM,1303,Centro Amazonense,13007,Manaus,130001,Manaus,1301,Manaus
1302504,2534,Manacapuru,AM,1303,Centro Amazonense,13007,Manaus,130004,Manacapuru,1301,Manaus
1303536,98418,Presidente Figueiredo,AM,1303,Centro Amazonense,13008,Rio Preto da Eva,130001,Manaus,1301,Manaus
1303569,98434,Rio Preto da Eva,AM,1303,Centro Amazonense,13008,Rio Preto da Eva,130001,Manaus,1301,Manaus
1303106,2658,Nova Olinda do Norte,AM,1303,Centro Amazonense,13009,Itacoatiara,130001,Manaus,1301,Manaus
1304005,2771,Silves,AM,1303,Centro Amazonense,13009,Itacoatiara,130011,Itacoatiara,1304,Parintins
1304401,2879,Urucurituba,AM,1303,Centro Amazonense,13009,Itacoatiara,130011,Itacoatiara,1304,Parintins
1302009,2437,Itapiranga,AM,1303,Centro Amazonense,13009,Itacoatiara,130011,Itacoatiara,1304,Parintins
1301902,2410,Itacoatiara,AM,1303,Centro Amazonense,13009,Itacoatiara,130011,Itacoatiara,1304,Parintins
1303403,2690,Parintins,AM,1303,Centro Amazonense,13010,Parintins,130010,Parintins,1304,Parintins
1300508,2119,Barreirinha,AM,1303,Centro Amazonense,13010,Parintins,130010,Parintins,1304,Parintins
1303007,2631,Nhamundá,AM,1303,Centro Amazonense,13010,Parintins,130010,Parintins,1304,Parintins
1300680,2976,Boa Vista do Ramos,AM,1303,Centro Amazonense,13010,Parintins,130010,Parintins,1304,Parintins
1302900,2615,Maués,AM,1303,Centro Amazonense,13010,Parintins,130010,Parintins,1304,Parintins
1304302,2852,Urucará,AM,1303,Centro Amazonense,13010,Parintins,130011,Itacoatiara,1304,Parintins
1303957,98450,São Sebastião do Uatumã,AM,1303,Centro Amazonense,13010,Parintins,130011,Itacoatiara,1304,Parintins
1303502,2712,Pauini,AM,1304,Sul Amazonense,13011,Boca do Acre,130008,Lábrea,1303,Lábrea
1300706,2151,Boca do Acre,AM,1304,Sul Amazonense,13011,Boca do Acre,130008,Lábrea,1303,Lábrea
1302405,2518,Lábrea,AM,1304,Sul Amazonense,13012,Purus,130008,Lábrea,1303,Lábrea
1300904,2194,Canutama,AM,1304,Sul Amazonense,13012,Purus,130008,Lábrea,1303,Lábrea
1304104,2798,Tapauá,AM,1304,Sul Amazonense,13012,Purus,130008,Lábrea,1303,Lábrea
1300805,2178,Borba,AM,1304,Sul Amazonense,13013,Madeira,130001,Manaus,1301,Manaus
1300144,2003,Apuí,AM,1304,Sul Amazonense,13013,Madeira,130009,Manicoré,1303,Lábrea
1302702,2577,Manicoré,AM,1304,Sul Amazonense,13013,Madeira,130009,Manicoré,1303,Lábrea
1301704,2356,Humaitá,AM,1304,Sul Amazonense,13013,Madeira,130009,Manicoré,1303,Lábrea
1303304,2674,Novo Aripuanã,AM,1304,Sul Amazonense,13013,Madeira,130009,Manicoré,1303,Lábrea
1400100,3018,Boa Vista,RR,1401,Norte de Roraima,14001,Boa Vista,140001,Boa Vista,1401,Boa Vista
1400050,3050,Alto Alegre,RR,1401,Norte de Roraima,14001,Boa Vista,140001,Boa Vista,1401,Boa Vista
1400456,3123,Pacaraima,RR,1401,Norte de Roraima,14001,Boa Vista,140002,Pacaraima,1401,Boa Vista
1400027,3042,Amajari,RR,1401,Norte de Roraima,14001,Boa Vista,140002,Pacaraima,1401,Boa Vista
1400159,3077,Bonfim,RR,1401,Norte de Roraima,14002,Nordeste de Roraima,140001,Boa Vista,1401,Boa Vista
1400175,3069,Cantá,RR,1401,Norte de Roraima,14002,Nordeste de Roraima,140001,Boa Vista,1401,Boa Vista
1400704,3107,Uiramutã,RR,1401,Norte de Roraima,14002,Nordeste de Roraima,140002,Pacaraima,1401,Boa Vista
1400407,3115,Normandia,RR,1401,Norte de Roraima,14002,Nordeste de Roraima,140002,Pacaraima,1401,Boa Vista
1400308,3093,Mucajaí,RR,1402,Sul de Roraima,14003,Caracaraí,140001,Boa Vista,1401,Boa Vista
1400282,3026,Iracema,RR,1402,Sul de Roraima,14003,Caracaraí,140004,Caracaraí,1402,Rorainópolis - Caracaraí
1400209,3034,Caracaraí,RR,1402,Sul de Roraima,14003,Caracaraí,140004,Caracaraí,1402,Rorainópolis - Caracaraí
1400472,3085,Rorainópolis,RR,1402,Sul de Roraima,14004,Sudeste de Roraima,140003,Rorainópolis,1402,Rorainópolis - Caracaraí
1400506,3131,São João da Baliza,RR,1402,Sul de Roraima,14004,Sudeste de Roraima,140003,Rorainópolis,1402,Rorainópolis - Caracaraí
1400233,3000,Caroebe,RR,1402,Sul de Roraima,14004,Sudeste de Roraima,140003,Rorainópolis,1402,Rorainópolis - Caracaraí
1400605,3158,São Luiz,RR,1402,Sul de Roraima,14004,Sudeste de Roraima,140003,Rorainópolis,1402,Rorainópolis - Caracaraí
1503002,4596,Faro,PA,1501,Baixo Amazonas,15001,Óbidos,150017,Oriximiná,1505,Santarém
1503903,4774,Juruti,PA,1501,Baixo Amazonas,15001,Óbidos,150017,Oriximiná,1505,Santarém
1505304,5053,Oriximiná,PA,1501,Baixo Amazonas,15001,Óbidos,150017,Oriximiná,1505,Santarém
1507979,4367,Terra Santa,PA,1501,Baixo Amazonas,15001,Óbidos,150017,Oriximiná,1505,Santarém
1505106,5010,Óbidos,PA,1501,Baixo Amazonas,15001,Óbidos,150017,Oriximiná,1505,Santarém
1500404,4073,Alenquer,PA,1501,Baixo Amazonas,15002,Santarém,150015,Santarém,1505,Santarém
1504802,4952,Monte Alegre,PA,1501,Baixo Amazonas,15002,Santarém,150015,Santarém,1505,Santarém
1506807,5355,Santarém,PA,1501,Baixo Amazonas,15002,Santarém,150015,Santarém,1505,Santarém
1506005,5193,Prainha,PA,1501,Baixo Amazonas,15002,Santarém,150015,Santarém,1505,Santarém
1504752,4863,Mojuí dos Campos,PA,1501,Baixo Amazonas,15002,Santarém,150015,Santarém,1505,Santarém
1501451,4804,Belterra,PA,1501,Baixo Amazonas,15002,Santarém,150015,Santarém,1505,Santarém
1505650,4626,Placas,PA,1501,Baixo Amazonas,15002,Santarém,150016,Itaituba,1505,Santarém
1502855,4740,Curuá,PA,1501,Baixo Amazonas,15002,Santarém,150017,Oriximiná,1505,Santarém
1500503,4090,Almeirim,PA,1501,Baixo Amazonas,15003,Almeirim,150019,Almeirim - Porto de Moz,1506,Altamira
1505908,5177,Porto de Moz,PA,1501,Baixo Amazonas,15003,Almeirim,150019,Almeirim - Porto de Moz,1506,Altamira
1504505,4898,Melgaço,PA,1502,Marajó,15004,Portel,150020,Breves,1507,Breves
1503101,4618,Gurupá,PA,1502,Marajó,15004,Portel,150020,Breves,1507,Breves
1505809,5150,Portel,PA,1502,Marajó,15004,Portel,150020,Breves,1507,Breves
1501105,4219,Bagre,PA,1502,Marajó,15004,Portel,150020,Breves,1507,Breves
1501808,4359,Breves,PA,1502,Marajó,15005,Furos de Breves,150020,Breves,1507,Breves
1500305,4057,Afuá,PA,1502,Marajó,15005,Furos de Breves,150020,Breves,1507,Breves
1500701,4138,Anajás,PA,1502,Marajó,15005,Furos de Breves,150020,Breves,1507,Breves
1502806,4553,Curralinho,PA,1502,Marajó,15005,Furos de Breves,150020,Breves,1507,Breves
1507706,5533,São Sebastião da Boa Vista,PA,1502,Marajó,15005,Furos de Breves,150020,Breves,1507,Breves
1502509,4499,Chaves,PA,1502,Marajó,15006,Arari,150020,Breves,1507,Breves
1506302,5258,Salvaterra,PA,1502,Marajó,15006,Arari,150021,Soure-Salvaterra,1507,Breves
1506401,5274,Santa Cruz do Arari,PA,1502,Marajó,15006,Arari,150021,Soure-Salvaterra,1507,Breves
1505700,5134,Ponta de Pedras,PA,1502,Marajó,15006,Arari,150021,Soure-Salvaterra,1507,Breves
1502004,4391,Cachoeira do Arari,PA,1502,Marajó,15006,Arari,150021,Soure-Salvaterra,1507,Breves
1504901,4979,Muaná,PA,1502,Marajó,15006,Arari,150021,Soure-Salvaterra,1507,Breves
1507904,5576,Soure,PA,1502,Marajó,15006,Arari,150021,Soure-Salvaterra,1507,Breves
1506351,4243,Santa Bárbara do Pará,PA,1503,Metropolitana de Belém,15007,Belém,150001,Belém,1501,Belém
1501501,4294,Benevides,PA,1503,Metropolitana de Belém,15007,Belém,150001,Belém,1501,Belém
1501402,4278,Belém,PA,1503,Metropolitana de Belém,15007,Belém,150001,Belém,1501,Belém
1501303,4251,Barcarena,PA,1503,Metropolitana de Belém,15007,Belém,150001,Belém,1501,Belém
1500800,4154,Ananindeua,PA,1503,Metropolitana de Belém,15007,Belém,150001,Belém,1501,Belém
1504422,4642,Marituba,PA,1503,Metropolitana de Belém,15007,Belém,150001,Belém,1501,Belém
1507003,5398,Santo Antônio do Tauá,PA,1503,Metropolitana de Belém,15008,Castanhal,150001,Belém,1501,Belém
1501907,4375,Bujaru,PA,1503,Metropolitana de Belém,15008,Castanhal,150001,Belém,1501,Belém
1506500,5290,Santa Isabel do Pará,PA,1503,Metropolitana de Belém,15008,Castanhal,150001,Belém,1501,Belém
1502400,4472,Castanhal,PA,1503,Metropolitana de Belém,15008,Castanhal,150004,Castanhal,1502,Castanhal
1503408,4677,Inhangapi,PA,1503,Metropolitana de Belém,15008,Castanhal,150004,Castanhal,1502,Castanhal
1502608,4510,Colares,PA,1504,Nordeste Paraense,15009,Salgado,150001,Belém,1501,Belém
1508209,5630,Vigia,PA,1504,Nordeste Paraense,15009,Salgado,150001,Belém,1501,Belém
1507102,5410,São Caetano de Odivelas,PA,1504,Nordeste Paraense,15009,Salgado,150001,Belém,1501,Belém
1507961,4545,Terra Alta,PA,1504,Nordeste Paraense,15009,Salgado,150004,Castanhal,1502,Castanhal
1502905,4570,Curuçá,PA,1504,Nordeste Paraense,15009,Salgado,150004,Castanhal,1502,Castanhal
1504109,4812,Magalhães Barata,PA,1504,Nordeste Paraense,15009,Salgado,150004,Castanhal,1502,Castanhal
1507466,4820,São João da Ponta,PA,1504,Nordeste Paraense,15009,Salgado,150004,Castanhal,1502,Castanhal
1504406,4871,Marapanim,PA,1504,Nordeste Paraense,15009,Salgado,150004,Castanhal,1502,Castanhal
1504307,4855,Maracanã,PA,1504,Nordeste Paraense,15009,Salgado,150004,Castanhal,1502,Castanhal
1506203,5231,Salinópolis,PA,1504,Nordeste Paraense,15009,Salgado,150006,Capanema,1502,Castanhal
1507474,4065,São João de Pirabas,PA,1504,Nordeste Paraense,15009,Salgado,150006,Capanema,1502,Castanhal
1506609,5312,Santa Maria do Pará,PA,1504,Nordeste Paraense,15010,Bragantina,150004,Castanhal,1502,Castanhal
1507409,5479,São Francisco do Pará,PA,1504,Nordeste Paraense,15010,Bragantina,150004,Castanhal,1502,Castanhal
1503200,4634,Igarapé-Açu,PA,1504,Nordeste Paraense,15010,Bragantina,150004,Castanhal,1502,Castanhal
1508035,4669,Tracuateua,PA,1504,Nordeste Paraense,15010,Bragantina,150005,Bragança,1502,Castanhal
1501709,4332,Bragança,PA,1504,Nordeste Paraense,15010,Bragantina,150005,Bragança,1502,Castanhal
1500909,4170,Augusto Corrêa,PA,1504,Nordeste Paraense,15010,Bragantina,150005,Bragança,1502,Castanhal
1505007,4995,Nova Timboteua,PA,1504,Nordeste Paraense,15010,Bragantina,150006,Capanema,1502,Castanhal
1506906,5371,Santarém Novo,PA,1504,Nordeste Paraense,15010,Bragantina,150006,Capanema,1502,Castanhal
1502202,4430,Capanema,PA,1504,Nordeste Paraense,15010,Bragantina,150006,Capanema,1502,Castanhal
1505601,5118,Peixe-Boi,PA,1504,Nordeste Paraense,15010,Bragantina,150006,Capanema,1502,Castanhal
1501600,4316,Bonito,PA,1504,Nordeste Paraense,15010,Bragantina,150006,Capanema,1502,Castanhal
1506104,5215,Primavera,PA,1504,Nordeste Paraense,15010,Bragantina,150006,Capanema,1502,Castanhal
1506112,4685,Quatipuru,PA,1504,Nordeste Paraense,15010,Bragantina,150006,Capanema,1502,Castanhal
1505205,5037,Oeiras do Pará,PA,1504,Nordeste Paraense,15011,Cametá,150002,Cametá,1501,Belém
1502103,4413,Cametá,PA,1504,Nordeste Paraense,15011,Cametá,150002,Cametá,1501,Belém
1504000,4790,Limoeiro do Ajuru,PA,1504,Nordeste Paraense,15011,Cametá,150002,Cametá,1501,Belém
1504604,4910,Mocajuba,PA,1504,Nordeste Paraense,15011,Cametá,150002,Cametá,1501,Belém
1500107,4014,Abaetetuba,PA,1504,Nordeste Paraense,15011,Cametá,150003,Abaetetuba,1501,Belém
1503309,4650,Igarapé-Miri,PA,1504,Nordeste Paraense,15011,Cametá,150003,Abaetetuba,1501,Belém
1501204,4235,Baião,PA,1504,Nordeste Paraense,15011,Cametá,150011,Tucuruí,1503,Marabá
1508001,5592,Tomé-Açu,PA,1504,Nordeste Paraense,15012,Tomé-Açu,150001,Belém,1501,Belém
1500206,4030,Acará,PA,1504,Nordeste Paraense,15012,Tomé-Açu,150001,Belém,1501,Belém
1502756,5819,Concórdia do Pará,PA,1504,Nordeste Paraense,15012,Tomé-Açu,150001,Belém,1501,Belém
1504703,4936,Moju,PA,1504,Nordeste Paraense,15012,Tomé-Açu,150003,Abaetetuba,1501,Belém
1507953,4022,Tailândia,PA,1504,Nordeste Paraense,15012,Tomé-Açu,150003,Abaetetuba,1501,Belém
1507201,5436,São Domingos do Capim,PA,1504,Nordeste Paraense,15013,Guamá,150004,Castanhal,1502,Castanhal
1503507,4693,Irituia,PA,1504,Nordeste Paraense,15013,Guamá,150004,Castanhal,1502,Castanhal
1507607,5517,São Miguel do Guamá,PA,1504,Nordeste Paraense,15013,Guamá,150004,Castanhal,1502,Castanhal
1506559,4146,Santa Luzia do Pará,PA,1504,Nordeste Paraense,15013,Guamá,150005,Bragança,1502,Castanhal
1501956,4766,Cachoeira do Piriá,PA,1504,Nordeste Paraense,15013,Guamá,150005,Bragança,1502,Castanhal
1508308,5657,Viseu,PA,1504,Nordeste Paraense,15013,Guamá,150005,Bragança,1502,Castanhal
1504059,4103,Mãe do Rio,PA,1504,Nordeste Paraense,15013,Guamá,150007,Paragominas,1502,Castanhal
1503457,4189,Ipixuna do Pará,PA,1504,Nordeste Paraense,15013,Guamá,150007,Paragominas,1502,Castanhal
1500958,4340,Aurora do Pará,PA,1504,Nordeste Paraense,15013,Guamá,150007,Paragominas,1502,Castanhal
1502301,4456,Capitão Poço,PA,1504,Nordeste Paraense,15013,Guamá,150008,Capitão Poço,1502,Castanhal
1505403,5070,Ourém,PA,1504,Nordeste Paraense,15013,Guamá,150008,Capitão Poço,1502,Castanhal
1504950,4480,Nova Esperança do Piriá,PA,1504,Nordeste Paraense,15013,Guamá,150008,Capitão Poço,1502,Castanhal
1503077,5878,Garrafão do Norte,PA,1504,Nordeste Paraense,15013,Guamá,150008,Capitão Poço,1502,Castanhal
1503754,4200,Jacareacanga,PA,1505,Sudoeste Paraense,15014,Itaituba,150016,Itaituba,1505,Santarém
1503606,4715,Itaituba,PA,1505,Sudoeste Paraense,15014,Itaituba,150016,Itaituba,1505,Santarém
1505031,4383,Novo Progresso,PA,1505,Sudoeste Paraense,15014,Itaituba,150016,Itaituba,1505,Santarém
1508050,4286,Trairão,PA,1505,Sudoeste Paraense,15014,Itaituba,150016,Itaituba,1505,Santarém
1501006,4197,Aveiro,PA,1505,Sudoeste Paraense,15014,Itaituba,150016,Itaituba,1505,Santarém
1506195,5894,Rurópolis,PA,1505,Sudoeste Paraense,15014,Itaituba,150016,Itaituba,1505,Santarém
1505486,5916,Pacajá,PA,1505,Sudoeste Paraense,15015,Altamira,150011,Tucuruí,1503,Marabá
1500602,4111,Altamira,PA,1505,Sudoeste Paraense,15015,Altamira,150018,Altamira,1506,Altamira
1507805,5550,Senador José Porfírio,PA,1505,Sudoeste Paraense,15015,Altamira,150018,Altamira,1506,Altamira
1501725,4227,Brasil Novo,PA,1505,Sudoeste Paraense,15015,Altamira,150018,Altamira,1506,Altamira
1504455,5770,Medicilândia,PA,1505,Sudoeste Paraense,15015,Altamira,150018,Altamira,1506,Altamira
1508159,5754,Uruará,PA,1505,Sudoeste Paraense,15015,Altamira,150018,Altamira,1506,Altamira
1508357,4405,Vitória do Xingu,PA,1505,Sudoeste Paraense,15015,Altamira,150018,Altamira,1506,Altamira
1500859,4723,Anapu,PA,1505,Sudoeste Paraense,15015,Altamira,150018,Altamira,1506,Altamira
1503804,4758,Jacundá,PA,1506,Sudeste Paraense,15016,Tucuruí,150009,Marabá,1503,Marabá
1503705,4731,Itupiranga,PA,1506,Sudeste Paraense,15016,Tucuruí,150009,Marabá,1503,Marabá
1504976,4600,Nova Ipixuna,PA,1506,Sudeste Paraense,15016,Tucuruí,150009,Marabá,1503,Marabá
1505064,4421,Novo Repartimento,PA,1506,Sudeste Paraense,15016,Tucuruí,150011,Tucuruí,1503,Marabá
1501782,4448,Breu Branco,PA,1506,Sudeste Paraense,15016,Tucuruí,150011,Tucuruí,1503,Marabá
1508100,5614,Tucuruí,PA,1506,Sudeste Paraense,15016,Tucuruí,150011,Tucuruí,1503,Marabá
1508126,4324,Ulianópolis,PA,1506,Sudeste Paraense,15017,Paragominas,150007,Paragominas,1502,Castanhal
1502939,5975,Dom Eliseu,PA,1506,Sudeste Paraense,15017,Paragominas,150007,Paragominas,1502,Castanhal
1505502,5096,Paragominas,PA,1506,Sudeste Paraense,15017,Paragominas,150007,Paragominas,1502,Castanhal
1506187,5738,Rondon do Pará,PA,1506,Sudeste Paraense,15017,Paragominas,150009,Marabá,1503,Marabá
1500131,4502,Abel Figueiredo,PA,1506,Sudeste Paraense,15017,Paragominas,150009,Marabá,1503,Marabá
1501576,4049,Bom Jesus do Tocantins,PA,1506,Sudeste Paraense,15017,Paragominas,150009,Marabá,1503,Marabá
1503093,4006,Goianésia do Pará,PA,1506,Sudeste Paraense,15017,Paragominas,150011,Tucuruí,1503,Marabá
1501253,4588,Bannach,PA,1506,Sudeste Paraense,15018,São Félix do Xingu,150012,Redenção,1504,Redenção
1502764,4529,Cumaru do Norte,PA,1506,Sudeste Paraense,15018,São Félix do Xingu,150012,Redenção,1504,Redenção
1508084,4081,Tucumã,PA,1506,Sudeste Paraense,15018,São Félix do Xingu,150013,Tucumã - São Félix do Xingu,1504,Redenção
1505437,5959,Ourilândia do Norte,PA,1506,Sudeste Paraense,15018,São Félix do Xingu,150013,Tucumã - São Félix do Xingu,1504,Redenção
1507300,5452,São Félix do Xingu,PA,1506,Sudeste Paraense,15018,São Félix do Xingu,150013,Tucumã - São Félix do Xingu,1504,Redenção
1502772,5851,Curionópolis,PA,1506,Sudeste Paraense,15019,Parauapebas,150010,Parauapebas,1503,Marabá
1502152,4707,Canaã dos Carajás,PA,1506,Sudeste Paraense,15019,Parauapebas,150010,Parauapebas,1503,Marabá
1505536,5835,Parauapebas,PA,1506,Sudeste Paraense,15019,Parauapebas,150010,Parauapebas,1503,Marabá
1502954,4120,Eldorado do Carajás,PA,1506,Sudeste Paraense,15019,Parauapebas,150010,Parauapebas,1503,Marabá
1500347,4260,Água Azul do Norte,PA,1506,Sudeste Paraense,15019,Parauapebas,150014,Xinguara,1504,Redenção
1505494,4162,Palestina do Pará,PA,1506,Sudeste Paraense,15020,Marabá,150009,Marabá,1503,Marabá
1504208,4839,Marabá,PA,1506,Sudeste Paraense,15020,Marabá,150009,Marabá,1503,Marabá
1501758,5932,Brejo Grande do Araguaia,PA,1506,Sudeste Paraense,15020,Marabá,150009,Marabá,1503,Marabá
1507508,5495,São João do Araguaia,PA,1506,Sudeste Paraense,15020,Marabá,150009,Marabá,1503,Marabá
1507151,4464,São Domingos do Araguaia,PA,1506,Sudeste Paraense,15020,Marabá,150009,Marabá,1503,Marabá
1505635,4782,Piçarra,PA,1506,Sudeste Paraense,15021,Redenção,150009,Marabá,1503,Marabá
1507458,5797,São Geraldo do Araguaia,PA,1506,Sudeste Paraense,15021,Redenção,150009,Marabá,1503,Marabá
1506138,5673,Redenção,PA,1506,Sudeste Paraense,15021,Redenção,150012,Redenção,1504,Redenção
1505551,4308,Pau D'Arco,PA,1506,Sudeste Paraense,15021,Redenção,150012,Redenção,1504,Redenção
1507755,4847,Sapucaia,PA,1506,Sudeste Paraense,15021,Redenção,150014,Xinguara,1504,Redenção
1506161,5690,Rio Maria,PA,1506,Sudeste Paraense,15021,Redenção,150014,Xinguara,1504,Redenção
1508407,5711,Xinguara,PA,1506,Sudeste Paraense,15021,Redenção,150014,Xinguara,1504,Redenção
1506708,5339,Santana do Araguaia,PA,1506,Sudeste Paraense,15022,Conceição do Araguaia,150012,Redenção,1504,Redenção
1506583,5991,Santa Maria das Barreiras,PA,1506,Sudeste Paraense,15022,Conceição do Araguaia,150012,Redenção,1504,Redenção
1502707,4537,Conceição do Araguaia,PA,1506,Sudeste Paraense,15022,Conceição do Araguaia,150012,Redenção,1504,Redenção
1503044,4561,Floresta do Araguaia,PA,1506,Sudeste Paraense,15022,Conceição do Araguaia,150012,Redenção,1504,Redenção
1600501,6092,Oiapoque,AP,1601,Norte do Amapá,16001,Oiapoque,160003,Oiapoque,1602,Oiapoque - Porto Grande
1600204,6033,Calçoene,AP,1601,Norte do Amapá,16001,Oiapoque,160003,Oiapoque,1602,Oiapoque - Porto Grande
1600709,6173,Tartarugalzinho,AP,1601,Norte do Amapá,16002,Amapá,160003,Oiapoque,1602,Oiapoque - Porto Grande
1600105,6017,Amapá,AP,1601,Norte do Amapá,16002,Amapá,160003,Oiapoque,1602,Oiapoque - Porto Grande
1600550,6009,Pracuúba,AP,1601,Norte do Amapá,16002,Amapá,160003,Oiapoque,1602,Oiapoque - Porto Grande
1600253,6041,Itaubal,AP,1602,Sul do Amapá,16003,Macapá,160001,Macapá,1601,Macapá
1600303,6050,Macapá,AP,1602,Sul do Amapá,16003,Macapá,160001,Macapá,1601,Macapá
1600600,6157,Santana,AP,1602,Sul do Amapá,16003,Macapá,160001,Macapá,1601,Macapá
1600212,6068,Cutias,AP,1602,Sul do Amapá,16003,Macapá,160003,Oiapoque,1602,Oiapoque - Porto Grande
1600154,6084,Pedra Branca do Amapari,AP,1602,Sul do Amapá,16003,Macapá,160004,Porto Grande,1602,Oiapoque - Porto Grande
1600238,6114,Ferreira Gomes,AP,1602,Sul do Amapá,16003,Macapá,160004,Porto Grande,1602,Oiapoque - Porto Grande
1600055,6106,Serra do Navio,AP,1602,Sul do Amapá,16003,Macapá,160004,Porto Grande,1602,Oiapoque - Porto Grande
1600535,6025,Porto Grande,AP,1602,Sul do Amapá,16003,Macapá,160004,Porto Grande,1602,Oiapoque - Porto Grande
1600402,6076,Mazagão,AP,1602,Sul do Amapá,16004,Mazagão,160001,Macapá,1601,Macapá
1600279,6130,Laranjal do Jari,AP,1602,Sul do Amapá,16004,Mazagão,160002,Laranjal do Jari,1601,Macapá
1600808,6122,Vitória do Jari,AP,1602,Sul do Amapá,16004,Mazagão,160002,Laranjal do Jari,1601,Macapá
1706506,73032,Darcinópolis,TO,1701,Ocidental do Tocantins,17001,Bico do Papagaio,170005,Araguaína,1702,Araguaína
1718550,73024,Riachinho,TO,1701,Ocidental do Tocantins,17001,Bico do Papagaio,170005,Araguaína,1702,Araguaína
1701002,92193,Ananás,TO,1701,Ocidental do Tocantins,17001,Bico do Papagaio,170005,Araguaína,1702,Araguaína
1701051,73075,Angico,TO,1701,Ocidental do Tocantins,17001,Bico do Papagaio,170005,Araguaína,1702,Araguaína
1714302,94838,Nazaré,TO,1701,Ocidental do Tocantins,17001,Bico do Papagaio,170008,Tocantinópolis,1702,Araguaína
1712801,73059,Maurilândia do Tocantins,TO,1701,Ocidental do Tocantins,17001,Bico do Papagaio,170008,Tocantinópolis,1702,Araguaína
1720002,73539,Santa Terezinha do Tocantins,TO,1701,Ocidental do Tocantins,17001,Bico do Papagaio,170008,Tocantinópolis,1702,Araguaína
1721208,96210,Tocantinópolis,TO,1701,Ocidental do Tocantins,17001,Bico do Papagaio,170008,Tocantinópolis,1702,Araguaína
1700301,73512,Aguiarnópolis,TO,1701,Ocidental do Tocantins,17001,Bico do Papagaio,170008,Tocantinópolis,1702,Araguaína
1703826,73067,Cachoeirinha,TO,1701,Ocidental do Tocantins,17001,Bico do Papagaio,170008,Tocantinópolis,1702,Araguaína
1713809,73040,Palmeiras do Tocantins,TO,1701,Ocidental do Tocantins,17001,Bico do Papagaio,170008,Tocantinópolis,1702,Araguaína
1712454,73520,Luzinópolis,TO,1701,Ocidental do Tocantins,17001,Bico do Papagaio,170008,Tocantinópolis,1702,Araguaína
1702554,96857,Augustinópolis,TO,1701,Ocidental do Tocantins,17001,Bico do Papagaio,170009,Araguatins,1702,Araguaína
1702208,92436,Araguatins,TO,1701,Ocidental do Tocantins,17001,Bico do Papagaio,170009,Araguatins,1702,Araguaína
1703891,73423,Carrasco Bonito,TO,1701,Ocidental do Tocantins,17001,Bico do Papagaio,170009,Araguatins,1702,Araguaína
1720804,96130,Sítio Novo do Tocantins,TO,1701,Ocidental do Tocantins,17001,Bico do Papagaio,170009,Araguatins,1702,Araguaína
1718303,92525,Praia Norte,TO,1701,Ocidental do Tocantins,17001,Bico do Papagaio,170009,Araguatins,1702,Araguaína
1720101,73288,São Bento do Tocantins,TO,1701,Ocidental do Tocantins,17001,Bico do Papagaio,170009,Araguatins,1702,Araguaína
1703800,92045,Buriti do Tocantins,TO,1701,Ocidental do Tocantins,17001,Bico do Papagaio,170009,Araguatins,1702,Araguaína
1707405,73296,Esperantina,TO,1701,Ocidental do Tocantins,17001,Bico do Papagaio,170009,Araguatins,1702,Araguaína
1702901,92576,Axixá do Tocantins,TO,1701,Ocidental do Tocantins,17001,Bico do Papagaio,170009,Araguatins,1702,Araguaína
1720309,96032,São Sebastião do Tocantins,TO,1701,Ocidental do Tocantins,17001,Bico do Papagaio,170009,Araguatins,1702,Araguaína
1710706,94099,Itaguatins,TO,1701,Ocidental do Tocantins,17001,Bico do Papagaio,170009,Araguatins,1702,Araguaína
1718808,92541,Sampaio,TO,1701,Ocidental do Tocantins,17001,Bico do Papagaio,170009,Araguatins,1702,Araguaína
1720200,73180,São Miguel do Tocantins,TO,1701,Ocidental do Tocantins,17001,Bico do Papagaio,170009,Araguatins,1702,Araguaína
1716307,73261,Pau D'Arco,TO,1701,Ocidental do Tocantins,17002,Araguaína,170005,Araguaína,1702,Araguaína
1703008,92592,Babaçulândia,TO,1701,Ocidental do Tocantins,17002,Araguaína,170005,Araguaína,1702,Araguaína
1702158,73318,Araguanã,TO,1701,Ocidental do Tocantins,17002,Araguaína,170005,Araguaína,1702,Araguaína
1717206,73016,Piraquê,TO,1701,Ocidental do Tocantins,17002,Araguaína,170005,Araguaína,1702,Araguaína
1702307,92452,Arapoema,TO,1701,Ocidental do Tocantins,17002,Araguaína,170005,Araguaína,1702,Araguaína
1701309,73334,Aragominas,TO,1701,Ocidental do Tocantins,17002,Araguaína,170005,Araguaína,1702,Araguaína
1702109,92410,Araguaína,TO,1701,Ocidental do Tocantins,17002,Araguaína,170005,Araguaína,1702,Araguaína
1714880,96636,Nova Olinda,TO,1701,Ocidental do Tocantins,17002,Araguaína,170005,Araguaína,1702,Araguaína
1703883,73326,Carmolândia,TO,1701,Ocidental do Tocantins,17002,Araguaína,170005,Araguaína,1702,Araguaína
1707702,93556,Filadélfia,TO,1701,Ocidental do Tocantins,17002,Araguaína,170005,Araguaína,1702,Araguaína
1722107,96431,Xambioá,TO,1701,Ocidental do Tocantins,17002,Araguaína,170005,Araguaína,1702,Araguaína
1722081,96652,Wanderlândia,TO,1701,Ocidental do Tocantins,17002,Araguaína,170005,Araguaína,1702,Araguaína
1718865,73350,Santa Fé do Araguaia,TO,1701,Ocidental do Tocantins,17002,Araguaína,170005,Araguaína,1702,Araguaína
1713957,73342,Muricilândia,TO,1701,Ocidental do Tocantins,17002,Araguaína,170005,Araguaína,1702,Araguaína
1715705,73083,Palmeirante,TO,1701,Ocidental do Tocantins,17002,Araguaína,170007,Colinas do Tocantins,1702,Araguaína
1703057,73580,Bandeirantes do Tocantins,TO,1701,Ocidental do Tocantins,17002,Araguaína,170007,Colinas do Tocantins,1702,Araguaína
1705508,93114,Colinas do Tocantins,TO,1701,Ocidental do Tocantins,17002,Araguaína,170007,Colinas do Tocantins,1702,Araguaína
1703107,96997,Barrolândia,TO,1701,Ocidental do Tocantins,17003,Miracema do Tocantins,170003,Paraíso do Tocantins,1701,Palmas
1700251,73008,Abreulândia,TO,1701,Ocidental do Tocantins,17003,Miracema do Tocantins,170003,Paraíso do Tocantins,1701,Palmas
1707108,92185,Divinópolis do Tocantins,TO,1701,Ocidental do Tocantins,17003,Miracema do Tocantins,170003,Paraíso do Tocantins,1701,Palmas
1701903,92371,Araguacema,TO,1701,Ocidental do Tocantins,17003,Miracema do Tocantins,170003,Paraíso do Tocantins,1701,Palmas
1703909,92088,Caseara,TO,1701,Ocidental do Tocantins,17003,Miracema do Tocantins,170003,Paraíso do Tocantins,1701,Palmas
1712504,92304,Marianópolis do Tocantins,TO,1701,Ocidental do Tocantins,17003,Miracema do Tocantins,170003,Paraíso do Tocantins,1701,Palmas
1713700,73563,Monte Santo do Tocantins,TO,1701,Ocidental do Tocantins,17003,Miracema do Tocantins,170003,Paraíso do Tocantins,1701,Palmas
1718709,73415,Rio dos Bois,TO,1701,Ocidental do Tocantins,17003,Miracema do Tocantins,170004,Miracema do Tocantins,1701,Palmas
1713205,94617,Miracema do Tocantins,TO,1701,Ocidental do Tocantins,17003,Miracema do Tocantins,170004,Miracema do Tocantins,1701,Palmas
1707207,93459,Dois Irmãos do Tocantins,TO,1701,Ocidental do Tocantins,17003,Miracema do Tocantins,170004,Miracema do Tocantins,1701,Palmas
1713304,94633,Miranorte,TO,1701,Ocidental do Tocantins,17003,Miracema do Tocantins,170004,Miracema do Tocantins,1701,Palmas
1709302,96270,Guaraí,TO,1701,Ocidental do Tocantins,17003,Miracema do Tocantins,170006,Guaraí,1702,Araguaína
1708304,92240,Goianorte,TO,1701,Ocidental do Tocantins,17003,Miracema do Tocantins,170006,Guaraí,1702,Araguaína
1716703,95290,Colméia,TO,1701,Ocidental do Tocantins,17003,Miracema do Tocantins,170006,Guaraí,1702,Araguaína
1716653,92487,Pequizeiro,TO,1701,Ocidental do Tocantins,17003,Miracema do Tocantins,170006,Guaraí,1702,Araguaína
1706001,93211,Couto Magalhães,TO,1701,Ocidental do Tocantins,17003,Miracema do Tocantins,170006,Guaraí,1702,Araguaína
1718402,96296,Presidente Kennedy,TO,1701,Ocidental do Tocantins,17003,Miracema do Tocantins,170006,Guaraí,1702,Araguaína
1708254,73199,Fortaleza do Tabocão,TO,1701,Ocidental do Tocantins,17003,Miracema do Tocantins,170006,Guaraí,1702,Araguaína
1711100,94170,Itaporã do Tocantins,TO,1701,Ocidental do Tocantins,17003,Miracema do Tocantins,170006,Guaraí,1702,Araguaína
1721257,73458,Tupirama,TO,1701,Ocidental do Tocantins,17003,Miracema do Tocantins,170006,Guaraí,1702,Araguaína
1703206,92002,Bernardo Sayão,TO,1701,Ocidental do Tocantins,17003,Miracema do Tocantins,170007,Colinas do Tocantins,1702,Araguaína
1703602,73245,Brasilândia do Tocantins,TO,1701,Ocidental do Tocantins,17003,Miracema do Tocantins,170007,Colinas do Tocantins,1702,Araguaína
1721307,73237,Tupiratins,TO,1701,Ocidental do Tocantins,17003,Miracema do Tocantins,170007,Colinas do Tocantins,1702,Araguaína
1711803,73253,Juarina,TO,1701,Ocidental do Tocantins,17003,Miracema do Tocantins,170007,Colinas do Tocantins,1702,Araguaína
1707553,96830,Fátima,TO,1701,Ocidental do Tocantins,17004,Rio Formoso,170002,Porto Nacional,1701,Palmas
1715507,73466,Oliveira de Fátima,TO,1701,Ocidental do Tocantins,17004,Rio Formoso,170002,Porto Nacional,1701,Palmas
1711902,73385,Lagoa da Confusão,TO,1701,Ocidental do Tocantins,17004,Rio Formoso,170003,Paraíso do Tocantins,1701,Palmas
1715002,92401,Nova Rosalândia,TO,1701,Ocidental do Tocantins,17004,Rio Formoso,170003,Paraíso do Tocantins,1701,Palmas
1704600,73474,Chapada de Areia,TO,1701,Ocidental do Tocantins,17004,Rio Formoso,170003,Paraíso do Tocantins,1701,Palmas
1717503,95478,Pium,TO,1701,Ocidental do Tocantins,17004,Rio Formoso,170003,Paraíso do Tocantins,1701,Palmas
1718451,73571,Pugmil,TO,1701,Ocidental do Tocantins,17004,Rio Formoso,170003,Paraíso do Tocantins,1701,Palmas
1706100,93238,Cristalândia,TO,1701,Ocidental do Tocantins,17004,Rio Formoso,170003,Paraíso do Tocantins,1701,Palmas
1716109,95192,Paraíso do Tocantins,TO,1701,Ocidental do Tocantins,17004,Rio Formoso,170003,Paraíso do Tocantins,1701,Palmas
1702000,92398,Araguaçu,TO,1701,Ocidental do Tocantins,17004,Rio Formoso,170010,Gurupi,1703,Gurupi
1707306,93475,Dueré,TO,1701,Ocidental do Tocantins,17004,Rio Formoso,170010,Gurupi,1703,Gurupi
1708205,93653,Formoso do Araguaia,TO,1701,Ocidental do Tocantins,17004,Rio Formoso,170010,Gurupi,1703,Gurupi
1718840,73156,Sandolândia,TO,1701,Ocidental do Tocantins,17004,Rio Formoso,170010,Gurupi,1703,Gurupi
1703701,92738,Brejinho de Nazaré,TO,1701,Ocidental do Tocantins,17005,Gurupi,170002,Porto Nacional,1701,Palmas
1718899,73547,Santa Rita do Tocantins,TO,1701,Ocidental do Tocantins,17005,Gurupi,170002,Porto Nacional,1701,Palmas
1709500,93858,Gurupi,TO,1701,Ocidental do Tocantins,17005,Gurupi,170010,Gurupi,1703,Gurupi
1715754,96490,Palmeirópolis,TO,1701,Ocidental do Tocantins,17005,Gurupi,170010,Gurupi,1703,Gurupi
1703867,73300,Cariri do Tocantins,TO,1701,Ocidental do Tocantins,17005,Gurupi,170010,Gurupi,1703,Gurupi
1700707,92134,Alvorada,TO,1701,Ocidental do Tocantins,17005,Gurupi,170010,Gurupi,1703,Gurupi
1700350,96954,Aliança do Tocantins,TO,1701,Ocidental do Tocantins,17005,Gurupi,170010,Gurupi,1703,Gurupi
1706258,73555,Crixás do Tocantins,TO,1701,Ocidental do Tocantins,17005,Gurupi,170010,Gurupi,1703,Gurupi
1707652,96679,Figueirópolis,TO,1701,Ocidental do Tocantins,17005,Gurupi,170010,Gurupi,1703,Gurupi
1716604,95273,Peixe,TO,1701,Ocidental do Tocantins,17005,Gurupi,170010,Gurupi,1703,Gurupi
1720978,73504,Talismã,TO,1701,Ocidental do Tocantins,17005,Gurupi,170010,Gurupi,1703,Gurupi
1711506,73369,Jaú do Tocantins,TO,1701,Ocidental do Tocantins,17005,Gurupi,170010,Gurupi,1703,Gurupi
1720853,73377,Sucupira,TO,1701,Ocidental do Tocantins,17005,Gurupi,170010,Gurupi,1703,Gurupi
1720259,73393,São Salvador do Tocantins,TO,1701,Ocidental do Tocantins,17005,Gurupi,170010,Gurupi,1703,Gurupi
1701101,96970,Aparecida do Rio Negro,TO,1702,Oriental do Tocantins,17006,Porto Nacional,170001,Palmas,1701,Palmas
1712009,73407,Lajeado,TO,1702,Oriental do Tocantins,17006,Porto Nacional,170001,Palmas,1701,Palmas
1721000,73440,Palmas,TO,1702,Oriental do Tocantins,17006,Porto Nacional,170001,Palmas,1701,Palmas
1720655,96598,Silvanópolis,TO,1702,Oriental do Tocantins,17006,Porto Nacional,170002,Porto Nacional,1701,Palmas
1709807,73598,Ipueiras,TO,1702,Oriental do Tocantins,17006,Porto Nacional,170002,Porto Nacional,1701,Palmas
1713601,94692,Monte do Carmo,TO,1702,Oriental do Tocantins,17006,Porto Nacional,170002,Porto Nacional,1701,Palmas
1718204,95591,Porto Nacional,TO,1702,Oriental do Tocantins,17006,Porto Nacional,170002,Porto Nacional,1701,Palmas
1721109,96199,Tocantínia,TO,1702,Oriental do Tocantins,17006,Porto Nacional,170004,Miracema do Tocantins,1701,Palmas
1716505,95257,Pedro Afonso,TO,1702,Oriental do Tocantins,17006,Porto Nacional,170006,Guaraí,1702,Araguaína
1718881,73130,Santa Maria do Tocantins,TO,1702,Oriental do Tocantins,17006,Porto Nacional,170006,Guaraí,1702,Araguaína
1703305,73121,Bom Jesus do Tocantins,TO,1702,Oriental do Tocantins,17006,Porto Nacional,170006,Guaraí,1702,Araguaína
1712702,73270,Mateiros,TO,1702,Oriental do Tocantins,17007,Jalapão,170001,Palmas,1701,Palmas
1712405,95699,Lizarda,TO,1702,Oriental do Tocantins,17007,Jalapão,170001,Palmas,1701,Palmas
1715101,94994,Novo Acordo,TO,1702,Oriental do Tocantins,17007,Jalapão,170001,Palmas,1701,Palmas
1711951,73113,Lagoa do Tocantins,TO,1702,Oriental do Tocantins,17007,Jalapão,170001,Palmas,1701,Palmas
1718758,96792,Rio Sono,TO,1702,Oriental do Tocantins,17007,Jalapão,170001,Palmas,1701,Palmas
1720150,73105,São Félix do Tocantins,TO,1702,Oriental do Tocantins,17007,Jalapão,170001,Palmas,1701,Palmas
1719004,92606,Santa Tereza do Tocantins,TO,1702,Oriental do Tocantins,17007,Jalapão,170001,Palmas,1701,Palmas
1717909,95532,Ponte Alta do Tocantins,TO,1702,Oriental do Tocantins,17007,Jalapão,170002,Porto Nacional,1701,Palmas
1703842,73091,Campos Lindos,TO,1702,Oriental do Tocantins,17007,Jalapão,170005,Araguaína,1702,Araguaína
1709005,95338,Goiatins,TO,1702,Oriental do Tocantins,17007,Jalapão,170005,Araguaína,1702,Araguaína
1703073,73610,Barra do Ouro,TO,1702,Oriental do Tocantins,17007,Jalapão,170005,Araguaína,1702,Araguaína
1718501,73229,Recursolândia,TO,1702,Oriental do Tocantins,17007,Jalapão,170006,Guaraí,1702,Araguaína
1704105,73210,Centenário,TO,1702,Oriental do Tocantins,17007,Jalapão,170006,Guaraí,1702,Araguaína
1710508,94056,Itacajá,TO,1702,Oriental do Tocantins,17007,Jalapão,170007,Colinas do Tocantins,1702,Araguaína
1710904,73202,Itapiratins,TO,1702,Oriental do Tocantins,17007,Jalapão,170007,Colinas do Tocantins,1702,Araguaína
1717008,95370,Pindorama do Tocantins,TO,1702,Oriental do Tocantins,17008,Dianópolis,170002,Porto Nacional,1701,Palmas
1714203,94811,Natividade,TO,1702,Oriental do Tocantins,17008,Dianópolis,170002,Porto Nacional,1701,Palmas
1705102,73482,Chapada da Natividade,TO,1702,Oriental do Tocantins,17008,Dianópolis,170002,Porto Nacional,1701,Palmas
1718907,92584,Santa Rosa do Tocantins,TO,1702,Oriental do Tocantins,17008,Dianópolis,170002,Porto Nacional,1701,Palmas
1720499,92681,São Valério,TO,1702,Oriental do Tocantins,17008,Dianópolis,170010,Gurupi,1703,Gurupi
1716208,95214,Paranã,TO,1702,Oriental do Tocantins,17008,Dianópolis,170010,Gurupi,1703,Gurupi
1707009,93416,Dianópolis,TO,1702,Oriental do Tocantins,17008,Dianópolis,170011,Dianópolis,1703,Gurupi
1700400,92070,Almas,TO,1702,Oriental do Tocantins,17008,Dianópolis,170011,Dianópolis,1703,Gurupi
1718006,92509,Porto Alegre do Tocantins,TO,1702,Oriental do Tocantins,17008,Dianópolis,170011,Dianópolis,1703,Gurupi
1715259,73172,Novo Jardim,TO,1702,Oriental do Tocantins,17008,Dianópolis,170011,Dianópolis,1703,Gurupi
1720903,96156,Taguatinga,TO,1702,Oriental do Tocantins,17008,Dianópolis,170011,Dianópolis,1703,Gurupi
1705607,93130,Conceição do Tocantins,TO,1702,Oriental do Tocantins,17008,Dianópolis,170011,Dianópolis,1703,Gurupi
1702703,92533,Aurora do Tocantins,TO,1702,Oriental do Tocantins,17008,Dianópolis,170011,Dianópolis,1703,Gurupi
1720937,73164,Taipas do Tocantins,TO,1702,Oriental do Tocantins,17008,Dianópolis,170011,Dianópolis,1703,Gurupi
1705557,92142,Combinado,TO,1702,Oriental do Tocantins,17008,Dianópolis,170011,Dianópolis,1703,Gurupi
1702406,92479,Arraias,TO,1702,Oriental do Tocantins,17008,Dianópolis,170011,Dianópolis,1703,Gurupi
1718659,73431,Rio da Conceição,TO,1702,Oriental do Tocantins,17008,Dianópolis,170011,Dianópolis,1703,Gurupi
1712157,73601,Lavandeira,TO,1702,Oriental do Tocantins,17008,Dianópolis,170011,Dianópolis,1703,Gurupi
1717800,95516,Ponte Alta do Bom Jesus,TO,1702,Oriental do Tocantins,17008,Dianópolis,170011,Dianópolis,1703,Gurupi
1715150,73148,Novo Alegre,TO,1702,Oriental do Tocantins,17008,Dianópolis,170011,Dianópolis,1703,Gurupi
2100204,7030,Alcântara,MA,2101,Norte Maranhense,21001,Litoral Ocidental Maranhense,210001,São Luís,2101,São Luís
2101350,7145,Bacurituba,MA,2101,Norte Maranhense,21001,Litoral Ocidental Maranhense,210002,Pinheiro,2101,São Luís
2101905,7374,Bequimão,MA,2101,Norte Maranhense,21001,Litoral Ocidental Maranhense,210002,Pinheiro,2101,São Luís
2102408,7455,Cajapió,MA,2101,Norte Maranhense,21001,Litoral Ocidental Maranhense,210005,Viana,2101,São Luís
2103125,7420,Central do Maranhão,MA,2101,Norte Maranhense,21001,Litoral Ocidental Maranhense,210008,Cururupu,2101,São Luís
2111789,8524,Serrano do Maranhão,MA,2101,Norte Maranhense,21001,Litoral Ocidental Maranhense,210008,Cururupu,2101,São Luís
2109056,8109,Porto Rico do Maranhão,MA,2101,Norte Maranhense,21001,Litoral Ocidental Maranhense,210008,Cururupu,2101,São Luís
2103703,7714,Cururupu,MA,2101,Norte Maranhense,21001,Litoral Ocidental Maranhense,210008,Cururupu,2101,São Luís
2100832,7064,Apicum-Açu,MA,2101,Norte Maranhense,21001,Litoral Ocidental Maranhense,210008,Cururupu,2101,São Luís
2101301,7250,Bacuri,MA,2101,Norte Maranhense,21001,Litoral Ocidental Maranhense,210008,Cururupu,2101,São Luís
2106805,8354,Mirinzal,MA,2101,Norte Maranhense,21001,Litoral Ocidental Maranhense,210008,Cururupu,2101,São Luís
2103109,7595,Cedral,MA,2101,Norte Maranhense,21001,Litoral Ocidental Maranhense,210008,Cururupu,2101,São Luís
2104909,7951,Guimarães,MA,2101,Norte Maranhense,21001,Litoral Ocidental Maranhense,210008,Cururupu,2101,São Luís
2111201,8893,São José de Ribamar,MA,2101,Norte Maranhense,21002,Aglomeração Urbana de São Luís,210001,São Luís,2101,São Luís
2111300,9210,São Luís,MA,2101,Norte Maranhense,21002,Aglomeração Urbana de São Luís,210001,São Luís,2101,São Luís
2109452,8168,Raposa,MA,2101,Norte Maranhense,21002,Aglomeração Urbana de São Luís,210001,São Luís,2101,São Luís
2107506,8494,Paço do Lumiar,MA,2101,Norte Maranhense,21002,Aglomeração Urbana de São Luís,210001,São Luís,2101,São Luís
2107100,8419,Morros,MA,2101,Norte Maranhense,21003,Rosário,210001,São Luís,2101,São Luís
2109601,8915,Rosário,MA,2101,Norte Maranhense,21003,Rosário,210001,São Luís,2101,São Luís
2109205,8818,Presidente Juscelino,MA,2101,Norte Maranhense,21003,Rosário,210001,São Luís,2101,São Luís
2105104,7994,Icatu,MA,2101,Norte Maranhense,21003,Rosário,210001,São Luís,2101,São Luís
2102374,7226,Cachoeira Grande,MA,2101,Norte Maranhense,21003,Rosário,210001,São Luís,2101,São Luís
2101251,7129,Bacabeira,MA,2101,Norte Maranhense,21003,Rosário,210001,São Luís,2101,São Luís
2110203,9016,Santa Rita,MA,2101,Norte Maranhense,21003,Rosário,210001,São Luís,2101,São Luís
2101103,7218,Axixá,MA,2101,Norte Maranhense,21003,Rosário,210001,São Luís,2101,São Luís
2109403,8850,Primeira Cruz,MA,2101,Norte Maranhense,21004,Lençóis Maranhenses,210006,Barreirinhas,2101,São Luís
2101707,7331,Barreirinhas,MA,2101,Norte Maranhense,21004,Lençóis Maranhenses,210006,Barreirinhas,2101,São Luís
2110278,8249,Santo Amaro do Maranhão,MA,2101,Norte Maranhense,21004,Lençóis Maranhenses,210006,Barreirinhas,2101,São Luís
2105005,7978,Humberto de Campos,MA,2101,Norte Maranhense,21004,Lençóis Maranhenses,210006,Barreirinhas,2101,São Luís
2108058,8044,Paulino Neves,MA,2101,Norte Maranhense,21004,Lençóis Maranhenses,210007,Tutóia - Araioses,2101,São Luís
2112506,9431,Tutóia,MA,2101,Norte Maranhense,21004,Lençóis Maranhenses,210007,Tutóia - Araioses,2101,São Luís
2109270,8141,Presidente Sarney,MA,2101,Norte Maranhense,21005,Baixada Maranhense,210002,Pinheiro,2101,São Luís
2110500,9075,São Bento,MA,2101,Norte Maranhense,21005,Baixada Maranhense,210002,Pinheiro,2101,São Luís
2108603,8699,Pinheiro,MA,2101,Norte Maranhense,21005,Baixada Maranhense,210002,Pinheiro,2101,São Luís
2109809,8958,Santa Helena,MA,2101,Norte Maranhense,21005,Baixada Maranhense,210002,Pinheiro,2101,São Luís
2108256,8060,Pedro do Rosário,MA,2101,Norte Maranhense,21005,Baixada Maranhense,210002,Pinheiro,2101,São Luís
2108405,8656,Peri Mirim,MA,2101,Norte Maranhense,21005,Baixada Maranhense,210002,Pinheiro,2101,São Luís
2107605,8516,Palmeirândia,MA,2101,Norte Maranhense,21005,Baixada Maranhense,210002,Pinheiro,2101,São Luís
2100709,7137,Anajatuba,MA,2101,Norte Maranhense,21005,Baixada Maranhense,210004,Itapecuru Mirim,2101,São Luís
2101004,7196,Arari,MA,2101,Norte Maranhense,21005,Baixada Maranhense,210005,Viana,2101,São Luís
2111003,9172,São João Batista,MA,2101,Norte Maranhense,21005,Baixada Maranhense,210005,Viana,2101,São Luís
2107456,8028,Olinda Nova do Maranhão,MA,2101,Norte Maranhense,21005,Baixada Maranhense,210005,Viana,2101,São Luís
2108306,8630,Penalva,MA,2101,Norte Maranhense,21005,Baixada Maranhense,210005,Viana,2101,São Luís
2111706,9270,São Vicente Ferrer,MA,2101,Norte Maranhense,21005,Baixada Maranhense,210005,Viana,2101,São Luís
2112803,9490,Viana,MA,2101,Norte Maranhense,21005,Baixada Maranhense,210005,Viana,2101,São Luís
2106508,8290,Matinha,MA,2101,Norte Maranhense,21005,Baixada Maranhense,210005,Viana,2101,São Luís
2102507,7471,Cajari,MA,2101,Norte Maranhense,21005,Baixada Maranhense,210005,Viana,2101,São Luís
2112902,9512,Vitória do Mearim,MA,2101,Norte Maranhense,21005,Baixada Maranhense,210005,Viana,2101,São Luís
2105153,7684,Igarapé do Meio,MA,2101,Norte Maranhense,21005,Baixada Maranhense,210009,Santa Inês,2102,Santa Inês - Bacabal
2101772,7188,Bela Vista do Maranhão,MA,2101,Norte Maranhense,21005,Baixada Maranhense,210009,Santa Inês,2102,Santa Inês - Bacabal
2106904,8370,Monção,MA,2101,Norte Maranhense,21005,Baixada Maranhense,210009,Santa Inês,2102,Santa Inês - Bacabal
2103554,7501,Conceição do Lago-Açu,MA,2101,Norte Maranhense,21005,Baixada Maranhense,210010,Bacabal,2102,Santa Inês - Bacabal
2105401,8079,Itapecuru Mirim,MA,2101,Norte Maranhense,21006,Itapecuru Mirim,210004,Itapecuru Mirim,2101,São Luís
2106755,9695,Miranda do Norte,MA,2101,Norte Maranhense,21006,Itapecuru Mirim,210004,Itapecuru Mirim,2101,São Luís
2109304,8834,Presidente Vargas,MA,2101,Norte Maranhense,21006,Itapecuru Mirim,210004,Itapecuru Mirim,2101,São Luís
2108801,8737,Pirapemas,MA,2101,Norte Maranhense,21006,Itapecuru Mirim,210004,Itapecuru Mirim,2101,São Luís
2112704,9474,Vargem Grande,MA,2101,Norte Maranhense,21006,Itapecuru Mirim,210004,Itapecuru Mirim,2101,São Luís
2102705,7510,Cantanhede,MA,2101,Norte Maranhense,21006,Itapecuru Mirim,210004,Itapecuru Mirim,2101,São Luís
2107209,8435,Nina Rodrigues,MA,2101,Norte Maranhense,21006,Itapecuru Mirim,210004,Itapecuru Mirim,2101,São Luís
2106631,7943,Matões do Norte,MA,2101,Norte Maranhense,21006,Itapecuru Mirim,210004,Itapecuru Mirim,2101,São Luís
2112456,8605,Turilândia,MA,2102,Oeste Maranhense,21007,Gurupi,210002,Pinheiro,2101,São Luís
2112407,9415,Turiaçu,MA,2102,Oeste Maranhense,21007,Gurupi,210002,Pinheiro,2101,São Luís
2106201,8230,Luís Domingues,MA,2102,Oeste Maranhense,21007,Gurupi,210011,Governador Nunes Freire,2102,Santa Inês - Bacabal
2102903,7552,Carutapera,MA,2102,Oeste Maranhense,21007,Gurupi,210011,Governador Nunes Freire,2102,Santa Inês - Bacabal
2104677,7668,Governador Nunes Freire,MA,2102,Oeste Maranhense,21007,Gurupi,210011,Governador Nunes Freire,2102,Santa Inês - Bacabal
2101970,7323,Boa Vista do Gurupi,MA,2102,Oeste Maranhense,21007,Gurupi,210011,Governador Nunes Freire,2102,Santa Inês - Bacabal
2103174,7463,Centro Novo do Maranhão,MA,2102,Oeste Maranhense,21007,Gurupi,210011,Governador Nunes Freire,2102,Santa Inês - Bacabal
2105658,7781,Junco do Maranhão,MA,2102,Oeste Maranhense,21007,Gurupi,210011,Governador Nunes Freire,2102,Santa Inês - Bacabal
2100550,7080,Amapá do Maranhão,MA,2102,Oeste Maranhense,21007,Gurupi,210011,Governador Nunes Freire,2102,Santa Inês - Bacabal
2102606,7498,Cândido Mendes,MA,2102,Oeste Maranhense,21007,Gurupi,210011,Governador Nunes Freire,2102,Santa Inês - Bacabal
2104305,7838,Godofredo Viana,MA,2102,Oeste Maranhense,21007,Gurupi,210011,Governador Nunes Freire,2102,Santa Inês - Bacabal
2103158,7447,Centro do Guilherme,MA,2102,Oeste Maranhense,21007,Gurupi,210011,Governador Nunes Freire,2102,Santa Inês - Bacabal
2106326,7889,Maracaçumé,MA,2102,Oeste Maranhense,21007,Gurupi,210011,Governador Nunes Freire,2102,Santa Inês - Bacabal
2106375,7927,Maranhãozinho,MA,2102,Oeste Maranhense,21007,Gurupi,210011,Governador Nunes Freire,2102,Santa Inês - Bacabal
2114007,9717,Zé Doca,MA,2102,Oeste Maranhense,21008,Pindaré,210009,Santa Inês,2102,Santa Inês - Bacabal
2109908,9571,Santa Inês,MA,2102,Oeste Maranhense,21008,Pindaré,210009,Santa Inês,2102,Santa Inês - Bacabal
2104651,7641,Governador Newton Bello,MA,2102,Oeste Maranhense,21008,Pindaré,210009,Santa Inês,2102,Santa Inês - Bacabal
2111029,8303,São João do Carú,MA,2102,Oeste Maranhense,21008,Pindaré,210009,Santa Inês,2102,Santa Inês - Bacabal
2100477,7048,Alto Alegre do Pindaré,MA,2102,Oeste Maranhense,21008,Pindaré,210009,Santa Inês,2102,Santa Inês - Bacabal
2107357,8001,Nova Olinda do Maranhão,MA,2102,Oeste Maranhense,21008,Pindaré,210009,Santa Inês,2102,Santa Inês - Bacabal
2108504,8672,Pindaré-Mirim,MA,2102,Oeste Maranhense,21008,Pindaré,210009,Santa Inês,2102,Santa Inês - Bacabal
2110005,8974,Santa Luzia,MA,2102,Oeste Maranhense,21008,Pindaré,210009,Santa Inês,2102,Santa Inês - Bacabal
2100873,7102,Araguanã,MA,2102,Oeste Maranhense,21008,Pindaré,210009,Santa Inês,2102,Santa Inês - Bacabal
2112274,8583,Tufilândia,MA,2102,Oeste Maranhense,21008,Pindaré,210009,Santa Inês,2102,Santa Inês - Bacabal
2102002,9555,Bom Jardim,MA,2102,Oeste Maranhense,21008,Pindaré,210009,Santa Inês,2102,Santa Inês - Bacabal
2105963,7846,Lagoa Grande do Maranhão,MA,2102,Oeste Maranhense,21008,Pindaré,210010,Bacabal,2102,Santa Inês - Bacabal
2113009,9539,Vitorino Freire,MA,2102,Oeste Maranhense,21008,Pindaré,210010,Bacabal,2102,Santa Inês - Bacabal
2108108,9598,Paulo Ramos,MA,2102,Oeste Maranhense,21008,Pindaré,210010,Bacabal,2102,Santa Inês - Bacabal
2105708,8133,Lago da Pedra,MA,2102,Oeste Maranhense,21008,Pindaré,210010,Bacabal,2102,Santa Inês - Bacabal
2106359,7900,Marajá do Sena,MA,2102,Oeste Maranhense,21008,Pindaré,210010,Bacabal,2102,Santa Inês - Bacabal
2102150,7307,Brejo de Areia,MA,2102,Oeste Maranhense,21008,Pindaré,210010,Bacabal,2102,Santa Inês - Bacabal
2100402,7072,Altamira do Maranhão,MA,2102,Oeste Maranhense,21008,Pindaré,210010,Bacabal,2102,Santa Inês - Bacabal
2110039,9652,Santa Luzia do Paruá,MA,2102,Oeste Maranhense,21008,Pindaré,210011,Governador Nunes Freire,2102,Santa Inês - Bacabal
2109239,8125,Presidente Médici,MA,2102,Oeste Maranhense,21008,Pindaré,210011,Governador Nunes Freire,2102,Santa Inês - Bacabal
2102036,7269,Bom Jesus das Selvas,MA,2102,Oeste Maranhense,21008,Pindaré,210021,Açailândia,2105,Imperatriz
2102325,7340,Buriticupu,MA,2102,Oeste Maranhense,21008,Pindaré,210021,Açailândia,2105,Imperatriz
2103257,7480,Cidelândia,MA,2102,Oeste Maranhense,21009,Imperatriz,210019,Imperatriz,2105,Imperatriz
2107001,8397,Montes Altos,MA,2102,Oeste Maranhense,21009,Imperatriz,210019,Imperatriz,2105,Imperatriz
2112852,8621,Vila Nova dos Martírios,MA,2102,Oeste Maranhense,21009,Imperatriz,210019,Imperatriz,2105,Imperatriz
2111532,8389,São Pedro da Água Branca,MA,2102,Oeste Maranhense,21009,Imperatriz,210019,Imperatriz,2105,Imperatriz
2105989,7862,Lajeado Novo,MA,2102,Oeste Maranhense,21009,Imperatriz,210019,Imperatriz,2105,Imperatriz
2103752,7242,Davinópolis,MA,2102,Oeste Maranhense,21009,Imperatriz,210019,Imperatriz,2105,Imperatriz
2102358,7366,Buritirana,MA,2102,Oeste Maranhense,21009,Imperatriz,210019,Imperatriz,2105,Imperatriz
2109551,8184,Ribamar Fiquene,MA,2102,Oeste Maranhense,21009,Imperatriz,210019,Imperatriz,2105,Imperatriz
2100600,7110,Amarante do Maranhão,MA,2102,Oeste Maranhense,21009,Imperatriz,210019,Imperatriz,2105,Imperatriz
2104552,7609,Governador Edison Lobão,MA,2102,Oeste Maranhense,21009,Imperatriz,210019,Imperatriz,2105,Imperatriz
2111763,8508,Senador La Rocque,MA,2102,Oeste Maranhense,21009,Imperatriz,210019,Imperatriz,2105,Imperatriz
2105302,8036,Imperatriz,MA,2102,Oeste Maranhense,21009,Imperatriz,210019,Imperatriz,2105,Imperatriz
2105500,8095,João Lisboa,MA,2102,Oeste Maranhense,21009,Imperatriz,210019,Imperatriz,2105,Imperatriz
2105427,7722,Itinga do Maranhão,MA,2102,Oeste Maranhense,21009,Imperatriz,210021,Açailândia,2105,Imperatriz
2100055,9610,Açailândia,MA,2102,Oeste Maranhense,21009,Imperatriz,210021,Açailândia,2105,Imperatriz
2110856,8281,São Francisco do Brejão,MA,2102,Oeste Maranhense,21009,Imperatriz,210021,Açailândia,2105,Imperatriz
2108702,8710,Pio XII,MA,2103,Centro Maranhense,21010,Médio Mearim,210009,Santa Inês,2102,Santa Inês - Bacabal
2102077,7285,Bom Lugar,MA,2103,Centro Maranhense,21010,Médio Mearim,210010,Bacabal,2102,Santa Inês - Bacabal
2105906,8176,Lago Verde,MA,2103,Centro Maranhense,21010,Médio Mearim,210010,Bacabal,2102,Santa Inês - Bacabal
2111722,8460,Satubinha,MA,2103,Centro Maranhense,21010,Médio Mearim,210010,Bacabal,2102,Santa Inês - Bacabal
2107407,8478,Olho d'Água das Cunhãs,MA,2103,Centro Maranhense,21010,Médio Mearim,210010,Bacabal,2102,Santa Inês - Bacabal
2101202,7234,Bacabal,MA,2103,Centro Maranhense,21010,Médio Mearim,210010,Bacabal,2102,Santa Inês - Bacabal
2111508,9237,São Mateus do Maranhão,MA,2103,Centro Maranhense,21010,Médio Mearim,210010,Bacabal,2102,Santa Inês - Bacabal
2111409,8052,São Luís Gonzaga do Maranhão,MA,2103,Centro Maranhense,21010,Médio Mearim,210010,Bacabal,2102,Santa Inês - Bacabal
2101939,7200,Bernardo do Mearim,MA,2103,Centro Maranhense,21010,Médio Mearim,210012,Pedreiras,2102,Santa Inês - Bacabal
2105807,8150,Lago do Junco,MA,2103,Centro Maranhense,21010,Médio Mearim,210012,Pedreiras,2102,Santa Inês - Bacabal
2105948,7803,Lago dos Rodrigues,MA,2103,Centro Maranhense,21010,Médio Mearim,210012,Pedreiras,2102,Santa Inês - Bacabal
2111672,8443,São Roberto,MA,2103,Centro Maranhense,21010,Médio Mearim,210012,Pedreiras,2102,Santa Inês - Bacabal
2106003,8192,Lima Campos,MA,2103,Centro Maranhense,21010,Médio Mearim,210012,Pedreiras,2102,Santa Inês - Bacabal
2112233,8567,Trizidela do Vale,MA,2103,Centro Maranhense,21010,Médio Mearim,210012,Pedreiras,2102,Santa Inês - Bacabal
2108207,8613,Pedreiras,MA,2103,Centro Maranhense,21010,Médio Mearim,210012,Pedreiras,2102,Santa Inês - Bacabal
2105203,8010,Igarapé Grande,MA,2103,Centro Maranhense,21010,Médio Mearim,210012,Pedreiras,2102,Santa Inês - Bacabal
2104008,7773,Esperantinópolis,MA,2103,Centro Maranhense,21010,Médio Mearim,210012,Pedreiras,2102,Santa Inês - Bacabal
2111631,8427,São Raimundo do Doca Bezerra,MA,2103,Centro Maranhense,21010,Médio Mearim,210012,Pedreiras,2102,Santa Inês - Bacabal
2108900,8753,Poção de Pedras,MA,2103,Centro Maranhense,21010,Médio Mearim,210012,Pedreiras,2102,Santa Inês - Bacabal
2110302,9032,Santo Antônio dos Lopes,MA,2103,Centro Maranhense,21010,Médio Mearim,210012,Pedreiras,2102,Santa Inês - Bacabal
2105609,8117,Joselândia,MA,2103,Centro Maranhense,21011,Alto Mearim e Grajaú,210012,Pedreiras,2102,Santa Inês - Bacabal
2109759,8206,Santa Filomena do Maranhão,MA,2103,Centro Maranhense,21011,Alto Mearim e Grajaú,210016,Presidente Dutra,2104,Presidente Dutra
2112308,9393,Tuntum,MA,2103,Centro Maranhense,21011,Alto Mearim e Grajaú,210016,Presidente Dutra,2104,Presidente Dutra
2104099,7560,Formosa da Serra Negra,MA,2103,Centro Maranhense,21011,Alto Mearim e Grajaú,210020,Barra do Corda,2105,Imperatriz
2111805,9296,Sítio Novo,MA,2103,Centro Maranhense,21011,Alto Mearim e Grajaú,210020,Barra do Corda,2105,Imperatriz
2104081,7544,Fernando Falcão,MA,2103,Centro Maranhense,21011,Alto Mearim e Grajaú,210020,Barra do Corda,2105,Imperatriz
2101608,7315,Barra do Corda,MA,2103,Centro Maranhense,21011,Alto Mearim e Grajaú,210020,Barra do Corda,2105,Imperatriz
2105351,7706,Itaipava do Grajaú,MA,2103,Centro Maranhense,21011,Alto Mearim e Grajaú,210020,Barra do Corda,2105,Imperatriz
2104800,7935,Grajaú,MA,2103,Centro Maranhense,21011,Alto Mearim e Grajaú,210020,Barra do Corda,2105,Imperatriz
2100956,9679,Arame,MA,2103,Centro Maranhense,21011,Alto Mearim e Grajaú,210020,Barra do Corda,2105,Imperatriz
2105476,7765,Jenipapo dos Vieiras,MA,2103,Centro Maranhense,21011,Alto Mearim e Grajaú,210020,Barra do Corda,2105,Imperatriz
2109106,8796,Presidente Dutra,MA,2103,Centro Maranhense,21012,Presidente Dutra,210016,Presidente Dutra,2104,Presidente Dutra
2104602,7897,Governador Eugênio Barros,MA,2103,Centro Maranhense,21012,Presidente Dutra,210016,Presidente Dutra,2104,Presidente Dutra
2104404,7854,Gonçalves Dias,MA,2103,Centro Maranhense,21012,Presidente Dutra,210016,Presidente Dutra,2104,Presidente Dutra
2104503,7870,Governador Archer,MA,2103,Centro Maranhense,21012,Presidente Dutra,210016,Presidente Dutra,2104,Presidente Dutra
2104701,7919,Graça Aranha,MA,2103,Centro Maranhense,21012,Presidente Dutra,210016,Presidente Dutra,2104,Presidente Dutra
2111748,8486,Senador Alexandre Costa,MA,2103,Centro Maranhense,21012,Presidente Dutra,210016,Presidente Dutra,2104,Presidente Dutra
2104206,7811,Fortuna,MA,2103,Centro Maranhense,21012,Presidente Dutra,210016,Presidente Dutra,2104,Presidente Dutra
2104628,7625,Governador Luiz Rocha,MA,2103,Centro Maranhense,21012,Presidente Dutra,210016,Presidente Dutra,2104,Presidente Dutra
2103802,7730,Dom Pedro,MA,2103,Centro Maranhense,21012,Presidente Dutra,210016,Presidente Dutra,2104,Presidente Dutra
2111250,8362,São José dos Basílios,MA,2103,Centro Maranhense,21012,Presidente Dutra,210016,Presidente Dutra,2104,Presidente Dutra
2110708,9113,São Domingos do Maranhão,MA,2103,Centro Maranhense,21012,Presidente Dutra,210016,Presidente Dutra,2104,Presidente Dutra
2110104,8990,Santa Quitéria do Maranhão,MA,2104,Leste Maranhense,21013,Baixo Parnaíba Maranhense,210003,Chapadinha,2101,São Luís
2106300,8257,Magalhães de Almeida,MA,2104,Leste Maranhense,21013,Baixo Parnaíba Maranhense,210007,Tutóia - Araioses,2101,São Luís
2100154,7005,Água Doce do Maranhão,MA,2104,Leste Maranhense,21013,Baixo Parnaíba Maranhense,210007,Tutóia - Araioses,2101,São Luís
2110237,8222,Santana do Maranhão,MA,2104,Leste Maranhense,21013,Baixo Parnaíba Maranhense,210007,Tutóia - Araioses,2101,São Luís
2110609,9091,São Bernardo,MA,2104,Leste Maranhense,21013,Baixo Parnaíba Maranhense,210007,Tutóia - Araioses,2101,São Luís
2100907,7170,Araioses,MA,2104,Leste Maranhense,21013,Baixo Parnaíba Maranhense,210007,Tutóia - Araioses,2101,São Luís
2101731,7161,Belágua,MA,2104,Leste Maranhense,21014,Chapadinha,210003,Chapadinha,2101,São Luís
2110401,9059,São Benedito do Rio Preto,MA,2104,Leste Maranhense,21014,Chapadinha,210003,Chapadinha,2101,São Luís
2103208,7617,Chapadinha,MA,2104,Leste Maranhense,21014,Chapadinha,210003,Chapadinha,2101,São Luís
2106672,7960,Milagres do Maranhão,MA,2104,Leste Maranhense,21014,Chapadinha,210003,Chapadinha,2101,São Luís
2112605,9458,Urbano Santos,MA,2104,Leste Maranhense,21014,Chapadinha,210003,Chapadinha,2101,São Luís
2102101,7390,Brejo,MA,2104,Leste Maranhense,21014,Chapadinha,210003,Chapadinha,2101,São Luís
2106409,8273,Mata Roma,MA,2104,Leste Maranhense,21014,Chapadinha,210003,Chapadinha,2101,São Luís
2100808,7153,Anapurus,MA,2104,Leste Maranhense,21014,Chapadinha,210003,Chapadinha,2101,São Luís
2102200,7412,Buriti,MA,2104,Leste Maranhense,21014,Chapadinha,210003,Chapadinha,2101,São Luís
2100436,7021,Alto Alegre do Maranhão,MA,2104,Leste Maranhense,21015,Codó,210010,Bacabal,2102,Santa Inês - Bacabal
2102754,7404,Capinzal do Norte,MA,2104,Leste Maranhense,21015,Codó,210012,Pedreiras,2102,Santa Inês - Bacabal
2108454,8087,Peritoró,MA,2104,Leste Maranhense,21015,Codó,210015,Codó,2103,Caxias
2112100,9350,Timbiras,MA,2104,Leste Maranhense,21015,Codó,210015,Codó,2103,Caxias
2103307,7633,Codó,MA,2104,Leste Maranhense,21015,Codó,210015,Codó,2103,Caxias
2103604,7692,Coroatá,MA,2104,Leste Maranhense,21015,Codó,210015,Codó,2103,Caxias
2103901,7757,Duque Bacelar,MA,2104,Leste Maranhense,21016,Coelho Neto,210013,Caxias,2103,Caxias
2103406,7650,Coelho Neto,MA,2104,Leste Maranhense,21016,Coelho Neto,210013,Caxias,2103,Caxias
2100105,7013,Afonso Cunha,MA,2104,Leste Maranhense,21016,Coelho Neto,210013,Caxias,2103,Caxias
2100303,7056,Aldeias Altas,MA,2104,Leste Maranhense,21016,Coelho Neto,210013,Caxias,2103,Caxias
2111078,8346,São João do Soter,MA,2104,Leste Maranhense,21017,Caxias,210013,Caxias,2103,Caxias
2103000,7579,Caxias,MA,2104,Leste Maranhense,21017,Caxias,210013,Caxias,2103,Caxias
2112209,9377,Timon,MA,2104,Leste Maranhense,21017,Caxias,210014,Timon,2103,Caxias
2106607,8311,Matões,MA,2104,Leste Maranhense,21017,Caxias,210014,Timon,2103,Caxias
2102309,7439,Buriti Bravo,MA,2104,Leste Maranhense,21017,Caxias,210014,Timon,2103,Caxias
2107803,8559,Parnarama,MA,2104,Leste Maranhense,21017,Caxias,210014,Timon,2103,Caxias
2105922,7820,Lagoa do Mato,MA,2104,Leste Maranhense,21018,Chapadas do Alto Itapecuru,210017,São João dos Patos,2104,Presidente Dutra
2108009,8591,Pastos Bons,MA,2104,Leste Maranhense,21018,Chapadas do Alto Itapecuru,210017,São João dos Patos,2104,Presidente Dutra
2110906,9156,São Francisco do Maranhão,MA,2104,Leste Maranhense,21018,Chapadas do Alto Itapecuru,210017,São João dos Patos,2104,Presidente Dutra
2101509,7293,Barão de Grajaú,MA,2104,Leste Maranhense,21018,Chapadas do Alto Itapecuru,210017,São João dos Patos,2104,Presidente Dutra
2107902,8575,Passagem Franca,MA,2104,Leste Maranhense,21018,Chapadas do Alto Itapecuru,210017,São João dos Patos,2104,Presidente Dutra
2111102,9199,São João dos Patos,MA,2104,Leste Maranhense,21018,Chapadas do Alto Itapecuru,210017,São João dos Patos,2104,Presidente Dutra
2111953,8540,Sucupira do Riachão,MA,2104,Leste Maranhense,21018,Chapadas do Alto Itapecuru,210017,São João dos Patos,2104,Presidente Dutra
2107308,8451,Nova Iorque,MA,2104,Leste Maranhense,21018,Chapadas do Alto Itapecuru,210017,São João dos Patos,2104,Presidente Dutra
2107704,8532,Paraibano,MA,2104,Leste Maranhense,21018,Chapadas do Alto Itapecuru,210017,São João dos Patos,2104,Presidente Dutra
2111904,9318,Sucupira do Norte,MA,2104,Leste Maranhense,21018,Chapadas do Alto Itapecuru,210018,Colinas,2104,Presidente Dutra
2106706,8338,Mirador,MA,2104,Leste Maranhense,21018,Chapadas do Alto Itapecuru,210018,Colinas,2104,Presidente Dutra
2105450,7749,Jatobá,MA,2104,Leste Maranhense,21018,Chapadas do Alto Itapecuru,210018,Colinas,2104,Presidente Dutra
2103505,7676,Colinas,MA,2104,Leste Maranhense,21018,Chapadas do Alto Itapecuru,210018,Colinas,2104,Presidente Dutra
2102556,7382,Campestre do Maranhão,MA,2105,Sul Maranhense,21019,Porto Franco,210019,Imperatriz,2105,Imperatriz
2111052,8320,São João do Paraíso,MA,2105,Sul Maranhense,21019,Porto Franco,210019,Imperatriz,2105,Imperatriz
2104057,9636,Estreito,MA,2105,Sul Maranhense,21019,Porto Franco,210019,Imperatriz,2105,Imperatriz
2109007,8770,Porto Franco,MA,2105,Sul Maranhense,21019,Porto Franco,210019,Imperatriz,2105,Imperatriz
2111573,8400,São Pedro dos Crentes,MA,2105,Sul Maranhense,21019,Porto Franco,210020,Barra do Corda,2105,Imperatriz
2102804,7536,Carolina,MA,2105,Sul Maranhense,21019,Porto Franco,210022,Balsas,2105,Imperatriz
2101400,7277,Balsas,MA,2105,Sul Maranhense,21020,Gerais de Balsas,210022,Balsas,2105,Imperatriz
2100501,7099,Alto Parnaíba,MA,2105,Sul Maranhense,21020,Gerais de Balsas,210022,Balsas,2105,Imperatriz
2112001,9334,Tasso Fragoso,MA,2105,Sul Maranhense,21020,Gerais de Balsas,210022,Balsas,2105,Imperatriz
2104073,7528,Feira Nova do Maranhão,MA,2105,Sul Maranhense,21020,Gerais de Balsas,210022,Balsas,2105,Imperatriz
2109502,8877,Riachão,MA,2105,Sul Maranhense,21020,Gerais de Balsas,210022,Balsas,2105,Imperatriz
2110658,8265,São Domingos do Azeitão,MA,2105,Sul Maranhense,21021,Chapadas das Mangabeiras,210017,São João dos Patos,2104,Presidente Dutra
2101806,7358,Benedito Leite,MA,2105,Sul Maranhense,21021,Chapadas das Mangabeiras,210017,São João dos Patos,2104,Presidente Dutra
2110807,9130,São Félix de Balsas,MA,2105,Sul Maranhense,21021,Chapadas das Mangabeiras,210022,Balsas,2105,Imperatriz
2104107,7790,Fortaleza dos Nogueiras,MA,2105,Sul Maranhense,21021,Chapadas das Mangabeiras,210022,Balsas,2105,Imperatriz
2109700,8931,Sambaíba,MA,2105,Sul Maranhense,21021,Chapadas das Mangabeiras,210022,Balsas,2105,Imperatriz
2111607,9253,São Raimundo das Mangabeiras,MA,2105,Sul Maranhense,21021,Chapadas das Mangabeiras,210022,Balsas,2105,Imperatriz
2106102,8214,Loreto,MA,2105,Sul Maranhense,21021,Chapadas das Mangabeiras,210022,Balsas,2105,Imperatriz
2107258,7986,Nova Colinas,MA,2105,Sul Maranhense,21021,Chapadas das Mangabeiras,210022,Balsas,2105,Imperatriz
2206209,11231,Miguel Alves,PI,2201,Norte Piauiense,22001,Baixo Parnaíba Piauiense,220001,Teresina,2201,Teresina
2202059,10120,Cabeceiras do Piauí,PI,2201,Norte Piauiense,22001,Baixo Parnaíba Piauiense,220005,Barras,2201,Teresina
2201200,10235,Barras,PI,2201,Norte Piauiense,22001,Baixo Parnaíba Piauiense,220005,Barras,2201,Teresina
2202174,10740,Campo Largo do Piauí,PI,2201,Norte Piauiense,22001,Baixo Parnaíba Piauiense,220005,Barras,2201,Teresina
2208502,11690,Porto,PI,2201,Norte Piauiense,22001,Baixo Parnaíba Piauiense,220005,Barras,2201,Teresina
2201770,10669,Boa Hora,PI,2201,Norte Piauiense,22001,Baixo Parnaíba Piauiense,220005,Barras,2201,Teresina
2206803,11355,Nossa Senhora dos Remédios,PI,2201,Norte Piauiense,22001,Baixo Parnaíba Piauiense,220005,Barras,2201,Teresina
2208403,11673,Piripiri,PI,2201,Norte Piauiense,22001,Baixo Parnaíba Piauiense,220007,Piripiri,2202,Parnaíba
2201960,10006,Brasileira,PI,2201,Norte Piauiense,22001,Baixo Parnaíba Piauiense,220007,Piripiri,2202,Parnaíba
2205458,12408,Joca Marques,PI,2201,Norte Piauiense,22001,Baixo Parnaíba Piauiense,220008,Esperantina,2202,Parnaíba
2205805,11150,Luzilândia,PI,2201,Norte Piauiense,22001,Baixo Parnaíba Piauiense,220008,Esperantina,2202,Parnaíba
2201507,10294,Batalha,PI,2201,Norte Piauiense,22001,Baixo Parnaíba Piauiense,220008,Esperantina,2202,Parnaíba
2203701,10731,Esperantina,PI,2201,Norte Piauiense,22001,Baixo Parnaíba Piauiense,220008,Esperantina,2202,Parnaíba
2205409,11070,Joaquim Pires,PI,2201,Norte Piauiense,22001,Baixo Parnaíba Piauiense,220008,Esperantina,2202,Parnaíba
2206100,11215,Matias Olímpio,PI,2201,Norte Piauiense,22001,Baixo Parnaíba Piauiense,220008,Esperantina,2202,Parnaíba
2209971,10987,São João do Arraial,PI,2201,Norte Piauiense,22001,Baixo Parnaíba Piauiense,220008,Esperantina,2202,Parnaíba
2206670,12459,Morro do Chapéu do Piauí,PI,2201,Norte Piauiense,22001,Baixo Parnaíba Piauiense,220008,Esperantina,2202,Parnaíba
2205854,12440,Madeiro,PI,2201,Norte Piauiense,22001,Baixo Parnaíba Piauiense,220008,Esperantina,2202,Parnaíba
2206696,12475,Murici dos Portelas,PI,2201,Norte Piauiense,22002,Litoral Piauiense,220006,Parnaíba,2202,Parnaíba
2202083,12572,Cajueiro da Praia,PI,2201,Norte Piauiense,22002,Litoral Piauiense,220006,Parnaíba,2202,Parnaíba
2207702,11533,Parnaíba,PI,2201,Norte Piauiense,22002,Litoral Piauiense,220006,Parnaíba,2202,Parnaíba
2205706,11134,Luís Correia,PI,2201,Norte Piauiense,22002,Litoral Piauiense,220006,Parnaíba,2202,Parnaíba
2202729,12696,Cocal dos Alves,PI,2201,Norte Piauiense,22002,Litoral Piauiense,220006,Parnaíba,2202,Parnaíba
2202000,10391,Buriti dos Lopes,PI,2201,Norte Piauiense,22002,Litoral Piauiense,220006,Parnaíba,2202,Parnaíba
2204659,10820,Ilha Grande,PI,2201,Norte Piauiense,22002,Litoral Piauiense,220006,Parnaíba,2202,Parnaíba
2202539,12670,Caraúbas do Piauí,PI,2201,Norte Piauiense,22002,Litoral Piauiense,220006,Parnaíba,2202,Parnaíba
2201919,10065,Bom Princípio do Piauí,PI,2201,Norte Piauiense,22002,Litoral Piauiense,220006,Parnaíba,2202,Parnaíba
2202653,12688,Caxingó,PI,2201,Norte Piauiense,22002,Litoral Piauiense,220006,Parnaíba,2202,Parnaíba
2202703,10537,Cocal,PI,2201,Norte Piauiense,22002,Litoral Piauiense,220006,Parnaíba,2202,Parnaíba
2209872,12009,São João da Fronteira,PI,2201,Norte Piauiense,22002,Litoral Piauiense,220007,Piripiri,2202,Parnaíba
2210052,10529,São José do Divino,PI,2201,Norte Piauiense,22002,Litoral Piauiense,220007,Piripiri,2202,Parnaíba
2208304,11657,Piracuruca,PI,2201,Norte Piauiense,22002,Litoral Piauiense,220007,Piripiri,2202,Parnaíba
2207793,12718,Pau D'Arco do Piauí,PI,2202,Centro-Norte Piauiense,22003,Teresina,220001,Teresina,2201,Teresina
2203305,10650,Demerval Lobão,PI,2202,Centro-Norte Piauiense,22003,Teresina,220001,Teresina,2201,Teresina
2206720,12726,Nazária,PI,2202,Centro-Norte Piauiense,22003,Teresina,220001,Teresina,2201,Teresina
2202737,10189,Coivaras,PI,2202,Centro-Norte Piauiense,22003,Teresina,220001,Teresina,2201,Teresina
2205557,10324,Lagoa Alegre,PI,2202,Centro-Norte Piauiense,22003,Teresina,220001,Teresina,2201,Teresina
2206407,11274,Monsenhor Gil,PI,2202,Centro-Norte Piauiense,22003,Teresina,220001,Teresina,2201,Teresina
2203255,12580,Curralinhos,PI,2202,Centro-Norte Piauiense,22003,Teresina,220001,Teresina,2201,Teresina
2201606,10316,Beneditinos,PI,2202,Centro-Norte Piauiense,22003,Teresina,220001,Teresina,2201,Teresina
2211001,12190,Teresina,PI,2202,Centro-Norte Piauiense,22003,Teresina,220001,Teresina,2201,Teresina
2205508,11096,José de Freitas,PI,2202,Centro-Norte Piauiense,22003,Teresina,220001,Teresina,2201,Teresina
2211100,12211,União,PI,2202,Centro-Norte Piauiense,22003,Teresina,220001,Teresina,2201,Teresina
2200400,10073,Altos,PI,2202,Centro-Norte Piauiense,22003,Teresina,220001,Teresina,2201,Teresina
2205581,12424,Lagoa do Piauí,PI,2202,Centro-Norte Piauiense,22003,Teresina,220001,Teresina,2201,Teresina
2206308,11258,Miguel Leão,PI,2202,Centro-Norte Piauiense,22003,Teresina,220002,Amarante - Água Branca - Regeneração,2201,Teresina
2206951,10901,Novo Santo Antônio,PI,2202,Centro-Norte Piauiense,22004,Campo Maior,220001,Teresina,2201,Teresina
2200301,10057,Alto Longá,PI,2202,Centro-Norte Piauiense,22004,Campo Maior,220001,Teresina,2201,Teresina
2202026,10103,Buriti dos Montes,PI,2202,Centro-Norte Piauiense,22004,Campo Maior,220003,Campo Maior,2201,Teresina
2202208,10430,Campo Maior,PI,2202,Centro-Norte Piauiense,22004,Campo Maior,220003,Campo Maior,2201,Teresina
2206753,10928,Nossa Senhora de Nazaré,PI,2202,Centro-Norte Piauiense,22004,Campo Maior,220003,Campo Maior,2201,Teresina
2201051,12106,Assunção do Piauí,PI,2202,Centro-Norte Piauiense,22004,Campo Maior,220003,Campo Maior,2201,Teresina
2210656,10545,Sigefredo Pacheco,PI,2202,Centro-Norte Piauiense,22004,Campo Maior,220003,Campo Maior,2201,Teresina
2202604,10510,Castelo do Piauí,PI,2202,Centro-Norte Piauiense,22004,Campo Maior,220003,Campo Maior,2201,Teresina
2210409,12076,São Miguel do Tapuio,PI,2202,Centro-Norte Piauiense,22004,Campo Maior,220003,Campo Maior,2201,Teresina
2205276,12394,Jatobá do Piauí,PI,2202,Centro-Norte Piauiense,22004,Campo Maior,220003,Campo Maior,2201,Teresina
2201945,12149,Boqueirão do Piauí,PI,2202,Centro-Norte Piauiense,22004,Campo Maior,220003,Campo Maior,2201,Teresina
2205516,12416,Juazeiro do Piauí,PI,2202,Centro-Norte Piauiense,22004,Campo Maior,220003,Campo Maior,2201,Teresina
2209906,11975,São João da Serra,PI,2202,Centro-Norte Piauiense,22004,Campo Maior,220003,Campo Maior,2201,Teresina
2202711,12360,Cocal de Telha,PI,2202,Centro-Norte Piauiense,22004,Campo Maior,220003,Campo Maior,2201,Teresina
2205573,10863,Lagoa de São Francisco,PI,2202,Centro-Norte Piauiense,22004,Campo Maior,220007,Piripiri,2202,Parnaíba
2206357,12246,Milton Brandão,PI,2202,Centro-Norte Piauiense,22004,Campo Maior,220007,Piripiri,2202,Parnaíba
2202406,10472,Capitão de Campos,PI,2202,Centro-Norte Piauiense,22004,Campo Maior,220007,Piripiri,2202,Parnaíba
2207900,11576,Pedro II,PI,2202,Centro-Norte Piauiense,22004,Campo Maior,220007,Piripiri,2202,Parnaíba
2203420,11410,Domingos Mourão,PI,2202,Centro-Norte Piauiense,22004,Campo Maior,220007,Piripiri,2202,Parnaíba
2205250,10308,Jardim do Mulato,PI,2202,Centro-Norte Piauiense,22005,Médio Parnaíba Piauiense,220002,Amarante - Água Branca - Regeneração,2201,Teresina
2207108,12483,Olho D'Água do Piauí,PI,2202,Centro-Norte Piauiense,22005,Médio Parnaíba Piauiense,220002,Amarante - Água Branca - Regeneração,2201,Teresina
2200608,10111,Angical do Piauí,PI,2202,Centro-Norte Piauiense,22005,Médio Parnaíba Piauiense,220002,Amarante - Água Branca - Regeneração,2201,Teresina
2200509,10090,Amarante,PI,2202,Centro-Norte Piauiense,22005,Médio Parnaíba Piauiense,220002,Amarante - Água Branca - Regeneração,2201,Teresina
2209450,12653,Santo Antônio dos Milagres,PI,2202,Centro-Norte Piauiense,22005,Médio Parnaíba Piauiense,220002,Amarante - Água Branca - Regeneração,2201,Teresina
2210508,12092,São Pedro do Piauí,PI,2202,Centro-Norte Piauiense,22005,Médio Parnaíba Piauiense,220002,Amarante - Água Branca - Regeneração,2201,Teresina
2207504,11495,Palmeirais,PI,2202,Centro-Norte Piauiense,22005,Médio Parnaíba Piauiense,220002,Amarante - Água Branca - Regeneração,2201,Teresina
2205540,12432,Lagoinha do Piauí,PI,2202,Centro-Norte Piauiense,22005,Médio Parnaíba Piauiense,220002,Amarante - Água Branca - Regeneração,2201,Teresina
2201408,10278,Barro Duro,PI,2202,Centro-Norte Piauiense,22005,Médio Parnaíba Piauiense,220002,Amarante - Água Branca - Regeneração,2201,Teresina
2207751,10405,Passagem Franca do Piauí,PI,2202,Centro-Norte Piauiense,22005,Médio Parnaíba Piauiense,220002,Amarante - Água Branca - Regeneração,2201,Teresina
2200103,10014,Agricolândia,PI,2202,Centro-Norte Piauiense,22005,Médio Parnaíba Piauiense,220002,Amarante - Água Branca - Regeneração,2201,Teresina
2204600,10910,Hugo Napoleão,PI,2202,Centro-Norte Piauiense,22005,Médio Parnaíba Piauiense,220002,Amarante - Água Branca - Regeneração,2201,Teresina
2200202,10030,Água Branca,PI,2202,Centro-Norte Piauiense,22005,Médio Parnaíba Piauiense,220002,Amarante - Água Branca - Regeneração,2201,Teresina
2208809,11754,Regeneração,PI,2202,Centro-Norte Piauiense,22005,Médio Parnaíba Piauiense,220002,Amarante - Água Branca - Regeneração,2201,Teresina
2209807,11959,São Gonçalo do Piauí,PI,2202,Centro-Norte Piauiense,22005,Médio Parnaíba Piauiense,220002,Amarante - Água Branca - Regeneração,2201,Teresina
2201002,10197,Arraial,PI,2202,Centro-Norte Piauiense,22005,Médio Parnaíba Piauiense,220017,Floriano,2206,Floriano
2204105,10812,Francisco Ayres,PI,2202,Centro-Norte Piauiense,22005,Médio Parnaíba Piauiense,220017,Floriano,2206,Floriano
2204006,10790,Francinópolis,PI,2202,Centro-Norte Piauiense,22006,Valença do Piauí,220002,Amarante - Água Branca - Regeneração,2201,Teresina
2209609,11916,São Félix do Piauí,PI,2202,Centro-Norte Piauiense,22006,Valença do Piauí,220002,Amarante - Água Branca - Regeneração,2201,Teresina
2208601,11711,Prata do Piauí,PI,2202,Centro-Norte Piauiense,22006,Valença do Piauí,220002,Amarante - Água Branca - Regeneração,2201,Teresina
2210383,12661,São Miguel da Baixa Grande,PI,2202,Centro-Norte Piauiense,22006,Valença do Piauí,220002,Amarante - Água Branca - Regeneração,2201,Teresina
2211407,12270,Várzea Grande,PI,2202,Centro-Norte Piauiense,22006,Valença do Piauí,220002,Amarante - Água Branca - Regeneração,2201,Teresina
2203503,10693,Elesbão Veloso,PI,2202,Centro-Norte Piauiense,22006,Valença do Piauí,220002,Amarante - Água Branca - Regeneração,2201,Teresina
2201176,10600,Barra D'Alcântara,PI,2202,Centro-Norte Piauiense,22006,Valença do Piauí,220004,Valença do Piauí,2201,Teresina
2205599,12220,Lagoa do Sítio,PI,2202,Centro-Norte Piauiense,22006,Valença do Piauí,220004,Valença do Piauí,2201,Teresina
2204709,10936,Inhuma,PI,2202,Centro-Norte Piauiense,22006,Valença do Piauí,220004,Valença do Piauí,2201,Teresina
2211308,12254,Valença do Piauí,PI,2202,Centro-Norte Piauiense,22006,Valença do Piauí,220004,Valença do Piauí,2201,Teresina
2200905,10170,Aroazes,PI,2202,Centro-Norte Piauiense,22006,Valença do Piauí,220004,Valença do Piauí,2201,Teresina
2206902,11371,Novo Oriente do Piauí,PI,2202,Centro-Norte Piauiense,22006,Valença do Piauí,220004,Valença do Piauí,2201,Teresina
2208106,11614,Pimenteiras,PI,2202,Centro-Norte Piauiense,22006,Valença do Piauí,220004,Valença do Piauí,2201,Teresina
2209153,10448,Santa Cruz dos Milagres,PI,2202,Centro-Norte Piauiense,22006,Valença do Piauí,220004,Valença do Piauí,2201,Teresina
2209203,11835,Santa Filomena,PI,2203,Sudoeste Piauiense,22007,Alto Parnaíba Piauiense,220015,Corrente,2205,Corrente - Bom Jesus
2208908,11770,Ribeiro Gonçalves,PI,2203,Sudoeste Piauiense,22007,Alto Parnaíba Piauiense,220018,Uruçuí,2206,Floriano
2201150,10049,Baixa Grande do Ribeiro,PI,2203,Sudoeste Piauiense,22007,Alto Parnaíba Piauiense,220018,Uruçuí,2206,Floriano
2211209,12238,Uruçuí,PI,2203,Sudoeste Piauiense,22007,Alto Parnaíba Piauiense,220018,Uruçuí,2206,Floriano
2202752,10200,Colônia do Gurguéia,PI,2203,Sudoeste Piauiense,22008,Bertolínia,220016,Bom Jesus,2205,Corrente - Bom Jesus
2208551,12599,Porto Alegre do Piauí,PI,2203,Sudoeste Piauiense,22008,Bertolínia,220017,Floriano,2206,Floriano
2205607,11118,Landri Sales,PI,2203,Sudoeste Piauiense,22008,Bertolínia,220017,Floriano,2206,Floriano
2206001,11193,Marcos Parente,PI,2203,Sudoeste Piauiense,22008,Bertolínia,220017,Floriano,2206,Floriano
2210631,12068,Sebastião Leal,PI,2203,Sudoeste Piauiense,22008,Bertolínia,220018,Uruçuí,2206,Floriano
2205904,11177,Manoel Emídio,PI,2203,Sudoeste Piauiense,22008,Bertolínia,220018,Uruçuí,2206,Floriano
2200806,10154,Antônio Almeida,PI,2203,Sudoeste Piauiense,22008,Bertolínia,220018,Uruçuí,2206,Floriano
2201705,10332,Bertolínia,PI,2203,Sudoeste Piauiense,22008,Bertolínia,220018,Uruçuí,2206,Floriano
2203602,10715,Eliseu Martins,PI,2203,Sudoeste Piauiense,22008,Bertolínia,220019,Canto do Buriti,2206,Floriano
2210391,12700,São Miguel do Fidalgo,PI,2203,Sudoeste Piauiense,22009,Floriano,220011,Oeiras,2203,Picos
2205102,11010,Itaueira,PI,2203,Sudoeste Piauiense,22009,Floriano,220017,Floriano,2206,Floriano
2204501,10898,Guadalupe,PI,2203,Sudoeste Piauiense,22009,Floriano,220017,Floriano,2206,Floriano
2209708,11932,São Francisco do Piauí,PI,2203,Sudoeste Piauiense,22009,Floriano,220017,Floriano,2206,Floriano
2210102,12017,São José do Peixe,PI,2203,Sudoeste Piauiense,22009,Floriano,220017,Floriano,2206,Floriano
2202251,10162,Canavieira,PI,2203,Sudoeste Piauiense,22009,Floriano,220017,Floriano,2206,Floriano
2203909,10774,Floriano,PI,2203,Sudoeste Piauiense,22009,Floriano,220017,Floriano,2206,Floriano
2205300,11053,Jerumenha,PI,2203,Sudoeste Piauiense,22009,Floriano,220017,Floriano,2206,Floriano
2206704,11339,Nazaré do Piauí,PI,2203,Sudoeste Piauiense,22009,Floriano,220017,Floriano,2206,Floriano
2207850,12289,Pavussu,PI,2203,Sudoeste Piauiense,22009,Floriano,220019,Canto do Buriti,2206,Floriano
2203800,10758,Flores do Piauí,PI,2203,Sudoeste Piauiense,22009,Floriano,220019,Canto do Buriti,2206,Floriano
2209005,11797,Rio Grande do Piauí,PI,2203,Sudoeste Piauiense,22009,Floriano,220019,Canto do Buriti,2206,Floriano
2209757,12610,São Gonçalo do Gurguéia,PI,2203,Sudoeste Piauiense,22010,Alto Médio Gurguéia,220015,Corrente,2205,Corrente - Bom Jesus
2204402,10871,Gilbués,PI,2203,Sudoeste Piauiense,22010,Alto Médio Gurguéia,220015,Corrente,2205,Corrente - Bom Jesus
2206605,11312,Monte Alegre do Piauí,PI,2203,Sudoeste Piauiense,22010,Alto Médio Gurguéia,220015,Corrente,2205,Corrente - Bom Jesus
2201309,10251,Barreiras do Piauí,PI,2203,Sudoeste Piauiense,22010,Alto Médio Gurguéia,220015,Corrente,2205,Corrente - Bom Jesus
2201903,10375,Bom Jesus,PI,2203,Sudoeste Piauiense,22010,Alto Médio Gurguéia,220016,Bom Jesus,2205,Corrente - Bom Jesus
2209302,11851,Santa Luz,PI,2203,Sudoeste Piauiense,22010,Alto Médio Gurguéia,220016,Bom Jesus,2205,Corrente - Bom Jesus
2208700,11738,Redenção do Gurguéia,PI,2203,Sudoeste Piauiense,22010,Alto Médio Gurguéia,220016,Bom Jesus,2205,Corrente - Bom Jesus
2207405,11479,Palmeira do Piauí,PI,2203,Sudoeste Piauiense,22010,Alto Médio Gurguéia,220016,Bom Jesus,2205,Corrente - Bom Jesus
2203107,10618,Cristino Castro,PI,2203,Sudoeste Piauiense,22010,Alto Médio Gurguéia,220016,Bom Jesus,2205,Corrente - Bom Jesus
2200459,12084,Alvorada do Gurguéia,PI,2203,Sudoeste Piauiense,22010,Alto Médio Gurguéia,220016,Bom Jesus,2205,Corrente - Bom Jesus
2203230,10766,Currais,PI,2203,Sudoeste Piauiense,22010,Alto Médio Gurguéia,220016,Bom Jesus,2205,Corrente - Bom Jesus
2202505,10499,Caracol,PI,2203,Sudoeste Piauiense,22011,São Raimundo Nonato,220013,São Raimundo Nonato,2204,São Raimundo Nonato
2205532,10847,Jurema,PI,2203,Sudoeste Piauiense,22011,São Raimundo Nonato,220013,São Raimundo Nonato,2204,São Raimundo Nonato
2204550,10804,Guaribas,PI,2203,Sudoeste Piauiense,22011,São Raimundo Nonato,220013,São Raimundo Nonato,2204,São Raimundo Nonato
2203453,10685,Dom Inocêncio,PI,2203,Sudoeste Piauiense,22011,São Raimundo Nonato,220013,São Raimundo Nonato,2204,São Raimundo Nonato
2203354,12297,Dirceu Arcoverde,PI,2203,Sudoeste Piauiense,22011,São Raimundo Nonato,220013,São Raimundo Nonato,2204,São Raimundo Nonato
2211357,10588,Várzea Branca,PI,2203,Sudoeste Piauiense,22011,São Raimundo Nonato,220013,São Raimundo Nonato,2204,São Raimundo Nonato
2210359,10561,São Lourenço do Piauí,PI,2203,Sudoeste Piauiense,22011,São Raimundo Nonato,220013,São Raimundo Nonato,2204,São Raimundo Nonato
2209559,10502,São Braz do Piauí,PI,2203,Sudoeste Piauiense,22011,São Raimundo Nonato,220013,São Raimundo Nonato,2204,São Raimundo Nonato
2202851,10243,Coronel José Dias,PI,2203,Sudoeste Piauiense,22011,São Raimundo Nonato,220013,São Raimundo Nonato,2204,São Raimundo Nonato
2210607,12114,São Raimundo Nonato,PI,2203,Sudoeste Piauiense,22011,São Raimundo Nonato,220013,São Raimundo Nonato,2204,São Raimundo Nonato
2201929,10081,Bonfim do Piauí,PI,2203,Sudoeste Piauiense,22011,São Raimundo Nonato,220013,São Raimundo Nonato,2204,São Raimundo Nonato
2203750,10260,Fartura do Piauí,PI,2203,Sudoeste Piauiense,22011,São Raimundo Nonato,220013,São Raimundo Nonato,2204,São Raimundo Nonato
2200707,10138,Anísio de Abreu,PI,2203,Sudoeste Piauiense,22011,São Raimundo Nonato,220013,São Raimundo Nonato,2204,São Raimundo Nonato
2201988,10642,Brejo do Piauí,PI,2203,Sudoeste Piauiense,22011,São Raimundo Nonato,220019,Canto do Buriti,2206,Floriano
2207355,12262,Pajeú do Piauí,PI,2203,Sudoeste Piauiense,22011,São Raimundo Nonato,220019,Canto do Buriti,2206,Floriano
2202307,10456,Canto do Buriti,PI,2203,Sudoeste Piauiense,22011,São Raimundo Nonato,220019,Canto do Buriti,2206,Floriano
2210953,12530,Tamboril do Piauí,PI,2203,Sudoeste Piauiense,22011,São Raimundo Nonato,220019,Canto do Buriti,2206,Floriano
2205524,12203,Júlio Borges,PI,2203,Sudoeste Piauiense,22012,Chapadas do Extremo Sul Piauiense,220015,Corrente,2205,Corrente - Bom Jesus
2202901,10570,Corrente,PI,2203,Sudoeste Piauiense,22012,Chapadas do Extremo Sul Piauiense,220015,Corrente,2205,Corrente - Bom Jesus
2210623,12041,Sebastião Barros,PI,2203,Sudoeste Piauiense,22012,Chapadas do Extremo Sul Piauiense,220015,Corrente,2205,Corrente - Bom Jesus
2208858,12300,Riacho Frio,PI,2203,Sudoeste Piauiense,22012,Chapadas do Extremo Sul Piauiense,220015,Corrente,2205,Corrente - Bom Jesus
2203008,10596,Cristalândia do Piauí,PI,2203,Sudoeste Piauiense,22012,Chapadas do Extremo Sul Piauiense,220015,Corrente,2205,Corrente - Bom Jesus
2203206,10634,Curimatá,PI,2203,Sudoeste Piauiense,22012,Chapadas do Extremo Sul Piauiense,220015,Corrente,2205,Corrente - Bom Jesus
2206654,10880,Morro Cabeça no Tempo,PI,2203,Sudoeste Piauiense,22012,Chapadas do Extremo Sul Piauiense,220015,Corrente,2205,Corrente - Bom Jesus
2207603,11517,Parnaguá,PI,2203,Sudoeste Piauiense,22012,Chapadas do Extremo Sul Piauiense,220015,Corrente,2205,Corrente - Bom Jesus
2201101,10219,Avelino Lopes,PI,2203,Sudoeste Piauiense,22012,Chapadas do Extremo Sul Piauiense,220015,Corrente,2205,Corrente - Bom Jesus
2204808,10952,Ipiranga do Piauí,PI,2204,Sudeste Piauiense,22013,Picos,220004,Valença do Piauí,2201,Teresina
2209856,11088,São João da Canabrava,PI,2204,Sudeste Piauiense,22013,Picos,220009,Picos,2203,Picos
2203404,10677,Dom Expedito Lopes,PI,2204,Sudeste Piauiense,22013,Picos,220009,Picos,2203,Picos
2209351,10480,Santana do Piauí,PI,2204,Sudeste Piauiense,22013,Picos,220009,Picos,2203,Picos
2210375,12629,São Luis do Piauí,PI,2204,Sudeste Piauiense,22013,Picos,220009,Picos,2203,Picos
2209104,11819,Santa Cruz do Piauí,PI,2204,Sudeste Piauiense,22013,Picos,220009,Picos,2203,Picos
2204352,10782,Geminiano,PI,2204,Sudeste Piauiense,22013,Picos,220009,Picos,2203,Picos
2208007,11592,Picos,PI,2204,Sudeste Piauiense,22013,Picos,220009,Picos,2203,Picos
2200954,12734,Aroeiras do Itaim,PI,2204,Sudeste Piauiense,22013,Picos,220009,Picos,2203,Picos
2201804,10359,Bocaina,PI,2204,Sudeste Piauiense,22013,Picos,220009,Picos,2203,Picos
2210938,12513,Sussuapara,PI,2204,Sudeste Piauiense,22013,Picos,220009,Picos,2203,Picos
2211704,12564,Wall Ferraz,PI,2204,Sudeste Piauiense,22013,Picos,220009,Picos,2203,Picos
2210201,12033,São José do Piauí,PI,2204,Sudeste Piauiense,22013,Picos,220009,Picos,2203,Picos
2207553,10944,Paquetá,PI,2204,Sudeste Piauiense,22013,Picos,220009,Picos,2203,Picos
2210979,12521,Tanque do Piauí,PI,2204,Sudeste Piauiense,22013,Picos,220011,Oeiras,2203,Picos
2202778,10227,Colônia do Piauí,PI,2204,Sudeste Piauiense,22013,Picos,220011,Oeiras,2203,Picos
2202075,12343,Cajazeiras do Piauí,PI,2204,Sudeste Piauiense,22013,Picos,220011,Oeiras,2203,Picos
2207009,11398,Oeiras,PI,2204,Sudeste Piauiense,22013,Picos,220011,Oeiras,2203,Picos
2209377,10464,Santa Rosa do Piauí,PI,2204,Sudeste Piauiense,22013,Picos,220011,Oeiras,2203,Picos
2209955,12025,São João da Varjota,PI,2204,Sudeste Piauiense,22013,Picos,220011,Oeiras,2203,Picos
2210300,12050,São Julião,PI,2204,Sudeste Piauiense,22014,Pio IX,220009,Picos,2203,Picos
2206506,11290,Monsenhor Hipólito,PI,2204,Sudeste Piauiense,22014,Pio IX,220009,Picos,2203,Picos
2204204,10839,Francisco Santos,PI,2204,Sudeste Piauiense,22014,Pio IX,220009,Picos,2203,Picos
2200251,12319,Alagoinha do Piauí,PI,2204,Sudeste Piauiense,22014,Pio IX,220009,Picos,2203,Picos
2208205,11630,Pio IX,PI,2204,Sudeste Piauiense,22014,Pio IX,220009,Picos,2203,Picos
2209401,11878,Santo Antônio de Lisboa,PI,2204,Sudeste Piauiense,22014,Pio IX,220009,Picos,2203,Picos
2200277,10022,Alegrete do Piauí,PI,2204,Sudeste Piauiense,22014,Pio IX,220009,Picos,2203,Picos
2202091,10146,Caldeirão Grande do Piauí,PI,2204,Sudeste Piauiense,22015,Alto Médio Canindé,220009,Picos,2203,Picos
2202133,10723,Campo Grande do Piauí,PI,2204,Sudeste Piauiense,22015,Alto Médio Canindé,220009,Picos,2203,Picos
2205201,11037,Jaicós,PI,2204,Sudeste Piauiense,22015,Alto Médio Canindé,220009,Picos,2203,Picos
2204303,10855,Fronteiras,PI,2204,Sudeste Piauiense,22015,Alto Médio Canindé,220009,Picos,2203,Picos
2207207,11436,Padre Marcos,PI,2204,Sudeste Piauiense,22015,Alto Médio Canindé,220009,Picos,2203,Picos
2206050,12467,Massapê do Piauí,PI,2204,Sudeste Piauiense,22015,Alto Médio Canindé,220009,Picos,2203,Picos
2204907,10979,Isaías Coelho,PI,2204,Sudeste Piauiense,22015,Alto Médio Canindé,220009,Picos,2203,Picos
2205003,10995,Itainópolis,PI,2204,Sudeste Piauiense,22015,Alto Médio Canindé,220009,Picos,2203,Picos
2211506,12556,Vera Mendes,PI,2204,Sudeste Piauiense,22015,Alto Médio Canindé,220009,Picos,2203,Picos
2211605,12548,Vila Nova do Piauí,PI,2204,Sudeste Piauiense,22015,Alto Médio Canindé,220009,Picos,2203,Picos
2204154,12378,Francisco Macedo,PI,2204,Sudeste Piauiense,22015,Alto Médio Canindé,220009,Picos,2203,Picos
2205953,10367,Marcolândia,PI,2204,Sudeste Piauiense,22015,Alto Médio Canindé,220009,Picos,2203,Picos
2201572,12335,Belém do Piauí,PI,2204,Sudeste Piauiense,22015,Alto Médio Canindé,220009,Picos,2203,Picos
2207801,11550,Paulistana,PI,2204,Sudeste Piauiense,22015,Alto Médio Canindé,220010,Paulistana,2203,Picos
2202554,12165,Caridade do Piauí,PI,2204,Sudeste Piauiense,22015,Alto Médio Canindé,220010,Paulistana,2203,Picos
2207777,10383,Patos do Piauí,PI,2204,Sudeste Piauiense,22015,Alto Médio Canindé,220010,Paulistana,2203,Picos
2208650,10421,Queimada Nova,PI,2204,Sudeste Piauiense,22015,Alto Médio Canindé,220010,Paulistana,2203,Picos
2205151,10286,Jacobina do Piauí,PI,2204,Sudeste Piauiense,22015,Alto Médio Canindé,220010,Paulistana,2203,Picos
2200053,12327,Acauã,PI,2204,Sudeste Piauiense,22015,Alto Médio Canindé,220010,Paulistana,2203,Picos
2201739,12122,Betânia do Piauí,PI,2204,Sudeste Piauiense,22015,Alto Médio Canindé,220010,Paulistana,2203,Picos
2210706,12130,Simões,PI,2204,Sudeste Piauiense,22015,Alto Médio Canindé,220010,Paulistana,2203,Picos
2203271,12181,Curral Novo do Piauí,PI,2204,Sudeste Piauiense,22015,Alto Médio Canindé,220010,Paulistana,2203,Picos
2209500,11894,Santo Inácio do Piauí,PI,2204,Sudeste Piauiense,22015,Alto Médio Canindé,220011,Oeiras,2203,Picos
2203859,12637,Floresta do Piauí,PI,2204,Sudeste Piauiense,22015,Alto Médio Canindé,220011,Oeiras,2203,Picos
2207306,11452,Paes Landim,PI,2204,Sudeste Piauiense,22015,Alto Médio Canindé,220012,Simplício Mendes,2203,Picos
2210904,12173,Socorro do Piauí,PI,2204,Sudeste Piauiense,22015,Alto Médio Canindé,220012,Simplício Mendes,2203,Picos
2210805,12157,Simplício Mendes,PI,2204,Sudeste Piauiense,22015,Alto Médio Canindé,220012,Simplício Mendes,2203,Picos
2202802,10553,Conceição do Canindé,PI,2204,Sudeste Piauiense,22015,Alto Médio Canindé,220012,Simplício Mendes,2203,Picos
2202109,10413,Campinas do Piauí,PI,2204,Sudeste Piauiense,22015,Alto Médio Canindé,220012,Simplício Mendes,2203,Picos
2209658,12505,São Francisco de Assis do Piauí,PI,2204,Sudeste Piauiense,22015,Alto Médio Canindé,220012,Simplício Mendes,2203,Picos
2201556,10626,Bela Vista do Piauí,PI,2204,Sudeste Piauiense,22015,Alto Médio Canindé,220012,Simplício Mendes,2203,Picos
2205565,10340,Lagoa do Barro do Piauí,PI,2204,Sudeste Piauiense,22015,Alto Médio Canindé,220014,São João do Piauí,2204,São Raimundo Nonato
2210003,11991,São João do Piauí,PI,2204,Sudeste Piauiense,22015,Alto Médio Canindé,220014,São João do Piauí,2204,São Raimundo Nonato
2207959,10960,Nova Santa Rita,PI,2204,Sudeste Piauiense,22015,Alto Médio Canindé,220014,São João do Piauí,2204,São Raimundo Nonato
2202117,12351,Campo Alegre do Fidalgo,PI,2204,Sudeste Piauiense,22015,Alto Médio Canindé,220014,São João do Piauí,2204,São Raimundo Nonato
2205359,12386,João Costa,PI,2204,Sudeste Piauiense,22015,Alto Médio Canindé,220014,São João do Piauí,2204,São Raimundo Nonato
2207934,12491,Pedro Laurentino,PI,2204,Sudeste Piauiense,22015,Alto Médio Canindé,220014,São João do Piauí,2204,São Raimundo Nonato
2208874,12602,Ribeira do Piauí,PI,2204,Sudeste Piauiense,22015,Alto Médio Canindé,220014,São João do Piauí,2204,São Raimundo Nonato
2202455,10707,Capitão Gervásio Oliveira,PI,2204,Sudeste Piauiense,22015,Alto Médio Canindé,220014,São João do Piauí,2204,São Raimundo Nonato
2308906,14796,Morrinhos,CE,2301,Noroeste Cearense,23001,Litoral de Camocim e Acaraú,230015,Sobral,2306,Sobral
2307908,14591,Martinópole,CE,2301,Noroeste Cearense,23001,Litoral de Camocim e Acaraú,230015,Sobral,2306,Sobral
2307254,13005,Jijoca de Jericoacoara,CE,2301,Noroeste Cearense,23001,Litoral de Camocim e Acaraú,230017,Acaraú,2306,Sobral
2306553,15954,Itarema,CE,2301,Noroeste Cearense,23001,Litoral de Camocim e Acaraú,230017,Acaraú,2306,Sobral
2302305,13455,Bela Cruz,CE,2301,Noroeste Cearense,23001,Litoral de Camocim e Acaraú,230017,Acaraú,2306,Sobral
2300200,13030,Acaraú,CE,2301,Noroeste Cearense,23001,Litoral de Camocim e Acaraú,230017,Acaraú,2306,Sobral
2307809,14575,Marco,CE,2301,Noroeste Cearense,23001,Litoral de Camocim e Acaraú,230017,Acaraú,2306,Sobral
2304251,15890,Cruz,CE,2301,Noroeste Cearense,23001,Litoral de Camocim e Acaraú,230017,Acaraú,2306,Sobral
2303907,13773,Chaval,CE,2301,Noroeste Cearense,23001,Litoral de Camocim e Acaraú,230018,Camocim,2306,Sobral
2304707,13951,Granja,CE,2301,Noroeste Cearense,23001,Litoral de Camocim e Acaraú,230018,Camocim,2306,Sobral
2302057,13404,Barroquinha,CE,2301,Noroeste Cearense,23001,Litoral de Camocim e Acaraú,230018,Camocim,2306,Sobral
2302602,13510,Camocim,CE,2301,Noroeste Cearense,23001,Litoral de Camocim e Acaraú,230018,Camocim,2306,Sobral
2305308,14079,Ibiapina,CE,2301,Noroeste Cearense,23002,Ibiapaba,230016,São Benedito - Ipu - Guaraciaba do Norte - Tianguá,2306,Sobral
2303402,13676,Carnaubal,CE,2301,Noroeste Cearense,23002,Ibiapaba,230016,São Benedito - Ipu - Guaraciaba do Norte - Tianguá,2306,Sobral
2313609,15733,Ubajara,CE,2301,Noroeste Cearense,23002,Ibiapaba,230016,São Benedito - Ipu - Guaraciaba do Norte - Tianguá,2306,Sobral
2314102,15830,Viçosa do Ceará,CE,2301,Noroeste Cearense,23002,Ibiapaba,230016,São Benedito - Ipu - Guaraciaba do Norte - Tianguá,2306,Sobral
2313401,15695,Tianguá,CE,2301,Noroeste Cearense,23002,Ibiapaba,230016,São Benedito - Ipu - Guaraciaba do Norte - Tianguá,2306,Sobral
2312304,15474,São Benedito,CE,2301,Noroeste Cearense,23002,Ibiapaba,230016,São Benedito - Ipu - Guaraciaba do Norte - Tianguá,2306,Sobral
2305001,14010,Guaraciaba do Norte,CE,2301,Noroeste Cearense,23002,Ibiapaba,230016,São Benedito - Ipu - Guaraciaba do Norte - Tianguá,2306,Sobral
2304236,15881,Croatá,CE,2301,Noroeste Cearense,23002,Ibiapaba,230016,São Benedito - Ipu - Guaraciaba do Norte - Tianguá,2306,Sobral
2313906,15792,Uruoca,CE,2301,Noroeste Cearense,23003,Coreaú,230015,Sobral,2306,Sobral
2304509,13919,Frecheirinha,CE,2301,Noroeste Cearense,23003,Coreaú,230015,Sobral,2306,Sobral
2304004,13811,Coreaú,CE,2301,Noroeste Cearense,23003,Coreaú,230015,Sobral,2306,Sobral
2308807,14770,Moraújo,CE,2301,Noroeste Cearense,23003,Coreaú,230015,Sobral,2306,Sobral
2308203,14656,Meruoca,CE,2301,Noroeste Cearense,23004,Meruoca,230015,Sobral,2306,Sobral
2300507,13099,Alcântaras,CE,2301,Noroeste Cearense,23004,Meruoca,230015,Sobral,2306,Sobral
2308377,14680,Miraíma,CE,2301,Noroeste Cearense,23005,Sobral,230002,Itapipoca,2301,Fortaleza
2306108,14230,Irauçuba,CE,2301,Noroeste Cearense,23005,Sobral,230005,Itapagé,2301,Fortaleza
2304657,13064,Graça,CE,2301,Noroeste Cearense,23005,Sobral,230015,Sobral,2306,Sobral
2312809,15571,Senador Sá,CE,2301,Noroeste Cearense,23005,Sobral,230015,Sobral,2306,Sobral
2308005,14613,Massapê,CE,2301,Noroeste Cearense,23005,Sobral,230015,Sobral,2306,Sobral
2312007,15415,Santana do Acaraú,CE,2301,Noroeste Cearense,23005,Sobral,230015,Sobral,2306,Sobral
2312908,15598,Sobral,CE,2301,Noroeste Cearense,23005,Sobral,230015,Sobral,2306,Sobral
2309904,14990,Pacujá,CE,2301,Noroeste Cearense,23005,Sobral,230015,Sobral,2306,Sobral
2303105,13617,Cariré,CE,2301,Noroeste Cearense,23005,Sobral,230015,Sobral,2306,Sobral
2304905,13994,Groaíras,CE,2301,Noroeste Cearense,23005,Sobral,230015,Sobral,2306,Sobral
2304350,15911,Forquilha,CE,2301,Noroeste Cearense,23005,Sobral,230015,Sobral,2306,Sobral
2309003,14818,Mucambo,CE,2301,Noroeste Cearense,23005,Sobral,230015,Sobral,2306,Sobral
2311009,15210,Poranga,CE,2301,Noroeste Cearense,23006,Ipu,230013,Crateús,2305,Crateús
2311702,15350,Reriutaba,CE,2301,Noroeste Cearense,23006,Ipu,230015,Sobral,2306,Sobral
2313955,98574,Varjota,CE,2301,Noroeste Cearense,23006,Ipu,230015,Sobral,2306,Sobral
2305902,14192,Ipueiras,CE,2301,Noroeste Cearense,23006,Ipu,230016,São Benedito - Ipu - Guaraciaba do Norte - Tianguá,2306,Sobral
2310951,13048,Pires Ferreira,CE,2301,Noroeste Cearense,23006,Ipu,230016,São Benedito - Ipu - Guaraciaba do Norte - Tianguá,2306,Sobral
2305803,14176,Ipu,CE,2301,Noroeste Cearense,23006,Ipu,230016,São Benedito - Ipu - Guaraciaba do Norte - Tianguá,2306,Sobral
2312205,15458,Santa Quitéria,CE,2301,Noroeste Cearense,23007,Santa Quitéria,230015,Sobral,2306,Sobral
2303659,13447,Catunda,CE,2301,Noroeste Cearense,23007,Santa Quitéria,230015,Sobral,2306,Sobral
2305209,14052,Hidrolândia,CE,2301,Noroeste Cearense,23007,Santa Quitéria,230015,Sobral,2306,Sobral
2306405,14290,Itapipoca,CE,2302,Norte Cearense,23008,Itapipoca,230002,Itapipoca,2301,Fortaleza
2313500,15717,Trairi,CE,2302,Norte Cearense,23008,Itapipoca,230002,Itapipoca,2301,Fortaleza
2300754,15873,Amontada,CE,2302,Norte Cearense,23008,Itapipoca,230002,Itapipoca,2301,Fortaleza
2310258,15997,Paraipaba,CE,2302,Norte Cearense,23009,Baixo Curu,230001,Fortaleza,2301,Fortaleza
2310209,15059,Paracuru,CE,2302,Norte Cearense,23009,Baixo Curu,230001,Fortaleza,2301,Fortaleza
2312403,15490,São Gonçalo do Amarante,CE,2302,Norte Cearense,23009,Baixo Curu,230001,Fortaleza,2301,Fortaleza
2313559,13080,Tururu,CE,2302,Norte Cearense,23010,Uruburetama,230002,Itapipoca,2301,Fortaleza
2313807,15776,Uruburetama,CE,2302,Norte Cearense,23010,Uruburetama,230002,Itapipoca,2301,Fortaleza
2313757,98558,Umirim,CE,2302,Norte Cearense,23010,Uruburetama,230002,Itapipoca,2301,Fortaleza
2306306,14273,Itapagé,CE,2302,Norte Cearense,23010,Uruburetama,230005,Itapagé,2301,Fortaleza
2312601,15539,São Luís do Curu,CE,2302,Norte Cearense,23011,Médio Curu,230001,Fortaleza,2301,Fortaleza
2310704,15156,Pentecoste,CE,2302,Norte Cearense,23011,Médio Curu,230005,Itapagé,2301,Fortaleza
2313351,13323,Tejuçuoca,CE,2302,Norte Cearense,23011,Médio Curu,230005,Itapagé,2301,Fortaleza
2304608,13935,General Sampaio,CE,2302,Norte Cearense,23011,Médio Curu,230005,Itapagé,2301,Fortaleza
2300903,13170,Apuiarés,CE,2302,Norte Cearense,23011,Médio Curu,230005,Itapagé,2301,Fortaleza
2310407,15091,Paramoti,CE,2302,Norte Cearense,23012,Canindé,230004,Canindé,2301,Fortaleza
2303006,13595,Caridade,CE,2302,Norte Cearense,23012,Canindé,230004,Canindé,2301,Fortaleza
2306603,14338,Itatira,CE,2302,Norte Cearense,23012,Canindé,230004,Canindé,2301,Fortaleza
2302800,13552,Canindé,CE,2302,Norte Cearense,23012,Canindé,230004,Canindé,2301,Fortaleza
2310100,15032,Palmácia,CE,2302,Norte Cearense,23013,Baturité,230001,Fortaleza,2301,Fortaleza
2306504,14311,Itapiúna,CE,2302,Norte Cearense,23013,Baturité,230003,Redenção-Acarape,2301,Fortaleza
2309102,14834,Mulungu,CE,2302,Norte Cearense,23013,Baturité,230003,Redenção-Acarape,2301,Fortaleza
2300150,13145,Acarape,CE,2302,Norte Cearense,23013,Baturité,230003,Redenção-Acarape,2301,Fortaleza
2309805,14974,Pacoti,CE,2302,Norte Cearense,23013,Baturité,230003,Redenção-Acarape,2301,Fortaleza
2301406,13277,Aratuba,CE,2302,Norte Cearense,23013,Baturité,230003,Redenção-Acarape,2301,Fortaleza
2311603,15334,Redenção,CE,2302,Norte Cearense,23013,Baturité,230003,Redenção-Acarape,2301,Fortaleza
2302909,13579,Capistrano,CE,2302,Norte Cearense,23013,Baturité,230003,Redenção-Acarape,2301,Fortaleza
2301208,13234,Aracoiaba,CE,2302,Norte Cearense,23013,Baturité,230003,Redenção-Acarape,2301,Fortaleza
2305100,14036,Guaramiranga,CE,2302,Norte Cearense,23013,Baturité,230003,Redenção-Acarape,2301,Fortaleza
2302107,13412,Baturité,CE,2302,Norte Cearense,23013,Baturité,230003,Redenção-Acarape,2301,Fortaleza
2303956,13161,Chorozinho,CE,2302,Norte Cearense,23014,Chorozinho,230001,Fortaleza,2301,Fortaleza
2309458,13307,Ocara,CE,2302,Norte Cearense,23014,Chorozinho,230003,Redenção-Acarape,2301,Fortaleza
2301950,13129,Barreira,CE,2302,Norte Cearense,23014,Chorozinho,230003,Redenção-Acarape,2301,Fortaleza
2310852,13285,Pindoretama,CE,2302,Norte Cearense,23015,Cascavel,230001,Fortaleza,2301,Fortaleza
2302206,13439,Beberibe,CE,2302,Norte Cearense,23015,Cascavel,230001,Fortaleza,2301,Fortaleza
2303501,13692,Cascavel,CE,2302,Norte Cearense,23015,Cascavel,230001,Fortaleza,2301,Fortaleza
2303709,13730,Caucaia,CE,2303,Metropolitana de Fortaleza,23016,Fortaleza,230001,Fortaleza,2301,Fortaleza
2306256,13480,Itaitinga,CE,2303,Metropolitana de Fortaleza,23016,Fortaleza,230001,Fortaleza,2301,Fortaleza
2309706,14958,Pacatuba,CE,2303,Metropolitana de Fortaleza,23016,Fortaleza,230001,Fortaleza,2301,Fortaleza
2304400,13897,Fortaleza,CE,2303,Metropolitana de Fortaleza,23016,Fortaleza,230001,Fortaleza,2301,Fortaleza
2307650,15857,Maracanaú,CE,2303,Metropolitana de Fortaleza,23016,Fortaleza,230001,Fortaleza,2301,Fortaleza
2307700,14559,Maranguape,CE,2303,Metropolitana de Fortaleza,23016,Fortaleza,230001,Fortaleza,2301,Fortaleza
2304954,13242,Guaiúba,CE,2303,Metropolitana de Fortaleza,23016,Fortaleza,230001,Fortaleza,2301,Fortaleza
2301000,13196,Aquiraz,CE,2303,Metropolitana de Fortaleza,23016,Fortaleza,230001,Fortaleza,2301,Fortaleza
2304285,13226,Eusébio,CE,2303,Metropolitana de Fortaleza,23016,Fortaleza,230001,Fortaleza,2301,Fortaleza
2309607,14931,Pacajus,CE,2303,Metropolitana de Fortaleza,23017,Pacajus,230001,Fortaleza,2301,Fortaleza
2305233,13188,Horizonte,CE,2303,Metropolitana de Fortaleza,23017,Pacajus,230001,Fortaleza,2301,Fortaleza
2313203,15652,Tamboril,CE,2304,Sertões Cearenses,23018,Sertão de Cratéus,230013,Crateús,2305,Crateús
2309300,14877,Nova Russas,CE,2304,Sertões Cearenses,23018,Sertão de Cratéus,230013,Crateús,2305,Crateús
2308609,14737,Monsenhor Tabosa,CE,2304,Sertões Cearenses,23018,Sertão de Cratéus,230013,Crateús,2305,Crateús
2309409,14893,Novo Oriente,CE,2304,Sertões Cearenses,23018,Sertão de Cratéus,230013,Crateús,2305,Crateús
2304103,13838,Crateús,CE,2304,Sertões Cearenses,23018,Sertão de Cratéus,230013,Crateús,2305,Crateús
2305654,13340,Ipaporanga,CE,2304,Sertões Cearenses,23018,Sertão de Cratéus,230013,Crateús,2305,Crateús
2311264,13102,Quiterianópolis,CE,2304,Sertões Cearenses,23018,Sertão de Cratéus,230013,Crateús,2305,Crateús
2301257,13420,Ararendá,CE,2304,Sertões Cearenses,23018,Sertão de Cratéus,230013,Crateús,2305,Crateús
2305605,14133,Independência,CE,2304,Sertões Cearenses,23018,Sertão de Cratéus,230013,Crateús,2305,Crateús
2302404,13471,Boa Viagem,CE,2304,Sertões Cearenses,23019,Sertão de Quixeramobim,230004,Canindé,2301,Fortaleza
2307635,13021,Madalena,CE,2304,Sertões Cearenses,23019,Sertão de Quixeramobim,230004,Canindé,2301,Fortaleza
2303931,13463,Choró,CE,2304,Sertões Cearenses,23019,Sertão de Quixeramobim,230006,Quixadá,2302,Quixadá
2301851,13382,Banabuiú,CE,2304,Sertões Cearenses,23019,Sertão de Quixeramobim,230006,Quixadá,2302,Quixadá
2311405,15296,Quixeramobim,CE,2304,Sertões Cearenses,23019,Sertão de Quixeramobim,230006,Quixadá,2302,Quixadá
2311306,15270,Quixadá,CE,2304,Sertões Cearenses,23019,Sertão de Quixeramobim,230006,Quixadá,2302,Quixadá
2305266,14060,Ibaretama,CE,2304,Sertões Cearenses,23019,Sertão de Quixeramobim,230006,Quixadá,2302,Quixadá
2311900,15393,Saboeiro,CE,2304,Sertões Cearenses,23020,Sertão de Inhamuns,230009,Iguatu,2303,Iguatu
2303600,13714,Catarina,CE,2304,Sertões Cearenses,23020,Sertão de Inhamuns,230009,Iguatu,2303,Iguatu
2300408,13072,Aiuaba,CE,2304,Sertões Cearenses,23020,Sertão de Inhamuns,230011,Juazeiro do Norte,2304,Juazeiro do Norte
2301505,13293,Arneiroz,CE,2304,Sertões Cearenses,23020,Sertão de Inhamuns,230014,Tauá,2305,Crateús
2310308,15075,Parambu,CE,2304,Sertões Cearenses,23020,Sertão de Inhamuns,230014,Tauá,2305,Crateús
2313302,15679,Tauá,CE,2304,Sertões Cearenses,23020,Sertão de Inhamuns,230014,Tauá,2305,Crateús
2308351,15970,Milhã,CE,2304,Sertões Cearenses,23021,Sertão de Senador Pompeu,230006,Quixadá,2302,Quixadá
2310506,15113,Pedra Branca,CE,2304,Sertões Cearenses,23021,Sertão de Senador Pompeu,230006,Quixadá,2302,Quixadá
2313005,15610,Solonópole,CE,2304,Sertões Cearenses,23021,Sertão de Senador Pompeu,230006,Quixadá,2302,Quixadá
2312700,15555,Senador Pompeu,CE,2304,Sertões Cearenses,23021,Sertão de Senador Pompeu,230006,Quixadá,2302,Quixadá
2304269,15989,Deputado Irapuan Pinheiro,CE,2304,Sertões Cearenses,23021,Sertão de Senador Pompeu,230006,Quixadá,2302,Quixadá
2308500,14710,Mombaça,CE,2304,Sertões Cearenses,23021,Sertão de Senador Pompeu,230009,Iguatu,2303,Iguatu
2310902,15199,Piquet Carneiro,CE,2304,Sertões Cearenses,23021,Sertão de Senador Pompeu,230009,Iguatu,2303,Iguatu
2300309,13056,Acopiara,CE,2304,Sertões Cearenses,23021,Sertão de Senador Pompeu,230009,Iguatu,2303,Iguatu
2305357,15938,Icapuí,CE,2305,Jaguaribe,23022,Litoral de Aracati,230008,Aracati,2302,Quixadá
2304459,13501,Fortim,CE,2305,Jaguaribe,23022,Litoral de Aracati,230008,Aracati,2302,Quixadá
2301109,13218,Aracati,CE,2305,Jaguaribe,23022,Litoral de Aracati,230008,Aracati,2302,Quixadá
2306207,14257,Itaiçaba,CE,2305,Jaguaribe,23022,Litoral de Aracati,230008,Aracati,2302,Quixadá
2305332,15920,Ibicuitinga,CE,2305,Jaguaribe,23023,Baixo Jaguaribe,230006,Quixadá,2302,Quixadá
2300705,13137,Alto Santo,CE,2305,Jaguaribe,23023,Baixo Jaguaribe,230007,Russas - Limoeiro do Norte,2302,Quixadá
2312502,15512,São João do Jaguaribe,CE,2305,Jaguaribe,23023,Baixo Jaguaribe,230007,Russas - Limoeiro do Norte,2302,Quixadá
2311801,15377,Russas,CE,2305,Jaguaribe,23023,Baixo Jaguaribe,230007,Russas - Limoeiro do Norte,2302,Quixadá
2313104,15636,Tabuleiro do Norte,CE,2305,Jaguaribe,23023,Baixo Jaguaribe,230007,Russas - Limoeiro do Norte,2302,Quixadá
2311504,15318,Quixeré,CE,2305,Jaguaribe,23023,Baixo Jaguaribe,230007,Russas - Limoeiro do Norte,2302,Quixadá
2310001,15016,Palhano,CE,2305,Jaguaribe,23023,Baixo Jaguaribe,230007,Russas - Limoeiro do Norte,2302,Quixadá
2307601,14532,Limoeiro do Norte,CE,2305,Jaguaribe,23023,Baixo Jaguaribe,230007,Russas - Limoeiro do Norte,2302,Quixadá
2308708,14753,Morada Nova,CE,2305,Jaguaribe,23023,Baixo Jaguaribe,230007,Russas - Limoeiro do Norte,2302,Quixadá
2307007,14419,Jaguaruana,CE,2305,Jaguaribe,23023,Baixo Jaguaribe,230008,Aracati,2302,Quixadá
2306801,14370,Jaguaribara,CE,2305,Jaguaribe,23024,Médio Jaguaribe,230007,Russas - Limoeiro do Norte,2302,Quixadá
2306702,14354,Jaguaretama,CE,2305,Jaguaribe,23024,Médio Jaguaribe,230007,Russas - Limoeiro do Norte,2302,Quixadá
2306900,14397,Jaguaribe,CE,2305,Jaguaribe,23024,Médio Jaguaribe,230007,Russas - Limoeiro do Norte,2302,Quixadá
2311231,13269,Potiretama,CE,2305,Jaguaribe,23025,Serra do Pereiro,230007,Russas - Limoeiro do Norte,2302,Quixadá
2306009,14214,Iracema,CE,2305,Jaguaribe,23025,Serra do Pereiro,230007,Russas - Limoeiro do Norte,2302,Quixadá
2310803,15172,Pereiro,CE,2305,Jaguaribe,23025,Serra do Pereiro,230007,Russas - Limoeiro do Norte,2302,Quixadá
2304277,13200,Ererê,CE,2305,Jaguaribe,23025,Serra do Pereiro,230007,Russas - Limoeiro do Norte,2302,Quixadá
2311355,98531,Quixelô,CE,2306,Centro-Sul Cearense,23026,Iguatu,230009,Iguatu,2303,Iguatu
2303808,13757,Cedro,CE,2306,Centro-Sul Cearense,23026,Iguatu,230009,Iguatu,2303,Iguatu
2305506,14117,Iguatu,CE,2306,Centro-Sul Cearense,23026,Iguatu,230009,Iguatu,2303,Iguatu
2309508,14915,Orós,CE,2306,Centro-Sul Cearense,23026,Iguatu,230010,Icó,2303,Iguatu
2305407,14095,Icó,CE,2306,Centro-Sul Cearense,23026,Iguatu,230010,Icó,2303,Iguatu
2303303,13650,Cariús,CE,2306,Centro-Sul Cearense,23027,Várzea Alegre,230009,Iguatu,2303,Iguatu
2307403,14494,Jucás,CE,2306,Centro-Sul Cearense,23027,Várzea Alegre,230009,Iguatu,2303,Iguatu
2313252,13366,Tarrafas,CE,2306,Centro-Sul Cearense,23027,Várzea Alegre,230011,Juazeiro do Norte,2304,Juazeiro do Norte
2300804,13153,Antonina do Norte,CE,2306,Centro-Sul Cearense,23027,Várzea Alegre,230011,Juazeiro do Norte,2304,Juazeiro do Norte
2314003,15814,Várzea Alegre,CE,2306,Centro-Sul Cearense,23027,Várzea Alegre,230011,Juazeiro do Norte,2304,Juazeiro do Norte
2305704,14150,Ipaumirim,CE,2306,Centro-Sul Cearense,23028,Lavras da Mangabeira,230010,Icó,2303,Iguatu
2301802,13358,Baixio,CE,2306,Centro-Sul Cearense,23028,Lavras da Mangabeira,230010,Icó,2303,Iguatu
2313708,15750,Umari,CE,2306,Centro-Sul Cearense,23028,Lavras da Mangabeira,230010,Icó,2303,Iguatu
2307502,14516,Lavras da Mangabeira,CE,2306,Centro-Sul Cearense,23028,Lavras da Mangabeira,230011,Juazeiro do Norte,2304,Juazeiro do Norte
2311959,15440,Salitre,CE,2307,Sul Cearense,23029,Chapada do Araripe,230011,Juazeiro do Norte,2304,Juazeiro do Norte
2311207,15253,Potengi,CE,2307,Sul Cearense,23029,Chapada do Araripe,230011,Juazeiro do Norte,2304,Juazeiro do Norte
2302701,13536,Campos Sales,CE,2307,Sul Cearense,23029,Chapada do Araripe,230011,Juazeiro do Norte,2304,Juazeiro do Norte
2301604,13315,Assaré,CE,2307,Sul Cearense,23029,Chapada do Araripe,230011,Juazeiro do Norte,2304,Juazeiro do Norte
2301307,13250,Araripe,CE,2307,Sul Cearense,23029,Chapada do Araripe,230011,Juazeiro do Norte,2304,Juazeiro do Norte
2304806,13978,Granjeiro,CE,2307,Sul Cearense,23030,Caririaçu,230011,Juazeiro do Norte,2304,Juazeiro do Norte
2304301,13870,Farias Brito,CE,2307,Sul Cearense,23030,Caririaçu,230011,Juazeiro do Norte,2304,Juazeiro do Norte
2300606,13110,Altaneira,CE,2307,Sul Cearense,23030,Caririaçu,230011,Juazeiro do Norte,2304,Juazeiro do Norte
2303204,13633,Caririaçu,CE,2307,Sul Cearense,23030,Caririaçu,230011,Juazeiro do Norte,2304,Juazeiro do Norte
2301703,13331,Aurora,CE,2307,Sul Cearense,23031,Barro,230011,Juazeiro do Norte,2304,Juazeiro do Norte
2302008,13390,Barro,CE,2307,Sul Cearense,23031,Barro,230012,Brejo Santo,2304,Juazeiro do Norte
2308104,14630,Mauriti,CE,2307,Sul Cearense,23031,Barro,230012,Brejo Santo,2304,Juazeiro do Norte
2312106,15431,Santana do Cariri,CE,2307,Sul Cearense,23032,Cariri,230011,Juazeiro do Norte,2304,Juazeiro do Norte
2308401,14699,Missão Velha,CE,2307,Sul Cearense,23032,Cariri,230011,Juazeiro do Norte,2304,Juazeiro do Norte
2307106,14435,Jardim,CE,2307,Sul Cearense,23032,Cariri,230011,Juazeiro do Norte,2304,Juazeiro do Norte
2304202,13854,Crato,CE,2307,Sul Cearense,23032,Cariri,230011,Juazeiro do Norte,2304,Juazeiro do Norte
2307304,14478,Juazeiro do Norte,CE,2307,Sul Cearense,23032,Cariri,230011,Juazeiro do Norte,2304,Juazeiro do Norte
2301901,13374,Barbalha,CE,2307,Sul Cearense,23032,Cariri,230011,Juazeiro do Norte,2304,Juazeiro do Norte
2309201,14850,Nova Olinda,CE,2307,Sul Cearense,23032,Cariri,230011,Juazeiro do Norte,2304,Juazeiro do Norte
2311108,15237,Porteiras,CE,2307,Sul Cearense,23032,Cariri,230012,Brejo Santo,2304,Juazeiro do Norte
2308302,14672,Milagres,CE,2307,Sul Cearense,23033,Brejo Santo,230012,Brejo Santo,2304,Juazeiro do Norte
2307205,14451,Jati,CE,2307,Sul Cearense,23033,Brejo Santo,230012,Brejo Santo,2304,Juazeiro do Norte
2310605,15130,Penaforte,CE,2307,Sul Cearense,23033,Brejo Santo,230012,Brejo Santo,2304,Juazeiro do Norte
2302503,13498,Brejo Santo,CE,2307,Sul Cearense,23033,Brejo Santo,230012,Brejo Santo,2304,Juazeiro do Norte
2300101,13013,Abaiara,CE,2307,Sul Cearense,23033,Brejo Santo,230012,Brejo Santo,2304,Juazeiro do Norte
2413359,16020,Serra do Mel,RN,2401,Oeste Potiguar,24001,Mossoró,240009,Mossoró,2403,Mossoró
2404408,16853,Grossos,RN,2401,Oeste Potiguar,24001,Mossoró,240009,Mossoró,2403,Mossoró
2408003,17590,Mossoró,RN,2401,Oeste Potiguar,24001,Mossoró,240009,Mossoró,2403,Mossoró
2401107,16217,Areia Branca,RN,2401,Oeste Potiguar,24001,Mossoró,240009,Mossoró,2403,Mossoró
2401453,30031,Baraúna,RN,2401,Oeste Potiguar,24001,Mossoró,240009,Mossoró,2403,Mossoró
2411056,16225,Tibau,RN,2401,Oeste Potiguar,24001,Mossoró,240009,Mossoró,2403,Mossoró
2404309,16837,Governador Dix-Sept Rosado,RN,2401,Oeste Potiguar,24002,Chapada do Apodi,240009,Mossoró,2403,Mossoró
2401008,16195,Apodi,RN,2401,Oeste Potiguar,24002,Chapada do Apodi,240009,Mossoró,2403,Mossoró
2402303,16454,Caraúbas,RN,2401,Oeste Potiguar,24002,Chapada do Apodi,240009,Mossoró,2403,Mossoró
2403707,16730,Felipe Guerra,RN,2401,Oeste Potiguar,24002,Chapada do Apodi,240009,Mossoró,2403,Mossoró
2405207,17019,Janduís,RN,2401,Oeste Potiguar,24003,Médio Oeste,240009,Mossoró,2403,Mossoró
2414605,18899,Upanema,RN,2401,Oeste Potiguar,24003,Médio Oeste,240009,Mossoró,2403,Mossoró
2401305,16250,Campo Grande,RN,2401,Oeste Potiguar,24003,Médio Oeste,240009,Mossoró,2403,Mossoró
2407609,17213,Messias Targino,RN,2401,Oeste Potiguar,24003,Médio Oeste,240009,Mossoró,2403,Mossoró
2408706,17736,Paraú,RN,2401,Oeste Potiguar,24003,Médio Oeste,240011,Açu,2403,Mossoró
2414456,16128,Triunfo Potiguar,RN,2401,Oeste Potiguar,24003,Médio Oeste,240011,Açu,2403,Mossoró
2406106,17191,Jucurutu,RN,2401,Oeste Potiguar,24004,Vale do Açu,240007,Caicó,2402,Caicó
2400208,16039,Açu,RN,2401,Oeste Potiguar,24004,Vale do Açu,240011,Açu,2403,Mossoró
2404853,16080,Itajá,RN,2401,Oeste Potiguar,24004,Vale do Açu,240011,Açu,2403,Mossoró
2402501,16497,Carnaubais,RN,2401,Oeste Potiguar,24004,Vale do Açu,240011,Açu,2403,Mossoró
2400703,16136,Alto do Rodrigues,RN,2401,Oeste Potiguar,24004,Vale do Açu,240011,Açu,2403,Mossoró
2409902,17973,Pendências,RN,2401,Oeste Potiguar,24004,Vale do Açu,240011,Açu,2403,Mossoró
2410256,16284,Porto do Mangue,RN,2401,Oeste Potiguar,24004,Vale do Açu,240011,Açu,2403,Mossoró
2412807,18538,São Rafael,RN,2401,Oeste Potiguar,24004,Vale do Açu,240011,Açu,2403,Mossoró
2404705,16918,Ipanguaçu,RN,2401,Oeste Potiguar,24004,Vale do Açu,240011,Açu,2403,Mossoró
2400406,16071,Água Nova,RN,2401,Oeste Potiguar,24005,Serra de São Miguel,240010,Pau dos Ferros,2403,Mossoró
2403202,16632,Doutor Severiano,RN,2401,Oeste Potiguar,24005,Serra de São Miguel,240010,Pau dos Ferros,2403,Mossoró
2410801,18139,Riacho de Santana,RN,2401,Oeste Potiguar,24005,Serra de São Miguel,240010,Pau dos Ferros,2403,Mossoró
2412500,18473,São Miguel,RN,2401,Oeste Potiguar,24005,Serra de São Miguel,240010,Pau dos Ferros,2403,Mossoró
2407252,16160,Major Sales,RN,2401,Oeste Potiguar,24005,Serra de São Miguel,240010,Pau dos Ferros,2403,Mossoró
2407005,17396,Luís Gomes,RN,2401,Oeste Potiguar,24005,Serra de São Miguel,240010,Pau dos Ferros,2403,Mossoró
2403301,16659,Encanto,RN,2401,Oeste Potiguar,24005,Serra de São Miguel,240010,Pau dos Ferros,2403,Mossoró
2402907,16578,Coronel João Pessoa,RN,2401,Oeste Potiguar,24005,Serra de São Miguel,240010,Pau dos Ferros,2403,Mossoró
2414753,16187,Venha-Ver,RN,2401,Oeste Potiguar,24005,Serra de São Miguel,240010,Pau dos Ferros,2403,Mossoró
2413607,18694,Severiano Melo,RN,2401,Oeste Potiguar,24006,Pau dos Ferros,240009,Mossoró,2403,Mossoró
2411007,18171,Rodolfo Fernandes,RN,2401,Oeste Potiguar,24006,Pau dos Ferros,240009,Mossoró,2403,Mossoró
2404903,16950,Itaú,RN,2401,Oeste Potiguar,24006,Pau dos Ferros,240009,Mossoró,2403,Mossoró
2409407,17876,Pau dos Ferros,RN,2401,Oeste Potiguar,24006,Pau dos Ferros,240010,Pau dos Ferros,2403,Mossoró
2400505,16098,Alexandria,RN,2401,Oeste Potiguar,24006,Pau dos Ferros,240010,Pau dos Ferros,2403,Mossoró
2411908,18210,São Francisco do Oeste,RN,2401,Oeste Potiguar,24006,Pau dos Ferros,240010,Pau dos Ferros,2403,Mossoró
2406007,17175,José da Penha,RN,2401,Oeste Potiguar,24006,Pau dos Ferros,240010,Pau dos Ferros,2403,Mossoró
2408607,17710,Paraná,RN,2401,Oeste Potiguar,24006,Pau dos Ferros,240010,Pau dos Ferros,2403,Mossoró
2414100,18791,Tenente Ananias,RN,2401,Oeste Potiguar,24006,Pau dos Ferros,240010,Pau dos Ferros,2403,Mossoró
2413805,18732,Taboleiro Grande,RN,2401,Oeste Potiguar,24006,Pau dos Ferros,240010,Pau dos Ferros,2403,Mossoró
2410504,18090,Rafael Fernandes,RN,2401,Oeste Potiguar,24006,Pau dos Ferros,240010,Pau dos Ferros,2403,Mossoró
2407302,17450,Marcelino Vieira,RN,2401,Oeste Potiguar,24006,Pau dos Ferros,240010,Pau dos Ferros,2403,Mossoró
2403905,16772,Francisco Dantas,RN,2401,Oeste Potiguar,24006,Pau dos Ferros,240010,Pau dos Ferros,2403,Mossoró
2414902,18970,Viçosa,RN,2401,Oeste Potiguar,24006,Pau dos Ferros,240010,Pau dos Ferros,2403,Mossoró
2410009,17990,Pilões,RN,2401,Oeste Potiguar,24006,Pau dos Ferros,240010,Pau dos Ferros,2403,Mossoró
2410207,18031,Portalegre,RN,2401,Oeste Potiguar,24006,Pau dos Ferros,240010,Pau dos Ferros,2403,Mossoró
2410702,18112,Riacho da Cruz,RN,2401,Oeste Potiguar,24006,Pau dos Ferros,240010,Pau dos Ferros,2403,Mossoró
2400901,16179,Antônio Martins,RN,2401,Oeste Potiguar,24007,Umarizal,240010,Pau dos Ferros,2403,Mossoró
2404002,17515,Frutuoso Gomes,RN,2401,Oeste Potiguar,24007,Umarizal,240010,Pau dos Ferros,2403,Mossoró
2414506,18872,Umarizal,RN,2401,Oeste Potiguar,24007,Umarizal,240010,Pau dos Ferros,2403,Mossoró
2400604,16110,Almino Afonso,RN,2401,Oeste Potiguar,24007,Umarizal,240010,Pau dos Ferros,2403,Mossoró
2408409,17671,Olho-d'Água do Borges,RN,2401,Oeste Potiguar,24007,Umarizal,240010,Pau dos Ferros,2403,Mossoró
2410603,18937,Rafael Godeiro,RN,2401,Oeste Potiguar,24007,Umarizal,240010,Pau dos Ferros,2403,Mossoró
2409308,17850,Patu,RN,2401,Oeste Potiguar,24007,Umarizal,240010,Pau dos Ferros,2403,Mossoró
2405900,17159,João Dias,RN,2401,Oeste Potiguar,24007,Umarizal,240010,Pau dos Ferros,2403,Mossoró
2406908,17370,Lucrécia,RN,2401,Oeste Potiguar,24007,Umarizal,240010,Pau dos Ferros,2403,Mossoró
2407401,17477,Martins,RN,2401,Oeste Potiguar,24007,Umarizal,240010,Pau dos Ferros,2403,Mossoró
2413557,16209,Serrinha dos Pintos,RN,2401,Oeste Potiguar,24007,Umarizal,240010,Pau dos Ferros,2403,Mossoró
2401859,16047,Caiçara do Norte,RN,2402,Central Potiguar,24008,Macau,240005,João Câmara,2401,Natal
2404101,16799,Galinhos,RN,2402,Central Potiguar,24008,Macau,240005,João Câmara,2401,Natal
2411601,18317,São Bento do Norte,RN,2402,Central Potiguar,24008,Macau,240005,João Câmara,2401,Natal
2407203,17434,Macau,RN,2402,Central Potiguar,24008,Macau,240011,Açu,2403,Mossoró
2404507,16870,Guamaré,RN,2402,Central Potiguar,24008,Macau,240011,Açu,2403,Mossoró
2409704,17930,Pedro Avelino,RN,2402,Central Potiguar,24009,Angicos,240005,João Câmara,2401,Natal
2405504,17078,Jardim de Angicos,RN,2402,Central Potiguar,24009,Angicos,240005,João Câmara,2401,Natal
2409605,17914,Pedra Preta,RN,2402,Central Potiguar,24009,Angicos,240005,João Câmara,2401,Natal
2401909,16373,Caiçara do Rio do Vento,RN,2402,Central Potiguar,24009,Angicos,240006,São Paulo do Potengi,2401,Natal
2400307,16055,Afonso Bezerra,RN,2402,Central Potiguar,24009,Angicos,240011,Açu,2403,Mossoró
2400802,16152,Angicos,RN,2402,Central Potiguar,24009,Angicos,240011,Açu,2403,Mossoró
2403756,16144,Fernando Pedroza,RN,2402,Central Potiguar,24009,Angicos,240011,Açu,2403,Mossoró
2406700,17337,Lajes,RN,2402,Central Potiguar,24009,Angicos,240011,Açu,2403,Mossoró
2406502,17299,Lagoa Nova,RN,2402,Central Potiguar,24010,Serra de Santana,240008,Currais Novos,2402,Caicó
2413003,18570,São Vicente,RN,2402,Central Potiguar,24010,Serra de Santana,240008,Currais Novos,2402,Caicó
2414159,16004,Tenente Laurentino Cruz,RN,2402,Central Potiguar,24010,Serra de Santana,240008,Currais Novos,2402,Caicó
2402709,16535,Cerro Corá,RN,2402,Central Potiguar,24010,Serra de Santana,240008,Currais Novos,2402,Caicó
2401651,16101,Bodó,RN,2402,Central Potiguar,24010,Serra de Santana,240008,Currais Novos,2402,Caicó
2403806,16756,Florânia,RN,2402,Central Potiguar,24010,Serra de Santana,240008,Currais Novos,2402,Caicó
2411403,18279,Santana do Matos,RN,2402,Central Potiguar,24010,Serra de Santana,240011,Açu,2403,Mossoró
2402006,16390,Caicó,RN,2402,Central Potiguar,24011,Seridó Ocidental,240007,Caicó,2402,Caicó
2405603,17094,Jardim de Piranhas,RN,2402,Central Potiguar,24011,Seridó Ocidental,240007,Caicó,2402,Caicó
2412104,18392,São João do Sabugi,RN,2402,Central Potiguar,24011,Seridó Ocidental,240007,Caicó,2402,Caicó
2404804,16934,Ipueira,RN,2402,Central Potiguar,24011,Seridó Ocidental,240007,Caicó,2402,Caicó
2413409,18651,Serra Negra do Norte,RN,2402,Central Potiguar,24011,Seridó Ocidental,240007,Caicó,2402,Caicó
2411809,18350,São Fernando,RN,2402,Central Potiguar,24011,Seridó Ocidental,240007,Caicó,2402,Caicó
2414308,18830,Timbaúba dos Batistas,RN,2402,Central Potiguar,24011,Seridó Ocidental,240007,Caicó,2402,Caicó
2411429,18252,Santana do Seridó,RN,2402,Central Potiguar,24012,Seridó Oriental,240007,Caicó,2402,Caicó
2412401,18457,São José do Seridó,RN,2402,Central Potiguar,24012,Seridó Oriental,240007,Caicó,2402,Caicó
2408904,17779,Parelhas,RN,2402,Central Potiguar,24012,Seridó Oriental,240007,Caicó,2402,Caicó
2408508,17698,Ouro Branco,RN,2402,Central Potiguar,24012,Seridó Oriental,240007,Caicó,2402,Caicó
2403004,16594,Cruzeta,RN,2402,Central Potiguar,24012,Seridó Oriental,240007,Caicó,2402,Caicó
2403400,16675,Equador,RN,2402,Central Potiguar,24012,Seridó Oriental,240007,Caicó,2402,Caicó
2405702,17116,Jardim do Seridó,RN,2402,Central Potiguar,24012,Seridó Oriental,240007,Caicó,2402,Caicó
2402402,16470,Carnaúba dos Dantas,RN,2402,Central Potiguar,24012,Seridó Oriental,240008,Currais Novos,2402,Caicó
2403103,16616,Currais Novos,RN,2402,Central Potiguar,24012,Seridó Oriental,240008,Currais Novos,2402,Caicó
2400109,16012,Acari,RN,2402,Central Potiguar,24012,Seridó Oriental,240008,Currais Novos,2402,Caicó
2410108,18015,Poço Branco,RN,2403,Agreste Potiguar,24013,Baixa Verde,240001,Natal,2401,Natal
2401602,16314,Bento Fernandes,RN,2403,Agreste Potiguar,24013,Baixa Verde,240001,Natal,2401,Natal
2405108,16993,Jandaíra,RN,2403,Agreste Potiguar,24013,Baixa Verde,240005,João Câmara,2401,Natal
2408805,17752,Parazinho,RN,2403,Agreste Potiguar,24013,Baixa Verde,240005,João Câmara,2401,Natal
2405801,17132,João Câmara,RN,2403,Agreste Potiguar,24013,Baixa Verde,240005,João Câmara,2401,Natal
2412302,18430,São José do Campestre,RN,2403,Agreste Potiguar,24014,Borborema Potiguar,240002,Santo Antônio - Passa e Fica - Nova Cruz,2401,Natal
2407906,17574,Monte das Gameleiras,RN,2403,Agreste Potiguar,24014,Borborema Potiguar,240002,Santo Antônio - Passa e Fica - Nova Cruz,2401,Natal
2413300,18635,Serra de São Bento,RN,2403,Agreste Potiguar,24014,Borborema Potiguar,240002,Santo Antônio - Passa e Fica - Nova Cruz,2401,Natal
2402808,16551,Coronel Ezequiel,RN,2403,Agreste Potiguar,24014,Borborema Potiguar,240004,Santa Cruz,2401,Natal
2405405,17051,Japi,RN,2403,Agreste Potiguar,24014,Borborema Potiguar,240004,Santa Cruz,2401,Natal
2411700,18333,São Bento do Trairí,RN,2403,Agreste Potiguar,24014,Borborema Potiguar,240004,Santa Cruz,2401,Natal
2405009,16977,Jaçanã,RN,2403,Agreste Potiguar,24014,Borborema Potiguar,240004,Santa Cruz,2401,Natal
2414001,18775,Tangará,RN,2403,Agreste Potiguar,24014,Borborema Potiguar,240004,Santa Cruz,2401,Natal
2402105,16411,Campo Redondo,RN,2403,Agreste Potiguar,24014,Borborema Potiguar,240004,Santa Cruz,2401,Natal
2413706,18716,Sítio Novo,RN,2403,Agreste Potiguar,24014,Borborema Potiguar,240004,Santa Cruz,2401,Natal
2411205,18236,Santa Cruz,RN,2403,Agreste Potiguar,24014,Borborema Potiguar,240004,Santa Cruz,2401,Natal
2406809,17353,Lajes Pintadas,RN,2403,Agreste Potiguar,24014,Borborema Potiguar,240004,Santa Cruz,2401,Natal
2401503,16292,Barcelona,RN,2403,Agreste Potiguar,24014,Borborema Potiguar,240006,São Paulo do Potengi,2401,Natal
2412906,18554,São Tomé,RN,2403,Agreste Potiguar,24014,Borborema Potiguar,240006,São Paulo do Potengi,2401,Natal
2406403,17272,Lagoa de Velhos,RN,2403,Agreste Potiguar,24014,Borborema Potiguar,240006,São Paulo do Potengi,2401,Natal
2411106,18198,Ruy Barbosa,RN,2403,Agreste Potiguar,24014,Borborema Potiguar,240006,São Paulo do Potengi,2401,Natal
2414803,18953,Vera Cruz,RN,2403,Agreste Potiguar,24015,Agreste Potiguar,240001,Natal,2401,Natal
2407807,17558,Monte Alegre,RN,2403,Agreste Potiguar,24015,Agreste Potiguar,240001,Natal,2401,Natal
2404606,16896,Ielmo Marinho,RN,2403,Agreste Potiguar,24015,Agreste Potiguar,240001,Natal,2401,Natal
2406601,17310,Lagoa Salgada,RN,2403,Agreste Potiguar,24015,Agreste Potiguar,240001,Natal,2401,Natal
2401800,16357,Brejinho,RN,2403,Agreste Potiguar,24015,Agreste Potiguar,240001,Natal,2401,Natal
2406155,16306,Jundiá,RN,2403,Agreste Potiguar,24015,Agreste Potiguar,240001,Natal,2401,Natal
2401701,16330,Bom Jesus,RN,2403,Agreste Potiguar,24015,Agreste Potiguar,240001,Natal,2401,Natal
2409209,17833,Passagem,RN,2403,Agreste Potiguar,24015,Agreste Potiguar,240002,Santo Antônio - Passa e Fica - Nova Cruz,2401,Natal
2409100,17817,Passa e Fica,RN,2403,Agreste Potiguar,24015,Agreste Potiguar,240002,Santo Antônio - Passa e Fica - Nova Cruz,2401,Natal
2410306,18058,Serra Caiada,RN,2403,Agreste Potiguar,24015,Agreste Potiguar,240002,Santo Antônio - Passa e Fica - Nova Cruz,2401,Natal
2406304,17256,Lagoa de Pedras,RN,2403,Agreste Potiguar,24015,Agreste Potiguar,240002,Santo Antônio - Passa e Fica - Nova Cruz,2401,Natal
2406205,17230,Lagoa d'Anta,RN,2403,Agreste Potiguar,24015,Agreste Potiguar,240002,Santo Antônio - Passa e Fica - Nova Cruz,2401,Natal
2411502,18295,Santo Antônio,RN,2403,Agreste Potiguar,24015,Agreste Potiguar,240002,Santo Antônio - Passa e Fica - Nova Cruz,2401,Natal
2405306,17035,Boa Saúde,RN,2403,Agreste Potiguar,24015,Agreste Potiguar,240002,Santo Antônio - Passa e Fica - Nova Cruz,2401,Natal
2408300,17655,Nova Cruz,RN,2403,Agreste Potiguar,24015,Agreste Potiguar,240002,Santo Antônio - Passa e Fica - Nova Cruz,2401,Natal
2413508,18678,Serrinha,RN,2403,Agreste Potiguar,24015,Agreste Potiguar,240002,Santo Antônio - Passa e Fica - Nova Cruz,2401,Natal
2414704,18910,Várzea,RN,2403,Agreste Potiguar,24015,Agreste Potiguar,240002,Santo Antônio - Passa e Fica - Nova Cruz,2401,Natal
2413102,18597,Senador Elói de Souza,RN,2403,Agreste Potiguar,24015,Agreste Potiguar,240006,São Paulo do Potengi,2401,Natal
2410900,18155,Riachuelo,RN,2403,Agreste Potiguar,24015,Agreste Potiguar,240006,São Paulo do Potengi,2401,Natal
2412708,18511,São Pedro,RN,2403,Agreste Potiguar,24015,Agreste Potiguar,240006,São Paulo do Potengi,2401,Natal
2409332,16241,Santa Maria,RN,2403,Agreste Potiguar,24015,Agreste Potiguar,240006,São Paulo do Potengi,2401,Natal
2412609,18490,São Paulo do Potengi,RN,2403,Agreste Potiguar,24015,Agreste Potiguar,240006,São Paulo do Potengi,2401,Natal
2410405,18074,Pureza,RN,2404,Leste Potiguar,24016,Litoral Nordeste,240001,Natal,2401,Natal
2413904,18759,Taipu,RN,2404,Leste Potiguar,24016,Litoral Nordeste,240001,Natal,2401,Natal
2412559,16063,São Miguel do Gostoso,RN,2404,Leste Potiguar,24016,Litoral Nordeste,240001,Natal,2401,Natal
2414407,18856,Touros,RN,2404,Leste Potiguar,24016,Litoral Nordeste,240001,Natal,2401,Natal
2407500,17493,Maxaranguape,RN,2404,Leste Potiguar,24016,Litoral Nordeste,240001,Natal,2401,Natal
2408953,16268,Rio do Fogo,RN,2404,Leste Potiguar,24016,Litoral Nordeste,240001,Natal,2401,Natal
2409506,17892,Pedra Grande,RN,2404,Leste Potiguar,24016,Litoral Nordeste,240005,João Câmara,2401,Natal
2408201,17639,Nísia Floresta,RN,2404,Leste Potiguar,24017,Macaíba,240001,Natal,2401,Natal
2402600,16519,Ceará-Mirim,RN,2404,Leste Potiguar,24017,Macaíba,240001,Natal,2401,Natal
2412005,18376,São Gonçalo do Amarante,RN,2404,Leste Potiguar,24017,Macaíba,240001,Natal,2401,Natal
2407104,17418,Macaíba,RN,2404,Leste Potiguar,24017,Macaíba,240001,Natal,2401,Natal
2412203,18414,São José de Mipibu,RN,2404,Leste Potiguar,24017,Macaíba,240001,Natal,2401,Natal
2403251,17795,Parnamirim,RN,2404,Leste Potiguar,24018,Natal,240001,Natal,2401,Natal
2403608,16713,Extremoz,RN,2404,Leste Potiguar,24018,Natal,240001,Natal,2401,Natal
2408102,17612,Natal,RN,2404,Leste Potiguar,24018,Natal,240001,Natal,2401,Natal
2413201,18619,Senador Georgino Avelino,RN,2404,Leste Potiguar,24019,Litoral Sul,240001,Natal,2401,Natal
2409803,17957,Pedro Velho,RN,2404,Leste Potiguar,24019,Litoral Sul,240003,Canguaretama,2401,Natal
2401404,16276,Baía Formosa,RN,2404,Leste Potiguar,24019,Litoral Sul,240003,Canguaretama,2401,Natal
2414209,18813,Tibau do Sul,RN,2404,Leste Potiguar,24019,Litoral Sul,240003,Canguaretama,2401,Natal
2415008,18996,Vila Flor,RN,2404,Leste Potiguar,24019,Litoral Sul,240003,Canguaretama,2401,Natal
2403509,16691,Espírito Santo,RN,2404,Leste Potiguar,24019,Litoral Sul,240003,Canguaretama,2401,Natal
2401206,16233,Arês,RN,2404,Leste Potiguar,24019,Litoral Sul,240003,Canguaretama,2401,Natal
2404200,16810,Goianinha,RN,2404,Leste Potiguar,24019,Litoral Sul,240003,Canguaretama,2401,Natal
2407708,17531,Montanhas,RN,2404,Leste Potiguar,24019,Litoral Sul,240003,Canguaretama,2401,Natal
2402204,16438,Canguaretama,RN,2404,Leste Potiguar,24019,Litoral Sul,240003,Canguaretama,2401,Natal
2504306,19879,Catolé do Rocha,PB,2501,Sertão Paraibano,25001,Catolé do Rocha,250011,Catolé do Rocha - São Bento,2503,Patos
2509370,19488,Mato Grosso,PB,2501,Sertão Paraibano,25001,Catolé do Rocha,250011,Catolé do Rocha - São Bento,2503,Patos
2512804,21571,Riacho dos Cavalos,PB,2501,Sertão Paraibano,25001,Catolé do Rocha,250011,Catolé do Rocha - São Bento,2503,Patos
2507408,20494,Jericó,PB,2501,Sertão Paraibano,25001,Catolé do Rocha,250011,Catolé do Rocha - São Bento,2503,Patos
2502904,19593,Brejo dos Santos,PB,2501,Sertão Paraibano,25001,Catolé do Rocha,250011,Catolé do Rocha - São Bento,2503,Patos
2502003,19410,Belém do Brejo do Cruz,PB,2501,Sertão Paraibano,25001,Catolé do Rocha,250011,Catolé do Rocha - São Bento,2503,Patos
2513901,21792,São Bento,PB,2501,Sertão Paraibano,25001,Catolé do Rocha,250011,Catolé do Rocha - São Bento,2503,Patos
2514651,19542,São José do Brejo do Cruz,PB,2501,Sertão Paraibano,25001,Catolé do Rocha,250011,Catolé do Rocha - São Bento,2503,Patos
2502300,19470,Bom Sucesso,PB,2501,Sertão Paraibano,25001,Catolé do Rocha,250011,Catolé do Rocha - São Bento,2503,Patos
2502805,19577,Brejo do Cruz,PB,2501,Sertão Paraibano,25001,Catolé do Rocha,250011,Catolé do Rocha - São Bento,2503,Patos
2508109,20630,Lagoa,PB,2501,Sertão Paraibano,25001,Catolé do Rocha,250012,Pombal,2503,Patos
2513653,19666,Joca Claudino,PB,2501,Sertão Paraibano,25002,Cajazeiras,250014,Sousa,2504,Sousa - Cajazeiras
2502052,19500,Bernardino Batista,PB,2501,Sertão Paraibano,25002,Cajazeiras,250014,Sousa,2504,Sousa - Cajazeiras
2516904,22390,Uiraúna,PB,2501,Sertão Paraibano,25002,Cajazeiras,250014,Sousa,2504,Sousa - Cajazeiras
2512036,19640,Poço Dantas,PB,2501,Sertão Paraibano,25002,Cajazeiras,250014,Sousa,2504,Sousa - Cajazeiras
2512077,19526,Poço de José de Moura,PB,2501,Sertão Paraibano,25002,Cajazeiras,250015,Cajazeiras,2504,Sousa - Cajazeiras
2500700,19135,São João do Rio do Peixe,PB,2501,Sertão Paraibano,25002,Cajazeiras,250015,Cajazeiras,2504,Sousa - Cajazeiras
2503704,19755,Cajazeiras,PB,2501,Sertão Paraibano,25002,Cajazeiras,250015,Cajazeiras,2504,Sousa - Cajazeiras
2514503,21911,São José de Piranhas,PB,2501,Sertão Paraibano,25002,Cajazeiras,250015,Cajazeiras,2504,Sousa - Cajazeiras
2503308,19674,Cachoeira dos Índios,PB,2501,Sertão Paraibano,25002,Cajazeiras,250015,Cajazeiras,2504,Sousa - Cajazeiras
2516805,22373,Triunfo,PB,2501,Sertão Paraibano,25002,Cajazeiras,250015,Cajazeiras,2504,Sousa - Cajazeiras
2504108,19836,Carrapateira,PB,2501,Sertão Paraibano,25002,Cajazeiras,250015,Cajazeiras,2504,Sousa - Cajazeiras
2502409,19496,Bonito de Santa Fé,PB,2501,Sertão Paraibano,25002,Cajazeiras,250015,Cajazeiras,2504,Sousa - Cajazeiras
2509602,20931,Monte Horebe,PB,2501,Sertão Paraibano,25002,Cajazeiras,250015,Cajazeiras,2504,Sousa - Cajazeiras
2502201,19453,Bom Jesus,PB,2501,Sertão Paraibano,25002,Cajazeiras,250015,Cajazeiras,2504,Sousa - Cajazeiras
2513307,21679,Santa Helena,PB,2501,Sertão Paraibano,25002,Cajazeiras,250015,Cajazeiras,2504,Sousa - Cajazeiras
2505501,20117,Vista Serrana,PB,2501,Sertão Paraibano,25003,Sousa,250009,Patos,2503,Patos
2508802,20770,Malta,PB,2501,Sertão Paraibano,25003,Sousa,250009,Patos,2503,Patos
2512101,21431,Pombal,PB,2501,Sertão Paraibano,25003,Sousa,250012,Pombal,2503,Patos
2513927,19402,São Bentinho,PB,2501,Sertão Paraibano,25003,Sousa,250012,Pombal,2503,Patos
2504504,19917,Condado,PB,2501,Sertão Paraibano,25003,Sousa,250012,Pombal,2503,Patos
2503753,19380,Cajazeirinhas,PB,2501,Sertão Paraibano,25003,Sousa,250012,Pombal,2503,Patos
2510907,21199,Paulista,PB,2501,Sertão Paraibano,25003,Sousa,250012,Pombal,2503,Patos
2513968,19429,São Domingos,PB,2501,Sertão Paraibano,25003,Sousa,250012,Pombal,2503,Patos
2514206,21857,São José da Lagoa Tapada,PB,2501,Sertão Paraibano,25003,Sousa,250014,Sousa,2504,Sousa - Cajazeiras
2513984,19860,São Francisco,PB,2501,Sertão Paraibano,25003,Sousa,250014,Sousa,2504,Sousa - Cajazeiras
2516201,22250,Sousa,PB,2501,Sertão Paraibano,25003,Sousa,250014,Sousa,2504,Sousa - Cajazeiras
2500775,19844,Aparecida,PB,2501,Sertão Paraibano,25003,Sousa,250014,Sousa,2504,Sousa - Cajazeiras
2510006,21016,Nazarezinho,PB,2501,Sertão Paraibano,25003,Sousa,250014,Sousa,2504,Sousa - Cajazeiras
2509156,19461,Marizópolis,PB,2501,Sertão Paraibano,25003,Sousa,250014,Sousa,2504,Sousa - Cajazeiras
2517209,19887,Vieirópolis,PB,2501,Sertão Paraibano,25003,Sousa,250014,Sousa,2504,Sousa - Cajazeiras
2508406,20699,Lastro,PB,2501,Sertão Paraibano,25003,Sousa,250014,Sousa,2504,Sousa - Cajazeiras
2513208,21652,Santa Cruz,PB,2501,Sertão Paraibano,25003,Sousa,250014,Sousa,2504,Sousa - Cajazeiras
2514602,21938,São José do Bonfim,PB,2501,Sertão Paraibano,25004,Patos,250009,Patos,2503,Patos
2503407,19690,Cacimba de Areia,PB,2501,Sertão Paraibano,25004,Patos,250009,Patos,2503,Patos
2510709,21156,Passagem,PB,2501,Sertão Paraibano,25004,Patos,250009,Patos,2503,Patos
2514404,21890,São José de Espinharas,PB,2501,Sertão Paraibano,25004,Patos,250009,Patos,2503,Patos
2501153,19909,Areia de Baraúnas,PB,2501,Sertão Paraibano,25004,Patos,250009,Patos,2503,Patos
2508703,20753,Mãe d'Água,PB,2501,Sertão Paraibano,25004,Patos,250009,Patos,2503,Patos
2513802,21776,Santa Teresinha,PB,2501,Sertão Paraibano,25004,Patos,250009,Patos,2503,Patos
2512606,21539,Quixabá,PB,2501,Sertão Paraibano,25004,Patos,250009,Patos,2503,Patos
2510808,21172,Patos,PB,2501,Sertão Paraibano,25004,Patos,250009,Patos,2503,Patos
2505907,20192,Emas,PB,2501,Sertão Paraibano,25005,Piancó,250009,Patos,2503,Patos
2510402,21091,Olho d'Água,PB,2501,Sertão Paraibano,25005,Piancó,250009,Patos,2503,Patos
2504207,19852,Catingueira,PB,2501,Sertão Paraibano,25005,Piancó,250009,Patos,2503,Patos
2504801,19976,Coremas,PB,2501,Sertão Paraibano,25005,Piancó,250009,Patos,2503,Patos
2510204,21059,Nova Olinda,PB,2501,Sertão Paraibano,25005,Piancó,250010,Itaporanga,2503,Patos
2511301,21270,Piancó,PB,2501,Sertão Paraibano,25005,Piancó,250010,Itaporanga,2503,Patos
2502607,19534,Igaracy,PB,2501,Sertão Paraibano,25005,Piancó,250010,Itaporanga,2503,Patos
2500205,19038,Aguiar,PB,2501,Sertão Paraibano,25005,Piancó,250010,Itaporanga,2503,Patos
2513604,21733,Santana dos Garrotes,PB,2501,Sertão Paraibano,25005,Piancó,250010,Itaporanga,2503,Patos
2507002,20419,Itaporanga,PB,2501,Sertão Paraibano,25006,Itaporanga,250010,Itaporanga,2503,Patos
2513356,19569,Santa Inês,PB,2501,Sertão Paraibano,25006,Itaporanga,250010,Itaporanga,2503,Patos
2506608,20338,Ibiara,PB,2501,Sertão Paraibano,25006,Itaporanga,250010,Itaporanga,2503,Patos
2514305,21873,São José de Caiana,PB,2501,Sertão Paraibano,25006,Itaporanga,250010,Itaporanga,2503,Patos
2505600,20133,Diamante,PB,2501,Sertão Paraibano,25006,Itaporanga,250010,Itaporanga,2503,Patos
2511004,21210,Pedra Branca,PB,2501,Sertão Paraibano,25006,Itaporanga,250010,Itaporanga,2503,Patos
2513505,21717,Santana de Mangueira,PB,2501,Sertão Paraibano,25006,Itaporanga,250010,Itaporanga,2503,Patos
2504405,19895,Conceição,PB,2501,Sertão Paraibano,25006,Itaporanga,250010,Itaporanga,2503,Patos
2502102,19437,Boa Ventura,PB,2501,Sertão Paraibano,25006,Itaporanga,250010,Itaporanga,2503,Patos
2505303,20079,Curral Velho,PB,2501,Sertão Paraibano,25006,Itaporanga,250010,Itaporanga,2503,Patos
2515708,22152,Serra Grande,PB,2501,Sertão Paraibano,25006,Itaporanga,250015,Cajazeiras,2504,Sousa - Cajazeiras
2506707,20354,Imaculada,PB,2501,Sertão Paraibano,25007,Serra do Teixeira,250009,Patos,2503,Patos
2509396,19984,Maturéia,PB,2501,Sertão Paraibano,25007,Serra do Teixeira,250009,Patos,2503,Patos
2500106,19011,Água Branca,PB,2501,Sertão Paraibano,25007,Serra do Teixeira,250009,Patos,2503,Patos
2505402,20095,Desterro,PB,2501,Sertão Paraibano,25007,Serra do Teixeira,250009,Patos,2503,Patos
2516706,22357,Teixeira,PB,2501,Sertão Paraibano,25007,Serra do Teixeira,250009,Patos,2503,Patos
2503555,19364,Cacimbas,PB,2501,Sertão Paraibano,25007,Serra do Teixeira,250009,Patos,2503,Patos
2512309,21474,Princesa Isabel,PB,2501,Sertão Paraibano,25007,Serra do Teixeira,250013,Princesa Isabel,2503,Patos
2514552,19445,São José de Princesa,PB,2501,Sertão Paraibano,25007,Serra do Teixeira,250013,Princesa Isabel,2503,Patos
2509008,20818,Manaíra,PB,2501,Sertão Paraibano,25007,Serra do Teixeira,250013,Princesa Isabel,2503,Patos
2516607,22330,Tavares,PB,2501,Sertão Paraibano,25007,Serra do Teixeira,250013,Princesa Isabel,2503,Patos
2508000,20613,Juru,PB,2501,Sertão Paraibano,25007,Serra do Teixeira,250013,Princesa Isabel,2503,Patos
2507804,20575,Junco do Seridó,PB,2502,Borborema,25008,Seridó Ocidental Paraibano,250005,Campina Grande,2502,Campina Grande
2517100,22438,Várzea,PB,2502,Borborema,25008,Seridó Ocidental Paraibano,250009,Patos,2503,Patos
2513000,21610,Salgadinho,PB,2502,Borborema,25008,Seridó Ocidental Paraibano,250009,Patos,2503,Patos
2513406,21695,Santa Luzia,PB,2502,Borborema,25008,Seridó Ocidental Paraibano,250009,Patos,2503,Patos
2514701,21954,São José do Sabugi,PB,2502,Borborema,25008,Seridó Ocidental Paraibano,250009,Patos,2503,Patos
2514909,21997,São Mamede,PB,2502,Borborema,25008,Seridó Ocidental Paraibano,250009,Patos,2503,Patos
2505006,20010,Cubati,PB,2502,Borborema,25009,Seridó Oriental Paraibano,250005,Campina Grande,2502,Campina Grande
2515401,22098,São Vicente do Seridó,PB,2502,Borborema,25009,Seridó Oriental Paraibano,250005,Campina Grande,2502,Campina Grande
2516755,19682,Tenório,PB,2502,Borborema,25009,Seridó Oriental Paraibano,250005,Campina Grande,2502,Campina Grande
2507705,20559,Juazeirinho,PB,2502,Borborema,25009,Seridó Oriental Paraibano,250005,Campina Grande,2502,Campina Grande
2506202,20257,Frei Martinho,PB,2502,Borborema,25009,Seridó Oriental Paraibano,250006,Cuité - Nova Floresta,2502,Campina Grande
2511103,21237,Pedra Lavrada,PB,2502,Borborema,25009,Seridó Oriental Paraibano,250006,Cuité - Nova Floresta,2502,Campina Grande
2511400,21296,Picuí,PB,2502,Borborema,25009,Seridó Oriental Paraibano,250006,Cuité - Nova Floresta,2502,Campina Grande
2510303,21075,Nova Palmeira,PB,2502,Borborema,25009,Seridó Oriental Paraibano,250006,Cuité - Nova Floresta,2502,Campina Grande
2501534,19305,Baraúna,PB,2502,Borborema,25009,Seridó Oriental Paraibano,250006,Cuité - Nova Floresta,2502,Campina Grande
2501351,19321,Assunção,PB,2502,Borborema,25010,Cariri Ocidental,250005,Campina Grande,2502,Campina Grande
2516508,22314,Taperoá,PB,2502,Borborema,25010,Cariri Ocidental,250005,Campina Grande,2502,Campina Grande
2512200,21458,Prata,PB,2502,Borborema,25010,Cariri Ocidental,250007,Monteiro,2502,Campina Grande
2514107,21830,São João do Tigre,PB,2502,Borborema,25010,Cariri Ocidental,250007,Monteiro,2502,Campina Grande
2510600,21130,Ouro Velho,PB,2502,Borborema,25010,Cariri Ocidental,250007,Monteiro,2502,Campina Grande
2517407,19348,Zabelê,PB,2502,Borborema,25010,Cariri Ocidental,250007,Monteiro,2502,Campina Grande
2503902,19798,Camalaú,PB,2502,Borborema,25010,Cariri Ocidental,250007,Monteiro,2502,Campina Grande
2509701,20958,Monteiro,PB,2502,Borborema,25010,Cariri Ocidental,250007,Monteiro,2502,Campina Grande
2515203,22055,São Sebastião do Umbuzeiro,PB,2502,Borborema,25010,Cariri Ocidental,250007,Monteiro,2502,Campina Grande
2510659,19720,Parari,PB,2502,Borborema,25010,Cariri Ocidental,250008,Sumé,2502,Campina Grande
2500734,19585,Amparo,PB,2502,Borborema,25010,Cariri Ocidental,250008,Sumé,2502,Campina Grande
2508505,20710,Livramento,PB,2502,Borborema,25010,Cariri Ocidental,250008,Sumé,2502,Campina Grande
2504850,19704,Coxixola,PB,2502,Borborema,25010,Cariri Ocidental,250008,Sumé,2502,Campina Grande
2516300,22276,Sumé,PB,2502,Borborema,25010,Cariri Ocidental,250008,Sumé,2502,Campina Grande
2514800,21970,São José dos Cordeiros,PB,2502,Borborema,25010,Cariri Ocidental,250008,Sumé,2502,Campina Grande
2515500,22110,Serra Branca,PB,2502,Borborema,25010,Cariri Ocidental,250008,Sumé,2502,Campina Grande
2504702,19950,Congo,PB,2502,Borborema,25010,Cariri Ocidental,250008,Sumé,2502,Campina Grande
2500536,19763,Alcantil,PB,2502,Borborema,25011,Cariri Oriental,250005,Campina Grande,2502,Campina Grande
2504355,19801,Caturité,PB,2502,Borborema,25011,Cariri Oriental,250005,Campina Grande,2502,Campina Grande
2501708,19356,Barra de São Miguel,PB,2502,Borborema,25011,Cariri Oriental,250005,Campina Grande,2502,Campina Grande
2513943,19224,São Domingos do Cariri,PB,2502,Borborema,25011,Cariri Oriental,250005,Campina Grande,2502,Campina Grande
2512788,19828,Riacho de Santo Antônio,PB,2502,Borborema,25011,Cariri Oriental,250005,Campina Grande,2502,Campina Grande
2501575,19780,Barra de Santana,PB,2502,Borborema,25011,Cariri Oriental,250005,Campina Grande,2502,Campina Grande
2503100,19631,Cabaceiras,PB,2502,Borborema,25011,Cariri Oriental,250005,Campina Grande,2502,Campina Grande
2513851,19267,Santo André,PB,2502,Borborema,25011,Cariri Oriental,250005,Campina Grande,2502,Campina Grande
2504074,19240,Caraúbas,PB,2502,Borborema,25011,Cariri Oriental,250005,Campina Grande,2502,Campina Grande
2506509,20311,Gurjão,PB,2502,Borborema,25011,Cariri Oriental,250005,Campina Grande,2502,Campina Grande
2502508,19518,Boqueirão,PB,2502,Borborema,25011,Cariri Oriental,250005,Campina Grande,2502,Campina Grande
2514008,21814,São João do Cariri,PB,2502,Borborema,25011,Cariri Oriental,250005,Campina Grande,2502,Campina Grande
2500908,19178,Arara,PB,2503,Agreste Paraibano,25012,Curimataú Ocidental,250002,Guarabira,2501,João Pessoa
2510501,21113,Olivedos,PB,2503,Agreste Paraibano,25012,Curimataú Ocidental,250005,Campina Grande,2502,Campina Grande
2512002,21415,Pocinhos,PB,2503,Agreste Paraibano,25012,Curimataú Ocidental,250005,Campina Grande,2502,Campina Grande
2512705,21555,Remígio,PB,2503,Agreste Paraibano,25012,Curimataú Ocidental,250005,Campina Grande,2502,Campina Grande
2500577,19925,Algodão de Jandaíra,PB,2503,Agreste Paraibano,25012,Curimataú Ocidental,250005,Campina Grande,2502,Campina Grande
2516102,22233,Soledade,PB,2503,Agreste Paraibano,25012,Curimataú Ocidental,250005,Campina Grande,2502,Campina Grande
2505105,20036,Cuité,PB,2503,Agreste Paraibano,25012,Curimataú Ocidental,250006,Cuité - Nova Floresta,2502,Campina Grande
2505352,19275,Damião,PB,2503,Agreste Paraibano,25012,Curimataú Ocidental,250006,Cuité - Nova Floresta,2502,Campina Grande
2501609,19330,Barra de Santa Rosa,PB,2503,Agreste Paraibano,25012,Curimataú Ocidental,250006,Cuité - Nova Floresta,2502,Campina Grande
2510105,21032,Nova Floresta,PB,2503,Agreste Paraibano,25012,Curimataú Ocidental,250006,Cuité - Nova Floresta,2502,Campina Grande
2516151,19283,Sossêgo,PB,2503,Agreste Paraibano,25012,Curimataú Ocidental,250006,Cuité - Nova Floresta,2502,Campina Grande
2512747,19208,Riachão,PB,2503,Agreste Paraibano,25013,Curimataú Oriental,250002,Guarabira,2501,João Pessoa
2505709,20150,Dona Inês,PB,2503,Agreste Paraibano,25013,Curimataú Oriental,250002,Guarabira,2501,João Pessoa
2516409,22292,Tacima,PB,2503,Agreste Paraibano,25013,Curimataú Oriental,250002,Guarabira,2501,João Pessoa
2504157,19607,Casserengue,PB,2503,Agreste Paraibano,25013,Curimataú Oriental,250002,Guarabira,2501,João Pessoa
2501005,19194,Araruna,PB,2503,Agreste Paraibano,25013,Curimataú Oriental,250002,Guarabira,2501,João Pessoa
2516003,22217,Solânea,PB,2503,Agreste Paraibano,25013,Curimataú Oriental,250002,Guarabira,2501,João Pessoa
2503506,19712,Cacimba de Dentro,PB,2503,Agreste Paraibano,25013,Curimataú Oriental,250002,Guarabira,2501,João Pessoa
2506004,20214,Esperança,PB,2503,Agreste Paraibano,25014,Esperança,250005,Campina Grande,2502,Campina Grande
2515104,22039,São Sebastião de Lagoa de Roça,PB,2503,Agreste Paraibano,25014,Esperança,250005,Campina Grande,2502,Campina Grande
2501203,19232,Areial,PB,2503,Agreste Paraibano,25014,Esperança,250005,Campina Grande,2502,Campina Grande
2509503,20915,Montadas,PB,2503,Agreste Paraibano,25014,Esperança,250005,Campina Grande,2502,Campina Grande
2501500,19313,Bananeiras,PB,2503,Agreste Paraibano,25015,Brejo Paraibano,250002,Guarabira,2501,João Pessoa
2511608,21334,Pilões,PB,2503,Agreste Paraibano,25015,Brejo Paraibano,250002,Guarabira,2501,João Pessoa
2502706,19550,Borborema,PB,2503,Agreste Paraibano,25015,Brejo Paraibano,250002,Guarabira,2501,João Pessoa
2515906,22195,Serraria,PB,2503,Agreste Paraibano,25015,Brejo Paraibano,250002,Guarabira,2501,João Pessoa
2501104,19216,Areia,PB,2503,Agreste Paraibano,25015,Brejo Paraibano,250005,Campina Grande,2502,Campina Grande
2500304,19054,Alagoa Grande,PB,2503,Agreste Paraibano,25015,Brejo Paraibano,250005,Campina Grande,2502,Campina Grande
2509339,19143,Matinhas,PB,2503,Agreste Paraibano,25015,Brejo Paraibano,250005,Campina Grande,2502,Campina Grande
2500403,19070,Alagoa Nova,PB,2503,Agreste Paraibano,25015,Brejo Paraibano,250005,Campina Grande,2502,Campina Grande
2501906,19399,Belém,PB,2503,Agreste Paraibano,25016,Guarabira,250002,Guarabira,2501,João Pessoa
2508208,20656,Lagoa de Dentro,PB,2503,Agreste Paraibano,25016,Guarabira,250002,Guarabira,2501,João Pessoa
2503605,19739,Caiçara,PB,2503,Agreste Paraibano,25016,Guarabira,250002,Guarabira,2501,João Pessoa
2508554,19160,Logradouro,PB,2503,Agreste Paraibano,25016,Guarabira,250002,Guarabira,2501,João Pessoa
2505204,20052,Cuitegi,PB,2503,Agreste Paraibano,25016,Guarabira,250002,Guarabira,2501,João Pessoa
2500502,19097,Alagoinha,PB,2503,Agreste Paraibano,25016,Guarabira,250002,Guarabira,2501,João Pessoa
2500809,19151,Araçagi,PB,2503,Agreste Paraibano,25016,Guarabira,250002,Guarabira,2501,João Pessoa
2509800,20974,Mulungu,PB,2503,Agreste Paraibano,25016,Guarabira,250002,Guarabira,2501,João Pessoa
2515930,19186,Sertãozinho,PB,2503,Agreste Paraibano,25016,Guarabira,250002,Guarabira,2501,João Pessoa
2511806,21377,Pirpirituba,PB,2503,Agreste Paraibano,25016,Guarabira,250002,Guarabira,2501,João Pessoa
2511707,21350,Pilõezinhos,PB,2503,Agreste Paraibano,25016,Guarabira,250002,Guarabira,2501,João Pessoa
2505808,20176,Duas Estradas,PB,2503,Agreste Paraibano,25016,Guarabira,250002,Guarabira,2501,João Pessoa
2506301,20273,Guarabira,PB,2503,Agreste Paraibano,25016,Guarabira,250002,Guarabira,2501,João Pessoa
2515609,22136,Serra da Raiz,PB,2503,Agreste Paraibano,25016,Guarabira,250002,Guarabira,2501,João Pessoa
2508307,20672,Lagoa Seca,PB,2503,Agreste Paraibano,25017,Campina Grande,250005,Campina Grande,2502,Campina Grande
2506103,20230,Fagundes,PB,2503,Agreste Paraibano,25017,Campina Grande,250005,Campina Grande,2502,Campina Grande
2515807,22179,Serra Redonda,PB,2503,Agreste Paraibano,25017,Campina Grande,250005,Campina Grande,2502,Campina Grande
2509206,20850,Massaranduba,PB,2503,Agreste Paraibano,25017,Campina Grande,250005,Campina Grande,2502,Campina Grande
2512408,21490,Puxinanã,PB,2503,Agreste Paraibano,25017,Campina Grande,250005,Campina Grande,2502,Campina Grande
2504009,19810,Campina Grande,PB,2503,Agreste Paraibano,25017,Campina Grande,250005,Campina Grande,2502,Campina Grande
2502151,19941,Boa Vista,PB,2503,Agreste Paraibano,25017,Campina Grande,250005,Campina Grande,2502,Campina Grande
2512507,21512,Queimadas,PB,2503,Agreste Paraibano,25017,Campina Grande,250005,Campina Grande,2502,Campina Grande
2506400,20290,Gurinhém,PB,2503,Agreste Paraibano,25018,Itabaiana,250001,João Pessoa,2501,João Pessoa
2507606,20532,Juarez Távora,PB,2503,Agreste Paraibano,25018,Itabaiana,250001,João Pessoa,2501,João Pessoa
2503803,19771,Caldas Brandão,PB,2503,Agreste Paraibano,25018,Itabaiana,250001,João Pessoa,2501,João Pessoa
2506905,20397,Itabaiana,PB,2503,Agreste Paraibano,25018,Itabaiana,250004,Itabaiana,2501,João Pessoa
2509404,20893,Mogeiro,PB,2503,Agreste Paraibano,25018,Itabaiana,250004,Itabaiana,2501,João Pessoa
2513109,21636,Salgado de São Félix,PB,2503,Agreste Paraibano,25018,Itabaiana,250004,Itabaiana,2501,João Pessoa
2506806,20370,Ingá,PB,2503,Agreste Paraibano,25018,Itabaiana,250005,Campina Grande,2502,Campina Grande
2512754,19127,Riachão do Bacamarte,PB,2503,Agreste Paraibano,25018,Itabaiana,250005,Campina Grande,2502,Campina Grande
2507200,20451,Itatuba,PB,2503,Agreste Paraibano,25018,Itabaiana,250005,Campina Grande,2502,Campina Grande
2509909,20990,Natuba,PB,2503,Agreste Paraibano,25019,Umbuzeiro,250004,Itabaiana,2501,João Pessoa
2513158,20001,Santa Cecília,PB,2503,Agreste Paraibano,25019,Umbuzeiro,250005,Campina Grande,2502,Campina Grande
2501302,19259,Aroeiras,PB,2503,Agreste Paraibano,25019,Umbuzeiro,250005,Campina Grande,2502,Campina Grande
2506251,19623,Gado Bravo,PB,2503,Agreste Paraibano,25019,Umbuzeiro,250005,Campina Grande,2502,Campina Grande
2517001,22411,Umbuzeiro,PB,2503,Agreste Paraibano,25019,Umbuzeiro,250005,Campina Grande,2502,Campina Grande
2505238,19089,Cuité de Mamanguape,PB,2504,Mata Paraibana,25020,Litoral Norte,250001,João Pessoa,2501,João Pessoa
2505279,19100,Curral de Cima,PB,2504,Mata Paraibana,25020,Litoral Norte,250003,Mamanguape - Rio Tinto,2501,João Pessoa
2507309,20478,Jacaraú,PB,2504,Mata Paraibana,25020,Litoral Norte,250003,Mamanguape - Rio Tinto,2501,João Pessoa
2504033,19062,Capim,PB,2504,Mata Paraibana,25020,Litoral Norte,250003,Mamanguape - Rio Tinto,2501,João Pessoa
2512721,19747,Pedro Régis,PB,2504,Mata Paraibana,25020,Litoral Norte,250003,Mamanguape - Rio Tinto,2501,João Pessoa
2512903,21598,Rio Tinto,PB,2504,Mata Paraibana,25020,Litoral Norte,250003,Mamanguape - Rio Tinto,2501,João Pessoa
2501401,19291,Baía da Traição,PB,2504,Mata Paraibana,25020,Litoral Norte,250003,Mamanguape - Rio Tinto,2501,João Pessoa
2508901,20796,Mamanguape,PB,2504,Mata Paraibana,25020,Litoral Norte,250003,Mamanguape - Rio Tinto,2501,João Pessoa
2507101,20435,Itapororoca,PB,2504,Mata Paraibana,25020,Litoral Norte,250003,Mamanguape - Rio Tinto,2501,João Pessoa
2509057,19968,Marcação,PB,2504,Mata Paraibana,25020,Litoral Norte,250003,Mamanguape - Rio Tinto,2501,João Pessoa
2509305,20877,Mataraca,PB,2504,Mata Paraibana,25020,Litoral Norte,250003,Mamanguape - Rio Tinto,2501,João Pessoa
2511509,21318,Pilar,PB,2504,Mata Paraibana,25021,Sapé,250001,João Pessoa,2501,João Pessoa
2515005,22012,São Miguel de Taipu,PB,2504,Mata Paraibana,25021,Sapé,250001,João Pessoa,2501,João Pessoa
2509107,20834,Mari,PB,2504,Mata Paraibana,25021,Sapé,250001,João Pessoa,2501,João Pessoa
2515971,19020,Sobrado,PB,2504,Mata Paraibana,25021,Sapé,250001,João Pessoa,2501,João Pessoa
2507903,20591,Juripiranga,PB,2504,Mata Paraibana,25021,Sapé,250001,João Pessoa,2501,João Pessoa
2504900,19992,Cruz do Espírito Santo,PB,2504,Mata Paraibana,25021,Sapé,250001,João Pessoa,2501,João Pessoa
2515302,22071,Sapé,PB,2504,Mata Paraibana,25021,Sapé,250001,João Pessoa,2501,João Pessoa
2512762,19003,Riachão do Poço,PB,2504,Mata Paraibana,25021,Sapé,250001,João Pessoa,2501,João Pessoa
2514453,19046,São José dos Ramos,PB,2504,Mata Paraibana,25021,Sapé,250004,Itabaiana,2501,João Pessoa
2504603,19933,Conde,PB,2504,Mata Paraibana,25022,João Pessoa,250001,João Pessoa,2501,João Pessoa
2501807,19372,Bayeux,PB,2504,Mata Paraibana,25022,João Pessoa,250001,João Pessoa,2501,João Pessoa
2508604,20737,Lucena,PB,2504,Mata Paraibana,25022,João Pessoa,250001,João Pessoa,2501,João Pessoa
2503209,19658,Cabedelo,PB,2504,Mata Paraibana,25022,João Pessoa,250001,João Pessoa,2501,João Pessoa
2507507,20516,João Pessoa,PB,2504,Mata Paraibana,25022,João Pessoa,250001,João Pessoa,2501,João Pessoa
2513703,21750,Santa Rita,PB,2504,Mata Paraibana,25022,João Pessoa,250001,João Pessoa,2501,João Pessoa
2511202,21253,Pedras de Fogo,PB,2504,Mata Paraibana,25023,Litoral Sul,250001,João Pessoa,2501,João Pessoa
2500601,19119,Alhandra,PB,2504,Mata Paraibana,25023,Litoral Sul,250001,João Pessoa,2501,João Pessoa
2511905,21393,Pitimbu,PB,2504,Mata Paraibana,25023,Litoral Sul,250001,João Pessoa,2501,João Pessoa
2503001,19615,Caaporã,PB,2504,Mata Paraibana,25023,Litoral Sul,250001,João Pessoa,2501,João Pessoa
2612554,23329,Santa Filomena,PE,2601,Sertão Pernambucano,26001,Araripina,260016,Araripina,2604,Petrolina
2607307,24457,Ipubi,PE,2601,Sertão Pernambucano,26001,Araripina,260016,Araripina,2604,Petrolina
2614303,25852,Moreilândia,PE,2601,Sertão Pernambucano,26001,Araripina,260016,Araripina,2604,Petrolina
2612455,23108,Santa Cruz,PE,2601,Sertão Pernambucano,26001,Araripina,260016,Araripina,2604,Petrolina
2615607,26115,Trindade,PE,2601,Sertão Pernambucano,26001,Araripina,260016,Araripina,2604,Petrolina
2605301,24058,Exu,PE,2601,Sertão Pernambucano,26001,Araripina,260016,Araripina,2604,Petrolina
2609907,24970,Ouricuri,PE,2601,Sertão Pernambucano,26001,Araripina,260016,Araripina,2604,Petrolina
2602001,23396,Bodocó,PE,2601,Sertão Pernambucano,26001,Araripina,260016,Araripina,2604,Petrolina
2606309,24252,Granito,PE,2601,Sertão Pernambucano,26001,Araripina,260016,Araripina,2604,Petrolina
2601102,23213,Araripina,PE,2601,Sertão Pernambucano,26001,Araripina,260016,Araripina,2604,Petrolina
2613503,25690,São José do Belmonte,PE,2601,Sertão Pernambucano,26002,Salgueiro,260013,Serra Talhada,2603,Serra Talhada
2609303,24856,Mirandiba,PE,2601,Sertão Pernambucano,26002,Salgueiro,260013,Serra Talhada,2603,Serra Talhada
2614006,25798,Serrita,PE,2601,Sertão Pernambucano,26002,Salgueiro,260017,Salgueiro,2604,Petrolina
2612208,25437,Salgueiro,PE,2601,Sertão Pernambucano,26002,Salgueiro,260017,Salgueiro,2604,Petrolina
2604304,23850,Cedro,PE,2601,Sertão Pernambucano,26002,Salgueiro,260017,Salgueiro,2604,Petrolina
2610400,25070,Parnamirim,PE,2601,Sertão Pernambucano,26002,Salgueiro,260017,Salgueiro,2604,Petrolina
2616100,26212,Verdejante,PE,2601,Sertão Pernambucano,26002,Salgueiro,260017,Salgueiro,2604,Petrolina
2603405,23671,Calumbi,PE,2601,Sertão Pernambucano,26003,Pajeú,260013,Serra Talhada,2603,Serra Talhada
2615706,26131,Triunfo,PE,2601,Sertão Pernambucano,26003,Pajeú,260013,Serra Talhada,2603,Serra Talhada
2613909,25771,Serra Talhada,PE,2601,Sertão Pernambucano,26003,Pajeú,260013,Serra Talhada,2603,Serra Talhada
2605608,24112,Flores,PE,2601,Sertão Pernambucano,26003,Pajeú,260013,Serra Talhada,2603,Serra Talhada
2612471,23043,Santa Cruz da Baixa Verde,PE,2601,Sertão Pernambucano,26003,Pajeú,260013,Serra Talhada,2603,Serra Talhada
2603900,23779,Carnaíba,PE,2601,Sertão Pernambucano,26003,Pajeú,260014,Afogados da Ingazeira,2603,Serra Talhada
2607703,24538,Itapetim,PE,2601,Sertão Pernambucano,26003,Pajeú,260014,Afogados da Ingazeira,2603,Serra Talhada
2600104,23019,Afogados da Ingazeira,PE,2601,Sertão Pernambucano,26003,Pajeú,260014,Afogados da Ingazeira,2603,Serra Talhada
2613602,25712,São José do Egito,PE,2601,Sertão Pernambucano,26003,Pajeú,260014,Afogados da Ingazeira,2603,Serra Talhada
2614402,25879,Solidão,PE,2601,Sertão Pernambucano,26003,Pajeú,260014,Afogados da Ingazeira,2603,Serra Talhada
2607109,24414,Ingazeira,PE,2601,Sertão Pernambucano,26003,Pajeú,260014,Afogados da Ingazeira,2603,Serra Talhada
2615904,26174,Tuparetama,PE,2601,Sertão Pernambucano,26003,Pajeú,260014,Afogados da Ingazeira,2603,Serra Talhada
2602506,23493,Brejinho,PE,2601,Sertão Pernambucano,26003,Pajeú,260014,Afogados da Ingazeira,2603,Serra Talhada
2614600,25917,Tabira,PE,2601,Sertão Pernambucano,26003,Pajeú,260014,Afogados da Ingazeira,2603,Serra Talhada
2611533,23000,Quixaba,PE,2601,Sertão Pernambucano,26003,Pajeú,260014,Afogados da Ingazeira,2603,Serra Talhada
2612802,25550,Santa Terezinha,PE,2601,Sertão Pernambucano,26003,Pajeú,260014,Afogados da Ingazeira,2603,Serra Talhada
2606903,24376,Iguaraci,PE,2601,Sertão Pernambucano,26003,Pajeú,260014,Afogados da Ingazeira,2603,Serra Talhada
2614105,25810,Sertânia,PE,2601,Sertão Pernambucano,26004,Sertão do Moxotó,260011,Arcoverde,2602,Caruaru
2601201,23230,Arcoverde,PE,2601,Sertão Pernambucano,26004,Sertão do Moxotó,260011,Arcoverde,2602,Caruaru
2606606,24317,Ibimirim,PE,2601,Sertão Pernambucano,26004,Sertão do Moxotó,260011,Arcoverde,2602,Caruaru
2607000,24392,Inajá,PE,2601,Sertão Pernambucano,26004,Sertão do Moxotó,260011,Arcoverde,2602,Caruaru
2605103,24015,Custódia,PE,2601,Sertão Pernambucano,26004,Sertão do Moxotó,260011,Arcoverde,2602,Caruaru
2609154,23248,Manari,PE,2601,Sertão Pernambucano,26004,Sertão do Moxotó,260011,Arcoverde,2602,Caruaru
2601805,23353,Betânia,PE,2601,Sertão Pernambucano,26004,Sertão do Moxotó,260013,Serra Talhada,2603,Serra Talhada
2608750,23183,Lagoa Grande,PE,2602,São Francisco Pernambucano,26005,Petrolina,260015,Petrolina,2604,Petrolina
2611101,25216,Petrolina,PE,2602,São Francisco Pernambucano,26005,Petrolina,260015,Petrolina,2604,Petrolina
2609808,24953,Orocó,PE,2602,São Francisco Pernambucano,26005,Petrolina,260015,Petrolina,2604,Petrolina
2612604,25518,Santa Maria da Boa Vista,PE,2602,São Francisco Pernambucano,26005,Petrolina,260015,Petrolina,2604,Petrolina
2600203,23035,Afrânio,PE,2602,São Francisco Pernambucano,26005,Petrolina,260015,Petrolina,2604,Petrolina
2605152,23140,Dormentes,PE,2602,São Francisco Pernambucano,26005,Petrolina,260015,Petrolina,2604,Petrolina
2615201,26034,Terra Nova,PE,2602,São Francisco Pernambucano,26005,Petrolina,260017,Salgueiro,2604,Petrolina
2603009,23590,Cabrobó,PE,2602,São Francisco Pernambucano,26005,Petrolina,260017,Salgueiro,2604,Petrolina
2611002,25194,Petrolândia,PE,2602,São Francisco Pernambucano,26006,Itaparica,260013,Serra Talhada,2603,Serra Talhada
2603926,23167,Carnaubeira da Penha,PE,2602,São Francisco Pernambucano,26006,Itaparica,260013,Serra Talhada,2603,Serra Talhada
2614808,25950,Tacaratu,PE,2602,São Francisco Pernambucano,26006,Itaparica,260013,Serra Talhada,2603,Serra Talhada
2605707,24139,Floresta,PE,2602,São Francisco Pernambucano,26006,Itaparica,260013,Serra Talhada,2603,Serra Talhada
2608057,23264,Jatobá,PE,2602,São Francisco Pernambucano,26006,Itaparica,260013,Serra Talhada,2603,Serra Talhada
2601607,23310,Belém do São Francisco,PE,2602,São Francisco Pernambucano,26006,Itaparica,260017,Salgueiro,2604,Petrolina
2607406,24473,Itacuruba,PE,2602,São Francisco Pernambucano,26006,Itaparica,260017,Salgueiro,2604,Petrolina
2600500,23094,Águas Belas,PE,2603,Agreste Pernambucano,26007,Vale do Ipanema,260010,Garanhuns,2602,Caruaru
2616001,26190,Venturosa,PE,2603,Agreste Pernambucano,26007,Vale do Ipanema,260011,Arcoverde,2602,Caruaru
2610806,25151,Pedra,PE,2603,Agreste Pernambucano,26007,Vale do Ipanema,260011,Arcoverde,2602,Caruaru
2602803,23558,Buíque,PE,2603,Agreste Pernambucano,26007,Vale do Ipanema,260011,Arcoverde,2602,Caruaru
2615805,26158,Tupanatinga,PE,2603,Agreste Pernambucano,26007,Vale do Ipanema,260011,Arcoverde,2602,Caruaru
2607505,24490,Itaíba,PE,2603,Agreste Pernambucano,26007,Vale do Ipanema,260011,Arcoverde,2602,Caruaru
2606408,24279,Gravatá,PE,2603,Agreste Pernambucano,26008,Vale do Ipojuca,260009,Caruaru,2602,Caruaru
2603108,23612,Cachoeirinha,PE,2603,Agreste Pernambucano,26008,Vale do Ipojuca,260009,Caruaru,2602,Caruaru
2611705,25330,Riacho das Almas,PE,2603,Agreste Pernambucano,26008,Vale do Ipojuca,260009,Caruaru,2602,Caruaru
2602605,23515,Brejo da Madre de Deus,PE,2603,Agreste Pernambucano,26008,Vale do Ipojuca,260009,Caruaru,2602,Caruaru
2608008,24597,Jataúba,PE,2603,Agreste Pernambucano,26008,Vale do Ipojuca,260009,Caruaru,2602,Caruaru
2601904,23370,Bezerros,PE,2603,Agreste Pernambucano,26008,Vale do Ipojuca,260009,Caruaru,2602,Caruaru
2604106,23817,Caruaru,PE,2603,Agreste Pernambucano,26008,Vale do Ipojuca,260009,Caruaru,2602,Caruaru
2613107,25615,São Caitano,PE,2603,Agreste Pernambucano,26008,Vale do Ipojuca,260009,Caruaru,2602,Caruaru
2603801,23752,Capoeiras,PE,2603,Agreste Pernambucano,26008,Vale do Ipojuca,260010,Garanhuns,2602,Caruaru
2611200,25232,Poção,PE,2603,Agreste Pernambucano,26008,Vale do Ipojuca,260012,Belo Jardim ¿ Pesqueira,2602,Caruaru
2600609,23116,Alagoinha,PE,2603,Agreste Pernambucano,26008,Vale do Ipojuca,260012,Belo Jardim ¿ Pesqueira,2602,Caruaru
2612406,25470,Sanharó,PE,2603,Agreste Pernambucano,26008,Vale do Ipojuca,260012,Belo Jardim ¿ Pesqueira,2602,Caruaru
2614709,25933,Tacaimbó,PE,2603,Agreste Pernambucano,26008,Vale do Ipojuca,260012,Belo Jardim ¿ Pesqueira,2602,Caruaru
2610905,25178,Pesqueira,PE,2603,Agreste Pernambucano,26008,Vale do Ipojuca,260012,Belo Jardim ¿ Pesqueira,2602,Caruaru
2613008,25593,São Bento do Una,PE,2603,Agreste Pernambucano,26008,Vale do Ipojuca,260012,Belo Jardim ¿ Pesqueira,2602,Caruaru
2601706,23337,Belo Jardim,PE,2603,Agreste Pernambucano,26008,Vale do Ipojuca,260012,Belo Jardim ¿ Pesqueira,2602,Caruaru
2604155,23221,Casinhas,PE,2603,Agreste Pernambucano,26009,Alto Capibaribe,260008,Surubim,2601,Recife
2614501,25895,Surubim,PE,2603,Agreste Pernambucano,26009,Alto Capibaribe,260008,Surubim,2601,Recife
2605806,24155,Frei Miguelinho,PE,2603,Agreste Pernambucano,26009,Alto Capibaribe,260008,Surubim,2601,Recife
2612703,25534,Santa Maria do Cambucá,PE,2603,Agreste Pernambucano,26009,Alto Capibaribe,260008,Surubim,2601,Recife
2616183,23086,Vertente do Lério,PE,2603,Agreste Pernambucano,26009,Alto Capibaribe,260008,Surubim,2601,Recife
2616209,26239,Vertentes,PE,2603,Agreste Pernambucano,26009,Alto Capibaribe,260008,Surubim,2601,Recife
2615003,25992,Taquaritinga do Norte,PE,2603,Agreste Pernambucano,26009,Alto Capibaribe,260009,Caruaru,2602,Caruaru
2612505,25496,Santa Cruz do Capibaribe,PE,2603,Agreste Pernambucano,26009,Alto Capibaribe,260009,Caruaru,2602,Caruaru
2615409,26077,Toritama,PE,2603,Agreste Pernambucano,26009,Alto Capibaribe,260009,Caruaru,2602,Caruaru
2613800,25755,São Vicente Ferrer,PE,2603,Agreste Pernambucano,26010,Médio Capibaribe,260002,Goiana ¿ Timbaúba,2601,Recife
2608909,24775,Limoeiro,PE,2603,Agreste Pernambucano,26010,Médio Capibaribe,260004,Limoeiro,2601,Recife
2610509,25097,Passira,PE,2603,Agreste Pernambucano,26010,Médio Capibaribe,260004,Limoeiro,2601,Recife
2609709,24937,Orobó,PE,2603,Agreste Pernambucano,26010,Médio Capibaribe,260004,Limoeiro,2601,Recife
2608107,24619,João Alfredo,PE,2603,Agreste Pernambucano,26010,Médio Capibaribe,260004,Limoeiro,2601,Recife
2609105,24813,Machados,PE,2603,Agreste Pernambucano,26010,Médio Capibaribe,260004,Limoeiro,2601,Recife
2605400,24074,Feira Nova,PE,2603,Agreste Pernambucano,26010,Médio Capibaribe,260004,Limoeiro,2601,Recife
2612109,25410,Salgadinho,PE,2603,Agreste Pernambucano,26010,Médio Capibaribe,260004,Limoeiro,2601,Recife
2602209,23434,Bom Jardim,PE,2603,Agreste Pernambucano,26010,Médio Capibaribe,260004,Limoeiro,2601,Recife
2604908,23973,Cumaru,PE,2603,Agreste Pernambucano,26010,Médio Capibaribe,260009,Caruaru,2602,Caruaru
2606002,24198,Garanhuns,PE,2603,Agreste Pernambucano,26011,Garanhuns,260010,Garanhuns,2602,Caruaru
2610103,25011,Palmeirina,PE,2603,Agreste Pernambucano,26011,Garanhuns,260010,Garanhuns,2602,Caruaru
2615102,26018,Terezinha,PE,2603,Agreste Pernambucano,26011,Garanhuns,260010,Garanhuns,2602,Caruaru
2603306,23655,Calçado,PE,2603,Agreste Pernambucano,26011,Garanhuns,260010,Garanhuns,2602,Caruaru
2608404,24678,Jurema,PE,2603,Agreste Pernambucano,26011,Garanhuns,260010,Garanhuns,2602,Caruaru
2608255,23124,Jucati,PE,2603,Agreste Pernambucano,26011,Garanhuns,260010,Garanhuns,2602,Caruaru
2613206,25631,São João,PE,2603,Agreste Pernambucano,26011,Garanhuns,260010,Garanhuns,2602,Caruaru
2601003,23191,Angelim,PE,2603,Agreste Pernambucano,26011,Garanhuns,260010,Garanhuns,2602,Caruaru
2602407,23477,Brejão,PE,2603,Agreste Pernambucano,26011,Garanhuns,260010,Garanhuns,2602,Caruaru
2612307,25453,Saloá,PE,2603,Agreste Pernambucano,26011,Garanhuns,260010,Garanhuns,2602,Caruaru
2603702,23736,Canhotinho,PE,2603,Agreste Pernambucano,26011,Garanhuns,260010,Garanhuns,2602,Caruaru
2608305,24651,Jupi,PE,2603,Agreste Pernambucano,26011,Garanhuns,260010,Garanhuns,2602,Caruaru
2606507,24295,Iati,PE,2603,Agreste Pernambucano,26011,Garanhuns,260010,Garanhuns,2602,Caruaru
2602100,23418,Bom Conselho,PE,2603,Agreste Pernambucano,26011,Garanhuns,260010,Garanhuns,2602,Caruaru
2603207,23639,Caetés,PE,2603,Agreste Pernambucano,26011,Garanhuns,260010,Garanhuns,2602,Caruaru
2604700,23930,Correntes,PE,2603,Agreste Pernambucano,26011,Garanhuns,260010,Garanhuns,2602,Caruaru
2608800,24759,Lajedo,PE,2603,Agreste Pernambucano,26011,Garanhuns,260010,Garanhuns,2602,Caruaru
2608602,24716,Lagoa do Ouro,PE,2603,Agreste Pernambucano,26011,Garanhuns,260010,Garanhuns,2602,Caruaru
2610301,25054,Paranatama,PE,2603,Agreste Pernambucano,26011,Garanhuns,260010,Garanhuns,2602,Caruaru
2606705,24333,Ibirajuba,PE,2603,Agreste Pernambucano,26012,Brejo Pernambucano,260009,Caruaru,2602,Caruaru
2601300,23256,Barra de Guabiraba,PE,2603,Agreste Pernambucano,26012,Brejo Pernambucano,260009,Caruaru,2602,Caruaru
2602308,23450,Bonito,PE,2603,Agreste Pernambucano,26012,Brejo Pernambucano,260009,Caruaru,2602,Caruaru
2612000,25399,Sairé,PE,2603,Agreste Pernambucano,26012,Brejo Pernambucano,260009,Caruaru,2602,Caruaru
2600807,23159,Altinho,PE,2603,Agreste Pernambucano,26012,Brejo Pernambucano,260009,Caruaru,2602,Caruaru
2613305,25658,São Joaquim do Monte,PE,2603,Agreste Pernambucano,26012,Brejo Pernambucano,260009,Caruaru,2602,Caruaru
2600302,23051,Agrestina,PE,2603,Agreste Pernambucano,26012,Brejo Pernambucano,260009,Caruaru,2602,Caruaru
2605004,23990,Cupira,PE,2603,Agreste Pernambucano,26012,Brejo Pernambucano,260009,Caruaru,2602,Caruaru
2610202,25038,Panelas,PE,2603,Agreste Pernambucano,26012,Brejo Pernambucano,260009,Caruaru,2602,Caruaru
2603504,23698,Camocim de São Félix,PE,2603,Agreste Pernambucano,26012,Brejo Pernambucano,260009,Caruaru,2602,Caruaru
2608701,24732,Lagoa dos Gatos,PE,2603,Agreste Pernambucano,26012,Brejo Pernambucano,260009,Caruaru,2602,Caruaru
2610608,25119,Paudalho,PE,2604,Mata Pernambucana,26013,Mata Setentrional Pernambucana,260001,Recife,2601,Recife
2600708,23132,Aliança,PE,2604,Mata Pernambucana,26013,Mata Setentrional Pernambucana,260002,Goiana ¿ Timbaúba,2601,Recife
2616308,26255,Vicência,PE,2604,Mata Pernambucana,26013,Mata Setentrional Pernambucana,260002,Goiana ¿ Timbaúba,2601,Recife
2603603,23710,Camutanga,PE,2604,Mata Pernambucana,26013,Mata Setentrional Pernambucana,260002,Goiana ¿ Timbaúba,2601,Recife
2607653,25976,Itambé,PE,2604,Mata Pernambucana,26013,Mata Setentrional Pernambucana,260002,Goiana ¿ Timbaúba,2601,Recife
2604601,23914,Condado,PE,2604,Mata Pernambucana,26013,Mata Setentrional Pernambucana,260002,Goiana ¿ Timbaúba,2601,Recife
2606200,24236,Goiana,PE,2604,Mata Pernambucana,26013,Mata Setentrional Pernambucana,260002,Goiana ¿ Timbaúba,2601,Recife
2609006,24791,Macaparana,PE,2604,Mata Pernambucana,26013,Mata Setentrional Pernambucana,260002,Goiana ¿ Timbaúba,2601,Recife
2605509,24090,Ferreiros,PE,2604,Mata Pernambucana,26013,Mata Setentrional Pernambucana,260002,Goiana ¿ Timbaúba,2601,Recife
2615300,26050,Timbaúba,PE,2604,Mata Pernambucana,26013,Mata Setentrional Pernambucana,260002,Goiana ¿ Timbaúba,2601,Recife
2607802,24554,Itaquitinga,PE,2604,Mata Pernambucana,26013,Mata Setentrional Pernambucana,260002,Goiana ¿ Timbaúba,2601,Recife
2609501,24899,Nazaré da Mata,PE,2604,Mata Pernambucana,26013,Mata Setentrional Pernambucana,260006,Carpina,2601,Recife
2604007,23795,Carpina,PE,2604,Mata Pernambucana,26013,Mata Setentrional Pernambucana,260006,Carpina,2601,Recife
2615508,26093,Tracunhaém,PE,2604,Mata Pernambucana,26013,Mata Setentrional Pernambucana,260006,Carpina,2601,Recife
2602704,23531,Buenos Aires,PE,2604,Mata Pernambucana,26013,Mata Setentrional Pernambucana,260006,Carpina,2601,Recife
2608453,23027,Lagoa do Carro,PE,2604,Mata Pernambucana,26013,Mata Setentrional Pernambucana,260006,Carpina,2601,Recife
2608503,24694,Lagoa de Itaenga,PE,2604,Mata Pernambucana,26013,Mata Setentrional Pernambucana,260006,Carpina,2601,Recife
2604403,23876,Chã de Alegria,PE,2604,Mata Pernambucana,26014,Vitória de Santo Antão,260005,Vitória de Santo Antão,2601,Recife
2616407,26271,Vitória de Santo Antão,PE,2604,Mata Pernambucana,26014,Vitória de Santo Antão,260005,Vitória de Santo Antão,2601,Recife
2611309,25259,Pombos,PE,2604,Mata Pernambucana,26014,Vitória de Santo Antão,260005,Vitória de Santo Antão,2601,Recife
2606101,24210,Glória do Goitá,PE,2604,Mata Pernambucana,26014,Vitória de Santo Antão,260005,Vitória de Santo Antão,2601,Recife
2604502,23892,Chã Grande,PE,2604,Mata Pernambucana,26014,Vitória de Santo Antão,260009,Caruaru,2602,Caruaru
2601508,23299,Belém de Maria,PE,2604,Mata Pernambucana,26015,Mata Meridional Pernambucana,260003,Palmares,2601,Recife
2608206,24635,Joaquim Nabuco,PE,2604,Mata Pernambucana,26015,Mata Meridional Pernambucana,260003,Palmares,2601,Recife
2616506,23060,Xexéu,PE,2604,Mata Pernambucana,26015,Mata Meridional Pernambucana,260003,Palmares,2601,Recife
2604205,23833,Catende,PE,2604,Mata Pernambucana,26015,Mata Meridional Pernambucana,260003,Palmares,2601,Recife
2600401,23078,Água Preta,PE,2604,Mata Pernambucana,26015,Mata Meridional Pernambucana,260003,Palmares,2601,Recife
2605905,24171,Gameleira,PE,2604,Mata Pernambucana,26015,Mata Meridional Pernambucana,260003,Palmares,2601,Recife
2609204,24830,Maraial,PE,2604,Mata Pernambucana,26015,Mata Meridional Pernambucana,260003,Palmares,2601,Recife
2612901,25577,São Benedito do Sul,PE,2604,Mata Pernambucana,26015,Mata Meridional Pernambucana,260003,Palmares,2601,Recife
2610004,24996,Palmares,PE,2604,Mata Pernambucana,26015,Mata Meridional Pernambucana,260003,Palmares,2601,Recife
2607950,23302,Jaqueira,PE,2604,Mata Pernambucana,26015,Mata Meridional Pernambucana,260003,Palmares,2601,Recife
2601409,23272,Barreiros,PE,2604,Mata Pernambucana,26015,Mata Meridional Pernambucana,260007,Barreiros - Sirinhaém,2601,Recife
2614857,23280,Tamandaré,PE,2604,Mata Pernambucana,26015,Mata Meridional Pernambucana,260007,Barreiros - Sirinhaém,2601,Recife
2613404,25674,São José da Coroa Grande,PE,2604,Mata Pernambucana,26015,Mata Meridional Pernambucana,260007,Barreiros - Sirinhaém,2601,Recife
2611903,25372,Rio Formoso,PE,2604,Mata Pernambucana,26015,Mata Meridional Pernambucana,260007,Barreiros - Sirinhaém,2601,Recife
2614204,25836,Sirinhaém,PE,2604,Mata Pernambucana,26015,Mata Meridional Pernambucana,260007,Barreiros - Sirinhaém,2601,Recife
2611507,25291,Quipapá,PE,2604,Mata Pernambucana,26015,Mata Meridional Pernambucana,260010,Garanhuns,2602,Caruaru
2611804,25356,Ribeirão,PE,2604,Mata Pernambucana,26015,Mata Meridional Pernambucana,260018,Escada - Ribeirão,2601,Recife
2611408,25275,Primavera,PE,2604,Mata Pernambucana,26015,Mata Meridional Pernambucana,260018,Escada - Ribeirão,2601,Recife
2600906,23175,Amaraji,PE,2604,Mata Pernambucana,26015,Mata Meridional Pernambucana,260018,Escada - Ribeirão,2601,Recife
2604809,23957,Cortês,PE,2604,Mata Pernambucana,26015,Mata Meridional Pernambucana,260018,Escada - Ribeirão,2601,Recife
2605202,24031,Escada,PE,2604,Mata Pernambucana,26015,Mata Meridional Pernambucana,260018,Escada - Ribeirão,2601,Recife
2601052,23205,Araçoiaba,PE,2605,Metropolitana de Recife,26016,Itamaracá,260001,Recife,2601,Recife
2606804,24350,Igarassu,PE,2605,Metropolitana de Recife,26016,Itamaracá,260001,Recife,2601,Recife
2607752,26336,Itapissuma,PE,2605,Metropolitana de Recife,26016,Itamaracá,260001,Recife,2601,Recife
2607604,24511,Ilha de Itamaracá,PE,2605,Metropolitana de Recife,26016,Itamaracá,260001,Recife,2601,Recife
2611606,25313,Recife,PE,2605,Metropolitana de Recife,26017,Recife,260001,Recife,2601,Recife
2600054,26310,Abreu e Lima,PE,2605,Metropolitana de Recife,26017,Recife,260001,Recife,2601,Recife
2607901,24570,Jaboatão dos Guararapes,PE,2605,Metropolitana de Recife,26017,Recife,260001,Recife,2601,Recife
2609600,24910,Olinda,PE,2605,Metropolitana de Recife,26017,Recife,260001,Recife,2601,Recife
2613701,25739,São Lourenço da Mata,PE,2605,Metropolitana de Recife,26017,Recife,260001,Recife,2601,Recife
2610707,25135,Paulista,PE,2605,Metropolitana de Recife,26017,Recife,260001,Recife,2601,Recife
2609402,24872,Moreno,PE,2605,Metropolitana de Recife,26017,Recife,260001,Recife,2601,Recife
2603454,26298,Camaragibe,PE,2605,Metropolitana de Recife,26017,Recife,260001,Recife,2601,Recife
2602902,23574,Cabo de Santo Agostinho,PE,2605,Metropolitana de Recife,26018,Suape,260001,Recife,2601,Recife
2607208,24430,Ipojuca,PE,2605,Metropolitana de Recife,26018,Suape,260001,Recife,2601,Recife
2605459,30015,Fernando de Noronha,PE,2605,Metropolitana de Recife,26019,Fernando de Noronha,260001,Recife,2601,Recife
2705002,27995,Mata Grande,AL,2701,Sertão Alagoano,27001,Serrana do Sertão Alagoano,270009,Delmiro Gouveia,2702,Arapiraca
2700102,27014,Água Branca,AL,2701,Sertão Alagoano,27001,Serrana do Sertão Alagoano,270009,Delmiro Gouveia,2702,Arapiraca
2706422,27022,Pariconha,AL,2701,Sertão Alagoano,27001,Serrana do Sertão Alagoano,270009,Delmiro Gouveia,2702,Arapiraca
2703304,27650,Inhapi,AL,2701,Sertão Alagoano,27001,Serrana do Sertão Alagoano,270009,Delmiro Gouveia,2702,Arapiraca
2701605,27316,Canapi,AL,2701,Sertão Alagoano,27001,Serrana do Sertão Alagoano,270010,Santana do Ipanema,2702,Arapiraca
2705804,28150,Olho d'Água do Casado,AL,2701,Sertão Alagoano,27002,Alagoana do Sertão do São Francisco,270009,Delmiro Gouveia,2702,Arapiraca
2702405,27472,Delmiro Gouveia,AL,2701,Sertão Alagoano,27002,Alagoana do Sertão do São Francisco,270009,Delmiro Gouveia,2702,Arapiraca
2707107,28410,Piranhas,AL,2701,Sertão Alagoano,27002,Alagoana do Sertão do São Francisco,270009,Delmiro Gouveia,2702,Arapiraca
2701803,27359,Carneiros,AL,2701,Sertão Alagoano,27003,Santana do Ipanema,270010,Santana do Ipanema,2702,Arapiraca
2707206,28436,Poço das Trincheiras,AL,2701,Sertão Alagoano,27003,Santana do Ipanema,270010,Santana do Ipanema,2702,Arapiraca
2708956,28916,Senador Rui Palmeira,AL,2701,Sertão Alagoano,27003,Santana do Ipanema,270010,Santana do Ipanema,2702,Arapiraca
2706109,28215,Ouro Branco,AL,2701,Sertão Alagoano,27003,Santana do Ipanema,270010,Santana do Ipanema,2702,Arapiraca
2708006,28592,Santana do Ipanema,AL,2701,Sertão Alagoano,27003,Santana do Ipanema,270010,Santana do Ipanema,2702,Arapiraca
2702504,27499,Dois Riachos,AL,2701,Sertão Alagoano,27003,Santana do Ipanema,270010,Santana do Ipanema,2702,Arapiraca
2704609,27910,Maravilha,AL,2701,Sertão Alagoano,27003,Santana do Ipanema,270010,Santana do Ipanema,2702,Arapiraca
2708402,28673,São José da Tapera,AL,2701,Sertão Alagoano,27003,Santana do Ipanema,270011,Pão de Açúcar - Olho d'Água das Flores ¿ Batalha,2702,Arapiraca
2706208,28231,Palestina,AL,2701,Sertão Alagoano,27003,Santana do Ipanema,270011,Pão de Açúcar - Olho d'Água das Flores ¿ Batalha,2702,Arapiraca
2706406,28274,Pão de Açúcar,AL,2701,Sertão Alagoano,27003,Santana do Ipanema,270011,Pão de Açúcar - Olho d'Água das Flores ¿ Batalha,2702,Arapiraca
2703700,27731,Jaramataia,AL,2701,Sertão Alagoano,27004,Batalha,270007,Arapiraca,2702,Arapiraca
2704401,27871,Major Isidoro,AL,2701,Sertão Alagoano,27004,Batalha,270008,Palmeira dos Índios,2702,Arapiraca
2706000,28193,Olivença,AL,2701,Sertão Alagoano,27004,Batalha,270010,Santana do Ipanema,2702,Arapiraca
2700706,27138,Batalha,AL,2701,Sertão Alagoano,27004,Batalha,270011,Pão de Açúcar - Olho d'Água das Flores ¿ Batalha,2702,Arapiraca
2705705,28134,Olho d'Água das Flores,AL,2701,Sertão Alagoano,27004,Batalha,270011,Pão de Açúcar - Olho d'Água das Flores ¿ Batalha,2702,Arapiraca
2705408,28070,Monteirópolis,AL,2701,Sertão Alagoano,27004,Batalha,270011,Pão de Açúcar - Olho d'Água das Flores ¿ Batalha,2702,Arapiraca
2700904,27170,Belo Monte,AL,2701,Sertão Alagoano,27004,Batalha,270011,Pão de Açúcar - Olho d'Água das Flores ¿ Batalha,2702,Arapiraca
2703403,27677,Jacaré dos Homens,AL,2701,Sertão Alagoano,27004,Batalha,270011,Pão de Açúcar - Olho d'Água das Flores ¿ Batalha,2702,Arapiraca
2704906,27979,Mar Vermelho,AL,2702,Agreste Alagoano,27005,Palmeira dos Índios,270006,Atalaia,2701,Maceió
2709004,28797,Tanque d'Arca,AL,2702,Agreste Alagoano,27005,Palmeira dos Índios,270007,Arapiraca,2702,Arapiraca
2704807,27952,Maribondo,AL,2702,Agreste Alagoano,27005,Palmeira dos Índios,270007,Arapiraca,2702,Arapiraca
2700805,27154,Belém,AL,2702,Agreste Alagoano,27005,Palmeira dos Índios,270008,Palmeira dos Índios,2702,Arapiraca
2706604,28312,Paulo Jacinto,AL,2702,Agreste Alagoano,27005,Palmeira dos Índios,270008,Palmeira dos Índios,2702,Arapiraca
2701209,27235,Cacimbinhas,AL,2702,Agreste Alagoano,27005,Palmeira dos Índios,270008,Palmeira dos Índios,2702,Arapiraca
2707602,28517,Quebrangulo,AL,2702,Agreste Alagoano,27005,Palmeira dos Índios,270008,Palmeira dos Índios,2702,Arapiraca
2705309,28053,Minador do Negrão,AL,2702,Agreste Alagoano,27005,Palmeira dos Índios,270008,Palmeira dos Índios,2702,Arapiraca
2706307,28258,Palmeira dos Índios,AL,2702,Agreste Alagoano,27005,Palmeira dos Índios,270008,Palmeira dos Índios,2702,Arapiraca
2702553,27049,Estrela de Alagoas,AL,2702,Agreste Alagoano,27005,Palmeira dos Índios,270008,Palmeira dos Índios,2702,Arapiraca
2703106,27618,Igaci,AL,2702,Agreste Alagoano,27005,Palmeira dos Índios,270008,Palmeira dos Índios,2702,Arapiraca
2700300,27057,Arapiraca,AL,2702,Agreste Alagoano,27006,Arapiraca,270007,Arapiraca,2702,Arapiraca
2709103,28819,Taquarana,AL,2702,Agreste Alagoano,27006,Arapiraca,270007,Arapiraca,2702,Arapiraca
2702900,27570,Girau do Ponciano,AL,2702,Agreste Alagoano,27006,Arapiraca,270007,Arapiraca,2702,Arapiraca
2701506,27294,Campo Grande,AL,2702,Agreste Alagoano,27006,Arapiraca,270007,Arapiraca,2702,Arapiraca
2702009,27391,Coité do Nóia,AL,2702,Agreste Alagoano,27006,Arapiraca,270007,Arapiraca,2702,Arapiraca
2704104,27812,Lagoa da Canoa,AL,2702,Agreste Alagoano,27006,Arapiraca,270007,Arapiraca,2702,Arapiraca
2704203,27839,Limoeiro de Anadia,AL,2702,Agreste Alagoano,27006,Arapiraca,270007,Arapiraca,2702,Arapiraca
2702355,28894,Craíbas,AL,2702,Agreste Alagoano,27006,Arapiraca,270007,Arapiraca,2702,Arapiraca
2702603,27510,Feira Grande,AL,2702,Agreste Alagoano,27006,Arapiraca,270007,Arapiraca,2702,Arapiraca
2708808,28754,São Sebastião,AL,2702,Agreste Alagoano,27006,Arapiraca,270007,Arapiraca,2702,Arapiraca
2708204,28630,São Brás,AL,2702,Agreste Alagoano,27007,Traipu,270003,Penedo,2701,Maceió
2705903,28177,Olho d'Água Grande,AL,2702,Agreste Alagoano,27007,Traipu,270007,Arapiraca,2702,Arapiraca
2709202,28835,Traipu,AL,2702,Agreste Alagoano,27007,Traipu,270007,Arapiraca,2702,Arapiraca
2703007,27596,Ibateguara,AL,2703,Leste Alagoano,27008,Serrana dos Quilombos,270005,União dos Palmares,2701,Maceió
2708105,28614,Santana do Mundaú,AL,2703,Leste Alagoano,27008,Serrana dos Quilombos,270005,União dos Palmares,2701,Maceió
2709301,28851,União dos Palmares,AL,2703,Leste Alagoano,27008,Serrana dos Quilombos,270005,União dos Palmares,2701,Maceió
2708303,28657,São José da Laje,AL,2703,Leste Alagoano,27008,Serrana dos Quilombos,270005,União dos Palmares,2701,Maceió
2701902,27375,Chã Preta,AL,2703,Leste Alagoano,27008,Serrana dos Quilombos,270006,Atalaia,2701,Maceió
2707008,28398,Pindoba,AL,2703,Leste Alagoano,27008,Serrana dos Quilombos,270006,Atalaia,2701,Maceió
2709400,28878,Viçosa,AL,2703,Leste Alagoano,27008,Serrana dos Quilombos,270006,Atalaia,2701,Maceió
2705200,28037,Messias,AL,2703,Leste Alagoano,27009,Mata Alagoana,270001,Maceió,2701,Maceió
2702801,27553,Flexeiras,AL,2703,Leste Alagoano,27009,Mata Alagoana,270001,Maceió,2701,Maceió
2703809,27758,Joaquim Gomes,AL,2703,Leste Alagoano,27009,Mata Alagoana,270001,Maceió,2701,Maceió
2708501,28690,São Luís do Quitunde,AL,2703,Leste Alagoano,27009,Mata Alagoana,270002,Porto Calvo - São Luís do Quitunde,2701,Maceió
2705606,28118,Novo Lino,AL,2703,Leste Alagoano,27009,Mata Alagoana,270002,Porto Calvo - São Luís do Quitunde,2701,Maceió
2707305,28452,Porto Calvo,AL,2703,Leste Alagoano,27009,Mata Alagoana,270002,Porto Calvo - São Luís do Quitunde,2701,Maceió
2703908,27774,Jundiá,AL,2703,Leste Alagoano,27009,Mata Alagoana,270002,Porto Calvo - São Luís do Quitunde,2701,Maceió
2705101,28010,Matriz de Camaragibe,AL,2703,Leste Alagoano,27009,Mata Alagoana,270002,Porto Calvo - São Luís do Quitunde,2701,Maceió
2702108,27413,Colônia Leopoldina,AL,2703,Leste Alagoano,27009,Mata Alagoana,270002,Porto Calvo - São Luís do Quitunde,2701,Maceió
2703502,27693,Jacuípe,AL,2703,Leste Alagoano,27009,Mata Alagoana,270002,Porto Calvo - São Luís do Quitunde,2701,Maceió
2701357,27081,Campestre,AL,2703,Leste Alagoano,27009,Mata Alagoana,270002,Porto Calvo - São Luís do Quitunde,2701,Maceió
2701100,27219,Branquinha,AL,2703,Leste Alagoano,27009,Mata Alagoana,270005,União dos Palmares,2701,Maceió
2705507,28096,Murici,AL,2703,Leste Alagoano,27009,Mata Alagoana,270005,União dos Palmares,2701,Maceió
2701704,27332,Capela,AL,2703,Leste Alagoano,27009,Mata Alagoana,270006,Atalaia,2701,Maceió
2701308,27251,Cajueiro,AL,2703,Leste Alagoano,27009,Mata Alagoana,270006,Atalaia,2701,Maceió
2700409,27073,Atalaia,AL,2703,Leste Alagoano,27009,Mata Alagoana,270006,Atalaia,2701,Maceió
2708709,28738,São Miguel dos Milagres,AL,2703,Leste Alagoano,27010,Litoral Norte Alagoano,270002,Porto Calvo - São Luís do Quitunde,2701,Maceió
2704500,27898,Maragogi,AL,2703,Leste Alagoano,27010,Litoral Norte Alagoano,270002,Porto Calvo - São Luís do Quitunde,2701,Maceió
2703601,27715,Japaratinga,AL,2703,Leste Alagoano,27010,Litoral Norte Alagoano,270002,Porto Calvo - São Luís do Quitunde,2701,Maceió
2706505,28290,Passo de Camaragibe,AL,2703,Leste Alagoano,27010,Litoral Norte Alagoano,270002,Porto Calvo - São Luís do Quitunde,2701,Maceió
2707404,28479,Porto de Pedras,AL,2703,Leste Alagoano,27010,Litoral Norte Alagoano,270002,Porto Calvo - São Luís do Quitunde,2701,Maceió
2704708,27936,Marechal Deodoro,AL,2703,Leste Alagoano,27011,Maceió,270001,Maceió,2701,Maceió
2706448,27006,Paripueira,AL,2703,Leste Alagoano,27011,Maceió,270001,Maceió,2701,Maceió
2702207,27430,Coqueiro Seco,AL,2703,Leste Alagoano,27011,Maceió,270001,Maceió,2701,Maceió
2700508,27090,Barra de Santo Antônio,AL,2703,Leste Alagoano,27011,Maceió,270001,Maceió,2701,Maceió
2707909,28576,Santa Luzia do Norte,AL,2703,Leste Alagoano,27011,Maceió,270001,Maceió,2701,Maceió
2704302,27855,Maceió,AL,2703,Leste Alagoano,27011,Maceió,270001,Maceió,2701,Maceió
2708907,28770,Satuba,AL,2703,Leste Alagoano,27011,Maceió,270001,Maceió,2701,Maceió
2707701,28533,Rio Largo,AL,2703,Leste Alagoano,27011,Maceió,270001,Maceió,2701,Maceió
2700607,27111,Barra de São Miguel,AL,2703,Leste Alagoano,27011,Maceió,270001,Maceió,2701,Maceió
2706901,28371,Pilar,AL,2703,Leste Alagoano,27011,Maceió,270001,Maceió,2701,Maceió
2702306,27456,Coruripe,AL,2703,Leste Alagoano,27012,São Miguel dos Campos,270003,Penedo,2701,Maceió
2701001,27197,Boca da Mata,AL,2703,Leste Alagoano,27012,São Miguel dos Campos,270004,São Miguel dos Campos,2701,Maceió
2707800,28550,Roteiro,AL,2703,Leste Alagoano,27012,São Miguel dos Campos,270004,São Miguel dos Campos,2701,Maceió
2701407,27278,Campo Alegre,AL,2703,Leste Alagoano,27012,São Miguel dos Campos,270004,São Miguel dos Campos,2701,Maceió
2703759,27065,Jequiá da Praia,AL,2703,Leste Alagoano,27012,São Miguel dos Campos,270004,São Miguel dos Campos,2701,Maceió
2700201,27030,Anadia,AL,2703,Leste Alagoano,27012,São Miguel dos Campos,270004,São Miguel dos Campos,2701,Maceió
2708600,28711,São Miguel dos Campos,AL,2703,Leste Alagoano,27012,São Miguel dos Campos,270004,São Miguel dos Campos,2701,Maceió
2709152,28932,Teotônio Vilela,AL,2703,Leste Alagoano,27012,São Miguel dos Campos,270007,Arapiraca,2702,Arapiraca
2704005,27790,Junqueiro,AL,2703,Leste Alagoano,27012,São Miguel dos Campos,270007,Arapiraca,2702,Arapiraca
2702702,27537,Feliz Deserto,AL,2703,Leste Alagoano,27013,Penedo,270003,Penedo,2701,Maceió
2703205,27634,Igreja Nova,AL,2703,Leste Alagoano,27013,Penedo,270003,Penedo,2701,Maceió
2707503,28495,Porto Real do Colégio,AL,2703,Leste Alagoano,27013,Penedo,270003,Penedo,2701,Maceió
2706703,28339,Penedo,AL,2703,Leste Alagoano,27013,Penedo,270003,Penedo,2701,Maceió
2706802,28355,Piaçabuçu,AL,2703,Leste Alagoano,27013,Penedo,270003,Penedo,2701,Maceió
2802403,31496,Gararu,SE,2801,Sertão Sergipano,28001,Sergipana do Sertão do São Francisco,280006,Nossa Senhora da Glória,2802,Itabaiana
2804201,31836,Monte Alegre de Sergipe,SE,2801,Sertão Sergipano,28001,Sergipana do Sertão do São Francisco,280006,Nossa Senhora da Glória,2802,Itabaiana
2804508,31895,Nossa Senhora da Glória,SE,2801,Sertão Sergipano,28001,Sergipana do Sertão do São Francisco,280006,Nossa Senhora da Glória,2802,Itabaiana
2805604,32115,Porto da Folha,SE,2801,Sertão Sergipano,28001,Sergipana do Sertão do São Francisco,280006,Nossa Senhora da Glória,2802,Itabaiana
2802601,31518,Gracho Cardoso,SE,2801,Sertão Sergipano,28001,Sergipana do Sertão do São Francisco,280006,Nossa Senhora da Glória,2802,Itabaiana
2803104,31615,Itabi,SE,2801,Sertão Sergipano,28001,Sergipana do Sertão do São Francisco,280006,Nossa Senhora da Glória,2802,Itabaiana
2805406,32077,Poço Redondo,SE,2801,Sertão Sergipano,28001,Sergipana do Sertão do São Francisco,280006,Nossa Senhora da Glória,2802,Itabaiana
2801207,31232,Canindé de São Francisco,SE,2801,Sertão Sergipano,28001,Sergipana do Sertão do São Francisco,280006,Nossa Senhora da Glória,2802,Itabaiana
2802205,31437,Feira Nova,SE,2801,Sertão Sergipano,28001,Sergipana do Sertão do São Francisco,280006,Nossa Senhora da Glória,2802,Itabaiana
2804458,31356,Nossa Senhora Aparecida,SE,2801,Sertão Sergipano,28002,Carira,280004,Itabaiana,2802,Itabaiana
2806008,32190,Ribeirópolis,SE,2801,Sertão Sergipano,28002,Carira,280004,Itabaiana,2802,Itabaiana
2801405,31275,Carira,SE,2801,Sertão Sergipano,28002,Carira,280004,Itabaiana,2802,Itabaiana
2805000,31992,Pedra Mole,SE,2801,Sertão Sergipano,28002,Carira,280004,Itabaiana,2802,Itabaiana
2805208,32034,Pinhão,SE,2801,Sertão Sergipano,28002,Carira,280004,Itabaiana,2802,Itabaiana
2802304,31453,Frei Paulo,SE,2801,Sertão Sergipano,28002,Carira,280004,Itabaiana,2802,Itabaiana
2804607,31917,Nossa Senhora das Dores,SE,2802,Agreste Sergipano,28003,Nossa Senhora das Dores,280001,Aracaju,2801,Aracaju
2801900,31372,Cumbe,SE,2802,Agreste Sergipano,28003,Nossa Senhora das Dores,280001,Aracaju,2801,Aracaju
2803807,31755,Malhada dos Bois,SE,2802,Agreste Sergipano,28003,Nossa Senhora das Dores,280003,Propriá,2801,Aracaju
2800209,31038,Aquidabã,SE,2802,Agreste Sergipano,28003,Nossa Senhora das Dores,280003,Propriá,2801,Aracaju
2804300,31852,Muribeca,SE,2802,Agreste Sergipano,28003,Nossa Senhora das Dores,280003,Propriá,2801,Aracaju
2807006,32395,São Miguel do Aleixo,SE,2802,Agreste Sergipano,28003,Nossa Senhora das Dores,280004,Itabaiana,2802,Itabaiana
2802908,31577,Itabaiana,SE,2802,Agreste Sergipano,28004,Agreste de Itabaiana,280004,Itabaiana,2802,Itabaiana
2806800,32352,São Domingos,SE,2802,Agreste Sergipano,28004,Agreste de Itabaiana,280004,Itabaiana,2802,Itabaiana
2804102,31810,Moita Bonita,SE,2802,Agreste Sergipano,28004,Agreste de Itabaiana,280004,Itabaiana,2802,Itabaiana
2803906,31771,Malhador,SE,2802,Agreste Sergipano,28004,Agreste de Itabaiana,280004,Itabaiana,2802,Itabaiana
2801009,31194,Campo do Brito,SE,2802,Agreste Sergipano,28004,Agreste de Itabaiana,280004,Itabaiana,2802,Itabaiana
2803708,31739,Macambira,SE,2802,Agreste Sergipano,28004,Agreste de Itabaiana,280004,Itabaiana,2802,Itabaiana
2800506,31097,Areia Branca,SE,2802,Agreste Sergipano,28004,Agreste de Itabaiana,280004,Itabaiana,2802,Itabaiana
2805505,32093,Poço Verde,SE,2802,Agreste Sergipano,28005,Tobias Barreto,280005,Lagarto,2802,Itabaiana
2807402,32476,Tobias Barreto,SE,2802,Agreste Sergipano,28005,Tobias Barreto,280005,Lagarto,2802,Itabaiana
2807105,32417,Simão Dias,SE,2802,Agreste Sergipano,28005,Tobias Barreto,280005,Lagarto,2802,Itabaiana
2803500,31690,Lagarto,SE,2802,Agreste Sergipano,28006,Agreste de Lagarto,280005,Lagarto,2802,Itabaiana
2805802,32158,Riachão do Dantas,SE,2802,Agreste Sergipano,28006,Agreste de Lagarto,280005,Lagarto,2802,Itabaiana
2804409,31879,Neópolis,SE,2803,Leste Sergipano,28007,Propriá,280003,Propriá,2801,Aracaju
2801108,31216,Canhoba,SE,2803,Leste Sergipano,28007,Propriá,280003,Propriá,2801,Aracaju
2801603,31313,Cedro de São João,SE,2803,Leste Sergipano,28007,Propriá,280003,Propriá,2801,Aracaju
2806404,31003,Santana do São Francisco,SE,2803,Leste Sergipano,28007,Propriá,280003,Propriá,2801,Aracaju
2807303,32450,Telha,SE,2803,Leste Sergipano,28007,Propriá,280003,Propriá,2801,Aracaju
2805703,32131,Propriá,SE,2803,Leste Sergipano,28007,Propriá,280003,Propriá,2801,Aracaju
2800704,31135,Brejo Grande,SE,2803,Leste Sergipano,28007,Propriá,280003,Propriá,2801,Aracaju
2800100,31011,Amparo de São Francisco,SE,2803,Leste Sergipano,28007,Propriá,280003,Propriá,2801,Aracaju
2802700,31534,Ilha das Flores,SE,2803,Leste Sergipano,28007,Propriá,280003,Propriá,2801,Aracaju
2804706,31933,Nossa Senhora de Lourdes,SE,2803,Leste Sergipano,28007,Propriá,280003,Propriá,2801,Aracaju
2801306,31259,Capela,SE,2803,Leste Sergipano,28008,Cotinguiba,280001,Aracaju,2801,Aracaju
2802007,31399,Divina Pastora,SE,2803,Leste Sergipano,28008,Cotinguiba,280001,Aracaju,2801,Aracaju
2806503,32298,Santa Rosa de Lima,SE,2803,Leste Sergipano,28008,Cotinguiba,280001,Aracaju,2801,Aracaju
2807204,32433,Siriri,SE,2803,Leste Sergipano,28008,Cotinguiba,280001,Aracaju,2801,Aracaju
2805307,32050,Pirambu,SE,2803,Leste Sergipano,28009,Japaratuba,280001,Aracaju,2801,Aracaju
2803302,31658,Japaratuba,SE,2803,Leste Sergipano,28009,Japaratuba,280001,Aracaju,2801,Aracaju
2804904,31976,Pacatuba,SE,2803,Leste Sergipano,28009,Japaratuba,280003,Propriá,2801,Aracaju
2806909,32379,São Francisco,SE,2803,Leste Sergipano,28009,Japaratuba,280003,Propriá,2801,Aracaju
2803401,31674,Japoatã,SE,2803,Leste Sergipano,28009,Japaratuba,280003,Propriá,2801,Aracaju
2803609,31712,Laranjeiras,SE,2803,Leste Sergipano,28010,Baixo Cotinguiba,280001,Aracaju,2801,Aracaju
2806107,32212,Rosário do Catete,SE,2803,Leste Sergipano,28010,Baixo Cotinguiba,280001,Aracaju,2801,Aracaju
2802502,31470,General Maynard,SE,2803,Leste Sergipano,28010,Baixo Cotinguiba,280001,Aracaju,2801,Aracaju
2801504,31291,Carmópolis,SE,2803,Leste Sergipano,28010,Baixo Cotinguiba,280001,Aracaju,2801,Aracaju
2805901,32174,Riachuelo,SE,2803,Leste Sergipano,28010,Baixo Cotinguiba,280001,Aracaju,2801,Aracaju
2804003,31798,Maruim,SE,2803,Leste Sergipano,28010,Baixo Cotinguiba,280001,Aracaju,2801,Aracaju
2806602,32310,Santo Amaro das Brotas,SE,2803,Leste Sergipano,28010,Baixo Cotinguiba,280001,Aracaju,2801,Aracaju
2806701,32336,São Cristóvão,SE,2803,Leste Sergipano,28011,Aracaju,280001,Aracaju,2801,Aracaju
2804805,31950,Nossa Senhora do Socorro,SE,2803,Leste Sergipano,28011,Aracaju,280001,Aracaju,2801,Aracaju
2800308,31054,Aracaju,SE,2803,Leste Sergipano,28011,Aracaju,280001,Aracaju,2801,Aracaju
2800605,31119,Barra dos Coqueiros,SE,2803,Leste Sergipano,28011,Aracaju,280001,Aracaju,2801,Aracaju
2801702,31330,Cristinápolis,SE,2803,Leste Sergipano,28012,Boquim,280002,Estância,2801,Aracaju
2807600,32514,Umbaúba,SE,2803,Leste Sergipano,28012,Boquim,280002,Estância,2801,Aracaju
2800670,31151,Boquim,SE,2803,Leste Sergipano,28012,Boquim,280002,Estância,2801,Aracaju
2807501,32492,Tomar do Geru,SE,2803,Leste Sergipano,28012,Boquim,280002,Estância,2801,Aracaju
2803005,31593,Itabaianinha,SE,2803,Leste Sergipano,28012,Boquim,280002,Estância,2801,Aracaju
2805109,32018,Pedrinhas,SE,2803,Leste Sergipano,28012,Boquim,280002,Estância,2801,Aracaju
2800407,31070,Arauá,SE,2803,Leste Sergipano,28012,Boquim,280002,Estância,2801,Aracaju
2806206,32239,Salgado,SE,2803,Leste Sergipano,28012,Boquim,280005,Lagarto,2802,Itabaiana
2803203,31631,Itaporanga d'Ajuda,SE,2803,Leste Sergipano,28013,Estância,280001,Aracaju,2801,Aracaju
2802809,31550,Indiaroba,SE,2803,Leste Sergipano,28013,Estância,280002,Estância,2801,Aracaju
2802106,31410,Estância,SE,2803,Leste Sergipano,28013,Estância,280002,Estância,2801,Aracaju
2806305,32255,Santa Luzia do Itanhy,SE,2803,Leste Sergipano,28013,Estância,280002,Estância,2801,Aracaju
2903201,33634,Barreiras,BA,2901,Extremo Oeste Baiano,29001,Barreiras,290018,Barreiras,2906,Barreiras
2928901,38776,São Desidério,BA,2901,Extremo Oeste Baiano,29001,Barreiras,290018,Barreiras,2906,Barreiras
2902500,33499,Baianópolis,BA,2901,Extremo Oeste Baiano,29001,Barreiras,290018,Barreiras,2906,Barreiras
2919553,30007,Luís Eduardo Magalhães,BA,2901,Extremo Oeste Baiano,29001,Barreiras,290018,Barreiras,2906,Barreiras
2907400,34479,Catolândia,BA,2901,Extremo Oeste Baiano,29001,Barreiras,290018,Barreiras,2906,Barreiras
2911105,35211,Formosa do Rio Preto,BA,2901,Extremo Oeste Baiano,29001,Barreiras,290018,Barreiras,2906,Barreiras
2926202,38253,Riachão das Neves,BA,2901,Extremo Oeste Baiano,29001,Barreiras,290018,Barreiras,2906,Barreiras
2909406,34878,Cotegipe,BA,2901,Extremo Oeste Baiano,29002,Cotegipe,290018,Barreiras,2906,Barreiras
2928406,35491,Santa Rita de Cássia,BA,2901,Extremo Oeste Baiano,29002,Cotegipe,290018,Barreiras,2906,Barreiras
2901403,33278,Angical,BA,2901,Extremo Oeste Baiano,29002,Cotegipe,290018,Barreiras,2906,Barreiras
2930907,39179,Tabocas do Brejo Velho,BA,2901,Extremo Oeste Baiano,29002,Cotegipe,290018,Barreiras,2906,Barreiras
2909703,34932,Cristópolis,BA,2901,Extremo Oeste Baiano,29002,Cotegipe,290018,Barreiras,2906,Barreiras
2904407,33871,Brejolândia,BA,2901,Extremo Oeste Baiano,29002,Cotegipe,290018,Barreiras,2906,Barreiras
2933455,39993,Wanderley,BA,2901,Extremo Oeste Baiano,29002,Cotegipe,290018,Barreiras,2906,Barreiras
2920452,39772,Mansidão,BA,2901,Extremo Oeste Baiano,29002,Cotegipe,290018,Barreiras,2906,Barreiras
2930303,39055,Serra Dourada,BA,2901,Extremo Oeste Baiano,29003,Santa Maria da Vitória,290018,Barreiras,2906,Barreiras
2928208,38652,Santana,BA,2901,Extremo Oeste Baiano,29003,Santa Maria da Vitória,290018,Barreiras,2906,Barreiras
2906105,34215,Canápolis,BA,2901,Extremo Oeste Baiano,29003,Santa Maria da Vitória,290019,Santa Maria da Vitoria,2906,Barreiras
2908101,34614,Cocos,BA,2901,Extremo Oeste Baiano,29003,Santa Maria da Vitória,290019,Santa Maria da Vitoria,2906,Barreiras
2917359,30678,Jaborandi,BA,2901,Extremo Oeste Baiano,29003,Santa Maria da Vitória,290019,Santa Maria da Vitoria,2906,Barreiras
2929057,38822,São Félix do Coribe,BA,2901,Extremo Oeste Baiano,29003,Santa Maria da Vitória,290019,Santa Maria da Vitoria,2906,Barreiras
2928109,38636,Santa Maria da Vitória,BA,2901,Extremo Oeste Baiano,29003,Santa Maria da Vitória,290019,Santa Maria da Vitoria,2906,Barreiras
2909307,34851,Correntina,BA,2901,Extremo Oeste Baiano,29003,Santa Maria da Vitória,290019,Santa Maria da Vitoria,2906,Barreiras
2909109,34819,Coribe,BA,2901,Extremo Oeste Baiano,29003,Santa Maria da Vitória,290019,Santa Maria da Vitoria,2906,Barreiras
2909901,34975,Curaçá,BA,2902,Vale São-Franciscano da Bahia,29004,Juazeiro,290022,Juazeiro,2908,Juazeiro
2926004,38210,Remanso,BA,2902,Vale São-Franciscano da Bahia,29004,Juazeiro,290022,Juazeiro,2908,Juazeiro
2930774,39985,Sobradinho,BA,2902,Vale São-Franciscano da Bahia,29004,Juazeiro,290022,Juazeiro,2908,Juazeiro
2907202,34436,Casa Nova,BA,2902,Vale São-Franciscano da Bahia,29004,Juazeiro,290022,Juazeiro,2908,Juazeiro
2905909,34177,Campo Alegre de Lourdes,BA,2902,Vale São-Franciscano da Bahia,29004,Juazeiro,290022,Juazeiro,2908,Juazeiro
2924405,37893,Pilão Arcado,BA,2902,Vale São-Franciscano da Bahia,29004,Juazeiro,290022,Juazeiro,2908,Juazeiro
2918407,36692,Juazeiro,BA,2902,Vale São-Franciscano da Bahia,29004,Juazeiro,290022,Juazeiro,2908,Juazeiro
2930204,39039,Sento Sé,BA,2902,Vale São-Franciscano da Bahia,29004,Juazeiro,290022,Juazeiro,2908,Juazeiro
2924009,37818,Paulo Afonso,BA,2902,Vale São-Franciscano da Bahia,29005,Paulo Afonso,290024,Paulo Afonso,2909,Paulo Afonso
2900207,33030,Abaré,BA,2902,Vale São-Franciscano da Bahia,29005,Paulo Afonso,290024,Paulo Afonso,2909,Paulo Afonso
2927101,38431,Rodelas,BA,2902,Vale São-Franciscano da Bahia,29005,Paulo Afonso,290024,Paulo Afonso,2909,Paulo Afonso
2919900,36994,Macururé,BA,2902,Vale São-Franciscano da Bahia,29005,Paulo Afonso,290024,Paulo Afonso,2909,Paulo Afonso
2907707,34533,Chorrochó,BA,2902,Vale São-Franciscano da Bahia,29005,Paulo Afonso,290024,Paulo Afonso,2909,Paulo Afonso
2911402,35270,Glória,BA,2902,Vale São-Franciscano da Bahia,29005,Paulo Afonso,290024,Paulo Afonso,2909,Paulo Afonso
2915353,36080,Itaguaçu da Bahia,BA,2902,Vale São-Franciscano da Bahia,29006,Barra,290020,Irecê,2907,Irecê
2904753,30791,Buritirama,BA,2902,Vale São-Franciscano da Bahia,29006,Barra,290021,Xique-Xique ¿ Barra,2907,Irecê
2913200,35653,Ibotirama,BA,2902,Vale São-Franciscano da Bahia,29006,Barra,290021,Xique-Xique ¿ Barra,2907,Irecê
2902708,33537,Barra,BA,2902,Vale São-Franciscano da Bahia,29006,Barra,290021,Xique-Xique ¿ Barra,2907,Irecê
2922250,37460,Muquém de São Francisco,BA,2902,Vale São-Franciscano da Bahia,29006,Barra,290021,Xique-Xique ¿ Barra,2907,Irecê
2933604,39713,Xique-Xique,BA,2902,Vale São-Franciscano da Bahia,29006,Barra,290021,Xique-Xique ¿ Barra,2907,Irecê
2921609,37338,Morpará,BA,2902,Vale São-Franciscano da Bahia,29006,Barra,290021,Xique-Xique ¿ Barra,2907,Irecê
2910776,35149,Feira da Mata,BA,2902,Vale São-Franciscano da Bahia,29007,Bom Jesus da Lapa,290016,Guanambi,2905,Guanambi
2907103,34410,Carinhanha,BA,2902,Vale São-Franciscano da Bahia,29007,Bom Jesus da Lapa,290016,Guanambi,2905,Guanambi
2903904,33774,Bom Jesus da Lapa,BA,2902,Vale São-Franciscano da Bahia,29007,Bom Jesus da Lapa,290017,Bom Jesus da Lapa,2905,Guanambi
2930758,39144,Sítio do Mato,BA,2902,Vale São-Franciscano da Bahia,29007,Bom Jesus da Lapa,290017,Bom Jesus da Lapa,2905,Guanambi
2930154,39047,Serra do Ramalho,BA,2902,Vale São-Franciscano da Bahia,29007,Bom Jesus da Lapa,290017,Bom Jesus da Lapa,2905,Guanambi
2923704,37753,Paratinga,BA,2902,Vale São-Franciscano da Bahia,29007,Bom Jesus da Lapa,290017,Bom Jesus da Lapa,2905,Guanambi
2924603,37931,Pindobaçu,BA,2903,Centro Norte Baiano,29008,Senhor do Bonfim,290023,Senhor do Bonfim,2908,Juazeiro
2901809,33359,Antônio Gonçalves,BA,2903,Centro Norte Baiano,29008,Senhor do Bonfim,290023,Senhor do Bonfim,2908,Juazeiro
2930105,39012,Senhor do Bonfim,BA,2903,Centro Norte Baiano,29008,Senhor do Bonfim,290023,Senhor do Bonfim,2908,Juazeiro
2906006,34193,Campo Formoso,BA,2903,Centro Norte Baiano,29008,Senhor do Bonfim,290023,Senhor do Bonfim,2908,Juazeiro
2901353,33260,Andorinha,BA,2903,Centro Norte Baiano,29008,Senhor do Bonfim,290023,Senhor do Bonfim,2908,Juazeiro
2917706,36552,Jaguarari,BA,2903,Centro Norte Baiano,29008,Senhor do Bonfim,290023,Senhor do Bonfim,2908,Juazeiro
2917003,36412,Itiúba,BA,2903,Centro Norte Baiano,29008,Senhor do Bonfim,290023,Senhor do Bonfim,2908,Juazeiro
2910859,30910,Filadélfia,BA,2903,Centro Norte Baiano,29008,Senhor do Bonfim,290023,Senhor do Bonfim,2908,Juazeiro
2932457,39489,Umburanas,BA,2903,Centro Norte Baiano,29008,Senhor do Bonfim,290030,Jacobina,2910,Feira de Santana
2907608,34517,Central,BA,2903,Centro Norte Baiano,29009,Irecê,290020,Irecê,2907,Irecê
2918357,30996,João Dourado,BA,2903,Centro Norte Baiano,29009,Irecê,290020,Irecê,2907,Irecê
2919157,39730,Lapão,BA,2903,Centro Norte Baiano,29009,Irecê,290020,Irecê,2907,Irecê
2913101,35637,Ibititá,BA,2903,Centro Norte Baiano,29009,Irecê,290020,Irecê,2907,Irecê
2903003,33596,Barra do Mendes,BA,2903,Centro Norte Baiano,29009,Irecê,290020,Irecê,2907,Irecê
2932408,39470,Uibaí,BA,2903,Centro Norte Baiano,29009,Irecê,290020,Irecê,2907,Irecê
2922052,37427,Mulungu do Morro,BA,2903,Centro Norte Baiano,29009,Irecê,290020,Irecê,2907,Irecê
2903235,30759,Barro Alto,BA,2903,Centro Norte Baiano,29009,Irecê,290020,Irecê,2907,Irecê
2906204,34231,Canarana,BA,2903,Centro Norte Baiano,29009,Irecê,290020,Irecê,2907,Irecê
2901155,30716,América Dourada,BA,2903,Centro Norte Baiano,29009,Irecê,290020,Irecê,2907,Irecê
2905305,34053,Cafarnaum,BA,2903,Centro Norte Baiano,29009,Irecê,290020,Irecê,2907,Irecê
2914604,35939,Irecê,BA,2903,Centro Norte Baiano,29009,Irecê,290020,Irecê,2907,Irecê
2912400,35475,Ibipeba,BA,2903,Centro Norte Baiano,29009,Irecê,290020,Irecê,2907,Irecê
2929255,39896,São Gabriel,BA,2903,Centro Norte Baiano,29009,Irecê,290020,Irecê,2907,Irecê
2925600,38130,Presidente Dutra,BA,2903,Centro Norte Baiano,29009,Irecê,290020,Irecê,2907,Irecê
2918506,36714,Jussara,BA,2903,Centro Norte Baiano,29009,Irecê,290020,Irecê,2907,Irecê
2911303,35254,Gentio do Ouro,BA,2903,Centro Norte Baiano,29009,Irecê,290021,Xique-Xique ¿ Barra,2907,Irecê
2930808,39152,Souto Soares,BA,2903,Centro Norte Baiano,29009,Irecê,290034,Seabra,2910,Feira de Santana
2914406,35890,Iraquara,BA,2903,Centro Norte Baiano,29009,Irecê,290034,Seabra,2910,Feira de Santana
2921708,37354,Morro do Chapéu,BA,2903,Centro Norte Baiano,29010,Jacobina,290020,Irecê,2907,Irecê
2925253,38067,Ponto Novo,BA,2903,Centro Norte Baiano,29010,Jacobina,290023,Senhor do Bonfim,2908,Juazeiro
2924801,37974,Piritiba,BA,2903,Centro Norte Baiano,29010,Jacobina,290030,Jacobina,2910,Feira de Santana
2923357,37680,Ourolândia,BA,2903,Centro Norte Baiano,29010,Jacobina,290030,Jacobina,2910,Feira de Santana
2906873,30830,Capim Grosso,BA,2903,Centro Norte Baiano,29010,Jacobina,290030,Jacobina,2910,Feira de Santana
2929800,38954,Saúde,BA,2903,Centro Norte Baiano,29010,Jacobina,290030,Jacobina,2910,Feira de Santana
2921203,37257,Miguel Calmon,BA,2903,Centro Norte Baiano,29010,Jacobina,290030,Jacobina,2910,Feira de Santana
2921401,37290,Mirangaba,BA,2903,Centro Norte Baiano,29010,Jacobina,290030,Jacobina,2910,Feira de Santana
2933109,39616,Várzea do Poço,BA,2903,Centro Norte Baiano,29010,Jacobina,290030,Jacobina,2910,Feira de Santana
2929370,38865,São José do Jacuípe,BA,2903,Centro Norte Baiano,29010,Jacobina,290030,Jacobina,2910,Feira de Santana
2925931,39845,Quixabeira,BA,2903,Centro Norte Baiano,29010,Jacobina,290030,Jacobina,2910,Feira de Santana
2917508,36510,Jacobina,BA,2903,Centro Norte Baiano,29010,Jacobina,290030,Jacobina,2910,Feira de Santana
2905107,34010,Caém,BA,2903,Centro Norte Baiano,29010,Jacobina,290030,Jacobina,2910,Feira de Santana
2905503,34096,Caldeirão Grande,BA,2903,Centro Norte Baiano,29010,Jacobina,290030,Jacobina,2910,Feira de Santana
2933158,39950,Várzea Nova,BA,2903,Centro Norte Baiano,29010,Jacobina,290030,Jacobina,2910,Feira de Santana
2930600,39110,Serrolândia,BA,2903,Centro Norte Baiano,29010,Jacobina,290030,Jacobina,2910,Feira de Santana
2902609,33510,Baixa Grande,BA,2903,Centro Norte Baiano,29011,Itaberaba,290029,Feira de Santana,2910,Feira de Santana
2919603,36935,Macajuba,BA,2903,Centro Norte Baiano,29011,Itaberaba,290029,Feira de Santana,2910,Feira de Santana
2920106,37036,Mairi,BA,2903,Centro Norte Baiano,29011,Itaberaba,290029,Feira de Santana,2910,Feira de Santana
2933059,39977,Várzea da Roça,BA,2903,Centro Norte Baiano,29011,Itaberaba,290029,Feira de Santana,2910,Feira de Santana
2922102,37435,Mundo Novo,BA,2903,Centro Norte Baiano,29011,Itaberaba,290029,Feira de Santana,2910,Feira de Santana
2931301,39250,Tapiramutá,BA,2903,Centro Norte Baiano,29011,Itaberaba,290030,Jacobina,2910,Feira de Santana
2914703,35955,Itaberaba,BA,2903,Centro Norte Baiano,29011,Itaberaba,290031,Itaberaba,2910,Feira de Santana
2927200,38458,Ruy Barbosa,BA,2903,Centro Norte Baiano,29011,Itaberaba,290031,Itaberaba,2910,Feira de Santana
2912608,35530,Ibiquera,BA,2903,Centro Norte Baiano,29011,Itaberaba,290031,Itaberaba,2910,Feira de Santana
2919009,36811,Lajedinho,BA,2903,Centro Norte Baiano,29011,Itaberaba,290031,Itaberaba,2910,Feira de Santana
2911907,35378,Iaçu,BA,2903,Centro Norte Baiano,29011,Itaberaba,290031,Itaberaba,2910,Feira de Santana
2903805,33758,Boa Vista do Tupim,BA,2903,Centro Norte Baiano,29011,Itaberaba,290031,Itaberaba,2910,Feira de Santana
2924108,37834,Pedrão,BA,2903,Centro Norte Baiano,29012,Feira de Santana,290002,Alagoinhas,2901,Salvador
2931400,39276,Teodoro Sampaio,BA,2903,Centro Norte Baiano,29012,Feira de Santana,290002,Alagoinhas,2901,Salvador
2910305,35050,Elísio Medrado,BA,2903,Centro Norte Baiano,29012,Feira de Santana,290003,Santo Antônio de Jesus,2902,Santo Antônio de Jesus
2916856,36382,Itatim,BA,2903,Centro Norte Baiano,29012,Feira de Santana,290004,Cruz das Almas,2902,Santo Antônio de Jesus
2928505,38695,Santa Teresinha,BA,2903,Centro Norte Baiano,29012,Feira de Santana,290004,Cruz das Almas,2902,Santo Antônio de Jesus
2914505,35912,Irará,BA,2903,Centro Norte Baiano,29012,Feira de Santana,290029,Feira de Santana,2910,Feira de Santana
2927507,38512,Santa Bárbara,BA,2903,Centro Norte Baiano,29012,Feira de Santana,290029,Feira de Santana,2910,Feira de Santana
2928307,38679,Santanópolis,BA,2903,Centro Norte Baiano,29012,Feira de Santana,290029,Feira de Santana,2910,Feira de Santana
2908507,34690,Conceição do Jacuípe,BA,2903,Centro Norte Baiano,29012,Feira de Santana,290029,Feira de Santana,2910,Feira de Santana
2908200,34630,Conceição da Feira,BA,2903,Centro Norte Baiano,29012,Feira de Santana,290029,Feira de Santana,2910,Feira de Santana
2901502,33294,Anguera,BA,2903,Centro Norte Baiano,29012,Feira de Santana,290029,Feira de Santana,2910,Feira de Santana
2914000,35815,Ipirá,BA,2903,Centro Norte Baiano,29012,Feira de Santana,290029,Feira de Santana,2910,Feira de Santana
2924652,39837,Pintadas,BA,2903,Centro Norte Baiano,29012,Feira de Santana,290029,Feira de Santana,2910,Feira de Santana
2925956,39853,Rafael Jambeiro,BA,2903,Centro Norte Baiano,29012,Feira de Santana,290029,Feira de Santana,2910,Feira de Santana
2928802,38750,Santo Estêvão,BA,2903,Centro Norte Baiano,29012,Feira de Santana,290029,Feira de Santana,2910,Feira de Santana
2901700,33332,Antônio Cardoso,BA,2903,Centro Norte Baiano,29012,Feira de Santana,290029,Feira de Santana,2910,Feira de Santana
2930402,39071,Serra Preta,BA,2903,Centro Norte Baiano,29012,Feira de Santana,290029,Feira de Santana,2910,Feira de Santana
2913804,35777,Ipecaetá,BA,2903,Centro Norte Baiano,29012,Feira de Santana,290029,Feira de Santana,2910,Feira de Santana
2910800,35157,Feira de Santana,BA,2903,Centro Norte Baiano,29012,Feira de Santana,290029,Feira de Santana,2910,Feira de Santana
2929305,38857,São Gonçalo dos Campos,BA,2903,Centro Norte Baiano,29012,Feira de Santana,290029,Feira de Santana,2910,Feira de Santana
2900405,33073,Água Fria,BA,2903,Centro Norte Baiano,29012,Feira de Santana,290029,Feira de Santana,2910,Feira de Santana
2923308,37672,Ouriçangas,BA,2903,Centro Norte Baiano,29012,Feira de Santana,290029,Feira de Santana,2910,Feira de Santana
2931103,39217,Tanquinho,BA,2903,Centro Norte Baiano,29012,Feira de Santana,290029,Feira de Santana,2910,Feira de Santana
2908903,34770,Coração de Maria,BA,2903,Centro Norte Baiano,29012,Feira de Santana,290029,Feira de Santana,2910,Feira de Santana
2927606,38539,Santa Brígida,BA,2904,Nordeste Baiano,29013,Jeremoabo,290024,Paulo Afonso,2909,Paulo Afonso
2930766,39900,Sítio do Quinto,BA,2904,Nordeste Baiano,29013,Jeremoabo,290028,Jeremoabo,2909,Paulo Afonso
2909208,34835,Coronel João Sá,BA,2904,Nordeste Baiano,29013,Jeremoabo,290028,Jeremoabo,2909,Paulo Afonso
2918100,36633,Jeremoabo,BA,2904,Nordeste Baiano,29013,Jeremoabo,290028,Jeremoabo,2909,Paulo Afonso
2924207,37850,Pedro Alexandre,BA,2904,Nordeste Baiano,29013,Jeremoabo,290028,Jeremoabo,2909,Paulo Afonso
2932002,39390,Uauá,BA,2904,Nordeste Baiano,29014,Euclides da Cunha,290022,Juazeiro,2908,Juazeiro
2931905,39373,Tucano,BA,2904,Nordeste Baiano,29014,Euclides da Cunha,290025,Ribeira do Pombal,2909,Paulo Afonso
2925907,38199,Quijingue,BA,2904,Nordeste Baiano,29014,Euclides da Cunha,290026,Euclides da Cunha,2909,Paulo Afonso
2906808,34355,Cansanção,BA,2904,Nordeste Baiano,29014,Euclides da Cunha,290026,Euclides da Cunha,2909,Paulo Afonso
2906824,30856,Canudos,BA,2904,Nordeste Baiano,29014,Euclides da Cunha,290026,Euclides da Cunha,2909,Paulo Afonso
2910701,35130,Euclides da Cunha,BA,2904,Nordeste Baiano,29014,Euclides da Cunha,290026,Euclides da Cunha,2909,Paulo Afonso
2921500,37311,Monte Santo,BA,2904,Nordeste Baiano,29014,Euclides da Cunha,290026,Euclides da Cunha,2909,Paulo Afonso
2925808,38172,Queimadas,BA,2904,Nordeste Baiano,29014,Euclides da Cunha,290032,Conceição do Coité,2910,Feira de Santana
2922656,39799,Nordestina,BA,2904,Nordeste Baiano,29014,Euclides da Cunha,290032,Conceição do Coité,2910,Feira de Santana
2916500,36315,Itapicuru,BA,2904,Nordeste Baiano,29015,Ribeira do Pombal,290002,Alagoinhas,2901,Salvador
2907905,34576,Cipó,BA,2904,Nordeste Baiano,29015,Ribeira do Pombal,290025,Ribeira do Pombal,2909,Paulo Afonso
2902658,33529,Banzaê,BA,2904,Nordeste Baiano,29015,Ribeira do Pombal,290025,Ribeira do Pombal,2909,Paulo Afonso
2926509,38318,Ribeira do Amparo,BA,2904,Nordeste Baiano,29015,Ribeira do Pombal,290025,Ribeira do Pombal,2909,Paulo Afonso
2923100,37630,Olindina,BA,2904,Nordeste Baiano,29015,Ribeira do Pombal,290025,Ribeira do Pombal,2909,Paulo Afonso
2926608,38334,Ribeira do Pombal,BA,2904,Nordeste Baiano,29015,Ribeira do Pombal,290025,Ribeira do Pombal,2909,Paulo Afonso
2922904,37591,Nova Soure,BA,2904,Nordeste Baiano,29015,Ribeira do Pombal,290025,Ribeira do Pombal,2909,Paulo Afonso
2910750,30899,Fátima,BA,2904,Nordeste Baiano,29015,Ribeira do Pombal,290027,Cícero Dantas,2909,Paulo Afonso
2907806,34550,Cícero Dantas,BA,2904,Nordeste Baiano,29015,Ribeira do Pombal,290027,Cícero Dantas,2909,Paulo Afonso
2900355,33065,Adustina,BA,2904,Nordeste Baiano,29015,Ribeira do Pombal,290027,Cícero Dantas,2909,Paulo Afonso
2923803,37770,Paripiranga,BA,2904,Nordeste Baiano,29015,Ribeira do Pombal,290027,Cícero Dantas,2909,Paulo Afonso
2901601,33316,Antas,BA,2904,Nordeste Baiano,29015,Ribeira do Pombal,290027,Cícero Dantas,2909,Paulo Afonso
2911857,30970,Heliópolis,BA,2904,Nordeste Baiano,29015,Ribeira do Pombal,290027,Cícero Dantas,2909,Paulo Afonso
2923050,37621,Novo Triunfo,BA,2904,Nordeste Baiano,29015,Ribeira do Pombal,290028,Jeremoabo,2909,Paulo Afonso
2922730,37567,Nova Fátima,BA,2904,Nordeste Baiano,29016,Serrinha,290029,Feira de Santana,2910,Feira de Santana
2926301,38270,Riachão do Jacuípe,BA,2904,Nordeste Baiano,29016,Serrinha,290029,Feira de Santana,2910,Feira de Santana
2913309,35670,Ichu,BA,2904,Nordeste Baiano,29016,Serrinha,290029,Feira de Santana,2910,Feira de Santana
2919108,36838,Lamarão,BA,2904,Nordeste Baiano,29016,Serrinha,290029,Feira de Santana,2910,Feira de Santana
2906857,30813,Capela do Alto Alegre,BA,2904,Nordeste Baiano,29016,Serrinha,290029,Feira de Santana,2910,Feira de Santana
2906402,34274,Candeal,BA,2904,Nordeste Baiano,29016,Serrinha,290029,Feira de Santana,2910,Feira de Santana
2924058,39810,Pé de Serra,BA,2904,Nordeste Baiano,29016,Serrinha,290029,Feira de Santana,2910,Feira de Santana
2911253,30937,Gavião,BA,2904,Nordeste Baiano,29016,Serrinha,290029,Feira de Santana,2910,Feira de Santana
2926103,38237,Retirolândia,BA,2904,Nordeste Baiano,29016,Serrinha,290032,Conceição do Coité,2910,Feira de Santana
2928000,38610,Santaluz,BA,2904,Nordeste Baiano,29016,Serrinha,290032,Conceição do Coité,2910,Feira de Santana
2908408,34673,Conceição do Coité,BA,2904,Nordeste Baiano,29016,Serrinha,290032,Conceição do Coité,2910,Feira de Santana
2928950,38806,São Domingos,BA,2904,Nordeste Baiano,29016,Serrinha,290032,Conceição do Coité,2910,Feira de Santana
2933000,39594,Valente,BA,2904,Nordeste Baiano,29016,Serrinha,290032,Conceição do Coité,2910,Feira de Santana
2931509,39292,Teofilândia,BA,2904,Nordeste Baiano,29016,Serrinha,290033,Serrinha,2910,Feira de Santana
2903607,33715,Biritinga,BA,2904,Nordeste Baiano,29016,Serrinha,290033,Serrinha,2910,Feira de Santana
2930501,39098,Serrinha,BA,2904,Nordeste Baiano,29016,Serrinha,290033,Serrinha,2910,Feira de Santana
2903276,30775,Barrocas,BA,2904,Nordeste Baiano,29016,Serrinha,290033,Serrinha,2910,Feira de Santana
2902104,33413,Araci,BA,2904,Nordeste Baiano,29016,Serrinha,290033,Serrinha,2910,Feira de Santana
2900702,33138,Alagoinhas,BA,2904,Nordeste Baiano,29017,Alagoinhas,290002,Alagoinhas,2901,Salvador
2901908,33375,Aporá,BA,2904,Nordeste Baiano,29017,Alagoinhas,290002,Alagoinhas,2901,Salvador
2902203,33430,Aramari,BA,2904,Nordeste Baiano,29017,Alagoinhas,290002,Alagoinhas,2901,Salvador
2929701,38938,Sátiro Dias,BA,2904,Nordeste Baiano,29017,Alagoinhas,290002,Alagoinhas,2901,Salvador
2913705,35750,Inhambupe,BA,2904,Nordeste Baiano,29017,Alagoinhas,290002,Alagoinhas,2901,Salvador
2909604,34916,Crisópolis,BA,2904,Nordeste Baiano,29017,Alagoinhas,290002,Alagoinhas,2901,Salvador
2900306,33057,Acajutiba,BA,2904,Nordeste Baiano,29017,Alagoinhas,290002,Alagoinhas,2901,Salvador
2902054,33383,Araças,BA,2904,Nordeste Baiano,29017,Alagoinhas,290002,Alagoinhas,2901,Salvador
2927002,38415,Rio Real,BA,2904,Nordeste Baiano,29017,Alagoinhas,290002,Alagoinhas,2901,Salvador
2907004,34398,Cardeal da Silva,BA,2904,Nordeste Baiano,29018,Entre Rios,290002,Alagoinhas,2901,Salvador
2910503,35092,Entre Rios,BA,2904,Nordeste Baiano,29018,Entre Rios,290002,Alagoinhas,2901,Salvador
2917904,36595,Jandaíra,BA,2904,Nordeste Baiano,29018,Entre Rios,290002,Alagoinhas,2901,Salvador
2910602,35114,Esplanada,BA,2904,Nordeste Baiano,29018,Entre Rios,290002,Alagoinhas,2901,Salvador
2908606,34711,Conde,BA,2904,Nordeste Baiano,29018,Entre Rios,290002,Alagoinhas,2901,Salvador
2929503,38890,São Sebastião do Passé,BA,2905,Metropolitana de Salvador,29019,Catu,290001,Salvador,2901,Salvador
2925204,38059,Pojuca,BA,2905,Metropolitana de Salvador,29019,Catu,290001,Salvador,2901,Salvador
2931707,39330,Terra Nova,BA,2905,Metropolitana de Salvador,29019,Catu,290001,Salvador,2901,Salvador
2921005,37214,Mata de São João,BA,2905,Metropolitana de Salvador,29019,Catu,290001,Salvador,2901,Salvador
2915908,36196,Itanagra,BA,2905,Metropolitana de Salvador,29019,Catu,290001,Salvador,2901,Salvador
2907509,34495,Catu,BA,2905,Metropolitana de Salvador,29019,Catu,290001,Salvador,2901,Salvador
2901106,33219,Amélia Rodrigues,BA,2905,Metropolitana de Salvador,29019,Catu,290029,Feira de Santana,2910,Feira de Santana
2928604,38717,Santo Amaro,BA,2905,Metropolitana de Salvador,29020,Santo Antônio de Jesus,290001,Salvador,2901,Salvador
2929750,38946,Saubara,BA,2905,Metropolitana de Salvador,29020,Santo Antônio de Jesus,290001,Salvador,2901,Salvador
2910206,35033,Dom Macedo Costa,BA,2905,Metropolitana de Salvador,29020,Santo Antônio de Jesus,290003,Santo Antônio de Jesus,2902,Santo Antônio de Jesus
2922201,37451,Muniz Ferreira,BA,2905,Metropolitana de Salvador,29020,Santo Antônio de Jesus,290003,Santo Antônio de Jesus,2902,Santo Antônio de Jesus
2928703,38733,Santo Antônio de Jesus,BA,2905,Metropolitana de Salvador,29020,Santo Antônio de Jesus,290003,Santo Antônio de Jesus,2902,Santo Antônio de Jesus
2933174,39624,Varzedo,BA,2905,Metropolitana de Salvador,29020,Santo Antônio de Jesus,290003,Santo Antônio de Jesus,2902,Santo Antônio de Jesus
2922300,37478,Muritiba,BA,2905,Metropolitana de Salvador,29020,Santo Antônio de Jesus,290004,Cruz das Almas,2902,Santo Antônio de Jesus
2929602,38911,Sapeaçu,BA,2905,Metropolitana de Salvador,29020,Santo Antônio de Jesus,290004,Cruz das Almas,2902,Santo Antônio de Jesus
2909802,34959,Cruz das Almas,BA,2905,Metropolitana de Salvador,29020,Santo Antônio de Jesus,290004,Cruz das Almas,2902,Santo Antônio de Jesus
2929008,38792,São Félix,BA,2905,Metropolitana de Salvador,29020,Santo Antônio de Jesus,290004,Cruz das Almas,2902,Santo Antônio de Jesus
2929107,38814,São Felipe,BA,2905,Metropolitana de Salvador,29020,Santo Antônio de Jesus,290004,Cruz das Almas,2902,Santo Antônio de Jesus
2904902,33979,Cachoeira,BA,2905,Metropolitana de Salvador,29020,Santo Antônio de Jesus,290004,Cruz das Almas,2902,Santo Antônio de Jesus
2911600,35319,Governador Mangabeira,BA,2905,Metropolitana de Salvador,29020,Santo Antônio de Jesus,290004,Cruz das Almas,2902,Santo Antônio de Jesus
2908309,34657,Conceição do Almeida,BA,2905,Metropolitana de Salvador,29020,Santo Antônio de Jesus,290004,Cruz das Almas,2902,Santo Antônio de Jesus
2907301,34452,Castro Alves,BA,2905,Metropolitana de Salvador,29020,Santo Antônio de Jesus,290004,Cruz das Almas,2902,Santo Antônio de Jesus
2904852,33960,Cabaceiras do Paraguaçu,BA,2905,Metropolitana de Salvador,29020,Santo Antônio de Jesus,290004,Cruz das Almas,2902,Santo Antônio de Jesus
2902302,33456,Aratuípe,BA,2905,Metropolitana de Salvador,29020,Santo Antônio de Jesus,290006,Nazaré ¿ Maragogipe,2902,Santo Antônio de Jesus
2922508,37516,Nazaré,BA,2905,Metropolitana de Salvador,29020,Santo Antônio de Jesus,290006,Nazaré ¿ Maragogipe,2902,Santo Antônio de Jesus
2920601,37133,Maragogipe,BA,2905,Metropolitana de Salvador,29020,Santo Antônio de Jesus,290006,Nazaré ¿ Maragogipe,2902,Santo Antônio de Jesus
2927309,38474,Salinas da Margarida,BA,2905,Metropolitana de Salvador,29020,Santo Antônio de Jesus,290006,Nazaré ¿ Maragogipe,2902,Santo Antônio de Jesus
2917805,36579,Jaguaripe,BA,2905,Metropolitana de Salvador,29020,Santo Antônio de Jesus,290006,Nazaré ¿ Maragogipe,2902,Santo Antônio de Jesus
2919926,39748,Madre de Deus,BA,2905,Metropolitana de Salvador,29021,Salvador,290001,Salvador,2901,Salvador
2927408,38490,Salvador,BA,2905,Metropolitana de Salvador,29021,Salvador,290001,Salvador,2901,Salvador
2910057,30872,Dias d'Ávila,BA,2905,Metropolitana de Salvador,29021,Salvador,290001,Salvador,2901,Salvador
2905701,34134,Camaçari,BA,2905,Metropolitana de Salvador,29021,Salvador,290001,Salvador,2901,Salvador
2919207,36854,Lauro de Freitas,BA,2905,Metropolitana de Salvador,29021,Salvador,290001,Salvador,2901,Salvador
2906501,34290,Candeias,BA,2905,Metropolitana de Salvador,29021,Salvador,290001,Salvador,2901,Salvador
2930709,39136,Simões Filho,BA,2905,Metropolitana de Salvador,29021,Salvador,290001,Salvador,2901,Salvador
2929206,38830,São Francisco do Conde,BA,2905,Metropolitana de Salvador,29021,Salvador,290001,Salvador,2901,Salvador
2916104,36234,Itaparica,BA,2905,Metropolitana de Salvador,29021,Salvador,290006,Nazaré ¿ Maragogipe,2902,Santo Antônio de Jesus
2933208,39632,Vera Cruz,BA,2905,Metropolitana de Salvador,29021,Salvador,290006,Nazaré ¿ Maragogipe,2902,Santo Antônio de Jesus
2907558,34509,Caturama,BA,2906,Centro Sul Baiano,29022,Boquira,290013,Brumado,2904,Vitória da Conquista
2904209,33839,Botuporã,BA,2906,Centro Sul Baiano,29022,Boquira,290016,Guanambi,2905,Guanambi
2931053,39918,Tanque Novo,BA,2906,Centro Sul Baiano,29022,Boquira,290016,Guanambi,2905,Guanambi
2912509,35513,Ibipitanga,BA,2906,Centro Sul Baiano,29022,Boquira,290017,Bom Jesus da Lapa,2905,Guanambi
2919801,36978,Macaúbas,BA,2906,Centro Sul Baiano,29022,Boquira,290017,Bom Jesus da Lapa,2905,Guanambi
2904100,33812,Boquira,BA,2906,Centro Sul Baiano,29022,Boquira,290017,Bom Jesus da Lapa,2905,Guanambi
2904506,33898,Brotas de Macaúbas,BA,2906,Centro Sul Baiano,29022,Boquira,290021,Xique-Xique ¿ Barra,2907,Irecê
2923209,37656,Oliveira dos Brejinhos,BA,2906,Centro Sul Baiano,29022,Boquira,290021,Xique-Xique ¿ Barra,2907,Irecê
2914109,35831,Ipupiara,BA,2906,Centro Sul Baiano,29022,Boquira,290021,Xique-Xique ¿ Barra,2907,Irecê
2923035,39942,Novo Horizonte,BA,2906,Centro Sul Baiano,29022,Boquira,290034,Seabra,2910,Feira de Santana
2913002,35610,Ibitiara,BA,2906,Centro Sul Baiano,29022,Boquira,290034,Seabra,2910,Feira de Santana
2908804,34754,Contendas do Sincorá,BA,2906,Centro Sul Baiano,29023,Seabra,290011,Vitória da Conquista,2904,Vitória da Conquista
2902807,33553,Barra da Estiva,BA,2906,Centro Sul Baiano,29023,Seabra,290011,Vitória da Conquista,2904,Vitória da Conquista
2912202,35432,Ibicoara,BA,2906,Centro Sul Baiano,29023,Seabra,290011,Vitória da Conquista,2904,Vitória da Conquista
2926707,38350,Rio de Contas,BA,2906,Centro Sul Baiano,29023,Seabra,290013,Brumado,2904,Vitória da Conquista
2900108,33014,Abaíra,BA,2906,Centro Sul Baiano,29023,Seabra,290013,Brumado,2904,Vitória da Conquista
2918605,36730,Jussiape,BA,2906,Centro Sul Baiano,29023,Seabra,290013,Brumado,2904,Vitória da Conquista
2904050,33804,Bonito,BA,2906,Centro Sul Baiano,29023,Seabra,290020,Irecê,2907,Irecê
2915007,36013,Itaeté,BA,2906,Centro Sul Baiano,29023,Seabra,290031,Itaberaba,2910,Feira de Santana
2901304,33251,Andaraí,BA,2906,Centro Sul Baiano,29023,Seabra,290031,Itaberaba,2910,Feira de Santana
2922854,37583,Nova Redenção,BA,2906,Centro Sul Baiano,29023,Seabra,290031,Itaberaba,2910,Feira de Santana
2932804,39551,Utinga,BA,2906,Centro Sul Baiano,29023,Seabra,290031,Itaberaba,2910,Feira de Santana
2933406,39675,Wagner,BA,2906,Centro Sul Baiano,29023,Seabra,290031,Itaberaba,2910,Feira de Santana
2924306,37877,Piatã,BA,2906,Centro Sul Baiano,29023,Seabra,290034,Seabra,2910,Feira de Santana
2904001,33790,Boninal,BA,2906,Centro Sul Baiano,29023,Seabra,290034,Seabra,2910,Feira de Santana
2929909,38970,Seabra,BA,2906,Centro Sul Baiano,29023,Seabra,290034,Seabra,2910,Feira de Santana
2921906,37397,Mucugê,BA,2906,Centro Sul Baiano,29023,Seabra,290034,Seabra,2910,Feira de Santana
2919306,36870,Lençóis,BA,2906,Centro Sul Baiano,29023,Seabra,290034,Seabra,2910,Feira de Santana
2923506,37710,Palmeiras,BA,2906,Centro Sul Baiano,29023,Seabra,290034,Seabra,2910,Feira de Santana
2918803,36773,Laje,BA,2906,Centro Sul Baiano,29024,Jequié,290003,Santo Antônio de Jesus,2902,Santo Antônio de Jesus
2918209,36650,Jiquiriçá,BA,2906,Centro Sul Baiano,29024,Jequié,290003,Santo Antônio de Jesus,2902,Santo Antônio de Jesus
2922805,37575,Nova Itarana,BA,2906,Centro Sul Baiano,29024,Jequié,290003,Santo Antônio de Jesus,2902,Santo Antônio de Jesus
2922409,37494,Mutuípe,BA,2906,Centro Sul Baiano,29024,Jequié,290003,Santo Antônio de Jesus,2902,Santo Antônio de Jesus
2921302,37273,Milagres,BA,2906,Centro Sul Baiano,29024,Jequié,290003,Santo Antônio de Jesus,2902,Santo Antônio de Jesus
2904308,33855,Brejões,BA,2906,Centro Sul Baiano,29024,Jequié,290003,Santo Antônio de Jesus,2902,Santo Antônio de Jesus
2932101,39411,Ubaíra,BA,2906,Centro Sul Baiano,29024,Jequié,290003,Santo Antônio de Jesus,2902,Santo Antônio de Jesus
2901007,33197,Amargosa,BA,2906,Centro Sul Baiano,29024,Jequié,290003,Santo Antônio de Jesus,2902,Santo Antônio de Jesus
2929404,38873,São Miguel das Matas,BA,2906,Centro Sul Baiano,29024,Jequié,290003,Santo Antônio de Jesus,2902,Santo Antônio de Jesus
2914307,35874,Iramaia,BA,2906,Centro Sul Baiano,29024,Jequié,290011,Vitória da Conquista,2904,Vitória da Conquista
2901957,33405,Apuarema,BA,2906,Centro Sul Baiano,29024,Jequié,290012,Jequié,2904,Vitória da Conquista
2918308,36676,Jitaúna,BA,2906,Centro Sul Baiano,29024,Jequié,290012,Jequié,2904,Vitória da Conquista
2918001,36617,Jequié,BA,2906,Centro Sul Baiano,29024,Jequié,290012,Jequié,2904,Vitória da Conquista
2927903,38598,Santa Inês,BA,2906,Centro Sul Baiano,29024,Jequié,290012,Jequié,2904,Vitória da Conquista
2914208,35858,Irajuba,BA,2906,Centro Sul Baiano,29024,Jequié,290012,Jequié,2904,Vitória da Conquista
2918704,36757,Lafaiete Coutinho,BA,2906,Centro Sul Baiano,29024,Jequié,290012,Jequié,2904,Vitória da Conquista
2900603,33111,Aiquara,BA,2906,Centro Sul Baiano,29024,Jequié,290012,Jequié,2904,Vitória da Conquista
2915106,36030,Itagi,BA,2906,Centro Sul Baiano,29024,Jequié,290012,Jequié,2904,Vitória da Conquista
2920502,37117,Maracás,BA,2906,Centro Sul Baiano,29024,Jequié,290012,Jequié,2904,Vitória da Conquista
2924900,37990,Planaltino,BA,2906,Centro Sul Baiano,29024,Jequié,290012,Jequié,2904,Vitória da Conquista
2916708,36358,Itaquara,BA,2906,Centro Sul Baiano,29024,Jequié,290012,Jequié,2904,Vitória da Conquista
2917607,36536,Jaguaquara,BA,2906,Centro Sul Baiano,29024,Jequié,290012,Jequié,2904,Vitória da Conquista
2909505,34894,Cravolândia,BA,2906,Centro Sul Baiano,29024,Jequié,290012,Jequié,2904,Vitória da Conquista
2919058,36820,Lajedo do Tabocal,BA,2906,Centro Sul Baiano,29024,Jequié,290012,Jequié,2904,Vitória da Conquista
2916906,36390,Itiruçu,BA,2906,Centro Sul Baiano,29024,Jequié,290012,Jequié,2904,Vitória da Conquista
2920809,37176,Marcionílio Souza,BA,2906,Centro Sul Baiano,29024,Jequié,290031,Itaberaba,2910,Feira de Santana
2910107,35017,Dom Basílio,BA,2906,Centro Sul Baiano,29025,Livramento do Brumado,290013,Brumado,2904,Vitória da Conquista
2923605,37737,Paramirim,BA,2906,Centro Sul Baiano,29025,Livramento do Brumado,290013,Brumado,2904,Vitória da Conquista
2926905,38393,Rio do Pires,BA,2906,Centro Sul Baiano,29025,Livramento do Brumado,290013,Brumado,2904,Vitória da Conquista
2900504,33090,Érico Cardoso,BA,2906,Centro Sul Baiano,29025,Livramento do Brumado,290013,Brumado,2904,Vitória da Conquista
2919504,36919,Livramento de Nossa Senhora,BA,2906,Centro Sul Baiano,29025,Livramento do Brumado,290013,Brumado,2904,Vitória da Conquista
2905008,33995,Caculé,BA,2906,Centro Sul Baiano,29026,Guanambi,290016,Guanambi,2905,Guanambi
2905206,34037,Caetité,BA,2906,Centro Sul Baiano,29026,Guanambi,290016,Guanambi,2905,Guanambi
2921807,37370,Mortugaba,BA,2906,Centro Sul Baiano,29026,Guanambi,290016,Guanambi,2905,Guanambi
2923407,37699,Palmas de Monte Alto,BA,2906,Centro Sul Baiano,29026,Guanambi,290016,Guanambi,2905,Guanambi
2921054,37222,Matina,BA,2906,Centro Sul Baiano,29026,Guanambi,290016,Guanambi,2905,Guanambi
2920205,37052,Malhada,BA,2906,Centro Sul Baiano,29026,Guanambi,290016,Guanambi,2905,Guanambi
2917334,30660,Iuiú,BA,2906,Centro Sul Baiano,29026,Guanambi,290016,Guanambi,2905,Guanambi
2913408,35696,Igaporã,BA,2906,Centro Sul Baiano,29026,Guanambi,290016,Guanambi,2905,Guanambi
2911709,35335,Guanambi,BA,2906,Centro Sul Baiano,29026,Guanambi,290016,Guanambi,2905,Guanambi
2930006,38997,Sebastião Laranjeiras,BA,2906,Centro Sul Baiano,29026,Guanambi,290016,Guanambi,2905,Guanambi
2912004,35394,Ibiassucê,BA,2906,Centro Sul Baiano,29026,Guanambi,290016,Guanambi,2905,Guanambi
2919405,36897,Licínio de Almeida,BA,2906,Centro Sul Baiano,29026,Guanambi,290016,Guanambi,2905,Guanambi
2917409,36498,Jacaraci,BA,2906,Centro Sul Baiano,29026,Guanambi,290016,Guanambi,2905,Guanambi
2932606,39519,Urandi,BA,2906,Centro Sul Baiano,29026,Guanambi,290016,Guanambi,2905,Guanambi
2906600,34312,Candiba,BA,2906,Centro Sul Baiano,29026,Guanambi,290016,Guanambi,2905,Guanambi
2918753,36765,Lagoa Real,BA,2906,Centro Sul Baiano,29026,Guanambi,290016,Guanambi,2905,Guanambi
2924504,37915,Pindaí,BA,2906,Centro Sul Baiano,29026,Guanambi,290016,Guanambi,2905,Guanambi
2926400,38296,Riacho de Santana,BA,2906,Centro Sul Baiano,29026,Guanambi,290016,Guanambi,2905,Guanambi
2931004,39195,Tanhaçu,BA,2906,Centro Sul Baiano,29027,Brumado,290011,Vitória da Conquista,2904,Vitória da Conquista
2917201,36455,Ituaçu,BA,2906,Centro Sul Baiano,29027,Brumado,290011,Vitória da Conquista,2904,Vitória da Conquista
2925709,38156,Presidente Jânio Quadros,BA,2906,Centro Sul Baiano,29027,Brumado,290011,Vitória da Conquista,2904,Vitória da Conquista
2906899,34363,Caraíbas,BA,2906,Centro Sul Baiano,29027,Brumado,290011,Vitória da Conquista,2904,Vitória da Conquista
2919959,39756,Maetinga,BA,2906,Centro Sul Baiano,29027,Brumado,290011,Vitória da Conquista,2904,Vitória da Conquista
2908705,34738,Condeúba,BA,2906,Centro Sul Baiano,29027,Brumado,290011,Vitória da Conquista,2904,Vitória da Conquista
2924702,37958,Piripá,BA,2906,Centro Sul Baiano,29027,Brumado,290011,Vitória da Conquista,2904,Vitória da Conquista
2931806,39357,Tremedal,BA,2906,Centro Sul Baiano,29027,Brumado,290011,Vitória da Conquista,2904,Vitória da Conquista
2909000,34797,Cordeiros,BA,2906,Centro Sul Baiano,29027,Brumado,290011,Vitória da Conquista,2904,Vitória da Conquista
2920304,37079,Malhada de Pedras,BA,2906,Centro Sul Baiano,29027,Brumado,290013,Brumado,2904,Vitória da Conquista
2902005,33391,Aracatu,BA,2906,Centro Sul Baiano,29027,Brumado,290013,Brumado,2904,Vitória da Conquista
2904605,33910,Brumado,BA,2906,Centro Sul Baiano,29027,Brumado,290013,Brumado,2904,Vitória da Conquista
2926806,38377,Rio do Antônio,BA,2906,Centro Sul Baiano,29027,Brumado,290016,Guanambi,2905,Guanambi
2911659,30953,Guajeru,BA,2906,Centro Sul Baiano,29027,Brumado,290016,Guanambi,2905,Guanambi
2912301,35459,Ibicuí,BA,2906,Centro Sul Baiano,29028,Vitória da Conquista,290007,Ilhéus ¿ Itabuna,2903,Ilhéus ¿ Itabuna
2903706,33731,Boa Nova,BA,2906,Centro Sul Baiano,29028,Vitória da Conquista,290011,Vitória da Conquista,2904,Vitória da Conquista
2901205,33235,Anagé,BA,2906,Centro Sul Baiano,29028,Vitória da Conquista,290011,Vitória da Conquista,2904,Vitória da Conquista
2922706,37559,Nova Canaã,BA,2906,Centro Sul Baiano,29028,Vitória da Conquista,290011,Vitória da Conquista,2904,Vitória da Conquista
2903953,33782,Bom Jesus da Serra,BA,2906,Centro Sul Baiano,29028,Vitória da Conquista,290011,Vitória da Conquista,2904,Vitória da Conquista
2905156,34029,Caetanos,BA,2906,Centro Sul Baiano,29028,Vitória da Conquista,290011,Vitória da Conquista,2904,Vitória da Conquista
2904803,33952,Caatiba,BA,2906,Centro Sul Baiano,29028,Vitória da Conquista,290011,Vitória da Conquista,2904,Vitória da Conquista
2933307,39659,Vitória da Conquista,BA,2906,Centro Sul Baiano,29028,Vitória da Conquista,290011,Vitória da Conquista,2904,Vitória da Conquista
2921450,37303,Mirante,BA,2906,Centro Sul Baiano,29028,Vitória da Conquista,290011,Vitória da Conquista,2904,Vitória da Conquista
2925105,38032,Poções,BA,2906,Centro Sul Baiano,29028,Vitória da Conquista,290011,Vitória da Conquista,2904,Vitória da Conquista
2906709,34339,Cândido Sales,BA,2906,Centro Sul Baiano,29028,Vitória da Conquista,290011,Vitória da Conquista,2904,Vitória da Conquista
2913507,35718,Iguaí,BA,2906,Centro Sul Baiano,29028,Vitória da Conquista,290011,Vitória da Conquista,2904,Vitória da Conquista
2903508,33693,Belo Campo,BA,2906,Centro Sul Baiano,29028,Vitória da Conquista,290011,Vitória da Conquista,2904,Vitória da Conquista
2925006,38016,Planalto,BA,2906,Centro Sul Baiano,29028,Vitória da Conquista,290011,Vitória da Conquista,2904,Vitória da Conquista
2902906,33570,Barra do Choça,BA,2906,Centro Sul Baiano,29028,Vitória da Conquista,290011,Vitória da Conquista,2904,Vitória da Conquista
2920403,37095,Manoel Vitorino,BA,2906,Centro Sul Baiano,29028,Vitória da Conquista,290012,Jequié,2904,Vitória da Conquista
2910008,34991,Dário Meira,BA,2906,Centro Sul Baiano,29028,Vitória da Conquista,290014,Ipiaú,2904,Vitória da Conquista
2910404,35076,Encruzilhada,BA,2906,Centro Sul Baiano,29029,Itapetinga,290011,Vitória da Conquista,2904,Vitória da Conquista
2926657,38342,Ribeirão do Largo,BA,2906,Centro Sul Baiano,29029,Itapetinga,290011,Vitória da Conquista,2904,Vitória da Conquista
2915809,36170,Itambé,BA,2906,Centro Sul Baiano,29029,Itapetinga,290011,Vitória da Conquista,2904,Vitória da Conquista
2917102,36439,Itororó,BA,2906,Centro Sul Baiano,29029,Itapetinga,290015,Itapetinga,2904,Vitória da Conquista
2916401,36293,Itapetinga,BA,2906,Centro Sul Baiano,29029,Itapetinga,290015,Itapetinga,2904,Vitória da Conquista
2916807,36374,Itarantim,BA,2906,Centro Sul Baiano,29029,Itapetinga,290015,Itapetinga,2904,Vitória da Conquista
2920007,37010,Maiquinique,BA,2906,Centro Sul Baiano,29029,Itapetinga,290015,Itapetinga,2904,Vitória da Conquista
2925402,38091,Potiraguá,BA,2906,Centro Sul Baiano,29029,Itapetinga,290015,Itapetinga,2904,Vitória da Conquista
2919702,36951,Macarani,BA,2906,Centro Sul Baiano,29029,Itapetinga,290015,Itapetinga,2904,Vitória da Conquista
2917300,36471,Ituberá,BA,2907,Sul Baiano,29030,Valença,290005,Valença,2902,Santo Antônio de Jesus
2905800,34150,Camamu,BA,2907,Sul Baiano,29030,Valença,290005,Valença,2902,Santo Antônio de Jesus
2931202,39233,Taperoá,BA,2907,Sul Baiano,29030,Valença,290005,Valença,2902,Santo Antônio de Jesus
2905404,34070,Cairu,BA,2907,Sul Baiano,29030,Valença,290005,Valença,2902,Santo Antônio de Jesus
2922607,37532,Nilo Peçanha,BA,2907,Sul Baiano,29030,Valença,290005,Valença,2902,Santo Antônio de Jesus
2913457,35700,Igrapiúna,BA,2907,Sul Baiano,29030,Valença,290005,Valença,2902,Santo Antônio de Jesus
2932903,39578,Valença,BA,2907,Sul Baiano,29030,Valença,290005,Valença,2902,Santo Antônio de Jesus
2925758,38164,Presidente Tancredo Neves,BA,2907,Sul Baiano,29030,Valença,290005,Valença,2902,Santo Antônio de Jesus
2920700,37150,Maraú,BA,2907,Sul Baiano,29030,Valença,290007,Ilhéus ¿ Itabuna,2903,Ilhéus ¿ Itabuna
2924678,37940,Piraí do Norte,BA,2907,Sul Baiano,29030,Valença,290014,Ipiaú,2904,Vitória da Conquista
2929354,39926,São José da Vitória,BA,2907,Sul Baiano,29031,Ilhéus-Itabuna,290007,Ilhéus ¿ Itabuna,2903,Ilhéus ¿ Itabuna
2912103,35416,Ibicaraí,BA,2907,Sul Baiano,29031,Ilhéus-Itabuna,290007,Ilhéus ¿ Itabuna,2903,Ilhéus ¿ Itabuna
2932705,39535,Uruçuca,BA,2907,Sul Baiano,29031,Ilhéus-Itabuna,290007,Ilhéus ¿ Itabuna,2903,Ilhéus ¿ Itabuna
2900900,33170,Almadina,BA,2907,Sul Baiano,29031,Ilhéus-Itabuna,290007,Ilhéus ¿ Itabuna,2903,Ilhéus ¿ Itabuna
2914901,35998,Itacaré,BA,2907,Sul Baiano,29031,Ilhéus-Itabuna,290007,Ilhéus ¿ Itabuna,2903,Ilhéus ¿ Itabuna
2903300,33650,Barro Preto,BA,2907,Sul Baiano,29031,Ilhéus-Itabuna,290007,Ilhéus ¿ Itabuna,2903,Ilhéus ¿ Itabuna
2904704,33936,Buerarema,BA,2907,Sul Baiano,29031,Ilhéus-Itabuna,290007,Ilhéus ¿ Itabuna,2903,Ilhéus ¿ Itabuna
2913606,35734,Ilhéus,BA,2907,Sul Baiano,29031,Ilhéus-Itabuna,290007,Ilhéus ¿ Itabuna,2903,Ilhéus ¿ Itabuna
2912707,35556,Ibirapitanga,BA,2907,Sul Baiano,29031,Ilhéus-Itabuna,290007,Ilhéus ¿ Itabuna,2903,Ilhéus ¿ Itabuna
2902401,33472,Aurelino Leal,BA,2907,Sul Baiano,29031,Ilhéus-Itabuna,290007,Ilhéus ¿ Itabuna,2903,Ilhéus ¿ Itabuna
2916609,36331,Itapitanga,BA,2907,Sul Baiano,29031,Ilhéus-Itabuna,290007,Ilhéus ¿ Itabuna,2903,Ilhéus ¿ Itabuna
2914802,35971,Itabuna,BA,2907,Sul Baiano,29031,Ilhéus-Itabuna,290007,Ilhéus ¿ Itabuna,2903,Ilhéus ¿ Itabuna
2932200,39438,Ubaitaba,BA,2907,Sul Baiano,29031,Ilhéus-Itabuna,290007,Ilhéus ¿ Itabuna,2903,Ilhéus ¿ Itabuna
2915403,36099,Itaju do Colônia,BA,2907,Sul Baiano,29031,Ilhéus-Itabuna,290007,Ilhéus ¿ Itabuna,2903,Ilhéus ¿ Itabuna
2927804,38571,Santa Cruz da Vitória,BA,2907,Sul Baiano,29031,Ilhéus-Itabuna,290007,Ilhéus ¿ Itabuna,2903,Ilhéus ¿ Itabuna
2916203,36250,Itapé,BA,2907,Sul Baiano,29031,Ilhéus-Itabuna,290007,Ilhéus ¿ Itabuna,2903,Ilhéus ¿ Itabuna
2911006,35190,Floresta Azul,BA,2907,Sul Baiano,29031,Ilhéus-Itabuna,290007,Ilhéus ¿ Itabuna,2903,Ilhéus ¿ Itabuna
2910909,35173,Firmino Alves,BA,2907,Sul Baiano,29031,Ilhéus-Itabuna,290007,Ilhéus ¿ Itabuna,2903,Ilhéus ¿ Itabuna
2915502,36110,Itajuípe,BA,2907,Sul Baiano,29031,Ilhéus-Itabuna,290007,Ilhéus ¿ Itabuna,2903,Ilhéus ¿ Itabuna
2908002,34592,Coaraci,BA,2907,Sul Baiano,29031,Ilhéus-Itabuna,290007,Ilhéus ¿ Itabuna,2903,Ilhéus ¿ Itabuna
2903409,33677,Belmonte,BA,2907,Sul Baiano,29031,Ilhéus-Itabuna,290009,Eunápolis - Porto Seguro,2903,Ilhéus ¿ Itabuna
2916302,36277,Itapebi,BA,2907,Sul Baiano,29031,Ilhéus-Itabuna,290009,Eunápolis - Porto Seguro,2903,Ilhéus ¿ Itabuna
2918555,30694,Jussari,BA,2907,Sul Baiano,29031,Ilhéus-Itabuna,290010,Camacan,2903,Ilhéus ¿ Itabuna
2905602,34118,Camacan,BA,2907,Sul Baiano,29031,Ilhéus-Itabuna,290010,Camacan,2903,Ilhéus ¿ Itabuna
2928059,39870,Santa Luzia,BA,2907,Sul Baiano,29031,Ilhéus-Itabuna,290010,Camacan,2903,Ilhéus ¿ Itabuna
2932507,39497,Una,BA,2907,Sul Baiano,29031,Ilhéus-Itabuna,290010,Camacan,2903,Ilhéus ¿ Itabuna
2902252,30732,Arataca,BA,2907,Sul Baiano,29031,Ilhéus-Itabuna,290010,Camacan,2903,Ilhéus ¿ Itabuna
2906303,34258,Canavieiras,BA,2907,Sul Baiano,29031,Ilhéus-Itabuna,290010,Camacan,2903,Ilhéus ¿ Itabuna
2923902,37796,Pau Brasil,BA,2907,Sul Baiano,29031,Ilhéus-Itabuna,290010,Camacan,2903,Ilhéus ¿ Itabuna
2920908,37192,Mascote,BA,2907,Sul Baiano,29031,Ilhéus-Itabuna,290010,Camacan,2903,Ilhéus ¿ Itabuna
2931608,39314,Teolândia,BA,2907,Sul Baiano,29031,Ilhéus-Itabuna,290014,Ipiaú,2904,Vitória da Conquista
2913903,35793,Ipiaú,BA,2907,Sul Baiano,29031,Ilhéus-Itabuna,290014,Ipiaú,2904,Vitória da Conquista
2912905,35599,Ibirataia,BA,2907,Sul Baiano,29031,Ilhéus-Itabuna,290014,Ipiaú,2904,Vitória da Conquista
2915700,36153,Itamari,BA,2907,Sul Baiano,29031,Ilhéus-Itabuna,290014,Ipiaú,2904,Vitória da Conquista
2911501,35297,Gongogi,BA,2907,Sul Baiano,29031,Ilhéus-Itabuna,290014,Ipiaú,2904,Vitória da Conquista
2933505,39691,Wenceslau Guimarães,BA,2907,Sul Baiano,29031,Ilhéus-Itabuna,290014,Ipiaú,2904,Vitória da Conquista
2911204,35238,Gandu,BA,2907,Sul Baiano,29031,Ilhéus-Itabuna,290014,Ipiaú,2904,Vitória da Conquista
2915205,36056,Itagibá,BA,2907,Sul Baiano,29031,Ilhéus-Itabuna,290014,Ipiaú,2904,Vitória da Conquista
2922755,39969,Nova Ibiá,BA,2907,Sul Baiano,29031,Ilhéus-Itabuna,290014,Ipiaú,2904,Vitória da Conquista
2903102,33618,Barra do Rocha,BA,2907,Sul Baiano,29031,Ilhéus-Itabuna,290014,Ipiaú,2904,Vitória da Conquista
2932309,39454,Ubatã,BA,2907,Sul Baiano,29031,Ilhéus-Itabuna,290014,Ipiaú,2904,Vitória da Conquista
2912806,35572,Ibirapuã,BA,2907,Sul Baiano,29032,Porto Seguro,290008,Teixeira de Freitas,2903,Ilhéus ¿ Itabuna
2933257,39640,Vereda,BA,2907,Sul Baiano,29032,Porto Seguro,290008,Teixeira de Freitas,2903,Ilhéus ¿ Itabuna
2916005,36218,Itanhém,BA,2907,Sul Baiano,29032,Porto Seguro,290008,Teixeira de Freitas,2903,Ilhéus ¿ Itabuna
2918456,36706,Jucuruçu,BA,2907,Sul Baiano,29032,Porto Seguro,290008,Teixeira de Freitas,2903,Ilhéus ¿ Itabuna
2922003,37419,Mucuri,BA,2907,Sul Baiano,29032,Porto Seguro,290008,Teixeira de Freitas,2903,Ilhéus ¿ Itabuna
2918902,36790,Lajedão,BA,2907,Sul Baiano,29032,Porto Seguro,290008,Teixeira de Freitas,2903,Ilhéus ¿ Itabuna
2900801,33154,Alcobaça,BA,2907,Sul Baiano,29032,Porto Seguro,290008,Teixeira de Freitas,2903,Ilhéus ¿ Itabuna
2921104,37230,Medeiros Neto,BA,2907,Sul Baiano,29032,Porto Seguro,290008,Teixeira de Freitas,2903,Ilhéus ¿ Itabuna
2923001,37613,Nova Viçosa,BA,2907,Sul Baiano,29032,Porto Seguro,290008,Teixeira de Freitas,2903,Ilhéus ¿ Itabuna
2915601,36137,Itamaraju,BA,2907,Sul Baiano,29032,Porto Seguro,290008,Teixeira de Freitas,2903,Ilhéus ¿ Itabuna
2925501,38113,Prado,BA,2907,Sul Baiano,29032,Porto Seguro,290008,Teixeira de Freitas,2903,Ilhéus ¿ Itabuna
2906907,34371,Caravelas,BA,2907,Sul Baiano,29032,Porto Seguro,290008,Teixeira de Freitas,2903,Ilhéus ¿ Itabuna
2931350,39934,Teixeira de Freitas,BA,2907,Sul Baiano,29032,Porto Seguro,290008,Teixeira de Freitas,2903,Ilhéus ¿ Itabuna
2911808,35351,Guaratinga,BA,2907,Sul Baiano,29032,Porto Seguro,290009,Eunápolis - Porto Seguro,2903,Ilhéus ¿ Itabuna
2925303,38075,Porto Seguro,BA,2907,Sul Baiano,29032,Porto Seguro,290009,Eunápolis - Porto Seguro,2903,Ilhéus ¿ Itabuna
2914653,35947,Itabela,BA,2907,Sul Baiano,29032,Porto Seguro,290009,Eunápolis - Porto Seguro,2903,Ilhéus ¿ Itabuna
2927705,38555,Santa Cruz Cabrália,BA,2907,Sul Baiano,29032,Porto Seguro,290009,Eunápolis - Porto Seguro,2903,Ilhéus ¿ Itabuna
2910727,30058,Eunápolis,BA,2907,Sul Baiano,29032,Porto Seguro,290009,Eunápolis - Porto Seguro,2903,Ilhéus ¿ Itabuna
2915304,36072,Itagimirim,BA,2907,Sul Baiano,29032,Porto Seguro,290009,Eunápolis - Porto Seguro,2903,Ilhéus ¿ Itabuna
3104502,40894,Arinos,MG,3101,Noroeste de Minas,31001,Unaí,310063,Unaí,3112,Patos de Minas
3144375,41106,Natalândia,MG,3101,Noroeste de Minas,31001,Unaí,310063,Unaí,3112,Patos de Minas
3108206,41637,Bonfinópolis de Minas,MG,3101,Noroeste de Minas,31001,Unaí,310063,Unaí,3112,Patos de Minas
3122470,42048,Dom Bosco,MG,3101,Noroeste de Minas,31001,Unaí,310063,Unaí,3112,Patos de Minas
3109451,41785,Cabeceira Grande,MG,3101,Noroeste de Minas,31001,Unaí,310063,Unaí,3112,Patos de Minas
3126208,45233,Formoso,MG,3101,Noroeste de Minas,31001,Unaí,310063,Unaí,3112,Patos de Minas
3109303,41858,Buritis,MG,3101,Noroeste de Minas,31001,Unaí,310063,Unaí,3112,Patos de Minas
3170404,54070,Unaí,MG,3101,Noroeste de Minas,31001,Unaí,310063,Unaí,3112,Patos de Minas
3170479,42463,Uruana de Minas,MG,3101,Noroeste de Minas,31001,Unaí,310063,Unaí,3112,Patos de Minas
3137106,47414,Lagamar,MG,3101,Noroeste de Minas,31002,Paracatu,310062,Patos de Minas,3112,Patos de Minas
3137536,40347,Lagoa Grande,MG,3101,Noroeste de Minas,31002,Paracatu,310062,Patos de Minas,3112,Patos de Minas
3153400,50679,Presidente Olegário,MG,3101,Noroeste de Minas,31002,Paracatu,310062,Patos de Minas,3112,Patos de Minas
3136306,47252,João Pinheiro,MG,3101,Noroeste de Minas,31002,Paracatu,310062,Patos de Minas,3112,Patos de Minas
3161700,52337,São Gonçalo do Abaeté,MG,3101,Noroeste de Minas,31002,Paracatu,310062,Patos de Minas,3112,Patos de Minas
3147006,49395,Paracatu,MG,3101,Noroeste de Minas,31002,Paracatu,310062,Patos de Minas,3112,Patos de Minas
3171006,54194,Vazante,MG,3101,Noroeste de Minas,31002,Paracatu,310062,Patos de Minas,3112,Patos de Minas
3108552,40045,Brasilândia de Minas,MG,3101,Noroeste de Minas,31002,Paracatu,310062,Patos de Minas,3112,Patos de Minas
3128600,45713,Guarda-Mor,MG,3101,Noroeste de Minas,31002,Paracatu,310062,Patos de Minas,3112,Patos de Minas
3170750,42501,Varjão de Minas,MG,3101,Noroeste de Minas,31002,Paracatu,310062,Patos de Minas,3112,Patos de Minas
3140852,40444,Matias Cardoso,MG,3102,Norte de Minas,31003,Januária,310007,Janaúba,3102,Montes Claros
3142254,41068,Miravânia,MG,3102,Norte de Minas,31003,Januária,310007,Janaúba,3102,Montes Claros
3139300,47856,Manga,MG,3102,Norte de Minas,31003,Januária,310007,Janaúba,3102,Montes Claros
3108255,41742,Bonito de Minas,MG,3102,Norte de Minas,31003,Januária,310009,Januária,3102,Montes Claros
3162450,41602,São João das Missões,MG,3102,Norte de Minas,31003,Januária,310009,Januária,3102,Montes Claros
3136959,40940,Juvenília,MG,3102,Norte de Minas,31003,Januária,310009,Januária,3102,Montes Claros
3135209,47031,Januária,MG,3102,Norte de Minas,31003,Januária,310009,Januária,3102,Montes Claros
3117836,41904,Cônego Marinho,MG,3102,Norte de Minas,31003,Januária,310009,Januária,3102,Montes Claros
3132107,46418,Itacarambi,MG,3102,Norte de Minas,31003,Januária,310009,Januária,3102,Montes Claros
3149150,40541,Pedras de Maria da Cruz,MG,3102,Norte de Minas,31003,Januária,310009,Januária,3102,Montes Claros
3142700,48534,Montalvânia,MG,3102,Norte de Minas,31003,Januária,310009,Januária,3102,Montes Claros
3161106,52213,São Francisco,MG,3102,Norte de Minas,31003,Januária,310011,São Francisco,3102,Montes Claros
3130051,40240,Icaraí de Minas,MG,3102,Norte de Minas,31003,Januária,310011,São Francisco,3102,Montes Claros
3150570,41386,Pintópolis,MG,3102,Norte de Minas,31003,Januária,310011,São Francisco,3102,Montes Claros
3116159,41882,Chapada Gaúcha,MG,3102,Norte de Minas,31003,Januária,310011,São Francisco,3102,Montes Claros
3170529,40886,Urucuia,MG,3102,Norte de Minas,31003,Januária,310063,Unaí,3112,Patos de Minas
3152204,50431,Porteirinha,MG,3102,Norte de Minas,31004,Janaúba,310007,Janaúba,3102,Montes Claros
3145059,41165,Nova Porteirinha,MG,3102,Norte de Minas,31004,Janaúba,310007,Janaúba,3102,Montes Claros
3135100,47015,Janaúba,MG,3102,Norte de Minas,31004,Janaúba,310007,Janaúba,3102,Montes Claros
3154507,50890,Riacho dos Machados,MG,3102,Norte de Minas,31004,Janaúba,310007,Janaúba,3102,Montes Claros
3135050,40282,Jaíba,MG,3102,Norte de Minas,31004,Janaúba,310007,Janaúba,3102,Montes Claros
3166956,42382,Serranópolis de Minas,MG,3102,Norte de Minas,31004,Janaúba,310007,Janaúba,3102,Montes Claros
3146552,41289,Pai Pedro,MG,3102,Norte de Minas,31004,Janaúba,310007,Janaúba,3102,Montes Claros
3141009,48194,Mato Verde,MG,3102,Norte de Minas,31004,Janaúba,310012,Espinosa,3102,Montes Claros
3139250,40401,Mamonas,MG,3102,Norte de Minas,31004,Janaúba,310012,Espinosa,3102,Montes Claros
3115474,41866,Catuti,MG,3102,Norte de Minas,31004,Janaúba,310012,Espinosa,3102,Montes Claros
3142908,48577,Monte Azul,MG,3102,Norte de Minas,31004,Janaúba,310012,Espinosa,3102,Montes Claros
3124302,44857,Espinosa,MG,3102,Norte de Minas,31004,Janaúba,310012,Espinosa,3102,Montes Claros
3127339,42102,Gameleiras,MG,3102,Norte de Minas,31004,Janaúba,310012,Espinosa,3102,Montes Claros
3157377,41483,Santa Cruz de Salinas,MG,3102,Norte de Minas,31005,Salinas,310008,Salinas,3102,Montes Claros
3106655,41726,Berizal,MG,3102,Norte de Minas,31005,Salinas,310008,Salinas,3102,Montes Claros
3145372,41181,Novorizonte,MG,3102,Norte de Minas,31005,Salinas,310008,Salinas,3102,Montes Claros
3156502,51292,Rubelita,MG,3102,Norte de Minas,31005,Salinas,310008,Salinas,3102,Montes Claros
3168002,53597,Taiobeiras,MG,3102,Norte de Minas,31005,Salinas,310008,Salinas,3102,Montes Claros
3155603,51110,Rio Pardo de Minas,MG,3102,Norte de Minas,31005,Salinas,310008,Salinas,3102,Montes Claros
3127073,42080,Fruta de Leite,MG,3102,Norte de Minas,31005,Salinas,310008,Salinas,3102,Montes Claros
3120870,42005,Curral de Dentro,MG,3102,Norte de Minas,31005,Salinas,310008,Salinas,3102,Montes Claros
3157005,51390,Salinas,MG,3102,Norte de Minas,31005,Salinas,310008,Salinas,3102,Montes Claros
3144656,41122,Ninheira,MG,3102,Norte de Minas,31005,Salinas,310008,Salinas,3102,Montes Claros
3162708,52531,São João do Paraíso,MG,3102,Norte de Minas,31005,Salinas,310008,Salinas,3102,Montes Claros
3170651,42480,Vargem Grande do Rio Pardo,MG,3102,Norte de Minas,31005,Salinas,310008,Salinas,3102,Montes Claros
3130655,42242,Indaiabira,MG,3102,Norte de Minas,31005,Salinas,310008,Salinas,3102,Montes Claros
3160454,41521,Santo Antônio do Retiro,MG,3102,Norte de Minas,31005,Salinas,310012,Espinosa,3102,Montes Claros
3143450,40460,Montezuma,MG,3102,Norte de Minas,31005,Salinas,310012,Espinosa,3102,Montes Claros
3122355,40126,Divisa Alegre,MG,3102,Norte de Minas,31005,Salinas,310018,Pedra Azul,3103,Teófilo Otoni
3101003,40193,Águas Vermelhas,MG,3102,Norte de Minas,31005,Salinas,310018,Pedra Azul,3103,Teófilo Otoni
3135605,47112,Jequitaí,MG,3102,Norte de Minas,31006,Pirapora,310006,Montes Claros,3102,Montes Claros
3137304,47457,Lagoa dos Patos,MG,3102,Norte de Minas,31006,Pirapora,310006,Montes Claros,3102,Montes Claros
3138104,47619,Lassance,MG,3102,Norte de Minas,31006,Pirapora,310010,Pirapora,3102,Montes Claros
3151206,50237,Pirapora,MG,3102,Norte de Minas,31006,Pirapora,310010,Pirapora,3102,Montes Claros
3129608,45918,Ibiaí,MG,3102,Norte de Minas,31006,Pirapora,310010,Pirapora,3102,Montes Claros
3157609,51519,Santa Fé de Minas,MG,3102,Norte de Minas,31006,Pirapora,310010,Pirapora,3102,Montes Claros
3109402,41874,Buritizeiro,MG,3102,Norte de Minas,31006,Pirapora,310010,Pirapora,3102,Montes Claros
3170800,54151,Várzea da Palma,MG,3102,Norte de Minas,31006,Pirapora,310010,Pirapora,3102,Montes Claros
3164209,52833,São Romão,MG,3102,Norte de Minas,31006,Pirapora,310011,São Francisco,3102,Montes Claros
3154457,40606,Riachinho,MG,3102,Norte de Minas,31006,Pirapora,310063,Unaí,3112,Patos de Minas
3129657,42200,Ibiracatu,MG,3102,Norte de Minas,31007,Montes Claros,310006,Montes Claros,3102,Montes Claros
3138682,41009,Luislândia,MG,3102,Norte de Minas,31007,Montes Claros,310006,Montes Claros,3102,Montes Claros
3147956,41300,Patis,MG,3102,Norte de Minas,31007,Montes Claros,310006,Montes Claros,3102,Montes Claros
3111150,41807,Campo Azul,MG,3102,Norte de Minas,31007,Montes Claros,310006,Montes Claros,3102,Montes Claros
3118809,43753,Coração de Jesus,MG,3102,Norte de Minas,31007,Montes Claros,310006,Montes Claros,3102,Montes Claros
3112703,42536,Capitão Enéas,MG,3102,Norte de Minas,31007,Montes Claros,310006,Montes Claros,3102,Montes Claros
3162252,40703,São João da Lagoa,MG,3102,Norte de Minas,31007,Montes Claros,310006,Montes Claros,3102,Montes Claros
3127354,42129,Glaucilândia,MG,3102,Norte de Minas,31007,Montes Claros,310006,Montes Claros,3102,Montes Claros
3135357,42269,Japonvar,MG,3102,Norte de Minas,31007,Montes Claros,310006,Montes Claros,3102,Montes Claros
3138658,40380,Lontra,MG,3102,Norte de Minas,31007,Montes Claros,310006,Montes Claros,3102,Montes Claros
3142007,48399,Mirabela,MG,3102,Norte de Minas,31007,Montes Claros,310006,Montes Claros,3102,Montes Claros
3108602,41718,Brasília de Minas,MG,3102,Norte de Minas,31007,Montes Claros,310006,Montes Claros,3102,Montes Claros
3116506,43290,Claro dos Poções,MG,3102,Norte de Minas,31007,Montes Claros,310006,Montes Claros,3102,Montes Claros
3162401,52477,São João da Ponte,MG,3102,Norte de Minas,31007,Montes Claros,310006,Montes Claros,3102,Montes Claros
3136801,47350,Juramento,MG,3102,Norte de Minas,31007,Montes Claros,310006,Montes Claros,3102,Montes Claros
3170909,54178,Varzelândia,MG,3102,Norte de Minas,31007,Montes Claros,310006,Montes Claros,3102,Montes Claros
3162658,40762,São João do Pacuí,MG,3102,Norte de Minas,31007,Montes Claros,310006,Montes Claros,3102,Montes Claros
3126703,45330,Francisco Sá,MG,3102,Norte de Minas,31007,Montes Claros,310006,Montes Claros,3102,Montes Claros
3143302,48658,Montes Claros,MG,3102,Norte de Minas,31007,Montes Claros,310006,Montes Claros,3102,Montes Claros
3171030,42528,Verdelândia,MG,3102,Norte de Minas,31007,Montes Claros,310007,Janaúba,3102,Montes Claros
3152131,41408,Ponto Chique,MG,3102,Norte de Minas,31007,Montes Claros,310010,Pirapora,3102,Montes Claros
3170008,53996,Ubaí,MG,3102,Norte de Minas,31007,Montes Claros,310011,São Francisco,3102,Montes Claros
3108503,41696,Botumirim,MG,3102,Norte de Minas,31008,Grão Mogol,310006,Montes Claros,3102,Montes Claros
3127800,45551,Grão Mogol,MG,3102,Norte de Minas,31008,Grão Mogol,310006,Montes Claros,3102,Montes Claros
3120300,44059,Cristália,MG,3102,Norte de Minas,31008,Grão Mogol,310006,Montes Claros,3102,Montes Claros
3132008,46396,Itacambira,MG,3102,Norte de Minas,31008,Grão Mogol,310006,Montes Claros,3102,Montes Claros
3136579,40924,Josenópolis,MG,3102,Norte de Minas,31008,Grão Mogol,310006,Montes Claros,3102,Montes Claros
3146255,41262,Padre Carvalho,MG,3102,Norte de Minas,31008,Grão Mogol,310008,Salinas,3102,Montes Claros
3123809,44750,Engenheiro Navarro,MG,3102,Norte de Minas,31009,Bocaiúva,310006,Montes Claros,3102,Montes Claros
3107307,41459,Bocaiúva,MG,3102,Norte de Minas,31009,Bocaiúva,310006,Montes Claros,3102,Montes Claros
3145455,41203,Olhos-d'Água,MG,3102,Norte de Minas,31009,Bocaiúva,310006,Montes Claros,3102,Montes Claros
3128253,42188,Guaraciama,MG,3102,Norte de Minas,31009,Bocaiúva,310006,Montes Claros,3102,Montes Claros
3126604,45314,Francisco Dumont,MG,3102,Norte de Minas,31009,Bocaiúva,310006,Montes Claros,3102,Montes Claros
3153301,50652,Presidente Kubitschek,MG,3103,Jequitinhonha,31010,Diamantina,310016,Diamantina,3103,Teófilo Otoni
3125408,45071,Felício dos Santos,MG,3103,Jequitinhonha,31010,Diamantina,310016,Diamantina,3103,Teófilo Otoni
3125507,45098,São Gonçalo do Rio Preto,MG,3103,Jequitinhonha,31010,Diamantina,310016,Diamantina,3103,Teófilo Otoni
3121605,44318,Diamantina,MG,3103,Jequitinhonha,31010,Diamantina,310016,Diamantina,3103,Teófilo Otoni
3127602,45519,Gouveia,MG,3103,Jequitinhonha,31010,Diamantina,310016,Diamantina,3103,Teófilo Otoni
3165909,53171,Senador Modestino Gonçalves,MG,3103,Jequitinhonha,31010,Diamantina,310016,Diamantina,3103,Teófilo Otoni
3121001,44199,Datas,MG,3103,Jequitinhonha,31010,Diamantina,310016,Diamantina,3103,Teófilo Otoni
3120102,44016,Couto de Magalhães de Minas,MG,3103,Jequitinhonha,31010,Diamantina,310016,Diamantina,3103,Teófilo Otoni
3112307,42455,Capelinha,MG,3103,Jequitinhonha,31011,Capelinha,310014,Capelinha,3103,Teófilo Otoni
3102852,41688,Angelândia,MG,3103,Jequitinhonha,31011,Capelinha,310014,Capelinha,3103,Teófilo Otoni
3169703,53937,Turmalina,MG,3103,Jequitinhonha,31011,Capelinha,310014,Capelinha,3103,Teófilo Otoni
3138351,40967,Leme do Prado,MG,3103,Jequitinhonha,31011,Capelinha,310014,Capelinha,3103,Teófilo Otoni
3116100,43214,Chapada do Norte,MG,3103,Jequitinhonha,31011,Capelinha,310014,Capelinha,3103,Teófilo Otoni
3171071,42544,Veredinha,MG,3103,Jequitinhonha,31011,Capelinha,310014,Capelinha,3103,Teófilo Otoni
3104452,41700,Aricanduva,MG,3103,Jequitinhonha,31011,Capelinha,310014,Capelinha,3103,Teófilo Otoni
3132503,46493,Itamarandiba,MG,3103,Jequitinhonha,31011,Capelinha,310014,Capelinha,3103,Teófilo Otoni
3141801,48356,Minas Novas,MG,3103,Jequitinhonha,31011,Capelinha,310014,Capelinha,3103,Teófilo Otoni
3113503,42692,Carbonita,MG,3103,Jequitinhonha,31011,Capelinha,310016,Diamantina,3103,Teófilo Otoni
3106507,41297,Berilo,MG,3103,Jequitinhonha,31011,Capelinha,310017,Araçuaí,3103,Teófilo Otoni
3136520,42307,José Gonçalves de Minas,MG,3103,Jequitinhonha,31011,Capelinha,310017,Araçuaí,3103,Teófilo Otoni
3135456,42285,Jenipapo de Minas,MG,3103,Jequitinhonha,31011,Capelinha,310017,Araçuaí,3103,Teófilo Otoni
3126505,45292,Francisco Badaró,MG,3103,Jequitinhonha,31011,Capelinha,310017,Araçuaí,3103,Teófilo Otoni
3146305,49255,Padre Paraíso,MG,3103,Jequitinhonha,31012,Araçuaí,310013,Teófilo Otoni,3103,Teófilo Otoni
3113008,42595,Caraí,MG,3103,Jequitinhonha,31012,Araçuaí,310013,Teófilo Otoni,3103,Teófilo Otoni
3145307,49050,Novo Cruzeiro,MG,3103,Jequitinhonha,31012,Araçuaí,310013,Teófilo Otoni,3103,Teófilo Otoni
3152170,40584,Ponto dos Volantes,MG,3103,Jequitinhonha,31012,Araçuaí,310013,Teófilo Otoni,3103,Teófilo Otoni
3171600,54330,Virgem da Lapa,MG,3103,Jequitinhonha,31012,Araçuaí,310017,Araçuaí,3103,Teófilo Otoni
3103405,40673,Araçuaí,MG,3103,Jequitinhonha,31012,Araçuaí,310017,Araçuaí,3103,Teófilo Otoni
3134004,46795,Itinga,MG,3103,Jequitinhonha,31012,Araçuaí,310017,Araçuaí,3103,Teófilo Otoni
3119500,43893,Coronel Murta,MG,3103,Jequitinhonha,31012,Araçuaí,310017,Araçuaí,3103,Teófilo Otoni
3133303,46655,Itaobim,MG,3103,Jequitinhonha,31013,Pedra Azul,310013,Teófilo Otoni,3103,Teófilo Otoni
3141405,48275,Medina,MG,3103,Jequitinhonha,31013,Pedra Azul,310018,Pedra Azul,3103,Teófilo Otoni
3117009,43397,Comercinho,MG,3103,Jequitinhonha,31013,Pedra Azul,310018,Pedra Azul,3103,Teófilo Otoni
3148707,49735,Pedra Azul,MG,3103,Jequitinhonha,31013,Pedra Azul,310018,Pedra Azul,3103,Teófilo Otoni
3102704,40533,Cachoeira de Pajeú,MG,3103,Jequitinhonha,31013,Pedra Azul,310018,Pedra Azul,3103,Teófilo Otoni
3143153,41084,Monte Formoso,MG,3103,Jequitinhonha,31014,Almenara,310013,Teófilo Otoni,3103,Teófilo Otoni
3101706,40339,Almenara,MG,3103,Jequitinhonha,31014,Almenara,310015,Almenara,3103,Teófilo Otoni
3135803,47155,Jequitinhonha,MG,3103,Jequitinhonha,31014,Almenara,310015,Almenara,3103,Teófilo Otoni
3105202,41033,Bandeira,MG,3103,Jequitinhonha,31014,Almenara,310015,Almenara,3103,Teófilo Otoni
3140555,40428,Mata Verde,MG,3103,Jequitinhonha,31014,Almenara,310015,Almenara,3103,Teófilo Otoni
3160306,52051,Santo Antônio do Jacinto,MG,3103,Jequitinhonha,31014,Almenara,310015,Almenara,3103,Teófilo Otoni
3125606,45110,Felisburgo,MG,3103,Jequitinhonha,31014,Almenara,310015,Almenara,3103,Teófilo Otoni
3146750,40525,Palmópolis,MG,3103,Jequitinhonha,31014,Almenara,310015,Almenara,3103,Teófilo Otoni
3136504,47295,Jordânia,MG,3103,Jequitinhonha,31014,Almenara,310015,Almenara,3103,Teófilo Otoni
3157104,51411,Salto da Divisa,MG,3103,Jequitinhonha,31014,Almenara,310015,Almenara,3103,Teófilo Otoni
3136009,47198,Joaíma,MG,3103,Jequitinhonha,31014,Almenara,310015,Almenara,3103,Teófilo Otoni
3155108,51012,Rio do Prado,MG,3103,Jequitinhonha,31014,Almenara,310015,Almenara,3103,Teófilo Otoni
3156601,51314,Rubim,MG,3103,Jequitinhonha,31014,Almenara,310015,Almenara,3103,Teófilo Otoni
3158102,51616,Santa Maria do Salto,MG,3103,Jequitinhonha,31014,Almenara,310015,Almenara,3103,Teófilo Otoni
3134707,46930,Jacinto,MG,3103,Jequitinhonha,31014,Almenara,310015,Almenara,3103,Teófilo Otoni
3122454,40142,Divisópolis,MG,3103,Jequitinhonha,31014,Almenara,310018,Pedra Azul,3103,Teófilo Otoni
3132305,46450,Itaipé,MG,3104,Vale do Mucuri,31015,Teófilo Otoni,310013,Teófilo Otoni,3103,Teófilo Otoni
3126752,40223,Franciscópolis,MG,3104,Vale do Mucuri,31015,Teófilo Otoni,310013,Teófilo Otoni,3103,Teófilo Otoni
3139201,47830,Malacacheta,MG,3104,Vale do Mucuri,31015,Teófilo Otoni,310013,Teófilo Otoni,3103,Teófilo Otoni
3152402,50474,Poté,MG,3104,Vale do Mucuri,31015,Teófilo Otoni,310013,Teófilo Otoni,3103,Teófilo Otoni
3137007,47392,Ladainha,MG,3104,Vale do Mucuri,31015,Teófilo Otoni,310013,Teófilo Otoni,3103,Teófilo Otoni
3146206,49239,Ouro Verde de Minas,MG,3104,Vale do Mucuri,31015,Teófilo Otoni,310013,Teófilo Otoni,3103,Teófilo Otoni
3104700,40932,Ataléia,MG,3104,Vale do Mucuri,31015,Teófilo Otoni,310013,Teófilo Otoni,3103,Teófilo Otoni
3165552,42404,Setubinha,MG,3104,Vale do Mucuri,31015,Teófilo Otoni,310013,Teófilo Otoni,3103,Teófilo Otoni
3145356,40509,Novo Oriente de Minas,MG,3104,Vale do Mucuri,31015,Teófilo Otoni,310013,Teófilo Otoni,3103,Teófilo Otoni
3168606,53716,Teófilo Otoni,MG,3104,Vale do Mucuri,31015,Teófilo Otoni,310013,Teófilo Otoni,3103,Teófilo Otoni
3148509,49697,Pavão,MG,3104,Vale do Mucuri,31015,Teófilo Otoni,310013,Teófilo Otoni,3103,Teófilo Otoni
3126802,45357,Frei Gaspar,MG,3104,Vale do Mucuri,31015,Teófilo Otoni,310013,Teófilo Otoni,3103,Teófilo Otoni
3115458,40100,Catuji,MG,3104,Vale do Mucuri,31015,Teófilo Otoni,310013,Teófilo Otoni,3103,Teófilo Otoni
3144300,48852,Nanuque,MG,3104,Vale do Mucuri,31016,Nanuque,310013,Teófilo Otoni,3103,Teófilo Otoni
3166709,53333,Serra dos Aimorés,MG,3104,Vale do Mucuri,31016,Nanuque,310013,Teófilo Otoni,3103,Teófilo Otoni
3113701,42730,Carlos Chagas,MG,3104,Vale do Mucuri,31016,Nanuque,310013,Teófilo Otoni,3103,Teófilo Otoni
3157658,41505,Santa Helena de Minas,MG,3104,Vale do Mucuri,31016,Nanuque,310019,Águas Formosas,3103,Teófilo Otoni
3127057,49352,Fronteira dos Vales,MG,3104,Vale do Mucuri,31016,Nanuque,310019,Águas Formosas,3103,Teófilo Otoni
3138906,47775,Machacalis,MG,3104,Vale do Mucuri,31016,Nanuque,310019,Águas Formosas,3103,Teófilo Otoni
3106606,41319,Bertópolis,MG,3104,Vale do Mucuri,31016,Nanuque,310019,Águas Formosas,3103,Teófilo Otoni
3100906,40177,Águas Formosas,MG,3104,Vale do Mucuri,31016,Nanuque,310019,Águas Formosas,3103,Teófilo Otoni
3120151,41963,Crisólita,MG,3104,Vale do Mucuri,31016,Nanuque,310019,Águas Formosas,3103,Teófilo Otoni
3170305,54054,Umburatiba,MG,3104,Vale do Mucuri,31016,Nanuque,310019,Águas Formosas,3103,Teófilo Otoni
3112604,42510,Capinópolis,MG,3105,Triângulo Mineiro/Alto Paranaíba,31017,Ituiutaba,310060,Ituiutaba,3111,Uberlândia
3159803,51950,Santa Vitória,MG,3105,Triângulo Mineiro/Alto Paranaíba,31017,Ituiutaba,310060,Ituiutaba,3111,Uberlândia
3129103,45810,Gurinhatã,MG,3105,Triângulo Mineiro/Alto Paranaíba,31017,Ituiutaba,310060,Ituiutaba,3111,Uberlândia
3134202,46833,Ituiutaba,MG,3105,Triângulo Mineiro/Alto Paranaíba,31017,Ituiutaba,310060,Ituiutaba,3111,Uberlândia
3109808,41955,Cachoeira Dourada,MG,3105,Triângulo Mineiro/Alto Paranaíba,31017,Ituiutaba,310060,Ituiutaba,3111,Uberlândia
3131406,46272,Ipiaçu,MG,3105,Triângulo Mineiro/Alto Paranaíba,31017,Ituiutaba,310060,Ituiutaba,3111,Uberlândia
3115003,42994,Cascalho Rico,MG,3105,Triângulo Mineiro/Alto Paranaíba,31018,Uberlândia,310059,Uberlândia,3111,Uberlândia
3103751,40029,Araporã,MG,3105,Triângulo Mineiro/Alto Paranaíba,31018,Uberlândia,310059,Uberlândia,3111,Uberlândia
3142809,48550,Monte Alegre de Minas,MG,3105,Triângulo Mineiro/Alto Paranaíba,31018,Uberlândia,310059,Uberlândia,3111,Uberlândia
3115805,43150,Centralina,MG,3105,Triângulo Mineiro/Alto Paranaíba,31018,Uberlândia,310059,Uberlândia,3111,Uberlândia
3170206,54038,Uberlândia,MG,3105,Triângulo Mineiro/Alto Paranaíba,31018,Uberlândia,310059,Uberlândia,3111,Uberlândia
3111804,42358,Canápolis,MG,3105,Triângulo Mineiro/Alto Paranaíba,31018,Uberlândia,310059,Uberlândia,3111,Uberlândia
3152808,50555,Prata,MG,3105,Triângulo Mineiro/Alto Paranaíba,31018,Uberlândia,310059,Uberlândia,3111,Uberlândia
3169604,53910,Tupaciguara,MG,3105,Triângulo Mineiro/Alto Paranaíba,31018,Uberlândia,310059,Uberlândia,3111,Uberlândia
3103504,40690,Araguari,MG,3105,Triângulo Mineiro/Alto Paranaíba,31018,Uberlândia,310059,Uberlândia,3111,Uberlândia
3130705,46132,Indianópolis,MG,3105,Triângulo Mineiro/Alto Paranaíba,31018,Uberlândia,310059,Uberlândia,3111,Uberlândia
3124807,44954,Estrela do Sul,MG,3105,Triângulo Mineiro/Alto Paranaíba,31019,Patrocínio,310061,Monte Carmelo,3111,Uberlândia
3123502,44695,Douradoquara,MG,3105,Triângulo Mineiro/Alto Paranaíba,31019,Patrocínio,310061,Monte Carmelo,3111,Uberlândia
3131604,46310,Iraí de Minas,MG,3105,Triângulo Mineiro/Alto Paranaíba,31019,Patrocínio,310061,Monte Carmelo,3111,Uberlândia
3127909,45578,Grupiara,MG,3105,Triângulo Mineiro/Alto Paranaíba,31019,Patrocínio,310061,Monte Carmelo,3111,Uberlândia
3100104,40010,Abadia dos Dourados,MG,3105,Triângulo Mineiro/Alto Paranaíba,31019,Patrocínio,310061,Monte Carmelo,3111,Uberlândia
3156403,51276,Romaria,MG,3105,Triângulo Mineiro/Alto Paranaíba,31019,Patrocínio,310061,Monte Carmelo,3111,Uberlândia
3143104,48615,Monte Carmelo,MG,3105,Triângulo Mineiro/Alto Paranaíba,31019,Patrocínio,310061,Monte Carmelo,3111,Uberlândia
3148103,49611,Patrocínio,MG,3105,Triângulo Mineiro/Alto Paranaíba,31019,Patrocínio,310064,Patrocínio,3112,Patos de Minas
3119302,43850,Coromandel,MG,3105,Triângulo Mineiro/Alto Paranaíba,31019,Patrocínio,310064,Patrocínio,3112,Patos de Minas
3120706,44130,Cruzeiro da Fortaleza,MG,3105,Triângulo Mineiro/Alto Paranaíba,31019,Patrocínio,310064,Patrocínio,3112,Patos de Minas
3166808,53350,Serra do Salitre,MG,3105,Triângulo Mineiro/Alto Paranaíba,31019,Patrocínio,310064,Patrocínio,3112,Patos de Minas
3159704,51934,Santa Rosa da Serra,MG,3105,Triângulo Mineiro/Alto Paranaíba,31020,Patos de Minas,310056,Araxá,3110,Uberaba
3114303,42854,Carmo do Paranaíba,MG,3105,Triângulo Mineiro/Alto Paranaíba,31020,Patos de Minas,310062,Patos de Minas,3112,Patos de Minas
3103801,40754,Arapuá,MG,3105,Triângulo Mineiro/Alto Paranaíba,31020,Patos de Minas,310062,Patos de Minas,3112,Patos de Minas
3137502,47490,Lagoa Formosa,MG,3105,Triângulo Mineiro/Alto Paranaíba,31020,Patos de Minas,310062,Patos de Minas,3112,Patos de Minas
3155504,51098,Rio Paranaíba,MG,3105,Triângulo Mineiro/Alto Paranaíba,31020,Patos de Minas,310062,Patos de Minas,3112,Patos de Minas
3141207,48232,Matutina,MG,3105,Triângulo Mineiro/Alto Paranaíba,31020,Patos de Minas,310062,Patos de Minas,3112,Patos de Minas
3168903,53775,Tiros,MG,3105,Triângulo Mineiro/Alto Paranaíba,31020,Patos de Minas,310062,Patos de Minas,3112,Patos de Minas
3148004,49590,Patos de Minas,MG,3105,Triângulo Mineiro/Alto Paranaíba,31020,Patos de Minas,310062,Patos de Minas,3112,Patos de Minas
3162104,52418,São Gotardo,MG,3105,Triângulo Mineiro/Alto Paranaíba,31020,Patos de Minas,310062,Patos de Minas,3112,Patos de Minas
3128907,45772,Guimarânia,MG,3105,Triângulo Mineiro/Alto Paranaíba,31020,Patos de Minas,310064,Patrocínio,3112,Patos de Minas
3150703,50130,Pirajuba,MG,3105,Triângulo Mineiro/Alto Paranaíba,31021,Frutal,310057,Frutal,3110,Uberaba
3127107,45411,Frutal,MG,3105,Triângulo Mineiro/Alto Paranaíba,31021,Frutal,310057,Frutal,3110,Uberaba
3116902,43370,Comendador Gomes,MG,3105,Triângulo Mineiro/Alto Paranaíba,31021,Frutal,310057,Frutal,3110,Uberaba
3151602,50318,Planura,MG,3105,Triângulo Mineiro/Alto Paranaíba,31021,Frutal,310057,Frutal,3110,Uberaba
3133402,46671,Itapagipe,MG,3105,Triângulo Mineiro/Alto Paranaíba,31021,Frutal,310057,Frutal,3110,Uberaba
3127008,45390,Fronteira,MG,3105,Triângulo Mineiro/Alto Paranaíba,31021,Frutal,310057,Frutal,3110,Uberaba
3170438,42447,União de Minas,MG,3105,Triângulo Mineiro/Alto Paranaíba,31021,Frutal,310058,Iturama,3110,Uberaba
3138625,40363,Limeira do Oeste,MG,3105,Triângulo Mineiro/Alto Paranaíba,31021,Frutal,310058,Iturama,3110,Uberaba
3161304,52256,São Francisco de Sales,MG,3105,Triângulo Mineiro/Alto Paranaíba,31021,Frutal,310058,Iturama,3110,Uberaba
3134400,46876,Iturama,MG,3105,Triângulo Mineiro/Alto Paranaíba,31021,Frutal,310058,Iturama,3110,Uberaba
3114550,40088,Carneirinho,MG,3105,Triângulo Mineiro/Alto Paranaíba,31021,Frutal,310058,Iturama,3110,Uberaba
3111101,42218,Campina Verde,MG,3105,Triângulo Mineiro/Alto Paranaíba,31021,Frutal,310059,Uberlândia,3111,Uberlândia
3171105,54232,Veríssimo,MG,3105,Triângulo Mineiro/Alto Paranaíba,31022,Uberaba,310055,Uberaba,3110,Uberaba
3121258,42021,Delta,MG,3105,Triângulo Mineiro/Alto Paranaíba,31022,Uberaba,310055,Uberaba,3110,Uberaba
3118205,43630,Conquista,MG,3105,Triângulo Mineiro/Alto Paranaíba,31022,Uberaba,310055,Uberaba,3110,Uberaba
3111408,42277,Campo Florido,MG,3105,Triângulo Mineiro/Alto Paranaíba,31022,Uberaba,310055,Uberaba,3110,Uberaba
3117306,43451,Conceição das Alagoas,MG,3105,Triângulo Mineiro/Alto Paranaíba,31022,Uberaba,310055,Uberaba,3110,Uberaba
3100708,40134,Água Comprida,MG,3105,Triângulo Mineiro/Alto Paranaíba,31022,Uberaba,310055,Uberaba,3110,Uberaba
3170107,54011,Uberaba,MG,3105,Triângulo Mineiro/Alto Paranaíba,31022,Uberaba,310055,Uberaba,3110,Uberaba
3156908,51373,Sacramento,MG,3105,Triângulo Mineiro/Alto Paranaíba,31023,Araxá,310055,Uberaba,3110,Uberaba
3145000,48992,Nova Ponte,MG,3105,Triângulo Mineiro/Alto Paranaíba,31023,Araxá,310055,Uberaba,3110,Uberaba
3157708,51535,Santa Juliana,MG,3105,Triângulo Mineiro/Alto Paranaíba,31023,Araxá,310055,Uberaba,3110,Uberaba
3129509,45896,Ibiá,MG,3105,Triângulo Mineiro/Alto Paranaíba,31023,Araxá,310056,Araxá,3110,Uberaba
3153004,50598,Pratinha,MG,3105,Triângulo Mineiro/Alto Paranaíba,31023,Araxá,310056,Araxá,3110,Uberaba
3104007,40797,Araxá,MG,3105,Triângulo Mineiro/Alto Paranaíba,31023,Araxá,310056,Araxá,3110,Uberaba
3149804,49956,Perdizes,MG,3105,Triângulo Mineiro/Alto Paranaíba,31023,Araxá,310056,Araxá,3110,Uberaba
3111507,42293,Campos Altos,MG,3105,Triângulo Mineiro/Alto Paranaíba,31023,Araxá,310056,Araxá,3110,Uberaba
3168101,53619,Tapira,MG,3105,Triângulo Mineiro/Alto Paranaíba,31023,Araxá,310056,Araxá,3110,Uberaba
3149200,49832,Pedrinópolis,MG,3105,Triângulo Mineiro/Alto Paranaíba,31023,Araxá,310056,Araxá,3110,Uberaba
3169356,41157,Três Marias,MG,3106,Central Mineira,31024,Três Marias,310004,Curvelo,3101,Belo Horizonte
3152006,50393,Pompéu,MG,3106,Central Mineira,31024,Três Marias,310067,Dores do Indaiá,3113,Divinópolis
3115607,43117,Cedro do Abaeté,MG,3106,Central Mineira,31024,Três Marias,310070,Abaeté,3113,Divinópolis
3146404,49271,Paineiras,MG,3106,Central Mineira,31024,Três Marias,310070,Abaeté,3113,Divinópolis
3107000,41394,Biquinhas,MG,3106,Central Mineira,31024,Três Marias,310070,Abaeté,3113,Divinópolis
3100203,40037,Abaeté,MG,3106,Central Mineira,31024,Três Marias,310070,Abaeté,3113,Divinópolis
3143500,48690,Morada Nova de Minas,MG,3106,Central Mineira,31024,Três Marias,310070,Abaeté,3113,Divinópolis
3125705,45136,Felixlândia,MG,3106,Central Mineira,31025,Curvelo,310004,Curvelo,3101,Belo Horizonte
3104809,40959,Augusto de Lima,MG,3106,Central Mineira,31025,Curvelo,310004,Curvelo,3101,Belo Horizonte
3142502,48496,Monjolos,MG,3106,Central Mineira,31025,Curvelo,310004,Curvelo,3101,Belo Horizonte
3119104,43818,Corinto,MG,3106,Central Mineira,31025,Curvelo,310004,Curvelo,3101,Belo Horizonte
3160603,52116,Santo Hipólito,MG,3106,Central Mineira,31025,Curvelo,310004,Curvelo,3101,Belo Horizonte
3143609,48712,Morro da Garça,MG,3106,Central Mineira,31025,Curvelo,310004,Curvelo,3101,Belo Horizonte
3131109,46213,Inimutaba,MG,3106,Central Mineira,31025,Curvelo,310004,Curvelo,3101,Belo Horizonte
3153202,50636,Presidente Juscelino,MG,3106,Central Mineira,31025,Curvelo,310004,Curvelo,3101,Belo Horizonte
3109204,41831,Buenópolis,MG,3106,Central Mineira,31025,Curvelo,310004,Curvelo,3101,Belo Horizonte
3120904,44172,Curvelo,MG,3106,Central Mineira,31025,Curvelo,310004,Curvelo,3101,Belo Horizonte
3136405,47279,Joaquim Felício,MG,3106,Central Mineira,31025,Curvelo,310006,Montes Claros,3102,Montes Claros
3138302,47651,Leandro Ferreira,MG,3106,Central Mineira,31026,Bom Despacho,310065,Divinópolis,3113,Divinópolis
3103900,40770,Araújos,MG,3106,Central Mineira,31026,Bom Despacho,310065,Divinópolis,3113,Divinópolis
3135308,47058,Japaraíba,MG,3106,Central Mineira,31026,Bom Despacho,310065,Divinópolis,3113,Divinópolis
3137205,47430,Lagoa da Prata,MG,3106,Central Mineira,31026,Bom Despacho,310065,Divinópolis,3113,Divinópolis
3107406,41475,Bom Despacho,MG,3106,Central Mineira,31026,Bom Despacho,310067,Dores do Indaiá,3113,Divinópolis
3153707,50733,Quartel Geral,MG,3106,Central Mineira,31026,Bom Despacho,310067,Dores do Indaiá,3113,Divinópolis
3166600,53317,Serra da Saudade,MG,3106,Central Mineira,31026,Bom Despacho,310067,Dores do Indaiá,3113,Divinópolis
3123205,44636,Dores do Indaiá,MG,3106,Central Mineira,31026,Bom Despacho,310067,Dores do Indaiá,3113,Divinópolis
3138807,47759,Luz,MG,3106,Central Mineira,31026,Bom Despacho,310067,Dores do Indaiá,3113,Divinópolis
3142403,48470,Moema,MG,3106,Central Mineira,31026,Bom Despacho,310067,Dores do Indaiá,3113,Divinópolis
3140506,48097,Martinho Campos,MG,3106,Central Mineira,31026,Bom Despacho,310067,Dores do Indaiá,3113,Divinópolis
3124708,44938,Estrela do Indaiá,MG,3106,Central Mineira,31026,Bom Despacho,310067,Dores do Indaiá,3113,Divinópolis
3134608,46914,Jaboticatubas,MG,3107,Metropolitana de Belo Horizonte,31027,Sete Lagoas,310001,Belo Horizonte,3101,Belo Horizonte
3103207,40630,Araçaí,MG,3107,Metropolitana de Belo Horizonte,31027,Sete Lagoas,310002,Sete Lagoas,3101,Belo Horizonte
3141108,48216,Matozinhos,MG,3107,Metropolitana de Belo Horizonte,31027,Sete Lagoas,310002,Sete Lagoas,3101,Belo Horizonte
3112505,42498,Capim Branco,MG,3107,Metropolitana de Belo Horizonte,31027,Sete Lagoas,310002,Sete Lagoas,3101,Belo Horizonte
3159001,51799,Santana do Riacho,MG,3107,Metropolitana de Belo Horizonte,31027,Sete Lagoas,310002,Sete Lagoas,3101,Belo Horizonte
3109600,41912,Cachoeira da Prata,MG,3107,Metropolitana de Belo Horizonte,31027,Sete Lagoas,310002,Sete Lagoas,3101,Belo Horizonte
3127206,45438,Funilândia,MG,3107,Metropolitana de Belo Horizonte,31027,Sete Lagoas,310002,Sete Lagoas,3101,Belo Horizonte
3167202,53430,Sete Lagoas,MG,3107,Metropolitana de Belo Horizonte,31027,Sete Lagoas,310002,Sete Lagoas,3101,Belo Horizonte
3126406,45276,Fortuna de Minas,MG,3107,Metropolitana de Belo Horizonte,31027,Sete Lagoas,310002,Sete Lagoas,3101,Belo Horizonte
3135704,47139,Jequitibá,MG,3107,Metropolitana de Belo Horizonte,31027,Sete Lagoas,310002,Sete Lagoas,3101,Belo Horizonte
3158508,51691,Santana de Pirapama,MG,3107,Metropolitana de Belo Horizonte,31027,Sete Lagoas,310002,Sete Lagoas,3101,Belo Horizonte
3105004,40991,Baldim,MG,3107,Metropolitana de Belo Horizonte,31027,Sete Lagoas,310002,Sete Lagoas,3101,Belo Horizonte
3118908,43770,Cordisburgo,MG,3107,Metropolitana de Belo Horizonte,31027,Sete Lagoas,310002,Sete Lagoas,3101,Belo Horizonte
3147402,49476,Paraopeba,MG,3107,Metropolitana de Belo Horizonte,31027,Sete Lagoas,310002,Sete Lagoas,3101,Belo Horizonte
3131000,46191,Inhaúma,MG,3107,Metropolitana de Belo Horizonte,31027,Sete Lagoas,310002,Sete Lagoas,3101,Belo Horizonte
3109907,41971,Caetanópolis,MG,3107,Metropolitana de Belo Horizonte,31027,Sete Lagoas,310002,Sete Lagoas,3101,Belo Horizonte
3153608,50717,Prudente de Morais,MG,3107,Metropolitana de Belo Horizonte,31027,Sete Lagoas,310002,Sete Lagoas,3101,Belo Horizonte
3149606,49913,Pequi,MG,3107,Metropolitana de Belo Horizonte,31027,Sete Lagoas,310068,Pará de Minas,3113,Divinópolis
3139706,47937,Maravilhas,MG,3107,Metropolitana de Belo Horizonte,31027,Sete Lagoas,310068,Pará de Minas,3113,Divinópolis
3146909,49379,Papagaios,MG,3107,Metropolitana de Belo Horizonte,31027,Sete Lagoas,310068,Pará de Minas,3113,Divinópolis
3117504,43494,Conceição do Mato Dentro,MG,3107,Metropolitana de Belo Horizonte,31028,Conceição do Mato Dentro,310002,Sete Lagoas,3101,Belo Horizonte
3143708,48739,Morro do Pilar,MG,3107,Metropolitana de Belo Horizonte,31028,Conceição do Mato Dentro,310002,Sete Lagoas,3101,Belo Horizonte
3118106,43613,Congonhas do Norte,MG,3107,Metropolitana de Belo Horizonte,31028,Conceição do Mato Dentro,310002,Sete Lagoas,3101,Belo Horizonte
3132800,46558,Itambé do Mato Dentro,MG,3107,Metropolitana de Belo Horizonte,31028,Conceição do Mato Dentro,310005,Itabira,3101,Belo Horizonte
3160504,52094,Santo Antônio do Rio Abaixo,MG,3107,Metropolitana de Belo Horizonte,31028,Conceição do Mato Dentro,310005,Itabira,3101,Belo Horizonte
3147501,49492,Passabém,MG,3107,Metropolitana de Belo Horizonte,31028,Conceição do Mato Dentro,310005,Itabira,3101,Belo Horizonte
3164803,52957,São Sebastião do Rio Preto,MG,3107,Metropolitana de Belo Horizonte,31028,Conceição do Mato Dentro,310005,Itabira,3101,Belo Horizonte
3102407,40479,Alvorada de Minas,MG,3107,Metropolitana de Belo Horizonte,31028,Conceição do Mato Dentro,310016,Diamantina,3103,Teófilo Otoni
3166501,53295,Serra Azul de Minas,MG,3107,Metropolitana de Belo Horizonte,31028,Conceição do Mato Dentro,310016,Diamantina,3103,Teófilo Otoni
3167103,53414,Serro,MG,3107,Metropolitana de Belo Horizonte,31028,Conceição do Mato Dentro,310016,Diamantina,3103,Teófilo Otoni
3160207,52035,Santo Antônio do Itambé,MG,3107,Metropolitana de Belo Horizonte,31028,Conceição do Mato Dentro,310016,Diamantina,3103,Teófilo Otoni
3122603,44512,Dom Joaquim,MG,3107,Metropolitana de Belo Horizonte,31028,Conceição do Mato Dentro,310021,Guanhães,3104,Governador Valadares
3156007,51195,Rio Vermelho,MG,3107,Metropolitana de Belo Horizonte,31028,Conceição do Mato Dentro,310021,Guanhães,3104,Governador Valadares
3126000,45195,Florestal,MG,3107,Metropolitana de Belo Horizonte,31029,Pará de Minas,310001,Belo Horizonte,3101,Belo Horizonte
3151404,50270,Pitangui,MG,3107,Metropolitana de Belo Horizonte,31029,Pará de Minas,310065,Divinópolis,3113,Divinópolis
3163102,52612,São José da Varginha,MG,3107,Metropolitana de Belo Horizonte,31029,Pará de Minas,310068,Pará de Minas,3113,Divinópolis
3145802,49158,Onça de Pitangui,MG,3107,Metropolitana de Belo Horizonte,31029,Pará de Minas,310068,Pará de Minas,3113,Divinópolis
3147105,49417,Pará de Minas,MG,3107,Metropolitana de Belo Horizonte,31029,Pará de Minas,310068,Pará de Minas,3113,Divinópolis
3157807,51551,Santa Luzia,MG,3107,Metropolitana de Belo Horizonte,31030,Belo Horizonte,310001,Belo Horizonte,3101,Belo Horizonte
3153905,50776,Raposos,MG,3107,Metropolitana de Belo Horizonte,31030,Belo Horizonte,310001,Belo Horizonte,3101,Belo Horizonte
3137601,47511,Lagoa Santa,MG,3107,Metropolitana de Belo Horizonte,31030,Belo Horizonte,310001,Belo Horizonte,3101,Belo Horizonte
3162922,41629,São Joaquim de Bicas,MG,3107,Metropolitana de Belo Horizonte,31030,Belo Horizonte,310001,Belo Horizonte,3101,Belo Horizonte
3106200,41238,Belo Horizonte,MG,3107,Metropolitana de Belo Horizonte,31030,Belo Horizonte,310001,Belo Horizonte,3101,Belo Horizonte
3140159,41025,Mário Campos,MG,3107,Metropolitana de Belo Horizonte,31030,Belo Horizonte,310001,Belo Horizonte,3101,Belo Horizonte
3165537,40800,Sarzedo,MG,3107,Metropolitana de Belo Horizonte,31030,Belo Horizonte,310001,Belo Horizonte,3101,Belo Horizonte
3154606,50911,Ribeirão das Neves,MG,3107,Metropolitana de Belo Horizonte,31030,Belo Horizonte,310001,Belo Horizonte,3101,Belo Horizonte
3144805,48950,Nova Lima,MG,3107,Metropolitana de Belo Horizonte,31030,Belo Horizonte,310001,Belo Horizonte,3101,Belo Horizonte
3129806,45950,Ibirité,MG,3107,Metropolitana de Belo Horizonte,31030,Belo Horizonte,310001,Belo Horizonte,3101,Belo Horizonte
3110004,41998,Caeté,MG,3107,Metropolitana de Belo Horizonte,31030,Belo Horizonte,310001,Belo Horizonte,3101,Belo Horizonte
3124104,44814,Esmeraldas,MG,3107,Metropolitana de Belo Horizonte,31030,Belo Horizonte,310001,Belo Horizonte,3101,Belo Horizonte
3149309,49859,Pedro Leopoldo,MG,3107,Metropolitana de Belo Horizonte,31030,Belo Horizonte,310001,Belo Horizonte,3101,Belo Horizonte
3162955,40789,São José da Lapa,MG,3107,Metropolitana de Belo Horizonte,31030,Belo Horizonte,310001,Belo Horizonte,3101,Belo Horizonte
3118601,43710,Contagem,MG,3107,Metropolitana de Belo Horizonte,31030,Belo Horizonte,310001,Belo Horizonte,3101,Belo Horizonte
3130101,46019,Igarapé,MG,3107,Metropolitana de Belo Horizonte,31030,Belo Horizonte,310001,Belo Horizonte,3101,Belo Horizonte
3171204,54259,Vespasiano,MG,3107,Metropolitana de Belo Horizonte,31030,Belo Horizonte,310001,Belo Horizonte,3101,Belo Horizonte
3136652,40320,Juatuba,MG,3107,Metropolitana de Belo Horizonte,31030,Belo Horizonte,310001,Belo Horizonte,3101,Belo Horizonte
3154804,50954,Rio Acima,MG,3107,Metropolitana de Belo Horizonte,31030,Belo Horizonte,310001,Belo Horizonte,3101,Belo Horizonte
3106705,41335,Betim,MG,3107,Metropolitana de Belo Horizonte,31030,Belo Horizonte,310001,Belo Horizonte,3101,Belo Horizonte
3117876,41920,Confins,MG,3107,Metropolitana de Belo Horizonte,31030,Belo Horizonte,310001,Belo Horizonte,3101,Belo Horizonte
3140704,48135,Mateus Leme,MG,3107,Metropolitana de Belo Horizonte,31030,Belo Horizonte,310001,Belo Horizonte,3101,Belo Horizonte
3156700,51330,Sabará,MG,3107,Metropolitana de Belo Horizonte,31030,Belo Horizonte,310001,Belo Horizonte,3101,Belo Horizonte
3109006,41793,Brumadinho,MG,3107,Metropolitana de Belo Horizonte,31030,Belo Horizonte,310001,Belo Horizonte,3101,Belo Horizonte
3136603,47317,Nova União,MG,3107,Metropolitana de Belo Horizonte,31031,Itabira,310001,Belo Horizonte,3101,Belo Horizonte
3168309,53651,Taquaraçu de Minas,MG,3107,Metropolitana de Belo Horizonte,31031,Itabira,310001,Belo Horizonte,3101,Belo Horizonte
3115359,41840,Catas Altas,MG,3107,Metropolitana de Belo Horizonte,31031,Itabira,310003,Santa Bárbara - Ouro Preto,3101,Belo Horizonte
3157203,51438,Santa Bárbara,MG,3107,Metropolitana de Belo Horizonte,31031,Itabira,310003,Santa Bárbara - Ouro Preto,3101,Belo Horizonte
3105400,41076,Barão de Cocais,MG,3107,Metropolitana de Belo Horizonte,31031,Itabira,310003,Santa Bárbara - Ouro Preto,3101,Belo Horizonte
3158003,51594,Santa Maria de Itabira,MG,3107,Metropolitana de Belo Horizonte,31031,Itabira,310005,Itabira,3101,Belo Horizonte
3131703,46337,Itabira,MG,3107,Metropolitana de Belo Horizonte,31031,Itabira,310005,Itabira,3101,Belo Horizonte
3125903,45179,Ferros,MG,3107,Metropolitana de Belo Horizonte,31031,Itabira,310005,Itabira,3101,Belo Horizonte
3107703,41530,Bom Jesus do Amparo,MG,3107,Metropolitana de Belo Horizonte,31031,Itabira,310005,Itabira,3101,Belo Horizonte
3163409,52671,São José do Goiabal,MG,3107,Metropolitana de Belo Horizonte,31031,Itabira,310024,Ipatinga,3105,Ipatinga
3121803,44350,Dionísio,MG,3107,Metropolitana de Belo Horizonte,31031,Itabira,310024,Ipatinga,3105,Ipatinga
3106002,41190,Bela Vista de Minas,MG,3107,Metropolitana de Belo Horizonte,31031,Itabira,310026,João Monlevade,3105,Ipatinga
3161908,52370,São Gonçalo do Rio Abaixo,MG,3107,Metropolitana de Belo Horizonte,31031,Itabira,310026,João Monlevade,3105,Ipatinga
3144706,48933,Nova Era,MG,3107,Metropolitana de Belo Horizonte,31031,Itabira,310026,João Monlevade,3105,Ipatinga
3155702,51136,Rio Piracicaba,MG,3107,Metropolitana de Belo Horizonte,31031,Itabira,310026,João Monlevade,3105,Ipatinga
3161007,52191,São Domingos do Prata,MG,3107,Metropolitana de Belo Horizonte,31031,Itabira,310026,João Monlevade,3105,Ipatinga
3136207,47236,João Monlevade,MG,3107,Metropolitana de Belo Horizonte,31031,Itabira,310026,João Monlevade,3105,Ipatinga
3102308,40452,Alvinópolis,MG,3107,Metropolitana de Belo Horizonte,31031,Itabira,310030,Ponte Nova,3106,Juíz de Fora
3142304,48453,Moeda,MG,3107,Metropolitana de Belo Horizonte,31032,Itaguara,310001,Belo Horizonte,3101,Belo Horizonte
3106408,41270,Belo Vale,MG,3107,Metropolitana de Belo Horizonte,31032,Itaguara,310038,Conselheiro Lafaiete,3107,Barbacena
3135407,47074,Jeceaba,MG,3107,Metropolitana de Belo Horizonte,31032,Itaguara,310038,Conselheiro Lafaiete,3107,Barbacena
3133709,46736,Itatiaiuçu,MG,3107,Metropolitana de Belo Horizonte,31032,Itaguara,310065,Divinópolis,3113,Divinópolis
3155306,51055,Rio Manso,MG,3107,Metropolitana de Belo Horizonte,31032,Itaguara,310069,Oliveira,3113,Divinópolis
3132206,46434,Itaguara,MG,3107,Metropolitana de Belo Horizonte,31032,Itaguara,310069,Oliveira,3113,Divinópolis
3120607,44113,Crucilândia,MG,3107,Metropolitana de Belo Horizonte,31032,Itaguara,310069,Oliveira,3113,Divinópolis
3108107,41610,Bonfim,MG,3107,Metropolitana de Belo Horizonte,31032,Itaguara,310069,Oliveira,3113,Divinópolis
3150406,50075,Piedade dos Gerais,MG,3107,Metropolitana de Belo Horizonte,31032,Itaguara,310069,Oliveira,3113,Divinópolis
3140001,47996,Mariana,MG,3107,Metropolitana de Belo Horizonte,31033,Ouro Preto,310003,Santa Bárbara - Ouro Preto,3101,Belo Horizonte
3131901,46370,Itabirito,MG,3107,Metropolitana de Belo Horizonte,31033,Ouro Preto,310003,Santa Bárbara - Ouro Preto,3101,Belo Horizonte
3146107,49212,Ouro Preto,MG,3107,Metropolitana de Belo Horizonte,31033,Ouro Preto,310003,Santa Bárbara - Ouro Preto,3101,Belo Horizonte
3121704,44334,Diogo de Vasconcelos,MG,3107,Metropolitana de Belo Horizonte,31033,Ouro Preto,310030,Ponte Nova,3106,Juíz de Fora
3118007,43591,Congonhas,MG,3107,Metropolitana de Belo Horizonte,31034,Conselheiro Lafaiete,310038,Conselheiro Lafaiete,3107,Barbacena
3133907,46779,Itaverava,MG,3107,Metropolitana de Belo Horizonte,31034,Conselheiro Lafaiete,310038,Conselheiro Lafaiete,3107,Barbacena
3114907,42978,Casa Grande,MG,3107,Metropolitana de Belo Horizonte,31034,Conselheiro Lafaiete,310038,Conselheiro Lafaiete,3107,Barbacena
3160900,52175,São Brás do Suaçuí,MG,3107,Metropolitana de Belo Horizonte,31034,Conselheiro Lafaiete,310038,Conselheiro Lafaiete,3107,Barbacena
3153806,50750,Queluzito,MG,3107,Metropolitana de Belo Horizonte,31034,Conselheiro Lafaiete,310038,Conselheiro Lafaiete,3107,Barbacena
3121407,44270,Desterro de Entre Rios,MG,3107,Metropolitana de Belo Horizonte,31034,Conselheiro Lafaiete,310038,Conselheiro Lafaiete,3107,Barbacena
3145901,49174,Ouro Branco,MG,3107,Metropolitana de Belo Horizonte,31034,Conselheiro Lafaiete,310038,Conselheiro Lafaiete,3107,Barbacena
3118304,43656,Conselheiro Lafaiete,MG,3107,Metropolitana de Belo Horizonte,31034,Conselheiro Lafaiete,310038,Conselheiro Lafaiete,3107,Barbacena
3115409,43079,Catas Altas da Noruega,MG,3107,Metropolitana de Belo Horizonte,31034,Conselheiro Lafaiete,310038,Conselheiro Lafaiete,3107,Barbacena
3120409,44075,Cristiano Otoni,MG,3107,Metropolitana de Belo Horizonte,31034,Conselheiro Lafaiete,310038,Conselheiro Lafaiete,3107,Barbacena
3123908,44776,Entre Rios de Minas,MG,3107,Metropolitana de Belo Horizonte,31034,Conselheiro Lafaiete,310038,Conselheiro Lafaiete,3107,Barbacena
3159100,51810,Santana dos Montes,MG,3107,Metropolitana de Belo Horizonte,31034,Conselheiro Lafaiete,310038,Conselheiro Lafaiete,3107,Barbacena
3113800,42757,Carmésia,MG,3108,Vale do Rio Doce,31035,Guanhães,310005,Itabira,3101,Belo Horizonte
3127503,45497,Gonzaga,MG,3108,Vale do Rio Doce,31035,Guanhães,310020,Governador Valadares,3104,Governador Valadares
3165503,53090,Sardoá,MG,3108,Vale do Rio Doce,31035,Guanhães,310020,Governador Valadares,3104,Governador Valadares
3157500,51497,Santa Efigênia de Minas,MG,3108,Vale do Rio Doce,31035,Guanhães,310020,Governador Valadares,3104,Governador Valadares
3148400,49670,Paulistas,MG,3108,Vale do Rio Doce,31035,Guanhães,310021,Guanhães,3104,Governador Valadares
3171808,54372,Virginópolis,MG,3108,Vale do Rio Doce,31035,Guanhães,310021,Guanhães,3104,Governador Valadares
3116803,43354,Coluna,MG,3108,Vale do Rio Doce,31035,Guanhães,310021,Guanhães,3104,Governador Valadares
3140605,48119,Materlândia,MG,3108,Vale do Rio Doce,31035,Guanhães,310021,Guanhães,3104,Governador Valadares
3162807,52558,São João Evangelista,MG,3108,Vale do Rio Doce,31035,Guanhães,310021,Guanhães,3104,Governador Valadares
3166105,53210,Senhora do Porto,MG,3108,Vale do Rio Doce,31035,Guanhães,310021,Guanhães,3104,Governador Valadares
3128006,45594,Guanhães,MG,3108,Vale do Rio Doce,31035,Guanhães,310021,Guanhães,3104,Governador Valadares
3156809,51357,Sabinópolis,MG,3108,Vale do Rio Doce,31035,Guanhães,310021,Guanhães,3104,Governador Valadares
3123106,44610,Dores de Guanhães,MG,3108,Vale do Rio Doce,31035,Guanhães,310021,Guanhães,3104,Governador Valadares
3122207,44431,Divinolândia de Minas,MG,3108,Vale do Rio Doce,31035,Guanhães,310021,Guanhães,3104,Governador Valadares
3108800,41750,Braúnas,MG,3108,Vale do Rio Doce,31035,Guanhães,310024,Ipatinga,3105,Ipatinga
3100609,40118,Água Boa,MG,3108,Vale do Rio Doce,31036,Peçanha,310014,Capelinha,3103,Teófilo Otoni
3164506,52892,São Sebastião do Maranhão,MG,3108,Vale do Rio Doce,31036,Peçanha,310021,Guanhães,3104,Governador Valadares
3163508,52698,São José do Jacuri,MG,3108,Vale do Rio Doce,31036,Peçanha,310021,Guanhães,3104,Governador Valadares
3136553,42323,José Raydan,MG,3108,Vale do Rio Doce,31036,Peçanha,310021,Guanhães,3104,Governador Valadares
3112059,41823,Cantagalo,MG,3108,Vale do Rio Doce,31036,Peçanha,310021,Guanhães,3104,Governador Valadares
3148608,49719,Peçanha,MG,3108,Vale do Rio Doce,31036,Peçanha,310021,Guanhães,3104,Governador Valadares
3164100,52817,São Pedro do Suaçuí,MG,3108,Vale do Rio Doce,31036,Peçanha,310021,Guanhães,3104,Governador Valadares
3126950,42064,Frei Lagonegro,MG,3108,Vale do Rio Doce,31036,Peçanha,310021,Guanhães,3104,Governador Valadares
3158201,51632,Santa Maria do Suaçuí,MG,3108,Vale do Rio Doce,31036,Peçanha,310021,Guanhães,3104,Governador Valadares
3144904,48976,Nova Módica,MG,3108,Vale do Rio Doce,31037,Governador Valadares,310013,Teófilo Otoni,3103,Teófilo Otoni
3150000,49999,Pescador,MG,3108,Vale do Rio Doce,31037,Governador Valadares,310013,Teófilo Otoni,3103,Teófilo Otoni
3110806,42153,Campanário,MG,3108,Vale do Rio Doce,31037,Governador Valadares,310013,Teófilo Otoni,3103,Teófilo Otoni
3163300,52655,São José do Divino,MG,3108,Vale do Rio Doce,31037,Governador Valadares,310013,Teófilo Otoni,3103,Teófilo Otoni
3132701,46531,Itambacuri,MG,3108,Vale do Rio Doce,31037,Governador Valadares,310013,Teófilo Otoni,3103,Teófilo Otoni
3169505,53899,Tumiritinga,MG,3108,Vale do Rio Doce,31037,Governador Valadares,310020,Governador Valadares,3104,Governador Valadares
3127305,45454,Galiléia,MG,3108,Vale do Rio Doce,31037,Governador Valadares,310020,Governador Valadares,3104,Governador Valadares
3161601,52310,São Geraldo da Piedade,MG,3108,Vale do Rio Doce,31037,Governador Valadares,310020,Governador Valadares,3104,Governador Valadares
3167707,53538,Sobrália,MG,3108,Vale do Rio Doce,31037,Governador Valadares,310020,Governador Valadares,3104,Governador Valadares
3101805,40355,Alpercata,MG,3108,Vale do Rio Doce,31037,Governador Valadares,310020,Governador Valadares,3104,Governador Valadares
3135076,40304,Jampruca,MG,3108,Vale do Rio Doce,31037,Governador Valadares,310020,Governador Valadares,3104,Governador Valadares
3122108,44415,Divino das Laranjeiras,MG,3108,Vale do Rio Doce,31037,Governador Valadares,310020,Governador Valadares,3104,Governador Valadares
3127701,45535,Governador Valadares,MG,3108,Vale do Rio Doce,31037,Governador Valadares,310020,Governador Valadares,3104,Governador Valadares
3171501,54313,Mathias Lobato,MG,3108,Vale do Rio Doce,31037,Governador Valadares,310020,Governador Valadares,3104,Governador Valadares
3112653,40061,Capitão Andrade,MG,3108,Vale do Rio Doce,31037,Governador Valadares,310020,Governador Valadares,3104,Governador Valadares
3126901,45373,Frei Inocêncio,MG,3108,Vale do Rio Doce,31037,Governador Valadares,310020,Governador Valadares,3104,Governador Valadares
3171907,54399,Virgolândia,MG,3108,Vale do Rio Doce,31037,Governador Valadares,310020,Governador Valadares,3104,Governador Valadares
3123700,44733,Engenheiro Caldas,MG,3108,Vale do Rio Doce,31037,Governador Valadares,310020,Governador Valadares,3104,Governador Valadares
3119203,43834,Coroaci,MG,3108,Vale do Rio Doce,31037,Governador Valadares,310020,Governador Valadares,3104,Governador Valadares
3140100,48011,Marilac,MG,3108,Vale do Rio Doce,31037,Governador Valadares,310020,Governador Valadares,3104,Governador Valadares
3161650,41580,São Geraldo do Baixio,MG,3108,Vale do Rio Doce,31037,Governador Valadares,310020,Governador Valadares,3104,Governador Valadares
3163003,52590,São José da Safira,MG,3108,Vale do Rio Doce,31037,Governador Valadares,310020,Governador Valadares,3104,Governador Valadares
3133204,46639,Itanhomi,MG,3108,Vale do Rio Doce,31037,Governador Valadares,310020,Governador Valadares,3104,Governador Valadares
3144201,48836,Nacip Raydan,MG,3108,Vale do Rio Doce,31037,Governador Valadares,310020,Governador Valadares,3104,Governador Valadares
3125804,45152,Fernandes Tourinho,MG,3108,Vale do Rio Doce,31037,Governador Valadares,310020,Governador Valadares,3104,Governador Valadares
3144672,41149,Nova Belém,MG,3108,Vale do Rio Doce,31038,Mantena,310022,Mantena,3104,Governador Valadares
3141504,48291,Mendes Pimentel,MG,3108,Vale do Rio Doce,31038,Mantena,310022,Mantena,3104,Governador Valadares
3162575,40746,São João do Manteninha,MG,3108,Vale do Rio Doce,31038,Mantena,310022,Mantena,3104,Governador Valadares
3139607,47910,Mantena,MG,3108,Vale do Rio Doce,31038,Mantena,310022,Mantena,3104,Governador Valadares
3131802,46353,Itabirinha,MG,3108,Vale do Rio Doce,31038,Mantena,310022,Mantena,3104,Governador Valadares
3115706,43133,Central de Minas,MG,3108,Vale do Rio Doce,31038,Mantena,310022,Mantena,3104,Governador Valadares
3161056,41564,São Félix de Minas,MG,3108,Vale do Rio Doce,31038,Mantena,310022,Mantena,3104,Governador Valadares
3144359,40487,Naque,MG,3108,Vale do Rio Doce,31039,Ipatinga,310024,Ipatinga,3105,Ipatinga
3141702,48330,Mesquita,MG,3108,Vale do Rio Doce,31039,Ipatinga,310024,Ipatinga,3105,Ipatinga
3158953,40681,Santana do Paraíso,MG,3108,Vale do Rio Doce,31039,Ipatinga,310024,Ipatinga,3105,Ipatinga
3135001,46990,Jaguaraçu,MG,3108,Vale do Rio Doce,31039,Ipatinga,310024,Ipatinga,3105,Ipatinga
3168705,53732,Timóteo,MG,3108,Vale do Rio Doce,31039,Ipatinga,310024,Ipatinga,3105,Ipatinga
3103009,40592,Antônio Dias,MG,3108,Vale do Rio Doce,31039,Ipatinga,310024,Ipatinga,3105,Ipatinga
3106309,41254,Belo Oriente,MG,3108,Vale do Rio Doce,31039,Ipatinga,310024,Ipatinga,3105,Ipatinga
3149952,40568,Periquito,MG,3108,Vale do Rio Doce,31039,Ipatinga,310024,Ipatinga,3105,Ipatinga
3100500,40096,Açucena,MG,3108,Vale do Rio Doce,31039,Ipatinga,310024,Ipatinga,3105,Ipatinga
3119401,43877,Coronel Fabriciano,MG,3108,Vale do Rio Doce,31039,Ipatinga,310024,Ipatinga,3105,Ipatinga
3136108,47210,Joanésia,MG,3108,Vale do Rio Doce,31039,Ipatinga,310024,Ipatinga,3105,Ipatinga
3131307,46256,Ipatinga,MG,3108,Vale do Rio Doce,31039,Ipatinga,310024,Ipatinga,3105,Ipatinga
3140308,48054,Marliéria,MG,3108,Vale do Rio Doce,31039,Ipatinga,310024,Ipatinga,3105,Ipatinga
3168408,53678,Tarumirim,MG,3108,Vale do Rio Doce,31040,Caratinga,310020,Governador Valadares,3104,Governador Valadares
3131158,40266,Ipaba,MG,3108,Vale do Rio Doce,31040,Caratinga,310024,Ipatinga,3105,Ipatinga
3129301,45853,Iapu,MG,3108,Vale do Rio Doce,31040,Caratinga,310024,Ipatinga,3105,Ipatinga
3162609,52515,São João do Oriente,MG,3108,Vale do Rio Doce,31040,Caratinga,310024,Ipatinga,3105,Ipatinga
3122504,44490,Dom Cavati,MG,3108,Vale do Rio Doce,31040,Caratinga,310024,Ipatinga,3105,Ipatinga
3109253,41769,Bugre,MG,3108,Vale do Rio Doce,31040,Caratinga,310024,Ipatinga,3105,Ipatinga
3150539,41360,Pingo-d'Água,MG,3108,Vale do Rio Doce,31040,Caratinga,310024,Ipatinga,3105,Ipatinga
3130903,46175,Inhapim,MG,3108,Vale do Rio Doce,31040,Caratinga,310025,Caratinga,3105,Ipatinga
3157252,40649,Santa Bárbara do Leste,MG,3108,Vale do Rio Doce,31040,Caratinga,310025,Caratinga,3105,Ipatinga
3150158,41343,Piedade de Caratinga,MG,3108,Vale do Rio Doce,31040,Caratinga,310025,Caratinga,3105,Ipatinga
3170578,40908,Vargem Alegre,MG,3108,Vale do Rio Doce,31040,Caratinga,310025,Caratinga,3105,Ipatinga
3107802,41556,Bom Jesus do Galho,MG,3108,Vale do Rio Doce,31040,Caratinga,310025,Caratinga,3105,Ipatinga
3160959,41548,São Domingos das Dores,MG,3108,Vale do Rio Doce,31040,Caratinga,310025,Caratinga,3105,Ipatinga
3123858,40185,Entre Folhas,MG,3108,Vale do Rio Doce,31040,Caratinga,310025,Caratinga,3105,Ipatinga
3120003,43990,Córrego Novo,MG,3108,Vale do Rio Doce,31040,Caratinga,310025,Caratinga,3105,Ipatinga
3113404,42676,Caratinga,MG,3108,Vale do Rio Doce,31040,Caratinga,310025,Caratinga,3105,Ipatinga
3170057,40860,Ubaporanga,MG,3108,Vale do Rio Doce,31040,Caratinga,310025,Caratinga,3105,Ipatinga
3159357,40665,Santa Rita de Minas,MG,3108,Vale do Rio Doce,31040,Caratinga,310025,Caratinga,3105,Ipatinga
3164472,42366,São Sebastião do Anta,MG,3108,Vale do Rio Doce,31040,Caratinga,310025,Caratinga,3105,Ipatinga
3130556,42226,Imbé de Minas,MG,3108,Vale do Rio Doce,31040,Caratinga,310025,Caratinga,3105,Ipatinga
3118403,43672,Conselheiro Pena,MG,3108,Vale do Rio Doce,31041,Aimorés,310020,Governador Valadares,3104,Governador Valadares
3127370,42145,Goiabeira,MG,3108,Vale do Rio Doce,31041,Aimorés,310020,Governador Valadares,3104,Governador Valadares
3134103,46817,Itueta,MG,3108,Vale do Rio Doce,31041,Aimorés,310023,Aimorés - Resplendor,3104,Governador Valadares
3120839,41980,Cuparaque,MG,3108,Vale do Rio Doce,31041,Aimorés,310023,Aimorés - Resplendor,3104,Governador Valadares
3159506,51896,Santa Rita do Itueto,MG,3108,Vale do Rio Doce,31041,Aimorés,310023,Aimorés - Resplendor,3104,Governador Valadares
3101102,40215,Aimorés,MG,3108,Vale do Rio Doce,31041,Aimorés,310023,Aimorés - Resplendor,3104,Governador Valadares
3154309,50857,Resplendor,MG,3108,Vale do Rio Doce,31041,Aimorés,310023,Aimorés - Resplendor,3104,Governador Valadares
3102209,40436,Alvarenga,MG,3108,Vale do Rio Doce,31041,Aimorés,310025,Caratinga,3105,Ipatinga
3144003,48798,Mutum,MG,3108,Vale do Rio Doce,31041,Aimorés,310028,Manhuaçu,3106,Juíz de Fora
3131208,46230,Ipanema,MG,3108,Vale do Rio Doce,31041,Aimorés,310028,Manhuaçu,3106,Juíz de Fora
3151909,50377,Pocrane,MG,3108,Vale do Rio Doce,31041,Aimorés,310028,Manhuaçu,3106,Juíz de Fora
3168051,42420,Taparuba,MG,3108,Vale do Rio Doce,31041,Aimorés,310028,Manhuaçu,3106,Juíz de Fora
3117405,43478,Conceição de Ipanema,MG,3108,Vale do Rio Doce,31041,Aimorés,310028,Manhuaçu,3106,Juíz de Fora
3123403,44679,Doresópolis,MG,3109,Oeste de Minas,31042,Piuí,310049,Piumhi,3108,Varginha
3170602,54119,Vargem Bonita,MG,3109,Oeste de Minas,31042,Piuí,310049,Piumhi,3108,Varginha
3164308,52850,São Roque de Minas,MG,3109,Oeste de Minas,31042,Piuí,310049,Piumhi,3108,Varginha
3151503,50296,Piumhi,MG,3109,Oeste de Minas,31042,Piuí,310049,Piumhi,3108,Varginha
3141306,48259,Medeiros,MG,3109,Oeste de Minas,31042,Piuí,310066,Formiga,3113,Divinópolis
3130309,46051,Iguatama,MG,3109,Oeste de Minas,31042,Piuí,310066,Formiga,3113,Divinópolis
3105103,41017,Bambuí,MG,3109,Oeste de Minas,31042,Piuí,310066,Formiga,3113,Divinópolis
3168200,53635,Tapiraí,MG,3109,Oeste de Minas,31042,Piuí,310066,Formiga,3113,Divinópolis
3119807,43958,Córrego Danta,MG,3109,Oeste de Minas,31042,Piuí,310066,Formiga,3113,Divinópolis
3116605,43311,Cláudio,MG,3109,Oeste de Minas,31043,Divinópolis,310065,Divinópolis,3113,Divinópolis
3164605,52914,São Sebastião do Oeste,MG,3109,Oeste de Minas,31043,Divinópolis,310065,Divinópolis,3113,Divinópolis
3133808,46752,Itaúna,MG,3109,Oeste de Minas,31043,Divinópolis,310065,Divinópolis,3113,Divinópolis
3117603,43516,Conceição do Pará,MG,3109,Oeste de Minas,31043,Divinópolis,310065,Divinópolis,3113,Divinópolis
3145208,49034,Nova Serrana,MG,3109,Oeste de Minas,31043,Divinópolis,310065,Divinópolis,3113,Divinópolis
3161809,52353,São Gonçalo do Pará,MG,3109,Oeste de Minas,31043,Divinópolis,310065,Divinópolis,3113,Divinópolis
3122306,44458,Divinópolis,MG,3109,Oeste de Minas,31043,Divinópolis,310065,Divinópolis,3113,Divinópolis
3160405,52078,Santo Antônio do Monte,MG,3109,Oeste de Minas,31043,Divinópolis,310065,Divinópolis,3113,Divinópolis
3149705,49930,Perdigão,MG,3109,Oeste de Minas,31043,Divinópolis,310065,Divinópolis,3113,Divinópolis
3114204,42838,Carmo do Cajuru,MG,3109,Oeste de Minas,31043,Divinópolis,310065,Divinópolis,3113,Divinópolis
3130200,46035,Igaratinga,MG,3109,Oeste de Minas,31043,Divinópolis,310068,Pará de Minas,3113,Divinópolis
3148905,49778,Pedra do Indaiá,MG,3109,Oeste de Minas,31044,Formiga,310065,Divinópolis,3113,Divinópolis
3110400,42072,Camacho,MG,3109,Oeste de Minas,31044,Formiga,310065,Divinópolis,3113,Divinópolis
3133501,46698,Itapecerica,MG,3109,Oeste de Minas,31044,Formiga,310065,Divinópolis,3113,Divinópolis
3146503,49298,Pains,MG,3109,Oeste de Minas,31044,Formiga,310066,Formiga,3113,Divinópolis
3126109,45217,Formiga,MG,3109,Oeste de Minas,31044,Formiga,310066,Formiga,3113,Divinópolis
3150505,50091,Pimenta,MG,3109,Oeste de Minas,31044,Formiga,310066,Formiga,3113,Divinópolis
3119955,41947,Córrego Fundo,MG,3109,Oeste de Minas,31044,Formiga,310066,Formiga,3113,Divinópolis
3104205,40835,Arcos,MG,3109,Oeste de Minas,31044,Formiga,310066,Formiga,3113,Divinópolis
3149903,49972,Perdões,MG,3109,Oeste de Minas,31045,Campo Belo,310043,Lavras,3108,Varginha
3111903,42374,Cana Verde,MG,3109,Oeste de Minas,31045,Campo Belo,310043,Lavras,3108,Varginha
3112000,42390,Candeias,MG,3109,Oeste de Minas,31045,Campo Belo,310048,Campo Belo,3108,Varginha
3111200,42234,Campo Belo,MG,3109,Oeste de Minas,31045,Campo Belo,310048,Campo Belo,3108,Varginha
3120201,44032,Cristais,MG,3109,Oeste de Minas,31045,Campo Belo,310048,Campo Belo,3108,Varginha
3100807,40150,Aguanil,MG,3109,Oeste de Minas,31045,Campo Belo,310048,Campo Belo,3108,Varginha
3158805,51756,Santana do Jacaré,MG,3109,Oeste de Minas,31045,Campo Belo,310048,Campo Belo,3108,Varginha
3159902,51977,Santo Antônio do Amparo,MG,3109,Oeste de Minas,31046,Oliveira,310043,Lavras,3108,Varginha
3108008,41599,Bom Sucesso,MG,3109,Oeste de Minas,31046,Oliveira,310043,Lavras,3108,Varginha
3130002,45993,Ibituruna,MG,3109,Oeste de Minas,31046,Oliveira,310043,Lavras,3108,Varginha
3114006,42790,Carmo da Mata,MG,3109,Oeste de Minas,31046,Oliveira,310065,Divinópolis,3113,Divinópolis
3161205,52230,São Francisco de Paula,MG,3109,Oeste de Minas,31046,Oliveira,310069,Oliveira,3113,Divinópolis
3150604,50113,Piracema,MG,3109,Oeste de Minas,31046,Oliveira,310069,Oliveira,3113,Divinópolis
3145604,49115,Oliveira,MG,3109,Oeste de Minas,31046,Oliveira,310069,Oliveira,3113,Divinópolis
3147709,49530,Passa Tempo,MG,3109,Oeste de Minas,31046,Oliveira,310069,Oliveira,3113,Divinópolis
3114501,42897,Carmópolis de Minas,MG,3109,Oeste de Minas,31046,Oliveira,310069,Oliveira,3113,Divinópolis
3147907,49573,Passos,MG,3110,Sul/Sudoeste de Minas,31047,Passos,310041,Passos,3108,Varginha
3152907,50571,Pratápolis,MG,3110,Sul/Sudoeste de Minas,31047,Passos,310041,Passos,3108,Varginha
3133758,54453,Itaú de Minas,MG,3110,Sul/Sudoeste de Minas,31047,Passos,310041,Passos,3108,Varginha
3115102,43010,Cássia,MG,3110,Sul/Sudoeste de Minas,31047,Passos,310041,Passos,3108,Varginha
3116407,43273,Claraval,MG,3110,Sul/Sudoeste de Minas,31047,Passos,310041,Passos,3108,Varginha
3107604,41513,Bom Jesus da Penha,MG,3110,Sul/Sudoeste de Minas,31047,Passos,310041,Passos,3108,Varginha
3162203,52434,São João Batista do Glória,MG,3110,Sul/Sudoeste de Minas,31047,Passos,310041,Passos,3108,Varginha
3162948,41645,São José da Barra,MG,3110,Sul/Sudoeste de Minas,31047,Passos,310041,Passos,3108,Varginha
3126307,45250,Fortaleza de Minas,MG,3110,Sul/Sudoeste de Minas,31047,Passos,310041,Passos,3108,Varginha
3129707,45934,Ibiraci,MG,3110,Sul/Sudoeste de Minas,31047,Passos,310041,Passos,3108,Varginha
3112406,42471,Capetinga,MG,3110,Sul/Sudoeste de Minas,31047,Passos,310041,Passos,3108,Varginha
3121209,44237,Delfinópolis,MG,3110,Sul/Sudoeste de Minas,31047,Passos,310041,Passos,3108,Varginha
3101904,40371,Alpinópolis,MG,3110,Sul/Sudoeste de Minas,31047,Passos,310041,Passos,3108,Varginha
3112802,42552,Capitólio,MG,3110,Sul/Sudoeste de Minas,31047,Passos,310049,Piumhi,3108,Varginha
3128709,45730,Guaxupé,MG,3110,Sul/Sudoeste de Minas,31048,São Sebastião do Paraíso,310044,Guaxupé,3108,Varginha
3163904,52779,São Pedro da União,MG,3110,Sul/Sudoeste de Minas,31048,São Sebastião do Paraíso,310044,Guaxupé,3108,Varginha
3144102,48810,Muzambinho,MG,3110,Sul/Sudoeste de Minas,31048,São Sebastião do Paraíso,310044,Guaxupé,3108,Varginha
3145109,49018,Nova Resende,MG,3110,Sul/Sudoeste de Minas,31048,São Sebastião do Paraíso,310044,Guaxupé,3108,Varginha
3128303,45659,Guaranésia,MG,3110,Sul/Sudoeste de Minas,31048,São Sebastião do Paraíso,310044,Guaxupé,3108,Varginha
3104106,40819,Arceburgo,MG,3110,Sul/Sudoeste de Minas,31048,São Sebastião do Paraíso,310044,Guaxupé,3108,Varginha
3136900,47376,Juruaia,MG,3110,Sul/Sudoeste de Minas,31048,São Sebastião do Paraíso,310044,Guaxupé,3108,Varginha
3143005,48593,Monte Belo,MG,3110,Sul/Sudoeste de Minas,31048,São Sebastião do Paraíso,310044,Guaxupé,3108,Varginha
3109501,41890,Cabo Verde,MG,3110,Sul/Sudoeste de Minas,31048,São Sebastião do Paraíso,310044,Guaxupé,3108,Varginha
3165107,53015,São Tomás de Aquino,MG,3110,Sul/Sudoeste de Minas,31048,São Sebastião do Paraíso,310047,São Sebastião do Paraíso,3108,Varginha
3164704,52930,São Sebastião do Paraíso,MG,3110,Sul/Sudoeste de Minas,31048,São Sebastião do Paraíso,310047,São Sebastião do Paraíso,3108,Varginha
3132909,46574,Itamogi,MG,3110,Sul/Sudoeste de Minas,31048,São Sebastião do Paraíso,310047,São Sebastião do Paraíso,3108,Varginha
3143203,48631,Monte Santo de Minas,MG,3110,Sul/Sudoeste de Minas,31048,São Sebastião do Paraíso,310047,São Sebastião do Paraíso,3108,Varginha
3134806,46957,Jacuí,MG,3110,Sul/Sudoeste de Minas,31048,São Sebastião do Paraíso,310047,São Sebastião do Paraíso,3108,Varginha
3114402,42870,Carmo do Rio Claro,MG,3110,Sul/Sudoeste de Minas,31049,Alfenas,310041,Passos,3108,Varginha
3139003,47791,Machado,MG,3110,Sul/Sudoeste de Minas,31049,Alfenas,310042,Alfenas,3108,Varginha
3125200,45039,Fama,MG,3110,Sul/Sudoeste de Minas,31049,Alfenas,310042,Alfenas,3108,Varginha
3101607,40312,Alfenas,MG,3110,Sul/Sudoeste de Minas,31049,Alfenas,310042,Alfenas,3108,Varginha
3114709,42935,Carvalhópolis,MG,3110,Sul/Sudoeste de Minas,31049,Alfenas,310042,Alfenas,3108,Varginha
3104304,40851,Areado,MG,3110,Sul/Sudoeste de Minas,31049,Alfenas,310042,Alfenas,3108,Varginha
3166907,53376,Serrania,MG,3110,Sul/Sudoeste de Minas,31049,Alfenas,310042,Alfenas,3108,Varginha
3151701,50334,Poço Fundo,MG,3110,Sul/Sudoeste de Minas,31049,Alfenas,310042,Alfenas,3108,Varginha
3102001,40398,Alterosa,MG,3110,Sul/Sudoeste de Minas,31049,Alfenas,310042,Alfenas,3108,Varginha
3122405,44474,Divisa Nova,MG,3110,Sul/Sudoeste de Minas,31049,Alfenas,310042,Alfenas,3108,Varginha
3117108,43419,Conceição da Aparecida,MG,3110,Sul/Sudoeste de Minas,31049,Alfenas,310042,Alfenas,3108,Varginha
3147204,49433,Paraguaçu,MG,3110,Sul/Sudoeste de Minas,31049,Alfenas,310042,Alfenas,3108,Varginha
3123601,44717,Elói Mendes,MG,3110,Sul/Sudoeste de Minas,31050,Varginha,310040,Varginha,3108,Varginha
3142601,48518,Monsenhor Paulo,MG,3110,Sul/Sudoeste de Minas,31050,Varginha,310040,Varginha,3108,Varginha
3170701,54135,Varginha,MG,3110,Sul/Sudoeste de Minas,31050,Varginha,310040,Varginha,3108,Varginha
3128105,45616,Guapé,MG,3110,Sul/Sudoeste de Minas,31050,Varginha,310041,Passos,3108,Varginha
3111309,42250,Campo do Meio,MG,3110,Sul/Sudoeste de Minas,31050,Varginha,310042,Alfenas,3108,Varginha
3111606,42315,Campos Gerais,MG,3110,Sul/Sudoeste de Minas,31050,Varginha,310042,Alfenas,3108,Varginha
3113909,42773,Carmo da Cachoeira,MG,3110,Sul/Sudoeste de Minas,31050,Varginha,310045,Três Corações,3108,Varginha
3165206,53031,São Thomé das Letras,MG,3110,Sul/Sudoeste de Minas,31050,Varginha,310045,Três Corações,3108,Varginha
3110905,42170,Campanha,MG,3110,Sul/Sudoeste de Minas,31050,Varginha,310045,Três Corações,3108,Varginha
3169307,53856,Três Corações,MG,3110,Sul/Sudoeste de Minas,31050,Varginha,310045,Três Corações,3108,Varginha
3160801,52159,São Bento Abade,MG,3110,Sul/Sudoeste de Minas,31050,Varginha,310045,Três Corações,3108,Varginha
3107109,41416,Boa Esperança,MG,3110,Sul/Sudoeste de Minas,31050,Varginha,310046,Três Pontas - Boa Esperança,3108,Varginha
3118700,43737,Coqueiral,MG,3110,Sul/Sudoeste de Minas,31050,Varginha,310046,Três Pontas - Boa Esperança,3108,Varginha
3158300,51659,Santana da Vargem,MG,3110,Sul/Sudoeste de Minas,31050,Varginha,310046,Três Pontas - Boa Esperança,3108,Varginha
3169406,53872,Três Pontas,MG,3110,Sul/Sudoeste de Minas,31050,Varginha,310046,Três Pontas - Boa Esperança,3108,Varginha
3130507,46094,Ilicínea,MG,3110,Sul/Sudoeste de Minas,31050,Varginha,310046,Três Pontas - Boa Esperança,3108,Varginha
3134905,46973,Jacutinga,MG,3110,Sul/Sudoeste de Minas,31051,Poços de Caldas,310050,Pouso Alegre,3109,Pouso Alegre
3146008,49190,Ouro Fino,MG,3110,Sul/Sudoeste de Minas,31051,Poços de Caldas,310050,Pouso Alegre,3109,Pouso Alegre
3130606,46116,Inconfidentes,MG,3110,Sul/Sudoeste de Minas,31051,Poços de Caldas,310050,Pouso Alegre,3109,Pouso Alegre
3101409,40274,Albertina,MG,3110,Sul/Sudoeste de Minas,31051,Poços de Caldas,310050,Pouso Alegre,3109,Pouso Alegre
3143401,48674,Monte Sião,MG,3110,Sul/Sudoeste de Minas,31051,Poços de Caldas,310050,Pouso Alegre,3109,Pouso Alegre
3129905,45977,Ibitiúra de Minas,MG,3110,Sul/Sudoeste de Minas,31051,Poços de Caldas,310051,Poços de Caldas,3109,Pouso Alegre
3110301,42056,Caldas,MG,3110,Sul/Sudoeste de Minas,31051,Poços de Caldas,310051,Poços de Caldas,3109,Pouso Alegre
3105301,41050,Bandeira do Sul,MG,3110,Sul/Sudoeste de Minas,31051,Poços de Caldas,310051,Poços de Caldas,3109,Pouso Alegre
3111002,42196,Campestre,MG,3110,Sul/Sudoeste de Minas,31051,Poços de Caldas,310051,Poços de Caldas,3109,Pouso Alegre
3159209,51837,Santa Rita de Caldas,MG,3110,Sul/Sudoeste de Minas,31051,Poços de Caldas,310051,Poços de Caldas,3109,Pouso Alegre
3151800,50350,Poços de Caldas,MG,3110,Sul/Sudoeste de Minas,31051,Poços de Caldas,310051,Poços de Caldas,3109,Pouso Alegre
3102605,40517,Andradas,MG,3110,Sul/Sudoeste de Minas,31051,Poços de Caldas,310051,Poços de Caldas,3109,Pouso Alegre
3108404,41670,Botelhos,MG,3110,Sul/Sudoeste de Minas,31051,Poços de Caldas,310051,Poços de Caldas,3109,Pouso Alegre
3169109,53813,Toledo,MG,3110,Sul/Sudoeste de Minas,31052,Pouso Alegre,310050,Pouso Alegre,3109,Pouso Alegre
3110608,42110,Cambuí,MG,3110,Sul/Sudoeste de Minas,31052,Pouso Alegre,310050,Pouso Alegre,3109,Pouso Alegre
3108305,41653,Borda da Mata,MG,3110,Sul/Sudoeste de Minas,31052,Pouso Alegre,310050,Pouso Alegre,3109,Pouso Alegre
3133600,46710,Itapeva,MG,3110,Sul/Sudoeste de Minas,31052,Pouso Alegre,310050,Pouso Alegre,3109,Pouso Alegre
3143807,48755,Munhoz,MG,3110,Sul/Sudoeste de Minas,31052,Pouso Alegre,310050,Pouso Alegre,3109,Pouso Alegre
3110509,42099,Camanducaia,MG,3110,Sul/Sudoeste de Minas,31052,Pouso Alegre,310050,Pouso Alegre,3109,Pouso Alegre
3124500,44890,Estiva,MG,3110,Sul/Sudoeste de Minas,31052,Pouso Alegre,310050,Pouso Alegre,3109,Pouso Alegre
3165578,40843,Senador Amaral,MG,3110,Sul/Sudoeste de Minas,31052,Pouso Alegre,310050,Pouso Alegre,3109,Pouso Alegre
3169059,42587,Tocos do Moji,MG,3110,Sul/Sudoeste de Minas,31052,Pouso Alegre,310050,Pouso Alegre,3109,Pouso Alegre
3124401,44873,Espírito Santo do Dourado,MG,3110,Sul/Sudoeste de Minas,31052,Pouso Alegre,310050,Pouso Alegre,3109,Pouso Alegre
3131505,46299,Ipuiúna,MG,3110,Sul/Sudoeste de Minas,31052,Pouso Alegre,310050,Pouso Alegre,3109,Pouso Alegre
3125101,45012,Extrema,MG,3110,Sul/Sudoeste de Minas,31052,Pouso Alegre,310050,Pouso Alegre,3109,Pouso Alegre
3152501,50490,Pouso Alegre,MG,3110,Sul/Sudoeste de Minas,31052,Pouso Alegre,310050,Pouso Alegre,3109,Pouso Alegre
3109105,41815,Bueno Brandão,MG,3110,Sul/Sudoeste de Minas,31052,Pouso Alegre,310050,Pouso Alegre,3109,Pouso Alegre
3107901,41572,Bom Repouso,MG,3110,Sul/Sudoeste de Minas,31052,Pouso Alegre,310050,Pouso Alegre,3109,Pouso Alegre
3117900,43575,Congonhal,MG,3110,Sul/Sudoeste de Minas,31052,Pouso Alegre,310050,Pouso Alegre,3109,Pouso Alegre
3119906,43974,Córrego do Bom Jesus,MG,3110,Sul/Sudoeste de Minas,31052,Pouso Alegre,310050,Pouso Alegre,3109,Pouso Alegre
3165800,53155,Senador José Bento,MG,3110,Sul/Sudoeste de Minas,31052,Pouso Alegre,310050,Pouso Alegre,3109,Pouso Alegre
3165404,53074,Sapucaí-Mirim,MG,3110,Sul/Sudoeste de Minas,31052,Pouso Alegre,310052,Itajubá,3109,Pouso Alegre
3127404,45470,Gonçalves,MG,3110,Sul/Sudoeste de Minas,31052,Pouso Alegre,310052,Itajubá,3109,Pouso Alegre
3119005,43796,Cordislândia,MG,3110,Sul/Sudoeste de Minas,31053,Santa Rita do Sapucaí,310040,Varginha,3108,Varginha
3162005,52396,São Gonçalo do Sapucaí,MG,3110,Sul/Sudoeste de Minas,31053,Santa Rita do Sapucaí,310040,Varginha,3108,Varginha
3167400,53473,Silvianópolis,MG,3110,Sul/Sudoeste de Minas,31053,Santa Rita do Sapucaí,310050,Pouso Alegre,3109,Pouso Alegre
3169802,53953,Turvolândia,MG,3110,Sul/Sudoeste de Minas,31053,Santa Rita do Sapucaí,310050,Pouso Alegre,3109,Pouso Alegre
3109709,41939,Cachoeira de Minas,MG,3110,Sul/Sudoeste de Minas,31053,Santa Rita do Sapucaí,310050,Pouso Alegre,3109,Pouso Alegre
3144409,48879,Natércia,MG,3110,Sul/Sudoeste de Minas,31053,Santa Rita do Sapucaí,310050,Pouso Alegre,3109,Pouso Alegre
3117801,43559,Conceição dos Ouros,MG,3110,Sul/Sudoeste de Minas,31053,Santa Rita do Sapucaí,310050,Pouso Alegre,3109,Pouso Alegre
3162302,52450,São João da Mata,MG,3110,Sul/Sudoeste de Minas,31053,Santa Rita do Sapucaí,310050,Pouso Alegre,3109,Pouso Alegre
3113602,42714,Careaçu,MG,3110,Sul/Sudoeste de Minas,31053,Santa Rita do Sapucaí,310050,Pouso Alegre,3109,Pouso Alegre
3164407,52876,São Sebastião da Bela Vista,MG,3110,Sul/Sudoeste de Minas,31053,Santa Rita do Sapucaí,310050,Pouso Alegre,3109,Pouso Alegre
3159605,51918,Santa Rita do Sapucaí,MG,3110,Sul/Sudoeste de Minas,31053,Santa Rita do Sapucaí,310050,Pouso Alegre,3109,Pouso Alegre
3129202,45837,Heliodora,MG,3110,Sul/Sudoeste de Minas,31053,Santa Rita do Sapucaí,310050,Pouso Alegre,3109,Pouso Alegre
3149101,49816,Pedralva,MG,3110,Sul/Sudoeste de Minas,31053,Santa Rita do Sapucaí,310052,Itajubá,3109,Pouso Alegre
3117207,43435,Conceição das Pedras,MG,3110,Sul/Sudoeste de Minas,31053,Santa Rita do Sapucaí,310052,Itajubá,3109,Pouso Alegre
3163201,52639,São José do Alegre,MG,3110,Sul/Sudoeste de Minas,31053,Santa Rita do Sapucaí,310052,Itajubá,3109,Pouso Alegre
3110707,42137,Cambuquira,MG,3110,Sul/Sudoeste de Minas,31054,São Lourenço,310045,Três Corações,3108,Varginha
3135902,47171,Jesuânia,MG,3110,Sul/Sudoeste de Minas,31054,São Lourenço,310053,São Lourenço,3109,Pouso Alegre
3164902,52973,São Sebastião do Rio Verde,MG,3110,Sul/Sudoeste de Minas,31054,São Lourenço,310053,São Lourenço,3109,Pouso Alegre
3152600,50512,Pouso Alto,MG,3110,Sul/Sudoeste de Minas,31054,São Lourenço,310053,São Lourenço,3109,Pouso Alegre
3137809,47554,Lambari,MG,3110,Sul/Sudoeste de Minas,31054,São Lourenço,310053,São Lourenço,3109,Pouso Alegre
3163706,52736,São Lourenço,MG,3110,Sul/Sudoeste de Minas,31054,São Lourenço,310053,São Lourenço,3109,Pouso Alegre
3145505,49093,Olímpio Noronha,MG,3110,Sul/Sudoeste de Minas,31054,São Lourenço,310053,São Lourenço,3109,Pouso Alegre
3167806,53554,Soledade de Minas,MG,3110,Sul/Sudoeste de Minas,31054,São Lourenço,310053,São Lourenço,3109,Pouso Alegre
3114105,42811,Carmo de Minas,MG,3110,Sul/Sudoeste de Minas,31054,São Lourenço,310053,São Lourenço,3109,Pouso Alegre
3147600,49514,Passa Quatro,MG,3110,Sul/Sudoeste de Minas,31054,São Lourenço,310053,São Lourenço,3109,Pouso Alegre
3117702,43532,Conceição do Rio Verde,MG,3110,Sul/Sudoeste de Minas,31054,São Lourenço,310053,São Lourenço,3109,Pouso Alegre
3101300,40258,Alagoa,MG,3110,Sul/Sudoeste de Minas,31054,São Lourenço,310053,São Lourenço,3109,Pouso Alegre
3133006,46590,Itamonte,MG,3110,Sul/Sudoeste de Minas,31054,São Lourenço,310053,São Lourenço,3109,Pouso Alegre
3133105,46612,Itanhandu,MG,3110,Sul/Sudoeste de Minas,31054,São Lourenço,310053,São Lourenço,3109,Pouso Alegre
3115508,43095,Caxambu,MG,3110,Sul/Sudoeste de Minas,31054,São Lourenço,310054,Caxambu - Baependi,3109,Pouso Alegre
3104908,40975,Baependi,MG,3110,Sul/Sudoeste de Minas,31054,São Lourenço,310054,Caxambu - Baependi,3109,Pouso Alegre
3138500,47694,Liberdade,MG,3110,Sul/Sudoeste de Minas,31055,Andrelândia,310027,Juiz de Fora,3106,Juíz de Fora
3102803,40550,Andrelândia,MG,3110,Sul/Sudoeste de Minas,31055,Andrelândia,310027,Juiz de Fora,3106,Juíz de Fora
3103603,40711,Arantina,MG,3110,Sul/Sudoeste de Minas,31055,Andrelândia,310027,Juiz de Fora,3106,Juíz de Fora
3107505,41491,Bom Jardim de Minas,MG,3110,Sul/Sudoeste de Minas,31055,Andrelândia,310027,Juiz de Fora,3106,Juíz de Fora
3107208,41432,Bocaina de Minas,MG,3110,Sul/Sudoeste de Minas,31055,Andrelândia,310027,Juiz de Fora,3106,Juíz de Fora
3147808,49557,Passa-Vinte,MG,3110,Sul/Sudoeste de Minas,31055,Andrelândia,310027,Juiz de Fora,3106,Juíz de Fora
3165305,53058,São Vicente de Minas,MG,3110,Sul/Sudoeste de Minas,31055,Andrelândia,310039,São João del Rei,3107,Barbacena
3114808,42951,Carvalhos,MG,3110,Sul/Sudoeste de Minas,31055,Andrelândia,310054,Caxambu - Baependi,3109,Pouso Alegre
3166402,53279,Seritinga,MG,3110,Sul/Sudoeste de Minas,31055,Andrelândia,310054,Caxambu - Baependi,3109,Pouso Alegre
3101201,40231,Aiuruoca,MG,3110,Sul/Sudoeste de Minas,31055,Andrelândia,310054,Caxambu - Baependi,3109,Pouso Alegre
3167004,53392,Serranos,MG,3110,Sul/Sudoeste de Minas,31055,Andrelândia,310054,Caxambu - Baependi,3109,Pouso Alegre
3141900,48372,Minduri,MG,3110,Sul/Sudoeste de Minas,31055,Andrelândia,310054,Caxambu - Baependi,3109,Pouso Alegre
3120805,44156,Cruzília,MG,3110,Sul/Sudoeste de Minas,31055,Andrelândia,310054,Caxambu - Baependi,3109,Pouso Alegre
3118502,43699,Consolação,MG,3110,Sul/Sudoeste de Minas,31056,Itajubá,310050,Pouso Alegre,3109,Pouso Alegre
3172202,54216,Wenceslau Braz,MG,3110,Sul/Sudoeste de Minas,31056,Itajubá,310052,Itajubá,3109,Pouso Alegre
3150901,50172,Piranguçu,MG,3110,Sul/Sudoeste de Minas,31056,Itajubá,310052,Itajubá,3109,Pouso Alegre
3139904,47970,Maria da Fé,MG,3110,Sul/Sudoeste de Minas,31056,Itajubá,310052,Itajubá,3109,Pouso Alegre
3151008,50199,Piranguinho,MG,3110,Sul/Sudoeste de Minas,31056,Itajubá,310052,Itajubá,3109,Pouso Alegre
3132404,46477,Itajubá,MG,3110,Sul/Sudoeste de Minas,31056,Itajubá,310052,Itajubá,3109,Pouso Alegre
3121100,44210,Delfim Moreira,MG,3110,Sul/Sudoeste de Minas,31056,Itajubá,310052,Itajubá,3109,Pouso Alegre
3140407,48070,Marmelópolis,MG,3110,Sul/Sudoeste de Minas,31056,Itajubá,310052,Itajubá,3109,Pouso Alegre
3147303,49450,Paraisópolis,MG,3110,Sul/Sudoeste de Minas,31056,Itajubá,310052,Itajubá,3109,Pouso Alegre
3108909,41777,Brazópolis,MG,3110,Sul/Sudoeste de Minas,31056,Itajubá,310052,Itajubá,3109,Pouso Alegre
3171709,54356,Virgínia,MG,3110,Sul/Sudoeste de Minas,31056,Itajubá,310053,São Lourenço,3109,Pouso Alegre
3120508,44091,Cristina,MG,3110,Sul/Sudoeste de Minas,31056,Itajubá,310053,São Lourenço,3109,Pouso Alegre
3122801,44555,Dom Viçoso,MG,3110,Sul/Sudoeste de Minas,31056,Itajubá,310053,São Lourenço,3109,Pouso Alegre
3114600,42919,Carrancas,MG,3111,Campo das Vertentes,31057,Lavras,310043,Lavras,3108,Varginha
3138708,47732,Luminárias,MG,3111,Campo das Vertentes,31057,Lavras,310043,Lavras,3108,Varginha
3130804,46159,Ingaí,MG,3111,Campo das Vertentes,31057,Lavras,310043,Lavras,3108,Varginha
3134509,46892,Itutinga,MG,3111,Campo das Vertentes,31057,Lavras,310043,Lavras,3108,Varginha
3154705,50938,Ribeirão Vermelho,MG,3111,Campo das Vertentes,31057,Lavras,310043,Lavras,3108,Varginha
3134301,46850,Itumirim,MG,3111,Campo das Vertentes,31057,Lavras,310043,Lavras,3108,Varginha
3138203,47635,Lavras,MG,3111,Campo das Vertentes,31057,Lavras,310043,Lavras,3108,Varginha
3144607,48917,Nepomuceno,MG,3111,Campo das Vertentes,31057,Lavras,310043,Lavras,3108,Varginha
3130408,46078,Ijaci,MG,3111,Campo das Vertentes,31057,Lavras,310043,Lavras,3108,Varginha
3123007,44598,Dores de Campos,MG,3111,Campo das Vertentes,31058,São João Del Rei,310037,Barbacena,3107,Barbacena
3158706,51730,Santana do Garambéu,MG,3111,Campo das Vertentes,31058,São João Del Rei,310037,Barbacena,3107,Barbacena
3119708,43931,Coronel Xavier Chaves,MG,3111,Campo das Vertentes,31058,São João Del Rei,310039,São João del Rei,3107,Barbacena
3157336,41467,Santa Cruz de Minas,MG,3111,Campo das Vertentes,31058,São João Del Rei,310039,São João del Rei,3107,Barbacena
3162500,52493,São João del Rei,MG,3111,Campo das Vertentes,31058,São João Del Rei,310039,São João del Rei,3107,Barbacena
3156106,51217,Ritápolis,MG,3111,Campo das Vertentes,31058,São João Del Rei,310039,São João del Rei,3107,Barbacena
3152709,50539,Prados,MG,3111,Campo das Vertentes,31058,São João Del Rei,310039,São João del Rei,3107,Barbacena
3139102,47813,Madre de Deus de Minas,MG,3111,Campo das Vertentes,31058,São João Del Rei,310039,São João del Rei,3107,Barbacena
3168804,53759,Tiradentes,MG,3111,Campo das Vertentes,31058,São João Del Rei,310039,São João del Rei,3107,Barbacena
3115201,43036,Conceição da Barra de Minas,MG,3111,Campo das Vertentes,31058,São João Del Rei,310039,São João del Rei,3107,Barbacena
3137403,47473,Lagoa Dourada,MG,3111,Campo das Vertentes,31058,São João Del Rei,310039,São João del Rei,3107,Barbacena
3154200,50830,Resende Costa,MG,3111,Campo das Vertentes,31058,São João Del Rei,310039,São João del Rei,3107,Barbacena
3144508,48895,Nazareno,MG,3111,Campo das Vertentes,31058,São João Del Rei,310039,São João del Rei,3107,Barbacena
3165008,52990,São Tiago,MG,3111,Campo das Vertentes,31058,São João Del Rei,310039,São João del Rei,3107,Barbacena
3150307,50059,Piedade do Rio Grande,MG,3111,Campo das Vertentes,31058,São João Del Rei,310039,São João del Rei,3107,Barbacena
3166204,53236,Senhora dos Remédios,MG,3111,Campo das Vertentes,31059,Barbacena,310037,Barbacena,3107,Barbacena
3101631,40002,Alfredo Vasconcelos,MG,3111,Campo das Vertentes,31059,Barbacena,310037,Barbacena,3107,Barbacena
3102902,40576,Antônio Carlos,MG,3111,Campo das Vertentes,31059,Barbacena,310037,Barbacena,3107,Barbacena
3121506,44296,Desterro do Melo,MG,3111,Campo das Vertentes,31059,Barbacena,310037,Barbacena,3107,Barbacena
3157302,51454,Santa Bárbara do Tugúrio,MG,3111,Campo das Vertentes,31059,Barbacena,310037,Barbacena,3107,Barbacena
3105608,41114,Barbacena,MG,3111,Campo das Vertentes,31059,Barbacena,310037,Barbacena,3107,Barbacena
3129400,45870,Ibertioga,MG,3111,Campo das Vertentes,31059,Barbacena,310037,Barbacena,3107,Barbacena
3105905,41173,Barroso,MG,3111,Campo das Vertentes,31059,Barbacena,310037,Barbacena,3107,Barbacena
3154408,50873,Ressaquinha,MG,3111,Campo das Vertentes,31059,Barbacena,310037,Barbacena,3107,Barbacena
3113107,42617,Caranaíba,MG,3111,Campo das Vertentes,31059,Barbacena,310038,Conselheiro Lafaiete,3107,Barbacena
3113206,42633,Carandaí,MG,3111,Campo das Vertentes,31059,Barbacena,310038,Conselheiro Lafaiete,3107,Barbacena
3112208,42439,Capela Nova,MG,3111,Campo das Vertentes,31059,Barbacena,310038,Conselheiro Lafaiete,3107,Barbacena
3154002,50792,Raul Soares,MG,3112,Zona da Mata,31060,Ponte Nova,310025,Caratinga,3105,Ipatinga
3171154,42560,Vermelho Novo,MG,3112,Zona da Mata,31060,Ponte Nova,310025,Caratinga,3105,Ipatinga
3152105,50415,Ponte Nova,MG,3112,Zona da Mata,31060,Ponte Nova,310030,Ponte Nova,3106,Juíz de Fora
3154903,50970,Rio Casca,MG,3112,Zona da Mata,31060,Ponte Nova,310030,Ponte Nova,3106,Juíz de Fora
3122702,44539,Dom Silvério,MG,3112,Zona da Mata,31060,Ponte Nova,310030,Ponte Nova,3106,Juíz de Fora
3166303,53252,Sericita,MG,3112,Zona da Mata,31060,Ponte Nova,310030,Ponte Nova,3106,Juíz de Fora
3165560,40827,Sem-Peixe,MG,3112,Zona da Mata,31060,Ponte Nova,310030,Ponte Nova,3106,Juíz de Fora
3145851,41220,Oratórios,MG,3112,Zona da Mata,31060,Ponte Nova,310030,Ponte Nova,3106,Juíz de Fora
3105707,41130,Barra Longa,MG,3112,Zona da Mata,31060,Ponte Nova,310030,Ponte Nova,3106,Juíz de Fora
3100401,40070,Acaiaca,MG,3112,Zona da Mata,31060,Ponte Nova,310030,Ponte Nova,3106,Juíz de Fora
3128204,45632,Guaraciaba,MG,3112,Zona da Mata,31060,Ponte Nova,310030,Ponte Nova,3106,Juíz de Fora
3164001,52795,São Pedro dos Ferros,MG,3112,Zona da Mata,31060,Ponte Nova,310030,Ponte Nova,3106,Juíz de Fora
3150208,50032,Piedade de Ponte Nova,MG,3112,Zona da Mata,31060,Ponte Nova,310030,Ponte Nova,3106,Juíz de Fora
3160108,52019,Santo Antônio do Grama,MG,3112,Zona da Mata,31060,Ponte Nova,310030,Ponte Nova,3106,Juíz de Fora
3157401,51470,Santa Cruz do Escalvado,MG,3112,Zona da Mata,31060,Ponte Nova,310030,Ponte Nova,3106,Juíz de Fora
3155009,50997,Rio Doce,MG,3112,Zona da Mata,31060,Ponte Nova,310030,Ponte Nova,3106,Juíz de Fora
3135506,47090,Jequeri,MG,3112,Zona da Mata,31060,Ponte Nova,310030,Ponte Nova,3106,Juíz de Fora
3170503,54097,Urucânia,MG,3112,Zona da Mata,31060,Ponte Nova,310030,Ponte Nova,3106,Juíz de Fora
3153509,50695,Alto Jequitibá,MG,3112,Zona da Mata,31061,Manhuaçu,310028,Manhuaçu,3106,Juíz de Fora
3102050,41661,Alto Caparaó,MG,3112,Zona da Mata,31061,Manhuaçu,310028,Manhuaçu,3106,Juíz de Fora
3100302,40053,Abre Campo,MG,3112,Zona da Mata,31061,Manhuaçu,310028,Manhuaçu,3106,Juíz de Fora
3123528,40169,Durandé,MG,3112,Zona da Mata,31061,Manhuaçu,310028,Manhuaçu,3106,Juíz de Fora
3140530,41041,Martins Soares,MG,3112,Zona da Mata,31061,Manhuaçu,310028,Manhuaçu,3106,Juíz de Fora
3138674,40983,Luisburgo,MG,3112,Zona da Mata,31061,Manhuaçu,310028,Manhuaçu,3106,Juíz de Fora
3112109,42412,Caparaó,MG,3112,Zona da Mata,31061,Manhuaçu,310028,Manhuaçu,3106,Juíz de Fora
3154150,41424,Reduto,MG,3112,Zona da Mata,31061,Manhuaçu,310028,Manhuaçu,3106,Juíz de Fora
3139409,47872,Manhuaçu,MG,3112,Zona da Mata,31061,Manhuaçu,310028,Manhuaçu,3106,Juíz de Fora
3137700,47538,Lajinha,MG,3112,Zona da Mata,31061,Manhuaçu,310028,Manhuaçu,3106,Juíz de Fora
3116001,43192,Chalé,MG,3112,Zona da Mata,31061,Manhuaçu,310028,Manhuaçu,3106,Juíz de Fora
3157906,51578,Santa Margarida,MG,3112,Zona da Mata,31061,Manhuaçu,310028,Manhuaçu,3106,Juíz de Fora
3167608,53511,Simonésia,MG,3112,Zona da Mata,31061,Manhuaçu,310028,Manhuaçu,3106,Juíz de Fora
3140902,48178,Matipó,MG,3112,Zona da Mata,31061,Manhuaçu,310028,Manhuaçu,3106,Juíz de Fora
3163607,52710,São José do Mantimento,MG,3112,Zona da Mata,31061,Manhuaçu,310028,Manhuaçu,3106,Juíz de Fora
3112901,42579,Caputira,MG,3112,Zona da Mata,31061,Manhuaçu,310028,Manhuaçu,3106,Juíz de Fora
3158904,51772,Santana do Manhuaçu,MG,3112,Zona da Mata,31061,Manhuaçu,310028,Manhuaçu,3106,Juíz de Fora
3162559,40720,São João do Manhuaçu,MG,3112,Zona da Mata,31061,Manhuaçu,310028,Manhuaçu,3106,Juíz de Fora
3139508,47899,Manhumirim,MG,3112,Zona da Mata,31061,Manhuaçu,310028,Manhuaçu,3106,Juíz de Fora
3148756,41327,Pedra Bonita,MG,3112,Zona da Mata,31061,Manhuaçu,310034,Carangola,3106,Juíz de Fora
3108701,41734,Brás Pires,MG,3112,Zona da Mata,31062,Viçosa,310029,Ubá,3106,Juíz de Fora
3102506,40495,Amparo do Serra,MG,3112,Zona da Mata,31062,Viçosa,310030,Ponte Nova,3106,Juíz de Fora
3116704,43338,Coimbra,MG,3112,Zona da Mata,31062,Viçosa,310033,Viçosa,3106,Juíz de Fora
3124005,44792,Ervália,MG,3112,Zona da Mata,31062,Viçosa,310033,Viçosa,3106,Juíz de Fora
3152303,50458,Porto Firme,MG,3112,Zona da Mata,31062,Viçosa,310033,Viçosa,3106,Juíz de Fora
3153103,50610,Presidente Bernardes,MG,3112,Zona da Mata,31062,Viçosa,310033,Viçosa,3106,Juíz de Fora
3171303,54275,Viçosa,MG,3112,Zona da Mata,31062,Viçosa,310033,Viçosa,3106,Juíz de Fora
3163805,52752,São Miguel do Anta,MG,3112,Zona da Mata,31062,Viçosa,310033,Viçosa,3106,Juíz de Fora
3110202,42030,Cajuri,MG,3112,Zona da Mata,31062,Viçosa,310033,Viçosa,3106,Juíz de Fora
3168507,53694,Teixeiras,MG,3112,Zona da Mata,31062,Viçosa,310033,Viçosa,3106,Juíz de Fora
3111705,42331,Canaã,MG,3112,Zona da Mata,31062,Viçosa,310033,Viçosa,3106,Juíz de Fora
3148806,49751,Pedra do Anta,MG,3112,Zona da Mata,31062,Viçosa,310033,Viçosa,3106,Juíz de Fora
3148301,49654,Paula Cândido,MG,3112,Zona da Mata,31062,Viçosa,310033,Viçosa,3106,Juíz de Fora
3103702,40738,Araponga,MG,3112,Zona da Mata,31062,Viçosa,310033,Viçosa,3106,Juíz de Fora
3102100,40410,Alto Rio Doce,MG,3112,Zona da Mata,31062,Viçosa,310037,Barbacena,3107,Barbacena
3116308,43257,Cipotânea,MG,3112,Zona da Mata,31062,Viçosa,310037,Barbacena,3107,Barbacena
3150802,50156,Piranga,MG,3112,Zona da Mata,31062,Viçosa,310038,Conselheiro Lafaiete,3107,Barbacena
3155207,51039,Rio Espera,MG,3112,Zona da Mata,31062,Viçosa,310038,Conselheiro Lafaiete,3107,Barbacena
3166006,53198,Senhora de Oliveira,MG,3112,Zona da Mata,31062,Viçosa,310038,Conselheiro Lafaiete,3107,Barbacena
3137908,47570,Lamim,MG,3112,Zona da Mata,31062,Viçosa,310038,Conselheiro Lafaiete,3107,Barbacena
3148202,49638,Patrocínio do Muriaé,MG,3112,Zona da Mata,31063,Muriaé,310031,Muriaé,3106,Juíz de Fora
3124906,44970,Eugenópolis,MG,3112,Zona da Mata,31063,Muriaé,310031,Muriaé,3106,Juíz de Fora
3125952,40207,Fervedouro,MG,3112,Zona da Mata,31063,Muriaé,310031,Muriaé,3106,Juíz de Fora
3156452,40622,Rosário da Limeira,MG,3112,Zona da Mata,31063,Muriaé,310031,Muriaé,3106,Juíz de Fora
3105509,41092,Barão de Monte Alto,MG,3112,Zona da Mata,31063,Muriaé,310031,Muriaé,3106,Juíz de Fora
3103108,40614,Antônio Prado de Minas,MG,3112,Zona da Mata,31063,Muriaé,310031,Muriaé,3106,Juíz de Fora
3142205,48437,Miraí,MG,3112,Zona da Mata,31063,Muriaé,310031,Muriaé,3106,Juíz de Fora
3171402,54291,Vieiras,MG,3112,Zona da Mata,31063,Muriaé,310031,Muriaé,3106,Juíz de Fora
3142106,48410,Miradouro,MG,3112,Zona da Mata,31063,Muriaé,310031,Muriaé,3106,Juíz de Fora
3164431,42340,São Sebastião da Vargem Alegre,MG,3112,Zona da Mata,31063,Muriaé,310031,Muriaé,3106,Juíz de Fora
3143906,48771,Muriaé,MG,3112,Zona da Mata,31063,Muriaé,310031,Muriaé,3106,Juíz de Fora
3161403,52272,São Francisco do Glória,MG,3112,Zona da Mata,31063,Muriaé,310031,Muriaé,3106,Juíz de Fora
3145877,41246,Orizânia,MG,3112,Zona da Mata,31063,Muriaé,310034,Carangola,3106,Juíz de Fora
3149002,49794,Pedra Dourada,MG,3112,Zona da Mata,31063,Muriaé,310034,Carangola,3106,Juíz de Fora
3122009,44393,Divino,MG,3112,Zona da Mata,31063,Muriaé,310034,Carangola,3106,Juíz de Fora
3124203,44830,Espera Feliz,MG,3112,Zona da Mata,31063,Muriaé,310034,Carangola,3106,Juíz de Fora
3125309,45055,Faria Lemos,MG,3112,Zona da Mata,31063,Muriaé,310034,Carangola,3106,Juíz de Fora
3169208,53830,Tombos,MG,3112,Zona da Mata,31063,Muriaé,310034,Carangola,3106,Juíz de Fora
3113305,42650,Carangola,MG,3112,Zona da Mata,31063,Muriaé,310034,Carangola,3106,Juíz de Fora
3110103,42013,Caiana,MG,3112,Zona da Mata,31063,Muriaé,310034,Carangola,3106,Juíz de Fora
3151305,50253,Piraúba,MG,3112,Zona da Mata,31064,Ubá,310029,Ubá,3106,Juíz de Fora
3123304,44652,Dores do Turvo,MG,3112,Zona da Mata,31064,Ubá,310029,Ubá,3106,Juíz de Fora
3156304,51250,Rodeiro,MG,3112,Zona da Mata,31064,Ubá,310029,Ubá,3106,Juíz de Fora
3128402,45675,Guarani,MG,3112,Zona da Mata,31064,Ubá,310029,Ubá,3106,Juíz de Fora
3155801,51152,Rio Pomba,MG,3112,Zona da Mata,31064,Ubá,310029,Ubá,3106,Juíz de Fora
3161502,52299,São Geraldo,MG,3112,Zona da Mata,31064,Ubá,310029,Ubá,3106,Juíz de Fora
3165701,53139,Senador Firmino,MG,3112,Zona da Mata,31064,Ubá,310029,Ubá,3106,Juíz de Fora
3169901,53970,Ubá,MG,3112,Zona da Mata,31064,Ubá,310029,Ubá,3106,Juíz de Fora
3121902,44377,Divinésia,MG,3112,Zona da Mata,31064,Ubá,310029,Ubá,3106,Juíz de Fora
3128808,45756,Guidoval,MG,3112,Zona da Mata,31064,Ubá,310029,Ubá,3106,Juíz de Fora
3129004,45799,Guiricema,MG,3112,Zona da Mata,31064,Ubá,310029,Ubá,3106,Juíz de Fora
3169000,53791,Tocantins,MG,3112,Zona da Mata,31064,Ubá,310029,Ubá,3106,Juíz de Fora
3172004,54410,Visconde do Rio Branco,MG,3112,Zona da Mata,31064,Ubá,310029,Ubá,3106,Juíz de Fora
3167301,53457,Silveirânia,MG,3112,Zona da Mata,31064,Ubá,310029,Ubá,3106,Juíz de Fora
3167905,53570,Tabuleiro,MG,3112,Zona da Mata,31064,Ubá,310029,Ubá,3106,Juíz de Fora
3141603,48313,Mercês,MG,3112,Zona da Mata,31064,Ubá,310029,Ubá,3106,Juíz de Fora
3104601,40916,Astolfo Dutra,MG,3112,Zona da Mata,31064,Ubá,310032,Cataguases,3106,Juíz de Fora
3145406,49077,Olaria,MG,3112,Zona da Mata,31065,Juiz de Fora,310027,Juiz de Fora,3106,Juíz de Fora
3150109,50016,Piau,MG,3112,Zona da Mata,31065,Juiz de Fora,310027,Juiz de Fora,3106,Juíz de Fora
3146602,49310,Paiva,MG,3112,Zona da Mata,31065,Juiz de Fora,310027,Juiz de Fora,3106,Juíz de Fora
3106101,41211,Belmiro Braga,MG,3112,Zona da Mata,31065,Juiz de Fora,310027,Juiz de Fora,3106,Juíz de Fora
3155405,51071,Rio Novo,MG,3112,Zona da Mata,31065,Juiz de Fora,310027,Juiz de Fora,3106,Juíz de Fora
3115904,43176,Chácara,MG,3112,Zona da Mata,31065,Juiz de Fora,310027,Juiz de Fora,3106,Juíz de Fora
3116209,43230,Chiador,MG,3112,Zona da Mata,31065,Juiz de Fora,310027,Juiz de Fora,3106,Juíz de Fora
3103306,40657,Aracitaba,MG,3112,Zona da Mata,31065,Juiz de Fora,310027,Juiz de Fora,3106,Juíz de Fora
3136702,47333,Juiz de Fora,MG,3112,Zona da Mata,31065,Juiz de Fora,310027,Juiz de Fora,3106,Juíz de Fora
3149408,49875,Pedro Teixeira,MG,3112,Zona da Mata,31065,Juiz de Fora,310027,Juiz de Fora,3106,Juíz de Fora
3125002,44997,Ewbank da Câmara,MG,3112,Zona da Mata,31065,Juiz de Fora,310027,Juiz de Fora,3106,Juíz de Fora
3127388,42161,Goianá,MG,3112,Zona da Mata,31065,Juiz de Fora,310027,Juiz de Fora,3106,Juíz de Fora
3167509,53490,Simão Pereira,MG,3112,Zona da Mata,31065,Juiz de Fora,310027,Juiz de Fora,3106,Juíz de Fora
3119609,43915,Coronel Pacheco,MG,3112,Zona da Mata,31065,Juiz de Fora,310027,Juiz de Fora,3106,Juíz de Fora
3106804,41351,Bias Fortes,MG,3112,Zona da Mata,31065,Juiz de Fora,310027,Juiz de Fora,3106,Juíz de Fora
3157278,41440,Santa Bárbara do Monte Verde,MG,3112,Zona da Mata,31065,Juiz de Fora,310027,Juiz de Fora,3106,Juíz de Fora
3159308,51853,Santa Rita de Jacutinga,MG,3112,Zona da Mata,31065,Juiz de Fora,310027,Juiz de Fora,3106,Juíz de Fora
3140803,48151,Matias Barbosa,MG,3112,Zona da Mata,31065,Juiz de Fora,310027,Juiz de Fora,3106,Juíz de Fora
3145703,49131,Oliveira Fortes,MG,3112,Zona da Mata,31065,Juiz de Fora,310027,Juiz de Fora,3106,Juíz de Fora
3155900,51179,Rio Preto,MG,3112,Zona da Mata,31065,Juiz de Fora,310027,Juiz de Fora,3106,Juíz de Fora
3138609,47716,Lima Duarte,MG,3112,Zona da Mata,31065,Juiz de Fora,310027,Juiz de Fora,3106,Juíz de Fora
3158607,51713,Santana do Deserto,MG,3112,Zona da Mata,31065,Juiz de Fora,310027,Juiz de Fora,3106,Juíz de Fora
3160702,52132,Santos Dumont,MG,3112,Zona da Mata,31065,Juiz de Fora,310027,Juiz de Fora,3106,Juíz de Fora
3139805,47953,Mar de Espanha,MG,3112,Zona da Mata,31065,Juiz de Fora,310035,São João Nepomuceno - Bicas,3106,Juíz de Fora
3128501,45691,Guarará,MG,3112,Zona da Mata,31065,Juiz de Fora,310035,São João Nepomuceno - Bicas,3106,Juíz de Fora
3140209,48038,Maripá de Minas,MG,3112,Zona da Mata,31065,Juiz de Fora,310035,São João Nepomuceno - Bicas,3106,Juíz de Fora
3156205,51233,Rochedo de Minas,MG,3112,Zona da Mata,31065,Juiz de Fora,310035,São João Nepomuceno - Bicas,3106,Juíz de Fora
3121308,44253,Descoberto,MG,3112,Zona da Mata,31065,Juiz de Fora,310035,São João Nepomuceno - Bicas,3106,Juíz de Fora
3106903,41378,Bicas,MG,3112,Zona da Mata,31065,Juiz de Fora,310035,São João Nepomuceno - Bicas,3106,Juíz de Fora
3162906,52574,São João Nepomuceno,MG,3112,Zona da Mata,31065,Juiz de Fora,310035,São João Nepomuceno - Bicas,3106,Juíz de Fora
3149507,49891,Pequeri,MG,3112,Zona da Mata,31065,Juiz de Fora,310035,São João Nepomuceno - Bicas,3106,Juíz de Fora
3165602,53112,Senador Cortes,MG,3112,Zona da Mata,31065,Juiz de Fora,310035,São João Nepomuceno - Bicas,3106,Juíz de Fora
3159407,51870,Santa Rita de Ibitipoca,MG,3112,Zona da Mata,31065,Juiz de Fora,310037,Barbacena,3107,Barbacena
3138401,47678,Leopoldina,MG,3112,Zona da Mata,31066,Cataguases,310032,Cataguases,3106,Juíz de Fora
3154101,50814,Recreio,MG,3112,Zona da Mata,31066,Cataguases,310032,Cataguases,3106,Juíz de Fora
3146701,49336,Palma,MG,3112,Zona da Mata,31066,Cataguases,310032,Cataguases,3106,Juíz de Fora
3122900,44571,Dona Eusébia,MG,3112,Zona da Mata,31066,Cataguases,310032,Cataguases,3106,Juíz de Fora
3132602,46515,Itamarati de Minas,MG,3112,Zona da Mata,31066,Cataguases,310032,Cataguases,3106,Juíz de Fora
3115300,43052,Cataguases,MG,3112,Zona da Mata,31066,Cataguases,310032,Cataguases,3106,Juíz de Fora
3138005,47597,Laranjal,MG,3112,Zona da Mata,31066,Cataguases,310032,Cataguases,3106,Juíz de Fora
3158409,51675,Santana de Cataguases,MG,3112,Zona da Mata,31066,Cataguases,310032,Cataguases,3106,Juíz de Fora
3104403,40878,Argirita,MG,3112,Zona da Mata,31066,Cataguases,310032,Cataguases,3106,Juíz de Fora
3172103,54437,Volta Grande,MG,3112,Zona da Mata,31066,Cataguases,310036,Além Paraíba,3106,Juíz de Fora
3124609,44911,Estrela Dalva,MG,3112,Zona da Mata,31066,Cataguases,310036,Além Paraíba,3106,Juíz de Fora
3160009,51993,Santo Antônio do Aventureiro,MG,3112,Zona da Mata,31066,Cataguases,310036,Além Paraíba,3106,Juíz de Fora
3151107,50210,Pirapetinga,MG,3112,Zona da Mata,31066,Cataguases,310036,Além Paraíba,3106,Juíz de Fora
3101508,40290,Além Paraíba,MG,3112,Zona da Mata,31066,Cataguases,310036,Além Paraíba,3106,Juíz de Fora
3203304,56650,Mantenópolis,ES,3201,Noroeste Espírito-santense,32001,Barra de São Francisco,320005,Colatina,3203,Colatina
3202108,56413,Ecoporanga,ES,3201,Noroeste Espírito-santense,32001,Barra de São Francisco,320006,Nova Venécia,3203,Colatina
3200904,56170,Barra de São Francisco,ES,3201,Noroeste Espírito-santense,32001,Barra de São Francisco,320006,Nova Venécia,3203,Colatina
3200169,56022,Água Doce do Norte,ES,3201,Noroeste Espírito-santense,32001,Barra de São Francisco,320006,Nova Venécia,3203,Colatina
3201001,56197,Boa Esperança,ES,3201,Noroeste Espírito-santense,32002,Nova Venécia,320003,São Mateus,3202,São Mateus
3204708,56936,São Gabriel da Palha,ES,3201,Noroeste Espírito-santense,32002,Nova Venécia,320005,Colatina,3203,Colatina
3200136,57991,Águia Branca,ES,3201,Noroeste Espírito-santense,32002,Nova Venécia,320005,Colatina,3203,Colatina
3205176,56227,Vila Valério,ES,3201,Noroeste Espírito-santense,32002,Nova Venécia,320005,Colatina,3203,Colatina
3203908,56774,Nova Venécia,ES,3201,Noroeste Espírito-santense,32002,Nova Venécia,320006,Nova Venécia,3203,Colatina
3205150,56081,Vila Pavão,ES,3201,Noroeste Espírito-santense,32002,Nova Venécia,320006,Nova Venécia,3203,Colatina
3204005,56790,Pancas,ES,3201,Noroeste Espírito-santense,32003,Colatina,320005,Colatina,3203,Colatina
3200359,56065,Alto Rio Novo,ES,3201,Noroeste Espírito-santense,32003,Colatina,320005,Colatina,3203,Colatina
3201506,56294,Colatina,ES,3201,Noroeste Espírito-santense,32003,Colatina,320005,Colatina,3203,Colatina
3200805,56154,Baixo Guandu,ES,3201,Noroeste Espírito-santense,32003,Colatina,320005,Colatina,3203,Colatina
3202256,56308,Governador Lindenberg,ES,3201,Noroeste Espírito-santense,32003,Colatina,320005,Colatina,3203,Colatina
3203353,57070,Marilândia,ES,3201,Noroeste Espírito-santense,32003,Colatina,320005,Colatina,3203,Colatina
3204658,56006,São Domingos do Norte,ES,3201,Noroeste Espírito-santense,32003,Colatina,320005,Colatina,3203,Colatina
3204252,56200,Ponto Belo,ES,3202,Litoral Norte Espírito-santense,32004,Montanha,320003,São Mateus,3202,São Mateus
3204104,56812,Pinheiros,ES,3202,Litoral Norte Espírito-santense,32004,Montanha,320003,São Mateus,3202,São Mateus
3203601,56715,Mucurici,ES,3202,Litoral Norte Espírito-santense,32004,Montanha,320003,São Mateus,3202,São Mateus
3203502,56693,Montanha,ES,3202,Litoral Norte Espírito-santense,32004,Montanha,320003,São Mateus,3202,São Mateus
3204906,56979,São Mateus,ES,3202,Litoral Norte Espírito-santense,32005,São Mateus,320003,São Mateus,3202,São Mateus
3204054,57150,Pedro Canário,ES,3202,Litoral Norte Espírito-santense,32005,São Mateus,320003,São Mateus,3202,São Mateus
3201605,56316,Conceição da Barra,ES,3202,Litoral Norte Espírito-santense,32005,São Mateus,320003,São Mateus,3202,São Mateus
3203056,57134,Jaguaré,ES,3202,Litoral Norte Espírito-santense,32005,São Mateus,320003,São Mateus,3202,São Mateus
3202207,56430,Fundão,ES,3202,Litoral Norte Espírito-santense,32006,Linhares,320001,Vitória,3201,Vitória
3203205,56634,Linhares,ES,3202,Litoral Norte Espírito-santense,32006,Linhares,320004,Linhares,3202,São Mateus
3204351,57118,Rio Bananal,ES,3202,Litoral Norte Espírito-santense,32006,Linhares,320004,Linhares,3202,São Mateus
3203130,56626,João Neiva,ES,3202,Litoral Norte Espírito-santense,32006,Linhares,320004,Linhares,3202,São Mateus
3205010,56189,Sooretama,ES,3202,Litoral Norte Espírito-santense,32006,Linhares,320004,Linhares,3202,São Mateus
3200607,56111,Aracruz,ES,3202,Litoral Norte Espírito-santense,32006,Linhares,320004,Linhares,3202,São Mateus
3202504,56499,Ibiraçu,ES,3202,Litoral Norte Espírito-santense,32006,Linhares,320004,Linhares,3202,São Mateus
3200102,56014,Afonso Cláudio,ES,3203,Central Espírito-santense,32007,Afonso Cláudio,320002,Afonso Cláudio - Venda Nova do Imigrante - Santa Maria de Jetibá,3201,Vitória
3201704,56332,Conceição do Castelo,ES,3203,Central Espírito-santense,32007,Afonso Cláudio,320002,Afonso Cláudio - Venda Nova do Imigrante - Santa Maria de Jetibá,3201,Vitória
3203163,57916,Laranja da Terra,ES,3203,Central Espírito-santense,32007,Afonso Cláudio,320002,Afonso Cláudio - Venda Nova do Imigrante - Santa Maria de Jetibá,3201,Vitória
3201902,56375,Domingos Martins,ES,3203,Central Espírito-santense,32007,Afonso Cláudio,320002,Afonso Cláudio - Venda Nova do Imigrante - Santa Maria de Jetibá,3201,Vitória
3203346,56103,Marechal Floriano,ES,3203,Central Espírito-santense,32007,Afonso Cláudio,320002,Afonso Cláudio - Venda Nova do Imigrante - Santa Maria de Jetibá,3201,Vitória
3205069,57975,Venda Nova do Imigrante,ES,3203,Central Espírito-santense,32007,Afonso Cláudio,320002,Afonso Cláudio - Venda Nova do Imigrante - Santa Maria de Jetibá,3201,Vitória
3201159,56146,Brejetuba,ES,3203,Central Espírito-santense,32007,Afonso Cláudio,320002,Afonso Cláudio - Venda Nova do Imigrante - Santa Maria de Jetibá,3201,Vitória
3202900,56570,Itarana,ES,3203,Central Espírito-santense,32008,Santa Teresa,320002,Afonso Cláudio - Venda Nova do Imigrante - Santa Maria de Jetibá,3201,Vitória
3204609,56910,Santa Teresa,ES,3203,Central Espírito-santense,32008,Santa Teresa,320002,Afonso Cláudio - Venda Nova do Imigrante - Santa Maria de Jetibá,3201,Vitória
3204559,57932,Santa Maria de Jetibá,ES,3203,Central Espírito-santense,32008,Santa Teresa,320002,Afonso Cláudio - Venda Nova do Imigrante - Santa Maria de Jetibá,3201,Vitória
3204500,56898,Santa Leopoldina,ES,3203,Central Espírito-santense,32008,Santa Teresa,320002,Afonso Cláudio - Venda Nova do Imigrante - Santa Maria de Jetibá,3201,Vitória
3204955,56162,São Roque do Canaã,ES,3203,Central Espírito-santense,32008,Santa Teresa,320005,Colatina,3203,Colatina
3202702,56537,Itaguaçu,ES,3203,Central Espírito-santense,32008,Santa Teresa,320005,Colatina,3203,Colatina
3205309,57053,Vitória,ES,3203,Central Espírito-santense,32009,Vitória,320001,Vitória,3201,Vitória
3205200,57037,Vila Velha,ES,3203,Central Espírito-santense,32009,Vitória,320001,Vitória,3201,Vitória
3205101,57010,Viana,ES,3203,Central Espírito-santense,32009,Vitória,320001,Vitória,3201,Vitória
3205002,56995,Serra,ES,3203,Central Espírito-santense,32009,Vitória,320001,Vitória,3201,Vitória
3201308,56251,Cariacica,ES,3203,Central Espírito-santense,32009,Vitória,320001,Vitória,3201,Vitória
3200300,56057,Alfredo Chaves,ES,3203,Central Espírito-santense,32010,Guarapari,320001,Vitória,3201,Vitória
3202405,56472,Guarapari,ES,3203,Central Espírito-santense,32010,Guarapari,320001,Vitória,3201,Vitória
3200409,56073,Anchieta,ES,3203,Central Espírito-santense,32010,Guarapari,320001,Vitória,3201,Vitória
3204203,56839,Piúma,ES,3203,Central Espírito-santense,32010,Guarapari,320001,Vitória,3201,Vitória
3202603,56510,Iconha,ES,3203,Central Espírito-santense,32010,Guarapari,320007,Cachoeiro de Itapemirim,3204,Cachoeiro do Itapemirim
3204401,56871,Rio Novo do Sul,ES,3203,Central Espírito-santense,32010,Guarapari,320007,Cachoeiro de Itapemirim,3204,Cachoeiro do Itapemirim
3203007,56596,Iúna,ES,3204,Sul Espírito-santense,32011,Alegre,320008,Alegre,3204,Cachoeiro do Itapemirim
3202652,56049,Irupi,ES,3204,Sul Espírito-santense,32011,Alegre,320008,Alegre,3204,Cachoeiro do Itapemirim
3200201,56030,Alegre,ES,3204,Sul Espírito-santense,32011,Alegre,320008,Alegre,3204,Cachoeiro do Itapemirim
3202009,56391,Dores do Rio Preto,ES,3204,Sul Espírito-santense,32011,Alegre,320008,Alegre,3204,Cachoeiro do Itapemirim
3202306,56456,Guaçuí,ES,3204,Sul Espírito-santense,32011,Alegre,320008,Alegre,3204,Cachoeiro do Itapemirim
3202553,56502,Ibitirama,ES,3204,Sul Espírito-santense,32011,Alegre,320008,Alegre,3204,Cachoeiro do Itapemirim
3202454,57096,Ibatiba,ES,3204,Sul Espírito-santense,32011,Alegre,320008,Alegre,3204,Cachoeiro do Itapemirim
3203700,56731,Muniz Freire,ES,3204,Sul Espírito-santense,32011,Alegre,320008,Alegre,3204,Cachoeiro do Itapemirim
3201803,56359,Divino de São Lourenço,ES,3204,Sul Espírito-santense,32011,Alegre,320008,Alegre,3204,Cachoeiro do Itapemirim
3203809,56758,Muqui,ES,3204,Sul Espírito-santense,32012,Cachoeiro de Itapemirim,320007,Cachoeiro de Itapemirim,3204,Cachoeiro do Itapemirim
3205036,57959,Vargem Alta,ES,3204,Sul Espírito-santense,32012,Cachoeiro de Itapemirim,320007,Cachoeiro de Itapemirim,3204,Cachoeiro do Itapemirim
3203106,56618,Jerônimo Monteiro,ES,3204,Sul Espírito-santense,32012,Cachoeiro de Itapemirim,320007,Cachoeiro de Itapemirim,3204,Cachoeiro do Itapemirim
3200706,56138,Atilio Vivacqua,ES,3204,Sul Espírito-santense,32012,Cachoeiro de Itapemirim,320007,Cachoeiro de Itapemirim,3204,Cachoeiro do Itapemirim
3201407,56278,Castelo,ES,3204,Sul Espírito-santense,32012,Cachoeiro de Itapemirim,320007,Cachoeiro de Itapemirim,3204,Cachoeiro do Itapemirim
3201209,56235,Cachoeiro de Itapemirim,ES,3204,Sul Espírito-santense,32012,Cachoeiro de Itapemirim,320007,Cachoeiro de Itapemirim,3204,Cachoeiro do Itapemirim
3203403,56677,Mimoso do Sul,ES,3204,Sul Espírito-santense,32012,Cachoeiro de Itapemirim,320007,Cachoeiro de Itapemirim,3204,Cachoeiro do Itapemirim
3204807,56952,São José do Calçado,ES,3204,Sul Espírito-santense,32012,Cachoeiro de Itapemirim,320008,Alegre,3204,Cachoeiro do Itapemirim
3201100,56219,Bom Jesus do Norte,ES,3204,Sul Espírito-santense,32012,Cachoeiro de Itapemirim,320008,Alegre,3204,Cachoeiro do Itapemirim
3200508,56090,Apiacá,ES,3204,Sul Espírito-santense,32012,Cachoeiro de Itapemirim,320008,Alegre,3204,Cachoeiro do Itapemirim
3204302,56855,Presidente Kennedy,ES,3204,Sul Espírito-santense,32013,Itapemirim,320007,Cachoeiro de Itapemirim,3204,Cachoeiro do Itapemirim
3202801,56553,Itapemirim,ES,3204,Sul Espírito-santense,32013,Itapemirim,320007,Cachoeiro de Itapemirim,3204,Cachoeiro do Itapemirim
3203320,56120,Marataízes,ES,3204,Sul Espírito-santense,32013,Itapemirim,320007,Cachoeiro de Itapemirim,3204,Cachoeiro do Itapemirim
3302056,59293,Italva,RJ,3301,Noroeste Fluminense,33001,Itaperuna,330010,Campos dos Goytacazes,3304,Campos dos Goytacazes
3306156,58084,Varre-Sai,RJ,3301,Noroeste Fluminense,33001,Itaperuna,330011,Itaperuna,3304,Campos dos Goytacazes
3300605,58114,Bom Jesus do Itabapoana,RJ,3301,Noroeste Fluminense,33001,Itaperuna,330011,Itaperuna,3304,Campos dos Goytacazes
3303104,58610,Natividade,RJ,3301,Noroeste Fluminense,33001,Itaperuna,330011,Itaperuna,3304,Campos dos Goytacazes
3302205,58432,Itaperuna,RJ,3301,Noroeste Fluminense,33001,Itaperuna,330011,Itaperuna,3304,Campos dos Goytacazes
3304102,58815,Porciúncula,RJ,3301,Noroeste Fluminense,33001,Itaperuna,330011,Itaperuna,3304,Campos dos Goytacazes
3302304,58459,Laje do Muriaé,RJ,3301,Noroeste Fluminense,33001,Itaperuna,330011,Itaperuna,3304,Campos dos Goytacazes
3305133,58343,São José de Ubá,RJ,3301,Noroeste Fluminense,33002,Santo Antônio de Pádua,330011,Itaperuna,3304,Campos dos Goytacazes
3300159,58181,Aperibé,RJ,3301,Noroeste Fluminense,33002,Santo Antônio de Pádua,330012,Santo Antônio de Pádua,3304,Campos dos Goytacazes
3300902,58173,Cambuci,RJ,3301,Noroeste Fluminense,33002,Santo Antônio de Pádua,330012,Santo Antônio de Pádua,3304,Campos dos Goytacazes
3304706,58939,Santo Antônio de Pádua,RJ,3301,Noroeste Fluminense,33002,Santo Antônio de Pádua,330012,Santo Antônio de Pádua,3304,Campos dos Goytacazes
3302106,58416,Itaocara,RJ,3301,Noroeste Fluminense,33002,Santo Antônio de Pádua,330012,Santo Antônio de Pádua,3304,Campos dos Goytacazes
3303005,58599,Miracema,RJ,3301,Noroeste Fluminense,33002,Santo Antônio de Pádua,330012,Santo Antônio de Pádua,3304,Campos dos Goytacazes
3301157,58068,Cardoso Moreira,RJ,3302,Norte Fluminense,33003,Campos dos Goytacazes,330010,Campos dos Goytacazes,3304,Campos dos Goytacazes
3305000,58998,São João da Barra,RJ,3302,Norte Fluminense,33003,Campos dos Goytacazes,330010,Campos dos Goytacazes,3304,Campos dos Goytacazes
3304755,58289,São Francisco de Itabapoana,RJ,3302,Norte Fluminense,33003,Campos dos Goytacazes,330010,Campos dos Goytacazes,3304,Campos dos Goytacazes
3304805,58955,São Fidélis,RJ,3302,Norte Fluminense,33003,Campos dos Goytacazes,330010,Campos dos Goytacazes,3304,Campos dos Goytacazes
3301009,58190,Campos dos Goytacazes,RJ,3302,Norte Fluminense,33003,Campos dos Goytacazes,330010,Campos dos Goytacazes,3304,Campos dos Goytacazes
3301405,58270,Conceição de Macabu,RJ,3302,Norte Fluminense,33004,Macaé,330014,Macaé - Rio das Ostras,3305,Macaé - Rio das Ostras - Cabo Frio
3302403,58475,Macaé,RJ,3302,Norte Fluminense,33004,Macaé,330014,Macaé - Rio das Ostras,3305,Macaé - Rio das Ostras - Cabo Frio
3304151,58009,Quissamã,RJ,3302,Norte Fluminense,33004,Macaé,330014,Macaé - Rio das Ostras,3305,Macaé - Rio das Ostras - Cabo Frio
3300936,58300,Carapebus,RJ,3302,Norte Fluminense,33004,Macaé,330014,Macaé - Rio das Ostras,3305,Macaé - Rio das Ostras - Cabo Frio
3300225,58220,Areal,RJ,3303,Centro Fluminense,33005,Três Rios,330007,Petrópolis,3303,Petrópolis
3306008,59196,Três Rios,RJ,3303,Centro Fluminense,33005,Três Rios,330009,Três Rios - Paraíba do Sul,3303,Petrópolis
3300951,58165,Comendador Levy Gasparian,RJ,3303,Centro Fluminense,33005,Três Rios,330009,Três Rios - Paraíba do Sul,3303,Petrópolis
3303708,58734,Paraíba do Sul,RJ,3303,Centro Fluminense,33005,Três Rios,330009,Três Rios - Paraíba do Sul,3303,Petrópolis
3305406,59072,Sapucaia,RJ,3303,Centro Fluminense,33005,Três Rios,330009,Três Rios - Paraíba do Sul,3303,Petrópolis
3301504,58297,Cordeiro,RJ,3303,Centro Fluminense,33006,Cantagalo-Cordeiro,330008,Nova Friburgo,3303,Petrópolis
3301207,58238,Carmo,RJ,3303,Centro Fluminense,33006,Cantagalo-Cordeiro,330008,Nova Friburgo,3303,Petrópolis
3301108,58211,Cantagalo,RJ,3303,Centro Fluminense,33006,Cantagalo-Cordeiro,330008,Nova Friburgo,3303,Petrópolis
3302452,58386,Macuco,RJ,3303,Centro Fluminense,33006,Cantagalo-Cordeiro,330008,Nova Friburgo,3303,Petrópolis
3301603,58319,Duas Barras,RJ,3303,Centro Fluminense,33007,Nova Friburgo,330008,Nova Friburgo,3303,Petrópolis
3303401,58670,Nova Friburgo,RJ,3303,Centro Fluminense,33007,Nova Friburgo,330008,Nova Friburgo,3303,Petrópolis
3305703,59137,Sumidouro,RJ,3303,Centro Fluminense,33007,Nova Friburgo,330008,Nova Friburgo,3303,Petrópolis
3300506,58092,Bom Jardim,RJ,3303,Centro Fluminense,33007,Nova Friburgo,330008,Nova Friburgo,3303,Petrópolis
3305901,59170,Trajano de Moraes,RJ,3303,Centro Fluminense,33008,Santa Maria Madalena,330008,Nova Friburgo,3303,Petrópolis
3305307,59056,São Sebastião do Alto,RJ,3303,Centro Fluminense,33008,Santa Maria Madalena,330008,Nova Friburgo,3303,Petrópolis
3304607,58912,Santa Maria Madalena,RJ,3303,Centro Fluminense,33008,Santa Maria Madalena,330008,Nova Friburgo,3303,Petrópolis
3305604,59110,Silva Jardim,RJ,3304,Baixadas,33009,Bacia de São João,330003,Rio Bonito,3301,Rio de Janeiro
3301306,58254,Casimiro de Abreu,RJ,3304,Baixadas,33009,Bacia de São João,330014,Macaé - Rio das Ostras,3305,Macaé - Rio das Ostras - Cabo Frio
3304524,58203,Rio das Ostras,RJ,3304,Baixadas,33009,Bacia de São João,330014,Macaé - Rio das Ostras,3305,Macaé - Rio das Ostras - Cabo Frio
3305505,59099,Saquarema,RJ,3304,Baixadas,33010,Lagos,330001,Rio de Janeiro,3301,Rio de Janeiro
3305208,59030,São Pedro da Aldeia,RJ,3304,Baixadas,33010,Lagos,330013,Cabo Frio,3305,Macaé - Rio das Ostras - Cabo Frio
3301876,58262,Iguaba Grande,RJ,3304,Baixadas,33010,Lagos,330013,Cabo Frio,3305,Macaé - Rio das Ostras - Cabo Frio
3300258,59277,Arraial do Cabo,RJ,3304,Baixadas,33010,Lagos,330013,Cabo Frio,3305,Macaé - Rio das Ostras - Cabo Frio
3300233,58408,Armação dos Búzios,RJ,3304,Baixadas,33010,Lagos,330013,Cabo Frio,3305,Macaé - Rio das Ostras - Cabo Frio
3300209,58033,Araruama,RJ,3304,Baixadas,33010,Lagos,330013,Cabo Frio,3305,Macaé - Rio das Ostras - Cabo Frio
3300704,58130,Cabo Frio,RJ,3304,Baixadas,33010,Lagos,330013,Cabo Frio,3305,Macaé - Rio das Ostras - Cabo Frio
3304409,58874,Rio Claro,RJ,3305,Sul Fluminense,33011,Vale do Paraíba Fluminense,330004,Volta Redonda - Barra Mansa,3302,Volta Redonda - Barra Mansa
3306305,59250,Volta Redonda,RJ,3305,Sul Fluminense,33011,Vale do Paraíba Fluminense,330004,Volta Redonda - Barra Mansa,3302,Volta Redonda - Barra Mansa
3300407,58076,Barra Mansa,RJ,3305,Sul Fluminense,33011,Vale do Paraíba Fluminense,330004,Volta Redonda - Barra Mansa,3302,Volta Redonda - Barra Mansa
3304003,58793,Piraí,RJ,3305,Sul Fluminense,33011,Vale do Paraíba Fluminense,330004,Volta Redonda - Barra Mansa,3302,Volta Redonda - Barra Mansa
3303955,58246,Pinheiral,RJ,3305,Sul Fluminense,33011,Vale do Paraíba Fluminense,330004,Volta Redonda - Barra Mansa,3302,Volta Redonda - Barra Mansa
3302254,58440,Itatiaia,RJ,3305,Sul Fluminense,33011,Vale do Paraíba Fluminense,330005,Resende,3302,Volta Redonda - Barra Mansa
3304128,58025,Quatis,RJ,3305,Sul Fluminense,33011,Vale do Paraíba Fluminense,330005,Resende,3302,Volta Redonda - Barra Mansa
3304201,58831,Resende,RJ,3305,Sul Fluminense,33011,Vale do Paraíba Fluminense,330005,Resende,3302,Volta Redonda - Barra Mansa
3304110,58327,Porto Real,RJ,3305,Sul Fluminense,33011,Vale do Paraíba Fluminense,330005,Resende,3302,Volta Redonda - Barra Mansa
3300308,58050,Barra do Piraí,RJ,3305,Sul Fluminense,33012,Barra do Piraí,330004,Volta Redonda - Barra Mansa,3302,Volta Redonda - Barra Mansa
3304508,58890,Rio das Flores,RJ,3305,Sul Fluminense,33012,Barra do Piraí,330006,Valença,3302,Volta Redonda - Barra Mansa
3306107,59218,Valença,RJ,3305,Sul Fluminense,33012,Barra do Piraí,330006,Valença,3302,Volta Redonda - Barra Mansa
3303807,58750,Paraty,RJ,3305,Sul Fluminense,33013,Baía da Ilha Grande,330002,Angra dos Reis,3301,Rio de Janeiro
3300100,58017,Angra dos Reis,RJ,3305,Sul Fluminense,33013,Baía da Ilha Grande,330002,Angra dos Reis,3301,Rio de Janeiro
3303609,58718,Paracambi,RJ,3306,Metropolitana do Rio de Janeiro,33014,Vassouras,330001,Rio de Janeiro,3301,Rio de Janeiro
3301801,58351,Engenheiro Paulo de Frontin,RJ,3306,Metropolitana do Rio de Janeiro,33014,Vassouras,330004,Volta Redonda - Barra Mansa,3302,Volta Redonda - Barra Mansa
3302809,58556,Mendes,RJ,3306,Metropolitana do Rio de Janeiro,33014,Vassouras,330004,Volta Redonda - Barra Mansa,3302,Volta Redonda - Barra Mansa
3303856,59315,Paty do Alferes,RJ,3306,Metropolitana do Rio de Janeiro,33014,Vassouras,330006,Valença,3302,Volta Redonda - Barra Mansa
3302908,58572,Miguel Pereira,RJ,3306,Metropolitana do Rio de Janeiro,33014,Vassouras,330006,Valença,3302,Volta Redonda - Barra Mansa
3306206,59234,Vassouras,RJ,3306,Metropolitana do Rio de Janeiro,33014,Vassouras,330006,Valença,3302,Volta Redonda - Barra Mansa
3305158,59331,São José do Vale do Rio Preto,RJ,3306,Metropolitana do Rio de Janeiro,33015,Serrana,330007,Petrópolis,3303,Petrópolis
3303906,58777,Petrópolis,RJ,3306,Metropolitana do Rio de Janeiro,33015,Serrana,330007,Petrópolis,3303,Petrópolis
3305802,59153,Teresópolis,RJ,3306,Metropolitana do Rio de Janeiro,33015,Serrana,330007,Petrópolis,3303,Petrópolis
3304300,58858,Rio Bonito,RJ,3306,Metropolitana do Rio de Janeiro,33016,Macacu-Caceribu,330003,Rio Bonito,3301,Rio de Janeiro
3300803,58157,Cachoeiras de Macacu,RJ,3306,Metropolitana do Rio de Janeiro,33016,Macacu-Caceribu,330003,Rio Bonito,3301,Rio de Janeiro
3302601,58513,Mangaratiba,RJ,3306,Metropolitana do Rio de Janeiro,33017,Itaguaí,330001,Rio de Janeiro,3301,Rio de Janeiro
3302007,58394,Itaguaí,RJ,3306,Metropolitana do Rio de Janeiro,33017,Itaguaí,330001,Rio de Janeiro,3301,Rio de Janeiro
3305554,58424,Seropédica,RJ,3306,Metropolitana do Rio de Janeiro,33017,Itaguaí,330001,Rio de Janeiro,3301,Rio de Janeiro
3303203,58637,Nilópolis,RJ,3306,Metropolitana do Rio de Janeiro,33018,Rio de Janeiro,330001,Rio de Janeiro,3301,Rio de Janeiro
3300456,58041,Belford Roxo,RJ,3306,Metropolitana do Rio de Janeiro,33018,Rio de Janeiro,330001,Rio de Janeiro,3301,Rio de Janeiro
3301850,58106,Guapimirim,RJ,3306,Metropolitana do Rio de Janeiro,33018,Rio de Janeiro,330001,Rio de Janeiro,3301,Rio de Janeiro
3305109,59013,São João de Meriti,RJ,3306,Metropolitana do Rio de Janeiro,33018,Rio de Janeiro,330001,Rio de Janeiro,3301,Rio de Janeiro
3304144,58122,Queimados,RJ,3306,Metropolitana do Rio de Janeiro,33018,Rio de Janeiro,330001,Rio de Janeiro,3301,Rio de Janeiro
3303500,58696,Nova Iguaçu,RJ,3306,Metropolitana do Rio de Janeiro,33018,Rio de Janeiro,330001,Rio de Janeiro,3301,Rio de Janeiro
3303302,58653,Niterói,RJ,3306,Metropolitana do Rio de Janeiro,33018,Rio de Janeiro,330001,Rio de Janeiro,3301,Rio de Janeiro
3305752,58360,Tanguá,RJ,3306,Metropolitana do Rio de Janeiro,33018,Rio de Janeiro,330001,Rio de Janeiro,3301,Rio de Janeiro
3302858,58467,Mesquita,RJ,3306,Metropolitana do Rio de Janeiro,33018,Rio de Janeiro,330001,Rio de Janeiro,3301,Rio de Janeiro
3302270,58149,Japeri,RJ,3306,Metropolitana do Rio de Janeiro,33018,Rio de Janeiro,330001,Rio de Janeiro,3301,Rio de Janeiro
3301702,58335,Duque de Caxias,RJ,3306,Metropolitana do Rio de Janeiro,33018,Rio de Janeiro,330001,Rio de Janeiro,3301,Rio de Janeiro
3302502,58491,Magé,RJ,3306,Metropolitana do Rio de Janeiro,33018,Rio de Janeiro,330001,Rio de Janeiro,3301,Rio de Janeiro
3301900,58378,Itaboraí,RJ,3306,Metropolitana do Rio de Janeiro,33018,Rio de Janeiro,330001,Rio de Janeiro,3301,Rio de Janeiro
3304557,60011,Rio de Janeiro,RJ,3306,Metropolitana do Rio de Janeiro,33018,Rio de Janeiro,330001,Rio de Janeiro,3301,Rio de Janeiro
3302700,58530,Maricá,RJ,3306,Metropolitana do Rio de Janeiro,33018,Rio de Janeiro,330001,Rio de Janeiro,3301,Rio de Janeiro
3304904,58971,São Gonçalo,RJ,3306,Metropolitana do Rio de Janeiro,33018,Rio de Janeiro,330001,Rio de Janeiro,3301,Rio de Janeiro
3535200,68055,Palmeira d'Oeste,SP,3501,São José do Rio Preto,35001,Jales,350028,Jales,3507,São José do Rio Preto
3547650,62200,Santa Salete,SP,3501,São José do Rio Preto,35001,Jales,350028,Jales,3507,São José do Rio Preto
3529104,66834,Marinópolis,SP,3501,São José do Rio Preto,35001,Jales,350028,Jales,3507,São José do Rio Preto
3503950,61522,Aspásia,SP,3501,São José do Rio Preto,35001,Jales,350028,Jales,3507,São José do Rio Preto
3513850,61123,Dirce Reis,SP,3501,São José do Rio Preto,35001,Jales,350028,Jales,3507,São José do Rio Preto
3545704,70157,Santa Albertina,SP,3501,São José do Rio Preto,35001,Jales,350028,Jales,3507,São José do Rio Preto
3555802,72176,Urânia,SP,3501,São José do Rio Preto,35001,Jales,350028,Jales,3507,São José do Rio Preto
3556958,62227,Vitória Brasil,SP,3501,São José do Rio Preto,35001,Jales,350028,Jales,3507,São José do Rio Preto
3502606,61514,Aparecida d'Oeste,SP,3501,São José do Rio Preto,35001,Jales,350028,Jales,3507,São José do Rio Preto
3524808,65978,Jales,SP,3501,São José do Rio Preto,35001,Jales,350028,Jales,3507,São José do Rio Preto
3529658,61964,Mesópolis,SP,3501,São José do Rio Preto,35001,Jales,350028,Jales,3507,São José do Rio Preto
3540408,69094,Populina,SP,3501,São José do Rio Preto,35001,Jales,350028,Jales,3507,São José do Rio Preto
3549003,70815,São Francisco,SP,3501,São José do Rio Preto,35001,Jales,350028,Jales,3507,São José do Rio Preto
3535903,68195,Paranapuã,SP,3501,São José do Rio Preto,35001,Jales,350028,Jales,3507,São José do Rio Preto
3540259,61808,Pontalinda,SP,3501,São José do Rio Preto,35001,Jales,350028,Jales,3507,São José do Rio Preto
3514205,63851,Dolcinópolis,SP,3501,São José do Rio Preto,35001,Jales,350028,Jales,3507,São José do Rio Preto
3547205,70459,Santana da Ponte Pensa,SP,3501,São José do Rio Preto,35001,Jales,350030,Santa Fé do Sul,3507,São José do Rio Preto
3554904,71994,Três Fronteiras,SP,3501,São José do Rio Preto,35001,Jales,350030,Santa Fé do Sul,3507,São José do Rio Preto
3532843,61425,Nova Canaã Paulista,SP,3501,São José do Rio Preto,35001,Jales,350030,Santa Fé do Sul,3507,São José do Rio Preto
3547403,70491,Santa Rita d'Oeste,SP,3501,São José do Rio Preto,35001,Jales,350030,Santa Fé do Sul,3507,São José do Rio Preto
3546108,70238,Santa Clara d'Oeste,SP,3501,São José do Rio Preto,35001,Jales,350030,Santa Fé do Sul,3507,São José do Rio Preto
3546603,70335,Santa Fé do Sul,SP,3501,São José do Rio Preto,35001,Jales,350030,Santa Fé do Sul,3507,São José do Rio Preto
3544509,69914,Rubinéia,SP,3501,São José do Rio Preto,35001,Jales,350030,Santa Fé do Sul,3507,São José do Rio Preto
3555307,72079,Turmalina,SP,3501,São José do Rio Preto,35002,Fernandópolis,350028,Jales,3507,São José do Rio Preto
3520707,65153,Indiaporã,SP,3501,São José do Rio Preto,35002,Fernandópolis,350029,Fernandópolis,3507,São José do Rio Preto
3536901,68390,Pedranópolis,SP,3501,São José do Rio Preto,35002,Fernandópolis,350029,Fernandópolis,3507,São José do Rio Preto
3534757,62383,Ouroeste,SP,3501,São José do Rio Preto,35002,Fernandópolis,350029,Fernandópolis,3507,São José do Rio Preto
3530003,67016,Mira Estrela,SP,3501,São José do Rio Preto,35002,Fernandópolis,350029,Fernandópolis,3507,São José do Rio Preto
3515202,64050,Estrela d'Oeste,SP,3501,São José do Rio Preto,35002,Fernandópolis,350029,Fernandópolis,3507,São José do Rio Preto
3528205,66656,Macedônia,SP,3501,São José do Rio Preto,35002,Fernandópolis,350029,Fernandópolis,3507,São José do Rio Preto
3529609,66931,Meridiano,SP,3501,São José do Rio Preto,35002,Fernandópolis,350029,Fernandópolis,3507,São José do Rio Preto
3515509,64114,Fernandópolis,SP,3501,São José do Rio Preto,35002,Fernandópolis,350029,Fernandópolis,3507,São José do Rio Preto
3549201,70858,São João das Duas Pontes,SP,3501,São José do Rio Preto,35002,Fernandópolis,350029,Fernandópolis,3507,São José do Rio Preto
3518008,64610,Guarani d'Oeste,SP,3501,São José do Rio Preto,35002,Fernandópolis,350029,Fernandópolis,3507,São José do Rio Preto
3536257,61824,Parisi,SP,3501,São José do Rio Preto,35003,Votuporanga,350027,Votuporanga,3507,São José do Rio Preto
3501806,61352,Américo de Campos,SP,3501,São José do Rio Preto,35003,Votuporanga,350027,Votuporanga,3507,São José do Rio Preto
3557105,72451,Votuporanga,SP,3501,São José do Rio Preto,35003,Votuporanga,350027,Votuporanga,3507,São José do Rio Preto
3510708,63150,Cardoso,SP,3501,São José do Rio Preto,35003,Votuporanga,350027,Votuporanga,3507,São José do Rio Preto
3512902,63592,Cosmorama,SP,3501,São José do Rio Preto,35003,Votuporanga,350027,Votuporanga,3507,São José do Rio Preto
3556107,72230,Valentim Gentil,SP,3501,São José do Rio Preto,35003,Votuporanga,350027,Votuporanga,3507,São José do Rio Preto
3540309,69078,Pontes Gestal,SP,3501,São José do Rio Preto,35003,Votuporanga,350027,Votuporanga,3507,São José do Rio Preto
3501202,61239,Álvares Florence,SP,3501,São José do Rio Preto,35003,Votuporanga,350027,Votuporanga,3507,São José do Rio Preto
3544202,69850,Riolândia,SP,3501,São José do Rio Preto,35003,Votuporanga,350027,Votuporanga,3507,São José do Rio Preto
3557154,61921,Zacarias,SP,3501,São José do Rio Preto,35004,São José do Rio Preto,350023,Birigui - Penápolis,3506,Araçatuba
3530409,67091,Mirassolândia,SP,3501,São José do Rio Preto,35004,São José do Rio Preto,350025,São José do Rio Preto,3507,São José do Rio Preto
3511300,63274,Cedral,SP,3501,São José do Rio Preto,35004,São José do Rio Preto,350025,São José do Rio Preto,3507,São José do Rio Preto
3504800,61956,Bálsamo,SP,3501,São José do Rio Preto,35004,São José do Rio Preto,350025,São José do Rio Preto,3507,São José do Rio Preto
3536604,68330,Paulo de Faria,SP,3501,São José do Rio Preto,35004,São José do Rio Preto,350025,São José do Rio Preto,3507,São José do Rio Preto
3533007,67610,Nova Granada,SP,3501,São José do Rio Preto,35004,São José do Rio Preto,350025,São José do Rio Preto,3507,São José do Rio Preto
3532801,67571,Nova Aliança,SP,3501,São José do Rio Preto,35004,São José do Rio Preto,350025,São José do Rio Preto,3507,São José do Rio Preto
3540804,69175,Potirendaba,SP,3501,São José do Rio Preto,35004,São José do Rio Preto,350025,São José do Rio Preto,3507,São José do Rio Preto
3555356,61468,Ubarana,SP,3501,São José do Rio Preto,35004,São José do Rio Preto,350025,São José do Rio Preto,3507,São José do Rio Preto
3534005,67814,Onda Verde,SP,3501,São José do Rio Preto,35004,São José do Rio Preto,350025,São José do Rio Preto,3507,São José do Rio Preto
3519808,64971,Icém,SP,3501,São José do Rio Preto,35004,São José do Rio Preto,350025,São José do Rio Preto,3507,São José do Rio Preto
3521150,62243,Ipiguá,SP,3501,São José do Rio Preto,35004,São José do Rio Preto,350025,São José do Rio Preto,3507,São José do Rio Preto
3524501,65919,Jaci,SP,3501,São José do Rio Preto,35004,São José do Rio Preto,350025,São José do Rio Preto,3507,São José do Rio Preto
3530300,67075,Mirassol,SP,3501,São José do Rio Preto,35004,São José do Rio Preto,350025,São José do Rio Preto,3507,São José do Rio Preto
3534203,67857,Orindiúva,SP,3501,São José do Rio Preto,35004,São José do Rio Preto,350025,São José do Rio Preto,3507,São José do Rio Preto
3500204,61034,Adolfo,SP,3501,São José do Rio Preto,35004,São José do Rio Preto,350025,São José do Rio Preto,3507,São José do Rio Preto
3500907,61174,Altair,SP,3501,São José do Rio Preto,35004,São José do Rio Preto,350025,São José do Rio Preto,3507,São José do Rio Preto
3525706,66150,José Bonifácio,SP,3501,São José do Rio Preto,35004,São José do Rio Preto,350025,São José do Rio Preto,3507,São José do Rio Preto
3553401,71692,Tanabi,SP,3501,São José do Rio Preto,35004,São José do Rio Preto,350025,São José do Rio Preto,3507,São José do Rio Preto
3504602,61913,Bady Bassitt,SP,3501,São José do Rio Preto,35004,São José do Rio Preto,350025,São José do Rio Preto,3507,São José do Rio Preto
3529500,66915,Mendonça,SP,3501,São José do Rio Preto,35004,São José do Rio Preto,350025,São José do Rio Preto,3507,São José do Rio Preto
3549805,70971,São José do Rio Preto,SP,3501,São José do Rio Preto,35004,São José do Rio Preto,350025,São José do Rio Preto,3507,São José do Rio Preto
3517505,64513,Guapiaçu,SP,3501,São José do Rio Preto,35004,São José do Rio Preto,350025,São José do Rio Preto,3507,São José do Rio Preto
3539608,68934,Planalto,SP,3501,São José do Rio Preto,35004,São José do Rio Preto,350025,São José do Rio Preto,3507,São José do Rio Preto
3519402,64890,Ibirá,SP,3501,São José do Rio Preto,35004,São José do Rio Preto,350025,São José do Rio Preto,3507,São José do Rio Preto
3535002,68012,Palestina,SP,3501,São José do Rio Preto,35004,São José do Rio Preto,350025,São José do Rio Preto,3507,São José do Rio Preto
3555604,72133,Uchoa,SP,3501,São José do Rio Preto,35004,São José do Rio Preto,350025,São José do Rio Preto,3507,São José do Rio Preto
3533908,67792,Olímpia,SP,3501,São José do Rio Preto,35004,São José do Rio Preto,350032,Barretos,3508,Ribeirão Preto
3517901,64599,Guaraci,SP,3501,São José do Rio Preto,35004,São José do Rio Preto,350032,Barretos,3508,Ribeirão Preto
3503703,61735,Ariranha,SP,3501,São José do Rio Preto,35005,Catanduva,350026,Catanduva,3507,São José do Rio Preto
3511102,63231,Catanduva,SP,3501,São José do Rio Preto,35005,Catanduva,350026,Catanduva,3507,São José do Rio Preto
3552601,71536,Tabapuã,SP,3501,São José do Rio Preto,35005,Catanduva,350026,Catanduva,3507,São José do Rio Preto
3514957,61182,Embaúba,SP,3501,São José do Rio Preto,35005,Catanduva,350026,Catanduva,3507,São José do Rio Preto
3514924,61760,Elisiário,SP,3501,São José do Rio Preto,35005,Catanduva,350026,Catanduva,3507,São José do Rio Preto
3538105,68632,Pindorama,SP,3501,São José do Rio Preto,35005,Catanduva,350026,Catanduva,3507,São José do Rio Preto
3535705,68152,Paraíso,SP,3501,São José do Rio Preto,35005,Catanduva,350026,Catanduva,3507,São José do Rio Preto
3533254,61409,Novais,SP,3501,São José do Rio Preto,35005,Catanduva,350026,Catanduva,3507,São José do Rio Preto
3511201,63258,Catiguá,SP,3501,São José do Rio Preto,35005,Catanduva,350026,Catanduva,3507,São José do Rio Preto
3545605,70130,Santa Adélia,SP,3501,São José do Rio Preto,35005,Catanduva,350026,Catanduva,3507,São José do Rio Preto
3535101,68039,Palmares Paulista,SP,3501,São José do Rio Preto,35005,Catanduva,350026,Catanduva,3507,São José do Rio Preto
3551900,71390,Severínia,SP,3501,São José do Rio Preto,35005,Catanduva,350032,Barretos,3508,Ribeirão Preto
3509304,62871,Cajobi,SP,3501,São José do Rio Preto,35005,Catanduva,350032,Barretos,3508,Ribeirão Preto
3504206,61832,Auriflama,SP,3501,São José do Rio Preto,35006,Auriflama,350022,Araçatuba,3506,Araçatuba
3528304,66672,Magda,SP,3501,São José do Rio Preto,35006,Auriflama,350022,Araçatuba,3506,Araçatuba
3532868,62367,Nova Castilho,SP,3501,São José do Rio Preto,35006,Auriflama,350022,Araçatuba,3506,Araçatuba
3516804,64378,Gastão Vidigal,SP,3501,São José do Rio Preto,35006,Auriflama,350022,Araçatuba,3506,Araçatuba
3516903,64394,General Salgado,SP,3501,São José do Rio Preto,35006,Auriflama,350022,Araçatuba,3506,Araçatuba
3518909,64793,Guzolândia,SP,3501,São José do Rio Preto,35006,Auriflama,350022,Araçatuba,3506,Araçatuba
3533304,67679,Nova Luzitânia,SP,3501,São José do Rio Preto,35006,Auriflama,350022,Araçatuba,3506,Araçatuba
3515905,64190,Floreal,SP,3501,São José do Rio Preto,35006,Auriflama,350027,Votuporanga,3507,São José do Rio Preto
3549250,61883,São João de Iracema,SP,3501,São José do Rio Preto,35006,Auriflama,350029,Fernandópolis,3507,São José do Rio Preto
3531001,67210,Monções,SP,3501,São José do Rio Preto,35007,Nhandeara,350022,Araçatuba,3506,Araçatuba
3528106,66630,Macaubal,SP,3501,São José do Rio Preto,35007,Nhandeara,350025,São José do Rio Preto,3507,São José do Rio Preto
3532702,67555,Nipoã,SP,3501,São José do Rio Preto,35007,Nhandeara,350025,São José do Rio Preto,3507,São José do Rio Preto
3531407,67296,Monte Aprazível,SP,3501,São José do Rio Preto,35007,Nhandeara,350025,São José do Rio Preto,3507,São José do Rio Preto
3539905,68993,Poloni,SP,3501,São José do Rio Preto,35007,Nhandeara,350025,São José do Rio Preto,3507,São José do Rio Preto
3555703,72150,União Paulista,SP,3501,São José do Rio Preto,35007,Nhandeara,350025,São José do Rio Preto,3507,São José do Rio Preto
3532504,67512,Neves Paulista,SP,3501,São José do Rio Preto,35007,Nhandeara,350025,São José do Rio Preto,3507,São José do Rio Preto
3551306,71277,Sebastianópolis do Sul,SP,3501,São José do Rio Preto,35007,Nhandeara,350027,Votuporanga,3507,São José do Rio Preto
3532603,67539,Nhandeara,SP,3501,São José do Rio Preto,35007,Nhandeara,350027,Votuporanga,3507,São José do Rio Preto
3544806,69973,Sales,SP,3501,São José do Rio Preto,35008,Novo Horizonte,350025,São José do Rio Preto,3507,São José do Rio Preto
3521507,65315,Irapuã,SP,3501,São José do Rio Preto,35008,Novo Horizonte,350025,São José do Rio Preto,3507,São José do Rio Preto
3533502,67717,Novo Horizonte,SP,3501,São José do Rio Preto,35008,Novo Horizonte,350025,São José do Rio Preto,3507,São José do Rio Preto
3556008,72214,Urupês,SP,3501,São José do Rio Preto,35008,Novo Horizonte,350025,São José do Rio Preto,3507,São José do Rio Preto
3528858,61867,Marapoama,SP,3501,São José do Rio Preto,35008,Novo Horizonte,350026,Catanduva,3507,São José do Rio Preto
3521903,65390,Itajobi,SP,3501,São José do Rio Preto,35008,Novo Horizonte,350026,Catanduva,3507,São José do Rio Preto
3512100,63436,Colômbia,SP,3502,Ribeirão Preto,35009,Barretos,350032,Barretos,3508,Ribeirão Preto
3505500,62090,Barretos,SP,3502,Ribeirão Preto,35009,Barretos,350032,Barretos,3508,Ribeirão Preto
3512001,63410,Colina,SP,3502,Ribeirão Preto,35009,Barretos,350032,Barretos,3508,Ribeirão Preto
3517406,64491,Guaíra,SP,3502,Ribeirão Preto,35010,São Joaquim da Barra,350032,Barretos,3508,Ribeirão Preto
3524204,65854,Jaborandi,SP,3502,Ribeirão Preto,35010,São Joaquim da Barra,350032,Barretos,3508,Ribeirão Preto
3521309,65277,Ipuã,SP,3502,Ribeirão Preto,35010,São Joaquim da Barra,350034,São Joaquim da Barra ¿ Orlândia,3508,Ribeirão Preto
3533601,67733,Nuporanga,SP,3502,Ribeirão Preto,35010,São Joaquim da Barra,350034,São Joaquim da Barra ¿ Orlândia,3508,Ribeirão Preto
3544905,69990,Sales Oliveira,SP,3502,Ribeirão Preto,35010,São Joaquim da Barra,350034,São Joaquim da Barra ¿ Orlândia,3508,Ribeirão Preto
3534302,67873,Orlândia,SP,3502,Ribeirão Preto,35010,São Joaquim da Barra,350034,São Joaquim da Barra ¿ Orlândia,3508,Ribeirão Preto
3531902,67393,Morro Agudo,SP,3502,Ribeirão Preto,35010,São Joaquim da Barra,350034,São Joaquim da Barra ¿ Orlândia,3508,Ribeirão Preto
3549409,70890,São Joaquim da Barra,SP,3502,Ribeirão Preto,35010,São Joaquim da Barra,350034,São Joaquim da Barra ¿ Orlândia,3508,Ribeirão Preto
3529708,66958,Miguelópolis,SP,3502,Ribeirão Preto,35010,São Joaquim da Barra,350035,Ituverava,3508,Ribeirão Preto
3503000,61590,Aramina,SP,3502,Ribeirão Preto,35011,Ituverava,350035,Ituverava,3508,Ribeirão Preto
3524105,65838,Ituverava,SP,3502,Ribeirão Preto,35011,Ituverava,350035,Ituverava,3508,Ribeirão Preto
3517703,64556,Guará,SP,3502,Ribeirão Preto,35011,Ituverava,350035,Ituverava,3508,Ribeirão Preto
3520103,65030,Igarapava,SP,3502,Ribeirão Preto,35011,Ituverava,350035,Ituverava,3508,Ribeirão Preto
3508207,62650,Buritizal,SP,3502,Ribeirão Preto,35011,Ituverava,350035,Ituverava,3508,Ribeirão Preto
3543105,69639,Ribeirão Corrente,SP,3502,Ribeirão Preto,35012,Franca,350033,Franca,3508,Ribeirão Preto
3537008,68411,Pedregulho,SP,3502,Ribeirão Preto,35012,Franca,350033,Franca,3508,Ribeirão Preto
3513207,63657,Cristais Paulista,SP,3502,Ribeirão Preto,35012,Franca,350033,Franca,3508,Ribeirão Preto
3542701,69558,Restinga,SP,3502,Ribeirão Preto,35012,Franca,350033,Franca,3508,Ribeirão Preto
3516200,64254,Franca,SP,3502,Ribeirão Preto,35012,Franca,350033,Franca,3508,Ribeirão Preto
3549508,70912,São José da Bela Vista,SP,3502,Ribeirão Preto,35012,Franca,350033,Franca,3508,Ribeirão Preto
3523701,65757,Itirapuã,SP,3502,Ribeirão Preto,35012,Franca,350033,Franca,3508,Ribeirão Preto
3525409,66095,Jeriquara,SP,3502,Ribeirão Preto,35012,Franca,350033,Franca,3508,Ribeirão Preto
3536307,68276,Patrocínio Paulista,SP,3502,Ribeirão Preto,35012,Franca,350033,Franca,3508,Ribeirão Preto
3543600,69736,Rifaina,SP,3502,Ribeirão Preto,35012,Franca,350033,Franca,3508,Ribeirão Preto
3515608,64130,Fernando Prestes,SP,3502,Ribeirão Preto,35013,Jaboticabal,350026,Catanduva,3507,São José do Rio Preto
3539004,68810,Pirangi,SP,3502,Ribeirão Preto,35013,Jaboticabal,350026,Catanduva,3507,São José do Rio Preto
3556909,72419,Vista Alegre do Alto,SP,3502,Ribeirão Preto,35013,Jaboticabal,350026,Catanduva,3507,São José do Rio Preto
3524303,65870,Jaboticabal,SP,3502,Ribeirão Preto,35013,Jaboticabal,350031,Ribeirão Preto,3508,Ribeirão Preto
3539509,68918,Pitangueiras,SP,3502,Ribeirão Preto,35013,Jaboticabal,350031,Ribeirão Preto,3508,Ribeirão Preto
3518602,64734,Guariba,SP,3502,Ribeirão Preto,35013,Jaboticabal,350031,Ribeirão Preto,3508,Ribeirão Preto
3546504,70319,Santa Ernestina,SP,3502,Ribeirão Preto,35013,Jaboticabal,350031,Ribeirão Preto,3508,Ribeirão Preto
3531308,67270,Monte Alto,SP,3502,Ribeirão Preto,35013,Jaboticabal,350031,Ribeirão Preto,3508,Ribeirão Preto
3556800,72397,Viradouro,SP,3502,Ribeirão Preto,35013,Jaboticabal,350032,Barretos,3508,Ribeirão Preto
3531506,67318,Monte Azul Paulista,SP,3502,Ribeirão Preto,35013,Jaboticabal,350032,Barretos,3508,Ribeirão Preto
3506102,62219,Bebedouro,SP,3502,Ribeirão Preto,35013,Jaboticabal,350032,Barretos,3508,Ribeirão Preto
3553203,71650,Taiúva,SP,3502,Ribeirão Preto,35013,Jaboticabal,350032,Barretos,3508,Ribeirão Preto
3553104,71633,Taiaçu,SP,3502,Ribeirão Preto,35013,Jaboticabal,350032,Barretos,3508,Ribeirão Preto
3554409,71897,Terra Roxa,SP,3502,Ribeirão Preto,35013,Jaboticabal,350032,Barretos,3508,Ribeirão Preto
3553658,62260,Taquaral,SP,3502,Ribeirão Preto,35013,Jaboticabal,350032,Barretos,3508,Ribeirão Preto
3553708,71757,Taquaritinga,SP,3502,Ribeirão Preto,35013,Jaboticabal,350036,Araraquara,3509,Araraquara
3510104,63037,Cândido Rodrigues,SP,3502,Ribeirão Preto,35013,Jaboticabal,350036,Araraquara,3509,Araraquara
3550902,71196,São Simão,SP,3502,Ribeirão Preto,35014,Ribeirão Preto,350031,Ribeirão Preto,3508,Ribeirão Preto
3551405,71293,Serra Azul,SP,3502,Ribeirão Preto,35014,Ribeirão Preto,350031,Ribeirão Preto,3508,Ribeirão Preto
3543402,69698,Ribeirão Preto,SP,3502,Ribeirão Preto,35014,Ribeirão Preto,350031,Ribeirão Preto,3508,Ribeirão Preto
3514601,63932,Dumont,SP,3502,Ribeirão Preto,35014,Ribeirão Preto,350031,Ribeirão Preto,3508,Ribeirão Preto
3513108,63630,Cravinhos,SP,3502,Ribeirão Preto,35014,Ribeirão Preto,350031,Ribeirão Preto,3508,Ribeirão Preto
3525102,66036,Jardinópolis,SP,3502,Ribeirão Preto,35014,Ribeirão Preto,350031,Ribeirão Preto,3508,Ribeirão Preto
3551504,71315,Serrana,SP,3502,Ribeirão Preto,35014,Ribeirão Preto,350031,Ribeirão Preto,3508,Ribeirão Preto
3547601,70530,Santa Rosa de Viterbo,SP,3502,Ribeirão Preto,35014,Ribeirão Preto,350031,Ribeirão Preto,3508,Ribeirão Preto
3507803,62570,Brodowski,SP,3502,Ribeirão Preto,35014,Ribeirão Preto,350031,Ribeirão Preto,3508,Ribeirão Preto
3527603,66532,Luís Antônio,SP,3502,Ribeirão Preto,35014,Ribeirão Preto,350031,Ribeirão Preto,3508,Ribeirão Preto
3551702,71358,Sertãozinho,SP,3502,Ribeirão Preto,35014,Ribeirão Preto,350031,Ribeirão Preto,3508,Ribeirão Preto
3540903,69191,Pradópolis,SP,3502,Ribeirão Preto,35014,Ribeirão Preto,350031,Ribeirão Preto,3508,Ribeirão Preto
3540200,69051,Pontal,SP,3502,Ribeirão Preto,35014,Ribeirão Preto,350031,Ribeirão Preto,3508,Ribeirão Preto
3505609,62111,Barrinha,SP,3502,Ribeirão Preto,35014,Ribeirão Preto,350031,Ribeirão Preto,3508,Ribeirão Preto
3518859,61107,Guatapará,SP,3502,Ribeirão Preto,35014,Ribeirão Preto,350031,Ribeirão Preto,3508,Ribeirão Preto
3547502,70513,Santa Rita do Passa Quatro,SP,3502,Ribeirão Preto,35014,Ribeirão Preto,350037,São Carlos,3509,Araraquara
3509403,62898,Cajuru,SP,3502,Ribeirão Preto,35015,Batatais,350031,Ribeirão Preto,3508,Ribeirão Preto
3547908,70599,Santo Antônio da Alegria,SP,3502,Ribeirão Preto,35015,Batatais,350031,Ribeirão Preto,3508,Ribeirão Preto
3501004,61190,Altinópolis,SP,3502,Ribeirão Preto,35015,Batatais,350031,Ribeirão Preto,3508,Ribeirão Preto
3505906,62170,Batatais,SP,3502,Ribeirão Preto,35015,Batatais,350031,Ribeirão Preto,3508,Ribeirão Preto
3510906,63193,Cássia dos Coqueiros,SP,3502,Ribeirão Preto,35015,Batatais,350031,Ribeirão Preto,3508,Ribeirão Preto
3546256,62189,Santa Cruz da Esperança,SP,3502,Ribeirão Preto,35015,Batatais,350031,Ribeirão Preto,3508,Ribeirão Preto
3532108,67431,Murutinga do Sul,SP,3503,Araçatuba,35016,Andradina,350024,Andradina,3506,Araçatuba
3523008,65617,Itapura,SP,3503,Araçatuba,35016,Andradina,350024,Andradina,3506,Araçatuba
3502101,61417,Andradina,SP,3503,Araçatuba,35016,Andradina,350024,Andradina,3506,Araçatuba
3517802,64572,Guaraçaí,SP,3503,Araçatuba,35016,Andradina,350024,Andradina,3506,Araçatuba
3511003,63215,Castilho,SP,3503,Araçatuba,35016,Andradina,350024,Andradina,3506,Araçatuba
3520442,61204,Ilha Solteira,SP,3503,Araçatuba,35016,Andradina,350024,Andradina,3506,Araçatuba
3537404,68497,Pereira Barreto,SP,3503,Araçatuba,35016,Andradina,350024,Andradina,3506,Araçatuba
3530102,67032,Mirandópolis,SP,3503,Araçatuba,35016,Andradina,350024,Andradina,3506,Araçatuba
3552304,71471,Sud Mennucci,SP,3503,Araçatuba,35016,Andradina,350024,Andradina,3506,Araçatuba
3533205,67652,Nova Independência,SP,3503,Araçatuba,35016,Andradina,350024,Andradina,3506,Araçatuba
3552551,61301,Suzanápolis,SP,3503,Araçatuba,35016,Andradina,350028,Jales,3507,São José do Rio Preto
3502804,61557,Araçatuba,SP,3503,Araçatuba,35017,Araçatuba,350022,Araçatuba,3506,Araçatuba
3556305,72273,Valparaíso,SP,3503,Araçatuba,35017,Araçatuba,350022,Araçatuba,3506,Araçatuba
3548054,61328,Santo Antônio do Aracanguá,SP,3503,Araçatuba,35017,Araçatuba,350022,Araçatuba,3506,Araçatuba
3518206,64653,Guararapes,SP,3503,Araçatuba,35017,Araçatuba,350022,Araçatuba,3506,Araçatuba
3544400,69892,Rubiácea,SP,3503,Araçatuba,35017,Araçatuba,350022,Araçatuba,3506,Araçatuba
3506201,62235,Bento de Abreu,SP,3503,Araçatuba,35017,Araçatuba,350022,Araçatuba,3506,Araçatuba
3526506,66311,Lavínia,SP,3503,Araçatuba,35017,Araçatuba,350024,Andradina,3506,Araçatuba
3504404,61875,Avanhandava,SP,3503,Araçatuba,35018,Birigui,350023,Birigui - Penápolis,3506,Araçatuba
3507753,62081,Brejo Alegre,SP,3503,Araçatuba,35018,Birigui,350023,Birigui - Penápolis,3506,Araçatuba
3548401,70696,Santópolis do Aguapeí,SP,3503,Araçatuba,35018,Birigui,350023,Birigui - Penápolis,3506,Araçatuba
3527256,62022,Lourdes,SP,3503,Araçatuba,35018,Birigui,350023,Birigui - Penápolis,3506,Araçatuba
3516507,64319,Gabriel Monteiro,SP,3503,Araçatuba,35018,Birigui,350023,Birigui - Penápolis,3506,Araçatuba
3537701,68551,Piacatu,SP,3503,Araçatuba,35018,Birigui,350023,Birigui - Penápolis,3506,Araçatuba
3505104,61999,Barbosa,SP,3503,Araçatuba,35018,Birigui,350023,Birigui - Penápolis,3506,Araçatuba
3512506,63517,Coroados,SP,3503,Araçatuba,35018,Birigui,350023,Birigui - Penápolis,3506,Araçatuba
3506508,62294,Birigui,SP,3503,Araçatuba,35018,Birigui,350023,Birigui - Penápolis,3506,Araçatuba
3537305,68470,Penápolis,SP,3503,Araçatuba,35018,Birigui,350023,Birigui - Penápolis,3506,Araçatuba
3527702,66559,Luiziânia,SP,3503,Araçatuba,35018,Birigui,350023,Birigui - Penápolis,3506,Araçatuba
3511904,63398,Clementina,SP,3503,Araçatuba,35018,Birigui,350023,Birigui - Penápolis,3506,Araçatuba
3508108,62634,Buritama,SP,3503,Araçatuba,35018,Birigui,350023,Birigui - Penápolis,3506,Araçatuba
3501103,61212,Alto Alegre,SP,3503,Araçatuba,35018,Birigui,350023,Birigui - Penápolis,3506,Araçatuba
3506409,62278,Bilac,SP,3503,Araçatuba,35018,Birigui,350023,Birigui - Penápolis,3506,Araçatuba
3507704,62553,Braúna,SP,3503,Araçatuba,35018,Birigui,350023,Birigui - Penápolis,3506,Araçatuba
3555208,72052,Turiúba,SP,3503,Araçatuba,35018,Birigui,350023,Birigui - Penápolis,3506,Araçatuba
3517109,64432,Glicério,SP,3503,Araçatuba,35018,Birigui,350023,Birigui - Penápolis,3506,Araçatuba
3517208,64459,Guaiçara,SP,3504,Bauru,35019,Lins,350012,Lins,3503,Bauru
3541604,69337,Promissão,SP,3504,Bauru,35019,Lins,350012,Lins,3503,Bauru
3527108,66435,Lins,SP,3504,Bauru,35019,Lins,350012,Lins,3503,Bauru
3544608,69930,Sabino,SP,3504,Bauru,35019,Lins,350012,Lins,3503,Bauru
3508801,62774,Cafelândia,SP,3504,Bauru,35019,Lins,350012,Lins,3503,Bauru
3517000,64416,Getulina,SP,3504,Bauru,35019,Lins,350013,Marília,3504,Marília
3517307,64475,Guaimbê,SP,3504,Bauru,35019,Lins,350013,Marília,3504,Marília
3525805,66176,Júlio Mesquita,SP,3504,Bauru,35019,Lins,350013,Marília,3504,Marília
3555505,72117,Ubirajara,SP,3504,Bauru,35020,Bauru,350009,Bauru,3503,Bauru
3504305,61859,Avaí,SP,3504,Bauru,35020,Bauru,350009,Bauru,3503,Bauru
3503406,61670,Arealva,SP,3504,Bauru,35020,Bauru,350009,Bauru,3503,Bauru
3514502,63916,Duartina,SP,3504,Bauru,35020,Bauru,350009,Bauru,3503,Bauru
3507456,61026,Borebi,SP,3504,Bauru,35020,Bauru,350009,Bauru,3503,Bauru
3527504,66516,Lucianópolis,SP,3504,Bauru,35020,Bauru,350009,Bauru,3503,Bauru
3519105,64831,Iacanga,SP,3504,Bauru,35020,Bauru,350009,Bauru,3503,Bauru
3542503,69515,Reginópolis,SP,3504,Bauru,35020,Bauru,350009,Bauru,3503,Bauru
3500709,61131,Agudos,SP,3504,Bauru,35020,Bauru,350009,Bauru,3503,Bauru
3539400,68896,Piratininga,SP,3504,Bauru,35020,Bauru,350009,Bauru,3503,Bauru
3541109,69230,Presidente Alves,SP,3504,Bauru,35020,Bauru,350009,Bauru,3503,Bauru
3526803,66370,Lençóis Paulista,SP,3504,Bauru,35020,Bauru,350009,Bauru,3503,Bauru
3506003,62197,Bauru,SP,3504,Bauru,35020,Bauru,350009,Bauru,3503,Bauru
3536570,62405,Paulistânia,SP,3504,Bauru,35020,Bauru,350009,Bauru,3503,Bauru
3504701,61930,Balbinos,SP,3504,Bauru,35020,Bauru,350009,Bauru,3503,Bauru
3508306,62677,Cabrália Paulista,SP,3504,Bauru,35020,Bauru,350009,Bauru,3503,Bauru
3538907,68799,Pirajuí,SP,3504,Bauru,35020,Bauru,350009,Bauru,3503,Bauru
3503604,61719,Areiópolis,SP,3504,Bauru,35020,Bauru,350011,Botucatu,3503,Bauru
3540101,69035,Pongaí,SP,3504,Bauru,35020,Bauru,350012,Lins,3503,Bauru
3555901,72192,Uru,SP,3504,Bauru,35020,Bauru,350012,Lins,3503,Bauru
3518107,64637,Guarantã,SP,3504,Bauru,35020,Bauru,350012,Lins,3503,Bauru
3536703,68357,Pederneiras,SP,3504,Bauru,35021,Jaú,350009,Bauru,3503,Bauru
3528007,66613,Macatuba,SP,3504,Bauru,35021,Jaú,350009,Bauru,3503,Bauru
3506805,62359,Bocaina,SP,3504,Bauru,35021,Jaú,350010,Jaú,3503,Bauru
3505203,62030,Bariri,SP,3504,Bauru,35021,Jaú,350010,Jaú,3503,Bauru
3514106,63835,Dois Córregos,SP,3504,Bauru,35021,Jaú,350010,Jaú,3503,Bauru
3522000,65412,Itaju,SP,3504,Bauru,35021,Jaú,350010,Jaú,3503,Bauru
3529807,66974,Mineiros do Tietê,SP,3504,Bauru,35021,Jaú,350010,Jaú,3503,Bauru
3505302,62057,Barra Bonita,SP,3504,Bauru,35021,Jaú,350010,Jaú,3503,Bauru
3522901,65595,Itapuí,SP,3504,Bauru,35021,Jaú,350010,Jaú,3503,Bauru
3507308,62456,Boracéia,SP,3504,Bauru,35021,Jaú,350010,Jaú,3503,Bauru
3520004,65013,Igaraçu do Tietê,SP,3504,Bauru,35021,Jaú,350010,Jaú,3503,Bauru
3525300,66079,Jaú,SP,3504,Bauru,35021,Jaú,350010,Jaú,3503,Bauru
3511409,63290,Cerqueira César,SP,3504,Bauru,35022,Avaré,350007,Avaré,3502,Sorocaba
3519253,61085,Iaras,SP,3504,Bauru,35022,Avaré,350007,Avaré,3502,Sorocaba
3503109,61611,Arandu,SP,3504,Bauru,35022,Avaré,350007,Avaré,3502,Sorocaba
3504503,61891,Avaré,SP,3504,Bauru,35022,Avaré,350007,Avaré,3502,Sorocaba
3500550,70190,Águas de Santa Bárbara,SP,3504,Bauru,35022,Avaré,350007,Avaré,3502,Sorocaba
3521804,65374,Itaí,SP,3504,Bauru,35022,Avaré,350007,Avaré,3502,Sorocaba
3535804,68179,Paranapanema,SP,3504,Bauru,35022,Avaré,350007,Avaré,3502,Sorocaba
3523503,65714,Itatinga,SP,3504,Bauru,35022,Avaré,350011,Botucatu,3503,Bauru
3502309,61450,Anhembi,SP,3504,Bauru,35023,Botucatu,350011,Botucatu,3503,Bauru
3507506,62499,Botucatu,SP,3504,Bauru,35023,Botucatu,350011,Botucatu,3503,Bauru
3536109,68233,Pardinho,SP,3504,Bauru,35023,Botucatu,350011,Botucatu,3503,Bauru
3550100,71030,São Manuel,SP,3504,Bauru,35023,Botucatu,350011,Botucatu,3503,Bauru
3506904,62375,Bofete,SP,3504,Bauru,35023,Botucatu,350011,Botucatu,3503,Bauru
3541059,62146,Pratânia,SP,3504,Bauru,35023,Botucatu,350011,Botucatu,3503,Bauru
3512308,63479,Conchas,SP,3504,Bauru,35023,Botucatu,350011,Botucatu,3503,Bauru
3554755,62448,Trabiju,SP,3505,Araraquara,35024,Araraquara,350036,Araraquara,3509,Araraquara
3529302,66877,Matão,SP,3505,Araraquara,35024,Araraquara,350036,Araraquara,3509,Araraquara
3552700,71552,Tabatinga,SP,3505,Araraquara,35024,Araraquara,350036,Araraquara,3509,Araraquara
3506706,62332,Boa Esperança do Sul,SP,3505,Araraquara,35024,Araraquara,350036,Araraquara,3509,Araraquara
3514007,63819,Dobrada,SP,3505,Araraquara,35024,Araraquara,350036,Araraquara,3509,Araraquara
3532900,67598,Nova Europa,SP,3505,Araraquara,35024,Araraquara,350036,Araraquara,3509,Araraquara
3532058,61069,Motuca,SP,3505,Araraquara,35024,Araraquara,350036,Araraquara,3509,Araraquara
3546900,70394,Santa Lúcia,SP,3505,Araraquara,35024,Araraquara,350036,Araraquara,3509,Araraquara
3501707,61336,Américo Brasiliense,SP,3505,Araraquara,35024,Araraquara,350036,Araraquara,3509,Araraquara
3516853,62308,Gavião Peixoto,SP,3505,Araraquara,35024,Araraquara,350036,Araraquara,3509,Araraquara
3519600,64939,Ibitinga,SP,3505,Araraquara,35024,Araraquara,350036,Araraquara,3509,Araraquara
3522703,65552,Itápolis,SP,3505,Araraquara,35024,Araraquara,350036,Araraquara,3509,Araraquara
3503208,61638,Araraquara,SP,3505,Araraquara,35024,Araraquara,350036,Araraquara,3509,Araraquara
3543709,69752,Rincão,SP,3505,Araraquara,35024,Araraquara,350036,Araraquara,3509,Araraquara
3507407,62472,Borborema,SP,3505,Araraquara,35024,Araraquara,350036,Araraquara,3509,Araraquara
3542909,69590,Ribeirão Bonito,SP,3505,Araraquara,35025,São Carlos,350037,São Carlos,3509,Araraquara
3519303,64874,Ibaté,SP,3505,Araraquara,35025,São Carlos,350037,São Carlos,3509,Araraquara
3513702,63754,Descalvado,SP,3505,Araraquara,35025,São Carlos,350037,São Carlos,3509,Araraquara
3514304,63878,Dourado,SP,3505,Araraquara,35025,São Carlos,350037,São Carlos,3509,Araraquara
3548906,70793,São Carlos,SP,3505,Araraquara,35025,São Carlos,350037,São Carlos,3509,Araraquara
3502002,61395,Analândia,SP,3505,Araraquara,35025,São Carlos,350046,Rio Claro,3510,Campinas
3554706,71951,Torrinha,SP,3506,Piracicaba,35026,Rio Claro,350010,Jaú,3503,Bauru
3507902,62596,Brotas,SP,3506,Piracicaba,35026,Rio Claro,350010,Jaú,3503,Bauru
3523602,65730,Itirapina,SP,3506,Piracicaba,35026,Rio Claro,350037,São Carlos,3509,Araraquara
3512704,63550,Corumbataí,SP,3506,Piracicaba,35026,Rio Claro,350046,Rio Claro,3510,Campinas
3521101,65234,Ipeúna,SP,3506,Piracicaba,35026,Rio Claro,350046,Rio Claro,3510,Campinas
3543907,69795,Rio Claro,SP,3506,Piracicaba,35026,Rio Claro,350046,Rio Claro,3510,Campinas
3512407,63495,Cordeirópolis,SP,3506,Piracicaba,35027,Limeira,350042,Limeira,3510,Campinas
3521408,65293,Iracemápolis,SP,3506,Piracicaba,35027,Limeira,350042,Limeira,3510,Campinas
3526902,66397,Limeira,SP,3506,Piracicaba,35027,Limeira,350042,Limeira,3510,Campinas
3526704,66354,Leme,SP,3506,Piracicaba,35027,Limeira,350045,Araras,3510,Campinas
3546207,70254,Santa Cruz da Conceição,SP,3506,Piracicaba,35027,Limeira,350045,Araras,3510,Campinas
3512209,63452,Conchal,SP,3506,Piracicaba,35027,Limeira,350045,Araras,3510,Campinas
3503307,61654,Araras,SP,3506,Piracicaba,35027,Limeira,350045,Araras,3510,Campinas
3546702,70351,Santa Gertrudes,SP,3506,Piracicaba,35027,Limeira,350046,Rio Claro,3510,Campinas
3554508,71919,Tietê,SP,3506,Piracicaba,35028,Piracicaba,350003,Sorocaba,3502,Sorocaba
3525854,62324,Jumirim,SP,3506,Piracicaba,35028,Piracicaba,350003,Sorocaba,3502,Sorocaba
3510401,63096,Capivari,SP,3506,Piracicaba,35028,Piracicaba,350040,Piracicaba,3510,Campinas
3511706,63355,Charqueada,SP,3506,Piracicaba,35028,Piracicaba,350040,Piracicaba,3510,Campinas
3500600,61115,Águas de São Pedro,SP,3506,Piracicaba,35028,Piracicaba,350040,Piracicaba,3510,Campinas
3550407,71099,São Pedro,SP,3506,Piracicaba,35028,Piracicaba,350040,Piracicaba,3510,Campinas
3538709,68756,Piracicaba,SP,3506,Piracicaba,35028,Piracicaba,350040,Piracicaba,3510,Campinas
3544004,69817,Rio das Pedras,SP,3506,Piracicaba,35028,Piracicaba,350040,Piracicaba,3510,Campinas
3545159,61441,Saltinho,SP,3506,Piracicaba,35028,Piracicaba,350040,Piracicaba,3510,Campinas
3530904,67199,Mombuca,SP,3506,Piracicaba,35028,Piracicaba,350040,Piracicaba,3510,Campinas
3542107,69434,Rafard,SP,3506,Piracicaba,35028,Piracicaba,350040,Piracicaba,3510,Campinas
3547007,70416,Santa Maria da Serra,SP,3506,Piracicaba,35028,Piracicaba,350040,Piracicaba,3510,Campinas
3539301,68870,Pirassununga,SP,3507,Campinas,35029,Pirassununga,350037,São Carlos,3509,Araraquara
3540705,69159,Porto Ferreira,SP,3507,Campinas,35029,Pirassununga,350037,São Carlos,3509,Araraquara
3500303,61050,Aguaí,SP,3507,Campinas,35029,Pirassununga,350044,São João da Boa Vista,3510,Campinas
3546306,70270,Santa Cruz das Palmeiras,SP,3507,Campinas,35029,Pirassununga,350044,São João da Boa Vista,3510,Campinas
3549102,70831,São João da Boa Vista,SP,3507,Campinas,35030,São João da Boa Vista,350044,São João da Boa Vista,3510,Campinas
3510807,63177,Casa Branca,SP,3507,Campinas,35030,São João da Boa Vista,350044,São João da Boa Vista,3510,Campinas
3500402,61077,Águas da Prata,SP,3507,Campinas,35030,São João da Boa Vista,350044,São João da Boa Vista,3510,Campinas
3515186,68659,Espírito Santo do Pinhal,SP,3507,Campinas,35030,São João da Boa Vista,350044,São João da Boa Vista,3510,Campinas
3548104,70637,Santo Antônio do Jardim,SP,3507,Campinas,35030,São João da Boa Vista,350044,São João da Boa Vista,3510,Campinas
3556404,72311,Vargem Grande do Sul,SP,3507,Campinas,35030,São João da Boa Vista,350044,São João da Boa Vista,3510,Campinas
3553302,71676,Tambaú,SP,3507,Campinas,35030,São João da Boa Vista,350044,São João da Boa Vista,3510,Campinas
3530508,67113,Mococa,SP,3507,Campinas,35030,São João da Boa Vista,350047,São José do Rio Pardo - Mococa,3510,Campinas
3549706,70955,São José do Rio Pardo,SP,3507,Campinas,35030,São João da Boa Vista,350047,São José do Rio Pardo - Mococa,3510,Campinas
3553609,71730,Tapiratiba,SP,3507,Campinas,35030,São João da Boa Vista,350047,São José do Rio Pardo - Mococa,3510,Campinas
3513900,63797,Divinolândia,SP,3507,Campinas,35030,São João da Boa Vista,350047,São José do Rio Pardo - Mococa,3510,Campinas
3508702,62758,Caconde,SP,3507,Campinas,35030,São João da Boa Vista,350047,São José do Rio Pardo - Mococa,3510,Campinas
3550803,71170,São Sebastião da Grama,SP,3507,Campinas,35030,São João da Boa Vista,350047,São José do Rio Pardo - Mococa,3510,Campinas
3523800,65773,Itobi,SP,3507,Campinas,35030,São João da Boa Vista,350047,São José do Rio Pardo - Mococa,3510,Campinas
3503802,61751,Artur Nogueira,SP,3507,Campinas,35031,Mogi Mirim,350038,Campinas,3510,Campinas
3548005,70610,Santo Antônio de Posse,SP,3507,Campinas,35031,Mogi Mirim,350038,Campinas,3510,Campinas
3515152,61689,Engenheiro Coelho,SP,3507,Campinas,35031,Mogi Mirim,350042,Limeira,3510,Campinas
3557303,61662,Estiva Gerbi,SP,3507,Campinas,35031,Mogi Mirim,350043,Mogi Guaçu,3510,Campinas
3530706,67156,Mogi Guaçu,SP,3507,Campinas,35031,Mogi Mirim,350043,Mogi Guaçu,3510,Campinas
3530805,67172,Mogi Mirim,SP,3507,Campinas,35031,Mogi Mirim,350043,Mogi Guaçu,3510,Campinas
3522604,65536,Itapira,SP,3507,Campinas,35031,Mogi Mirim,350043,Mogi Guaçu,3510,Campinas
3520509,65110,Indaiatuba,SP,3507,Campinas,35032,Campinas,350038,Campinas,3510,Campinas
3512803,63576,Cosmópolis,SP,3507,Campinas,35032,Campinas,350038,Campinas,3510,Campinas
3524709,65951,Jaguariúna,SP,3507,Campinas,35032,Campinas,350038,Campinas,3510,Campinas
3519055,61743,Holambra,SP,3507,Campinas,35032,Campinas,350038,Campinas,3510,Campinas
3556701,72370,Vinhedo,SP,3507,Campinas,35032,Campinas,350038,Campinas,3510,Campinas
3545803,70173,Santa Bárbara d'Oeste,SP,3507,Campinas,35032,Campinas,350038,Campinas,3510,Campinas
3509502,62910,Campinas,SP,3507,Campinas,35032,Campinas,350038,Campinas,3510,Campinas
3537107,68438,Pedreira,SP,3507,Campinas,35032,Campinas,350038,Campinas,3510,Campinas
3556206,72257,Valinhos,SP,3507,Campinas,35032,Campinas,350038,Campinas,3510,Campinas
3531803,67377,Monte Mor,SP,3507,Campinas,35032,Campinas,350038,Campinas,3510,Campinas
3501608,61310,Americana,SP,3507,Campinas,35032,Campinas,350038,Campinas,3510,Campinas
3514908,63991,Elias Fausto,SP,3507,Campinas,35032,Campinas,350038,Campinas,3510,Campinas
3519071,61727,Hortolândia,SP,3507,Campinas,35032,Campinas,350038,Campinas,3510,Campinas
3533403,67695,Nova Odessa,SP,3507,Campinas,35032,Campinas,350038,Campinas,3510,Campinas
3536505,68314,Paulínia,SP,3507,Campinas,35032,Campinas,350038,Campinas,3510,Campinas
3552403,71498,Sumaré,SP,3507,Campinas,35032,Campinas,350038,Campinas,3510,Campinas
3552106,71439,Socorro,SP,3507,Campinas,35033,Amparo,350041,Bragança Paulista,3510,Campinas
3536802,68373,Pedra Bela,SP,3507,Campinas,35033,Amparo,350041,Bragança Paulista,3510,Campinas
3538204,68675,Pinhalzinho,SP,3507,Campinas,35033,Amparo,350041,Bragança Paulista,3510,Campinas
3531209,67253,Monte Alegre do Sul,SP,3507,Campinas,35033,Amparo,350048,Amparo,3510,Campinas
3500501,61093,Águas de Lindóia,SP,3507,Campinas,35033,Amparo,350048,Amparo,3510,Campinas
3501905,61379,Amparo,SP,3507,Campinas,35033,Amparo,350048,Amparo,3510,Campinas
3551603,71331,Serra Negra,SP,3507,Campinas,35033,Amparo,350048,Amparo,3510,Campinas
3527009,66419,Lindóia,SP,3507,Campinas,35033,Amparo,350048,Amparo,3510,Campinas
3531605,67334,Monte Castelo,SP,3508,Presidente Prudente,35034,Dracena,350020,Dracena,3505,Presidente Prudente
3555109,72036,Tupi Paulista,SP,3508,Presidente Prudente,35034,Dracena,350020,Dracena,3505,Presidente Prudente
3549300,70874,São João do Pau d'Alho,SP,3508,Presidente Prudente,35034,Dracena,350020,Dracena,3505,Presidente Prudente
3536406,68292,Paulicéia,SP,3508,Presidente Prudente,35034,Dracena,350020,Dracena,3505,Presidente Prudente
3535408,68098,Panorama,SP,3508,Presidente Prudente,35034,Dracena,350020,Dracena,3505,Presidente Prudente
3526001,66214,Junqueirópolis,SP,3508,Presidente Prudente,35034,Dracena,350020,Dracena,3505,Presidente Prudente
3514403,63894,Dracena,SP,3508,Presidente Prudente,35034,Dracena,350020,Dracena,3505,Presidente Prudente
3533106,67636,Nova Guataporanga,SP,3508,Presidente Prudente,35034,Dracena,350020,Dracena,3505,Presidente Prudente
3534807,67970,Ouro Verde,SP,3508,Presidente Prudente,35034,Dracena,350020,Dracena,3505,Presidente Prudente
3547106,70432,Santa Mercedes,SP,3508,Presidente Prudente,35034,Dracena,350020,Dracena,3505,Presidente Prudente
3536000,68217,Parapuã,SP,3508,Presidente Prudente,35035,Adamantina,350016,Tupã,3504,Marília
3543808,69779,Rinópolis,SP,3508,Presidente Prudente,35035,Adamantina,350016,Tupã,3504,Marília
3545100,70033,Salmourão,SP,3508,Presidente Prudente,35035,Adamantina,350019,Adamantina - Lucélia,3505,Presidente Prudente
3520806,65170,Inúbia Paulista,SP,3508,Presidente Prudente,35035,Adamantina,350019,Adamantina - Lucélia,3505,Presidente Prudente
3544707,69957,Sagres,SP,3508,Presidente Prudente,35035,Adamantina,350019,Adamantina - Lucélia,3505,Presidente Prudente
3527405,66494,Lucélia,SP,3508,Presidente Prudente,35035,Adamantina,350019,Adamantina - Lucélia,3505,Presidente Prudente
3534906,67997,Pacaembu,SP,3508,Presidente Prudente,35035,Adamantina,350019,Adamantina - Lucélia,3505,Presidente Prudente
3540853,62120,Pracinha,SP,3508,Presidente Prudente,35035,Adamantina,350019,Adamantina - Lucélia,3505,Presidente Prudente
3528908,66796,Mariápolis,SP,3508,Presidente Prudente,35035,Adamantina,350019,Adamantina - Lucélia,3505,Presidente Prudente
3516002,64211,Flórida Paulista,SP,3508,Presidente Prudente,35035,Adamantina,350019,Adamantina - Lucélia,3505,Presidente Prudente
3500105,61018,Adamantina,SP,3508,Presidente Prudente,35035,Adamantina,350019,Adamantina - Lucélia,3505,Presidente Prudente
3534609,67938,Osvaldo Cruz,SP,3508,Presidente Prudente,35035,Adamantina,350019,Adamantina - Lucélia,3505,Presidente Prudente
3515806,64173,Flora Rica,SP,3508,Presidente Prudente,35035,Adamantina,350020,Dracena,3505,Presidente Prudente
3521606,65331,Irapuru,SP,3508,Presidente Prudente,35035,Adamantina,350020,Dracena,3505,Presidente Prudente
3530201,67059,Mirante do Paranapanema,SP,3508,Presidente Prudente,35036,Presidente Prudente,350018,Presidente Prudente,3505,Presidente Prudente
3545506,70114,Sandovalina,SP,3508,Presidente Prudente,35036,Presidente Prudente,350018,Presidente Prudente,3505,Presidente Prudente
3539202,68853,Pirapozinho,SP,3508,Presidente Prudente,35036,Presidente Prudente,350018,Presidente Prudente,3505,Presidente Prudente
3542206,69450,Rancharia,SP,3508,Presidente Prudente,35036,Presidente Prudente,350018,Presidente Prudente,3505,Presidente Prudente
3532207,67458,Narandiba,SP,3508,Presidente Prudente,35036,Presidente Prudente,350018,Presidente Prudente,3505,Presidente Prudente
3541208,69256,Presidente Bernardes,SP,3508,Presidente Prudente,35036,Presidente Prudente,350018,Presidente Prudente,3505,Presidente Prudente
3544251,61166,Rosana,SP,3508,Presidente Prudente,35036,Presidente Prudente,350018,Presidente Prudente,3505,Presidente Prudente
3502408,61476,Anhumas,SP,3508,Presidente Prudente,35036,Presidente Prudente,350018,Presidente Prudente,3505,Presidente Prudente
3552908,71595,Taciba,SP,3508,Presidente Prudente,35036,Presidente Prudente,350018,Presidente Prudente,3505,Presidente Prudente
3508900,62790,Caiabu,SP,3508,Presidente Prudente,35036,Presidente Prudente,350018,Presidente Prudente,3505,Presidente Prudente
3548302,70670,Santo Expedito,SP,3508,Presidente Prudente,35036,Presidente Prudente,350018,Presidente Prudente,3505,Presidente Prudente
3529203,66850,Martinópolis,SP,3508,Presidente Prudente,35036,Presidente Prudente,350018,Presidente Prudente,3505,Presidente Prudente
3553906,71790,Tarabai,SP,3508,Presidente Prudente,35036,Presidente Prudente,350018,Presidente Prudente,3505,Presidente Prudente
3543238,62421,Ribeirão dos Índios,SP,3508,Presidente Prudente,35036,Presidente Prudente,350018,Presidente Prudente,3505,Presidente Prudente
3515350,61000,Euclides da Cunha Paulista,SP,3508,Presidente Prudente,35036,Presidente Prudente,350018,Presidente Prudente,3505,Presidente Prudente
3515129,61387,Emilianópolis,SP,3508,Presidente Prudente,35036,Presidente Prudente,350018,Presidente Prudente,3505,Presidente Prudente
3541406,69299,Presidente Prudente,SP,3508,Presidente Prudente,35036,Presidente Prudente,350018,Presidente Prudente,3505,Presidente Prudente
3500808,61158,Alfredo Marcondes,SP,3508,Presidente Prudente,35036,Presidente Prudente,350018,Presidente Prudente,3505,Presidente Prudente
3515301,64076,Estrela do Norte,SP,3508,Presidente Prudente,35036,Presidente Prudente,350018,Presidente Prudente,3505,Presidente Prudente
3525607,66133,João Ramalho,SP,3508,Presidente Prudente,35036,Presidente Prudente,350018,Presidente Prudente,3505,Presidente Prudente
3501301,61255,Álvares Machado,SP,3508,Presidente Prudente,35036,Presidente Prudente,350018,Presidente Prudente,3505,Presidente Prudente
3520608,65137,Indiana,SP,3508,Presidente Prudente,35036,Presidente Prudente,350018,Presidente Prudente,3505,Presidente Prudente
3542404,69493,Regente Feijó,SP,3508,Presidente Prudente,35036,Presidente Prudente,350018,Presidente Prudente,3505,Presidente Prudente
3554300,71870,Teodoro Sampaio,SP,3508,Presidente Prudente,35036,Presidente Prudente,350018,Presidente Prudente,3505,Presidente Prudente
3547700,70556,Santo Anastácio,SP,3508,Presidente Prudente,35036,Presidente Prudente,350018,Presidente Prudente,3505,Presidente Prudente
3541505,69310,Presidente Venceslau,SP,3508,Presidente Prudente,35036,Presidente Prudente,350021,Presidente Epitácio-Presidente Venceslau,3505,Presidente Prudente
3528700,66753,Marabá Paulista,SP,3508,Presidente Prudente,35036,Presidente Prudente,350021,Presidente Epitácio-Presidente Venceslau,3505,Presidente Prudente
3541307,69272,Presidente Epitácio,SP,3508,Presidente Prudente,35036,Presidente Prudente,350021,Presidente Epitácio-Presidente Venceslau,3505,Presidente Prudente
3509106,62839,Caiuá,SP,3508,Presidente Prudente,35036,Presidente Prudente,350021,Presidente Epitácio-Presidente Venceslau,3505,Presidente Prudente
3538303,68691,Piquerobi,SP,3508,Presidente Prudente,35036,Presidente Prudente,350021,Presidente Epitácio-Presidente Venceslau,3505,Presidente Prudente
3542008,69418,Quintana,SP,3509,Marília,35037,Tupã,350013,Marília,3504,Marília
3555000,72010,Tupã,SP,3509,Marília,35037,Tupã,350016,Tupã,3504,Marília
3503356,62065,Arco-Íris,SP,3509,Marília,35037,Tupã,350016,Tupã,3504,Marília
3519204,64858,Iacri,SP,3509,Marília,35037,Tupã,350016,Tupã,3504,Marília
3541802,69370,Queiroz,SP,3509,Marília,35037,Tupã,350016,Tupã,3504,Marília
3505807,62154,Bastos,SP,3509,Marília,35037,Tupã,350016,Tupã,3504,Marília
3519006,64815,Herculândia,SP,3509,Marília,35037,Tupã,350016,Tupã,3504,Marília
3534104,67830,Oriente,SP,3509,Marília,35038,Marília,350013,Marília,3504,Marília
3515657,62286,Fernão,SP,3509,Marília,35038,Marília,350013,Marília,3504,Marília
3533700,67750,Ocauçu,SP,3509,Marília,35038,Marília,350013,Marília,3504,Marília
3527801,66575,Lupércio,SP,3509,Marília,35038,Marília,350013,Marília,3504,Marília
3534500,67911,Oscar Bressane,SP,3509,Marília,35038,Marília,350013,Marília,3504,Marília
3516606,64335,Gália,SP,3509,Marília,35038,Marília,350013,Marília,3504,Marília
3501400,61271,Álvaro de Carvalho,SP,3509,Marília,35038,Marília,350013,Marília,3504,Marília
3516705,64351,Garça,SP,3509,Marília,35038,Marília,350013,Marília,3504,Marília
3540002,69019,Pompéia,SP,3509,Marília,35038,Marília,350013,Marília,3504,Marília
3501509,61298,Alvinlândia,SP,3509,Marília,35038,Marília,350013,Marília,3504,Marília
3529005,66818,Marília,SP,3509,Marília,35038,Marília,350013,Marília,3504,Marília
3514700,63959,Echaporã,SP,3509,Marília,35038,Marília,350013,Marília,3504,Marília
3556602,72354,Vera Cruz,SP,3509,Marília,35038,Marília,350013,Marília,3504,Marília
3509809,62979,Campos Novos Paulista,SP,3510,Assis,35039,Assis,350013,Marília,3504,Marília
3510005,63010,Cândido Mota,SP,3510,Assis,35039,Assis,350014,Assis,3504,Marília
3535507,68110,Paraguaçu Paulista,SP,3510,Assis,35039,Assis,350014,Assis,3504,Marília
3553955,61042,Tarumã,SP,3510,Assis,35039,Assis,350014,Assis,3504,Marília
3516101,64238,Florínia,SP,3510,Assis,35039,Assis,350014,Assis,3504,Marília
3507209,62430,Borá,SP,3510,Assis,35039,Assis,350014,Assis,3504,Marília
3539707,68950,Platina,SP,3510,Assis,35039,Assis,350014,Assis,3504,Marília
3504008,61794,Assis,SP,3510,Assis,35039,Assis,350014,Assis,3504,Marília
3513306,63673,Cruzália,SP,3510,Assis,35039,Assis,350014,Assis,3504,Marília
3528809,66770,Maracaí,SP,3510,Assis,35039,Assis,350014,Assis,3504,Marília
3527900,66591,Lutécia,SP,3510,Assis,35039,Assis,350014,Assis,3504,Marília
3537156,61247,Pedrinhas Paulista,SP,3510,Assis,35039,Assis,350014,Assis,3504,Marília
3535309,68071,Palmital,SP,3510,Assis,35039,Assis,350014,Assis,3504,Marília
3519501,64912,Ibirarema,SP,3510,Assis,35039,Assis,350015,Ourinhos,3504,Marília
3532157,62340,Nantes,SP,3510,Assis,35039,Assis,350018,Presidente Prudente,3505,Presidente Prudente
3541703,69353,Quatá,SP,3510,Assis,35039,Assis,350018,Presidente Prudente,3505,Presidente Prudente
3519907,64998,Iepê,SP,3510,Assis,35039,Assis,350018,Presidente Prudente,3505,Presidente Prudente
3553005,71617,Taguaí,SP,3510,Assis,35040,Ourinhos,350007,Avaré,3502,Sorocaba
3528601,66737,Manduri,SP,3510,Assis,35040,Ourinhos,350007,Avaré,3502,Sorocaba
3533809,67776,Óleo,SP,3510,Assis,35040,Ourinhos,350007,Avaré,3502,Sorocaba
3506300,62251,Bernardino de Campos,SP,3510,Assis,35040,Ourinhos,350015,Ourinhos,3504,Marília
3546405,70297,Santa Cruz do Rio Pardo,SP,3510,Assis,35040,Ourinhos,350015,Ourinhos,3504,Marília
3557204,63371,Chavantes,SP,3510,Assis,35040,Ourinhos,350015,Ourinhos,3504,Marília
3543204,69655,Ribeirão do Sul,SP,3510,Assis,35040,Ourinhos,350015,Ourinhos,3504,Marília
3534708,67954,Ourinhos,SP,3510,Assis,35040,Ourinhos,350015,Ourinhos,3504,Marília
3550506,71110,São Pedro do Turvo,SP,3510,Assis,35040,Ourinhos,350015,Ourinhos,3504,Marília
3510153,61344,Canitar,SP,3510,Assis,35040,Ourinhos,350015,Ourinhos,3504,Marília
3520905,65196,Ipaussu,SP,3510,Assis,35040,Ourinhos,350015,Ourinhos,3504,Marília
3545407,70092,Salto Grande,SP,3510,Assis,35040,Ourinhos,350015,Ourinhos,3504,Marília
3515194,61140,Espírito Santo do Turvo,SP,3510,Assis,35040,Ourinhos,350015,Ourinhos,3504,Marília
3551207,71250,Sarutaiá,SP,3510,Assis,35040,Ourinhos,350017,Piraju,3504,Marília
3554201,71854,Tejupá,SP,3510,Assis,35040,Ourinhos,350017,Piraju,3504,Marília
3515400,64092,Fartura,SP,3510,Assis,35040,Ourinhos,350017,Piraju,3504,Marília
3538808,68772,Piraju,SP,3510,Assis,35040,Ourinhos,350017,Piraju,3504,Marília
3554607,71935,Timburi,SP,3510,Assis,35040,Ourinhos,350017,Piraju,3504,Marília
3508009,62618,Buri,SP,3511,Itapetininga,35041,Itapeva,350004,Itapeva,3502,Sorocaba
3543501,69710,Riversul,SP,3511,Itapetininga,35041,Itapeva,350004,Itapeva,3502,Sorocaba
3507159,61786,Bom Sucesso de Itararé,SP,3511,Itapetininga,35041,Itapeva,350004,Itapeva,3502,Sorocaba
3523206,65650,Itararé,SP,3511,Itapetininga,35041,Itapeva,350004,Itapeva,3502,Sorocaba
3522406,65498,Itapeva,SP,3511,Itapetininga,35041,Itapeva,350004,Itapeva,3502,Sorocaba
3522802,65579,Itaporanga,SP,3511,Itapetininga,35041,Itapeva,350004,Itapeva,3502,Sorocaba
3505005,62014,Barão de Antonina,SP,3511,Itapetininga,35041,Itapeva,350004,Itapeva,3502,Sorocaba
3521705,65358,Itaberá,SP,3511,Itapetininga,35041,Itapeva,350004,Itapeva,3502,Sorocaba
3532827,61980,Nova Campina,SP,3511,Itapetininga,35041,Itapeva,350004,Itapeva,3502,Sorocaba
3553856,61840,Taquarivaí,SP,3511,Itapetininga,35041,Itapeva,350004,Itapeva,3502,Sorocaba
3512605,63533,Coronel Macedo,SP,3511,Itapetininga,35041,Itapeva,350007,Avaré,3502,Sorocaba
3553807,71773,Taquarituba,SP,3511,Itapetininga,35041,Itapeva,350007,Avaré,3502,Sorocaba
3500758,61581,Alambari,SP,3511,Itapetininga,35042,Itapetininga,350006,Itapetininga,3502,Sorocaba
3509452,61506,Campina do Monte Alegre,SP,3511,Itapetininga,35042,Itapetininga,350006,Itapetininga,3502,Sorocaba
3518503,64718,Guareí,SP,3511,Itapetininga,35042,Itapetininga,350006,Itapetininga,3502,Sorocaba
3502200,61433,Angatuba,SP,3511,Itapetininga,35042,Itapetininga,350006,Itapetininga,3502,Sorocaba
3522307,65471,Itapetininga,SP,3511,Itapetininga,35042,Itapetininga,350006,Itapetininga,3502,Sorocaba
3507001,62391,Boituva,SP,3511,Itapetininga,35043,Tatuí,350003,Sorocaba,3502,Sorocaba
3511508,63312,Cerquilho,SP,3511,Itapetininga,35043,Tatuí,350003,Sorocaba,3502,Sorocaba
3554656,62049,Torre de Pedra,SP,3511,Itapetininga,35043,Tatuí,350008,Tatuí,3502,Sorocaba
3541653,62162,Quadra,SP,3511,Itapetininga,35043,Tatuí,350008,Tatuí,3502,Sorocaba
3554003,71811,Tatuí,SP,3511,Itapetininga,35043,Tatuí,350008,Tatuí,3502,Sorocaba
3540507,69116,Porangaba,SP,3511,Itapetininga,35043,Tatuí,350008,Tatuí,3502,Sorocaba
3511607,63339,Cesário Lange,SP,3511,Itapetininga,35043,Tatuí,350008,Tatuí,3502,Sorocaba
3537503,68519,Pereiras,SP,3511,Itapetininga,35043,Tatuí,350008,Tatuí,3502,Sorocaba
3526407,66290,Laranjal Paulista,SP,3511,Itapetininga,35043,Tatuí,350040,Piracicaba,3510,Campinas
3542800,69574,Ribeira,SP,3511,Itapetininga,35044,Capão Bonito,350004,Itapeva,3502,Sorocaba
3510203,63053,Capão Bonito,SP,3511,Itapetininga,35044,Capão Bonito,350004,Itapeva,3502,Sorocaba
3543006,69612,Ribeirão Branco,SP,3511,Itapetininga,35044,Capão Bonito,350004,Itapeva,3502,Sorocaba
3543253,61700,Ribeirão Grande,SP,3511,Itapetininga,35044,Capão Bonito,350004,Itapeva,3502,Sorocaba
3505351,61360,Barra do Chapéu,SP,3511,Itapetininga,35044,Capão Bonito,350004,Itapeva,3502,Sorocaba
3502705,61530,Apiaí,SP,3511,Itapetininga,35044,Capão Bonito,350004,Itapeva,3502,Sorocaba
3522653,61948,Itapirapuã Paulista,SP,3511,Itapetininga,35044,Capão Bonito,350004,Itapeva,3502,Sorocaba
3517604,64530,Guapiara,SP,3511,Itapetininga,35044,Capão Bonito,350004,Itapeva,3502,Sorocaba
3522158,61603,Itaóca,SP,3511,Itapetininga,35044,Capão Bonito,350004,Itapeva,3502,Sorocaba
3521200,65250,Iporanga,SP,3511,Itapetininga,35044,Capão Bonito,350005,Registro,3502,Sorocaba
3537800,68578,Piedade,SP,3512,Macro Metropolitana Paulista,35045,Piedade,350003,Sorocaba,3502,Sorocaba
3553500,71714,Tapiraí,SP,3512,Macro Metropolitana Paulista,35045,Piedade,350003,Sorocaba,3502,Sorocaba
3519709,64955,Ibiúna,SP,3512,Macro Metropolitana Paulista,35045,Piedade,350003,Sorocaba,3502,Sorocaba
3537909,68594,Pilar do Sul,SP,3512,Macro Metropolitana Paulista,35045,Piedade,350003,Sorocaba,3502,Sorocaba
3550209,71056,São Miguel Arcanjo,SP,3512,Macro Metropolitana Paulista,35045,Piedade,350006,Itapetininga,3502,Sorocaba
3510302,63070,Capela do Alto,SP,3512,Macro Metropolitana Paulista,35046,Sorocaba,350003,Sorocaba,3502,Sorocaba
3550605,71137,São Roque,SP,3512,Macro Metropolitana Paulista,35046,Sorocaba,350003,Sorocaba,3502,Sorocaba
3551108,71234,Sarapuí,SP,3512,Macro Metropolitana Paulista,35046,Sorocaba,350003,Sorocaba,3502,Sorocaba
3502903,61573,Araçoiaba da Serra,SP,3512,Macro Metropolitana Paulista,35046,Sorocaba,350003,Sorocaba,3502,Sorocaba
3552205,71455,Sorocaba,SP,3512,Macro Metropolitana Paulista,35046,Sorocaba,350003,Sorocaba,3502,Sorocaba
3528403,66699,Mairinque,SP,3512,Macro Metropolitana Paulista,35046,Sorocaba,350003,Sorocaba,3502,Sorocaba
3545308,70076,Salto de Pirapora,SP,3512,Macro Metropolitana Paulista,35046,Sorocaba,350003,Sorocaba,3502,Sorocaba
3521002,65218,Iperó,SP,3512,Macro Metropolitana Paulista,35046,Sorocaba,350003,Sorocaba,3502,Sorocaba
3523909,65790,Itu,SP,3512,Macro Metropolitana Paulista,35046,Sorocaba,350003,Sorocaba,3502,Sorocaba
3557006,72435,Votorantim,SP,3512,Macro Metropolitana Paulista,35046,Sorocaba,350003,Sorocaba,3502,Sorocaba
3545209,70050,Salto,SP,3512,Macro Metropolitana Paulista,35046,Sorocaba,350003,Sorocaba,3502,Sorocaba
3502754,61263,Araçariguama,SP,3512,Macro Metropolitana Paulista,35046,Sorocaba,350003,Sorocaba,3502,Sorocaba
3501152,61220,Alumínio,SP,3512,Macro Metropolitana Paulista,35046,Sorocaba,350003,Sorocaba,3502,Sorocaba
3540606,69132,Porto Feliz,SP,3512,Macro Metropolitana Paulista,35046,Sorocaba,350003,Sorocaba,3502,Sorocaba
3508405,62693,Cabreúva,SP,3512,Macro Metropolitana Paulista,35046,Sorocaba,350039,Jundiaí,3510,Campinas
3509601,62936,Campo Limpo Paulista,SP,3512,Macro Metropolitana Paulista,35047,Jundiaí,350039,Jundiaí,3510,Campinas
3525904,66192,Jundiaí,SP,3512,Macro Metropolitana Paulista,35047,Jundiaí,350039,Jundiaí,3510,Campinas
3556503,72338,Várzea Paulista,SP,3512,Macro Metropolitana Paulista,35047,Jundiaí,350039,Jundiaí,3510,Campinas
3524006,65811,Itupeva,SP,3512,Macro Metropolitana Paulista,35047,Jundiaí,350039,Jundiaí,3510,Campinas
3527306,66478,Louveira,SP,3512,Macro Metropolitana Paulista,35047,Jundiaí,350039,Jundiaí,3510,Campinas
3525201,66052,Jarinu,SP,3512,Macro Metropolitana Paulista,35048,Bragança Paulista,350039,Jundiaí,3510,Campinas
3532009,67415,Morungaba,SP,3512,Macro Metropolitana Paulista,35048,Bragança Paulista,350039,Jundiaí,3510,Campinas
3523404,65692,Itatiba,SP,3512,Macro Metropolitana Paulista,35048,Bragança Paulista,350039,Jundiaí,3510,Campinas
3507100,62413,Bom Jesus dos Perdões,SP,3512,Macro Metropolitana Paulista,35048,Bragança Paulista,350041,Bragança Paulista,3510,Campinas
3556354,61549,Vargem,SP,3512,Macro Metropolitana Paulista,35048,Bragança Paulista,350041,Bragança Paulista,3510,Campinas
3525508,66117,Joanópolis,SP,3512,Macro Metropolitana Paulista,35048,Bragança Paulista,350041,Bragança Paulista,3510,Campinas
3532405,67490,Nazaré Paulista,SP,3512,Macro Metropolitana Paulista,35048,Bragança Paulista,350041,Bragança Paulista,3510,Campinas
3554953,61620,Tuiuti,SP,3512,Macro Metropolitana Paulista,35048,Bragança Paulista,350041,Bragança Paulista,3510,Campinas
3538600,68730,Piracaia,SP,3512,Macro Metropolitana Paulista,35048,Bragança Paulista,350041,Bragança Paulista,3510,Campinas
3504107,61816,Atibaia,SP,3512,Macro Metropolitana Paulista,35048,Bragança Paulista,350041,Bragança Paulista,3510,Campinas
3507605,62510,Bragança Paulista,SP,3512,Macro Metropolitana Paulista,35048,Bragança Paulista,350041,Bragança Paulista,3510,Campinas
3531704,67350,Monteiro Lobato,SP,3513,Vale do Paraíba Paulista,35049,Campos do Jordão,350049,São José dos Campos,3511,São José dos Campos
3548203,70653,Santo Antônio do Pinhal,SP,3513,Vale do Paraíba Paulista,35049,Campos do Jordão,350050,Taubaté - Pindamonhangaba,3511,São José dos Campos
3548609,70734,São Bento do Sapucaí,SP,3513,Vale do Paraíba Paulista,35049,Campos do Jordão,350050,Taubaté - Pindamonhangaba,3511,São José dos Campos
3509700,62952,Campos do Jordão,SP,3513,Vale do Paraíba Paulista,35049,Campos do Jordão,350050,Taubaté - Pindamonhangaba,3511,São José dos Campos
3549904,70998,São José dos Campos,SP,3513,Vale do Paraíba Paulista,35050,São José dos Campos,350049,São José dos Campos,3511,São José dos Campos
3520202,65056,Igaratá,SP,3513,Vale do Paraíba Paulista,35050,São José dos Campos,350049,São José dos Campos,3511,São José dos Campos
3524402,65897,Jacareí,SP,3513,Vale do Paraíba Paulista,35050,São José dos Campos,350049,São José dos Campos,3511,São José dos Campos
3508504,62715,Caçapava,SP,3513,Vale do Paraíba Paulista,35050,São José dos Campos,350049,São José dos Campos,3511,São José dos Campos
3546009,70211,Santa Branca,SP,3513,Vale do Paraíba Paulista,35050,São José dos Campos,350049,São José dos Campos,3511,São José dos Campos
3554102,71838,Taubaté,SP,3513,Vale do Paraíba Paulista,35050,São José dos Campos,350050,Taubaté - Pindamonhangaba,3511,São José dos Campos
3554805,71978,Tremembé,SP,3513,Vale do Paraíba Paulista,35050,São José dos Campos,350050,Taubaté - Pindamonhangaba,3511,São José dos Campos
3538006,68616,Pindamonhangaba,SP,3513,Vale do Paraíba Paulista,35050,São José dos Campos,350050,Taubaté - Pindamonhangaba,3511,São José dos Campos
3502507,61492,Aparecida,SP,3513,Vale do Paraíba Paulista,35051,Guaratinguetá,350052,Guaratinguetá,3511,São José dos Campos
3544301,69876,Roseira,SP,3513,Vale do Paraíba Paulista,35051,Guaratinguetá,350052,Guaratinguetá,3511,São José dos Campos
3509957,62103,Canas,SP,3513,Vale do Paraíba Paulista,35051,Guaratinguetá,350052,Guaratinguetá,3511,São José dos Campos
3540754,61565,Potim,SP,3513,Vale do Paraíba Paulista,35051,Guaratinguetá,350052,Guaratinguetá,3511,São José dos Campos
3538501,68713,Piquete,SP,3513,Vale do Paraíba Paulista,35051,Guaratinguetá,350052,Guaratinguetá,3511,São José dos Campos
3518404,64696,Guaratinguetá,SP,3513,Vale do Paraíba Paulista,35051,Guaratinguetá,350052,Guaratinguetá,3511,São José dos Campos
3527207,66451,Lorena,SP,3513,Vale do Paraíba Paulista,35051,Guaratinguetá,350052,Guaratinguetá,3511,São José dos Campos
3513405,63690,Cruzeiro,SP,3513,Vale do Paraíba Paulista,35051,Guaratinguetá,350053,Cruzeiro,3511,São José dos Campos
3541901,69396,Queluz,SP,3513,Vale do Paraíba Paulista,35051,Guaratinguetá,350053,Cruzeiro,3511,São José dos Campos
3508603,62731,Cachoeira Paulista,SP,3513,Vale do Paraíba Paulista,35051,Guaratinguetá,350053,Cruzeiro,3511,São José dos Campos
3526605,66338,Lavrinhas,SP,3513,Vale do Paraíba Paulista,35051,Guaratinguetá,350053,Cruzeiro,3511,São José dos Campos
3503158,61646,Arapeí,SP,3513,Vale do Paraíba Paulista,35052,Bananal,350053,Cruzeiro,3511,São José dos Campos
3552007,71412,Silveiras,SP,3513,Vale do Paraíba Paulista,35052,Bananal,350053,Cruzeiro,3511,São José dos Campos
3504909,61972,Bananal,SP,3513,Vale do Paraíba Paulista,35052,Bananal,350053,Cruzeiro,3511,São José dos Campos
3549607,70939,São José do Barreiro,SP,3513,Vale do Paraíba Paulista,35052,Bananal,350053,Cruzeiro,3511,São José dos Campos
3503505,61697,Areias,SP,3513,Vale do Paraíba Paulista,35052,Bananal,350053,Cruzeiro,3511,São José dos Campos
3524907,65994,Jambeiro,SP,3513,Vale do Paraíba Paulista,35053,Paraibuna/Paraitinga,350049,São José dos Campos,3511,São José dos Campos
3535606,68136,Paraibuna,SP,3513,Vale do Paraíba Paulista,35053,Paraibuna/Paraitinga,350049,São José dos Campos,3511,São José dos Campos
3550001,71013,São Luís do Paraitinga,SP,3513,Vale do Paraíba Paulista,35053,Paraibuna/Paraitinga,350050,Taubaté - Pindamonhangaba,3511,São José dos Campos
3526308,66273,Lagoinha,SP,3513,Vale do Paraíba Paulista,35053,Paraibuna/Paraitinga,350050,Taubaté - Pindamonhangaba,3511,São José dos Campos
3532306,67474,Natividade da Serra,SP,3513,Vale do Paraíba Paulista,35053,Paraibuna/Paraitinga,350050,Taubaté - Pindamonhangaba,3511,São José dos Campos
3542305,69477,Redenção da Serra,SP,3513,Vale do Paraíba Paulista,35053,Paraibuna/Paraitinga,350050,Taubaté - Pindamonhangaba,3511,São José dos Campos
3513603,63738,Cunha,SP,3513,Vale do Paraíba Paulista,35053,Paraibuna/Paraitinga,350052,Guaratinguetá,3511,São José dos Campos
3520400,65099,Ilhabela,SP,3513,Vale do Paraíba Paulista,35054,Caraguatatuba,350051,Caraguatatuba - Ubatuba - São Sebastião,3511,São José dos Campos
3555406,72095,Ubatuba,SP,3513,Vale do Paraíba Paulista,35054,Caraguatatuba,350051,Caraguatatuba - Ubatuba - São Sebastião,3511,São José dos Campos
3510500,63118,Caraguatatuba,SP,3513,Vale do Paraíba Paulista,35054,Caraguatatuba,350051,Caraguatatuba - Ubatuba - São Sebastião,3511,São José dos Campos
3550704,71153,São Sebastião,SP,3513,Vale do Paraíba Paulista,35054,Caraguatatuba,350051,Caraguatatuba - Ubatuba - São Sebastião,3511,São José dos Campos
3526100,66230,Juquiá,SP,3514,Litoral Sul Paulista,35055,Registro,350005,Registro,3502,Sorocaba
3524600,65935,Jacupiranga,SP,3514,Litoral Sul Paulista,35055,Registro,350005,Registro,3502,Sorocaba
3529906,66990,Miracatu,SP,3514,Litoral Sul Paulista,35055,Registro,350005,Registro,3502,Sorocaba
3509254,61484,Cajati,SP,3514,Litoral Sul Paulista,35055,Registro,350005,Registro,3502,Sorocaba
3551801,71374,Sete Barras,SP,3514,Litoral Sul Paulista,35055,Registro,350005,Registro,3502,Sorocaba
3520426,62006,Ilha Comprida,SP,3514,Litoral Sul Paulista,35055,Registro,350005,Registro,3502,Sorocaba
3514809,63975,Eldorado,SP,3514,Litoral Sul Paulista,35055,Registro,350005,Registro,3502,Sorocaba
3542602,69531,Registro,SP,3514,Litoral Sul Paulista,35055,Registro,350005,Registro,3502,Sorocaba
3536208,68250,Pariquera-Açu,SP,3514,Litoral Sul Paulista,35055,Registro,350005,Registro,3502,Sorocaba
3505401,62073,Barra do Turvo,SP,3514,Litoral Sul Paulista,35055,Registro,350005,Registro,3502,Sorocaba
3520301,65072,Iguape,SP,3514,Litoral Sul Paulista,35055,Registro,350005,Registro,3502,Sorocaba
3509908,62995,Cananéia,SP,3514,Litoral Sul Paulista,35055,Registro,350005,Registro,3502,Sorocaba
3523305,65676,Itariri,SP,3514,Litoral Sul Paulista,35056,Itanhaém,350002,Santos,3501,São Paulo
3537206,68454,Pedro de Toledo,SP,3514,Litoral Sul Paulista,35056,Itanhaém,350002,Santos,3501,São Paulo
3522109,65439,Itanhaém,SP,3514,Litoral Sul Paulista,35056,Itanhaém,350002,Santos,3501,São Paulo
3537602,68535,Peruíbe,SP,3514,Litoral Sul Paulista,35056,Itanhaém,350002,Santos,3501,São Paulo
3531100,67237,Mongaguá,SP,3514,Litoral Sul Paulista,35056,Itanhaém,350002,Santos,3501,São Paulo
3522505,65510,Itapevi,SP,3515,Metropolitana de São Paulo,35057,Osasco,350001,São Paulo,3501,São Paulo
3509205,62855,Cajamar,SP,3515,Metropolitana de São Paulo,35057,Osasco,350001,São Paulo,3501,São Paulo
3510609,63134,Carapicuíba,SP,3515,Metropolitana de São Paulo,35057,Osasco,350001,São Paulo,3501,São Paulo
3539103,68837,Pirapora do Bom Jesus,SP,3515,Metropolitana de São Paulo,35057,Osasco,350001,São Paulo,3501,São Paulo
3547304,70475,Santana de Parnaíba,SP,3515,Metropolitana de São Paulo,35057,Osasco,350001,São Paulo,3501,São Paulo
3505708,62138,Barueri,SP,3515,Metropolitana de São Paulo,35057,Osasco,350001,São Paulo,3501,São Paulo
3525003,66010,Jandira,SP,3515,Metropolitana de São Paulo,35057,Osasco,350001,São Paulo,3501,São Paulo
3534401,67890,Osasco,SP,3515,Metropolitana de São Paulo,35057,Osasco,350001,São Paulo,3501,São Paulo
3528502,66710,Mairiporã,SP,3515,Metropolitana de São Paulo,35058,Franco da Rocha,350001,São Paulo,3501,São Paulo
3516309,64270,Francisco Morato,SP,3515,Metropolitana de São Paulo,35058,Franco da Rocha,350001,São Paulo,3501,São Paulo
3516408,64297,Franco da Rocha,SP,3515,Metropolitana de São Paulo,35058,Franco da Rocha,350001,São Paulo,3501,São Paulo
3509007,62812,Caieiras,SP,3515,Metropolitana de São Paulo,35058,Franco da Rocha,350001,São Paulo,3501,São Paulo
3518800,64777,Guarulhos,SP,3515,Metropolitana de São Paulo,35059,Guarulhos,350001,São Paulo,3501,São Paulo
3546801,70378,Santa Isabel,SP,3515,Metropolitana de São Paulo,35059,Guarulhos,350001,São Paulo,3501,São Paulo
3503901,61778,Arujá,SP,3515,Metropolitana de São Paulo,35059,Guarulhos,350001,São Paulo,3501,São Paulo
3552809,71579,Taboão da Serra,SP,3515,Metropolitana de São Paulo,35060,Itapecerica da Serra,350001,São Paulo,3501,São Paulo
3526209,66257,Juquitiba,SP,3515,Metropolitana de São Paulo,35060,Itapecerica da Serra,350001,São Paulo,3501,São Paulo
3556453,72737,Vargem Grande Paulista,SP,3515,Metropolitana de São Paulo,35060,Itapecerica da Serra,350001,São Paulo,3501,São Paulo
3549953,61905,São Lourenço da Serra,SP,3515,Metropolitana de São Paulo,35060,Itapecerica da Serra,350001,São Paulo,3501,São Paulo
3513009,63614,Cotia,SP,3515,Metropolitana de São Paulo,35060,Itapecerica da Serra,350001,São Paulo,3501,São Paulo
3515103,64033,Embu-Guaçu,SP,3515,Metropolitana de São Paulo,35060,Itapecerica da Serra,350001,São Paulo,3501,São Paulo
3522208,65455,Itapecerica da Serra,SP,3515,Metropolitana de São Paulo,35060,Itapecerica da Serra,350001,São Paulo,3501,São Paulo
3515004,64017,Embu das Artes,SP,3515,Metropolitana de São Paulo,35060,Itapecerica da Serra,350001,São Paulo,3501,São Paulo
3550308,71072,São Paulo,SP,3515,Metropolitana de São Paulo,35061,São Paulo,350001,São Paulo,3501,São Paulo
3513801,63770,Diadema,SP,3515,Metropolitana de São Paulo,35061,São Paulo,350001,São Paulo,3501,São Paulo
3544103,69833,Rio Grande da Serra,SP,3515,Metropolitana de São Paulo,35061,São Paulo,350001,São Paulo,3501,São Paulo
3548807,70777,São Caetano do Sul,SP,3515,Metropolitana de São Paulo,35061,São Paulo,350001,São Paulo,3501,São Paulo
3547809,70572,Santo André,SP,3515,Metropolitana de São Paulo,35061,São Paulo,350001,São Paulo,3501,São Paulo
3548708,70750,São Bernardo do Campo,SP,3515,Metropolitana de São Paulo,35061,São Paulo,350001,São Paulo,3501,São Paulo
3543303,69671,Ribeirão Pires,SP,3515,Metropolitana de São Paulo,35061,São Paulo,350001,São Paulo,3501,São Paulo
3529401,66893,Mauá,SP,3515,Metropolitana de São Paulo,35061,São Paulo,350001,São Paulo,3501,São Paulo
3518305,64670,Guararema,SP,3515,Metropolitana de São Paulo,35062,Mogi das Cruzes,350001,São Paulo,3501,São Paulo
3506607,62316,Biritiba-Mirim,SP,3515,Metropolitana de São Paulo,35062,Mogi das Cruzes,350001,São Paulo,3501,São Paulo
3523107,65633,Itaquaquecetuba,SP,3515,Metropolitana de São Paulo,35062,Mogi das Cruzes,350001,São Paulo,3501,São Paulo
3545001,70017,Salesópolis,SP,3515,Metropolitana de São Paulo,35062,Mogi das Cruzes,350001,São Paulo,3501,São Paulo
3530607,67130,Mogi das Cruzes,SP,3515,Metropolitana de São Paulo,35062,Mogi das Cruzes,350001,São Paulo,3501,São Paulo
3552502,71510,Suzano,SP,3515,Metropolitana de São Paulo,35062,Mogi das Cruzes,350001,São Paulo,3501,São Paulo
3515707,64157,Ferraz de Vasconcelos,SP,3515,Metropolitana de São Paulo,35062,Mogi das Cruzes,350001,São Paulo,3501,São Paulo
3539806,68977,Poá,SP,3515,Metropolitana de São Paulo,35062,Mogi das Cruzes,350001,São Paulo,3501,São Paulo
3551009,71218,São Vicente,SP,3515,Metropolitana de São Paulo,35063,Santos,350002,Santos,3501,São Paulo
3541000,69213,Praia Grande,SP,3515,Metropolitana de São Paulo,35063,Santos,350002,Santos,3501,São Paulo
3518701,64750,Guarujá,SP,3515,Metropolitana de São Paulo,35063,Santos,350002,Santos,3501,São Paulo
3506359,61280,Bertioga,SP,3515,Metropolitana de São Paulo,35063,Santos,350002,Santos,3501,São Paulo
3548500,70718,Santos,SP,3515,Metropolitana de São Paulo,35063,Santos,350002,Santos,3501,São Paulo
3513504,63711,Cubatão,SP,3515,Metropolitana de São Paulo,35063,Santos,350002,Santos,3501,São Paulo
4100905,74152,Amaporã,PR,4101,Noroeste Paranaense,41001,Paranavaí,410017,Paranavaí,4104,Maringá
4116505,77151,Nova Aliança do Ivaí,PR,4101,Noroeste Paranaense,41001,Paranavaí,410017,Paranavaí,4104,Maringá
4124202,78611,Santo Antônio do Caiuá,PR,4101,Noroeste Paranaense,41001,Paranavaí,410017,Paranavaí,4104,Maringá
4124608,78670,São Carlos do Ivaí,PR,4101,Noroeste Paranaense,41001,Paranavaí,410017,Paranavaí,4104,Maringá
4118402,77496,Paranavaí,PR,4101,Noroeste Paranaense,41001,Paranavaí,410017,Paranavaí,4104,Maringá
4108908,75736,Guairaçá,PR,4101,Noroeste Paranaense,41001,Paranavaí,410017,Paranavaí,4104,Maringá
4117107,77259,Nova Londrina,PR,4101,Noroeste Paranaense,41001,Paranavaí,410017,Paranavaí,4104,Maringá
4127304,79197,Terra Rica,PR,4101,Noroeste Paranaense,41001,Paranavaí,410017,Paranavaí,4104,Maringá
4118006,77410,Paraíso do Norte,PR,4101,Noroeste Paranaense,41001,Paranavaí,410017,Paranavaí,4104,Maringá
4124905,78735,São João do Caiuá,PR,4101,Noroeste Paranaense,41001,Paranavaí,410017,Paranavaí,4104,Maringá
4111308,76198,Itaúna do Sul,PR,4101,Noroeste Paranaense,41001,Paranavaí,410017,Paranavaí,4104,Maringá
4126702,79090,Tamboara,PR,4101,Noroeste Paranaense,41001,Paranavaí,410017,Paranavaí,4104,Maringá
4107108,75396,Diamante do Norte,PR,4101,Noroeste Paranaense,41001,Paranavaí,410017,Paranavaí,4104,Maringá
4115903,77038,Mirador,PR,4101,Noroeste Paranaense,41001,Paranavaí,410017,Paranavaí,4104,Maringá
4100608,74098,Alto Paraná,PR,4101,Noroeste Paranaense,41001,Paranavaí,410017,Paranavaí,4104,Maringá
4119707,77739,Planaltina do Paraná,PR,4101,Noroeste Paranaense,41001,Paranavaí,410017,Paranavaí,4104,Maringá
4115002,79758,Marilena,PR,4101,Noroeste Paranaense,41001,Paranavaí,410017,Paranavaí,4104,Maringá
4106704,75310,Cruzeiro do Sul,PR,4101,Noroeste Paranaense,41001,Paranavaí,410019,Paranacity - Colorado,4104,Maringá
4112603,76457,Jardim Olinda,PR,4101,Noroeste Paranaense,41001,Paranavaí,410019,Paranacity - Colorado,4104,Maringá
4118105,77437,Paranacity,PR,4101,Noroeste Paranaense,41001,Paranavaí,410019,Paranacity - Colorado,4104,Maringá
4110300,76015,Inajá,PR,4101,Noroeste Paranaense,41001,Paranavaí,410019,Paranacity - Colorado,4104,Maringá
4118303,77470,Paranapoema,PR,4101,Noroeste Paranaense,41001,Paranavaí,410019,Paranacity - Colorado,4104,Maringá
4123709,78492,Santa Isabel do Ivaí,PR,4101,Noroeste Paranaense,41001,Paranavaí,410020,Loanda,4104,Maringá
4120200,77836,Porto Rico,PR,4101,Noroeste Paranaense,41001,Paranavaí,410020,Loanda,4104,Maringá
4125902,78930,São Pedro do Paraná,PR,4101,Noroeste Paranaense,41001,Paranavaí,410020,Loanda,4104,Maringá
4121000,77976,Querência do Norte,PR,4101,Noroeste Paranaense,41001,Paranavaí,410020,Loanda,4104,Maringá
4123303,78433,Santa Cruz de Monte Castelo,PR,4101,Noroeste Paranaense,41001,Paranavaí,410020,Loanda,4104,Maringá
4113502,76635,Loanda,PR,4101,Noroeste Paranaense,41001,Paranavaí,410020,Loanda,4104,Maringá
4123956,74829,Santa Mônica,PR,4101,Noroeste Paranaense,41001,Paranavaí,410020,Loanda,4104,Maringá
4100707,74110,Alto Piquiri,PR,4101,Noroeste Paranaense,41002,Umuarama,410016,Umuarama,4104,Maringá
4106605,75299,Cruzeiro do Oeste,PR,4101,Noroeste Paranaense,41002,Umuarama,410016,Umuarama,4104,Maringá
4128104,79359,Umuarama,PR,4101,Noroeste Paranaense,41002,Umuarama,410016,Umuarama,4104,Maringá
4109906,75930,Icaraíma,PR,4101,Noroeste Paranaense,41002,Umuarama,410016,Umuarama,4104,Maringá
4126900,79731,Tapira,PR,4101,Noroeste Paranaense,41002,Umuarama,410016,Umuarama,4104,Maringá
4125357,79995,São Jorge do Patrocínio,PR,4101,Noroeste Paranaense,41002,Umuarama,410016,Umuarama,4104,Maringá
4103479,74209,Cafezal do Sul,PR,4101,Noroeste Paranaense,41002,Umuarama,410016,Umuarama,4104,Maringá
4114708,76856,Maria Helena,PR,4101,Noroeste Paranaense,41002,Umuarama,410016,Umuarama,4104,Maringá
4111555,74462,Ivaté,PR,4101,Noroeste Paranaense,41002,Umuarama,410016,Umuarama,4104,Maringá
4128625,74926,Alto Paraíso,PR,4101,Noroeste Paranaense,41002,Umuarama,410016,Umuarama,4104,Maringá
4128807,79499,Xambrê,PR,4101,Noroeste Paranaense,41002,Umuarama,410016,Umuarama,4104,Maringá
4100509,79510,Altônia,PR,4101,Noroeste Paranaense,41002,Umuarama,410016,Umuarama,4104,Maringá
4103370,74187,Brasilândia do Sul,PR,4101,Noroeste Paranaense,41002,Umuarama,410016,Umuarama,4104,Maringá
4110607,76058,Iporã,PR,4101,Noroeste Paranaense,41002,Umuarama,410016,Umuarama,4104,Maringá
4118857,75507,Perobal,PR,4101,Noroeste Paranaense,41002,Umuarama,410016,Umuarama,4104,Maringá
4107520,75302,Esperança Nova,PR,4101,Noroeste Paranaense,41002,Umuarama,410016,Umuarama,4104,Maringá
4117206,79677,Nova Olímpia,PR,4101,Noroeste Paranaense,41002,Umuarama,410016,Umuarama,4104,Maringá
4108320,79774,Francisco Alves,PR,4101,Noroeste Paranaense,41002,Umuarama,410016,Umuarama,4104,Maringá
4118907,79693,Pérola,PR,4101,Noroeste Paranaense,41002,Umuarama,410016,Umuarama,4104,Maringá
4115101,76899,Mariluz,PR,4101,Noroeste Paranaense,41002,Umuarama,410016,Umuarama,4104,Maringá
4107256,84654,Douradina,PR,4101,Noroeste Paranaense,41002,Umuarama,410016,Umuarama,4104,Maringá
4105607,75078,Cidade Gaúcha,PR,4101,Noroeste Paranaense,41003,Cianorte,410016,Umuarama,4104,Maringá
4126801,79111,Tapejara,PR,4101,Noroeste Paranaense,41003,Cianorte,410018,Cianorte,4104,Maringá
4113007,76538,Jussara,PR,4101,Noroeste Paranaense,41003,Cianorte,410018,Cianorte,4104,Maringá
4105508,75051,Cianorte,PR,4101,Noroeste Paranaense,41003,Cianorte,410018,Cianorte,4104,Maringá
4112405,76414,Japurá,PR,4101,Noroeste Paranaense,41003,Cianorte,410018,Cianorte,4104,Maringá
4126108,78972,São Tomé,PR,4101,Noroeste Paranaense,41003,Cianorte,410018,Cianorte,4104,Maringá
4127908,79316,Tuneiras do Oeste,PR,4101,Noroeste Paranaense,41003,Cianorte,410018,Cianorte,4104,Maringá
4125555,74845,São Manoel do Paraná,PR,4101,Noroeste Paranaense,41003,Cianorte,410018,Cianorte,4104,Maringá
4109104,75779,Guaporema,PR,4101,Noroeste Paranaense,41003,Cianorte,410018,Cianorte,4104,Maringá
4122602,78298,Rondon,PR,4101,Noroeste Paranaense,41003,Cianorte,410018,Cianorte,4104,Maringá
4110409,79618,Indianópolis,PR,4101,Noroeste Paranaense,41003,Cianorte,410018,Cianorte,4104,Maringá
4112959,84638,Juranda,PR,4102,Centro Ocidental Paranaense,41004,Goioerê,410015,Campo Mourão,4104,Maringá
4116802,77194,Nova Cantu,PR,4102,Centro Ocidental Paranaense,41004,Goioerê,410015,Campo Mourão,4104,Maringá
4112207,76376,Janiópolis,PR,4102,Centro Ocidental Paranaense,41004,Goioerê,410015,Campo Mourão,4104,Maringá
4121356,74721,Rancho Alegre D'Oeste,PR,4102,Centro Ocidental Paranaense,41004,Goioerê,410015,Campo Mourão,4104,Maringá
4103909,74756,Campina da Lagoa,PR,4102,Centro Ocidental Paranaense,41004,Goioerê,410015,Campo Mourão,4104,Maringá
4103008,74578,Boa Esperança,PR,4102,Centro Ocidental Paranaense,41004,Goioerê,410015,Campo Mourão,4104,Maringá
4108601,75698,Goioerê,PR,4102,Centro Ocidental Paranaense,41004,Goioerê,410015,Campo Mourão,4104,Maringá
4120655,75582,Quarto Centenário,PR,4102,Centro Ocidental Paranaense,41004,Goioerê,410015,Campo Mourão,4104,Maringá
4128005,79332,Ubiratã,PR,4102,Centro Ocidental Paranaense,41004,Goioerê,410015,Campo Mourão,4104,Maringá
4100459,84557,Altamira do Paraná,PR,4102,Centro Ocidental Paranaense,41004,Goioerê,410015,Campo Mourão,4104,Maringá
4116109,77070,Moreira Sales,PR,4102,Centro Ocidental Paranaense,41004,Goioerê,410015,Campo Mourão,4104,Maringá
4110805,76090,Iretama,PR,4102,Centro Ocidental Paranaense,41005,Campo Mourão,410015,Campo Mourão,4104,Maringá
4107702,75515,Fênix,PR,4102,Centro Ocidental Paranaense,41005,Campo Mourão,410015,Campo Mourão,4104,Maringá
4121109,77992,Quinta do Sol,PR,4102,Centro Ocidental Paranaense,41005,Campo Mourão,410015,Campo Mourão,4104,Maringá
4122503,78271,Roncador,PR,4102,Centro Ocidental Paranaense,41005,Campo Mourão,410015,Campo Mourão,4104,Maringá
4113734,75809,Luiziana,PR,4102,Centro Ocidental Paranaense,41005,Campo Mourão,410015,Campo Mourão,4104,Maringá
4107504,75477,Engenheiro Beltrão,PR,4102,Centro Ocidental Paranaense,41005,Campo Mourão,410015,Campo Mourão,4104,Maringá
4118808,77577,Peabiru,PR,4102,Centro Ocidental Paranaense,41005,Campo Mourão,410015,Campo Mourão,4104,Maringá
4102505,74470,Barbosa Ferraz,PR,4102,Centro Ocidental Paranaense,41005,Campo Mourão,410015,Campo Mourão,4104,Maringá
4114005,76732,Mamborê,PR,4102,Centro Ocidental Paranaense,41005,Campo Mourão,410015,Campo Mourão,4104,Maringá
4104303,74837,Campo Mourão,PR,4102,Centro Ocidental Paranaense,41005,Campo Mourão,410015,Campo Mourão,4104,Maringá
4101705,74314,Araruna,PR,4102,Centro Ocidental Paranaense,41005,Campo Mourão,410015,Campo Mourão,4104,Maringá
4106555,75280,Corumbataí do Sul,PR,4102,Centro Ocidental Paranaense,41005,Campo Mourão,410015,Campo Mourão,4104,Maringá
4107553,74306,Farol,PR,4102,Centro Ocidental Paranaense,41005,Campo Mourão,410015,Campo Mourão,4104,Maringá
4127205,79170,Terra Boa,PR,4102,Centro Ocidental Paranaense,41005,Campo Mourão,410018,Cianorte,4104,Maringá
4108106,75590,Flórida,PR,4103,Norte Central Paranaense,41006,Astorga,410014,Maringá,4104,Maringá
4102208,74411,Atalaia,PR,4103,Norte Central Paranaense,41006,Astorga,410014,Maringá,4104,Maringá
4120408,77879,Presidente Castelo Branco,PR,4103,Norte Central Paranaense,41006,Astorga,410014,Maringá,4104,Maringá
4110003,75957,Iguaraçu,PR,4103,Norte Central Paranaense,41006,Astorga,410014,Maringá,4104,Maringá
4128302,79391,Uniflor,PR,4103,Norte Central Paranaense,41006,Astorga,410014,Maringá,4104,Maringá
4114104,76759,Mandaguaçu,PR,4103,Norte Central Paranaense,41006,Astorga,410014,Maringá,4104,Maringá
4116307,77119,Munhoz de Melo,PR,4103,Norte Central Paranaense,41006,Astorga,410014,Maringá,4104,Maringá
4101150,74128,Ângulo,PR,4103,Norte Central Paranaense,41006,Astorga,410014,Maringá,4104,Maringá
4102109,74390,Astorga,PR,4103,Norte Central Paranaense,41006,Astorga,410014,Maringá,4104,Maringá
4123402,78450,Santa Fé,PR,4103,Norte Central Paranaense,41006,Astorga,410014,Maringá,4104,Maringá
4116901,77216,Nova Esperança,PR,4103,Norte Central Paranaense,41006,Astorga,410014,Maringá,4104,Maringá
4123600,78476,Santa Inês,PR,4103,Norte Central Paranaense,41006,Astorga,410019,Paranacity - Colorado,4104,Maringá
4116406,77135,Nossa Senhora das Graças,PR,4103,Norte Central Paranaense,41006,Astorga,410019,Paranacity - Colorado,4104,Maringá
4105904,75159,Colorado,PR,4103,Norte Central Paranaense,41006,Astorga,410019,Paranacity - Colorado,4104,Maringá
4124509,78654,Santo Inácio,PR,4103,Norte Central Paranaense,41006,Astorga,410019,Paranacity - Colorado,4104,Maringá
4113601,76651,Lobato,PR,4103,Norte Central Paranaense,41006,Astorga,410019,Paranacity - Colorado,4104,Maringá
4110904,76112,Itaguajé,PR,4103,Norte Central Paranaense,41006,Astorga,410019,Paranacity - Colorado,4104,Maringá
4109203,75795,Guaraci,PR,4103,Norte Central Paranaense,41006,Astorga,410021,Londrina,4105,Londrina
4111902,76317,Jaguapitã,PR,4103,Norte Central Paranaense,41006,Astorga,410021,Londrina,4105,Londrina
4103404,74659,Cafeara,PR,4103,Norte Central Paranaense,41006,Astorga,410021,Londrina,4105,Londrina
4113809,76694,Lupionópolis,PR,4103,Norte Central Paranaense,41006,Astorga,410021,Londrina,4105,Londrina
4105102,74993,Centenário do Sul,PR,4103,Norte Central Paranaense,41006,Astorga,410021,Londrina,4105,Londrina
4100806,74136,Alvorada do Sul,PR,4103,Norte Central Paranaense,41007,Porecatu,410021,Londrina,4105,Londrina
4102802,74535,Bela Vista do Paraíso,PR,4103,Norte Central Paranaense,41007,Porecatu,410021,Londrina,4105,Londrina
4108007,75574,Florestópolis,PR,4103,Norte Central Paranaense,41007,Porecatu,410021,Londrina,4105,Londrina
4120507,77895,Primeiro de Maio,PR,4103,Norte Central Paranaense,41007,Porecatu,410021,Londrina,4105,Londrina
4126504,79057,Sertanópolis,PR,4103,Norte Central Paranaense,41007,Porecatu,410021,Londrina,4105,Londrina
4116000,77054,Miraselva,PR,4103,Norte Central Paranaense,41007,Porecatu,410021,Londrina,4105,Londrina
4120002,77798,Porecatu,PR,4103,Norte Central Paranaense,41007,Porecatu,410021,Londrina,4105,Londrina
4120333,75566,Prado Ferreira,PR,4103,Norte Central Paranaense,41007,Porecatu,410021,Londrina,4105,Londrina
4117404,77291,Ourizona,PR,4103,Norte Central Paranaense,41008,Floraí,410014,Maringá,4104,Maringá
4125308,78794,São Jorge do Ivaí,PR,4103,Norte Central Paranaense,41008,Floraí,410014,Maringá,4104,Maringá
4111100,76155,Itambé,PR,4103,Norte Central Paranaense,41008,Floraí,410014,Maringá,4104,Maringá
4107306,75434,Doutor Camargo,PR,4103,Norte Central Paranaense,41008,Floraí,410014,Maringá,4104,Maringá
4111605,76252,Ivatuba,PR,4103,Norte Central Paranaense,41008,Floraí,410014,Maringá,4104,Maringá
4107900,75558,Floresta,PR,4103,Norte Central Paranaense,41008,Floraí,410014,Maringá,4104,Maringá
4107801,75531,Floraí,PR,4103,Norte Central Paranaense,41008,Floraí,410014,Maringá,4104,Maringá
4114203,76775,Mandaguari,PR,4103,Norte Central Paranaense,41009,Maringá,410014,Maringá,4104,Maringá
4117503,77313,Paiçandu,PR,4103,Norte Central Paranaense,41009,Maringá,410014,Maringá,4104,Maringá
4126256,84611,Sarandi,PR,4103,Norte Central Paranaense,41009,Maringá,410014,Maringá,4104,Maringá
4114807,76872,Marialva,PR,4103,Norte Central Paranaense,41009,Maringá,410014,Maringá,4104,Maringá
4115200,76910,Maringá,PR,4103,Norte Central Paranaense,41009,Maringá,410014,Maringá,4104,Maringá
4101507,74276,Arapongas,PR,4103,Norte Central Paranaense,41010,Apucarana,410021,Londrina,4105,Londrina
4122701,78310,Sabáudia,PR,4103,Norte Central Paranaense,41010,Apucarana,410021,Londrina,4105,Londrina
4115754,74543,Mauá da Serra,PR,4103,Norte Central Paranaense,41010,Apucarana,410023,Apucarana,4105,Londrina
4103503,74675,Califórnia,PR,4103,Norte Central Paranaense,41010,Apucarana,410023,Apucarana,4105,Londrina
4101408,74250,Apucarana,PR,4103,Norte Central Paranaense,41010,Apucarana,410023,Apucarana,4105,Londrina
4112108,76350,Jandaia do Sul,PR,4103,Norte Central Paranaense,41010,Apucarana,410023,Apucarana,4105,Londrina
4114906,74330,Marilândia do Sul,PR,4103,Norte Central Paranaense,41010,Apucarana,410023,Apucarana,4105,Londrina
4103800,74730,Cambira,PR,4103,Norte Central Paranaense,41010,Apucarana,410023,Apucarana,4105,Londrina
4117297,74420,Novo Itacolomi,PR,4103,Norte Central Paranaense,41010,Apucarana,410023,Apucarana,4105,Londrina
4103701,74713,Cambé,PR,4103,Norte Central Paranaense,41011,Londrina,410021,Londrina,4105,Londrina
4126678,75663,Tamarana,PR,4103,Norte Central Paranaense,41011,Londrina,410021,Londrina,4105,Londrina
4122404,78255,Rolândia,PR,4103,Norte Central Paranaense,41011,Londrina,410021,Londrina,4105,Londrina
4109807,75914,Ibiporã,PR,4103,Norte Central Paranaense,41011,Londrina,410021,Londrina,4105,Londrina
4119657,74667,Pitangueiras,PR,4103,Norte Central Paranaense,41011,Londrina,410021,Londrina,4105,Londrina
4113700,76678,Londrina,PR,4103,Norte Central Paranaense,41011,Londrina,410021,Londrina,4105,Londrina
4115507,76970,Marumbi,PR,4103,Norte Central Paranaense,41012,Faxinal,410023,Apucarana,4105,Londrina
4103206,74616,Bom Sucesso,PR,4103,Norte Central Paranaense,41012,Faxinal,410023,Apucarana,4105,Londrina
4113106,76554,Kaloré,PR,4103,Norte Central Paranaense,41012,Faxinal,410023,Apucarana,4105,Londrina
4103305,74632,Borrazópolis,PR,4103,Norte Central Paranaense,41012,Faxinal,410023,Apucarana,4105,Londrina
4122107,78190,Rio Bom,PR,4103,Norte Central Paranaense,41012,Faxinal,410023,Apucarana,4105,Londrina
4107603,75493,Faxinal,PR,4103,Norte Central Paranaense,41012,Faxinal,410025,Ivaiporã,4105,Londrina
4106852,75264,Cruzmaltina,PR,4103,Norte Central Paranaense,41012,Faxinal,410025,Ivaiporã,4105,Londrina
4117271,75760,Nova Tebas,PR,4103,Norte Central Paranaense,41013,Ivaiporã,410005,Pitanga,4102,Guarapuava
4125803,78913,São Pedro do Ivaí,PR,4103,Norte Central Paranaense,41013,Ivaiporã,410023,Apucarana,4105,Londrina
4114500,76813,Manoel Ribas,PR,4103,Norte Central Paranaense,41013,Ivaiporã,410025,Ivaiporã,4105,Londrina
4125001,78751,São João do Ivaí,PR,4103,Norte Central Paranaense,41013,Ivaiporã,410025,Ivaiporã,4105,Londrina
4111506,76236,Ivaiporã,PR,4103,Norte Central Paranaense,41013,Ivaiporã,410025,Ivaiporã,4105,Londrina
4108551,74004,Godoy Moreira,PR,4103,Norte Central Paranaense,41013,Ivaiporã,410025,Ivaiporã,4105,Londrina
4122651,75744,Rosário do Ivaí,PR,4103,Norte Central Paranaense,41013,Ivaiporã,410025,Ivaiporã,4105,Londrina
4101853,75086,Ariranha do Ivaí,PR,4103,Norte Central Paranaense,41013,Ivaiporã,410025,Ivaiporã,4105,Londrina
4113429,74489,Lidianópolis,PR,4103,Norte Central Paranaense,41013,Ivaiporã,410025,Ivaiporã,4105,Londrina
4112504,76430,Jardim Alegre,PR,4103,Norte Central Paranaense,41013,Ivaiporã,410025,Ivaiporã,4105,Londrina
4108700,79596,Grandes Rios,PR,4103,Norte Central Paranaense,41013,Ivaiporã,410025,Ivaiporã,4105,Londrina
4104402,74853,Cândido de Abreu,PR,4103,Norte Central Paranaense,41013,Ivaiporã,410025,Ivaiporã,4105,Londrina
4113759,84590,Lunardelli,PR,4103,Norte Central Paranaense,41013,Ivaiporã,410025,Ivaiporã,4105,Londrina
4122172,75620,Rio Branco do Ivaí,PR,4103,Norte Central Paranaense,41013,Ivaiporã,410025,Ivaiporã,4105,Londrina
4101655,75108,Arapuã,PR,4103,Norte Central Paranaense,41013,Ivaiporã,410025,Ivaiporã,4105,Londrina
4101903,74373,Assaí,PR,4104,Norte Pioneiro Paranaense,41014,Assaí,410021,Londrina,4105,Londrina
4112702,76473,Jataizinho,PR,4104,Norte Pioneiro Paranaense,41014,Assaí,410021,Londrina,4105,Londrina
4121307,78034,Rancho Alegre,PR,4104,Norte Pioneiro Paranaense,41014,Assaí,410024,Cornélio Procópio ¿ Bandeirantes,4105,Londrina
4117214,74608,Nova Santa Bárbara,PR,4104,Norte Pioneiro Paranaense,41014,Assaí,410024,Cornélio Procópio ¿ Bandeirantes,4105,Londrina
4128401,79413,Uraí,PR,4104,Norte Pioneiro Paranaense,41014,Assaí,410024,Cornélio Procópio ¿ Bandeirantes,4105,Londrina
4126009,78956,São Sebastião da Amoreira,PR,4104,Norte Pioneiro Paranaense,41014,Assaí,410024,Cornélio Procópio ¿ Bandeirantes,4105,Londrina
4124707,78697,São Jerônimo da Serra,PR,4104,Norte Pioneiro Paranaense,41014,Assaí,410024,Cornélio Procópio ¿ Bandeirantes,4105,Londrina
4123204,78417,Santa Cecília do Pavão,PR,4104,Norte Pioneiro Paranaense,41014,Assaí,410024,Cornélio Procópio ¿ Bandeirantes,4105,Londrina
4101101,74195,Andirá,PR,4104,Norte Pioneiro Paranaense,41015,Cornélio Procópio,410022,Santo Antônio da Platina,4105,Londrina
4100103,74012,Abatiá,PR,4104,Norte Pioneiro Paranaense,41015,Cornélio Procópio,410022,Santo Antônio da Platina,4105,Londrina
4121901,78158,Ribeirão do Pinhal,PR,4104,Norte Pioneiro Paranaense,41015,Cornélio Procópio,410022,Santo Antônio da Platina,4105,Londrina
4124301,78638,Santo Antônio do Paraíso,PR,4104,Norte Pioneiro Paranaense,41015,Cornélio Procópio,410024,Cornélio Procópio ¿ Bandeirantes,4105,Londrina
4116604,77178,Nova América da Colina,PR,4104,Norte Pioneiro Paranaense,41015,Cornélio Procópio,410024,Cornélio Procópio ¿ Bandeirantes,4105,Londrina
4106407,75256,Cornélio Procópio,PR,4104,Norte Pioneiro Paranaense,41015,Cornélio Procópio,410024,Cornélio Procópio ¿ Bandeirantes,4105,Londrina
4126405,79030,Sertaneja,PR,4104,Norte Pioneiro Paranaense,41015,Cornélio Procópio,410024,Cornélio Procópio ¿ Bandeirantes,4105,Londrina
4102406,74454,Bandeirantes,PR,4104,Norte Pioneiro Paranaense,41015,Cornélio Procópio,410024,Cornélio Procópio ¿ Bandeirantes,4105,Londrina
4111001,76139,Itambaracá,PR,4104,Norte Pioneiro Paranaense,41015,Cornélio Procópio,410024,Cornélio Procópio ¿ Bandeirantes,4105,Londrina
4123907,78530,Santa Mariana,PR,4104,Norte Pioneiro Paranaense,41015,Cornélio Procópio,410024,Cornélio Procópio ¿ Bandeirantes,4105,Londrina
4117008,77232,Nova Fátima,PR,4104,Norte Pioneiro Paranaense,41015,Cornélio Procópio,410024,Cornélio Procópio ¿ Bandeirantes,4105,Londrina
4113403,76619,Leópolis,PR,4104,Norte Pioneiro Paranaense,41015,Cornélio Procópio,410024,Cornélio Procópio ¿ Bandeirantes,4105,Londrina
4106001,75175,Congonhinhas,PR,4104,Norte Pioneiro Paranaense,41015,Cornélio Procópio,410024,Cornélio Procópio ¿ Bandeirantes,4105,Londrina
4123105,78395,Santa Amélia,PR,4104,Norte Pioneiro Paranaense,41015,Cornélio Procópio,410024,Cornélio Procópio ¿ Bandeirantes,4105,Londrina
4121802,78131,Ribeirão Claro,PR,4104,Norte Pioneiro Paranaense,41016,Jacarezinho,410022,Santo Antônio da Platina,4105,Londrina
4102703,74519,Barra do Jacaré,PR,4104,Norte Pioneiro Paranaense,41016,Jacarezinho,410022,Santo Antônio da Platina,4105,Londrina
4103602,74691,Cambará,PR,4104,Norte Pioneiro Paranaense,41016,Jacarezinho,410022,Santo Antônio da Platina,4105,Londrina
4124103,78590,Santo Antônio da Platina,PR,4104,Norte Pioneiro Paranaense,41016,Jacarezinho,410022,Santo Antônio da Platina,4105,Londrina
4111803,76295,Jacarezinho,PR,4104,Norte Pioneiro Paranaense,41016,Jacarezinho,410022,Santo Antônio da Platina,4105,Londrina
4112900,76511,Jundiaí do Sul,PR,4104,Norte Pioneiro Paranaense,41016,Jacarezinho,410022,Santo Antônio da Platina,4105,Londrina
4126207,78999,Sapopema,PR,4104,Norte Pioneiro Paranaense,41017,Ibaiti,410024,Cornélio Procópio ¿ Bandeirantes,4105,Londrina
4106100,75191,Conselheiro Mairinck,PR,4104,Norte Pioneiro Paranaense,41017,Ibaiti,410026,Ibaiti,4105,Londrina
4112306,76392,Japira,PR,4104,Norte Pioneiro Paranaense,41017,Ibaiti,410026,Ibaiti,4105,Londrina
4119202,77631,Pinhalão,PR,4104,Norte Pioneiro Paranaense,41017,Ibaiti,410026,Ibaiti,4105,Londrina
4111704,76279,Jaboti,PR,4104,Norte Pioneiro Paranaense,41017,Ibaiti,410026,Ibaiti,4105,Londrina
4109708,75892,Ibaiti,PR,4104,Norte Pioneiro Paranaense,41017,Ibaiti,410026,Ibaiti,4105,Londrina
4107751,84573,Figueira,PR,4104,Norte Pioneiro Paranaense,41017,Ibaiti,410026,Ibaiti,4105,Londrina
4107009,75370,Curiúva,PR,4104,Norte Pioneiro Paranaense,41017,Ibaiti,410028,Telêmaco Borba,4106,Ponta Grossa
4104709,74918,Carlópolis,PR,4104,Norte Pioneiro Paranaense,41018,Wenceslau Braz,410022,Santo Antônio da Platina,4105,Londrina
4128500,79430,Wenceslau Braz,PR,4104,Norte Pioneiro Paranaense,41018,Wenceslau Braz,410022,Santo Antônio da Platina,4105,Londrina
4112801,76490,Joaquim Távora,PR,4104,Norte Pioneiro Paranaense,41018,Wenceslau Braz,410022,Santo Antônio da Platina,4105,Londrina
4120705,77933,Quatiguá,PR,4104,Norte Pioneiro Paranaense,41018,Wenceslau Braz,410022,Santo Antônio da Platina,4105,Londrina
4125407,78832,São José da Boa Vista,PR,4104,Norte Pioneiro Paranaense,41018,Wenceslau Braz,410022,Santo Antônio da Platina,4105,Londrina
4126603,79073,Siqueira Campos,PR,4104,Norte Pioneiro Paranaense,41018,Wenceslau Braz,410022,Santo Antônio da Platina,4105,Londrina
4109005,75752,Guapirama,PR,4104,Norte Pioneiro Paranaense,41018,Wenceslau Braz,410022,Santo Antônio da Platina,4105,Londrina
4124004,78557,Santana do Itararé,PR,4104,Norte Pioneiro Paranaense,41018,Wenceslau Braz,410022,Santo Antônio da Platina,4105,Londrina
4122909,78352,Salto do Itararé,PR,4104,Norte Pioneiro Paranaense,41018,Wenceslau Braz,410022,Santo Antônio da Platina,4105,Londrina
4127809,79294,Tomazina,PR,4104,Norte Pioneiro Paranaense,41018,Wenceslau Braz,410022,Santo Antônio da Platina,4105,Londrina
4128534,74900,Ventania,PR,4105,Centro Oriental Paranaense,41019,Telêmaco Borba,410028,Telêmaco Borba,4106,Ponta Grossa
4121703,78115,Reserva,PR,4105,Centro Oriental Paranaense,41019,Telêmaco Borba,410028,Telêmaco Borba,4106,Ponta Grossa
4110078,75442,Imbaú,PR,4105,Centro Oriental Paranaense,41019,Telêmaco Borba,410028,Telêmaco Borba,4106,Ponta Grossa
4127106,79154,Telêmaco Borba,PR,4105,Centro Oriental Paranaense,41019,Telêmaco Borba,410028,Telêmaco Borba,4106,Ponta Grossa
4117305,77275,Ortigueira,PR,4105,Centro Oriental Paranaense,41019,Telêmaco Borba,410028,Telêmaco Borba,4106,Ponta Grossa
4127502,79235,Tibagi,PR,4105,Centro Oriental Paranaense,41019,Telêmaco Borba,410028,Telêmaco Borba,4106,Ponta Grossa
4126306,79014,Sengés,PR,4105,Centro Oriental Paranaense,41020,Jaguariaíva,410027,Ponta Grossa,4106,Ponta Grossa
4112009,76333,Jaguariaíva,PR,4105,Centro Oriental Paranaense,41020,Jaguariaíva,410027,Ponta Grossa,4106,Ponta Grossa
4119400,77674,Piraí do Sul,PR,4105,Centro Oriental Paranaense,41020,Jaguariaíva,410027,Ponta Grossa,4106,Ponta Grossa
4101606,74292,Arapoti,PR,4105,Centro Oriental Paranaense,41020,Jaguariaíva,410027,Ponta Grossa,4106,Ponta Grossa
4117701,77356,Palmeira,PR,4105,Centro Oriental Paranaense,41021,Ponta Grossa,410027,Ponta Grossa,4106,Ponta Grossa
4119905,77771,Ponta Grossa,PR,4105,Centro Oriental Paranaense,41021,Ponta Grossa,410027,Ponta Grossa,4106,Ponta Grossa
4104659,75221,Carambeí,PR,4105,Centro Oriental Paranaense,41021,Ponta Grossa,410027,Ponta Grossa,4106,Ponta Grossa
4104907,74950,Castro,PR,4105,Centro Oriental Paranaense,41021,Ponta Grossa,410027,Ponta Grossa,4106,Ponta Grossa
4107157,75400,Diamante D'Oeste,PR,4106,Oeste Paranaense,41022,Toledo,410006,Cascavel,4103,Cascavel
4127957,79936,Tupãssi,PR,4106,Oeste Paranaense,41022,Toledo,410008,Toledo,4103,Cascavel
4112751,79979,Jesuítas,PR,4106,Oeste Paranaense,41022,Toledo,410008,Toledo,4103,Cascavel
4117909,77399,Palotina,PR,4106,Oeste Paranaense,41022,Toledo,410008,Toledo,4103,Cascavel
4115358,74500,Maripá,PR,4106,Oeste Paranaense,41022,Toledo,410008,Toledo,4103,Cascavel
4127403,79219,Terra Roxa,PR,4106,Oeste Paranaense,41022,Toledo,410008,Toledo,4103,Cascavel
4123501,79715,Santa Helena,PR,4106,Oeste Paranaense,41022,Toledo,410008,Toledo,4103,Cascavel
4125456,84719,São José das Palmeiras,PR,4106,Oeste Paranaense,41022,Toledo,410008,Toledo,4103,Cascavel
4108809,75710,Guaíra,PR,4106,Oeste Paranaense,41022,Toledo,410008,Toledo,4103,Cascavel
4108205,75612,Formosa do Oeste,PR,4106,Oeste Paranaense,41022,Toledo,410008,Toledo,4103,Cascavel
4117453,74063,Ouro Verde do Oeste,PR,4106,Oeste Paranaense,41022,Toledo,410008,Toledo,4103,Cascavel
4102000,79537,Assis Chateaubriand,PR,4106,Oeste Paranaense,41022,Toledo,410008,Toledo,4103,Cascavel
4110656,74403,Iracema do Oeste,PR,4106,Oeste Paranaense,41022,Toledo,410008,Toledo,4103,Cascavel
4127700,79278,Toledo,PR,4106,Oeste Paranaense,41022,Toledo,410008,Toledo,4103,Cascavel
4125753,74861,São Pedro do Iguaçu,PR,4106,Oeste Paranaense,41022,Toledo,410008,Toledo,4103,Cascavel
4107538,74284,Entre Rios do Oeste,PR,4106,Oeste Paranaense,41022,Toledo,410013,Marechal Cândido Rondon,4103,Cascavel
4117222,79790,Nova Santa Rosa,PR,4106,Oeste Paranaense,41022,Toledo,410013,Marechal Cândido Rondon,4103,Cascavel
4115853,74560,Mercedes,PR,4106,Oeste Paranaense,41022,Toledo,410013,Marechal Cândido Rondon,4103,Cascavel
4120853,74683,Quatro Pontes,PR,4106,Oeste Paranaense,41022,Toledo,410013,Marechal Cândido Rondon,4103,Cascavel
4118451,74624,Pato Bragado,PR,4106,Oeste Paranaense,41022,Toledo,410013,Marechal Cândido Rondon,4103,Cascavel
4114609,76830,Marechal Cândido Rondon,PR,4106,Oeste Paranaense,41022,Toledo,410013,Marechal Cândido Rondon,4103,Cascavel
4103057,79812,Boa Vista da Aparecida,PR,4106,Oeste Paranaense,41023,Cascavel,410006,Cascavel,4103,Cascavel
4104600,74896,Capitão Leônidas Marques,PR,4106,Oeste Paranaense,41023,Cascavel,410006,Cascavel,4103,Cascavel
4106308,75230,Corbélia,PR,4106,Oeste Paranaense,41023,Cascavel,410006,Cascavel,4103,Cascavel
4110052,74381,Iguatu,PR,4106,Oeste Paranaense,41023,Cascavel,410006,Cascavel,4103,Cascavel
4103354,79839,Braganey,PR,4106,Oeste Paranaense,41023,Cascavel,410006,Cascavel,4103,Cascavel
4127858,79871,Três Barras do Paraná,PR,4106,Oeste Paranaense,41023,Cascavel,410006,Cascavel,4103,Cascavel
4123824,74764,Santa Lúcia,PR,4106,Oeste Paranaense,41023,Cascavel,410006,Cascavel,4103,Cascavel
4109757,74020,Ibema,PR,4106,Oeste Paranaense,41023,Cascavel,410006,Cascavel,4103,Cascavel
4105003,74977,Catanduvas,PR,4106,Oeste Paranaense,41023,Cascavel,410006,Cascavel,4103,Cascavel
4116703,79650,Nova Aurora,PR,4106,Oeste Paranaense,41023,Cascavel,410006,Cascavel,4103,Cascavel
4113452,74047,Lindoeste,PR,4106,Oeste Paranaense,41023,Cascavel,410006,Cascavel,4103,Cascavel
4101051,74101,Anahy,PR,4106,Oeste Paranaense,41023,Cascavel,410006,Cascavel,4103,Cascavel
4103453,79855,Cafelândia,PR,4106,Oeste Paranaense,41023,Cascavel,410006,Cascavel,4103,Cascavel
4104055,74780,Campo Bonito,PR,4106,Oeste Paranaense,41023,Cascavel,410006,Cascavel,4103,Cascavel
4124020,74080,Santa Tereza do Oeste,PR,4106,Oeste Paranaense,41023,Cascavel,410006,Cascavel,4103,Cascavel
4109302,75817,Guaraniaçu,PR,4106,Oeste Paranaense,41023,Cascavel,410006,Cascavel,4103,Cascavel
4107124,74268,Diamante do Sul,PR,4106,Oeste Paranaense,41023,Cascavel,410006,Cascavel,4103,Cascavel
4104808,74934,Cascavel,PR,4106,Oeste Paranaense,41023,Cascavel,410006,Cascavel,4103,Cascavel
4105300,79570,Céu Azul,PR,4106,Oeste Paranaense,41024,Foz do Iguaçu,410006,Cascavel,4103,Cascavel
4115606,76996,Matelândia,PR,4106,Oeste Paranaense,41024,Foz do Iguaçu,410006,Cascavel,4103,Cascavel
4128559,79898,Vera Cruz do Oeste,PR,4106,Oeste Paranaense,41024,Foz do Iguaçu,410006,Cascavel,4103,Cascavel
4121257,74705,Ramilândia,PR,4106,Oeste Paranaense,41024,Foz do Iguaçu,410006,Cascavel,4103,Cascavel
4125704,78891,São Miguel do Iguaçu,PR,4106,Oeste Paranaense,41024,Foz do Iguaçu,410007,Foz do Iguaçu,4103,Cascavel
4110953,75000,Itaipulândia,PR,4106,Oeste Paranaense,41024,Foz do Iguaçu,410007,Foz do Iguaçu,4103,Cascavel
4124053,84670,Santa Terezinha de Itaipu,PR,4106,Oeste Paranaense,41024,Foz do Iguaçu,410007,Foz do Iguaçu,4103,Cascavel
4126355,75647,Serranópolis do Iguaçu,PR,4106,Oeste Paranaense,41024,Foz do Iguaçu,410007,Foz do Iguaçu,4103,Cascavel
4108304,75639,Foz do Iguaçu,PR,4106,Oeste Paranaense,41024,Foz do Iguaçu,410007,Foz do Iguaçu,4103,Cascavel
4115804,77011,Medianeira,PR,4106,Oeste Paranaense,41024,Foz do Iguaçu,410007,Foz do Iguaçu,4103,Cascavel
4116059,84697,Missal,PR,4106,Oeste Paranaense,41024,Foz do Iguaçu,410007,Foz do Iguaçu,4103,Cascavel
4102752,75124,Bela Vista da Caroba,PR,4107,Sudoeste Paranaense,41025,Capanema,410009,Francisco Beltrão,4103,Cascavel
4104501,74870,Capanema,PR,4107,Sudoeste Paranaense,41025,Capanema,410009,Francisco Beltrão,4103,Cascavel
4119806,77755,Planalto,PR,4107,Sudoeste Paranaense,41025,Capanema,410009,Francisco Beltrão,4103,Cascavel
4120358,79910,Pranchita,PR,4107,Sudoeste Paranaense,41025,Capanema,410009,Francisco Beltrão,4103,Cascavel
4123808,78514,Santa Izabel do Oeste,PR,4107,Sudoeste Paranaense,41025,Capanema,410009,Francisco Beltrão,4103,Cascavel
4121406,78050,Realeza,PR,4107,Sudoeste Paranaense,41025,Capanema,410009,Francisco Beltrão,4103,Cascavel
4119004,77593,Pérola d'Oeste,PR,4107,Sudoeste Paranaense,41025,Capanema,410009,Francisco Beltrão,4103,Cascavel
4101002,74179,Ampére,PR,4107,Sudoeste Paranaense,41025,Capanema,410009,Francisco Beltrão,4103,Cascavel
4115408,76953,Marmeleiro,PR,4107,Sudoeste Paranaense,41026,Francisco Beltrão,410009,Francisco Beltrão,4103,Cascavel
4107405,75450,Enéas Marques,PR,4107,Sudoeste Paranaense,41026,Francisco Beltrão,410009,Francisco Beltrão,4103,Cascavel
4114351,75469,Manfrinópolis,PR,4107,Sudoeste Paranaense,41026,Francisco Beltrão,410009,Francisco Beltrão,4103,Cascavel
4122800,78336,Salgado Filho,PR,4107,Sudoeste Paranaense,41026,Francisco Beltrão,410009,Francisco Beltrão,4103,Cascavel
4128609,79456,Verê,PR,4107,Sudoeste Paranaense,41026,Francisco Beltrão,410009,Francisco Beltrão,4103,Cascavel
4124400,78573,Santo Antônio do Sudoeste,PR,4107,Sudoeste Paranaense,41026,Francisco Beltrão,410009,Francisco Beltrão,4103,Cascavel
4121604,78093,Renascença,PR,4107,Sudoeste Paranaense,41026,Francisco Beltrão,410009,Francisco Beltrão,4103,Cascavel
4102604,74497,Barracão,PR,4107,Sudoeste Paranaense,41026,Francisco Beltrão,410009,Francisco Beltrão,4103,Cascavel
4116950,75027,Nova Esperança do Sudoeste,PR,4107,Sudoeste Paranaense,41026,Francisco Beltrão,410009,Francisco Beltrão,4103,Cascavel
4108403,75655,Francisco Beltrão,PR,4107,Sudoeste Paranaense,41026,Francisco Beltrão,410009,Francisco Beltrão,4103,Cascavel
4103156,75167,Bom Jesus do Sul,PR,4107,Sudoeste Paranaense,41026,Francisco Beltrão,410009,Francisco Beltrão,4103,Cascavel
4107850,74349,Flor da Serra do Sul,PR,4107,Sudoeste Paranaense,41026,Francisco Beltrão,410009,Francisco Beltrão,4103,Cascavel
4119251,74640,Pinhal de São Bento,PR,4107,Sudoeste Paranaense,41026,Francisco Beltrão,410009,Francisco Beltrão,4103,Cascavel
4123006,78379,Salto do Lontra,PR,4107,Sudoeste Paranaense,41026,Francisco Beltrão,410012,Dois Vizinhos,4103,Cascavel
4103024,74144,Boa Esperança do Iguaçu,PR,4107,Sudoeste Paranaense,41026,Francisco Beltrão,410012,Dois Vizinhos,4103,Cascavel
4125209,78816,São Jorge d'Oeste,PR,4107,Sudoeste Paranaense,41026,Francisco Beltrão,410012,Dois Vizinhos,4103,Cascavel
4117255,79952,Nova Prata do Iguaçu,PR,4107,Sudoeste Paranaense,41026,Francisco Beltrão,410012,Dois Vizinhos,4103,Cascavel
4106571,74241,Cruzeiro do Iguaçu,PR,4107,Sudoeste Paranaense,41026,Francisco Beltrão,410012,Dois Vizinhos,4103,Cascavel
4107207,75418,Dois Vizinhos,PR,4107,Sudoeste Paranaense,41026,Francisco Beltrão,410012,Dois Vizinhos,4103,Cascavel
4106506,75272,Coronel Vivida,PR,4107,Sudoeste Paranaense,41027,Pato Branco,410010,Pato Branco,4103,Cascavel
4126652,75787,Sulina,PR,4107,Sudoeste Paranaense,41027,Pato Branco,410010,Pato Branco,4103,Cascavel
4103222,74160,Bom Sucesso do Sul,PR,4107,Sudoeste Paranaense,41027,Pato Branco,410010,Pato Branco,4103,Cascavel
4128708,79472,Vitorino,PR,4107,Sudoeste Paranaense,41027,Pato Branco,410010,Pato Branco,4103,Cascavel
4115309,76937,Mariópolis,PR,4107,Sudoeste Paranaense,41027,Pato Branco,410010,Pato Branco,4103,Cascavel
4118501,77518,Pato Branco,PR,4107,Sudoeste Paranaense,41027,Pato Branco,410010,Pato Branco,4103,Cascavel
4111209,76171,Itapejara d'Oeste,PR,4107,Sudoeste Paranaense,41027,Pato Branco,410010,Pato Branco,4103,Cascavel
4126272,75060,Saudade do Iguaçu,PR,4107,Sudoeste Paranaense,41027,Pato Branco,410010,Pato Branco,4103,Cascavel
4124806,78719,São João,PR,4107,Sudoeste Paranaense,41027,Pato Branco,410010,Pato Branco,4103,Cascavel
4105409,75035,Chopinzinho,PR,4107,Sudoeste Paranaense,41027,Pato Branco,410010,Pato Branco,4103,Cascavel
4113254,74985,Laranjal,PR,4108,Centro-Sul Paranaense,41028,Pitanga,410005,Pitanga,4102,Guarapuava
4103040,75140,Boa Ventura de São Roque,PR,4108,Centro-Sul Paranaense,41028,Pitanga,410005,Pitanga,4102,Guarapuava
4117800,77372,Palmital,PR,4108,Centro-Sul Paranaense,41028,Pitanga,410005,Pitanga,4102,Guarapuava
4119608,77712,Pitanga,PR,4108,Centro-Sul Paranaense,41028,Pitanga,410005,Pitanga,4102,Guarapuava
4123857,74802,Santa Maria do Oeste,PR,4108,Centro-Sul Paranaense,41028,Pitanga,410005,Pitanga,4102,Guarapuava
4115739,74527,Mato Rico,PR,4108,Centro-Sul Paranaense,41028,Pitanga,410005,Pitanga,4102,Guarapuava
4109401,75833,Guarapuava,PR,4108,Centro-Sul Paranaense,41029,Guarapuava,410004,Guarapuava,4102,Guarapuava
4104428,74225,Candói,PR,4108,Centro-Sul Paranaense,41029,Guarapuava,410004,Guarapuava,4102,Guarapuava
4108452,75361,Foz do Jordão,PR,4108,Centro-Sul Paranaense,41029,Guarapuava,410004,Guarapuava,4102,Guarapuava
4127965,84530,Turvo,PR,4108,Centro-Sul Paranaense,41029,Guarapuava,410004,Guarapuava,4102,Guarapuava
4119301,77658,Pinhão,PR,4108,Centro-Sul Paranaense,41029,Guarapuava,410004,Guarapuava,4102,Guarapuava
4110201,75990,Inácio Martins,PR,4108,Centro-Sul Paranaense,41029,Guarapuava,410004,Guarapuava,4102,Guarapuava
4103958,75183,Campina do Simão,PR,4108,Centro-Sul Paranaense,41029,Guarapuava,410004,Guarapuava,4102,Guarapuava
4121752,75604,Reserva do Iguaçu,PR,4108,Centro-Sul Paranaense,41029,Guarapuava,410004,Guarapuava,4102,Guarapuava
4108650,75388,Goioxim,PR,4108,Centro-Sul Paranaense,41029,Guarapuava,410004,Guarapuava,4102,Guarapuava
4104451,84514,Cantagalo,PR,4108,Centro-Sul Paranaense,41029,Guarapuava,410004,Guarapuava,4102,Guarapuava
4128658,74969,Virmond,PR,4108,Centro-Sul Paranaense,41029,Guarapuava,410011,Laranjeiras do Sul - Quedas do Iguaçu,4103,Cascavel
4117057,74586,Nova Laranjeiras,PR,4108,Centro-Sul Paranaense,41029,Guarapuava,410011,Laranjeiras do Sul - Quedas do Iguaçu,4103,Cascavel
4115457,75485,Marquinho,PR,4108,Centro-Sul Paranaense,41029,Guarapuava,410011,Laranjeiras do Sul - Quedas do Iguaçu,4103,Cascavel
4120150,75540,Porto Barreiro,PR,4108,Centro-Sul Paranaense,41029,Guarapuava,410011,Laranjeiras do Sul - Quedas do Iguaçu,4103,Cascavel
4113304,76597,Laranjeiras do Sul,PR,4108,Centro-Sul Paranaense,41029,Guarapuava,410011,Laranjeiras do Sul - Quedas do Iguaçu,4103,Cascavel
4107546,75329,Espigão Alto do Iguaçu,PR,4108,Centro-Sul Paranaense,41029,Guarapuava,410011,Laranjeiras do Sul - Quedas do Iguaçu,4103,Cascavel
4122156,74748,Rio Bonito do Iguaçu,PR,4108,Centro-Sul Paranaense,41029,Guarapuava,410011,Laranjeiras do Sul - Quedas do Iguaçu,4103,Cascavel
4120903,79553,Quedas do Iguaçu,PR,4108,Centro-Sul Paranaense,41029,Guarapuava,410011,Laranjeiras do Sul - Quedas do Iguaçu,4103,Cascavel
4109658,74365,Honório Serpa,PR,4108,Centro-Sul Paranaense,41030,Palmas,410010,Pato Branco,4103,Cascavel
4117602,77330,Palmas,PR,4108,Centro-Sul Paranaense,41030,Palmas,410010,Pato Branco,4103,Cascavel
4106456,75248,Coronel Domingos Soares,PR,4108,Centro-Sul Paranaense,41030,Palmas,410010,Pato Branco,4103,Cascavel
4105706,75094,Clevelândia,PR,4108,Centro-Sul Paranaense,41030,Palmas,410010,Pato Branco,4103,Cascavel
4114401,75116,Mangueirinha,PR,4108,Centro-Sul Paranaense,41030,Palmas,410010,Pato Branco,4103,Cascavel
4120606,77917,Prudentópolis,PR,4109,Sudeste Paranaense,41031,Prudentópolis,410004,Guarapuava,4102,Guarapuava
4108957,75426,Guamiranga,PR,4109,Sudeste Paranaense,41031,Prudentópolis,410004,Guarapuava,4102,Guarapuava
4111407,76210,Ivaí,PR,4109,Sudeste Paranaense,41031,Prudentópolis,410027,Ponta Grossa,4106,Ponta Grossa
4110508,76031,Ipiranga,PR,4109,Sudeste Paranaense,41031,Prudentópolis,410027,Ponta Grossa,4106,Ponta Grossa
4127007,79138,Teixeira Soares,PR,4109,Sudeste Paranaense,41031,Prudentópolis,410029,Irati,4106,Ponta Grossa
4107736,75345,Fernandes Pinheiro,PR,4109,Sudeste Paranaense,41031,Prudentópolis,410029,Irati,4106,Ponta Grossa
4110102,75973,Imbituva,PR,4109,Sudeste Paranaense,41031,Prudentópolis,410029,Irati,4106,Ponta Grossa
4122008,78174,Rio Azul,PR,4109,Sudeste Paranaense,41032,Irati,410029,Irati,4106,Ponta Grossa
4113908,76716,Mallet,PR,4109,Sudeste Paranaense,41032,Irati,410029,Irati,4106,Ponta Grossa
4121505,78077,Rebouças,PR,4109,Sudeste Paranaense,41032,Irati,410029,Irati,4106,Ponta Grossa
4110706,76074,Irati,PR,4109,Sudeste Paranaense,41032,Irati,410029,Irati,4106,Ponta Grossa
4106803,75337,Cruz Machado,PR,4109,Sudeste Paranaense,41033,União da Vitória,410003,União da Vitória,4101,Curitiba
4102901,74551,Bituruna,PR,4109,Sudeste Paranaense,41033,União da Vitória,410003,União da Vitória,4101,Curitiba
4118709,77550,Paulo Frontin,PR,4109,Sudeste Paranaense,41033,União da Vitória,410003,União da Vitória,4101,Curitiba
4120309,77852,Porto Vitória,PR,4109,Sudeste Paranaense,41033,União da Vitória,410003,União da Vitória,4101,Curitiba
4118600,77534,Paula Freitas,PR,4109,Sudeste Paranaense,41033,União da Vitória,410003,União da Vitória,4101,Curitiba
4128203,79375,União da Vitória,PR,4109,Sudeste Paranaense,41033,União da Vitória,410003,União da Vitória,4101,Curitiba
4108502,75671,General Carneiro,PR,4109,Sudeste Paranaense,41033,União da Vitória,410003,União da Vitória,4101,Curitiba
4125605,78875,São Mateus do Sul,PR,4109,Sudeste Paranaense,41034,São Mateus do Sul,410003,União da Vitória,4101,Curitiba
4101309,74233,Antônio Olinto,PR,4109,Sudeste Paranaense,41034,São Mateus do Sul,410003,União da Vitória,4101,Curitiba
4125100,78778,São João do Triunfo,PR,4109,Sudeste Paranaense,41034,São Mateus do Sul,410027,Ponta Grossa,4106,Ponta Grossa
4105201,75019,Cerro Azul,PR,4110,Metropolitana de Curitiba,41035,Cerro Azul,410001,Curitiba,4101,Curitiba
4100202,74039,Adrianópolis,PR,4110,Metropolitana de Curitiba,41035,Cerro Azul,410001,Curitiba,4101,Curitiba
4128633,74942,Doutor Ulysses,PR,4110,Metropolitana de Curitiba,41035,Cerro Azul,410001,Curitiba,4101,Curitiba
4113205,76570,Lapa,PR,4110,Metropolitana de Curitiba,41036,Lapa,410001,Curitiba,4101,Curitiba
4120101,77810,Porto Amazonas,PR,4110,Metropolitana de Curitiba,41036,Lapa,410027,Ponta Grossa,4106,Ponta Grossa
4107652,74322,Fazenda Rio Grande,PR,4110,Metropolitana de Curitiba,41037,Curitiba,410001,Curitiba,4101,Curitiba
4104253,75205,Campo Magro,PR,4110,Metropolitana de Curitiba,41037,Curitiba,410001,Curitiba,4101,Curitiba
4104006,74772,Campina Grande do Sul,PR,4110,Metropolitana de Curitiba,41037,Curitiba,410001,Curitiba,4101,Curitiba
4120804,77950,Quatro Barras,PR,4110,Metropolitana de Curitiba,41037,Curitiba,410001,Curitiba,4101,Curitiba
4106209,75213,Contenda,PR,4110,Metropolitana de Curitiba,41037,Curitiba,410001,Curitiba,4101,Curitiba
4105805,75132,Colombo,PR,4110,Metropolitana de Curitiba,41037,Curitiba,410001,Curitiba,4101,Curitiba
4102307,74438,Balsa Nova,PR,4110,Metropolitana de Curitiba,41037,Curitiba,410001,Curitiba,4101,Curitiba
4119509,77690,Piraquara,PR,4110,Metropolitana de Curitiba,41037,Curitiba,410001,Curitiba,4101,Curitiba
4111258,74446,Itaperuçu,PR,4110,Metropolitana de Curitiba,41037,Curitiba,410001,Curitiba,4101,Curitiba
4103107,74594,Bocaiúva do Sul,PR,4110,Metropolitana de Curitiba,41037,Curitiba,410001,Curitiba,4101,Curitiba
4100400,74071,Almirante Tamandaré,PR,4110,Metropolitana de Curitiba,41037,Curitiba,410001,Curitiba,4101,Curitiba
4101804,74357,Araucária,PR,4110,Metropolitana de Curitiba,41037,Curitiba,410001,Curitiba,4101,Curitiba
4127882,74888,Tunas do Paraná,PR,4110,Metropolitana de Curitiba,41037,Curitiba,410001,Curitiba,4101,Curitiba
4106902,75353,Curitiba,PR,4110,Metropolitana de Curitiba,41037,Curitiba,410001,Curitiba,4101,Curitiba
4114302,76791,Mandirituba,PR,4110,Metropolitana de Curitiba,41037,Curitiba,410001,Curitiba,4101,Curitiba
4119152,75043,Pinhais,PR,4110,Metropolitana de Curitiba,41037,Curitiba,410001,Curitiba,4101,Curitiba
4122206,78212,Rio Branco do Sul,PR,4110,Metropolitana de Curitiba,41037,Curitiba,410001,Curitiba,4101,Curitiba
4104204,74810,Campo Largo,PR,4110,Metropolitana de Curitiba,41037,Curitiba,410001,Curitiba,4101,Curitiba
4125506,78859,São José dos Pinhais,PR,4110,Metropolitana de Curitiba,41037,Curitiba,410001,Curitiba,4101,Curitiba
4109500,75850,Guaraqueçaba,PR,4110,Metropolitana de Curitiba,41038,Paranaguá,410002,Paranaguá,4101,Curitiba
4118204,77453,Paranaguá,PR,4110,Metropolitana de Curitiba,41038,Paranaguá,410002,Paranaguá,4101,Curitiba
4101200,74217,Antonina,PR,4110,Metropolitana de Curitiba,41038,Paranaguá,410002,Paranaguá,4101,Curitiba
4109609,75876,Guaratuba,PR,4110,Metropolitana de Curitiba,41038,Paranaguá,410002,Paranaguá,4101,Curitiba
4116208,77097,Morretes,PR,4110,Metropolitana de Curitiba,41038,Paranaguá,410002,Paranaguá,4101,Curitiba
4115705,79634,Matinhos,PR,4110,Metropolitana de Curitiba,41038,Paranaguá,410002,Paranaguá,4101,Curitiba
4119954,75523,Pontal do Paraná,PR,4110,Metropolitana de Curitiba,41038,Paranaguá,410002,Paranaguá,4101,Curitiba
4121208,78018,Quitandinha,PR,4110,Metropolitana de Curitiba,41039,Rio Negro,410001,Curitiba,4101,Curitiba
4122305,78239,Rio Negro,PR,4110,Metropolitana de Curitiba,41039,Rio Negro,410001,Curitiba,4101,Curitiba
4100301,74055,Agudos do Sul,PR,4110,Metropolitana de Curitiba,41039,Rio Negro,410001,Curitiba,4101,Curitiba
4104105,74799,Campo do Tenente,PR,4110,Metropolitana de Curitiba,41039,Rio Negro,410001,Curitiba,4101,Curitiba
4119103,77615,Piên,PR,4110,Metropolitana de Curitiba,41039,Rio Negro,410001,Curitiba,4101,Curitiba
4127601,79251,Tijucas do Sul,PR,4110,Metropolitana de Curitiba,41039,Rio Negro,410001,Curitiba,4101,Curitiba
4215075,80560,Riqueza,SC,4201,Oeste Catarinense,42001,São Miguel do Oeste,420007,Chapecó,4204,Chapecó
4211009,82155,Mondaí,SC,4201,Oeste Catarinense,42001,São Miguel do Oeste,420007,Chapecó,4204,Chapecó
4212239,80705,Paraíso,SC,4201,Oeste Catarinense,42001,São Miguel do Oeste,420009,São Miguel do Oeste,4204,Chapecó
4206603,81299,Guarujá do Sul,SC,4201,Oeste Catarinense,42001,São Miguel do Oeste,420009,São Miguel do Oeste,4204,Chapecó
4217204,83399,São Miguel do Oeste,SC,4201,Oeste Catarinense,42001,São Miguel do Oeste,420009,São Miguel do Oeste,4204,Chapecó
4205001,80977,Dionísio Cerqueira,SC,4201,Oeste Catarinense,42001,São Miguel do Oeste,420009,São Miguel do Oeste,4204,Chapecó
4212007,82350,Palma Sola,SC,4201,Oeste Catarinense,42001,São Miguel do Oeste,420009,São Miguel do Oeste,4204,Chapecó
4215554,80721,Santa Helena,SC,4201,Oeste Catarinense,42001,São Miguel do Oeste,420009,São Miguel do Oeste,4204,Chapecó
4206405,81256,Guaraciaba,SC,4201,Oeste Catarinense,42001,São Miguel do Oeste,420009,São Miguel do Oeste,4204,Chapecó
4216701,83291,São José do Cedro,SC,4201,Oeste Catarinense,42001,São Miguel do Oeste,420009,São Miguel do Oeste,4204,Chapecó
4216255,80640,São João do Oeste,SC,4201,Oeste Catarinense,42001,São Miguel do Oeste,420009,São Miguel do Oeste,4204,Chapecó
4208401,81655,Itapiranga,SC,4201,Oeste Catarinense,42001,São Miguel do Oeste,420009,São Miguel do Oeste,4204,Chapecó
4207650,80020,Iporã do Oeste,SC,4201,Oeste Catarinense,42001,São Miguel do Oeste,420009,São Miguel do Oeste,4204,Chapecó
4214151,81647,Princesa,SC,4201,Oeste Catarinense,42001,São Miguel do Oeste,420009,São Miguel do Oeste,4204,Chapecó
4215208,82996,Romelândia,SC,4201,Oeste Catarinense,42001,São Miguel do Oeste,420009,São Miguel do Oeste,4204,Chapecó
4200804,80152,Anchieta,SC,4201,Oeste Catarinense,42001,São Miguel do Oeste,420009,São Miguel do Oeste,4204,Chapecó
4218756,83682,Tunápolis,SC,4201,Oeste Catarinense,42001,São Miguel do Oeste,420009,São Miguel do Oeste,4204,Chapecó
4202081,81582,Bandeirante,SC,4201,Oeste Catarinense,42001,São Miguel do Oeste,420009,São Miguel do Oeste,4204,Chapecó
4202156,80748,Belmonte,SC,4201,Oeste Catarinense,42001,São Miguel do Oeste,420009,São Miguel do Oeste,4204,Chapecó
4202099,81760,Barra Bonita,SC,4201,Oeste Catarinense,42001,São Miguel do Oeste,420009,São Miguel do Oeste,4204,Chapecó
4204905,80950,Descanso,SC,4201,Oeste Catarinense,42001,São Miguel do Oeste,420009,São Miguel do Oeste,4204,Chapecó
4204103,80799,Caxambu do Sul,SC,4201,Oeste Catarinense,42002,Chapecó,420007,Chapecó,4204,Chapecó
4205431,80888,Formosa do Sul,SC,4201,Oeste Catarinense,42002,Chapecó,420007,Chapecó,4204,Chapecó
4214201,82791,Quilombo,SC,4201,Oeste Catarinense,42002,Chapecó,420007,Chapecó,4204,Chapecó
4213153,80543,Planalto Alegre,SC,4201,Oeste Catarinense,42002,Chapecó,420007,Chapecó,4204,Chapecó
4204400,80853,Coronel Freitas,SC,4201,Oeste Catarinense,42002,Chapecó,420007,Chapecó,4204,Chapecó
4210902,82139,Modelo,SC,4201,Oeste Catarinense,42002,Chapecó,420007,Chapecó,4204,Chapecó
4212106,82376,Palmitos,SC,4201,Oeste Catarinense,42002,Chapecó,420007,Chapecó,4204,Chapecó
4204350,81043,Cordilheira Alta,SC,4201,Oeste Catarinense,42002,Chapecó,420007,Chapecó,4204,Chapecó
4215695,81205,Santiago do Sul,SC,4201,Oeste Catarinense,42002,Chapecó,420007,Chapecó,4204,Chapecó
4200556,80500,Águas Frias,SC,4201,Oeste Catarinense,42002,Chapecó,420007,Chapecó,4204,Chapecó
4208955,81140,Jardinópolis,SC,4201,Oeste Catarinense,42002,Chapecó,420007,Chapecó,4204,Chapecó
4218855,80144,União do Oeste,SC,4201,Oeste Catarinense,42002,Chapecó,420007,Chapecó,4204,Chapecó
4203105,80594,Caibi,SC,4201,Oeste Catarinense,42002,Chapecó,420007,Chapecó,4204,Chapecó
4206652,80527,Guatambú,SC,4201,Oeste Catarinense,42002,Chapecó,420007,Chapecó,4204,Chapecó
4217303,83410,Saudades,SC,4201,Oeste Catarinense,42002,Chapecó,420007,Chapecó,4204,Chapecó
4211454,80322,Nova Itaberaba,SC,4201,Oeste Catarinense,42002,Chapecó,420007,Chapecó,4204,Chapecó
4217758,80446,Sul Brasil,SC,4201,Oeste Catarinense,42002,Chapecó,420007,Chapecó,4204,Chapecó
4204202,80810,Chapecó,SC,4201,Oeste Catarinense,42002,Chapecó,420007,Chapecó,4204,Chapecó
4211405,82236,Nova Erechim,SC,4201,Oeste Catarinense,42002,Chapecó,420007,Chapecó,4204,Chapecó
4212908,82538,Pinhalzinho,SC,4201,Oeste Catarinense,42002,Chapecó,420007,Chapecó,4204,Chapecó
4217550,80284,Serra Alta,SC,4201,Oeste Catarinense,42002,Chapecó,420007,Chapecó,4204,Chapecó
4200507,80098,Águas de Chapecó,SC,4201,Oeste Catarinense,42002,Chapecó,420007,Chapecó,4204,Chapecó
4204756,81620,Cunhataí,SC,4201,Oeste Catarinense,42002,Chapecó,420007,Chapecó,4204,Chapecó
4216008,83151,São Carlos,SC,4201,Oeste Catarinense,42002,Chapecó,420007,Chapecó,4204,Chapecó
4207858,80861,Irati,SC,4201,Oeste Catarinense,42002,Chapecó,420007,Chapecó,4204,Chapecó
4205357,81604,Flor do Sertão,SC,4201,Oeste Catarinense,42002,Chapecó,420009,São Miguel do Oeste,4204,Chapecó
4215356,81523,Saltinho,SC,4201,Oeste Catarinense,42002,Chapecó,420012,Maravilha,4204,Chapecó
4217154,80780,São Miguel da Boa Vista,SC,4201,Oeste Catarinense,42002,Chapecó,420012,Maravilha,4204,Chapecó
4217956,81680,Tigrinhos,SC,4201,Oeste Catarinense,42002,Chapecó,420012,Maravilha,4204,Chapecó
4202578,81469,Bom Jesus do Oeste,SC,4201,Oeste Catarinense,42002,Chapecó,420012,Maravilha,4204,Chapecó
4215687,81507,Santa Terezinha do Progresso,SC,4201,Oeste Catarinense,42002,Chapecó,420012,Maravilha,4204,Chapecó
4204707,80918,Cunha Porã,SC,4201,Oeste Catarinense,42002,Chapecó,420012,Maravilha,4204,Chapecó
4210506,82058,Maravilha,SC,4201,Oeste Catarinense,42002,Chapecó,420012,Maravilha,4204,Chapecó
4207759,80187,Iraceminha,SC,4201,Oeste Catarinense,42002,Chapecó,420012,Maravilha,4204,Chapecó
4216909,83330,São Lourenço do Oeste,SC,4201,Oeste Catarinense,42002,Chapecó,420013,São Lourenço do Oeste,4204,Chapecó
4203501,80675,Campo Erê,SC,4201,Oeste Catarinense,42002,Chapecó,420013,São Lourenço do Oeste,4204,Chapecó
4215752,81485,São Bernardino,SC,4201,Oeste Catarinense,42002,Chapecó,420013,São Lourenço do Oeste,4204,Chapecó
4211652,80764,Novo Horizonte,SC,4201,Oeste Catarinense,42002,Chapecó,420013,São Lourenço do Oeste,4204,Chapecó
4219705,83879,Xaxim,SC,4201,Oeste Catarinense,42003,Xanxerê,420007,Chapecó,4204,Chapecó
4209458,80586,Lajeado Grande,SC,4201,Oeste Catarinense,42003,Xanxerê,420007,Chapecó,4204,Chapecó
4210555,82066,Marema,SC,4201,Oeste Catarinense,42003,Xanxerê,420007,Chapecó,4204,Chapecó
4212270,80624,Passos Maia,SC,4201,Oeste Catarinense,42003,Xanxerê,420011,Xanxerê,4204,Chapecó
4216107,83178,São Domingos,SC,4201,Oeste Catarinense,42003,Xanxerê,420011,Xanxerê,4204,Chapecó
4213401,82635,Ponte Serrada,SC,4201,Oeste Catarinense,42003,Xanxerê,420011,Xanxerê,4204,Chapecó
4219101,83755,Vargeão,SC,4201,Oeste Catarinense,42003,Xanxerê,420011,Xanxerê,4204,Chapecó
4200101,80012,Abelardo Luz,SC,4201,Oeste Catarinense,42003,Xanxerê,420011,Xanxerê,4204,Chapecó
4205308,81035,Faxinal dos Guedes,SC,4201,Oeste Catarinense,42003,Xanxerê,420011,Xanxerê,4204,Chapecó
4219507,83836,Xanxerê,SC,4201,Oeste Catarinense,42003,Xanxerê,420011,Xanxerê,4204,Chapecó
4211850,80845,Ouro Verde,SC,4201,Oeste Catarinense,42003,Xanxerê,420011,Xanxerê,4204,Chapecó
4202537,81388,Bom Jesus,SC,4201,Oeste Catarinense,42003,Xanxerê,420011,Xanxerê,4204,Chapecó
4207684,80829,Ipuaçu,SC,4201,Oeste Catarinense,42003,Xanxerê,420011,Xanxerê,4204,Chapecó
4205175,81426,Entre Rios,SC,4201,Oeste Catarinense,42003,Xanxerê,420011,Xanxerê,4204,Chapecó
4204459,81108,Coronel Martins,SC,4201,Oeste Catarinense,42003,Xanxerê,420011,Xanxerê,4204,Chapecó
4205605,81094,Galvão,SC,4201,Oeste Catarinense,42003,Xanxerê,420013,São Lourenço do Oeste,4204,Chapecó
4209177,81540,Jupiá,SC,4201,Oeste Catarinense,42003,Xanxerê,420013,São Lourenço do Oeste,4204,Chapecó
4200408,80071,Água Doce,SC,4201,Oeste Catarinense,42004,Joaçaba,420008,Joaçaba - Herval d'Oeste,4204,Chapecó
4205209,81019,Erval Velho,SC,4201,Oeste Catarinense,42004,Joaçaba,420008,Joaçaba - Herval d'Oeste,4204,Chapecó
4208609,81698,Jaborá,SC,4201,Oeste Catarinense,42004,Joaçaba,420008,Joaçaba - Herval d'Oeste,4204,Chapecó
4218509,83631,Treze Tílias,SC,4201,Oeste Catarinense,42004,Joaçaba,420008,Joaçaba - Herval d'Oeste,4204,Chapecó
4209201,81817,Lacerdópolis,SC,4201,Oeste Catarinense,42004,Joaçaba,420008,Joaçaba - Herval d'Oeste,4204,Chapecó
4209003,81779,Joaçaba,SC,4201,Oeste Catarinense,42004,Joaçaba,420008,Joaçaba - Herval d'Oeste,4204,Chapecó
4211801,82317,Ouro,SC,4201,Oeste Catarinense,42004,Joaçaba,420008,Joaçaba - Herval d'Oeste,4204,Chapecó
4204004,80772,Catanduvas,SC,4201,Oeste Catarinense,42004,Joaçaba,420008,Joaçaba - Herval d'Oeste,4204,Chapecó
4206702,81310,Herval d'Oeste,SC,4201,Oeste Catarinense,42004,Joaçaba,420008,Joaçaba - Herval d'Oeste,4204,Chapecó
4219176,80969,Vargem Bonita,SC,4201,Oeste Catarinense,42004,Joaçaba,420008,Joaçaba - Herval d'Oeste,4204,Chapecó
4206801,81337,Ibicaré,SC,4201,Oeste Catarinense,42004,Joaçaba,420008,Joaçaba - Herval d'Oeste,4204,Chapecó
4203907,80756,Capinzal,SC,4201,Oeste Catarinense,42004,Joaçaba,420008,Joaçaba - Herval d'Oeste,4204,Chapecó
4210035,81809,Luzerna,SC,4201,Oeste Catarinense,42004,Joaçaba,420008,Joaçaba - Herval d'Oeste,4204,Chapecó
4203154,80667,Calmon,SC,4201,Oeste Catarinense,42004,Joaçaba,420014,Caçador,4205,Caçador
4203006,80578,Caçador,SC,4201,Oeste Catarinense,42004,Joaçaba,420014,Caçador,4205,Caçador
4210704,82090,Matos Costa,SC,4201,Oeste Catarinense,42004,Joaçaba,420014,Caçador,4205,Caçador
4209706,81914,Lebon Régis,SC,4201,Oeste Catarinense,42004,Joaçaba,420014,Caçador,4205,Caçador
4210050,80900,Macieira,SC,4201,Oeste Catarinense,42004,Joaçaba,420014,Caçador,4205,Caçador
4219309,83798,Videira,SC,4201,Oeste Catarinense,42004,Joaçaba,420015,Videira,4205,Caçador
4205506,81078,Fraiburgo,SC,4201,Oeste Catarinense,42004,Joaçaba,420015,Videira,4205,Caçador
4201604,80314,Arroio Trinta,SC,4201,Oeste Catarinense,42004,Joaçaba,420015,Videira,4205,Caçador
4217907,83534,Tangará,SC,4201,Oeste Catarinense,42004,Joaçaba,420015,Videira,4205,Caçador
4215406,83038,Salto Veloso,SC,4201,Oeste Catarinense,42004,Joaçaba,420015,Videira,4205,Caçador
4213005,82554,Pinheiro Preto,SC,4201,Oeste Catarinense,42004,Joaçaba,420015,Videira,4205,Caçador
4214409,82830,Rio das Antas,SC,4201,Oeste Catarinense,42004,Joaçaba,420015,Videira,4205,Caçador
4207577,81361,Iomerê,SC,4201,Oeste Catarinense,42004,Joaçaba,420015,Videira,4205,Caçador
4206751,81400,Ibiam,SC,4201,Oeste Catarinense,42004,Joaçaba,420015,Videira,4205,Caçador
4211876,81442,Paial,SC,4201,Oeste Catarinense,42005,Concórdia,420007,Chapecó,4204,Chapecó
4201653,80802,Arvoredo,SC,4201,Oeste Catarinense,42005,Concórdia,420007,Chapecó,4204,Chapecó
4200754,81302,Alto Bela Vista,SC,4201,Oeste Catarinense,42005,Concórdia,420010,Concórdia,4204,Chapecó
4208005,81574,Itá,SC,4201,Oeste Catarinense,42005,Concórdia,420010,Concórdia,4204,Chapecó
4207601,81493,Ipira,SC,4201,Oeste Catarinense,42005,Concórdia,420010,Concórdia,4204,Chapecó
4213104,82570,Piratuba,SC,4201,Oeste Catarinense,42005,Concórdia,420010,Concórdia,4204,Chapecó
4212601,82473,Peritiba,SC,4201,Oeste Catarinense,42005,Concórdia,420010,Concórdia,4204,Chapecó
4209854,80047,Lindóia do Sul,SC,4201,Oeste Catarinense,42005,Concórdia,420010,Concórdia,4204,Chapecó
4207809,81531,Irani,SC,4201,Oeste Catarinense,42005,Concórdia,420010,Concórdia,4204,Chapecó
4207700,81515,Ipumirim,SC,4201,Oeste Catarinense,42005,Concórdia,420010,Concórdia,4204,Chapecó
4201273,80489,Arabutã,SC,4201,Oeste Catarinense,42005,Concórdia,420010,Concórdia,4204,Chapecó
4217501,83453,Seara,SC,4201,Oeste Catarinense,42005,Concórdia,420010,Concórdia,4204,Chapecó
4204301,80837,Concórdia,SC,4201,Oeste Catarinense,42005,Concórdia,420010,Concórdia,4204,Chapecó
4213906,82732,Presidente Castello Branco,SC,4201,Oeste Catarinense,42005,Concórdia,420010,Concórdia,4204,Chapecó
4219606,83852,Xavantina,SC,4201,Oeste Catarinense,42005,Concórdia,420011,Xanxerê,4204,Chapecó
4218251,80209,Timbó Grande,SC,4202,Norte Catarinense,42006,Canoinhas,420014,Caçador,4205,Caçador
4212205,82392,Papanduva,SC,4202,Norte Catarinense,42006,Canoinhas,420017,Mafra,4206,Joinville
4210308,82031,Major Vieira,SC,4202,Norte Catarinense,42006,Canoinhas,420017,Mafra,4206,Joinville
4202131,81221,Bela Vista do Toldo,SC,4202,Norte Catarinense,42006,Canoinhas,420017,Mafra,4206,Joinville
4211108,82171,Monte Castelo,SC,4202,Norte Catarinense,42006,Canoinhas,420017,Mafra,4206,Joinville
4208104,81590,Itaiópolis,SC,4202,Norte Catarinense,42006,Canoinhas,420017,Mafra,4206,Joinville
4213609,82678,Porto União,SC,4202,Norte Catarinense,42006,Canoinhas,420017,Mafra,4206,Joinville
4210100,81990,Mafra,SC,4202,Norte Catarinense,42006,Canoinhas,420017,Mafra,4206,Joinville
4203808,80730,Canoinhas,SC,4202,Norte Catarinense,42006,Canoinhas,420017,Mafra,4206,Joinville
4207908,81558,Irineópolis,SC,4202,Norte Catarinense,42006,Canoinhas,420017,Mafra,4206,Joinville
4218301,83593,Três Barras,SC,4202,Norte Catarinense,42006,Canoinhas,420017,Mafra,4206,Joinville
4215679,80349,Santa Terezinha,SC,4202,Norte Catarinense,42006,Canoinhas,420022,Rio do Sul,4207,Blumenau
4215802,83119,São Bento do Sul,SC,4202,Norte Catarinense,42007,São Bento do Sul,420018,São Bento do Sul - Rio Negrinho,4206,Joinville
4203303,80632,Campo Alegre,SC,4202,Norte Catarinense,42007,São Bento do Sul,420018,São Bento do Sul - Rio Negrinho,4206,Joinville
4215000,82953,Rio Negrinho,SC,4202,Norte Catarinense,42007,São Bento do Sul,420018,São Bento do Sul - Rio Negrinho,4206,Joinville
4210605,82074,Massaranduba,SC,4202,Norte Catarinense,42008,Joinville,420016,Joinville,4206,Joinville
4205803,81159,Garuva,SC,4202,Norte Catarinense,42008,Joinville,420016,Joinville,4206,Joinville
4208450,81663,Itapoá,SC,4202,Norte Catarinense,42008,Joinville,420016,Joinville,4206,Joinville
4217402,83437,Schroeder,SC,4202,Norte Catarinense,42008,Joinville,420016,Joinville,4206,Joinville
4216206,83194,São Francisco do Sul,SC,4202,Norte Catarinense,42008,Joinville,420016,Joinville,4206,Joinville
4202057,80683,Balneário Barra do Sul,SC,4202,Norte Catarinense,42008,Joinville,420016,Joinville,4206,Joinville
4201307,80250,Araquari,SC,4202,Norte Catarinense,42008,Joinville,420016,Joinville,4206,Joinville
4208906,81752,Jaraguá do Sul,SC,4202,Norte Catarinense,42008,Joinville,420016,Joinville,4206,Joinville
4209102,81795,Joinville,SC,4202,Norte Catarinense,42008,Joinville,420016,Joinville,4206,Joinville
4206504,81272,Guaramirim,SC,4202,Norte Catarinense,42008,Joinville,420016,Joinville,4206,Joinville
4204509,80870,Corupá,SC,4202,Norte Catarinense,42008,Joinville,420016,Joinville,4206,Joinville
4213302,82619,Ponte Alta,SC,4203,Serrana,42009,Curitibanos,420005,Lages,4203,Lages
4202875,81787,Brunópolis,SC,4203,Serrana,42009,Curitibanos,420006,Curitibanos,4203,Lages
4215505,83054,Santa Cecília,SC,4203,Serrana,42009,Curitibanos,420006,Curitibanos,4203,Lages
4213351,80926,Ponte Alta do Norte,SC,4203,Serrana,42009,Curitibanos,420006,Curitibanos,4203,Lages
4216057,80942,São Cristovão do Sul,SC,4203,Serrana,42009,Curitibanos,420006,Curitibanos,4203,Lages
4204806,80934,Curitibanos,SC,4203,Serrana,42009,Curitibanos,420006,Curitibanos,4203,Lages
4205555,81329,Frei Rogério,SC,4203,Serrana,42009,Curitibanos,420006,Curitibanos,4203,Lages
4203600,80691,Campos Novos,SC,4203,Serrana,42009,Curitibanos,420008,Joaçaba - Herval d'Oeste,4204,Chapecó
4219853,81825,Zortéa,SC,4203,Serrana,42009,Curitibanos,420008,Joaçaba - Herval d'Oeste,4204,Chapecó
4219150,80462,Vargem,SC,4203,Serrana,42009,Curitibanos,420008,Joaçaba - Herval d'Oeste,4204,Chapecó
4200051,80225,Abdon Batista,SC,4203,Serrana,42009,Curitibanos,420008,Joaçaba - Herval d'Oeste,4204,Chapecó
4211058,80004,Monte Carlo,SC,4203,Serrana,42009,Curitibanos,420015,Videira,4205,Caçador
4218954,80160,Urupema,SC,4203,Serrana,42010,Campos de Lages,420005,Lages,4203,Lages
4218905,83712,Urubici,SC,4203,Serrana,42010,Campos de Lages,420005,Lages,4203,Lages
4202438,81280,Bocaina do Sul,SC,4203,Serrana,42010,Campos de Lages,420005,Lages,4203,Lages
4204178,80381,Cerro Negro,SC,4203,Serrana,42010,Campos de Lages,420005,Lages,4203,Lages
4201000,80195,Anita Garibaldi,SC,4203,Serrana,42010,Campos de Lages,420005,Lages,4203,Lages
4211892,81264,Painel,SC,4203,Serrana,42010,Campos de Lages,420005,Lages,4203,Lages
4216800,83313,São José do Cerrito,SC,4203,Serrana,42010,Campos de Lages,420005,Lages,4203,Lages
4216503,83259,São Joaquim,SC,4203,Serrana,42010,Campos de Lages,420005,Lages,4203,Lages
4204558,83950,Correia Pinto,SC,4203,Serrana,42010,Campos de Lages,420005,Lages,4203,Lages
4209300,81833,Lages,SC,4203,Serrana,42010,Campos de Lages,420005,Lages,4203,Lages
4202503,83895,Bom Jardim da Serra,SC,4203,Serrana,42010,Campos de Lages,420005,Lages,4203,Lages
4202602,80497,Bom Retiro,SC,4203,Serrana,42010,Campos de Lages,420005,Lages,4203,Lages
4215059,80608,Rio Rufino,SC,4203,Serrana,42010,Campos de Lages,420005,Lages,4203,Lages
4203402,80659,Campo Belo do Sul,SC,4203,Serrana,42010,Campos de Lages,420005,Lages,4203,Lages
4211751,83976,Otacílio Costa,SC,4203,Serrana,42010,Campos de Lages,420005,Lages,4203,Lages
4203253,81248,Capão Alto,SC,4203,Serrana,42010,Campos de Lages,420005,Lages,4203,Lages
4212056,81566,Palmeira,SC,4203,Serrana,42010,Campos de Lages,420005,Lages,4203,Lages
4204152,80268,Celso Ramos,SC,4203,Serrana,42010,Campos de Lages,420008,Joaçaba - Herval d'Oeste,4204,Chapecó
4210852,80365,Mirim Doce,SC,4204,Vale do Itajaí,42011,Rio do Sul,420022,Rio do Sul,4207,Blumenau
4201901,80373,Aurora,SC,4204,Vale do Itajaí,42011,Rio do Sul,420022,Rio do Sul,4207,Blumenau
4214607,82872,Rio do Oeste,SC,4204,Vale do Itajaí,42011,Rio do Sul,420022,Rio do Sul,4207,Blumenau
4218608,83658,Trombudo Central,SC,4204,Vale do Itajaí,42011,Rio do Sul,420022,Rio do Sul,4207,Blumenau
4214508,82856,Rio do Campo,SC,4204,Vale do Itajaí,42011,Rio do Sul,420022,Rio do Sul,4207,Blumenau
4215307,83011,Salete,SC,4204,Vale do Itajaí,42011,Rio do Sul,420022,Rio do Sul,4207,Blumenau
4209904,81957,Lontras,SC,4204,Vale do Itajaí,42011,Rio do Sul,420022,Rio do Sul,4207,Blumenau
4214805,82910,Rio do Sul,SC,4204,Vale do Itajaí,42011,Rio do Sul,420022,Rio do Sul,4207,Blumenau
4200309,80055,Agronômica,SC,4204,Vale do Itajaí,42011,Rio do Sul,420022,Rio do Sul,4207,Blumenau
4214102,82775,Presidente Nereu,SC,4204,Vale do Itajaí,42011,Rio do Sul,420022,Rio do Sul,4207,Blumenau
4209508,81876,Laurentino,SC,4204,Vale do Itajaí,42011,Rio do Sul,420022,Rio do Sul,4207,Blumenau
4217808,83518,Taió,SC,4204,Vale do Itajaí,42011,Rio do Sul,420022,Rio do Sul,4207,Blumenau
4213708,82694,Pouso Redondo,SC,4204,Vale do Itajaí,42011,Rio do Sul,420022,Rio do Sul,4207,Blumenau
4202859,80420,Braço do Trombudo,SC,4204,Vale do Itajaí,42011,Rio do Sul,420022,Rio do Sul,4207,Blumenau
4219408,83810,Witmarsum,SC,4204,Vale do Itajaí,42011,Rio do Sul,420023,Ibirama - Presidente Getúlio,4207,Blumenau
4205100,80993,Dona Emma,SC,4204,Vale do Itajaí,42011,Rio do Sul,420023,Ibirama - Presidente Getúlio,4207,Blumenau
4214003,82759,Presidente Getúlio,SC,4204,Vale do Itajaí,42011,Rio do Sul,420023,Ibirama - Presidente Getúlio,4207,Blumenau
4219358,80128,Vitor Meireles,SC,4204,Vale do Itajaí,42011,Rio do Sul,420023,Ibirama - Presidente Getúlio,4207,Blumenau
4209151,80101,José Boiteux,SC,4204,Vale do Itajaí,42011,Rio do Sul,420023,Ibirama - Presidente Getúlio,4207,Blumenau
4206900,81353,Ibirama,SC,4204,Vale do Itajaí,42011,Rio do Sul,420023,Ibirama - Presidente Getúlio,4207,Blumenau
4201703,80330,Ascurra,SC,4204,Vale do Itajaí,42012,Blumenau,420019,Blumenau,4207,Blumenau
4207502,81477,Indaial,SC,4204,Vale do Itajaí,42012,Blumenau,420019,Blumenau,4207,Blumenau
4214706,82899,Rio dos Cedros,SC,4204,Vale do Itajaí,42012,Blumenau,420019,Blumenau,4207,Blumenau
4218202,83577,Timbó,SC,4204,Vale do Itajaí,42012,Blumenau,420019,Blumenau,4207,Blumenau
4201257,80063,Apiúna,SC,4204,Vale do Itajaí,42012,Blumenau,420019,Blumenau,4207,Blumenau
4215109,82970,Rodeio,SC,4204,Vale do Itajaí,42012,Blumenau,420019,Blumenau,4207,Blumenau
4202404,80470,Blumenau,SC,4204,Vale do Itajaí,42012,Blumenau,420019,Blumenau,4207,Blumenau
4202206,80438,Benedito Novo,SC,4204,Vale do Itajaí,42012,Blumenau,420019,Blumenau,4207,Blumenau
4213203,82597,Pomerode,SC,4204,Vale do Itajaí,42012,Blumenau,420019,Blumenau,4207,Blumenau
4205902,81175,Gaspar,SC,4204,Vale do Itajaí,42012,Blumenau,420019,Blumenau,4207,Blumenau
4205159,80080,Doutor Pedrinho,SC,4204,Vale do Itajaí,42012,Blumenau,420019,Blumenau,4207,Blumenau
4210001,81973,Luiz Alves,SC,4204,Vale do Itajaí,42012,Blumenau,420020,Itajaí,4207,Blumenau
4206306,81230,Guabiruba,SC,4204,Vale do Itajaí,42012,Blumenau,420021,Brusque,4207,Blumenau
4202701,80519,Botuverá,SC,4204,Vale do Itajaí,42012,Blumenau,420021,Brusque,4207,Blumenau
4202909,80551,Brusque,SC,4204,Vale do Itajaí,42012,Blumenau,420021,Brusque,4207,Blumenau
4216354,81124,São João do Itaperiú,SC,4204,Vale do Itajaí,42013,Itajaí,420016,Joinville,4206,Joinville
4207106,81396,Ilhota,SC,4204,Vale do Itajaí,42013,Itajaí,420019,Blumenau,4207,Blumenau
4202453,80985,Bombinhas,SC,4204,Vale do Itajaí,42013,Itajaí,420020,Itajaí,4207,Blumenau
4202107,80411,Barra Velha,SC,4204,Vale do Itajaí,42013,Itajaí,420020,Itajaí,4207,Blumenau
4212809,82511,Balneário Piçarras,SC,4204,Vale do Itajaí,42013,Itajaí,420020,Itajaí,4207,Blumenau
4203204,80616,Camboriú,SC,4204,Vale do Itajaí,42013,Itajaí,420020,Itajaí,4207,Blumenau
4202008,80390,Balneário Camboriú,SC,4204,Vale do Itajaí,42013,Itajaí,420020,Itajaí,4207,Blumenau
4208203,81612,Itajaí,SC,4204,Vale do Itajaí,42013,Itajaí,420020,Itajaí,4207,Blumenau
4212502,82457,Penha,SC,4204,Vale do Itajaí,42013,Itajaí,420020,Itajaí,4207,Blumenau
4208302,81639,Itapema,SC,4204,Vale do Itajaí,42013,Itajaí,420020,Itajaí,4207,Blumenau
4213500,82651,Porto Belo,SC,4204,Vale do Itajaí,42013,Itajaí,420020,Itajaí,4207,Blumenau
4211306,82210,Navegantes,SC,4204,Vale do Itajaí,42013,Itajaí,420020,Itajaí,4207,Blumenau
4201802,80357,Atalanta,SC,4204,Vale do Itajaí,42014,Ituporanga,420022,Rio do Sul,4207,Blumenau
4200200,80039,Agrolândia,SC,4204,Vale do Itajaí,42014,Ituporanga,420022,Rio do Sul,4207,Blumenau
4207403,81450,Imbuia,SC,4204,Vale do Itajaí,42014,Ituporanga,420024,Ituporanga,4207,Blumenau
4219200,83771,Vidal Ramos,SC,4204,Vale do Itajaí,42014,Ituporanga,420024,Ituporanga,4207,Blumenau
4208500,81671,Ituporanga,SC,4204,Vale do Itajaí,42014,Ituporanga,420024,Ituporanga,4207,Blumenau
4204194,81701,Chapadão do Lageado,SC,4204,Vale do Itajaí,42014,Ituporanga,420024,Ituporanga,4207,Blumenau
4212700,82490,Petrolândia,SC,4204,Vale do Itajaí,42014,Ituporanga,420024,Ituporanga,4207,Blumenau
4200903,80179,Angelina,SC,4205,Grande Florianópolis,42015,Tijucas,420001,Florianópolis,4201,Florianópolis
4218004,83550,Tijucas,SC,4205,Grande Florianópolis,42015,Tijucas,420020,Itajaí,4207,Blumenau
4211504,82252,Nova Trento,SC,4205,Grande Florianópolis,42015,Tijucas,420021,Brusque,4207,Blumenau
4216305,83216,São João Batista,SC,4205,Grande Florianópolis,42015,Tijucas,420021,Brusque,4207,Blumenau
4203709,80713,Canelinha,SC,4205,Grande Florianópolis,42015,Tijucas,420021,Brusque,4207,Blumenau
4210209,82015,Major Gercino,SC,4205,Grande Florianópolis,42015,Tijucas,420021,Brusque,4207,Blumenau
4209805,81930,Leoberto Leal,SC,4205,Grande Florianópolis,42015,Tijucas,420024,Ituporanga,4207,Blumenau
4205407,81051,Florianópolis,SC,4205,Grande Florianópolis,42016,Florianópolis,420001,Florianópolis,4201,Florianópolis
4212304,82414,Paulo Lopes,SC,4205,Grande Florianópolis,42016,Florianópolis,420001,Florianópolis,4201,Florianópolis
4201208,80233,Antônio Carlos,SC,4205,Grande Florianópolis,42016,Florianópolis,420001,Florianópolis,4201,Florianópolis
4216602,83275,São José,SC,4205,Grande Florianópolis,42016,Florianópolis,420001,Florianópolis,4201,Florianópolis
4215703,83097,Santo Amaro da Imperatriz,SC,4205,Grande Florianópolis,42016,Florianópolis,420001,Florianópolis,4201,Florianópolis
4206009,81116,Governador Celso Ramos,SC,4205,Grande Florianópolis,42016,Florianópolis,420001,Florianópolis,4201,Florianópolis
4202305,80454,Biguaçu,SC,4205,Grande Florianópolis,42016,Florianópolis,420001,Florianópolis,4201,Florianópolis
4217253,81183,São Pedro de Alcântara,SC,4205,Grande Florianópolis,42016,Florianópolis,420001,Florianópolis,4201,Florianópolis
4211900,82333,Palhoça,SC,4205,Grande Florianópolis,42016,Florianópolis,420001,Florianópolis,4201,Florianópolis
4214300,82813,Rancho Queimado,SC,4205,Grande Florianópolis,42017,Tabuleiro,420001,Florianópolis,4201,Florianópolis
4200705,80136,Alfredo Wagner,SC,4205,Grande Florianópolis,42017,Tabuleiro,420001,Florianópolis,4201,Florianópolis
4200606,80110,Águas Mornas,SC,4205,Grande Florianópolis,42017,Tabuleiro,420001,Florianópolis,4201,Florianópolis
4215901,83135,São Bonifácio,SC,4205,Grande Florianópolis,42017,Tabuleiro,420001,Florianópolis,4201,Florianópolis
4201109,80217,Anitápolis,SC,4205,Grande Florianópolis,42017,Tabuleiro,420001,Florianópolis,4201,Florianópolis
4205704,81132,Garopaba,SC,4206,Sul Catarinense,42018,Tubarão,420001,Florianópolis,4201,Florianópolis
4207304,81434,Imbituba,SC,4206,Sul Catarinense,42018,Tubarão,420001,Florianópolis,4201,Florianópolis
4211702,82295,Orleans,SC,4206,Sul Catarinense,42018,Tubarão,420002,Criciúma,4202,Criciúma
4208807,81736,Jaguaruna,SC,4206,Sul Catarinense,42018,Tubarão,420003,Tubarão,4202,Criciúma
4206108,81191,Grão Pará,SC,4206,Sul Catarinense,42018,Tubarão,420003,Tubarão,4202,Criciúma
4212650,83925,Pescaria Brava,SC,4206,Sul Catarinense,42018,Tubarão,420003,Tubarão,4202,Criciúma
4217105,83372,São Martinho,SC,4206,Sul Catarinense,42018,Tubarão,420003,Tubarão,4202,Criciúma
4203956,81027,Capivari de Baixo,SC,4206,Sul Catarinense,42018,Tubarão,420003,Tubarão,4202,Criciúma
4215455,81000,Sangão,SC,4206,Sul Catarinense,42018,Tubarão,420003,Tubarão,4202,Criciúma
4217006,83356,São Ludgero,SC,4206,Sul Catarinense,42018,Tubarão,420003,Tubarão,4202,Criciúma
4206207,81213,Gravatal,SC,4206,Sul Catarinense,42018,Tubarão,420003,Tubarão,4202,Criciúma
4215604,83070,Santa Rosa de Lima,SC,4206,Sul Catarinense,42018,Tubarão,420003,Tubarão,4202,Criciúma
4212403,82430,Pedras Grandes,SC,4206,Sul Catarinense,42018,Tubarão,420003,Tubarão,4202,Criciúma
4218400,83615,Treze de Maio,SC,4206,Sul Catarinense,42018,Tubarão,420003,Tubarão,4202,Criciúma
4207205,81418,Imaruí,SC,4206,Sul Catarinense,42018,Tubarão,420003,Tubarão,4202,Criciúma
4214904,82937,Rio Fortuna,SC,4206,Sul Catarinense,42018,Tubarão,420003,Tubarão,4202,Criciúma
4209409,81850,Laguna,SC,4206,Sul Catarinense,42018,Tubarão,420003,Tubarão,4202,Criciúma
4201505,80292,Armazém,SC,4206,Sul Catarinense,42018,Tubarão,420003,Tubarão,4202,Criciúma
4218707,83674,Tubarão,SC,4206,Sul Catarinense,42018,Tubarão,420003,Tubarão,4202,Criciúma
4202800,80535,Braço do Norte,SC,4206,Sul Catarinense,42018,Tubarão,420003,Tubarão,4202,Criciúma
4204251,80306,Cocal do Sul,SC,4206,Sul Catarinense,42019,Criciúma,420002,Criciúma,4202,Criciúma
4220000,83909,Balneário Rincão,SC,4206,Sul Catarinense,42019,Criciúma,420002,Criciúma,4202,Criciúma
4204608,80896,Criciúma,SC,4206,Sul Catarinense,42019,Criciúma,420002,Criciúma,4202,Criciúma
4207007,81370,Içara,SC,4206,Sul Catarinense,42019,Criciúma,420002,Criciúma,4202,Criciúma
4219002,83739,Urussanga,SC,4206,Sul Catarinense,42019,Criciúma,420002,Criciúma,4202,Criciúma
4218350,81345,Treviso,SC,4206,Sul Catarinense,42019,Criciúma,420002,Criciúma,4202,Criciúma
4205456,81060,Forquilhinha,SC,4206,Sul Catarinense,42019,Criciúma,420002,Criciúma,4202,Criciúma
4211603,82279,Nova Veneza,SC,4206,Sul Catarinense,42019,Criciúma,420002,Criciúma,4202,Criciúma
4209607,81892,Lauro Muller,SC,4206,Sul Catarinense,42019,Criciúma,420002,Criciúma,4202,Criciúma
4211207,82198,Morro da Fumaça,SC,4206,Sul Catarinense,42019,Criciúma,420002,Criciúma,4202,Criciúma
4217600,83470,Siderópolis,SC,4206,Sul Catarinense,42019,Criciúma,420002,Criciúma,4202,Criciúma
4211256,81086,Morro Grande,SC,4206,Sul Catarinense,42020,Araranguá,420002,Criciúma,4202,Criciúma
4212254,80403,Passo de Torres,SC,4206,Sul Catarinense,42020,Araranguá,420004,Araranguá,4202,Criciúma
4213807,82716,Praia Grande,SC,4206,Sul Catarinense,42020,Araranguá,420004,Araranguá,4202,Criciúma
4216404,83232,São João do Sul,SC,4206,Sul Catarinense,42020,Araranguá,420004,Araranguá,4202,Criciúma
4218103,83933,Timbé do Sul,SC,4206,Sul Catarinense,42020,Araranguá,420004,Araranguá,4202,Criciúma
4201950,81728,Balneário Arroio do Silva,SC,4206,Sul Catarinense,42020,Araranguá,420004,Araranguá,4202,Criciúma
4208708,81710,Jacinto Machado,SC,4206,Sul Catarinense,42020,Araranguá,420004,Araranguá,4202,Criciúma
4210803,82112,Meleiro,SC,4206,Sul Catarinense,42020,Araranguá,420004,Araranguá,4202,Criciúma
4210407,83917,Maracajá,SC,4206,Sul Catarinense,42020,Araranguá,420004,Araranguá,4202,Criciúma
4215653,80241,Santa Rosa do Sul,SC,4206,Sul Catarinense,42020,Araranguá,420004,Araranguá,4202,Criciúma
4218806,83690,Turvo,SC,4206,Sul Catarinense,42020,Araranguá,420004,Araranguá,4202,Criciúma
4205191,81167,Ermo,SC,4206,Sul Catarinense,42020,Araranguá,420004,Araranguá,4202,Criciúma
4201406,80276,Araranguá,SC,4206,Sul Catarinense,42020,Araranguá,420004,Araranguá,4202,Criciúma
4217709,83496,Sombrio,SC,4206,Sul Catarinense,42020,Araranguá,420004,Araranguá,4202,Criciúma
4202073,81744,Balneário Gaivota,SC,4206,Sul Catarinense,42020,Araranguá,420004,Araranguá,4202,Criciúma
4322301,89494,Tuparendi,RS,4301,Noroeste Rio-grandense,43001,Santa Rosa,430019,Santa Rosa,4305,Ijuí
4317905,88617,Santo Cristo,RS,4301,Noroeste Rio-grandense,43001,Santa Rosa,430019,Santa Rosa,4305,Ijuí
4317202,88471,Santa Rosa,RS,4301,Noroeste Rio-grandense,43001,Santa Rosa,430019,Santa Rosa,4305,Ijuí
4300307,85057,Alecrim,RS,4301,Noroeste Rio-grandense,43001,Santa Rosa,430019,Santa Rosa,4305,Ijuí
4313425,87289,Novo Machado,RS,4301,Noroeste Rio-grandense,43001,Santa Rosa,430019,Santa Rosa,4305,Ijuí
4322103,89451,Tucunduva,RS,4301,Noroeste Rio-grandense,43001,Santa Rosa,430019,Santa Rosa,4305,Ijuí
4304309,85839,Cândido Godói,RS,4301,Noroeste Rio-grandense,43001,Santa Rosa,430019,Santa Rosa,4305,Ijuí
4315057,87467,Porto Mauá,RS,4301,Noroeste Rio-grandense,43001,Santa Rosa,430019,Santa Rosa,4305,Ijuí
4315073,87483,Porto Vera Cruz,RS,4301,Noroeste Rio-grandense,43001,Santa Rosa,430019,Santa Rosa,4305,Ijuí
4315008,88030,Porto Lucena,RS,4301,Noroeste Rio-grandense,43001,Santa Rosa,430019,Santa Rosa,4305,Ijuí
4310405,87092,Independência,RS,4301,Noroeste Rio-grandense,43001,Santa Rosa,430023,Três de Maio,4305,Ijuí
4318499,87742,São José do Inhacorá,RS,4301,Noroeste Rio-grandense,43001,Santa Rosa,430023,Três de Maio,4305,Ijuí
4321808,89397,Três de Maio,RS,4301,Noroeste Rio-grandense,43001,Santa Rosa,430023,Três de Maio,4305,Ijuí
4321402,89311,Tenente Portela,RS,4301,Noroeste Rio-grandense,43002,Três Passos,430021,Três Passos,4305,Ijuí
4321907,89419,Três Passos,RS,4301,Noroeste Rio-grandense,43002,Três Passos,430021,Três Passos,4305,Ijuí
4304002,85790,Campo Novo,RS,4301,Noroeste Rio-grandense,43002,Três Passos,430021,Três Passos,4305,Ijuí
4309704,86959,Humaitá,RS,4301,Noroeste Rio-grandense,43002,Três Passos,430021,Três Passos,4305,Ijuí
4301859,86363,Barra do Guarita,RS,4301,Noroeste Rio-grandense,43002,Três Passos,430021,Três Passos,4305,Ijuí
4319109,88854,São Martinho,RS,4301,Noroeste Rio-grandense,43002,Três Passos,430021,Três Passos,4305,Ijuí
4306320,86665,Derrubadas,RS,4301,Noroeste Rio-grandense,43002,Três Passos,430021,Três Passos,4305,Ijuí
4323705,85847,Vista Gaúcha,RS,4301,Noroeste Rio-grandense,43002,Três Passos,430021,Três Passos,4305,Ijuí
4315404,88110,Redentora,RS,4301,Noroeste Rio-grandense,43002,Três Passos,430021,Três Passos,4305,Ijuí
4302378,86444,Bom Progresso,RS,4301,Noroeste Rio-grandense,43002,Três Passos,430021,Três Passos,4305,Ijuí
4312302,87475,Miraguaí,RS,4301,Noroeste Rio-grandense,43002,Três Passos,430021,Três Passos,4305,Ijuí
4307450,88285,Esperança do Sul,RS,4301,Noroeste Rio-grandense,43002,Três Passos,430021,Três Passos,4305,Ijuí
4321477,87963,Tiradentes do Sul,RS,4301,Noroeste Rio-grandense,43002,Três Passos,430021,Três Passos,4305,Ijuí
4302600,85510,Braga,RS,4301,Noroeste Rio-grandense,43002,Três Passos,430021,Três Passos,4305,Ijuí
4320230,85707,Sede Nova,RS,4301,Noroeste Rio-grandense,43002,Três Passos,430021,Três Passos,4305,Ijuí
4306007,86177,Crissiumal,RS,4301,Noroeste Rio-grandense,43002,Três Passos,430021,Três Passos,4305,Ijuí
4309605,86916,Horizontina,RS,4301,Noroeste Rio-grandense,43002,Três Passos,430023,Três de Maio,4305,Ijuí
4306734,84883,Doutor Maurício Cardoso,RS,4301,Noroeste Rio-grandense,43002,Três Passos,430023,Três de Maio,4305,Ijuí
4313011,88226,Nova Candelária,RS,4301,Noroeste Rio-grandense,43002,Três Passos,430023,Três de Maio,4305,Ijuí
4302204,85430,Boa Vista do Buricá,RS,4301,Noroeste Rio-grandense,43002,Três Passos,430023,Três de Maio,4305,Ijuí
4321857,86142,Três Palmeiras,RS,4301,Noroeste Rio-grandense,43003,Frederico Westphalen,430025,Passo Fundo,4306,Passo Fundo
4306924,86703,Engenho Velho,RS,4301,Noroeste Rio-grandense,43003,Frederico Westphalen,430028,Carazinho,4306,Passo Fundo
4313466,89320,Novo Xingu,RS,4301,Noroeste Rio-grandense,43003,Frederico Westphalen,430028,Carazinho,4306,Passo Fundo
4305801,86134,Constantina,RS,4301,Noroeste Rio-grandense,43003,Frederico Westphalen,430028,Carazinho,4306,Passo Fundo
4316204,88277,Rondinha,RS,4301,Noroeste Rio-grandense,43003,Frederico Westphalen,430028,Carazinho,4306,Passo Fundo
4307302,86436,Erval Seco,RS,4301,Noroeste Rio-grandense,43003,Frederico Westphalen,430029,Frederico Westphalen,4306,Passo Fundo
4323507,85600,Vista Alegre,RS,4301,Noroeste Rio-grandense,43003,Frederico Westphalen,430029,Frederico Westphalen,4306,Passo Fundo
4314498,87408,Pinheirinho do Vale,RS,4301,Noroeste Rio-grandense,43003,Frederico Westphalen,430029,Frederico Westphalen,4306,Passo Fundo
4313805,87793,Palmitinho,RS,4301,Noroeste Rio-grandense,43003,Frederico Westphalen,430029,Frederico Westphalen,4306,Passo Fundo
4311601,87335,Liberato Salzano,RS,4301,Noroeste Rio-grandense,43003,Frederico Westphalen,430029,Frederico Westphalen,4306,Passo Fundo
4300646,86304,Ametista do Sul,RS,4301,Noroeste Rio-grandense,43003,Frederico Westphalen,430029,Frederico Westphalen,4306,Passo Fundo
4313441,87300,Novo Tiradentes,RS,4301,Noroeste Rio-grandense,43003,Frederico Westphalen,430029,Frederico Westphalen,4306,Passo Fundo
4323101,89656,Vicente Dutra,RS,4301,Noroeste Rio-grandense,43003,Frederico Westphalen,430029,Frederico Westphalen,4306,Passo Fundo
4306072,88528,Cristal do Sul,RS,4301,Noroeste Rio-grandense,43003,Frederico Westphalen,430029,Frederico Westphalen,4306,Passo Fundo
4310504,87114,Iraí,RS,4301,Noroeste Rio-grandense,43003,Frederico Westphalen,430029,Frederico Westphalen,4306,Passo Fundo
4320206,89052,Seberi,RS,4301,Noroeste Rio-grandense,43003,Frederico Westphalen,430029,Frederico Westphalen,4306,Passo Fundo
4321329,85669,Taquaruçu do Sul,RS,4301,Noroeste Rio-grandense,43003,Frederico Westphalen,430029,Frederico Westphalen,4306,Passo Fundo
4308508,86673,Frederico Westphalen,RS,4301,Noroeste Rio-grandense,43003,Frederico Westphalen,430029,Frederico Westphalen,4306,Passo Fundo
4303400,85677,Caiçara,RS,4301,Noroeste Rio-grandense,43003,Frederico Westphalen,430029,Frederico Westphalen,4306,Passo Fundo
4315909,88218,Rodeio Bonito,RS,4301,Noroeste Rio-grandense,43003,Frederico Westphalen,430029,Frederico Westphalen,4306,Passo Fundo
4306429,86681,Dois Irmãos das Missões,RS,4301,Noroeste Rio-grandense,43003,Frederico Westphalen,430034,Palmeira das Missões,4306,Passo Fundo
4312708,87572,Nonoai,RS,4301,Noroeste Rio-grandense,43003,Frederico Westphalen,430035,Nonoai,4306,Passo Fundo
4315552,87548,Rio dos Índios,RS,4301,Noroeste Rio-grandense,43003,Frederico Westphalen,430035,Nonoai,4306,Passo Fundo
4321956,85006,Trindade do Sul,RS,4301,Noroeste Rio-grandense,43003,Frederico Westphalen,430035,Nonoai,4306,Passo Fundo
4314704,87971,Planalto,RS,4301,Noroeste Rio-grandense,43003,Frederico Westphalen,430035,Nonoai,4306,Passo Fundo
4309126,86762,Gramado dos Loureiros,RS,4301,Noroeste Rio-grandense,43003,Frederico Westphalen,430035,Nonoai,4306,Passo Fundo
4300505,85090,Alpestre,RS,4301,Noroeste Rio-grandense,43003,Frederico Westphalen,430035,Nonoai,4306,Passo Fundo
4301552,84735,Áurea,RS,4301,Noroeste Rio-grandense,43004,Erechim,430026,Erechim,4306,Passo Fundo
4310462,85243,Ipiranga do Sul,RS,4301,Noroeste Rio-grandense,43004,Erechim,430026,Erechim,4306,Passo Fundo
4307005,86371,Erechim,RS,4301,Noroeste Rio-grandense,43004,Erechim,430026,Erechim,4306,Passo Fundo
4310702,87157,Itatiba do Sul,RS,4301,Noroeste Rio-grandense,43004,Erechim,430026,Erechim,4306,Passo Fundo
4300901,85170,Aratiba,RS,4301,Noroeste Rio-grandense,43004,Erechim,430026,Erechim,4306,Passo Fundo
4308250,88242,Floriano Peixoto,RS,4301,Noroeste Rio-grandense,43004,Erechim,430026,Erechim,4306,Passo Fundo
4308706,86711,Gaurama,RS,4301,Noroeste Rio-grandense,43004,Erechim,430026,Erechim,4306,Passo Fundo
4307559,85286,Estação,RS,4301,Noroeste Rio-grandense,43004,Erechim,430026,Erechim,4306,Passo Fundo
4308904,86770,Getúlio Vargas,RS,4301,Noroeste Rio-grandense,43004,Erechim,430026,Erechim,4306,Passo Fundo
4306973,85081,Erebango,RS,4301,Noroeste Rio-grandense,43004,Erechim,430026,Erechim,4306,Passo Fundo
4302055,88420,Benjamin Constant do Sul,RS,4301,Noroeste Rio-grandense,43004,Erechim,430026,Erechim,4306,Passo Fundo
4315313,89389,Quatro Irmãos,RS,4301,Noroeste Rio-grandense,43004,Erechim,430026,Erechim,4306,Passo Fundo
4306130,89206,Cruzaltense,RS,4301,Noroeste Rio-grandense,43004,Erechim,430026,Erechim,4306,Passo Fundo
4304853,86525,Carlos Gomes,RS,4301,Noroeste Rio-grandense,43004,Erechim,430026,Erechim,4306,Passo Fundo
4308052,86029,Faxinalzinho,RS,4301,Noroeste Rio-grandense,43004,Erechim,430026,Erechim,4306,Passo Fundo
4301701,85332,Barão de Cotegipe,RS,4301,Noroeste Rio-grandense,43004,Erechim,430026,Erechim,4306,Passo Fundo
4312005,87416,Mariano Moro,RS,4301,Noroeste Rio-grandense,43004,Erechim,430026,Erechim,4306,Passo Fundo
4305116,86541,Centenário,RS,4301,Noroeste Rio-grandense,43004,Erechim,430026,Erechim,4306,Passo Fundo
4319703,88978,São Valentim,RS,4301,Noroeste Rio-grandense,43004,Erechim,430026,Erechim,4306,Passo Fundo
4320602,89133,Severiano de Almeida,RS,4301,Noroeste Rio-grandense,43004,Erechim,430026,Erechim,4306,Passo Fundo
4322905,89613,Viadutos,RS,4301,Noroeste Rio-grandense,43004,Erechim,430026,Erechim,4306,Passo Fundo
4303806,85758,Campinas do Sul,RS,4301,Noroeste Rio-grandense,43004,Erechim,430026,Erechim,4306,Passo Fundo
4314134,89346,Paulo Bento,RS,4301,Noroeste Rio-grandense,43004,Erechim,430026,Erechim,4306,Passo Fundo
4321634,84743,Três Arroios,RS,4301,Noroeste Rio-grandense,43004,Erechim,430026,Erechim,4306,Passo Fundo
4311908,87394,Marcelino Ramos,RS,4301,Noroeste Rio-grandense,43004,Erechim,430026,Erechim,4306,Passo Fundo
4314787,87440,Ponte Preta,RS,4301,Noroeste Rio-grandense,43004,Erechim,430026,Erechim,4306,Passo Fundo
4310900,87190,Jacutinga,RS,4301,Noroeste Rio-grandense,43004,Erechim,430026,Erechim,4306,Passo Fundo
4307203,86410,Erval Grande,RS,4301,Noroeste Rio-grandense,43004,Erechim,430026,Erechim,4306,Passo Fundo
4306957,85928,Entre Rios do Sul,RS,4301,Noroeste Rio-grandense,43004,Erechim,430026,Erechim,4306,Passo Fundo
4301925,86380,Barra do Rio Azul,RS,4301,Noroeste Rio-grandense,43004,Erechim,430026,Erechim,4306,Passo Fundo
4309803,86975,Ibiaçá,RS,4301,Noroeste Rio-grandense,43005,Sananduva,430032,Tapejara - Sananduva,4306,Passo Fundo
4313607,87750,Paim Filho,RS,4301,Noroeste Rio-grandense,43005,Sananduva,430032,Tapejara - Sananduva,4306,Passo Fundo
4318424,84859,São João da Urtiga,RS,4301,Noroeste Rio-grandense,43005,Sananduva,430032,Tapejara - Sananduva,4306,Passo Fundo
4317954,87688,Santo Expedito do Sul,RS,4301,Noroeste Rio-grandense,43005,Sananduva,430032,Tapejara - Sananduva,4306,Passo Fundo
4316600,88358,Sananduva,RS,4301,Noroeste Rio-grandense,43005,Sananduva,430032,Tapejara - Sananduva,4306,Passo Fundo
4312203,87459,Maximiliano de Almeida,RS,4301,Noroeste Rio-grandense,43005,Sananduva,430032,Tapejara - Sananduva,4306,Passo Fundo
4303202,85634,Cacique Doble,RS,4301,Noroeste Rio-grandense,43005,Sananduva,430033,Lagoa Vermelha,4306,Passo Fundo
4301800,85359,Barracão,RS,4301,Noroeste Rio-grandense,43005,Sananduva,430033,Lagoa Vermelha,4306,Passo Fundo
4311700,87351,Machadinho,RS,4301,Noroeste Rio-grandense,43005,Sananduva,430033,Lagoa Vermelha,4306,Passo Fundo
4318606,88757,São José do Ouro,RS,4301,Noroeste Rio-grandense,43005,Sananduva,430033,Lagoa Vermelha,4306,Passo Fundo
4322186,88021,Tupanci do Sul,RS,4301,Noroeste Rio-grandense,43005,Sananduva,430033,Lagoa Vermelha,4306,Passo Fundo
4303707,85731,Campina das Missões,RS,4301,Noroeste Rio-grandense,43006,Cerro Largo,430019,Santa Rosa,4305,Ijuí
4309506,86894,Guarani das Missões,RS,4301,Noroeste Rio-grandense,43006,Cerro Largo,430020,Santo Ângelo,4305,Ijuí
4320578,88706,Sete de Setembro,RS,4301,Noroeste Rio-grandense,43006,Cerro Largo,430020,Santo Ângelo,4305,Ijuí
4303301,85650,Caibaté,RS,4301,Noroeste Rio-grandense,43006,Cerro Largo,430022,São Luiz Gonzaga,4305,Ijuí
4316303,88293,Roque Gonzales,RS,4301,Noroeste Rio-grandense,43006,Cerro Largo,430024,Cerro Largo,4305,Ijuí
4312179,89303,Mato Queimado,RS,4301,Noroeste Rio-grandense,43006,Cerro Largo,430024,Cerro Largo,4305,Ijuí
4319372,87823,São Pedro do Butiá,RS,4301,Noroeste Rio-grandense,43006,Cerro Largo,430024,Cerro Largo,4305,Ijuí
4315107,88056,Porto Xavier,RS,4301,Noroeste Rio-grandense,43006,Cerro Largo,430024,Cerro Largo,4305,Ijuí
4305207,86010,Cerro Largo,RS,4301,Noroeste Rio-grandense,43006,Cerro Largo,430024,Cerro Largo,4305,Ijuí
4316477,87580,Salvador das Missões,RS,4301,Noroeste Rio-grandense,43006,Cerro Largo,430024,Cerro Largo,4305,Ijuí
4319307,88897,São Paulo das Missões,RS,4301,Noroeste Rio-grandense,43006,Cerro Largo,430024,Cerro Largo,4305,Ijuí
4305009,85979,Catuípe,RS,4301,Noroeste Rio-grandense,43007,Santo Ângelo,430018,Ijuí,4305,Ijuí
4320321,88765,Senador Salgado Filho,RS,4301,Noroeste Rio-grandense,43007,Santo Ângelo,430019,Santa Rosa,4305,Ijuí
4309001,86797,Giruá,RS,4301,Noroeste Rio-grandense,43007,Santo Ângelo,430020,Santo Ângelo,4305,Ijuí
4319158,85480,São Miguel das Missões,RS,4301,Noroeste Rio-grandense,43007,Santo Ângelo,430020,Santo Ângelo,4305,Ijuí
4307831,85448,Eugênio de Castro,RS,4301,Noroeste Rio-grandense,43007,Santo Ângelo,430020,Santo Ângelo,4305,Ijuí
4323754,88129,Vitória das Missões,RS,4301,Noroeste Rio-grandense,43007,Santo Ângelo,430020,Santo Ângelo,4305,Ijuí
4317509,88536,Santo Ângelo,RS,4301,Noroeste Rio-grandense,43007,Santo Ângelo,430020,Santo Ângelo,4305,Ijuí
4306932,85103,Entre-Ijuís,RS,4301,Noroeste Rio-grandense,43007,Santo Ângelo,430020,Santo Ângelo,4305,Ijuí
4318903,88811,São Luiz Gonzaga,RS,4301,Noroeste Rio-grandense,43007,Santo Ângelo,430022,São Luiz Gonzaga,4305,Ijuí
4319208,88870,São Nicolau,RS,4301,Noroeste Rio-grandense,43007,Santo Ângelo,430022,São Luiz Gonzaga,4305,Ijuí
4317707,88579,Santo Antônio das Missões,RS,4301,Noroeste Rio-grandense,43007,Santo Ângelo,430022,São Luiz Gonzaga,4305,Ijuí
4315958,89400,Rolador,RS,4301,Noroeste Rio-grandense,43007,Santo Ângelo,430022,São Luiz Gonzaga,4305,Ijuí
4306353,85049,Dezesseis de Novembro,RS,4301,Noroeste Rio-grandense,43007,Santo Ângelo,430022,São Luiz Gonzaga,4305,Ijuí
4302501,85499,Bossoroca,RS,4301,Noroeste Rio-grandense,43007,Santo Ângelo,430022,São Luiz Gonzaga,4305,Ijuí
4314555,84778,Pirapó,RS,4301,Noroeste Rio-grandense,43007,Santo Ângelo,430022,São Luiz Gonzaga,4305,Ijuí
4322343,88609,Ubiretama,RS,4301,Noroeste Rio-grandense,43007,Santo Ângelo,430024,Cerro Largo,4305,Ijuí
4305871,86622,Coronel Barros,RS,4301,Noroeste Rio-grandense,43008,Ijuí,430018,Ijuí,4305,Ijuí
4301503,85294,Augusto Pestana,RS,4301,Noroeste Rio-grandense,43008,Ijuí,430018,Ijuí,4305,Ijuí
4317806,88595,Santo Augusto,RS,4301,Noroeste Rio-grandense,43008,Ijuí,430018,Ijuí,4305,Ijuí
4302584,89087,Bozano,RS,4301,Noroeste Rio-grandense,43008,Ijuí,430018,Ijuí,4305,Ijuí
4313904,87815,Panambi,RS,4301,Noroeste Rio-grandense,43008,Ijuí,430018,Ijuí,4305,Ijuí
4300208,85030,Ajuricaba,RS,4301,Noroeste Rio-grandense,43008,Ijuí,430018,Ijuí,4305,Ijuí
4305702,86118,Condor,RS,4301,Noroeste Rio-grandense,43008,Ijuí,430018,Ijuí,4305,Ijuí
4319737,87866,São Valério do Sul,RS,4301,Noroeste Rio-grandense,43008,Ijuí,430018,Ijuí,4305,Ijuí
4305900,86150,Coronel Bicaco,RS,4301,Noroeste Rio-grandense,43008,Ijuí,430018,Ijuí,4305,Ijuí
4305405,86053,Chiapetta,RS,4301,Noroeste Rio-grandense,43008,Ijuí,430018,Ijuí,4305,Ijuí
4313334,88560,Nova Ramada,RS,4301,Noroeste Rio-grandense,43008,Ijuí,430018,Ijuí,4305,Ijuí
4310413,86827,Inhacorá,RS,4301,Noroeste Rio-grandense,43008,Ijuí,430018,Ijuí,4305,Ijuí
4314308,87890,Pejuçara,RS,4301,Noroeste Rio-grandense,43008,Ijuí,430018,Ijuí,4305,Ijuí
4310207,87050,Ijuí,RS,4301,Noroeste Rio-grandense,43008,Ijuí,430018,Ijuí,4305,Ijuí
4300455,85545,Alegria,RS,4301,Noroeste Rio-grandense,43008,Ijuí,430023,Três de Maio,4305,Ijuí
4301958,86401,Barra Funda,RS,4301,Noroeste Rio-grandense,43009,Carazinho,430028,Carazinho,4306,Passo Fundo
4305850,86606,Coqueiros do Sul,RS,4301,Noroeste Rio-grandense,43009,Carazinho,430028,Carazinho,4306,Passo Fundo
4317756,87661,Santo Antônio do Planalto,RS,4301,Noroeste Rio-grandense,43009,Carazinho,430028,Carazinho,4306,Passo Fundo
4312955,87203,Nova Boa Vista,RS,4301,Noroeste Rio-grandense,43009,Carazinho,430028,Carazinho,4306,Passo Fundo
4300471,89001,Almirante Tamandaré do Sul,RS,4301,Noroeste Rio-grandense,43009,Carazinho,430028,Carazinho,4306,Passo Fundo
4320107,89036,Sarandi,RS,4301,Noroeste Rio-grandense,43009,Carazinho,430028,Carazinho,4306,Passo Fundo
4304705,85910,Carazinho,RS,4301,Noroeste Rio-grandense,43009,Carazinho,430028,Carazinho,4306,Passo Fundo
4305306,86037,Chapada,RS,4301,Noroeste Rio-grandense,43009,Carazinho,430028,Carazinho,4306,Passo Fundo
4302154,86428,Boa Vista das Missões,RS,4301,Noroeste Rio-grandense,43009,Carazinho,430029,Frederico Westphalen,4306,Passo Fundo
4310850,84786,Jaboticaba,RS,4301,Noroeste Rio-grandense,43009,Carazinho,430029,Frederico Westphalen,4306,Passo Fundo
4314456,85340,Pinhal,RS,4301,Noroeste Rio-grandense,43009,Carazinho,430029,Frederico Westphalen,4306,Passo Fundo
4318457,87769,São José das Missões,RS,4301,Noroeste Rio-grandense,43009,Carazinho,430034,Palmeira das Missões,4306,Passo Fundo
4313706,87777,Palmeira das Missões,RS,4301,Noroeste Rio-grandense,43009,Carazinho,430034,Palmeira das Missões,4306,Passo Fundo
4305157,85227,Cerro Grande,RS,4301,Noroeste Rio-grandense,43009,Carazinho,430034,Palmeira das Missões,4306,Passo Fundo
4313490,87262,Novo Barreiro,RS,4301,Noroeste Rio-grandense,43009,Carazinho,430034,Palmeira das Missões,4306,Passo Fundo
4311429,86860,Lajeado do Bugre,RS,4301,Noroeste Rio-grandense,43009,Carazinho,430034,Palmeira das Missões,4306,Passo Fundo
4316428,87564,Sagrada Família,RS,4301,Noroeste Rio-grandense,43009,Carazinho,430034,Palmeira das Missões,4306,Passo Fundo
4319364,89486,São Pedro das Missões,RS,4301,Noroeste Rio-grandense,43009,Carazinho,430034,Palmeira das Missões,4306,Passo Fundo
4307054,85022,Ernestina,RS,4301,Noroeste Rio-grandense,43010,Passo Fundo,430025,Passo Fundo,4306,Passo Fundo
4314779,87424,Pontão,RS,4301,Noroeste Rio-grandense,43010,Passo Fundo,430025,Passo Fundo,4306,Passo Fundo
4320503,89117,Sertão,RS,4301,Noroeste Rio-grandense,43010,Passo Fundo,430025,Passo Fundo,4306,Passo Fundo
4316105,88250,Ronda Alta,RS,4301,Noroeste Rio-grandense,43010,Passo Fundo,430025,Passo Fundo,4306,Passo Fundo
4312138,87025,Mato Castelhano,RS,4301,Noroeste Rio-grandense,43010,Passo Fundo,430025,Passo Fundo,4306,Passo Fundo
4305975,86649,Coxilha,RS,4301,Noroeste Rio-grandense,43010,Passo Fundo,430025,Passo Fundo,4306,Passo Fundo
4314100,87858,Passo Fundo,RS,4301,Noroeste Rio-grandense,43010,Passo Fundo,430025,Passo Fundo,4306,Passo Fundo
4312674,87181,Nicolau Vergueiro,RS,4301,Noroeste Rio-grandense,43010,Passo Fundo,430025,Passo Fundo,4306,Passo Fundo
4312625,87165,Muliterno,RS,4301,Noroeste Rio-grandense,43010,Passo Fundo,430030,Marau,4306,Passo Fundo
4318051,84832,São Domingos do Sul,RS,4301,Noroeste Rio-grandense,43010,Passo Fundo,430030,Marau,4306,Passo Fundo
4308854,86746,Gentil,RS,4301,Noroeste Rio-grandense,43010,Passo Fundo,430030,Marau,4306,Passo Fundo
4317558,87645,Santo Antônio do Palma,RS,4301,Noroeste Rio-grandense,43010,Passo Fundo,430030,Marau,4306,Passo Fundo
4322558,84913,Vanini,RS,4301,Noroeste Rio-grandense,43010,Passo Fundo,430030,Marau,4306,Passo Fundo
4323408,85642,Vila Maria,RS,4301,Noroeste Rio-grandense,43010,Passo Fundo,430030,Marau,4306,Passo Fundo
4306304,86231,David Canabarro,RS,4301,Noroeste Rio-grandense,43010,Passo Fundo,430030,Marau,4306,Passo Fundo
4304903,85952,Casca,RS,4301,Noroeste Rio-grandense,43010,Passo Fundo,430030,Marau,4306,Passo Fundo
4303558,85960,Camargo,RS,4301,Noroeste Rio-grandense,43010,Passo Fundo,430030,Marau,4306,Passo Fundo
4305504,86070,Ciríaco,RS,4301,Noroeste Rio-grandense,43010,Passo Fundo,430030,Marau,4306,Passo Fundo
4311809,87378,Marau,RS,4301,Noroeste Rio-grandense,43010,Passo Fundo,430030,Marau,4306,Passo Fundo
4300059,84948,Água Santa,RS,4301,Noroeste Rio-grandense,43010,Passo Fundo,430032,Tapejara - Sananduva,4306,Passo Fundo
4323358,88749,Vila Lângaro,RS,4301,Noroeste Rio-grandense,43010,Passo Fundo,430032,Tapejara - Sananduva,4306,Passo Fundo
4320909,89214,Tapejara,RS,4301,Noroeste Rio-grandense,43010,Passo Fundo,430032,Tapejara - Sananduva,4306,Passo Fundo
4305371,86568,Charrua,RS,4301,Noroeste Rio-grandense,43010,Passo Fundo,430032,Tapejara - Sananduva,4306,Passo Fundo
4316733,89247,Santa Cecília do Sul,RS,4301,Noroeste Rio-grandense,43010,Passo Fundo,430032,Tapejara - Sananduva,4306,Passo Fundo
4304952,85880,Caseiros,RS,4301,Noroeste Rio-grandense,43010,Passo Fundo,430033,Lagoa Vermelha,4306,Passo Fundo
4309902,86991,Ibiraiaras,RS,4301,Noroeste Rio-grandense,43010,Passo Fundo,430033,Lagoa Vermelha,4306,Passo Fundo
4311155,98299,Jóia,RS,4301,Noroeste Rio-grandense,43011,Cruz Alta,430018,Ijuí,4305,Ijuí
4300554,84808,Alto Alegre,RS,4301,Noroeste Rio-grandense,43011,Cruz Alta,430025,Passo Fundo,4306,Passo Fundo
4304101,85200,Campos Borges,RS,4301,Noroeste Rio-grandense,43011,Cruz Alta,430025,Passo Fundo,4306,Passo Fundo
4307500,86479,Espumoso,RS,4301,Noroeste Rio-grandense,43011,Cruz Alta,430025,Passo Fundo,4306,Passo Fundo
4306106,86193,Cruz Alta,RS,4301,Noroeste Rio-grandense,43011,Cruz Alta,430027,Cruz Alta,4306,Passo Fundo
4308458,98272,Fortaleza dos Valos,RS,4301,Noroeste Rio-grandense,43011,Cruz Alta,430027,Cruz Alta,4306,Passo Fundo
4302238,89060,Boa Vista do Incra,RS,4301,Noroeste Rio-grandense,43011,Cruz Alta,430027,Cruz Alta,4306,Passo Fundo
4302220,89044,Boa Vista do Cadeado,RS,4301,Noroeste Rio-grandense,43011,Cruz Alta,430027,Cruz Alta,4306,Passo Fundo
4316709,88374,Santa Bárbara do Sul,RS,4301,Noroeste Rio-grandense,43011,Cruz Alta,430027,Cruz Alta,4306,Passo Fundo
4316451,89753,Salto do Jacuí,RS,4301,Noroeste Rio-grandense,43011,Cruz Alta,430027,Cruz Alta,4306,Passo Fundo
4315354,84875,Quinze de Novembro,RS,4301,Noroeste Rio-grandense,43011,Cruz Alta,430027,Cruz Alta,4306,Passo Fundo
4310876,89265,Jacuizinho,RS,4301,Noroeste Rio-grandense,43011,Cruz Alta,430027,Cruz Alta,4306,Passo Fundo
4310009,87017,Ibirubá,RS,4301,Noroeste Rio-grandense,43011,Cruz Alta,430027,Cruz Alta,4306,Passo Fundo
4316436,85561,Saldanha Marinho,RS,4301,Noroeste Rio-grandense,43011,Cruz Alta,430028,Carazinho,4306,Passo Fundo
4321469,89508,Tio Hugo,RS,4301,Noroeste Rio-grandense,43012,Não-Me-Toque,430025,Passo Fundo,4306,Passo Fundo
4311270,86886,Lagoa dos Três Cantos,RS,4301,Noroeste Rio-grandense,43012,Não-Me-Toque,430025,Passo Fundo,4306,Passo Fundo
4323200,89699,Victor Graeff,RS,4301,Noroeste Rio-grandense,43012,Não-Me-Toque,430025,Passo Fundo,4306,Passo Fundo
4321006,89230,Tapera,RS,4301,Noroeste Rio-grandense,43012,Não-Me-Toque,430025,Passo Fundo,4306,Passo Fundo
4320305,89079,Selbach,RS,4301,Noroeste Rio-grandense,43012,Não-Me-Toque,430027,Cruz Alta,4306,Passo Fundo
4312658,87556,Não-Me-Toque,RS,4301,Noroeste Rio-grandense,43012,Não-Me-Toque,430028,Carazinho,4306,Passo Fundo
4305603,86096,Colorado,RS,4301,Noroeste Rio-grandense,43012,Não-Me-Toque,430028,Carazinho,4306,Passo Fundo
4320800,89192,Soledade,RS,4301,Noroeste Rio-grandense,43013,Soledade,430031,Soledade,4306,Passo Fundo
4308300,86630,Fontoura Xavier,RS,4301,Noroeste Rio-grandense,43013,Soledade,430031,Soledade,4306,Passo Fundo
4312427,87106,Mormaço,RS,4301,Noroeste Rio-grandense,43013,Soledade,430031,Soledade,4306,Passo Fundo
4309951,84964,Ibirapuitã,RS,4301,Noroeste Rio-grandense,43013,Soledade,430031,Soledade,4306,Passo Fundo
4318465,85588,São José do Herval,RS,4301,Noroeste Rio-grandense,43013,Soledade,430031,Soledade,4306,Passo Fundo
4302006,85391,Barros Cassal,RS,4301,Noroeste Rio-grandense,43013,Soledade,430031,Soledade,4306,Passo Fundo
4322152,84840,Tunas,RS,4301,Noroeste Rio-grandense,43013,Soledade,430042,Sobradinho,4308,Santa Cruz do Sul - Lajeado
4311254,85260,Lagoão,RS,4301,Noroeste Rio-grandense,43013,Soledade,430042,Sobradinho,4308,Santa Cruz do Sul - Lajeado
4312757,86169,Nova Alvorada,RS,4302,Nordeste Rio-grandense,43014,Guaporé,430030,Marau,4306,Passo Fundo
4301404,85278,Arvorezinha,RS,4302,Nordeste Rio-grandense,43014,Guaporé,430031,Soledade,4306,Passo Fundo
4310579,86843,Itapuca,RS,4302,Nordeste Rio-grandense,43014,Guaporé,430031,Soledade,4306,Passo Fundo
4319711,87840,São Valentim do Sul,RS,4302,Nordeste Rio-grandense,43014,Guaporé,430037,Bento Gonçalves,4307,Caxias do Sul
4320404,89095,Serafina Corrêa,RS,4302,Nordeste Rio-grandense,43014,Guaporé,430038,Nova Prata - Guaporé,4307,Caxias do Sul
4312351,85820,Montauri,RS,4302,Nordeste Rio-grandense,43014,Guaporé,430038,Nova Prata - Guaporé,4307,Caxias do Sul
4315172,85405,Protásio Alves,RS,4302,Nordeste Rio-grandense,43014,Guaporé,430038,Nova Prata - Guaporé,4307,Caxias do Sul
4314001,87831,Paraí,RS,4302,Nordeste Rio-grandense,43014,Guaporé,430038,Nova Prata - Guaporé,4307,Caxias do Sul
4312807,87599,Nova Araçá,RS,4302,Nordeste Rio-grandense,43014,Guaporé,430038,Nova Prata - Guaporé,4307,Caxias do Sul
4318440,84794,São Jorge,RS,4302,Nordeste Rio-grandense,43014,Guaporé,430038,Nova Prata - Guaporé,4307,Caxias do Sul
4300661,86100,André da Rocha,RS,4302,Nordeste Rio-grandense,43014,Guaporé,430038,Nova Prata - Guaporé,4307,Caxias do Sul
4306452,84824,Dois Lajeados,RS,4302,Nordeste Rio-grandense,43014,Guaporé,430038,Nova Prata - Guaporé,4307,Caxias do Sul
4322350,88048,União da Serra,RS,4302,Nordeste Rio-grandense,43014,Guaporé,430038,Nova Prata - Guaporé,4307,Caxias do Sul
4313300,87696,Nova Prata,RS,4302,Nordeste Rio-grandense,43014,Guaporé,430038,Nova Prata - Guaporé,4307,Caxias do Sul
4323606,85863,Vista Alegre do Prata,RS,4302,Nordeste Rio-grandense,43014,Guaporé,430038,Nova Prata - Guaporé,4307,Caxias do Sul
4309407,86878,Guaporé,RS,4302,Nordeste Rio-grandense,43014,Guaporé,430038,Nova Prata - Guaporé,4307,Caxias do Sul
4312906,87610,Nova Bassano,RS,4302,Nordeste Rio-grandense,43014,Guaporé,430038,Nova Prata - Guaporé,4307,Caxias do Sul
4309258,84867,Guabiju,RS,4302,Nordeste Rio-grandense,43014,Guaporé,430038,Nova Prata - Guaporé,4307,Caxias do Sul
4315206,88072,Putinga,RS,4302,Nordeste Rio-grandense,43014,Guaporé,430043,Encantado,4308,Santa Cruz do Sul - Lajeado
4310306,87076,Ilópolis,RS,4302,Nordeste Rio-grandense,43014,Guaporé,430043,Encantado,4308,Santa Cruz do Sul - Lajeado
4300703,85138,Anta Gorda,RS,4302,Nordeste Rio-grandense,43014,Guaporé,430043,Encantado,4308,Santa Cruz do Sul - Lajeado
4311304,87270,Lagoa Vermelha,RS,4302,Nordeste Rio-grandense,43015,Vacaria,430033,Lagoa Vermelha,4306,Passo Fundo
4304622,89125,Capão Bonito do Sul,RS,4302,Nordeste Rio-grandense,43015,Vacaria,430033,Lagoa Vermelha,4306,Passo Fundo
4303608,85715,Cambará do Sul,RS,4302,Nordeste Rio-grandense,43015,Vacaria,430036,Caxias do Sul,4307,Caxias do Sul
4318200,88676,São Francisco de Paula,RS,4302,Nordeste Rio-grandense,43015,Vacaria,430036,Caxias do Sul,4307,Caxias do Sul
4303673,86460,Campestre da Serra,RS,4302,Nordeste Rio-grandense,43015,Vacaria,430036,Caxias do Sul,4307,Caxias do Sul
4310439,84999,Ipê,RS,4302,Nordeste Rio-grandense,43015,Vacaria,430036,Caxias do Sul,4307,Caxias do Sul
4311122,84905,Jaquirana,RS,4302,Nordeste Rio-grandense,43015,Vacaria,430039,Vacaria,4307,Caxias do Sul
4314464,89362,Pinhal da Serra,RS,4302,Nordeste Rio-grandense,43015,Vacaria,430039,Vacaria,4307,Caxias do Sul
4302303,85456,Bom Jesus,RS,4302,Nordeste Rio-grandense,43015,Vacaria,430039,Vacaria,4307,Caxias do Sul
4307401,86452,Esmeralda,RS,4302,Nordeste Rio-grandense,43015,Vacaria,430039,Vacaria,4307,Caxias do Sul
4312377,88803,Monte Alegre dos Campos,RS,4302,Nordeste Rio-grandense,43015,Vacaria,430039,Vacaria,4307,Caxias do Sul
4312617,88544,Muitos Capões,RS,4302,Nordeste Rio-grandense,43015,Vacaria,430039,Vacaria,4307,Caxias do Sul
4322509,89532,Vacaria,RS,4302,Nordeste Rio-grandense,43015,Vacaria,430039,Vacaria,4307,Caxias do Sul
4318622,87726,São José dos Ausentes,RS,4302,Nordeste Rio-grandense,43015,Vacaria,430039,Vacaria,4307,Caxias do Sul
4319000,88838,São Marcos,RS,4302,Nordeste Rio-grandense,43016,Caxias do Sul,430036,Caxias do Sul,4307,Caxias do Sul
4305108,85995,Caxias do Sul,RS,4302,Nordeste Rio-grandense,43016,Caxias do Sul,430036,Caxias do Sul,4307,Caxias do Sul
4313086,87220,Nova Pádua,RS,4302,Nordeste Rio-grandense,43016,Caxias do Sul,430036,Caxias do Sul,4307,Caxias do Sul
4313359,84751,Nova Roma do Sul,RS,4302,Nordeste Rio-grandense,43016,Caxias do Sul,430036,Caxias do Sul,4307,Caxias do Sul
4300802,85154,Antônio Prado,RS,4302,Nordeste Rio-grandense,43016,Caxias do Sul,430036,Caxias do Sul,4307,Caxias do Sul
4307906,86550,Farroupilha,RS,4302,Nordeste Rio-grandense,43016,Caxias do Sul,430036,Caxias do Sul,4307,Caxias do Sul
4308201,86614,Flores da Cunha,RS,4302,Nordeste Rio-grandense,43016,Caxias do Sul,430036,Caxias do Sul,4307,Caxias do Sul
4307864,84930,Fagundes Varela,RS,4302,Nordeste Rio-grandense,43016,Caxias do Sul,430037,Bento Gonçalves,4307,Caxias do Sul
4317251,87629,Santa Tereza,RS,4302,Nordeste Rio-grandense,43016,Caxias do Sul,430037,Bento Gonçalves,4307,Caxias do Sul
4302105,85413,Bento Gonçalves,RS,4302,Nordeste Rio-grandense,43016,Caxias do Sul,430037,Bento Gonçalves,4307,Caxias do Sul
4323309,86061,Vila Flores,RS,4302,Nordeste Rio-grandense,43016,Caxias do Sul,430037,Bento Gonçalves,4307,Caxias do Sul
4322806,89591,Veranópolis,RS,4302,Nordeste Rio-grandense,43016,Caxias do Sul,430037,Bento Gonçalves,4307,Caxias do Sul
4304804,85936,Carlos Barbosa,RS,4302,Nordeste Rio-grandense,43016,Caxias do Sul,430037,Bento Gonçalves,4307,Caxias do Sul
4312385,87084,Monte Belo do Sul,RS,4302,Nordeste Rio-grandense,43016,Caxias do Sul,430037,Bento Gonçalves,4307,Caxias do Sul
4314548,89540,Pinto Bandeira,RS,4302,Nordeste Rio-grandense,43016,Caxias do Sul,430037,Bento Gonçalves,4307,Caxias do Sul
4305934,89184,Coronel Pilar,RS,4302,Nordeste Rio-grandense,43016,Caxias do Sul,430037,Bento Gonçalves,4307,Caxias do Sul
4308607,86690,Garibaldi,RS,4302,Nordeste Rio-grandense,43016,Caxias do Sul,430037,Bento Gonçalves,4307,Caxias do Sul
4305959,89770,Cotiporã,RS,4302,Nordeste Rio-grandense,43016,Caxias do Sul,430037,Bento Gonçalves,4307,Caxias do Sul
4302253,88161,Boa Vista do Sul,RS,4302,Nordeste Rio-grandense,43016,Caxias do Sul,430037,Bento Gonçalves,4307,Caxias do Sul
4311205,87254,Júlio de Castilhos,RS,4303,Centro Ocidental Rio-grandense,43017,Santiago,430011,Santa Maria,4303,Santa Maria
4315321,87521,Quevedos,RS,4303,Centro Ocidental Rio-grandense,43017,Santiago,430011,Santa Maria,4303,Santa Maria
4311130,88587,Jari,RS,4303,Centro Ocidental Rio-grandense,43017,Santiago,430011,Santa Maria,4303,Santa Maria
4314472,87386,Pinhal Grande,RS,4303,Centro Ocidental Rio-grandense,43017,Santiago,430011,Santa Maria,4303,Santa Maria
4317400,88510,Santiago,RS,4303,Centro Ocidental Rio-grandense,43017,Santiago,430014,Santiago,4303,Santa Maria
4322376,88480,Unistalda,RS,4303,Centro Ocidental Rio-grandense,43017,Santiago,430014,Santiago,4303,Santa Maria
4304655,89141,Capão do Cipó,RS,4303,Centro Ocidental Rio-grandense,43017,Santiago,430014,Santiago,4303,Santa Maria
4310553,85901,Itacurubi,RS,4303,Centro Ocidental Rio-grandense,43017,Santiago,430014,Santiago,4303,Santa Maria
4322202,89478,Tupanciretã,RS,4303,Centro Ocidental Rio-grandense,43017,Santiago,430027,Cruz Alta,4306,Passo Fundo
4312104,87432,Mata,RS,4303,Centro Ocidental Rio-grandense,43018,Santa Maria,430011,Santa Maria,4303,Santa Maria
4310538,88382,Itaara,RS,4303,Centro Ocidental Rio-grandense,43018,Santa Maria,430011,Santa Maria,4303,Santa Maria
4316907,88412,Santa Maria,RS,4303,Centro Ocidental Rio-grandense,43018,Santa Maria,430011,Santa Maria,4303,Santa Maria
4302907,85570,Cacequi,RS,4303,Centro Ocidental Rio-grandense,43018,Santa Maria,430011,Santa Maria,4303,Santa Maria
4319802,86754,São Vicente do Sul,RS,4303,Centro Ocidental Rio-grandense,43018,Santa Maria,430011,Santa Maria,4303,Santa Maria
4306379,88188,Dilermando de Aguiar,RS,4303,Centro Ocidental Rio-grandense,43018,Santa Maria,430011,Santa Maria,4303,Santa Maria
4319125,87785,São Martinho da Serra,RS,4303,Centro Ocidental Rio-grandense,43018,Santa Maria,430011,Santa Maria,4303,Santa Maria
4319406,88919,São Pedro do Sul,RS,4303,Centro Ocidental Rio-grandense,43018,Santa Maria,430011,Santa Maria,4303,Santa Maria
4311106,87238,Jaguari,RS,4303,Centro Ocidental Rio-grandense,43018,Santa Maria,430011,Santa Maria,4303,Santa Maria
4321493,88900,Toropi,RS,4303,Centro Ocidental Rio-grandense,43018,Santa Maria,430011,Santa Maria,4303,Santa Maria
4319604,88951,São Sepé,RS,4303,Centro Ocidental Rio-grandense,43018,Santa Maria,430011,Santa Maria,4303,Santa Maria
4323457,88102,Vila Nova do Sul,RS,4303,Centro Ocidental Rio-grandense,43018,Santa Maria,430012,São Gabriel - Caçapava do Sul,4303,Santa Maria
4313037,85120,Nova Esperança do Sul,RS,4303,Centro Ocidental Rio-grandense,43018,Santa Maria,430014,Santiago,4303,Santa Maria
4320651,84956,Silveira Martins,RS,4303,Centro Ocidental Rio-grandense,43019,Restinga Seca,430011,Santa Maria,4303,Santa Maria
4308409,86657,Formigueiro,RS,4303,Centro Ocidental Rio-grandense,43019,Restinga Seca,430011,Santa Maria,4303,Santa Maria
4313102,87653,Nova Palma,RS,4303,Centro Ocidental Rio-grandense,43019,Restinga Seca,430011,Santa Maria,4303,Santa Maria
4310751,85626,Ivorá,RS,4303,Centro Ocidental Rio-grandense,43019,Restinga Seca,430011,Santa Maria,4303,Santa Maria
4306700,86312,Dona Francisca,RS,4303,Centro Ocidental Rio-grandense,43019,Restinga Seca,430011,Santa Maria,4303,Santa Maria
4315503,88137,Restinga Seca,RS,4303,Centro Ocidental Rio-grandense,43019,Restinga Seca,430011,Santa Maria,4303,Santa Maria
4318432,87700,São João do Polêsine,RS,4303,Centro Ocidental Rio-grandense,43019,Restinga Seca,430011,Santa Maria,4303,Santa Maria
4308003,86576,Faxinal do Soturno,RS,4303,Centro Ocidental Rio-grandense,43019,Restinga Seca,430011,Santa Maria,4303,Santa Maria
4300109,85014,Agudo,RS,4303,Centro Ocidental Rio-grandense,43019,Restinga Seca,430011,Santa Maria,4303,Santa Maria
4322533,88064,Vale do Sol,RS,4304,Centro Oriental Rio-grandense,43020,Santa Cruz do Sul,430040,Santa Cruz do Sul,4308,Santa Cruz do Sul - Lajeado
4304200,85812,Candelária,RS,4304,Centro Oriental Rio-grandense,43020,Santa Cruz do Sul,430040,Santa Cruz do Sul,4308,Santa Cruz do Sul - Lajeado
4312153,87041,Mato Leitão,RS,4304,Centro Oriental Rio-grandense,43020,Santa Cruz do Sul,430040,Santa Cruz do Sul,4308,Santa Cruz do Sul - Lajeado
4320677,87947,Sinimbu,RS,4304,Centro Oriental Rio-grandense,43020,Santa Cruz do Sul,430040,Santa Cruz do Sul,4308,Santa Cruz do Sul - Lajeado
4322608,89559,Venâncio Aires,RS,4304,Centro Oriental Rio-grandense,43020,Santa Cruz do Sul,430040,Santa Cruz do Sul,4308,Santa Cruz do Sul - Lajeado
4309571,88323,Herveiras,RS,4304,Centro Oriental Rio-grandense,43020,Santa Cruz do Sul,430040,Santa Cruz do Sul,4308,Santa Cruz do Sul - Lajeado
4316808,88390,Santa Cruz do Sul,RS,4304,Centro Oriental Rio-grandense,43020,Santa Cruz do Sul,430040,Santa Cruz do Sul,4308,Santa Cruz do Sul - Lajeado
4309159,86789,Gramado Xavier,RS,4304,Centro Oriental Rio-grandense,43020,Santa Cruz do Sul,430040,Santa Cruz do Sul,4308,Santa Cruz do Sul - Lajeado
4322707,89575,Vera Cruz,RS,4304,Centro Oriental Rio-grandense,43020,Santa Cruz do Sul,430040,Santa Cruz do Sul,4308,Santa Cruz do Sul - Lajeado
4301206,85235,Arroio do Tigre,RS,4304,Centro Oriental Rio-grandense,43020,Santa Cruz do Sul,430042,Sobradinho,4308,Santa Cruz do Sul - Lajeado
4311239,89281,Lagoa Bonita do Sul,RS,4304,Centro Oriental Rio-grandense,43020,Santa Cruz do Sul,430042,Sobradinho,4308,Santa Cruz do Sul - Lajeado
4320263,85529,Segredo,RS,4304,Centro Oriental Rio-grandense,43020,Santa Cruz do Sul,430042,Sobradinho,4308,Santa Cruz do Sul - Lajeado
4307815,88404,Estrela Velha,RS,4304,Centro Oriental Rio-grandense,43020,Santa Cruz do Sul,430042,Sobradinho,4308,Santa Cruz do Sul - Lajeado
4320701,89176,Sobradinho,RS,4304,Centro Oriental Rio-grandense,43020,Santa Cruz do Sul,430042,Sobradinho,4308,Santa Cruz do Sul - Lajeado
4314068,88889,Passa Sete,RS,4304,Centro Oriental Rio-grandense,43020,Santa Cruz do Sul,430042,Sobradinho,4308,Santa Cruz do Sul - Lajeado
4309753,84972,Ibarama,RS,4304,Centro Oriental Rio-grandense,43020,Santa Cruz do Sul,430042,Sobradinho,4308,Santa Cruz do Sul - Lajeado
4302451,84921,Boqueirão do Leão,RS,4304,Centro Oriental Rio-grandense,43021,Lajeado-Estrela,430041,Lajeado,4308,Santa Cruz do Sul - Lajeado
4306205,86215,Cruzeiro do Sul,RS,4304,Centro Oriental Rio-grandense,43021,Lajeado-Estrela,430041,Lajeado,4308,Santa Cruz do Sul - Lajeado
4321451,98213,Teutônia,RS,4304,Centro Oriental Rio-grandense,43021,Lajeado-Estrela,430041,Lajeado,4308,Santa Cruz do Sul - Lajeado
4323770,89524,Westfalia,RS,4304,Centro Oriental Rio-grandense,43021,Lajeado-Estrela,430041,Lajeado,4308,Santa Cruz do Sul - Lajeado
4320453,87904,Sério,RS,4304,Centro Oriental Rio-grandense,43021,Lajeado-Estrela,430041,Lajeado,4308,Santa Cruz do Sul - Lajeado
4304697,86509,Capitão,RS,4304,Centro Oriental Rio-grandense,43021,Lajeado-Estrela,430041,Lajeado,4308,Santa Cruz do Sul - Lajeado
4302402,85472,Bom Retiro do Sul,RS,4304,Centro Oriental Rio-grandense,43021,Lajeado-Estrela,430041,Lajeado,4308,Santa Cruz do Sul - Lajeado
4315156,84760,Progresso,RS,4304,Centro Oriental Rio-grandense,43021,Lajeado-Estrela,430041,Lajeado,4308,Santa Cruz do Sul - Lajeado
4305835,89168,Coqueiro Baixo,RS,4304,Centro Oriental Rio-grandense,43021,Lajeado-Estrela,430041,Lajeado,4308,Santa Cruz do Sul - Lajeado
4304614,89109,Canudos do Vale,RS,4304,Centro Oriental Rio-grandense,43021,Lajeado-Estrela,430041,Lajeado,4308,Santa Cruz do Sul - Lajeado
4308078,88366,Fazenda Vilanova,RS,4304,Centro Oriental Rio-grandense,43021,Lajeado-Estrela,430041,Lajeado,4308,Santa Cruz do Sul - Lajeado
4305587,86584,Colinas,RS,4304,Centro Oriental Rio-grandense,43021,Lajeado-Estrela,430041,Lajeado,4308,Santa Cruz do Sul - Lajeado
4311403,87297,Lajeado,RS,4304,Centro Oriental Rio-grandense,43021,Lajeado-Estrela,430041,Lajeado,4308,Santa Cruz do Sul - Lajeado
4315131,85421,Pouso Novo,RS,4304,Centro Oriental Rio-grandense,43021,Lajeado-Estrela,430041,Lajeado,4308,Santa Cruz do Sul - Lajeado
4316758,87602,Santa Clara do Sul,RS,4304,Centro Oriental Rio-grandense,43021,Lajeado-Estrela,430041,Lajeado,4308,Santa Cruz do Sul - Lajeado
4312054,88820,Marques de Souza,RS,4304,Centro Oriental Rio-grandense,43021,Lajeado-Estrela,430041,Lajeado,4308,Santa Cruz do Sul - Lajeado
4321303,89290,Taquari,RS,4304,Centro Oriental Rio-grandense,43021,Lajeado-Estrela,430041,Lajeado,4308,Santa Cruz do Sul - Lajeado
4321626,87980,Travesseiro,RS,4304,Centro Oriental Rio-grandense,43021,Lajeado-Estrela,430041,Lajeado,4308,Santa Cruz do Sul - Lajeado
4320859,88722,Tabaí,RS,4304,Centro Oriental Rio-grandense,43021,Lajeado-Estrela,430041,Lajeado,4308,Santa Cruz do Sul - Lajeado
4301008,85197,Arroio do Meio,RS,4304,Centro Oriental Rio-grandense,43021,Lajeado-Estrela,430041,Lajeado,4308,Santa Cruz do Sul - Lajeado
4310363,85782,Imigrante,RS,4304,Centro Oriental Rio-grandense,43021,Lajeado-Estrela,430041,Lajeado,4308,Santa Cruz do Sul - Lajeado
4307807,86533,Estrela,RS,4304,Centro Oriental Rio-grandense,43021,Lajeado-Estrela,430041,Lajeado,4308,Santa Cruz do Sul - Lajeado
4308433,89222,Forquetinha,RS,4304,Centro Oriental Rio-grandense,43021,Lajeado-Estrela,430041,Lajeado,4308,Santa Cruz do Sul - Lajeado
4314159,85146,Paverama,RS,4304,Centro Oriental Rio-grandense,43021,Lajeado-Estrela,430041,Lajeado,4308,Santa Cruz do Sul - Lajeado
4312609,87530,Muçum,RS,4304,Centro Oriental Rio-grandense,43021,Lajeado-Estrela,430043,Encantado,4308,Santa Cruz do Sul - Lajeado
4313003,87637,Nova Bréscia,RS,4304,Centro Oriental Rio-grandense,43021,Lajeado-Estrela,430043,Encantado,4308,Santa Cruz do Sul - Lajeado
4315453,85766,Relvado,RS,4304,Centro Oriental Rio-grandense,43021,Lajeado-Estrela,430043,Encantado,4308,Santa Cruz do Sul - Lajeado
4315800,88196,Roca Sales,RS,4304,Centro Oriental Rio-grandense,43021,Lajeado-Estrela,430043,Encantado,4308,Santa Cruz do Sul - Lajeado
4322855,88781,Vespasiano Correa,RS,4304,Centro Oriental Rio-grandense,43021,Lajeado-Estrela,430043,Encantado,4308,Santa Cruz do Sul - Lajeado
4306759,88307,Doutor Ricardo,RS,4304,Centro Oriental Rio-grandense,43021,Lajeado-Estrela,430043,Encantado,4308,Santa Cruz do Sul - Lajeado
4306809,86339,Encantado,RS,4304,Centro Oriental Rio-grandense,43021,Lajeado-Estrela,430043,Encantado,4308,Santa Cruz do Sul - Lajeado
4303004,85596,Cachoeira do Sul,RS,4304,Centro Oriental Rio-grandense,43022,Cachoeira do Sul,430013,Cachoeira do Sul,4303,Santa Maria
4305132,86088,Cerro Branco,RS,4304,Centro Oriental Rio-grandense,43022,Cachoeira do Sul,430013,Cachoeira do Sul,4303,Santa Maria
4314027,85987,Paraíso do Sul,RS,4304,Centro Oriental Rio-grandense,43022,Cachoeira do Sul,430013,Cachoeira do Sul,4303,Santa Maria
4313391,88684,Novo Cabrais,RS,4304,Centro Oriental Rio-grandense,43022,Cachoeira do Sul,430013,Cachoeira do Sul,4303,Santa Maria
4313953,84980,Pantano Grande,RS,4304,Centro Oriental Rio-grandense,43022,Cachoeira do Sul,430040,Santa Cruz do Sul,4308,Santa Cruz do Sul - Lajeado
4315701,88170,Rio Pardo,RS,4304,Centro Oriental Rio-grandense,43022,Cachoeira do Sul,430040,Santa Cruz do Sul,4308,Santa Cruz do Sul - Lajeado
4314076,87343,Passo do Sobrado,RS,4304,Centro Oriental Rio-grandense,43022,Cachoeira do Sul,430040,Santa Cruz do Sul,4308,Santa Cruz do Sul - Lajeado
4304689,84891,Capela de Santana,RS,4305,Metropolitana de Porto Alegre,43023,Montenegro,430002,Novo Hamburgo - São Leopoldo,4301,Porto Alegre
4309555,85189,Harmonia,RS,4305,Metropolitana de Porto Alegre,43023,Montenegro,430002,Novo Hamburgo - São Leopoldo,4301,Porto Alegre
4319505,88935,São Sebastião do Caí,RS,4305,Metropolitana de Porto Alegre,43023,Montenegro,430002,Novo Hamburgo - São Leopoldo,4301,Porto Alegre
4322251,85723,Tupandi,RS,4305,Metropolitana de Porto Alegre,43023,Montenegro,430002,Novo Hamburgo - São Leopoldo,4301,Porto Alegre
4302352,98230,Bom Princípio,RS,4305,Metropolitana de Porto Alegre,43023,Montenegro,430002,Novo Hamburgo - São Leopoldo,4301,Porto Alegre
4314803,87998,Portão,RS,4305,Metropolitana de Porto Alegre,43023,Montenegro,430002,Novo Hamburgo - São Leopoldo,4301,Porto Alegre
4318481,85324,São José do Hortêncio,RS,4305,Metropolitana de Porto Alegre,43023,Montenegro,430002,Novo Hamburgo - São Leopoldo,4301,Porto Alegre
4311643,86924,Linha Nova,RS,4305,Metropolitana de Porto Alegre,43023,Montenegro,430002,Novo Hamburgo - São Leopoldo,4301,Porto Alegre
4319752,85383,São Vendelino,RS,4305,Metropolitana de Porto Alegre,43023,Montenegro,430002,Novo Hamburgo - São Leopoldo,4301,Porto Alegre
4319356,87807,São Pedro da Serra,RS,4305,Metropolitana de Porto Alegre,43023,Montenegro,430007,Montenegro,4301,Porto Alegre
4318614,89460,São José do Sul,RS,4305,Metropolitana de Porto Alegre,43023,Montenegro,430007,Montenegro,4301,Porto Alegre
4312401,87491,Montenegro,RS,4305,Metropolitana de Porto Alegre,43023,Montenegro,430007,Montenegro,4301,Porto Alegre
4314035,87327,Pareci Novo,RS,4305,Metropolitana de Porto Alegre,43023,Montenegro,430007,Montenegro,4301,Porto Alegre
4311791,86983,Maratá,RS,4305,Metropolitana de Porto Alegre,43023,Montenegro,430007,Montenegro,4301,Porto Alegre
4302659,85065,Brochier,RS,4305,Metropolitana de Porto Alegre,43023,Montenegro,430007,Montenegro,4301,Porto Alegre
4316501,88331,Salvador do Sul,RS,4305,Metropolitana de Porto Alegre,43023,Montenegro,430007,Montenegro,4301,Porto Alegre
4300570,86282,Alto Feliz,RS,4305,Metropolitana de Porto Alegre,43023,Montenegro,430036,Caxias do Sul,4307,Caxias do Sul
4322541,88080,Vale Real,RS,4305,Metropolitana de Porto Alegre,43023,Montenegro,430036,Caxias do Sul,4307,Caxias do Sul
4308102,86592,Feliz,RS,4305,Metropolitana de Porto Alegre,43023,Montenegro,430036,Caxias do Sul,4307,Caxias do Sul
4301651,86223,Barão,RS,4305,Metropolitana de Porto Alegre,43023,Montenegro,430037,Bento Gonçalves,4307,Caxias do Sul
4314753,86126,Poço das Antas,RS,4305,Metropolitana de Porto Alegre,43023,Montenegro,430041,Lajeado,4308,Santa Cruz do Sul - Lajeado
4312476,87149,Morro Reuter,RS,4305,Metropolitana de Porto Alegre,43024,Gramado-Canela,430002,Novo Hamburgo - São Leopoldo,4301,Porto Alegre
4315149,87505,Presidente Lucena,RS,4305,Metropolitana de Porto Alegre,43024,Gramado-Canela,430002,Novo Hamburgo - São Leopoldo,4301,Porto Alegre
4316956,86207,Santa Maria do Herval,RS,4305,Metropolitana de Porto Alegre,43024,Gramado-Canela,430002,Novo Hamburgo - São Leopoldo,4301,Porto Alegre
4306403,86258,Dois Irmãos,RS,4305,Metropolitana de Porto Alegre,43024,Gramado-Canela,430002,Novo Hamburgo - São Leopoldo,4301,Porto Alegre
4310801,87173,Ivoti,RS,4305,Metropolitana de Porto Alegre,43024,Gramado-Canela,430002,Novo Hamburgo - São Leopoldo,4301,Porto Alegre
4311627,86908,Lindolfo Collor,RS,4305,Metropolitana de Porto Alegre,43024,Gramado-Canela,430002,Novo Hamburgo - São Leopoldo,4301,Porto Alegre
4321204,89273,Taquara,RS,4305,Metropolitana de Porto Alegre,43024,Gramado-Canela,430004,Taquara - Parobé - Igrejinha,4301,Porto Alegre
4315750,85740,Riozinho,RS,4305,Metropolitana de Porto Alegre,43024,Gramado-Canela,430004,Taquara - Parobé - Igrejinha,4301,Porto Alegre
4321709,89370,Três Coroas,RS,4305,Metropolitana de Porto Alegre,43024,Gramado-Canela,430004,Taquara - Parobé - Igrejinha,4301,Porto Alegre
4310108,87033,Igrejinha,RS,4305,Metropolitana de Porto Alegre,43024,Gramado-Canela,430004,Taquara - Parobé - Igrejinha,4301,Porto Alegre
4316006,88234,Rolante,RS,4305,Metropolitana de Porto Alegre,43024,Gramado-Canela,430004,Taquara - Parobé - Igrejinha,4301,Porto Alegre
4304408,85855,Canela,RS,4305,Metropolitana de Porto Alegre,43024,Gramado-Canela,430036,Caxias do Sul,4307,Caxias do Sul
4313201,87670,Nova Petrópolis,RS,4305,Metropolitana de Porto Alegre,43024,Gramado-Canela,430036,Caxias do Sul,4307,Caxias do Sul
4314423,87360,Picada Café,RS,4305,Metropolitana de Porto Alegre,43024,Gramado-Canela,430036,Caxias do Sul,4307,Caxias do Sul
4309100,86819,Gramado,RS,4305,Metropolitana de Porto Alegre,43024,Gramado-Canela,430036,Caxias do Sul,4307,Caxias do Sul
4301107,85219,Arroio dos Ratos,RS,4305,Metropolitana de Porto Alegre,43025,São Jerônimo,430001,Porto Alegre,4301,Porto Alegre
4301750,86347,Barão do Triunfo,RS,4305,Metropolitana de Porto Alegre,43025,São Jerônimo,430001,Porto Alegre,4301,Porto Alegre
4302709,85537,Butiá,RS,4305,Metropolitana de Porto Alegre,43025,São Jerônimo,430006,Charqueadas - Triunfo - São Jerônimo,4301,Porto Alegre
4305355,86932,Charqueadas,RS,4305,Metropolitana de Porto Alegre,43025,São Jerônimo,430006,Charqueadas - Triunfo - São Jerônimo,4301,Porto Alegre
4318408,88714,São Jerônimo,RS,4305,Metropolitana de Porto Alegre,43025,São Jerônimo,430006,Charqueadas - Triunfo - São Jerônimo,4301,Porto Alegre
4308805,86738,General Câmara,RS,4305,Metropolitana de Porto Alegre,43025,São Jerônimo,430006,Charqueadas - Triunfo - São Jerônimo,4301,Porto Alegre
4312252,87068,Minas do Leão,RS,4305,Metropolitana de Porto Alegre,43025,São Jerônimo,430006,Charqueadas - Triunfo - São Jerônimo,4301,Porto Alegre
4322004,89435,Triunfo,RS,4305,Metropolitana de Porto Alegre,43025,São Jerônimo,430006,Charqueadas - Triunfo - São Jerônimo,4301,Porto Alegre
4322525,88668,Vale Verde,RS,4305,Metropolitana de Porto Alegre,43025,São Jerônimo,430040,Santa Cruz do Sul,4308,Santa Cruz do Sul - Lajeado
4313375,87246,Nova Santa Rita,RS,4305,Metropolitana de Porto Alegre,43026,Porto Alegre,430001,Porto Alegre,4301,Porto Alegre
4309050,85502,Glorinha,RS,4305,Metropolitana de Porto Alegre,43026,Porto Alegre,430001,Porto Alegre,4301,Porto Alegre
4323002,89630,Viamão,RS,4305,Metropolitana de Porto Alegre,43026,Porto Alegre,430001,Porto Alegre,4301,Porto Alegre
4309308,86851,Guaíba,RS,4305,Metropolitana de Porto Alegre,43026,Porto Alegre,430001,Porto Alegre,4301,Porto Alegre
4309209,86835,Gravataí,RS,4305,Metropolitana de Porto Alegre,43026,Porto Alegre,430001,Porto Alegre,4301,Porto Alegre
4306767,86240,Eldorado do Sul,RS,4305,Metropolitana de Porto Alegre,43026,Porto Alegre,430001,Porto Alegre,4301,Porto Alegre
4303103,85618,Cachoeirinha,RS,4305,Metropolitana de Porto Alegre,43026,Porto Alegre,430001,Porto Alegre,4301,Porto Alegre
4311981,87009,Mariana Pimentel,RS,4305,Metropolitana de Porto Alegre,43026,Porto Alegre,430001,Porto Alegre,4301,Porto Alegre
4300604,85111,Alvorada,RS,4305,Metropolitana de Porto Alegre,43026,Porto Alegre,430001,Porto Alegre,4301,Porto Alegre
4307708,86517,Esteio,RS,4305,Metropolitana de Porto Alegre,43026,Porto Alegre,430001,Porto Alegre,4301,Porto Alegre
4320552,87920,Sertão Santana,RS,4305,Metropolitana de Porto Alegre,43026,Porto Alegre,430001,Porto Alegre,4301,Porto Alegre
4314902,88013,Porto Alegre,RS,4305,Metropolitana de Porto Alegre,43026,Porto Alegre,430001,Porto Alegre,4301,Porto Alegre
4304606,85898,Canoas,RS,4305,Metropolitana de Porto Alegre,43026,Porto Alegre,430001,Porto Alegre,4301,Porto Alegre
4320008,89010,Sapucaia do Sul,RS,4305,Metropolitana de Porto Alegre,43026,Porto Alegre,430001,Porto Alegre,4301,Porto Alegre
4300877,88862,Araricá,RS,4305,Metropolitana de Porto Alegre,43026,Porto Alegre,430002,Novo Hamburgo - São Leopoldo,4301,Porto Alegre
4307609,86495,Estância Velha,RS,4305,Metropolitana de Porto Alegre,43026,Porto Alegre,430002,Novo Hamburgo - São Leopoldo,4301,Porto Alegre
4319901,88994,Sapiranga,RS,4305,Metropolitana de Porto Alegre,43026,Porto Alegre,430002,Novo Hamburgo - São Leopoldo,4301,Porto Alegre
4313409,87718,Novo Hamburgo,RS,4305,Metropolitana de Porto Alegre,43026,Porto Alegre,430002,Novo Hamburgo - São Leopoldo,4301,Porto Alegre
4318705,88773,São Leopoldo,RS,4305,Metropolitana de Porto Alegre,43026,Porto Alegre,430002,Novo Hamburgo - São Leopoldo,4301,Porto Alegre
4303905,85774,Campo Bom,RS,4305,Metropolitana de Porto Alegre,43026,Porto Alegre,430002,Novo Hamburgo - São Leopoldo,4301,Porto Alegre
4313060,84816,Nova Hartz,RS,4305,Metropolitana de Porto Alegre,43026,Porto Alegre,430002,Novo Hamburgo - São Leopoldo,4301,Porto Alegre
4314050,98256,Parobé,RS,4305,Metropolitana de Porto Alegre,43026,Porto Alegre,430004,Taquara - Parobé - Igrejinha,4301,Porto Alegre
4321352,89710,Tavares,RS,4305,Metropolitana de Porto Alegre,43027,Osório,430001,Porto Alegre,4301,Porto Alegre
4317608,88552,Santo Antônio da Patrulha,RS,4305,Metropolitana de Porto Alegre,43027,Osório,430001,Porto Alegre,4301,Porto Alegre
4313656,89672,Palmares do Sul,RS,4305,Metropolitana de Porto Alegre,43027,Osório,430001,Porto Alegre,4301,Porto Alegre
4312500,87513,Mostardas,RS,4305,Metropolitana de Porto Alegre,43027,Osório,430001,Porto Alegre,4301,Porto Alegre
4304713,88340,Caraá,RS,4305,Metropolitana de Porto Alegre,43027,Osório,430001,Porto Alegre,4301,Porto Alegre
4304671,88200,Capivari do Sul,RS,4305,Metropolitana de Porto Alegre,43027,Osório,430001,Porto Alegre,4301,Porto Alegre
4313508,87734,Osório,RS,4305,Metropolitana de Porto Alegre,43027,Osório,430003,Tramandaí - Osório,4301,Porto Alegre
4301636,88927,Balneário Pinhal,RS,4305,Metropolitana de Porto Alegre,43027,Osório,430003,Tramandaí - Osório,4301,Porto Alegre
4305454,85804,Cidreira,RS,4305,Metropolitana de Porto Alegre,43027,Osório,430003,Tramandaí - Osório,4301,Porto Alegre
4304630,89150,Capão da Canoa,RS,4305,Metropolitana de Porto Alegre,43027,Osório,430003,Tramandaí - Osório,4301,Porto Alegre
4321436,85162,Terra de Areia,RS,4305,Metropolitana de Porto Alegre,43027,Osório,430003,Tramandaí - Osório,4301,Porto Alegre
4323804,88145,Xangri-lá,RS,4305,Metropolitana de Porto Alegre,43027,Osório,430003,Tramandaí - Osório,4301,Porto Alegre
4310652,89249,Itati,RS,4305,Metropolitana de Porto Alegre,43027,Osório,430003,Tramandaí - Osório,4301,Porto Alegre
4321600,89354,Tramandaí,RS,4305,Metropolitana de Porto Alegre,43027,Osório,430003,Tramandaí - Osório,4301,Porto Alegre
4310330,85685,Imbé,RS,4305,Metropolitana de Porto Alegre,43027,Osório,430003,Tramandaí - Osório,4301,Porto Alegre
4311775,86967,Maquiné,RS,4305,Metropolitana de Porto Alegre,43027,Osório,430003,Tramandaí - Osório,4301,Porto Alegre
4321832,88005,Três Forquilhas,RS,4305,Metropolitana de Porto Alegre,43027,Osório,430008,Torres,4301,Porto Alegre
4301057,85308,Arroio do Sal,RS,4305,Metropolitana de Porto Alegre,43027,Osório,430008,Torres,4301,Porto Alegre
4311734,88943,Mampituba,RS,4305,Metropolitana de Porto Alegre,43027,Osório,430008,Torres,4301,Porto Alegre
4321501,89338,Torres,RS,4305,Metropolitana de Porto Alegre,43027,Osório,430008,Torres,4301,Porto Alegre
4312443,87122,Morrinhos do Sul,RS,4305,Metropolitana de Porto Alegre,43027,Osório,430008,Torres,4301,Porto Alegre
4306551,88463,Dom Pedro de Alcântara,RS,4305,Metropolitana de Porto Alegre,43027,Osório,430008,Torres,4301,Porto Alegre
4321667,85367,Três Cachoeiras,RS,4305,Metropolitana de Porto Alegre,43027,Osório,430008,Torres,4301,Porto Alegre
4301909,85375,Barra do Ribeiro,RS,4305,Metropolitana de Porto Alegre,43028,Camaquã,430001,Porto Alegre,4301,Porto Alegre
4321105,89257,Tapes,RS,4305,Metropolitana de Porto Alegre,43028,Camaquã,430005,Camaquã,4301,Porto Alegre
4320354,87882,Sentinela do Sul,RS,4305,Metropolitana de Porto Alegre,43028,Camaquã,430005,Camaquã,4301,Porto Alegre
4306502,86274,Dom Feliciano,RS,4305,Metropolitana de Porto Alegre,43028,Camaquã,430005,Camaquã,4301,Porto Alegre
4300851,86320,Arambaré,RS,4305,Metropolitana de Porto Alegre,43028,Camaquã,430005,Camaquã,4301,Porto Alegre
4305447,88269,Chuvisca,RS,4305,Metropolitana de Porto Alegre,43028,Camaquã,430005,Camaquã,4301,Porto Alegre
4303509,85693,Camaquã,RS,4305,Metropolitana de Porto Alegre,43028,Camaquã,430005,Camaquã,4301,Porto Alegre
4305173,85944,Cerro Grande do Sul,RS,4305,Metropolitana de Porto Alegre,43028,Camaquã,430005,Camaquã,4301,Porto Alegre
4318101,88650,São Francisco de Assis,RS,4306,Sudoeste Rio-grandense,43029,Campanha Ocidental,430011,Santa Maria,4303,Santa Maria
4311759,86940,Manoel Viana,RS,4306,Sudoeste Rio-grandense,43029,Campanha Ocidental,430015,Uruguaiana,4304,Uruguaiana
4301875,88625,Barra do Quaraí,RS,4306,Sudoeste Rio-grandense,43029,Campanha Ocidental,430015,Uruguaiana,4304,Uruguaiana
4300406,85073,Alegrete,RS,4306,Sudoeste Rio-grandense,43029,Campanha Ocidental,430015,Uruguaiana,4304,Uruguaiana
4322400,89516,Uruguaiana,RS,4306,Sudoeste Rio-grandense,43029,Campanha Ocidental,430015,Uruguaiana,4304,Uruguaiana
4315305,88099,Quaraí,RS,4306,Sudoeste Rio-grandense,43029,Campanha Ocidental,430016,Santana do Livramento,4304,Uruguaiana
4310603,87130,Itaqui,RS,4306,Sudoeste Rio-grandense,43029,Campanha Ocidental,430017,São Borja,4304,Uruguaiana
4311718,88447,Maçambará,RS,4306,Sudoeste Rio-grandense,43029,Campanha Ocidental,430017,São Borja,4304,Uruguaiana
4318002,88633,São Borja,RS,4306,Sudoeste Rio-grandense,43029,Campanha Ocidental,430017,São Borja,4304,Uruguaiana
4308656,86720,Garruchos,RS,4306,Sudoeste Rio-grandense,43029,Campanha Ocidental,430022,São Luiz Gonzaga,4305,Ijuí
4318309,88692,São Gabriel,RS,4306,Sudoeste Rio-grandense,43030,Campanha Central,430012,São Gabriel - Caçapava do Sul,4303,Santa Maria
4316972,89443,Santa Margarida do Sul,RS,4306,Sudoeste Rio-grandense,43030,Campanha Central,430012,São Gabriel - Caçapava do Sul,4303,Santa Maria
4316402,88315,Rosário do Sul,RS,4306,Sudoeste Rio-grandense,43030,Campanha Central,430016,Santana do Livramento,4304,Uruguaiana
4317103,88455,Sant'Ana do Livramento,RS,4306,Sudoeste Rio-grandense,43030,Campanha Central,430016,Santana do Livramento,4304,Uruguaiana
4306601,86290,Dom Pedrito,RS,4306,Sudoeste Rio-grandense,43031,Campanha Meridional,430010,Bagé,4302,Pelotas
4309654,86800,Hulha Negra,RS,4306,Sudoeste Rio-grandense,43031,Campanha Meridional,430010,Bagé,4302,Pelotas
4301602,85316,Bagé,RS,4306,Sudoeste Rio-grandense,43031,Campanha Meridional,430010,Bagé,4302,Pelotas
4300034,88986,Aceguá,RS,4306,Sudoeste Rio-grandense,43031,Campanha Meridional,430010,Bagé,4302,Pelotas
4311502,87319,Lavras do Sul,RS,4306,Sudoeste Rio-grandense,43031,Campanha Meridional,430012,São Gabriel - Caçapava do Sul,4303,Santa Maria
4300638,86045,Amaral Ferrador,RS,4307,Sudeste Rio-grandense,43032,Serras de Sudeste,430005,Camaquã,4301,Porto Alegre
4314605,87955,Piratini,RS,4307,Sudeste Rio-grandense,43032,Serras de Sudeste,430009,Pelotas,4302,Pelotas
4304358,86487,Candiota,RS,4307,Sudeste Rio-grandense,43032,Serras de Sudeste,430010,Bagé,4302,Pelotas
4314175,89567,Pedras Altas,RS,4307,Sudeste Rio-grandense,43032,Serras de Sudeste,430010,Bagé,4302,Pelotas
4314506,87939,Pinheiro Machado,RS,4307,Sudeste Rio-grandense,43032,Serras de Sudeste,430010,Bagé,4302,Pelotas
4317004,88439,Santana da Boa Vista,RS,4307,Sudeste Rio-grandense,43032,Serras de Sudeste,430012,São Gabriel - Caçapava do Sul,4303,Santa Maria
4302808,85553,Caçapava do Sul,RS,4307,Sudeste Rio-grandense,43032,Serras de Sudeste,430012,São Gabriel - Caçapava do Sul,4303,Santa Maria
4306908,86355,Encruzilhada do Sul,RS,4307,Sudeste Rio-grandense,43032,Serras de Sudeste,430040,Santa Cruz do Sul,4308,Santa Cruz do Sul - Lajeado
4306056,85464,Cristal,RS,4307,Sudeste Rio-grandense,43033,Pelotas,430005,Camaquã,4301,Porto Alegre
4322327,88501,Turuçu,RS,4307,Sudeste Rio-grandense,43033,Pelotas,430009,Pelotas,4302,Pelotas
4318804,88790,São Lourenço do Sul,RS,4307,Sudeste Rio-grandense,43033,Pelotas,430009,Pelotas,4302,Pelotas
4312450,86185,Morro Redondo,RS,4307,Sudeste Rio-grandense,43033,Pelotas,430009,Pelotas,4302,Pelotas
4314407,87912,Pelotas,RS,4307,Sudeste Rio-grandense,43033,Pelotas,430009,Pelotas,4302,Pelotas
4305124,88641,Cerrito,RS,4307,Sudeste Rio-grandense,43033,Pelotas,430009,Pelotas,4302,Pelotas
4314209,87874,Pedro Osório,RS,4307,Sudeste Rio-grandense,43033,Pelotas,430009,Pelotas,4302,Pelotas
4301073,89028,Arroio do Padre,RS,4307,Sudeste Rio-grandense,43033,Pelotas,430009,Pelotas,4302,Pelotas
4304507,85871,Canguçu,RS,4307,Sudeste Rio-grandense,43033,Pelotas,430009,Pelotas,4302,Pelotas
4304663,89737,Capão do Leão,RS,4307,Sudeste Rio-grandense,43033,Pelotas,430009,Pelotas,4302,Pelotas
4301305,85251,Arroio Grande,RS,4307,Sudeste Rio-grandense,43034,Jaguarão,430009,Pelotas,4302,Pelotas
4311007,87211,Jaguarão,RS,4307,Sudeste Rio-grandense,43034,Jaguarão,430009,Pelotas,4302,Pelotas
4307104,86398,Herval,RS,4307,Sudeste Rio-grandense,43034,Jaguarão,430009,Pelotas,4302,Pelotas
4317301,88498,Santa Vitória do Palmar,RS,4307,Sudeste Rio-grandense,43035,Litoral Lagunar,430009,Pelotas,4302,Pelotas
4318507,88730,São José do Norte,RS,4307,Sudeste Rio-grandense,43035,Litoral Lagunar,430009,Pelotas,4302,Pelotas
4305439,88846,Chuí,RS,4307,Sudeste Rio-grandense,43035,Litoral Lagunar,430009,Pelotas,4302,Pelotas
4315602,88153,Rio Grande,RS,4307,Sudeste Rio-grandense,43035,Litoral Lagunar,430009,Pelotas,4302,Pelotas
5003207,90638,Corumbá,MS,5001,Pantanais Sul Mato-grossense,50001,Baixo Pantanal,500010,Corumbá,5003,Corumbá
5005202,91030,Ladário,MS,5001,Pantanais Sul Mato-grossense,50001,Baixo Pantanal,500010,Corumbá,5003,Corumbá
5006903,91375,Porto Murtinho,MS,5001,Pantanais Sul Mato-grossense,50001,Baixo Pantanal,500011,Jardim,5003,Corumbá
5003488,91804,Dois Irmãos do Buriti,MS,5001,Pantanais Sul Mato-grossense,50002,Aquidauana,500001,Campo Grande,5001,Campo Grande
5005608,91111,Miranda,MS,5001,Pantanais Sul Mato-grossense,50002,Aquidauana,500012,Aquidauana - Anastácio,5003,Corumbá
5001102,90212,Aquidauana,MS,5001,Pantanais Sul Mato-grossense,50002,Aquidauana,500012,Aquidauana - Anastácio,5003,Corumbá
5000708,90131,Anastácio,MS,5001,Pantanais Sul Mato-grossense,50002,Aquidauana,500012,Aquidauana - Anastácio,5003,Corumbá
5002605,90492,Camapuã,MS,5002,Centro Norte de Mato Grosso do Sul,50003,Alto Taquari,500001,Campo Grande,5001,Campo Grande
5007695,98094,São Gabriel do Oeste,MS,5002,Centro Norte de Mato Grosso do Sul,50003,Alto Taquari,500001,Campo Grande,5001,Campo Grande
5003306,90654,Coxim,MS,5002,Centro Norte de Mato Grosso do Sul,50003,Alto Taquari,500004,Coxim,5001,Campo Grande
5007935,91880,Sonora,MS,5002,Centro Norte de Mato Grosso do Sul,50003,Alto Taquari,500004,Coxim,5001,Campo Grande
5000252,55018,Alcinópolis,MS,5002,Centro Norte de Mato Grosso do Sul,50003,Alto Taquari,500004,Coxim,5001,Campo Grande
5006408,91278,Pedro Gomes,MS,5002,Centro Norte de Mato Grosso do Sul,50003,Alto Taquari,500004,Coxim,5001,Campo Grande
5007406,91472,Rio Verde de Mato Grosso,MS,5002,Centro Norte de Mato Grosso do Sul,50003,Alto Taquari,500004,Coxim,5001,Campo Grande
5003900,55069,Figueirão,MS,5002,Centro Norte de Mato Grosso do Sul,50003,Alto Taquari,500004,Coxim,5001,Campo Grande
5002704,90514,Campo Grande,MS,5002,Centro Norte de Mato Grosso do Sul,50004,Campo Grande,500001,Campo Grande,5001,Campo Grande
5007901,91570,Sidrolândia,MS,5002,Centro Norte de Mato Grosso do Sul,50004,Campo Grande,500001,Campo Grande,5001,Campo Grande
5004908,90972,Jaraguari,MS,5002,Centro Norte de Mato Grosso do Sul,50004,Campo Grande,500001,Campo Grande,5001,Campo Grande
5007505,91499,Rochedo,MS,5002,Centro Norte de Mato Grosso do Sul,50004,Campo Grande,500001,Campo Grande,5001,Campo Grande
5008008,91596,Terenos,MS,5002,Centro Norte de Mato Grosso do Sul,50004,Campo Grande,500001,Campo Grande,5001,Campo Grande
5007307,91456,Rio Negro,MS,5002,Centro Norte de Mato Grosso do Sul,50004,Campo Grande,500001,Campo Grande,5001,Campo Grande
5001508,90298,Bandeirantes,MS,5002,Centro Norte de Mato Grosso do Sul,50004,Campo Grande,500001,Campo Grande,5001,Campo Grande
5003108,90611,Corguinho,MS,5002,Centro Norte de Mato Grosso do Sul,50004,Campo Grande,500001,Campo Grande,5001,Campo Grande
5006275,55050,Paraíso das Águas,MS,5003,Leste de Mato Grosso do Sul,50005,Cassilândia,500003,Paranaíba - Chapadão do Sul - Cassilândia,5001,Campo Grande
5002902,90573,Cassilândia,MS,5003,Leste de Mato Grosso do Sul,50005,Cassilândia,500003,Paranaíba - Chapadão do Sul - Cassilândia,5001,Campo Grande
5002951,91782,Chapadão do Sul,MS,5003,Leste de Mato Grosso do Sul,50005,Cassilândia,500003,Paranaíba - Chapadão do Sul - Cassilândia,5001,Campo Grande
5003256,98035,Costa Rica,MS,5003,Leste de Mato Grosso do Sul,50005,Cassilândia,500004,Coxim,5001,Campo Grande
5007802,98116,Selvíria,MS,5003,Leste de Mato Grosso do Sul,50006,Paranaíba,500002,Três Lagoas,5001,Campo Grande
5001003,90190,Aparecida do Taboado,MS,5003,Leste de Mato Grosso do Sul,50006,Paranaíba,500003,Paranaíba - Chapadão do Sul - Cassilândia,5001,Campo Grande
5006309,91251,Paranaíba,MS,5003,Leste de Mato Grosso do Sul,50006,Paranaíba,500003,Paranaíba - Chapadão do Sul - Cassilândia,5001,Campo Grande
5004403,90875,Inocência,MS,5003,Leste de Mato Grosso do Sul,50006,Paranaíba,500003,Paranaíba - Chapadão do Sul - Cassilândia,5001,Campo Grande
5007109,91413,Ribas do Rio Pardo,MS,5003,Leste de Mato Grosso do Sul,50007,Três Lagoas,500001,Campo Grande,5001,Campo Grande
5007554,91863,Santa Rita do Pardo,MS,5003,Leste de Mato Grosso do Sul,50007,Três Lagoas,500002,Três Lagoas,5001,Campo Grande
5008305,91650,Três Lagoas,MS,5003,Leste de Mato Grosso do Sul,50007,Três Lagoas,500002,Três Lagoas,5001,Campo Grande
5000203,90034,Água Clara,MS,5003,Leste de Mato Grosso do Sul,50007,Três Lagoas,500002,Três Lagoas,5001,Campo Grande
5002308,90450,Brasilândia,MS,5003,Leste de Mato Grosso do Sul,50007,Três Lagoas,500002,Três Lagoas,5001,Campo Grande
5001904,90379,Bataguassu,MS,5003,Leste de Mato Grosso do Sul,50008,Nova Andradina,500002,Três Lagoas,5001,Campo Grande
5000807,90158,Anaurilândia,MS,5003,Leste de Mato Grosso do Sul,50008,Nova Andradina,500007,Nova Andradina,5002,Dourados
5002001,90395,Batayporã,MS,5003,Leste de Mato Grosso do Sul,50008,Nova Andradina,500007,Nova Andradina,5002,Dourados
5006200,91235,Nova Andradina,MS,5003,Leste de Mato Grosso do Sul,50008,Nova Andradina,500007,Nova Andradina,5002,Dourados
5007976,98175,Taquarussu,MS,5003,Leste de Mato Grosso do Sul,50008,Nova Andradina,500007,Nova Andradina,5002,Dourados
5004106,90816,Guia Lopes da Laguna,MS,5004,Sudoeste de Mato Grosso do Sul,50009,Bodoquena,500011,Jardim,5003,Corumbá
5002209,90433,Bonito,MS,5004,Sudoeste de Mato Grosso do Sul,50009,Bodoquena,500011,Jardim,5003,Corumbá
5002803,90530,Caracol,MS,5004,Sudoeste de Mato Grosso do Sul,50009,Bodoquena,500011,Jardim,5003,Corumbá
5002100,90417,Bela Vista,MS,5004,Sudoeste de Mato Grosso do Sul,50009,Bodoquena,500011,Jardim,5003,Corumbá
5005806,91154,Nioaque,MS,5004,Sudoeste de Mato Grosso do Sul,50009,Bodoquena,500011,Jardim,5003,Corumbá
5005004,90999,Jardim,MS,5004,Sudoeste de Mato Grosso do Sul,50009,Bodoquena,500011,Jardim,5003,Corumbá
5002159,98019,Bodoquena,MS,5004,Sudoeste de Mato Grosso do Sul,50009,Bodoquena,500012,Aquidauana - Anastácio,5003,Corumbá
5006002,55000,Nova Alvorada do Sul,MS,5004,Sudoeste de Mato Grosso do Sul,50010,Dourados,500001,Campo Grande,5001,Campo Grande
5003702,90735,Dourados,MS,5004,Sudoeste de Mato Grosso do Sul,50010,Dourados,500005,Dourados,5002,Dourados
5005152,91820,Juti,MS,5004,Sudoeste de Mato Grosso do Sul,50010,Dourados,500005,Dourados,5002,Dourados
5005400,91073,Maracaju,MS,5004,Sudoeste de Mato Grosso do Sul,50010,Dourados,500005,Dourados,5002,Dourados
5002407,90557,Caarapó,MS,5004,Sudoeste de Mato Grosso do Sul,50010,Dourados,500005,Dourados,5002,Dourados
5007208,91430,Rio Brilhante,MS,5004,Sudoeste de Mato Grosso do Sul,50010,Dourados,500005,Dourados,5002,Dourados
5008404,91901,Vicentina,MS,5004,Sudoeste de Mato Grosso do Sul,50010,Dourados,500005,Dourados,5002,Dourados
5004502,90891,Itaporã,MS,5004,Sudoeste de Mato Grosso do Sul,50010,Dourados,500005,Dourados,5002,Dourados
5003801,90751,Fátima do Sul,MS,5004,Sudoeste de Mato Grosso do Sul,50010,Dourados,500005,Dourados,5002,Dourados
5005251,55026,Laguna Carapã,MS,5004,Sudoeste de Mato Grosso do Sul,50010,Dourados,500005,Dourados,5002,Dourados
5003504,98051,Douradina,MS,5004,Sudoeste de Mato Grosso do Sul,50010,Dourados,500005,Dourados,5002,Dourados
5006606,91316,Ponta Porã,MS,5004,Sudoeste de Mato Grosso do Sul,50010,Dourados,500008,Ponta Porã,5002,Dourados
5001243,91715,Aral Moreira,MS,5004,Sudoeste de Mato Grosso do Sul,50010,Dourados,500008,Ponta Porã,5002,Dourados
5000906,90174,Antônio João,MS,5004,Sudoeste de Mato Grosso do Sul,50010,Dourados,500008,Ponta Porã,5002,Dourados
5000609,90115,Amambai,MS,5004,Sudoeste de Mato Grosso do Sul,50010,Dourados,500009,Amambai,5002,Dourados
5004007,90794,Glória de Dourados,MS,5004,Sudoeste de Mato Grosso do Sul,50011,Iguatemi,500005,Dourados,5002,Dourados
5005103,91014,Jateí,MS,5004,Sudoeste de Mato Grosso do Sul,50011,Iguatemi,500005,Dourados,5002,Dourados
5003454,91758,Deodápolis,MS,5004,Sudoeste de Mato Grosso do Sul,50011,Iguatemi,500005,Dourados,5002,Dourados
5004601,98078,Itaquiraí,MS,5004,Sudoeste de Mato Grosso do Sul,50011,Iguatemi,500006,Naviraí - Mundo Novo,5002,Dourados
5004809,55034,Japorã,MS,5004,Sudoeste de Mato Grosso do Sul,50011,Iguatemi,500006,Naviraí - Mundo Novo,5002,Dourados
5005681,91790,Mundo Novo,MS,5004,Sudoeste de Mato Grosso do Sul,50011,Iguatemi,500006,Naviraí - Mundo Novo,5002,Dourados
5005707,91138,Naviraí,MS,5004,Sudoeste de Mato Grosso do Sul,50011,Iguatemi,500006,Naviraí - Mundo Novo,5002,Dourados
5003751,91731,Eldorado,MS,5004,Sudoeste de Mato Grosso do Sul,50011,Iguatemi,500006,Naviraí - Mundo Novo,5002,Dourados
5004304,90859,Iguatemi,MS,5004,Sudoeste de Mato Grosso do Sul,50011,Iguatemi,500006,Naviraí - Mundo Novo,5002,Dourados
5006259,55042,Novo Horizonte do Sul,MS,5004,Sudoeste de Mato Grosso do Sul,50011,Iguatemi,500007,Nova Andradina,5002,Dourados
5004700,90930,Ivinhema,MS,5004,Sudoeste de Mato Grosso do Sul,50011,Iguatemi,500007,Nova Andradina,5002,Dourados
5000856,91693,Angélica,MS,5004,Sudoeste de Mato Grosso do Sul,50011,Iguatemi,500007,Nova Andradina,5002,Dourados
5007703,98132,Sete Quedas,MS,5004,Sudoeste de Mato Grosso do Sul,50011,Iguatemi,500009,Amambai,5002,Dourados
5007950,98159,Tacuru,MS,5004,Sudoeste de Mato Grosso do Sul,50011,Iguatemi,500009,Amambai,5002,Dourados
5003157,98590,Coronel Sapucaia,MS,5004,Sudoeste de Mato Grosso do Sul,50011,Iguatemi,500009,Amambai,5002,Dourados
5006358,91847,Paranhos,MS,5004,Sudoeste de Mato Grosso do Sul,50011,Iguatemi,500009,Amambai,5002,Dourados
5101902,90468,Brasnorte,MT,5101,Norte Mato-grossense,51001,Aripuanã,510002,Tangará da Serra,5101,Cuiabá
5105176,90581,Juruena,MT,5101,Norte Mato-grossense,51001,Aripuanã,510009,Juína,5103,Sinop
5105150,98310,Juína,MT,5101,Norte Mato-grossense,51001,Aripuanã,510009,Juína,5103,Sinop
5103379,90425,Cotriguaçu,MT,5101,Norte Mato-grossense,51001,Aripuanã,510009,Juína,5103,Sinop
5101407,90271,Aripuanã,MT,5101,Norte Mato-grossense,51001,Aripuanã,510009,Juína,5103,Sinop
5102850,90549,Castanheira,MT,5101,Norte Mato-grossense,51001,Aripuanã,510009,Juína,5103,Sinop
5103254,89788,Colniza,MT,5101,Norte Mato-grossense,51001,Aripuanã,510009,Juína,5103,Sinop
5107578,89960,Rondolândia,MT,5101,Norte Mato-grossense,51001,Aripuanã,510009,Juína,5103,Sinop
5108956,90360,Nova Monte Verde,MT,5101,Norte Mato-grossense,51002,Alta Floresta,510010,Alta Floresta,5103,Sinop
5102793,90760,Carlinda,MT,5101,Norte Mato-grossense,51002,Alta Floresta,510010,Alta Floresta,5103,Sinop
5100805,90263,Apiacás,MT,5101,Norte Mato-grossense,51002,Alta Floresta,510010,Alta Floresta,5103,Sinop
5100250,89877,Alta Floresta,MT,5101,Norte Mato-grossense,51002,Alta Floresta,510010,Alta Floresta,5103,Sinop
5106158,90387,Nova Bandeirantes,MT,5101,Norte Mato-grossense,51002,Alta Floresta,510010,Alta Floresta,5103,Sinop
5106299,98833,Paranaíta,MT,5101,Norte Mato-grossense,51002,Alta Floresta,510010,Alta Floresta,5103,Sinop
5106216,98752,Nova Canaã do Norte,MT,5101,Norte Mato-grossense,51003,Colíder,510007,Sinop,5103,Sinop
5108808,90140,Nova Guarita,MT,5101,Norte Mato-grossense,51003,Colíder,510007,Sinop,5103,Sinop
5103205,89796,Colíder,MT,5101,Norte Mato-grossense,51003,Colíder,510007,Sinop,5103,Sinop
5108055,98957,Terra Nova do Norte,MT,5101,Norte Mato-grossense,51003,Colíder,510007,Sinop,5103,Sinop
5105606,90620,Matupá,MT,5101,Norte Mato-grossense,51003,Colíder,510011,Peixoto de Azevedo - Guarantã do Norte,5103,Sinop
5106422,98817,Peixoto de Azevedo,MT,5101,Norte Mato-grossense,51003,Colíder,510011,Peixoto de Azevedo - Guarantã do Norte,5103,Sinop
5106265,90808,Novo Mundo,MT,5101,Norte Mato-grossense,51003,Colíder,510011,Peixoto de Azevedo - Guarantã do Norte,5103,Sinop
5104104,99058,Guarantã do Norte,MT,5101,Norte Mato-grossense,51003,Colíder,510011,Peixoto de Azevedo - Guarantã do Norte,5103,Sinop
5102637,90484,Campo Novo do Parecis,MT,5101,Norte Mato-grossense,51004,Parecis,510002,Tangará da Serra,5101,Cuiabá
5107875,90727,Sapezal,MT,5101,Norte Mato-grossense,51004,Parecis,510002,Tangará da Serra,5101,Cuiabá
5103502,90697,Diamantino,MT,5101,Norte Mato-grossense,51004,Parecis,510003,Diamantino,5101,Cuiabá
5103304,99015,Comodoro,MT,5101,Norte Mato-grossense,51004,Parecis,510005,Pontes e Lacerda - Comodoro,5102,Cáceres
5102686,90743,Campos de Júlio,MT,5101,Norte Mato-grossense,51004,Parecis,510005,Pontes e Lacerda - Comodoro,5102,Cáceres
5108907,90123,Nova Maringá,MT,5101,Norte Mato-grossense,51005,Arinos,510003,Diamantino,5101,Cuiabá
5107305,91995,São José do Rio Claro,MT,5101,Norte Mato-grossense,51005,Arinos,510003,Diamantino,5101,Cuiabá
5107941,90220,Tabaporã,MT,5101,Norte Mato-grossense,51005,Arinos,510012,Juara,5103,Sinop
5106802,91359,Porto dos Gaúchos,MT,5101,Norte Mato-grossense,51005,Arinos,510012,Juara,5103,Sinop
5106273,98795,Novo Horizonte do Norte,MT,5101,Norte Mato-grossense,51005,Arinos,510012,Juara,5103,Sinop
5105101,98191,Juara,MT,5101,Norte Mato-grossense,51005,Arinos,510012,Juara,5103,Sinop
5105903,91170,Nobres,MT,5101,Norte Mato-grossense,51006,Alto Teles Pires,510001,Cuiabá,5101,Cuiabá
5105259,90603,Lucas do Rio Verde,MT,5101,Norte Mato-grossense,51006,Alto Teles Pires,510008,Sorriso,5103,Sinop
5107768,91049,Santa Rita do Trivelato,MT,5101,Norte Mato-grossense,51006,Alto Teles Pires,510008,Sorriso,5103,Sinop
5104542,91103,Itanhangá,MT,5101,Norte Mato-grossense,51006,Alto Teles Pires,510008,Sorriso,5103,Sinop
5106224,90646,Nova Mutum,MT,5101,Norte Mato-grossense,51006,Alto Teles Pires,510008,Sorriso,5103,Sinop
5106240,90883,Nova Ubiratã,MT,5101,Norte Mato-grossense,51006,Alto Teles Pires,510008,Sorriso,5103,Sinop
5104526,91081,Ipiranga do Norte,MT,5101,Norte Mato-grossense,51006,Alto Teles Pires,510008,Sorriso,5103,Sinop
5107925,98930,Sorriso,MT,5101,Norte Mato-grossense,51006,Alto Teles Pires,510008,Sorriso,5103,Sinop
5108006,90689,Tapurah,MT,5101,Norte Mato-grossense,51006,Alto Teles Pires,510008,Sorriso,5103,Sinop
5107248,90107,Santa Carmem,MT,5101,Norte Mato-grossense,51007,Sinop,510007,Sinop,5103,Sinop
5103700,90786,Feliz Natal,MT,5101,Norte Mato-grossense,51007,Sinop,510007,Sinop,5103,Sinop
5103056,90522,Cláudia,MT,5101,Norte Mato-grossense,51007,Sinop,510007,Sinop,5103,Sinop
5107909,89850,Sinop,MT,5101,Norte Mato-grossense,51007,Sinop,510007,Sinop,5103,Sinop
5108303,90840,União do Sul,MT,5101,Norte Mato-grossense,51007,Sinop,510007,Sinop,5103,Sinop
5106190,89826,Nova Santa Helena,MT,5101,Norte Mato-grossense,51007,Sinop,510007,Sinop,5103,Sinop
5105580,98710,Marcelândia,MT,5101,Norte Mato-grossense,51007,Sinop,510007,Sinop,5103,Sinop
5104559,98698,Itaúba,MT,5101,Norte Mato-grossense,51007,Sinop,510007,Sinop,5103,Sinop
5108501,98973,Vera,MT,5101,Norte Mato-grossense,51007,Sinop,510008,Sorriso,5103,Sinop
5106455,90344,Planalto da Serra,MT,5101,Norte Mato-grossense,51008,Paranatinga,510001,Cuiabá,5101,Cuiabá
5106208,89818,Nova Brasilândia,MT,5101,Norte Mato-grossense,51008,Paranatinga,510001,Cuiabá,5101,Cuiabá
5103858,90824,Gaúcha do Norte,MT,5101,Norte Mato-grossense,51008,Paranatinga,510015,Água Boa,5104,Barra do Garças
5106307,89834,Paranatinga,MT,5101,Norte Mato-grossense,51008,Paranatinga,510017,Primavera do Leste,5105,Rondonópolis
5106778,98850,Porto Alegre do Norte,MT,5102,Nordeste Mato-grossense,51009,Norte Araguaia,510014,Confresa - Vila Rica,5104,Barra do Garças
5102694,90085,Canabrava do Norte,MT,5102,Nordeste Mato-grossense,51009,Norte Araguaia,510014,Confresa - Vila Rica,5104,Barra do Garças
5108600,98990,Vila Rica,MT,5102,Nordeste Mato-grossense,51009,Norte Araguaia,510014,Confresa - Vila Rica,5104,Barra do Garças
5107743,90980,Santa Cruz do Xingu,MT,5102,Nordeste Mato-grossense,51009,Norte Araguaia,510014,Confresa - Vila Rica,5104,Barra do Garças
5107859,91839,São Félix do Araguaia,MT,5102,Nordeste Mato-grossense,51009,Norte Araguaia,510014,Confresa - Vila Rica,5104,Barra do Garças
5101852,90905,Bom Jesus do Araguaia,MT,5102,Nordeste Mato-grossense,51009,Norte Araguaia,510014,Confresa - Vila Rica,5104,Barra do Garças
5105309,91057,Luciara,MT,5102,Nordeste Mato-grossense,51009,Norte Araguaia,510014,Confresa - Vila Rica,5104,Barra do Garças
5100359,90042,Alto Boa Vista,MT,5102,Nordeste Mato-grossense,51009,Norte Araguaia,510014,Confresa - Vila Rica,5104,Barra do Garças
5106315,90948,Novo Santo Antônio,MT,5102,Nordeste Mato-grossense,51009,Norte Araguaia,510014,Confresa - Vila Rica,5104,Barra do Garças
5107776,91979,Santa Terezinha,MT,5102,Nordeste Mato-grossense,51009,Norte Araguaia,510014,Confresa - Vila Rica,5104,Barra do Garças
5103353,90280,Confresa,MT,5102,Nordeste Mato-grossense,51009,Norte Araguaia,510014,Confresa - Vila Rica,5104,Barra do Garças
5107354,90247,São José do Xingu,MT,5102,Nordeste Mato-grossense,51009,Norte Araguaia,510014,Confresa - Vila Rica,5104,Barra do Garças
5107883,90921,Serra Nova Dourada,MT,5102,Nordeste Mato-grossense,51009,Norte Araguaia,510014,Confresa - Vila Rica,5104,Barra do Garças
5107180,90662,Ribeirão Cascalheira,MT,5102,Nordeste Mato-grossense,51009,Norte Araguaia,510015,Água Boa,5104,Barra do Garças
5106257,91952,Nova Xavantina,MT,5102,Nordeste Mato-grossense,51010,Canarana,510013,Barra do Garças,5104,Barra do Garças
5106281,98779,Novo São Joaquim,MT,5102,Nordeste Mato-grossense,51010,Canarana,510013,Barra do Garças,5104,Barra do Garças
5107065,90069,Querência,MT,5102,Nordeste Mato-grossense,51010,Canarana,510015,Água Boa,5104,Barra do Garças
5100201,91910,Água Boa,MT,5102,Nordeste Mato-grossense,51010,Canarana,510015,Água Boa,5104,Barra do Garças
5102702,91936,Canarana,MT,5102,Nordeste Mato-grossense,51010,Canarana,510015,Água Boa,5104,Barra do Garças
5106174,90964,Nova Nazaré,MT,5102,Nordeste Mato-grossense,51010,Canarana,510015,Água Boa,5104,Barra do Garças
5102603,98655,Campinápolis,MT,5102,Nordeste Mato-grossense,51010,Canarana,510015,Água Boa,5104,Barra do Garças
5107792,89843,Santo Antônio do Leste,MT,5102,Nordeste Mato-grossense,51010,Canarana,510017,Primavera do Leste,5105,Rondonópolis
5101001,98639,Araguaiana,MT,5102,Nordeste Mato-grossense,51011,Médio Araguaia,510013,Barra do Garças,5104,Barra do Garças
5101803,90352,Barra do Garças,MT,5102,Nordeste Mato-grossense,51011,Médio Araguaia,510013,Barra do Garças,5104,Barra do Garças
5103106,98671,Cocalinho,MT,5102,Nordeste Mato-grossense,51011,Médio Araguaia,510015,Água Boa,5104,Barra do Garças
5103361,91006,Conquista D'Oeste,MT,5103,Sudoeste Mato-grossense,51012,Alto Guaporé,510005,Pontes e Lacerda - Comodoro,5102,Cáceres
5108352,91022,Vale de São Domingos,MT,5103,Sudoeste Mato-grossense,51012,Alto Guaporé,510005,Pontes e Lacerda - Comodoro,5102,Cáceres
5106752,89990,Pontes e Lacerda,MT,5103,Sudoeste Mato-grossense,51012,Alto Guaporé,510005,Pontes e Lacerda - Comodoro,5102,Cáceres
5106182,90867,Nova Lacerda,MT,5103,Sudoeste Mato-grossense,51012,Alto Guaporé,510005,Pontes e Lacerda - Comodoro,5102,Cáceres
5105507,91090,Vila Bela da Santíssima Trindade,MT,5103,Sudoeste Mato-grossense,51012,Alto Guaporé,510005,Pontes e Lacerda - Comodoro,5102,Cáceres
5107958,91855,Tangará da Serra,MT,5103,Sudoeste Mato-grossense,51013,Tangará da Serra,510002,Tangará da Serra,5101,Cuiabá
5101704,90336,Barra do Bugres,MT,5103,Sudoeste Mato-grossense,51013,Tangará da Serra,510002,Tangará da Serra,5101,Cuiabá
5106851,90182,Porto Estrela,MT,5103,Sudoeste Mato-grossense,51013,Tangará da Serra,510002,Tangará da Serra,5101,Cuiabá
5103452,98337,Denise,MT,5103,Sudoeste Mato-grossense,51013,Tangará da Serra,510002,Tangará da Serra,5101,Cuiabá
5106232,98736,Nova Olímpia,MT,5103,Sudoeste Mato-grossense,51013,Tangará da Serra,510002,Tangará da Serra,5101,Cuiabá
5105234,90301,Lambari D'Oeste,MT,5103,Sudoeste Mato-grossense,51014,Jauru,510004,Cáceres,5102,Cáceres
5107206,89958,Rio Branco,MT,5103,Sudoeste Mato-grossense,51014,Jauru,510004,Cáceres,5102,Cáceres
5107750,89974,Salto do Céu,MT,5103,Sudoeste Mato-grossense,51014,Jauru,510004,Cáceres,5102,Cáceres
5107156,98914,Reserva do Cabaçal,MT,5103,Sudoeste Mato-grossense,51014,Jauru,510006,Mirassol D'oeste,5102,Cáceres
5106828,98876,Porto Esperidião,MT,5103,Sudoeste Mato-grossense,51014,Jauru,510006,Mirassol D'oeste,5102,Cáceres
5105002,89915,Jauru,MT,5103,Sudoeste Mato-grossense,51014,Jauru,510006,Mirassol D'oeste,5102,Cáceres
5103809,99031,Figueirópolis D'Oeste,MT,5103,Sudoeste Mato-grossense,51014,Jauru,510006,Mirassol D'oeste,5102,Cáceres
5107107,89931,São José dos Quatro Marcos,MT,5103,Sudoeste Mato-grossense,51014,Jauru,510006,Mirassol D'oeste,5102,Cáceres
5104500,99074,Indiavaí,MT,5103,Sudoeste Mato-grossense,51014,Jauru,510006,Mirassol D'oeste,5102,Cáceres
5103957,90204,Glória D'Oeste,MT,5103,Sudoeste Mato-grossense,51014,Jauru,510006,Mirassol D'oeste,5102,Cáceres
5101258,89893,Araputanga,MT,5103,Sudoeste Mato-grossense,51014,Jauru,510006,Mirassol D'oeste,5102,Cáceres
5105622,91774,Mirassol d'Oeste,MT,5103,Sudoeste Mato-grossense,51014,Jauru,510006,Mirassol D'oeste,5102,Cáceres
5106000,91197,Nortelândia,MT,5104,Centro-Sul Mato-grossense,51015,Alto Paraguai,510003,Diamantino,5101,Cuiabá
5108857,90166,Nova Marilândia,MT,5104,Centro-Sul Mato-grossense,51015,Alto Paraguai,510003,Diamantino,5101,Cuiabá
5107263,90328,Santo Afonso,MT,5104,Centro-Sul Mato-grossense,51015,Alto Paraguai,510003,Diamantino,5101,Cuiabá
5100508,90093,Alto Paraguai,MT,5104,Centro-Sul Mato-grossense,51015,Alto Paraguai,510003,Diamantino,5101,Cuiabá
5101308,90255,Arenápolis,MT,5104,Centro-Sul Mato-grossense,51015,Alto Paraguai,510003,Diamantino,5101,Cuiabá
5107701,91537,Rosário Oeste,MT,5104,Centro-Sul Mato-grossense,51016,Rosário Oeste,510001,Cuiabá,5101,Cuiabá
5100102,90018,Acorizal,MT,5104,Centro-Sul Mato-grossense,51016,Rosário Oeste,510001,Cuiabá,5101,Cuiabá
5104906,90565,Jangada,MT,5104,Centro-Sul Mato-grossense,51016,Rosário Oeste,510001,Cuiabá,5101,Cuiabá
5103403,90670,Cuiabá,MT,5104,Centro-Sul Mato-grossense,51017,Cuiabá,510001,Cuiabá,5101,Cuiabá
5108402,91677,Várzea Grande,MT,5104,Centro-Sul Mato-grossense,51017,Cuiabá,510001,Cuiabá,5101,Cuiabá
5103007,90590,Chapada dos Guimarães,MT,5104,Centro-Sul Mato-grossense,51017,Cuiabá,510001,Cuiabá,5101,Cuiabá
5106109,91219,Nossa Senhora do Livramento,MT,5104,Centro-Sul Mato-grossense,51017,Cuiabá,510001,Cuiabá,5101,Cuiabá
5107800,91553,Santo Antônio do Leverger,MT,5104,Centro-Sul Mato-grossense,51017,Cuiabá,510001,Cuiabá,5101,Cuiabá
5101605,90310,Barão de Melgaço,MT,5104,Centro-Sul Mato-grossense,51018,Alto Pantanal,510001,Cuiabá,5101,Cuiabá
5106505,91294,Poconé,MT,5104,Centro-Sul Mato-grossense,51018,Alto Pantanal,510001,Cuiabá,5101,Cuiabá
5102504,90476,Cáceres,MT,5104,Centro-Sul Mato-grossense,51018,Alto Pantanal,510004,Cáceres,5102,Cáceres
5103437,89800,Curvelândia,MT,5104,Centro-Sul Mato-grossense,51018,Alto Pantanal,510004,Cáceres,5102,Cáceres
5102678,90506,Campo Verde,MT,5105,Sudeste Mato-grossense,51019,Primavera do Leste,510001,Cuiabá,5101,Cuiabá
5107040,98892,Primavera do Leste,MT,5105,Sudeste Mato-grossense,51019,Primavera do Leste,510017,Primavera do Leste,5105,Rondonópolis
5103908,90778,General Carneiro,MT,5105,Sudeste Mato-grossense,51020,Tesouro,510013,Barra do Garças,5104,Barra do Garças
5108204,91634,Torixoréu,MT,5105,Sudeste Mato-grossense,51020,Tesouro,510013,Barra do Garças,5104,Barra do Garças
5107198,90441,Ribeirãozinho,MT,5105,Sudeste Mato-grossense,51020,Tesouro,510013,Barra do Garças,5104,Barra do Garças
5106653,90700,Pontal do Araguaia,MT,5105,Sudeste Mato-grossense,51020,Tesouro,510013,Barra do Garças,5104,Barra do Garças
5106703,91332,Ponte Branca,MT,5105,Sudeste Mato-grossense,51020,Tesouro,510013,Barra do Garças,5104,Barra do Garças
5104203,90832,Guiratinga,MT,5105,Sudeste Mato-grossense,51020,Tesouro,510016,Rondonópolis,5105,Rondonópolis
5108105,91618,Tesouro,MT,5105,Sudeste Mato-grossense,51020,Tesouro,510016,Rondonópolis,5105,Rondonópolis
5101209,90239,Araguainha,MT,5105,Sudeste Mato-grossense,51020,Tesouro,510016,Rondonópolis,5105,Rondonópolis
5107008,91391,Poxoréo,MT,5105,Sudeste Mato-grossense,51020,Tesouro,510017,Primavera do Leste,5105,Rondonópolis
5107297,90026,São José do Povo,MT,5105,Sudeste Mato-grossense,51021,Rondonópolis,510016,Rondonópolis,5105,Rondonópolis
5106372,91812,Pedra Preta,MT,5105,Sudeste Mato-grossense,51021,Rondonópolis,510016,Rondonópolis,5105,Rondonópolis
5107602,91510,Rondonópolis,MT,5105,Sudeste Mato-grossense,51021,Rondonópolis,510016,Rondonópolis,5105,Rondonópolis
5104609,90913,Itiquira,MT,5105,Sudeste Mato-grossense,51021,Rondonópolis,510016,Rondonópolis,5105,Rondonópolis
5105200,91898,Juscimeira,MT,5105,Sudeste Mato-grossense,51021,Rondonópolis,510018,Jaciara,5105,Rondonópolis
5107404,90409,São Pedro da Cipa,MT,5105,Sudeste Mato-grossense,51021,Rondonópolis,510018,Jaciara,5105,Rondonópolis
5103601,90719,Dom Aquino,MT,5105,Sudeste Mato-grossense,51021,Rondonópolis,510018,Jaciara,5105,Rondonópolis
5104807,90956,Jaciara,MT,5105,Sudeste Mato-grossense,51021,Rondonópolis,510018,Jaciara,5105,Rondonópolis
5100300,90050,Alto Araguaia,MT,5105,Sudeste Mato-grossense,51022,Alto Araguaia,510016,Rondonópolis,5105,Rondonópolis
5100409,90077,Alto Garças,MT,5105,Sudeste Mato-grossense,51022,Alto Araguaia,510016,Rondonópolis,5105,Rondonópolis
5100607,98612,Alto Taquari,MT,5105,Sudeste Mato-grossense,51022,Alto Araguaia,510016,Rondonópolis,5105,Rondonópolis
5214838,96539,Nova Crixás,GO,5201,Noroeste Goiano,52001,São Miguel do Araguaia,520005,Goiás - Itapuranga,5201,Goiânia
5214002,94773,Mozarlândia,GO,5201,Noroeste Goiano,52001,São Miguel do Araguaia,520005,Goiás - Itapuranga,5201,Goiânia
5215256,92444,Novo Planalto,GO,5201,Noroeste Goiano,52001,São Miguel do Araguaia,520016,Porangatu,5205,Porangatu - Uruaçu
5220207,96016,São Miguel do Araguaia,GO,5201,Noroeste Goiano,52001,São Miguel do Araguaia,520016,Porangatu,5205,Porangatu - Uruaçu
5214051,96512,Mundo Novo,GO,5201,Noroeste Goiano,52001,São Miguel do Araguaia,520016,Porangatu,5205,Porangatu - Uruaçu
5221577,93246,Uirapuru,GO,5201,Noroeste Goiano,52001,São Miguel do Araguaia,520018,Ceres - Rialma - Goianésia,5205,Porangatu - Uruaçu
5206404,93297,Crixás,GO,5201,Noroeste Goiano,52001,São Miguel do Araguaia,520018,Ceres - Rialma - Goianésia,5205,Porangatu - Uruaçu
5212956,92320,Matrinchã,GO,5201,Noroeste Goiano,52002,Rio Vermelho,520005,Goiás - Itapuranga,5201,Goiânia
5202502,92495,Aruanã,GO,5201,Noroeste Goiano,52002,Rio Vermelho,520005,Goiás - Itapuranga,5201,Goiânia
5208905,93777,Goiás,GO,5201,Noroeste Goiano,52002,Rio Vermelho,520005,Goiás - Itapuranga,5201,Goiânia
5207535,92223,Faina,GO,5201,Noroeste Goiano,52002,Rio Vermelho,520005,Goiás - Itapuranga,5201,Goiânia
5203807,92754,Britânia,GO,5201,Noroeste Goiano,52002,Rio Vermelho,520005,Goiás - Itapuranga,5201,Goiânia
5219258,92568,Santa Fé de Goiás,GO,5201,Noroeste Goiano,52002,Rio Vermelho,520005,Goiás - Itapuranga,5201,Goiânia
5202155,96695,Araguapaz,GO,5201,Noroeste Goiano,52002,Rio Vermelho,520005,Goiás - Itapuranga,5201,Goiânia
5211008,94153,Itapirapuã,GO,5201,Noroeste Goiano,52002,Rio Vermelho,520005,Goiás - Itapuranga,5201,Goiânia
5212204,94390,Jussara,GO,5201,Noroeste Goiano,52002,Rio Vermelho,520005,Goiás - Itapuranga,5201,Goiânia
5207105,93432,Diorama,GO,5201,Noroeste Goiano,52003,Aragarças,520014,Iporá,5204,São Luís de Montes Belos - Iporá
5202353,96717,Arenópolis,GO,5201,Noroeste Goiano,52003,Aragarças,520014,Iporá,5204,São Luís de Montes Belos - Iporá
5217203,95419,Piranhas,GO,5201,Noroeste Goiano,52003,Aragarças,520014,Iporá,5204,São Luís de Montes Belos - Iporá
5213707,94714,Montes Claros de Goiás,GO,5201,Noroeste Goiano,52003,Aragarças,520014,Iporá,5204,São Luís de Montes Belos - Iporá
5203401,92673,Bom Jardim de Goiás,GO,5201,Noroeste Goiano,52003,Aragarças,520014,Iporá,5204,São Luís de Montes Belos - Iporá
5203104,92614,Baliza,GO,5201,Noroeste Goiano,52003,Aragarças,520014,Iporá,5204,São Luís de Montes Belos - Iporá
5201702,92339,Aragarças,GO,5201,Noroeste Goiano,52003,Aragarças,520014,Iporá,5204,São Luís de Montes Belos - Iporá
5204656,96873,Campinaçu,GO,5202,Norte Goiano,52004,Porangatu,520016,Porangatu,5205,Porangatu - Uruaçu
5214101,94790,Mutunópolis,GO,5202,Norte Goiano,52004,Porangatu,520016,Porangatu,5205,Porangatu - Uruaçu
5213087,96474,Minaçu,GO,5202,Norte Goiano,52004,Porangatu,520016,Porangatu,5205,Porangatu - Uruaçu
5208103,93637,Formoso,GO,5202,Norte Goiano,52004,Porangatu,520016,Porangatu,5205,Porangatu - Uruaçu
5213772,93181,Montividiu do Norte,GO,5202,Norte Goiano,52004,Porangatu,520016,Porangatu,5205,Porangatu - Uruaçu
5219605,95877,Santa Tereza de Goiás,GO,5202,Norte Goiano,52004,Porangatu,520016,Porangatu,5205,Porangatu - Uruaçu
5218003,95559,Porangatu,GO,5202,Norte Goiano,52004,Porangatu,520016,Porangatu,5205,Porangatu - Uruaçu
5207501,93513,Estrela do Norte,GO,5202,Norte Goiano,52004,Porangatu,520016,Porangatu,5205,Porangatu - Uruaçu
5221452,92789,Trombas,GO,5202,Norte Goiano,52004,Porangatu,520016,Porangatu,5205,Porangatu - Uruaçu
5203575,93408,Bonópolis,GO,5202,Norte Goiano,52004,Porangatu,520016,Porangatu,5205,Porangatu - Uruaçu
5221601,96334,Uruaçu,GO,5202,Norte Goiano,52004,Porangatu,520017,Uruaçu - Niquelândia,5205,Porangatu - Uruaçu
5200555,92940,Alto Horizonte,GO,5202,Norte Goiano,52004,Porangatu,520017,Uruaçu - Niquelândia,5205,Porangatu - Uruaçu
5214879,93084,Nova Iguaçu de Goiás,GO,5202,Norte Goiano,52004,Porangatu,520017,Uruaçu - Niquelândia,5205,Porangatu - Uruaçu
5214606,94897,Niquelândia,GO,5202,Norte Goiano,52004,Porangatu,520017,Uruaçu - Niquelândia,5205,Porangatu - Uruaçu
5204706,92932,Campinorte,GO,5202,Norte Goiano,52004,Porangatu,520017,Uruaçu - Niquelândia,5205,Porangatu - Uruaçu
5200829,93386,Amaralina,GO,5202,Norte Goiano,52004,Porangatu,520017,Uruaçu - Niquelândia,5205,Porangatu - Uruaçu
5212808,94510,Mara Rosa,GO,5202,Norte Goiano,52004,Porangatu,520017,Uruaçu - Niquelândia,5205,Porangatu - Uruaçu
5219704,95893,Santa Terezinha de Goiás,GO,5202,Norte Goiano,52004,Porangatu,520018,Ceres - Rialma - Goianésia,5205,Porangatu - Uruaçu
5204953,92061,Campos Verdes,GO,5202,Norte Goiano,52004,Porangatu,520018,Ceres - Rialma - Goianésia,5205,Porangatu - Uruaçu
5205521,92126,Colinas do Sul,GO,5202,Norte Goiano,52005,Chapada dos Veadeiros,520017,Uruaçu - Niquelândia,5205,Porangatu - Uruaçu
5213509,94676,Monte Alegre de Goiás,GO,5202,Norte Goiano,52005,Chapada dos Veadeiros,520021,Posse-Campos Belos,5206,Luziânia - Águas Lindas de Goiás
5214903,94951,Nova Roma,GO,5202,Norte Goiano,52005,Chapada dos Veadeiros,520021,Posse-Campos Belos,5206,Luziânia - Águas Lindas de Goiás
5204904,92975,Campos Belos,GO,5202,Norte Goiano,52005,Chapada dos Veadeiros,520021,Posse-Campos Belos,5206,Luziânia - Águas Lindas de Goiás
5205307,93050,Cavalcante,GO,5202,Norte Goiano,52005,Chapada dos Veadeiros,520022,Flores de Goiás,5206,Luziânia - Águas Lindas de Goiás
5220009,95974,São João d'Aliança,GO,5202,Norte Goiano,52005,Chapada dos Veadeiros,520022,Flores de Goiás,5206,Luziânia - Águas Lindas de Goiás
5200605,92118,Alto Paraíso de Goiás,GO,5202,Norte Goiano,52005,Chapada dos Veadeiros,520022,Flores de Goiás,5206,Luziânia - Águas Lindas de Goiás
5221080,92762,Teresina de Goiás,GO,5202,Norte Goiano,52005,Chapada dos Veadeiros,520022,Flores de Goiás,5206,Luziânia - Águas Lindas de Goiás
5209291,93149,Guaraíta,GO,5203,Centro Goiano,52006,Ceres,520005,Goiás - Itapuranga,5201,Goiânia
5211206,94196,Itapuranga,GO,5203,Centro Goiano,52006,Ceres,520005,Goiás - Itapuranga,5201,Goiânia
5220157,92649,São Luíz do Norte,GO,5203,Centro Goiano,52006,Ceres,520017,Uruaçu - Niquelândia,5205,Porangatu - Uruaçu
5209804,93912,Hidrolina,GO,5203,Centro Goiano,52006,Ceres,520017,Uruaçu - Niquelândia,5205,Porangatu - Uruaçu
5214861,96555,Nova Glória,GO,5203,Centro Goiano,52006,Ceres,520018,Ceres - Rialma - Goianésia,5205,Porangatu - Uruaçu
5210901,94137,Itapaci,GO,5203,Centro Goiano,52006,Ceres,520018,Ceres - Rialma - Goianésia,5205,Porangatu - Uruaçu
5218904,95737,Rubiataba,GO,5203,Centro Goiano,52006,Ceres,520018,Ceres - Rialma - Goianésia,5205,Porangatu - Uruaçu
5214705,94919,Nova América,GO,5203,Centro Goiano,52006,Ceres,520018,Ceres - Rialma - Goianésia,5205,Porangatu - Uruaçu
5219357,96890,Santa Isabel,GO,5203,Centro Goiano,52006,Ceres,520018,Ceres - Rialma - Goianésia,5205,Porangatu - Uruaçu
5216908,95354,Pilar de Goiás,GO,5203,Centro Goiano,52006,Ceres,520018,Ceres - Rialma - Goianésia,5205,Porangatu - Uruaçu
5219456,93440,Santa Rita do Novo Destino,GO,5203,Centro Goiano,52006,Ceres,520018,Ceres - Rialma - Goianésia,5205,Porangatu - Uruaçu
5221700,96350,Uruana,GO,5203,Centro Goiano,52006,Ceres,520018,Ceres - Rialma - Goianésia,5205,Porangatu - Uruaçu
5210158,93548,Ipiranga de Goiás,GO,5203,Centro Goiano,52006,Ceres,520018,Ceres - Rialma - Goianésia,5205,Porangatu - Uruaçu
5218706,95672,Rianápolis,GO,5203,Centro Goiano,52006,Ceres,520018,Ceres - Rialma - Goianésia,5205,Porangatu - Uruaçu
5213855,92169,Morro Agudo de Goiás,GO,5203,Centro Goiano,52006,Ceres,520018,Ceres - Rialma - Goianésia,5205,Porangatu - Uruaçu
5205406,93076,Ceres,GO,5203,Centro Goiano,52006,Ceres,520018,Ceres - Rialma - Goianésia,5205,Porangatu - Uruaçu
5203203,92630,Barro Alto,GO,5203,Centro Goiano,52006,Ceres,520018,Ceres - Rialma - Goianésia,5205,Porangatu - Uruaçu
5209457,92860,Guarinos,GO,5203,Centro Goiano,52006,Ceres,520018,Ceres - Rialma - Goianésia,5205,Porangatu - Uruaçu
5205000,92991,Carmo do Rio Verde,GO,5203,Centro Goiano,52006,Ceres,520018,Ceres - Rialma - Goianésia,5205,Porangatu - Uruaçu
5218607,95656,Rialma,GO,5203,Centro Goiano,52006,Ceres,520018,Ceres - Rialma - Goianésia,5205,Porangatu - Uruaçu
5220280,93483,São Patrício,GO,5203,Centro Goiano,52006,Ceres,520018,Ceres - Rialma - Goianésia,5205,Porangatu - Uruaçu
5208608,93718,Goianésia,GO,5203,Centro Goiano,52006,Ceres,520018,Ceres - Rialma - Goianésia,5205,Porangatu - Uruaçu
5203609,92711,Brazabrantes,GO,5203,Centro Goiano,52007,Anápolis,520001,Goiânia,5201,Goiânia
5215009,94978,Nova Veneza,GO,5203,Centro Goiano,52007,Anápolis,520001,Goiânia,5201,Goiânia
5205208,93033,Caturaí,GO,5203,Centro Goiano,52007,Anápolis,520001,Goiânia,5201,Goiânia
5212055,92983,Jesúpolis,GO,5203,Centro Goiano,52007,Anápolis,520002,Anápolis,5201,Goiânia
5211800,94315,Jaraguá,GO,5203,Centro Goiano,52007,Anápolis,520002,Anápolis,5201,Goiânia
5219506,95850,Santa Rosa de Goiás,GO,5203,Centro Goiano,52007,Anápolis,520002,Anápolis,5201,Goiânia
5204854,93580,Campo Limpo de Goiás,GO,5203,Centro Goiano,52007,Anápolis,520002,Anápolis,5201,Goiânia
5219902,95931,São Francisco de Goiás,GO,5203,Centro Goiano,52007,Anápolis,520002,Anápolis,5201,Goiânia
5216809,95311,Petrolina de Goiás,GO,5203,Centro Goiano,52007,Anápolis,520002,Anápolis,5201,Goiânia
5215405,95052,Ouro Verde de Goiás,GO,5203,Centro Goiano,52007,Anápolis,520002,Anápolis,5201,Goiânia
5201108,92215,Anápolis,GO,5203,Centro Goiano,52007,Anápolis,520002,Anápolis,5201,Goiânia
5210000,93955,Inhumas,GO,5203,Centro Goiano,52007,Anápolis,520003,Inhumas - Itaberaí - Anicuns,5201,Goiânia
5209606,93874,Heitoraí,GO,5203,Centro Goiano,52007,Anápolis,520003,Inhumas - Itaberaí - Anicuns,5201,Goiânia
5201603,92312,Araçu,GO,5203,Centro Goiano,52007,Anápolis,520003,Inhumas - Itaberaí - Anicuns,5201,Goiânia
5210604,94072,Itaguaru,GO,5203,Centro Goiano,52007,Anápolis,520003,Inhumas - Itaberaí - Anicuns,5201,Goiânia
5210406,94030,Itaberaí,GO,5203,Centro Goiano,52007,Anápolis,520003,Inhumas - Itaberaí - Anicuns,5201,Goiânia
5206800,93378,Damolândia,GO,5203,Centro Goiano,52007,Anápolis,520003,Inhumas - Itaberaí - Anicuns,5201,Goiânia
5210562,92282,Itaguari,GO,5203,Centro Goiano,52007,Anápolis,520003,Inhumas - Itaberaí - Anicuns,5201,Goiânia
5211404,94234,Itauçu,GO,5203,Centro Goiano,52007,Anápolis,520003,Inhumas - Itaberaí - Anicuns,5201,Goiânia
5221007,96172,Taquaral de Goiás,GO,5203,Centro Goiano,52007,Anápolis,520003,Inhumas - Itaberaí - Anicuns,5201,Goiânia
5215207,95010,Novo Brasil,GO,5203,Centro Goiano,52008,Iporá,520005,Goiás - Itapuranga,5201,Goiânia
5211602,94277,Ivolândia,GO,5203,Centro Goiano,52008,Iporá,520013,São Luís de Montes Belos,5204,São Luís de Montes Belos - Iporá
5204201,92835,Cachoeira de Goiás,GO,5203,Centro Goiano,52008,Iporá,520013,São Luís de Montes Belos,5204,São Luís de Montes Belos - Iporá
5205703,93157,Córrego do Ouro,GO,5203,Centro Goiano,52008,Iporá,520013,São Luís de Montes Belos,5204,São Luís de Montes Belos - Iporá
5207600,93530,Fazenda Nova,GO,5203,Centro Goiano,52008,Iporá,520013,São Luís de Montes Belos,5204,São Luís de Montes Belos - Iporá
5213400,94650,Moiporá,GO,5203,Centro Goiano,52008,Iporá,520013,São Luís de Montes Belos,5204,São Luís de Montes Belos - Iporá
5200902,92177,Amorinópolis,GO,5203,Centro Goiano,52008,Iporá,520014,Iporá,5204,São Luís de Montes Belos - Iporá
5210307,94013,Israelândia,GO,5203,Centro Goiano,52008,Iporá,520014,Iporá,5204,São Luís de Montes Belos - Iporá
5210208,93998,Iporá,GO,5203,Centro Goiano,52008,Iporá,520014,Iporá,5204,São Luís de Montes Belos - Iporá
5212006,94358,Jaupaci,GO,5203,Centro Goiano,52008,Iporá,520014,Iporá,5204,São Luís de Montes Belos - Iporá
5202809,92550,Avelinópolis,GO,5203,Centro Goiano,52009,Anicuns,520003,Inhumas - Itaberaí - Anicuns,5201,Goiânia
5201306,92258,Anicuns,GO,5203,Centro Goiano,52009,Anicuns,520003,Inhumas - Itaberaí - Anicuns,5201,Goiânia
5200852,96610,Americano do Brasil,GO,5203,Centro Goiano,52009,Anicuns,520003,Inhumas - Itaberaí - Anicuns,5201,Goiânia
5200159,96911,Adelândia,GO,5203,Centro Goiano,52009,Anicuns,520003,Inhumas - Itaberaí - Anicuns,5201,Goiânia
5213905,94757,Mossâmedes,GO,5203,Centro Goiano,52009,Anicuns,520005,Goiás - Itapuranga,5201,Goiânia
5202601,92517,Aurilândia,GO,5203,Centro Goiano,52009,Anicuns,520013,São Luís de Montes Belos,5204,São Luís de Montes Belos - Iporá
5219001,95753,Sanclerlândia,GO,5203,Centro Goiano,52009,Anicuns,520013,São Luís de Montes Belos,5204,São Luís de Montes Belos - Iporá
5220108,95990,São Luís de Montes Belos,GO,5203,Centro Goiano,52009,Anicuns,520013,São Luís de Montes Belos,5204,São Luís de Montes Belos - Iporá
5203939,93106,Buriti de Goiás,GO,5203,Centro Goiano,52009,Anicuns,520013,São Luís de Montes Belos,5204,São Luís de Montes Belos - Iporá
5214408,94854,Nazário,GO,5203,Centro Goiano,52009,Anicuns,520015,Palmeiras de Goiás,5204,São Luís de Montes Belos - Iporá
5221502,96318,Turvânia,GO,5203,Centro Goiano,52009,Anicuns,520015,Palmeiras de Goiás,5204,São Luís de Montes Belos - Iporá
5219100,95770,Santa Bárbara de Goiás,GO,5203,Centro Goiano,52009,Anicuns,520015,Palmeiras de Goiás,5204,São Luís de Montes Belos - Iporá
5207808,93572,Firminópolis,GO,5203,Centro Goiano,52009,Anicuns,520015,Palmeiras de Goiás,5204,São Luís de Montes Belos - Iporá
5219738,92908,Santo Antônio de Goiás,GO,5203,Centro Goiano,52010,Goiânia,520001,Goiânia,5201,Goiânia
5220454,92703,Senador Canedo,GO,5203,Centro Goiano,52010,Goiânia,520001,Goiânia,5201,Goiânia
5201405,92274,Aparecida de Goiânia,GO,5203,Centro Goiano,52010,Goiânia,520001,Goiânia,5201,Goiânia
5203559,92029,Bonfinópolis,GO,5203,Centro Goiano,52010,Goiânia,520001,Goiânia,5201,Goiânia
5203302,92657,Bela Vista de Goiás,GO,5203,Centro Goiano,52010,Goiânia,520001,Goiânia,5201,Goiânia
5208806,93750,Goianira,GO,5203,Centro Goiano,52010,Goiânia,520001,Goiânia,5201,Goiânia
5209200,93815,Guapó,GO,5203,Centro Goiano,52010,Goiânia,520001,Goiânia,5201,Goiânia
5200050,93360,Abadia de Goiás,GO,5203,Centro Goiano,52010,Goiânia,520001,Goiânia,5201,Goiânia
5221403,96253,Trindade,GO,5203,Centro Goiano,52010,Goiânia,520001,Goiânia,5201,Goiânia
5214507,94870,Nerópolis,GO,5203,Centro Goiano,52010,Goiânia,520001,Goiânia,5201,Goiânia
5221197,93220,Terezópolis de Goiás,GO,5203,Centro Goiano,52010,Goiânia,520001,Goiânia,5201,Goiânia
5209705,93890,Hidrolândia,GO,5203,Centro Goiano,52010,Goiânia,520001,Goiânia,5201,Goiânia
5201801,92355,Aragoiânia,GO,5203,Centro Goiano,52010,Goiânia,520001,Goiânia,5201,Goiânia
5204557,93122,Caldazinha,GO,5203,Centro Goiano,52010,Goiânia,520001,Goiânia,5201,Goiânia
5208707,93734,Goiânia,GO,5203,Centro Goiano,52010,Goiânia,520001,Goiânia,5201,Goiânia
5212303,94439,Leopoldo de Bulhões,GO,5203,Centro Goiano,52010,Goiânia,520002,Anápolis,5201,Goiânia
5208400,93670,Goianápolis,GO,5203,Centro Goiano,52010,Goiânia,520002,Anápolis,5201,Goiânia
5209903,93939,Iaciara,GO,5204,Leste Goiano,52011,Vão do Paranã,520021,Posse-Campos Belos,5206,Luziânia - Águas Lindas de Goiás
5208301,93092,Divinópolis de Goiás,GO,5204,Leste Goiano,52011,Vão do Paranã,520021,Posse-Campos Belos,5206,Luziânia - Águas Lindas de Goiás
5220686,92720,Simolândia,GO,5204,Leste Goiano,52011,Vão do Paranã,520021,Posse-Campos Belos,5206,Luziânia - Águas Lindas de Goiás
5209408,93831,Guarani de Goiás,GO,5204,Leste Goiano,52011,Vão do Paranã,520021,Posse-Campos Belos,5206,Luziânia - Águas Lindas de Goiás
5219803,95915,São Domingos,GO,5204,Leste Goiano,52011,Vão do Paranã,520021,Posse-Campos Belos,5206,Luziânia - Águas Lindas de Goiás
5200803,92150,Alvorada do Norte,GO,5204,Leste Goiano,52011,Vão do Paranã,520021,Posse-Campos Belos,5206,Luziânia - Águas Lindas de Goiás
5203962,93262,Buritinópolis,GO,5204,Leste Goiano,52011,Vão do Paranã,520021,Posse-Campos Belos,5206,Luziânia - Águas Lindas de Goiás
5206701,93351,Damianópolis,GO,5204,Leste Goiano,52011,Vão do Paranã,520021,Posse-Campos Belos,5206,Luziânia - Águas Lindas de Goiás
5212709,94498,Mambaí,GO,5204,Leste Goiano,52011,Vão do Paranã,520021,Posse-Campos Belos,5206,Luziânia - Águas Lindas de Goiás
5220702,96113,Sítio d'Abadia,GO,5204,Leste Goiano,52011,Vão do Paranã,520021,Posse-Campos Belos,5206,Luziânia - Águas Lindas de Goiás
5218300,95613,Posse,GO,5204,Leste Goiano,52011,Vão do Paranã,520021,Posse-Campos Belos,5206,Luziânia - Águas Lindas de Goiás
5207907,93599,Flores de Goiás,GO,5204,Leste Goiano,52011,Vão do Paranã,520022,Flores de Goiás,5206,Luziânia - Águas Lindas de Goiás
5200308,92053,Alexânia,GO,5204,Leste Goiano,52012,Entorno de Brasília,520002,Anápolis,5201,Goiânia
5217302,95435,Pirenópolis,GO,5204,Leste Goiano,52012,Entorno de Brasília,520002,Anápolis,5201,Goiânia
5205802,93173,Corumbá de Goiás,GO,5204,Leste Goiano,52012,Entorno de Brasília,520002,Anápolis,5201,Goiânia
5200100,92010,Abadiânia,GO,5204,Leste Goiano,52012,Entorno de Brasília,520002,Anápolis,5201,Goiânia
5222302,93505,Vila Propício,GO,5204,Leste Goiano,52012,Entorno de Brasília,520018,Ceres - Rialma - Goianésia,5205,Porangatu - Uruaçu
5215231,93327,Novo Gama,GO,5204,Leste Goiano,52012,Entorno de Brasília,520019,Luziânia,5206,Luziânia - Águas Lindas de Goiás
5221858,93300,Valparaíso de Goiás,GO,5204,Leste Goiano,52012,Entorno de Brasília,520019,Luziânia,5206,Luziânia - Águas Lindas de Goiás
5212501,94455,Luziânia,GO,5204,Leste Goiano,52012,Entorno de Brasília,520019,Luziânia,5206,Luziânia - Águas Lindas de Goiás
5205497,93025,Cidade Ocidental,GO,5204,Leste Goiano,52012,Entorno de Brasília,520019,Luziânia,5206,Luziânia - Águas Lindas de Goiás
5219753,96776,Santo Antônio do Descoberto,GO,5204,Leste Goiano,52012,Entorno de Brasília,520019,Luziânia,5206,Luziânia - Águas Lindas de Goiás
5206206,93254,Cristalina,GO,5204,Leste Goiano,52012,Entorno de Brasília,520019,Luziânia,5206,Luziânia - Águas Lindas de Goiás
5204003,92797,Cabeceiras,GO,5204,Leste Goiano,52012,Entorno de Brasília,520020,Águas Lindas de Goiás,5206,Luziânia - Águas Lindas de Goiás
5213053,92347,Mimoso de Goiás,GO,5204,Leste Goiano,52012,Entorno de Brasília,520020,Águas Lindas de Goiás,5206,Luziânia - Águas Lindas de Goiás
5208004,93610,Formosa,GO,5204,Leste Goiano,52012,Entorno de Brasília,520020,Águas Lindas de Goiás,5206,Luziânia - Águas Lindas de Goiás
5200258,93343,Águas Lindas de Goiás,GO,5204,Leste Goiano,52012,Entorno de Brasília,520020,Águas Lindas de Goiás,5206,Luziânia - Águas Lindas de Goiás
5205513,92886,Cocalzinho de Goiás,GO,5204,Leste Goiano,52012,Entorno de Brasília,520020,Águas Lindas de Goiás,5206,Luziânia - Águas Lindas de Goiás
5215603,95095,Padre Bernardo,GO,5204,Leste Goiano,52012,Entorno de Brasília,520020,Águas Lindas de Goiás,5206,Luziânia - Águas Lindas de Goiás
5217609,95958,Planaltina,GO,5204,Leste Goiano,52012,Entorno de Brasília,520020,Águas Lindas de Goiás,5206,Luziânia - Águas Lindas de Goiás
5222203,93289,Vila Boa,GO,5204,Leste Goiano,52012,Entorno de Brasília,520022,Flores de Goiás,5206,Luziânia - Águas Lindas de Goiás
5200175,96938,Água Fria de Goiás,GO,5204,Leste Goiano,52012,Entorno de Brasília,520022,Flores de Goiás,5206,Luziânia - Águas Lindas de Goiás
5205059,92967,Castelândia,GO,5205,Sul Goiano,52013,Sudoeste de Goiás,520010,Rio Verde,5203,Rio Verde
5219308,95818,Santa Helena de Goiás,GO,5205,Sul Goiano,52013,Sudoeste de Goiás,520010,Rio Verde,5203,Rio Verde
5213756,92363,Montividiu,GO,5205,Sul Goiano,52013,Sudoeste de Goiás,520010,Rio Verde,5203,Rio Verde
5218805,95710,Rio Verde,GO,5205,Sul Goiano,52013,Sudoeste de Goiás,520010,Rio Verde,5203,Rio Verde
5201454,93009,Aparecida do Rio Doce,GO,5205,Sul Goiano,52013,Sudoeste de Goiás,520010,Rio Verde,5203,Rio Verde
5213004,94579,Maurilândia,GO,5205,Sul Goiano,52013,Sudoeste de Goiás,520010,Rio Verde,5203,Rio Verde
5219712,93203,Santo Antônio da Barra,GO,5205,Sul Goiano,52013,Sudoeste de Goiás,520010,Rio Verde,5203,Rio Verde
5218102,95575,Portelândia,GO,5205,Sul Goiano,52013,Sudoeste de Goiás,520011,Jataí-Mineiros,5203,Rio Verde
5201504,92290,Aporé,GO,5205,Sul Goiano,52013,Sudoeste de Goiás,520011,Jataí-Mineiros,5203,Rio Verde
5211909,94331,Jataí,GO,5205,Sul Goiano,52013,Sudoeste de Goiás,520011,Jataí-Mineiros,5203,Rio Verde
5219407,95834,Santa Rita do Araguaia,GO,5205,Sul Goiano,52013,Sudoeste de Goiás,520011,Jataí-Mineiros,5203,Rio Verde
5216452,93068,Perolândia,GO,5205,Sul Goiano,52013,Sudoeste de Goiás,520011,Jataí-Mineiros,5203,Rio Verde
5213103,94595,Mineiros,GO,5205,Sul Goiano,52013,Sudoeste de Goiás,520011,Jataí-Mineiros,5203,Rio Verde
5204409,92878,Caiapônia,GO,5205,Sul Goiano,52013,Sudoeste de Goiás,520011,Jataí-Mineiros,5203,Rio Verde
5207253,96750,Doverlândia,GO,5205,Sul Goiano,52013,Sudoeste de Goiás,520011,Jataí-Mineiros,5203,Rio Verde
5220504,96075,Serranópolis,GO,5205,Sul Goiano,52013,Sudoeste de Goiás,520011,Jataí-Mineiros,5203,Rio Verde
5205471,92924,Chapadão do Céu,GO,5205,Sul Goiano,52013,Sudoeste de Goiás,520011,Jataí-Mineiros,5203,Rio Verde
5215652,92460,Palestina de Goiás,GO,5205,Sul Goiano,52013,Sudoeste de Goiás,520014,Iporá,5204,São Luís de Montes Belos - Iporá
5221908,96393,Varjão,GO,5205,Sul Goiano,52014,Vale do Rio dos Bois,520001,Goiânia,5201,Goiânia
5207352,92207,Edealina,GO,5205,Sul Goiano,52014,Vale do Rio dos Bois,520009,Piracanjuba,5202,Itumbiara
5221551,92800,Turvelândia,GO,5205,Sul Goiano,52014,Vale do Rio dos Bois,520010,Rio Verde,5203,Rio Verde
5207402,93491,Edéia,GO,5205,Sul Goiano,52014,Vale do Rio dos Bois,520015,Palmeiras de Goiás,5204,São Luís de Montes Belos - Iporá
5215900,95150,Palminópolis,GO,5205,Sul Goiano,52014,Vale do Rio dos Bois,520015,Palmeiras de Goiás,5204,São Luís de Montes Belos - Iporá
5205455,92100,Cezarina,GO,5205,Sul Goiano,52014,Vale do Rio dos Bois,520015,Palmeiras de Goiás,5204,São Luís de Montes Belos - Iporá
5200134,96458,Acreúna,GO,5205,Sul Goiano,52014,Vale do Rio dos Bois,520015,Palmeiras de Goiás,5204,São Luís de Montes Belos - Iporá
5216403,95230,Paraúna,GO,5205,Sul Goiano,52014,Vale do Rio dos Bois,520015,Palmeiras de Goiás,5204,São Luís de Montes Belos - Iporá
5211701,94293,Jandaia,GO,5205,Sul Goiano,52014,Vale do Rio dos Bois,520015,Palmeiras de Goiás,5204,São Luís de Montes Belos - Iporá
5215702,95117,Palmeiras de Goiás,GO,5205,Sul Goiano,52014,Vale do Rio dos Bois,520015,Palmeiras de Goiás,5204,São Luís de Montes Belos - Iporá
5204607,92916,Campestre de Goiás,GO,5205,Sul Goiano,52014,Vale do Rio dos Bois,520015,Palmeiras de Goiás,5204,São Luís de Montes Belos - Iporá
5209952,96814,Indiara,GO,5205,Sul Goiano,52014,Vale do Rio dos Bois,520015,Palmeiras de Goiás,5204,São Luís de Montes Belos - Iporá
5220058,92622,São João da Paraúna,GO,5205,Sul Goiano,52014,Vale do Rio dos Bois,520015,Palmeiras de Goiás,5204,São Luís de Montes Belos - Iporá
5200506,92096,Aloândia,GO,5205,Sul Goiano,52015,Meia Ponte,520007,Itumbiara,5202,Itumbiara
5203906,92770,Buriti Alegre,GO,5205,Sul Goiano,52015,Meia Ponte,520007,Itumbiara,5202,Itumbiara
5212105,94374,Joviânia,GO,5205,Sul Goiano,52015,Meia Ponte,520007,Itumbiara,5202,Itumbiara
5203500,92690,Bom Jesus de Goiás,GO,5205,Sul Goiano,52015,Meia Ponte,520007,Itumbiara,5202,Itumbiara
5216007,95176,Panamá,GO,5205,Sul Goiano,52015,Meia Ponte,520007,Itumbiara,5202,Itumbiara
5209101,93793,Goiatuba,GO,5205,Sul Goiano,52015,Meia Ponte,520007,Itumbiara,5202,Itumbiara
5204250,96733,Cachoeira Dourada,GO,5205,Sul Goiano,52015,Meia Ponte,520007,Itumbiara,5202,Itumbiara
5211503,94250,Itumbiara,GO,5205,Sul Goiano,52015,Meia Ponte,520007,Itumbiara,5202,Itumbiara
5204508,92894,Caldas Novas,GO,5205,Sul Goiano,52015,Meia Ponte,520008,Caldas Novas-Morrinhos,5202,Itumbiara
5200209,92037,Água Limpa,GO,5205,Sul Goiano,52015,Meia Ponte,520008,Caldas Novas-Morrinhos,5202,Itumbiara
5212907,94536,Marzagão,GO,5205,Sul Goiano,52015,Meia Ponte,520008,Caldas Novas-Morrinhos,5202,Itumbiara
5218789,92827,Rio Quente,GO,5205,Sul Goiano,52015,Meia Ponte,520008,Caldas Novas-Morrinhos,5202,Itumbiara
5213806,94730,Morrinhos,GO,5205,Sul Goiano,52015,Meia Ponte,520008,Caldas Novas-Morrinhos,5202,Itumbiara
5217104,95397,Piracanjuba,GO,5205,Sul Goiano,52015,Meia Ponte,520009,Piracanjuba,5202,Itumbiara
5212600,94471,Mairipotaba,GO,5205,Sul Goiano,52015,Meia Ponte,520009,Piracanjuba,5202,Itumbiara
5218391,93041,Professor Jamil,GO,5205,Sul Goiano,52015,Meia Ponte,520009,Piracanjuba,5202,Itumbiara
5206503,93319,Cromínia,GO,5205,Sul Goiano,52015,Meia Ponte,520009,Piracanjuba,5202,Itumbiara
5217708,95494,Pontalina,GO,5205,Sul Goiano,52015,Meia Ponte,520009,Piracanjuba,5202,Itumbiara
5222054,96571,Vicentinópolis,GO,5205,Sul Goiano,52015,Meia Ponte,520009,Piracanjuba,5202,Itumbiara
5218052,93424,Porteirão,GO,5205,Sul Goiano,52015,Meia Ponte,520010,Rio Verde,5203,Rio Verde
5209937,93165,Inaciolândia,GO,5205,Sul Goiano,52015,Meia Ponte,520012,Quirinópolis,5203,Rio Verde
5220603,96091,Silvânia,GO,5205,Sul Goiano,52016,Pires do Rio,520002,Anápolis,5201,Goiânia
5220264,92665,São Miguel do Passa Quatro,GO,5205,Sul Goiano,52016,Pires do Rio,520002,Anápolis,5201,Goiânia
5208152,93564,Gameleira de Goiás,GO,5205,Sul Goiano,52016,Pires do Rio,520002,Anápolis,5201,Goiânia
5222005,96415,Vianópolis,GO,5205,Sul Goiano,52016,Pires do Rio,520002,Anápolis,5201,Goiânia
5219209,95796,Santa Cruz de Goiás,GO,5205,Sul Goiano,52016,Pires do Rio,520006,Pires do Rio,5201,Goiânia
5215306,95036,Orizona,GO,5205,Sul Goiano,52016,Pires do Rio,520006,Pires do Rio,5201,Goiânia
5215801,95133,Palmelo,GO,5205,Sul Goiano,52016,Pires do Rio,520006,Pires do Rio,5201,Goiânia
5221809,96377,Urutaí,GO,5205,Sul Goiano,52016,Pires do Rio,520006,Pires do Rio,5201,Goiânia
5217401,95451,Pires do Rio,GO,5205,Sul Goiano,52016,Pires do Rio,520006,Pires do Rio,5201,Goiânia
5206305,93270,Cristianópolis,GO,5205,Sul Goiano,52016,Pires do Rio,520009,Piracanjuba,5202,Itumbiara
5204805,92959,Campo Alegre de Goiás,GO,5205,Sul Goiano,52017,Catalão,520004,Catalão,5201,Goiânia
5208509,93696,Goiandira,GO,5205,Sul Goiano,52017,Catalão,520004,Catalão,5201,Goiânia
5206602,93335,Cumari,GO,5205,Sul Goiano,52017,Catalão,520004,Catalão,5201,Goiânia
5206909,93394,Davinópolis,GO,5205,Sul Goiano,52017,Catalão,520004,Catalão,5201,Goiânia
5214804,94935,Nova Aurora,GO,5205,Sul Goiano,52017,Catalão,520004,Catalão,5201,Goiânia
5210109,93971,Ipameri,GO,5205,Sul Goiano,52017,Catalão,520004,Catalão,5201,Goiânia
5221304,96237,Três Ranchos,GO,5205,Sul Goiano,52017,Catalão,520004,Catalão,5201,Goiânia
5205109,93017,Catalão,GO,5205,Sul Goiano,52017,Catalão,520004,Catalão,5201,Goiânia
5201207,92231,Anhanguera,GO,5205,Sul Goiano,52017,Catalão,520004,Catalão,5201,Goiânia
5215504,95079,Ouvidor,GO,5205,Sul Goiano,52017,Catalão,520004,Catalão,5201,Goiânia
5205901,93190,Corumbaíba,GO,5205,Sul Goiano,52017,Catalão,520008,Caldas Novas-Morrinhos,5202,Itumbiara
5212253,93602,Lagoa Santa,GO,5205,Sul Goiano,52018,Quirinópolis,520010,Rio Verde,5203,Rio Verde
5204300,92851,Caçu,GO,5205,Sul Goiano,52018,Quirinópolis,520010,Rio Verde,5203,Rio Verde
5210802,94110,Itajá,GO,5205,Sul Goiano,52018,Quirinópolis,520010,Rio Verde,5203,Rio Verde
5204102,92819,Cachoeira Alta,GO,5205,Sul Goiano,52018,Quirinópolis,520010,Rio Verde,5203,Rio Verde
5211305,94218,Itarumã,GO,5205,Sul Goiano,52018,Quirinópolis,520010,Rio Verde,5203,Rio Verde
5209150,92266,Gouvelândia,GO,5205,Sul Goiano,52018,Quirinópolis,520012,Quirinópolis,5203,Rio Verde
5216304,94552,Paranaiguara,GO,5205,Sul Goiano,52018,Quirinópolis,520012,Quirinópolis,5203,Rio Verde
5218508,95630,Quirinópolis,GO,5205,Sul Goiano,52018,Quirinópolis,520012,Quirinópolis,5203,Rio Verde
5220405,96059,São Simão,GO,5205,Sul Goiano,52018,Quirinópolis,520012,Quirinópolis,5203,Rio Verde
5300108,97012,Brasília,DF,5301,Distrito Federal,53001,Brasília,530001,Distrito Federal,5301,Distrito Federal
