election_year,state,municipality_id_tse,municipality_name,n_polls,n_firms,total_sample,mean_sample,total_cost,mean_cost,n_own_polls,n_polls_last30,last_poll_days_before_election,polled
2020,AC,01023,PORTO ACRE,1,1,300.0,300.0,3000.0,3000.0,1,1,13,1
2020,AC,01074,CRUZEIRO DO SUL,7,4,4252.0,607.4285714285714,40000.0,5714.285714285715,7,4,276,1
2020,AC,01082,RODRIGUES ALVES,1,1,250.0,250.0,3000.0,3000.0,1,1,15,1
2020,AC,01112,EPITACIOLÂNDIA,3,1,832.0,277.3333333333333,6000.0,2000.0,3,1,156,1
2020,AC,01139,FEIJÓ,2,2,510.0,255.0,6000.0,3000.0,2,1,156,1
2020,AC,01392,RIO BRANCO,28,7,19343.0,690.8214285714286,366636.04,13094.144285714285,20,17,276,1
2020,AC,01457,SENA MADUREIRA,4,3,1340.0,335.0,17000.0,4250.0,3,3,156,1
2020,AC,01473,TARAUACÁ,4,3,1320.0,330.0,20000.0,5000.0,3,3,156,1
2020,AC,01511,PLÁCIDO DE CASTRO,2,1,593.0,296.5,4000.0,2000.0,2,1,156,1
2020,AC,01538,SENADOR GUIOMARD,6,4,1721.0,344.2,25100.0,4183.333333333333,4,4,156,1
2020,AC,01554,MANOEL URBANO,1,1,100.0,100.0,2500.0,2500.0,0,0,109,1
2020,AL,27006,PARIPUEIRA,1,1,700.0,700.0,4000.0,4000.0,1,0,56,1
2020,AL,27022,PARICONHA,1,1,725.0,725.0,8000.0,8000.0,0,1,12,1
2020,AL,27049,ESTRELA DE ALAGOAS,2,1,1800.0,900.0,8500.0,4250.0,2,0,193,1
2020,AL,27057,ARAPIRACA,5,3,4139.0,827.8,33000.0,6600.0,4,3,241,1
2020,AL,27065,JEQUIÁ DA PRAIA,3,3,1585.0,528.3333333333334,22500.0,7500.0,3,3,25,1
2020,AL,27073,ATALAIA,4,3,3020.0,755.0,24500.0,6125.0,4,2,156,1
2020,AL,27081,CAMPESTRE,1,1,744.0,744.0,6000.0,6000.0,1,1,30,1
2020,AL,27090,BARRA DE SANTO ANTÔNIO,1,1,700.0,700.0,4000.0,4000.0,1,0,49,1
2020,AL,27111,BARRA DE SÃO MIGUEL,3,2,1900.0,633.3333333333334,23000.0,7666.666666666667,2,2,156,1
2020,AL,27138,BATALHA,3,1,2250.0,750.0,15000.0,5000.0,2,1,108,1
2020,AL,27170,BELO MONTE,6,2,3602.0,600.3333333333334,24000.0,4000.0,3,1,206,1
2020,AL,27197,BOCA DA MATA,1,1,800.0,800.0,5000.0,5000.0,0,1,16,1
2020,AL,27278,CAMPO ALEGRE,1,1,800.0,800.0,5000.0,5000.0,0,1,18,1
2020,AL,27316,CANAPI,5,2,4600.0,920.0,28500.0,5700.0,3,2,133,1
2020,AL,27332,CAPELA,3,1,2250.0,750.0,15000.0,5000.0,2,1,55,1
2020,AL,27359,CARNEIROS,2,1,1200.0,600.0,8000.0,4000.0,2,0,192,1
2020,AL,27391,COITÉ DO NÓIA,4,4,3082.0,770.5,18000.0,4500.0,4,2,269,1
2020,AL,27413,COLÔNIA LEOPOLDINA,1,1,800.0,800.0,5000.0,5000.0,0,0,40,1
2020,AL,27430,COQUEIRO SECO,2,1,800.0,400.0,9000.0,4500.0,1,1,45,1
2020,AL,27456,CORURIPE,1,1,600.0,600.0,10000.0,10000.0,1,1,4,1
2020,AL,27472,DELMIRO GOUVEIA,5,2,3200.0,640.0,24000.0,4800.0,2,4,77,1
2020,AL,27499,DOIS RIACHOS,3,2,1900.0,633.3333333333334,12000.0,4000.0,2,1,107,1
2020,AL,27510,FEIRA GRANDE,2,2,1000.0,500.0,12500.0,6250.0,2,1,104,1
2020,AL,27553,FLEXEIRAS,2,1,1600.0,800.0,8000.0,4000.0,0,2,20,1
2020,AL,27634,IGREJA NOVA,1,1,800.0,800.0,7000.0,7000.0,0,1,12,1
2020,AL,27650,INHAPI,3,3,1774.0,591.3333333333334,14500.0,4833.333333333333,2,1,121,1
2020,AL,27693,JACUÍPE,2,1,1200.0,600.0,7000.0,3500.0,1,1,98,1
2020,AL,27715,JAPARATINGA,3,1,2100.0,700.0,12000.0,4000.0,3,1,75,1
2020,AL,27758,JOAQUIM GOMES,1,1,600.0,600.0,4000.0,4000.0,0,1,17,1
2020,AL,27774,JUNDIÁ,5,2,2900.0,580.0,27300.0,5460.0,2,2,138,1
2020,AL,27790,JUNQUEIRO,1,1,300.0,300.0,15000.0,15000.0,0,1,4,1
2020,AL,27812,LAGOA DA CANOA,1,1,600.0,600.0,5000.0,5000.0,1,1,9,1
2020,AL,27839,LIMOEIRO DE ANADIA,2,1,1500.0,750.0,11000.0,5500.0,1,1,57,1
2020,AL,27855,MACEIÓ,20,9,20558.0,1027.9,344060.0,17203.0,11,7,113,1
2020,AL,27871,MAJOR ISIDORO,11,2,8791.0,799.1818181818181,48000.0,4363.636363636364,8,1,205,1
2020,AL,27898,MARAGOGI,2,1,1460.0,730.0,8000.0,4000.0,2,0,114,1
2020,AL,27936,MARECHAL DEODORO,6,4,4463.0,743.8333333333334,41500.0,6916.666666666667,5,5,32,1
2020,AL,27995,MATA GRANDE,5,1,3500.0,700.0,21000.0,4200.0,4,1,162,1
2020,AL,28010,MATRIZ DE CAMARAGIBE,8,4,5754.0,719.25,39500.0,4937.5,8,1,197,1
2020,AL,28118,NOVO LINO,5,3,3600.0,720.0,25000.0,5000.0,4,3,111,1
2020,AL,28134,OLHO D'ÁGUA DAS FLORES,2,2,1555.0,777.5,12500.0,6250.0,2,2,8,1
2020,AL,28150,OLHO D'ÁGUA DO CASADO,2,2,920.0,460.0,10340.0,5170.0,0,2,10,1
2020,AL,28193,OLIVENÇA,1,1,600.0,600.0,4000.0,4000.0,1,1,24,1
2020,AL,28215,OURO BRANCO,3,1,1800.0,600.0,12000.0,4000.0,0,1,74,1
2020,AL,28231,PALESTINA,2,1,1220.0,610.0,11300.0,5650.0,2,1,45,1
2020,AL,28258,PALMEIRA DOS ÍNDIOS,2,2,1500.0,750.0,15000.0,7500.0,2,2,9,1
2020,AL,28274,PÃO DE AÇÚCAR,4,3,3051.0,762.75,26000.0,6500.0,3,3,74,1
2020,AL,28355,PIAÇABUÇU,5,4,3114.0,622.8,19000.0,3800.0,4,0,134,1
2020,AL,28371,PILAR,1,1,2000.0,2000.0,10000.0,10000.0,0,1,23,1
2020,AL,28410,PIRANHAS,1,1,800.0,800.0,8500.0,8500.0,1,1,10,1
2020,AL,28452,PORTO CALVO,9,4,6448.0,716.4444444444445,46000.0,5111.111111111111,7,4,120,1
2020,AL,28479,PORTO DE PEDRAS,3,2,1985.0,661.6666666666666,17000.0,5666.666666666667,2,1,185,1
2020,AL,28495,PORTO REAL DO COLÉGIO,1,1,750.0,750.0,4000.0,4000.0,1,0,33,1
2020,AL,28533,RIO LARGO,3,2,2423.0,807.6666666666666,22000.0,7333.333333333333,3,1,146,1
2020,AL,28550,ROTEIRO,5,2,3380.0,676.0,25000.0,5000.0,4,1,141,1
2020,AL,28576,SANTA LUZIA DO NORTE,1,1,550.0,550.0,4000.0,4000.0,1,0,47,1
2020,AL,28592,SANTANA DO IPANEMA,1,1,800.0,800.0,4000.0,4000.0,1,0,71,1
2020,AL,28630,SÃO BRÁS,1,1,600.0,600.0,3000.0,3000.0,1,1,12,1
2020,AL,28657,SÃO JOSÉ DA LAJE,1,1,800.0,800.0,7500.0,7500.0,0,1,18,1
2020,AL,28690,SÃO LUÍS DO QUITUNDE,5,2,3554.0,710.8,24000.0,4800.0,5,0,201,1
2020,AL,28711,SÃO MIGUEL DOS CAMPOS,2,2,1100.0,550.0,26500.0,13250.0,1,2,3,1
2020,AL,28754,SÃO SEBASTIÃO,1,1,800.0,800.0,8500.0,8500.0,1,1,5,1
2020,AL,28797,TANQUE D'ARCA,1,1,500.0,500.0,5000.0,5000.0,1,1,8,1
2020,AL,28819,TAQUARANA,5,3,3229.0,645.8,29500.0,5900.0,3,4,114,1
2020,AL,28835,TRAIPU,1,1,700.0,700.0,6500.0,6500.0,1,1,6,1
2020,AL,28851,UNIÃO DOS PALMARES,4,3,2991.0,747.75,19500.0,4875.0,3,1,281,1
2020,AL,28878,VIÇOSA,2,2,2800.0,1400.0,15500.0,7750.0,2,2,10,1
2020,AL,28894,CRAÍBAS,1,1,300.0,300.0,15000.0,15000.0,0,1,2,1
2020,AL,28916,SENADOR RUI PALMEIRA,3,1,2400.0,800.0,12000.0,4000.0,3,0,191,1
2020,AL,28932,TEOTÔNIO VILELA,1,1,750.0,750.0,4000.0,4000.0,1,0,53,1
2020,AM,02046,CAREIRO DA VÁRZEA,1,1,375.0,375.0,3000.0,3000.0,1,0,245,1
2020,AM,02070,AUTAZES,7,4,3713.0,530.4285714285714,33500.0,4785.714285714285,7,6,142,1
2020,AM,02097,BARCELOS,3,2,1492.0,497.3333333333333,24500.0,8166.666666666667,3,2,35,1
2020,AM,02119,BARREIRINHA,1,1,255.0,255.0,4000.0,4000.0,1,1,12,1
2020,AM,02135,BENJAMIN CONSTANT,1,1,350.0,350.0,17000.0,17000.0,1,0,66,1
2020,AM,02151,BOCA DO ACRE,1,1,300.0,300.0,4000.0,4000.0,1,1,9,1
2020,AM,02178,BORBA,1,1,521.0,521.0,7000.0,7000.0,1,1,4,1
2020,AM,02194,CANUTAMA,2,1,627.0,313.5,8100.0,4050.0,2,1,91,1
2020,AM,02232,CAREIRO,4,2,1532.0,383.0,15000.0,3750.0,4,2,245,1
2020,AM,02259,COARI,18,4,11093.0,616.2777777777778,161000.0,8944.444444444445,18,3,128,1
2020,AM,02275,CODAJÁS,1,1,418.0,418.0,5000.0,5000.0,1,0,49,1
2020,AM,02356,HUMAITÁ,1,1,391.0,391.0,4000.0,4000.0,1,1,4,1
2020,AM,02410,ITACOATIARA,5,2,2327.0,465.4,27000.0,5400.0,5,1,245,1
2020,AM,02470,JURUÁ,1,1,256.0,256.0,6000.0,6000.0,1,1,26,1
2020,AM,02496,JUTAÍ,1,1,350.0,350.0,10000.0,10000.0,1,0,73,1
2020,AM,02518,LÁBREA,1,1,240.0,240.0,10000.0,10000.0,1,0,37,1
2020,AM,02534,MANACAPURU,2,2,950.0,475.0,25000.0,12500.0,1,2,22,1
2020,AM,02550,MANAUS,87,13,99030.0,1138.2758620689656,1276246.36,14669.4983908046,75,33,256,1
2020,AM,02615,MAUÉS,5,3,1798.0,359.6,41000.0,8200.0,4,1,136,1
2020,AM,02658,NOVA OLINDA DO NORTE,1,1,386.0,386.0,3000.0,3000.0,1,1,18,1
2020,AM,02690,PARINTINS,4,4,1653.0,413.25,40800.0,10200.0,2,3,69,1
2020,AM,02810,TEFÉ,3,1,1408.0,469.3333333333333,23000.0,7666.666666666667,0,2,86,1
2020,AM,02950,BERURI,1,1,600.0,600.0,7200.0,7200.0,1,1,15,1
2020,AM,02976,BOA VISTA DO RAMOS,1,1,521.0,521.0,8000.0,8000.0,1,0,64,1
2020,AM,98353,IRANDUBA,1,1,380.0,380.0,4000.0,4000.0,1,1,6,1
2020,AM,98370,ITAMARATI,1,1,350.0,350.0,13000.0,13000.0,1,0,77,1
2020,AM,98418,PRESIDENTE FIGUEIREDO,4,2,1941.0,485.25,21500.0,5375.0,4,2,242,1
2020,AM,98434,RIO PRETO DA EVA,1,1,300.0,300.0,7000.0,7000.0,1,1,17,1
2020,AM,98450,SÃO SEBASTIÃO DO UATUMÃ,1,1,521.0,521.0,6000.0,6000.0,1,1,5,1
2020,AP,06050,MACAPÁ,31,8,22157.0,714.741935483871,570936.0,18417.290322580644,17,10,86,1
2020,AP,06076,MAZAGÃO,3,2,1150.0,383.3333333333333,16500.0,5500.0,3,2,31,1
2020,AP,06130,LARANJAL DO JARI,4,2,2000.0,500.0,31500.0,7875.0,4,2,31,1
2020,AP,06157,SANTANA,5,4,2301.0,460.2,56200.0,11240.0,4,3,43,1
2020,AP,06173,TARTARUGALZINHO,2,1,700.0,350.0,13000.0,6500.0,2,2,7,1
2020,BA,30007,LUÍS EDUARDO MAGALHÃES,3,3,1738.0,579.3333333333334,12894.5,4298.166666666667,1,2,40,1
2020,BA,30058,EUNÁPOLIS,4,3,11807.0,2951.75,14109.0,3527.25,2,1,112,1
2020,BA,30660,IUIU,1,1,319.0,319.0,3500.0,3500.0,1,1,16,1
2020,BA,30678,JABORANDI,1,1,561.0,561.0,5000.0,5000.0,0,0,75,1
2020,BA,30694,JUSSARI,1,1,544.0,544.0,5000.0,5000.0,1,0,46,1
2020,BA,30716,AMÉRICA DOURADA,1,1,748.0,748.0,5000.0,5000.0,1,0,77,1
2020,BA,30759,BARRO ALTO,1,1,385.0,385.0,15000.0,15000.0,1,0,56,1
2020,BA,30830,CAPIM GROSSO,4,4,2000.0,500.0,19800.0,4950.0,3,4,8,1
2020,BA,30872,DIAS D'ÁVILA,5,5,2700.0,540.0,28000.0,5600.0,1,2,150,1
2020,BA,30899,FÁTIMA,1,1,400.0,400.0,2000.0,2000.0,1,0,111,1
2020,BA,30910,FILADÉLFIA,2,2,1409.0,704.5,10000.0,5000.0,2,1,81,1
2020,BA,30996,JOÃO DOURADO,8,5,4056.0,507.0,77000.0,9625.0,1,6,30,1
2020,BA,33014,ABAÍRA,1,1,364.0,364.0,4000.0,4000.0,1,0,260,1
2020,BA,33065,ADUSTINA,2,2,990.0,495.0,11000.0,5500.0,0,0,76,1
2020,BA,33073,ÁGUA FRIA,2,1,800.0,400.0,12100.0,6050.0,0,1,95,1
2020,BA,33090,ÉRICO CARDOSO,3,1,933.0,311.0,10500.0,3500.0,3,1,124,1
2020,BA,33138,ALAGOINHAS,3,3,1351.0,450.3333333333333,18133.0,6044.333333333333,2,3,8,1
2020,BA,33154,ALCOBAÇA,3,2,1700.0,566.6666666666666,25300.0,8433.333333333334,2,3,15,1
2020,BA,33170,ALMADINA,2,1,800.0,400.0,14000.0,7000.0,2,2,28,1
2020,BA,33197,AMARGOSA,1,1,330.0,330.0,11500.0,11500.0,0,1,11,1
2020,BA,33219,AMÉLIA RODRIGUES,4,1,1700.0,425.0,23200.0,5800.0,0,2,107,1
2020,BA,33260,ANDORINHA,1,1,578.0,578.0,5000.0,5000.0,1,0,31,1
2020,BA,33294,ANGUERA,1,1,571.0,571.0,5000.0,5000.0,0,0,77,1
2020,BA,33332,ANTÔNIO CARDOSO,1,1,400.0,400.0,5000.0,5000.0,0,1,4,1
2020,BA,33359,ANTÔNIO GONÇALVES,3,2,1552.0,517.3333333333334,14000.0,4666.666666666667,1,2,73,1
2020,BA,33383,ARAÇÁS,1,1,524.0,524.0,5750.0,5750.0,0,1,7,1
2020,BA,33391,ARACATU,1,1,574.0,574.0,5000.0,5000.0,1,1,15,1
2020,BA,33405,APUAREMA,1,1,360.0,360.0,3500.0,3500.0,1,0,38,1
2020,BA,33413,ARACI,2,1,1370.0,685.0,10000.0,5000.0,0,1,87,1
2020,BA,33430,ARAMARI,1,1,281.0,281.0,4000.0,4000.0,0,0,109,1
2020,BA,33472,AURELINO LEAL,1,1,570.0,570.0,5000.0,5000.0,0,0,63,1
2020,BA,33499,BAIANÓPOLIS,2,1,595.0,297.5,6750.0,3375.0,2,1,303,1
2020,BA,33510,BAIXA GRANDE,4,4,1733.0,433.25,20600.0,5150.0,2,1,131,1
2020,BA,33553,BARRA DA ESTIVA,3,2,2757.0,919.0,10001.01,3333.67,2,0,129,1
2020,BA,33570,BARRA DO CHOÇA,1,1,240.0,240.0,5000.0,5000.0,0,1,7,1
2020,BA,33596,BARRA DO MENDES,3,2,1155.0,385.0,14000.0,4666.666666666667,3,3,24,1
2020,BA,33618,BARRA DO ROCHA,1,1,425.0,425.0,5000.0,5000.0,1,1,19,1
2020,BA,33650,BARRO PRETO,1,1,300.0,300.0,6000.0,6000.0,0,1,13,1
2020,BA,33731,BOA NOVA,1,1,576.0,576.0,5000.0,5000.0,0,1,28,1
2020,BA,33758,BOA VISTA DO TUPIM,1,1,400.0,400.0,6500.0,6500.0,0,1,6,1
2020,BA,33774,BOM JESUS DA LAPA,1,1,656.0,656.0,5000.0,5000.0,0,0,31,1
2020,BA,33790,BONINAL,1,1,493.0,493.0,3000.0,3000.0,0,1,8,1
2020,BA,33804,BONITO,2,1,650.0,325.0,30000.0,15000.0,2,0,88,1
2020,BA,33812,BOQUIRA,10,4,3344.0,334.4,38500.0,3850.0,6,4,138,1
2020,BA,33839,BOTUPORÃ,9,4,3271.0,363.44444444444446,33500.0,3722.222222222222,9,3,100,1
2020,BA,33898,BROTAS DE MACAÚBAS,1,1,312.0,312.0,3500.0,3500.0,1,0,85,1
2020,BA,33910,BRUMADO,3,3,1380.0,460.0,18500.0,6166.666666666667,0,3,28,1
2020,BA,33960,CABACEIRAS DO PARAGUAÇU,1,1,426.0,426.0,5000.0,5000.0,0,1,14,1
2020,BA,33979,CACHOEIRA,2,1,800.0,400.0,12000.0,6000.0,0,2,19,1
2020,BA,33995,CACULÉ,4,4,1686.0,421.5,18000.0,4500.0,3,3,39,1
2020,BA,34010,CAEM,2,2,785.0,392.5,11000.0,5500.0,0,2,23,1
2020,BA,34037,CAETITÉ,5,3,2739.0,547.8,27000.0,5400.0,4,5,20,1
2020,BA,34053,CAFARNAUM,3,3,1512.0,504.0,30000.0,10000.0,2,2,130,1
2020,BA,34070,CAIRU,3,3,1503.0,501.0,16500.0,5500.0,0,2,42,1
2020,BA,34096,CALDEIRÃO GRANDE,4,2,1570.0,392.5,22300.0,5575.0,0,2,120,1
2020,BA,34134,CAMAÇARI,11,6,6990.0,635.4545454545455,65500.0,5954.545454545455,2,2,271,1
2020,BA,34150,CAMAMU,1,1,700.0,700.0,5000.0,5000.0,1,0,32,1
2020,BA,34193,CAMPO FORMOSO,1,1,625.0,625.0,8000.0,8000.0,0,1,8,1
2020,BA,34231,CANARANA,3,2,1304.0,434.6666666666667,16000.0,5333.333333333333,2,3,20,1
2020,BA,34258,CANAVIEIRAS,3,2,1860.0,620.0,19000.0,6333.333333333333,3,2,36,1
2020,BA,34290,CANDEIAS,4,3,2205.0,551.25,24000.0,6000.0,2,2,66,1
2020,BA,34355,CANSANÇÃO,2,2,1260.0,630.0,13000.0,6500.0,2,2,5,1
2020,BA,34371,CARAVELAS,4,2,1202.0,400.6666666666667,21600.0,5400.0,4,2,194,1
2020,BA,34398,CARDEAL DA SILVA,1,1,549.0,549.0,5000.0,5000.0,0,0,72,1
2020,BA,34410,CARINHANHA,1,1,380.0,380.0,5000.0,5000.0,0,1,4,1
2020,BA,34436,CASA NOVA,5,5,3199.0,639.8,29000.0,5800.0,2,5,21,1
2020,BA,34452,CASTRO ALVES,2,1,1000.0,500.0,15000.0,7500.0,0,1,236,1
2020,BA,34495,CATU,3,3,1464.0,488.0,16500.0,5500.0,1,3,27,1
2020,BA,34509,CATURAMA,4,1,1520.0,380.0,14000.0,3500.0,4,1,134,1
2020,BA,34517,CENTRAL,1,1,458.0,458.0,7500.0,7500.0,0,1,9,1
2020,BA,34550,CÍCERO DANTAS,4,4,3025.0,756.25,15500.0,3875.0,3,1,94,1
2020,BA,34576,CIPÓ,2,2,1099.0,549.5,7000.0,3500.0,1,0,36,1
2020,BA,34592,COARACI,9,4,5071.0,563.4444444444445,54500.0,6055.555555555556,7,3,245,1
2020,BA,34614,COCOS,5,2,1653.0,330.6,28000.0,5600.0,4,0,146,1
2020,BA,34630,CONCEIÇÃO DA FEIRA,3,2,1385.0,461.6666666666667,15000.0,5000.0,1,1,52,1
2020,BA,34673,CONCEIÇÃO DO COITÉ,1,1,400.0,400.0,7000.0,7000.0,0,1,6,1
2020,BA,34738,CONDEÚBA,1,1,757.0,757.0,2000.0,2000.0,1,1,20,1
2020,BA,34819,CORIBE,1,1,460.0,460.0,8000.0,8000.0,0,0,159,1
2020,BA,34851,CORRENTINA,3,3,1577.0,525.6666666666666,29000.0,9666.666666666666,1,2,35,1
2020,BA,34916,CRISÓPOLIS,1,1,442.0,442.0,5000.0,5000.0,0,1,5,1
2020,BA,35017,DOM BASÍLIO,3,2,1072.0,357.3333333333333,10200.0,3400.0,3,0,241,1
2020,BA,35092,ENTRE RIOS,2,2,1123.0,561.5,9120.0,4560.0,2,1,47,1
2020,BA,35130,EUCLIDES DA CUNHA,4,2,2224.0,556.0,31000.0,7750.0,0,1,110,1
2020,BA,35157,FEIRA DE SANTANA,13,6,9580.0,736.9230769230769,95694.5,7361.115384615385,2,3,134,1
2020,BA,35238,GANDU,2,2,1166.0,583.0,12500.0,6250.0,0,1,94,1
2020,BA,35254,GENTIO DO OURO,1,1,369.0,369.0,7500.0,7500.0,0,1,9,1
2020,BA,35319,GOVERNADOR MANGABEIRA,1,1,584.0,584.0,5000.0,5000.0,0,1,15,1
2020,BA,35335,GUANAMBI,2,2,1029.0,514.5,29850.0,14925.0,0,1,60,1
2020,BA,35416,IBICARAÍ,1,1,430.0,430.0,8000.0,8000.0,0,1,6,1
2020,BA,35432,IBICOARA,2,2,1048.0,524.0,9000.0,4500.0,2,2,19,1
2020,BA,35459,IBICUÍ,1,1,579.0,579.0,5000.0,5000.0,0,1,11,1
2020,BA,35475,IBIPEBA,1,1,385.0,385.0,15000.0,15000.0,1,0,97,1
2020,BA,35513,IBIPITANGA,5,3,1938.0,387.6,18500.0,3700.0,5,2,141,1
2020,BA,35556,IBIRAPITANGA,2,1,1344.0,672.0,10000.0,5000.0,1,1,85,1
2020,BA,35599,IBIRATAIA,2,1,963.0,481.5,8000.0,4000.0,2,1,38,1
2020,BA,35610,IBITIARA,3,3,1130.0,376.6666666666667,10000.0,3333.3333333333335,2,3,18,1
2020,BA,35637,IBITITÁ,11,5,8607.0,782.4545454545455,106000.0,9636.363636363636,7,3,178,1
2020,BA,35653,IBOTIRAMA,2,1,1350.0,675.0,11000.0,5500.0,0,1,99,1
2020,BA,35734,ILHÉUS,1,1,600.0,600.0,8000.0,8000.0,0,1,13,1
2020,BA,35777,IPECAETÁ,2,2,811.0,405.5,18000.0,9000.0,1,2,14,1
2020,BA,35793,IPIAÚ,3,2,1785.0,595.0,32000.0,10666.666666666666,0,3,29,1
2020,BA,35815,IPIRÁ,4,4,2295.0,573.75,19500.0,4875.0,0,2,64,1
2020,BA,35831,IPUPIARA,1,1,603.0,603.0,6000.0,6000.0,0,0,43,1
2020,BA,35874,IRAMAIA,1,1,560.0,560.0,5000.0,5000.0,0,1,10,1
2020,BA,35890,IRAQUARA,2,1,752.0,376.0,10000.0,5000.0,2,1,39,1
2020,BA,35912,IRARÁ,3,3,1682.0,560.6666666666666,14000.0,4666.666666666667,1,2,47,1
2020,BA,35939,IRECÊ,10,5,6483.0,648.3,53500.0,5350.0,4,10,24,1
2020,BA,35947,ITABELA,2,2,1600.0,800.0,7108.0,3554.0,1,1,112,1
2020,BA,35955,ITABERABA,1,1,775.0,775.0,10000.0,10000.0,0,0,124,1
2020,BA,35971,ITABUNA,7,5,4750.0,678.5714285714286,40561.0,5794.428571428572,2,6,75,1
2020,BA,36030,ITAGI,1,1,738.0,738.0,5000.0,5000.0,0,0,82,1
2020,BA,36080,ITAGUAÇU DA BAHIA,3,1,900.0,300.0,45000.0,15000.0,3,1,70,1
2020,BA,36099,ITAJU DO COLÔNIA,2,2,873.0,436.5,11000.0,5500.0,1,1,46,1
2020,BA,36110,ITAJUÍPE,2,1,1100.0,550.0,14000.0,7000.0,2,2,27,1
2020,BA,36196,ITANAGRA,1,1,202.0,202.0,15000.0,15000.0,1,0,34,1
2020,BA,36250,ITAPÉ,1,1,430.0,430.0,4000.0,4000.0,0,1,17,1
2020,BA,36277,ITAPEBI,2,2,1385.0,692.5,7108.0,3554.0,1,0,125,1
2020,BA,36331,ITAPITANGA,2,1,800.0,400.0,14000.0,7000.0,2,2,28,1
2020,BA,36382,ITATIM,1,1,385.0,385.0,15000.0,15000.0,1,0,100,1
2020,BA,36390,ITIRUÇU,1,1,573.0,573.0,5000.0,5000.0,1,0,44,1
2020,BA,36412,ITIÚBA,2,2,991.0,495.5,10800.0,5400.0,0,1,52,1
2020,BA,36510,JACOBINA,2,2,997.0,498.5,9000.0,4500.0,0,1,65,1
2020,BA,36552,JAGUARARI,4,3,2030.0,507.5,36000.0,9000.0,2,3,98,1
2020,BA,36617,JEQUIÉ,4,2,2760.0,690.0,22000.0,5500.0,3,2,49,1
2020,BA,36633,JEREMOABO,6,3,3011.0,501.8333333333333,20100.0,3350.0,4,6,22,1
2020,BA,36650,JIQUIRIÇÁ,2,1,1156.0,578.0,15000.0,7500.0,1,0,138,1
2020,BA,36692,JUAZEIRO,5,3,3920.0,784.0,38000.0,7600.0,1,3,60,1
2020,BA,36714,JUSSARA,6,4,3494.0,582.3333333333334,62500.0,10416.666666666666,3,3,89,1
2020,BA,36730,JUSSIAPE,2,2,774.0,387.0,7000.0,3500.0,2,1,99,1
2020,BA,36757,LAFAIETE COUTINHO,1,1,516.0,516.0,5000.0,5000.0,1,0,73,1
2020,BA,36790,LAJEDÃO,3,2,1073.0,357.6666666666667,16500.0,5500.0,3,3,26,1
2020,BA,36854,LAURO DE FREITAS,6,4,3260.0,543.3333333333334,31000.0,5166.666666666667,2,2,57,1
2020,BA,36919,LIVRAMENTO DE NOSSA SENHORA,15,5,6833.0,455.53333333333336,61033.0,4068.866666666667,15,6,253,1
2020,BA,36978,MACAÚBAS,1,1,309.0,309.0,3500.0,3500.0,1,1,24,1
2020,BA,37036,MAIRI,1,1,400.0,400.0,4000.0,4000.0,0,1,3,1
2020,BA,37117,MARACÁS,2,2,1000.0,500.0,9500.0,4750.0,0,1,38,1
2020,BA,37133,MARAGOGIPE,1,1,700.0,700.0,7000.0,7000.0,0,1,5,1
2020,BA,37214,MATA DE SÃO JOÃO,2,2,1102.0,551.0,8500.0,4250.0,0,1,44,1
2020,BA,37222,MATINA,2,2,973.0,486.5,10000.0,5000.0,1,2,11,1
2020,BA,37230,MEDEIROS NETO,1,1,500.0,500.0,8000.0,8000.0,1,1,6,1
2020,BA,37311,MONTE SANTO,5,3,3063.0,612.6,47000.0,9400.0,3,2,85,1
2020,BA,37354,MORRO DO CHAPÉU,5,3,2683.0,536.6,30000.0,6000.0,2,4,116,1
2020,BA,37370,MORTUGABA,4,3,1600.0,400.0,17200.0,4300.0,3,4,11,1
2020,BA,37397,MUCUGÊ,1,1,563.0,563.0,5000.0,5000.0,0,1,9,1
2020,BA,37419,MUCURI,6,2,2810.0,468.3333333333333,52000.0,8666.666666666666,3,4,242,1
2020,BA,37427,MULUNGU DO MORRO,12,5,8278.0,689.8333333333334,76300.0,6358.333333333333,8,6,132,1
2020,BA,37435,MUNDO NOVO,2,1,770.0,385.0,30000.0,15000.0,2,1,53,1
2020,BA,37478,MURITIBA,1,1,590.0,590.0,5000.0,5000.0,0,1,24,1
2020,BA,37591,NOVA SOURE,1,1,400.0,400.0,6500.0,6500.0,0,1,16,1
2020,BA,37613,NOVA VIÇOSA,1,1,503.0,503.0,8000.0,8000.0,0,1,24,1
2020,BA,37630,OLINDINA,1,1,400.0,400.0,6500.0,6500.0,0,1,8,1
2020,BA,37656,OLIVEIRA DOS BREJINHOS,1,1,441.0,441.0,4000.0,4000.0,1,1,6,1
2020,BA,37672,OURIÇANGAS,2,2,962.0,481.0,10800.0,5400.0,0,1,89,1
2020,BA,37710,PALMEIRAS,1,1,477.0,477.0,3950.0,3950.0,1,1,18,1
2020,BA,37737,PARAMIRIM,9,4,3776.0,419.55555555555554,34500.0,3833.3333333333335,8,5,65,1
2020,BA,37818,PAULO AFONSO,2,1,2400.0,1200.0,16200.0,8100.0,0,2,21,1
2020,BA,37834,PEDRÃO,1,1,555.0,555.0,5000.0,5000.0,1,1,23,1
2020,BA,37877,PIATÃ,4,2,1344.0,336.0,49000.0,12250.0,4,3,122,1
2020,BA,37931,PINDOBAÇU,5,2,1922.0,384.4,23000.0,4600.0,4,4,66,1
2020,BA,37940,PIRAÍ DO NORTE,1,1,349.0,349.0,6000.0,6000.0,0,1,15,1
2020,BA,37990,PLANALTINO,3,3,1594.0,531.3333333333334,12950.0,4316.666666666667,2,2,32,1
2020,BA,38016,PLANALTO,3,2,1418.0,472.6666666666667,13500.0,4500.0,2,2,37,1
2020,BA,38067,PONTO NOVO,11,5,5736.0,521.4545454545455,98425.0,8947.727272727272,6,3,145,1
2020,BA,38075,PORTO SEGURO,6,4,3254.0,542.3333333333334,67000.0,11166.666666666666,3,5,271,1
2020,BA,38130,PRESIDENTE DUTRA,4,2,1691.0,422.75,33000.0,8250.0,3,2,49,1
2020,BA,38164,PRESIDENTE TANCREDO NEVES,1,1,526.0,526.0,4322.0,4322.0,1,1,10,1
2020,BA,38172,QUEIMADAS,1,1,761.0,761.0,10000.0,10000.0,0,0,107,1
2020,BA,38237,RETIROLÂNDIA,1,1,577.0,577.0,5000.0,5000.0,0,1,7,1
2020,BA,38270,RIACHÃO DO JACUÍPE,8,4,4592.0,574.0,40000.0,5000.0,5,7,45,1
2020,BA,38296,RIACHO DE SANTANA,1,1,591.0,591.0,5000.0,5000.0,0,1,13,1
2020,BA,38318,RIBEIRA DO AMPARO,1,1,577.0,577.0,5000.0,5000.0,0,0,56,1
2020,BA,38334,RIBEIRA DO POMBAL,3,3,1671.0,557.0,24000.0,8000.0,0,3,25,1
2020,BA,38350,RIO DE CONTAS,5,2,1715.0,343.0,18500.0,3700.0,5,2,93,1
2020,BA,38393,RIO DO PIRES,2,1,760.0,380.0,7000.0,3500.0,2,1,73,1
2020,BA,38431,RODELAS,3,2,1357.0,452.3333333333333,13500.0,4500.0,3,2,31,1
2020,BA,38490,SALVADOR,21,6,17819.0,848.5238095238095,261869.5,12469.97619047619,11,12,179,1
2020,BA,38512,SANTA BÁRBARA,1,1,400.0,400.0,12000.0,12000.0,0,1,15,1
2020,BA,38555,SANTA CRUZ CABRÁLIA,3,2,1400.0,466.6666666666667,24000.0,8000.0,3,2,279,1
2020,BA,38610,SANTALUZ,3,3,2232.0,744.0,19000.0,6333.333333333333,0,3,24,1
2020,BA,38636,SANTA MARIA DA VITÓRIA,1,1,770.0,770.0,5000.0,5000.0,0,0,86,1
2020,BA,38652,SANTANA,1,1,469.0,469.0,5000.0,5000.0,1,1,8,1
2020,BA,38679,SANTANÓPOLIS,3,2,1363.0,454.3333333333333,15000.0,5000.0,1,2,40,1
2020,BA,38733,SANTO ANTÔNIO DE JESUS,1,1,750.0,750.0,10000.0,10000.0,0,0,42,1
2020,BA,38750,SANTO ESTEVÃO,2,2,1893.0,946.5,8500.0,4250.0,0,0,94,1
2020,BA,38776,SÃO DESIDÉRIO,1,1,370.0,370.0,4000.0,4000.0,0,1,5,1
2020,BA,38806,SÃO DOMINGOS,2,1,770.0,385.0,30000.0,15000.0,2,1,40,1
2020,BA,38814,SÃO FELIPE,1,1,572.0,572.0,5000.0,5000.0,1,1,7,1
2020,BA,38822,SÃO FÉLIX DO CORIBE,1,1,747.0,747.0,10000.0,10000.0,0,0,121,1
2020,BA,38830,SÃO FRANCISCO DO CONDE,4,3,1896.0,474.0,26000.0,6500.0,2,3,57,1
2020,BA,38865,SÃO JOSÉ DO JACUÍPE,6,5,2630.0,438.3333333333333,30833.0,5138.833333333333,3,2,86,1
2020,BA,38873,SÃO MIGUEL DAS MATAS,1,1,385.0,385.0,5000.0,5000.0,1,1,5,1
2020,BA,38890,SÃO SEBASTIÃO DO PASSÉ,4,3,1958.0,489.5,33500.0,8375.0,0,2,232,1
2020,BA,38911,SAPEAÇU,1,1,583.0,583.0,5000.0,5000.0,0,1,23,1
2020,BA,38938,SÁTIRO DIAS,3,1,1739.0,579.6666666666666,15000.0,5000.0,0,1,76,1
2020,BA,38946,SAUBARA,1,1,517.0,517.0,4033.0,4033.0,1,1,7,1
2020,BA,38954,SAÚDE,8,4,4658.0,582.25,51500.0,6437.5,3,4,109,1
2020,BA,38970,SEABRA,5,5,2738.0,547.6,22800.0,4560.0,3,3,76,1
2020,BA,39012,SENHOR DO BONFIM,2,2,996.0,498.0,9000.0,4500.0,0,2,10,1
2020,BA,39047,SERRA DO RAMALHO,1,1,590.0,590.0,5000.0,5000.0,1,0,65,1
2020,BA,39071,SERRA PRETA,1,1,577.0,577.0,5000.0,5000.0,0,0,67,1
2020,BA,39098,SERRINHA,4,3,2329.0,582.25,19000.0,4750.0,0,2,67,1
2020,BA,39136,SIMÕES FILHO,2,2,1135.0,567.5,13500.0,6750.0,0,2,16,1
2020,BA,39144,SÍTIO DO MATO,1,1,312.0,312.0,4000.0,4000.0,1,0,281,1
2020,BA,39152,SOUTO SOARES,1,1,580.0,580.0,5000.0,5000.0,0,1,19,1
2020,BA,39233,TAPEROÁ,1,1,600.0,600.0,5000.0,5000.0,1,0,36,1
2020,BA,39314,TEOLÂNDIA,1,1,400.0,400.0,6500.0,6500.0,0,1,3,1
2020,BA,39373,TUCANO,2,2,900.0,450.0,14000.0,7000.0,1,2,12,1
2020,BA,39390,UAUÁ,1,1,590.0,590.0,5000.0,5000.0,0,0,36,1
2020,BA,39411,UBAÍRA,4,3,1852.0,463.0,25000.0,6250.0,1,2,68,1
2020,BA,39438,UBAITABA,1,1,602.0,602.0,7000.0,7000.0,0,0,37,1
2020,BA,39454,UBATÃ,1,1,608.0,608.0,7000.0,7000.0,0,1,22,1
2020,BA,39489,UMBURANAS,1,1,375.0,375.0,8000.0,8000.0,0,1,4,1
2020,BA,39497,UNA,1,1,463.0,463.0,4000.0,4000.0,0,0,35,1
2020,BA,39535,URUÇUCA,3,2,1560.0,520.0,13000.0,4333.333333333333,2,1,104,1
2020,BA,39578,VALENÇA,3,3,2143.0,714.3333333333334,37500.0,12500.0,0,3,13,1
2020,BA,39616,VÁRZEA DO POÇO,2,1,566.0,283.0,25000.0,12500.0,2,1,32,1
2020,BA,39624,VARZEDO,2,2,1222.0,611.0,8950.0,4475.0,1,1,89,1
2020,BA,39659,VITÓRIA DA CONQUISTA,8,4,5528.0,691.0,46500.0,5812.5,4,2,55,1
2020,BA,39691,WENCESLAU GUIMARÃES,2,2,813.0,406.5,9500.0,4750.0,0,2,21,1
2020,BA,39713,XIQUE-XIQUE,3,2,1542.0,514.0,40000.0,13333.333333333334,2,2,130,1
2020,BA,39730,LAPÃO,4,3,1743.0,435.75,41500.0,10375.0,1,3,94,1
2020,BA,39748,MADRE DE DEUS,6,4,2817.0,469.5,21500.0,3583.3333333333335,1,3,90,1
2020,BA,39772,MANSIDÃO,2,2,744.0,372.0,8000.0,4000.0,2,2,9,1
2020,BA,39810,PÉ DE SERRA,8,3,4801.0,600.125,42000.0,5250.0,6,5,68,1
2020,BA,39837,PINTADAS,8,5,3358.0,419.75,35000.0,4375.0,6,6,45,1
2020,BA,39845,QUIXABEIRA,4,4,2367.0,591.75,29000.0,7250.0,2,3,110,1
2020,BA,39896,SÃO GABRIEL,1,1,375.0,375.0,5000.0,5000.0,1,1,3,1
2020,BA,39918,TANQUE NOVO,3,3,1099.0,366.3333333333333,11000.0,3666.6666666666665,2,3,17,1
2020,BA,39934,TEIXEIRA DE FREITAS,2,2,1107.0,553.5,50570.0,25285.0,1,2,19,1
2020,BA,39942,NOVO HORIZONTE,3,1,3636.0,1212.0,11500.0,3833.3333333333335,3,1,273,1
2020,BA,39950,VÁRZEA NOVA,1,1,385.0,385.0,15000.0,15000.0,1,1,27,1
2020,BA,39985,SOBRADINHO,2,2,1186.0,593.0,9000.0,4500.0,1,2,17,1
2020,CE,13005,JIJOCA DE JERICOACOARA,1,1,500.0,500.0,8000.0,8000.0,1,1,24,1
2020,CE,13021,MADALENA,1,1,400.0,400.0,8000.0,8000.0,0,1,11,1
2020,CE,13030,ACARAÚ,1,1,400.0,400.0,5000.0,5000.0,1,1,4,1
2020,CE,13064,GRAÇA,2,2,650.0,325.0,8000.0,4000.0,1,2,8,1
2020,CE,13080,TURURU,1,1,300.0,300.0,8000.0,8000.0,0,1,4,1
2020,CE,13110,ALTANEIRA,1,1,374.0,374.0,8500.0,8500.0,0,1,13,1
2020,CE,13129,BARREIRA,3,2,1195.0,398.3333333333333,59000.0,19666.666666666668,0,3,9,1
2020,CE,13137,ALTO SANTO,2,1,800.0,400.0,25000.0,12500.0,0,0,258,1
2020,CE,13145,ACARAPE,1,1,450.0,450.0,6500.0,6500.0,1,1,7,1
2020,CE,13170,APUIARÉS,1,1,520.0,520.0,7500.0,7500.0,0,1,7,1
2020,CE,13188,HORIZONTE,1,1,400.0,400.0,5000.0,5000.0,1,1,4,1
2020,CE,13196,AQUIRAZ,3,3,1407.0,469.0,55000.0,18333.333333333332,2,3,27,1
2020,CE,13218,ARACATI,1,1,301.0,301.0,30000.0,30000.0,0,0,86,1
2020,CE,13234,ARACOIABA,1,1,300.0,300.0,8000.0,8000.0,0,1,5,1
2020,CE,13277,ARATUBA,1,1,402.0,402.0,16000.0,16000.0,0,1,7,1
2020,CE,13293,ARNEIROZ,1,1,400.0,400.0,6000.0,6000.0,0,1,10,1
2020,CE,13315,ASSARÉ,1,1,300.0,300.0,8000.0,8000.0,0,1,7,1
2020,CE,13323,TEJUÇUOCA,3,3,1015.0,338.3333333333333,22000.0,7333.333333333333,0,3,10,1
2020,CE,13374,BARBALHA,4,3,2004.0,501.0,134136.0,33534.0,1,4,22,1
2020,CE,13390,BARRO,1,1,401.0,401.0,8000.0,8000.0,0,1,7,1
2020,CE,13412,BATURITÉ,1,1,300.0,300.0,8000.0,8000.0,0,1,6,1
2020,CE,13439,BEBERIBE,1,1,400.0,400.0,25000.0,25000.0,0,1,9,1
2020,CE,13471,BOA VIAGEM,3,3,5310.0,1770.0,28000.0,9333.333333333334,1,3,30,1
2020,CE,13510,CAMOCIM,1,1,400.0,400.0,5000.0,5000.0,1,1,4,1
2020,CE,13552,CANINDÉ,1,1,400.0,400.0,10000.0,10000.0,0,1,9,1
2020,CE,13579,CAPISTRANO,3,2,1103.0,367.6666666666667,39000.0,13000.0,0,3,17,1
2020,CE,13633,CARIRIAÇU,4,4,1617.0,404.25,32000.0,8000.0,2,3,53,1
2020,CE,13676,CARNAUBAL,1,1,300.0,300.0,10000.0,10000.0,1,1,5,1
2020,CE,13692,CASCAVEL,2,2,800.0,400.0,13000.0,6500.0,1,2,27,1
2020,CE,13714,CATARINA,2,2,681.0,340.5,10000.0,5000.0,0,1,42,1
2020,CE,13730,CAUCAIA,5,2,3433.0,686.6,188067.46,37613.492,1,2,244,1
2020,CE,13854,CRATO,2,2,1202.0,601.0,58568.0,29284.0,0,2,8,1
2020,CE,13897,FORTALEZA,25,8,24984.0,999.36,1060067.69,42402.707599999994,8,15,54,1
2020,CE,13919,FRECHEIRINHA,4,4,2005.0,501.25,54920.0,13730.0,2,2,102,1
2020,CE,13978,GRANJEIRO,2,2,650.0,325.0,16000.0,8000.0,0,2,8,1
2020,CE,14010,GUARACIABA DO NORTE,2,2,800.0,400.0,30500.0,15250.0,0,2,13,1
2020,CE,14079,IBIAPINA,4,3,1527.0,381.75,42000.0,10500.0,1,4,12,1
2020,CE,14117,IGUATU,5,4,2041.0,408.2,49000.0,9800.0,1,5,21,1
2020,CE,14150,IPAUMIRIM,1,1,431.0,431.0,2000.0,2000.0,1,1,9,1
2020,CE,14192,IPUEIRAS,2,2,830.0,415.0,16500.0,8250.0,0,2,11,1
2020,CE,14290,ITAPIPOCA,4,4,1883.0,470.75,38855.85,9713.9625,0,4,16,1
2020,CE,14451,JATI,1,1,400.0,400.0,5000.0,5000.0,0,0,75,1
2020,CE,14478,JUAZEIRO DO NORTE,5,2,3114.0,622.8,174740.69,34948.138,2,5,29,1
2020,CE,14516,LAVRAS DA MANGABEIRA,2,2,900.0,450.0,17000.0,8500.0,1,2,19,1
2020,CE,14559,MARANGUAPE,1,1,532.0,532.0,5400.0,5400.0,0,1,2,1
2020,CE,14575,MARCO,1,1,400.0,400.0,8000.0,8000.0,0,0,37,1
2020,CE,14591,MARTINÓPOLE,1,1,300.0,300.0,7000.0,7000.0,0,0,-254,1
2020,CE,14613,MASSAPÊ,3,3,1085.0,361.6666666666667,32573.62,10857.873333333333,0,3,6,1
2020,CE,14630,MAURITI,4,4,1501.0,375.25,69126.0,17281.5,1,2,269,1
2020,CE,14672,MILAGRES,2,1,978.0,489.0,18000.0,9000.0,0,1,87,1
2020,CE,14699,MISSÃO VELHA,3,2,1450.0,483.3333333333333,28000.0,9333.333333333334,0,1,63,1
2020,CE,14737,MONSENHOR TABOSA,2,1,800.0,400.0,18000.0,9000.0,0,1,38,1
2020,CE,14834,MULUNGU,1,1,421.0,421.0,6000.0,6000.0,0,1,8,1
2020,CE,14850,NOVA OLINDA,1,1,301.0,301.0,10000.0,10000.0,0,1,13,1
2020,CE,14877,NOVA RUSSAS,1,1,300.0,300.0,8000.0,8000.0,0,1,6,1
2020,CE,14958,PACATUBA,2,2,800.0,400.0,15000.0,7500.0,1,2,13,1
2020,CE,14974,PACOTI,2,2,697.0,348.5,24000.0,12000.0,0,2,17,1
2020,CE,15032,PALMÁCIA,1,1,400.0,400.0,8000.0,8000.0,0,1,19,1
2020,CE,15113,PEDRA BRANCA,1,1,698.0,698.0,10000.0,10000.0,1,1,21,1
2020,CE,15156,PENTECOSTE,2,2,800.0,400.0,16000.0,8000.0,0,2,9,1
2020,CE,15199,PIQUET CARNEIRO,1,1,400.0,400.0,23000.0,23000.0,0,1,10,1
2020,CE,15210,PORANGA,1,1,300.0,300.0,8000.0,8000.0,0,1,4,1
2020,CE,15253,POTENGI,1,1,435.0,435.0,7000.0,7000.0,0,1,19,1
2020,CE,15270,QUIXADÁ,4,3,1550.0,387.5,64000.0,16000.0,0,4,20,1
2020,CE,15350,RERIUTABA,2,2,850.0,425.0,22000.0,11000.0,0,2,10,1
2020,CE,15377,RUSSAS,2,1,800.0,400.0,22000.0,11000.0,1,0,279,1
2020,CE,15431,SANTANA DO CARIRI,1,1,500.0,500.0,10000.0,10000.0,0,0,33,1
2020,CE,15474,SÃO BENEDITO,3,3,1269.0,423.0,21000.0,7000.0,1,3,11,1
2020,CE,15490,SÃO GONÇALO DO AMARANTE,3,3,1273.0,424.3333333333333,45600.0,15200.0,0,3,9,1
2020,CE,15555,SENADOR POMPEU,1,1,600.0,600.0,10000.0,10000.0,0,1,7,1
2020,CE,15598,SOBRAL,2,2,1102.0,551.0,55568.0,27784.0,1,2,6,1
2020,CE,15610,SOLONÓPOLE,1,1,400.0,400.0,8000.0,8000.0,1,0,49,1
2020,CE,15636,TABULEIRO DO NORTE,1,1,400.0,400.0,8000.0,8000.0,0,1,4,1
2020,CE,15652,TAMBORIL,1,1,301.0,301.0,28600.0,28600.0,0,1,9,1
2020,CE,15679,TAUÁ,2,2,806.0,403.0,45600.0,22800.0,1,2,27,1
2020,CE,15717,TRAIRI,1,1,500.0,500.0,20000.0,20000.0,0,1,7,1
2020,CE,15733,UBAJARA,1,1,350.0,350.0,10000.0,10000.0,0,1,13,1
2020,CE,15776,URUBURETAMA,3,3,1200.0,400.0,23000.0,7666.666666666667,2,3,5,1
2020,CE,15814,VÁRZEA ALEGRE,1,1,400.0,400.0,8000.0,8000.0,0,1,8,1
2020,CE,15830,VIÇOSA DO CEARÁ,1,1,400.0,400.0,15000.0,15000.0,1,1,6,1
2020,CE,15857,MARACANAÚ,2,2,1102.0,551.0,51341.96,25670.98,0,2,7,1
2020,CE,15873,AMONTADA,1,1,300.0,300.0,8000.0,8000.0,0,1,4,1
2020,CE,15881,CROATÁ,3,3,1060.0,353.3333333333333,34000.0,11333.333333333334,0,3,10,1
2020,CE,15911,FORQUILHA,2,2,700.0,350.0,14000.0,7000.0,0,2,21,1
2020,CE,15938,ICAPUÍ,3,2,1500.0,500.0,71000.0,23666.666666666668,0,3,22,1
2020,CE,15989,DEPUTADO IRAPUAN PINHEIRO,1,1,400.0,400.0,10000.0,10000.0,0,0,74,1
2020,CE,15997,PARAIPABA,2,2,1002.0,501.0,21000.0,10500.0,1,2,6,1
2020,ES,56030,ALEGRE,2,1,786.0,393.0,5000.0,2500.0,0,1,46,1
2020,ES,56049,IRUPI,1,1,386.0,386.0,1500.0,1500.0,0,1,10,1
2020,ES,56057,ALFREDO CHAVES,2,2,950.0,475.0,25250.0,12625.0,1,2,10,1
2020,ES,56065,ALTO RIO NOVO,1,1,376.0,376.0,2500.0,2500.0,0,1,25,1
2020,ES,56073,ANCHIETA,5,5,2060.0,412.0,28500.0,5700.0,3,4,67,1
2020,ES,56081,VILA PAVÃO,1,1,400.0,400.0,6000.0,6000.0,0,1,3,1
2020,ES,56090,APIACÁ,2,1,752.0,376.0,5000.0,2500.0,0,2,26,1
2020,ES,56111,ARACRUZ,11,5,4782.0,434.72727272727275,144300.0,13118.181818181818,6,9,53,1
2020,ES,56120,MARATAÍZES,4,4,2389.0,597.25,28500.0,7125.0,4,3,94,1
2020,ES,56138,ATÍLIO VIVÁCQUA,3,2,1164.0,388.0,10000.0,3333.3333333333335,1,3,15,1
2020,ES,56146,BREJETUBA,1,1,600.0,600.0,6000.0,6000.0,0,0,77,1
2020,ES,56154,BAIXO GUANDU,2,2,700.0,350.0,14000.0,7000.0,1,2,9,1
2020,ES,56162,SÃO ROQUE DO CANAÃ,1,1,383.0,383.0,2500.0,2500.0,0,1,9,1
2020,ES,56170,BARRA DE SÃO FRANCISCO,1,1,1000.0,1000.0,5000.0,5000.0,0,1,12,1
2020,ES,56189,SOORETAMA,3,3,1492.0,497.3333333333333,24000.0,8000.0,2,3,29,1
2020,ES,56197,BOA ESPERANÇA,11,6,5451.0,495.54545454545456,64500.0,5863.636363636364,4,2,80,1
2020,ES,56200,PONTO BELO,5,3,2581.0,516.2,28300.0,5660.0,2,3,70,1
2020,ES,56227,VILA VALÉRIO,1,1,400.0,400.0,8000.0,8000.0,0,1,5,1
2020,ES,56235,CACHOEIRO DE ITAPEMIRIM,16,6,10412.0,650.75,205280.0,12830.0,7,9,124,1
2020,ES,56251,CARIACICA,17,8,9391.0,552.4117647058823,287948.0,16938.117647058825,6,7,114,1
2020,ES,56278,CASTELO,3,2,1300.0,433.3333333333333,17000.0,5666.666666666667,1,3,7,1
2020,ES,56294,COLATINA,5,2,2012.0,402.4,143080.0,28616.0,0,4,34,1
2020,ES,56308,GOVERNADOR LINDENBERG,2,2,700.0,350.0,15440.0,7720.0,0,2,15,1
2020,ES,56316,CONCEIÇÃO DA BARRA,1,1,400.0,400.0,10800.0,10800.0,1,1,7,1
2020,ES,56332,CONCEIÇÃO DO CASTELO,2,1,770.0,385.0,5000.0,2500.0,0,1,40,1
2020,ES,56359,DIVINO DE SÃO LOURENÇO,3,3,1130.0,376.6666666666667,10000.0,3333.3333333333335,0,2,63,1
2020,ES,56375,DOMINGOS MARTINS,3,2,1200.0,400.0,17000.0,5666.666666666667,2,3,17,1
2020,ES,56391,DORES DO RIO PRETO,2,2,750.0,375.0,4000.0,2000.0,0,1,58,1
2020,ES,56413,ECOPORANGA,2,2,852.0,426.0,9000.0,4500.0,2,2,17,1
2020,ES,56430,FUNDÃO,6,6,2500.0,416.6666666666667,80300.0,13383.333333333334,2,6,22,1
2020,ES,56456,GUAÇUÍ,5,2,1965.0,393.0,13000.0,2600.0,1,5,30,1
2020,ES,56472,GUARAPARI,10,7,5131.0,513.1,118800.0,11880.0,5,7,89,1
2020,ES,56499,IBIRAÇU,3,3,1267.0,422.3333333333333,33000.0,11000.0,2,3,20,1
2020,ES,56502,IBITIRAMA,6,3,2412.0,402.0,24000.0,4000.0,0,3,17,1
2020,ES,56510,ICONHA,1,1,600.0,600.0,10000.0,10000.0,1,1,3,1
2020,ES,56537,ITAGUAÇU,2,1,600.0,300.0,18000.0,9000.0,2,2,18,1
2020,ES,56553,ITAPEMIRIM,12,4,6069.0,505.75,111300.0,9275.0,10,1,12,1
2020,ES,56570,ITARANA,2,2,680.0,340.0,14000.0,7000.0,2,2,7,1
2020,ES,56596,IÚNA,3,2,1176.0,392.0,6500.0,2166.6666666666665,0,2,32,1
2020,ES,56618,JERÔNIMO MONTEIRO,1,1,384.0,384.0,2500.0,2500.0,0,0,32,1
2020,ES,56626,JOÃO NEIVA,1,1,300.0,300.0,3000.0,3000.0,1,1,9,1
2020,ES,56634,LINHARES,6,3,2862.0,477.0,153080.0,25513.333333333332,0,5,38,1
2020,ES,56650,MANTENÓPOLIS,1,1,300.0,300.0,9000.0,9000.0,0,1,8,1
2020,ES,56693,MONTANHA,4,3,1957.0,489.25,21100.0,5275.0,3,3,71,1
2020,ES,56715,MUCURICI,2,1,936.0,468.0,14000.0,7000.0,0,1,45,1
2020,ES,56731,MUNIZ FREIRE,2,1,778.0,389.0,5000.0,2500.0,0,1,45,1
2020,ES,56774,NOVA VENÉCIA,4,3,1738.0,434.5,42400.0,10600.0,1,3,32,1
2020,ES,56812,PINHEIROS,5,4,2000.0,400.0,25000.0,5000.0,3,5,30,1
2020,ES,56839,PIÚMA,5,3,2276.0,455.2,18000.0,3600.0,5,4,75,1
2020,ES,56855,PRESIDENTE KENNEDY,5,4,2006.0,401.2,42300.0,8460.0,3,4,141,1
2020,ES,56898,SANTA LEOPOLDINA,1,1,376.0,376.0,6000.0,6000.0,1,1,5,1
2020,ES,56910,SANTA TERESA,3,2,1300.0,433.3333333333333,33600.0,11200.0,2,3,22,1
2020,ES,56952,SÃO JOSÉ DO CALÇADO,2,1,764.0,382.0,5000.0,2500.0,0,1,40,1
2020,ES,56979,SÃO MATEUS,3,1,1200.0,400.0,75000.0,25000.0,0,3,29,1
2020,ES,56995,SERRA,16,6,9024.0,564.0,339664.0,21229.0,5,8,34,1
2020,ES,57010,VIANA,3,2,1194.0,398.0,23500.0,7833.333333333333,0,2,67,1
2020,ES,57037,VILA VELHA,14,6,7024.0,501.7142857142857,273664.0,19547.428571428572,3,6,67,1
2020,ES,57053,VITÓRIA,18,7,10862.0,603.4444444444445,465253.0,25847.38888888889,5,5,75,1
2020,ES,57070,MARILÂNDIA,1,1,403.0,403.0,8500.0,8500.0,0,1,22,1
2020,ES,57096,IBATIBA,3,2,1173.0,391.0,6500.0,2166.6666666666665,0,3,26,1
2020,ES,57118,RIO BANANAL,3,3,1539.0,513.0,27240.0,9080.0,1,2,37,1
2020,ES,57134,JAGUARÉ,5,4,2300.0,460.0,58600.0,11720.0,3,4,48,1
2020,ES,57150,PEDRO CANÁRIO,4,3,1710.0,427.5,32300.0,8075.0,3,4,24,1
2020,ES,57932,SANTA MARIA DE JETIBÁ,1,1,400.0,400.0,10000.0,10000.0,1,1,10,1
2020,ES,57959,VARGEM ALTA,1,1,400.0,400.0,7000.0,7000.0,1,1,5,1
2020,ES,57975,VENDA NOVA DO IMIGRANTE,3,2,1176.0,392.0,11000.0,3666.6666666666665,1,3,17,1
2020,ES,57991,ÁGUIA BRANCA,1,1,400.0,400.0,6000.0,6000.0,1,1,5,1
2020,GO,92010,ABADIÂNIA,6,4,2027.0,337.8333333333333,11250.0,1875.0,4,2,279,1
2020,GO,92029,BONFINÓPOLIS,12,6,3745.0,312.0833333333333,45800.0,3816.6666666666665,9,3,286,1
2020,GO,92037,ÁGUA LIMPA,7,4,1988.0,284.0,22500.0,3214.285714285714,6,3,109,1
2020,GO,92053,ALEXÂNIA,7,6,2354.0,336.2857142857143,32100.0,4585.714285714285,5,3,100,1
2020,GO,92061,CAMPOS VERDES,7,4,2357.0,336.7142857142857,23600.0,3371.4285714285716,6,5,52,1
2020,GO,92096,ALOÂNDIA,1,1,250.0,250.0,5500.0,5500.0,1,1,8,1
2020,GO,92100,CEZARINA,5,2,1869.0,373.8,23500.0,4700.0,3,3,159,1
2020,GO,92118,ALTO PARAÍSO DE GOIÁS,3,2,982.0,327.3333333333333,5150.0,1716.6666666666667,3,1,89,1
2020,GO,92126,COLINAS DO SUL,4,2,1269.0,317.25,7650.0,1912.5,4,0,112,1
2020,GO,92150,ALVORADA DO NORTE,2,1,684.0,342.0,2650.0,1325.0,2,0,87,1
2020,GO,92169,MORRO AGUDO DE GOIÁS,1,1,333.0,333.0,2000.0,2000.0,1,0,36,1
2020,GO,92177,AMORINÓPOLIS,2,2,600.0,300.0,5000.0,2500.0,2,2,17,1
2020,GO,92207,EDEALINA,1,1,350.0,350.0,2000.0,2000.0,1,1,28,1
2020,GO,92215,ANÁPOLIS,20,9,11012.0,550.6,145304.0,7265.2,12,10,93,1
2020,GO,92223,FAINA,1,1,360.0,360.0,2000.0,2000.0,0,1,11,1
2020,GO,92231,ANHANGÜERA,3,3,674.0,224.66666666666666,6300.0,2100.0,2,2,77,1
2020,GO,92258,ANICUNS,6,3,1881.0,313.5,26150.0,4358.333333333333,5,3,144,1
2020,GO,92266,GOUVELÂNDIA,3,3,889.0,296.3333333333333,9600.0,3200.0,2,3,29,1
2020,GO,92274,APARECIDA DE GOIÂNIA,8,5,4364.0,545.5,51992.0,6499.0,5,4,286,1
2020,GO,92282,ITAGUARI,4,3,1441.0,360.25,7150.0,1787.5,4,3,79,1
2020,GO,92312,ARAÇU,3,1,961.0,320.3333333333333,4650.0,1550.0,3,1,159,1
2020,GO,92320,MATRINCHÃ,3,2,953.0,317.6666666666667,10000.0,3333.3333333333335,3,2,46,1
2020,GO,92339,ARAGARÇAS,8,4,3143.0,392.875,26500.0,3312.5,7,4,76,1
2020,GO,92347,MIMOSO DE GOIÁS,2,1,621.0,310.5,4000.0,2000.0,2,0,123,1
2020,GO,92355,ARAGOIÂNIA,9,6,3014.0,334.8888888888889,39800.0,4422.222222222223,7,6,174,1
2020,GO,92363,MONTIVIDIU,18,9,6852.0,380.6666666666667,60700.0,3372.222222222222,9,9,256,1
2020,GO,92444,NOVO PLANALTO,3,3,928.0,309.3333333333333,8000.0,2666.6666666666665,3,2,31,1
2020,GO,92460,PALESTINA DE GOIÁS,5,2,1704.0,340.8,10500.0,2100.0,5,3,57,1
2020,GO,92495,ARUANÃ,1,1,300.0,300.0,6000.0,6000.0,1,1,7,1
2020,GO,92517,AURILÂNDIA,2,1,669.0,334.5,4000.0,2000.0,2,1,165,1
2020,GO,92550,AVELINÓPOLIS,3,1,974.0,324.6666666666667,4650.0,1550.0,3,0,152,1
2020,GO,92568,SANTA FÉ DE GOIÁS,2,2,531.0,265.5,12500.0,6250.0,1,1,37,1
2020,GO,92614,BALIZA,4,2,1314.0,328.5,10500.0,2625.0,3,2,93,1
2020,GO,92622,SÃO JOÃO DA PARAÚNA,5,3,1562.0,312.4,10150.0,2030.0,3,1,148,1
2020,GO,92630,BARRO ALTO,8,6,4639.0,579.875,26500.0,3312.5,5,5,54,1
2020,GO,92649,SÃO LUIZ DO NORTE,7,5,2212.0,316.0,25000.0,3571.4285714285716,4,4,44,1
2020,GO,92657,BELA VISTA DE GOIÁS,18,8,5857.0,325.3888888888889,66150.0,3675.0,15,10,296,1
2020,GO,92665,SÃO MIGUEL DO PASSA QUATRO,3,2,981.0,327.0,9500.0,3166.6666666666665,1,2,77,1
2020,GO,92673,BOM JARDIM DE GOIÁS,8,5,2952.0,369.0,26300.0,3287.5,6,4,122,1
2020,GO,92690,BOM JESUS DE GOIÁS,5,4,1793.0,358.6,13500.0,2700.0,5,5,17,1
2020,GO,92703,SENADOR CANEDO,28,13,13747.0,490.9642857142857,163861.0,5852.178571428572,25,13,271,1
2020,GO,92711,BRAZABRANTES,2,2,644.0,322.0,8000.0,4000.0,2,1,39,1
2020,GO,92720,SIMOLÂNDIA,2,1,688.0,344.0,2650.0,1325.0,2,0,86,1
2020,GO,92754,BRITÂNIA,1,1,402.0,402.0,3200.0,3200.0,0,1,15,1
2020,GO,92770,BURITI ALEGRE,11,6,3402.0,309.27272727272725,51532.0,4684.727272727273,11,4,164,1
2020,GO,92789,TROMBAS,3,3,904.0,301.3333333333333,6500.0,2166.6666666666665,2,2,36,1
2020,GO,92797,CABECEIRAS,3,2,900.0,300.0,6500.0,2166.6666666666665,2,0,113,1
2020,GO,92800,TURVELÂNDIA,6,5,1892.0,315.3333333333333,13150.0,2191.6666666666665,6,3,138,1
2020,GO,92819,CACHOEIRA ALTA,8,6,2615.0,326.875,41700.0,5212.5,4,3,164,1
2020,GO,92827,RIO QUENTE,4,4,1267.0,316.75,10000.0,2500.0,3,3,141,1
2020,GO,92851,CAÇU,5,4,1733.0,346.6,18000.0,3600.0,1,3,79,1
2020,GO,92860,GUARINOS,5,4,1540.0,308.0,19000.0,3800.0,4,3,39,1
2020,GO,92878,CAIAPÔNIA,12,5,4485.0,373.75,38900.0,3241.6666666666665,11,6,128,1
2020,GO,92886,COCALZINHO DE GOIÁS,3,1,903.0,301.0,6000.0,2000.0,3,0,141,1
2020,GO,92894,CALDAS NOVAS,17,11,7006.0,412.11764705882354,63640.0,3743.529411764706,14,11,177,1
2020,GO,92908,SANTO ANTÔNIO DE GOIÁS,6,3,1718.0,286.3333333333333,10650.0,1775.0,6,1,278,1
2020,GO,92916,CAMPESTRE DE GOIÁS,3,2,928.0,309.3333333333333,7000.0,2333.3333333333335,2,1,193,1
2020,GO,92924,CHAPADÃO DO CÉU,2,2,784.0,392.0,7000.0,3500.0,2,2,7,1
2020,GO,92932,CAMPINORTE,4,3,2570.0,642.5,12000.0,3000.0,4,3,38,1
2020,GO,92940,ALTO HORIZONTE,2,2,709.0,354.5,4500.0,2250.0,2,1,43,1
2020,GO,92959,CAMPO ALEGRE DE GOIÁS,1,1,301.0,301.0,12500.0,12500.0,0,1,16,1
2020,GO,92967,CASTELÂNDIA,7,6,2217.0,316.7142857142857,22000.0,3142.8571428571427,6,3,166,1
2020,GO,92975,CAMPOS BELOS,7,4,2712.0,387.42857142857144,23500.0,3357.1428571428573,5,2,241,1
2020,GO,92983,JESÚPOLIS,7,3,2143.0,306.14285714285717,16500.0,2357.1428571428573,4,3,138,1
2020,GO,92991,CARMO DO RIO VERDE,4,3,1695.0,423.75,11500.0,2875.0,2,2,47,1
2020,GO,93009,APARECIDA DO RIO DOCE,3,2,809.0,269.6666666666667,5200.0,1733.3333333333333,3,1,88,1
2020,GO,93017,CATALÃO,8,5,3842.0,480.25,27337.0,3417.125,6,2,114,1
2020,GO,93025,CIDADE OCIDENTAL,4,4,1913.0,478.25,20000.0,5000.0,4,1,71,1
2020,GO,93033,CATURAÍ,4,2,1235.0,308.75,9650.0,2412.5,4,1,155,1
2020,GO,93041,PROFESSOR JAMIL,2,1,648.0,324.0,4000.0,2000.0,2,1,164,1
2020,GO,93068,PEROLÂNDIA,3,1,1023.0,341.0,12000.0,4000.0,2,1,73,1
2020,GO,93076,CERES,6,6,2164.0,360.6666666666667,32500.0,5416.666666666667,2,5,37,1
2020,GO,93084,NOVA IGUAÇU DE GOIÁS,1,1,362.0,362.0,2000.0,2000.0,1,0,44,1
2020,GO,93092,DIVINÓPOLIS DE GOIÁS,2,2,658.0,329.0,4500.0,2250.0,1,0,115,1
2020,GO,93106,BURITI DE GOIÁS,5,2,1253.0,250.6,21000.0,4200.0,2,5,25,1
2020,GO,93122,CALDAZINHA,7,2,1992.0,284.57142857142856,21000.0,3000.0,7,2,258,1
2020,GO,93149,GUARAÍTA,4,2,1125.0,281.25,5800.0,1450.0,3,1,79,1
2020,GO,93157,CÓRREGO DO OURO,5,3,1457.0,291.4,20000.0,4000.0,3,4,36,1
2020,GO,93165,INACIOLÂNDIA,6,4,1715.0,285.8333333333333,24337.0,4056.1666666666665,5,3,154,1
2020,GO,93173,CORUMBÁ DE GOIÁS,4,3,1306.0,326.5,14000.0,3500.0,2,3,103,1
2020,GO,93181,MONTIVIDIU DO NORTE,1,1,306.0,306.0,2500.0,2500.0,1,1,26,1
2020,GO,93190,CORUMBAÍBA,11,7,3928.0,357.09090909090907,39958.0,3632.5454545454545,8,7,281,1
2020,GO,93203,SANTO ANTÔNIO DA BARRA,5,5,1521.0,304.2,9500.0,1900.0,4,2,111,1
2020,GO,93220,TEREZÓPOLIS DE GOIÁS,3,2,936.0,312.0,8000.0,2666.6666666666665,3,1,102,1
2020,GO,93246,UIRAPURU,1,1,335.0,335.0,2000.0,2000.0,1,1,29,1
2020,GO,93254,CRISTALINA,8,7,3955.0,494.375,46245.0,5780.625,5,5,51,1
2020,GO,93262,BURITINÓPOLIS,2,2,3787.0,1893.5,5000.0,2500.0,2,1,71,1
2020,GO,93270,CRISTIANÓPOLIS,13,6,4552.0,350.15384615384613,52650.0,4050.0,11,5,179,1
2020,GO,93289,VILA BOA,2,1,561.0,280.5,4000.0,2000.0,2,0,113,1
2020,GO,93297,CRIXÁS,5,4,1824.0,364.8,26500.0,5300.0,2,5,30,1
2020,GO,93300,VALPARAÍSO DE GOIÁS,9,7,5086.0,565.1111111111111,53100.0,5900.0,8,5,111,1
2020,GO,93319,CROMÍNIA,3,2,944.0,314.6666666666667,7000.0,2333.3333333333335,2,2,187,1
2020,GO,93327,NOVO GAMA,5,2,2106.0,421.2,22000.0,4400.0,2,2,138,1
2020,GO,93335,CUMARI,1,1,331.0,331.0,2000.0,2000.0,1,1,30,1
2020,GO,93343,ÁGUAS LINDAS DE GOIÁS,10,5,5955.0,595.5,42500.0,4250.0,8,4,107,1
2020,GO,93351,DAMIANÓPOLIS,1,1,346.0,346.0,2000.0,2000.0,1,1,29,1
2020,GO,93360,ABADIA DE GOIÁS,5,3,1652.0,330.4,17000.0,3400.0,3,2,269,1
2020,GO,93378,DAMOLÂNDIA,5,2,1469.0,293.8,11000.0,2200.0,5,2,269,1
2020,GO,93386,AMARALINA,2,2,643.0,321.5,4000.0,2000.0,2,0,116,1
2020,GO,93408,BONÓPOLIS,1,1,300.0,300.0,2000.0,2000.0,1,1,9,1
2020,GO,93424,PORTEIRÃO,8,7,2526.0,315.75,24650.0,3081.25,8,4,169,1
2020,GO,93432,DIORAMA,3,2,914.0,304.6666666666667,5500.0,1833.3333333333333,3,3,30,1
2020,GO,93440,SANTA RITA DO NOVO DESTINO,7,5,2437.0,348.14285714285717,34500.0,4928.571428571428,4,5,45,1
2020,GO,93483,SÃO PATRÍCIO,1,1,329.0,329.0,5000.0,5000.0,1,0,150,1
2020,GO,93491,EDÉIA,4,2,1315.0,328.75,8650.0,2162.5,4,0,288,1
2020,GO,93505,VILA PROPÍCIO,1,1,357.0,357.0,2000.0,2000.0,1,0,45,1
2020,GO,93513,ESTRELA DO NORTE,3,3,959.0,319.6666666666667,6000.0,2000.0,3,1,39,1
2020,GO,93548,IPIRANGA DE GOIÁS,2,2,645.0,322.5,4500.0,2250.0,2,1,35,1
2020,GO,93564,GAMELEIRA DE GOIÁS,7,4,1951.0,278.7142857142857,16200.0,2314.285714285714,7,4,286,1
2020,GO,93572,FIRMINÓPOLIS,9,5,4380.0,486.6666666666667,24950.0,2772.222222222222,6,1,281,1
2020,GO,93580,CAMPO LIMPO DE GOIÁS,1,1,360.0,360.0,2000.0,2000.0,1,1,29,1
2020,GO,93599,FLORES DE GOIÁS,2,1,667.0,333.5,4000.0,2000.0,2,0,116,1
2020,GO,93610,FORMOSA,6,3,2649.0,441.5,17800.0,2966.6666666666665,5,2,152,1
2020,GO,93637,FORMOSO,10,7,3219.0,321.9,25300.0,2530.0,6,6,72,1
2020,GO,93670,GOIANÁPOLIS,6,3,1864.0,310.6666666666667,18600.0,3100.0,5,2,286,1
2020,GO,93696,GOIANDIRA,1,1,356.0,356.0,2000.0,2000.0,1,1,30,1
2020,GO,93718,GOIANÉSIA,13,7,6243.0,480.2307692307692,47900.0,3684.6153846153848,6,8,66,1
2020,GO,93734,GOIÂNIA,53,14,38530.0,726.9811320754717,834607.94,15747.319622641508,30,25,279,1
2020,GO,93750,GOIANIRA,3,2,1217.0,405.6666666666667,5300.0,1766.6666666666667,3,1,86,1
2020,GO,93777,GOIÁS,4,2,1447.0,361.75,10650.0,2662.5,4,1,82,1
2020,GO,93793,GOIATUBA,10,4,3779.0,377.9,57000.0,5700.0,9,5,284,1
2020,GO,93815,GUAPÓ,12,5,4422.0,368.5,40600.0,3383.3333333333335,9,5,197,1
2020,GO,93831,GUARANI DE GOIÁS,4,3,1221.0,305.25,11000.0,2750.0,2,2,66,1
2020,GO,93874,HEITORAÍ,2,1,646.0,323.0,4000.0,2000.0,2,0,103,1
2020,GO,93890,HIDROLÂNDIA,10,2,3009.0,300.9,31650.0,3165.0,10,2,271,1
2020,GO,93912,HIDROLINA,2,2,651.0,325.5,4000.0,2000.0,1,1,40,1
2020,GO,93939,IACIARA,1,1,370.0,370.0,2000.0,2000.0,1,0,40,1
2020,GO,93955,INHUMAS,7,4,2381.0,340.14285714285717,28060.0,4008.5714285714284,5,4,276,1
2020,GO,93971,IPAMERI,11,7,8147.0,740.6363636363636,33650.0,3059.090909090909,5,6,157,1
2020,GO,93998,IPORÁ,9,6,3371.0,374.55555555555554,37000.0,4111.111111111111,8,6,42,1
2020,GO,94013,ISRAELÂNDIA,7,4,2221.0,317.2857142857143,15500.0,2214.285714285714,7,5,122,1
2020,GO,94030,ITABERAÍ,10,8,3542.0,354.2,46000.0,4600.0,8,9,124,1
2020,GO,94072,ITAGUARU,3,1,981.0,327.0,4650.0,1550.0,3,1,102,1
2020,GO,94110,ITAJÁ,5,4,1526.0,305.2,19300.0,3860.0,3,2,44,1
2020,GO,94137,ITAPACI,4,3,1576.0,394.0,29000.0,7250.0,3,1,257,1
2020,GO,94153,ITAPIRAPUÃ,4,2,1440.0,360.0,17500.0,4375.0,0,2,39,1
2020,GO,94196,ITAPURANGA,4,3,1374.0,343.5,11650.0,2912.5,3,1,115,1
2020,GO,94218,ITARUMÃ,3,2,759.0,253.0,6000.0,2000.0,3,0,46,1
2020,GO,94234,ITAUÇU,7,5,2448.0,349.7142857142857,31300.0,4471.428571428572,4,4,149,1
2020,GO,94250,ITUMBIARA,27,11,13016.0,482.0740740740741,164003.0,6074.185185185185,21,11,247,1
2020,GO,94277,IVOLÂNDIA,2,1,709.0,354.5,6000.0,3000.0,2,2,11,1
2020,GO,94293,JANDAIA,4,3,1353.0,338.25,10500.0,2625.0,3,3,151,1
2020,GO,94315,JARAGUÁ,9,6,3468.0,385.3333333333333,32800.0,3644.4444444444443,3,6,148,1
2020,GO,94331,JATAÍ,9,6,3718.0,413.1111111111111,4025500.0,447277.77777777775,3,6,38,1
2020,GO,94358,JAUPACI,5,3,1593.0,318.6,12500.0,2500.0,5,2,122,1
2020,GO,94374,JOVIÂNIA,8,4,2426.0,303.25,37500.0,4687.5,7,3,78,1
2020,GO,94390,JUSSARA,3,2,1200.0,400.0,12400.0,4133.333333333333,0,3,18,1
2020,GO,94439,LEOPOLDO DE BULHÕES,6,3,1737.0,289.5,13500.0,2250.0,4,3,264,1
2020,GO,94455,LUZIÂNIA,12,8,5701.0,475.0833333333333,47550.0,3962.5,9,6,105,1
2020,GO,94471,MAIRIPOTABA,1,1,273.0,273.0,2000.0,2000.0,1,0,176,1
2020,GO,94498,MAMBAÍ,4,4,1441.0,360.25,16000.0,4000.0,2,2,40,1
2020,GO,94510,MARA ROSA,8,7,2852.0,356.5,35500.0,4437.5,3,5,114,1
2020,GO,94536,MARZAGÃO,4,3,1309.0,327.25,13000.0,3250.0,4,3,55,1
2020,GO,94552,PARANAIGUARA,4,4,1628.0,407.0,19600.0,4900.0,2,2,137,1
2020,GO,94579,MAURILÂNDIA,2,2,596.0,298.0,9500.0,4750.0,2,1,37,1
2020,GO,94595,MINEIROS,11,4,4399.0,399.90909090909093,49000.0,4454.545454545455,4,9,57,1
2020,GO,94650,MOIPORÁ,2,1,560.0,280.0,5000.0,2500.0,2,2,25,1
2020,GO,94676,MONTE ALEGRE DE GOIÁS,4,3,1508.0,377.0,15000.0,3750.0,3,1,41,1
2020,GO,94714,MONTES CLAROS DE GOIÁS,5,4,1798.0,359.6,26000.0,5200.0,3,4,47,1
2020,GO,94730,MORRINHOS,15,8,6875.0,458.3333333333333,81300.0,5420.0,11,11,250,1
2020,GO,94757,MOSSÂMEDES,1,1,300.0,300.0,2500.0,2500.0,0,1,19,1
2020,GO,94773,MOZARLÂNDIA,3,3,1250.0,416.6666666666667,5501.0,1833.6666666666667,2,3,12,1
2020,GO,94790,MUTUNÓPOLIS,5,4,1605.0,321.0,16000.0,3200.0,4,3,88,1
2020,GO,94854,NAZÁRIO,6,4,2022.0,337.0,14150.0,2358.3333333333335,4,3,151,1
2020,GO,94870,NERÓPOLIS,7,4,2447.0,349.57142857142856,21800.0,3114.285714285714,6,2,284,1
2020,GO,94897,NIQUELÂNDIA,4,4,3910.0,977.5,12500.0,3125.0,3,2,129,1
2020,GO,94919,NOVA AMÉRICA,1,1,335.0,335.0,2000.0,2000.0,1,0,32,1
2020,GO,94935,NOVA AURORA,5,3,1208.0,241.6,13400.0,2680.0,3,3,34,1
2020,GO,94951,NOVA ROMA,1,1,343.0,343.0,2000.0,2000.0,1,0,38,1
2020,GO,94978,NOVA VENEZA,6,3,1706.0,284.3333333333333,13501.0,2250.1666666666665,5,2,271,1
2020,GO,95010,NOVO BRASIL,1,1,300.0,300.0,5500.0,5500.0,0,1,6,1
2020,GO,95036,ORIZONA,3,3,1183.0,394.3333333333333,8800.0,2933.3333333333335,2,2,32,1
2020,GO,95052,OURO VERDE DE GOIÁS,3,2,937.0,312.3333333333333,8500.0,2833.3333333333335,2,1,124,1
2020,GO,95079,OUVIDOR,9,6,3044.0,338.22222222222223,22700.0,2522.222222222222,3,9,29,1
2020,GO,95095,PADRE BERNARDO,3,2,1249.0,416.3333333333333,5650.0,1883.3333333333333,3,0,150,1
2020,GO,95117,PALMEIRAS DE GOIÁS,7,3,2411.0,344.42857142857144,18500.0,2642.8571428571427,4,5,192,1
2020,GO,95133,PALMELO,2,2,576.0,288.0,5000.0,2500.0,2,2,24,1
2020,GO,95150,PALMINÓPOLIS,5,2,1479.0,295.8,8650.0,1730.0,5,1,158,1
2020,GO,95230,PARAÚNA,2,1,659.0,329.5,4000.0,2000.0,2,0,156,1
2020,GO,95311,PETROLINA DE GOIÁS,3,2,1046.0,348.6666666666667,4650.0,1550.0,2,0,87,1
2020,GO,95354,PILAR DE GOIÁS,4,3,1198.0,299.5,11000.0,2750.0,3,1,43,1
2020,GO,95397,PIRACANJUBA,7,3,2554.0,364.85714285714283,18000.0,2571.4285714285716,7,1,156,1
2020,GO,95419,PIRANHAS,12,6,4865.0,405.4166666666667,39800.0,3316.6666666666665,9,9,100,1
2020,GO,95435,PIRENÓPOLIS,3,2,1058.0,352.6666666666667,5850.0,1950.0,2,1,94,1
2020,GO,95451,PIRES DO RIO,9,7,3495.0,388.3333333333333,37800.0,4200.0,6,5,104,1
2020,GO,95494,PONTALINA,7,4,2528.0,361.14285714285717,21000.0,3000.0,4,3,177,1
2020,GO,95559,PORANGATU,16,13,6684.0,417.75,81850.0,5115.625,12,11,273,1
2020,GO,95575,PORTELÂNDIA,2,2,596.0,298.0,7000.0,3500.0,2,2,9,1
2020,GO,95613,POSSE,7,5,2542.0,363.14285714285717,29500.0,4214.285714285715,5,2,102,1
2020,GO,95630,QUIRINÓPOLIS,7,5,3077.0,439.57142857142856,18500.0,2642.8571428571427,3,5,36,1
2020,GO,95656,RIALMA,2,2,736.0,368.0,8500.0,4250.0,2,1,37,1
2020,GO,95672,RIANÁPOLIS,3,2,925.0,308.3333333333333,7000.0,2333.3333333333335,2,2,107,1
2020,GO,95710,RIO VERDE,15,8,8733.0,582.2,52712.0,3514.133333333333,9,10,84,1
2020,GO,95737,RUBIATABA,3,3,1438.0,479.3333333333333,8500.0,2833.3333333333335,3,1,45,1
2020,GO,95753,SANCLERLÂNDIA,2,2,665.0,332.5,7000.0,3500.0,0,2,7,1
2020,GO,95770,SANTA BÁRBARA DE GOIÁS,3,1,946.0,315.3333333333333,4650.0,1550.0,3,0,149,1
2020,GO,95796,SANTA CRUZ DE GOIÁS,4,4,1246.0,311.5,11000.0,2750.0,2,1,99,1
2020,GO,95818,SANTA HELENA DE GOIÁS,4,4,1558.0,389.5,11500.0,2875.0,2,2,39,1
2020,GO,95850,SANTA ROSA DE GOIÁS,5,3,1474.0,294.8,9500.0,1900.0,4,3,123,1
2020,GO,95877,SANTA TEREZA DE GOIÁS,2,2,640.0,320.0,6000.0,3000.0,2,0,89,1
2020,GO,95893,SANTA TEREZINHA DE GOIÁS,3,3,968.0,322.6666666666667,7000.0,2333.3333333333335,2,3,30,1
2020,GO,95915,SÃO DOMINGOS,3,2,1099.0,366.3333333333333,9000.0,3000.0,2,1,64,1
2020,GO,95931,SÃO FRANCISCO DE GOIÁS,7,4,2156.0,308.0,22500.0,3214.285714285714,6,5,142,1
2020,GO,95958,PLANALTINA,7,2,3299.0,471.2857142857143,27300.0,3900.0,7,1,238,1
2020,GO,95974,SÃO JOÃO D'ALIANÇA,4,2,1303.0,325.75,8150.0,2037.5,2,1,82,1
2020,GO,95990,SÃO LUÍS DE MONTES BELOS,7,5,4335.0,619.2857142857143,15151.0,2164.4285714285716,7,4,156,1
2020,GO,96016,SÃO MIGUEL DO ARAGUAIA,1,1,379.0,379.0,2000.0,2000.0,1,0,31,1
2020,GO,96059,SÃO SIMÃO,9,7,3018.0,335.3333333333333,51345.0,5705.0,7,6,43,1
2020,GO,96075,SERRANÓPOLIS,1,1,375.0,375.0,3000.0,3000.0,1,0,56,1
2020,GO,96091,SILVÂNIA,8,5,2629.0,328.625,27000.0,3375.0,6,3,277,1
2020,GO,96113,SÍTIO D'ABADIA,1,1,339.0,339.0,2000.0,2000.0,1,0,36,1
2020,GO,96172,TAQUARAL DE GOIÁS,4,2,1404.0,351.0,18000.0,4500.0,3,2,110,1
2020,GO,96237,TRÊS RANCHOS,2,2,607.0,303.5,4700.0,2350.0,2,1,37,1
2020,GO,96253,TRINDADE,17,11,9053.0,532.5294117647059,81650.0,4802.941176470588,13,10,271,1
2020,GO,96318,TURVÂNIA,3,1,964.0,321.3333333333333,4650.0,1550.0,3,0,155,1
2020,GO,96334,URUAÇU,9,4,3923.0,435.8888888888889,48000.0,5333.333333333333,5,4,86,1
2020,GO,96350,URUANA,9,7,3761.0,417.8888888888889,25950.0,2883.3333333333335,6,6,83,1
2020,GO,96377,URUTAÍ,2,2,598.0,299.0,7000.0,3500.0,2,0,70,1
2020,GO,96393,VARJÃO,5,3,1458.0,291.6,10500.0,2100.0,5,3,180,1
2020,GO,96415,VIANÓPOLIS,8,5,2565.0,320.625,23500.0,2937.5,8,4,285,1
2020,GO,96458,ACREÚNA,7,7,2478.0,354.0,22500.0,3214.285714285714,3,4,43,1
2020,GO,96474,MINAÇU,4,3,1583.0,395.75,13000.0,3250.0,2,2,41,1
2020,GO,96512,MUNDO NOVO,4,3,1400.0,350.0,12000.0,3000.0,2,2,50,1
2020,GO,96539,NOVA CRIXÁS,4,3,1509.0,377.25,13500.0,3375.0,2,4,29,1
2020,GO,96555,NOVA GLÓRIA,3,2,1036.0,345.3333333333333,15000.0,5000.0,2,2,38,1
2020,GO,96571,VICENTINÓPOLIS,1,1,361.0,361.0,3000.0,3000.0,1,1,10,1
2020,GO,96610,AMERICANO DO BRASIL,4,2,1256.0,314.0,6650.0,1662.5,4,1,143,1
2020,GO,96695,ARAGUAPAZ,2,2,761.0,380.5,9500.0,4750.0,0,2,18,1
2020,GO,96717,ARENÓPOLIS,8,4,2764.0,345.5,20500.0,2562.5,8,4,94,1
2020,GO,96733,CACHOEIRA DOURADA,4,3,1645.0,411.25,11800.0,2950.0,4,2,44,1
2020,GO,96750,DOVERLÂNDIA,5,2,1814.0,362.8,21000.0,4200.0,3,3,51,1
2020,GO,96776,SANTO ANTÔNIO DO DESCOBERTO,2,1,580.0,290.0,4000.0,2000.0,2,0,108,1
2020,GO,96814,INDIARA,7,3,2286.0,326.57142857142856,18000.0,2571.4285714285716,5,4,145,1
2020,GO,96873,CAMPINAÇU,6,4,1783.0,297.1666666666667,22000.0,3666.6666666666665,5,3,39,1
2020,GO,96911,ADELÂNDIA,5,3,1582.0,316.4,8450.0,1690.0,3,2,166,1
2020,GO,96938,ÁGUA FRIA DE GOIÁS,2,1,640.0,320.0,4000.0,2000.0,2,0,124,1
2020,MA,07005,ÁGUA DOCE DO MARANHÃO,5,3,1914.0,382.8,21000.0,4200.0,4,1,129,1
2020,MA,07013,AFONSO CUNHA,3,2,875.0,291.6666666666667,15700.0,5233.333333333333,0,1,240,1
2020,MA,07021,ALTO ALEGRE DO MARANHÃO,2,2,771.0,385.5,8000.0,4000.0,1,2,30,1
2020,MA,07048,ALTO ALEGRE DO PINDARÉ,5,2,1478.0,295.6,38000.0,7600.0,1,3,245,1
2020,MA,07056,ALDEIAS ALTAS,1,1,4370.0,4370.0,3000.0,3000.0,1,0,152,1
2020,MA,07064,APICUM-AÇU,5,3,2053.0,410.6,19500.0,3900.0,2,1,309,1
2020,MA,07072,ALTAMIRA DO MARANHÃO,2,2,1200.0,600.0,13000.0,6500.0,2,2,6,1
2020,MA,07080,AMAPÁ DO MARANHÃO,7,5,2482.0,354.57142857142856,27500.0,3928.5714285714284,6,3,270,1
2020,MA,07102,ARAGUANÃ,4,4,1283.0,320.75,23000.0,5750.0,1,2,110,1
2020,MA,07110,AMARANTE DO MARANHÃO,2,2,1035.0,517.5,11000.0,5500.0,1,0,53,1
2020,MA,07129,BACABEIRA,4,3,1898.0,474.5,27000.0,6750.0,2,4,17,1
2020,MA,07137,ANAJATUBA,1,1,400.0,400.0,8000.0,8000.0,0,0,39,1
2020,MA,07153,ANAPURUS,2,1,929.0,464.5,8000.0,4000.0,0,1,43,1
2020,MA,07161,BELÁGUA,1,1,435.0,435.0,5000.0,5000.0,1,1,9,1
2020,MA,07170,ARAIOSES,2,2,903.0,451.5,8000.0,4000.0,1,1,150,1
2020,MA,07188,BELA VISTA DO MARANHÃO,2,2,650.0,325.0,9000.0,4500.0,1,0,57,1
2020,MA,07196,ARARI,5,3,1564.0,312.8,28000.0,5600.0,2,3,75,1
2020,MA,07200,BERNARDO DO MEARIM,1,1,300.0,300.0,5000.0,5000.0,0,0,87,1
2020,MA,07226,CACHOEIRA GRANDE,1,1,343.0,343.0,4000.0,4000.0,1,1,5,1
2020,MA,07234,BACABAL,7,5,4010.0,572.8571428571429,50000.0,7142.857142857143,2,2,127,1
2020,MA,07242,DAVINÓPOLIS,1,1,385.0,385.0,4000.0,4000.0,1,1,5,1
2020,MA,07250,BACURI,2,2,1054.0,527.0,8500.0,4250.0,2,1,296,1
2020,MA,07269,BOM JESUS DAS SELVAS,3,3,1300.0,433.3333333333333,13000.0,4333.333333333333,1,2,45,1
2020,MA,07277,BALSAS,2,1,1200.0,600.0,22000.0,11000.0,0,1,55,1
2020,MA,07293,BARÃO DE GRAJAÚ,6,3,2240.0,373.3333333333333,23500.0,3916.6666666666665,0,3,131,1
2020,MA,07315,BARRA DO CORDA,7,4,3316.0,473.7142857142857,35500.0,5071.428571428572,1,3,257,1
2020,MA,07323,BOA VISTA DO GURUPI,5,2,1916.0,383.2,17500.0,3500.0,5,2,271,1
2020,MA,07331,BARREIRINHAS,6,5,2549.0,424.8333333333333,39500.0,6583.333333333333,1,4,51,1
2020,MA,07340,BURITICUPU,4,3,2060.0,515.0,21000.0,5250.0,2,1,82,1
2020,MA,07358,BENEDITO LEITE,1,1,501.0,501.0,6500.0,6500.0,0,0,64,1
2020,MA,07366,BURITIRANA,2,1,800.0,400.0,15000.0,7500.0,2,1,69,1
2020,MA,07382,CAMPESTRE DO MARANHÃO,1,1,245.0,245.0,4000.0,4000.0,1,0,148,1
2020,MA,07390,BREJO,10,5,5429.0,542.9,44000.0,4400.0,6,3,295,1
2020,MA,07404,CAPINZAL DO NORTE,2,2,766.0,383.0,8500.0,4250.0,1,1,244,1
2020,MA,07420,CENTRAL DO MARANHÃO,3,3,1120.0,373.3333333333333,13500.0,4500.0,2,1,307,1
2020,MA,07439,BURITI BRAVO,5,4,2347.0,469.4,27000.0,5400.0,3,5,30,1
2020,MA,07471,CAJARI,5,3,2204.0,440.8,37500.0,7500.0,3,2,284,1
2020,MA,07480,CIDELÂNDIA,1,1,300.0,300.0,6000.0,6000.0,1,1,16,1
2020,MA,07498,CÂNDIDO MENDES,1,1,300.0,300.0,6000.0,6000.0,1,1,10,1
2020,MA,07501,CONCEIÇÃO DO LAGO-AÇU,1,1,372.0,372.0,4000.0,4000.0,0,1,3,1
2020,MA,07510,CANTANHEDE,6,5,2032.0,338.6666666666667,36500.0,6083.333333333333,4,3,79,1
2020,MA,07528,FEIRA NOVA DO MARANHÃO,9,5,2936.0,326.22222222222223,46000.0,5111.111111111111,9,5,110,1
2020,MA,07536,CAROLINA,5,3,1985.0,397.0,28500.0,5700.0,3,4,102,1
2020,MA,07544,FERNANDO FALCÃO,6,2,2368.0,394.6666666666667,27000.0,4500.0,0,3,247,1
2020,MA,07552,CARUTAPERA,2,2,1465.0,732.5,16000.0,8000.0,2,1,46,1
2020,MA,07560,FORMOSA DA SERRA NEGRA,6,4,2680.0,446.6666666666667,36800.0,6133.333333333333,6,4,120,1
2020,MA,07579,CAXIAS,9,5,8515.0,946.1111111111111,73000.0,8111.111111111111,4,3,146,1
2020,MA,07595,CEDRAL,2,2,700.0,350.0,10000.0,5000.0,2,2,13,1
2020,MA,07617,CHAPADINHA,2,2,700.0,350.0,16000.0,8000.0,0,1,37,1
2020,MA,07625,GOVERNADOR LUIZ ROCHA,3,2,1029.0,343.0,12500.0,4166.666666666667,3,1,111,1
2020,MA,07633,CODÓ,13,5,6140.0,472.3076923076923,79000.0,6076.923076923077,6,5,310,1
2020,MA,07641,GOVERNADOR NEWTON BELLO,2,2,658.0,329.0,10000.0,5000.0,1,1,93,1
2020,MA,07650,COELHO NETO,12,9,4171.0,347.5833333333333,72410.0,6034.166666666667,5,3,308,1
2020,MA,07668,GOVERNADOR NUNES FREIRE,6,4,3944.0,657.3333333333334,27000.0,4500.0,2,4,164,1
2020,MA,07676,COLINAS,4,2,1819.0,454.75,25000.0,6250.0,1,1,88,1
2020,MA,07692,COROATÁ,1,1,352.0,352.0,8000.0,8000.0,0,0,50,1
2020,MA,07706,ITAIPAVA DO GRAJAÚ,2,2,750.0,375.0,14000.0,7000.0,1,0,134,1
2020,MA,07714,CURURUPU,6,4,2473.0,412.1666666666667,38500.0,6416.666666666667,3,3,294,1
2020,MA,07722,ITINGA DO MARANHÃO,1,1,1000.0,1000.0,8000.0,8000.0,1,1,4,1
2020,MA,07730,DOM PEDRO,3,3,1297.0,432.3333333333333,15000.0,5000.0,2,1,154,1
2020,MA,07749,JATOBÁ,2,1,576.0,288.0,9500.0,4750.0,2,1,46,1
2020,MA,07757,DUQUE BACELAR,1,1,200.0,200.0,6000.0,6000.0,0,1,13,1
2020,MA,07765,JENIPAPO DOS VIEIRAS,3,3,1450.0,483.3333333333333,16500.0,5500.0,2,2,50,1
2020,MA,07773,ESPERANTINÓPOLIS,6,4,3101.0,516.8333333333334,31500.0,5250.0,3,4,80,1
2020,MA,07781,JUNCO DO MARANHÃO,1,1,350.0,350.0,6500.0,6500.0,1,1,2,1
2020,MA,07790,FORTALEZA DOS NOGUEIRAS,8,7,2546.0,318.25,41500.0,5187.5,6,4,107,1
2020,MA,07811,FORTUNA,2,1,888.0,444.0,11000.0,5500.0,2,2,22,1
2020,MA,07820,LAGOA DO MATO,1,1,400.0,400.0,4000.0,4000.0,1,1,8,1
2020,MA,07838,GODOFREDO VIANA,1,1,309.0,309.0,5000.0,5000.0,0,1,13,1
2020,MA,07854,GONÇALVES DIAS,4,2,1720.0,430.0,20500.0,5125.0,3,2,97,1
2020,MA,07862,LAJEADO NOVO,2,2,743.0,371.5,10000.0,5000.0,0,2,30,1
2020,MA,07870,GOVERNADOR ARCHER,5,3,1961.0,392.2,21300.0,4260.0,4,2,241,1
2020,MA,07889,MARACAÇUMÉ,7,4,3003.0,429.0,38500.0,5500.0,3,5,96,1
2020,MA,07897,GOVERNADOR EUGÊNIO BARROS,1,1,460.0,460.0,3000.0,3000.0,1,0,102,1
2020,MA,07919,GRAÇA ARANHA,2,1,604.0,302.0,9500.0,4750.0,2,1,48,1
2020,MA,07935,GRAJAÚ,6,4,2792.0,465.3333333333333,56500.0,9416.666666666666,3,2,133,1
2020,MA,07943,MATÕES DO NORTE,1,1,400.0,400.0,2500.0,2500.0,1,1,7,1
2020,MA,07978,HUMBERTO DE CAMPOS,4,2,2088.0,522.0,22300.0,5575.0,1,1,240,1
2020,MA,07986,NOVA COLINAS,1,1,300.0,300.0,4000.0,4000.0,1,1,11,1
2020,MA,08001,NOVA OLINDA DO MARANHÃO,1,1,400.0,400.0,8000.0,8000.0,0,1,30,1
2020,MA,08010,IGARAPÉ GRANDE,1,1,353.0,353.0,5000.0,5000.0,0,0,89,1
2020,MA,08028,OLINDA NOVA DO MARANHÃO,1,1,400.0,400.0,3500.0,3500.0,1,1,6,1
2020,MA,08036,IMPERATRIZ,10,8,7163.0,716.3,79500.0,7950.0,4,9,100,1
2020,MA,08044,PAULINO NEVES,2,2,1033.0,516.5,7000.0,3500.0,2,1,134,1
2020,MA,08052,SÃO LUÍS GONZAGA DO MARANHÃO,3,2,1491.0,497.0,12000.0,4000.0,2,2,74,1
2020,MA,08060,PEDRO DO ROSÁRIO,6,5,2202.0,367.0,30200.0,5033.333333333333,1,3,280,1
2020,MA,08079,ITAPECURU MIRIM,2,2,2973.0,1486.5,17000.0,8500.0,1,1,52,1
2020,MA,08087,PERITORÓ,4,2,1528.0,382.0,23000.0,5750.0,3,3,119,1
2020,MA,08095,JOÃO LISBOA,7,3,4159.0,594.1428571428571,34500.0,4928.571428571428,4,4,258,1
2020,MA,08109,PORTO RICO DO MARANHÃO,2,1,719.0,359.5,5500.0,2750.0,2,1,306,1
2020,MA,08117,JOSELÂNDIA,2,1,679.0,339.5,9500.0,4750.0,2,1,49,1
2020,MA,08125,PRESIDENTE MÉDICI,4,2,1444.0,361.0,24000.0,6000.0,4,3,44,1
2020,MA,08133,LAGO DA PEDRA,9,4,4040.0,448.8888888888889,50000.0,5555.555555555556,5,5,245,1
2020,MA,08150,LAGO DO JUNCO,1,1,252.0,252.0,7000.0,7000.0,0,1,11,1
2020,MA,08168,RAPOSA,13,8,6069.0,466.84615384615387,69500.0,5346.153846153846,6,6,54,1
2020,MA,08176,LAGO VERDE,3,3,1100.0,366.6666666666667,13000.0,4333.333333333333,1,0,208,1
2020,MA,08184,RIBAMAR FIQUENE,3,1,1800.0,600.0,15000.0,5000.0,3,3,14,1
2020,MA,08192,LIMA CAMPOS,3,2,1200.0,400.0,12000.0,4000.0,1,1,73,1
2020,MA,08206,SANTA FILOMENA DO MARANHÃO,3,3,935.0,311.6666666666667,16500.0,5500.0,2,2,105,1
2020,MA,08214,LORETO,1,1,200.0,200.0,5000.0,5000.0,1,1,6,1
2020,MA,08222,SANTANA DO MARANHÃO,3,2,886.0,295.3333333333333,13500.0,4500.0,3,2,91,1
2020,MA,08257,MAGALHÃES DE ALMEIDA,2,1,866.0,433.0,6500.0,3250.0,2,1,146,1
2020,MA,08265,SÃO DOMINGOS DO AZEITÃO,2,2,590.0,295.0,11500.0,5750.0,1,2,5,1
2020,MA,08273,MATA ROMA,1,1,252.0,252.0,8000.0,8000.0,0,1,25,1
2020,MA,08281,SÃO FRANCISCO DO BREJÃO,4,2,2100.0,525.0,19000.0,4750.0,4,4,17,1
2020,MA,08290,MATINHA,2,2,770.0,385.0,7500.0,3750.0,0,0,76,1
2020,MA,08303,SÃO JOÃO DO CARÚ,3,1,1200.0,400.0,15000.0,5000.0,0,1,105,1
2020,MA,08311,MATÕES,10,5,4358.0,435.8,80900.0,8090.0,3,2,303,1
2020,MA,08320,SÃO JOÃO DO PARAÍSO,2,1,1200.0,600.0,8000.0,4000.0,2,2,13,1
2020,MA,08338,MIRADOR,5,3,2370.0,474.0,16500.0,3300.0,1,2,49,1
2020,MA,08346,SÃO JOÃO DO SOTER,8,6,2881.0,360.125,42500.0,5312.5,7,4,153,1
2020,MA,08354,MIRINZAL,5,3,2085.0,417.0,20500.0,4100.0,1,2,308,1
2020,MA,08362,SÃO JOSÉ DOS BASÍLIOS,1,1,388.0,388.0,2500.0,2500.0,1,0,82,1
2020,MA,08370,MONÇÃO,1,1,322.0,322.0,3000.0,3000.0,0,0,85,1
2020,MA,08389,SÃO PEDRO DA ÁGUA BRANCA,1,1,385.0,385.0,4000.0,4000.0,1,1,5,1
2020,MA,08397,MONTES ALTOS,2,1,1200.0,600.0,10000.0,5000.0,1,2,16,1
2020,MA,08400,SÃO PEDRO DOS CRENTES,1,1,300.0,300.0,6000.0,6000.0,1,0,110,1
2020,MA,08419,MORROS,4,4,1718.0,429.5,26000.0,6500.0,4,3,281,1
2020,MA,08427,SÃO RAIMUNDO DO DOCA BEZERRA,2,2,452.0,226.0,8000.0,4000.0,0,0,38,1
2020,MA,08443,SÃO ROBERTO,1,1,300.0,300.0,6000.0,6000.0,1,0,31,1
2020,MA,08451,NOVA IORQUE,3,2,1031.0,343.6666666666667,11500.0,3833.3333333333335,2,2,40,1
2020,MA,08460,SATUBINHA,2,2,670.0,335.0,7500.0,3750.0,2,1,43,1
2020,MA,08478,OLHO D'ÁGUA DAS CUNHÃS,5,3,2002.0,400.4,22000.0,4400.0,5,2,301,1
2020,MA,08486,SENADOR ALEXANDRE COSTA,2,2,736.0,368.0,11000.0,5500.0,1,0,100,1
2020,MA,08494,PAÇO DO LUMIAR,11,5,4375.0,397.72727272727275,53300.0,4845.454545454545,1,3,162,1
2020,MA,08508,SENADOR LA ROCQUE,7,3,3465.0,495.0,42000.0,6000.0,6,5,105,1
2020,MA,08516,PALMEIRÂNDIA,2,1,892.0,446.0,25000.0,12500.0,2,2,28,1
2020,MA,08524,SERRANO DO MARANHÃO,8,4,2532.0,316.5,48000.0,6000.0,2,3,299,1
2020,MA,08532,PARAIBANO,1,1,400.0,400.0,8000.0,8000.0,0,1,30,1
2020,MA,08540,SUCUPIRA DO RIACHÃO,3,2,742.0,247.33333333333334,13500.0,4500.0,0,1,134,1
2020,MA,08559,PARNARAMA,1,1,300.0,300.0,6000.0,6000.0,1,1,15,1
2020,MA,08567,TRIZIDELA DO VALE,5,4,2496.0,499.2,29500.0,5900.0,3,3,83,1
2020,MA,08575,PASSAGEM FRANCA,1,1,500.0,500.0,6000.0,6000.0,0,1,9,1
2020,MA,08591,PASTOS BONS,11,8,4392.0,399.27272727272725,66500.0,6045.454545454545,5,7,246,1
2020,MA,08605,TURILÂNDIA,1,1,300.0,300.0,6000.0,6000.0,0,1,11,1
2020,MA,08613,PEDREIRAS,8,8,3124.0,390.5,42150.0,5268.75,3,3,93,1
2020,MA,08621,VILA NOVA DOS MARTÍRIOS,2,2,705.0,352.5,8000.0,4000.0,2,0,54,1
2020,MA,08630,PENALVA,2,1,1082.0,541.0,8000.0,4000.0,0,2,25,1
2020,MA,08656,PERI MIRIM,2,1,600.0,300.0,12000.0,6000.0,2,1,37,1
2020,MA,08699,PINHEIRO,14,8,6513.0,465.2142857142857,116000.0,8285.714285714286,8,8,101,1
2020,MA,08710,PIO XII,1,1,400.0,400.0,8000.0,8000.0,1,0,45,1
2020,MA,08737,PIRAPEMAS,4,3,1440.0,360.0,18000.0,4500.0,2,3,57,1
2020,MA,08753,POÇÃO DE PEDRAS,6,2,3015.0,502.5,33000.0,5500.0,5,3,129,1
2020,MA,08770,PORTO FRANCO,1,1,500.0,500.0,5000.0,5000.0,0,1,6,1
2020,MA,08796,PRESIDENTE DUTRA,6,6,3213.0,535.5,34000.0,5666.666666666667,2,2,105,1
2020,MA,08818,PRESIDENTE JUSCELINO,1,1,530.0,530.0,3000.0,3000.0,1,1,3,1
2020,MA,08877,RIACHÃO,6,5,2150.0,358.3333333333333,24800.0,4133.333333333333,4,4,64,1
2020,MA,08893,SÃO JOSÉ DE RIBAMAR,11,6,5702.0,518.3636363636364,64000.0,5818.181818181818,3,6,143,1
2020,MA,08915,ROSÁRIO,4,4,2316.0,579.0,24500.0,6125.0,1,3,35,1
2020,MA,08931,SAMBAÍBA,2,2,510.0,255.0,8300.0,4150.0,1,2,25,1
2020,MA,08958,SANTA HELENA,6,3,2300.0,383.3333333333333,59000.0,9833.333333333334,2,2,239,1
2020,MA,08974,SANTA LUZIA,4,2,1669.0,417.25,29037.0,7259.25,1,1,270,1
2020,MA,08990,SANTA QUITÉRIA DO MARANHÃO,2,1,1003.0,501.5,6500.0,3250.0,2,1,150,1
2020,MA,09016,SANTA RITA,1,1,359.0,359.0,2500.0,2500.0,0,1,16,1
2020,MA,09032,SANTO ANTÔNIO DOS LOPES,4,2,2084.0,521.0,11500.0,2875.0,3,0,289,1
2020,MA,09059,SÃO BENEDITO DO RIO PRETO,2,2,930.0,465.0,7000.0,3500.0,1,2,21,1
2020,MA,09075,SÃO BENTO,3,3,1060.0,353.3333333333333,18000.0,6000.0,1,1,51,1
2020,MA,09091,SÃO BERNARDO,2,1,1048.0,524.0,6500.0,3250.0,2,1,95,1
2020,MA,09113,SÃO DOMINGOS DO MARANHÃO,8,6,3907.0,488.375,39000.0,4875.0,4,5,84,1
2020,MA,09130,SÃO FÉLIX DE BALSAS,1,1,300.0,300.0,4000.0,4000.0,0,0,128,1
2020,MA,09156,SÃO FRANCISCO DO MARANHÃO,1,1,300.0,300.0,6000.0,6000.0,0,0,125,1
2020,MA,09172,SÃO JOÃO BATISTA,3,3,1851.0,617.0,15000.0,5000.0,2,3,24,1
2020,MA,09199,SÃO JOÃO DOS PATOS,5,4,1723.0,344.6,18000.0,3600.0,2,3,127,1
2020,MA,09210,SÃO LUÍS,56,17,53444.0,954.3571428571429,953872.25,17033.433035714286,18,23,289,1
2020,MA,09237,SÃO MATEUS DO MARANHÃO,5,3,2300.0,460.0,33000.0,6600.0,2,4,48,1
2020,MA,09253,SÃO RAIMUNDO DAS MANGABEIRAS,2,2,700.0,350.0,9500.0,4750.0,1,2,25,1
2020,MA,09270,SÃO VICENTE FERRER,1,1,330.0,330.0,3500.0,3500.0,1,1,29,1
2020,MA,09296,SÍTIO NOVO,3,2,852.0,284.0,13000.0,4333.333333333333,2,1,237,1
2020,MA,09318,SUCUPIRA DO NORTE,1,1,412.0,412.0,6500.0,6500.0,0,1,2,1
2020,MA,09334,TASSO FRAGOSO,1,1,137.0,137.0,3500.0,3500.0,0,0,32,1
2020,MA,09350,TIMBIRAS,2,2,881.0,440.5,9000.0,4500.0,0,2,28,1
2020,MA,09377,TIMON,18,11,8726.0,484.77777777777777,124300.0,6905.555555555556,6,7,308,1
2020,MA,09393,TUNTUM,11,4,6159.0,559.9090909090909,62000.0,5636.363636363636,2,4,287,1
2020,MA,09415,TURIAÇU,1,1,300.0,300.0,7000.0,7000.0,1,1,24,1
2020,MA,09431,TUTÓIA,3,3,1435.0,478.3333333333333,15500.0,5166.666666666667,2,2,136,1
2020,MA,09458,URBANO SANTOS,2,2,1045.0,522.5,9500.0,4750.0,1,2,9,1
2020,MA,09474,VARGEM GRANDE,4,3,1440.0,360.0,19000.0,4750.0,1,0,81,1
2020,MA,09490,VIANA,6,5,2881.0,480.1666666666667,51000.0,8500.0,4,4,95,1
2020,MA,09512,VITÓRIA DO MEARIM,8,5,2717.0,339.625,67500.0,8437.5,7,3,79,1
2020,MA,09539,VITORINO FREIRE,2,2,849.0,424.5,11000.0,5500.0,2,1,31,1
2020,MA,09555,BOM JARDIM,1,1,600.0,600.0,6000.0,6000.0,0,1,5,1
2020,MA,09571,SANTA INÊS,2,2,1648.0,824.0,15500.0,7750.0,1,0,51,1
2020,MA,09598,PAULO RAMOS,3,2,1390.0,463.3333333333333,22500.0,7500.0,1,2,57,1
2020,MA,09610,AÇAILÂNDIA,5,2,3000.0,600.0,50000.0,10000.0,2,2,243,1
2020,MA,09636,ESTREITO,3,2,1726.0,575.3333333333334,16500.0,5500.0,3,2,44,1
2020,MA,09652,SANTA LUZIA DO PARUÁ,2,2,806.0,403.0,8000.0,4000.0,1,1,34,1
2020,MA,09679,ARAME,1,1,385.0,385.0,4000.0,4000.0,1,1,3,1
2020,MA,09695,MIRANDA DO NORTE,2,2,2104.0,1052.0,22000.0,11000.0,2,2,21,1
2020,MA,09717,ZÉ DOCA,2,1,994.0,497.0,11000.0,5500.0,0,1,162,1
2020,MG,40002,ALFREDO VASCONCELOS,1,1,250.0,250.0,8400.0,8400.0,0,1,5,1
2020,MG,40010,ABADIA DOS DOURADOS,4,2,1444.0,361.0,41516.0,10379.0,2,4,12,1
2020,MG,40029,ARAPORÃ,11,5,3912.0,355.6363636363636,52132.0,4739.272727272727,10,10,103,1
2020,MG,40037,ABAETÉ,4,3,1532.0,383.0,31698.0,7924.5,2,4,16,1
2020,MG,40045,BRASILÂNDIA DE MINAS,3,2,1362.0,454.0,15498.0,5166.0,3,2,71,1
2020,MG,40088,CARNEIRINHO,4,4,1154.0,288.5,23816.0,5954.0,4,4,15,1
2020,MG,40096,AÇUCENA,3,3,1000.0,333.3333333333333,12500.0,4166.666666666667,1,3,11,1
2020,MG,40169,DURANDÉ,1,1,302.0,302.0,10000.0,10000.0,1,1,4,1
2020,MG,40240,ICARAÍ DE MINAS,1,1,210.0,210.0,2900.0,2900.0,0,1,22,1
2020,MG,40266,IPABA,2,2,822.0,411.0,10000.0,5000.0,0,2,16,1
2020,MG,40282,JAÍBA,3,3,1102.0,367.3333333333333,22958.0,7652.666666666667,1,3,8,1
2020,MG,40290,ALÉM PARAÍBA,2,1,1238.0,619.0,5000.0,2500.0,1,2,18,1
2020,MG,40312,ALFENAS,11,5,6235.0,566.8181818181819,93500.0,8500.0,10,6,285,1
2020,MG,40320,JUATUBA,1,1,307.0,307.0,9500.0,9500.0,1,1,23,1
2020,MG,40347,LAGOA GRANDE,2,1,614.0,307.0,17806.0,8903.0,2,2,16,1
2020,MG,40355,ALPERCATA,1,1,429.0,429.0,10000.0,10000.0,1,1,12,1
2020,MG,40363,LIMEIRA DO OESTE,5,2,1513.0,302.6,26777.0,5355.4,4,4,46,1
2020,MG,40371,ALPINÓPOLIS,6,5,2190.0,365.0,34208.0,5701.333333333333,5,5,240,1
2020,MG,40398,ALTEROSA,4,3,1389.0,347.25,26200.0,6550.0,3,4,29,1
2020,MG,40452,ALVINÓPOLIS,3,2,1208.0,402.6666666666667,30000.0,10000.0,2,3,9,1
2020,MG,40487,NAQUE,1,1,392.0,392.0,7000.0,7000.0,1,1,11,1
2020,MG,40517,ANDRADAS,1,1,402.0,402.0,9200.0,9200.0,0,1,9,1
2020,MG,40533,CACHOEIRA DE PAJEÚ,3,3,1096.0,365.3333333333333,18000.0,6000.0,0,3,9,1
2020,MG,40541,PEDRAS DE MARIA DA CRUZ,1,1,210.0,210.0,2900.0,2900.0,0,1,12,1
2020,MG,40550,ANDRELÂNDIA,1,1,245.0,245.0,2800.0,2800.0,1,1,18,1
2020,MG,40584,PONTO DOS VOLANTES,1,1,350.0,350.0,8000.0,8000.0,1,1,9,1
2020,MG,40592,ANTÔNIO DIAS,1,1,400.0,400.0,8000.0,8000.0,0,1,16,1
2020,MG,40649,SANTA BÁRBARA DO LESTE,2,1,732.0,366.0,11000.0,5500.0,2,2,21,1
2020,MG,40681,SANTANA DO PARAÍSO,4,3,1785.0,446.25,21000.0,5250.0,2,3,57,1
2020,MG,40690,ARAGUARI,4,3,1724.0,431.0,56731.1,14182.775,2,3,37,1
2020,MG,40703,SÃO JOÃO DA LAGOA,1,1,300.0,300.0,5000.0,5000.0,1,1,4,1
2020,MG,40720,SÃO JOÃO DO MANHUAÇU,1,1,405.0,405.0,5000.0,5000.0,1,1,9,1
2020,MG,40770,ARAÚJOS,2,2,423.0,211.5,11000.0,5500.0,1,2,20,1
2020,MG,40797,ARAXÁ,5,3,2762.0,552.4,55877.0,11175.4,4,4,43,1
2020,MG,40800,SARZEDO,1,1,454.0,454.0,4500.0,4500.0,0,1,7,1
2020,MG,40819,ARCEBURGO,4,3,1321.0,330.25,31800.0,7950.0,4,3,35,1
2020,MG,40835,ARCOS,1,1,402.0,402.0,11658.0,11658.0,1,1,16,1
2020,MG,40851,AREADO,1,1,403.0,403.0,5000.0,5000.0,1,1,3,1
2020,MG,40860,UBAPORANGA,1,1,371.0,371.0,5000.0,5000.0,1,1,5,1
2020,MG,40886,URUCUIA,1,1,322.0,322.0,9338.0,9338.0,1,1,2,1
2020,MG,40894,ARINOS,1,1,362.0,362.0,10498.0,10498.0,1,1,16,1
2020,MG,40932,ATALÉIA,1,1,410.0,410.0,10000.0,10000.0,1,1,4,1
2020,MG,40940,JUVENÍLIA,1,1,210.0,210.0,2900.0,2900.0,0,1,11,1
2020,MG,41017,BAMBUÍ,4,2,1512.0,378.0,37048.0,9262.0,3,2,37,1
2020,MG,41025,MÁRIO CAMPOS,5,1,2000.0,400.0,5400.0,1080.0,5,2,131,1
2020,MG,41076,BARÃO DE COCAIS,2,2,730.0,365.0,11000.0,5500.0,1,2,8,1
2020,MG,41114,BARBACENA,5,2,2748.0,549.6,48465.3,9693.060000000001,4,2,96,1
2020,MG,41130,BARRA LONGA,1,1,300.0,300.0,3500.0,3500.0,0,1,5,1
2020,MG,41238,BELO HORIZONTE,39,8,41194.0,1056.2564102564102,1869818.33,47944.05974358974,13,18,299,1
2020,MG,41254,BELO ORIENTE,1,1,321.0,321.0,5000.0,5000.0,0,1,11,1
2020,MG,41300,PATIS,1,1,210.0,210.0,2900.0,2900.0,0,1,13,1
2020,MG,41335,BETIM,11,3,13226.0,1202.3636363636363,466917.21,42447.019090909096,3,5,180,1
2020,MG,41343,PIEDADE DE CARATINGA,3,2,816.0,272.0,7900.0,2633.3333333333335,3,3,17,1
2020,MG,41360,PINGO D'ÁGUA,2,2,500.0,250.0,4000.0,2000.0,2,2,8,1
2020,MG,41416,BOA ESPERANÇA,1,1,400.0,400.0,5000.0,5000.0,1,1,4,1
2020,MG,41432,BOCAINA DE MINAS,1,1,650.0,650.0,8000.0,8000.0,1,1,10,1
2020,MG,41459,BOCAIÚVA,1,1,400.0,400.0,8000.0,8000.0,1,1,14,1
2020,MG,41475,BOM DESPACHO,1,1,400.0,400.0,10000.0,10000.0,1,1,16,1
2020,MG,41513,BOM JESUS DA PENHA,1,1,401.0,401.0,5400.0,5400.0,1,1,7,1
2020,MG,41556,BOM JESUS DO GALHO,2,2,673.0,336.5,6500.0,3250.0,2,2,7,1
2020,MG,41564,SÃO FÉLIX DE MINAS,2,2,680.0,340.0,14000.0,7000.0,1,2,29,1
2020,MG,41572,BOM REPOUSO,5,2,1605.0,321.0,25500.0,5100.0,4,3,74,1
2020,MG,41645,SÃO JOSÉ DA BARRA,1,1,220.0,220.0,2500.0,2500.0,1,0,164,1
2020,MG,41653,BORDA DA MATA,3,3,1154.0,384.6666666666667,15000.0,5000.0,3,3,13,1
2020,MG,41688,ANGELÂNDIA,2,2,564.0,282.0,16000.0,8000.0,1,2,7,1
2020,MG,41718,BRASÍLIA DE MINAS,3,3,1152.0,384.0,16800.0,5600.0,1,3,10,1
2020,MG,41734,BRÁS PIRES,1,1,250.0,250.0,8400.0,8400.0,0,1,11,1
2020,MG,41750,BRAÚNAS,1,1,350.0,350.0,5000.0,5000.0,0,1,5,1
2020,MG,41793,BRUMADINHO,3,3,1200.0,400.0,37250.0,12416.666666666666,1,3,6,1
2020,MG,41823,CANTAGALO,1,1,320.0,320.0,4800.0,4800.0,0,0,-26,1
2020,MG,41858,BURITIS,5,3,1867.0,373.4,30298.0,6059.6,2,5,16,1
2020,MG,41874,BURITIZEIRO,1,1,240.0,240.0,8719.68,8719.68,0,1,8,1
2020,MG,41890,CABO VERDE,6,5,2176.0,362.6666666666667,31800.0,5300.0,5,5,144,1
2020,MG,41939,CACHOEIRA DE MINAS,1,1,400.0,400.0,4375.0,4375.0,0,1,12,1
2020,MG,41947,CÓRREGO FUNDO,1,1,401.0,401.0,4600.0,4600.0,1,1,12,1
2020,MG,41955,CACHOEIRA DOURADA,3,3,1024.0,341.3333333333333,14000.0,4666.666666666667,3,3,7,1
2020,MG,42013,CAIANA,1,1,305.0,305.0,2300.0,2300.0,0,1,8,1
2020,MG,42056,CALDAS,3,3,1040.0,346.6666666666667,17300.0,5766.666666666667,1,3,9,1
2020,MG,42072,CAMACHO,3,2,678.0,226.0,15000.0,5000.0,2,3,18,1
2020,MG,42099,CAMANDUCAIA,4,3,2000.0,500.0,15600.0,3900.0,3,1,97,1
2020,MG,42110,CAMBUÍ,2,1,630.0,315.0,11000.0,5500.0,1,1,43,1
2020,MG,42129,GLAUCILÂNDIA,1,1,210.0,210.0,7500.0,7500.0,0,1,13,1
2020,MG,42137,CAMBUQUIRA,1,1,405.0,405.0,3000.0,3000.0,1,1,10,1
2020,MG,42170,CAMPANHA,2,2,803.0,401.5,14000.0,7000.0,2,2,15,1
2020,MG,42196,CAMPESTRE,4,3,1362.0,340.5,26600.0,6650.0,2,2,7,1
2020,MG,42200,IBIRACATU,1,1,210.0,210.0,2900.0,2900.0,0,1,8,1
2020,MG,42218,CAMPINA VERDE,6,2,1975.0,329.1666666666667,35202.0,5867.0,4,5,42,1
2020,MG,42226,IMBÉ DE MINAS,1,1,254.0,254.0,4000.0,4000.0,1,1,6,1
2020,MG,42234,CAMPO BELO,2,2,730.0,365.0,21700.0,10850.0,0,2,6,1
2020,MG,42250,CAMPO DO MEIO,3,3,978.0,326.0,26100.0,8700.0,3,2,55,1
2020,MG,42277,CAMPO FLORIDO,3,2,853.0,284.3333333333333,14287.0,4762.333333333333,3,2,155,1
2020,MG,42293,CAMPOS ALTOS,1,1,322.0,322.0,9338.0,9338.0,1,1,24,1
2020,MG,42307,JOSÉ GONÇALVES DE MINAS,1,1,201.0,201.0,5000.0,5000.0,0,1,4,1
2020,MG,42315,CAMPOS GERAIS,9,4,3485.0,387.22222222222223,54100.0,6011.111111111111,9,5,201,1
2020,MG,42358,CANÁPOLIS,4,3,1373.0,343.25,25038.0,6259.5,4,3,89,1
2020,MG,42366,SÃO SEBASTIÃO DO ANTA,1,1,360.0,360.0,4000.0,4000.0,1,1,7,1
2020,MG,42447,UNIÃO DE MINAS,7,4,1732.0,247.42857142857142,25678.0,3668.285714285714,5,6,42,1
2020,MG,42455,CAPELINHA,1,1,535.0,535.0,10000.0,10000.0,0,1,11,1
2020,MG,42471,CAPETINGA,1,1,414.0,414.0,6000.0,6000.0,1,1,10,1
2020,MG,42498,CAPIM BRANCO,3,1,1200.0,400.0,5000.0,1666.6666666666667,3,1,142,1
2020,MG,42501,VARJÃO DE MINAS,2,1,569.0,284.5,16501.0,8250.5,2,2,12,1
2020,MG,42510,CAPINÓPOLIS,1,1,324.0,324.0,9396.0,9396.0,1,1,24,1
2020,MG,42528,VERDELÂNDIA,1,1,235.0,235.0,6800.0,6800.0,0,1,4,1
2020,MG,42552,CAPITÓLIO,4,4,1255.0,313.75,22000.0,5500.0,1,3,143,1
2020,MG,42579,CAPUTIRA,1,1,300.0,300.0,3000.0,3000.0,1,1,6,1
2020,MG,42676,CARATINGA,8,4,4236.0,529.5,54895.0,6861.875,8,5,252,1
2020,MG,42730,CARLOS CHAGAS,1,1,376.0,376.0,2000.0,2000.0,0,1,17,1
2020,MG,42854,CARMO DO PARANAÍBA,3,2,1127.0,375.6666666666667,31942.0,10647.333333333334,2,2,40,1
2020,MG,42870,CARMO DO RIO CLARO,6,3,2545.0,424.1666666666667,36000.0,6000.0,4,4,171,1
2020,MG,42897,CARMÓPOLIS DE MINAS,1,1,400.0,400.0,7000.0,7000.0,0,1,6,1
2020,MG,42994,CASCALHO RICO,1,1,263.0,263.0,7627.0,7627.0,1,1,16,1
2020,MG,43010,CÁSSIA,2,2,633.0,316.5,12338.0,6169.0,2,1,143,1
2020,MG,43095,CAXAMBU,3,3,1156.0,385.3333333333333,24400.0,8133.333333333333,3,3,16,1
2020,MG,43133,CENTRAL DE MINAS,1,1,340.0,340.0,10000.0,10000.0,1,1,16,1
2020,MG,43150,CENTRALINA,10,6,3123.0,312.3,47432.0,4743.2,8,9,31,1
2020,MG,43214,CHAPADA DO NORTE,1,1,350.0,350.0,8000.0,8000.0,1,1,8,1
2020,MG,43290,CLARO DOS POÇÕES,1,1,300.0,300.0,6000.0,6000.0,0,1,5,1
2020,MG,43311,CLÁUDIO,1,1,400.0,400.0,3000.0,3000.0,1,1,4,1
2020,MG,43338,COIMBRA,1,1,362.0,362.0,6600.0,6600.0,0,1,7,1
2020,MG,43370,COMENDADOR GOMES,4,4,1163.0,290.75,21858.0,5464.5,4,4,13,1
2020,MG,43419,CONCEIÇÃO DA APARECIDA,3,2,1008.0,336.0,17500.0,5833.333333333333,3,2,106,1
2020,MG,43451,CONCEIÇÃO DAS ALAGOAS,3,2,1025.0,341.6666666666667,24025.0,8008.333333333333,3,2,43,1
2020,MG,43494,CONCEIÇÃO DO MATO DENTRO,1,1,603.0,603.0,8000.0,8000.0,0,0,41,1
2020,MG,43532,CONCEIÇÃO DO RIO VERDE,1,1,306.0,306.0,8300.0,8300.0,1,0,-13,1
2020,MG,43591,CONGONHAS,3,2,1200.0,400.0,43832.0,14610.666666666666,1,3,28,1
2020,MG,43630,CONQUISTA,1,1,302.0,302.0,8758.0,8758.0,1,1,23,1
2020,MG,43656,CONSELHEIRO LAFAIETE,4,3,1800.0,450.0,50000.0,12500.0,3,4,15,1
2020,MG,43710,CONTAGEM,25,11,19598.0,783.92,549510.0,21980.4,15,12,101,1
2020,MG,43753,CORAÇÃO DE JESUS,1,1,400.0,400.0,8000.0,8000.0,1,1,14,1
2020,MG,43850,COROMANDEL,9,4,3705.0,411.6666666666667,61988.0,6887.555555555556,7,7,42,1
2020,MG,43877,CORONEL FABRICIANO,1,1,602.0,602.0,7000.0,7000.0,0,1,10,1
2020,MG,43893,CORONEL MURTA,1,1,366.0,366.0,8000.0,8000.0,0,1,11,1
2020,MG,43990,CÓRREGO NOVO,2,2,500.0,250.0,4000.0,2000.0,2,2,8,1
2020,MG,44059,CRISTÁLIA,1,1,250.0,250.0,8000.0,8000.0,0,1,4,1
2020,MG,44130,CRUZEIRO DA FORTALEZA,1,1,253.0,253.0,7337.0,7337.0,1,1,14,1
2020,MG,44172,CURVELO,1,1,500.0,500.0,15000.0,15000.0,0,1,8,1
2020,MG,44199,DATAS,1,1,200.0,200.0,4500.0,4500.0,0,1,5,1
2020,MG,44350,DIONÍSIO,1,1,300.0,300.0,8000.0,8000.0,0,1,4,1
2020,MG,44458,DIVINÓPOLIS,7,5,3771.0,538.7142857142857,105575.0,15082.142857142857,5,5,98,1
2020,MG,44474,DIVISA NOVA,1,1,305.0,305.0,10900.0,10900.0,1,1,5,1
2020,MG,44490,DOM CAVATI,4,3,1053.0,263.25,11000.0,2750.0,3,3,16,1
2020,MG,44717,ELÓI MENDES,6,5,2068.0,344.6666666666667,59000.0,9833.333333333334,6,6,25,1
2020,MG,44733,ENGENHEIRO CALDAS,1,1,300.0,300.0,8000.0,8000.0,0,1,5,1
2020,MG,44776,ENTRE RIOS DE MINAS,1,1,257.0,257.0,3000.0,3000.0,1,1,11,1
2020,MG,44814,ESMERALDAS,5,4,2428.0,485.6,74952.0,14990.4,4,5,30,1
2020,MG,44830,ESPERA FELIZ,1,1,461.0,461.0,1500.0,1500.0,0,0,-202,1
2020,MG,44857,ESPINOSA,2,2,700.0,350.0,16550.0,8275.0,0,2,10,1
2020,MG,44890,ESTIVA,2,2,500.0,250.0,8900.0,4450.0,1,2,7,1
2020,MG,44954,ESTRELA DO SUL,1,1,303.0,303.0,8787.0,8787.0,1,1,16,1
2020,MG,45012,EXTREMA,3,2,1200.0,400.0,37789.0,12596.333333333334,2,3,11,1
2020,MG,45136,FELIXLÂNDIA,1,1,420.0,420.0,10000.0,10000.0,0,1,8,1
2020,MG,45217,FORMIGA,1,1,350.0,350.0,9000.0,9000.0,0,1,8,1
2020,MG,45276,FORTUNA DE MINAS,1,1,175.0,175.0,6000.0,6000.0,0,1,6,1
2020,MG,45292,FRANCISCO BADARÓ,1,1,366.0,366.0,6500.0,6500.0,0,1,10,1
2020,MG,45390,FRONTEIRA,6,4,1977.0,329.5,34154.0,5692.333333333333,6,3,133,1
2020,MG,45411,FRUTAL,12,6,5279.0,439.9166666666667,68361.0,5696.75,11,6,253,1
2020,MG,45438,FUNILÂNDIA,1,1,200.0,200.0,8600.0,8600.0,0,1,15,1
2020,MG,45535,GOVERNADOR VALADARES,13,8,11186.0,860.4615384615385,221328.0,17025.23076923077,7,5,177,1
2020,MG,45594,GUANHÃES,2,2,900.0,450.0,20000.0,10000.0,0,2,6,1
2020,MG,45616,GUAPÉ,2,2,670.0,335.0,8500.0,4250.0,1,2,29,1
2020,MG,45659,GUARANÉSIA,4,3,1563.0,390.75,28150.0,7037.5,4,3,146,1
2020,MG,45713,GUARDA-MOR,1,1,305.0,305.0,8845.0,8845.0,1,1,3,1
2020,MG,45730,GUAXUPÉ,4,4,1932.0,483.0,22800.0,5700.0,4,4,26,1
2020,MG,45772,GUIMARÂNIA,1,1,302.0,302.0,8758.0,8758.0,1,1,3,1
2020,MG,45810,GURINHATÃ,1,1,305.0,305.0,5900.0,5900.0,0,1,16,1
2020,MG,45853,IAPU,1,1,350.0,350.0,8000.0,8000.0,1,0,31,1
2020,MG,45896,IBIÁ,3,2,1149.0,383.0,25721.0,8573.666666666666,3,2,40,1
2020,MG,45934,IBIRACI,3,2,1008.0,336.0,21153.0,7051.0,3,3,16,1
2020,MG,45950,IBIRITÉ,6,5,3612.0,602.0,77516.0,12919.333333333334,4,6,8,1
2020,MG,46019,IGARAPÉ,2,2,942.0,471.0,24960.0,12480.0,1,1,42,1
2020,MG,46051,IGUATAMA,2,2,526.0,263.0,13845.0,6922.5,1,2,8,1
2020,MG,46132,INDIANÓPOLIS,2,1,604.0,302.0,17516.0,8758.0,2,2,27,1
2020,MG,46175,INHAPIM,2,1,960.0,480.0,12500.0,6250.0,2,2,28,1
2020,MG,46256,IPATINGA,12,7,7687.0,640.5833333333334,134500.0,11208.333333333334,8,10,96,1
2020,MG,46272,IPIAÇU,2,2,602.0,301.0,11758.0,5879.0,2,2,17,1
2020,MG,46310,IRAÍ DE MINAS,2,1,604.0,302.0,17516.0,8758.0,2,2,16,1
2020,MG,46337,ITABIRA,3,3,1209.0,403.0,39300.0,13100.0,2,2,235,1
2020,MG,46353,ITABIRINHA,1,1,369.0,369.0,5000.0,5000.0,1,1,18,1
2020,MG,46370,ITABIRITO,1,1,400.0,400.0,8000.0,8000.0,1,1,13,1
2020,MG,46434,ITAGUARA,2,1,721.0,360.5,16000.0,8000.0,2,1,43,1
2020,MG,46531,ITAMBACURI,3,2,1185.0,395.0,25000.0,8333.333333333334,2,3,24,1
2020,MG,46574,ITAMOGI,1,1,415.0,415.0,5300.0,5300.0,1,1,7,1
2020,MG,46639,ITANHOMI,1,1,400.0,400.0,5000.0,5000.0,1,1,11,1
2020,MG,46671,ITAPAGIPE,10,6,3317.0,331.7,56748.0,5674.8,9,6,90,1
2020,MG,46736,ITATIAIUÇU,2,2,559.0,279.5,9200.0,4600.0,1,2,16,1
2020,MG,46752,ITAÚNA,3,2,1395.0,465.0,8000.11,2666.7033333333334,3,1,32,1
2020,MG,46817,ITUETA,1,1,72.0,72.0,2000.0,2000.0,1,0,247,1
2020,MG,46833,ITUIUTABA,5,4,2706.0,541.2,49974.0,9994.8,4,4,44,1
2020,MG,46876,ITURAMA,4,3,1805.0,451.25,45345.0,11336.25,3,2,168,1
2020,MG,46914,JABOTICATUBAS,5,2,1927.0,385.4,27900.0,5580.0,5,2,225,1
2020,MG,46957,JACUÍ,1,1,391.0,391.0,4000.0,4000.0,1,1,4,1
2020,MG,46973,JACUTINGA,5,1,2347.0,469.4,25000.0,5000.0,5,2,145,1
2020,MG,47015,JANAÚBA,3,3,1223.0,407.6666666666667,29700.0,9900.0,0,3,9,1
2020,MG,47031,JANUÁRIA,1,1,400.0,400.0,8000.0,8000.0,1,1,7,1
2020,MG,47058,JAPARAÍBA,3,2,919.0,306.3333333333333,15900.0,5300.0,3,2,140,1
2020,MG,47236,JOÃO MONLEVADE,1,1,350.0,350.0,10000.0,10000.0,0,1,5,1
2020,MG,47252,JOÃO PINHEIRO,2,1,806.0,403.0,23374.0,11687.0,2,1,42,1
2020,MG,47333,JUIZ DE FORA,13,5,8923.0,686.3846153846154,236250.0,18173.076923076922,8,5,134,1
2020,MG,47376,JURUAIA,2,2,704.0,352.0,16800.0,8400.0,2,2,4,1
2020,MG,47414,LAGAMAR,4,3,1397.0,349.25,20067.0,5016.75,4,3,299,1
2020,MG,47430,LAGOA DA PRATA,6,6,2350.0,391.6666666666667,62658.0,10443.0,4,6,27,1
2020,MG,47473,LAGOA DOURADA,2,2,621.0,310.5,14200.0,7100.0,0,2,6,1
2020,MG,47490,LAGOA FORMOSA,2,1,645.0,322.5,18705.0,9352.5,2,2,24,1
2020,MG,47554,LAMBARI,7,5,2579.0,368.42857142857144,48100.0,6871.428571428572,5,3,192,1
2020,MG,47635,LAVRAS,5,4,2865.0,573.0,52500.0,10500.0,3,3,47,1
2020,MG,47678,LEOPOLDINA,1,1,419.0,419.0,5000.0,5000.0,1,1,4,1
2020,MG,47759,LUZ,2,2,624.0,312.0,14896.0,7448.0,1,2,20,1
2020,MG,47791,MACHADO,3,2,1527.0,509.0,21000.0,7000.0,3,2,40,1
2020,MG,47856,MANGA,1,1,300.0,300.0,8550.0,8550.0,0,1,22,1
2020,MG,47872,MANHUAÇU,1,1,595.0,595.0,7000.0,7000.0,1,1,11,1
2020,MG,47953,MAR DE ESPANHA,1,1,306.0,306.0,4500.0,4500.0,1,0,37,1
2020,MG,47996,MARIANA,3,3,1209.0,403.0,32500.0,10833.333333333334,2,3,21,1
2020,MG,48135,MATEUS LEME,1,1,403.0,403.0,4000.0,4000.0,1,1,11,1
2020,MG,48194,MATO VERDE,1,1,454.0,454.0,8000.0,8000.0,1,0,33,1
2020,MG,48216,MATOZINHOS,2,1,1000.0,500.0,3000.0,1500.0,2,1,122,1
2020,MG,48330,MESQUITA,1,1,200.0,200.0,3500.0,3500.0,1,1,6,1
2020,MG,48356,MINAS NOVAS,2,2,733.0,366.5,14000.0,7000.0,0,2,15,1
2020,MG,48399,MIRABELA,1,1,250.0,250.0,5000.0,5000.0,0,1,4,1
2020,MG,48470,MOEMA,3,2,1202.0,400.6666666666667,18500.0,6166.666666666667,3,3,9,1
2020,MG,48534,MONTALVÂNIA,1,1,399.0,399.0,6000.0,6000.0,0,1,12,1
2020,MG,48550,MONTE ALEGRE DE MINAS,1,1,362.0,362.0,10498.0,10498.0,1,0,40,1
2020,MG,48593,MONTE BELO,1,1,396.0,396.0,3000.0,3000.0,1,1,10,1
2020,MG,48615,MONTE CARMELO,4,2,1677.0,419.25,40032.0,10008.0,4,3,31,1
2020,MG,48631,MONTE SANTO DE MINAS,1,1,407.0,407.0,6300.0,6300.0,1,1,8,1
2020,MG,48658,MONTES CLAROS,4,2,2410.0,602.5,51090.0,12772.5,2,4,19,1
2020,MG,48674,MONTE SIÃO,2,2,1088.0,544.0,15500.0,7750.0,2,2,15,1
2020,MG,48690,MORADA NOVA DE MINAS,1,1,200.0,200.0,7000.0,7000.0,0,1,4,1
2020,MG,48739,MORRO DO PILAR,2,2,601.0,300.5,9500.0,4750.0,1,2,3,1
2020,MG,48771,MURIAÉ,1,1,800.0,800.0,56400.0,56400.0,0,1,8,1
2020,MG,48810,MUZAMBINHO,2,2,1181.0,590.5,18500.0,9250.0,2,1,32,1
2020,MG,48836,NACIP RAYDAN,1,1,410.0,410.0,10000.0,10000.0,1,1,9,1
2020,MG,48852,NANUQUE,1,1,500.0,500.0,12000.0,12000.0,1,1,8,1
2020,MG,48895,NAZARENO,1,1,257.0,257.0,2800.0,2800.0,1,1,16,1
2020,MG,48950,NOVA LIMA,15,8,9028.0,601.8666666666667,250659.0,16710.6,8,11,66,1
2020,MG,48992,NOVA PONTE,4,4,1685.0,421.25,28800.0,7200.0,2,4,14,1
2020,MG,49018,NOVA RESENDE,3,3,1201.0,400.3333333333333,15600.0,5200.0,3,2,118,1
2020,MG,49034,NOVA SERRANA,2,1,1033.0,516.5,19000.0,9500.0,2,1,96,1
2020,MG,49115,OLIVEIRA,1,1,403.0,403.0,12500.0,12500.0,1,1,6,1
2020,MG,49174,OURO BRANCO,2,2,701.0,350.5,21968.0,10984.0,0,2,11,1
2020,MG,49190,OURO FINO,1,1,410.0,410.0,6000.0,6000.0,1,1,5,1
2020,MG,49212,OURO PRETO,4,4,2280.0,570.0,67450.33,16862.5825,2,4,22,1
2020,MG,49255,PADRE PARAÍSO,1,1,376.0,376.0,2500.0,2500.0,0,1,8,1
2020,MG,49298,PAINS,1,1,400.0,400.0,15000.0,15000.0,0,1,14,1
2020,MG,49395,PARACATU,5,3,2253.0,450.6,65374.0,13074.8,2,4,31,1
2020,MG,49417,PARÁ DE MINAS,2,2,995.0,497.5,33000.0,16500.0,1,1,38,1
2020,MG,49492,PASSABÉM,2,1,301.0,150.5,5000.0,2500.0,2,1,46,1
2020,MG,49573,PASSOS,10,4,5469.0,546.9,103448.0,10344.8,9,8,71,1
2020,MG,49590,PATOS DE MINAS,7,5,3258.0,465.42857142857144,117574.0,16796.285714285714,3,6,31,1
2020,MG,49611,PATROCÍNIO,3,2,1376.0,458.6666666666667,30245.0,10081.666666666666,3,2,31,1
2020,MG,49719,PEÇANHA,2,1,900.0,450.0,14250.0,7125.0,0,1,38,1
2020,MG,49735,PEDRA AZUL,2,2,920.0,460.0,18000.0,9000.0,0,2,7,1
2020,MG,49778,PEDRA DO INDAIÁ,1,1,306.0,306.0,10700.0,10700.0,1,1,4,1
2020,MG,49816,PEDRALVA,1,1,300.0,300.0,4300.0,4300.0,1,1,9,1
2020,MG,49832,PEDRINÓPOLIS,1,1,302.0,302.0,8758.0,8758.0,1,1,5,1
2020,MG,49859,PEDRO LEOPOLDO,4,4,1656.0,414.0,36500.0,9125.0,2,3,82,1
2020,MG,49913,PEQUI,1,1,173.0,173.0,2500.0,2500.0,1,1,11,1
2020,MG,49956,PERDIZES,7,4,2102.0,300.2857142857143,39808.0,5686.857142857143,6,5,99,1
2020,MG,49972,PERDÕES,3,3,1382.0,460.6666666666667,13000.0,4333.333333333333,2,2,38,1
2020,MG,50091,PIMENTA,3,3,1093.0,364.3333333333333,16000.0,5333.333333333333,1,2,99,1
2020,MG,50130,PIRAJUBA,8,3,2086.0,260.75,31356.0,3919.5,8,6,56,1
2020,MG,50156,PIRANGA,2,2,611.0,305.5,10000.0,5000.0,0,2,5,1
2020,MG,50237,PIRAPORA,3,3,1480.0,493.3333333333333,20805.8,6935.266666666666,1,3,21,1
2020,MG,50296,PIUMHI,3,2,1104.0,368.0,31316.0,10438.666666666666,2,3,22,1
2020,MG,50318,PLANURA,8,5,2460.0,307.5,47232.0,5904.0,8,6,271,1
2020,MG,50334,POÇO FUNDO,3,2,1236.0,412.0,12000.0,4000.0,3,3,29,1
2020,MG,50350,POÇOS DE CALDAS,10,7,5956.0,595.6,107000.0,10700.0,6,7,123,1
2020,MG,50393,POMPÉU,2,2,685.0,342.5,50600.0,25300.0,0,2,18,1
2020,MG,50431,PORTEIRINHA,6,4,2412.0,402.0,60840.0,10140.0,0,5,42,1
2020,MG,50490,POUSO ALEGRE,3,2,2379.0,793.0,52000.0,17333.333333333332,1,1,96,1
2020,MG,50555,PRATA,8,5,3154.0,394.25,66581.0,8322.625,5,7,40,1
2020,MG,50571,PRATÁPOLIS,1,1,305.0,305.0,3000.0,3000.0,1,0,156,1
2020,MG,50679,PRESIDENTE OLEGÁRIO,3,2,997.0,332.3333333333333,27263.0,9087.666666666666,2,3,19,1
2020,MG,50717,PRUDENTE DE MORAIS,1,1,300.0,300.0,1000.0,1000.0,1,1,1,1
2020,MG,50857,RESPLENDOR,1,1,375.0,375.0,3000.0,3000.0,1,1,11,1
2020,MG,50890,RIACHO DOS MACHADOS,1,1,235.0,235.0,8000.0,8000.0,0,1,4,1
2020,MG,50911,RIBEIRÃO DAS NEVES,7,5,5200.0,742.8571428571429,98500.0,14071.42857142857,5,5,89,1
2020,MG,50970,RIO CASCA,2,1,558.0,279.0,15000.0,7500.0,1,2,26,1
2020,MG,50997,RIO DOCE,1,1,175.0,175.0,2500.0,2500.0,1,1,14,1
2020,MG,51098,RIO PARANAÍBA,3,3,1009.0,336.3333333333333,23322.0,7774.0,2,2,33,1
2020,MG,51110,RIO PARDO DE MINAS,1,1,250.0,250.0,8500.0,8500.0,0,1,6,1
2020,MG,51136,RIO PIRACICABA,2,2,600.0,300.0,14000.0,7000.0,0,2,15,1
2020,MG,51179,RIO PRETO,1,1,400.0,400.0,2500.0,2500.0,1,0,33,1
2020,MG,51276,ROMARIA,1,1,303.0,303.0,8787.0,8787.0,1,1,12,1
2020,MG,51330,SABARÁ,3,3,2130.0,710.0,46715.0,15571.666666666666,2,3,24,1
2020,MG,51373,SACRAMENTO,3,3,1063.0,354.3333333333333,22198.0,7399.333333333333,2,2,37,1
2020,MG,51438,SANTA BÁRBARA,1,1,400.0,400.0,12000.0,12000.0,0,1,9,1
2020,MG,51535,SANTA JULIANA,2,2,836.0,418.0,15107.0,7553.5,2,2,7,1
2020,MG,51551,SANTA LUZIA,2,2,1203.0,601.5,10600.0,5300.0,2,0,75,1
2020,MG,51632,SANTA MARIA DO SUAÇUÍ,1,1,257.0,257.0,3000.0,3000.0,1,0,43,1
2020,MG,51756,SANTANA DO JACARÉ,1,1,0.0,,3500.0,3500.0,1,1,4,1
2020,MG,51918,SANTA RITA DO SAPUCAÍ,1,1,503.0,503.0,12500.0,12500.0,1,1,17,1
2020,MG,51950,SANTA VITÓRIA,4,2,1356.0,339.0,31196.0,7799.0,4,4,19,1
2020,MG,51977,SANTO ANTÔNIO DO AMPARO,1,1,405.0,405.0,6000.0,6000.0,1,1,3,1
2020,MG,52019,SANTO ANTÔNIO DO GRAMA,1,1,300.0,300.0,4000.0,4000.0,0,1,3,1
2020,MG,52078,SANTO ANTÔNIO DO MONTE,4,3,1388.0,347.0,44000.0,11000.0,2,4,16,1
2020,MG,52191,SÃO DOMINGOS DO PRATA,1,1,420.0,420.0,4000.0,4000.0,1,1,6,1
2020,MG,52230,SÃO FRANCISCO DE PAULA,4,3,1153.0,288.25,22200.0,5550.0,3,2,182,1
2020,MG,52256,SÃO FRANCISCO DE SALES,7,5,1845.0,263.57142857142856,30345.0,4335.0,6,5,99,1
2020,MG,52337,SÃO GONÇALO DO ABAETÉ,2,1,604.0,302.0,17516.0,8758.0,2,2,16,1
2020,MG,52370,SÃO GONÇALO DO RIO ABAIXO,1,1,567.0,567.0,12000.0,12000.0,0,1,10,1
2020,MG,52418,SÃO GOTARDO,3,2,1167.0,389.0,34243.0,11414.333333333334,2,2,35,1
2020,MG,52434,SÃO JOÃO BATISTA DO GLÓRIA,1,1,390.0,390.0,6600.0,6600.0,1,1,9,1
2020,MG,52477,SÃO JOÃO DA PONTE,1,1,300.0,300.0,8550.0,8550.0,0,1,20,1
2020,MG,52493,SÃO JOÃO DEL REI,3,3,1253.0,417.6666666666667,20000.0,6666.666666666667,2,3,26,1
2020,MG,52515,SÃO JOÃO DO ORIENTE,1,1,365.0,365.0,7500.0,7500.0,0,1,8,1
2020,MG,52590,SÃO JOSÉ DA SAFIRA,1,1,336.0,336.0,8000.0,8000.0,0,0,107,1
2020,MG,52698,SÃO JOSÉ DO JACURI,1,1,350.0,350.0,4000.0,4000.0,0,1,21,1
2020,MG,52736,SÃO LOURENÇO,3,3,1210.0,403.3333333333333,37500.0,12500.0,2,3,13,1
2020,MG,52779,SÃO PEDRO DA UNIÃO,1,1,251.0,251.0,4000.0,4000.0,0,1,6,1
2020,MG,52930,SÃO SEBASTIÃO DO PARAÍSO,2,2,998.0,499.0,19745.0,9872.5,2,1,37,1
2020,MG,53015,SÃO TOMÁS DE AQUINO,2,2,705.0,352.5,10900.0,5450.0,1,2,13,1
2020,MG,53112,SENADOR CORTES,1,1,230.0,230.0,5500.0,5500.0,1,0,36,1
2020,MG,53139,SENADOR FIRMINO,1,1,250.0,250.0,7900.0,7900.0,0,1,8,1
2020,MG,53350,SERRA DO SALITRE,2,1,608.0,304.0,17632.0,8816.0,2,2,16,1
2020,MG,53376,SERRANIA,2,2,603.0,301.5,6500.0,3250.0,0,1,274,1
2020,MG,53430,SETE LAGOAS,8,5,5760.0,720.0,101800.69,12725.08625,6,4,216,1
2020,MG,53597,TAIOBEIRAS,4,3,1507.0,376.75,23300.0,5825.0,1,3,132,1
2020,MG,53716,TEÓFILO OTONI,3,3,1693.0,564.3333333333334,35000.0,11666.666666666666,2,3,29,1
2020,MG,53732,TIMÓTEO,1,1,500.0,500.0,6000.0,6000.0,0,1,8,1
2020,MG,53813,TOLEDO,5,3,1654.0,330.8,37400.0,7480.0,5,3,96,1
2020,MG,53856,TRÊS CORAÇÕES,5,4,2298.0,459.6,41000.0,8200.0,3,4,90,1
2020,MG,53899,TUMIRITINGA,5,4,1814.0,362.8,33800.0,6760.0,5,2,191,1
2020,MG,53910,TUPACIGUARA,5,3,1873.0,374.6,32228.0,6445.6,5,3,37,1
2020,MG,53937,TURMALINA,3,3,1020.0,340.0,18000.0,6000.0,1,3,28,1
2020,MG,53953,TURVOLÂNDIA,2,2,797.0,398.5,7300.0,3650.0,2,2,6,1
2020,MG,53970,UBÁ,2,2,810.0,405.0,10900.0,5450.0,1,2,8,1
2020,MG,54011,UBERABA,17,6,12262.0,721.2941176470588,231164.0,13597.882352941177,15,10,94,1
2020,MG,54038,UBERLÂNDIA,9,3,5901.0,655.6666666666666,265730.0,29525.555555555555,5,4,83,1
2020,MG,54070,UNAÍ,2,1,807.0,403.5,23403.0,11701.5,2,1,40,1
2020,MG,54119,VARGEM BONITA,2,1,566.0,283.0,4300.0,2150.0,0,1,66,1
2020,MG,54135,VARGINHA,5,3,3017.0,603.4,49800.0,9960.0,5,3,98,1
2020,MG,54194,VAZANTE,1,1,323.0,323.0,9367.0,9367.0,1,1,20,1
2020,MG,54259,VESPASIANO,4,4,3018.0,754.5,28000.0,7000.0,3,1,49,1
2020,MG,54410,VISCONDE DO RIO BRANCO,1,1,400.0,400.0,10000.0,10000.0,0,1,12,1
2020,MG,54453,ITAÚ DE MINAS,3,2,1101.0,367.0,18525.0,6175.0,3,2,171,1
2020,MS,55000,NOVA ALVORADA DO SUL,11,5,3463.0,314.8181818181818,67500.0,6136.363636363636,11,5,263,1
2020,MS,55026,LAGUNA CARAPÃ,2,2,550.0,275.0,12000.0,6000.0,2,2,13,1
2020,MS,55034,JAPORÃ,2,1,700.0,350.0,8000.0,4000.0,0,0,110,1
2020,MS,55042,NOVO HORIZONTE DO SUL,3,2,700.0,233.33333333333334,17000.0,5666.666666666667,3,1,72,1
2020,MS,55069,FIGUEIRÃO,3,3,500.0,166.66666666666666,10000.0,3333.3333333333335,3,3,9,1
2020,MS,90034,ÁGUA CLARA,2,2,682.0,341.0,13390.0,6695.0,1,2,26,1
2020,MS,90115,AMAMBAI,3,1,1200.0,400.0,18500.0,6166.666666666667,3,2,74,1
2020,MS,90131,ANASTÁCIO,10,4,4774.0,477.4,65000.0,6500.0,5,5,244,1
2020,MS,90158,ANAURILÂNDIA,1,1,220.0,220.0,5000.0,5000.0,1,1,8,1
2020,MS,90174,ANTÔNIO JOÃO,6,2,1736.0,289.3333333333333,36000.0,6000.0,6,4,94,1
2020,MS,90190,APARECIDA DO TABOADO,5,3,1934.0,386.8,63000.0,12600.0,5,4,56,1
2020,MS,90212,AQUIDAUANA,7,3,2244.0,320.57142857142856,40000.0,5714.285714285715,7,2,258,1
2020,MS,90298,BANDEIRANTES,4,3,2091.0,522.75,28000.0,7000.0,4,0,-338,1
2020,MS,90379,BATAGUASSU,4,2,1900.0,475.0,27000.0,6750.0,3,2,98,1
2020,MS,90395,BATAYPORÃ,1,1,280.0,280.0,6000.0,6000.0,1,1,22,1
2020,MS,90417,BELA VISTA,4,4,1210.0,302.5,25500.0,6375.0,4,4,28,1
2020,MS,90433,BONITO,9,4,3500.0,388.8888888888889,62000.0,6888.888888888889,9,8,65,1
2020,MS,90450,BRASILÂNDIA,1,1,400.0,400.0,7000.0,7000.0,1,1,13,1
2020,MS,90492,CAMAPUÃ,4,3,1309.0,327.25,27000.0,6750.0,2,3,38,1
2020,MS,90514,CAMPO GRANDE,25,6,26706.0,1068.24,334726.0,13389.04,20,14,287,1
2020,MS,90530,CARACOL,1,1,400.0,400.0,7000.0,7000.0,0,1,24,1
2020,MS,90557,CAARAPÓ,2,2,654.0,327.0,16000.0,8000.0,0,1,105,1
2020,MS,90573,CASSILÂNDIA,7,5,2882.0,411.7142857142857,95800.0,13685.714285714286,5,6,36,1
2020,MS,90611,CORGUINHO,1,1,220.0,220.0,5000.0,5000.0,1,1,14,1
2020,MS,90638,CORUMBÁ,22,5,8288.0,376.72727272727275,157000.0,7136.363636363636,22,8,260,1
2020,MS,90654,COXIM,2,2,722.0,361.0,13000.0,6500.0,2,2,13,1
2020,MS,90735,DOURADOS,19,5,10682.0,562.2105263157895,140000.0,7368.421052631579,19,10,183,1
2020,MS,90751,FÁTIMA DO SUL,1,1,280.0,280.0,5000.0,5000.0,1,1,14,1
2020,MS,90816,GUIA LOPES DA LAGUNA,13,5,4576.0,352.0,87500.0,6730.7692307692305,11,8,259,1
2020,MS,90859,IGUATEMI,4,3,1276.0,319.0,24000.0,6000.0,4,3,32,1
2020,MS,90875,INOCÊNCIA,5,3,1832.0,366.4,57200.0,11440.0,4,5,13,1
2020,MS,90891,ITAPORÃ,3,1,1000.0,333.3333333333333,20000.0,6666.666666666667,3,1,84,1
2020,MS,90930,IVINHEMA,3,3,1004.0,334.6666666666667,25000.0,8333.333333333334,2,3,10,1
2020,MS,90999,JARDIM,15,6,5143.0,342.8666666666667,105500.0,7033.333333333333,14,8,260,1
2020,MS,91014,JATEÍ,3,2,680.0,226.66666666666666,16000.0,5333.333333333333,2,2,107,1
2020,MS,91030,LADÁRIO,7,4,2264.0,323.42857142857144,49000.0,7000.0,6,1,119,1
2020,MS,91073,MARACAJU,12,4,4509.0,375.75,92000.0,7666.666666666667,10,7,154,1
2020,MS,91138,NAVIRAÍ,11,5,5000.0,454.54545454545456,60000.0,5454.545454545455,8,9,44,1
2020,MS,91154,NIOAQUE,6,3,2043.0,340.5,38000.0,6333.333333333333,5,4,134,1
2020,MS,91235,NOVA ANDRADINA,4,2,1640.0,410.0,30000.0,7500.0,4,4,14,1
2020,MS,91251,PARANAÍBA,6,3,2302.0,383.6666666666667,99600.0,16600.0,6,6,22,1
2020,MS,91316,PONTA PORÃ,6,1,2400.0,400.0,46000.0,7666.666666666667,6,2,241,1
2020,MS,91375,PORTO MURTINHO,1,1,250.0,250.0,7500.0,7500.0,1,1,7,1
2020,MS,91413,RIBAS DO RIO PARDO,11,4,4410.0,400.90909090909093,82000.0,7454.545454545455,11,8,79,1
2020,MS,91430,RIO BRILHANTE,8,5,2808.0,351.0,49000.0,6125.0,8,7,116,1
2020,MS,91456,RIO NEGRO,1,1,140.0,140.0,6000.0,6000.0,1,0,53,1
2020,MS,91472,RIO VERDE DE MATO GROSSO,9,4,3112.0,345.77777777777777,61000.0,6777.777777777777,9,8,31,1
2020,MS,91499,ROCHEDO,1,1,220.0,220.0,6000.0,6000.0,1,1,17,1
2020,MS,91570,SIDROLÂNDIA,15,6,6885.0,459.0,123500.0,8233.333333333334,12,4,56,1
2020,MS,91596,TERENOS,3,1,1200.0,400.0,22000.0,7333.333333333333,3,2,63,1
2020,MS,91650,TRÊS LAGOAS,12,6,5259.0,438.25,133490.0,11124.166666666666,7,8,111,1
2020,MS,91693,ANGÉLICA,3,3,1320.0,440.0,21000.0,7000.0,2,1,9,1
2020,MS,91715,ARAL MOREIRA,8,4,2800.0,350.0,47500.0,5937.5,7,3,144,1
2020,MS,91758,DEODÁPOLIS,5,3,1616.0,323.2,26000.0,5200.0,2,3,131,1
2020,MS,91782,CHAPADÃO DO SUL,2,1,754.0,377.0,33600.0,16800.0,2,2,15,1
2020,MS,91790,MUNDO NOVO,3,3,1088.0,362.6666666666667,19000.0,6333.333333333333,3,3,22,1
2020,MS,91804,DOIS IRMÃOS DO BURITI,2,2,550.0,275.0,10000.0,5000.0,2,1,53,1
2020,MS,91820,JUTI,4,3,1320.0,330.0,24000.0,6000.0,3,4,13,1
2020,MS,91847,PARANHOS,7,4,2912.0,416.0,54000.0,7714.285714285715,5,2,74,1
2020,MS,91863,SANTA RITA DO PARDO,5,2,1500.0,300.0,28500.0,5700.0,4,2,74,1
2020,MS,91880,SONORA,4,3,1304.0,326.0,24000.0,6000.0,4,2,70,1
2020,MS,98019,BODOQUENA,1,1,225.0,225.0,6000.0,6000.0,1,1,13,1
2020,MS,98035,COSTA RICA,5,4,1800.0,360.0,36000.0,7200.0,3,4,207,1
2020,MS,98051,DOURADINA,2,1,420.0,210.0,12000.0,6000.0,2,1,78,1
2020,MS,98078,ITAQUIRAÍ,4,4,1359.0,339.75,30900.0,7725.0,1,4,26,1
2020,MS,98094,SÃO GABRIEL DO OESTE,1,1,304.0,304.0,8000.0,8000.0,1,0,72,1
2020,MS,98159,TACURU,2,1,608.0,304.0,12000.0,6000.0,2,1,301,1
2020,MS,98175,TAQUARUSSU,4,1,1400.0,350.0,24000.0,6000.0,0,2,147,1
2020,MT,89788,COLNIZA,1,1,300.0,300.0,5000.0,5000.0,0,1,9,1
2020,MT,89796,COLÍDER,3,3,1000.0,333.3333333333333,8250.0,2750.0,3,3,19,1
2020,MT,89818,NOVA BRASILÂNDIA,2,2,734.0,367.0,18000.0,9000.0,1,2,21,1
2020,MT,89826,NOVA SANTA HELENA,4,4,910.0,227.5,14000.0,3500.0,1,3,43,1
2020,MT,89834,PARANATINGA,5,2,1841.0,368.2,35000.0,7000.0,5,2,236,1
2020,MT,89843,SANTO ANTÔNIO DO LESTE,1,1,250.0,250.0,6600.0,6600.0,1,1,10,1
2020,MT,89850,SINOP,12,6,12446.0,1037.1666666666667,73000.0,6083.333333333333,7,9,42,1
2020,MT,89877,ALTA FLORESTA,3,2,1116.0,372.0,10000.0,3333.3333333333335,2,3,10,1
2020,MT,89915,JAURU,3,2,1305.0,435.0,10500.0,3500.0,2,3,17,1
2020,MT,89931,SÃO JOSÉ DOS QUATRO MARCOS,1,1,424.0,424.0,5000.0,5000.0,1,1,8,1
2020,MT,89958,RIO BRANCO,2,1,668.0,334.0,6000.0,3000.0,0,2,24,1
2020,MT,90018,ACORIZAL,3,2,1342.0,447.3333333333333,6000.0,2000.0,3,0,-237,1
2020,MT,90042,ALTO BOA VISTA,1,1,342.0,342.0,5000.0,5000.0,0,0,74,1
2020,MT,90050,ALTO ARAGUAIA,5,4,1803.0,360.6,33500.0,6700.0,3,4,267,1
2020,MT,90069,QUERÊNCIA,1,1,435.0,435.0,5000.0,5000.0,1,0,65,1
2020,MT,90077,ALTO GARÇAS,3,2,1378.0,459.3333333333333,17500.0,5833.333333333333,1,3,17,1
2020,MT,90093,ALTO PARAGUAI,1,1,250.0,250.0,4000.0,4000.0,0,1,5,1
2020,MT,90107,SANTA CARMEM,2,1,380.0,190.0,6000.0,3000.0,0,2,27,1
2020,MT,90123,NOVA MARINGÁ,3,2,654.0,218.0,15000.0,5000.0,1,3,14,1
2020,MT,90140,NOVA GUARITA,1,1,200.0,200.0,3000.0,3000.0,0,0,47,1
2020,MT,90166,NOVA MARILÂNDIA,3,2,903.0,301.0,9800.0,3266.6666666666665,3,3,25,1
2020,MT,90182,PORTO ESTRELA,1,1,250.0,250.0,5000.0,5000.0,0,1,11,1
2020,MT,90204,GLÓRIA D'OESTE,2,1,500.0,250.0,10000.0,5000.0,0,2,24,1
2020,MT,90247,SÃO JOSÉ DO XINGU,1,1,330.0,330.0,4000.0,4000.0,1,1,3,1
2020,MT,90255,ARENÁPOLIS,4,2,1567.0,391.75,19000.0,4750.0,4,3,35,1
2020,MT,90263,APIACÁS,4,1,1328.0,332.0,11000.0,2750.0,3,2,44,1
2020,MT,90271,ARIPUANÃ,2,2,650.0,325.0,10000.0,5000.0,2,2,12,1
2020,MT,90280,CONFRESA,3,2,1018.0,339.3333333333333,10500.0,3500.0,1,3,30,1
2020,MT,90301,LAMBARI D'OESTE,5,4,1711.0,342.2,17500.0,3500.0,2,3,41,1
2020,MT,90328,SANTO AFONSO,3,2,950.0,316.6666666666667,10000.0,3333.3333333333335,3,3,24,1
2020,MT,90336,BARRA DO BUGRES,5,2,3657.0,731.4,25000.0,5000.0,0,5,27,1
2020,MT,90352,BARRA DO GARÇAS,16,7,6871.0,429.4375,84500.0,5281.25,10,7,302,1
2020,MT,90360,NOVA MONTE VERDE,4,1,1000.0,250.0,10500.0,2625.0,3,2,54,1
2020,MT,90387,NOVA BANDEIRANTES,1,1,400.0,400.0,5000.0,5000.0,0,0,52,1
2020,MT,90409,SÃO PEDRO DA CIPA,2,1,400.0,200.0,8000.0,4000.0,2,2,21,1
2020,MT,90425,COTRIGUAÇU,1,1,400.0,400.0,6000.0,6000.0,1,1,17,1
2020,MT,90441,RIBEIRÃOZINHO,1,1,326.0,326.0,3000.0,3000.0,1,0,35,1
2020,MT,90468,BRASNORTE,5,2,1910.0,382.0,23500.0,4700.0,4,2,78,1
2020,MT,90476,CÁCERES,4,2,1706.0,426.5,18000.0,4500.0,2,4,21,1
2020,MT,90484,CAMPO NOVO DO PARECIS,3,3,1050.0,350.0,11600.0,3866.6666666666665,3,2,41,1
2020,MT,90506,CAMPO VERDE,6,5,2295.0,382.5,37000.0,6166.666666666667,5,6,22,1
2020,MT,90522,CLÁUDIA,1,1,306.0,306.0,4000.0,4000.0,0,1,7,1
2020,MT,90590,CHAPADA DOS GUIMARÃES,3,2,1355.0,451.6666666666667,9000.0,3000.0,3,3,10,1
2020,MT,90603,LUCAS DO RIO VERDE,14,7,5592.0,399.42857142857144,126000.0,9000.0,9,11,35,1
2020,MT,90620,MATUPÁ,6,5,2438.0,406.3333333333333,20000.0,3333.3333333333335,2,2,50,1
2020,MT,90646,NOVA MUTUM,4,3,1500.0,375.0,28000.0,7000.0,2,3,149,1
2020,MT,90662,RIBEIRÃO CASCALHEIRA,1,1,365.0,365.0,5800.0,5800.0,0,1,25,1
2020,MT,90670,CUIABÁ,45,12,30590.0,679.7777777777778,722210.0,16049.111111111111,34,22,149,1
2020,MT,90689,TAPURAH,2,1,520.0,260.0,37200.0,18600.0,0,2,13,1
2020,MT,90697,DIAMANTINO,6,4,2437.0,406.1666666666667,35000.0,5833.333333333333,4,4,77,1
2020,MT,90700,PONTAL DO ARAGUAIA,16,3,5079.0,317.4375,64200.0,4012.5,10,5,304,1
2020,MT,90719,DOM AQUINO,2,2,550.0,275.0,8000.0,4000.0,2,2,21,1
2020,MT,90727,SAPEZAL,1,1,602.0,602.0,5000.0,5000.0,0,1,12,1
2020,MT,90743,CAMPOS DE JÚLIO,2,1,712.0,356.0,10000.0,5000.0,0,2,18,1
2020,MT,90760,CARLINDA,1,1,250.0,250.0,2000.0,2000.0,1,0,37,1
2020,MT,90778,GENERAL CARNEIRO,7,4,2209.0,315.57142857142856,32000.0,4571.428571428572,4,2,184,1
2020,MT,90786,FELIZ NATAL,1,1,250.0,250.0,4000.0,4000.0,1,1,4,1
2020,MT,90832,GUIRATINGA,3,3,900.0,300.0,12500.0,4166.666666666667,2,3,12,1
2020,MT,90867,NOVA LACERDA,1,1,300.0,300.0,8000.0,8000.0,1,0,31,1
2020,MT,90883,NOVA UBIRATÃ,5,3,1536.0,307.2,40000.0,8000.0,2,3,151,1
2020,MT,90905,BOM JESUS DO ARAGUAIA,2,2,714.0,357.0,10000.0,5000.0,1,0,214,1
2020,MT,90913,ITIQUIRA,2,1,600.0,300.0,10000.0,5000.0,2,2,21,1
2020,MT,90921,SERRA NOVA DOURADA,4,2,1210.0,302.5,19300.0,4825.0,0,3,49,1
2020,MT,90956,JACIARA,2,2,786.0,393.0,8000.0,4000.0,2,2,30,1
2020,MT,90980,SANTA CRUZ DO XINGU,1,1,320.0,320.0,3000.0,3000.0,0,1,14,1
2020,MT,91022,VALE DE SÃO DOMINGOS,2,1,220.0,110.0,5000.0,2500.0,2,2,15,1
2020,MT,91049,SANTA RITA DO TRIVELATO,1,1,270.0,270.0,4000.0,4000.0,1,1,21,1
2020,MT,91057,LUCIARA,3,2,850.0,283.3333333333333,12000.0,4000.0,1,2,39,1
2020,MT,91090,VILA BELA DA SANTÍSSIMA TRINDADE,1,1,300.0,300.0,5000.0,5000.0,0,1,7,1
2020,MT,91170,NOBRES,1,1,372.0,372.0,5000.0,5000.0,0,1,29,1
2020,MT,91197,NORTELÂNDIA,5,2,1780.0,356.0,23000.0,4600.0,4,4,46,1
2020,MT,91219,NOSSA SENHORA DO LIVRAMENTO,2,2,658.0,329.0,13100.0,6550.0,2,2,10,1
2020,MT,91294,POCONÉ,3,2,913.0,304.3333333333333,18000.0,6000.0,1,3,25,1
2020,MT,91359,PORTO DOS GAÚCHOS,1,1,250.0,250.0,4000.0,4000.0,1,1,4,1
2020,MT,91510,RONDONÓPOLIS,8,7,3856.0,482.0,119500.0,14937.5,6,7,48,1
2020,MT,91553,SANTO ANTÔNIO DO LEVERGER,4,3,1772.0,443.0,23000.0,5750.0,4,4,17,1
2020,MT,91634,TORIXORÉU,9,3,3151.0,350.1111111111111,29500.0,3277.777777777778,7,3,115,1
2020,MT,91677,VÁRZEA GRANDE,28,7,15206.0,543.0714285714286,224000.0,8000.0,27,19,100,1
2020,MT,91774,MIRASSOL D'OESTE,1,1,340.0,340.0,5000.0,5000.0,1,1,6,1
2020,MT,91812,PEDRA PRETA,3,3,1026.0,342.0,14000.0,4666.666666666667,2,3,26,1
2020,MT,91839,SÃO FÉLIX DO ARAGUAIA,3,3,1032.0,344.0,11000.0,3666.6666666666665,1,3,21,1
2020,MT,91855,TANGARÁ DA SERRA,6,4,2300.0,383.3333333333333,29800.0,4966.666666666667,4,5,42,1
2020,MT,91898,JUSCIMEIRA,3,3,951.0,317.0,16000.0,5333.333333333333,3,2,29,1
2020,MT,91910,ÁGUA BOA,3,3,1026.0,342.0,24046.25,8015.416666666667,1,1,66,1
2020,MT,91936,CANARANA,2,1,1114.0,557.0,8000.0,4000.0,1,1,67,1
2020,MT,91952,NOVA XAVANTINA,9,4,3705.0,411.6666666666667,47500.0,5277.777777777777,5,4,244,1
2020,MT,91979,SANTA TEREZINHA,1,1,380.0,380.0,4000.0,4000.0,0,1,22,1
2020,MT,98191,JUARA,1,1,300.0,300.0,5000.0,5000.0,1,1,7,1
2020,MT,98310,JUÍNA,4,3,1900.0,475.0,23000.0,5750.0,2,4,27,1
2020,MT,98337,DENISE,1,1,380.0,380.0,3500.0,3500.0,1,1,26,1
2020,MT,98639,ARAGUAIANA,1,1,343.0,343.0,5700.0,5700.0,0,0,40,1
2020,MT,98655,CAMPINÁPOLIS,1,1,388.0,388.0,5000.0,5000.0,0,1,29,1
2020,MT,98671,COCALINHO,2,2,700.0,350.0,6200.0,3100.0,1,2,8,1
2020,MT,98698,ITAÚBA,1,1,400.0,400.0,2000.0,2000.0,1,1,13,1
2020,MT,98779,NOVO SÃO JOAQUIM,10,3,3820.0,382.0,49700.0,4970.0,4,4,271,1
2020,MT,98795,NOVO HORIZONTE DO NORTE,1,1,343.0,343.0,4000.0,4000.0,1,1,15,1
2020,MT,98817,PEIXOTO DE AZEVEDO,3,2,908.0,302.6666666666667,16000.0,5333.333333333333,1,3,28,1
2020,MT,98876,PORTO ESPERIDIÃO,2,2,666.0,333.0,10000.0,5000.0,1,2,7,1
2020,MT,98930,SORRISO,3,2,1300.0,433.3333333333333,15000.0,5000.0,1,3,14,1
2020,MT,98957,TERRA NOVA DO NORTE,2,1,700.0,350.0,20000.0,10000.0,0,2,17,1
2020,MT,98973,VERA,2,1,500.0,250.0,6000.0,3000.0,0,1,38,1
2020,MT,99015,COMODORO,1,1,405.0,405.0,10000.0,10000.0,1,1,6,1
2020,MT,99031,FIGUEIRÓPOLIS D'OESTE,2,2,684.0,342.0,7000.0,3500.0,1,2,25,1
2020,MT,99058,GUARANTÃ DO NORTE,2,1,600.0,300.0,6000.0,3000.0,0,1,31,1
2020,MT,99074,INDIAVAÍ,1,1,320.0,320.0,5000.0,5000.0,0,1,15,1
2020,PA,04014,ABAETETUBA,6,3,2500.0,416.6666666666667,48000.0,8000.0,5,4,91,1
2020,PA,04022,TAILÂNDIA,6,1,3110.0,518.3333333333334,48000.0,8000.0,6,4,73,1
2020,PA,04049,BOM JESUS DO TOCANTINS,1,1,386.0,386.0,3000.0,3000.0,0,1,7,1
2020,PA,04057,AFUÁ,1,1,800.0,800.0,8000.0,8000.0,0,0,58,1
2020,PA,04065,SÃO JOÃO DE PIRABAS,1,1,500.0,500.0,5000.0,5000.0,1,1,22,1
2020,PA,04081,TUCUMÃ,7,6,2734.0,390.57142857142856,44000.0,6285.714285714285,4,6,67,1
2020,PA,04090,ALMEIRIM,2,2,850.0,425.0,12000.0,6000.0,2,1,48,1
2020,PA,04103,MÃE DO RIO,3,1,1000.0,333.3333333333333,14000.0,4666.666666666667,2,1,142,1
2020,PA,04111,ALTAMIRA,4,2,2385.0,596.25,34000.0,8500.0,4,0,91,1
2020,PA,04120,ELDORADO DOS CARAJÁS,1,1,400.0,400.0,4000.0,4000.0,1,0,31,1
2020,PA,04154,ANANINDEUA,15,5,8010.0,534.0,93000.0,6200.0,14,10,289,1
2020,PA,04162,PALESTINA DO PARÁ,2,1,600.0,300.0,8000.0,4000.0,2,1,38,1
2020,PA,04170,AUGUSTO CORRÊA,1,1,700.0,700.0,10000.0,10000.0,0,1,6,1
2020,PA,04189,IPIXUNA DO PARÁ,1,1,546.0,546.0,5000.0,5000.0,1,1,6,1
2020,PA,04197,AVEIRO,1,1,300.0,300.0,6000.0,6000.0,1,1,6,1
2020,PA,04219,BAGRE,5,2,1620.0,324.0,728000.0,145600.0,5,2,73,1
2020,PA,04227,BRASIL NOVO,1,1,400.0,400.0,7000.0,7000.0,1,1,6,1
2020,PA,04235,BAIÃO,1,1,350.0,350.0,4000.0,4000.0,0,1,4,1
2020,PA,04251,BARCARENA,7,5,3320.0,474.2857142857143,40000.0,5714.285714285715,7,4,79,1
2020,PA,04260,ÁGUA AZUL DO NORTE,5,4,2230.0,446.0,30400.0,6080.0,3,5,12,1
2020,PA,04278,BELÉM,62,16,53520.0,863.2258064516129,704400.0,11361.290322580646,42,31,305,1
2020,PA,04286,TRAIRÃO,2,2,700.0,350.0,9000.0,4500.0,1,2,5,1
2020,PA,04294,BENEVIDES,6,4,2910.0,485.0,39500.0,6583.333333333333,4,3,132,1
2020,PA,04308,PAU D'ARCO,5,3,1378.0,275.6,27000.0,5400.0,5,3,237,1
2020,PA,04324,ULIANÓPOLIS,1,1,400.0,400.0,7000.0,7000.0,0,1,7,1
2020,PA,04332,BRAGANÇA,4,2,2008.0,502.0,22000.0,5500.0,4,2,239,1
2020,PA,04375,BUJARU,2,2,806.0,403.0,8000.0,4000.0,0,2,17,1
2020,PA,04383,NOVO PROGRESSO,4,2,1800.0,450.0,31000.0,7750.0,4,2,121,1
2020,PA,04405,VITÓRIA DO XINGU,4,2,1383.0,345.75,26000.0,6500.0,4,0,267,1
2020,PA,04413,CAMETÁ,3,3,1300.0,433.3333333333333,17000.0,5666.666666666667,2,3,8,1
2020,PA,04421,NOVO REPARTIMENTO,5,3,2562.0,512.4,28000.0,5600.0,3,2,57,1
2020,PA,04430,CAPANEMA,4,2,2200.0,550.0,26000.0,6500.0,3,2,68,1
2020,PA,04448,BREU BRANCO,2,1,800.0,400.0,12000.0,6000.0,1,2,23,1
2020,PA,04456,CAPITÃO POÇO,1,1,400.0,400.0,5000.0,5000.0,1,1,7,1
2020,PA,04464,SÃO DOMINGOS DO ARAGUAIA,2,2,748.0,374.0,11000.0,5500.0,2,0,129,1
2020,PA,04472,CASTANHAL,13,8,7360.0,566.1538461538462,119800.0,9215.384615384615,8,8,73,1
2020,PA,04502,ABEL FIGUEIREDO,3,2,920.0,306.6666666666667,17000.0,5666.666666666667,1,3,17,1
2020,PA,04510,COLARES,1,1,300.0,300.0,6000.0,6000.0,1,1,8,1
2020,PA,04529,CUMARU DO NORTE,3,2,1452.0,484.0,12500.0,4166.666666666667,3,3,18,1
2020,PA,04537,CONCEIÇÃO DO ARAGUAIA,5,1,1960.0,392.0,22000.0,4400.0,5,3,239,1
2020,PA,04561,FLORESTA DO ARAGUAIA,6,4,1685.0,280.8333333333333,37000.0,6166.666666666667,6,5,31,1
2020,PA,04588,BANNACH,5,2,1158.0,231.6,23000.0,4600.0,5,3,105,1
2020,PA,04596,FARO,2,1,550.0,275.0,12000.0,6000.0,2,1,111,1
2020,PA,04626,PLACAS,1,1,400.0,400.0,10000.0,10000.0,1,1,25,1
2020,PA,04642,MARITUBA,13,8,6145.0,472.6923076923077,105000.0,8076.923076923077,9,8,133,1
2020,PA,04650,IGARAPÉ-MIRI,5,3,2116.0,423.2,40000.0,8000.0,3,4,41,1
2020,PA,04677,INHANGAPI,1,1,420.0,420.0,5000.0,5000.0,1,1,27,1
2020,PA,04685,QUATIPURU,2,2,700.0,350.0,10000.0,5000.0,2,2,10,1
2020,PA,04693,IRITUIA,2,2,760.0,380.0,11000.0,5500.0,2,2,12,1
2020,PA,04707,CANAÃ DOS CARAJÁS,18,8,8573.0,476.27777777777777,248361.0,13797.833333333334,5,8,257,1
2020,PA,04715,ITAITUBA,1,1,600.0,600.0,10000.0,10000.0,1,1,30,1
2020,PA,04723,ANAPU,1,1,350.0,350.0,9000.0,9000.0,1,1,4,1
2020,PA,04731,ITUPIRANGA,4,3,1708.0,427.0,35814.0,8953.5,2,3,246,1
2020,PA,04758,JACUNDÁ,1,1,300.0,300.0,7000.0,7000.0,1,0,67,1
2020,PA,04766,CACHOEIRA DO PIRIÁ,1,1,500.0,500.0,5000.0,5000.0,1,1,14,1
2020,PA,04782,PIÇARRA,2,1,590.0,295.0,11000.0,5500.0,2,0,149,1
2020,PA,04790,LIMOEIRO DO AJURU,2,2,800.0,400.0,12000.0,6000.0,1,2,11,1
2020,PA,04804,BELTERRA,3,1,1200.0,400.0,15000.0,5000.0,3,2,287,1
2020,PA,04839,MARABÁ,4,3,2393.0,598.25,41617.0,10404.25,3,1,71,1
2020,PA,04847,SAPUCAIA,2,2,575.0,287.5,9500.0,4750.0,2,2,21,1
2020,PA,04863,MOJUÍ DOS CAMPOS,6,2,2600.0,433.3333333333333,34000.0,5666.666666666667,6,3,290,1
2020,PA,04910,MOCAJUBA,5,4,2000.0,400.0,30500.0,6100.0,3,5,30,1
2020,PA,04936,MOJU,1,1,500.0,500.0,5000.0,5000.0,0,1,4,1
2020,PA,04952,MONTE ALEGRE,1,1,400.0,400.0,8000.0,8000.0,1,0,66,1
2020,PA,04979,MUANÁ,2,2,820.0,410.0,11500.0,5750.0,1,2,3,1
2020,PA,04995,NOVA TIMBOTEUA,1,1,313.0,313.0,6000.0,6000.0,1,0,43,1
2020,PA,05010,ÓBIDOS,2,1,1200.0,600.0,16000.0,8000.0,2,2,24,1
2020,PA,05053,ORIXIMINÁ,7,3,3000.0,428.57142857142856,62000.0,8857.142857142857,7,3,274,1
2020,PA,05096,PARAGOMINAS,4,2,3600.0,900.0,27000.0,6750.0,2,3,101,1
2020,PA,05118,PEIXE-BOI,2,2,770.0,385.0,8000.0,4000.0,1,1,49,1
2020,PA,05177,PORTO DE MOZ,4,1,3030.0,757.5,38000.0,9500.0,4,2,93,1
2020,PA,05193,PRAINHA,2,1,600.0,300.0,12000.0,6000.0,2,1,87,1
2020,PA,05215,PRIMAVERA,1,1,385.0,385.0,4000.0,4000.0,1,1,6,1
2020,PA,05231,SALINÓPOLIS,3,2,1400.0,466.6666666666667,19000.0,6333.333333333333,2,1,83,1
2020,PA,05290,SANTA ISABEL DO PARÁ,3,2,1105.0,368.3333333333333,17000.0,5666.666666666667,3,2,68,1
2020,PA,05312,SANTA MARIA DO PARÁ,1,1,400.0,400.0,10000.0,10000.0,1,1,6,1
2020,PA,05339,SANTANA DO ARAGUAIA,6,4,2188.0,364.6666666666667,26500.0,4416.666666666667,5,4,115,1
2020,PA,05355,SANTARÉM,20,9,12079.0,603.95,218500.0,10925.0,14,10,308,1
2020,PA,05371,SANTARÉM NOVO,2,1,700.0,350.0,12000.0,6000.0,2,1,43,1
2020,PA,05410,SÃO CAETANO DE ODIVELAS,1,1,400.0,400.0,4000.0,4000.0,1,1,23,1
2020,PA,05436,SÃO DOMINGOS DO CAPIM,4,3,1802.0,450.5,26000.0,6500.0,4,1,40,1
2020,PA,05452,SÃO FÉLIX DO XINGU,6,4,2589.0,431.5,47000.0,7833.333333333333,6,3,159,1
2020,PA,05517,SÃO MIGUEL DO GUAMÁ,14,7,7560.0,540.0,88500.0,6321.428571428572,9,11,93,1
2020,PA,05533,SÃO SEBASTIÃO DA BOA VISTA,1,1,1016.0,1016.0,17000.0,17000.0,0,1,2,1
2020,PA,05576,SOURE,5,2,2500.0,500.0,34000.0,6800.0,5,4,78,1
2020,PA,05592,TOMÉ-AÇU,5,1,4130.0,826.0,30000.0,6000.0,5,1,88,1
2020,PA,05614,TUCURUÍ,14,7,9886.0,706.1428571428571,115000.0,8214.285714285714,11,9,244,1
2020,PA,05630,VIGIA,5,3,2600.0,520.0,29000.0,5800.0,5,4,38,1
2020,PA,05657,VISEU,1,1,400.0,400.0,5000.0,5000.0,1,1,7,1
2020,PA,05673,REDENÇÃO,19,9,10246.0,539.2631578947369,97700.0,5142.105263157895,17,11,268,1
2020,PA,05690,RIO MARIA,4,3,1559.0,389.75,24000.0,6000.0,4,3,36,1
2020,PA,05711,XINGUARA,8,3,3677.0,459.625,53000.0,6625.0,6,4,192,1
2020,PA,05738,RONDON DO PARÁ,1,1,500.0,500.0,3000.0,3000.0,0,1,4,1
2020,PA,05754,URUARÁ,2,1,960.0,480.0,13000.0,6500.0,2,0,115,1
2020,PA,05797,SÃO GERALDO DO ARAGUAIA,5,3,2064.0,412.8,20500.0,4100.0,5,3,49,1
2020,PA,05835,PARAUAPEBAS,26,13,19565.0,752.5,287205.0,11046.346153846154,23,12,278,1
2020,PA,05851,CURIONÓPOLIS,13,8,4610.0,354.61538461538464,101817.0,7832.076923076923,4,7,276,1
2020,PA,05894,RURÓPOLIS,5,2,2500.0,500.0,39000.0,7800.0,5,2,201,1
2020,PA,05916,PACAJÁ,3,1,1500.0,500.0,22000.0,7333.333333333333,3,2,82,1
2020,PA,05932,BREJO GRANDE DO ARAGUAIA,1,1,160.0,160.0,4000.0,4000.0,0,0,58,1
2020,PA,05959,OURILÂNDIA DO NORTE,1,1,280.0,280.0,4500.0,4500.0,0,1,22,1
2020,PA,05975,DOM ELISEU,2,2,600.0,300.0,15000.0,7500.0,2,2,8,1
2020,PA,05991,SANTA MARIA DAS BARREIRAS,3,3,988.0,329.3333333333333,19000.0,6333.333333333333,3,1,173,1
2020,PB,19054,ALAGOA GRANDE,1,1,300.0,300.0,5000.0,5000.0,0,1,5,1
2020,PB,19070,ALAGOA NOVA,1,1,578.0,578.0,3000.0,3000.0,0,1,10,1
2020,PB,19097,ALAGOINHA,1,1,500.0,500.0,4000.0,4000.0,0,1,20,1
2020,PB,19151,ARAÇAGI,1,1,400.0,400.0,5000.0,5000.0,0,1,15,1
2020,PB,19160,LOGRADOURO,1,1,400.0,400.0,4000.0,4000.0,0,1,16,1
2020,PB,19275,DAMIÃO,1,1,300.0,300.0,5000.0,5000.0,0,1,5,1
2020,PB,19291,BAÍA DA TRAIÇÃO,1,1,260.0,260.0,4000.0,4000.0,0,1,7,1
2020,PB,19313,BANANEIRAS,4,3,1550.0,387.5,21000.0,5250.0,1,3,37,1
2020,PB,19364,CACIMBAS,2,2,840.0,420.0,12500.0,6250.0,0,2,7,1
2020,PB,19372,BAYEUX,2,2,1000.0,500.0,11000.0,5500.0,0,2,7,1
2020,PB,19399,BELÉM,1,1,400.0,400.0,4000.0,4000.0,1,1,25,1
2020,PB,19402,SÃO BENTINHO,1,1,350.0,350.0,5000.0,5000.0,0,0,57,1
2020,PB,19410,BELÉM DO BREJO DO CRUZ,1,1,441.0,441.0,5000.0,5000.0,0,1,4,1
2020,PB,19500,BERNARDINO BATISTA,1,1,300.0,300.0,4000.0,4000.0,0,0,288,1
2020,PB,19577,BREJO DO CRUZ,1,1,300.0,300.0,6000.0,6000.0,0,1,7,1
2020,PB,19615,CAAPORÃ,1,1,260.0,260.0,4000.0,4000.0,0,1,14,1
2020,PB,19658,CABEDELO,1,1,400.0,400.0,7000.0,7000.0,0,0,118,1
2020,PB,19712,CACIMBA DE DENTRO,1,1,400.0,400.0,6000.0,6000.0,0,0,47,1
2020,PB,19739,CAIÇARA,1,1,400.0,400.0,4000.0,4000.0,1,1,25,1
2020,PB,19810,CAMPINA GRANDE,6,4,4000.0,666.6666666666666,60500.0,10083.333333333334,1,5,123,1
2020,PB,19917,CONDADO,1,1,220.0,220.0,4000.0,4000.0,0,1,25,1
2020,PB,19933,CONDE,2,2,1000.0,500.0,21500.0,10750.0,2,2,6,1
2020,PB,19976,COREMAS,1,1,350.0,350.0,5000.0,5000.0,0,0,52,1
2020,PB,19992,CRUZ DO ESPÍRITO SANTO,1,1,350.0,350.0,5000.0,5000.0,0,1,22,1
2020,PB,20001,SANTA CECÍLIA,1,1,250.0,250.0,4000.0,4000.0,0,0,40,1
2020,PB,20036,CUITÉ,1,1,350.0,350.0,5000.0,5000.0,0,1,9,1
2020,PB,20052,CUITEGI,2,2,978.0,489.0,9000.0,4500.0,0,2,15,1
2020,PB,20095,DESTERRO,1,1,400.0,400.0,7000.0,7000.0,0,1,7,1
2020,PB,20150,DONA INÊS,1,1,400.0,400.0,5000.0,5000.0,0,1,5,1
2020,PB,20176,DUAS ESTRADAS,1,1,250.0,250.0,4000.0,4000.0,0,1,12,1
2020,PB,20214,ESPERANÇA,1,1,500.0,500.0,6000.0,6000.0,0,1,13,1
2020,PB,20273,GUARABIRA,4,2,2300.0,575.0,21000.0,5250.0,0,3,76,1
2020,PB,20354,IMACULADA,1,1,368.0,368.0,7000.0,7000.0,0,1,16,1
2020,PB,20370,INGÁ,3,3,1330.0,443.3333333333333,15000.0,5000.0,0,3,12,1
2020,PB,20419,ITAPORANGA,1,1,300.0,300.0,5000.0,5000.0,0,1,19,1
2020,PB,20435,ITAPOROROCA,1,1,350.0,350.0,5000.0,5000.0,0,1,17,1
2020,PB,20516,JOÃO PESSOA,12,6,9211.0,767.5833333333334,330514.14,27542.845,1,5,41,1
2020,PB,20532,JUAREZ TÁVORA,1,1,400.0,400.0,5000.0,5000.0,0,1,8,1
2020,PB,20591,JURIPIRANGA,1,1,415.0,415.0,6000.0,6000.0,1,1,8,1
2020,PB,20613,JURU,1,1,350.0,350.0,7000.0,7000.0,1,1,5,1
2020,PB,20656,LAGOA DE DENTRO,1,1,300.0,300.0,5000.0,5000.0,0,1,2,1
2020,PB,20672,LAGOA SECA,1,1,350.0,350.0,4000.0,4000.0,0,1,10,1
2020,PB,20796,MAMANGUAPE,1,1,300.0,300.0,5000.0,5000.0,0,1,4,1
2020,PB,20818,MANAÍRA,1,1,368.0,368.0,6000.0,6000.0,0,0,38,1
2020,PB,20850,MASSARANDUBA,1,1,400.0,400.0,5000.0,5000.0,0,1,4,1
2020,PB,20958,MONTEIRO,5,3,1958.0,391.6,39000.0,7800.0,1,3,41,1
2020,PB,20974,MULUNGU,1,1,400.0,400.0,5000.0,5000.0,0,1,4,1
2020,PB,21032,NOVA FLORESTA,1,1,350.0,350.0,5000.0,5000.0,0,1,22,1
2020,PB,21130,OURO VELHO,1,1,250.0,250.0,4000.0,4000.0,0,0,41,1
2020,PB,21172,PATOS,2,2,800.0,400.0,14000.0,7000.0,0,1,38,1
2020,PB,21253,PEDRAS DE FOGO,5,4,2378.0,475.6,31500.0,6300.0,0,3,49,1
2020,PB,21270,PIANCÓ,4,2,1500.0,375.0,22000.0,5500.0,0,2,88,1
2020,PB,21296,PICUÍ,1,1,350.0,350.0,5000.0,5000.0,0,1,19,1
2020,PB,21377,PIRPIRITUBA,1,1,270.0,270.0,4000.0,4000.0,0,1,8,1
2020,PB,21415,POCINHOS,2,2,750.0,375.0,9000.0,4500.0,0,1,37,1
2020,PB,21458,PRATA,1,1,350.0,350.0,5000.0,5000.0,0,1,14,1
2020,PB,21474,PRINCESA ISABEL,4,2,1602.0,400.5,23000.0,5750.0,0,1,112,1
2020,PB,21490,PUXINANÃ,1,1,400.0,400.0,5000.0,5000.0,0,0,33,1
2020,PB,21652,SANTA CRUZ,1,1,300.0,300.0,3000.0,3000.0,1,1,2,1
2020,PB,21679,SANTA HELENA,1,1,240.0,240.0,4000.0,4000.0,0,1,8,1
2020,PB,21695,SANTA LUZIA,1,1,400.0,400.0,7000.0,7000.0,1,1,15,1
2020,PB,21750,SANTA RITA,2,1,1000.0,500.0,12000.0,6000.0,1,2,13,1
2020,PB,21792,SÃO BENTO,4,3,1750.0,437.5,26000.0,6500.0,1,3,94,1
2020,PB,21814,SÃO JOÃO DO CARIRI,1,1,400.0,400.0,4000.0,4000.0,1,1,10,1
2020,PB,21830,SÃO JOÃO DO TIGRE,1,1,220.0,220.0,4000.0,4000.0,0,1,9,1
2020,PB,21873,SÃO JOSÉ DE CAIANA,1,1,400.0,400.0,11500.0,11500.0,0,1,2,1
2020,PB,21890,SÃO JOSÉ DE ESPINHARAS,1,1,400.0,400.0,6000.0,6000.0,0,1,2,1
2020,PB,21911,SÃO JOSÉ DE PIRANHAS,1,1,270.0,270.0,4000.0,4000.0,0,1,7,1
2020,PB,21997,SÃO MAMEDE,1,1,350.0,350.0,5000.0,5000.0,0,1,10,1
2020,PB,22071,SAPÉ,3,3,1230.0,410.0,20000.0,6666.666666666667,0,3,9,1
2020,PB,22110,SERRA BRANCA,2,2,697.0,348.5,10000.0,5000.0,0,2,3,1
2020,PB,22136,SERRA DA RAIZ,1,1,400.0,400.0,4500.0,4500.0,0,1,11,1
2020,PB,22250,SOUSA,3,2,1400.0,466.6666666666667,19000.0,6333.333333333333,0,1,113,1
2020,PB,22330,TAVARES,1,1,372.0,372.0,6000.0,6000.0,0,0,36,1
2020,PB,22373,TRIUNFO,1,1,309.0,309.0,6000.0,6000.0,0,0,106,1
2020,PB,22390,UIRAÚNA,1,1,260.0,260.0,4000.0,4000.0,0,1,9,1
2020,PE,23019,AFOGADOS DA INGAZEIRA,3,2,950.0,316.6666666666667,21000.0,7000.0,3,2,37,1
2020,PE,23035,AFRÂNIO,4,3,1201.0,300.25,49600.0,12400.0,3,4,21,1
2020,PE,23043,SANTA CRUZ DA BAIXA VERDE,2,2,769.0,384.5,19000.0,9500.0,0,2,7,1
2020,PE,23094,ÁGUAS BELAS,2,2,650.0,325.0,16000.0,8000.0,2,2,23,1
2020,PE,23124,JUCATI,1,1,300.0,300.0,7000.0,7000.0,0,0,66,1
2020,PE,23140,DORMENTES,1,1,350.0,350.0,6000.0,6000.0,0,1,26,1
2020,PE,23175,AMARAJI,2,2,676.0,338.0,14500.0,7250.0,1,2,10,1
2020,PE,23213,ARARIPINA,6,4,2148.0,358.0,43000.0,7166.666666666667,2,4,84,1
2020,PE,23221,CASINHAS,2,2,700.0,350.0,17000.0,8500.0,0,2,4,1
2020,PE,23230,ARCOVERDE,8,3,2866.0,358.25,42500.0,5312.5,5,7,66,1
2020,PE,23264,JATOBÁ,1,1,220.0,220.0,6000.0,6000.0,1,1,20,1
2020,PE,23299,BELÉM DE MARIA,1,1,250.0,250.0,13000.0,13000.0,0,1,11,1
2020,PE,23302,JAQUEIRA,1,1,400.0,400.0,8000.0,8000.0,0,1,9,1
2020,PE,23310,BELÉM DE SÃO FRANCISCO,2,2,550.0,275.0,22000.0,11000.0,0,2,10,1
2020,PE,23337,BELO JARDIM,3,3,1344.0,448.0,19000.0,6333.333333333333,0,3,26,1
2020,PE,23370,BEZERROS,2,2,550.0,275.0,8500.0,4250.0,1,2,11,1
2020,PE,23418,BOM CONSELHO,2,2,700.0,350.0,9000.0,4500.0,0,2,28,1
2020,PE,23434,BOM JARDIM,2,2,750.0,375.0,12000.0,6000.0,0,2,7,1
2020,PE,23477,BREJÃO,1,1,300.0,300.0,4000.0,4000.0,0,1,4,1
2020,PE,23493,BREJINHO,1,1,300.0,300.0,2000.0,2000.0,0,1,9,1
2020,PE,23515,BREJO DA MADRE DE DEUS,2,2,700.0,350.0,15000.0,7500.0,1,2,7,1
2020,PE,23558,BUÍQUE,2,2,700.0,350.0,14000.0,7000.0,2,2,14,1
2020,PE,23574,CABO DE SANTO AGOSTINHO,6,6,3004.0,500.6666666666667,89520.0,14920.0,0,2,147,1
2020,PE,23639,CAETÉS,1,1,400.0,400.0,4000.0,4000.0,0,0,42,1
2020,PE,23655,CALÇADO,2,1,800.0,400.0,8000.0,4000.0,0,1,58,1
2020,PE,23698,CAMOCIM DE SÃO FÉLIX,1,1,400.0,400.0,9000.0,9000.0,0,1,4,1
2020,PE,23710,CAMUTANGA,2,1,1200.0,600.0,10000.0,5000.0,2,2,30,1
2020,PE,23736,CANHOTINHO,2,1,602.0,301.0,16000.0,8000.0,0,0,41,1
2020,PE,23752,CAPOEIRAS,1,1,300.0,300.0,5000.0,5000.0,0,0,-313,1
2020,PE,23779,CARNAÍBA,1,1,220.0,220.0,4500.0,4500.0,1,0,72,1
2020,PE,23795,CARPINA,3,2,1200.0,400.0,24200.0,8066.666666666667,2,1,79,1
2020,PE,23817,CARUARU,4,2,2140.0,535.0,32000.0,8000.0,1,2,304,1
2020,PE,23833,CATENDE,2,2,800.0,400.0,14000.0,7000.0,0,2,7,1
2020,PE,23930,CORRENTES,3,1,1080.0,360.0,13000.0,4333.333333333333,0,1,289,1
2020,PE,23990,CUPIRA,3,2,1100.0,366.6666666666667,14000.0,4666.666666666667,0,2,34,1
2020,PE,24015,CUSTÓDIA,4,3,1350.0,337.5,25500.0,6375.0,3,2,73,1
2020,PE,24090,FERREIROS,2,2,700.0,350.0,12000.0,6000.0,2,2,6,1
2020,PE,24139,FLORESTA,3,3,900.0,300.0,15000.0,5000.0,0,3,30,1
2020,PE,24198,GARANHUNS,9,4,3800.0,422.22222222222223,63000.0,7000.0,1,5,64,1
2020,PE,24210,GLÓRIA DO GOITÁ,1,1,300.0,300.0,5000.0,5000.0,1,1,9,1
2020,PE,24236,GOIANA,1,1,350.0,350.0,6000.0,6000.0,0,1,9,1
2020,PE,24252,GRANITO,1,1,250.0,250.0,6000.0,6000.0,1,1,14,1
2020,PE,24279,GRAVATÁ,1,1,350.0,350.0,6000.0,6000.0,0,1,5,1
2020,PE,24295,IATI,1,1,350.0,350.0,5000.0,5000.0,0,1,10,1
2020,PE,24317,IBIMIRIM,1,1,300.0,300.0,7000.0,7000.0,1,1,7,1
2020,PE,24350,IGARASSU,1,1,400.0,400.0,8000.0,8000.0,0,1,14,1
2020,PE,24376,IGUARACI,1,1,220.0,220.0,5000.0,5000.0,1,1,21,1
2020,PE,24414,INGAZEIRA,1,1,220.0,220.0,5000.0,5000.0,1,1,16,1
2020,PE,24430,IPOJUCA,2,2,700.0,350.0,11000.0,5500.0,1,2,7,1
2020,PE,24490,ITAÍBA,1,1,350.0,350.0,6000.0,6000.0,0,1,21,1
2020,PE,24538,ITAPETIM,1,1,220.0,220.0,5000.0,5000.0,1,0,51,1
2020,PE,24570,JABOATÃO DOS GUARARAPES,2,2,1200.0,600.0,27900.0,13950.0,1,1,137,1
2020,PE,24694,LAGOA DE ITAENGA,1,1,400.0,400.0,6000.0,6000.0,0,1,12,1
2020,PE,24759,LAJEDO,4,3,1500.0,375.0,27000.0,6750.0,1,3,48,1
2020,PE,24791,MACAPARANA,2,2,800.0,400.0,11500.0,5750.0,1,1,57,1
2020,PE,24830,MARAIAL,3,2,1520.0,506.6666666666667,26000.0,8666.666666666666,2,1,12,1
2020,PE,24856,MIRANDIBA,4,4,1342.0,335.5,23000.0,5750.0,2,3,46,1
2020,PE,24872,MORENO,1,1,381.0,381.0,5000.0,5000.0,1,1,8,1
2020,PE,24910,OLINDA,2,2,1100.0,550.0,27500.0,13750.0,1,1,130,1
2020,PE,24937,OROBÓ,2,2,800.0,400.0,17500.0,8750.0,0,2,4,1
2020,PE,24970,OURICURI,5,5,1782.0,356.4,34000.0,6800.0,1,5,19,1
2020,PE,25011,PALMEIRINA,1,1,400.0,400.0,8000.0,8000.0,0,0,-315,1
2020,PE,25038,PANELAS,4,3,2688.0,672.0,25830.5,6457.625,4,2,107,1
2020,PE,25054,PARANATAMA,2,1,800.0,400.0,8000.0,4000.0,0,1,79,1
2020,PE,25070,PARNAMIRIM,4,4,1376.0,344.0,27000.0,6750.0,2,2,57,1
2020,PE,25119,PAUDALHO,1,1,400.0,400.0,6000.0,6000.0,0,1,12,1
2020,PE,25135,PAULISTA,5,3,2100.0,420.0,26000.0,5200.0,1,0,84,1
2020,PE,25151,PEDRA,6,4,1955.0,325.8333333333333,58000.0,9666.666666666666,0,3,52,1
2020,PE,25178,PESQUEIRA,2,2,650.0,325.0,13000.0,6500.0,1,0,68,1
2020,PE,25194,PETROLÂNDIA,3,3,1092.0,364.0,22900.0,7633.333333333333,1,2,46,1
2020,PE,25216,PETROLINA,6,5,2950.0,491.6666666666667,57200.0,9533.333333333334,1,3,81,1
2020,PE,25232,POÇÃO,2,2,700.0,350.0,13000.0,6500.0,2,2,17,1
2020,PE,25275,PRIMAVERA,1,1,350.0,350.0,6000.0,6000.0,0,1,12,1
2020,PE,25291,QUIPAPÁ,4,4,1250.0,312.5,17000.0,4250.0,1,3,39,1
2020,PE,25313,RECIFE,47,12,48787.0,1038.0212765957447,2281114.14,48534.34340425532,12,17,141,1
2020,PE,25330,RIACHO DAS ALMAS,2,2,700.0,350.0,12000.0,6000.0,0,2,12,1
2020,PE,25437,SALGUEIRO,9,5,3843.0,427.0,71000.0,7888.888888888889,4,6,42,1
2020,PE,25496,SANTA CRUZ DO CAPIBARIBE,6,5,2300.0,383.3333333333333,43725.0,7287.5,2,4,288,1
2020,PE,25631,SÃO JOÃO,1,1,600.0,600.0,6000.0,6000.0,1,1,13,1
2020,PE,25658,SÃO JOAQUIM DO MONTE,1,1,400.0,400.0,8000.0,8000.0,0,1,2,1
2020,PE,25712,SÃO JOSÉ DO EGITO,3,3,900.0,300.0,14000.0,4666.666666666667,1,2,57,1
2020,PE,25771,SERRA TALHADA,5,2,1680.0,336.0,32000.0,6400.0,3,3,67,1
2020,PE,25810,SERTÂNIA,2,1,540.0,270.0,12000.0,6000.0,1,1,31,1
2020,PE,25852,MOREILÂNDIA,1,1,300.0,300.0,6200.0,6200.0,0,1,10,1
2020,PE,25895,SURUBIM,2,2,900.0,450.0,14000.0,7000.0,1,2,5,1
2020,PE,25950,TACARATU,1,1,400.0,400.0,6000.0,6000.0,1,1,2,1
2020,PE,25992,TAQUARITINGA DO NORTE,2,2,550.0,275.0,12000.0,6000.0,2,2,6,1
2020,PE,26050,TIMBAÚBA,1,1,400.0,400.0,23400.0,23400.0,0,0,37,1
2020,PE,26077,TORITAMA,2,2,750.0,375.0,28000.0,14000.0,0,2,17,1
2020,PE,26115,TRINDADE,1,1,350.0,350.0,6000.0,6000.0,0,1,17,1
2020,PE,26158,TUPANATINGA,3,2,880.0,293.3333333333333,19000.0,6333.333333333333,3,3,6,1
2020,PE,26174,TUPARETAMA,1,1,220.0,220.0,6000.0,6000.0,1,0,41,1
2020,PE,26190,VENTUROSA,5,3,1960.0,392.0,25500.0,5100.0,2,5,30,1
2020,PE,26298,CAMARAGIBE,2,2,784.0,392.0,12000.0,6000.0,1,2,29,1
2020,PE,26310,ABREU E LIMA,1,1,300.0,300.0,2000.0,2000.0,0,1,6,1
2020,PI,10006,BRASILEIRA,5,2,1397.0,279.4,12000.0,2400.0,1,3,288,1
2020,PI,10014,AGRICOLÂNDIA,1,1,300.0,300.0,2000.0,2000.0,1,1,16,1
2020,PI,10022,ALEGRETE DO PIAUÍ,3,2,3650.0,1216.6666666666667,8500.0,2833.3333333333335,3,2,141,1
2020,PI,10030,ÁGUA BRANCA,9,7,2800.0,311.1111111111111,43000.0,4777.777777777777,1,6,42,1
2020,PI,10049,BAIXA GRANDE DO RIBEIRO,4,3,1250.0,312.5,31870.0,7967.5,0,2,57,1
2020,PI,10057,ALTO LONGÁ,4,3,1200.0,300.0,14000.0,3500.0,3,3,36,1
2020,PI,10065,BOM PRINCÍPIO DO PIAUÍ,1,1,300.0,300.0,3000.0,3000.0,0,1,6,1
2020,PI,10073,ALTOS,19,10,7900.0,415.7894736842105,91914.95999999999,4837.62947368421,10,9,246,1
2020,PI,10081,BONFIM DO PIAUÍ,1,1,300.0,300.0,5000.0,5000.0,0,1,11,1
2020,PI,10090,AMARANTE,3,3,949.0,316.3333333333333,22500.0,7500.0,0,3,15,1
2020,PI,10103,BURITI DOS MONTES,1,1,300.0,300.0,7500.0,7500.0,0,1,20,1
2020,PI,10111,ANGICAL DO PIAUÍ,6,5,1902.0,317.0,22500.0,3750.0,4,6,25,1
2020,PI,10154,ANTÔNIO ALMEIDA,2,1,600.0,300.0,8500.0,4250.0,0,1,68,1
2020,PI,10170,AROAZES,3,3,1208.0,402.6666666666667,17500.0,5833.333333333333,2,2,33,1
2020,PI,10189,COIVARAS,1,1,359.0,359.0,5500.0,5500.0,1,1,15,1
2020,PI,10197,ARRAIAL,1,1,300.0,300.0,3000.0,3000.0,1,0,57,1
2020,PI,10200,COLÔNIA DO GURGUÉIA,1,1,300.0,300.0,4000.0,4000.0,1,1,5,1
2020,PI,10219,AVELINO LOPES,2,2,700.0,350.0,12000.0,6000.0,1,2,17,1
2020,PI,10235,BARRAS,4,3,1890.0,472.5,17000.0,4250.0,1,2,140,1
2020,PI,10243,CORONEL JOSÉ DIAS,3,1,3759.0,1253.0,11000.0,3666.6666666666665,3,1,118,1
2020,PI,10251,BARREIRAS DO PIAUÍ,1,1,300.0,300.0,3000.0,3000.0,1,0,65,1
2020,PI,10260,FARTURA DO PIAUÍ,2,2,663.0,331.5,11000.0,5500.0,1,2,14,1
2020,PI,10294,BATALHA,2,2,680.0,340.0,8000.0,4000.0,1,2,15,1
2020,PI,10316,BENEDITINOS,3,2,1042.0,347.3333333333333,14228.0,4742.666666666667,3,1,71,1
2020,PI,10324,LAGOA ALEGRE,1,1,302.0,302.0,4000.0,4000.0,0,0,-11,1
2020,PI,10367,MARCOLÂNDIA,3,2,900.0,300.0,12000.0,4000.0,0,1,65,1
2020,PI,10375,BOM JESUS,8,5,3160.0,395.0,54500.0,6812.5,2,5,56,1
2020,PI,10383,PATOS DO PIAUÍ,5,4,1555.0,311.0,19600.0,3920.0,2,2,100,1
2020,PI,10391,BURITI DOS LOPES,2,1,1200.0,600.0,9500.0,4750.0,0,1,64,1
2020,PI,10405,PASSAGEM FRANCA DO PIAUÍ,1,1,250.0,250.0,7910.0,7910.0,0,1,30,1
2020,PI,10430,CAMPO MAIOR,14,6,4967.0,354.7857142857143,57700.0,4121.428571428572,9,5,303,1
2020,PI,10456,CANTO DO BURITI,2,2,630.0,315.0,6000.0,3000.0,2,1,38,1
2020,PI,10464,SANTA ROSA DO PIAUÍ,2,2,598.0,299.0,9000.0,4500.0,0,1,85,1
2020,PI,10472,CAPITÃO DE CAMPOS,5,4,4700.0,940.0,28000.0,5600.0,1,4,111,1
2020,PI,10480,SANTANA DO PIAUÍ,1,1,300.0,300.0,3000.0,3000.0,1,1,18,1
2020,PI,10502,SÃO BRAZ DO PIAUÍ,1,1,310.0,310.0,5000.0,5000.0,1,0,38,1
2020,PI,10510,CASTELO DO PIAUÍ,2,2,600.0,300.0,10000.0,5000.0,1,2,5,1
2020,PI,10529,SÃO JOSÉ DO DIVINO,1,1,280.0,280.0,4500.0,4500.0,0,1,8,1
2020,PI,10537,COCAL,4,3,2150.0,537.5,15250.0,3812.5,0,2,273,1
2020,PI,10545,SIGEFREDO PACHECO,2,2,600.0,300.0,6700.0,3350.0,1,0,252,1
2020,PI,10553,CONCEIÇÃO DO CANINDÉ,5,5,1554.0,310.8,17100.0,3420.0,4,2,62,1
2020,PI,10561,SÃO LOURENÇO DO PIAUÍ,3,2,900.0,300.0,12000.0,4000.0,3,3,20,1
2020,PI,10570,CORRENTE,2,2,600.0,300.0,13000.0,6500.0,1,1,31,1
2020,PI,10588,VÁRZEA BRANCA,2,2,603.0,301.5,8500.0,4250.0,1,2,11,1
2020,PI,10618,CRISTINO CASTRO,3,3,900.0,300.0,19260.0,6420.0,1,3,28,1
2020,PI,10650,DEMERVAL LOBÃO,1,1,300.0,300.0,7500.0,7500.0,0,0,39,1
2020,PI,10685,DOM INOCÊNCIO,2,1,657.0,328.5,8500.0,4250.0,1,1,36,1
2020,PI,10693,ELESBÃO VELOSO,3,2,950.0,316.6666666666667,11500.0,3833.3333333333335,2,1,60,1
2020,PI,10707,CAPITÃO GERVÁSIO OLIVEIRA,2,2,569.0,284.5,6800.0,3400.0,1,1,100,1
2020,PI,10715,ELISEU MARTINS,1,1,300.0,300.0,2000.0,2000.0,1,1,6,1
2020,PI,10731,ESPERANTINA,2,1,1211.0,605.5,18000.0,9000.0,0,1,99,1
2020,PI,10758,FLORES DO PIAUÍ,2,2,578.0,289.0,8000.0,4000.0,0,0,104,1
2020,PI,10766,CURRAIS,1,1,300.0,300.0,4000.0,4000.0,0,1,14,1
2020,PI,10774,FLORIANO,1,1,600.0,600.0,10000.0,10000.0,0,1,12,1
2020,PI,10804,GUARIBAS,1,1,335.0,335.0,5500.0,5500.0,1,0,39,1
2020,PI,10812,FRANCISCO AYRES,2,2,750.0,375.0,8500.0,4250.0,2,2,10,1
2020,PI,10855,FRONTEIRAS,4,2,1350.0,337.5,11300.0,2825.0,3,1,307,1
2020,PI,10863,LAGOA DE SÃO FRANCISCO,1,1,310.0,310.0,4000.0,4000.0,0,1,8,1
2020,PI,10871,GILBUÉS,1,1,300.0,300.0,4000.0,4000.0,1,1,15,1
2020,PI,10880,MORRO CABEÇA NO TEMPO,1,1,250.0,250.0,6500.0,6500.0,0,1,23,1
2020,PI,10898,GUADALUPE,3,1,1133.0,377.6666666666667,11750.0,3916.6666666666665,1,1,72,1
2020,PI,10901,NOVO SANTO ANTÔNIO,1,1,300.0,300.0,3000.0,3000.0,0,1,8,1
2020,PI,10936,INHUMA,2,1,600.0,300.0,11000.0,5500.0,0,1,44,1
2020,PI,10944,PAQUETÁ,1,1,300.0,300.0,2500.0,2500.0,1,0,59,1
2020,PI,10952,IPIRANGA DO PIAUÍ,5,3,1600.0,320.0,17000.0,3400.0,3,3,127,1
2020,PI,10960,NOVA SANTA RITA,1,1,776.0,776.0,5000.0,5000.0,1,1,12,1
2020,PI,10987,SÃO JOÃO DO ARRAIAL,1,1,300.0,300.0,3000.0,3000.0,1,1,7,1
2020,PI,11010,ITAUEIRA,2,2,614.0,307.0,7100.0,3550.0,1,1,128,1
2020,PI,11037,JAICÓS,8,4,2901.0,362.625,43700.0,5462.5,5,2,309,1
2020,PI,11053,JERUMENHA,2,2,600.0,300.0,7500.0,3750.0,2,2,14,1
2020,PI,11088,SÃO JOÃO DA CANABRAVA,1,1,283.0,283.0,3000.0,3000.0,1,1,13,1
2020,PI,11096,JOSÉ DE FREITAS,2,1,750.0,375.0,9000.0,4500.0,0,1,35,1
2020,PI,11118,LANDRI SALES,1,1,300.0,300.0,3000.0,3000.0,1,1,25,1
2020,PI,11134,LUIS CORREIA,7,5,2349.0,335.57142857142856,35700.0,5100.0,2,2,244,1
2020,PI,11150,LUZILÂNDIA,1,1,300.0,300.0,4500.0,4500.0,0,0,43,1
2020,PI,11215,MATIAS OLÍMPIO,3,1,893.0,297.6666666666667,10500.0,3500.0,0,1,270,1
2020,PI,11231,MIGUEL ALVES,4,3,1300.0,325.0,15500.0,3875.0,3,4,22,1
2020,PI,11258,MIGUEL LEÃO,1,1,250.0,250.0,2000.0,2000.0,1,1,8,1
2020,PI,11274,MONSENHOR GIL,7,4,2322.0,331.7142857142857,35400.0,5057.142857142857,2,4,150,1
2020,PI,11290,MONSENHOR HIPÓLITO,1,1,300.0,300.0,10000.0,10000.0,0,1,22,1
2020,PI,11312,MONTE ALEGRE DO PIAUÍ,1,1,310.0,310.0,4500.0,4500.0,0,1,8,1
2020,PI,11339,NAZARÉ DO PIAUÍ,4,3,1692.0,423.0,11000.0,2750.0,4,1,146,1
2020,PI,11355,NOSSA SENHORA DOS REMÉDIOS,5,3,1500.0,300.0,23000.0,4600.0,1,2,281,1
2020,PI,11371,NOVO ORIENTE DO PIAUÍ,5,4,1505.0,301.0,14500.0,2900.0,2,3,281,1
2020,PI,11398,OEIRAS,1,1,470.0,470.0,3000.0,3000.0,1,1,7,1
2020,PI,11410,DOMINGOS MOURÃO,1,1,300.0,300.0,4000.0,4000.0,0,1,21,1
2020,PI,11495,PALMEIRAIS,6,2,2941.0,490.1666666666667,34950.0,5825.0,4,3,87,1
2020,PI,11533,PARNAÍBA,3,2,1000.0,333.3333333333333,17500.0,5833.333333333333,0,2,43,1
2020,PI,11550,PAULISTANA,5,4,1825.0,365.0,14100.0,2820.0,3,4,65,1
2020,PI,11576,PEDRO II,4,4,1430.0,357.5,26000.0,6500.0,0,3,141,1
2020,PI,11592,PICOS,20,9,8993.0,449.65,117500.0,5875.0,9,11,269,1
2020,PI,11614,PIMENTEIRAS,3,1,900.0,300.0,11000.0,3666.6666666666665,3,2,80,1
2020,PI,11630,PIO IX,5,5,1650.0,330.0,32500.0,6500.0,1,4,43,1
2020,PI,11657,PIRACURUCA,3,3,1000.0,333.3333333333333,16000.0,5333.333333333333,0,3,30,1
2020,PI,11673,PIRIPIRI,9,4,4198.0,466.44444444444446,61000.0,6777.777777777777,3,5,122,1
2020,PI,11690,PORTO,1,1,455.0,455.0,4500.0,4500.0,0,1,16,1
2020,PI,11738,REDENÇÃO DO GURGUÉIA,1,1,300.0,300.0,5000.0,5000.0,1,1,17,1
2020,PI,11754,REGENERAÇÃO,1,1,300.0,300.0,3000.0,3000.0,1,1,8,1
2020,PI,11770,RIBEIRO GONÇALVES,1,1,300.0,300.0,12870.0,12870.0,0,0,53,1
2020,PI,11819,SANTA CRUZ DO PIAUÍ,1,1,300.0,300.0,4000.0,4000.0,0,1,7,1
2020,PI,11851,SANTA LUZ,1,1,300.0,300.0,1500.0,1500.0,0,1,6,1
2020,PI,11878,SANTO ANTÔNIO DE LISBOA,3,3,914.0,304.6666666666667,13640.0,4546.666666666667,1,2,61,1
2020,PI,11932,SÃO FRANCISCO DO PIAUÍ,1,1,300.0,300.0,4000.0,4000.0,0,1,23,1
2020,PI,11959,SÃO GONÇALO DO PIAUÍ,1,1,350.0,350.0,8000.0,8000.0,0,0,95,1
2020,PI,11991,SÃO JOÃO DO PIAUÍ,11,6,3955.0,359.54545454545456,65000.0,5909.090909090909,3,8,102,1
2020,PI,12009,SÃO JOÃO DA FRONTEIRA,1,1,254.0,254.0,1500.0,1500.0,1,0,260,1
2020,PI,12033,SÃO JOSÉ DO PIAUÍ,2,1,600.0,300.0,8000.0,4000.0,0,1,82,1
2020,PI,12068,SEBASTIÃO LEAL,1,1,300.0,300.0,3000.0,3000.0,1,1,24,1
2020,PI,12076,SÃO MIGUEL DO TAPUIO,1,1,300.0,300.0,6000.0,6000.0,0,1,19,1
2020,PI,12092,SÃO PEDRO DO PIAUÍ,1,1,300.0,300.0,9000.0,9000.0,0,1,13,1
2020,PI,12106,ASSUNÇÃO DO PIAUÍ,3,2,977.0,325.6666666666667,11600.0,3866.6666666666665,1,1,174,1
2020,PI,12114,SÃO RAIMUNDO NONATO,3,2,920.0,306.6666666666667,16000.0,5333.333333333333,2,3,26,1
2020,PI,12122,BETÂNIA DO PIAUÍ,2,1,632.0,316.0,11000.0,5500.0,2,0,101,1
2020,PI,12157,SIMPLÍCIO MENDES,2,2,600.0,300.0,15000.0,7500.0,1,2,24,1
2020,PI,12173,SOCORRO DO PIAUÍ,1,1,358.0,358.0,2500.0,2500.0,1,1,6,1
2020,PI,12181,CURRAL NOVO DO PIAUÍ,1,1,264.0,264.0,4000.0,4000.0,1,0,52,1
2020,PI,12190,TERESINA,50,11,42510.0,850.2,793821.1,15876.421999999999,14,18,296,1
2020,PI,12211,UNIÃO,5,4,1631.0,326.2,14000.0,2800.0,2,2,128,1
2020,PI,12220,LAGOA DO SÍTIO,3,3,780.0,260.0,13000.0,4333.333333333333,0,3,21,1
2020,PI,12238,URUÇUÍ,8,7,3013.0,376.625,37000.0,4625.0,4,6,39,1
2020,PI,12254,VALENÇA DO PIAUÍ,14,8,4721.0,337.2142857142857,68500.0,4892.857142857143,6,8,309,1
2020,PI,12262,PAJEÚ DO PIAUÍ,1,1,300.0,300.0,4000.0,4000.0,0,0,82,1
2020,PI,12289,PAVUSSU,1,1,300.0,300.0,4000.0,4000.0,1,0,78,1
2020,PI,12297,DIRCEU ARCOVERDE,5,3,1530.0,306.0,15500.0,3100.0,1,2,101,1
2020,PI,12300,RIACHO FRIO,1,1,400.0,400.0,6000.0,6000.0,1,1,11,1
2020,PI,12319,ALAGOINHA DO PIAUÍ,1,1,300.0,300.0,4000.0,4000.0,1,1,9,1
2020,PI,12327,ACAUÃ,1,1,300.0,300.0,3100.0,3100.0,1,0,63,1
2020,PI,12343,CAJAZEIRAS DO PIAUÍ,1,1,263.0,263.0,3500.0,3500.0,1,1,17,1
2020,PI,12360,COCAL DE TELHA,2,1,700.0,350.0,7000.0,3500.0,1,1,70,1
2020,PI,12416,JUAZEIRO DO PIAUÍ,4,2,1182.0,295.5,18000.0,4500.0,2,0,-119,1
2020,PI,12432,LAGOINHA DO PIAUÍ,2,2,584.0,292.0,8600.0,4300.0,0,2,30,1
2020,PI,12440,MADEIRO,1,1,1000.0,1000.0,2500.0,2500.0,1,1,17,1
2020,PI,12459,MORRO DO CHAPÉU DO PIAUÍ,1,1,300.0,300.0,4100.0,4100.0,1,1,10,1
2020,PI,12467,MASSAPÊ DO PIAUÍ,3,3,920.0,306.6666666666667,11600.0,3866.6666666666665,1,2,45,1
2020,PI,12475,MURICI DOS PORTELAS,1,1,316.0,316.0,2600.0,2600.0,0,1,9,1
2020,PI,12513,SUSSUAPARA,3,3,806.0,268.6666666666667,6500.0,2166.6666666666665,2,1,246,1
2020,PI,12521,TANQUE DO PIAUÍ,2,2,600.0,300.0,8000.0,4000.0,1,1,54,1
2020,PI,12548,VILA NOVA DO PIAUÍ,2,1,630.0,315.0,4000.0,2000.0,2,0,134,1
2020,PI,12564,WALL FERRAZ,5,5,1515.0,303.0,17650.0,3530.0,1,2,65,1
2020,PI,12599,PORTO ALEGRE DO PIAUÍ,1,1,300.0,300.0,4000.0,4000.0,0,1,25,1
2020,PI,12610,SÃO GONÇALO DO GURGUÉIA,1,1,301.0,301.0,5000.0,5000.0,0,0,37,1
2020,PI,12629,SÃO LUIS DO PIAUÍ,2,2,512.0,256.0,7700.0,3850.0,0,1,41,1
2020,PI,12688,CAXINGÓ,2,1,626.0,313.0,5700.0,2850.0,1,1,56,1
2020,PI,12696,COCAL DOS ALVES,1,1,400.0,400.0,4500.0,4500.0,0,1,12,1
2020,PI,12718,PAU D'ARCO DO PIAUÍ,2,2,800.0,400.0,7500.0,3750.0,2,2,9,1
2020,PI,12726,NAZÁRIA,6,3,1863.0,310.5,17200.0,2866.6666666666665,5,2,313,1
2020,PR,74004,GODOY MOREIRA,1,1,200.0,200.0,3000.0,3000.0,0,1,8,1
2020,PR,74020,IBEMA,2,2,700.0,350.0,6000.0,3000.0,0,2,10,1
2020,PR,74047,LINDOESTE,2,2,856.0,428.0,7400.0,3700.0,1,0,71,1
2020,PR,74055,AGUDOS DO SUL,1,1,400.0,400.0,9500.0,9500.0,0,0,-495,1
2020,PR,74063,OURO VERDE DO OESTE,4,3,1406.0,351.5,12200.0,3050.0,0,4,19,1
2020,PR,74071,ALMIRANTE TAMANDARÉ,2,1,857.0,428.5,25000.0,12500.0,0,2,20,1
2020,PR,74080,SANTA TEREZA DO OESTE,2,1,700.0,350.0,3000.0,1500.0,0,1,95,1
2020,PR,74110,ALTO PIQUIRI,2,2,545.0,272.5,6500.0,3250.0,1,1,34,1
2020,PR,74128,ÂNGULO,1,1,300.0,300.0,5000.0,5000.0,0,1,18,1
2020,PR,74136,ALVORADA DO SUL,1,1,252.0,252.0,3500.0,3500.0,0,1,13,1
2020,PR,74187,BRASILÂNDIA DO SUL,2,1,400.0,200.0,5000.0,2500.0,1,1,99,1
2020,PR,74217,ANTONINA,2,2,800.0,400.0,16500.0,8250.0,0,2,13,1
2020,PR,74225,CANDÓI,5,3,1836.0,367.2,23000.0,4600.0,0,4,42,1
2020,PR,74250,APUCARANA,1,1,600.0,600.0,10000.0,10000.0,0,1,7,1
2020,PR,74268,DIAMANTE DO SUL,1,1,305.0,305.0,2000.0,2000.0,0,1,26,1
2020,PR,74276,ARAPONGAS,1,1,400.0,400.0,9000.0,9000.0,0,1,3,1
2020,PR,74284,ENTRE RIOS DO OESTE,2,2,600.0,300.0,9000.0,4500.0,0,2,7,1
2020,PR,74292,ARAPOTI,3,2,976.0,325.3333333333333,16000.0,5333.333333333333,0,1,41,1
2020,PR,74322,FAZENDA RIO GRANDE,9,5,4479.0,497.6666666666667,74000.0,8222.222222222223,0,8,35,1
2020,PR,74330,MARILÂNDIA DO SUL,2,1,520.0,260.0,10000.0,5000.0,0,2,8,1
2020,PR,74357,ARAUCÁRIA,2,2,2008.0,1004.0,21000.0,10500.0,0,1,154,1
2020,PR,74381,IGUATU,1,1,300.0,300.0,2000.0,2000.0,0,1,12,1
2020,PR,74390,ASTORGA,1,1,556.0,556.0,8000.0,8000.0,0,1,8,1
2020,PR,74411,ATALAIA,1,1,240.0,240.0,6000.0,6000.0,0,1,12,1
2020,PR,74446,ITAPERUÇU,3,2,1180.0,393.3333333333333,23000.0,7666.666666666667,0,3,12,1
2020,PR,74454,BANDEIRANTES,1,1,350.0,350.0,4000.0,4000.0,0,1,22,1
2020,PR,74462,IVATÉ,1,1,361.0,361.0,4500.0,4500.0,1,1,5,1
2020,PR,74470,BARBOSA FERRAZ,5,4,1523.0,304.6,20000.0,4000.0,4,5,15,1
2020,PR,74489,LIDIANÓPOLIS,1,1,260.0,260.0,7500.0,7500.0,0,1,8,1
2020,PR,74497,BARRACÃO,4,2,1300.0,325.0,29000.0,7250.0,4,4,26,1
2020,PR,74500,MARIPÁ,2,2,745.0,372.5,8200.0,4100.0,1,1,31,1
2020,PR,74551,BITURUNA,2,2,672.0,336.0,13500.0,6750.0,0,2,25,1
2020,PR,74560,MERCEDES,2,2,686.0,343.0,8000.0,4000.0,1,2,19,1
2020,PR,74578,BOA ESPERANÇA,1,1,349.0,349.0,8000.0,8000.0,1,1,15,1
2020,PR,74586,NOVA LARANJEIRAS,1,1,366.0,366.0,6000.0,6000.0,0,1,8,1
2020,PR,74616,BOM SUCESSO,2,2,600.0,300.0,13000.0,6500.0,0,2,16,1
2020,PR,74624,PATO BRAGADO,1,1,300.0,300.0,7000.0,7000.0,0,1,11,1
2020,PR,74667,PITANGUEIRAS,1,1,300.0,300.0,5000.0,5000.0,0,1,9,1
2020,PR,74675,CALIFÓRNIA,1,1,260.0,260.0,5000.0,5000.0,0,1,8,1
2020,PR,74683,QUATRO PONTES,1,1,349.0,349.0,6000.0,6000.0,0,1,6,1
2020,PR,74730,CAMBIRA,1,1,260.0,260.0,8000.0,8000.0,0,1,15,1
2020,PR,74748,RIO BONITO DO IGUAÇU,1,1,300.0,300.0,2000.0,2000.0,1,0,32,1
2020,PR,74756,CAMPINA DA LAGOA,1,1,300.0,300.0,9000.0,9000.0,0,1,9,1
2020,PR,74780,CAMPO BONITO,3,2,1160.0,386.6666666666667,11000.0,3666.6666666666665,1,3,26,1
2020,PR,74799,CAMPO DO TENENTE,4,3,1260.0,315.0,36740.0,9185.0,0,3,37,1
2020,PR,74802,SANTA MARIA DO OESTE,1,1,369.0,369.0,5500.0,5500.0,0,1,18,1
2020,PR,74810,CAMPO LARGO,3,2,1500.0,500.0,17000.0,5666.666666666667,2,3,6,1
2020,PR,74829,SANTA MÔNICA,3,2,872.0,290.6666666666667,10200.0,3400.0,3,3,21,1
2020,PR,74837,CAMPO MOURÃO,2,2,836.0,418.0,21500.0,10750.0,2,2,14,1
2020,PR,74853,CÂNDIDO DE ABREU,3,3,1100.0,366.6666666666667,21700.0,7233.333333333333,0,3,29,1
2020,PR,74861,SÃO PEDRO DO IGUAÇU,1,1,400.0,400.0,2000.0,2000.0,0,1,3,1
2020,PR,74870,CAPANEMA,4,4,1700.0,425.0,36000.0,9000.0,1,4,8,1
2020,PR,74896,CAPITÃO LEÔNIDAS MARQUES,1,1,355.0,355.0,1500.0,1500.0,0,0,42,1
2020,PR,74900,VENTANIA,1,1,300.0,300.0,6000.0,6000.0,0,1,14,1
2020,PR,74918,CARLÓPOLIS,2,2,656.0,328.0,4200.0,2100.0,2,1,43,1
2020,PR,74934,CASCAVEL,5,3,4241.0,848.2,40000.0,8000.0,4,2,142,1
2020,PR,74950,CASTRO,1,1,400.0,400.0,6000.0,6000.0,0,1,24,1
2020,PR,74969,VIRMOND,1,1,255.0,255.0,2000.0,2000.0,0,1,30,1
2020,PR,74993,CENTENÁRIO DO SUL,4,1,1160.0,290.0,20500.0,5125.0,0,2,132,1
2020,PR,75000,ITAIPULÂNDIA,4,4,1404.0,351.0,19100.0,4775.0,0,4,11,1
2020,PR,75019,CERRO AZUL,1,1,374.0,374.0,6500.0,6500.0,1,1,8,1
2020,PR,75027,NOVA ESPERANÇA DO SUDOESTE,1,1,276.0,276.0,15360.0,15360.0,1,1,6,1
2020,PR,75043,PINHAIS,3,2,1533.0,511.0,22000.0,7333.333333333333,1,2,74,1
2020,PR,75051,CIANORTE,2,2,977.0,488.5,13500.0,6750.0,1,1,46,1
2020,PR,75078,CIDADE GAÚCHA,2,1,540.0,270.0,6000.0,3000.0,2,1,35,1
2020,PR,75094,CLEVELÂNDIA,1,1,562.0,562.0,5500.0,5500.0,1,1,30,1
2020,PR,75108,ARAPUÃ,1,1,250.0,250.0,5000.0,5000.0,0,1,5,1
2020,PR,75124,BELA VISTA DA CAROBA,2,2,554.0,277.0,18000.0,9000.0,0,2,6,1
2020,PR,75132,COLOMBO,5,4,2684.0,536.8,41000.0,8200.0,1,5,15,1
2020,PR,75140,BOA VENTURA DE SÃO ROQUE,1,1,250.0,250.0,8000.0,8000.0,0,1,3,1
2020,PR,75159,COLORADO,4,3,1059.0,264.75,24000.0,6000.0,1,4,28,1
2020,PR,75175,CONGONHINHAS,1,1,280.0,280.0,7500.0,7500.0,0,1,3,1
2020,PR,75205,CAMPO MAGRO,5,2,2000.0,400.0,39000.0,7800.0,2,3,80,1
2020,PR,75213,CONTENDA,1,1,373.0,373.0,5000.0,5000.0,1,1,4,1
2020,PR,75221,CARAMBEÍ,3,3,1076.0,358.6666666666667,14000.0,4666.666666666667,1,3,29,1
2020,PR,75248,CORONEL DOMINGOS SOARES,1,1,400.0,400.0,7000.0,7000.0,0,1,6,1
2020,PR,75256,CORNÉLIO PROCÓPIO,2,1,779.0,389.5,8000.0,4000.0,0,2,20,1
2020,PR,75264,CRUZMALTINA,1,1,300.0,300.0,5000.0,5000.0,0,1,7,1
2020,PR,75272,CORONEL VIVIDA,1,1,423.0,423.0,5200.0,5200.0,1,1,11,1
2020,PR,75280,CORUMBATAÍ DO SUL,1,1,250.0,250.0,6000.0,6000.0,0,1,7,1
2020,PR,75299,CRUZEIRO DO OESTE,1,1,335.0,335.0,4500.0,4500.0,1,1,11,1
2020,PR,75337,CRUZ MACHADO,1,1,373.0,373.0,5500.0,5500.0,0,1,9,1
2020,PR,75345,FERNANDES PINHEIRO,1,1,350.0,350.0,9800.0,9800.0,0,1,5,1
2020,PR,75353,CURITIBA,8,4,7322.0,915.25,170139.0,21267.375,6,3,123,1
2020,PR,75388,GOIOXIM,1,1,400.0,400.0,3000.0,3000.0,1,1,8,1
2020,PR,75418,DOIS VIZINHOS,1,1,400.0,400.0,5000.0,5000.0,1,1,16,1
2020,PR,75426,GUAMIRANGA,1,1,600.0,600.0,10000.0,10000.0,0,1,6,1
2020,PR,75442,IMBAÚ,1,1,300.0,300.0,6000.0,6000.0,0,1,6,1
2020,PR,75477,ENGENHEIRO BELTRÃO,2,2,622.0,311.0,8000.0,4000.0,2,2,11,1
2020,PR,75485,MARQUINHO,3,3,860.0,286.6666666666667,10500.0,3500.0,1,3,9,1
2020,PR,75507,PEROBAL,2,1,400.0,200.0,6000.0,3000.0,2,1,272,1
2020,PR,75515,FÊNIX,1,1,400.0,400.0,8500.0,8500.0,0,1,8,1
2020,PR,75523,PONTAL DO PARANÁ,1,1,400.0,400.0,10000.0,10000.0,0,1,5,1
2020,PR,75531,FLORAÍ,3,3,860.0,286.6666666666667,16500.0,5500.0,1,3,6,1
2020,PR,75558,FLORESTA,1,1,250.0,250.0,3000.0,3000.0,1,1,14,1
2020,PR,75574,FLORESTÓPOLIS,2,1,560.0,280.0,6500.0,3250.0,2,0,112,1
2020,PR,75590,FLÓRIDA,1,1,328.0,328.0,5000.0,5000.0,1,1,5,1
2020,PR,75639,FOZ DO IGUAÇU,6,5,4500.0,750.0,59500.0,9916.666666666666,2,6,28,1
2020,PR,75647,SERRANÓPOLIS DO IGUAÇU,1,1,469.0,469.0,5000.0,5000.0,0,1,7,1
2020,PR,75655,FRANCISCO BELTRÃO,2,1,900.0,450.0,14000.0,7000.0,0,1,32,1
2020,PR,75663,TAMARANA,1,1,558.0,558.0,7500.0,7500.0,1,1,10,1
2020,PR,75671,GENERAL CARNEIRO,1,1,368.0,368.0,5500.0,5500.0,0,1,9,1
2020,PR,75698,GOIOERÊ,1,1,385.0,385.0,2500.0,2500.0,0,0,69,1
2020,PR,75710,GUAÍRA,2,1,600.0,300.0,12000.0,6000.0,0,2,12,1
2020,PR,75736,GUAIRAÇÁ,2,2,558.0,279.0,8000.0,4000.0,2,2,7,1
2020,PR,75744,ROSÁRIO DO IVAÍ,1,1,300.0,300.0,5000.0,5000.0,0,1,8,1
2020,PR,75760,NOVA TEBAS,1,1,543.0,543.0,9000.0,9000.0,0,1,14,1
2020,PR,75779,GUAPOREMA,4,2,600.0,150.0,10000.0,2500.0,4,3,27,1
2020,PR,75795,GUARACI,2,2,560.0,280.0,11250.0,5625.0,0,2,8,1
2020,PR,75817,GUARANIAÇU,2,1,800.0,400.0,3500.0,1750.0,0,1,44,1
2020,PR,75833,GUARAPUAVA,6,5,3300.0,550.0,65360.0,10893.333333333334,2,6,30,1
2020,PR,75892,IBAITI,1,1,300.0,300.0,6000.0,6000.0,0,1,8,1
2020,PR,75914,IBIPORÃ,4,1,1614.0,403.5,20500.0,5125.0,1,2,120,1
2020,PR,75930,ICARAÍMA,1,1,250.0,250.0,2500.0,2500.0,1,1,21,1
2020,PR,75957,IGUARAÇU,2,2,560.0,280.0,14500.0,7250.0,0,2,3,1
2020,PR,75973,IMBITUVA,2,2,700.0,350.0,15000.0,7500.0,0,2,6,1
2020,PR,75990,INÁCIO MARTINS,1,1,400.0,400.0,9000.0,9000.0,0,1,6,1
2020,PR,76031,IPIRANGA,4,4,1404.0,351.0,26500.0,6625.0,1,3,31,1
2020,PR,76058,IPORÃ,1,1,300.0,300.0,3000.0,3000.0,1,1,6,1
2020,PR,76074,IRATI,3,3,1245.0,415.0,26000.0,8666.666666666666,0,3,5,1
2020,PR,76090,IRETAMA,1,1,250.0,250.0,7500.0,7500.0,0,1,3,1
2020,PR,76112,ITAGUAJÉ,2,2,660.0,330.0,12500.0,6250.0,1,2,7,1
2020,PR,76198,ITAÚNA DO SUL,1,1,255.0,255.0,4000.0,4000.0,1,1,10,1
2020,PR,76210,IVAÍ,3,3,1100.0,366.6666666666667,17000.0,5666.666666666667,0,2,140,1
2020,PR,76236,IVAIPORÃ,4,2,1300.0,325.0,20400.0,5100.0,0,0,258,1
2020,PR,76279,JABOTI,4,3,1110.0,277.5,20000.0,5000.0,0,3,53,1
2020,PR,76295,JACAREZINHO,3,2,1100.0,366.6666666666667,16000.0,5333.333333333333,0,2,33,1
2020,PR,76317,JAGUAPITÃ,1,1,250.0,250.0,2000.0,2000.0,0,1,11,1
2020,PR,76333,JAGUARIAÍVA,1,1,400.0,400.0,6000.0,6000.0,1,1,6,1
2020,PR,76350,JANDAIA DO SUL,2,2,660.0,330.0,17800.0,8900.0,0,2,21,1
2020,PR,76414,JAPURÁ,1,1,273.0,273.0,4000.0,4000.0,0,1,28,1
2020,PR,76430,JARDIM ALEGRE,1,1,486.0,486.0,7500.0,7500.0,1,1,19,1
2020,PR,76490,JOAQUIM TÁVORA,2,2,700.0,350.0,14000.0,7000.0,0,2,18,1
2020,PR,76538,JUSSARA,1,1,250.0,250.0,5000.0,5000.0,1,0,36,1
2020,PR,76554,KALORÉ,2,2,510.0,255.0,21000.0,10500.0,1,2,3,1
2020,PR,76570,LAPA,2,2,800.0,400.0,25500.0,12750.0,0,2,12,1
2020,PR,76678,LONDRINA,8,4,6879.0,859.875,72500.0,9062.5,6,5,112,1
2020,PR,76694,LUPIONÓPOLIS,2,2,670.0,335.0,12500.0,6250.0,1,2,16,1
2020,PR,76791,MANDIRITUBA,2,2,800.0,400.0,16000.0,8000.0,0,2,19,1
2020,PR,76813,MANOEL RIBAS,4,2,1438.0,359.5,22800.0,5700.0,2,4,16,1
2020,PR,76856,MARIA HELENA,2,1,300.0,150.0,6000.0,3000.0,2,2,28,1
2020,PR,76899,MARILUZ,1,1,420.0,420.0,3700.0,3700.0,1,0,38,1
2020,PR,76910,MARINGÁ,9,3,7878.0,875.3333333333334,118000.0,13111.111111111111,6,8,39,1
2020,PR,76953,MARMELEIRO,1,1,300.0,300.0,15000.0,15000.0,0,1,9,1
2020,PR,76996,MATELÂNDIA,1,1,500.0,500.0,2500.0,2500.0,0,1,5,1
2020,PR,77011,MEDIANEIRA,10,5,5348.0,534.8,66100.0,6610.0,2,8,65,1
2020,PR,77097,MORRETES,1,1,400.0,400.0,10500.0,10500.0,0,1,4,1
2020,PR,77135,NOSSA SENHORA DAS GRAÇAS,1,1,341.0,341.0,3800.0,3800.0,1,1,6,1
2020,PR,77259,NOVA LONDRINA,1,1,350.0,350.0,5000.0,5000.0,0,1,8,1
2020,PR,77291,OURIZONA,1,1,180.0,180.0,6000.0,6000.0,0,1,10,1
2020,PR,77313,PAIÇANDU,1,1,315.0,315.0,7400.0,7400.0,1,1,22,1
2020,PR,77330,PALMAS,3,3,1480.0,493.3333333333333,16500.0,5500.0,1,2,35,1
2020,PR,77356,PALMEIRA,1,1,300.0,300.0,4500.0,4500.0,0,0,34,1
2020,PR,77372,PALMITAL,1,1,371.0,371.0,8000.0,8000.0,0,1,8,1
2020,PR,77399,PALOTINA,3,3,1504.0,501.3333333333333,11700.0,3900.0,1,3,11,1
2020,PR,77410,PARAÍSO DO NORTE,2,2,450.0,225.0,9000.0,4500.0,1,2,21,1
2020,PR,77437,PARANACITY,2,2,600.0,300.0,10000.0,5000.0,1,2,6,1
2020,PR,77453,PARANAGUÁ,3,3,1506.0,502.0,58070.0,19356.666666666668,0,2,106,1
2020,PR,77496,PARANAVAÍ,1,1,700.0,700.0,26800.0,26800.0,0,1,15,1
2020,PR,77518,PATO BRANCO,5,3,3198.0,639.6,49400.0,9880.0,5,5,15,1
2020,PR,77534,PAULA FREITAS,1,1,353.0,353.0,5000.0,5000.0,0,1,9,1
2020,PR,77550,PAULO FRONTIN,1,1,359.0,359.0,5500.0,5500.0,0,1,11,1
2020,PR,77577,PEABIRU,1,1,200.0,200.0,3000.0,3000.0,1,1,27,1
2020,PR,77593,PÉROLA D'OESTE,1,1,276.0,276.0,8000.0,8000.0,1,1,10,1
2020,PR,77631,PINHALÃO,1,1,300.0,300.0,5000.0,5000.0,0,1,5,1
2020,PR,77658,PINHÃO,1,1,371.0,371.0,4000.0,4000.0,0,1,3,1
2020,PR,77690,PIRAQUARA,1,1,500.0,500.0,7000.0,7000.0,0,1,15,1
2020,PR,77712,PITANGA,4,2,1558.0,389.5,29500.0,7375.0,1,4,30,1
2020,PR,77739,PLANALTINA DO PARANÁ,2,2,523.0,261.5,6600.0,3300.0,1,2,10,1
2020,PR,77771,PONTA GROSSA,6,4,3300.0,550.0,57500.0,9583.333333333334,4,2,9,1
2020,PR,77810,PORTO AMAZONAS,1,1,250.0,250.0,4000.0,4000.0,0,1,25,1
2020,PR,77852,PORTO VITÓRIA,2,2,679.0,339.5,10500.0,5250.0,0,2,10,1
2020,PR,77895,PRIMEIRO DE MAIO,1,1,300.0,300.0,7500.0,7500.0,0,1,13,1
2020,PR,77917,PRUDENTÓPOLIS,2,2,880.0,440.0,20000.0,10000.0,0,2,28,1
2020,PR,77933,QUATIGUÁ,1,1,280.0,280.0,4000.0,4000.0,0,1,19,1
2020,PR,77992,QUINTA DO SOL,1,1,300.0,300.0,6000.0,6000.0,0,1,7,1
2020,PR,78018,QUITANDINHA,3,3,930.0,310.0,14000.0,4666.666666666667,2,3,6,1
2020,PR,78093,RENASCENÇA,1,1,300.0,300.0,15860.0,15860.0,0,1,4,1
2020,PR,78131,RIBEIRÃO CLARO,3,2,886.0,295.3333333333333,17000.0,5666.666666666667,0,3,18,1
2020,PR,78158,RIBEIRÃO DO PINHAL,1,1,250.0,250.0,4000.0,4000.0,0,1,9,1
2020,PR,78212,RIO BRANCO DO SUL,1,1,379.0,379.0,6000.0,6000.0,0,1,5,1
2020,PR,78255,ROLÂNDIA,6,2,3684.0,614.0,43500.0,7250.0,3,6,25,1
2020,PR,78271,RONCADOR,1,1,210.0,210.0,2000.0,2000.0,1,1,4,1
2020,PR,78298,RONDON,1,1,300.0,300.0,5500.0,5500.0,0,1,9,1
2020,PR,78379,SALTO DO LONTRA,1,1,304.0,304.0,8000.0,8000.0,1,1,4,1
2020,PR,78514,SANTA IZABEL DO OESTE,1,1,300.0,300.0,8000.0,8000.0,1,1,2,1
2020,PR,78573,SANTO ANTÔNIO DO SUDOESTE,1,1,329.0,329.0,15860.0,15860.0,0,1,7,1
2020,PR,78590,SANTO ANTÔNIO DA PLATINA,2,1,903.0,451.5,9000.0,4500.0,0,2,23,1
2020,PR,78654,SANTO INÁCIO,4,3,1532.0,383.0,21000.0,5250.0,3,3,33,1
2020,PR,78670,SÃO CARLOS DO IVAÍ,3,3,660.0,220.0,15000.0,5000.0,2,3,27,1
2020,PR,78697,SÃO JERÔNIMO DA SERRA,1,1,300.0,300.0,5000.0,5000.0,0,1,8,1
2020,PR,78719,SÃO JOÃO,2,2,862.0,431.0,13000.0,6500.0,0,2,4,1
2020,PR,78735,SÃO JOÃO DO CAIUÁ,1,1,260.0,260.0,5000.0,5000.0,0,1,6,1
2020,PR,78751,SÃO JOÃO DO IVAÍ,2,1,550.0,275.0,10000.0,5000.0,0,1,76,1
2020,PR,78778,SÃO JOÃO DO TRIUNFO,2,1,800.0,400.0,11000.0,5500.0,0,2,17,1
2020,PR,78816,SÃO JORGE D'OESTE,2,2,510.0,255.0,7000.0,3500.0,1,2,7,1
2020,PR,78859,SÃO JOSÉ DOS PINHAIS,3,2,2200.0,733.3333333333334,32000.0,10666.666666666666,0,2,71,1
2020,PR,78930,SÃO PEDRO DO PARANÁ,1,1,250.0,250.0,7500.0,7500.0,0,1,7,1
2020,PR,78956,SÃO SEBASTIÃO DA AMOREIRA,2,2,600.0,300.0,14500.0,7250.0,0,2,9,1
2020,PR,79014,SENGÉS,1,1,419.0,419.0,4000.0,4000.0,0,1,20,1
2020,PR,79057,SERTANÓPOLIS,1,1,573.0,573.0,10000.0,10000.0,0,1,9,1
2020,PR,79073,SIQUEIRA CAMPOS,1,1,400.0,400.0,6000.0,6000.0,0,1,9,1
2020,PR,79111,TAPEJARA,1,1,291.0,291.0,4000.0,4000.0,1,1,21,1
2020,PR,79138,TEIXEIRA SOARES,1,1,400.0,400.0,10000.0,10000.0,0,1,9,1
2020,PR,79154,TELÊMACO BORBA,2,1,1000.0,500.0,10000.0,5000.0,0,2,8,1
2020,PR,79170,TERRA BOA,2,2,500.0,250.0,6000.0,3000.0,2,2,20,1
2020,PR,79235,TIBAGI,1,1,300.0,300.0,6000.0,6000.0,0,1,11,1
2020,PR,79251,TIJUCAS DO SUL,1,1,350.0,350.0,5000.0,5000.0,0,1,12,1
2020,PR,79278,TOLEDO,13,5,8756.0,673.5384615384615,90500.0,6961.538461538462,7,9,253,1
2020,PR,79316,TUNEIRAS DO OESTE,4,2,1002.0,250.5,12500.0,3125.0,2,3,35,1
2020,PR,79375,UNIÃO DA VITÓRIA,4,3,1562.0,390.5,26000.0,6500.0,1,3,31,1
2020,PR,79391,UNIFLOR,1,1,240.0,240.0,5000.0,5000.0,0,1,3,1
2020,PR,79413,URAÍ,1,1,300.0,300.0,7500.0,7500.0,0,1,6,1
2020,PR,79430,WENCESLAU BRAZ,1,1,260.0,260.0,5000.0,5000.0,0,1,5,1
2020,PR,79510,ALTÔNIA,1,1,375.0,375.0,4500.0,4500.0,1,1,21,1
2020,PR,79553,QUEDAS DO IGUAÇU,4,4,1681.0,420.25,23200.0,5800.0,2,3,33,1
2020,PR,79570,CÉU AZUL,2,1,706.0,353.0,4000.0,2000.0,0,1,48,1
2020,PR,79634,MATINHOS,1,1,400.0,400.0,6000.0,6000.0,0,1,14,1
2020,PR,79650,NOVA AURORA,2,1,706.0,353.0,3000.0,1500.0,0,1,31,1
2020,PR,79677,NOVA OLÍMPIA,3,2,1100.0,366.6666666666667,15000.0,5000.0,1,3,22,1
2020,PR,79693,PÉROLA,2,2,674.0,337.0,9500.0,4750.0,1,2,7,1
2020,PR,79715,SANTA HELENA,1,1,460.0,460.0,9000.0,9000.0,0,1,4,1
2020,PR,79731,TAPIRA,1,1,275.0,275.0,4500.0,4500.0,0,1,8,1
2020,PR,79774,FRANCISCO ALVES,3,3,1071.0,357.0,25200.0,8400.0,0,0,-341,1
2020,PR,79855,CAFELÂNDIA,2,2,674.0,337.0,8000.0,4000.0,0,2,16,1
2020,PR,79871,TRÊS BARRAS DO PARANÁ,5,3,1919.0,383.8,28000.0,5600.0,0,5,22,1
2020,PR,79952,NOVA PRATA DO IGUAÇU,1,1,300.0,300.0,8000.0,8000.0,0,1,4,1
2020,PR,79979,JESUÍTAS,3,1,1200.0,400.0,6300.0,2100.0,0,1,78,1
2020,PR,79995,SÃO JORGE DO PATROCÍNIO,1,1,275.0,275.0,4200.0,4200.0,0,1,8,1
2020,PR,84530,TURVO,1,1,300.0,300.0,6000.0,6000.0,0,1,8,1
2020,PR,84557,ALTAMIRA DO PARANÁ,3,3,850.0,283.3333333333333,15500.0,5166.666666666667,0,2,37,1
2020,PR,84573,FIGUEIRA,3,3,820.0,273.3333333333333,11000.0,3666.6666666666665,1,3,25,1
2020,PR,84590,LUNARDELLI,1,1,250.0,250.0,4000.0,4000.0,0,1,5,1
2020,PR,84654,DOURADINA,1,1,450.0,450.0,4500.0,4500.0,1,0,40,1
2020,PR,84670,SANTA TEREZINHA DE ITAIPU,2,1,660.0,330.0,18000.0,9000.0,1,2,26,1
2020,PR,84697,MISSAL,5,4,1591.0,318.2,30100.0,6020.0,0,5,19,1
2020,RJ,58009,QUISSAMÃ,3,2,1600.0,533.3333333333334,42000.0,14000.0,2,3,28,1
2020,RJ,58017,ANGRA DOS REIS,2,2,1150.0,575.0,21000.0,10500.0,1,2,9,1
2020,RJ,58033,ARARUAMA,5,4,2854.0,570.8,86000.0,17200.0,5,4,37,1
2020,RJ,58041,BELFORD ROXO,2,2,1304.0,652.0,52320.0,26160.0,1,2,18,1
2020,RJ,58068,CARDOSO MOREIRA,6,4,3230.0,538.3333333333334,94000.0,15666.666666666666,2,5,38,1
2020,RJ,58076,BARRA MANSA,3,2,1800.0,600.0,52000.0,17333.333333333332,2,3,18,1
2020,RJ,58084,VARRE-SAI,1,1,368.0,368.0,2500.0,2500.0,0,1,11,1
2020,RJ,58106,GUAPIMIRIM,5,5,1977.0,395.4,82940.0,16588.0,3,4,38,1
2020,RJ,58122,QUEIMADOS,1,1,400.0,400.0,6000.0,6000.0,1,1,4,1
2020,RJ,58130,CABO FRIO,9,5,7346.0,816.2222222222222,157000.0,17444.444444444445,6,8,64,1
2020,RJ,58149,JAPERI,4,4,2952.0,738.0,43550.0,10887.5,2,4,8,1
2020,RJ,58157,CACHOEIRAS DE MACACU,3,3,1594.0,531.3333333333334,37000.0,12333.333333333334,2,3,12,1
2020,RJ,58165,COMENDADOR LEVY GASPARIAN,1,1,400.0,400.0,10000.0,10000.0,0,1,5,1
2020,RJ,58181,APERIBÉ,1,1,300.0,300.0,6000.0,6000.0,0,1,9,1
2020,RJ,58190,CAMPOS DOS GOYTACAZES,11,7,8022.0,729.2727272727273,146200.0,13290.90909090909,8,6,50,1
2020,RJ,58203,RIO DAS OSTRAS,3,2,1200.0,400.0,52000.0,17333.333333333332,2,2,141,1
2020,RJ,58220,AREAL,1,1,400.0,400.0,6000.0,6000.0,1,1,4,1
2020,RJ,58238,CARMO,6,3,3014.0,502.3333333333333,38780.0,6463.333333333333,2,4,130,1
2020,RJ,58254,CASIMIRO DE ABREU,2,1,808.0,404.0,20000.0,10000.0,2,1,46,1
2020,RJ,58262,IGUABA GRANDE,1,1,400.0,400.0,8500.0,8500.0,1,1,19,1
2020,RJ,58289,SÃO FRANCISCO DE ITABAPOANA,1,1,505.0,505.0,8000.0,8000.0,0,1,9,1
2020,RJ,58300,CARAPEBUS,4,3,1606.0,401.5,33550.0,8387.5,3,1,211,1
2020,RJ,58319,DUAS BARRAS,2,1,739.0,369.5,14000.0,7000.0,0,1,75,1
2020,RJ,58327,PORTO REAL,1,1,300.0,300.0,5000.0,5000.0,1,1,5,1
2020,RJ,58335,DUQUE DE CAXIAS,4,4,2800.0,700.0,58000.0,14500.0,3,4,30,1
2020,RJ,58343,SÃO JOSÉ DE UBÁ,4,4,1367.0,341.75,34980.0,8745.0,2,4,4,1
2020,RJ,58351,ENGENHEIRO PAULO DE FRONTIN,1,1,400.0,400.0,6000.0,6000.0,1,1,5,1
2020,RJ,58360,TANGUÁ,2,2,1000.0,500.0,27000.0,13500.0,1,0,36,1
2020,RJ,58378,ITABORAÍ,8,5,5284.0,660.5,133000.0,16625.0,7,5,79,1
2020,RJ,58394,ITAGUAÍ,7,5,4384.0,626.2857142857143,125040.0,17862.85714285714,5,4,58,1
2020,RJ,58408,ARMAÇÃO DOS BÚZIOS,4,3,1800.0,450.0,62000.0,15500.0,3,3,32,1
2020,RJ,58424,SEROPÉDICA,2,2,800.0,400.0,26000.0,13000.0,0,2,5,1
2020,RJ,58432,ITAPERUNA,1,1,500.0,500.0,7500.0,7500.0,0,1,9,1
2020,RJ,58440,ITATIAIA,3,3,1272.0,424.0,28000.0,9333.333333333334,1,1,4,1
2020,RJ,58467,MESQUITA,1,1,600.0,600.0,18800.0,18800.0,0,1,10,1
2020,RJ,58475,MACAÉ,5,4,2221.0,444.2,92000.0,18400.0,1,5,12,1
2020,RJ,58491,MAGÉ,7,4,3767.0,538.1428571428571,89458.0,12779.714285714286,5,4,231,1
2020,RJ,58610,NATIVIDADE,2,2,673.0,336.5,10500.0,5250.0,0,2,12,1
2020,RJ,58637,NILÓPOLIS,4,3,3000.0,750.0,34900.0,8725.0,2,4,10,1
2020,RJ,58653,NITERÓI,8,5,5247.0,655.875,64000.0,8000.0,5,6,74,1
2020,RJ,58670,NOVA FRIBURGO,2,2,1400.0,700.0,66800.0,33400.0,1,2,11,1
2020,RJ,58696,NOVA IGUAÇU,2,1,1204.0,602.0,192800.0,96400.0,0,2,17,1
2020,RJ,58750,PARATY,3,3,1400.0,466.6666666666667,38000.0,12666.666666666666,2,3,28,1
2020,RJ,58777,PETRÓPOLIS,4,2,2100.0,525.0,66000.0,16500.0,4,2,9,1
2020,RJ,58793,PIRAÍ,1,1,400.0,400.0,15800.0,15800.0,0,1,6,1
2020,RJ,58858,RIO BONITO,2,2,1000.0,500.0,30000.0,15000.0,2,1,41,1
2020,RJ,58939,SANTO ANTÔNIO DE PÁDUA,3,3,1195.0,398.3333333333333,18500.0,6166.666666666667,2,3,11,1
2020,RJ,58955,SÃO FIDÉLIS,1,1,400.0,400.0,5000.0,5000.0,0,1,9,1
2020,RJ,58971,SÃO GONÇALO,6,4,4104.0,684.0,118400.0,19733.333333333332,3,4,18,1
2020,RJ,59013,SÃO JOÃO DE MERITI,6,4,3354.0,559.0,96800.0,16133.333333333334,3,3,8,1
2020,RJ,59030,SÃO PEDRO DA ALDEIA,4,3,2117.0,529.25,79900.0,19975.0,3,4,25,1
2020,RJ,59072,SAPUCAIA,1,1,500.0,500.0,3780.0,3780.0,1,1,18,1
2020,RJ,59099,SAQUAREMA,4,2,2600.0,650.0,70000.0,17500.0,2,2,39,1
2020,RJ,59110,SILVA JARDIM,4,2,2414.0,603.5,54000.0,13500.0,2,2,40,1
2020,RJ,59137,SUMIDOURO,2,1,1000.0,500.0,7560.0,3780.0,2,2,18,1
2020,RJ,59153,TERESÓPOLIS,1,1,600.0,600.0,5578.0,5578.0,1,1,2,1
2020,RJ,59196,TRÊS RIOS,3,2,1600.0,533.3333333333334,34000.0,11333.333333333334,1,3,11,1
2020,RJ,59277,ARRAIAL DO CABO,6,6,2720.0,453.3333333333333,105600.0,17600.0,3,5,33,1
2020,RJ,59293,ITALVA,1,1,300.0,300.0,8000.0,8000.0,0,1,10,1
2020,RJ,59315,PATY DO ALFERES,1,1,585.0,585.0,16000.0,16000.0,1,1,10,1
2020,RJ,60011,RIO DE JANEIRO,48,13,55726.0,1160.9583333333333,2220777.18,46266.19125,26,17,244,1
2020,RN,16012,ACARI,1,1,400.0,400.0,3000.0,3000.0,0,1,18,1
2020,RN,16020,SERRA DO MEL,1,1,400.0,400.0,3000.0,3000.0,0,1,14,1
2020,RN,16039,ASSÚ,8,5,4108.0,513.5,31661.0,3957.625,2,4,79,1
2020,RN,16055,AFONSO BEZERRA,1,1,400.0,400.0,2500.0,2500.0,1,1,11,1
2020,RN,16063,SÃO MIGUEL DO GOSTOSO,1,1,400.0,400.0,3000.0,3000.0,0,1,16,1
2020,RN,16071,ÁGUA NOVA,1,1,404.0,404.0,3000.0,3000.0,0,1,6,1
2020,RN,16098,ALEXANDRIA,2,1,800.0,400.0,7000.0,3500.0,2,1,44,1
2020,RN,16110,ALMINO AFONSO,2,2,800.0,400.0,7615.38,3807.69,0,2,26,1
2020,RN,16128,TRIUNFO POTIGUAR,2,2,807.0,403.5,11600.0,5800.0,0,2,24,1
2020,RN,16144,FERNANDO PEDROZA,2,2,800.0,400.0,6000.0,3000.0,1,1,35,1
2020,RN,16160,MAJOR SALES,1,1,400.0,400.0,4800.0,4800.0,0,1,26,1
2020,RN,16195,APODI,14,8,6749.0,482.07142857142856,49083.51,3505.965,4,11,40,1
2020,RN,16217,AREIA BRANCA,3,3,1164.0,388.0,10000.0,3333.3333333333335,1,2,99,1
2020,RN,16225,TIBAU,2,1,600.0,300.0,5000.0,2500.0,0,1,44,1
2020,RN,16233,ARÊS,3,2,1200.0,400.0,8000.0,2666.6666666666665,1,0,55,1
2020,RN,16250,CAMPO GRANDE,2,2,700.0,350.0,7000.0,3500.0,0,2,13,1
2020,RN,16284,PORTO DO MANGUE,1,1,400.0,400.0,2500.0,2500.0,1,1,19,1
2020,RN,16292,BARCELONA,2,2,800.0,400.0,6000.0,3000.0,0,2,12,1
2020,RN,16306,JUNDIÁ,1,1,380.0,380.0,4000.0,4000.0,0,1,25,1
2020,RN,16330,BOM JESUS,1,1,400.0,400.0,4000.0,4000.0,0,0,41,1
2020,RN,16357,BREJINHO,1,1,400.0,400.0,4000.0,4000.0,0,0,46,1
2020,RN,16373,CAIÇARA DO RIO DO VENTO,2,2,600.0,300.0,6200.0,3100.0,0,2,8,1
2020,RN,16390,CAICÓ,8,6,3793.0,474.125,30000.0,3750.0,2,3,113,1
2020,RN,16411,CAMPO REDONDO,2,1,800.0,400.0,6000.0,3000.0,0,1,70,1
2020,RN,16438,CANGUARETAMA,8,6,3810.0,476.25,31000.0,3875.0,0,2,76,1
2020,RN,16454,CARAÚBAS,4,3,1900.0,475.0,16800.0,4200.0,0,3,90,1
2020,RN,16497,CARNAUBAIS,6,4,2438.0,406.3333333333333,17850.0,2975.0,1,5,127,1
2020,RN,16519,CEARÁ-MIRIM,5,2,2500.0,500.0,17000.0,3400.0,2,2,128,1
2020,RN,16535,CERRO CORÁ,1,1,400.0,400.0,3000.0,3000.0,0,1,4,1
2020,RN,16551,CORONEL EZEQUIEL,1,1,400.0,400.0,4000.0,4000.0,0,0,100,1
2020,RN,16594,CRUZETA,2,2,800.0,400.0,6000.0,3000.0,0,2,9,1
2020,RN,16616,CURRAIS NOVOS,4,2,1900.0,475.0,12000.0,3000.0,0,2,46,1
2020,RN,16691,ESPÍRITO SANTO,2,2,880.0,440.0,6000.0,3000.0,0,1,73,1
2020,RN,16713,EXTREMOZ,8,5,3286.0,410.75,28500.0,3562.5,2,2,161,1
2020,RN,16730,FELIPE GUERRA,1,1,400.0,400.0,3000.0,3000.0,0,1,26,1
2020,RN,16756,FLORÂNIA,5,2,2015.0,403.0,14000.0,2800.0,0,4,88,1
2020,RN,16799,GALINHOS,1,1,300.0,300.0,3000.0,3000.0,0,0,85,1
2020,RN,16810,GOIANINHA,5,4,1904.0,380.8,12001.0,2400.2,2,3,104,1
2020,RN,16837,GOVERNADOR DIX-SEPT ROSADO,1,1,400.0,400.0,3000.0,3000.0,1,1,7,1
2020,RN,16853,GROSSOS,2,1,800.0,400.0,5200.0,2600.0,0,0,75,1
2020,RN,16870,GUAMARÉ,1,1,500.0,500.0,4615.38,4615.38,0,1,23,1
2020,RN,16896,IELMO MARINHO,4,4,1650.0,412.5,12500.0,3125.0,0,2,83,1
2020,RN,16918,IPANGUAÇU,5,4,2219.0,443.8,16500.0,3300.0,1,3,32,1
2020,RN,16950,ITAÚ,6,5,2302.0,383.6666666666667,24011.63,4001.9383333333335,1,4,33,1
2020,RN,16977,JAÇANÃ,2,1,800.0,400.0,6000.0,3000.0,0,1,34,1
2020,RN,16993,JANDAÍRA,1,1,400.0,400.0,2500.0,2500.0,0,0,44,1
2020,RN,17035,BOA SAÚDE,2,2,800.0,400.0,6000.0,3000.0,0,1,62,1
2020,RN,17116,JARDIM DO SERIDÓ,1,1,400.0,400.0,3000.0,3000.0,0,1,14,1
2020,RN,17132,JOÃO CÂMARA,2,2,900.0,450.0,6000.0,3000.0,0,2,12,1
2020,RN,17159,JOÃO DIAS,1,1,350.0,350.0,2000.0,2000.0,1,0,32,1
2020,RN,17191,JUCURUTU,2,2,800.0,400.0,5500.0,2750.0,0,1,68,1
2020,RN,17213,MESSIAS TARGINO,1,1,353.0,353.0,4000.0,4000.0,1,1,20,1
2020,RN,17230,LAGOA D'ANTA,1,1,405.0,405.0,2600.0,2600.0,0,0,32,1
2020,RN,17256,LAGOA DE PEDRAS,2,1,760.0,380.0,5800.0,2900.0,1,1,36,1
2020,RN,17272,LAGOA DE VELHOS,1,1,350.0,350.0,4000.0,4000.0,0,0,54,1
2020,RN,17299,LAGOA NOVA,6,4,2600.0,433.3333333333333,19000.0,3166.6666666666665,0,2,119,1
2020,RN,17310,LAGOA SALGADA,1,1,400.0,400.0,4000.0,4000.0,0,1,14,1
2020,RN,17353,LAJES PINTADAS,1,1,370.0,370.0,3000.0,3000.0,0,0,82,1
2020,RN,17418,MACAÍBA,21,9,10808.0,514.6666666666666,76500.0,3642.8571428571427,0,8,258,1
2020,RN,17434,MACAU,2,1,840.0,420.0,10000.0,5000.0,0,2,30,1
2020,RN,17477,MARTINS,1,1,400.0,400.0,3000.0,3000.0,0,1,11,1
2020,RN,17493,MAXARANGUAPE,2,1,800.0,400.0,8000.0,4000.0,0,1,114,1
2020,RN,17531,MONTANHAS,3,3,1200.0,400.0,10000.0,3333.3333333333335,0,3,18,1
2020,RN,17558,MONTE ALEGRE,3,2,1300.0,433.3333333333333,9000.0,3000.0,0,2,86,1
2020,RN,17590,MOSSORÓ,16,7,11040.0,690.0,87257.56,5453.5975,2,13,92,1
2020,RN,17612,NATAL,25,10,24806.0,992.24,329400.47,13176.018799999998,13,14,283,1
2020,RN,17639,NÍSIA FLORESTA,1,1,600.0,600.0,3000.0,3000.0,1,1,11,1
2020,RN,17655,NOVA CRUZ,4,3,2404.0,601.0,12000.0,3000.0,1,1,79,1
2020,RN,17671,OLHO D'ÁGUA DO BORGES,2,2,800.0,400.0,8115.38,4057.69,0,2,25,1
2020,RN,17710,PARANÁ,1,1,400.0,400.0,4800.0,4800.0,0,0,-4,1
2020,RN,17736,PARAÚ,1,1,400.0,400.0,3000.0,3000.0,0,1,18,1
2020,RN,17752,PARAZINHO,2,2,700.0,350.0,6000.0,3000.0,0,2,16,1
2020,RN,17779,PARELHAS,7,3,2800.0,400.0,22000.0,3142.8571428571427,0,4,96,1
2020,RN,17795,PARNAMIRIM,12,7,7306.0,608.8333333333334,42000.0,3500.0,3,6,119,1
2020,RN,17833,PASSAGEM,2,2,730.0,365.0,6000.0,3000.0,0,2,14,1
2020,RN,17850,PATU,2,1,800.0,400.0,6000.0,3000.0,0,2,10,1
2020,RN,17876,PAU DOS FERROS,2,1,900.0,450.0,6000.0,3000.0,1,2,24,1
2020,RN,17914,PEDRA PRETA,1,1,400.0,400.0,3000.0,3000.0,0,0,70,1
2020,RN,17930,PEDRO AVELINO,1,1,400.0,400.0,4000.0,4000.0,0,1,9,1
2020,RN,17957,PEDRO VELHO,3,2,1447.0,482.3333333333333,8500.0,2833.3333333333335,0,2,75,1
2020,RN,17973,PENDÊNCIAS,3,2,1955.0,651.6666666666666,15314.5,5104.833333333333,0,2,119,1
2020,RN,17990,PILÕES,1,1,405.0,405.0,3000.0,3000.0,0,1,5,1
2020,RN,18015,POÇO BRANCO,3,2,1250.0,416.6666666666667,10000.0,3333.3333333333335,0,2,30,1
2020,RN,18031,PORTALEGRE,1,1,616.0,616.0,5000.0,5000.0,0,1,19,1
2020,RN,18058,SERRA CAIADA,2,2,800.0,400.0,6200.0,3100.0,0,2,22,1
2020,RN,18090,RAFAEL FERNANDES,1,1,400.0,400.0,3700.0,3700.0,0,1,16,1
2020,RN,18155,RIACHUELO,3,3,1311.0,437.0,9000.0,3000.0,0,0,99,1
2020,RN,18171,RODOLFO FERNANDES,1,1,400.0,400.0,2500.0,2500.0,0,1,27,1
2020,RN,18236,SANTA CRUZ,1,1,500.0,500.0,3000.0,3000.0,0,1,6,1
2020,RN,18279,SANTANA DO MATOS,2,1,2154.0,1077.0,8000.0,4000.0,2,1,57,1
2020,RN,18295,SANTO ANTÔNIO,4,2,1600.0,400.0,12000.0,3000.0,1,2,100,1
2020,RN,18333,SÃO BENTO DO TRAIRÍ,2,2,700.0,350.0,6000.0,3000.0,0,1,55,1
2020,RN,18350,SÃO FERNANDO,2,2,700.0,350.0,7115.38,3557.69,0,1,38,1
2020,RN,18376,SÃO GONÇALO DO AMARANTE,6,2,3146.0,524.3333333333334,18000.0,3000.0,0,2,256,1
2020,RN,18392,SÃO JOÃO DO SABUGI,1,1,200.0,200.0,3000.0,3000.0,0,1,10,1
2020,RN,18430,SÃO JOSÉ DO CAMPESTRE,2,2,800.0,400.0,6000.0,3000.0,0,1,64,1
2020,RN,18457,SÃO JOSÉ DO SERIDÓ,6,4,1916.0,319.3333333333333,17500.0,2916.6666666666665,0,4,42,1
2020,RN,18473,SÃO MIGUEL,3,1,1200.0,400.0,9000.0,3000.0,0,2,38,1
2020,RN,18490,SÃO PAULO DO POTENGI,5,4,2140.0,428.0,16500.0,3300.0,0,2,109,1
2020,RN,18511,SÃO PEDRO,2,2,780.0,390.0,7500.0,3750.0,0,2,17,1
2020,RN,18538,SÃO RAFAEL,3,2,1209.0,403.0,8500.0,2833.3333333333335,2,2,42,1
2020,RN,18554,SÃO TOMÉ,1,1,400.0,400.0,3000.0,3000.0,0,0,34,1
2020,RN,18570,SÃO VICENTE,1,1,300.0,300.0,3000.0,3000.0,0,0,39,1
2020,RN,18597,SENADOR ELÓI DE SOUZA,10,5,3540.0,354.0,27000.0,2700.0,2,2,170,1
2020,RN,18635,SERRA DE SÃO BENTO,1,1,400.0,400.0,3000.0,3000.0,0,0,55,1
2020,RN,18651,SERRA NEGRA DO NORTE,4,3,1547.0,386.75,18000.0,4500.0,0,2,111,1
2020,RN,18678,SERRINHA,1,1,400.0,400.0,3000.0,3000.0,0,1,23,1
2020,RN,18716,SÍTIO NOVO,1,1,400.0,400.0,2500.0,2500.0,1,1,22,1
2020,RN,18759,TAIPU,3,2,1300.0,433.3333333333333,10300.0,3433.3333333333335,0,2,38,1
2020,RN,18775,TANGARÁ,3,3,1200.0,400.0,8500.0,2833.3333333333335,0,1,52,1
2020,RN,18813,TIBAU DO SUL,1,1,400.0,400.0,3000.0,3000.0,0,1,7,1
2020,RN,18856,TOUROS,5,4,2250.0,450.0,17500.0,3500.0,0,3,92,1
2020,RN,18872,UMARIZAL,2,2,800.0,400.0,6000.0,3000.0,1,2,6,1
2020,RN,18899,UPANEMA,3,1,1200.0,400.0,9000.0,3000.0,0,2,94,1
2020,RN,18937,RAFAEL GODEIRO,2,2,720.0,360.0,7800.0,3900.0,0,2,19,1
2020,RN,18953,VERA CRUZ,1,1,400.0,400.0,3000.0,3000.0,0,1,5,1
2020,RN,18996,VILA FLOR,1,1,1000.0,1000.0,48.0,48.0,1,0,230,1
2020,RN,30031,BARAÚNA,1,1,400.0,400.0,3000.0,3000.0,0,1,5,1
2020,RO,00019,GUAJARÁ-MIRIM,3,3,1299.0,433.0,9500.0,3166.6666666666665,3,2,36,1
2020,RO,00035,PORTO VELHO,27,6,18871.0,698.925925925926,5318336.0,196975.40740740742,20,9,295,1
2020,RO,00051,JI-PARANÁ,10,4,5545.0,554.5,37400.0,3740.0,10,7,257,1
2020,RO,00078,ARIQUEMES,13,6,6890.0,530.0,64200.0,4938.461538461538,12,9,95,1
2020,RO,00094,CACOAL,8,5,3556.0,444.5,28250.0,3531.25,7,6,255,1
2020,RO,00132,VILHENA,25,7,13233.0,529.32,83600.0,3344.0,22,14,254,1
2020,RO,00159,JARU,5,3,2120.0,424.0,16000.0,3200.0,5,5,22,1
2020,RO,00175,OURO PRETO DO OESTE,5,2,1478.0,295.6,17500.0,3500.0,5,2,122,1
2020,RO,00191,PRESIDENTE MÉDICI,1,1,578.0,578.0,2000.0,2000.0,1,1,27,1
2020,RO,00230,COLORADO DO OESTE,6,3,2052.0,342.0,2014500.0,335750.0,6,5,254,1
2020,RO,00256,ESPIGÃO DO OESTE,2,2,921.0,460.5,5950.0,2975.0,2,2,29,1
2020,RO,00272,CEREJEIRAS,7,4,2469.0,352.7142857142857,17700.0,2528.5714285714284,7,5,261,1
2020,RO,00299,ROLIM DE MOURA,10,5,4139.0,413.9,31800.0,3180.0,10,9,95,1
2020,RO,00310,ALTA FLORESTA DO OESTE,3,3,1231.0,410.3333333333333,9500.0,3166.6666666666665,3,3,23,1
2020,RO,00337,ALVORADA DO OESTE,9,5,3182.0,353.55555555555554,6019200.0,668800.0,9,6,256,1
2020,RO,00353,SANTA LUZIA DO OESTE,3,3,1222.0,407.3333333333333,8400.0,2800.0,3,3,23,1
2020,RO,00370,NOVA BRASILÂNDIA DO OESTE,2,2,833.0,416.5,5500.0,2750.0,2,2,15,1
2020,RO,00396,MACHADINHO DO OESTE,9,5,3356.0,372.8888888888889,30800.0,3422.222222222222,9,6,141,1
2020,RO,00418,SÃO MIGUEL DO GUAPORÉ,3,3,934.0,311.3333333333333,7700.0,2566.6666666666665,3,2,95,1
2020,RO,00434,NOVA MAMORÉ,5,4,1897.0,379.4,14700.0,2940.0,5,3,95,1
2020,RO,00450,CABIXI,5,2,1489.0,297.8,2008700.0,401740.0,5,3,254,1
2020,RO,00477,CANDEIAS DO JAMARI,5,3,1951.0,390.2,17100.0,3420.0,5,1,99,1
2020,RO,00493,ITAPUÃ DO OESTE,1,1,212.0,212.0,2600.0,2600.0,1,0,33,1
2020,RO,00515,NOVO HORIZONTE DO OESTE,3,2,1063.0,354.3333333333333,9200.0,3066.6666666666665,3,3,8,1
2020,RO,00558,VALE DO PARAÍSO,2,1,724.0,362.0,4000.0,2000.0,2,2,11,1
2020,RO,00574,MIRANTE DA SERRA,1,1,289.0,289.0,3300.0,3300.0,1,1,14,1
2020,RO,00590,THEOBROMA,3,2,1069.0,356.3333333333333,9200.0,3066.6666666666665,3,3,17,1
2020,RO,00620,CACAULÂNDIA,1,1,318.0,318.0,3100.0,3100.0,1,1,13,1
2020,RO,00639,ALTO PARAÍSO,3,2,952.0,317.3333333333333,10500.0,3500.0,3,3,22,1
2020,RO,00647,RIO CRESPO,3,3,1109.0,369.6666666666667,8900.0,2966.6666666666665,3,2,39,1
2020,RO,00655,CORUMBIARA,3,1,1080.0,360.0,6000.0,2000.0,3,3,25,1
2020,RO,00663,MONTE NEGRO,1,1,370.0,370.0,3000.0,3000.0,1,1,5,1
2020,RO,00680,CUJUBIM,6,4,2260.0,376.6666666666667,16700.0,2783.3333333333335,6,4,95,1
2020,RO,00698,VALE DO ANARI,1,1,211.0,211.0,5000.0,5000.0,1,0,248,1
2020,RO,00736,ALTO ALEGRE DOS PARECIS,1,1,219.0,219.0,3700.0,3700.0,1,1,2,1
2020,RO,00744,NOVA UNIÃO,3,2,745.0,248.33333333333334,8000.0,2666.6666666666665,3,2,165,1
2020,RO,00752,TEIXEIRÓPOLIS,1,1,230.0,230.0,3500.0,3500.0,1,0,145,1
2020,RO,00779,BURITIS,3,3,989.0,329.6666666666667,8000.0,2666.6666666666665,3,2,95,1
2020,RO,00787,PIMENTEIRAS DO OESTE,4,2,1253.0,313.25,9100.0,2275.0,4,4,29,1
2020,RO,00795,SÃO FRANCISCO DO GUAPORÉ,3,3,906.0,302.0,8800.0,2933.3333333333335,3,2,95,1
2020,RO,00809,CHUPINGUAIA,8,3,2333.0,291.625,2021300.0,252662.5,8,6,253,1
2020,RR,03000,CAROEBE,2,1,400.0,200.0,8000.0,4000.0,2,1,31,1
2020,RR,03018,BOA VISTA,22,7,18236.0,828.9090909090909,327760.0,14898.181818181818,9,15,33,1
2020,RR,03026,IRACEMA,1,1,150.0,150.0,2000.0,2000.0,1,1,3,1
2020,RR,03034,CARACARAÍ,2,2,708.0,354.0,6000.0,3000.0,2,1,35,1
2020,RR,03042,AMAJARI,1,1,200.0,200.0,3000.0,3000.0,1,1,3,1
2020,RR,03050,ALTO ALEGRE,3,2,900.0,300.0,18000.0,6000.0,3,3,20,1
2020,RR,03069,CANTÁ,2,2,450.0,225.0,4000.0,2000.0,2,2,9,1
2020,RR,03077,BONFIM,4,2,1180.0,295.0,15500.0,3875.0,4,3,38,1
2020,RR,03085,RORAINÓPOLIS,3,2,796.0,265.3333333333333,12500.0,4166.666666666667,3,2,31,1
2020,RR,03093,MUCAJAÍ,3,2,1000.0,333.3333333333333,23000.0,7666.666666666667,3,3,25,1
2020,RR,03107,UIRAMUTÃ,1,1,200.0,200.0,4000.0,4000.0,1,1,3,1
2020,RR,03123,PACARAIMA,1,1,400.0,400.0,6000.0,6000.0,1,1,10,1
2020,RR,03131,SÃO JOÃO DA BALIZA,2,1,400.0,200.0,8000.0,4000.0,2,1,31,1
2020,RR,03158,SÃO LUIZ,2,2,450.0,225.0,8500.0,4250.0,2,2,27,1
2020,RS,84816,NOVA HARTZ,1,1,500.0,500.0,6000.0,6000.0,0,1,8,1
2020,RS,84891,CAPELA DE SANTANA,1,1,400.0,400.0,7500.0,7500.0,0,1,20,1
2020,RS,85006,TRINDADE DO SUL,2,2,725.0,362.5,12500.0,6250.0,0,2,11,1
2020,RS,85073,ALEGRETE,2,2,1194.0,597.0,25000.0,12500.0,0,1,170,1
2020,RS,85090,ALPESTRE,2,2,795.0,397.5,21500.0,10750.0,0,2,11,1
2020,RS,85111,ALVORADA,3,2,7843.0,2614.3333333333335,17600.0,5866.666666666667,2,0,61,1
2020,RS,85154,ANTÔNIO PRADO,1,1,400.0,400.0,3300.0,3300.0,0,1,4,1
2020,RS,85197,ARROIO DO MEIO,3,2,1100.0,366.6666666666667,20500.0,6833.333333333333,0,3,19,1
2020,RS,85278,ARVOREZINHA,1,1,370.0,370.0,8500.0,8500.0,0,1,9,1
2020,RS,85308,ARROIO DO SAL,1,1,400.0,400.0,9600.0,9600.0,0,1,11,1
2020,RS,85316,BAGÉ,1,1,400.0,400.0,15000.0,15000.0,0,1,16,1
2020,RS,85413,BENTO GONÇALVES,1,1,475.0,475.0,4000.0,4000.0,0,1,8,1
2020,RS,85472,BOM RETIRO DO SUL,1,1,400.0,400.0,7000.0,7000.0,0,1,10,1
2020,RS,85502,GLORINHA,4,3,1506.0,376.5,26000.0,6500.0,0,3,36,1
2020,RS,85537,BUTIÁ,1,1,380.0,380.0,7000.0,7000.0,0,1,11,1
2020,RS,85553,CAÇAPAVA DO SUL,3,3,1312.0,437.3333333333333,34000.0,11333.333333333334,0,3,18,1
2020,RS,85596,CACHOEIRA DO SUL,10,3,4084.0,408.4,32000.0,3200.0,0,4,128,1
2020,RS,85618,CACHOEIRINHA,2,2,1050.0,525.0,23000.0,11500.0,1,1,5,1
2020,RS,85677,CAIÇARA,2,2,732.0,366.0,18000.0,9000.0,0,2,7,1
2020,RS,85693,CAMAQUÃ,1,1,500.0,500.0,5000.0,5000.0,0,1,9,1
2020,RS,85723,TUPANDI,1,1,300.0,300.0,5000.0,5000.0,0,1,7,1
2020,RS,85774,CAMPO BOM,1,1,400.0,400.0,15000.0,15000.0,0,1,5,1
2020,RS,85847,VISTA GAÚCHA,1,1,335.0,335.0,7500.0,7500.0,0,1,12,1
2020,RS,85898,CANOAS,11,5,8650.0,786.3636363636364,138500.0,12590.90909090909,5,4,65,1
2020,RS,85910,CARAZINHO,2,2,904.0,452.0,24500.0,12250.0,0,2,17,1
2020,RS,85995,CAXIAS DO SUL,2,1,1230.0,615.0,12000.0,6000.0,2,1,50,1
2020,RS,86142,TRÊS PALMEIRAS,1,1,350.0,350.0,5500.0,5500.0,0,1,8,1
2020,RS,86215,CRUZEIRO DO SUL,1,1,500.0,500.0,10200.0,10200.0,0,1,10,1
2020,RS,86258,DOIS IRMÃOS,1,1,400.0,400.0,8900.0,8900.0,0,1,10,1
2020,RS,86274,DOM FELICIANO,2,2,819.0,409.5,14500.0,7250.0,0,2,5,1
2020,RS,86282,ALTO FELIZ,1,1,300.0,300.0,10000.0,10000.0,0,1,7,1
2020,RS,86290,DOM PEDRITO,1,1,379.0,379.0,11000.0,11000.0,0,1,9,1
2020,RS,86304,AMETISTA DO SUL,2,2,801.0,400.5,7500.0,3750.0,0,2,13,1
2020,RS,86339,ENCANTADO,1,1,300.0,300.0,6000.0,6000.0,0,1,26,1
2020,RS,86355,ENCRUZILHADA DO SUL,3,2,1160.0,386.6666666666667,21500.0,7166.666666666667,0,3,15,1
2020,RS,86371,ERECHIM,2,2,1200.0,600.0,24000.0,12000.0,0,1,35,1
2020,RS,86495,ESTÂNCIA VELHA,1,1,500.0,500.0,10000.0,10000.0,1,1,10,1
2020,RS,86517,ESTEIO,1,1,800.0,800.0,8000.0,8000.0,0,1,8,1
2020,RS,86533,ESTRELA,6,3,2500.0,416.6666666666667,43000.0,7166.666666666667,0,4,50,1
2020,RS,86550,FARROUPILHA,4,3,1864.0,466.0,36100.0,9025.0,1,3,47,1
2020,RS,86592,FELIZ,1,1,400.0,400.0,5500.0,5500.0,0,1,11,1
2020,RS,86681,DOIS IRMÃOS DAS MISSÕES,1,1,248.0,248.0,5000.0,5000.0,0,1,2,1
2020,RS,86690,GARIBALDI,3,2,1275.0,425.0,16500.0,5500.0,1,3,12,1
2020,RS,86819,GRAMADO,1,1,480.0,480.0,7000.0,7000.0,1,0,57,1
2020,RS,86835,GRAVATAÍ,8,2,4600.0,575.0,153800.0,19225.0,3,7,82,1
2020,RS,86851,GUAÍBA,1,1,613.0,613.0,9900.0,9900.0,1,1,19,1
2020,RS,86878,GUAPORÉ,3,2,1470.0,490.0,25000.0,8333.333333333334,0,2,54,1
2020,RS,86932,CHARQUEADAS,1,1,475.0,475.0,4000.0,4000.0,0,1,13,1
2020,RS,86967,MAQUINÉ,1,1,600.0,600.0,1500.0,1500.0,0,1,8,1
2020,RS,86983,MARATÁ,2,2,520.0,260.0,11000.0,5500.0,0,2,8,1
2020,RS,87033,IGREJINHA,2,2,880.0,440.0,18000.0,9000.0,1,2,29,1
2020,RS,87114,IRAÍ,1,1,360.0,360.0,5000.0,5000.0,1,1,7,1
2020,RS,87211,JAGUARÃO,1,1,600.0,600.0,8000.0,8000.0,0,1,6,1
2020,RS,87238,JAGUARI,1,1,369.0,369.0,6000.0,6000.0,0,1,11,1
2020,RS,87246,NOVA SANTA RITA,2,1,760.0,380.0,15000.0,7500.0,0,2,25,1
2020,RS,87297,LAJEADO,5,2,1938.0,387.6,27600.0,5520.0,0,4,55,1
2020,RS,87343,PASSO DO SOBRADO,5,1,2086.0,417.2,55600.0,11120.0,1,3,134,1
2020,RS,87378,MARAU,1,1,400.0,400.0,6000.0,6000.0,0,1,9,1
2020,RS,87408,PINHEIRINHO DO VALE,1,1,330.0,330.0,10000.0,10000.0,1,1,8,1
2020,RS,87513,MOSTARDAS,1,1,300.0,300.0,12000.0,12000.0,0,1,5,1
2020,RS,87530,MUÇUM,1,1,237.0,237.0,6500.0,6500.0,0,1,6,1
2020,RS,87556,NÃO-ME-TOQUE,1,1,480.0,480.0,5000.0,5000.0,0,1,8,1
2020,RS,87718,NOVO HAMBURGO,6,3,3550.0,591.6666666666666,62000.0,10333.333333333334,4,4,50,1
2020,RS,87734,OSÓRIO,2,2,800.0,400.0,33000.0,16500.0,0,2,8,1
2020,RS,87777,PALMEIRA DAS MISSÕES,3,2,1255.0,418.3333333333333,30000.0,10000.0,0,2,31,1
2020,RS,87807,SÃO PEDRO DA SERRA,1,1,350.0,350.0,5300.0,5300.0,0,1,8,1
2020,RS,87815,PANAMBI,1,1,330.0,330.0,9000.0,9000.0,0,1,8,1
2020,RS,87858,PASSO FUNDO,3,3,1600.0,533.3333333333334,49000.0,16333.333333333334,1,2,50,1
2020,RS,87912,PELOTAS,1,1,650.0,650.0,7000.0,7000.0,1,0,56,1
2020,RS,87947,SINIMBU,1,1,350.0,350.0,15000.0,15000.0,0,1,9,1
2020,RS,87971,PLANALTO,2,2,768.0,384.0,17300.0,8650.0,0,2,8,1
2020,RS,88013,PORTO ALEGRE,31,7,29653.0,956.5483870967741,717902.1499999999,23158.13387096774,23,17,145,1
2020,RS,88099,QUARAÍ,1,1,385.0,385.0,6500.0,6500.0,1,1,19,1
2020,RS,88153,RIO GRANDE,2,1,1400.0,700.0,30000.0,15000.0,0,2,14,1
2020,RS,88170,RIO PARDO,1,1,457.0,457.0,2850.0,2850.0,0,1,17,1
2020,RS,88250,RONDA ALTA,2,2,731.0,365.5,7500.0,3750.0,1,2,15,1
2020,RS,88331,SALVADOR DO SUL,1,1,405.0,405.0,5200.0,5200.0,0,1,9,1
2020,RS,88374,SANTA BÁRBARA DO SUL,3,1,1092.0,364.0,21000.0,7000.0,0,2,47,1
2020,RS,88390,SANTA CRUZ DO SUL,5,3,2000.0,400.0,65920.0,13184.0,0,3,45,1
2020,RS,88412,SANTA MARIA,5,5,2834.0,566.8,60000.009999999995,12000.001999999999,3,2,50,1
2020,RS,88455,SANTANA DO LIVRAMENTO,1,1,600.0,600.0,12650.0,12650.0,0,1,4,1
2020,RS,88471,SANTA ROSA,2,2,1048.0,524.0,22000.0,11000.0,0,2,16,1
2020,RS,88501,TURUÇU,1,1,345.0,345.0,10000.0,10000.0,0,1,7,1
2020,RS,88510,SANTIAGO,1,1,600.0,600.0,5000.0,5000.0,0,1,10,1
2020,RS,88536,SANTO ÂNGELO,2,2,1050.0,525.0,22000.0,11000.0,0,2,20,1
2020,RS,88633,SÃO BORJA,1,1,512.0,512.0,8500.0,8500.0,0,1,14,1
2020,RS,88650,SÃO FRANCISCO DE ASSIS,1,1,500.0,500.0,5000.0,5000.0,0,1,14,1
2020,RS,88668,VALE VERDE,1,1,405.0,405.0,8900.0,8900.0,0,1,17,1
2020,RS,88676,SÃO FRANCISCO DE PAULA,1,1,600.0,600.0,11200.0,11200.0,0,1,23,1
2020,RS,88692,SÃO GABRIEL,1,1,600.0,600.0,6000.0,6000.0,0,1,4,1
2020,RS,88730,SÃO JOSÉ DO NORTE,1,1,553.0,553.0,12000.0,12000.0,0,1,5,1
2020,RS,88773,SÃO LEOPOLDO,6,5,3495.0,582.5,59500.0,9916.666666666666,2,5,39,1
2020,RS,88790,SÃO LOURENÇO DO SUL,1,1,400.0,400.0,10000.0,10000.0,0,1,4,1
2020,RS,88838,SÃO MARCOS,1,1,380.0,380.0,7000.0,7000.0,0,1,12,1
2020,RS,88935,SÃO SEBASTIÃO DO CAÍ,2,2,980.0,490.0,11500.0,5750.0,0,2,7,1
2020,RS,88994,SAPIRANGA,3,3,1500.0,500.0,37000.0,12333.333333333334,0,3,21,1
2020,RS,89010,SAPUCAIA DO SUL,1,1,600.0,600.0,13000.0,13000.0,0,1,5,1
2020,RS,89036,SARANDI,2,2,1208.0,604.0,16500.0,8250.0,0,2,8,1
2020,RS,89214,TAPEJARA,1,1,375.0,375.0,8500.0,8500.0,0,1,8,1
2020,RS,89273,TAQUARA,3,3,1316.0,438.6666666666667,26500.0,8833.333333333334,0,1,38,1
2020,RS,89281,LAGOA BONITA DO SUL,1,1,254.0,254.0,8900.0,8900.0,0,1,10,1
2020,RS,89290,TAQUARI,2,2,800.0,400.0,21000.0,10500.0,0,2,11,1
2020,RS,89338,TORRES,5,4,2280.0,456.0,38600.0,7720.0,0,5,27,1
2020,RS,89354,TRAMANDAÍ,1,1,475.0,475.0,7000.0,7000.0,1,1,6,1
2020,RS,89370,TRÊS COROAS,1,1,403.0,403.0,10000.0,10000.0,0,1,7,1
2020,RS,89419,TRÊS PASSOS,1,1,392.0,392.0,9000.0,9000.0,0,1,8,1
2020,RS,89460,SÃO JOSÉ DO SUL,1,1,320.0,320.0,5200.0,5200.0,0,1,8,1
2020,RS,89486,SÃO PEDRO DAS MISSÕES,1,1,160.0,160.0,5000.0,5000.0,0,1,5,1
2020,RS,89516,URUGUAIANA,1,1,383.0,383.0,2000.0,2000.0,0,1,15,1
2020,RS,89559,VENÂNCIO AIRES,5,2,2400.0,480.0,40000.0,8000.0,0,4,46,1
2020,RS,89575,VERA CRUZ,5,4,2716.0,543.2,40800.0,8160.0,0,4,35,1
2020,RS,89656,VICENTE DUTRA,2,1,710.0,355.0,10000.0,5000.0,0,1,31,1
2020,RS,98213,TEUTÔNIA,4,3,1578.0,394.5,30900.0,7725.0,0,3,33,1
2020,RS,98230,BOM PRINCÍPIO,1,1,400.0,400.0,5500.0,5500.0,0,1,4,1
2020,RS,98256,PAROBÉ,1,1,400.0,400.0,6000.0,6000.0,0,1,22,1
2020,SC,80004,MONTE CARLO,1,1,371.0,371.0,3000.0,3000.0,0,1,11,1
2020,SC,80012,ABELARDO LUZ,12,6,5288.0,440.6666666666667,105500.0,8791.666666666666,0,12,23,1
2020,SC,80020,IPORÃ DO OESTE,2,2,732.0,366.0,11000.0,5500.0,0,2,5,1
2020,SC,80055,AGRONÔMICA,2,2,654.0,327.0,19000.0,9500.0,1,2,14,1
2020,SC,80063,APIÚNA,1,1,450.0,450.0,9000.0,9000.0,0,1,14,1
2020,SC,80187,IRACEMINHA,1,1,320.0,320.0,7000.0,7000.0,1,1,9,1
2020,SC,80209,TIMBÓ GRANDE,1,1,360.0,360.0,6000.0,6000.0,1,1,4,1
2020,SC,80233,ANTÔNIO CARLOS,1,1,558.0,558.0,5000.0,5000.0,0,1,5,1
2020,SC,80241,SANTA ROSA DO SUL,2,2,700.0,350.0,15000.0,7500.0,0,2,4,1
2020,SC,80250,ARAQUARI,4,1,1600.0,400.0,42000.0,10500.0,4,2,80,1
2020,SC,80268,CELSO RAMOS,1,1,242.0,242.0,5000.0,5000.0,0,1,2,1
2020,SC,80276,ARARANGUÁ,6,5,2314.0,385.6666666666667,27400.0,4566.666666666667,1,6,19,1
2020,SC,80306,COCAL DO SUL,3,2,974.0,324.6666666666667,9000.0,3000.0,2,2,52,1
2020,SC,80330,ASCURRA,1,1,450.0,450.0,9000.0,9000.0,0,1,14,1
2020,SC,80349,SANTA TEREZINHA,6,3,1969.0,328.1666666666667,74500.0,12416.666666666666,1,6,19,1
2020,SC,80365,MIRIM DOCE,1,1,196.0,196.0,6895.0,6895.0,0,1,5,1
2020,SC,80390,BALNEÁRIO CAMBORIÚ,2,2,1300.0,650.0,13000.0,6500.0,0,2,30,1
2020,SC,80403,PASSO DE TORRES,1,1,390.0,390.0,5000.0,5000.0,0,0,40,1
2020,SC,80454,BIGUAÇU,2,2,1010.0,505.0,14500.0,7250.0,1,2,15,1
2020,SC,80462,VARGEM,1,1,340.0,340.0,4800.0,4800.0,1,1,7,1
2020,SC,80470,BLUMENAU,6,2,3578.0,596.3333333333334,107450.0,17908.333333333332,1,3,26,1
2020,SC,80527,GUATAMBÚ,1,1,290.0,290.0,4600.0,4600.0,0,1,3,1
2020,SC,80543,PLANALTO ALEGRE,2,2,608.0,304.0,13000.0,6500.0,2,2,6,1
2020,SC,80551,BRUSQUE,4,2,1859.0,464.75,40000.0,10000.0,0,3,31,1
2020,SC,80616,CAMBORIÚ,2,2,770.0,385.0,22000.0,11000.0,1,2,4,1
2020,SC,80624,PASSOS MAIA,2,2,688.0,344.0,9500.0,4750.0,0,2,6,1
2020,SC,80640,SÃO JOÃO DO OESTE,1,1,350.0,350.0,12000.0,12000.0,0,1,9,1
2020,SC,80675,CAMPO ERÊ,2,2,638.0,319.0,13500.0,6750.0,0,2,7,1
2020,SC,80683,BALNEÁRIO BARRA DO SUL,2,1,1220.0,610.0,23000.0,11500.0,2,2,15,1
2020,SC,80691,CAMPOS NOVOS,1,1,504.0,504.0,10000.0,10000.0,0,1,4,1
2020,SC,80705,PARAÍSO,1,1,350.0,350.0,7200.0,7200.0,0,1,12,1
2020,SC,80721,SANTA HELENA,2,2,502.0,251.0,10000.0,5000.0,1,2,8,1
2020,SC,80730,CANOINHAS,1,1,592.0,592.0,14000.0,14000.0,1,0,-708,1
2020,SC,80772,CATANDUVAS,1,1,370.0,370.0,5300.0,5300.0,0,1,3,1
2020,SC,80799,CAXAMBU DO SUL,1,1,354.0,354.0,6000.0,6000.0,0,0,67,1
2020,SC,80810,CHAPECÓ,15,6,10356.0,690.4,162600.0,10840.0,0,10,304,1
2020,SC,80829,IPUAÇU,2,2,615.0,307.5,10300.0,5150.0,0,2,9,1
2020,SC,80837,CONCÓRDIA,1,1,400.0,400.0,4000.0,4000.0,0,1,5,1
2020,SC,80845,OURO VERDE,1,1,240.0,240.0,10000.0,10000.0,1,1,6,1
2020,SC,80853,CORONEL FREITAS,2,2,877.0,438.5,17000.0,8500.0,0,2,7,1
2020,SC,80896,CRICIÚMA,11,4,5965.0,542.2727272727273,79800.0,7254.545454545455,4,6,139,1
2020,SC,80918,CUNHA PORÃ,1,1,368.0,368.0,5000.0,5000.0,0,1,5,1
2020,SC,80934,CURITIBANOS,1,1,600.0,600.0,12500.0,12500.0,0,1,7,1
2020,SC,80942,SÃO CRISTÓVÃO DO SUL,1,1,315.0,315.0,6000.0,6000.0,0,1,16,1
2020,SC,80950,DESCANSO,1,1,257.0,257.0,3500.0,3500.0,0,1,2,1
2020,SC,80969,VARGEM BONITA,1,1,230.0,230.0,7500.0,7500.0,0,1,6,1
2020,SC,81019,ERVAL VELHO,1,1,351.0,351.0,6000.0,6000.0,0,1,4,1
2020,SC,81027,CAPIVARI DE BAIXO,1,1,376.0,376.0,5000.0,5000.0,0,1,17,1
2020,SC,81043,CORDILHEIRA ALTA,4,3,1350.0,337.5,12400.0,3100.0,0,4,13,1
2020,SC,81051,FLORIANÓPOLIS,6,3,3613.0,602.1666666666666,173925.0,28987.5,2,4,74,1
2020,SC,81060,FORQUILHINHA,11,4,4349.0,395.3636363636364,29500.0,2681.818181818182,6,7,124,1
2020,SC,81116,GOVERNADOR CELSO RAMOS,1,1,400.0,400.0,3000.0,3000.0,0,1,13,1
2020,SC,81132,GAROPABA,1,1,377.0,377.0,3000.0,3000.0,0,1,5,1
2020,SC,81140,JARDINÓPOLIS,1,1,235.0,235.0,9000.0,9000.0,0,1,8,1
2020,SC,81167,ERMO,1,1,250.0,250.0,4000.0,4000.0,0,1,7,1
2020,SC,81175,GASPAR,3,2,1616.0,538.6666666666666,26500.0,8833.333333333334,0,3,26,1
2020,SC,81191,GRÃO-PARÁ,1,1,360.0,360.0,5000.0,5000.0,0,1,7,1
2020,SC,81213,GRAVATAL,1,1,368.0,368.0,5000.0,5000.0,0,1,5,1
2020,SC,81221,BELA VISTA DO TOLDO,1,1,224.0,224.0,14000.0,14000.0,0,1,8,1
2020,SC,81230,GUABIRUBA,1,1,330.0,330.0,14000.0,14000.0,0,1,12,1
2020,SC,81256,GUARACIABA,2,2,860.0,430.0,19000.0,9500.0,0,2,21,1
2020,SC,81272,GUARAMIRIM,4,2,1600.0,400.0,29000.0,7250.0,3,3,32,1
2020,SC,81299,GUARUJÁ DO SUL,1,1,351.0,351.0,4000.0,4000.0,0,1,6,1
2020,SC,81310,HERVAL D'OESTE,1,1,370.0,370.0,7000.0,7000.0,0,1,3,1
2020,SC,81353,IBIRAMA,2,2,750.0,375.0,22000.0,11000.0,0,2,17,1
2020,SC,81370,IÇARA,6,2,2801.0,466.8333333333333,18000.0,3000.0,2,3,131,1
2020,SC,81396,ILHOTA,1,1,372.0,372.0,5000.0,5000.0,0,1,15,1
2020,SC,81400,IBIAM,2,2,548.0,274.0,9500.0,4750.0,0,2,5,1
2020,SC,81418,IMARUÍ,3,2,1738.0,579.3333333333334,20500.0,6833.333333333333,1,2,102,1
2020,SC,81434,IMBITUBA,2,2,918.0,459.0,22300.0,11150.0,1,2,7,1
2020,SC,81442,PAIAL,1,1,320.0,320.0,3500.0,3500.0,0,1,13,1
2020,SC,81477,INDAIAL,1,1,500.0,500.0,6500.0,6500.0,0,1,11,1
2020,SC,81493,IPIRA,3,2,850.0,283.3333333333333,13500.0,4500.0,0,3,12,1
2020,SC,81523,SALTINHO,1,1,220.0,220.0,3000.0,3000.0,0,1,3,1
2020,SC,81531,IRANI,2,2,685.0,342.5,9500.0,4750.0,0,2,4,1
2020,SC,81574,ITÁ,1,1,362.0,362.0,2000.0,2000.0,1,1,11,1
2020,SC,81590,ITAIÓPOLIS,1,1,345.0,345.0,6500.0,6500.0,0,0,-13,1
2020,SC,81604,FLOR DO SERTÃO,1,1,220.0,220.0,7000.0,7000.0,1,1,9,1
2020,SC,81612,ITAJAÍ,3,2,1622.0,540.6666666666666,22750.0,7583.333333333333,1,3,20,1
2020,SC,81620,CUNHATAÍ,2,2,576.0,288.0,10000.0,5000.0,1,2,12,1
2020,SC,81639,ITAPEMA,5,1,2635.0,527.0,25000.0,5000.0,0,3,128,1
2020,SC,81663,ITAPOÁ,3,2,1302.0,434.0,26900.0,8966.666666666666,2,2,249,1
2020,SC,81671,ITUPORANGA,1,1,377.0,377.0,14500.0,14500.0,0,1,6,1
2020,SC,81698,JABORÁ,1,1,349.0,349.0,6000.0,6000.0,0,1,5,1
2020,SC,81710,JACINTO MACHADO,1,1,369.0,369.0,5000.0,5000.0,0,1,7,1
2020,SC,81728,BALNEÁRIO ARROIO DO SILVA,1,1,390.0,390.0,5000.0,5000.0,0,1,19,1
2020,SC,81736,JAGUARUNA,1,1,374.0,374.0,5000.0,5000.0,0,1,4,1
2020,SC,81744,BALNEÁRIO GAIVOTA,4,3,1368.0,342.0,18000.0,4500.0,1,3,37,1
2020,SC,81752,JARAGUÁ DO SUL,1,1,406.0,406.0,12500.0,12500.0,0,1,11,1
2020,SC,81779,JOAÇABA,1,1,350.0,350.0,5000.0,5000.0,1,1,26,1
2020,SC,81787,BRUNÓPOLIS,2,2,482.0,241.0,6500.0,3250.0,0,2,7,1
2020,SC,81795,JOINVILLE,16,5,10124.0,632.75,239450.0,14965.625,8,8,83,1
2020,SC,81833,LAGES,6,6,2761.0,460.1666666666667,67000.0,11166.666666666666,3,6,26,1
2020,SC,81850,LAGUNA,1,1,380.0,380.0,5000.0,5000.0,0,1,3,1
2020,SC,81892,LAURO MÜLLER,1,1,390.0,390.0,5000.0,5000.0,0,1,9,1
2020,SC,81957,LONTRAS,1,1,369.0,369.0,10000.0,10000.0,1,1,10,1
2020,SC,82058,MARAVILHA,1,1,405.0,405.0,5000.0,5000.0,0,1,7,1
2020,SC,82074,MASSARANDUBA,2,2,758.0,379.0,10000.0,5000.0,0,2,8,1
2020,SC,82090,MATOS COSTA,1,1,333.0,333.0,10000.0,10000.0,1,1,3,1
2020,SC,82112,MELEIRO,2,1,520.0,260.0,8000.0,4000.0,0,2,14,1
2020,SC,82155,MONDAÍ,1,1,367.0,367.0,5500.0,5500.0,0,1,9,1
2020,SC,82198,MORRO DA FUMAÇA,2,1,714.0,357.0,6000.0,3000.0,2,1,40,1
2020,SC,82210,NAVEGANTES,3,3,1810.0,603.3333333333334,23500.0,7833.333333333333,0,3,6,1
2020,SC,82236,NOVA ERECHIM,1,1,349.0,349.0,6000.0,6000.0,0,1,6,1
2020,SC,82279,NOVA VENEZA,2,1,733.0,366.5,6000.0,3000.0,2,1,39,1
2020,SC,82333,PALHOÇA,3,3,1333.0,444.3333333333333,20800.0,6933.333333333333,2,3,23,1
2020,SC,82376,PALMITOS,2,2,745.0,372.5,15000.0,7500.0,1,2,6,1
2020,SC,82511,BALNEÁRIO PIÇARRAS,1,1,613.0,613.0,6000.0,6000.0,0,1,5,1
2020,SC,82570,PIRATUBA,2,2,614.0,307.0,17500.0,8750.0,0,2,10,1
2020,SC,82597,POMERODE,2,2,1006.0,503.0,23500.0,11750.0,0,2,16,1
2020,SC,82635,PONTE SERRADA,2,2,670.0,335.0,11500.0,5750.0,0,2,8,1
2020,SC,82678,PORTO UNIÃO,2,2,728.0,364.0,18500.0,9250.0,0,1,31,1
2020,SC,82694,POUSO REDONDO,2,2,713.0,356.5,15500.0,7750.0,0,2,6,1
2020,SC,82716,PRAIA GRANDE,2,2,631.0,315.5,9000.0,4500.0,0,2,15,1
2020,SC,82732,PRESIDENTE CASTELO BRANCO,1,1,189.0,189.0,3300.0,3300.0,0,1,12,1
2020,SC,82759,PRESIDENTE GETÚLIO,2,2,763.0,381.5,17000.0,8500.0,0,2,7,1
2020,SC,82791,QUILOMBO,2,2,626.0,313.0,8000.0,4000.0,1,2,8,1
2020,SC,82830,RIO DAS ANTAS,2,2,718.0,359.0,10500.0,5250.0,0,2,4,1
2020,SC,82856,RIO DO CAMPO,3,2,1617.0,539.0,30000.0,10000.0,0,3,24,1
2020,SC,82872,RIO DO OESTE,1,1,361.0,361.0,10000.0,10000.0,1,1,7,1
2020,SC,82910,RIO DO SUL,4,3,2160.0,540.0,38000.0,9500.0,0,4,25,1
2020,SC,82953,RIO NEGRINHO,2,2,800.0,400.0,16500.0,8250.0,0,2,17,1
2020,SC,83054,SANTA CECÍLIA,2,1,524.0,262.0,10000.0,5000.0,2,2,16,1
2020,SC,83097,SANTO AMARO DA IMPERATRIZ,1,1,400.0,400.0,3000.0,3000.0,0,1,8,1
2020,SC,83119,SÃO BENTO DO SUL,2,2,900.0,450.0,22000.0,11000.0,0,2,18,1
2020,SC,83151,SÃO CARLOS,4,3,1520.0,380.0,29600.0,7400.0,1,4,24,1
2020,SC,83178,SÃO DOMINGOS,3,3,1201.0,400.3333333333333,24000.0,8000.0,1,3,8,1
2020,SC,83194,SÃO FRANCISCO DO SUL,3,2,1820.0,606.6666666666666,44200.0,14733.333333333334,3,3,8,1
2020,SC,83216,SÃO JOÃO BATISTA,1,1,400.0,400.0,8000.0,8000.0,1,1,4,1
2020,SC,83232,SÃO JOÃO DO SUL,1,1,362.0,362.0,5000.0,5000.0,0,1,11,1
2020,SC,83275,SÃO JOSÉ,2,2,920.0,460.0,21800.0,10900.0,1,2,24,1
2020,SC,83291,SÃO JOSÉ DO CEDRO,2,2,831.0,415.5,11000.0,5500.0,1,2,3,1
2020,SC,83330,SÃO LOURENÇO DO OESTE,1,1,484.0,484.0,7000.0,7000.0,0,1,5,1
2020,SC,83399,SÃO MIGUEL DO OESTE,3,3,1300.0,433.3333333333333,25500.0,8500.0,2,3,11,1
2020,SC,83410,SAUDADES,3,2,1100.0,366.6666666666667,21000.0,7000.0,0,3,17,1
2020,SC,83470,SIDERÓPOLIS,5,2,1882.0,376.4,17000.0,3400.0,4,3,37,1
2020,SC,83496,SOMBRIO,2,2,756.0,378.0,9000.0,4500.0,0,2,8,1
2020,SC,83518,TAIÓ,2,2,968.0,484.0,9300.0,4650.0,1,2,20,1
2020,SC,83534,TANGARÁ,2,2,695.0,347.5,13500.0,6750.0,0,2,6,1
2020,SC,83550,TIJUCAS,3,3,1358.0,452.6666666666667,27900.0,9300.0,1,3,27,1
2020,SC,83593,TRÊS BARRAS,4,3,1534.0,383.5,45000.0,11250.0,0,4,23,1
2020,SC,83631,TREZE TÍLIAS,3,2,980.0,326.6666666666667,19500.0,6500.0,2,3,25,1
2020,SC,83658,TROMBUDO CENTRAL,1,1,358.0,358.0,12000.0,12000.0,0,1,5,1
2020,SC,83674,TUBARÃO,3,2,1398.0,466.0,29000.0,9666.666666666666,0,2,35,1
2020,SC,83739,URUSSANGA,3,2,1128.0,376.0,10000.0,3333.3333333333335,2,3,19,1
2020,SC,83755,VARGEÃO,1,1,339.0,339.0,2000.0,2000.0,0,1,10,1
2020,SC,83798,VIDEIRA,1,1,550.0,550.0,5000.0,5000.0,0,1,7,1
2020,SC,83836,XANXERÊ,8,6,3591.0,448.875,51500.0,6437.5,1,8,24,1
2020,SC,83852,XAVANTINA,2,2,694.0,347.0,13000.0,6500.0,0,2,5,1
2020,SC,83879,XAXIM,4,3,1656.0,414.0,34000.0,8500.0,2,4,14,1
2020,SC,83909,BALNEÁRIO RINCÃO,2,1,713.0,356.5,4000.0,2000.0,2,1,33,1
2020,SC,83917,MARACAJÁ,12,3,3296.0,274.6666666666667,34000.0,2833.3333333333335,8,6,123,1
2020,SC,83950,CORREIA PINTO,3,2,1186.0,395.3333333333333,20000.0,6666.666666666667,0,3,4,1
2020,SC,83976,OTACÍLIO COSTA,2,2,774.0,387.0,17400.0,8700.0,0,2,12,1
2020,SE,31011,AMPARO DE SÃO FRANCISCO,1,1,400.0,400.0,2800.0,2800.0,1,1,17,1
2020,SE,31038,AQUIDABÃ,1,1,536.0,536.0,3500.0,3500.0,1,0,144,1
2020,SE,31054,ARACAJU,14,8,9135.0,652.5,240720.0,17194.285714285714,5,4,290,1
2020,SE,31070,ARAUÁ,3,1,1200.0,400.0,9000.0,3000.0,2,1,54,1
2020,SE,31097,AREIA BRANCA,1,1,360.0,360.0,2840.0,2840.0,1,0,34,1
2020,SE,31119,BARRA DOS COQUEIROS,1,1,400.0,400.0,3500.0,3500.0,1,0,139,1
2020,SE,31135,BREJO GRANDE,2,2,1200.0,600.0,7000.0,3500.0,2,1,32,1
2020,SE,31151,BOQUIM,3,2,1655.0,551.6666666666666,14000.0,4666.666666666667,2,2,43,1
2020,SE,31194,CAMPO DO BRITO,2,1,660.0,330.0,6500.0,3250.0,2,1,54,1
2020,SE,31216,CANHOBA,1,1,400.0,400.0,2000.0,2000.0,1,0,54,1
2020,SE,31232,CANINDÉ DE SÃO FRANCISCO,3,2,1582.0,527.3333333333334,10000.0,3333.3333333333335,3,2,67,1
2020,SE,31259,CAPELA,11,6,6188.0,562.5454545454545,35320.0,3210.909090909091,8,3,266,1
2020,SE,31275,CARIRA,2,2,800.0,400.0,4000.0,2000.0,1,1,99,1
2020,SE,31291,CARMÓPOLIS,6,4,2383.0,397.1666666666667,19000.0,3166.6666666666665,3,4,92,1
2020,SE,31313,CEDRO DE SÃO JOÃO,1,1,414.0,414.0,2000.0,2000.0,0,1,11,1
2020,SE,31330,CRISTINÁPOLIS,1,1,403.0,403.0,2000.0,2000.0,0,1,16,1
2020,SE,31356,NOSSA SENHORA APARECIDA,1,1,400.0,400.0,6500.0,6500.0,0,1,7,1
2020,SE,31399,DIVINA PASTORA,1,1,500.0,500.0,6000.0,6000.0,0,1,16,1
2020,SE,31410,ESTÂNCIA,3,2,1329.0,443.0,8000.0,2666.6666666666665,3,1,133,1
2020,SE,31437,FEIRA NOVA,1,1,400.0,400.0,2000.0,2000.0,1,1,10,1
2020,SE,31453,FREI PAULO,4,4,1610.0,402.5,11700.0,2925.0,3,0,76,1
2020,SE,31470,GENERAL MAYNARD,2,2,438.0,219.0,4500.0,2250.0,2,1,51,1
2020,SE,31496,GARARU,5,2,2236.0,447.2,17000.0,3400.0,3,4,131,1
2020,SE,31534,ILHA DAS FLORES,2,2,820.0,410.0,6100.0,3050.0,2,0,85,1
2020,SE,31550,INDIAROBA,1,1,400.0,400.0,3200.0,3200.0,1,1,17,1
2020,SE,31577,ITABAIANA,8,4,4461.0,557.625,31790.0,3973.75,6,6,72,1
2020,SE,31593,ITABAIANINHA,2,1,800.0,400.0,6000.0,3000.0,0,1,97,1
2020,SE,31615,ITABI,4,2,1880.0,470.0,13000.0,3250.0,4,2,150,1
2020,SE,31631,ITAPORANGA D'AJUDA,4,3,1648.0,412.0,17500.0,4375.0,1,4,24,1
2020,SE,31658,JAPARATUBA,4,1,2093.0,523.25,12500.0,3125.0,4,1,123,1
2020,SE,31674,JAPOATÃ,1,1,363.0,363.0,1900.0,1900.0,1,1,29,1
2020,SE,31690,LAGARTO,33,8,27743.0,840.6969696969697,141200.0,4278.787878787879,23,11,271,1
2020,SE,31712,LARANJEIRAS,9,5,4157.0,461.8888888888889,23000.0,2555.5555555555557,5,5,76,1
2020,SE,31771,MALHADOR,1,1,347.0,347.0,5000.0,5000.0,0,1,3,1
2020,SE,31798,MARUIM,3,2,1200.0,400.0,8000.0,2666.6666666666665,1,2,38,1
2020,SE,31810,MOITA BONITA,5,4,2566.0,513.2,16950.0,3390.0,4,5,19,1
2020,SE,31836,MONTE ALEGRE DE SERGIPE,4,3,1776.0,444.0,14500.0,3625.0,3,2,181,1
2020,SE,31852,MURIBECA,4,3,1639.0,409.75,10600.0,2650.0,4,2,123,1
2020,SE,31879,NEÓPOLIS,1,1,500.0,500.0,4000.0,4000.0,1,1,6,1
2020,SE,31895,NOSSA SENHORA DA GLÓRIA,1,1,500.0,500.0,6500.0,6500.0,0,1,9,1
2020,SE,31917,NOSSA SENHORA DAS DORES,6,4,2905.0,484.1666666666667,19490.0,3248.3333333333335,3,5,89,1
2020,SE,31933,NOSSA SENHORA DE LOURDES,2,1,782.0,391.0,4000.0,2000.0,2,2,26,1
2020,SE,31950,NOSSA SENHORA DO SOCORRO,12,6,8339.0,694.9166666666666,43500.0,3625.0,7,7,258,1
2020,SE,31976,PACATUBA,1,1,416.0,416.0,3000.0,3000.0,1,1,10,1
2020,SE,31992,PEDRA MOLE,1,1,350.0,350.0,2000.0,2000.0,1,1,4,1
2020,SE,32018,PEDRINHAS,1,1,457.0,457.0,2000.0,2000.0,1,0,80,1
2020,SE,32034,PINHÃO,1,1,400.0,400.0,2500.0,2500.0,1,1,27,1
2020,SE,32050,PIRAMBU,4,2,1748.0,437.0,15500.0,3875.0,3,2,122,1
2020,SE,32077,POÇO REDONDO,5,4,2750.0,550.0,17000.0,3400.0,4,2,149,1
2020,SE,32093,POÇO VERDE,3,2,1350.0,450.0,10100.0,3366.6666666666665,0,2,38,1
2020,SE,32115,PORTO DA FOLHA,7,3,3295.0,470.7142857142857,22500.0,3214.285714285714,2,4,122,1
2020,SE,32131,PROPRIÁ,2,2,900.0,450.0,11000.0,5500.0,1,2,16,1
2020,SE,32174,RIACHUELO,1,1,400.0,400.0,3000.0,3000.0,1,1,3,1
2020,SE,32190,RIBEIRÓPOLIS,1,1,400.0,400.0,2000.0,2000.0,0,1,7,1
2020,SE,32212,ROSÁRIO DO CATETE,1,1,450.0,450.0,3000.0,3000.0,1,0,164,1
2020,SE,32239,SALGADO,5,3,3510.0,702.0,18000.0,3600.0,3,2,278,1
2020,SE,32298,SANTA ROSA DE LIMA,3,3,1200.0,400.0,6000.0,2000.0,2,2,22,1
2020,SE,32336,SÃO CRISTÓVÃO,4,4,2100.0,525.0,14950.0,3737.5,3,2,190,1
2020,SE,32352,SÃO DOMINGOS,1,1,491.0,491.0,3000.0,3000.0,1,1,16,1
2020,SE,32395,SÃO MIGUEL DO ALEIXO,1,1,389.0,389.0,5000.0,5000.0,0,1,23,1
2020,SE,32417,SIMÃO DIAS,5,5,2816.0,563.2,20110.0,4022.0,2,4,67,1
2020,SE,32433,SIRIRI,2,2,824.0,412.0,7000.0,3500.0,2,1,173,1
2020,SE,32476,TOBIAS BARRETO,10,6,5400.0,540.0,46425.0,4642.5,4,5,245,1
2020,SP,61018,ADAMANTINA,2,2,730.0,365.0,18300.0,9150.0,1,2,17,1
2020,SP,61034,ADOLFO,2,1,453.0,226.5,3000.0,1500.0,2,1,104,1
2020,SP,61042,TARUMÃ,5,3,1946.0,389.2,60760.0,12152.0,3,5,15,1
2020,SP,61123,DIRCE REIS,2,1,401.0,200.5,2434.0,1217.0,2,0,76,1
2020,SP,61174,ALTAIR,2,1,451.0,225.5,2609.0,1304.5,2,1,97,1
2020,SP,61182,EMBAÚBA,2,1,395.0,197.5,2500.0,1250.0,2,1,93,1
2020,SP,61204,ILHA SOLTEIRA,2,2,705.0,352.5,23300.0,11650.0,2,2,18,1
2020,SP,61239,ÁLVARES FLORENCE,3,2,773.0,257.6666666666667,7490.0,2496.6666666666665,2,2,86,1
2020,SP,61247,PEDRINHAS PAULISTA,1,1,230.0,230.0,2000.0,2000.0,1,1,8,1
2020,SP,61263,ARAÇARIGUAMA,10,4,4113.0,411.3,58500.0,5850.0,10,5,190,1
2020,SP,61280,BERTIOGA,13,5,9190.0,706.9230769230769,124890.0,9606.923076923076,11,9,100,1
2020,SP,61298,ALVINLÂNDIA,1,1,240.0,240.0,5000.0,5000.0,0,1,6,1
2020,SP,61301,SUZANÁPOLIS,2,1,429.0,214.5,2588.0,1294.0,2,0,86,1
2020,SP,61310,AMERICANA,11,5,5819.0,529.0,85000.0,7727.272727272727,9,8,35,1
2020,SP,61336,AMÉRICO BRASILIENSE,1,1,271.0,271.0,5000.0,5000.0,0,1,2,1
2020,SP,61352,AMÉRICO DE CAMPOS,2,1,470.0,235.0,2750.0,1375.0,2,1,50,1
2020,SP,61379,AMPARO,1,1,440.0,440.0,12000.0,12000.0,0,1,16,1
2020,SP,61409,NOVAIS,2,1,445.0,222.5,3000.0,1500.0,2,1,90,1
2020,SP,61417,ANDRADINA,7,4,2956.0,422.2857142857143,105590.0,15084.285714285714,6,6,66,1
2020,SP,61425,NOVA CANAÃ PAULISTA,2,1,366.0,183.0,2500.0,1250.0,2,0,76,1
2020,SP,61433,ANGATUBA,4,2,1498.0,374.5,25000.0,6250.0,4,0,-302,1
2020,SP,61450,ANHEMBI,2,2,696.0,348.0,13000.0,6500.0,1,1,10,1
2020,SP,61468,UBARANA,2,1,529.0,264.5,2900.0,1450.0,2,1,86,1
2020,SP,61506,CAMPINA DO MONTE ALEGRE,4,2,1749.0,437.25,27500.0,6875.0,4,0,140,1
2020,SP,61514,APARECIDA D'OESTE,4,2,1162.0,290.5,24100.0,6025.0,4,3,84,1
2020,SP,61522,ASPÁSIA,3,2,563.0,187.66666666666666,4000.0,1333.3333333333333,3,2,86,1
2020,SP,61557,ARAÇATUBA,8,6,4127.0,515.875,75490.0,9436.25,4,7,41,1
2020,SP,61573,ARAÇOIABA DA SERRA,4,3,1930.0,482.5,45400.0,11350.0,2,3,50,1
2020,SP,61590,ARAMINA,6,2,1820.0,303.3333333333333,21100.0,3516.6666666666665,6,4,291,1
2020,SP,61638,ARARAQUARA,5,4,2726.0,545.2,37000.0,7400.0,2,5,28,1
2020,SP,61654,ARARAS,5,2,2828.0,565.6,48000.0,9600.0,4,2,257,1
2020,SP,61662,ESTIVA GERBI,1,1,452.0,452.0,4000.0,4000.0,1,1,4,1
2020,SP,61689,ENGENHEIRO COELHO,1,1,400.0,400.0,3000.0,3000.0,1,1,4,1
2020,SP,61719,AREIÓPOLIS,1,1,400.0,400.0,6000.0,6000.0,0,1,8,1
2020,SP,61727,HORTOLÂNDIA,3,3,1384.0,461.3333333333333,36800.0,12266.666666666666,3,3,18,1
2020,SP,61735,ARIRANHA,4,2,1209.0,302.25,42000.0,10500.0,4,3,92,1
2020,SP,61751,ARTUR NOGUEIRA,1,1,300.0,300.0,3000.0,3000.0,1,1,6,1
2020,SP,61760,ELISIÁRIO,2,1,425.0,212.5,2800.0,1400.0,2,1,86,1
2020,SP,61778,ARUJÁ,9,6,4492.0,499.1111111111111,85800.0,9533.333333333334,9,6,245,1
2020,SP,61808,PONTALINDA,2,1,415.0,207.5,2739.0,1369.5,2,0,82,1
2020,SP,61824,PARISI,2,1,507.0,253.5,2450.0,1225.0,2,1,69,1
2020,SP,61832,AURIFLAMA,1,1,400.0,400.0,9000.0,9000.0,0,1,9,1
2020,SP,61867,MARAPOAMA,2,1,409.0,204.5,2850.0,1425.0,2,1,99,1
2020,SP,61883,SÃO JOÃO DE IRACEMA,2,1,452.0,226.0,2433.0,1216.5,2,1,83,1
2020,SP,61891,AVARÉ,2,1,800.0,400.0,11000.0,5500.0,0,2,17,1
2020,SP,61905,SÃO LOURENÇO DA SERRA,1,1,350.0,350.0,5000.0,5000.0,1,0,-316,1
2020,SP,61913,BADY BASSITT,2,1,667.0,333.5,3450.0,1725.0,2,1,98,1
2020,SP,61921,ZACARIAS,4,1,1299.0,324.75,57600.0,14400.0,4,2,47,1
2020,SP,61956,BÁLSAMO,3,2,829.0,276.3333333333333,10250.0,3416.6666666666665,2,2,84,1
2020,SP,61964,MESÓPOLIS,2,1,378.0,189.0,2445.0,1222.5,2,0,76,1
2020,SP,61980,NOVA CAMPINA,1,1,300.0,300.0,5000.0,5000.0,0,1,13,1
2020,SP,61999,BARBOSA,1,1,290.0,290.0,500.0,500.0,1,1,9,1
2020,SP,62006,ILHA COMPRIDA,5,3,3203.0,640.6,31530.0,6306.0,4,2,280,1
2020,SP,62022,LOURDES,3,1,944.0,314.6666666666667,40800.0,13600.0,3,1,47,1
2020,SP,62057,BARRA BONITA,1,1,550.0,550.0,1750.0,1750.0,0,1,13,1
2020,SP,62081,BREJO ALEGRE,1,1,335.0,335.0,16800.0,16800.0,1,1,7,1
2020,SP,62090,BARRETOS,9,6,6017.0,668.5555555555555,53000.0,5888.888888888889,5,9,28,1
2020,SP,62103,CANAS,1,1,300.0,300.0,9000.0,9000.0,0,1,8,1
2020,SP,62111,BARRINHA,1,1,400.0,400.0,3000.0,3000.0,1,1,10,1
2020,SP,62138,BARUERI,2,2,993.0,496.5,17000.0,8500.0,1,1,87,1
2020,SP,62146,PRATÂNIA,1,1,302.0,302.0,5000.0,5000.0,0,1,7,1
2020,SP,62154,BASTOS,1,1,378.0,378.0,12800.0,12800.0,1,1,17,1
2020,SP,62197,BAURU,5,2,2808.0,561.6,40000.0,8000.0,4,3,50,1
2020,SP,62200,SANTA SALETE,2,1,401.0,200.5,2416.0,1208.0,2,0,88,1
2020,SP,62219,BEBEDOURO,7,4,3276.0,468.0,36500.0,5214.285714285715,3,6,102,1
2020,SP,62227,VITÓRIA BRASIL,2,1,385.0,192.5,2438.0,1219.0,2,0,81,1
2020,SP,62243,IPIGUÁ,4,2,928.0,232.0,6200.0,1550.0,4,3,85,1
2020,SP,62294,BIRIGUI,2,2,1211.0,605.5,3800.0,1900.0,2,2,20,1
2020,SP,62316,BIRITIBA MIRIM,2,2,680.0,340.0,17000.0,8500.0,1,1,46,1
2020,SP,62324,JUMIRIM,2,1,800.0,400.0,10000.0,5000.0,0,2,27,1
2020,SP,62383,OUROESTE,4,3,1247.0,311.75,8243.0,2060.75,3,2,70,1
2020,SP,62391,BOITUVA,4,3,1600.0,400.0,33500.0,8375.0,3,4,12,1
2020,SP,62413,BOM JESUS DOS PERDÕES,3,2,1607.0,535.6666666666666,31500.0,10500.0,3,3,23,1
2020,SP,62421,RIBEIRÃO DOS ÍNDIOS,2,2,408.0,204.0,5000.0,2500.0,1,2,21,1
2020,SP,62472,BORBOREMA,1,1,370.0,370.0,3150.0,3150.0,0,1,8,1
2020,SP,62570,BRODOWSKI,1,1,461.0,461.0,2500.0,2500.0,0,1,21,1
2020,SP,62634,BURITAMA,4,2,1496.0,374.0,71300.0,17825.0,4,2,42,1
2020,SP,62650,BURITIZAL,6,2,2110.0,351.6666666666667,20700.0,3450.0,5,3,259,1
2020,SP,62693,CABREÚVA,4,2,2000.0,500.0,25000.0,6250.0,4,2,36,1
2020,SP,62812,CAIEIRAS,2,2,840.0,420.0,18500.0,9250.0,2,1,42,1
2020,SP,62839,CAIUÁ,1,1,5000.0,5000.0,1.0,1.0,1,1,15,1
2020,SP,62855,CAJAMAR,1,1,400.0,400.0,7000.0,7000.0,1,0,36,1
2020,SP,62871,CAJOBI,4,3,1183.0,295.75,7500.0,1875.0,4,3,95,1
2020,SP,62910,CAMPINAS,26,6,19903.0,765.5,449780.0,17299.23076923077,16,13,241,1
2020,SP,62936,CAMPO LIMPO PAULISTA,2,1,1100.0,550.0,14000.0,7000.0,2,1,36,1
2020,SP,62979,CAMPOS NOVOS PAULISTA,3,2,864.0,288.0,15000.0,5000.0,2,3,9,1
2020,SP,62995,CANANÉIA,1,1,259.0,259.0,3500.0,3500.0,1,1,10,1
2020,SP,63010,CÂNDIDO MOTA,2,1,760.0,380.0,39200.0,19600.0,2,2,10,1
2020,SP,63053,CAPÃO BONITO,1,1,406.0,406.0,5500.0,5500.0,0,1,7,1
2020,SP,63070,CAPELA DO ALTO,1,1,300.0,300.0,3800.0,3800.0,1,1,12,1
2020,SP,63096,CAPIVARI,4,2,1584.0,396.0,28000.0,7000.0,3,2,240,1
2020,SP,63118,CARAGUATATUBA,10,6,4644.0,464.4,183640.0,18364.0,3,9,64,1
2020,SP,63134,CARAPICUÍBA,1,1,600.0,600.0,6000.0,6000.0,1,1,13,1
2020,SP,63150,CARDOSO,2,1,603.0,301.5,3400.0,1700.0,2,1,54,1
2020,SP,63215,CASTILHO,6,3,2189.0,364.8333333333333,95600.0,15933.333333333334,6,6,17,1
2020,SP,63231,CATANDUVA,11,5,5866.0,533.2727272727273,120400.0,10945.454545454546,8,10,100,1
2020,SP,63258,CATIGUÁ,2,1,507.0,253.5,2800.0,1400.0,2,1,95,1
2020,SP,63274,CEDRAL,5,2,1762.0,352.4,2009973.0,401994.6,5,1,85,1
2020,SP,63290,CERQUEIRA CÉSAR,1,1,385.0,385.0,1200.0,1200.0,1,1,16,1
2020,SP,63410,COLINA,1,1,300.0,300.0,5800.0,5800.0,1,1,17,1
2020,SP,63436,COLÔMBIA,7,3,2240.0,320.0,26700.0,3814.285714285714,5,3,289,1
2020,SP,63452,CONCHAL,1,1,440.0,440.0,12000.0,12000.0,1,1,5,1
2020,SP,63533,CORONEL MACEDO,2,1,490.0,245.0,13000.0,6500.0,0,2,19,1
2020,SP,63576,COSMÓPOLIS,1,1,440.0,440.0,12000.0,12000.0,1,1,19,1
2020,SP,63592,COSMORAMA,2,1,494.0,247.0,2930.0,1465.0,2,1,76,1
2020,SP,63614,COTIA,5,3,2300.0,460.0,32000.0,6400.0,5,4,79,1
2020,SP,63630,CRAVINHOS,1,1,400.0,400.0,10000.0,10000.0,0,1,8,1
2020,SP,63657,CRISTAIS PAULISTA,4,2,950.0,237.5,14600.0,3650.0,4,2,301,1
2020,SP,63673,CRUZÁLIA,1,1,222.0,222.0,2000.0,2000.0,1,1,8,1
2020,SP,63711,CUBATÃO,12,6,9231.0,769.25,69400.0,5783.333333333333,8,4,163,1
2020,SP,63754,DESCALVADO,2,2,711.0,355.5,17000.0,8500.0,1,2,4,1
2020,SP,63770,DIADEMA,13,8,13277.0,1021.3076923076923,120510.0,9270.0,12,5,163,1
2020,SP,63819,DOBRADA,2,2,733.0,366.5,5000.0,2500.0,1,2,15,1
2020,SP,63851,DOLCINÓPOLIS,3,2,635.0,211.66666666666666,5461.0,1820.3333333333333,3,2,76,1
2020,SP,63894,DRACENA,2,2,629.0,314.5,15800.0,7900.0,2,2,17,1
2020,SP,64050,ESTRELA D'OESTE,2,1,530.0,265.0,2840.0,1420.0,2,1,88,1
2020,SP,64092,FARTURA,2,2,646.0,323.0,7700.0,3850.0,1,2,12,1
2020,SP,64114,FERNANDÓPOLIS,7,5,3318.0,474.0,33382.0,4768.857142857143,6,6,79,1
2020,SP,64130,FERNANDO PRESTES,3,2,820.0,273.3333333333333,5700.0,1900.0,3,1,76,1
2020,SP,64157,FERRAZ DE VASCONCELOS,5,3,2300.0,460.0,31000.0,6200.0,4,4,57,1
2020,SP,64173,FLORA RICA,1,1,316.0,316.0,12800.0,12800.0,1,1,17,1
2020,SP,64190,FLOREAL,2,1,430.0,215.0,2524.0,1262.0,2,1,76,1
2020,SP,64211,FLÓRIDA PAULISTA,1,1,374.0,374.0,12800.0,12800.0,1,1,17,1
2020,SP,64238,FLORÍNEA,6,3,1922.0,320.3333333333333,86800.0,14466.666666666666,5,6,25,1
2020,SP,64254,FRANCA,4,4,2563.0,640.75,28423.25,7105.8125,3,3,36,1
2020,SP,64270,FRANCISCO MORATO,1,1,400.0,400.0,6500.0,6500.0,1,0,42,1
2020,SP,64297,FRANCO DA ROCHA,1,1,400.0,400.0,6500.0,6500.0,1,0,42,1
2020,SP,64394,GENERAL SALGADO,1,1,218.0,218.0,1116.0,1116.0,1,1,26,1
2020,SP,64491,GUAÍRA,7,6,3091.0,441.57142857142856,56600.0,8085.714285714285,3,2,7,1
2020,SP,64513,GUAPIAÇU,4,3,1446.0,361.5,19500.0,4875.0,3,2,103,1
2020,SP,64530,GUAPIARA,1,1,375.0,375.0,7000.0,7000.0,0,1,6,1
2020,SP,64556,GUARÁ,2,1,1664.0,832.0,8200.0,4100.0,2,1,48,1
2020,SP,64599,GUARACI,4,2,1506.0,376.5,7950.0,1987.5,2,3,87,1
2020,SP,64610,GUARANI D'OESTE,3,2,534.0,178.0,3452.0,1150.6666666666667,3,1,98,1
2020,SP,64637,GUARANTÃ,1,1,300.0,300.0,5000.0,5000.0,0,1,6,1
2020,SP,64653,GUARARAPES,3,2,940.0,313.3333333333333,12500.0,4166.666666666667,1,3,24,1
2020,SP,64670,GUARAREMA,2,1,700.0,350.0,20000.0,10000.0,1,1,46,1
2020,SP,64734,GUARIBA,3,2,1541.0,513.6666666666666,10000.0,3333.3333333333335,1,3,16,1
2020,SP,64750,GUARUJÁ,11,5,10048.0,913.4545454545455,68560.0,6232.727272727273,8,6,100,1
2020,SP,64777,GUARULHOS,24,9,21500.0,895.8333333333334,459470.9,19144.620833333334,14,11,241,1
2020,SP,64815,HERCULÂNDIA,1,1,400.0,400.0,5000.0,5000.0,0,1,5,1
2020,SP,64890,IBIRÁ,1,1,341.0,341.0,2000.0,2000.0,1,0,78,1
2020,SP,64912,IBIRAREMA,2,1,800.0,400.0,10000.0,5000.0,0,1,52,1
2020,SP,64971,ICÉM,2,1,560.0,280.0,2820.0,1410.0,2,1,100,1
2020,SP,65030,IGARAPAVA,2,2,805.0,402.5,21500.0,10750.0,1,2,6,1
2020,SP,65056,IGARATÁ,2,2,760.0,380.0,20000.0,10000.0,2,2,15,1
2020,SP,65099,ILHABELA,14,7,6550.0,467.85714285714283,164480.0,11748.57142857143,8,11,80,1
2020,SP,65110,INDAIATUBA,5,2,2380.0,476.0,51000.0,10200.0,4,3,35,1
2020,SP,65153,INDIAPORÃ,2,2,450.0,225.0,3500.0,1750.0,1,1,86,1
2020,SP,65196,IPAUSSU,4,3,1575.0,393.75,15000.0,3750.0,3,2,44,1
2020,SP,65277,IPUÃ,2,1,597.0,298.5,6800.0,3400.0,2,2,18,1
2020,SP,65315,IRAPUÃ,3,2,864.0,288.0,5100.0,1700.0,3,1,39,1
2020,SP,65331,IRAPURU,3,3,942.0,314.0,24800.0,8266.666666666666,1,3,6,1
2020,SP,65358,ITABERÁ,1,1,385.0,385.0,1200.0,1200.0,1,1,9,1
2020,SP,65374,ITAÍ,1,1,400.0,400.0,700.0,700.0,1,1,20,1
2020,SP,65390,ITAJOBI,9,4,3245.0,360.55555555555554,129544.0,14393.777777777777,9,6,104,1
2020,SP,65439,ITANHAÉM,17,6,11500.0,676.4705882352941,101260.0,5956.470588235294,14,10,305,1
2020,SP,65471,ITAPETININGA,1,1,600.0,600.0,15000.0,15000.0,0,1,7,1
2020,SP,65510,ITAPEVI,1,1,504.0,504.0,42000.0,42000.0,0,0,52,1
2020,SP,65552,ITÁPOLIS,1,1,400.0,400.0,8000.0,8000.0,1,1,7,1
2020,SP,65579,ITAPORANGA,4,3,1461.0,365.25,11000.0,2750.0,3,4,30,1
2020,SP,65633,ITAQUAQUECETUBA,4,3,2344.0,586.0,30000.0,7500.0,3,4,27,1
2020,SP,65650,ITARARÉ,2,2,700.0,350.0,17500.0,8750.0,0,2,16,1
2020,SP,65676,ITARIRI,2,1,1860.0,930.0,6194.15,3097.075,2,1,45,1
2020,SP,65692,ITATIBA,2,1,800.0,400.0,14000.0,7000.0,2,1,36,1
2020,SP,65730,ITIRAPINA,1,1,612.0,612.0,3900.0,3900.0,0,1,14,1
2020,SP,65757,ITIRAPUÃ,2,1,365.0,182.5,5500.0,2750.0,2,1,246,1
2020,SP,65773,ITOBI,2,2,616.0,308.0,22800.0,11400.0,2,2,8,1
2020,SP,65790,ITU,4,3,3850.0,962.5,53000.0,13250.0,1,3,233,1
2020,SP,65811,ITUPEVA,7,5,3134.0,447.7142857142857,50750.0,7250.0,4,5,105,1
2020,SP,65838,ITUVERAVA,1,1,400.0,400.0,4500.0,4500.0,1,0,41,1
2020,SP,65854,JABORANDI,2,1,450.0,225.0,6000.0,3000.0,1,2,17,1
2020,SP,65870,JABOTICABAL,3,3,1500.0,500.0,6100.0,2033.3333333333333,3,3,10,1
2020,SP,65897,JACAREÍ,2,2,946.0,473.0,37800.0,18900.0,2,0,82,1
2020,SP,65919,JACI,2,1,477.0,238.5,2850.0,1425.0,2,1,79,1
2020,SP,65951,JAGUARIÚNA,2,1,940.0,470.0,9000.0,4500.0,1,1,45,1
2020,SP,65978,JALES,7,4,2660.0,380.0,23500.0,3357.1428571428573,3,6,97,1
2020,SP,66010,JANDIRA,2,2,800.0,400.0,13000.0,6500.0,2,1,51,1
2020,SP,66036,JARDINÓPOLIS,1,1,602.0,602.0,3500.0,3500.0,0,1,8,1
2020,SP,66052,JARINU,1,1,403.0,403.0,7000.0,7000.0,1,0,36,1
2020,SP,66079,JAÚ,1,1,480.0,480.0,2200.0,2200.0,1,1,11,1
2020,SP,66095,JERIQUARA,3,1,480.0,160.0,10600.0,3533.3333333333335,3,0,129,1
2020,SP,66150,JOSÉ BONIFÁCIO,9,4,3795.0,421.6666666666667,50800.0,5644.444444444444,9,7,288,1
2020,SP,66192,JUNDIAÍ,5,3,2890.0,578.0,34500.0,6900.0,5,2,41,1
2020,SP,66214,JUNQUEIRÓPOLIS,1,1,377.0,377.0,12800.0,12800.0,1,1,17,1
2020,SP,66230,JUQUIÁ,1,1,246.0,246.0,3000.0,3000.0,1,1,9,1
2020,SP,66257,JUQUITIBA,2,1,800.0,400.0,11500.0,5750.0,2,1,42,1
2020,SP,66290,LARANJAL PAULISTA,4,2,1870.0,467.5,28500.0,7125.0,2,3,77,1
2020,SP,66311,LAVÍNIA,1,1,250.0,250.0,500.0,500.0,1,1,14,1
2020,SP,66338,LAVRINHAS,1,1,441.0,441.0,6000.0,6000.0,1,0,74,1
2020,SP,66354,LEME,9,3,4524.0,502.6666666666667,102000.0,11333.333333333334,1,2,56,1
2020,SP,66370,LENÇÓIS PAULISTA,1,1,950.0,950.0,12000.0,12000.0,0,1,5,1
2020,SP,66397,LIMEIRA,8,6,4500.0,562.5,61000.0,7625.0,8,5,43,1
2020,SP,66435,LINS,3,2,1120.0,373.3333333333333,11900.0,3966.6666666666665,2,3,20,1
2020,SP,66451,LORENA,2,2,897.0,448.5,20000.0,10000.0,1,2,17,1
2020,SP,66478,LOUVEIRA,11,7,4421.0,401.90909090909093,95800.0,8709.09090909091,10,10,35,1
2020,SP,66494,LUCÉLIA,2,2,697.0,348.5,17800.0,8900.0,1,2,17,1
2020,SP,66532,LUÍS ANTÔNIO,3,2,1118.0,372.6666666666667,9000.0,3000.0,1,2,60,1
2020,SP,66630,MACAUBAL,2,1,511.0,255.5,3000.0,1500.0,2,1,95,1
2020,SP,66656,MACEDÔNIA,3,2,593.0,197.66666666666666,4050.0,1350.0,2,1,86,1
2020,SP,66672,MAGDA,2,1,417.0,208.5,2490.0,1245.0,2,1,76,1
2020,SP,66710,MAIRIPORÃ,5,3,2410.0,482.0,24000.0,4800.0,1,3,39,1
2020,SP,66770,MARACAÍ,1,1,372.0,372.0,16000.0,16000.0,1,0,45,1
2020,SP,66796,MARIÁPOLIS,2,2,461.0,230.5,4000.0,2000.0,2,1,76,1
2020,SP,66818,MARÍLIA,1,1,500.0,500.0,5000.0,5000.0,1,1,22,1
2020,SP,66834,MARINÓPOLIS,2,1,380.0,190.0,2600.0,1300.0,2,1,76,1
2020,SP,66850,MARTINÓPOLIS,1,1,1800.0,1800.0,4200.0,4200.0,0,1,11,1
2020,SP,66877,MATÃO,1,1,351.0,351.0,6000.0,6000.0,0,1,8,1
2020,SP,66893,MAUÁ,7,4,3704.0,529.1428571428571,74730.0,10675.714285714286,4,4,37,1
2020,SP,66915,MENDONÇA,2,1,523.0,261.5,2698.0,1349.0,2,0,98,1
2020,SP,66931,MERIDIANO,4,3,1024.0,256.0,9050.0,2262.5,4,3,78,1
2020,SP,66958,MIGUELÓPOLIS,6,2,2410.0,401.6666666666667,28600.0,4766.666666666667,3,1,296,1
2020,SP,66990,MIRACATU,1,1,1060.0,1060.0,3530.0,3530.0,1,0,43,1
2020,SP,67016,MIRA ESTRELA,1,1,250.0,250.0,2000.0,2000.0,1,0,85,1
2020,SP,67075,MIRASSOL,3,2,1257.0,419.0,14500.0,4833.333333333333,2,2,93,1
2020,SP,67091,MIRASSOLÂNDIA,5,3,1380.0,276.0,9450.0,1890.0,5,3,94,1
2020,SP,67130,MOGI DAS CRUZES,15,9,8861.0,590.7333333333333,133800.0,8920.0,9,4,131,1
2020,SP,67156,MOGI GUAÇU,3,2,1240.0,413.3333333333333,18500.0,6166.666666666667,3,3,12,1
2020,SP,67172,MOGI MIRIM,6,5,2510.0,418.3333333333333,79200.0,13200.0,4,5,77,1
2020,SP,67237,MONGAGUÁ,12,5,9979.0,831.5833333333334,71760.0,5980.0,9,5,209,1
2020,SP,67296,MONTE APRAZÍVEL,4,3,1740.0,435.0,15500.0,3875.0,4,3,90,1
2020,SP,67318,MONTE AZUL PAULISTA,5,3,2128.0,425.6,46000.0,9200.0,5,4,85,1
2020,SP,67377,MONTE MOR,3,3,1270.0,423.3333333333333,15000.0,5000.0,2,3,11,1
2020,SP,67393,MORRO AGUDO,6,2,2550.0,425.0,41100.0,6850.0,4,4,256,1
2020,SP,67512,NEVES PAULISTA,2,1,530.0,265.0,3200.0,1600.0,2,1,84,1
2020,SP,67539,NHANDEARA,2,1,606.0,303.0,2950.0,1475.0,2,0,51,1
2020,SP,67555,NIPOÃ,2,1,450.0,225.0,2700.0,1350.0,2,1,93,1
2020,SP,67571,NOVA ALIANÇA,6,4,2003.0,333.8333333333333,78300.0,13050.0,6,5,76,1
2020,SP,67610,NOVA GRANADA,3,2,1161.0,387.0,12800.0,4266.666666666667,2,2,51,1
2020,SP,67679,NOVA LUZITÂNIA,1,1,337.0,337.0,8000.0,8000.0,1,1,7,1
2020,SP,67695,NOVA ODESSA,2,1,800.0,400.0,6000.0,3000.0,2,2,7,1
2020,SP,67717,NOVO HORIZONTE,4,2,1682.0,420.5,43200.0,10800.0,4,3,96,1
2020,SP,67733,NUPORANGA,4,2,1150.0,287.5,17300.0,4325.0,2,3,253,1
2020,SP,67792,OLÍMPIA,5,4,2456.0,491.2,22800.0,4560.0,3,2,138,1
2020,SP,67814,ONDA VERDE,4,3,943.0,235.75,8122.0,2030.5,4,3,47,1
2020,SP,67830,ORIENTE,3,2,1024.0,341.3333333333333,35100.0,11700.0,2,3,17,1
2020,SP,67857,ORINDIÚVA,3,2,791.0,263.6666666666667,4750.0,1583.3333333333333,3,2,85,1
2020,SP,67873,ORLÂNDIA,1,1,400.0,400.0,5800.0,5800.0,1,1,19,1
2020,SP,67890,OSASCO,5,4,3600.0,720.0,32000.0,6400.0,5,3,43,1
2020,SP,67938,OSVALDO CRUZ,1,1,380.0,380.0,12800.0,12800.0,1,1,17,1
2020,SP,67954,OURINHOS,2,2,928.0,464.0,12000.0,6000.0,1,2,21,1
2020,SP,67997,PACAEMBU,1,1,243.0,243.0,2500.0,2500.0,1,1,4,1
2020,SP,68012,PALESTINA,3,2,993.0,331.0,12210.0,4070.0,2,1,88,1
2020,SP,68039,PALMARES PAULISTA,4,2,1057.0,264.25,11555.0,2888.75,3,3,89,1
2020,SP,68055,PALMEIRA D'OESTE,4,2,1057.0,264.25,16613.0,4153.25,4,2,81,1
2020,SP,68071,PALMITAL,1,1,301.0,301.0,5000.0,5000.0,1,1,2,1
2020,SP,68098,PANORAMA,2,2,615.0,307.5,14170.0,7085.0,2,2,17,1
2020,SP,68110,PARAGUAÇU PAULISTA,2,1,812.0,406.0,10000.0,5000.0,0,2,21,1
2020,SP,68136,PARAIBUNA,1,1,400.0,400.0,8000.0,8000.0,1,1,11,1
2020,SP,68152,PARAÍSO,2,1,464.0,232.0,3000.0,1500.0,2,1,76,1
2020,SP,68179,PARANAPANEMA,5,3,2064.0,412.8,23500.0,4700.0,4,5,30,1
2020,SP,68195,PARANAPUÃ,2,1,435.0,217.5,2604.0,1302.0,2,1,78,1
2020,SP,68276,PATROCÍNIO PAULISTA,1,1,350.0,350.0,6400.0,6400.0,1,0,245,1
2020,SP,68292,PAULICÉIA,1,1,363.0,363.0,12800.0,12800.0,1,1,17,1
2020,SP,68314,PAULÍNIA,8,2,4574.0,571.75,70000.0,8750.0,7,5,273,1
2020,SP,68330,PAULO DE FARIA,2,1,662.0,331.0,2840.0,1420.0,2,1,104,1
2020,SP,68390,PEDRANÓPOLIS,4,3,729.0,182.25,6992.0,1748.0,3,2,84,1
2020,SP,68411,PEDREGULHO,2,1,550.0,275.0,9600.0,4800.0,2,1,33,1
2020,SP,68470,PENÁPOLIS,3,2,1500.0,500.0,9600.0,3200.0,2,3,18,1
2020,SP,68535,PERUÍBE,10,6,7082.0,708.2,46760.0,4676.0,7,5,100,1
2020,SP,68616,PINDAMONHANGABA,2,2,1000.0,500.0,11000.0,5500.0,2,1,39,1
2020,SP,68632,PINDORAMA,4,2,1213.0,303.25,36100.0,9025.0,4,3,64,1
2020,SP,68659,ESPÍRITO SANTO DO PINHAL,1,1,400.0,400.0,4000.0,4000.0,1,1,9,1
2020,SP,68691,PIQUEROBI,2,2,395.0,197.5,2576.0,1288.0,2,2,11,1
2020,SP,68756,PIRACICABA,5,4,2820.0,564.0,33000.0,6600.0,4,4,39,1
2020,SP,68810,PIRANGI,3,2,903.0,301.0,6000.0,2000.0,3,2,87,1
2020,SP,68837,PIRAPORA DO BOM JESUS,5,2,2000.0,400.0,26000.0,5200.0,5,4,191,1
2020,SP,68870,PIRASSUNUNGA,2,2,878.0,439.0,33900.0,16950.0,2,2,9,1
2020,SP,68918,PITANGUEIRAS,1,1,300.0,300.0,2500.0,2500.0,1,1,9,1
2020,SP,68934,PLANALTO,9,4,2954.0,328.22222222222223,85450.0,9494.444444444445,9,5,98,1
2020,SP,68977,POÁ,7,5,3016.0,430.85714285714283,58000.0,8285.714285714286,6,7,27,1
2020,SP,68993,POLONI,2,1,459.0,229.5,3000.0,1500.0,2,1,62,1
2020,SP,69019,POMPÉIA,4,3,1531.0,382.75,58500.0,14625.0,3,4,17,1
2020,SP,69051,PONTAL,3,3,1630.0,543.3333333333334,7507.0,2502.3333333333335,3,2,195,1
2020,SP,69078,PONTES GESTAL,2,1,366.0,183.0,2450.0,1225.0,2,1,82,1
2020,SP,69094,POPULINA,2,1,433.0,216.5,2618.0,1309.0,2,0,89,1
2020,SP,69159,PORTO FERREIRA,1,1,381.0,381.0,16800.0,16800.0,1,1,4,1
2020,SP,69175,POTIRENDABA,6,3,2712.0,452.0,76376.0,12729.333333333334,6,4,92,1
2020,SP,69213,PRAIA GRANDE,20,7,22818.0,1140.9,128480.0,6424.0,16,7,101,1
2020,SP,69272,PRESIDENTE EPITÁCIO,1,1,591.0,591.0,7500.0,7500.0,0,1,4,1
2020,SP,69299,PRESIDENTE PRUDENTE,2,1,1162.0,581.0,24000.0,12000.0,2,2,28,1
2020,SP,69310,PRESIDENTE VENCESLAU,2,2,950.0,475.0,16700.0,8350.0,0,2,16,1
2020,SP,69337,PROMISSÃO,4,2,1465.0,366.25,14000.0,3500.0,2,3,37,1
2020,SP,69418,QUINTANA,3,2,1024.0,341.3333333333333,44700.0,14900.0,2,3,23,1
2020,SP,69450,RANCHARIA,1,1,380.0,380.0,12800.0,12800.0,1,1,17,1
2020,SP,69558,RESTINGA,1,1,200.0,200.0,3800.0,3800.0,1,1,5,1
2020,SP,69612,RIBEIRÃO BRANCO,1,1,430.0,430.0,5000.0,5000.0,0,1,3,1
2020,SP,69639,RIBEIRÃO CORRENTE,3,1,740.0,246.66666666666666,10600.0,3533.3333333333335,3,2,50,1
2020,SP,69671,RIBEIRÃO PIRES,8,8,4618.0,577.25,83360.0,10420.0,6,3,58,1
2020,SP,69698,RIBEIRÃO PRETO,9,4,4984.0,553.7777777777778,269456.0,29939.555555555555,3,3,58,1
2020,SP,69736,RIFAINA,1,1,250.0,250.0,2500.0,2500.0,1,1,6,1
2020,SP,69795,RIO CLARO,7,4,3892.0,556.0,74000.0,10571.42857142857,0,4,250,1
2020,SP,69817,RIO DAS PEDRAS,2,2,840.0,420.0,23200.0,11600.0,0,2,6,1
2020,SP,69833,RIO GRANDE DA SERRA,3,3,1274.0,424.6666666666667,45480.0,15160.0,1,3,19,1
2020,SP,69850,RIOLÂNDIA,3,2,857.0,285.6666666666667,6350.0,2116.6666666666665,3,1,77,1
2020,SP,69914,RUBINÉIA,4,2,1070.0,267.5,17533.0,4383.25,2,2,82,1
2020,SP,69973,SALES,2,1,536.0,268.0,2761.0,1380.5,2,0,46,1
2020,SP,69990,SALES OLIVEIRA,2,2,550.0,275.0,6300.0,3150.0,2,2,19,1
2020,SP,70050,SALTO,1,1,472.0,472.0,8000.0,8000.0,1,1,6,1
2020,SP,70130,SANTA ADÉLIA,7,3,2506.0,358.0,92100.0,13157.142857142857,7,5,95,1
2020,SP,70157,SANTA ALBERTINA,3,1,763.0,254.33333333333334,4690.0,1563.3333333333333,3,0,91,1
2020,SP,70173,SANTA BÁRBARA D'OESTE,4,2,8300.0,2075.0,31500.0,7875.0,3,4,28,1
2020,SP,70238,SANTA CLARA D'OESTE,2,1,424.0,212.0,2461.0,1230.5,2,0,103,1
2020,SP,70270,SANTA CRUZ DAS PALMEIRAS,2,2,888.0,444.0,18500.0,9250.0,1,2,10,1
2020,SP,70297,SANTA CRUZ DO RIO PARDO,1,1,468.0,468.0,5000.0,5000.0,1,1,6,1
2020,SP,70319,SANTA ERNESTINA,1,1,324.0,324.0,2500.0,2500.0,1,1,7,1
2020,SP,70335,SANTA FÉ DO SUL,3,2,1259.0,419.6666666666667,16300.0,5433.333333333333,2,2,81,1
2020,SP,70378,SANTA ISABEL,4,2,1680.0,420.0,47000.0,11750.0,2,3,46,1
2020,SP,70432,SANTA MERCEDES,1,1,165.0,165.0,520.0,520.0,1,1,11,1
2020,SP,70459,SANTANA DA PONTE PENSA,2,1,381.0,190.5,2750.0,1375.0,2,1,103,1
2020,SP,70475,SANTANA DE PARNAÍBA,2,1,795.0,397.5,16000.0,8000.0,2,1,104,1
2020,SP,70491,SANTA RITA D'OESTE,3,2,715.0,238.33333333333334,10400.0,3466.6666666666665,2,2,103,1
2020,SP,70556,SANTO ANASTÁCIO,1,1,246.0,246.0,2000.0,2000.0,1,1,9,1
2020,SP,70572,SANTO ANDRÉ,5,5,4802.0,960.4,80160.0,16032.0,3,2,204,1
2020,SP,70599,SANTO ANTÔNIO DA ALEGRIA,2,2,642.0,321.0,5500.0,2750.0,1,2,15,1
2020,SP,70610,SANTO ANTÔNIO DE POSSE,2,1,801.0,400.5,12000.0,6000.0,2,2,11,1
2020,SP,70653,SANTO ANTÔNIO DO PINHAL,2,1,700.0,350.0,7400.0,3700.0,2,0,150,1
2020,SP,70718,SANTOS,31,10,32140.0,1036.774193548387,262640.9,8472.287096774195,23,15,297,1
2020,SP,70750,SÃO BERNARDO DO CAMPO,6,5,3904.0,650.6666666666666,121820.0,20303.333333333332,3,4,43,1
2020,SP,70777,SÃO CAETANO DO SUL,9,5,4610.0,512.2222222222222,179238.0,19915.333333333332,3,9,23,1
2020,SP,70793,SÃO CARLOS,5,4,2353.0,470.6,22200.0,4440.0,2,3,256,1
2020,SP,70815,SÃO FRANCISCO,3,2,628.0,209.33333333333334,5014.0,1671.3333333333333,3,1,95,1
2020,SP,70831,SÃO JOÃO DA BOA VISTA,1,1,400.0,400.0,20400.0,20400.0,0,1,9,1
2020,SP,70858,SÃO JOÃO DAS DUAS PONTES,1,1,246.0,246.0,2000.0,2000.0,1,0,84,1
2020,SP,70890,SÃO JOAQUIM DA BARRA,2,2,1000.0,500.0,8300.0,4150.0,1,2,19,1
2020,SP,70912,SÃO JOSÉ DA BELA VISTA,7,1,1760.0,251.42857142857142,26400.0,3771.4285714285716,6,2,293,1
2020,SP,70971,SÃO JOSÉ DO RIO PRETO,9,6,5724.0,636.0,111000.0,12333.333333333334,5,4,80,1
2020,SP,70998,SÃO JOSÉ DOS CAMPOS,4,2,2664.0,666.0,119201.2,29800.3,0,2,156,1
2020,SP,71030,SÃO MANUEL,1,1,520.0,520.0,5000.0,5000.0,0,1,7,1
2020,SP,71056,SÃO MIGUEL ARCANJO,1,1,379.0,379.0,4600.0,4600.0,1,1,7,1
2020,SP,71072,SÃO PAULO,70,11,93099.0,1329.9857142857143,2897714.04,41395.91485714286,35,30,310,1
2020,SP,71153,SÃO SEBASTIÃO,6,5,2768.0,461.3333333333333,61500.0,10250.0,2,3,131,1
2020,SP,71196,SÃO SIMÃO,1,1,420.0,420.0,3000.0,3000.0,1,1,9,1
2020,SP,71218,SÃO VICENTE,17,8,16886.0,993.2941176470588,118930.0,6995.882352941177,14,6,100,1
2020,SP,71250,SARUTAIÁ,1,1,346.0,346.0,1200.0,1200.0,1,1,14,1
2020,SP,71277,SEBASTIANÓPOLIS DO SUL,2,1,419.0,209.5,2550.0,1275.0,2,1,79,1
2020,SP,71293,SERRA AZUL,1,1,446.0,446.0,5000.0,5000.0,1,1,22,1
2020,SP,71331,SERRA NEGRA,1,1,465.0,465.0,8000.0,8000.0,0,1,11,1
2020,SP,71358,SERTÃOZINHO,4,4,2340.0,585.0,69036.0,17259.0,1,4,26,1
2020,SP,71390,SEVERÍNIA,4,3,1344.0,336.0,15500.0,3875.0,4,3,100,1
2020,SP,71455,SOROCABA,14,6,8010.0,572.1428571428571,114000.0,8142.857142857143,12,8,58,1
2020,SP,71498,SUMARÉ,5,2,2996.0,599.2,48000.0,9600.0,3,3,271,1
2020,SP,71510,SUZANO,6,5,3199.0,533.1666666666666,65500.0,10916.666666666666,5,5,208,1
2020,SP,71536,TABAPUÃ,3,2,893.0,297.6666666666667,6000.0,2000.0,3,2,97,1
2020,SP,71579,TABOÃO DA SERRA,3,3,1695.0,565.0,26500.0,8833.333333333334,2,1,76,1
2020,SP,71595,TACIBA,1,1,400.0,400.0,6000.0,6000.0,0,1,19,1
2020,SP,71617,TAGUAÍ,3,3,1021.0,340.3333333333333,13000.0,4333.333333333333,1,2,31,1
2020,SP,71633,TAIAÇU,2,1,523.0,261.5,2766.0,1383.0,2,0,86,1
2020,SP,71650,TAIÚVA,3,2,814.0,271.3333333333333,5721.0,1907.0,3,1,86,1
2020,SP,71692,TANABI,8,5,3003.0,375.375,37350.0,4668.75,5,4,87,1
2020,SP,71838,TAUBATÉ,6,5,4236.0,706.0,126830.0,21138.333333333332,3,3,60,1
2020,SP,71994,TRÊS FRONTEIRAS,1,1,278.0,278.0,2000.0,2000.0,1,0,86,1
2020,SP,72010,TUPÃ,1,1,382.0,382.0,12800.0,12800.0,1,1,17,1
2020,SP,72036,TUPI PAULISTA,1,1,375.0,375.0,12800.0,12800.0,1,1,17,1
2020,SP,72052,TURIÚBA,4,1,1280.0,320.0,57600.0,14400.0,4,2,47,1
2020,SP,72079,TURMALINA,2,1,388.0,194.0,2438.0,1219.0,2,1,86,1
2020,SP,72095,UBATUBA,7,5,3255.0,465.0,58300.0,8328.57142857143,3,7,24,1
2020,SP,72133,UCHOA,3,2,875.0,291.6666666666667,6054.0,2018.0,3,1,83,1
2020,SP,72150,UNIÃO PAULISTA,1,1,238.0,238.0,2000.0,2000.0,1,0,86,1
2020,SP,72176,URÂNIA,2,1,527.0,263.5,2987.0,1493.5,2,1,92,1
2020,SP,72214,URUPÊS,2,1,629.0,314.5,3325.0,1662.5,2,0,104,1
2020,SP,72230,VALENTIM GENTIL,5,3,1858.0,371.6,15450.0,3090.0,5,3,92,1
2020,SP,72257,VALINHOS,5,3,2224.0,444.8,48000.0,9600.0,5,3,32,1
2020,SP,72273,VALPARAÍSO,2,2,646.0,323.0,7000.0,3500.0,2,2,6,1
2020,SP,72311,VARGEM GRANDE DO SUL,2,1,760.0,380.0,37680.0,18840.0,2,1,33,1
2020,SP,72338,VÁRZEA PAULISTA,6,3,2602.0,433.6666666666667,37500.0,6250.0,6,5,36,1
2020,SP,72354,VERA CRUZ,1,1,420.0,420.0,5000.0,5000.0,0,1,10,1
2020,SP,72370,VINHEDO,5,3,2080.0,416.0,41000.0,8200.0,5,4,36,1
2020,SP,72397,VIRADOURO,1,1,400.0,400.0,11000.0,11000.0,0,1,16,1
2020,SP,72419,VISTA ALEGRE DO ALTO,4,1,1118.0,279.5,6909.0,1727.25,4,0,94,1
2020,SP,72435,VOTORANTIM,1,1,400.0,400.0,5000.0,5000.0,1,1,5,1
2020,SP,72451,VOTUPORANGA,4,3,2151.0,537.75,37500.0,9375.0,2,3,76,1
2020,SP,72737,VARGEM GRANDE PAULISTA,5,3,2400.0,480.0,32000.0,6400.0,4,4,31,1
2020,TO,73008,ABREULÂNDIA,4,3,938.0,234.5,8300.0,2075.0,4,3,215,1
2020,TO,73024,RIACHINHO,2,2,699.0,349.5,6000.0,3000.0,2,2,9,1
2020,TO,73032,DARCINÓPOLIS,1,1,100.0,100.0,3500.0,3500.0,0,0,47,1
2020,TO,73040,PALMEIRAS DO TOCANTINS,9,7,3404.0,378.22222222222223,26000.0,2888.8888888888887,8,7,121,1
2020,TO,73059,MAURILÂNDIA DO TOCANTINS,2,2,847.0,423.5,6500.0,3250.0,2,2,9,1
2020,TO,73067,CACHOEIRINHA,1,1,150.0,150.0,3000.0,3000.0,1,1,16,1
2020,TO,73075,ANGICO,2,2,550.0,275.0,4500.0,2250.0,1,2,4,1
2020,TO,73083,PALMEIRANTE,1,1,250.0,250.0,1600.0,1600.0,1,1,7,1
2020,TO,73091,CAMPOS LINDOS,6,5,1870.0,311.6666666666667,30000.0,5000.0,6,6,28,1
2020,TO,73105,SÃO FÉLIX DO TOCANTINS,2,1,600.0,300.0,6000.0,3000.0,2,1,48,1
2020,TO,73113,LAGOA DO TOCANTINS,3,3,745.0,248.33333333333334,12000.0,4000.0,3,3,10,1
2020,TO,73121,BOM JESUS DO TOCANTINS,3,3,720.0,240.0,13000.0,4333.333333333333,2,2,35,1
2020,TO,73130,SANTA MARIA DO TOCANTINS,2,2,441.0,220.5,5500.0,2750.0,1,2,17,1
2020,TO,73148,NOVO ALEGRE,2,2,440.0,220.0,8000.0,4000.0,2,2,19,1
2020,TO,73156,SANDOLÂNDIA,1,1,130.0,130.0,3000.0,3000.0,1,1,24,1
2020,TO,73164,TAIPAS DO TOCANTINS,1,1,137.0,137.0,4000.0,4000.0,1,0,31,1
2020,TO,73180,SÃO MIGUEL DO TOCANTINS,6,5,1452.0,242.0,18000.0,3000.0,5,4,125,1
2020,TO,73199,FORTALEZA DO TABOCÃO,3,2,631.0,210.33333333333334,9800.0,3266.6666666666665,3,3,10,1
2020,TO,73210,CENTENÁRIO,1,1,200.0,200.0,3000.0,3000.0,1,1,6,1
2020,TO,73229,RECURSOLÂNDIA,5,2,1450.0,290.0,23000.0,4600.0,5,5,28,1
2020,TO,73245,BRASILÂNDIA DO TOCANTINS,2,2,290.0,145.0,5000.0,2500.0,1,1,33,1
2020,TO,73261,PAU D'ARCO,1,1,300.0,300.0,3500.0,3500.0,0,1,7,1
2020,TO,73288,SÃO BENTO DO TOCANTINS,4,4,1523.0,380.75,14500.0,3625.0,3,3,83,1
2020,TO,73296,ESPERANTINA,1,1,256.0,256.0,4000.0,4000.0,1,1,3,1
2020,TO,73318,ARAGUANÃ,2,2,650.0,325.0,5000.0,2500.0,2,2,8,1
2020,TO,73326,CARMOLÂNDIA,2,2,400.0,200.0,6500.0,3250.0,1,1,39,1
2020,TO,73334,ARAGOMINAS,2,2,600.0,300.0,5000.0,2500.0,2,2,12,1
2020,TO,73342,MURICILÂNDIA,2,1,200.0,100.0,7000.0,3500.0,0,1,39,1
2020,TO,73350,SANTA FÉ DO ARAGUAIA,1,1,300.0,300.0,2000.0,2000.0,1,1,3,1
2020,TO,73385,LAGOA DA CONFUSÃO,5,3,1750.0,350.0,15900.0,3180.0,5,4,38,1
2020,TO,73407,LAJEADO,2,2,370.0,185.0,8000.0,4000.0,2,1,38,1
2020,TO,73415,RIO DOS BOIS,1,1,250.0,250.0,1600.0,1600.0,1,1,9,1
2020,TO,73423,CARRASCO BONITO,3,2,745.0,248.33333333333334,11000.0,3666.6666666666665,1,3,27,1
2020,TO,73431,RIO DA CONCEIÇÃO,2,2,500.0,250.0,7500.0,3750.0,2,1,78,1
2020,TO,73440,PALMAS,54,18,44456.0,823.2592592592592,749889.47,13886.842037037037,44,32,246,1
2020,TO,73458,TUPIRAMA,4,4,1090.0,272.5,10600.0,2650.0,4,3,37,1
2020,TO,73466,OLIVEIRA DE FÁTIMA,1,1,250.0,250.0,3000.0,3000.0,1,0,46,1
2020,TO,73474,CHAPADA DE AREIA,6,3,1535.0,255.83333333333334,10900.0,1816.6666666666667,6,6,26,1
2020,TO,73482,CHAPADA DA NATIVIDADE,2,2,600.0,300.0,7500.0,3750.0,2,1,78,1
2020,TO,73512,AGUIARNÓPOLIS,2,1,180.0,90.0,9000.0,4500.0,0,2,22,1
2020,TO,73520,LUZINÓPOLIS,5,3,1001.0,200.2,14000.0,2800.0,4,2,249,1
2020,TO,73547,SANTA RITA DO TOCANTINS,5,4,924.0,184.8,18000.0,3600.0,4,2,244,1
2020,TO,73555,CRIXÁS DO TOCANTINS,2,2,500.0,250.0,6000.0,3000.0,2,2,15,1
2020,TO,73563,MONTE SANTO DO TOCANTINS,3,3,640.0,213.33333333333334,6500.0,2166.6666666666665,3,3,6,1
2020,TO,73571,PUGMIL,5,3,1090.0,218.0,7900.0,1580.0,5,2,293,1
2020,TO,73598,IPUEIRAS,2,1,400.0,200.0,4000.0,2000.0,2,2,24,1
2020,TO,92002,BERNARDO SAYÃO,5,4,1310.0,262.0,15000.0,3000.0,4,5,11,1
2020,TO,92045,BURITI DO TOCANTINS,6,6,2137.0,356.1666666666667,24000.0,4000.0,6,5,41,1
2020,TO,92070,ALMAS,2,2,550.0,275.0,12800.0,6400.0,2,2,28,1
2020,TO,92088,CASEARA,2,2,520.0,260.0,2750.0,1375.0,2,0,184,1
2020,TO,92134,ALVORADA,5,2,1240.0,248.0,24000.0,4800.0,5,2,248,1
2020,TO,92142,COMBINADO,2,2,500.0,250.0,8000.0,4000.0,2,1,10,1
2020,TO,92185,DIVINÓPOLIS DO TOCANTINS,1,1,200.0,200.0,1500.0,1500.0,1,0,184,1
2020,TO,92193,ANANÁS,4,4,1240.0,310.0,17700.0,4425.0,4,4,21,1
2020,TO,92240,GOIANORTE,2,2,472.0,236.0,5000.0,2500.0,2,1,33,1
2020,TO,92304,MARIANÓPOLIS DO TOCANTINS,7,3,1926.0,275.14285714285717,8500.0,1214.2857142857142,7,3,184,1
2020,TO,92371,ARAGUACEMA,3,2,2237.0,745.6666666666666,8750.0,2916.6666666666665,3,2,39,1
2020,TO,92398,ARAGUAÇU,5,5,2167.0,433.4,20200.0,4040.0,5,4,52,1
2020,TO,92410,ARAGUAÍNA,12,7,7256.0,604.6666666666666,130606.0,10883.833333333334,8,7,40,1
2020,TO,92436,ARAGUATINS,6,3,2710.0,451.6666666666667,24500.0,4083.3333333333335,6,5,42,1
2020,TO,92452,ARAPOEMA,1,1,400.0,400.0,8000.0,8000.0,1,1,7,1
2020,TO,92479,ARRAIAS,5,3,1317.0,263.4,26000.0,5200.0,5,3,136,1
2020,TO,92487,PEQUIZEIRO,4,3,690.0,172.5,12500.0,3125.0,3,4,20,1
2020,TO,92509,PORTO ALEGRE DO TOCANTINS,1,1,130.0,130.0,4000.0,4000.0,1,0,36,1
2020,TO,92525,PRAIA NORTE,1,1,110.0,110.0,3000.0,3000.0,0,0,32,1
2020,TO,92541,SAMPAIO,3,2,1655.0,551.6666666666666,7500.0,2500.0,2,2,32,1
2020,TO,92576,AXIXÁ DO TOCANTINS,2,1,456.0,228.0,8000.0,4000.0,2,1,114,1
2020,TO,92606,SANTA TEREZA DO TOCANTINS,3,2,800.0,266.6666666666667,18000.0,6000.0,3,3,18,1
2020,TO,92681,SÃO VALÉRIO DA NATIVIDADE,1,1,250.0,250.0,4000.0,4000.0,1,1,7,1
2020,TO,92738,BREJINHO DE NAZARÉ,4,2,1260.0,315.0,12000.0,3000.0,4,4,27,1
2020,TO,93114,COLINAS DO TOCANTINS,5,4,2121.0,424.2,35000.0,7000.0,3,5,26,1
2020,TO,93211,COUTO DE MAGALHÃES,4,3,1991.0,497.75,12000.0,3000.0,4,3,31,1
2020,TO,93238,CRISTALÂNDIA,4,3,1450.0,362.5,7500.0,1875.0,4,4,15,1
2020,TO,93416,DIANÓPOLIS,9,5,3350.0,372.22222222222223,49000.0,5444.444444444444,9,7,78,1
2020,TO,93459,DOIS IRMÃOS DO TOCANTINS,6,3,1653.0,275.5,9000.0,1500.0,6,4,90,1
2020,TO,93475,DUERÉ,2,2,580.0,290.0,6000.0,3000.0,2,2,8,1
2020,TO,93653,FORMOSO DO ARAGUAIA,3,3,1100.0,366.6666666666667,10000.0,3333.3333333333335,3,3,17,1
2020,TO,93858,GURUPI,29,15,16460.0,567.5862068965517,268994.0,9275.655172413793,23,25,38,1
2020,TO,94099,ITAGUATINS,1,1,642.0,642.0,2500.0,2500.0,1,1,6,1
2020,TO,94170,ITAPORÃ DO TOCANTINS,1,1,250.0,250.0,5000.0,5000.0,1,1,8,1
2020,TO,94617,MIRACEMA DO TOCANTINS,10,5,4207.0,420.7,32400.0,3240.0,10,5,90,1
2020,TO,94633,MIRANORTE,4,2,1500.0,375.0,23000.0,5750.0,4,3,255,1
2020,TO,94692,MONTE DO CARMO,2,2,700.0,350.0,9000.0,4500.0,2,2,12,1
2020,TO,94811,NATIVIDADE,7,4,1855.0,265.0,31500.0,4500.0,7,5,200,1
2020,TO,94994,NOVO ACORDO,2,2,650.0,325.0,11000.0,5500.0,2,1,40,1
2020,TO,95192,PARAÍSO DO TOCANTINS,12,4,7210.0,600.8333333333334,37750.0,3145.8333333333335,11,7,148,1
2020,TO,95214,PARANÃ,10,6,3860.0,386.0,54000.0,5400.0,10,7,248,1
2020,TO,95257,PEDRO AFONSO,3,3,787.0,262.3333333333333,13000.0,4333.333333333333,2,2,35,1
2020,TO,95273,PEIXE,3,2,1050.0,350.0,25000.0,8333.333333333334,3,3,30,1
2020,TO,95290,COLMÉIA,2,2,675.0,337.5,13000.0,6500.0,1,2,8,1
2020,TO,95370,PINDORAMA DO TOCANTINS,3,2,900.0,300.0,11000.0,3666.6666666666665,3,2,54,1
2020,TO,95478,PIUM,1,1,200.0,200.0,2000.0,2000.0,1,0,106,1
2020,TO,95532,PONTE ALTA DO TOCANTINS,3,2,768.0,256.0,12000.0,4000.0,3,1,56,1
2020,TO,95591,PORTO NACIONAL,18,8,8931.0,496.1666666666667,128400.0,7133.333333333333,16,14,216,1
2020,TO,96032,SÃO SEBASTIÃO DO TOCANTINS,3,1,1962.0,654.0,8000.0,2666.6666666666665,3,2,59,1
2020,TO,96130,SÍTIO NOVO DO TOCANTINS,2,2,943.0,471.5,6500.0,3250.0,2,2,19,1
2020,TO,96156,TAGUATINGA,1,1,400.0,400.0,4000.0,4000.0,1,1,4,1
2020,TO,96199,TOCANTÍNIA,2,2,550.0,275.0,7000.0,3500.0,2,1,76,1
2020,TO,96210,TOCANTINÓPOLIS,4,3,1450.0,362.5,26000.0,6500.0,4,4,30,1
2020,TO,96270,GUARAÍ,2,2,695.0,347.5,10000.0,5000.0,2,2,18,1
2020,TO,96431,XAMBIOÁ,7,4,1945.0,277.85714285714283,22500.0,3214.285714285714,7,5,75,1
2020,TO,96490,PALMEIRÓPOLIS,1,1,350.0,350.0,4500.0,4500.0,1,1,9,1
2020,TO,96598,SILVANÓPOLIS,2,1,600.0,300.0,6000.0,3000.0,2,1,208,1
2020,TO,96636,NOVA OLINDA,2,1,466.0,233.0,7000.0,3500.0,2,1,40,1
2020,TO,96652,WANDERLÂNDIA,1,1,169.0,169.0,4000.0,4000.0,1,1,24,1
2020,TO,96679,FIGUEIRÓPOLIS,2,2,540.0,270.0,11000.0,5500.0,2,2,6,1
2020,TO,96792,RIO SONO,5,4,1414.0,282.8,21000.0,4200.0,5,2,302,1
2020,TO,96830,FÁTIMA,7,3,1940.0,277.14285714285717,15400.0,2200.0,7,5,88,1
2020,TO,96857,AUGUSTINÓPOLIS,2,2,661.0,330.5,7500.0,3750.0,2,2,17,1
2020,TO,96970,APARECIDA DO RIO NEGRO,4,2,1000.0,250.0,20000.0,5000.0,4,3,40,1
2020,TO,96997,BARROLÂNDIA,1,1,300.0,300.0,1000.0,1000.0,1,0,86,1
2024,AC,01007,BUJARI,3,1,600.0,200.0,18000.0,6000.0,0,3,23,1
2024,AC,01015,CAPIXABA,1,1,368.0,368.0,5520.0,5520.0,1,1,17,1
2024,AC,01058,BRASILÉIA,3,2,1004.0,334.6666666666667,22000.0,7333.333333333333,1,2,41,1
2024,AC,01066,PORTO WALTER,1,1,140.0,140.0,4000.0,4000.0,1,0,56,1
2024,AC,01074,CRUZEIRO DO SUL,10,2,5600.0,560.0,115800.0,11580.0,2,5,174,1
2024,AC,01082,RODRIGUES ALVES,2,1,721.0,360.5,12000.0,6000.0,2,1,54,1
2024,AC,01090,MÂNCIO LIMA,6,2,1870.0,311.6666666666667,45000.0,7500.0,3,4,91,1
2024,AC,01112,EPITACIOLÂNDIA,2,1,686.0,343.0,15000.0,7500.0,1,1,43,1
2024,AC,01139,FEIJÓ,4,2,1400.0,350.0,32000.0,8000.0,2,4,30,1
2024,AC,01392,RIO BRANCO,31,10,25480.0,821.9354838709677,849603.4,27406.56129032258,13,14,226,1
2024,AC,01457,SENA MADUREIRA,12,3,4226.0,352.1666666666667,102005.0,8500.416666666666,5,7,119,1
2024,AC,01473,TARAUACÁ,2,2,700.0,350.0,15500.0,7750.0,1,2,9,1
2024,AC,01490,XAPURI,2,1,600.0,300.0,15500.0,7750.0,1,2,25,1
2024,AC,01538,SENADOR GUIOMARD,2,1,750.0,375.0,11000.0,5500.0,2,1,62,1
2024,AC,01554,MANOEL URBANO,2,1,400.0,200.0,13500.0,6750.0,1,2,23,1
2024,AC,01570,ASSIS BRASIL,2,2,400.0,200.0,14000.0,7000.0,1,2,29,1
2024,AL,27014,ÁGUA BRANCA,1,1,600.0,600.0,6000.0,6000.0,0,0,37,1
2024,AL,27022,PARICONHA,2,1,1200.0,600.0,13000.0,6500.0,0,1,151,1
2024,AL,27030,ANADIA,1,1,800.0,800.0,7000.0,7000.0,0,1,6,1
2024,AL,27065,JEQUIÁ DA PRAIA,2,2,1520.0,760.0,14000.0,7000.0,1,1,211,1
2024,AL,27073,ATALAIA,2,2,1600.0,800.0,23000.0,11500.0,0,1,178,1
2024,AL,27081,CAMPESTRE,1,1,600.0,600.0,8000.0,8000.0,0,0,45,1
2024,AL,27090,BARRA DE SANTO ANTÔNIO,2,1,1200.0,600.0,12000.0,6000.0,2,0,69,1
2024,AL,27111,BARRA DE SÃO MIGUEL,1,1,600.0,600.0,6000.0,6000.0,0,1,18,1
2024,AL,27154,BELÉM,1,1,500.0,500.0,4000.0,4000.0,0,1,10,1
2024,AL,27170,BELO MONTE,2,2,1200.0,600.0,15000.0,7500.0,0,1,42,1
2024,AL,27197,BOCA DA MATA,4,2,3100.0,775.0,30000.0,7500.0,2,2,94,1
2024,AL,27251,CAJUEIRO,1,1,600.0,600.0,12000.0,12000.0,0,0,211,1
2024,AL,27278,CAMPO ALEGRE,2,2,1400.0,700.0,22000.0,11000.0,0,0,259,1
2024,AL,27316,CANAPI,2,1,1400.0,700.0,14000.0,7000.0,0,1,33,1
2024,AL,27332,CAPELA,2,1,1400.0,700.0,16000.0,8000.0,0,1,53,1
2024,AL,27359,CARNEIROS,2,2,1100.0,550.0,11000.0,5500.0,0,1,34,1
2024,AL,27375,CHÃ PRETA,2,2,1150.0,575.0,9500.0,4750.0,1,1,195,1
2024,AL,27391,COITÉ DO NÓIA,1,1,870.0,870.0,7000.0,7000.0,1,1,24,1
2024,AL,27430,COQUEIRO SECO,2,1,1000.0,500.0,12000.0,6000.0,0,1,38,1
2024,AL,27472,DELMIRO GOUVEIA,2,1,1400.0,700.0,20000.0,10000.0,0,1,128,1
2024,AL,27499,DOIS RIACHOS,3,2,1900.0,633.3333333333334,20000.0,6666.666666666667,0,1,167,1
2024,AL,27510,FEIRA GRANDE,2,1,1200.0,600.0,20000.0,10000.0,0,0,244,1
2024,AL,27537,FELIZ DESERTO,1,1,400.0,400.0,8000.0,8000.0,0,1,12,1
2024,AL,27553,FLEXEIRAS,1,1,600.0,600.0,10000.0,10000.0,0,1,28,1
2024,AL,27596,IBATEGUARA,4,2,1600.0,400.0,36000.0,9000.0,0,2,205,1
2024,AL,27634,IGREJA NOVA,3,3,2208.0,736.0,17500.0,5833.333333333333,1,2,191,1
2024,AL,27650,INHAPI,1,1,600.0,600.0,6000.0,6000.0,0,0,123,1
2024,AL,27677,JACARÉ DOS HOMENS,2,1,1000.0,500.0,20000.0,10000.0,0,1,112,1
2024,AL,27715,JAPARATINGA,2,1,1910.0,955.0,13000.0,6500.0,2,1,63,1
2024,AL,27758,JOAQUIM GOMES,1,1,800.0,800.0,8000.0,8000.0,0,1,6,1
2024,AL,27790,JUNQUEIRO,3,3,2313.0,771.0,32000.0,10666.666666666666,1,0,113,1
2024,AL,27812,LAGOA DA CANOA,2,2,1500.0,750.0,12000.0,6000.0,1,1,82,1
2024,AL,27839,LIMOEIRO DE ANADIA,2,1,1500.0,750.0,13000.0,6500.0,1,1,133,1
2024,AL,27855,MACEIÓ,19,9,19688.0,1036.2105263157894,522588.4,27504.65263157895,9,10,161,1
2024,AL,27871,MAJOR ISIDORO,1,1,1000.0,1000.0,8000.0,8000.0,0,0,33,1
2024,AL,27898,MARAGOGI,7,4,4050.0,578.5714285714286,55000.0,7857.142857142857,1,4,111,1
2024,AL,27936,MARECHAL DEODORO,7,5,6451.0,921.5714285714286,61000.0,8714.285714285714,1,5,48,1
2024,AL,27952,MARIBONDO,4,3,2800.0,700.0,28000.0,7000.0,0,4,24,1
2024,AL,27995,MATA GRANDE,4,2,3000.0,750.0,30000.0,7500.0,0,2,186,1
2024,AL,28010,MATRIZ DE CAMARAGIBE,2,2,1350.0,675.0,14000.0,7000.0,0,0,195,1
2024,AL,28037,MESSIAS,3,2,1650.0,550.0,22000.0,7333.333333333333,0,1,176,1
2024,AL,28053,MINADOR DO NEGRÃO,1,1,600.0,600.0,4000.0,4000.0,0,0,128,1
2024,AL,28096,MURICI,3,3,1900.0,633.3333333333334,25000.0,8333.333333333334,0,1,54,1
2024,AL,28118,NOVO LINO,1,1,700.0,700.0,12000.0,12000.0,0,0,135,1
2024,AL,28150,OLHO D'ÁGUA DO CASADO,1,1,941.0,941.0,8000.0,8000.0,1,1,24,1
2024,AL,28193,OLIVENÇA,1,1,600.0,600.0,6000.0,6000.0,0,1,5,1
2024,AL,28215,OURO BRANCO,2,1,900.0,450.0,10000.0,5000.0,1,2,18,1
2024,AL,28231,PALESTINA,1,1,600.0,600.0,6000.0,6000.0,0,0,31,1
2024,AL,28258,PALMEIRA DOS ÍNDIOS,4,3,3120.0,780.0,30000.0,7500.0,0,1,187,1
2024,AL,28274,PÃO DE AÇÚCAR,2,1,1200.0,600.0,14000.0,7000.0,0,1,52,1
2024,AL,28290,PASSO DE CAMARAGIBE,2,1,1200.0,600.0,12000.0,6000.0,0,1,149,1
2024,AL,28312,PAULO JACINTO,2,1,1200.0,600.0,16000.0,8000.0,0,1,48,1
2024,AL,28339,PENEDO,3,2,1628.0,542.6666666666666,23500.0,7833.333333333333,1,1,271,1
2024,AL,28355,PIAÇABUÇU,3,2,2528.0,842.6666666666666,27000.0,9000.0,1,2,68,1
2024,AL,28371,PILAR,4,3,3200.0,800.0,36000.0,9000.0,1,3,100,1
2024,AL,28410,PIRANHAS,1,1,800.0,800.0,8000.0,8000.0,0,1,24,1
2024,AL,28436,POÇO DAS TRINCHEIRAS,2,1,1400.0,700.0,12000.0,6000.0,1,0,39,1
2024,AL,28452,PORTO CALVO,1,1,800.0,800.0,8000.0,8000.0,0,0,38,1
2024,AL,28479,PORTO DE PEDRAS,5,4,2601.0,520.2,39000.0,7800.0,0,2,120,1
2024,AL,28495,PORTO REAL DO COLÉGIO,1,1,700.0,700.0,8000.0,8000.0,0,1,19,1
2024,AL,28517,QUEBRANGULO,4,3,2300.0,575.0,28000.0,7000.0,0,2,167,1
2024,AL,28533,RIO LARGO,5,4,4753.0,950.6,37000.0,7400.0,0,1,101,1
2024,AL,28550,ROTEIRO,3,3,2222.0,740.6666666666666,19000.0,6333.333333333333,2,0,243,1
2024,AL,28576,SANTA LUZIA DO NORTE,2,2,801.0,400.5,22000.0,11000.0,0,0,123,1
2024,AL,28630,SÃO BRÁS,1,1,600.0,600.0,6000.0,6000.0,0,1,23,1
2024,AL,28657,SÃO JOSÉ DA LAJE,3,1,2100.0,700.0,28000.0,9333.333333333334,0,1,88,1
2024,AL,28690,SÃO LUÍS DO QUITUNDE,5,5,3864.0,772.8,36000.0,7200.0,0,1,195,1
2024,AL,28711,SÃO MIGUEL DOS CAMPOS,2,1,1400.0,700.0,20000.0,10000.0,0,1,60,1
2024,AL,28738,SÃO MIGUEL DOS MILAGRES,1,1,400.0,400.0,4000.0,4000.0,0,1,4,1
2024,AL,28754,SÃO SEBASTIÃO,1,1,800.0,800.0,8000.0,8000.0,0,1,10,1
2024,AL,28770,SATUBA,1,1,800.0,800.0,7000.0,7000.0,0,0,188,1
2024,AL,28797,TANQUE D'ARCA,5,2,2400.0,480.0,26000.0,5200.0,3,3,72,1
2024,AL,28819,TAQUARANA,5,3,3100.0,620.0,29500.0,5900.0,0,3,51,1
2024,AL,28835,TRAIPU,1,1,600.0,600.0,12000.0,12000.0,0,0,103,1
2024,AL,28851,UNIÃO DOS PALMARES,4,3,3009.0,752.25,39000.0,9750.0,1,1,72,1
2024,AL,28878,VIÇOSA,2,2,1500.0,750.0,16000.0,8000.0,0,1,47,1
2024,AL,28894,CRAÍBAS,3,2,1890.0,630.0,22000.0,7333.333333333333,1,1,59,1
2024,AL,28916,SENADOR RUI PALMEIRA,1,1,600.0,600.0,6000.0,6000.0,0,1,7,1
2024,AL,28932,TEOTÔNIO VILELA,1,1,800.0,800.0,8000.0,8000.0,0,1,10,1
2024,AM,02003,APUÍ,1,1,400.0,400.0,17710.0,17710.0,0,0,45,1
2024,AM,02011,NOVO AIRÃO,1,1,300.0,300.0,20000.0,20000.0,0,0,87,1
2024,AM,02046,CAREIRO DA VÁRZEA,1,1,320.0,320.0,20000.0,20000.0,0,1,20,1
2024,AM,02070,AUTAZES,7,4,2795.0,399.2857142857143,63000.0,9000.0,5,3,126,1
2024,AM,02097,BARCELOS,1,1,360.0,360.0,20000.0,20000.0,0,0,86,1
2024,AM,02151,BOCA DO ACRE,1,1,378.0,378.0,6000.0,6000.0,1,1,27,1
2024,AM,02194,CANUTAMA,1,1,288.0,288.0,4000.0,4000.0,0,1,7,1
2024,AM,02232,CAREIRO,9,4,3536.0,392.8888888888889,70500.0,7833.333333333333,6,1,228,1
2024,AM,02259,COARI,5,2,1895.0,379.0,41500.0,8300.0,5,2,162,1
2024,AM,02330,FONTE BOA,5,2,1821.0,364.2,56100.0,11220.0,3,0,238,1
2024,AM,02356,HUMAITÁ,2,1,605.0,302.5,9100.0,4550.0,1,0,146,1
2024,AM,02410,ITACOATIARA,1,1,400.0,400.0,26500.0,26500.0,0,1,5,1
2024,AM,02437,ITAPIRANGA,1,1,368.0,368.0,8000.0,8000.0,1,0,184,1
2024,AM,02470,JURUÁ,2,1,725.0,362.5,16000.0,8000.0,2,0,235,1
2024,AM,02518,LÁBREA,6,3,2289.0,381.5,33500.0,5583.333333333333,3,2,201,1
2024,AM,02550,MANAUS,116,21,120996.0,1043.0689655172414,3453295.78,29769.79120689655,68,32,249,1
2024,AM,02577,MANICORÉ,2,1,900.0,450.0,10000.0,5000.0,0,0,77,1
2024,AM,02615,MAUÉS,6,5,3028.0,504.6666666666667,45000.0,7500.0,5,3,227,1
2024,AM,02631,NHAMUNDÁ,1,1,393.0,393.0,6000.0,6000.0,1,0,38,1
2024,AM,02658,NOVA OLINDA DO NORTE,3,2,1054.0,351.3333333333333,31500.0,10500.0,2,2,122,1
2024,AM,02674,NOVO ARIPUANÃ,1,1,400.0,400.0,7000.0,7000.0,1,1,17,1
2024,AM,02690,PARINTINS,10,5,4428.0,442.8,161500.0,16150.0,7,2,205,1
2024,AM,02712,PAUINI,1,1,400.0,400.0,30000.0,30000.0,0,1,4,1
2024,AM,02755,SÃO PAULO DE OLIVENÇA,1,1,377.0,377.0,6000.0,6000.0,1,0,39,1
2024,AM,02810,TEFÉ,2,1,850.0,425.0,16000.0,8000.0,2,0,203,1
2024,AM,02895,ALVARÃES,3,1,1143.0,381.0,22000.0,7333.333333333333,3,0,235,1
2024,AM,02976,BOA VISTA DO RAMOS,1,1,550.0,550.0,12000.0,12000.0,1,1,6,1
2024,AM,98353,IRANDUBA,3,2,1215.0,405.0,15500.0,5166.666666666667,2,1,42,1
2024,AM,98370,ITAMARATI,1,1,360.0,360.0,12000.0,12000.0,1,0,246,1
2024,AM,98396,MANAQUIRI,3,2,1704.0,568.0,14000.0,4666.666666666667,3,1,89,1
2024,AM,98418,PRESIDENTE FIGUEIREDO,3,2,1285.0,428.3333333333333,21500.0,7166.666666666667,1,0,159,1
2024,AM,98434,RIO PRETO DA EVA,4,2,1338.0,334.5,66000.0,16500.0,1,1,100,1
2024,AM,98477,TABATINGA,1,1,380.0,380.0,6000.0,6000.0,1,1,8,1
2024,AM,98493,UARINI,3,1,1108.0,369.3333333333333,21000.0,7000.0,3,1,171,1
2024,AP,06017,AMAPÁ,2,1,616.0,308.0,10000.0,5000.0,1,2,24,1
2024,AP,06025,PORTO GRANDE,2,1,752.0,376.0,10000.0,5000.0,2,2,26,1
2024,AP,06033,CALÇOENE,3,1,1046.0,348.6666666666667,15000.0,5000.0,2,2,33,1
2024,AP,06041,ITAUBAL,2,2,693.0,346.5,11000.0,5500.0,2,1,40,1
2024,AP,06050,MACAPÁ,16,7,11544.0,721.5,563959.4,35247.4625,12,6,241,1
2024,AP,06068,CUTIAS,5,2,1809.0,361.8,29000.0,5800.0,4,3,58,1
2024,AP,06076,MAZAGÃO,2,1,756.0,378.0,10000.0,5000.0,1,2,12,1
2024,AP,06084,PEDRA BRANCA DO AMAPARI,2,1,618.0,309.0,10000.0,5000.0,2,2,26,1
2024,AP,06092,OIAPOQUE,8,2,3281.0,410.125,57000.0,7125.0,4,5,30,1
2024,AP,06106,SERRA DO NAVIO,2,1,616.0,308.0,10000.0,5000.0,2,2,22,1
2024,AP,06114,FERREIRA GOMES,2,1,770.0,385.0,14000.0,7000.0,2,2,12,1
2024,AP,06122,VITÓRIA DO JARI,2,1,742.0,371.0,10000.0,5000.0,1,2,28,1
2024,AP,06130,LARANJAL DO JARI,2,1,847.0,423.5,10000.0,5000.0,1,2,28,1
2024,AP,06157,SANTANA,6,5,3060.0,510.0,58500.0,9750.0,4,5,34,1
2024,AP,06173,TARTARUGALZINHO,3,1,1054.0,351.3333333333333,10500.0,3500.0,2,2,53,1
2024,BA,30007,LUÍS EDUARDO MAGALHÃES,1,1,800.0,800.0,35000.0,35000.0,0,0,53,1
2024,BA,30058,EUNÁPOLIS,11,7,6486.0,589.6363636363636,133000.0,12090.90909090909,3,8,140,1
2024,BA,30660,IUIU,4,2,1222.0,305.5,20500.0,5125.0,3,3,38,1
2024,BA,30678,JABORANDI,2,2,837.0,418.5,16000.0,8000.0,0,2,26,1
2024,BA,30694,JUSSARI,3,2,1032.0,344.0,18500.0,6166.666666666667,1,3,22,1
2024,BA,30716,AMÉRICA DOURADA,1,1,374.0,374.0,20000.0,20000.0,0,0,72,1
2024,BA,30759,BARRO ALTO,4,2,1609.0,402.25,66000.0,16500.0,0,1,88,1
2024,BA,30775,BARROCAS,1,1,414.0,414.0,7000.0,7000.0,0,0,31,1
2024,BA,30791,BURITIRAMA,2,2,871.0,435.5,20000.0,10000.0,0,2,11,1
2024,BA,30813,CAPELA DO ALTO ALEGRE,1,1,400.0,400.0,7000.0,7000.0,0,1,12,1
2024,BA,30830,CAPIM GROSSO,1,1,385.0,385.0,10000.0,10000.0,0,1,17,1
2024,BA,30872,DIAS D'ÁVILA,5,4,2837.0,567.4,37000.0,7400.0,0,3,108,1
2024,BA,30899,FÁTIMA,4,1,1921.0,480.25,24000.0,6000.0,0,0,212,1
2024,BA,30910,FILADÉLFIA,2,2,785.0,392.5,30000.0,15000.0,0,1,164,1
2024,BA,30970,HELIÓPOLIS,1,1,800.0,800.0,3000.0,3000.0,0,1,3,1
2024,BA,30996,JOÃO DOURADO,3,1,1751.0,583.6666666666666,36000.0,12000.0,0,1,107,1
2024,BA,33065,ADUSTINA,6,2,4084.0,680.6666666666666,23000.0,3833.3333333333335,0,2,254,1
2024,BA,33073,ÁGUA FRIA,3,2,1469.0,489.6666666666667,18500.0,6166.666666666667,0,2,204,1
2024,BA,33111,AIQUARA,1,1,354.0,354.0,5000.0,5000.0,1,1,22,1
2024,BA,33138,ALAGOINHAS,8,5,4464.0,558.0,63500.0,7937.5,0,3,196,1
2024,BA,33154,ALCOBAÇA,3,2,1290.0,430.0,21500.0,7166.666666666667,1,1,66,1
2024,BA,33170,ALMADINA,2,1,770.0,385.0,7500.0,3750.0,2,1,138,1
2024,BA,33219,AMÉLIA RODRIGUES,3,3,1409.0,469.6666666666667,19500.0,6500.0,0,2,198,1
2024,BA,33235,ANAGÉ,1,1,450.0,450.0,5000.0,5000.0,0,1,6,1
2024,BA,33251,ANDARAÍ,1,1,421.0,421.0,6000.0,6000.0,0,1,9,1
2024,BA,33260,ANDORINHA,6,4,2871.0,478.5,44000.0,7333.333333333333,0,3,115,1
2024,BA,33278,ANGICAL,2,2,1065.0,532.5,20000.0,10000.0,0,2,5,1
2024,BA,33359,ANTÔNIO GONÇALVES,2,2,845.0,422.5,12000.0,6000.0,0,1,72,1
2024,BA,33375,APORÁ,2,2,935.0,467.5,15000.0,7500.0,0,1,34,1
2024,BA,33405,APUAREMA,5,4,2063.0,412.6,39000.0,7800.0,2,3,87,1
2024,BA,33413,ARACI,3,1,1800.0,600.0,20000.0,6666.666666666667,0,1,149,1
2024,BA,33430,ARAMARI,1,1,417.0,417.0,7000.0,7000.0,0,0,75,1
2024,BA,33472,AURELINO LEAL,1,1,455.0,455.0,6000.0,6000.0,0,0,32,1
2024,BA,33499,BAIANÓPOLIS,1,1,300.0,300.0,10000.0,10000.0,0,1,8,1
2024,BA,33510,BAIXA GRANDE,4,4,1610.0,402.5,28000.0,7000.0,2,3,54,1
2024,BA,33537,BARRA,2,2,855.0,427.5,38000.0,19000.0,1,2,17,1
2024,BA,33553,BARRA DA ESTIVA,4,2,1987.0,496.75,21000.0,5250.0,3,2,71,1
2024,BA,33596,BARRA DO MENDES,7,3,3183.0,454.7142857142857,83000.0,11857.142857142857,0,3,135,1
2024,BA,33618,BARRA DO ROCHA,1,1,361.0,361.0,5000.0,5000.0,0,0,32,1
2024,BA,33634,BARREIRAS,9,6,6844.0,760.4444444444445,154978.0,17219.777777777777,1,6,172,1
2024,BA,33650,BARRO PRETO,1,1,360.0,360.0,5000.0,5000.0,0,1,21,1
2024,BA,33677,BELMONTE,1,1,500.0,500.0,5000.0,5000.0,0,1,24,1
2024,BA,33693,BELO CAMPO,1,1,750.0,750.0,6000.0,6000.0,0,0,158,1
2024,BA,33731,BOA NOVA,2,2,1549.0,774.5,12500.0,6250.0,0,0,61,1
2024,BA,33758,BOA VISTA DO TUPIM,4,4,1918.0,479.5,27000.0,6750.0,0,3,153,1
2024,BA,33774,BOM JESUS DA LAPA,7,2,3452.0,493.14285714285717,52000.0,7428.571428571428,0,4,126,1
2024,BA,33782,BOM JESUS DA SERRA,1,1,370.0,370.0,4000.0,4000.0,0,1,6,1
2024,BA,33790,BONINAL,1,1,539.0,539.0,18500.0,18500.0,0,1,11,1
2024,BA,33812,BOQUIRA,14,6,4682.0,334.42857142857144,90000.0,6428.571428571428,7,6,184,1
2024,BA,33839,BOTUPORÃ,1,1,565.0,565.0,3500.0,3500.0,1,1,28,1
2024,BA,33855,BREJÕES,2,1,800.0,400.0,12000.0,6000.0,1,1,69,1
2024,BA,33898,BROTAS DE MACAÚBAS,5,4,2394.0,478.8,29800.0,5960.0,2,3,120,1
2024,BA,33910,BRUMADO,5,3,2265.0,453.0,50500.0,10100.0,0,5,28,1
2024,BA,33960,CABACEIRAS DO PARAGUAÇU,2,1,1300.0,650.0,9633.0,4816.5,1,1,117,1
2024,BA,33979,CACHOEIRA,1,1,587.0,587.0,10000.0,10000.0,0,1,7,1
2024,BA,33995,CACULÉ,3,3,1160.0,386.6666666666667,21000.0,7000.0,0,2,38,1
2024,BA,34010,CAEM,1,1,560.0,560.0,10000.0,10000.0,0,1,23,1
2024,BA,34037,CAETITÉ,2,2,680.0,340.0,24000.0,12000.0,0,2,6,1
2024,BA,34053,CAFARNAUM,2,1,600.0,300.0,40000.0,20000.0,0,0,108,1
2024,BA,34070,CAIRU,2,2,962.0,481.0,13500.0,6750.0,0,1,73,1
2024,BA,34096,CALDEIRÃO GRANDE,2,2,858.0,429.0,10300.0,5150.0,0,0,179,1
2024,BA,34134,CAMAÇARI,25,10,22442.0,897.68,394471.0,15778.84,5,9,189,1
2024,BA,34150,CAMAMU,2,2,1248.0,624.0,11000.0,5500.0,0,1,38,1
2024,BA,34193,CAMPO FORMOSO,1,1,596.0,596.0,8000.0,8000.0,0,0,216,1
2024,BA,34231,CANARANA,7,4,3407.0,486.7142857142857,78000.0,11142.857142857143,0,3,176,1
2024,BA,34258,CANAVIEIRAS,3,2,1562.0,520.6666666666666,20000.0,6666.666666666667,0,1,80,1
2024,BA,34290,CANDEIAS,8,4,4422.0,552.75,81000.0,10125.0,0,6,271,1
2024,BA,34355,CANSANÇÃO,1,1,450.0,450.0,6000.0,6000.0,0,1,10,1
2024,BA,34371,CARAVELAS,12,8,5992.0,499.3333333333333,84883.0,7073.583333333333,6,4,189,1
2024,BA,34398,CARDEAL DA SILVA,2,1,826.0,413.0,12000.0,6000.0,0,1,92,1
2024,BA,34410,CARINHANHA,5,4,2010.0,402.0,40100.0,8020.0,1,4,104,1
2024,BA,34436,CASA NOVA,6,2,3100.0,516.6666666666666,36000.0,6000.0,0,6,25,1
2024,BA,34452,CASTRO ALVES,2,1,1074.0,537.0,16000.0,8000.0,0,1,247,1
2024,BA,34495,CATU,2,2,800.0,400.0,14000.0,7000.0,0,2,5,1
2024,BA,34509,CATURAMA,2,1,766.0,383.0,7000.0,3500.0,2,1,79,1
2024,BA,34517,CENTRAL,5,2,1795.0,359.0,70000.0,14000.0,0,4,83,1
2024,BA,34550,CÍCERO DANTAS,3,3,1511.0,503.6666666666667,24000.0,8000.0,0,0,59,1
2024,BA,34576,CIPÓ,2,2,1200.0,600.0,11000.0,5500.0,0,1,33,1
2024,BA,34592,COARACI,15,4,9280.0,618.6666666666666,85932.0,5728.8,12,5,205,1
2024,BA,34614,COCOS,4,3,1500.0,375.0,35000.0,8750.0,1,4,20,1
2024,BA,34630,CONCEIÇÃO DA FEIRA,2,2,984.0,492.0,11000.0,5500.0,0,0,253,1
2024,BA,34673,CONCEIÇÃO DO COITÉ,3,1,3100.0,1033.3333333333333,28000.0,9333.333333333334,0,1,183,1
2024,BA,34711,CONDE,2,2,763.0,381.5,13000.0,6500.0,0,1,42,1
2024,BA,34738,CONDEÚBA,3,3,1180.0,393.3333333333333,16000.0,5333.333333333333,0,2,39,1
2024,BA,34754,CONTENDAS DO SINCORÁ,2,1,760.0,380.0,7800.0,3900.0,0,1,50,1
2024,BA,34797,CORDEIROS,1,1,182.0,182.0,3500.0,3500.0,1,1,12,1
2024,BA,34819,CORIBE,1,1,458.0,458.0,5000.0,5000.0,0,0,55,1
2024,BA,34851,CORRENTINA,4,3,1679.0,419.75,37800.0,9450.0,0,2,104,1
2024,BA,34916,CRISÓPOLIS,2,2,1087.0,543.5,13000.0,6500.0,0,1,228,1
2024,BA,34932,CRISTÓPOLIS,2,2,855.0,427.5,14000.0,7000.0,0,2,7,1
2024,BA,34959,CRUZ DAS ALMAS,2,1,1095.0,547.5,16000.0,8000.0,0,1,229,1
2024,BA,34975,CURAÇÁ,1,1,467.0,467.0,6000.0,6000.0,0,0,93,1
2024,BA,34991,DÁRIO MEIRA,1,1,372.0,372.0,6000.0,6000.0,0,1,26,1
2024,BA,35017,DOM BASÍLIO,2,1,636.0,318.0,7000.0,3500.0,2,1,184,1
2024,BA,35033,DOM MACEDO COSTA,2,1,751.0,375.5,12000.0,6000.0,2,1,39,1
2024,BA,35076,ENCRUZILHADA,2,1,926.0,463.0,12000.0,6000.0,1,1,101,1
2024,BA,35092,ENTRE RIOS,2,2,1241.0,620.5,13500.0,6750.0,0,1,224,1
2024,BA,35114,ESPLANADA,4,3,1580.0,395.0,27000.0,6750.0,0,3,117,1
2024,BA,35130,EUCLIDES DA CUNHA,2,2,1195.0,597.5,23000.0,11500.0,2,1,214,1
2024,BA,35157,FEIRA DE SANTANA,22,10,16166.0,734.8181818181819,334823.66000000003,15219.257272727275,1,11,197,1
2024,BA,35173,FIRMINO ALVES,1,1,357.0,357.0,6000.0,6000.0,0,0,100,1
2024,BA,35211,FORMOSA DO RIO PRETO,1,1,800.0,800.0,6000.0,6000.0,1,1,16,1
2024,BA,35238,GANDU,4,1,1730.0,432.5,24000.0,6000.0,1,1,200,1
2024,BA,35270,GLÓRIA,1,1,392.0,392.0,5000.0,5000.0,0,0,32,1
2024,BA,35297,GONGOGI,1,1,390.0,390.0,6000.0,6000.0,0,0,126,1
2024,BA,35319,GOVERNADOR MANGABEIRA,1,1,377.0,377.0,5000.0,5000.0,1,0,44,1
2024,BA,35378,IAÇU,4,2,2050.0,512.5,31000.0,7750.0,0,3,38,1
2024,BA,35394,IBIASSUCÊ,3,3,1308.0,436.0,22193.0,7397.666666666667,1,0,84,1
2024,BA,35416,IBICARAÍ,1,1,414.0,414.0,5000.0,5000.0,0,1,8,1
2024,BA,35475,IBIPEBA,1,1,574.0,574.0,12000.0,12000.0,0,0,54,1
2024,BA,35491,SANTA RITA DE CÁSSIA,2,2,1050.0,525.0,22000.0,11000.0,0,2,12,1
2024,BA,35513,IBIPITANGA,4,3,1671.0,417.75,15500.0,3875.0,4,2,57,1
2024,BA,35556,IBIRAPITANGA,3,1,1566.0,522.0,12066.0,4022.0,0,3,19,1
2024,BA,35599,IBIRATAIA,6,5,2347.0,391.1666666666667,39933.0,6655.5,2,5,125,1
2024,BA,35610,IBITIARA,2,1,520.0,260.0,7000.0,3500.0,2,1,71,1
2024,BA,35637,IBITITÁ,3,3,1671.0,557.0,37000.0,12333.333333333334,0,1,139,1
2024,BA,35700,IGRAPIÚNA,1,1,400.0,400.0,8000.0,8000.0,0,1,8,1
2024,BA,35718,IGUAÍ,1,1,378.0,378.0,5000.0,5000.0,1,0,31,1
2024,BA,35734,ILHÉUS,6,5,3600.0,600.0,128500.0,21416.666666666668,3,6,19,1
2024,BA,35777,IPECAETÁ,3,1,1728.0,576.0,18000.0,6000.0,1,1,194,1
2024,BA,35793,IPIAÚ,2,1,900.0,450.0,19000.0,9500.0,0,1,44,1
2024,BA,35815,IPIRÁ,1,1,594.0,594.0,8000.0,8000.0,0,0,154,1
2024,BA,35831,IPUPIARA,9,5,3399.0,377.6666666666667,37500.0,4166.666666666667,6,3,134,1
2024,BA,35874,IRAMAIA,3,2,1136.0,378.6666666666667,21000.0,7000.0,1,2,53,1
2024,BA,35890,IRAQUARA,3,2,1152.0,384.0,29500.0,9833.333333333334,1,3,28,1
2024,BA,35912,IRARÁ,6,4,3210.0,535.0,45000.0,7500.0,0,4,69,1
2024,BA,35939,IRECÊ,11,5,7549.0,686.2727272727273,98900.0,8990.90909090909,0,4,166,1
2024,BA,35955,ITABERABA,4,2,2730.0,682.5,88000.0,22000.0,0,4,26,1
2024,BA,35971,ITABUNA,5,5,3448.0,689.6,102000.0,20400.0,2,3,153,1
2024,BA,36013,ITAETÉ,1,1,380.0,380.0,6000.0,6000.0,0,1,8,1
2024,BA,36030,ITAGI,1,1,374.0,374.0,6000.0,6000.0,0,0,98,1
2024,BA,36056,ITAGIBÁ,1,1,579.0,579.0,6000.0,6000.0,0,0,78,1
2024,BA,36072,ITAGIMIRIM,2,1,900.0,450.0,9500.0,4750.0,0,2,15,1
2024,BA,36080,ITAGUAÇU DA BAHIA,1,1,600.0,600.0,7000.0,7000.0,0,1,17,1
2024,BA,36099,ITAJU DO COLÔNIA,3,2,1111.0,370.3333333333333,16000.0,5333.333333333333,0,1,124,1
2024,BA,36110,ITAJUÍPE,4,2,2267.0,566.75,22133.0,5533.25,3,2,151,1
2024,BA,36137,ITAMARAJU,4,3,2060.0,515.0,35633.0,8908.25,1,4,18,1
2024,BA,36196,ITANAGRA,2,1,850.0,425.0,11000.0,5500.0,0,0,208,1
2024,BA,36218,ITANHÉM,1,1,400.0,400.0,10000.0,10000.0,0,1,5,1
2024,BA,36250,ITAPÉ,2,2,901.0,450.5,10000.0,5000.0,0,2,21,1
2024,BA,36277,ITAPEBI,1,1,500.0,500.0,5000.0,5000.0,0,0,57,1
2024,BA,36293,ITAPETINGA,4,4,2700.0,675.0,57000.0,14250.0,0,4,26,1
2024,BA,36315,ITAPICURU,1,1,468.0,468.0,5000.0,5000.0,1,1,30,1
2024,BA,36331,ITAPITANGA,3,2,1190.0,396.6666666666667,16000.0,5333.333333333333,2,1,80,1
2024,BA,36374,ITARANTIM,1,1,420.0,420.0,6000.0,6000.0,0,1,24,1
2024,BA,36390,ITIRUÇU,1,1,372.0,372.0,6000.0,6000.0,1,1,4,1
2024,BA,36412,ITIÚBA,2,1,936.0,468.0,12000.0,6000.0,0,1,75,1
2024,BA,36439,ITORORÓ,1,1,461.0,461.0,6000.0,6000.0,0,0,87,1
2024,BA,36471,ITUBERÁ,2,2,1200.0,600.0,12000.0,6000.0,0,2,14,1
2024,BA,36510,JACOBINA,4,3,2100.0,525.0,29000.0,7250.0,0,1,157,1
2024,BA,36552,JAGUARARI,1,1,400.0,400.0,8000.0,8000.0,0,1,12,1
2024,BA,36579,JAGUARIPE,1,1,581.0,581.0,6000.0,6000.0,0,0,200,1
2024,BA,36595,JANDAÍRA,5,3,1672.0,334.4,25000.0,5000.0,0,2,99,1
2024,BA,36617,JEQUIÉ,4,2,2796.0,699.0,36000.0,9000.0,0,1,198,1
2024,BA,36650,JIQUIRIÇÁ,1,1,374.0,374.0,5000.0,5000.0,0,0,31,1
2024,BA,36692,JUAZEIRO,8,4,4617.0,577.125,82000.0,10250.0,0,7,133,1
2024,BA,36706,JUCURUÇU,1,1,400.0,400.0,10000.0,10000.0,1,1,6,1
2024,BA,36714,JUSSARA,3,1,1200.0,400.0,16800.0,5600.0,0,2,70,1
2024,BA,36757,LAFAIETE COUTINHO,3,3,1127.0,375.6666666666667,14000.0,4666.666666666667,0,2,35,1
2024,BA,36765,LAGOA REAL,1,1,270.0,270.0,9000.0,9000.0,0,1,3,1
2024,BA,36773,LAJE,3,2,1374.0,458.0,18000.0,6000.0,1,2,37,1
2024,BA,36790,LAJEDÃO,3,2,1114.0,371.3333333333333,15000.0,5000.0,2,2,43,1
2024,BA,36838,LAMARÃO,1,1,369.0,369.0,6000.0,6000.0,0,0,117,1
2024,BA,36854,LAURO DE FREITAS,13,6,9957.0,765.9230769230769,328000.0,25230.76923076923,2,6,197,1
2024,BA,36897,LICÍNIO DE ALMEIDA,1,1,370.0,370.0,7000.0,7000.0,0,0,53,1
2024,BA,36919,LIVRAMENTO DE NOSSA SENHORA,11,5,4668.0,424.3636363636364,51000.0,4636.363636363636,6,2,83,1
2024,BA,36935,MACAJUBA,1,1,453.0,453.0,10000.0,10000.0,0,0,37,1
2024,BA,36951,MACARANI,2,2,1300.0,650.0,13200.0,6600.0,0,2,11,1
2024,BA,36978,MACAÚBAS,3,3,1716.0,572.0,24500.0,8166.666666666667,1,1,34,1
2024,BA,37010,MAIQUINIQUE,1,1,400.0,400.0,12500.0,12500.0,1,1,7,1
2024,BA,37036,MAIRI,1,1,461.0,461.0,6000.0,6000.0,1,0,76,1
2024,BA,37052,MALHADA,2,2,765.0,382.5,18300.0,9150.0,0,2,11,1
2024,BA,37095,MANOEL VITORINO,5,3,2555.0,511.0,22200.0,4440.0,0,3,70,1
2024,BA,37117,MARACÁS,9,7,4287.0,476.3333333333333,59500.0,6611.111111111111,2,5,109,1
2024,BA,37192,MASCOTE,1,1,515.0,515.0,6000.0,6000.0,0,0,123,1
2024,BA,37214,MATA DE SÃO JOÃO,1,1,592.0,592.0,6000.0,6000.0,0,0,223,1
2024,BA,37230,MEDEIROS NETO,2,2,830.0,415.0,10500.0,5250.0,1,1,39,1
2024,BA,37257,MIGUEL CALMON,5,5,2260.0,452.0,36500.0,7300.0,1,3,72,1
2024,BA,37290,MIRANGABA,1,1,450.0,450.0,6000.0,6000.0,0,1,7,1
2024,BA,37303,MIRANTE,1,1,380.0,380.0,6000.0,6000.0,0,0,33,1
2024,BA,37311,MONTE SANTO,6,4,3756.0,626.0,66500.0,11083.333333333334,0,2,144,1
2024,BA,37354,MORRO DO CHAPÉU,3,2,1582.0,527.3333333333334,31000.0,10333.333333333334,0,1,171,1
2024,BA,37370,MORTUGABA,1,1,372.0,372.0,6000.0,6000.0,0,1,19,1
2024,BA,37397,MUCUGÊ,1,1,373.0,373.0,6000.0,6000.0,1,1,8,1
2024,BA,37419,MUCURI,7,5,2979.0,425.57142857142856,61500.0,8785.714285714286,2,7,22,1
2024,BA,37427,MULUNGU DO MORRO,11,5,4481.0,407.3636363636364,64500.0,5863.636363636364,0,5,157,1
2024,BA,37435,MUNDO NOVO,2,2,885.0,442.5,14000.0,7000.0,0,2,5,1
2024,BA,37460,MUQUÉM DO SÃO FRANCISCO,3,3,1284.0,428.0,21800.0,7266.666666666667,0,2,138,1
2024,BA,37494,MUTUÍPE,2,2,1018.0,509.0,13500.0,6750.0,0,2,21,1
2024,BA,37516,NAZARÉ,2,2,851.0,425.5,16000.0,8000.0,0,1,86,1
2024,BA,37583,NOVA REDENÇÃO,1,1,370.0,370.0,4500.0,4500.0,0,0,45,1
2024,BA,37591,NOVA SOURE,3,2,1260.0,420.0,24000.0,8000.0,0,2,112,1
2024,BA,37630,OLINDINA,2,1,930.0,465.0,12000.0,6000.0,1,1,121,1
2024,BA,37656,OLIVEIRA DOS BREJINHOS,6,3,3030.0,505.0,29000.0,4833.333333333333,4,4,106,1
2024,BA,37672,OURIÇANGAS,3,2,1501.0,500.3333333333333,20500.0,6833.333333333333,0,2,89,1
2024,BA,37680,OUROLÂNDIA,1,1,370.0,370.0,6000.0,6000.0,0,1,6,1
2024,BA,37699,PALMAS DE MONTE ALTO,2,2,770.0,385.0,17000.0,8500.0,0,2,6,1
2024,BA,37737,PARAMIRIM,6,4,2495.0,415.8333333333333,22500.0,3750.0,6,3,84,1
2024,BA,37796,PAU BRASIL,1,1,942.0,942.0,9000.0,9000.0,0,1,7,1
2024,BA,37818,PAULO AFONSO,8,6,4283.0,535.375,66133.0,8266.625,1,3,188,1
2024,BA,37850,PEDRO ALEXANDRE,2,2,959.0,479.5,9000.0,4500.0,0,2,30,1
2024,BA,37877,PIATÃ,3,2,1305.0,435.0,20000.0,6666.666666666667,0,1,94,1
2024,BA,37893,PILÃO ARCADO,2,2,950.0,475.0,10500.0,5250.0,0,2,6,1
2024,BA,37915,PINDAÍ,3,3,1468.0,489.3333333333333,18500.0,6166.666666666667,1,3,5,1
2024,BA,37931,PINDOBAÇU,1,1,400.0,400.0,5000.0,5000.0,0,0,152,1
2024,BA,37974,PIRITIBA,1,1,385.0,385.0,10000.0,10000.0,0,1,7,1
2024,BA,38032,POÇÕES,1,1,500.0,500.0,5000.0,5000.0,0,1,3,1
2024,BA,38059,POJUCA,1,1,611.0,611.0,5033.0,5033.0,1,0,96,1
2024,BA,38067,PONTO NOVO,2,2,863.0,431.5,11000.0,5500.0,0,0,169,1
2024,BA,38075,PORTO SEGURO,14,7,9354.0,668.1428571428571,143000.0,10214.285714285714,3,10,111,1
2024,BA,38113,PRADO,5,3,2096.0,419.2,45000.0,9000.0,1,2,53,1
2024,BA,38130,PRESIDENTE DUTRA,1,1,980.0,980.0,6000.0,6000.0,0,0,59,1
2024,BA,38164,PRESIDENTE TANCREDO NEVES,1,1,420.0,420.0,12000.0,12000.0,1,0,119,1
2024,BA,38199,QUINJINGUE,4,2,2274.0,568.5,24200.0,6050.0,2,0,117,1
2024,BA,38210,REMANSO,1,1,600.0,600.0,16000.0,16000.0,0,1,10,1
2024,BA,38237,RETIROLÂNDIA,3,3,1801.0,600.3333333333334,22000.0,7333.333333333333,0,1,137,1
2024,BA,38253,RIACHÃO DAS NEVES,1,1,366.0,366.0,6000.0,6000.0,0,1,10,1
2024,BA,38270,RIACHÃO DO JACUÍPE,6,4,2648.0,441.3333333333333,41000.0,6833.333333333333,0,2,84,1
2024,BA,38296,RIACHO DE SANTANA,3,2,1281.0,427.0,25000.0,8333.333333333334,1,2,129,1
2024,BA,38318,RIBEIRA DO AMPARO,2,1,2226.0,1113.0,8000.0,4000.0,0,1,31,1
2024,BA,38334,RIBEIRA DO POMBAL,4,3,2414.0,603.5,25000.0,6250.0,0,2,136,1
2024,BA,38350,RIO DE CONTAS,8,4,2992.0,374.0,35000.0,4375.0,3,2,138,1
2024,BA,38393,RIO DO PIRES,8,4,3387.0,423.375,36500.0,4562.5,5,3,134,1
2024,BA,38415,RIO REAL,2,2,1005.0,502.5,15000.0,7500.0,0,1,117,1
2024,BA,38431,RODELAS,1,1,400.0,400.0,11000.0,11000.0,0,1,3,1
2024,BA,38458,RUY BARBOSA,11,6,5578.0,507.09090909090907,57000.0,5181.818181818182,3,0,-64,1
2024,BA,38490,SALVADOR,34,11,35825.0,1053.6764705882354,1392902.8,40967.72941176471,10,14,257,1
2024,BA,38555,SANTA CRUZ CABRÁLIA,4,3,1585.0,396.25,38780.0,9695.0,1,2,51,1
2024,BA,38610,SANTALUZ,1,1,567.0,567.0,5233.0,5233.0,1,1,26,1
2024,BA,38679,SANTANÓPOLIS,2,1,1124.0,562.0,12000.0,6000.0,0,1,181,1
2024,BA,38733,SANTO ANTÔNIO DE JESUS,4,2,2377.0,594.25,42000.0,10500.0,2,1,135,1
2024,BA,38750,SANTO ESTEVÃO,2,1,800.0,400.0,13000.0,6500.0,0,0,187,1
2024,BA,38776,SÃO DESIDÉRIO,1,1,417.0,417.0,8000.0,8000.0,0,1,8,1
2024,BA,38814,SÃO FELIPE,1,1,400.0,400.0,5000.0,5000.0,0,1,7,1
2024,BA,38822,SÃO FÉLIX DO CORIBE,1,1,518.0,518.0,4000.0,4000.0,1,0,109,1
2024,BA,38830,SÃO FRANCISCO DO CONDE,3,3,1690.0,563.3333333333334,55000.0,18333.333333333332,0,1,73,1
2024,BA,38857,SÃO GONÇALO DOS CAMPOS,5,2,2985.0,597.0,38000.0,7600.0,0,2,187,1
2024,BA,38865,SÃO JOSÉ DO JACUÍPE,3,3,1206.0,402.0,32000.0,10666.666666666666,1,1,88,1
2024,BA,38873,SÃO MIGUEL DAS MATAS,2,2,800.0,400.0,12500.0,6250.0,0,2,10,1
2024,BA,38890,SÃO SEBASTIÃO DO PASSÉ,2,1,1184.0,592.0,12000.0,6000.0,0,0,215,1
2024,BA,38938,SÁTIRO DIAS,2,2,985.0,492.5,15000.0,7500.0,0,1,41,1
2024,BA,38946,SAUBARA,2,2,1000.0,500.0,12633.0,6316.5,1,2,20,1
2024,BA,38954,SAÚDE,2,2,835.0,417.5,10000.0,5000.0,1,0,171,1
2024,BA,38970,SEABRA,6,5,2677.0,446.1666666666667,98000.0,16333.333333333334,0,4,93,1
2024,BA,39012,SENHOR DO BONFIM,1,1,500.0,500.0,7000.0,7000.0,0,1,14,1
2024,BA,39071,SERRA PRETA,6,4,3178.0,529.6666666666666,43000.0,7166.666666666667,0,4,75,1
2024,BA,39098,SERRINHA,3,3,1585.0,528.3333333333334,26000.0,8666.666666666666,0,2,42,1
2024,BA,39136,SIMÕES FILHO,4,4,1826.0,456.5,85000.0,21250.0,0,3,38,1
2024,BA,39144,SÍTIO DO MATO,2,1,831.0,415.5,10500.0,5250.0,1,0,95,1
2024,BA,39152,SOUTO SOARES,4,2,2010.0,502.5,28000.0,7000.0,0,2,81,1
2024,BA,39179,TABOCAS DO BREJO VELHO,1,1,400.0,400.0,10000.0,10000.0,0,1,3,1
2024,BA,39195,TANHAÇU,5,5,2148.0,429.6,23500.0,4700.0,3,4,36,1
2024,BA,39217,TANQUINHO,1,1,401.0,401.0,5000.0,5000.0,0,1,3,1
2024,BA,39250,TAPIRAMUTÁ,4,4,1424.0,356.0,19500.0,4875.0,1,3,134,1
2024,BA,39292,TEOFILÂNDIA,2,2,758.0,379.0,9000.0,4500.0,1,2,28,1
2024,BA,39390,UAUÁ,3,1,1758.0,586.0,22000.0,7333.333333333333,0,1,206,1
2024,BA,39411,UBAÍRA,4,2,1724.0,431.0,21000.0,5250.0,2,2,54,1
2024,BA,39438,UBAITABA,2,2,1120.0,560.0,11000.0,5500.0,0,2,18,1
2024,BA,39454,UBATÃ,1,1,521.0,521.0,10800.0,10800.0,0,1,29,1
2024,BA,39489,UMBURANAS,3,2,1321.0,440.3333333333333,20000.0,6666.666666666667,1,2,64,1
2024,BA,39497,UNA,2,2,785.0,392.5,26500.0,13250.0,1,2,16,1
2024,BA,39535,URUÇUCA,2,2,1200.0,600.0,10000.0,5000.0,1,1,43,1
2024,BA,39551,UTINGA,2,2,860.0,430.0,10000.0,5000.0,0,2,7,1
2024,BA,39578,VALENÇA,3,3,1423.0,474.3333333333333,50000.0,16666.666666666668,0,3,5,1
2024,BA,39594,VALENTE,1,1,400.0,400.0,6000.0,6000.0,0,1,11,1
2024,BA,39616,VÁRZEA DO POÇO,1,1,367.0,367.0,5000.0,5000.0,0,0,56,1
2024,BA,39624,VARZEDO,1,1,370.0,370.0,5000.0,5000.0,0,0,38,1
2024,BA,39632,VERA CRUZ,3,2,1521.0,507.0,16033.0,5344.333333333333,3,1,72,1
2024,BA,39640,VEREDA,1,1,400.0,400.0,12000.0,12000.0,0,1,16,1
2024,BA,39659,VITÓRIA DA CONQUISTA,6,4,4693.0,782.1666666666666,121757.0,20292.833333333332,1,3,192,1
2024,BA,39675,WAGNER,5,3,2560.0,512.0,43000.0,8600.0,0,2,128,1
2024,BA,39691,WENCESLAU GUIMARÃES,2,2,850.0,425.0,21000.0,10500.0,0,2,9,1
2024,BA,39713,XIQUE-XIQUE,8,4,4364.0,545.5,60200.0,7525.0,1,5,129,1
2024,BA,39748,MADRE DE DEUS,3,2,1167.0,389.0,24000.0,8000.0,0,2,131,1
2024,BA,39756,MAETINGA,2,2,864.0,432.0,22000.0,11000.0,0,2,6,1
2024,BA,39772,MANSIDÃO,2,2,905.0,452.5,13000.0,6500.0,0,2,11,1
2024,BA,39810,PÉ DE SERRA,6,4,2899.0,483.1666666666667,30500.0,5083.333333333333,2,3,160,1
2024,BA,39845,QUIXABEIRA,2,2,768.0,384.0,16000.0,8000.0,0,1,111,1
2024,BA,39870,SANTA LUZIA,1,1,374.0,374.0,6000.0,6000.0,0,0,126,1
2024,BA,39896,SÃO GABRIEL,6,4,2702.0,450.3333333333333,58000.0,9666.666666666666,0,3,127,1
2024,BA,39900,SÍTIO DO QUINTO,4,4,1854.0,463.5,23000.0,5750.0,0,2,131,1
2024,BA,39918,TANQUE NOVO,1,1,504.0,504.0,13000.0,13000.0,0,1,19,1
2024,BA,39934,TEIXEIRA DE FREITAS,6,4,3430.0,571.6666666666666,155500.0,25916.666666666668,3,5,34,1
2024,BA,39942,NOVO HORIZONTE,2,2,614.0,307.0,19000.0,9500.0,1,1,65,1
2024,BA,39950,VÁRZEA NOVA,8,4,3011.0,376.375,90500.0,11312.5,1,3,192,1
2024,BA,39969,NOVA IBIÁ,2,2,820.0,410.0,12000.0,6000.0,0,2,19,1
2024,BA,39977,VÁRZEA DA ROÇA,1,1,458.0,458.0,6000.0,6000.0,0,0,78,1
2024,BA,39985,SOBRADINHO,3,2,1387.0,462.3333333333333,20000.0,6666.666666666667,0,1,211,1
2024,CE,13005,JIJOCA DE JERICOACOARA,2,2,800.0,400.0,22000.0,11000.0,0,2,17,1
2024,CE,13013,ABAIARA,1,1,278.0,278.0,10000.0,10000.0,0,0,45,1
2024,CE,13021,MADALENA,1,1,300.0,300.0,8000.0,8000.0,0,0,198,1
2024,CE,13064,GRAÇA,4,3,1630.0,407.5,36000.0,9000.0,0,3,65,1
2024,CE,13110,ALTANEIRA,1,1,400.0,400.0,12000.0,12000.0,0,1,12,1
2024,CE,13137,ALTO SANTO,1,1,463.0,463.0,4000.0,4000.0,0,0,114,1
2024,CE,13196,AQUIRAZ,2,2,1000.0,500.0,76755.70999999999,38377.854999999996,0,1,98,1
2024,CE,13200,ERERÊ,3,2,1100.0,366.6666666666667,16000.0,5333.333333333333,0,3,24,1
2024,CE,13218,ARACATI,1,1,400.0,400.0,10000.0,10000.0,0,1,8,1
2024,CE,13277,ARATUBA,1,1,400.0,400.0,12000.0,12000.0,0,1,9,1
2024,CE,13323,TEJUÇUOCA,1,1,414.0,414.0,8000.0,8000.0,0,1,27,1
2024,CE,13374,BARBALHA,3,3,1573.0,524.3333333333334,87000.0,29000.0,0,3,9,1
2024,CE,13390,BARRO,1,1,501.0,501.0,6000.0,6000.0,0,0,71,1
2024,CE,13404,BARROQUINHA,3,3,1115.0,371.6666666666667,24500.0,8166.666666666667,0,3,15,1
2024,CE,13412,BATURITÉ,1,1,588.0,588.0,12000.0,12000.0,0,1,11,1
2024,CE,13439,BEBERIBE,1,1,505.0,505.0,10000.0,10000.0,0,0,46,1
2024,CE,13455,BELA CRUZ,1,1,377.0,377.0,12000.0,12000.0,0,1,6,1
2024,CE,13480,ITAITINGA,1,1,550.0,550.0,40000.0,40000.0,0,0,42,1
2024,CE,13501,FORTIM,1,1,522.0,522.0,10000.0,10000.0,0,0,73,1
2024,CE,13510,CAMOCIM,1,1,470.0,470.0,8000.0,8000.0,0,1,12,1
2024,CE,13552,CANINDÉ,3,3,1500.0,500.0,87000.0,29000.0,0,3,21,1
2024,CE,13579,CAPISTRANO,2,2,861.0,430.5,18000.0,9000.0,0,2,28,1
2024,CE,13692,CASCAVEL,3,3,1278.0,426.0,34000.0,11333.333333333334,0,2,34,1
2024,CE,13730,CAUCAIA,14,7,11157.0,796.9285714285714,489901.71,34992.97928571429,2,6,105,1
2024,CE,13757,CEDRO,2,2,777.0,388.5,26000.0,13000.0,0,2,6,1
2024,CE,13838,CRATEÚS,4,3,1500.0,375.0,47000.0,11750.0,0,4,17,1
2024,CE,13854,CRATO,4,4,2540.0,635.0,129046.0,32261.5,0,4,18,1
2024,CE,13870,FARIAS BRITO,1,1,300.0,300.0,7000.0,7000.0,0,1,7,1
2024,CE,13897,FORTALEZA,69,15,78611.0,1139.2898550724638,3329226.5,48249.659420289856,21,24,264,1
2024,CE,13919,FRECHEIRINHA,4,2,1522.0,380.5,45000.0,11250.0,0,2,70,1
2024,CE,13978,GRANJEIRO,2,1,643.0,321.5,18000.0,9000.0,0,1,91,1
2024,CE,13994,GROAÍRAS,1,1,370.0,370.0,12000.0,12000.0,0,1,7,1
2024,CE,14010,GUARACIABA DO NORTE,1,1,500.0,500.0,12000.0,12000.0,0,1,26,1
2024,CE,14052,HIDROLÂNDIA,4,3,1726.0,431.5,92000.0,23000.0,0,4,27,1
2024,CE,14079,IBIAPINA,3,1,1200.0,400.0,36000.0,12000.0,0,3,18,1
2024,CE,14117,IGUATU,1,1,400.0,400.0,15000.0,15000.0,0,1,5,1
2024,CE,14133,INDEPENDÊNCIA,4,3,1977.0,494.25,63000.0,15750.0,0,3,58,1
2024,CE,14150,IPAUMIRIM,2,1,700.0,350.0,11000.0,5500.0,0,1,54,1
2024,CE,14176,IPU,4,2,1716.0,429.0,36000.0,9000.0,0,4,14,1
2024,CE,14214,IRACEMA,4,3,1698.0,424.5,31000.0,7750.0,0,2,71,1
2024,CE,14273,ITAPAGÉ,2,2,849.0,424.5,20000.0,10000.0,0,2,4,1
2024,CE,14290,ITAPIPOCA,1,1,600.0,600.0,40000.0,40000.0,0,1,26,1
2024,CE,14311,ITAPIÚNA,2,2,700.0,350.0,22000.0,11000.0,0,2,6,1
2024,CE,14354,JAGUARETAMA,2,1,900.0,450.0,11000.0,5500.0,0,1,32,1
2024,CE,14370,JAGUARIBARA,1,1,400.0,400.0,5000.0,5000.0,0,1,4,1
2024,CE,14397,JAGUARIBE,1,1,379.0,379.0,10000.0,10000.0,0,1,3,1
2024,CE,14451,JATI,4,3,1628.0,407.0,26000.0,6500.0,1,2,155,1
2024,CE,14478,JUAZEIRO DO NORTE,16,9,11500.0,718.75,550322.0,34395.125,0,11,181,1
2024,CE,14532,LIMOEIRO DO NORTE,2,2,800.0,400.0,16000.0,8000.0,0,2,19,1
2024,CE,14559,MARANGUAPE,1,1,640.0,640.0,65000.0,65000.0,0,1,12,1
2024,CE,14591,MARTINÓPOLE,2,1,742.0,371.0,16000.0,8000.0,0,2,17,1
2024,CE,14613,MASSAPÊ,4,3,1580.0,395.0,40000.0,10000.0,0,3,86,1
2024,CE,14630,MAURITI,1,1,400.0,400.0,10000.0,10000.0,0,0,34,1
2024,CE,14656,MERUOCA,1,1,542.0,542.0,10000.0,10000.0,0,0,70,1
2024,CE,14672,MILAGRES,2,2,800.0,400.0,14000.0,7000.0,0,2,3,1
2024,CE,14710,MOMBAÇA,3,2,1728.0,576.0,67000.0,22333.333333333332,0,2,41,1
2024,CE,14737,MONSENHOR TABOSA,1,1,400.0,400.0,12000.0,12000.0,0,0,31,1
2024,CE,14753,MORADA NOVA,8,7,3597.0,449.625,109000.0,13625.0,2,5,59,1
2024,CE,14770,MORAÚJO,2,2,700.0,350.0,21250.0,10625.0,0,2,7,1
2024,CE,14796,MORRINHOS,1,1,400.0,400.0,10000.0,10000.0,0,0,34,1
2024,CE,14834,MULUNGU,1,1,500.0,500.0,10000.0,10000.0,0,1,27,1
2024,CE,14850,NOVA OLINDA,1,1,574.0,574.0,14000.0,14000.0,0,1,16,1
2024,CE,14893,NOVO ORIENTE,1,1,378.0,378.0,8000.0,8000.0,0,1,4,1
2024,CE,14915,ORÓS,1,1,376.0,376.0,11000.0,11000.0,0,1,5,1
2024,CE,14931,PACAJUS,2,2,700.0,350.0,18000.0,9000.0,0,2,7,1
2024,CE,14958,PACATUBA,5,4,2476.0,495.2,74000.0,14800.0,1,4,173,1
2024,CE,14974,PACOTI,2,2,671.0,335.5,16000.0,8000.0,0,2,12,1
2024,CE,15032,PALMÁCIA,2,1,597.0,298.5,16000.0,8000.0,0,1,58,1
2024,CE,15113,PEDRA BRANCA,2,1,1018.0,509.0,42000.0,21000.0,0,1,42,1
2024,CE,15156,PENTECOSTE,2,2,700.0,350.0,22000.0,11000.0,0,2,7,1
2024,CE,15172,PEREIRO,1,1,500.0,500.0,5000.0,5000.0,0,1,25,1
2024,CE,15199,PIQUET CARNEIRO,1,1,400.0,400.0,10000.0,10000.0,0,1,4,1
2024,CE,15210,PORANGA,4,3,1510.0,377.5,39000.0,9750.0,0,4,13,1
2024,CE,15253,POTENGI,1,1,300.0,300.0,12000.0,12000.0,0,0,54,1
2024,CE,15270,QUIXADÁ,1,1,500.0,500.0,12000.0,12000.0,0,1,22,1
2024,CE,15440,SALITRE,1,1,300.0,300.0,7000.0,7000.0,0,1,8,1
2024,CE,15458,SANTA QUITÉRIA,2,2,900.0,450.0,58000.0,29000.0,0,0,-376,1
2024,CE,15474,SÃO BENEDITO,1,1,400.0,400.0,12000.0,12000.0,0,1,10,1
2024,CE,15490,SÃO GONÇALO DO AMARANTE,6,4,2663.0,443.8333333333333,80296.43,13382.738333333333,0,4,98,1
2024,CE,15539,SÃO LUÍS DO CURU,2,2,700.0,350.0,18000.0,9000.0,0,2,9,1
2024,CE,15555,SENADOR POMPEU,5,2,2326.0,465.2,98000.0,19600.0,0,4,140,1
2024,CE,15598,SOBRAL,3,3,1790.0,596.6666666666666,194350.0,64783.333333333336,0,3,17,1
2024,CE,15610,SOLONÓPOLE,1,1,400.0,400.0,12000.0,12000.0,0,1,25,1
2024,CE,15636,TABULEIRO DO NORTE,2,2,800.0,400.0,42600.0,21300.0,0,1,38,1
2024,CE,15652,TAMBORIL,2,2,777.0,388.5,20000.0,10000.0,0,2,9,1
2024,CE,15679,TAUÁ,1,1,580.0,580.0,59620.0,59620.0,0,1,9,1
2024,CE,15717,TRAIRI,1,1,230.0,230.0,35000.0,35000.0,1,1,4,1
2024,CE,15733,UBAJARA,4,2,2242.0,560.5,36000.0,9000.0,0,3,43,1
2024,CE,15750,UMARI,1,1,406.0,406.0,5000.0,5000.0,0,1,12,1
2024,CE,15776,URUBURETAMA,2,1,900.0,450.0,24000.0,12000.0,2,0,250,1
2024,CE,15792,URUOCA,1,1,290.0,290.0,12000.0,12000.0,0,1,13,1
2024,CE,15814,VÁRZEA ALEGRE,1,1,417.0,417.0,10000.0,10000.0,0,1,10,1
2024,CE,15830,VIÇOSA DO CEARÁ,1,1,381.0,381.0,8000.0,8000.0,0,1,5,1
2024,CE,15857,MARACANAÚ,1,1,1060.0,1060.0,16000.0,16000.0,0,1,21,1
2024,CE,15873,AMONTADA,1,1,400.0,400.0,15000.0,15000.0,0,1,7,1
2024,CE,15911,FORQUILHA,3,2,1221.0,407.0,32000.0,10666.666666666666,0,2,106,1
2024,CE,15938,ICAPUÍ,4,4,1476.0,369.0,48000.0,12000.0,0,4,9,1
2024,CE,15989,DEPUTADO IRAPUAN PINHEIRO,2,2,1333.0,666.5,38000.0,19000.0,0,2,9,1
2024,ES,56006,SÃO DOMINGOS DO NORTE,2,1,1200.0,600.0,43000.0,21500.0,0,1,90,1
2024,ES,56014,AFONSO CLÁUDIO,3,3,1487.0,495.6666666666667,30000.0,10000.0,0,3,15,1
2024,ES,56022,ÁGUA DOCE DO NORTE,2,1,800.0,400.0,22000.0,11000.0,0,1,135,1
2024,ES,56030,ALEGRE,1,1,410.0,410.0,5000.0,5000.0,0,1,12,1
2024,ES,56049,IRUPI,5,3,1498.0,299.6,25000.0,5000.0,0,4,61,1
2024,ES,56057,ALFREDO CHAVES,9,5,3402.0,378.0,79000.0,8777.777777777777,0,5,173,1
2024,ES,56073,ANCHIETA,11,6,4758.0,432.54545454545456,128500.0,11681.818181818182,3,6,187,1
2024,ES,56081,VILA PAVÃO,5,4,2008.0,401.6,70500.0,14100.0,1,3,168,1
2024,ES,56090,APIACÁ,1,1,363.0,363.0,5000.0,5000.0,0,1,15,1
2024,ES,56111,ARACRUZ,8,3,3360.0,420.0,68500.0,8562.5,6,2,122,1
2024,ES,56120,MARATAÍZES,4,3,2150.0,537.5,32500.0,8125.0,3,2,109,1
2024,ES,56138,ATÍLIO VIVÁCQUA,2,2,740.0,370.0,15000.0,7500.0,1,1,40,1
2024,ES,56146,BREJETUBA,4,3,1635.0,408.75,54800.0,13700.0,0,3,133,1
2024,ES,56154,BAIXO GUANDU,4,4,1630.0,407.5,34000.0,8500.0,2,2,89,1
2024,ES,56162,SÃO ROQUE DO CANAÃ,2,1,824.0,412.0,14000.0,7000.0,0,2,30,1
2024,ES,56170,BARRA DE SÃO FRANCISCO,7,2,2820.0,402.85714285714283,70000.0,10000.0,6,2,94,1
2024,ES,56189,SOORETAMA,3,3,1100.0,366.6666666666667,32000.0,10666.666666666666,1,2,45,1
2024,ES,56197,BOA ESPERANÇA,14,6,6496.0,464.0,162000.0,11571.42857142857,3,10,166,1
2024,ES,56200,PONTO BELO,3,2,1284.0,428.0,16000.0,5333.333333333333,3,2,59,1
2024,ES,56219,BOM JESUS DO NORTE,1,1,382.0,382.0,5000.0,5000.0,0,1,4,1
2024,ES,56227,VILA VALÉRIO,4,3,1604.0,401.0,37500.0,9375.0,0,4,18,1
2024,ES,56235,CACHOEIRO DE ITAPEMIRIM,19,7,14578.0,767.2631578947369,302557.6,15924.084210526315,9,6,175,1
2024,ES,56251,CARIACICA,11,5,6534.0,594.0,234257.0,21296.090909090908,7,6,179,1
2024,ES,56278,CASTELO,1,1,589.0,589.0,14000.0,14000.0,0,1,25,1
2024,ES,56294,COLATINA,10,4,4583.0,458.3,176400.0,17640.0,5,6,93,1
2024,ES,56308,GOVERNADOR LINDENBERG,2,1,910.0,455.0,35000.0,17500.0,0,0,94,1
2024,ES,56316,CONCEIÇÃO DA BARRA,10,6,4077.0,407.7,106300.0,10630.0,6,6,127,1
2024,ES,56332,CONCEIÇÃO DO CASTELO,2,2,771.0,385.5,25000.0,12500.0,0,2,18,1
2024,ES,56359,DIVINO DE SÃO LOURENÇO,6,4,1780.0,296.6666666666667,35500.0,5916.666666666667,1,1,163,1
2024,ES,56375,DOMINGOS MARTINS,3,2,1593.0,531.0,25000.0,8333.333333333334,0,3,17,1
2024,ES,56391,DORES DO RIO PRETO,1,1,264.0,264.0,2000.0,2000.0,0,1,11,1
2024,ES,56413,ECOPORANGA,1,1,377.0,377.0,6000.0,6000.0,1,1,11,1
2024,ES,56430,FUNDÃO,13,6,5189.0,399.15384615384613,83300.0,6407.692307692308,4,6,201,1
2024,ES,56456,GUAÇUÍ,6,4,2520.0,420.0,48915.0,8152.5,0,4,39,1
2024,ES,56472,GUARAPARI,11,6,5001.0,454.6363636363636,106000.0,9636.363636363636,8,4,179,1
2024,ES,56499,IBIRAÇU,2,2,967.0,483.5,28000.0,14000.0,0,2,8,1
2024,ES,56502,IBITIRAMA,6,4,2681.0,446.8333333333333,50500.0,8416.666666666666,1,2,230,1
2024,ES,56510,ICONHA,5,2,1892.0,378.4,25000.0,5000.0,0,2,113,1
2024,ES,56553,ITAPEMIRIM,9,5,5000.0,555.5555555555555,74000.0,8222.222222222223,2,3,156,1
2024,ES,56570,ITARANA,1,1,400.0,400.0,10000.0,10000.0,0,1,16,1
2024,ES,56596,IÚNA,2,1,1200.0,600.0,5000.0,2500.0,0,1,31,1
2024,ES,56634,LINHARES,16,10,8683.0,542.6875,282100.0,17631.25,8,10,169,1
2024,ES,56650,MANTENÓPOLIS,1,1,733.0,733.0,20000.0,20000.0,0,1,21,1
2024,ES,56693,MONTANHA,6,5,2817.0,469.5,50820.0,8470.0,1,5,264,1
2024,ES,56715,MUCURICI,4,3,1560.0,390.0,35500.0,8875.0,3,4,20,1
2024,ES,56731,MUNIZ FREIRE,4,3,2011.0,502.75,65000.0,16250.0,0,1,39,1
2024,ES,56774,NOVA VENÉCIA,10,6,4254.0,425.4,100000.0,10000.0,8,5,169,1
2024,ES,56812,PINHEIROS,14,5,5592.0,399.42857142857144,118500.0,8464.285714285714,6,8,157,1
2024,ES,56839,PIÚMA,4,3,1443.0,360.75,22500.0,5625.0,2,3,52,1
2024,ES,56855,PRESIDENTE KENNEDY,7,3,2980.0,425.7142857142857,66500.0,9500.0,3,5,165,1
2024,ES,56871,RIO NOVO DO SUL,1,1,260.0,260.0,10000.0,10000.0,0,1,23,1
2024,ES,56898,SANTA LEOPOLDINA,3,3,1040.0,346.6666666666667,21000.0,7000.0,1,2,40,1
2024,ES,56910,SANTA TERESA,1,1,420.0,420.0,10400.0,10400.0,0,1,12,1
2024,ES,56936,SÃO GABRIEL DA PALHA,3,2,1308.0,436.0,49000.0,16333.333333333334,2,2,73,1
2024,ES,56952,SÃO JOSÉ DO CALÇADO,3,3,934.0,311.3333333333333,14500.0,4833.333333333333,1,1,129,1
2024,ES,56979,SÃO MATEUS,14,7,6498.0,464.14285714285717,154000.0,11000.0,9,9,156,1
2024,ES,56995,SERRA,39,9,30188.0,774.0512820512821,699674.0,17940.358974358973,15,12,225,1
2024,ES,57010,VIANA,5,1,2000.0,400.0,50000.0,10000.0,5,2,118,1
2024,ES,57037,VILA VELHA,10,4,5964.0,596.4,225257.0,22525.7,6,6,180,1
2024,ES,57053,VITÓRIA,26,7,21430.0,824.2307692307693,687327.4,26435.669230769232,18,13,184,1
2024,ES,57070,MARILÂNDIA,2,2,716.0,358.0,27000.0,13500.0,0,1,163,1
2024,ES,57096,IBATIBA,5,5,1898.0,379.6,41500.0,8300.0,1,5,26,1
2024,ES,57118,RIO BANANAL,7,5,2720.0,388.57142857142856,47000.0,6714.285714285715,2,4,155,1
2024,ES,57134,JAGUARÉ,6,3,2704.0,450.6666666666667,58733.0,9788.833333333334,4,3,233,1
2024,ES,57150,PEDRO CANÁRIO,4,2,1590.0,397.5,41500.0,10375.0,3,3,128,1
2024,ES,57932,SANTA MARIA DE JETIBÁ,2,2,782.0,391.0,26500.0,13250.0,0,2,12,1
2024,ES,57959,VARGEM ALTA,3,3,1085.0,361.6666666666667,16000.0,5333.333333333333,1,2,77,1
2024,ES,57975,VENDA NOVA DO IMIGRANTE,4,3,1452.0,363.0,30000.0,7500.0,0,4,30,1
2024,ES,57991,ÁGUIA BRANCA,3,3,1200.0,400.0,34000.0,11333.333333333334,0,2,74,1
2024,GO,92010,ABADIÂNIA,4,3,1451.0,362.75,45000.0,11250.0,1,2,197,1
2024,GO,92029,BONFINÓPOLIS,12,7,3975.0,331.25,53000.0,4416.666666666667,3,7,155,1
2024,GO,92037,ÁGUA LIMPA,1,1,300.0,300.0,3000.0,3000.0,1,0,195,1
2024,GO,92053,ALEXÂNIA,12,9,5399.0,449.9166666666667,60300.0,5025.0,2,7,192,1
2024,GO,92061,CAMPOS VERDES,11,6,3043.0,276.6363636363636,37700.0,3427.2727272727275,3,5,250,1
2024,GO,92096,ALOÂNDIA,1,1,277.0,277.0,2000.0,2000.0,1,0,78,1
2024,GO,92100,CEZARINA,4,3,1902.0,475.5,20500.0,5125.0,0,2,115,1
2024,GO,92118,ALTO PARAÍSO DE GOIÁS,2,2,700.0,350.0,8000.0,4000.0,0,1,92,1
2024,GO,92126,COLINAS DO SUL,5,3,1448.0,289.6,15500.0,3100.0,3,2,216,1
2024,GO,92169,MORRO AGUDO DE GOIÁS,1,1,300.0,300.0,3000.0,3000.0,0,1,10,1
2024,GO,92177,AMORINÓPOLIS,2,2,554.0,277.0,7000.0,3500.0,2,2,11,1
2024,GO,92207,EDEALINA,2,2,479.0,239.5,4000.0,2000.0,1,0,122,1
2024,GO,92215,ANÁPOLIS,65,16,48206.0,741.6307692307693,840463.0,12930.2,5,19,255,1
2024,GO,92223,FAINA,3,2,1830.0,610.0,13000.0,4333.333333333333,0,3,17,1
2024,GO,92231,ANHANGÜERA,2,1,500.0,250.0,5500.0,2750.0,0,1,64,1
2024,GO,92258,ANICUNS,7,3,2153.0,307.57142857142856,40000.0,5714.285714285715,1,2,132,1
2024,GO,92266,GOUVELÂNDIA,3,3,991.0,330.3333333333333,12000.0,4000.0,2,2,160,1
2024,GO,92274,APARECIDA DE GOIÂNIA,56,16,40782.0,728.25,834868.0,14908.357142857143,11,20,282,1
2024,GO,92282,ITAGUARI,1,1,400.0,400.0,2500.0,2500.0,1,0,198,1
2024,GO,92290,APORÉ,2,2,629.0,314.5,7500.0,3750.0,2,2,18,1
2024,GO,92312,ARAÇU,3,1,1068.0,356.0,20000.0,6666.666666666667,0,1,126,1
2024,GO,92320,MATRINCHÃ,1,1,410.0,410.0,3000.0,3000.0,0,0,70,1
2024,GO,92339,ARAGARÇAS,9,5,3005.0,333.8888888888889,36000.0,4000.0,3,5,179,1
2024,GO,92355,ARAGOIÂNIA,5,4,1580.0,316.0,25350.0,5070.0,1,3,53,1
2024,GO,92363,MONTIVIDIU,4,4,1382.0,345.5,18500.0,4625.0,2,3,33,1
2024,GO,92444,NOVO PLANALTO,1,1,314.0,314.0,10000.0,10000.0,0,1,5,1
2024,GO,92460,PALESTINA DE GOIÁS,4,2,1003.0,250.75,10500.0,2625.0,4,3,75,1
2024,GO,92550,AVELINÓPOLIS,7,5,2546.0,363.7142857142857,19500.0,2785.714285714286,1,2,197,1
2024,GO,92568,SANTA FÉ DE GOIÁS,2,2,629.0,314.5,12000.0,6000.0,0,2,12,1
2024,GO,92614,BALIZA,3,1,750.0,250.0,8500.0,2833.3333333333335,3,1,113,1
2024,GO,92622,SÃO JOÃO DA PARAÚNA,3,2,961.0,320.3333333333333,23500.0,7833.333333333333,0,2,42,1
2024,GO,92630,BARRO ALTO,13,3,4875.0,375.0,71100.0,5469.2307692307695,1,7,252,1
2024,GO,92649,SÃO LUIZ DO NORTE,1,1,250.0,250.0,7000.0,7000.0,0,1,5,1
2024,GO,92657,BELA VISTA DE GOIÁS,10,8,4073.0,407.3,62700.0,6270.0,1,9,51,1
2024,GO,92665,SÃO MIGUEL DO PASSA QUATRO,2,2,600.0,300.0,5500.0,2750.0,0,1,40,1
2024,GO,92673,BOM JARDIM DE GOIÁS,13,7,4436.0,341.2307692307692,78200.0,6015.384615384615,5,6,200,1
2024,GO,92690,BOM JESUS DE GOIÁS,7,5,2281.0,325.85714285714283,17500.0,2500.0,3,0,208,1
2024,GO,92703,SENADOR CANEDO,32,13,16102.0,503.1875,208100.0,6503.125,3,16,244,1
2024,GO,92711,BRAZABRANTES,2,2,550.0,275.0,6000.0,3000.0,0,2,14,1
2024,GO,92720,SIMOLÂNDIA,4,3,1165.0,291.25,22000.0,5500.0,0,2,79,1
2024,GO,92754,BRITÂNIA,7,7,2516.0,359.42857142857144,27100.0,3871.4285714285716,1,5,145,1
2024,GO,92762,TERESINA DE GOIÁS,3,3,964.0,321.3333333333333,11000.0,3666.6666666666665,2,0,165,1
2024,GO,92770,BURITI ALEGRE,9,5,3027.0,336.3333333333333,35050.0,3894.4444444444443,4,4,275,1
2024,GO,92789,TROMBAS,1,1,300.0,300.0,4000.0,4000.0,0,0,32,1
2024,GO,92800,TURVELÂNDIA,4,4,1250.0,312.5,20500.0,5125.0,3,1,177,1
2024,GO,92819,CACHOEIRA ALTA,1,1,302.0,302.0,18000.0,18000.0,0,1,20,1
2024,GO,92827,RIO QUENTE,2,1,600.0,300.0,6000.0,3000.0,0,1,78,1
2024,GO,92851,CAÇU,5,4,1672.0,334.4,20800.0,4160.0,0,5,25,1
2024,GO,92860,GUARINOS,1,1,250.0,250.0,3000.0,3000.0,0,1,30,1
2024,GO,92878,CAIAPÔNIA,6,2,1972.0,328.6666666666667,16000.0,2666.6666666666665,6,2,130,1
2024,GO,92894,CALDAS NOVAS,23,12,10223.0,444.4782608695652,156560.0,6806.95652173913,3,7,234,1
2024,GO,92908,SANTO ANTÔNIO DE GOIÁS,5,4,1570.0,314.0,15950.0,3190.0,0,4,135,1
2024,GO,92916,CAMPESTRE DE GOIÁS,6,4,1650.0,275.0,16000.0,2666.6666666666665,2,3,58,1
2024,GO,92932,CAMPINORTE,2,1,1147.0,573.5,4000.0,2000.0,0,1,82,1
2024,GO,92940,ALTO HORIZONTE,7,4,3092.0,441.7142857142857,23500.0,3357.1428571428573,0,5,87,1
2024,GO,92959,CAMPO ALEGRE DE GOIÁS,1,1,250.0,250.0,5000.0,5000.0,0,1,10,1
2024,GO,92967,CASTELÂNDIA,8,4,2755.0,344.375,21500.0,2687.5,4,2,198,1
2024,GO,92975,CAMPOS BELOS,3,2,1150.0,383.3333333333333,19000.0,6333.333333333333,0,2,164,1
2024,GO,92991,CARMO DO RIO VERDE,4,3,1952.0,488.0,12420.0,3105.0,2,1,136,1
2024,GO,93009,APARECIDA DO RIO DOCE,1,1,300.0,300.0,2500.0,2500.0,0,0,73,1
2024,GO,93017,CATALÃO,26,10,10420.0,400.7692307692308,177900.0,6842.307692307692,5,8,263,1
2024,GO,93025,CIDADE OCIDENTAL,3,3,1276.0,425.3333333333333,26500.0,8833.333333333334,0,2,207,1
2024,GO,93033,CATURAÍ,2,2,600.0,300.0,4500.0,2250.0,0,1,40,1
2024,GO,93041,PROFESSOR JAMIL,2,1,600.0,300.0,5000.0,2500.0,0,0,73,1
2024,GO,93068,PEROLÂNDIA,1,1,250.0,250.0,2500.0,2500.0,1,0,55,1
2024,GO,93076,CERES,7,6,2900.0,414.2857142857143,31300.0,4471.428571428572,2,7,17,1
2024,GO,93084,NOVA IGUAÇU DE GOIÁS,1,1,253.0,253.0,1500.0,1500.0,0,0,83,1
2024,GO,93092,DIVINÓPOLIS DE GOIÁS,7,3,3491.0,498.7142857142857,35000.0,5000.0,0,2,86,1
2024,GO,93106,BURITI DE GOIÁS,3,3,973.0,324.3333333333333,13500.0,4500.0,0,0,132,1
2024,GO,93122,CALDAZINHA,1,1,300.0,300.0,5000.0,5000.0,0,0,42,1
2024,GO,93149,GUARAÍTA,4,2,1326.0,331.5,12500.0,3125.0,0,3,43,1
2024,GO,93157,CÓRREGO DO OURO,5,4,1671.0,334.2,18500.0,3700.0,2,2,184,1
2024,GO,93173,CORUMBÁ DE GOIÁS,2,2,680.0,340.0,7500.0,3750.0,1,1,134,1
2024,GO,93181,MONTIVIDIU DO NORTE,4,3,1279.0,319.75,18000.0,4500.0,1,2,198,1
2024,GO,93190,CORUMBAÍBA,5,3,1565.0,313.0,28000.0,5600.0,1,3,165,1
2024,GO,93203,SANTO ANTÔNIO DA BARRA,4,3,1100.0,275.0,14000.0,3500.0,1,3,210,1
2024,GO,93220,TEREZÓPOLIS DE GOIÁS,5,4,1656.0,331.2,24500.0,4900.0,1,3,69,1
2024,GO,93246,UIRAPURU,1,1,300.0,300.0,3000.0,3000.0,0,0,179,1
2024,GO,93254,CRISTALINA,7,4,3105.0,443.57142857142856,52642.9,7520.414285714286,1,5,233,1
2024,GO,93262,BURITINÓPOLIS,3,3,885.0,295.0,12500.0,4166.666666666667,0,2,95,1
2024,GO,93270,CRISTIANÓPOLIS,3,3,960.0,320.0,16500.0,5500.0,0,3,20,1
2024,GO,93289,VILA BOA,1,1,300.0,300.0,4000.0,4000.0,0,1,10,1
2024,GO,93297,CRIXÁS,4,2,1460.0,365.0,13800.0,3450.0,1,1,205,1
2024,GO,93300,VALPARAÍSO DE GOIÁS,18,9,12963.0,720.1666666666666,185800.0,10322.222222222223,4,10,195,1
2024,GO,93319,CROMÍNIA,6,5,1819.0,303.1666666666667,31500.0,5250.0,0,4,73,1
2024,GO,93327,NOVO GAMA,7,6,4443.0,634.7142857142857,79000.0,11285.714285714286,2,2,224,1
2024,GO,93343,ÁGUAS LINDAS DE GOIÁS,8,4,5602.0,700.25,82978.8,10372.35,4,2,197,1
2024,GO,93351,DAMIANÓPOLIS,2,2,673.0,336.5,11800.0,5900.0,0,2,11,1
2024,GO,93386,AMARALINA,4,2,1175.0,293.75,13800.0,3450.0,0,1,201,1
2024,GO,93394,DAVINÓPOLIS,2,2,787.0,393.5,12000.0,6000.0,1,1,41,1
2024,GO,93408,BONÓPOLIS,3,2,857.0,285.6666666666667,23000.0,7666.666666666667,1,2,38,1
2024,GO,93424,PORTEIRÃO,6,6,1918.0,319.6666666666667,27800.0,4633.333333333333,3,2,254,1
2024,GO,93432,DIORAMA,2,1,490.0,245.0,4000.0,2000.0,2,2,29,1
2024,GO,93440,SANTA RITA DO NOVO DESTINO,3,2,813.0,271.0,11500.0,3833.3333333333335,1,1,206,1
2024,GO,93491,EDÉIA,4,2,1200.0,300.0,10500.0,2625.0,0,2,73,1
2024,GO,93548,IPIRANGA DE GOIÁS,5,1,1320.0,264.0,21000.0,4200.0,1,1,178,1
2024,GO,93564,GAMELEIRA DE GOIÁS,6,3,1901.0,316.8333333333333,33000.0,5500.0,1,4,162,1
2024,GO,93572,FIRMINÓPOLIS,2,2,701.0,350.5,11000.0,5500.0,1,1,144,1
2024,GO,93599,FLORES DE GOIÁS,1,1,301.0,301.0,3000.0,3000.0,0,0,109,1
2024,GO,93602,LAGOA SANTA,2,2,600.0,300.0,9000.0,4500.0,1,2,16,1
2024,GO,93610,FORMOSA,12,7,6450.0,537.5,83190.0,6932.5,1,10,84,1
2024,GO,93637,FORMOSO,4,4,1150.0,287.5,15000.0,3750.0,1,4,9,1
2024,GO,93670,GOIANÁPOLIS,2,2,800.0,400.0,4500.0,2250.0,2,1,197,1
2024,GO,93718,GOIANÉSIA,14,7,5855.0,418.2142857142857,80015.0,5715.357142857143,3,5,199,1
2024,GO,93734,GOIÂNIA,90,22,86664.0,962.9333333333333,1908420.2,21204.66888888889,28,30,261,1
2024,GO,93750,GOIANIRA,4,3,1603.0,400.75,18000.0,4500.0,0,3,73,1
2024,GO,93777,GOIÁS,5,5,1751.0,350.2,22500.0,4500.0,1,2,133,1
2024,GO,93793,GOIATUBA,16,10,6400.0,400.0,108500.0,6781.25,3,9,185,1
2024,GO,93815,GUAPÓ,5,4,1750.0,350.0,16000.0,3200.0,1,3,49,1
2024,GO,93831,GUARANI DE GOIÁS,1,1,240.0,240.0,2000.0,2000.0,0,0,143,1
2024,GO,93874,HEITORAÍ,3,3,1067.0,355.6666666666667,7500.0,2500.0,1,0,197,1
2024,GO,93890,HIDROLÂNDIA,3,2,1240.0,413.3333333333333,20365.0,6788.333333333333,0,1,244,1
2024,GO,93939,IACIARA,3,1,1038.0,346.0,9000.0,3000.0,0,1,57,1
2024,GO,93955,INHUMAS,9,7,3453.0,383.6666666666667,52000.0,5777.777777777777,0,5,132,1
2024,GO,93971,IPAMERI,9,5,3634.0,403.77777777777777,50974.4,5663.822222222222,5,5,198,1
2024,GO,93998,IPORÁ,12,8,5170.0,430.8333333333333,71000.0,5916.666666666667,4,9,196,1
2024,GO,94072,ITAGUARU,8,4,2800.0,350.0,21500.0,2687.5,1,4,177,1
2024,GO,94110,ITAJÁ,1,1,300.0,300.0,5000.0,5000.0,0,1,6,1
2024,GO,94137,ITAPACI,7,3,2710.0,387.14285714285717,30300.0,4328.571428571428,0,2,252,1
2024,GO,94153,ITAPIRAPUÃ,10,6,3844.0,384.4,37300.0,3730.0,0,6,85,1
2024,GO,94196,ITAPURANGA,3,3,1400.0,466.6666666666667,17200.0,5733.333333333333,0,3,9,1
2024,GO,94218,ITARUMÃ,1,1,300.0,300.0,3000.0,3000.0,0,1,24,1
2024,GO,94234,ITAUÇU,3,3,901.0,300.3333333333333,21700.0,7233.333333333333,1,1,202,1
2024,GO,94250,ITUMBIARA,14,7,8058.0,575.5714285714286,93885.0,6706.071428571428,7,6,271,1
2024,GO,94293,JANDAIA,8,4,2700.0,337.5,27500.0,3437.5,0,3,107,1
2024,GO,94315,JARAGUÁ,2,1,800.0,400.0,16380.0,8190.0,0,1,44,1
2024,GO,94331,JATAÍ,6,4,2482.0,413.6666666666667,65700.0,10950.0,0,5,38,1
2024,GO,94358,JAUPACI,3,1,750.0,250.0,8000.0,2666.6666666666665,2,1,213,1
2024,GO,94374,JOVIÂNIA,10,8,3161.0,316.1,40500.0,4050.0,2,5,182,1
2024,GO,94439,LEOPOLDO DE BULHÕES,1,1,350.0,350.0,9500.0,9500.0,0,1,9,1
2024,GO,94455,LUZIÂNIA,7,4,4720.0,674.2857142857143,56000.0,8000.0,0,2,216,1
2024,GO,94471,MAIRIPOTABA,4,3,1238.0,309.5,13000.0,3250.0,0,0,204,1
2024,GO,94498,MAMBAÍ,6,3,2082.0,347.0,28000.0,4666.666666666667,1,3,84,1
2024,GO,94510,MARA ROSA,4,2,1808.0,452.0,13800.0,3450.0,0,1,202,1
2024,GO,94536,MARZAGÃO,1,1,339.0,339.0,3000.0,3000.0,0,0,175,1
2024,GO,94552,PARANAIGUARA,2,1,618.0,309.0,16500.0,8250.0,0,1,74,1
2024,GO,94579,MAURILÂNDIA,6,4,1750.0,291.6666666666667,30000.0,5000.0,0,3,135,1
2024,GO,94595,MINEIROS,7,4,2873.0,410.42857142857144,33000.0,4714.285714285715,3,1,248,1
2024,GO,94650,MOIPORÁ,2,1,492.0,246.0,4000.0,2000.0,2,2,26,1
2024,GO,94676,MONTE ALEGRE DE GOIÁS,2,1,550.0,275.0,10000.0,5000.0,1,1,241,1
2024,GO,94714,MONTES CLAROS DE GOIÁS,3,2,1094.0,364.6666666666667,22500.0,7500.0,0,3,19,1
2024,GO,94730,MORRINHOS,11,5,4663.0,423.90909090909093,57000.0,5181.818181818182,0,6,72,1
2024,GO,94757,MOSSÂMEDES,5,4,1705.0,341.0,15500.0,3100.0,1,1,191,1
2024,GO,94773,MOZARLÂNDIA,4,4,1572.0,393.0,26800.0,6700.0,1,4,29,1
2024,GO,94790,MUTUNÓPOLIS,4,3,1293.0,323.25,22000.0,5500.0,0,2,39,1
2024,GO,94854,NAZÁRIO,6,4,2130.0,355.0,21000.0,3500.0,0,4,148,1
2024,GO,94870,NERÓPOLIS,10,7,4402.0,440.2,34500.0,3450.0,4,3,240,1
2024,GO,94897,NIQUELÂNDIA,12,8,6094.0,507.8333333333333,57500.0,4791.666666666667,2,6,215,1
2024,GO,94978,NOVA VENEZA,2,2,595.0,297.5,14500.0,7250.0,0,1,42,1
2024,GO,95010,NOVO BRASIL,1,1,450.0,450.0,2000.0,2000.0,0,1,5,1
2024,GO,95036,ORIZONA,4,4,1398.0,349.5,27000.0,6750.0,1,3,50,1
2024,GO,95052,OURO VERDE DE GOIÁS,1,1,301.0,301.0,5000.0,5000.0,1,0,166,1
2024,GO,95079,OUVIDOR,5,3,1608.0,321.6,26500.0,5300.0,3,3,96,1
2024,GO,95095,PADRE BERNARDO,6,5,3416.0,569.3333333333334,53000.0,8833.333333333334,0,2,225,1
2024,GO,95117,PALMEIRAS DE GOIÁS,10,8,3921.0,392.1,68948.4,6894.839999999999,3,6,179,1
2024,GO,95176,PANAMÁ,4,3,1222.0,305.5,14500.0,3625.0,2,3,85,1
2024,GO,95230,PARAÚNA,8,5,2542.0,317.75,49500.0,6187.5,0,4,47,1
2024,GO,95311,PETROLINA DE GOIÁS,2,2,650.0,325.0,5500.0,2750.0,1,1,44,1
2024,GO,95354,PILAR DE GOIÁS,2,2,490.0,245.0,12000.0,6000.0,0,2,10,1
2024,GO,95397,PIRACANJUBA,12,5,3750.0,312.5,49500.0,4125.0,2,8,196,1
2024,GO,95419,PIRANHAS,13,5,4228.0,325.2307692307692,51000.0,3923.076923076923,9,9,210,1
2024,GO,95435,PIRENÓPOLIS,1,1,378.0,378.0,10000.0,10000.0,0,1,5,1
2024,GO,95451,PIRES DO RIO,5,5,1998.0,399.6,23650.0,4730.0,2,2,244,1
2024,GO,95494,PONTALINA,10,3,3293.0,329.3,31500.0,3150.0,5,3,229,1
2024,GO,95559,PORANGATU,8,4,3383.0,422.875,66220.0,8277.5,3,4,214,1
2024,GO,95613,POSSE,3,3,1312.0,437.3333333333333,23500.0,7833.333333333333,1,2,44,1
2024,GO,95630,QUIRINÓPOLIS,6,5,2372.0,395.3333333333333,56100.0,9350.0,1,2,204,1
2024,GO,95656,RIALMA,5,3,1650.0,330.0,25000.0,5000.0,0,4,42,1
2024,GO,95672,RIANÁPOLIS,1,1,250.0,250.0,3000.0,3000.0,0,0,100,1
2024,GO,95710,RIO VERDE,17,12,10307.0,606.2941176470588,189409.8,11141.75294117647,9,13,135,1
2024,GO,95737,RUBIATABA,6,4,3681.0,613.5,29000.0,4833.333333333333,1,4,46,1
2024,GO,95753,SANCLERLÂNDIA,2,2,650.0,325.0,6500.0,3250.0,0,1,139,1
2024,GO,95796,SANTA CRUZ DE GOIÁS,1,1,350.0,350.0,5000.0,5000.0,0,1,17,1
2024,GO,95818,SANTA HELENA DE GOIÁS,9,5,4010.0,445.55555555555554,53500.0,5944.444444444444,2,4,197,1
2024,GO,95834,SANTA RITA DO ARAGUAIA,1,1,300.0,300.0,6000.0,6000.0,0,1,7,1
2024,GO,95877,SANTA TEREZA DE GOIÁS,3,2,900.0,300.0,13000.0,4333.333333333333,0,2,31,1
2024,GO,95915,SÃO DOMINGOS,3,2,1021.0,340.3333333333333,23000.0,7666.666666666667,2,2,43,1
2024,GO,95931,SÃO FRANCISCO DE GOIÁS,3,3,947.0,315.6666666666667,19000.0,6333.333333333333,2,2,79,1
2024,GO,95958,PLANALTINA,2,1,1029.0,514.5,24000.0,12000.0,1,0,198,1
2024,GO,95974,SÃO JOÃO D'ALIANÇA,2,1,600.0,300.0,7500.0,3750.0,0,1,93,1
2024,GO,95990,SÃO LUÍS DE MONTES BELOS,9,5,4560.0,506.6666666666667,27000.0,3000.0,1,5,137,1
2024,GO,96016,SÃO MIGUEL DO ARAGUAIA,5,4,2088.0,417.6,30000.0,6000.0,4,0,212,1
2024,GO,96059,SÃO SIMÃO,5,5,1677.0,335.4,63000.0,12600.0,0,4,56,1
2024,GO,96075,SERRANÓPOLIS,2,1,560.0,280.0,7000.0,3500.0,0,1,44,1
2024,GO,96091,SILVÂNIA,11,6,4161.0,378.27272727272725,69900.0,6354.545454545455,1,8,239,1
2024,GO,96172,TAQUARAL DE GOIÁS,10,5,3175.0,317.5,30500.0,3050.0,4,4,197,1
2024,GO,96237,TRÊS RANCHOS,2,1,710.0,355.0,6000.0,3000.0,0,0,156,1
2024,GO,96253,TRINDADE,18,9,8911.0,495.05555555555554,149778.4,8321.022222222222,4,10,197,1
2024,GO,96318,TURVÂNIA,1,1,350.0,350.0,8500.0,8500.0,0,0,142,1
2024,GO,96334,URUAÇU,12,6,4828.0,402.3333333333333,98959.0,8246.583333333334,4,6,220,1
2024,GO,96350,URUANA,1,1,350.0,350.0,7000.0,7000.0,0,1,27,1
2024,GO,96377,URUTAÍ,3,3,776.0,258.6666666666667,11000.0,3666.6666666666665,0,1,49,1
2024,GO,96393,VARJÃO,8,6,2614.0,326.75,28000.0,3500.0,3,3,260,1
2024,GO,96415,VIANÓPOLIS,6,4,2168.0,361.3333333333333,50600.0,8433.333333333334,3,2,179,1
2024,GO,96458,ACREÚNA,10,6,3591.0,359.1,43000.0,4300.0,3,3,167,1
2024,GO,96474,MINAÇU,7,4,2937.0,419.57142857142856,53000.0,7571.428571428572,1,2,166,1
2024,GO,96512,MUNDO NOVO,3,3,913.0,304.3333333333333,15000.0,5000.0,1,2,33,1
2024,GO,96539,NOVA CRIXÁS,4,4,1476.0,369.0,27000.0,6750.0,1,4,15,1
2024,GO,96571,VICENTINÓPOLIS,3,3,1014.0,338.0,17000.0,5666.666666666667,0,2,173,1
2024,GO,96610,AMERICANO DO BRASIL,7,5,2220.0,317.14285714285717,26000.0,3714.285714285714,1,4,179,1
2024,GO,96695,ARAGUAPAZ,3,3,1100.0,366.6666666666667,8500.0,2833.3333333333335,0,2,33,1
2024,GO,96717,ARENÓPOLIS,7,2,2008.0,286.85714285714283,20500.0,2928.5714285714284,5,1,220,1
2024,GO,96733,CACHOEIRA DOURADA,2,1,628.0,314.0,6500.0,3250.0,2,1,194,1
2024,GO,96750,DOVERLÂNDIA,11,7,3588.0,326.1818181818182,36000.0,3272.7272727272725,6,5,179,1
2024,GO,96776,SANTO ANTÔNIO DO DESCOBERTO,4,3,1974.0,493.5,18500.0,4625.0,1,3,177,1
2024,GO,96814,INDIARA,17,7,5648.0,332.2352941176471,92300.0,5429.411764705882,2,5,255,1
2024,GO,96873,CAMPINAÇU,3,3,870.0,290.0,8000.0,2666.6666666666665,1,3,30,1
2024,GO,96890,SANTA ISABEL,4,3,1150.0,287.5,11500.0,2875.0,2,2,174,1
2024,GO,96911,ADELÂNDIA,2,2,680.0,340.0,9500.0,4750.0,2,1,136,1
2024,GO,96938,ÁGUA FRIA DE GOIÁS,1,1,300.0,300.0,5000.0,5000.0,0,1,6,1
2024,MA,07005,ÁGUA DOCE DO MARANHÃO,3,3,1043.0,347.6666666666667,13000.0,4333.333333333333,0,2,50,1
2024,MA,07013,AFONSO CUNHA,1,1,350.0,350.0,7000.0,7000.0,1,1,6,1
2024,MA,07021,ALTO ALEGRE DO MARANHÃO,1,1,400.0,400.0,4000.0,4000.0,0,1,4,1
2024,MA,07030,ALCÂNTARA,1,1,318.0,318.0,8000.0,8000.0,0,1,18,1
2024,MA,07048,ALTO ALEGRE DO PINDARÉ,6,3,2082.0,347.0,41000.0,6833.333333333333,1,2,271,1
2024,MA,07056,ALDEIAS ALTAS,1,1,312.0,312.0,6000.0,6000.0,0,1,20,1
2024,MA,07064,APICUM-AÇU,1,1,340.0,340.0,6000.0,6000.0,0,0,193,1
2024,MA,07072,ALTAMIRA DO MARANHÃO,8,6,3248.0,406.0,34500.0,4312.5,0,4,150,1
2024,MA,07080,AMAPÁ DO MARANHÃO,1,1,341.0,341.0,3000.0,3000.0,0,1,12,1
2024,MA,07099,ALTO PARNAÍBA,4,3,1070.0,267.5,22500.0,5625.0,0,0,179,1
2024,MA,07102,ARAGUANÃ,1,1,380.0,380.0,4500.0,4500.0,0,1,17,1
2024,MA,07129,BACABEIRA,5,3,1471.0,294.2,29000.0,5800.0,0,0,257,1
2024,MA,07137,ANAJATUBA,4,3,2220.0,555.0,17500.0,4375.0,0,4,30,1
2024,MA,07145,BACURITUBA,1,1,331.0,331.0,6000.0,6000.0,0,1,15,1
2024,MA,07153,ANAPURUS,1,1,400.0,400.0,6000.0,6000.0,0,1,9,1
2024,MA,07170,ARAIOSES,3,2,1767.0,589.0,13000.0,4333.333333333333,0,1,109,1
2024,MA,07188,BELA VISTA DO MARANHÃO,6,5,2440.0,406.6666666666667,33500.0,5583.333333333333,0,3,141,1
2024,MA,07196,ARARI,8,4,3578.0,447.25,46000.0,5750.0,0,4,209,1
2024,MA,07200,BERNARDO DO MEARIM,2,1,600.0,300.0,10000.0,5000.0,0,0,63,1
2024,MA,07226,CACHOEIRA GRANDE,1,1,308.0,308.0,3500.0,3500.0,0,0,50,1
2024,MA,07234,BACABAL,9,4,5064.0,562.6666666666666,62000.0,6888.888888888889,0,4,224,1
2024,MA,07242,DAVINÓPOLIS,3,3,1108.0,369.3333333333333,14000.0,4666.666666666667,1,3,13,1
2024,MA,07250,BACURI,3,3,1672.0,557.3333333333334,13000.0,4333.333333333333,0,0,154,1
2024,MA,07269,BOM JESUS DAS SELVAS,2,1,1002.0,501.0,14000.0,7000.0,0,1,52,1
2024,MA,07277,BALSAS,10,8,6489.0,648.9,91500.0,9150.0,1,6,81,1
2024,MA,07285,BOM LUGAR,1,1,800.0,800.0,6000.0,6000.0,0,0,88,1
2024,MA,07293,BARÃO DE GRAJAÚ,4,4,2260.0,565.0,28500.0,7125.0,0,2,140,1
2024,MA,07307,BREJO DE AREIA,3,3,809.0,269.6666666666667,10500.0,3500.0,1,3,24,1
2024,MA,07315,BARRA DO CORDA,11,4,4755.0,432.27272727272725,77500.0,7045.454545454545,2,5,137,1
2024,MA,07323,BOA VISTA DO GURUPI,4,3,1667.0,416.75,31000.0,7750.0,2,3,185,1
2024,MA,07331,BARREIRINHAS,13,10,6076.0,467.38461538461536,122457.8,9419.83076923077,1,3,232,1
2024,MA,07340,BURITICUPU,8,6,5399.0,674.875,70200.0,8775.0,4,3,247,1
2024,MA,07358,BENEDITO LEITE,1,1,212.0,212.0,4500.0,4500.0,0,1,15,1
2024,MA,07374,BEQUIMÃO,1,1,380.0,380.0,8000.0,8000.0,0,1,8,1
2024,MA,07382,CAMPESTRE DO MARANHÃO,2,2,466.0,233.0,10000.0,5000.0,2,1,101,1
2024,MA,07390,BREJO,5,4,2109.0,421.8,29500.0,5900.0,1,2,226,1
2024,MA,07404,CAPINZAL DO NORTE,3,3,1228.0,409.3333333333333,9500.0,3166.6666666666665,2,0,262,1
2024,MA,07412,BURITI,5,5,2544.0,508.8,27500.0,5500.0,0,4,69,1
2024,MA,07439,BURITI BRAVO,10,5,6502.0,650.2,79566.0,7956.6,5,4,141,1
2024,MA,07447,CENTRO DO GUILHERME,2,1,887.0,443.5,15000.0,7500.0,0,1,121,1
2024,MA,07455,CAJAPIÓ,2,2,710.0,355.0,11500.0,5750.0,1,1,71,1
2024,MA,07463,CENTRO NOVO DO MARANHÃO,2,1,600.0,300.0,10000.0,5000.0,0,1,131,1
2024,MA,07480,CIDELÂNDIA,1,1,384.0,384.0,4000.0,4000.0,0,1,5,1
2024,MA,07498,CÂNDIDO MENDES,1,1,390.0,390.0,5000.0,5000.0,1,0,101,1
2024,MA,07501,CONCEIÇÃO DO LAGO-AÇU,3,2,1180.0,393.3333333333333,15500.0,5166.666666666667,0,1,200,1
2024,MA,07510,CANTANHEDE,1,1,350.0,350.0,5000.0,5000.0,0,0,38,1
2024,MA,07528,FEIRA NOVA DO MARANHÃO,3,3,921.0,307.0,15500.0,5166.666666666667,1,1,184,1
2024,MA,07536,CAROLINA,2,2,666.0,333.0,16000.0,8000.0,1,2,14,1
2024,MA,07544,FERNANDO FALCÃO,5,1,1615.0,323.0,30000.0,6000.0,0,2,140,1
2024,MA,07560,FORMOSA DA SERRA NEGRA,5,3,2292.0,458.4,32200.0,6440.0,0,2,260,1
2024,MA,07579,CAXIAS,17,11,9320.0,548.2352941176471,127500.0,7500.0,1,10,193,1
2024,MA,07595,CEDRAL,2,2,563.0,281.5,9600.0,4800.0,0,2,11,1
2024,MA,07617,CHAPADINHA,1,1,600.0,600.0,7000.0,7000.0,0,1,29,1
2024,MA,07625,GOVERNADOR LUIZ ROCHA,1,1,535.0,535.0,3500.0,3500.0,1,0,49,1
2024,MA,07633,CODÓ,7,4,3540.0,505.7142857142857,51500.0,7357.142857142857,3,3,240,1
2024,MA,07641,GOVERNADOR NEWTON BELLO,5,3,2027.0,405.4,27000.0,5400.0,0,1,210,1
2024,MA,07650,COELHO NETO,5,2,1935.0,387.0,40000.0,8000.0,0,2,152,1
2024,MA,07668,GOVERNADOR NUNES FREIRE,5,4,3065.0,613.0,36000.0,7200.0,0,2,201,1
2024,MA,07676,COLINAS,7,4,4101.0,585.8571428571429,50700.0,7242.857142857143,0,2,102,1
2024,MA,07684,IGARAPÉ DO MEIO,1,1,324.0,324.0,6000.0,6000.0,0,0,214,1
2024,MA,07692,COROATÁ,2,1,1200.0,600.0,26000.0,13000.0,0,1,37,1
2024,MA,07706,ITAIPAVA DO GRAJAÚ,1,1,335.0,335.0,6000.0,6000.0,0,0,59,1
2024,MA,07722,ITINGA DO MARANHÃO,1,1,384.0,384.0,4000.0,4000.0,1,1,7,1
2024,MA,07730,DOM PEDRO,4,2,1588.0,397.0,22000.0,5500.0,0,3,60,1
2024,MA,07749,JATOBÁ,6,3,1966.0,327.6666666666667,45450.0,7575.0,3,2,182,1
2024,MA,07773,ESPERANTINÓPOLIS,4,2,1612.0,403.0,19500.0,4875.0,0,3,59,1
2024,MA,07781,JUNCO DO MARANHÃO,1,1,350.0,350.0,4000.0,4000.0,1,1,7,1
2024,MA,07790,FORTALEZA DOS NOGUEIRAS,10,4,4112.0,411.2,67800.0,6780.0,4,4,74,1
2024,MA,07803,LAGO DOS RODRIGUES,3,3,1012.0,337.3333333333333,15500.0,5166.666666666667,0,3,18,1
2024,MA,07811,FORTUNA,1,1,500.0,500.0,10000.0,10000.0,0,1,6,1
2024,MA,07820,LAGOA DO MATO,1,1,502.0,502.0,6000.0,6000.0,0,1,7,1
2024,MA,07838,GODOFREDO VIANA,3,3,1901.0,633.6666666666666,10500.0,3500.0,0,2,135,1
2024,MA,07846,LAGOA GRANDE DO MARANHÃO,2,2,800.0,400.0,11500.0,5750.0,1,0,262,1
2024,MA,07854,GONÇALVES DIAS,8,6,3853.0,481.625,47000.0,5875.0,1,3,192,1
2024,MA,07862,LAJEADO NOVO,1,1,201.0,201.0,7000.0,7000.0,1,1,20,1
2024,MA,07889,MARACAÇUMÉ,3,2,1114.0,371.3333333333333,9100.0,3033.3333333333335,1,1,185,1
2024,MA,07900,MARAJÁ DO SENA,5,3,1732.0,346.4,18500.0,3700.0,2,2,102,1
2024,MA,07919,GRAÇA ARANHA,2,2,654.0,327.0,12000.0,6000.0,0,1,147,1
2024,MA,07927,MARANHÃOZINHO,1,1,320.0,320.0,7000.0,7000.0,0,1,11,1
2024,MA,07935,GRAJAÚ,11,5,6264.0,569.4545454545455,93500.0,8500.0,4,5,87,1
2024,MA,07951,GUIMARÃES,1,1,382.0,382.0,4500.0,4500.0,0,0,45,1
2024,MA,07978,HUMBERTO DE CAMPOS,2,2,839.0,419.5,16000.0,8000.0,0,1,131,1
2024,MA,07986,NOVA COLINAS,1,1,265.0,265.0,6000.0,6000.0,0,1,18,1
2024,MA,07994,ICATU,1,1,400.0,400.0,6000.0,6000.0,0,1,5,1
2024,MA,08001,NOVA OLINDA DO MARANHÃO,5,2,2977.0,595.4,28000.0,5600.0,0,3,90,1
2024,MA,08010,IGARAPÉ GRANDE,1,1,350.0,350.0,6000.0,6000.0,0,1,5,1
2024,MA,08028,OLINDA NOVA DO MARANHÃO,2,1,768.0,384.0,8000.0,4000.0,2,2,18,1
2024,MA,08036,IMPERATRIZ,23,11,16371.0,711.7826086956521,260456.8,11324.208695652173,4,11,240,1
2024,MA,08052,SÃO LUÍS GONZAGA DO MARANHÃO,3,2,1400.0,466.6666666666667,24500.0,8166.666666666667,0,2,76,1
2024,MA,08060,PEDRO DO ROSÁRIO,8,3,3118.0,389.75,49000.0,6125.0,0,2,233,1
2024,MA,08079,ITAPECURU MIRIM,6,6,5102.0,850.3333333333334,28000.0,4666.666666666667,0,4,157,1
2024,MA,08087,PERITORÓ,2,1,604.0,302.0,21000.0,10500.0,0,1,96,1
2024,MA,08095,JOÃO LISBOA,16,7,7395.0,462.1875,90000.0,5625.0,1,6,162,1
2024,MA,08109,PORTO RICO DO MARANHÃO,1,1,243.0,243.0,3000.0,3000.0,0,0,33,1
2024,MA,08117,JOSELÂNDIA,5,4,1900.0,380.0,27500.0,5500.0,0,1,246,1
2024,MA,08125,PRESIDENTE MÉDICI,3,2,1384.0,461.3333333333333,10500.0,3500.0,1,3,19,1
2024,MA,08133,LAGO DA PEDRA,3,2,2200.0,733.3333333333334,34000.0,11333.333333333334,0,3,28,1
2024,MA,08141,PRESIDENTE SARNEY,1,1,384.0,384.0,4000.0,4000.0,1,1,8,1
2024,MA,08150,LAGO DO JUNCO,1,1,400.0,400.0,6000.0,6000.0,0,1,6,1
2024,MA,08168,RAPOSA,1,1,320.0,320.0,4000.0,4000.0,0,1,5,1
2024,MA,08176,LAGO VERDE,3,2,1200.0,400.0,16000.0,5333.333333333333,1,3,21,1
2024,MA,08192,LIMA CAMPOS,1,1,386.0,386.0,15000.0,15000.0,0,1,7,1
2024,MA,08206,SANTA FILOMENA DO MARANHÃO,3,3,920.0,306.6666666666667,12500.0,4166.666666666667,1,1,149,1
2024,MA,08214,LORETO,6,2,2400.0,400.0,29000.0,4833.333333333333,2,2,85,1
2024,MA,08230,LUÍS DOMINGUES,1,1,400.0,400.0,6000.0,6000.0,0,0,45,1
2024,MA,08249,SANTO AMARO DO MARANHÃO,3,2,1400.0,466.6666666666667,20000.0,6666.666666666667,0,3,16,1
2024,MA,08257,MAGALHÃES DE ALMEIDA,3,2,986.0,328.6666666666667,11000.0,3666.6666666666665,0,1,107,1
2024,MA,08265,SÃO DOMINGOS DO AZEITÃO,1,1,400.0,400.0,6000.0,6000.0,0,1,12,1
2024,MA,08281,SÃO FRANCISCO DO BREJÃO,2,2,640.0,320.0,9000.0,4500.0,0,1,32,1
2024,MA,08290,MATINHA,3,3,1187.0,395.6666666666667,19000.0,6333.333333333333,0,2,64,1
2024,MA,08303,SÃO JOÃO DO CARÚ,6,4,2339.0,389.8333333333333,31000.0,5166.666666666667,1,4,250,1
2024,MA,08311,MATÕES,6,4,3102.0,517.0,65000.0,10833.333333333334,0,4,82,1
2024,MA,08320,SÃO JOÃO DO PARAÍSO,2,1,768.0,384.0,7000.0,3500.0,2,1,39,1
2024,MA,08338,MIRADOR,6,6,2411.0,401.8333333333333,29500.0,4916.666666666667,0,4,172,1
2024,MA,08346,SÃO JOÃO DO SOTER,2,2,911.0,455.5,12000.0,6000.0,0,2,10,1
2024,MA,08354,MIRINZAL,3,3,1013.0,337.6666666666667,13500.0,4500.0,0,1,245,1
2024,MA,08362,SÃO JOSÉ DOS BASÍLIOS,1,1,400.0,400.0,3000.0,3000.0,0,1,6,1
2024,MA,08370,MONÇÃO,6,3,2270.0,378.3333333333333,35000.0,5833.333333333333,0,4,96,1
2024,MA,08400,SÃO PEDRO DOS CRENTES,1,1,356.0,356.0,8000.0,8000.0,0,1,5,1
2024,MA,08419,MORROS,2,1,1783.0,891.5,16000.0,8000.0,0,1,52,1
2024,MA,08435,NINA RODRIGUES,1,1,400.0,400.0,8000.0,8000.0,1,1,2,1
2024,MA,08443,SÃO ROBERTO,1,1,350.0,350.0,4000.0,4000.0,1,1,7,1
2024,MA,08451,NOVA IORQUE,2,2,600.0,300.0,9000.0,4500.0,0,0,55,1
2024,MA,08460,SATUBINHA,2,2,631.0,315.5,9500.0,4750.0,1,1,215,1
2024,MA,08478,OLHO D'ÁGUA DAS CUNHÃS,11,5,4356.0,396.0,46000.0,4181.818181818182,1,6,250,1
2024,MA,08486,SENADOR ALEXANDRE COSTA,3,2,1162.0,387.3333333333333,14000.0,4666.666666666667,1,1,163,1
2024,MA,08494,PAÇO DO LUMIAR,11,6,5301.0,481.90909090909093,55500.0,5045.454545454545,0,6,214,1
2024,MA,08508,SENADOR LA ROCQUE,2,1,664.0,332.0,6000.0,3000.0,2,1,73,1
2024,MA,08516,PALMEIRÂNDIA,6,6,2216.0,369.3333333333333,32500.0,5416.666666666667,0,3,86,1
2024,MA,08524,SERRANO DO MARANHÃO,4,1,1202.0,300.5,23000.0,5750.0,0,1,247,1
2024,MA,08532,PARAIBANO,6,4,2407.0,401.1666666666667,35500.0,5916.666666666667,0,3,225,1
2024,MA,08540,SUCUPIRA DO RIACHÃO,1,1,287.0,287.0,4500.0,4500.0,0,0,99,1
2024,MA,08559,PARNARAMA,1,1,1000.0,1000.0,8000.0,8000.0,1,1,4,1
2024,MA,08575,PASSAGEM FRANCA,5,4,1944.0,388.8,36220.0,7244.0,0,5,30,1
2024,MA,08583,TUFILÂNDIA,2,1,559.0,279.5,11000.0,5500.0,0,0,227,1
2024,MA,08613,PEDREIRAS,3,2,1200.0,400.0,15500.0,5166.666666666667,0,2,92,1
2024,MA,08630,PENALVA,1,1,315.0,315.0,7000.0,7000.0,0,0,46,1
2024,MA,08672,PINDARÉ-MIRIM,2,1,905.0,452.5,9000.0,4500.0,0,1,58,1
2024,MA,08699,PINHEIRO,22,9,11729.0,533.1363636363636,200900.0,9131.818181818182,2,8,257,1
2024,MA,08710,PIO XII,2,2,1184.0,592.0,10000.0,5000.0,1,1,225,1
2024,MA,08737,PIRAPEMAS,4,4,1555.0,388.75,16500.0,4125.0,0,3,55,1
2024,MA,08753,POÇÃO DE PEDRAS,3,3,1050.0,350.0,16000.0,5333.333333333333,0,2,39,1
2024,MA,08770,PORTO FRANCO,2,1,904.0,452.0,14000.0,7000.0,0,2,21,1
2024,MA,08796,PRESIDENTE DUTRA,7,5,4442.0,634.5714285714286,45000.0,6428.571428571428,1,3,159,1
2024,MA,08818,PRESIDENTE JUSCELINO,3,2,1463.0,487.6666666666667,18000.0,6000.0,0,2,44,1
2024,MA,08834,PRESIDENTE VARGAS,1,1,450.0,450.0,4000.0,4000.0,0,1,27,1
2024,MA,08877,RIACHÃO,3,2,963.0,321.0,22000.0,7333.333333333333,0,2,38,1
2024,MA,08893,SÃO JOSÉ DE RIBAMAR,6,1,3103.0,517.1666666666666,58000.0,9666.666666666666,0,3,138,1
2024,MA,08915,ROSÁRIO,3,3,1054.0,351.3333333333333,18000.0,6000.0,0,1,91,1
2024,MA,08931,SAMBAÍBA,2,1,700.0,350.0,8000.0,4000.0,0,1,54,1
2024,MA,08958,SANTA HELENA,8,7,3212.0,401.5,41500.0,5187.5,1,5,143,1
2024,MA,08974,SANTA LUZIA,9,3,4274.0,474.8888888888889,56500.0,6277.777777777777,0,2,251,1
2024,MA,08990,SANTA QUITÉRIA DO MARANHÃO,1,1,320.0,320.0,3000.0,3000.0,0,1,4,1
2024,MA,09016,SANTA RITA,11,5,4115.0,374.09090909090907,63000.0,5727.272727272727,0,3,256,1
2024,MA,09032,SANTO ANTÔNIO DOS LOPES,1,1,330.0,330.0,3500.0,3500.0,0,1,29,1
2024,MA,09075,SÃO BENTO,2,2,2008.0,1004.0,20000.0,10000.0,0,0,79,1
2024,MA,09091,SÃO BERNARDO,2,2,600.0,300.0,7000.0,3500.0,0,1,38,1
2024,MA,09113,SÃO DOMINGOS DO MARANHÃO,4,2,1585.0,396.25,28000.0,7000.0,0,2,182,1
2024,MA,09130,SÃO FÉLIX DE BALSAS,1,1,325.0,325.0,5000.0,5000.0,0,0,85,1
2024,MA,09172,SÃO JOÃO BATISTA,4,3,1427.0,356.75,26500.0,6625.0,0,4,30,1
2024,MA,09199,SÃO JOÃO DOS PATOS,1,1,400.0,400.0,6000.0,6000.0,0,0,78,1
2024,MA,09210,SÃO LUÍS,19,8,18361.0,966.3684210526316,579472.0,30498.526315789473,12,10,249,1
2024,MA,09237,SÃO MATEUS DO MARANHÃO,2,1,800.0,400.0,8000.0,4000.0,1,1,33,1
2024,MA,09253,SÃO RAIMUNDO DAS MANGABEIRAS,5,4,2080.0,416.0,22000.0,4400.0,0,5,24,1
2024,MA,09270,SÃO VICENTE FERRER,2,1,967.0,483.5,12000.0,6000.0,0,0,224,1
2024,MA,09318,SUCUPIRA DO NORTE,1,1,278.0,278.0,7000.0,7000.0,0,1,14,1
2024,MA,09334,TASSO FRAGOSO,4,2,1230.0,307.5,28000.0,7000.0,0,0,113,1
2024,MA,09350,TIMBIRAS,1,1,2162.0,2162.0,7500.0,7500.0,0,1,7,1
2024,MA,09377,TIMON,13,8,7797.0,599.7692307692307,98500.0,7576.923076923077,2,9,157,1
2024,MA,09393,TUNTUM,10,4,6200.0,620.0,58000.0,5800.0,0,6,210,1
2024,MA,09431,TUTÓIA,3,3,1318.0,439.3333333333333,24000.0,8000.0,0,3,14,1
2024,MA,09458,URBANO SANTOS,2,2,666.0,333.0,14000.0,7000.0,0,1,46,1
2024,MA,09474,VARGEM GRANDE,4,4,1581.0,395.25,21000.0,5250.0,1,0,134,1
2024,MA,09490,VIANA,6,5,2682.0,447.0,34000.0,5666.666666666667,1,4,221,1
2024,MA,09512,VITÓRIA DO MEARIM,9,7,5026.0,558.4444444444445,44500.0,4944.444444444444,1,6,255,1
2024,MA,09539,VITORINO FREIRE,2,1,800.0,400.0,12500.0,6250.0,0,1,52,1
2024,MA,09555,BOM JARDIM,3,1,6609.0,2203.0,18000.0,6000.0,1,1,51,1
2024,MA,09571,SANTA INÊS,14,6,8516.0,608.2857142857143,152500.0,10892.857142857143,0,4,221,1
2024,MA,09598,PAULO RAMOS,2,2,800.0,400.0,7000.0,3500.0,1,1,98,1
2024,MA,09610,AÇAILÂNDIA,6,4,3190.0,531.6666666666666,27500.0,4583.333333333333,2,4,101,1
2024,MA,09636,ESTREITO,2,2,1100.0,550.0,25000.0,12500.0,1,2,9,1
2024,MA,09652,SANTA LUZIA DO PARUÁ,1,1,498.0,498.0,8000.0,8000.0,0,0,50,1
2024,MA,09679,ARAME,3,1,1800.0,600.0,17000.0,5666.666666666667,3,2,108,1
2024,MA,09695,MIRANDA DO NORTE,2,2,890.0,445.0,14500.0,7250.0,0,1,40,1
2024,MA,09717,ZÉ DOCA,1,1,502.0,502.0,10000.0,10000.0,0,1,7,1
2024,MG,40010,ABADIA DOS DOURADOS,7,5,2464.0,352.0,64887.0,9269.57142857143,2,4,125,1
2024,MG,40029,ARAPORÃ,6,5,2017.0,336.1666666666667,41750.0,6958.333333333333,3,5,31,1
2024,MG,40037,ABAETÉ,1,1,400.0,400.0,7000.0,7000.0,1,1,5,1
2024,MG,40070,ACAIACA,1,1,347.0,347.0,6000.0,6000.0,0,1,6,1
2024,MG,40088,CARNEIRINHO,1,1,390.0,390.0,5000.0,5000.0,1,1,7,1
2024,MG,40100,CATUJI,1,1,253.0,253.0,7000.0,7000.0,0,1,6,1
2024,MG,40118,ÁGUA BOA,2,2,713.0,356.5,19000.0,9500.0,0,2,9,1
2024,MG,40150,AGUANIL,1,1,306.0,306.0,10000.0,10000.0,0,1,11,1
2024,MG,40169,DURANDÉ,1,1,240.0,240.0,2000.0,2000.0,0,1,25,1
2024,MG,40177,ÁGUAS FORMOSAS,1,1,300.0,300.0,4000.0,4000.0,0,1,3,1
2024,MG,40185,ENTRE FOLHAS,1,1,362.0,362.0,3900.0,3900.0,1,1,5,1
2024,MG,40215,AIMORÉS,1,1,380.0,380.0,6000.0,6000.0,1,1,9,1
2024,MG,40240,ICARAÍ DE MINAS,1,1,263.0,263.0,8500.0,8500.0,0,1,13,1
2024,MG,40266,IPABA,1,1,400.0,400.0,5000.0,5000.0,0,1,3,1
2024,MG,40290,ALÉM PARAÍBA,1,1,435.0,435.0,9800.0,9800.0,0,1,2,1
2024,MG,40304,JAMPRUCA,1,1,300.0,300.0,10000.0,10000.0,0,1,15,1
2024,MG,40312,ALFENAS,15,6,7903.0,526.8666666666667,204400.0,13626.666666666666,4,7,181,1
2024,MG,40339,ALMENARA,1,1,590.0,590.0,11000.0,11000.0,0,1,5,1
2024,MG,40355,ALPERCATA,1,1,370.0,370.0,10000.0,10000.0,0,0,117,1
2024,MG,40363,LIMEIRA DO OESTE,3,3,975.0,325.0,22307.0,7435.666666666667,2,1,44,1
2024,MG,40371,ALPINÓPOLIS,2,1,756.0,378.0,5500.0,2750.0,1,1,204,1
2024,MG,40380,LONTRA,2,2,520.0,260.0,27996.0,13998.0,0,2,18,1
2024,MG,40410,ALTO RIO DOCE,1,1,250.0,250.0,15000.0,15000.0,0,1,4,1
2024,MG,40452,ALVINÓPOLIS,1,1,300.0,300.0,18000.0,18000.0,0,1,6,1
2024,MG,40487,NAQUE,1,1,360.0,360.0,6000.0,6000.0,0,1,5,1
2024,MG,40495,AMPARO DO SERRA,2,2,636.0,318.0,10000.0,5000.0,0,2,7,1
2024,MG,40509,NOVO ORIENTE DE MINAS,1,1,285.0,285.0,8000.0,8000.0,0,1,11,1
2024,MG,40517,ANDRADAS,5,4,2318.0,463.6,42900.0,8580.0,1,3,54,1
2024,MG,40584,PONTO DOS VOLANTES,1,1,403.0,403.0,4000.0,4000.0,0,1,9,1
2024,MG,40592,ANTÔNIO DIAS,1,1,400.0,400.0,3500.0,3500.0,1,1,7,1
2024,MG,40622,ROSÁRIO DA LIMEIRA,2,2,625.0,312.5,14000.0,7000.0,0,2,11,1
2024,MG,40630,ARAÇAÍ,1,1,418.0,418.0,3500.0,3500.0,0,0,38,1
2024,MG,40649,SANTA BÁRBARA DO LESTE,2,2,565.0,282.5,5700.0,2850.0,2,2,21,1
2024,MG,40665,SANTA RITA DE MINAS,1,1,362.0,362.0,3900.0,3900.0,1,1,9,1
2024,MG,40681,SANTANA DO PARAÍSO,1,1,558.0,558.0,8000.0,8000.0,0,1,11,1
2024,MG,40690,ARAGUARI,2,1,900.0,450.0,53750.0,26875.0,0,1,87,1
2024,MG,40711,ARANTINA,1,1,316.0,316.0,9600.0,9600.0,1,1,25,1
2024,MG,40789,SÃO JOSÉ DA LAPA,3,2,1132.0,377.3333333333333,38800.0,12933.333333333334,0,2,40,1
2024,MG,40797,ARAXÁ,8,4,3657.0,457.125,97787.8,12223.475,5,6,151,1
2024,MG,40800,SARZEDO,2,2,900.0,450.0,30000.0,15000.0,1,1,36,1
2024,MG,40819,ARCEBURGO,2,2,864.0,432.0,8500.0,4250.0,1,2,21,1
2024,MG,40851,AREADO,2,1,746.0,373.0,5800.0,2900.0,1,0,260,1
2024,MG,40886,URUCUIA,3,3,1400.0,466.6666666666667,23000.0,7666.666666666667,0,2,6,1
2024,MG,40908,VARGEM ALEGRE,2,2,610.0,305.0,5700.0,2850.0,2,2,8,1
2024,MG,40932,ATALÉIA,2,2,680.0,340.0,17500.0,8750.0,0,2,14,1
2024,MG,40940,JUVENÍLIA,5,3,1500.0,300.0,36000.0,7200.0,0,4,255,1
2024,MG,41017,BAMBUÍ,1,1,435.0,435.0,10000.0,10000.0,0,1,14,1
2024,MG,41025,MÁRIO CAMPOS,1,1,300.0,300.0,16740.0,16740.0,0,0,151,1
2024,MG,41041,MARTINS SOARES,2,1,900.0,450.0,22000.0,11000.0,0,1,6,1
2024,MG,41076,BARÃO DE COCAIS,1,1,453.0,453.0,10000.0,10000.0,0,1,6,1
2024,MG,41130,BARRA LONGA,2,2,759.0,379.5,5000.0,2500.0,1,2,6,1
2024,MG,41157,TRÊS MARIAS,2,2,778.0,389.0,21000.0,10500.0,1,2,23,1
2024,MG,41238,BELO HORIZONTE,107,23,129305.0,1208.4579439252336,4603857.84,43026.70878504673,36,35,209,1
2024,MG,41246,ORIZÂNIA,1,1,400.0,400.0,3000.0,3000.0,0,1,9,1
2024,MG,41254,BELO ORIENTE,3,3,1812.0,604.0,26500.0,8833.333333333334,1,2,193,1
2024,MG,41262,PADRE CARVALHO,1,1,240.0,240.0,9000.0,9000.0,0,1,14,1
2024,MG,41270,BELO VALE,9,6,2415.0,268.3333333333333,92511.4,10279.044444444444,1,4,152,1
2024,MG,41335,BETIM,15,9,12974.0,864.9333333333333,380982.0,25398.8,1,10,160,1
2024,MG,41386,PINTÓPOLIS,1,1,399.0,399.0,4600.0,4600.0,0,1,21,1
2024,MG,41416,BOA ESPERANÇA,1,1,400.0,400.0,8000.0,8000.0,0,1,4,1
2024,MG,41432,BOCAINA DE MINAS,1,1,237.0,237.0,8000.0,8000.0,0,1,8,1
2024,MG,41491,BOM JARDIM DE MINAS,2,2,746.0,373.0,20900.0,10450.0,0,2,16,1
2024,MG,41513,BOM JESUS DA PENHA,2,2,590.0,295.0,10750.0,5375.0,0,2,10,1
2024,MG,41548,SÃO DOMINGOS DAS DORES,6,4,2294.0,382.3333333333333,25600.0,4266.666666666667,3,6,23,1
2024,MG,41572,BOM REPOUSO,1,1,270.0,270.0,3000.0,3000.0,1,1,8,1
2024,MG,41629,SÃO JOAQUIM DE BICAS,1,1,380.0,380.0,9000.0,9000.0,0,0,50,1
2024,MG,41645,SÃO JOSÉ DA BARRA,1,1,305.0,305.0,12000.0,12000.0,0,1,5,1
2024,MG,41653,BORDA DA MATA,2,2,680.0,340.0,13000.0,6500.0,0,1,32,1
2024,MG,41670,BOTELHOS,1,1,310.0,310.0,1750.0,1750.0,0,0,109,1
2024,MG,41688,ANGELÂNDIA,1,1,222.0,222.0,14000.0,14000.0,0,1,14,1
2024,MG,41718,BRASÍLIA DE MINAS,6,4,2176.0,362.6666666666667,62118.0,10353.0,1,5,76,1
2024,MG,41726,BERIZAL,1,1,400.0,400.0,10000.0,10000.0,0,1,2,1
2024,MG,41734,BRÁS PIRES,1,1,250.0,250.0,10000.0,10000.0,1,1,18,1
2024,MG,41750,BRAÚNAS,2,2,755.0,377.5,7400.0,3700.0,2,2,8,1
2024,MG,41793,BRUMADINHO,14,7,8042.0,574.4285714285714,177140.0,12652.857142857143,4,8,139,1
2024,MG,41807,CAMPO AZUL,1,1,355.0,355.0,12000.0,12000.0,0,1,9,1
2024,MG,41823,CANTAGALO,2,1,680.0,340.0,24000.0,12000.0,0,1,35,1
2024,MG,41858,BURITIS,2,1,844.0,422.0,8000.0,4000.0,0,1,79,1
2024,MG,41904,CÔNEGO MARINHO,1,1,300.0,300.0,10000.0,10000.0,0,1,10,1
2024,MG,41920,CONFINS,2,1,800.0,400.0,15000.0,7500.0,0,0,163,1
2024,MG,41955,CACHOEIRA DOURADA,3,2,939.0,313.0,13622.0,4540.666666666667,1,1,52,1
2024,MG,41998,CAETÉ,1,1,500.0,500.0,26000.0,26000.0,0,1,26,1
2024,MG,42021,DELTA,3,2,707.0,235.66666666666666,21800.0,7266.666666666667,1,2,35,1
2024,MG,42056,CALDAS,1,1,380.0,380.0,7500.0,7500.0,0,1,7,1
2024,MG,42072,CAMACHO,2,1,640.0,320.0,22400.0,11200.0,0,1,55,1
2024,MG,42099,CAMANDUCAIA,3,1,1200.0,400.0,15000.0,5000.0,0,2,64,1
2024,MG,42110,CAMBUÍ,2,2,804.0,402.0,11400.0,5700.0,0,1,45,1
2024,MG,42137,CAMBUQUIRA,1,1,269.0,269.0,2500.0,2500.0,0,1,8,1
2024,MG,42196,CAMPESTRE,2,2,744.0,372.0,14500.0,7250.0,0,2,9,1
2024,MG,42218,CAMPINA VERDE,6,2,2124.0,354.0,27340.0,4556.666666666667,3,4,85,1
2024,MG,42226,IMBÉ DE MINAS,1,1,361.0,361.0,3900.0,3900.0,1,1,4,1
2024,MG,42234,CAMPO BELO,3,3,1336.0,445.3333333333333,30900.0,10300.0,1,2,33,1
2024,MG,42285,JENIPAPO DE MINAS,1,1,384.0,384.0,5000.0,5000.0,1,0,40,1
2024,MG,42293,CAMPOS ALTOS,1,1,371.0,371.0,12000.0,12000.0,0,0,45,1
2024,MG,42315,CAMPOS GERAIS,1,1,390.0,390.0,2000.0,2000.0,0,0,75,1
2024,MG,42358,CANÁPOLIS,2,1,740.0,370.0,6500.0,3250.0,2,1,139,1
2024,MG,42366,SÃO SEBASTIÃO DO ANTA,3,2,1024.0,341.3333333333333,11800.0,3933.3333333333335,2,3,23,1
2024,MG,42382,SERRANÓPOLIS DE MINAS,1,1,350.0,350.0,12000.0,12000.0,0,1,11,1
2024,MG,42447,UNIÃO DE MINAS,3,3,760.0,253.33333333333334,17500.0,5833.333333333333,1,3,8,1
2024,MG,42455,CAPELINHA,7,4,3286.0,469.42857142857144,99500.0,14214.285714285714,0,7,30,1
2024,MG,42501,VARJÃO DE MINAS,1,1,266.0,266.0,13500.0,13500.0,0,1,28,1
2024,MG,42510,CAPINÓPOLIS,3,2,1144.0,381.3333333333333,20000.0,6666.666666666667,2,2,38,1
2024,MG,42528,VERDELÂNDIA,2,2,656.0,328.0,18000.0,9000.0,0,2,10,1
2024,MG,42536,CAPITÃO ENÉAS,1,1,376.0,376.0,13500.0,13500.0,0,1,3,1
2024,MG,42544,VEREDINHA,1,1,227.0,227.0,7900.0,7900.0,0,1,2,1
2024,MG,42552,CAPITÓLIO,7,3,2310.0,330.0,55500.0,7928.571428571428,0,5,36,1
2024,MG,42579,CAPUTIRA,1,1,285.0,285.0,7000.0,7000.0,0,1,6,1
2024,MG,42633,CARANDAÍ,3,1,1050.0,350.0,15000.0,5000.0,0,2,56,1
2024,MG,42650,CARANGOLA,1,1,352.0,352.0,13000.0,13000.0,0,1,22,1
2024,MG,42676,CARATINGA,22,5,14515.0,659.7727272727273,116600.0,5300.0,16,12,178,1
2024,MG,42730,CARLOS CHAGAS,2,2,803.0,401.5,20000.0,10000.0,1,2,20,1
2024,MG,42790,CARMO DA MATA,3,3,973.0,324.3333333333333,33000.0,11000.0,0,3,21,1
2024,MG,42811,CARMO DE MINAS,1,1,308.0,308.0,3500.0,3500.0,0,0,43,1
2024,MG,42838,CARMO DO CAJURU,3,3,1028.0,342.6666666666667,29100.0,9700.0,0,3,20,1
2024,MG,42854,CARMO DO PARANAÍBA,2,2,652.0,326.0,20774.4,10387.2,1,2,7,1
2024,MG,42870,CARMO DO RIO CLARO,3,2,1144.0,381.3333333333333,16000.0,5333.333333333333,1,1,87,1
2024,MG,42897,CARMÓPOLIS DE MINAS,6,4,2069.0,344.8333333333333,63300.0,10550.0,1,5,31,1
2024,MG,43052,CATAGUASES,1,1,450.0,450.0,13000.0,13000.0,0,0,40,1
2024,MG,43150,CENTRALINA,1,1,300.0,300.0,2000.0,2000.0,1,0,109,1
2024,MG,43290,CLARO DOS POÇÕES,1,1,300.0,300.0,6000.0,6000.0,0,1,4,1
2024,MG,43311,CLÁUDIO,2,2,700.0,350.0,16900.0,8450.0,0,2,12,1
2024,MG,43338,COIMBRA,1,1,250.0,250.0,7500.0,7500.0,1,1,16,1
2024,MG,43370,COMENDADOR GOMES,4,2,1040.0,260.0,18675.0,4668.75,0,3,52,1
2024,MG,43419,CONCEIÇÃO DA APARECIDA,3,2,912.0,304.0,10500.0,3500.0,1,1,232,1
2024,MG,43494,CONCEIÇÃO DO MATO DENTRO,12,7,5882.0,490.1666666666667,227000.0,18916.666666666668,3,6,161,1
2024,MG,43516,CONCEIÇÃO DO PARÁ,2,2,635.0,317.5,17000.0,8500.0,0,2,6,1
2024,MG,43532,CONCEIÇÃO DO RIO VERDE,2,2,506.0,253.0,17500.0,8750.0,1,1,76,1
2024,MG,43559,CONCEIÇÃO DOS OUROS,1,1,260.0,260.0,3500.0,3500.0,0,1,10,1
2024,MG,43591,CONGONHAS,4,3,1864.0,466.0,47000.0,11750.0,0,3,131,1
2024,MG,43630,CONQUISTA,2,2,630.0,315.0,7730.0,3865.0,0,2,22,1
2024,MG,43656,CONSELHEIRO LAFAIETE,2,2,1854.0,927.0,34000.0,17000.0,0,2,14,1
2024,MG,43710,CONTAGEM,11,6,10469.0,951.7272727272727,272854.2,24804.927272727273,3,6,181,1
2024,MG,43834,COROACI,6,2,1909.0,318.1666666666667,61000.0,10166.666666666666,0,3,139,1
2024,MG,43850,COROMANDEL,2,1,810.0,405.0,32156.6,16078.3,2,2,23,1
2024,MG,43877,CORONEL FABRICIANO,2,2,1380.0,690.0,24000.0,12000.0,0,2,7,1
2024,MG,43990,CÓRREGO NOVO,1,1,250.0,250.0,1800.0,1800.0,1,1,7,1
2024,MG,44032,CRISTAIS,3,3,771.0,257.0,16500.0,5500.0,1,3,13,1
2024,MG,44130,CRUZEIRO DA FORTALEZA,2,2,654.0,327.0,18000.0,9000.0,0,2,4,1
2024,MG,44172,CURVELO,1,1,400.0,400.0,8000.0,8000.0,0,1,16,1
2024,MG,44237,DELFINÓPOLIS,2,2,662.0,331.0,15575.0,7787.5,0,2,5,1
2024,MG,44270,DESTERRO DE ENTRE RIOS,1,1,376.0,376.0,8000.0,8000.0,1,0,132,1
2024,MG,44318,DIAMANTINA,1,1,556.0,556.0,24000.0,24000.0,0,1,10,1
2024,MG,44350,DIONÍSIO,1,1,300.0,300.0,15000.0,15000.0,0,1,6,1
2024,MG,44393,DIVINO,1,1,240.0,240.0,5223.6,5223.6,1,1,21,1
2024,MG,44415,DIVINO DAS LARANJEIRAS,3,2,1014.0,338.0,22500.0,7500.0,0,2,41,1
2024,MG,44431,DIVINOLÂNDIA DE MINAS,1,1,324.0,324.0,3000.0,3000.0,0,1,12,1
2024,MG,44458,DIVINÓPOLIS,2,2,1385.0,692.5,48978.0,24489.0,1,2,28,1
2024,MG,44733,ENGENHEIRO CALDAS,1,1,410.0,410.0,12500.0,12500.0,0,0,172,1
2024,MG,44750,ENGENHEIRO NAVARRO,2,1,913.0,456.5,15000.0,7500.0,0,1,44,1
2024,MG,44776,ENTRE RIOS DE MINAS,5,4,1531.0,306.2,58975.0,11795.0,1,3,106,1
2024,MG,44792,ERVÁLIA,1,1,250.0,250.0,7500.0,7500.0,1,1,15,1
2024,MG,44814,ESMERALDAS,3,3,1862.0,620.6666666666666,35400.0,11800.0,0,2,160,1
2024,MG,44857,ESPINOSA,1,1,300.0,300.0,14000.0,14000.0,0,1,5,1
2024,MG,44890,ESTIVA,2,1,600.0,300.0,6000.0,3000.0,0,1,49,1
2024,MG,44954,ESTRELA DO SUL,3,2,1534.0,511.3333333333333,50157.0,16719.0,2,2,126,1
2024,MG,45012,EXTREMA,2,2,946.0,473.0,16000.0,8000.0,0,2,10,1
2024,MG,45136,FELIXLÂNDIA,1,1,350.0,350.0,13000.0,13000.0,0,1,14,1
2024,MG,45179,FERROS,1,1,303.0,303.0,12000.0,12000.0,0,1,10,1
2024,MG,45195,FLORESTAL,1,1,366.0,366.0,4800.0,4800.0,0,1,11,1
2024,MG,45217,FORMIGA,2,2,800.0,400.0,23500.0,11750.0,0,2,14,1
2024,MG,45276,FORTUNA DE MINAS,1,1,205.0,205.0,10800.0,10800.0,0,1,6,1
2024,MG,45390,FRONTEIRA,1,1,400.0,400.0,6000.0,6000.0,0,1,7,1
2024,MG,45411,FRUTAL,6,4,2902.0,483.6666666666667,43759.0,7293.166666666667,2,4,56,1
2024,MG,45454,GALILÉIA,1,1,300.0,300.0,12500.0,12500.0,0,1,18,1
2024,MG,45535,GOVERNADOR VALADARES,9,5,6189.0,687.6666666666666,216815.95,24090.661111111112,2,6,72,1
2024,MG,45594,GUANHÃES,4,3,1671.0,417.75,48000.0,12000.0,0,3,37,1
2024,MG,45616,GUAPÉ,3,3,991.0,330.3333333333333,33900.0,11300.0,1,1,6,1
2024,MG,45659,GUARANÉSIA,2,2,784.0,392.0,8000.0,4000.0,1,1,40,1
2024,MG,45756,GUIDOVAL,1,1,300.0,300.0,18000.0,18000.0,0,1,2,1
2024,MG,45810,GURINHATÃ,4,3,1220.0,305.0,36989.0,9247.25,1,3,80,1
2024,MG,45896,IBIÁ,4,4,1558.0,389.5,33000.0,8250.0,2,4,13,1
2024,MG,45918,IBIAÍ,2,2,550.0,275.0,25000.0,12500.0,0,2,11,1
2024,MG,45934,IBIRACI,1,1,308.0,308.0,5000.0,5000.0,1,0,225,1
2024,MG,45950,IBIRITÉ,6,4,3668.0,611.3333333333334,83016.0,13836.0,0,5,95,1
2024,MG,46019,IGARAPÉ,3,2,1400.0,466.6666666666667,60000.0,20000.0,0,2,161,1
2024,MG,46051,IGUATAMA,1,1,344.0,344.0,6000.0,6000.0,1,1,12,1
2024,MG,46078,IJACI,3,2,861.0,287.0,12250.0,4083.3333333333335,0,3,21,1
2024,MG,46230,IPANEMA,2,1,600.0,300.0,5000.0,2500.0,2,2,15,1
2024,MG,46256,IPATINGA,6,4,4742.0,790.3333333333334,150700.0,25116.666666666668,0,6,14,1
2024,MG,46272,IPIAÇU,3,1,929.0,309.6666666666667,10000.0,3333.3333333333335,3,1,176,1
2024,MG,46310,IRAÍ DE MINAS,2,2,735.0,367.5,15000.0,7500.0,0,2,8,1
2024,MG,46337,ITABIRA,3,2,1200.0,400.0,48000.0,16000.0,2,1,166,1
2024,MG,46370,ITABIRITO,6,6,2627.0,437.8333333333333,57500.0,9583.333333333334,2,3,159,1
2024,MG,46396,ITACAMBIRA,1,1,250.0,250.0,13500.0,13500.0,0,1,19,1
2024,MG,46434,ITAGUARA,2,2,778.0,389.0,29100.0,14550.0,0,2,13,1
2024,MG,46450,ITAIPÉ,2,2,988.0,494.0,9000.0,4500.0,0,2,23,1
2024,MG,46477,ITAJUBÁ,7,3,3542.0,506.0,54500.0,7785.714285714285,2,3,142,1
2024,MG,46531,ITAMBACURI,1,1,430.0,430.0,12500.0,12500.0,0,1,29,1
2024,MG,46574,ITAMOGI,2,2,680.0,340.0,27000.0,13500.0,0,2,2,1
2024,MG,46671,ITAPAGIPE,4,3,1250.0,312.5,17975.0,4493.75,2,3,99,1
2024,MG,46698,ITAPECERICA,7,4,2662.0,380.2857142857143,67800.0,9685.714285714286,3,7,20,1
2024,MG,46710,ITAPEVA,1,1,400.0,400.0,6000.0,6000.0,0,1,8,1
2024,MG,46736,ITATIAIUÇU,2,1,700.0,350.0,6000.0,3000.0,2,0,202,1
2024,MG,46752,ITAÚNA,9,3,5121.0,569.0,91600.0,10177.777777777777,2,4,222,1
2024,MG,46795,ITINGA,1,1,374.0,374.0,6000.0,6000.0,0,0,95,1
2024,MG,46833,ITUIUTABA,11,4,4634.0,421.27272727272725,121592.4,11053.854545454546,5,7,52,1
2024,MG,46876,ITURAMA,10,8,5060.0,506.0,96112.0,9611.2,5,6,70,1
2024,MG,46973,JACUTINGA,5,4,1846.0,369.2,44770.4,8954.08,1,3,47,1
2024,MG,47074,JECEABA,2,2,532.0,266.0,16700.0,8350.0,0,2,7,1
2024,MG,47155,JEQUITINHONHA,3,3,1153.0,384.3333333333333,22700.0,7566.666666666667,0,3,20,1
2024,MG,47198,JOAÍMA,1,1,267.0,267.0,3000.0,3000.0,0,0,32,1
2024,MG,47236,JOÃO MONLEVADE,1,1,400.0,400.0,8000.0,8000.0,0,1,19,1
2024,MG,47252,JOÃO PINHEIRO,1,1,402.0,402.0,17000.0,17000.0,0,1,6,1
2024,MG,47295,JORDÂNIA,1,1,400.0,400.0,8000.0,8000.0,1,1,6,1
2024,MG,47333,JUIZ DE FORA,12,7,9283.0,773.5833333333334,335088.26,27924.021666666667,4,8,155,1
2024,MG,47376,JURUAIA,1,1,384.0,384.0,6000.0,6000.0,1,1,12,1
2024,MG,47392,LADAINHA,2,2,649.0,324.5,26000.0,13000.0,0,2,13,1
2024,MG,47414,LAGAMAR,2,2,666.0,333.0,22000.0,11000.0,0,2,12,1
2024,MG,47430,LAGOA DA PRATA,3,3,1269.0,423.0,22600.0,7533.333333333333,2,3,23,1
2024,MG,47473,LAGOA DOURADA,2,2,600.0,300.0,18000.0,9000.0,0,2,6,1
2024,MG,47490,LAGOA FORMOSA,2,1,620.0,310.0,27000.0,13500.0,2,2,7,1
2024,MG,47511,LAGOA SANTA,17,7,8858.0,521.0588235294117,275300.0,16194.117647058823,2,6,215,1
2024,MG,47554,LAMBARI,5,2,1844.0,368.8,14600.0,2920.0,0,1,203,1
2024,MG,47635,LAVRAS,10,6,5970.0,597.0,115000.0,11500.0,1,7,72,1
2024,MG,47694,LIBERDADE,5,3,1571.0,314.2,49700.0,9940.0,1,2,79,1
2024,MG,47716,LIMA DUARTE,3,3,971.0,323.6666666666667,42000.0,14000.0,0,3,25,1
2024,MG,47759,LUZ,2,2,727.0,363.5,25635.1,12817.55,0,2,11,1
2024,MG,47775,MACHACALIS,1,1,302.0,302.0,13952.8,13952.8,0,1,7,1
2024,MG,47791,MACHADO,1,1,468.0,468.0,5000.0,5000.0,1,0,46,1
2024,MG,47830,MALACACHETA,1,1,460.0,460.0,12500.0,12500.0,0,1,8,1
2024,MG,47856,MANGA,3,2,978.0,326.0,42000.0,14000.0,0,3,9,1
2024,MG,47872,MANHUAÇU,4,2,2392.0,598.0,51800.0,12950.0,2,4,14,1
2024,MG,47910,MANTENA,3,3,2608.0,869.3333333333334,49000.0,16333.333333333334,1,2,49,1
2024,MG,47937,MARAVILHAS,3,2,1009.0,336.3333333333333,33500.0,11166.666666666666,1,3,21,1
2024,MG,47996,MARIANA,1,1,381.0,381.0,5000.0,5000.0,0,1,6,1
2024,MG,48011,MARILAC,1,1,300.0,300.0,4000.0,4000.0,0,1,23,1
2024,MG,48097,MARTINHO CAMPOS,1,1,301.0,301.0,8200.0,8200.0,0,1,3,1
2024,MG,48275,MEDINA,1,1,357.0,357.0,10000.0,10000.0,0,1,13,1
2024,MG,48291,MENDES PIMENTEL,1,1,300.0,300.0,15000.0,15000.0,0,1,9,1
2024,MG,48356,MINAS NOVAS,1,1,300.0,300.0,16000.0,16000.0,0,1,3,1
2024,MG,48399,MIRABELA,2,2,850.0,425.0,15000.0,7500.0,0,1,80,1
2024,MG,48410,MIRADOURO,1,1,400.0,400.0,20000.0,20000.0,0,1,22,1
2024,MG,48470,MOEMA,2,1,600.0,300.0,21000.0,10500.0,0,2,24,1
2024,MG,48534,MONTALVÂNIA,1,1,460.0,460.0,10000.0,10000.0,0,1,23,1
2024,MG,48593,MONTE BELO,1,1,344.0,344.0,4000.0,4000.0,1,0,267,1
2024,MG,48615,MONTE CARMELO,13,7,5472.0,420.9230769230769,139218.0,10709.076923076924,5,11,44,1
2024,MG,48658,MONTES CLAROS,15,8,10205.0,680.3333333333334,254471.0,16964.733333333334,5,13,145,1
2024,MG,48674,MONTE SIÃO,2,2,601.0,300.5,17600.0,8800.0,1,2,14,1
2024,MG,48739,MORRO DO PILAR,3,2,1185.0,395.0,23100.0,7700.0,0,2,70,1
2024,MG,48771,MURIAÉ,1,1,500.0,500.0,18000.0,18000.0,0,1,8,1
2024,MG,48810,MUZAMBINHO,6,4,2241.0,373.5,35000.0,5833.333333333333,1,2,274,1
2024,MG,48836,NACIP RAYDAN,1,1,300.0,300.0,4000.0,4000.0,0,1,6,1
2024,MG,48852,NANUQUE,5,4,2147.0,429.4,91155.0,18231.0,2,5,26,1
2024,MG,48895,NAZARENO,1,1,300.0,300.0,9300.0,9300.0,0,0,41,1
2024,MG,48917,NEPOMUCENO,2,2,804.0,402.0,12000.0,6000.0,1,2,21,1
2024,MG,48950,NOVA LIMA,10,6,5766.0,576.6,162700.0,16270.0,1,4,207,1
2024,MG,48992,NOVA PONTE,7,5,2695.0,385.0,61008.0,8715.42857142857,3,3,53,1
2024,MG,49018,NOVA RESENDE,6,3,2287.0,381.1666666666667,58000.0,9666.666666666666,4,5,43,1
2024,MG,49034,NOVA SERRANA,4,3,2200.0,550.0,56000.0,14000.0,0,4,21,1
2024,MG,49050,NOVO CRUZEIRO,2,2,702.0,351.0,31155.4,15577.7,0,2,22,1
2024,MG,49174,OURO BRANCO,4,4,1913.0,478.25,33800.0,8450.0,1,4,23,1
2024,MG,49212,OURO PRETO,4,4,1800.0,450.0,48556.0,12139.0,1,4,27,1
2024,MG,49239,OURO VERDE DE MINAS,1,1,475.0,475.0,4000.0,4000.0,0,1,6,1
2024,MG,49255,PADRE PARAÍSO,2,2,730.0,365.0,9500.0,4750.0,0,2,30,1
2024,MG,49298,PAINS,12,6,4459.0,371.5833333333333,101000.0,8416.666666666666,4,5,160,1
2024,MG,49336,PALMA,2,2,600.0,300.0,15000.0,7500.0,1,2,9,1
2024,MG,49395,PARACATU,2,1,1012.0,506.0,34000.0,17000.0,2,2,27,1
2024,MG,49417,PARÁ DE MINAS,1,1,400.0,400.0,8000.0,8000.0,0,1,18,1
2024,MG,49433,PARAGUAÇU,1,1,461.0,461.0,5500.0,5500.0,1,1,25,1
2024,MG,49557,PASSA VINTE,1,1,300.0,300.0,10300.0,10300.0,0,0,55,1
2024,MG,49590,PATOS DE MINAS,1,1,600.0,600.0,9000.0,9000.0,0,1,7,1
2024,MG,49611,PATROCÍNIO,1,1,502.0,502.0,19929.0,19929.0,1,1,2,1
2024,MG,49697,PAVÃO,1,1,300.0,300.0,15000.0,15000.0,0,0,71,1
2024,MG,49719,PEÇANHA,3,1,1500.0,500.0,36000.0,12000.0,0,1,69,1
2024,MG,49859,PEDRO LEOPOLDO,5,2,2539.0,507.8,85720.0,17144.0,0,1,170,1
2024,MG,49913,PEQUI,2,1,677.0,338.5,11000.0,5500.0,0,0,167,1
2024,MG,49956,PERDIZES,5,4,1926.0,385.2,39474.4,7894.88,3,4,90,1
2024,MG,49972,PERDÕES,1,1,404.0,404.0,20000.0,20000.0,0,1,10,1
2024,MG,50130,PIRAJUBA,5,3,1570.0,314.0,24000.0,4800.0,4,1,59,1
2024,MG,50237,PIRAPORA,2,1,800.0,400.0,49600.0,24800.0,0,0,70,1
2024,MG,50318,PLANURA,3,3,860.0,286.6666666666667,28850.0,9616.666666666666,0,3,27,1
2024,MG,50334,POÇO FUNDO,2,2,610.0,305.0,4750.0,2375.0,0,1,108,1
2024,MG,50350,POÇOS DE CALDAS,12,6,6633.0,552.75,147200.0,12266.666666666666,5,8,176,1
2024,MG,50393,POMPÉU,3,3,1179.0,393.0,28000.0,9333.333333333334,0,3,19,1
2024,MG,50415,PONTE NOVA,1,1,700.0,700.0,5000.0,5000.0,0,1,4,1
2024,MG,50431,PORTEIRINHA,4,3,2127.0,531.75,41800.0,10450.0,0,4,25,1
2024,MG,50474,POTÉ,2,2,852.0,426.0,22270.4,11135.2,0,2,13,1
2024,MG,50490,POUSO ALEGRE,5,4,2900.0,580.0,38500.0,7700.0,1,2,57,1
2024,MG,50539,PRADOS,1,1,253.0,253.0,5000.0,5000.0,0,1,7,1
2024,MG,50555,PRATA,2,2,700.0,350.0,10000.0,5000.0,1,2,27,1
2024,MG,50776,RAPOSOS,1,1,400.0,400.0,8000.0,8000.0,0,1,6,1
2024,MG,50792,RAUL SOARES,1,1,377.0,377.0,4300.0,4300.0,1,1,9,1
2024,MG,50857,RESPLENDOR,1,1,375.0,375.0,6000.0,6000.0,1,1,16,1
2024,MG,50890,RIACHO DOS MACHADOS,1,1,350.0,350.0,6000.0,6000.0,0,1,7,1
2024,MG,50911,RIBEIRÃO DAS NEVES,7,5,4810.0,687.1428571428571,110157.0,15736.714285714286,3,4,219,1
2024,MG,50954,RIO ACIMA,1,1,400.0,400.0,8000.0,8000.0,0,1,3,1
2024,MG,50970,RIO CASCA,2,2,621.0,310.5,14000.0,7000.0,1,2,9,1
2024,MG,51012,RIO DO PRADO,1,1,256.0,256.0,3000.0,3000.0,0,1,5,1
2024,MG,51098,RIO PARANAÍBA,3,3,1144.0,381.3333333333333,36890.0,12296.666666666666,1,2,58,1
2024,MG,51110,RIO PARDO DE MINAS,1,1,352.0,352.0,13270.0,13270.0,0,0,52,1
2024,MG,51152,RIO POMBA,1,1,523.0,523.0,10000.0,10000.0,0,1,8,1
2024,MG,51276,ROMARIA,4,4,1595.0,398.75,36989.0,9247.25,1,3,78,1
2024,MG,51292,RUBELITA,3,3,1016.0,338.6666666666667,25000.0,8333.333333333334,0,3,14,1
2024,MG,51330,SABARÁ,10,7,4904.0,490.4,147400.0,14740.0,2,6,226,1
2024,MG,51373,SACRAMENTO,1,1,500.0,500.0,17010.0,17010.0,0,1,18,1
2024,MG,51497,SANTA EFIGÊNIA DE MINAS,1,1,353.0,353.0,5000.0,5000.0,0,0,44,1
2024,MG,51535,SANTA JULIANA,3,3,1188.0,396.0,40403.0,13467.666666666666,1,2,37,1
2024,MG,51551,SANTA LUZIA,10,5,7262.0,726.2,140135.13,14013.513,0,4,165,1
2024,MG,51594,SANTA MARIA DE ITABIRA,1,1,300.0,300.0,4000.0,4000.0,1,1,9,1
2024,MG,51632,SANTA MARIA DO SUAÇUÍ,1,1,300.0,300.0,12500.0,12500.0,0,1,12,1
2024,MG,51918,SANTA RITA DO SAPUCAÍ,2,2,782.0,391.0,10000.0,5000.0,1,1,33,1
2024,MG,51934,SANTA ROSA DA SERRA,1,1,348.0,348.0,11000.0,11000.0,0,1,5,1
2024,MG,51950,SANTA VITÓRIA,6,3,2093.0,348.8333333333333,50086.0,8347.666666666666,2,5,58,1
2024,MG,52019,SANTO ANTÔNIO DO GRAMA,1,1,355.0,355.0,10000.0,10000.0,0,1,2,1
2024,MG,52051,SANTO ANTÔNIO DO JACINTO,1,1,300.0,300.0,10000.0,10000.0,0,1,18,1
2024,MG,52078,SANTO ANTÔNIO DO MONTE,3,3,972.0,324.0,33800.0,11266.666666666666,0,3,15,1
2024,MG,52094,SANTO ANTÔNIO DO RIO ABAIXO,1,1,160.0,160.0,3000.0,3000.0,0,1,13,1
2024,MG,52132,SANTOS DUMONT,2,2,700.0,350.0,13000.0,6500.0,0,2,6,1
2024,MG,52191,SÃO DOMINGOS DO PRATA,4,3,1155.0,288.75,23000.0,5750.0,1,4,20,1
2024,MG,52230,SÃO FRANCISCO DE PAULA,5,4,1624.0,324.8,42600.0,8520.0,1,2,168,1
2024,MG,52256,SÃO FRANCISCO DE SALES,3,2,1022.0,340.6666666666667,15000.0,5000.0,2,3,21,1
2024,MG,52272,SÃO FRANCISCO DO GLÓRIA,1,1,316.0,316.0,12000.0,12000.0,0,1,23,1
2024,MG,52418,SÃO GOTARDO,1,1,380.0,380.0,17400.0,17400.0,0,1,20,1
2024,MG,52477,SÃO JOÃO DA PONTE,1,1,352.0,352.0,13270.0,13270.0,0,1,25,1
2024,MG,52493,SÃO JOÃO DEL REI,12,6,6641.0,553.4166666666666,199560.0,16630.0,0,7,124,1
2024,MG,52515,SÃO JOÃO DO ORIENTE,1,1,366.0,366.0,6000.0,6000.0,0,1,7,1
2024,MG,52531,SÃO JOÃO DO PARAÍSO,1,1,352.0,352.0,13270.0,13270.0,0,0,42,1
2024,MG,52558,SÃO JOÃO EVANGELISTA,2,2,775.0,387.5,17000.0,8500.0,0,1,37,1
2024,MG,52590,SÃO JOSÉ DA SAFIRA,1,1,350.0,350.0,5000.0,5000.0,0,1,2,1
2024,MG,52612,SÃO JOSÉ DA VARGINHA,4,3,1194.0,298.5,57700.0,14425.0,1,0,-288,1
2024,MG,52655,SÃO JOSÉ DO DIVINO,1,1,200.0,200.0,10000.0,10000.0,0,1,16,1
2024,MG,52698,SÃO JOSÉ DO JACURI,2,2,750.0,375.0,20000.0,10000.0,0,1,141,1
2024,MG,52736,SÃO LOURENÇO,1,1,400.0,400.0,18000.0,18000.0,0,0,75,1
2024,MG,52779,SÃO PEDRO DA UNIÃO,3,3,896.0,298.6666666666667,29650.0,9883.333333333334,0,3,10,1
2024,MG,52817,SÃO PEDRO DO SUAÇUÍ,1,1,300.0,300.0,10000.0,10000.0,0,1,16,1
2024,MG,52850,SÃO ROQUE DE MINAS,1,1,300.0,300.0,8500.0,8500.0,0,1,9,1
2024,MG,52876,SÃO SEBASTIÃO DA BELA VISTA,2,1,499.0,249.5,5000.0,2500.0,0,1,36,1
2024,MG,53015,SÃO TOMÁS DE AQUINO,1,1,300.0,300.0,5615.0,5615.0,0,1,7,1
2024,MG,53139,SENADOR FIRMINO,3,2,785.0,261.6666666666667,28000.0,9333.333333333334,1,3,17,1
2024,MG,53350,SERRA DO SALITRE,1,1,302.0,302.0,14000.0,14000.0,0,1,6,1
2024,MG,53376,SERRANIA,3,3,905.0,301.6666666666667,21500.0,7166.666666666667,0,2,50,1
2024,MG,53430,SETE LAGOAS,10,7,6606.0,660.6,185456.0,18545.6,2,10,28,1
2024,MG,53457,SILVEIRÂNIA,2,2,556.0,278.0,18000.0,9000.0,1,2,4,1
2024,MG,53678,TARUMIRIM,1,1,558.0,558.0,10000.0,10000.0,0,0,84,1
2024,MG,53716,TEÓFILO OTONI,8,4,4045.0,505.625,110500.0,13812.5,0,6,254,1
2024,MG,53732,TIMÓTEO,6,5,3852.0,642.0,65000.0,10833.333333333334,0,6,20,1
2024,MG,53759,TIRADENTES,1,1,365.0,365.0,11000.0,11000.0,0,0,81,1
2024,MG,53775,TIROS,1,1,310.0,310.0,14300.0,14300.0,1,1,4,1
2024,MG,53813,TOLEDO,7,4,2163.0,309.0,47500.0,6785.714285714285,1,3,167,1
2024,MG,53856,TRÊS CORAÇÕES,3,3,1695.0,565.0,22500.0,7500.0,1,2,44,1
2024,MG,53872,TRÊS PONTAS,3,2,1062.0,354.0,25750.0,8583.333333333334,0,1,78,1
2024,MG,53899,TUMIRITINGA,2,1,630.0,315.0,19000.0,9500.0,0,1,94,1
2024,MG,53910,TUPACIGUARA,2,2,839.0,419.5,18000.0,9000.0,1,2,28,1
2024,MG,53937,TURMALINA,1,1,395.0,395.0,10400.0,10400.0,0,1,3,1
2024,MG,53953,TURVOLÂNDIA,1,1,280.0,280.0,3000.0,3000.0,0,1,3,1
2024,MG,53970,UBÁ,6,3,4615.0,769.1666666666666,54100.0,9016.666666666666,4,4,77,1
2024,MG,54011,UBERABA,11,8,6990.0,635.4545454545455,231306.15,21027.831818181818,6,1,130,1
2024,MG,54038,UBERLÂNDIA,24,9,19005.0,791.875,827659.93,34485.83041666667,11,10,226,1
2024,MG,54070,UNAÍ,6,4,2902.0,483.6666666666667,89158.56,14859.76,2,6,20,1
2024,MG,54119,VARGEM BONITA,1,1,230.0,230.0,7100.0,7100.0,0,0,158,1
2024,MG,54135,VARGINHA,2,2,1004.0,502.0,31978.0,15989.0,1,2,21,1
2024,MG,54151,VÁRZEA DA PALMA,3,3,1288.0,429.3333333333333,47955.0,15985.0,0,3,9,1
2024,MG,54178,VARZELÂNDIA,2,2,800.0,400.0,21500.0,10750.0,0,2,12,1
2024,MG,54194,VAZANTE,1,1,400.0,400.0,4000.0,4000.0,0,0,114,1
2024,MG,54216,WENCESLAU BRAZ,1,1,250.0,250.0,4000.0,4000.0,0,1,13,1
2024,MG,54259,VESPASIANO,7,3,4098.0,585.4285714285714,104500.0,14928.57142857143,0,3,173,1
2024,MG,54275,VIÇOSA,2,2,1200.0,600.0,15000.0,7500.0,2,2,11,1
2024,MG,54410,VISCONDE DO RIO BRANCO,4,2,1703.0,425.75,46200.0,11550.0,3,2,150,1
2024,MS,55000,NOVA ALVORADA DO SUL,2,2,900.0,450.0,9000.0,4500.0,1,1,162,1
2024,MS,55018,ALCINÓPOLIS,5,2,1500.0,300.0,24600.0,4920.0,0,5,28,1
2024,MS,55026,LAGUNA CARAPÃ,3,3,1052.0,350.6666666666667,16000.0,5333.333333333333,1,3,28,1
2024,MS,55034,JAPORÃ,3,1,1100.0,366.6666666666667,16000.0,5333.333333333333,0,2,95,1
2024,MS,55069,FIGUEIRÃO,2,1,400.0,200.0,9000.0,4500.0,0,2,19,1
2024,MS,90034,ÁGUA CLARA,2,1,900.0,450.0,10000.0,5000.0,0,1,94,1
2024,MS,90115,AMAMBAI,7,2,3800.0,542.8571428571429,5045000.0,720714.2857142857,0,5,147,1
2024,MS,90131,ANASTÁCIO,6,2,3400.0,566.6666666666666,35000.0,5833.333333333333,0,2,224,1
2024,MS,90158,ANAURILÂNDIA,5,3,2453.0,490.6,26000.0,5200.0,1,2,133,1
2024,MS,90174,ANTÔNIO JOÃO,2,1,1000.0,500.0,10000.0,5000.0,0,0,113,1
2024,MS,90190,APARECIDA DO TABOADO,3,3,1453.0,484.3333333333333,30000.0,10000.0,0,3,25,1
2024,MS,90212,AQUIDAUANA,4,1,2000.0,500.0,19000.0,4750.0,0,1,224,1
2024,MS,90298,BANDEIRANTES,8,3,3785.0,473.125,50000.0,6250.0,0,0,197,1
2024,MS,90379,BATAGUASSU,5,1,2500.0,500.0,23000.0,4600.0,0,1,215,1
2024,MS,90395,BATAYPORÃ,2,1,1000.0,500.0,9000.0,4500.0,0,0,197,1
2024,MS,90417,BELA VISTA,6,4,2620.0,436.6666666666667,33000.0,5500.0,0,4,136,1
2024,MS,90433,BONITO,1,1,303.0,303.0,10000.0,10000.0,0,0,36,1
2024,MS,90450,BRASILÂNDIA,1,1,400.0,400.0,5000.0,5000.0,0,1,12,1
2024,MS,90492,CAMAPUÃ,5,3,2005.0,401.0,35900.0,7180.0,0,3,159,1
2024,MS,90514,CAMPO GRANDE,67,12,81374.0,1214.5373134328358,1771148.8,26435.056716417912,26,23,250,1
2024,MS,90530,CARACOL,5,3,2400.0,480.0,27000.0,5400.0,0,3,113,1
2024,MS,90557,CAARAPÓ,6,3,2508.0,418.0,34000.0,5666.666666666667,1,3,145,1
2024,MS,90573,CASSILÂNDIA,3,2,1622.0,540.6666666666666,15000.0,5000.0,1,2,42,1
2024,MS,90611,CORGUINHO,1,1,400.0,400.0,5000.0,5000.0,0,1,28,1
2024,MS,90638,CORUMBÁ,4,1,3500.0,875.0,21000.0,5250.0,0,1,175,1
2024,MS,90654,COXIM,7,3,2926.0,418.0,44000.0,6285.714285714285,0,3,197,1
2024,MS,90735,DOURADOS,14,4,12500.0,892.8571428571429,118000.0,8428.57142857143,2,9,234,1
2024,MS,90751,FÁTIMA DO SUL,5,2,2052.0,410.4,23000.0,4600.0,3,1,211,1
2024,MS,90816,GUIA LOPES DA LAGUNA,5,3,2303.0,460.6,32500.0,6500.0,0,2,94,1
2024,MS,90859,IGUATEMI,1,1,472.0,472.0,5000.0,5000.0,1,1,16,1
2024,MS,90875,INOCÊNCIA,2,2,708.0,354.0,15000.0,7500.0,1,1,76,1
2024,MS,90891,ITAPORÃ,8,4,3400.0,425.0,40000.0,5000.0,3,4,234,1
2024,MS,90930,IVINHEMA,2,1,800.0,400.0,10000.0,5000.0,2,1,46,1
2024,MS,90972,JARAGUARI,3,2,1300.0,433.3333333333333,15000.0,5000.0,1,2,126,1
2024,MS,90999,JARDIM,16,6,6415.0,400.9375,102897.0,6431.0625,1,9,204,1
2024,MS,91014,JATEÍ,4,2,1300.0,325.0,19000.0,4750.0,2,2,211,1
2024,MS,91030,LADÁRIO,5,2,2100.0,420.0,24000.0,4800.0,2,1,175,1
2024,MS,91073,MARACAJU,2,2,900.0,450.0,13000.0,6500.0,0,1,94,1
2024,MS,91111,MIRANDA,8,3,3803.0,475.375,48000.0,6000.0,0,4,224,1
2024,MS,91138,NAVIRAÍ,7,4,3780.0,540.0,60000.0,8571.42857142857,1,4,40,1
2024,MS,91154,NIOAQUE,9,4,4163.0,462.55555555555554,56000.0,6222.222222222223,0,5,204,1
2024,MS,91235,NOVA ANDRADINA,10,4,5003.0,500.3,59000.0,5900.0,2,7,231,1
2024,MS,91251,PARANAÍBA,4,3,1703.0,425.75,26000.0,6500.0,0,3,45,1
2024,MS,91278,PEDRO GOMES,1,1,300.0,300.0,4000.0,4000.0,0,0,104,1
2024,MS,91316,PONTA PORÃ,9,5,6501.0,722.3333333333334,68500.0,7611.111111111111,0,5,104,1
2024,MS,91375,PORTO MURTINHO,1,1,303.0,303.0,10000.0,10000.0,0,1,20,1
2024,MS,91413,RIBAS DO RIO PARDO,4,2,2000.0,500.0,21000.0,5250.0,0,2,159,1
2024,MS,91430,RIO BRILHANTE,6,2,3285.0,547.5,29000.0,4833.333333333333,3,1,162,1
2024,MS,91472,RIO VERDE DE MATO GROSSO,3,2,1306.0,435.3333333333333,18900.0,6300.0,0,1,149,1
2024,MS,91499,ROCHEDO,3,2,1022.0,340.6666666666667,16000.0,5333.333333333333,0,2,74,1
2024,MS,91570,SIDROLÂNDIA,9,4,4600.0,511.1111111111111,63000.0,7000.0,1,6,70,1
2024,MS,91596,TERENOS,4,1,1800.0,450.0,27000.0,6750.0,0,2,250,1
2024,MS,91650,TRÊS LAGOAS,3,2,2400.0,800.0,13500.0,4500.0,0,1,215,1
2024,MS,91693,ANGÉLICA,5,2,2300.0,460.0,24000.0,4800.0,2,1,153,1
2024,MS,91715,ARAL MOREIRA,2,2,1000.0,500.0,10000.0,5000.0,1,2,17,1
2024,MS,91731,ELDORADO,3,3,1100.0,366.6666666666667,20000.0,6666.666666666667,0,2,40,1
2024,MS,91758,DEODÁPOLIS,6,3,2450.0,408.3333333333333,28000.0,4666.666666666667,2,1,211,1
2024,MS,91782,CHAPADÃO DO SUL,3,2,1400.0,466.6666666666667,22000.0,7333.333333333333,1,1,76,1
2024,MS,91790,MUNDO NOVO,3,2,1358.0,452.6666666666667,17000.0,5666.666666666667,0,3,27,1
2024,MS,91804,DOIS IRMÃOS DO BURITI,1,1,300.0,300.0,5000.0,5000.0,1,1,3,1
2024,MS,91820,JUTI,2,2,700.0,350.0,10000.0,5000.0,1,2,9,1
2024,MS,91847,PARANHOS,2,2,750.0,375.0,12000.0,6000.0,0,1,9,1
2024,MS,91863,SANTA RITA DO PARDO,1,1,800.0,800.0,5000.0,5000.0,0,0,90,1
2024,MS,91880,SONORA,3,1,1500.0,500.0,14000.0,4666.666666666667,0,2,115,1
2024,MS,91901,VICENTINA,4,1,1300.0,325.0,18000.0,4500.0,0,1,224,1
2024,MS,98019,BODOQUENA,4,3,1653.0,413.25,29000.0,7250.0,0,2,190,1
2024,MS,98035,COSTA RICA,2,1,800.0,400.0,12000.0,6000.0,0,2,13,1
2024,MS,98051,DOURADINA,4,2,1150.0,287.5,20000.0,5000.0,3,2,48,1
2024,MS,98078,ITAQUIRAÍ,1,1,600.0,600.0,6000.0,6000.0,0,1,7,1
2024,MS,98094,SÃO GABRIEL DO OESTE,6,3,6106.0,1017.6666666666666,42000.0,7000.0,0,4,90,1
2024,MS,98116,SELVÍRIA,2,2,486.0,243.0,4600.0,2300.0,0,2,16,1
2024,MS,98132,SETE QUEDAS,2,2,750.0,375.0,17000.0,8500.0,0,2,25,1
2024,MS,98175,TAQUARUSSU,4,2,1500.0,375.0,19000.0,4750.0,0,1,188,1
2024,MS,98590,CORONEL SAPUCAIA,1,1,507.0,507.0,11000.0,11000.0,0,1,29,1
2024,MT,73709,BOA ESPERANÇA DO NORTE,1,1,200.0,200.0,13000.0,13000.0,0,0,39,1
2024,MT,89788,COLNIZA,3,1,1222.0,407.3333333333333,10000.0,3333.3333333333335,2,2,116,1
2024,MT,89796,COLÍDER,7,4,3093.0,441.85714285714283,82000.0,11714.285714285714,0,6,57,1
2024,MT,89818,NOVA BRASILÂNDIA,5,3,1664.0,332.8,42000.0,8400.0,0,5,10,1
2024,MT,89826,NOVA SANTA HELENA,3,3,677.0,225.66666666666666,11600.0,3866.6666666666665,0,2,52,1
2024,MT,89834,PARANATINGA,4,4,1581.0,395.25,62050.0,15512.5,0,1,53,1
2024,MT,89850,SINOP,3,2,1600.0,533.3333333333334,28000.0,9333.333333333334,1,2,70,1
2024,MT,89877,ALTA FLORESTA,2,1,1200.0,600.0,27000.0,13500.0,1,1,223,1
2024,MT,89915,JAURU,1,1,350.0,350.0,11000.0,11000.0,0,1,9,1
2024,MT,89931,SÃO JOSÉ DOS QUATRO MARCOS,2,2,870.0,435.0,14000.0,7000.0,1,2,21,1
2024,MT,89958,RIO BRANCO,2,1,667.0,333.5,25500.0,12750.0,0,1,36,1
2024,MT,89990,PONTES E LACERDA,1,1,400.0,400.0,10000.0,10000.0,0,1,17,1
2024,MT,90050,ALTO ARAGUAIA,7,4,2656.0,379.42857142857144,60000.0,8571.42857142857,1,5,198,1
2024,MT,90069,QUERÊNCIA,4,4,1512.0,378.0,40950.0,10237.5,0,3,45,1
2024,MT,90077,ALTO GARÇAS,2,1,646.0,323.0,17800.0,8900.0,0,2,26,1
2024,MT,90085,CANABRAVA DO NORTE,1,1,297.0,297.0,8500.0,8500.0,0,0,50,1
2024,MT,90140,NOVA GUARITA,2,2,503.0,251.5,11000.0,5500.0,0,2,12,1
2024,MT,90166,NOVA MARILÂNDIA,1,1,270.0,270.0,6000.0,6000.0,0,0,77,1
2024,MT,90182,PORTO ESTRELA,3,2,952.0,317.3333333333333,27000.0,9000.0,0,3,21,1
2024,MT,90255,ARENÁPOLIS,2,1,710.0,355.0,12000.0,6000.0,0,1,69,1
2024,MT,90271,ARIPUANÃ,3,2,1777.0,592.3333333333334,18000.0,6000.0,0,2,31,1
2024,MT,90280,CONFRESA,3,3,1171.0,390.3333333333333,25300.0,8433.333333333334,0,3,9,1
2024,MT,90310,BARÃO DE MELGAÇO,1,1,364.0,364.0,15000.0,15000.0,0,1,8,1
2024,MT,90328,SANTO AFONSO,2,2,445.0,222.5,11000.0,5500.0,1,1,70,1
2024,MT,90336,BARRA DO BUGRES,9,3,4700.0,522.2222222222222,116000.0,12888.888888888889,1,6,217,1
2024,MT,90344,PLANALTO DA SERRA,1,1,338.0,338.0,12000.0,12000.0,0,0,191,1
2024,MT,90352,BARRA DO GARÇAS,12,4,6136.0,511.3333333333333,110000.0,9166.666666666666,5,2,208,1
2024,MT,90360,NOVA MONTE VERDE,8,1,1980.0,247.5,38000.0,4750.0,2,2,159,1
2024,MT,90387,NOVA BANDEIRANTES,6,2,1705.0,284.1666666666667,29000.0,4833.333333333333,3,2,187,1
2024,MT,90425,COTRIGUAÇU,1,1,396.0,396.0,6000.0,6000.0,0,1,17,1
2024,MT,90441,RIBEIRÃOZINHO,6,4,1610.0,268.3333333333333,25000.0,4166.666666666667,0,4,37,1
2024,MT,90468,BRASNORTE,6,3,2334.0,389.0,48500.0,8083.333333333333,0,2,190,1
2024,MT,90476,CÁCERES,6,4,3325.0,554.1666666666666,59120.0,9853.333333333334,0,5,72,1
2024,MT,90484,CAMPO NOVO DO PARECIS,4,3,1650.0,412.5,48000.0,12000.0,1,3,31,1
2024,MT,90506,CAMPO VERDE,1,1,500.0,500.0,16000.0,16000.0,1,1,12,1
2024,MT,90522,CLÁUDIA,3,2,650.0,216.66666666666666,36000.0,12000.0,0,2,68,1
2024,MT,90565,JANGADA,4,2,1580.0,395.0,37000.0,9250.0,3,2,138,1
2024,MT,90581,JURUENA,1,1,190.0,190.0,3000.0,3000.0,1,0,142,1
2024,MT,90590,CHAPADA DOS GUIMARÃES,2,1,800.0,400.0,22000.0,11000.0,1,0,176,1
2024,MT,90603,LUCAS DO RIO VERDE,1,1,330.0,330.0,8500.0,8500.0,0,1,7,1
2024,MT,90646,NOVA MUTUM,1,1,381.0,381.0,9500.0,9500.0,0,1,5,1
2024,MT,90662,RIBEIRÃO CASCALHEIRA,2,2,510.0,255.0,15500.0,7750.0,0,2,29,1
2024,MT,90670,CUIABÁ,58,16,59141.0,1019.6724137931035,1427348.8,24609.462068965517,27,23,245,1
2024,MT,90689,TAPURAH,3,3,1450.0,483.3333333333333,32500.0,10833.333333333334,1,3,6,1
2024,MT,90697,DIAMANTINO,5,3,2424.0,484.8,59175.0,11835.0,1,2,218,1
2024,MT,90700,PONTAL DO ARAGUAIA,4,2,1136.0,284.0,19450.0,4862.5,0,2,165,1
2024,MT,90719,DOM AQUINO,1,1,300.0,300.0,7500.0,7500.0,0,1,18,1
2024,MT,90727,SAPEZAL,3,1,1205.0,401.6666666666667,33000.0,11000.0,0,0,179,1
2024,MT,90743,CAMPOS DE JÚLIO,4,3,1140.0,285.0,41000.0,10250.0,1,3,43,1
2024,MT,90760,CARLINDA,1,1,150.0,150.0,4000.0,4000.0,0,1,7,1
2024,MT,90778,GENERAL CARNEIRO,1,1,250.0,250.0,4000.0,4000.0,0,1,7,1
2024,MT,90786,FELIZ NATAL,3,3,1100.0,366.6666666666667,21500.0,7166.666666666667,1,2,173,1
2024,MT,90808,NOVO MUNDO,3,2,1000.0,333.3333333333333,16500.0,5500.0,0,1,105,1
2024,MT,90824,GAÚCHA DO NORTE,1,1,400.0,400.0,7000.0,7000.0,0,0,52,1
2024,MT,90832,GUIRATINGA,3,1,885.0,295.0,28000.0,9333.333333333334,1,2,106,1
2024,MT,90840,UNIÃO DO SUL,1,1,120.0,120.0,5000.0,5000.0,0,1,14,1
2024,MT,90883,NOVA UBIRATÃ,8,5,2775.0,346.875,62000.0,7750.0,0,4,170,1
2024,MT,90913,ITIQUIRA,2,1,600.0,300.0,26000.0,13000.0,0,1,37,1
2024,MT,90921,SERRA NOVA DOURADA,1,1,318.0,318.0,7500.0,7500.0,0,1,25,1
2024,MT,90948,NOVO SANTO ANTÔNIO,1,1,150.0,150.0,5500.0,5500.0,0,1,7,1
2024,MT,90956,JACIARA,1,1,600.0,600.0,8000.0,8000.0,0,1,17,1
2024,MT,91006,CONQUISTA D'OESTE,1,1,291.0,291.0,8500.0,8500.0,0,1,5,1
2024,MT,91022,VALE DE SÃO DOMINGOS,2,2,458.0,229.0,11000.0,5500.0,1,1,42,1
2024,MT,91057,LUCIARA,1,1,329.0,329.0,6000.0,6000.0,0,1,15,1
2024,MT,91090,VILA BELA DA SANTÍSSIMA TRINDADE,2,2,600.0,300.0,40000.0,20000.0,1,2,13,1
2024,MT,91170,NOBRES,4,3,1387.0,346.75,25000.0,6250.0,1,2,88,1
2024,MT,91197,NORTELÂNDIA,8,3,2806.0,350.75,46000.0,5750.0,1,4,207,1
2024,MT,91219,NOSSA SENHORA DO LIVRAMENTO,1,1,400.0,400.0,10000.0,10000.0,1,0,70,1
2024,MT,91294,POCONÉ,5,3,2040.0,408.0,39000.0,7800.0,1,3,240,1
2024,MT,91510,RONDONÓPOLIS,16,9,10282.0,642.625,193250.0,12078.125,2,9,201,1
2024,MT,91537,ROSÁRIO OESTE,3,2,1393.0,464.3333333333333,26000.0,8666.666666666666,2,1,55,1
2024,MT,91553,SANTO ANTÔNIO DO LEVERGER,7,4,2940.0,420.0,70000.0,10000.0,3,2,229,1
2024,MT,91634,TORIXORÉU,4,2,1013.0,253.25,14500.0,3625.0,1,1,166,1
2024,MT,91677,VÁRZEA GRANDE,14,7,9366.0,669.0,181000.0,12928.57142857143,5,6,228,1
2024,MT,91812,PEDRA PRETA,2,1,750.0,375.0,13000.0,6500.0,0,1,33,1
2024,MT,91839,SÃO FÉLIX DO ARAGUAIA,1,1,300.0,300.0,10000.0,10000.0,0,1,25,1
2024,MT,91855,TANGARÁ DA SERRA,3,1,1320.0,440.0,12000.0,4000.0,1,1,276,1
2024,MT,91898,JUSCIMEIRA,3,3,1300.0,433.3333333333333,26000.0,8666.666666666666,1,1,128,1
2024,MT,91910,ÁGUA BOA,3,2,1302.0,434.0,43500.0,14500.0,0,2,48,1
2024,MT,91936,CANARANA,5,3,2471.0,494.2,45000.0,9000.0,0,3,32,1
2024,MT,91952,NOVA XAVANTINA,2,2,700.0,350.0,10500.0,5250.0,0,2,30,1
2024,MT,91995,SÃO JOSÉ DO RIO CLARO,1,1,400.0,400.0,15000.0,15000.0,0,1,7,1
2024,MT,98310,JUÍNA,1,1,460.0,460.0,4000.0,4000.0,0,1,10,1
2024,MT,98612,ALTO TAQUARI,1,1,367.0,367.0,3000.0,3000.0,0,0,125,1
2024,MT,98639,ARAGUAIANA,1,1,343.0,343.0,6000.0,6000.0,0,1,16,1
2024,MT,98671,COCALINHO,2,2,620.0,310.0,12000.0,6000.0,0,2,15,1
2024,MT,98698,ITAÚBA,4,3,1319.0,329.75,16000.0,4000.0,1,2,197,1
2024,MT,98736,NOVA OLÍMPIA,1,1,500.0,500.0,16000.0,16000.0,1,1,6,1
2024,MT,98752,NOVA CANAÃ DO NORTE,5,3,1332.0,266.4,24500.0,4900.0,1,0,113,1
2024,MT,98779,NOVO SÃO JOAQUIM,3,1,980.0,326.6666666666667,15000.0,5000.0,0,1,134,1
2024,MT,98795,NOVO HORIZONTE DO NORTE,2,2,407.0,203.5,15500.0,7750.0,0,2,5,1
2024,MT,98817,PEIXOTO DE AZEVEDO,6,4,2457.0,409.5,64000.0,10666.666666666666,1,5,88,1
2024,MT,98833,PARANAÍTA,5,1,1605.0,321.0,22000.0,4400.0,2,1,184,1
2024,MT,98876,PORTO ESPERIDIÃO,2,1,400.0,200.0,10000.0,5000.0,1,2,30,1
2024,MT,98892,PRIMAVERA DO LESTE,7,5,4388.0,626.8571428571429,95000.0,13571.42857142857,1,4,152,1
2024,MT,98914,RESERVA DO CABAÇAL,1,1,180.0,180.0,9000.0,9000.0,0,1,2,1
2024,MT,98930,SORRISO,7,6,4323.0,617.5714285714286,64000.0,9142.857142857143,2,5,221,1
2024,MT,98957,TERRA NOVA DO NORTE,1,1,370.0,370.0,7000.0,7000.0,0,1,14,1
2024,MT,98973,VERA,3,2,901.0,300.3333333333333,19000.0,6333.333333333333,0,2,49,1
2024,MT,99015,COMODORO,1,1,320.0,320.0,12000.0,12000.0,0,0,31,1
2024,MT,99031,FIGUEIRÓPOLIS D'OESTE,2,2,438.0,219.0,12000.0,6000.0,1,1,32,1
2024,MT,99058,GUARANTÃ DO NORTE,2,2,650.0,325.0,9000.0,4500.0,0,2,16,1
2024,PA,04006,GOIANÉSIA DO PARÁ,6,3,3195.0,532.5,39000.0,6500.0,5,3,169,1
2024,PA,04014,ABAETETUBA,6,3,2996.0,499.3333333333333,40000.0,6666.666666666667,2,3,188,1
2024,PA,04022,TAILÂNDIA,8,4,3898.0,487.25,58000.0,7250.0,5,5,101,1
2024,PA,04030,ACARÁ,3,2,981.0,327.0,17000.0,5666.666666666667,3,3,29,1
2024,PA,04049,BOM JESUS DO TOCANTINS,2,2,630.0,315.0,13000.0,6500.0,1,2,17,1
2024,PA,04073,ALENQUER,8,4,3600.0,450.0,59000.0,7375.0,5,2,210,1
2024,PA,04081,TUCUMÃ,10,4,3683.0,368.3,80000.0,8000.0,6,7,44,1
2024,PA,04090,ALMEIRIM,1,1,400.0,400.0,6000.0,6000.0,1,0,177,1
2024,PA,04103,MÃE DO RIO,3,3,1747.0,582.3333333333334,19000.0,6333.333333333333,2,1,204,1
2024,PA,04111,ALTAMIRA,6,2,3413.0,568.8333333333334,42700.0,7116.666666666667,1,3,205,1
2024,PA,04120,ELDORADO DOS CARAJÁS,6,2,2297.0,382.8333333333333,43000.0,7166.666666666667,6,3,77,1
2024,PA,04138,ANAJÁS,1,1,400.0,400.0,8000.0,8000.0,0,1,20,1
2024,PA,04146,SANTA LUZIA DO PARÁ,2,1,788.0,394.0,15000.0,7500.0,1,2,16,1
2024,PA,04154,ANANINDEUA,10,4,6045.0,604.5,116357.0,11635.7,6,4,217,1
2024,PA,04162,PALESTINA DO PARÁ,2,2,348.0,174.0,12000.0,6000.0,2,2,11,1
2024,PA,04170,AUGUSTO CORRÊA,2,1,538.0,269.0,12000.0,6000.0,2,1,141,1
2024,PA,04189,IPIXUNA DO PARÁ,4,1,2020.0,505.0,30000.0,7500.0,3,2,191,1
2024,PA,04197,AVEIRO,6,3,2870.0,478.3333333333333,47000.0,7833.333333333333,4,4,153,1
2024,PA,04200,JACAREACANGA,1,1,650.0,650.0,10000.0,10000.0,1,0,131,1
2024,PA,04219,BAGRE,1,1,390.0,390.0,6000.0,6000.0,1,0,169,1
2024,PA,04235,BAIÃO,3,2,1204.0,401.3333333333333,16000.0,5333.333333333333,0,2,72,1
2024,PA,04251,BARCARENA,3,3,1835.0,611.6666666666666,24000.0,8000.0,2,2,150,1
2024,PA,04260,ÁGUA AZUL DO NORTE,3,2,909.0,303.0,32000.0,10666.666666666666,0,1,103,1
2024,PA,04278,BELÉM,75,15,81176.0,1082.3466666666666,1944749.4,25929.992,38,29,256,1
2024,PA,04286,TRAIRÃO,3,2,1340.0,446.6666666666667,19000.0,6333.333333333333,1,2,45,1
2024,PA,04294,BENEVIDES,4,4,1908.0,477.0,39068.020000000004,9767.005000000001,2,1,164,1
2024,PA,04308,PAU D'ARCO,11,6,4112.0,373.8181818181818,57000.0,5181.818181818182,7,4,203,1
2024,PA,04324,ULIANÓPOLIS,1,1,400.0,400.0,8000.0,8000.0,0,1,4,1
2024,PA,04332,BRAGANÇA,4,4,2045.0,511.25,67068.29000000001,16767.072500000002,1,3,146,1
2024,PA,04359,BREVES,2,1,954.0,477.0,14000.0,7000.0,1,1,148,1
2024,PA,04367,TERRA SANTA,2,1,767.0,383.5,10000.0,5000.0,2,0,119,1
2024,PA,04375,BUJARU,2,2,795.0,397.5,16000.0,8000.0,1,2,7,1
2024,PA,04383,NOVO PROGRESSO,1,1,500.0,500.0,7000.0,7000.0,0,0,53,1
2024,PA,04391,CACHOEIRA DO ARARI,1,1,303.0,303.0,6000.0,6000.0,1,0,109,1
2024,PA,04405,VITÓRIA DO XINGU,2,1,1000.0,500.0,10700.0,5350.0,1,1,208,1
2024,PA,04413,CAMETÁ,3,3,2606.0,868.6666666666666,49130.28,16376.76,1,1,84,1
2024,PA,04421,NOVO REPARTIMENTO,5,3,2955.0,591.0,38000.0,7600.0,3,3,136,1
2024,PA,04430,CAPANEMA,14,7,7911.0,565.0714285714286,128000.0,9142.857142857143,8,6,226,1
2024,PA,04456,CAPITÃO POÇO,4,4,1800.0,450.0,31000.0,7750.0,2,4,25,1
2024,PA,04464,SÃO DOMINGOS DO ARAGUAIA,4,2,1315.0,328.75,27000.0,6750.0,3,2,94,1
2024,PA,04472,CASTANHAL,12,6,7860.0,655.0,102800.0,8566.666666666666,7,5,216,1
2024,PA,04480,NOVA ESPERANÇA DO PIRIÁ,3,2,1300.0,433.3333333333333,19000.0,6333.333333333333,1,2,192,1
2024,PA,04499,CHAVES,2,1,800.0,400.0,11000.0,5500.0,1,1,164,1
2024,PA,04502,ABEL FIGUEIREDO,4,3,1605.0,401.25,27000.0,6750.0,1,2,38,1
2024,PA,04510,COLARES,6,3,2145.0,357.5,35000.0,5833.333333333333,4,3,114,1
2024,PA,04529,CUMARU DO NORTE,2,2,592.0,296.0,14000.0,7000.0,1,2,18,1
2024,PA,04537,CONCEIÇÃO DO ARAGUAIA,12,5,4919.0,409.9166666666667,80500.0,6708.333333333333,9,6,252,1
2024,PA,04545,TERRA ALTA,3,1,1196.0,398.6666666666667,15000.0,5000.0,3,1,259,1
2024,PA,04561,FLORESTA DO ARAGUAIA,2,1,960.0,480.0,11000.0,5500.0,0,2,22,1
2024,PA,04570,CURUÇÁ,1,1,403.0,403.0,6000.0,6000.0,1,0,245,1
2024,PA,04588,BANNACH,2,2,565.0,282.5,13000.0,6500.0,1,2,30,1
2024,PA,04596,FARO,3,2,1120.0,373.3333333333333,15000.0,5000.0,2,1,121,1
2024,PA,04600,NOVA IPIXUNA,3,2,1200.0,400.0,22000.0,7333.333333333333,0,3,22,1
2024,PA,04618,GURUPÁ,3,2,1179.0,393.0,17000.0,5666.666666666667,3,2,93,1
2024,PA,04626,PLACAS,1,1,400.0,400.0,5000.0,5000.0,0,1,23,1
2024,PA,04642,MARITUBA,4,2,1560.0,390.0,20000.0,5000.0,4,1,115,1
2024,PA,04650,IGARAPÉ-MIRI,10,4,4512.0,451.2,62000.0,6200.0,6,7,94,1
2024,PA,04669,TRACUATEUA,7,2,3606.0,515.1428571428571,41000.0,5857.142857142857,5,3,99,1
2024,PA,04677,INHANGAPI,2,1,820.0,410.0,11000.0,5500.0,0,1,52,1
2024,PA,04685,QUATIPURU,2,1,872.0,436.0,17000.0,8500.0,0,1,65,1
2024,PA,04693,IRITUIA,12,6,6047.0,503.9166666666667,88000.0,7333.333333333333,5,7,198,1
2024,PA,04707,CANAÃ DOS CARAJÁS,2,2,2840.0,1420.0,49000.0,24500.0,1,2,10,1
2024,PA,04715,ITAITUBA,4,2,2015.0,503.75,35000.0,8750.0,4,3,197,1
2024,PA,04723,ANAPU,4,4,1710.0,427.5,29000.0,7250.0,2,2,110,1
2024,PA,04731,ITUPIRANGA,5,4,2171.0,434.2,41000.0,8200.0,3,2,170,1
2024,PA,04758,JACUNDÁ,3,1,1200.0,400.0,15000.0,5000.0,3,1,202,1
2024,PA,04774,JURUTI,6,3,2574.0,429.0,33000.0,5500.0,2,5,44,1
2024,PA,04782,PIÇARRA,1,1,350.0,350.0,8000.0,8000.0,1,0,41,1
2024,PA,04790,LIMOEIRO DO AJURU,1,1,400.0,400.0,14000.0,14000.0,0,1,16,1
2024,PA,04804,BELTERRA,5,3,2080.0,416.0,28400.0,5680.0,1,1,222,1
2024,PA,04812,MAGALHÃES BARATA,4,1,1540.0,385.0,23000.0,5750.0,3,2,67,1
2024,PA,04839,MARABÁ,12,5,8805.0,733.75,205204.06,17100.338333333333,1,7,84,1
2024,PA,04847,SAPUCAIA,1,1,150.0,150.0,5000.0,5000.0,1,0,66,1
2024,PA,04855,MARACANÃ,1,1,280.0,280.0,7000.0,7000.0,1,1,12,1
2024,PA,04863,MOJUÍ DOS CAMPOS,12,4,5709.0,475.75,76000.0,6333.333333333333,4,7,156,1
2024,PA,04871,MARAPANIM,2,1,800.0,400.0,10000.0,5000.0,2,1,37,1
2024,PA,04910,MOCAJUBA,7,5,2430.0,347.14285714285717,48500.0,6928.571428571428,4,3,115,1
2024,PA,04936,MOJU,10,4,4070.0,407.0,68000.0,6800.0,7,6,155,1
2024,PA,04952,MONTE ALEGRE,1,1,400.0,400.0,5000.0,5000.0,0,1,21,1
2024,PA,04979,MUANÁ,3,1,1800.0,600.0,42000.0,14000.0,2,2,24,1
2024,PA,05010,ÓBIDOS,3,2,1200.0,400.0,19000.0,6333.333333333333,0,2,55,1
2024,PA,05037,OEIRAS DO PARÁ,3,2,1200.0,400.0,35000.0,11666.666666666666,2,1,140,1
2024,PA,05070,OURÉM,5,4,1700.0,340.0,36000.0,7200.0,2,4,94,1
2024,PA,05096,PARAGOMINAS,6,3,2600.0,433.3333333333333,48000.0,8000.0,3,4,190,1
2024,PA,05118,PEIXE-BOI,3,2,837.0,279.0,15000.0,5000.0,3,1,245,1
2024,PA,05134,PONTA DE PEDRAS,6,3,2499.0,416.5,40000.0,6666.666666666667,1,3,81,1
2024,PA,05150,PORTEL,3,1,1200.0,400.0,32900.0,10966.666666666666,3,2,123,1
2024,PA,05177,PORTO DE MOZ,3,1,1965.0,655.0,21000.0,7000.0,2,1,197,1
2024,PA,05215,PRIMAVERA,2,1,788.0,394.0,9000.0,4500.0,2,0,176,1
2024,PA,05231,SALINÓPOLIS,7,2,3107.0,443.85714285714283,60000.0,8571.42857142857,6,3,134,1
2024,PA,05258,SALVATERRA,4,4,1711.0,427.75,31000.0,7750.0,1,3,107,1
2024,PA,05290,SANTA ISABEL DO PARÁ,9,5,5473.0,608.1111111111111,64000.0,7111.111111111111,3,5,127,1
2024,PA,05312,SANTA MARIA DO PARÁ,4,4,2415.0,603.75,29000.0,7250.0,1,4,21,1
2024,PA,05339,SANTANA DO ARAGUAIA,4,2,1740.0,435.0,32000.0,8000.0,2,4,19,1
2024,PA,05355,SANTARÉM,26,8,19120.0,735.3846153846154,344071.0,13233.5,5,7,209,1
2024,PA,05371,SANTARÉM NOVO,4,1,1577.0,394.25,21000.0,5250.0,4,1,231,1
2024,PA,05398,SANTO ANTÔNIO DO TAUÁ,5,3,2256.0,451.2,36893.0,7378.6,1,3,84,1
2024,PA,05436,SÃO DOMINGOS DO CAPIM,1,1,501.0,501.0,5000.0,5000.0,0,1,10,1
2024,PA,05452,SÃO FÉLIX DO XINGU,3,3,1280.0,426.6666666666667,17000.0,5666.666666666667,1,2,40,1
2024,PA,05479,SÃO FRANCISCO DO PARÁ,3,1,1155.0,385.0,16000.0,5333.333333333333,3,2,128,1
2024,PA,05495,SÃO JOÃO DO ARAGUAIA,5,2,1170.0,234.0,24000.0,4800.0,5,1,143,1
2024,PA,05517,SÃO MIGUEL DO GUAMÁ,2,1,1000.0,500.0,11000.0,5500.0,2,0,212,1
2024,PA,05576,SOURE,7,3,2490.0,355.7142857142857,50000.0,7142.857142857143,4,3,124,1
2024,PA,05592,TOMÉ-AÇU,5,2,2433.0,486.6,34000.0,6800.0,4,3,78,1
2024,PA,05614,TUCURUÍ,17,8,11115.0,653.8235294117648,162000.0,9529.411764705883,13,4,199,1
2024,PA,05630,VIGIA,5,2,1804.0,360.8,28000.0,5600.0,5,1,216,1
2024,PA,05657,VISEU,4,3,2264.0,566.0,28000.0,7000.0,3,2,60,1
2024,PA,05673,REDENÇÃO,16,5,7887.0,492.9375,123500.0,7718.75,8,6,177,1
2024,PA,05711,XINGUARA,22,8,9593.0,436.04545454545456,175653.08000000002,7984.23090909091,6,12,249,1
2024,PA,05738,RONDON DO PARÁ,3,1,1102.0,367.3333333333333,25000.0,8333.333333333334,3,1,53,1
2024,PA,05754,URUARÁ,5,2,2782.0,556.4,38700.0,7740.0,3,1,207,1
2024,PA,05770,MEDICILÂNDIA,4,3,1720.0,430.0,24000.0,6000.0,2,2,99,1
2024,PA,05797,SÃO GERALDO DO ARAGUAIA,3,2,1181.0,393.6666666666667,20000.0,6666.666666666667,2,0,143,1
2024,PA,05819,CONCÓRDIA DO PARÁ,3,2,1200.0,400.0,30000.0,10000.0,0,3,13,1
2024,PA,05835,PARAUAPEBAS,35,9,30456.0,870.1714285714286,523507.0,14957.342857142858,13,16,232,1
2024,PA,05878,GARRAFÃO DO NORTE,3,3,1105.0,368.3333333333333,23000.0,7666.666666666667,2,2,206,1
2024,PA,05894,RURÓPOLIS,14,3,6060.0,432.85714285714283,86700.0,6192.857142857143,6,4,214,1
2024,PA,05932,BREJO GRANDE DO ARAGUAIA,2,1,380.0,190.0,10000.0,5000.0,2,1,67,1
2024,PA,05959,OURILÂNDIA DO NORTE,2,1,1040.0,520.0,13000.0,6500.0,0,1,68,1
2024,PA,05975,DOM ELISEU,1,1,400.0,400.0,8000.0,8000.0,0,1,4,1
2024,PA,05991,SANTA MARIA DAS BARREIRAS,9,4,3033.0,337.0,63000.0,7000.0,9,2,254,1
2024,PB,19003,RIACHÃO DO POÇO,2,2,800.0,400.0,14000.0,7000.0,0,1,32,1
2024,PB,19011,ÁGUA BRANCA,1,1,430.0,430.0,4000.0,4000.0,0,1,9,1
2024,PB,19020,SOBRADO,9,4,3430.0,381.1111111111111,69000.0,7666.666666666667,0,7,77,1
2024,PB,19054,ALAGOA GRANDE,7,3,2650.0,378.57142857142856,44000.0,6285.714285714285,0,4,71,1
2024,PB,19062,CAPIM,1,1,400.0,400.0,6000.0,6000.0,0,0,36,1
2024,PB,19089,CUITÉ DE MAMANGUAPE,1,1,270.0,270.0,5000.0,5000.0,0,0,48,1
2024,PB,19097,ALAGOINHA,3,2,940.0,313.3333333333333,16000.0,5333.333333333333,0,1,61,1
2024,PB,19100,CURRAL DE CIMA,2,2,700.0,350.0,13000.0,6500.0,0,2,9,1
2024,PB,19119,ALHANDRA,4,3,2357.0,589.25,25000.0,6250.0,0,3,43,1
2024,PB,19127,RIACHÃO DO BACAMARTE,2,2,570.0,285.0,9000.0,4500.0,0,1,76,1
2024,PB,19151,ARAÇAGI,1,1,280.0,280.0,5000.0,5000.0,0,1,25,1
2024,PB,19160,LOGRADOURO,1,1,332.0,332.0,6000.0,6000.0,0,1,29,1
2024,PB,19178,ARARA,1,1,400.0,400.0,5000.0,5000.0,0,1,25,1
2024,PB,19186,SERTÃOZINHO,2,2,757.0,378.5,11000.0,5500.0,1,0,57,1
2024,PB,19194,ARARUNA,3,2,1300.0,433.3333333333333,22000.0,7333.333333333333,0,2,45,1
2024,PB,19208,RIACHÃO,2,2,800.0,400.0,10000.0,5000.0,0,2,6,1
2024,PB,19232,AREIAL,1,1,400.0,400.0,5000.0,5000.0,0,1,29,1
2024,PB,19240,CARAÚBAS,1,1,250.0,250.0,3000.0,3000.0,1,0,77,1
2024,PB,19259,AROEIRAS,1,1,400.0,400.0,5000.0,5000.0,0,1,21,1
2024,PB,19267,SANTO ANDRÉ,1,1,250.0,250.0,3000.0,3000.0,1,0,90,1
2024,PB,19275,DAMIÃO,2,1,700.0,350.0,11000.0,5500.0,0,1,40,1
2024,PB,19291,BAÍA DA TRAIÇÃO,3,1,1160.0,386.6666666666667,17500.0,5833.333333333333,0,1,167,1
2024,PB,19305,BARAÚNA,1,1,400.0,400.0,4000.0,4000.0,0,1,18,1
2024,PB,19313,BANANEIRAS,7,5,3054.0,436.2857142857143,44000.0,6285.714285714285,0,5,58,1
2024,PB,19330,BARRA DE SANTA ROSA,2,2,700.0,350.0,10000.0,5000.0,0,2,6,1
2024,PB,19364,CACIMBAS,1,1,400.0,400.0,5000.0,5000.0,0,1,8,1
2024,PB,19372,BAYEUX,17,7,9130.0,537.0588235294117,140500.0,8264.70588235294,1,9,175,1
2024,PB,19399,BELÉM,5,4,1760.0,352.0,26000.0,5200.0,0,2,225,1
2024,PB,19410,BELÉM DO BREJO DO CRUZ,1,1,528.0,528.0,5000.0,5000.0,0,0,56,1
2024,PB,19445,SÃO JOSÉ DE PRINCESA,1,1,300.0,300.0,6000.0,6000.0,0,0,92,1
2024,PB,19470,BOM SUCESSO,2,2,800.0,400.0,11000.0,5500.0,0,0,186,1
2024,PB,19496,BONITO DE SANTA FÉ,1,1,400.0,400.0,10000.0,10000.0,0,1,7,1
2024,PB,19550,BORBOREMA,1,1,300.0,300.0,6000.0,6000.0,0,1,5,1
2024,PB,19593,BREJO DOS SANTOS,1,1,400.0,400.0,5000.0,5000.0,0,0,55,1
2024,PB,19607,CASSERENGUE,2,1,800.0,400.0,10000.0,5000.0,0,1,38,1
2024,PB,19615,CAAPORÃ,7,4,2784.0,397.7142857142857,40000.0,5714.285714285715,0,5,49,1
2024,PB,19658,CABEDELO,9,4,5765.0,640.5555555555555,57000.0,6333.333333333333,4,2,151,1
2024,PB,19690,CACIMBA DE AREIA,2,1,800.0,400.0,11000.0,5500.0,0,0,128,1
2024,PB,19712,CACIMBA DE DENTRO,2,2,680.0,340.0,10000.0,5000.0,0,0,72,1
2024,PB,19720,PARARI,1,1,250.0,250.0,3000.0,3000.0,1,0,75,1
2024,PB,19739,CAIÇARA,1,1,400.0,400.0,5000.0,5000.0,0,1,18,1
2024,PB,19747,PEDRO RÉGIS,1,1,400.0,400.0,6000.0,6000.0,0,1,4,1
2024,PB,19755,CAJAZEIRAS,4,1,3086.0,771.5,29000.0,7250.0,1,1,183,1
2024,PB,19763,ALCANTIL,2,2,700.0,350.0,10000.0,5000.0,0,1,45,1
2024,PB,19798,CAMALAÚ,2,1,600.0,300.0,9000.0,4500.0,1,1,89,1
2024,PB,19810,CAMPINA GRANDE,18,7,12763.0,709.0555555555555,224314.0,12461.888888888889,2,5,215,1
2024,PB,19895,CONCEIÇÃO,2,2,800.0,400.0,13000.0,6500.0,0,2,19,1
2024,PB,19917,CONDADO,1,1,240.0,240.0,5000.0,5000.0,0,1,25,1
2024,PB,19933,CONDE,7,5,3686.0,526.5714285714286,53000.0,7571.428571428572,1,6,61,1
2024,PB,19941,BOA VISTA,1,1,300.0,300.0,6000.0,6000.0,0,1,11,1
2024,PB,19968,MARCAÇÃO,1,1,330.0,330.0,6000.0,6000.0,0,1,5,1
2024,PB,19984,MATURÉIA,4,3,1391.0,347.75,23000.0,5750.0,1,2,97,1
2024,PB,19992,CRUZ DO ESPÍRITO SANTO,1,1,280.0,280.0,5000.0,5000.0,0,1,11,1
2024,PB,20036,CUITÉ,2,2,750.0,375.0,11000.0,5500.0,0,1,59,1
2024,PB,20052,CUITEGI,2,1,800.0,400.0,12000.0,6000.0,0,1,77,1
2024,PB,20095,DESTERRO,1,1,400.0,400.0,5000.0,5000.0,0,1,14,1
2024,PB,20133,DIAMANTE,1,1,400.0,400.0,7000.0,7000.0,0,1,9,1
2024,PB,20150,DONA INÊS,2,2,800.0,400.0,13000.0,6500.0,0,1,55,1
2024,PB,20176,DUAS ESTRADAS,3,1,1130.0,376.6666666666667,18000.0,6000.0,0,1,93,1
2024,PB,20214,ESPERANÇA,1,1,500.0,500.0,8000.0,8000.0,0,1,13,1
2024,PB,20230,FAGUNDES,1,1,300.0,300.0,5000.0,5000.0,0,0,31,1
2024,PB,20273,GUARABIRA,8,3,5086.0,635.75,67000.0,8375.0,0,3,250,1
2024,PB,20290,GURINHÉM,1,1,400.0,400.0,5000.0,5000.0,0,1,19,1
2024,PB,20311,GURJÃO,1,1,380.0,380.0,5000.0,5000.0,0,1,13,1
2024,PB,20338,IBIARA,1,1,400.0,400.0,6000.0,6000.0,0,1,17,1
2024,PB,20354,IMACULADA,2,1,800.0,400.0,17000.0,8500.0,0,1,154,1
2024,PB,20370,INGÁ,11,5,4788.0,435.27272727272725,63500.0,5772.727272727273,0,7,152,1
2024,PB,20397,ITABAIANA,3,2,1030.0,343.3333333333333,18000.0,6000.0,0,2,142,1
2024,PB,20419,ITAPORANGA,1,1,400.0,400.0,5000.0,5000.0,0,0,31,1
2024,PB,20435,ITAPOROROCA,3,2,1150.0,383.3333333333333,23000.0,7666.666666666667,0,2,72,1
2024,PB,20478,JACARAÚ,2,2,750.0,375.0,14500.0,7250.0,0,1,154,1
2024,PB,20516,JOÃO PESSOA,40,13,34060.0,851.5,1064910.4,26622.76,18,13,217,1
2024,PB,20591,JURIPIRANGA,1,1,400.0,400.0,5000.0,5000.0,0,1,18,1
2024,PB,20613,JURU,2,1,728.0,364.0,11000.0,5500.0,0,0,167,1
2024,PB,20656,LAGOA DE DENTRO,1,1,400.0,400.0,8000.0,8000.0,0,1,3,1
2024,PB,20672,LAGOA SECA,3,2,1100.0,366.6666666666667,17000.0,5666.666666666667,0,1,136,1
2024,PB,20710,LIVRAMENTO,1,1,300.0,300.0,6000.0,6000.0,0,1,5,1
2024,PB,20737,LUCENA,4,3,1600.0,400.0,21000.0,5250.0,1,3,67,1
2024,PB,20796,MAMANGUAPE,11,7,4617.0,419.72727272727275,74000.0,6727.272727272727,0,7,133,1
2024,PB,20818,MANAÍRA,1,1,364.0,364.0,5000.0,5000.0,0,0,36,1
2024,PB,20834,MARI,1,1,400.0,400.0,7000.0,7000.0,0,1,8,1
2024,PB,20850,MASSARANDUBA,2,2,750.0,375.0,11000.0,5500.0,0,0,86,1
2024,PB,20877,MATARACA,5,4,1900.0,380.0,31000.0,6200.0,0,2,81,1
2024,PB,20893,MOGEIRO,1,1,400.0,400.0,5000.0,5000.0,0,0,51,1
2024,PB,20958,MONTEIRO,4,4,1911.0,477.75,22000.0,5500.0,0,1,171,1
2024,PB,21032,NOVA FLORESTA,3,2,1200.0,400.0,13000.0,4333.333333333333,0,2,40,1
2024,PB,21059,NOVA OLINDA,1,1,400.0,400.0,4000.0,4000.0,0,1,4,1
2024,PB,21075,NOVA PALMEIRA,4,4,1464.0,366.0,20000.0,5000.0,0,3,78,1
2024,PB,21091,OLHO D'ÁGUA,1,1,280.0,280.0,5000.0,5000.0,0,0,33,1
2024,PB,21113,OLIVEDOS,1,1,285.0,285.0,6000.0,6000.0,0,1,18,1
2024,PB,21172,PATOS,4,4,3726.0,931.5,34000.0,8500.0,1,3,149,1
2024,PB,21199,PAULISTA,5,3,2100.0,420.0,31000.0,6200.0,0,0,224,1
2024,PB,21210,PEDRA BRANCA,1,1,400.0,400.0,7000.0,7000.0,0,1,9,1
2024,PB,21253,PEDRAS DE FOGO,3,2,1180.0,393.3333333333333,18000.0,6000.0,0,1,67,1
2024,PB,21270,PIANCÓ,6,3,2589.0,431.5,30000.0,5000.0,0,2,149,1
2024,PB,21318,PILAR,3,3,1200.0,400.0,21000.0,7000.0,0,3,5,1
2024,PB,21334,PILÕES,1,1,359.0,359.0,6000.0,6000.0,0,1,17,1
2024,PB,21350,PILÕEZINHOS,1,1,280.0,280.0,5000.0,5000.0,0,0,58,1
2024,PB,21377,PIRPIRITUBA,6,4,2716.0,452.6666666666667,37000.0,6166.666666666667,1,2,185,1
2024,PB,21393,PITIMBU,2,1,800.0,400.0,12000.0,6000.0,0,1,44,1
2024,PB,21415,POCINHOS,2,2,900.0,450.0,9000.0,4500.0,0,0,44,1
2024,PB,21474,PRINCESA ISABEL,12,7,4812.0,401.0,87500.0,7291.666666666667,0,6,168,1
2024,PB,21490,PUXINANÃ,2,1,800.0,400.0,10000.0,5000.0,0,0,60,1
2024,PB,21512,QUEIMADAS,1,1,400.0,400.0,5000.0,5000.0,0,0,135,1
2024,PB,21539,QUIXABA,1,1,300.0,300.0,5000.0,5000.0,0,0,153,1
2024,PB,21555,REMÍGIO,1,1,300.0,300.0,5000.0,5000.0,0,1,12,1
2024,PB,21571,RIACHO DOS CAVALOS,3,3,1050.0,350.0,21000.0,7000.0,0,2,86,1
2024,PB,21610,SALGADINHO,1,1,400.0,400.0,7000.0,7000.0,0,1,8,1
2024,PB,21636,SALGADO DE SÃO FÉLIX,1,1,400.0,400.0,6000.0,6000.0,0,0,49,1
2024,PB,21679,SANTA HELENA,4,3,2775.0,693.75,26000.0,6500.0,1,1,161,1
2024,PB,21695,SANTA LUZIA,8,4,3500.0,437.5,44000.0,5500.0,0,5,48,1
2024,PB,21750,SANTA RITA,13,5,7592.0,584.0,104000.0,8000.0,1,4,245,1
2024,PB,21776,SANTA TERESINHA,2,2,761.0,380.5,11500.0,5750.0,0,0,56,1
2024,PB,21792,SÃO BENTO,19,6,9898.0,520.9473684210526,123500.0,6500.0,4,8,217,1
2024,PB,21814,SÃO JOÃO DO CARIRI,2,1,560.0,280.0,10000.0,5000.0,0,1,60,1
2024,PB,21857,SÃO JOSÉ DA LAGOA TAPADA,1,1,400.0,400.0,5000.0,5000.0,0,0,60,1
2024,PB,21873,SÃO JOSÉ DE CAIANA,1,1,400.0,400.0,7000.0,7000.0,0,0,32,1
2024,PB,21890,SÃO JOSÉ DE ESPINHARAS,1,1,450.0,450.0,6000.0,6000.0,0,1,4,1
2024,PB,21911,SÃO JOSÉ DE PIRANHAS,1,1,350.0,350.0,6000.0,6000.0,0,1,22,1
2024,PB,21970,SÃO JOSÉ DOS CORDEIROS,1,1,250.0,250.0,3000.0,3000.0,1,0,87,1
2024,PB,22012,SÃO MIGUEL DE TAIPU,2,2,810.0,405.0,12500.0,6250.0,0,0,132,1
2024,PB,22039,SÃO SEBASTIÃO DE LAGOA DE ROÇA,1,1,500.0,500.0,5000.0,5000.0,0,1,5,1
2024,PB,22055,SÃO SEBASTIÃO DO UMBUZEIRO,1,1,300.0,300.0,3000.0,3000.0,1,0,88,1
2024,PB,22071,SAPÉ,3,3,1568.0,522.6666666666666,17000.0,5666.666666666667,0,2,210,1
2024,PB,22098,SÃO VICENTE DO SERIDÓ,3,2,1100.0,366.6666666666667,22000.0,7333.333333333333,0,2,126,1
2024,PB,22110,SERRA BRANCA,1,1,270.0,270.0,5000.0,5000.0,0,0,40,1
2024,PB,22136,SERRA DA RAIZ,1,1,330.0,330.0,6000.0,6000.0,0,1,9,1
2024,PB,22217,SOLÂNEA,2,2,700.0,350.0,12000.0,6000.0,0,1,37,1
2024,PB,22233,SOLEDADE,3,2,1200.0,400.0,19000.0,6333.333333333333,0,3,18,1
2024,PB,22250,SOUSA,7,4,4213.0,601.8571428571429,53000.0,7571.428571428572,1,4,120,1
2024,PB,22276,SUMÉ,1,1,400.0,400.0,6000.0,6000.0,0,1,3,1
2024,PB,22292,TACIMA,1,1,400.0,400.0,8000.0,8000.0,0,1,16,1
2024,PB,22314,TAPEROÁ,1,1,400.0,400.0,5000.0,5000.0,0,1,16,1
2024,PB,22330,TAVARES,11,6,4685.0,425.90909090909093,84000.0,7636.363636363636,0,2,221,1
2024,PB,22357,TEIXEIRA,2,1,560.0,280.0,10000.0,5000.0,0,2,23,1
2024,PE,23019,AFOGADOS DA INGAZEIRA,6,3,2150.0,358.3333333333333,35000.0,5833.333333333333,0,4,89,1
2024,PE,23027,LAGOA DO CARRO,6,4,2375.0,395.8333333333333,31000.0,5166.666666666667,1,5,197,1
2024,PE,23035,AFRÂNIO,2,1,800.0,400.0,15000.0,7500.0,0,1,204,1
2024,PE,23043,SANTA CRUZ DA BAIXA VERDE,3,2,1200.0,400.0,15000.0,5000.0,0,3,8,1
2024,PE,23051,AGRESTINA,6,3,2400.0,400.0,37000.0,6166.666666666667,1,2,74,1
2024,PE,23060,XEXÉU,3,2,1201.0,400.3333333333333,20000.0,6666.666666666667,1,1,239,1
2024,PE,23078,ÁGUA PRETA,1,1,400.0,400.0,5000.0,5000.0,0,1,9,1
2024,PE,23086,VERTENTE DO LÉRIO,1,1,400.0,400.0,5000.0,5000.0,0,0,53,1
2024,PE,23094,ÁGUAS BELAS,9,5,3300.0,366.6666666666667,65300.0,7255.555555555556,0,5,135,1
2024,PE,23108,SANTA CRUZ,1,1,400.0,400.0,5000.0,5000.0,0,0,54,1
2024,PE,23116,ALAGOINHA,3,3,880.0,293.3333333333333,15000.0,5000.0,0,3,22,1
2024,PE,23132,ALIANÇA,1,1,400.0,400.0,7000.0,7000.0,0,0,31,1
2024,PE,23140,DORMENTES,1,1,400.0,400.0,10000.0,10000.0,0,0,204,1
2024,PE,23159,ALTINHO,6,4,2376.0,396.0,33000.0,5500.0,0,5,85,1
2024,PE,23167,CARNAUBEIRA DA PENHA,3,3,1100.0,366.6666666666667,19000.0,6333.333333333333,0,1,65,1
2024,PE,23175,AMARAJI,6,2,2400.0,400.0,33000.0,5500.0,1,4,37,1
2024,PE,23191,ANGELIM,4,4,1475.0,368.75,21500.0,5375.0,0,2,224,1
2024,PE,23205,ARAÇOIABA,5,3,1975.0,395.0,29000.0,5800.0,1,2,205,1
2024,PE,23213,ARARIPINA,11,6,4440.0,403.6363636363636,67500.0,6136.363636363636,0,6,173,1
2024,PE,23221,CASINHAS,1,1,400.0,400.0,5000.0,5000.0,0,0,54,1
2024,PE,23230,ARCOVERDE,12,6,4518.0,376.5,84250.0,7020.833333333333,1,4,200,1
2024,PE,23248,MANARI,1,1,400.0,400.0,5000.0,5000.0,0,0,78,1
2024,PE,23256,BARRA DE GUABIRABA,1,1,400.0,400.0,5000.0,5000.0,0,0,71,1
2024,PE,23264,JATOBÁ,2,2,620.0,310.0,14000.0,7000.0,0,1,193,1
2024,PE,23280,TAMANDARÉ,4,3,1576.0,394.0,21000.0,5250.0,0,3,52,1
2024,PE,23299,BELÉM DE MARIA,5,3,1975.0,395.0,30000.0,6000.0,0,3,68,1
2024,PE,23302,JAQUEIRA,1,1,400.0,400.0,5000.0,5000.0,0,0,81,1
2024,PE,23310,BELÉM DE SÃO FRANCISCO,8,7,2900.0,362.5,61000.0,7625.0,0,7,162,1
2024,PE,23329,SANTA FILOMENA,1,1,350.0,350.0,7000.0,7000.0,0,1,26,1
2024,PE,23337,BELO JARDIM,3,2,1150.0,383.3333333333333,17000.0,5666.666666666667,0,2,143,1
2024,PE,23353,BETÂNIA,1,1,400.0,400.0,8000.0,8000.0,1,0,60,1
2024,PE,23370,BEZERROS,4,3,1600.0,400.0,23000.0,5750.0,0,3,80,1
2024,PE,23396,BODOCÓ,2,2,800.0,400.0,17000.0,8500.0,0,1,195,1
2024,PE,23418,BOM CONSELHO,9,5,3500.0,388.8888888888889,76000.0,8444.444444444445,0,5,192,1
2024,PE,23434,BOM JARDIM,3,1,1200.0,400.0,15000.0,5000.0,0,1,72,1
2024,PE,23477,BREJÃO,3,3,1100.0,366.6666666666667,15000.0,5000.0,0,2,39,1
2024,PE,23493,BREJINHO,2,1,800.0,400.0,10000.0,5000.0,0,1,85,1
2024,PE,23515,BREJO DA MADRE DE DEUS,3,2,1200.0,400.0,18000.0,6000.0,0,1,116,1
2024,PE,23531,BUENOS AIRES,3,3,1363.0,454.3333333333333,15000.0,5000.0,1,2,67,1
2024,PE,23558,BUÍQUE,2,2,750.0,375.0,12000.0,6000.0,0,0,60,1
2024,PE,23574,CABO DE SANTO AGOSTINHO,25,10,13700.0,548.0,243000.0,9720.0,1,11,247,1
2024,PE,23590,CABROBÓ,2,1,800.0,400.0,10000.0,5000.0,0,1,88,1
2024,PE,23612,CACHOEIRINHA,4,2,1600.0,400.0,24000.0,6000.0,0,2,56,1
2024,PE,23639,CAETÉS,1,1,400.0,400.0,5000.0,5000.0,0,1,15,1
2024,PE,23655,CALÇADO,1,1,400.0,400.0,8000.0,8000.0,0,0,58,1
2024,PE,23671,CALUMBI,1,1,438.0,438.0,3000.0,3000.0,0,0,74,1
2024,PE,23710,CAMUTANGA,2,2,700.0,350.0,10000.0,5000.0,0,2,8,1
2024,PE,23736,CANHOTINHO,2,2,800.0,400.0,15000.0,7500.0,0,1,204,1
2024,PE,23752,CAPOEIRAS,2,2,799.0,399.5,14000.0,7000.0,0,1,59,1
2024,PE,23779,CARNAÍBA,6,2,2400.0,400.0,30000.0,5000.0,0,3,73,1
2024,PE,23795,CARPINA,23,11,11800.0,513.0434782608696,175300.0,7621.739130434783,3,14,217,1
2024,PE,23817,CARUARU,34,13,20782.0,611.2352941176471,400657.0,11784.029411764706,5,15,211,1
2024,PE,23833,CATENDE,2,2,800.0,400.0,10000.0,5000.0,0,2,21,1
2024,PE,23850,CEDRO,1,1,330.0,330.0,7000.0,7000.0,0,0,136,1
2024,PE,23876,CHÃ DE ALEGRIA,2,2,800.0,400.0,12000.0,6000.0,0,2,22,1
2024,PE,23892,CHÃ GRANDE,2,1,800.0,400.0,10000.0,5000.0,0,1,64,1
2024,PE,23914,CONDADO,1,1,350.0,350.0,7000.0,7000.0,0,0,142,1
2024,PE,23957,CORTÊS,1,1,400.0,400.0,5000.0,5000.0,0,1,17,1
2024,PE,23973,CUMARU,2,2,800.0,400.0,12000.0,6000.0,0,2,16,1
2024,PE,24015,CUSTÓDIA,11,6,4100.0,372.72727272727275,72000.0,6545.454545454545,0,2,92,1
2024,PE,24031,ESCADA,1,1,400.0,400.0,7000.0,7000.0,0,1,11,1
2024,PE,24074,FEIRA NOVA,1,1,400.0,400.0,5000.0,5000.0,0,1,19,1
2024,PE,24112,FLORES,3,2,1150.0,383.3333333333333,17000.0,5666.666666666667,0,2,54,1
2024,PE,24139,FLORESTA,6,6,2350.0,391.6666666666667,38000.0,6333.333333333333,0,6,19,1
2024,PE,24155,FREI MIGUELINHO,1,1,400.0,400.0,5000.0,5000.0,0,0,57,1
2024,PE,24198,GARANHUNS,7,3,3099.0,442.7142857142857,54000.0,7714.285714285715,1,2,210,1
2024,PE,24210,GLÓRIA DO GOITÁ,5,3,2000.0,400.0,27000.0,5400.0,1,4,37,1
2024,PE,24236,GOIANA,17,9,7615.0,447.94117647058823,89500.0,5264.705882352941,2,1,10,1
2024,PE,24279,GRAVATÁ,5,3,2100.0,420.0,37000.0,7400.0,1,4,200,1
2024,PE,24295,IATI,3,3,1149.0,383.0,22000.0,7333.333333333333,0,2,173,1
2024,PE,24317,IBIMIRIM,9,3,3550.0,394.44444444444446,55000.0,6111.111111111111,0,2,198,1
2024,PE,24333,IBIRAJUBA,1,1,220.0,220.0,5000.0,5000.0,0,1,11,1
2024,PE,24350,IGARASSU,6,3,4000.0,666.6666666666666,42500.0,7083.333333333333,0,4,79,1
2024,PE,24376,IGUARACI,3,2,1200.0,400.0,15000.0,5000.0,0,2,81,1
2024,PE,24392,INAJÁ,1,1,400.0,400.0,6000.0,6000.0,0,0,105,1
2024,PE,24414,INGAZEIRA,2,1,800.0,400.0,10000.0,5000.0,0,1,84,1
2024,PE,24430,IPOJUCA,17,6,8399.0,494.05882352941177,153000.0,9000.0,2,11,126,1
2024,PE,24457,IPUBI,1,1,350.0,350.0,7000.0,7000.0,0,1,8,1
2024,PE,24473,ITACURUBA,6,3,2280.0,380.0,32000.0,5333.333333333333,0,2,86,1
2024,PE,24490,ITAÍBA,10,6,4000.0,400.0,66000.0,6600.0,0,6,220,1
2024,PE,24511,ILHA DE ITAMARACÁ,1,1,400.0,400.0,7000.0,7000.0,0,0,69,1
2024,PE,24538,ITAPETIM,3,2,1150.0,383.3333333333333,17000.0,5666.666666666667,0,2,52,1
2024,PE,24554,ITAQUITINGA,2,1,776.0,388.0,10000.0,5000.0,1,1,87,1
2024,PE,24570,JABOATÃO DOS GUARARAPES,22,11,13627.0,619.4090909090909,228157.0,10370.772727272728,1,15,102,1
2024,PE,24597,JATAÚBA,1,1,400.0,400.0,5000.0,5000.0,0,0,118,1
2024,PE,24619,JOÃO ALFREDO,5,3,2100.0,420.0,32000.0,6400.0,1,0,206,1
2024,PE,24635,JOAQUIM NABUCO,3,2,1200.0,400.0,17000.0,5666.666666666667,0,1,44,1
2024,PE,24651,JUPI,10,4,3900.0,390.0,59000.0,5900.0,0,1,101,1
2024,PE,24678,JUREMA,4,1,1600.0,400.0,23000.0,5750.0,0,1,187,1
2024,PE,24694,LAGOA DE ITAENGA,7,5,2600.0,371.42857142857144,46000.0,6571.428571428572,0,2,262,1
2024,PE,24716,LAGOA DO OURO,2,1,800.0,400.0,10000.0,5000.0,0,1,77,1
2024,PE,24732,LAGOA DOS GATOS,1,1,400.0,400.0,5000.0,5000.0,0,1,15,1
2024,PE,24759,LAJEDO,7,4,2800.0,400.0,41000.0,5857.142857142857,1,5,149,1
2024,PE,24775,LIMOEIRO,3,3,1200.0,400.0,17000.0,5666.666666666667,0,2,88,1
2024,PE,24791,MACAPARANA,2,1,800.0,400.0,14000.0,7000.0,0,1,110,1
2024,PE,24813,MACHADOS,3,2,1200.0,400.0,19000.0,6333.333333333333,1,2,43,1
2024,PE,24830,MARAIAL,7,4,2800.0,400.0,50000.0,7142.857142857143,0,6,59,1
2024,PE,24856,MIRANDIBA,5,3,2000.0,400.0,33000.0,6600.0,0,2,200,1
2024,PE,24872,MORENO,1,1,400.0,400.0,5000.0,5000.0,0,0,58,1
2024,PE,24899,NAZARÉ DA MATA,8,5,3176.0,397.0,41000.0,5125.0,0,6,55,1
2024,PE,24910,OLINDA,18,10,11061.0,614.5,233814.0,12989.666666666666,3,8,115,1
2024,PE,24953,OROCÓ,3,2,1175.0,391.6666666666667,17000.0,5666.666666666667,0,1,85,1
2024,PE,24970,OURICURI,3,2,1176.0,392.0,15000.0,5000.0,0,2,69,1
2024,PE,24996,PALMARES,1,1,400.0,400.0,7000.0,7000.0,0,0,107,1
2024,PE,25011,PALMEIRINA,2,2,685.0,342.5,15000.0,7500.0,0,2,29,1
2024,PE,25038,PANELAS,6,3,2400.0,400.0,35500.0,5916.666666666667,0,1,240,1
2024,PE,25054,PARANATAMA,3,3,1100.0,366.6666666666667,13000.0,4333.333333333333,0,3,29,1
2024,PE,25070,PARNAMIRIM,8,6,3200.0,400.0,57000.0,7125.0,1,3,88,1
2024,PE,25097,PASSIRA,1,1,400.0,400.0,5000.0,5000.0,0,1,6,1
2024,PE,25119,PAUDALHO,2,2,750.0,375.0,12000.0,6000.0,0,2,5,1
2024,PE,25135,PAULISTA,11,6,6620.0,601.8181818181819,134314.0,12210.363636363636,2,5,71,1
2024,PE,25151,PEDRA,2,1,600.0,300.0,12000.0,6000.0,0,1,47,1
2024,PE,25178,PESQUEIRA,4,3,1500.0,375.0,30000.0,7500.0,0,2,117,1
2024,PE,25194,PETROLÂNDIA,2,1,800.0,400.0,10000.0,5000.0,0,2,27,1
2024,PE,25216,PETROLINA,26,10,15100.0,580.7692307692307,285157.0,10967.576923076924,3,14,203,1
2024,PE,25232,POÇÃO,1,1,400.0,400.0,5000.0,5000.0,0,0,46,1
2024,PE,25259,POMBOS,2,2,900.0,450.0,10000.0,5000.0,0,2,24,1
2024,PE,25275,PRIMAVERA,2,2,800.0,400.0,14000.0,7000.0,1,1,142,1
2024,PE,25291,QUIPAPÁ,5,3,2000.0,400.0,29000.0,5800.0,0,3,197,1
2024,PE,25313,RECIFE,40,12,39203.0,980.075,1939242.79,48481.06975,15,21,220,1
2024,PE,25330,RIACHO DAS ALMAS,3,2,1200.0,400.0,19000.0,6333.333333333333,0,2,74,1
2024,PE,25356,RIBEIRÃO,5,5,1876.0,375.2,27000.0,5400.0,0,4,77,1
2024,PE,25372,RIO FORMOSO,4,3,1520.0,380.0,24000.0,6000.0,0,2,196,1
2024,PE,25410,SALGADINHO,1,1,400.0,400.0,5000.0,5000.0,0,1,11,1
2024,PE,25437,SALGUEIRO,8,5,3590.0,448.75,61000.0,7625.0,0,3,178,1
2024,PE,25453,SALOÁ,2,2,797.0,398.5,15000.0,7500.0,0,1,187,1
2024,PE,25496,SANTA CRUZ DO CAPIBARIBE,15,6,6150.0,410.0,97000.0,6466.666666666667,2,4,250,1
2024,PE,25518,SANTA MARIA DA BOA VISTA,8,4,3550.0,443.75,52700.0,6587.5,0,3,202,1
2024,PE,25534,SANTA MARIA DO CAMBUCÁ,5,3,1975.0,395.0,31000.0,6200.0,0,2,256,1
2024,PE,25550,SANTA TEREZINHA,2,1,800.0,400.0,10000.0,5000.0,0,1,66,1
2024,PE,25593,SÃO BENTO DO UNA,3,3,1300.0,433.3333333333333,27000.0,9000.0,0,3,16,1
2024,PE,25615,SÃO CAITANO,1,1,400.0,400.0,5000.0,5000.0,0,0,60,1
2024,PE,25658,SÃO JOAQUIM DO MONTE,1,1,400.0,400.0,5000.0,5000.0,0,0,32,1
2024,PE,25674,SÃO JOSÉ DA COROA GRANDE,5,2,2000.0,400.0,25000.0,5000.0,0,4,48,1
2024,PE,25712,SÃO JOSÉ DO EGITO,15,11,6317.0,421.1333333333333,84000.0,5600.0,1,10,242,1
2024,PE,25739,SÃO LOURENÇO DA MATA,4,2,1600.0,400.0,26000.0,6500.0,1,1,218,1
2024,PE,25755,SÃO VICENTE FÉRRER,2,2,800.0,400.0,14000.0,7000.0,1,1,147,1
2024,PE,25771,SERRA TALHADA,7,5,3050.0,435.7142857142857,54000.0,7714.285714285715,0,4,67,1
2024,PE,25798,SERRITA,2,2,900.0,450.0,10000.0,5000.0,0,2,18,1
2024,PE,25810,SERTÂNIA,6,5,2350.0,391.6666666666667,37000.0,6166.666666666667,0,4,197,1
2024,PE,25836,SIRINHAÉM,3,3,1276.0,425.3333333333333,19000.0,6333.333333333333,0,2,89,1
2024,PE,25852,MOREILÂNDIA,1,1,400.0,400.0,5000.0,5000.0,0,0,49,1
2024,PE,25895,SURUBIM,8,6,3550.0,443.75,50000.0,6250.0,1,3,229,1
2024,PE,25917,TABIRA,8,3,4175.0,521.875,31000.0,3875.0,1,3,80,1
2024,PE,25933,TACAIMBÓ,2,2,750.0,375.0,12000.0,6000.0,0,1,32,1
2024,PE,25950,TACARATU,3,3,1100.0,366.6666666666667,22000.0,7333.333333333333,0,1,47,1
2024,PE,25976,ITAMBÉ,5,5,1950.0,390.0,30000.0,6000.0,0,2,108,1
2024,PE,25992,TAQUARITINGA DO NORTE,3,2,1375.0,458.3333333333333,25000.0,8333.333333333334,0,2,38,1
2024,PE,26018,TEREZINHA,2,2,600.0,300.0,11000.0,5500.0,0,2,26,1
2024,PE,26050,TIMBAÚBA,1,1,400.0,400.0,6000.0,6000.0,0,0,94,1
2024,PE,26077,TORITAMA,3,3,1312.0,437.3333333333333,20000.0,6666.666666666667,1,1,144,1
2024,PE,26093,TRACUNHAÉM,4,2,1500.0,375.0,22000.0,5500.0,0,2,85,1
2024,PE,26115,TRINDADE,3,2,1150.0,383.3333333333333,21000.0,7000.0,0,0,201,1
2024,PE,26131,TRIUNFO,4,3,1599.0,399.75,30000.0,7500.0,0,2,194,1
2024,PE,26158,TUPANATINGA,2,1,800.0,400.0,13000.0,6500.0,1,0,99,1
2024,PE,26174,TUPARETAMA,4,4,1420.0,355.0,23000.0,5750.0,0,0,196,1
2024,PE,26190,VENTUROSA,19,6,6623.0,348.57894736842104,115000.0,6052.631578947368,0,8,205,1
2024,PE,26212,VERDEJANTE,1,1,500.0,500.0,9000.0,9000.0,0,0,56,1
2024,PE,26239,VERTENTES,1,1,400.0,400.0,5000.0,5000.0,0,0,54,1
2024,PE,26255,VICÊNCIA,6,5,2300.0,383.3333333333333,44000.0,7333.333333333333,0,1,208,1
2024,PE,26271,VITÓRIA DE SANTO ANTÃO,9,7,3600.0,400.0,60000.0,6666.666666666667,0,5,241,1
2024,PE,26298,CAMARAGIBE,13,8,6530.0,502.3076923076923,109000.0,8384.615384615385,1,5,212,1
2024,PE,26310,ABREU E LIMA,4,4,1800.0,450.0,39000.0,9750.0,0,1,194,1
2024,PE,26336,ITAPISSUMA,9,4,3900.0,433.3333333333333,54000.0,6000.0,2,2,221,1
2024,PI,10006,BRASILEIRA,5,4,1552.0,310.4,25000.0,5000.0,1,2,135,1
2024,PI,10014,AGRICOLÂNDIA,2,2,588.0,294.0,8000.0,4000.0,0,1,112,1
2024,PI,10022,ALEGRETE DO PIAUÍ,2,2,631.0,315.5,5000.0,2500.0,0,1,170,1
2024,PI,10030,ÁGUA BRANCA,3,3,900.0,300.0,12800.0,4266.666666666667,0,1,231,1
2024,PI,10049,BAIXA GRANDE DO RIBEIRO,3,1,900.0,300.0,45000.0,15000.0,0,1,129,1
2024,PI,10057,ALTO LONGÁ,5,3,4495.0,899.0,26600.0,5320.0,0,1,230,1
2024,PI,10065,BOM PRINCÍPIO DO PIAUÍ,3,3,1037.0,345.6666666666667,8700.0,2900.0,1,1,207,1
2024,PI,10073,ALTOS,6,6,2837.0,472.8333333333333,32500.0,5416.666666666667,1,2,84,1
2024,PI,10081,BONFIM DO PIAUÍ,1,1,300.0,300.0,6500.0,6500.0,0,1,11,1
2024,PI,10090,AMARANTE,11,6,3300.0,300.0,67000.0,6090.909090909091,1,6,198,1
2024,PI,10111,ANGICAL DO PIAUÍ,3,2,900.0,300.0,10850.0,3616.6666666666665,0,1,194,1
2024,PI,10120,CABECEIRAS DO PIAUÍ,3,2,898.0,299.3333333333333,7200.0,2400.0,2,2,65,1
2024,PI,10146,CALDEIRÃO GRANDE DO PIAUÍ,2,1,619.0,309.5,9000.0,4500.0,0,0,128,1
2024,PI,10162,CANAVIEIRA,3,3,913.0,304.3333333333333,12700.0,4233.333333333333,0,0,154,1
2024,PI,10170,AROAZES,1,1,332.0,332.0,2200.0,2200.0,0,0,59,1
2024,PI,10189,COIVARAS,2,2,650.0,325.0,8000.0,4000.0,1,2,17,1
2024,PI,10197,ARRAIAL,2,1,600.0,300.0,6000.0,3000.0,0,0,118,1
2024,PI,10200,COLÔNIA DO GURGUÉIA,2,2,600.0,300.0,10500.0,5250.0,0,1,142,1
2024,PI,10227,COLÔNIA DO PIAUÍ,2,2,600.0,300.0,7500.0,3750.0,0,1,259,1
2024,PI,10235,BARRAS,2,1,801.0,400.5,13000.0,6500.0,0,1,80,1
2024,PI,10243,CORONEL JOSÉ DIAS,5,4,1630.0,326.0,25500.0,5100.0,1,1,175,1
2024,PI,10260,FARTURA DO PIAUÍ,2,2,606.0,303.0,9500.0,4750.0,0,0,142,1
2024,PI,10278,BARRO DURO,7,3,2106.0,300.85714285714283,29000.0,4142.857142857143,0,1,165,1
2024,PI,10294,BATALHA,4,4,1423.0,355.75,24500.0,6125.0,1,1,224,1
2024,PI,10308,JARDIM DO MULATO,1,1,311.0,311.0,6500.0,6500.0,0,0,73,1
2024,PI,10316,BENEDITINOS,7,5,2225.0,317.85714285714283,30000.0,4285.714285714285,0,2,247,1
2024,PI,10332,BERTOLÍNIA,6,3,1801.0,300.1666666666667,26500.0,4416.666666666667,2,4,260,1
2024,PI,10340,LAGOA DO BARRO DO PIAUÍ,3,2,901.0,300.3333333333333,22000.0,7333.333333333333,0,1,243,1
2024,PI,10359,BOCAINA,2,2,601.0,300.5,5000.0,2500.0,0,0,67,1
2024,PI,10367,MARCOLÂNDIA,4,2,1279.0,319.75,11500.0,2875.0,2,1,245,1
2024,PI,10375,BOM JESUS,17,8,6573.0,386.6470588235294,121000.0,7117.64705882353,0,7,164,1
2024,PI,10383,PATOS DO PIAUÍ,1,1,305.0,305.0,2500.0,2500.0,1,0,47,1
2024,PI,10391,BURITI DOS LOPES,6,4,2200.0,366.6666666666667,28000.0,4666.666666666667,0,1,142,1
2024,PI,10405,PASSAGEM FRANCA DO PIAUÍ,4,3,1177.0,294.25,11000.0,2750.0,3,1,148,1
2024,PI,10413,CAMPINAS DO PIAUÍ,1,1,301.0,301.0,5000.0,5000.0,0,1,30,1
2024,PI,10430,CAMPO MAIOR,20,7,8064.0,403.2,121500.0,6075.0,0,5,234,1
2024,PI,10448,SANTA CRUZ DOS MILAGRES,1,1,300.0,300.0,4500.0,4500.0,0,1,5,1
2024,PI,10456,CANTO DO BURITI,19,7,5950.0,313.1578947368421,98300.0,5173.684210526316,12,9,165,1
2024,PI,10464,SANTA ROSA DO PIAUÍ,2,2,603.0,301.5,6200.0,3100.0,0,2,25,1
2024,PI,10472,CAPITÃO DE CAMPOS,6,5,1994.0,332.3333333333333,32000.0,5333.333333333333,0,3,89,1
2024,PI,10480,SANTANA DO PIAUÍ,5,5,1506.0,301.2,25500.0,5100.0,1,2,99,1
2024,PI,10499,CARACOL,1,1,382.0,382.0,6000.0,6000.0,0,0,37,1
2024,PI,10502,SÃO BRAZ DO PIAUÍ,2,2,610.0,305.0,6000.0,3000.0,1,1,179,1
2024,PI,10510,CASTELO DO PIAUÍ,4,3,1493.0,373.25,27500.0,6875.0,1,2,93,1
2024,PI,10529,SÃO JOSÉ DO DIVINO,2,2,601.0,300.5,6000.0,3000.0,1,0,121,1
2024,PI,10537,COCAL,12,6,4518.0,376.5,63000.0,5250.0,2,3,185,1
2024,PI,10545,SIGEFREDO PACHECO,10,5,3084.0,308.4,54000.0,5400.0,3,0,231,1
2024,PI,10553,CONCEIÇÃO DO CANINDÉ,3,2,908.0,302.6666666666667,7000.0,2333.3333333333335,1,1,121,1
2024,PI,10561,SÃO LOURENÇO DO PIAUÍ,6,3,1877.0,312.8333333333333,29500.0,4916.666666666667,1,2,176,1
2024,PI,10570,CORRENTE,12,8,4245.0,353.75,85000.0,7083.333333333333,1,3,221,1
2024,PI,10588,VÁRZEA BRANCA,1,1,311.0,311.0,6500.0,6500.0,0,1,22,1
2024,PI,10618,CRISTINO CASTRO,6,4,1981.0,330.1666666666667,46500.0,7750.0,1,1,248,1
2024,PI,10634,CURIMATÁ,2,2,610.0,305.0,11500.0,5750.0,0,0,197,1
2024,PI,10650,DEMERVAL LOBÃO,2,1,600.0,300.0,18000.0,9000.0,0,1,169,1
2024,PI,10669,BOA HORA,2,2,800.0,400.0,13000.0,6500.0,0,1,63,1
2024,PI,10685,DOM INOCÊNCIO,5,4,1887.0,377.4,36000.0,7200.0,1,3,173,1
2024,PI,10693,ELESBÃO VELOSO,3,2,915.0,305.0,19000.0,6333.333333333333,0,1,123,1
2024,PI,10707,CAPITÃO GERVÁSIO OLIVEIRA,9,5,2812.0,312.44444444444446,44500.0,4944.444444444444,1,1,261,1
2024,PI,10715,ELISEU MARTINS,4,2,1205.0,301.25,19000.0,4750.0,0,1,232,1
2024,PI,10723,CAMPO GRANDE DO PIAUÍ,2,1,631.0,315.5,9000.0,4500.0,0,0,138,1
2024,PI,10740,CAMPO LARGO DO PIAUÍ,1,1,324.0,324.0,2500.0,2500.0,0,1,24,1
2024,PI,10758,FLORES DO PIAUÍ,2,2,500.0,250.0,12000.0,6000.0,1,0,141,1
2024,PI,10766,CURRAIS,2,2,617.0,308.5,10300.0,5150.0,1,0,151,1
2024,PI,10774,FLORIANO,12,7,4635.0,386.25,87500.0,7291.666666666667,0,3,266,1
2024,PI,10812,FRANCISCO AYRES,5,4,1525.0,305.0,21000.0,4200.0,0,2,160,1
2024,PI,10820,ILHA GRANDE,4,1,1468.0,367.0,14500.0,3625.0,0,2,142,1
2024,PI,10839,FRANCISCO SANTOS,12,3,3600.0,300.0,107000.0,8916.666666666666,0,6,217,1
2024,PI,10847,JUREMA,4,3,1326.0,331.5,22500.0,5625.0,0,0,170,1
2024,PI,10855,FRONTEIRAS,5,2,1540.0,308.0,32000.0,6400.0,1,1,211,1
2024,PI,10863,LAGOA DE SÃO FRANCISCO,3,2,904.0,301.3333333333333,11000.0,3666.6666666666665,1,1,124,1
2024,PI,10880,MORRO CABEÇA NO TEMPO,3,2,915.0,305.0,21500.0,7166.666666666667,0,1,127,1
2024,PI,10898,GUADALUPE,3,1,914.0,304.6666666666667,17500.0,5833.333333333333,0,1,240,1
2024,PI,10901,NOVO SANTO ANTÔNIO,1,1,301.0,301.0,3000.0,3000.0,0,1,19,1
2024,PI,10910,HUGO NAPOLEÃO,4,4,1231.0,307.75,17350.0,4337.5,0,2,171,1
2024,PI,10928,NOSSA SENHORA DE NAZARÉ,1,1,300.0,300.0,5000.0,5000.0,0,1,23,1
2024,PI,10936,INHUMA,5,1,1521.0,304.2,29000.0,5800.0,0,2,245,1
2024,PI,10944,PAQUETÁ,3,2,938.0,312.6666666666667,14000.0,4666.666666666667,0,1,124,1
2024,PI,10952,IPIRANGA DO PIAUÍ,3,1,900.0,300.0,10500.0,3500.0,0,1,103,1
2024,PI,10960,NOVA SANTA RITA,2,2,603.0,301.5,7000.0,3500.0,0,0,114,1
2024,PI,10979,ISAÍAS COELHO,3,2,1105.0,368.3333333333333,10500.0,3500.0,0,1,204,1
2024,PI,10987,SÃO JOÃO DO ARRAIAL,5,3,1500.0,300.0,34500.0,6900.0,1,3,198,1
2024,PI,10995,ITAINÓPOLIS,3,3,920.0,306.6666666666667,11500.0,3833.3333333333335,0,1,98,1
2024,PI,11010,ITAUEIRA,3,2,1000.0,333.3333333333333,12980.0,4326.666666666667,0,0,259,1
2024,PI,11037,JAICÓS,6,4,1805.0,300.8333333333333,36000.0,6000.0,1,2,270,1
2024,PI,11053,JERUMENHA,2,2,606.0,303.0,8000.0,4000.0,0,1,165,1
2024,PI,11070,JOAQUIM PIRES,1,1,366.0,366.0,4000.0,4000.0,0,1,13,1
2024,PI,11096,JOSÉ DE FREITAS,21,11,9090.0,432.85714285714283,132200.0,6295.238095238095,3,4,247,1
2024,PI,11118,LANDRI SALES,4,3,2600.0,650.0,26300.0,6575.0,0,2,76,1
2024,PI,11134,LUIS CORREIA,12,4,6600.0,550.0,51700.0,4308.333333333333,1,5,226,1
2024,PI,11177,MANOEL EMÍDIO,1,1,300.0,300.0,5000.0,5000.0,0,0,129,1
2024,PI,11193,MARCOS PARENTE,1,1,300.0,300.0,4000.0,4000.0,1,1,16,1
2024,PI,11215,MATIAS OLÍMPIO,3,1,1250.0,416.6666666666667,11200.0,3733.3333333333335,1,1,137,1
2024,PI,11231,MIGUEL ALVES,9,4,3144.0,349.3333333333333,53500.0,5944.444444444444,0,3,265,1
2024,PI,11258,MIGUEL LEÃO,1,1,250.0,250.0,3000.0,3000.0,0,1,8,1
2024,PI,11274,MONSENHOR GIL,11,5,3907.0,355.1818181818182,58000.0,5272.727272727273,1,3,234,1
2024,PI,11290,MONSENHOR HIPÓLITO,2,2,631.0,315.5,9500.0,4750.0,0,2,19,1
2024,PI,11312,MONTE ALEGRE DO PIAUÍ,4,4,1304.0,326.0,21500.0,5375.0,0,3,55,1
2024,PI,11339,NAZARÉ DO PIAUÍ,2,1,618.0,309.0,10000.0,5000.0,0,1,161,1
2024,PI,11355,NOSSA SENHORA DOS REMÉDIOS,11,4,3316.0,301.45454545454544,56000.0,5090.909090909091,1,3,269,1
2024,PI,11371,NOVO ORIENTE DO PIAUÍ,2,1,608.0,304.0,11500.0,5750.0,0,2,23,1
2024,PI,11398,OEIRAS,13,4,5624.0,432.61538461538464,75000.0,5769.2307692307695,8,3,268,1
2024,PI,11410,DOMINGOS MOURÃO,1,1,301.0,301.0,2500.0,2500.0,0,0,124,1
2024,PI,11452,PAES LANDIM,3,3,1017.0,339.0,12500.0,4166.666666666667,0,0,144,1
2024,PI,11479,PALMEIRA DO PIAUÍ,3,2,905.0,301.6666666666667,14500.0,4833.333333333333,0,1,94,1
2024,PI,11495,PALMEIRAIS,6,4,3354.0,559.0,27000.0,4500.0,0,3,86,1
2024,PI,11517,PARNAGUÁ,5,3,1622.0,324.4,36000.0,7200.0,0,0,174,1
2024,PI,11533,PARNAÍBA,18,7,13323.0,740.1666666666666,160000.0,8888.888888888889,4,4,271,1
2024,PI,11550,PAULISTANA,13,7,5434.0,418.0,110700.0,8515.384615384615,2,4,161,1
2024,PI,11576,PEDRO II,10,4,6897.0,689.7,67000.0,6700.0,0,4,150,1
2024,PI,11592,PICOS,35,12,17556.0,501.6,238500.0,6814.285714285715,3,18,256,1
2024,PI,11614,PIMENTEIRAS,6,2,1971.0,328.5,20500.0,3416.6666666666665,0,1,164,1
2024,PI,11630,PIO IX,3,2,930.0,310.0,16500.0,5500.0,0,0,140,1
2024,PI,11657,PIRACURUCA,11,3,4514.0,410.3636363636364,79500.0,7227.272727272727,0,5,171,1
2024,PI,11673,PIRIPIRI,18,7,7591.0,421.72222222222223,115500.0,6416.666666666667,3,3,244,1
2024,PI,11690,PORTO,1,1,400.0,400.0,4000.0,4000.0,0,1,6,1
2024,PI,11711,PRATA DO PIAUÍ,3,2,902.0,300.6666666666667,8000.0,2666.6666666666665,2,1,79,1
2024,PI,11738,REDENÇÃO DO GURGUÉIA,5,3,1957.0,391.4,29000.0,5800.0,0,1,119,1
2024,PI,11797,RIO GRANDE DO PIAUÍ,3,1,911.0,303.6666666666667,14000.0,4666.666666666667,0,1,223,1
2024,PI,11819,SANTA CRUZ DO PIAUÍ,3,2,900.0,300.0,28000.0,9333.333333333334,0,2,73,1
2024,PI,11835,SANTA FILOMENA,1,1,301.0,301.0,2500.0,2500.0,0,0,46,1
2024,PI,11851,SANTA LUZ,5,4,1505.0,301.0,21500.0,4300.0,0,1,139,1
2024,PI,11878,SANTO ANTÔNIO DE LISBOA,6,4,1880.0,313.3333333333333,37500.0,6250.0,1,1,138,1
2024,PI,11894,SANTO INÁCIO DO PIAUÍ,1,1,303.0,303.0,2500.0,2500.0,1,0,51,1
2024,PI,11916,SÃO FÉLIX DO PIAUÍ,2,2,600.0,300.0,14500.0,7250.0,0,1,69,1
2024,PI,11932,SÃO FRANCISCO DO PIAUÍ,3,3,900.0,300.0,15000.0,5000.0,0,2,38,1
2024,PI,11959,SÃO GONÇALO DO PIAUÍ,5,4,1525.0,305.0,23500.0,4700.0,0,0,224,1
2024,PI,11975,SÃO JOÃO DA SERRA,1,1,300.0,300.0,7000.0,7000.0,0,1,7,1
2024,PI,11991,SÃO JOÃO DO PIAUÍ,22,9,9542.0,433.72727272727275,141500.0,6431.818181818182,0,9,154,1
2024,PI,12009,SÃO JOÃO DA FRONTEIRA,1,1,300.0,300.0,2500.0,2500.0,1,1,3,1
2024,PI,12017,SÃO JOSÉ DO PEIXE,2,1,602.0,301.0,10500.0,5250.0,0,0,115,1
2024,PI,12050,SÃO JULIÃO,1,1,300.0,300.0,5000.0,5000.0,0,1,4,1
2024,PI,12068,SEBASTIÃO LEAL,1,1,300.0,300.0,3000.0,3000.0,0,0,110,1
2024,PI,12076,SÃO MIGUEL DO TAPUIO,5,3,2171.0,434.2,30000.0,6000.0,0,2,183,1
2024,PI,12084,ALVORADA DO GURGUÉIA,2,1,602.0,301.0,5000.0,2500.0,0,0,76,1
2024,PI,12092,SÃO PEDRO DO PIAUÍ,2,2,600.0,300.0,13000.0,6500.0,0,2,27,1
2024,PI,12106,ASSUNÇÃO DO PIAUÍ,2,1,642.0,321.0,9500.0,4750.0,0,0,227,1
2024,PI,12114,SÃO RAIMUNDO NONATO,19,8,8939.0,470.4736842105263,120500.0,6342.105263157895,1,6,183,1
2024,PI,12122,BETÂNIA DO PIAUÍ,3,1,938.0,312.6666666666667,15000.0,5000.0,1,1,231,1
2024,PI,12130,SIMÕES,5,3,1858.0,371.6,19500.0,3900.0,0,2,142,1
2024,PI,12149,BOQUEIRÃO DO PIAUÍ,1,1,300.0,300.0,3500.0,3500.0,1,1,4,1
2024,PI,12157,SIMPLÍCIO MENDES,11,6,3664.0,333.09090909090907,55800.0,5072.727272727273,4,3,265,1
2024,PI,12165,CARIDADE DO PIAUÍ,1,1,300.0,300.0,3000.0,3000.0,0,0,273,1
2024,PI,12173,SOCORRO DO PIAUÍ,3,3,900.0,300.0,12500.0,4166.666666666667,1,0,143,1
2024,PI,12190,TERESINA,87,17,96115.0,1104.7701149425288,1470723.4,16904.866666666665,34,26,252,1
2024,PI,12203,JÚLIO BORGES,1,1,250.0,250.0,4000.0,4000.0,1,0,46,1
2024,PI,12211,UNIÃO,11,4,4003.0,363.90909090909093,65000.0,5909.090909090909,1,5,133,1
2024,PI,12220,LAGOA DO SÍTIO,3,2,922.0,307.3333333333333,9000.0,3000.0,1,1,172,1
2024,PI,12238,URUÇUÍ,3,3,836.0,278.6666666666667,24000.0,8000.0,1,0,116,1
2024,PI,12246,MILTON BRANDÃO,1,1,300.0,300.0,4000.0,4000.0,0,1,9,1
2024,PI,12254,VALENÇA DO PIAUÍ,5,4,1577.0,315.4,17200.0,3440.0,3,4,58,1
2024,PI,12262,PAJEÚ DO PIAUÍ,1,1,197.0,197.0,8000.0,8000.0,1,0,92,1
2024,PI,12270,VÁRZEA GRANDE,3,1,900.0,300.0,11000.0,3666.6666666666665,0,1,112,1
2024,PI,12289,PAVUSSU,1,1,300.0,300.0,4000.0,4000.0,0,0,78,1
2024,PI,12297,DIRCEU ARCOVERDE,8,5,2944.0,368.0,52000.0,6500.0,0,2,218,1
2024,PI,12300,RIACHO FRIO,2,1,630.0,315.0,10500.0,5250.0,0,1,197,1
2024,PI,12319,ALAGOINHA DO PIAUÍ,1,1,300.0,300.0,4000.0,4000.0,0,0,79,1
2024,PI,12327,ACAUÃ,1,1,304.0,304.0,3500.0,3500.0,0,0,192,1
2024,PI,12343,CAJAZEIRAS DO PIAUÍ,6,4,2200.0,366.6666666666667,31000.0,5166.666666666667,1,3,107,1
2024,PI,12351,CAMPO ALEGRE DO FIDALGO,3,3,900.0,300.0,22250.0,7416.666666666667,0,0,133,1
2024,PI,12360,COCAL DE TELHA,1,1,310.0,310.0,3000.0,3000.0,1,0,159,1
2024,PI,12378,FRANCISCO MACEDO,2,2,600.0,300.0,9000.0,4500.0,0,1,89,1
2024,PI,12386,JOÃO COSTA,3,3,896.0,298.6666666666667,9000.0,3000.0,0,0,182,1
2024,PI,12394,JATOBÁ DO PIAUÍ,7,4,2194.0,313.42857142857144,31500.0,4500.0,0,4,129,1
2024,PI,12416,JUAZEIRO DO PIAUÍ,1,1,328.0,328.0,5000.0,5000.0,0,0,68,1
2024,PI,12424,LAGOA DO PIAUÍ,3,2,901.0,300.3333333333333,19000.0,6333.333333333333,0,1,104,1
2024,PI,12440,MADEIRO,2,2,620.0,310.0,8000.0,4000.0,0,0,104,1
2024,PI,12459,MORRO DO CHAPÉU DO PIAUÍ,1,1,300.0,300.0,5000.0,5000.0,0,1,25,1
2024,PI,12467,MASSAPÊ DO PIAUÍ,7,5,2233.0,319.0,34000.0,4857.142857142857,0,2,171,1
2024,PI,12475,MURICI DOS PORTELAS,1,1,321.0,321.0,3000.0,3000.0,0,1,10,1
2024,PI,12483,OLHO D'ÁGUA DO PIAUÍ,1,1,300.0,300.0,6000.0,6000.0,0,1,7,1
2024,PI,12491,PEDRO LAURENTINO,4,3,1030.0,257.5,17500.0,4375.0,1,0,170,1
2024,PI,12505,SÃO FRANCISCO DE ASSIS DO PIAUÍ,3,2,930.0,310.0,12000.0,4000.0,1,2,121,1
2024,PI,12513,SUSSUAPARA,5,2,1511.0,302.2,28000.0,5600.0,0,1,201,1
2024,PI,12521,TANQUE DO PIAUÍ,3,3,904.0,301.3333333333333,11500.0,3833.3333333333335,0,2,91,1
2024,PI,12530,TAMBORIL DO PIAUÍ,5,5,1475.0,295.0,27500.0,5500.0,0,0,120,1
2024,PI,12548,VILA NOVA DO PIAUÍ,1,1,300.0,300.0,4000.0,4000.0,0,0,77,1
2024,PI,12556,VERA MENDES,5,4,1517.0,303.4,15000.0,3000.0,3,3,241,1
2024,PI,12564,WALL FERRAZ,5,3,1624.0,324.8,27360.0,5472.0,0,1,168,1
2024,PI,12572,CAJUEIRO DA PRAIA,2,2,600.0,300.0,17500.0,8750.0,0,1,146,1
2024,PI,12580,CURRALINHOS,1,1,300.0,300.0,5000.0,5000.0,0,0,86,1
2024,PI,12599,PORTO ALEGRE DO PIAUÍ,2,1,600.0,300.0,10000.0,5000.0,0,0,94,1
2024,PI,12602,RIBEIRA DO PIAUÍ,1,1,300.0,300.0,5000.0,5000.0,0,0,202,1
2024,PI,12610,SÃO GONÇALO DO GURGUÉIA,5,3,1542.0,308.4,27000.0,5400.0,1,3,198,1
2024,PI,12629,SÃO LUIS DO PIAUÍ,5,4,1442.0,288.4,25500.0,5100.0,0,2,81,1
2024,PI,12661,SÃO MIGUEL DA BAIXA GRANDE,2,2,616.0,308.0,9500.0,4750.0,0,2,24,1
2024,PI,12670,CARAÚBAS DO PIAUÍ,2,2,619.0,309.5,8900.0,4450.0,1,1,43,1
2024,PI,12688,CAXINGÓ,3,2,900.0,300.0,11000.0,3666.6666666666665,1,1,134,1
2024,PI,12696,COCAL DOS ALVES,2,2,602.0,301.0,10000.0,5000.0,0,0,170,1
2024,PI,12726,NAZÁRIA,8,5,3211.0,401.375,32000.0,4000.0,1,2,256,1
2024,PI,12734,AROEIRAS DO ITAIM,3,2,953.0,317.6666666666667,14000.0,4666.666666666667,0,1,72,1
2024,PR,74004,GODOY MOREIRA,2,2,664.0,332.0,14000.0,7000.0,0,2,8,1
2024,PR,74047,LINDOESTE,3,2,850.0,283.3333333333333,17000.0,5666.666666666667,0,2,40,1
2024,PR,74055,AGUDOS DO SUL,3,2,1068.0,356.0,15000.0,5000.0,0,2,34,1
2024,PR,74063,OURO VERDE DO OESTE,1,1,400.0,400.0,4000.0,4000.0,0,1,7,1
2024,PR,74071,ALMIRANTE TAMANDARÉ,4,3,1780.0,445.0,27000.0,6750.0,0,2,33,1
2024,PR,74080,SANTA TEREZA DO OESTE,7,5,2629.0,375.57142857142856,40500.0,5785.714285714285,1,5,82,1
2024,PR,74101,ANAHY,1,1,400.0,400.0,4500.0,4500.0,0,0,37,1
2024,PR,74110,ALTO PIQUIRI,1,1,300.0,300.0,9000.0,9000.0,0,1,2,1
2024,PR,74128,ÂNGULO,3,3,958.0,319.3333333333333,18000.0,6000.0,0,2,56,1
2024,PR,74152,AMAPORÃ,3,2,880.0,293.3333333333333,19000.0,6333.333333333333,1,3,23,1
2024,PR,74187,BRASILÂNDIA DO SUL,3,2,890.0,296.6666666666667,19500.0,6500.0,0,1,63,1
2024,PR,74209,CAFEZAL DO SUL,1,1,292.0,292.0,6000.0,6000.0,0,0,35,1
2024,PR,74217,ANTONINA,3,2,1300.0,433.3333333333333,33000.0,11000.0,0,3,15,1
2024,PR,74225,CANDÓI,3,1,1500.0,500.0,20000.0,6666.666666666667,0,2,220,1
2024,PR,74233,ANTONIO OLINTO,1,1,450.0,450.0,8000.0,8000.0,0,1,15,1
2024,PR,74250,APUCARANA,2,2,1260.0,630.0,14950.0,7475.0,0,1,205,1
2024,PR,74284,ENTRE RIOS DO OESTE,1,1,300.0,300.0,9000.0,9000.0,1,1,12,1
2024,PR,74292,ARAPOTI,2,2,750.0,375.0,25000.0,12500.0,0,2,8,1
2024,PR,74306,FAROL,2,1,600.0,300.0,15000.0,7500.0,0,1,38,1
2024,PR,74322,FAZENDA RIO GRANDE,2,1,1000.0,500.0,16000.0,8000.0,0,2,27,1
2024,PR,74330,MARILÂNDIA DO SUL,1,1,250.0,250.0,14000.0,14000.0,0,1,3,1
2024,PR,74349,FLOR DA SERRA DO SUL,1,1,200.0,200.0,9000.0,9000.0,0,1,10,1
2024,PR,74357,ARAUCÁRIA,3,2,2400.0,800.0,27000.0,9000.0,0,3,26,1
2024,PR,74381,IGUATU,4,2,1300.0,325.0,29000.0,7250.0,0,3,31,1
2024,PR,74390,ASTORGA,1,1,414.0,414.0,6000.0,6000.0,0,1,11,1
2024,PR,74403,IRACEMA DO OESTE,1,1,300.0,300.0,4000.0,4000.0,0,1,16,1
2024,PR,74446,ITAPERUÇU,2,2,752.0,376.0,16000.0,8000.0,0,2,10,1
2024,PR,74454,BANDEIRANTES,2,1,1000.0,500.0,19000.0,9500.0,0,2,20,1
2024,PR,74462,IVATÉ,1,1,280.0,280.0,7650.0,7650.0,0,1,3,1
2024,PR,74470,BARBOSA FERRAZ,6,4,2041.0,340.1666666666667,41500.0,6916.666666666667,0,5,43,1
2024,PR,74489,LIDIANÓPOLIS,1,1,351.0,351.0,5000.0,5000.0,0,0,40,1
2024,PR,74497,BARRACÃO,1,1,290.0,290.0,25000.0,25000.0,0,1,5,1
2024,PR,74500,MARIPÁ,7,3,2581.0,368.7142857142857,52400.0,7485.714285714285,0,4,259,1
2024,PR,74543,MAUÁ DA SERRA,1,1,300.0,300.0,5000.0,5000.0,0,1,24,1
2024,PR,74551,BITURUNA,1,1,300.0,300.0,17500.0,17500.0,0,1,5,1
2024,PR,74560,MERCEDES,2,1,600.0,300.0,18000.0,9000.0,1,1,108,1
2024,PR,74578,BOA ESPERANÇA,2,1,600.0,300.0,15000.0,7500.0,0,1,64,1
2024,PR,74586,NOVA LARANJEIRAS,2,2,710.0,355.0,16000.0,8000.0,0,2,10,1
2024,PR,74616,BOM SUCESSO,4,3,2536.0,634.0,34000.0,8500.0,0,2,79,1
2024,PR,74659,CAFEARA,1,1,210.0,210.0,9500.0,9500.0,0,1,14,1
2024,PR,74667,PITANGUEIRAS,1,1,270.0,270.0,8000.0,8000.0,0,0,154,1
2024,PR,74675,CALIFÓRNIA,3,2,1148.0,382.6666666666667,21450.0,7150.0,0,3,12,1
2024,PR,74683,QUATRO PONTES,3,2,895.0,298.3333333333333,16000.0,5333.333333333333,1,2,66,1
2024,PR,74691,CAMBARÁ,3,2,950.0,316.6666666666667,20500.0,6833.333333333333,0,2,58,1
2024,PR,74705,RAMILÂNDIA,1,1,300.0,300.0,5000.0,5000.0,0,1,5,1
2024,PR,74713,CAMBÉ,2,2,1000.0,500.0,25000.0,12500.0,0,2,12,1
2024,PR,74721,RANCHO ALEGRE D'OESTE,1,1,200.0,200.0,4000.0,4000.0,0,1,21,1
2024,PR,74748,RIO BONITO DO IGUAÇU,1,1,400.0,400.0,9000.0,9000.0,0,1,15,1
2024,PR,74756,CAMPINA DA LAGOA,4,3,1424.0,356.0,34500.0,8625.0,0,3,36,1
2024,PR,74772,CAMPINA GRANDE DO SUL,2,2,800.0,400.0,16000.0,8000.0,0,2,9,1
2024,PR,74799,CAMPO DO TENENTE,4,3,1224.0,306.0,36000.0,9000.0,0,2,70,1
2024,PR,74802,SANTA MARIA DO OESTE,1,1,400.0,400.0,11000.0,11000.0,0,1,14,1
2024,PR,74810,CAMPO LARGO,5,4,2796.0,559.2,77000.0,15400.0,0,5,13,1
2024,PR,74829,SANTA MÔNICA,2,1,530.0,265.0,15300.0,7650.0,0,1,43,1
2024,PR,74837,CAMPO MOURÃO,2,2,1680.0,840.0,25000.0,12500.0,0,2,15,1
2024,PR,74845,SÃO MANOEL DO PARANÁ,5,4,1150.0,230.0,33000.0,6600.0,1,2,42,1
2024,PR,74853,CÂNDIDO DE ABREU,3,3,955.0,318.3333333333333,29500.0,9833.333333333334,0,2,32,1
2024,PR,74870,CAPANEMA,4,2,1700.0,425.0,45000.0,11250.0,0,3,31,1
2024,PR,74896,CAPITÃO LEÔNIDAS MARQUES,2,2,1014.0,507.0,16000.0,8000.0,0,2,12,1
2024,PR,74900,VENTANIA,1,1,250.0,250.0,10000.0,10000.0,0,1,6,1
2024,PR,74918,CARLÓPOLIS,2,2,640.0,320.0,7000.0,3500.0,1,2,6,1
2024,PR,74934,CASCAVEL,23,12,19697.0,856.3913043478261,268500.0,11673.91304347826,5,9,251,1
2024,PR,74942,DOUTOR ULYSSES,1,1,400.0,400.0,6000.0,6000.0,1,1,25,1
2024,PR,74950,CASTRO,3,3,1250.0,416.6666666666667,24000.0,8000.0,0,3,18,1
2024,PR,74969,VIRMOND,2,2,557.0,278.5,16000.0,8000.0,0,2,10,1
2024,PR,74977,CATANDUVAS,2,2,700.0,350.0,8500.0,4250.0,1,2,19,1
2024,PR,74985,LARANJAL,2,1,540.0,270.0,24650.0,12325.0,2,0,255,1
2024,PR,74993,CENTENÁRIO DO SUL,3,2,850.0,283.3333333333333,25000.0,8333.333333333334,0,2,111,1
2024,PR,75000,ITAIPULÂNDIA,7,5,2528.0,361.14285714285717,58500.0,8357.142857142857,0,7,16,1
2024,PR,75019,CERRO AZUL,1,1,600.0,600.0,8000.0,8000.0,0,1,27,1
2024,PR,75027,NOVA ESPERANÇA DO SUDOESTE,3,2,822.0,274.0,50000.0,16666.666666666668,0,3,14,1
2024,PR,75035,CHOPINZINHO,2,2,700.0,350.0,33500.0,16750.0,0,2,7,1
2024,PR,75043,PINHAIS,2,2,964.0,482.0,16000.0,8000.0,0,1,64,1
2024,PR,75051,CIANORTE,3,3,1400.0,466.6666666666667,38000.0,12666.666666666666,0,3,9,1
2024,PR,75060,SAUDADE DO IGUAÇU,3,2,1072.0,357.3333333333333,38500.0,12833.333333333334,1,3,16,1
2024,PR,75078,CIDADE GAÚCHA,1,1,300.0,300.0,6000.0,6000.0,0,1,3,1
2024,PR,75086,ARIRANHA DO IVAÍ,1,1,378.0,378.0,6500.0,6500.0,0,1,22,1
2024,PR,75108,ARAPUÃ,3,3,957.0,319.0,24000.0,8000.0,1,3,20,1
2024,PR,75116,MANGUEIRINHA,1,1,600.0,600.0,7000.0,7000.0,0,1,9,1
2024,PR,75132,COLOMBO,5,3,3100.0,620.0,58000.0,11600.0,0,2,190,1
2024,PR,75159,COLORADO,1,1,300.0,300.0,13500.0,13500.0,0,1,9,1
2024,PR,75167,BOM JESUS DO SUL,1,1,300.0,300.0,15000.0,15000.0,0,1,8,1
2024,PR,75191,CONSELHEIRO MAIRINCK,1,1,300.0,300.0,7500.0,7500.0,0,1,8,1
2024,PR,75205,CAMPO MAGRO,3,3,1159.0,386.3333333333333,29000.0,9666.666666666666,0,3,5,1
2024,PR,75213,CONTENDA,2,1,808.0,404.0,10000.0,5000.0,0,1,33,1
2024,PR,75221,CARAMBEÍ,3,2,1450.0,483.3333333333333,26500.0,8833.333333333334,0,3,16,1
2024,PR,75230,CORBÉLIA,5,3,3610.0,722.0,60000.0,12000.0,1,1,219,1
2024,PR,75256,CORNÉLIO PROCÓPIO,1,1,480.0,480.0,6000.0,6000.0,1,1,5,1
2024,PR,75264,CRUZMALTINA,3,2,880.0,293.3333333333333,26000.0,8666.666666666666,0,3,17,1
2024,PR,75299,CRUZEIRO DO OESTE,1,1,350.0,350.0,11000.0,11000.0,0,1,6,1
2024,PR,75345,FERNANDES PINHEIRO,1,1,320.0,320.0,5000.0,5000.0,0,0,110,1
2024,PR,75353,CURITIBA,48,15,46295.0,964.4791666666666,1562109.8,32543.954166666666,23,15,206,1
2024,PR,75361,FOZ DO JORDÃO,1,1,300.0,300.0,5000.0,5000.0,0,1,12,1
2024,PR,75370,CURIÚVA,1,1,300.0,300.0,6500.0,6500.0,0,1,27,1
2024,PR,75388,GOIOXIM,2,2,1200.0,600.0,10000.0,5000.0,0,2,18,1
2024,PR,75396,DIAMANTE DO NORTE,1,1,250.0,250.0,6750.0,6750.0,0,1,8,1
2024,PR,75426,GUAMIRANGA,3,3,900.0,300.0,24500.0,8166.666666666667,1,3,10,1
2024,PR,75442,IMBAÚ,3,1,1134.0,378.0,24000.0,8000.0,0,1,64,1
2024,PR,75477,ENGENHEIRO BELTRÃO,1,1,370.0,370.0,5000.0,5000.0,0,0,77,1
2024,PR,75493,FAXINAL,5,3,1906.0,381.2,33000.0,6600.0,2,4,73,1
2024,PR,75507,PEROBAL,3,2,1010.0,336.6666666666667,20300.0,6766.666666666667,0,3,25,1
2024,PR,75523,PONTAL DO PARANÁ,2,2,750.0,375.0,23000.0,11500.0,0,2,29,1
2024,PR,75558,FLORESTA,2,1,717.0,358.5,12000.0,6000.0,0,2,21,1
2024,PR,75574,FLORESTÓPOLIS,1,1,260.0,260.0,8000.0,8000.0,0,0,102,1
2024,PR,75582,QUARTO CENTENÁRIO,2,2,607.0,303.5,13700.0,6850.0,0,0,71,1
2024,PR,75590,FLÓRIDA,3,2,580.0,193.33333333333334,33000.0,11000.0,0,3,23,1
2024,PR,75604,RESERVA DO IGUAÇU,2,2,660.0,330.0,22500.0,11250.0,0,2,12,1
2024,PR,75639,FOZ DO IGUAÇU,14,6,7780.0,555.7142857142857,241157.0,17225.5,6,5,167,1
2024,PR,75647,SERRANÓPOLIS DO IGUAÇU,2,2,600.0,300.0,14000.0,7000.0,0,2,9,1
2024,PR,75655,FRANCISCO BELTRÃO,4,3,1620.0,405.0,40600.0,10150.0,0,2,44,1
2024,PR,75663,TAMARANA,1,1,400.0,400.0,14000.0,14000.0,0,1,19,1
2024,PR,75671,GENERAL CARNEIRO,1,1,300.0,300.0,8000.0,8000.0,0,1,4,1
2024,PR,75698,GOIOERÊ,3,3,1202.0,400.6666666666667,31959.0,10653.0,1,2,75,1
2024,PR,75710,GUAÍRA,2,2,905.0,452.5,45000.0,22500.0,0,1,193,1
2024,PR,75736,GUAIRAÇÁ,1,1,280.0,280.0,8000.0,8000.0,0,1,27,1
2024,PR,75760,NOVA TEBAS,1,1,400.0,400.0,10500.0,10500.0,0,1,23,1
2024,PR,75809,LUIZIANA,2,2,761.0,380.5,14000.0,7000.0,0,2,24,1
2024,PR,75817,GUARANIAÇU,3,3,1135.0,378.3333333333333,29200.0,9733.333333333334,0,3,23,1
2024,PR,75833,GUARAPUAVA,3,3,1960.0,653.3333333333334,34000.0,11333.333333333334,2,3,9,1
2024,PR,75876,GUARATUBA,2,2,950.0,475.0,18000.0,9000.0,0,2,20,1
2024,PR,75892,IBAITI,4,3,1348.0,337.0,28000.0,7000.0,0,3,33,1
2024,PR,75914,IBIPORÃ,2,1,814.0,407.0,19600.0,9800.0,0,1,80,1
2024,PR,75930,ICARAÍMA,2,1,600.0,300.0,5000.0,2500.0,0,1,70,1
2024,PR,75973,IMBITUVA,3,3,1032.0,344.0,25000.0,8333.333333333334,0,3,7,1
2024,PR,75990,INÁCIO MARTINS,1,1,250.0,250.0,12000.0,12000.0,0,1,3,1
2024,PR,76031,IPIRANGA,1,1,450.0,450.0,16000.0,16000.0,0,1,8,1
2024,PR,76074,IRATI,1,1,330.0,330.0,8000.0,8000.0,0,1,5,1
2024,PR,76090,IRETAMA,1,1,300.0,300.0,15000.0,15000.0,0,1,4,1
2024,PR,76139,ITAMBARACÁ,3,2,901.0,300.3333333333333,27500.0,9166.666666666666,0,2,32,1
2024,PR,76210,IVAÍ,4,3,1846.0,461.5,32800.0,8200.0,0,3,45,1
2024,PR,76236,IVAIPORÃ,2,2,700.0,350.0,19500.0,9750.0,0,1,39,1
2024,PR,76279,JABOTI,2,2,550.0,275.0,19200.0,9600.0,0,1,76,1
2024,PR,76295,JACAREZINHO,1,1,500.0,500.0,6000.0,6000.0,0,1,28,1
2024,PR,76317,JAGUAPITÃ,2,2,752.0,376.0,18700.0,9350.0,0,2,6,1
2024,PR,76333,JAGUARIAÍVA,3,3,1114.0,371.3333333333333,24500.0,8166.666666666667,0,1,58,1
2024,PR,76350,JANDAIA DO SUL,3,3,1312.0,437.3333333333333,28000.0,9333.333333333334,0,3,11,1
2024,PR,76376,JANIÓPOLIS,3,2,1500.0,500.0,30000.0,10000.0,0,2,155,1
2024,PR,76392,JAPIRA,1,1,280.0,280.0,10000.0,10000.0,0,0,38,1
2024,PR,76490,JOAQUIM TÁVORA,1,1,376.0,376.0,9400.0,9400.0,0,1,18,1
2024,PR,76538,JUSSARA,6,3,1803.0,300.5,40500.0,6750.0,0,3,80,1
2024,PR,76554,KALORÉ,1,1,250.0,250.0,14000.0,14000.0,0,1,4,1
2024,PR,76570,LAPA,2,2,800.0,400.0,16000.0,8000.0,0,2,28,1
2024,PR,76597,LARANJEIRAS DO SUL,4,2,2051.0,512.75,38000.0,9500.0,0,2,84,1
2024,PR,76678,LONDRINA,35,11,29536.0,843.8857142857142,715469.0,20441.97142857143,13,11,180,1
2024,PR,76732,MAMBORÊ,1,1,300.0,300.0,5000.0,5000.0,0,1,4,1
2024,PR,76775,MANDAGUARI,1,1,500.0,500.0,6000.0,6000.0,0,1,8,1
2024,PR,76791,MANDIRITUBA,5,4,1787.0,357.4,47000.0,9400.0,0,5,18,1
2024,PR,76830,MARECHAL CÂNDIDO RONDON,7,3,3119.0,445.57142857142856,64000.0,9142.857142857143,0,2,216,1
2024,PR,76856,MARIA HELENA,1,1,250.0,250.0,4000.0,4000.0,0,1,7,1
2024,PR,76872,MARIALVA,4,4,1780.0,445.0,37500.0,9375.0,0,4,22,1
2024,PR,76899,MARILUZ,1,1,351.0,351.0,5000.0,5000.0,1,1,17,1
2024,PR,76910,MARINGÁ,8,2,4620.0,577.5,154500.0,19312.5,5,4,177,1
2024,PR,76953,MARMELEIRO,1,1,300.0,300.0,18000.0,18000.0,0,1,5,1
2024,PR,76970,MARUMBI,1,1,330.0,330.0,7000.0,7000.0,0,1,22,1
2024,PR,77011,MEDIANEIRA,2,1,800.0,400.0,20000.0,10000.0,0,1,77,1
2024,PR,77070,MOREIRA SALES,2,1,600.0,300.0,15000.0,7500.0,0,1,89,1
2024,PR,77097,MORRETES,1,1,330.0,330.0,8000.0,8000.0,0,1,14,1
2024,PR,77119,MUNHOZ DE MELO,1,1,250.0,250.0,5000.0,5000.0,0,1,15,1
2024,PR,77216,NOVA ESPERANÇA,1,1,414.0,414.0,6000.0,6000.0,0,1,11,1
2024,PR,77259,NOVA LONDRINA,1,1,320.0,320.0,8000.0,8000.0,0,1,18,1
2024,PR,77313,PAIÇANDU,2,2,800.0,400.0,14000.0,7000.0,0,2,12,1
2024,PR,77356,PALMEIRA,2,1,628.0,314.0,13000.0,6500.0,0,1,38,1
2024,PR,77372,PALMITAL,2,2,705.0,352.5,15000.0,7500.0,0,1,170,1
2024,PR,77399,PALOTINA,3,3,1920.0,640.0,17000.0,5666.666666666667,1,2,32,1
2024,PR,77437,PARANACITY,1,1,300.0,300.0,8500.0,8500.0,0,1,4,1
2024,PR,77453,PARANAGUÁ,10,6,6545.0,654.5,120550.0,12055.0,3,5,254,1
2024,PR,77496,PARANAVAÍ,4,2,2067.0,516.75,38000.0,9500.0,1,2,245,1
2024,PR,77518,PATO BRANCO,7,5,3320.0,474.2857142857143,161726.0,23103.714285714286,1,4,57,1
2024,PR,77593,PÉROLA D'OESTE,1,1,270.0,270.0,17500.0,17500.0,0,1,6,1
2024,PR,77615,PIÊN,2,1,802.0,401.0,10000.0,5000.0,0,2,25,1
2024,PR,77631,PINHALÃO,2,2,550.0,275.0,17500.0,8750.0,0,2,8,1
2024,PR,77690,PIRAQUARA,2,1,1000.0,500.0,23000.0,11500.0,0,0,212,1
2024,PR,77712,PITANGA,1,1,450.0,450.0,14000.0,14000.0,0,1,8,1
2024,PR,77739,PLANALTINA DO PARANÁ,1,1,251.0,251.0,7650.0,7650.0,0,1,26,1
2024,PR,77755,PLANALTO,1,1,301.0,301.0,20000.0,20000.0,0,1,14,1
2024,PR,77771,PONTA GROSSA,23,9,16648.0,723.8260869565217,429157.0,18659.0,10,10,87,1
2024,PR,77798,PORECATU,1,1,370.0,370.0,5000.0,5000.0,1,1,2,1
2024,PR,77836,PORTO RICO,1,1,280.0,280.0,7650.0,7650.0,0,1,7,1
2024,PR,77917,PRUDENTÓPOLIS,3,3,1262.0,420.6666666666667,39000.0,13000.0,0,3,27,1
2024,PR,77950,QUATRO BARRAS,1,1,410.0,410.0,10000.0,10000.0,1,1,28,1
2024,PR,77992,QUINTA DO SOL,1,1,250.0,250.0,4000.0,4000.0,0,1,7,1
2024,PR,78018,QUITANDINHA,1,1,405.0,405.0,5000.0,5000.0,1,1,5,1
2024,PR,78034,RANCHO ALEGRE,4,2,1220.0,305.0,23000.0,5750.0,1,1,231,1
2024,PR,78050,REALEZA,3,2,1100.0,366.6666666666667,36000.0,12000.0,0,3,12,1
2024,PR,78077,REBOUÇAS,2,2,859.0,429.5,15000.0,7500.0,0,2,21,1
2024,PR,78115,RESERVA,2,2,702.0,351.0,17000.0,8500.0,0,2,17,1
2024,PR,78131,RIBEIRÃO CLARO,1,1,356.0,356.0,6000.0,6000.0,0,1,25,1
2024,PR,78174,RIO AZUL,2,1,550.0,275.0,21000.0,10500.0,0,1,55,1
2024,PR,78212,RIO BRANCO DO SUL,4,2,1579.0,394.75,49000.0,12250.0,0,1,208,1
2024,PR,78239,RIO NEGRO,2,2,678.0,339.0,16000.0,8000.0,0,2,7,1
2024,PR,78255,ROLÂNDIA,4,2,2024.0,506.0,52000.0,13000.0,1,2,84,1
2024,PR,78271,RONCADOR,1,1,368.0,368.0,10700.0,10700.0,0,1,10,1
2024,PR,78298,RONDON,1,1,300.0,300.0,7500.0,7500.0,0,1,9,1
2024,PR,78379,SALTO DO LONTRA,2,1,600.0,300.0,30000.0,15000.0,0,2,21,1
2024,PR,78433,SANTA CRUZ DE MONTE CASTELO,1,1,280.0,280.0,7500.0,7500.0,0,1,12,1
2024,PR,78492,SANTA ISABEL DO IVAÍ,2,2,600.0,300.0,10000.0,5000.0,1,2,12,1
2024,PR,78514,SANTA IZABEL DO OESTE,2,1,599.0,299.5,34000.0,17000.0,2,2,22,1
2024,PR,78573,SANTO ANTÔNIO DO SUDOESTE,1,1,327.0,327.0,12000.0,12000.0,0,1,8,1
2024,PR,78590,SANTO ANTÔNIO DA PLATINA,1,1,300.0,300.0,12000.0,12000.0,0,1,7,1
2024,PR,78611,SANTO ANTONIO DO CAIUÁ,1,1,250.0,250.0,7000.0,7000.0,0,0,143,1
2024,PR,78654,SANTO INÁCIO,1,1,286.0,286.0,10500.0,10500.0,0,0,33,1
2024,PR,78670,SÃO CARLOS DO IVAÍ,4,2,1070.0,267.5,42500.0,10625.0,2,3,156,1
2024,PR,78719,SÃO JOÃO,5,4,1668.0,333.6,53700.0,10740.0,1,2,15,1
2024,PR,78735,SÃO JOÃO DO CAIUÁ,1,1,240.0,240.0,8000.0,8000.0,0,1,7,1
2024,PR,78751,SÃO JOÃO DO IVAÍ,2,2,587.0,293.5,16000.0,8000.0,0,2,17,1
2024,PR,78778,SÃO JOÃO DO TRIUNFO,3,3,1280.0,426.6666666666667,37000.0,12333.333333333334,0,0,42,1
2024,PR,78794,SÃO JORGE DO IVAÍ,5,3,1650.0,330.0,25000.0,5000.0,1,4,33,1
2024,PR,78832,SÃO JOSÉ DA BOA VISTA,1,1,384.0,384.0,5000.0,5000.0,0,1,2,1
2024,PR,78859,SÃO JOSÉ DOS PINHAIS,6,5,3590.0,598.3333333333334,62000.0,10333.333333333334,3,3,67,1
2024,PR,78875,SÃO MATEUS DO SUL,1,1,450.0,450.0,12000.0,12000.0,0,1,3,1
2024,PR,78891,SÃO MIGUEL DO IGUAÇU,6,4,2331.0,388.5,56000.0,9333.333333333334,4,5,49,1
2024,PR,78913,SÃO PEDRO DO IVAÍ,3,2,1030.0,343.3333333333333,34500.0,11500.0,0,3,26,1
2024,PR,78956,SÃO SEBASTIÃO DA AMOREIRA,1,1,364.0,364.0,5000.0,5000.0,1,1,2,1
2024,PR,78972,SÃO TOMÉ,4,2,1450.0,362.5,34000.0,8500.0,2,1,14,1
2024,PR,78999,SAPOPEMA,2,2,668.0,334.0,12000.0,6000.0,0,1,98,1
2024,PR,79014,SENGÉS,6,4,2511.0,418.5,66621.4,11103.566666666666,0,1,270,1
2024,PR,79073,SIQUEIRA CAMPOS,1,1,300.0,300.0,7500.0,7500.0,0,0,41,1
2024,PR,79090,TAMBOARA,1,1,354.0,354.0,7000.0,7000.0,0,1,8,1
2024,PR,79111,TAPEJARA,2,2,845.0,422.5,17000.0,8500.0,0,1,56,1
2024,PR,79138,TEIXEIRA SOARES,2,2,669.0,334.5,16500.0,8250.0,0,2,12,1
2024,PR,79154,TELÊMACO BORBA,5,3,2420.0,484.0,54000.0,10800.0,0,2,63,1
2024,PR,79170,TERRA BOA,1,1,320.0,320.0,4000.0,4000.0,1,1,21,1
2024,PR,79197,TERRA RICA,1,1,300.0,300.0,10000.0,10000.0,0,1,5,1
2024,PR,79219,TERRA ROXA,2,2,700.0,350.0,19000.0,9500.0,0,2,7,1
2024,PR,79235,TIBAGI,3,3,1161.0,387.0,31000.0,10333.333333333334,0,2,35,1
2024,PR,79251,TIJUCAS DO SUL,2,2,854.0,427.0,20000.0,10000.0,1,2,7,1
2024,PR,79278,TOLEDO,17,6,12938.0,761.0588235294117,222478.0,13086.941176470587,1,11,195,1
2024,PR,79294,TOMAZINA,1,1,257.0,257.0,10000.0,10000.0,0,1,18,1
2024,PR,79316,TUNEIRAS DO OESTE,1,1,364.0,364.0,12000.0,12000.0,0,1,7,1
2024,PR,79332,UBIRATÃ,1,1,301.0,301.0,6000.0,6000.0,0,1,18,1
2024,PR,79359,UMUARAMA,6,5,3752.0,625.3333333333334,77929.0,12988.166666666666,3,6,17,1
2024,PR,79375,UNIÃO DA VITÓRIA,1,1,500.0,500.0,12000.0,12000.0,0,1,3,1
2024,PR,79413,URAÍ,2,1,600.0,300.0,15000.0,7500.0,0,1,53,1
2024,PR,79430,WENCESLAU BRAZ,2,1,828.0,414.0,17000.0,8500.0,0,1,39,1
2024,PR,79510,ALTÔNIA,7,3,2986.0,426.57142857142856,43200.0,6171.428571428572,0,4,99,1
2024,PR,79537,ASSIS CHATEAUBRIAND,8,5,3610.0,451.25,78000.0,9750.0,0,5,132,1
2024,PR,79553,QUEDAS DO IGUAÇU,7,4,3533.0,504.7142857142857,78500.0,11214.285714285714,0,6,33,1
2024,PR,79570,CÉU AZUL,3,3,1303.0,434.3333333333333,28500.0,9500.0,1,3,27,1
2024,PR,79596,GRANDES RIOS,1,1,300.0,300.0,8000.0,8000.0,0,1,3,1
2024,PR,79618,INDIANÓPOLIS,5,4,1330.0,266.0,32000.0,6400.0,1,4,32,1
2024,PR,79634,MATINHOS,3,3,1192.0,397.3333333333333,18500.0,6166.666666666667,0,3,20,1
2024,PR,79677,NOVA OLÍMPIA,2,1,620.0,310.0,18000.0,9000.0,0,1,49,1
2024,PR,79715,SANTA HELENA,1,1,450.0,450.0,15000.0,15000.0,0,1,3,1
2024,PR,79731,TAPIRA,2,2,600.0,300.0,10650.0,5325.0,0,2,28,1
2024,PR,79758,MARILENA,1,1,300.0,300.0,7500.0,7500.0,0,1,8,1
2024,PR,79774,FRANCISCO ALVES,1,1,350.0,350.0,6000.0,6000.0,0,1,19,1
2024,PR,79790,NOVA SANTA ROSA,1,1,250.0,250.0,6000.0,6000.0,0,1,7,1
2024,PR,79839,BRAGANEY,1,1,400.0,400.0,4900.0,4900.0,0,1,24,1
2024,PR,79855,CAFELÂNDIA,4,2,1700.0,425.0,18500.0,4625.0,0,4,25,1
2024,PR,79871,TRÊS BARRAS DO PARANÁ,1,1,400.0,400.0,6000.0,6000.0,0,1,24,1
2024,PR,79898,VERA CRUZ DO OESTE,3,2,900.0,300.0,27000.0,9000.0,2,3,17,1
2024,PR,79910,PRANCHITA,3,3,900.0,300.0,19000.0,6333.333333333333,1,3,19,1
2024,PR,79979,JESUÍTAS,4,2,1804.0,451.0,15200.0,3800.0,1,1,59,1
2024,PR,79995,SÃO JORGE DO PATROCÍNIO,4,4,1255.0,313.75,27900.0,6975.0,0,3,50,1
2024,PR,84514,CANTAGALO,2,2,750.0,375.0,18000.0,9000.0,0,2,8,1
2024,PR,84557,ALTAMIRA DO PARANÁ,4,3,1350.0,337.5,42000.0,10500.0,0,3,47,1
2024,PR,84611,SARANDI,3,3,1380.0,460.0,29950.0,9983.333333333334,0,2,153,1
2024,PR,84638,JURANDA,1,1,362.0,362.0,5000.0,5000.0,0,0,73,1
2024,PR,84654,DOURADINA,1,1,461.0,461.0,8000.0,8000.0,0,1,11,1
2024,PR,84670,SANTA TEREZINHA DE ITAIPU,6,3,2300.0,383.3333333333333,74300.0,12383.333333333334,0,6,28,1
2024,PR,84697,MISSAL,4,4,1707.0,426.75,39200.0,9800.0,1,3,93,1
2024,PR,84719,SÃO JOSÉ DAS PALMEIRAS,1,1,300.0,300.0,9000.0,9000.0,0,1,13,1
2024,RJ,58009,QUISSAMÃ,7,5,3126.0,446.57142857142856,77000.0,11000.0,0,6,16,1
2024,RJ,58017,ANGRA DOS REIS,14,9,11036.0,788.2857142857143,144500.0,10321.42857142857,5,7,157,1
2024,RJ,58033,ARARUAMA,1,1,500.0,500.0,8000.0,8000.0,0,1,16,1
2024,RJ,58041,BELFORD ROXO,7,4,5624.0,803.4285714285714,316939.0,45277.0,1,5,113,1
2024,RJ,58050,BARRA DO PIRAÍ,3,3,1604.0,534.6666666666666,93200.0,31066.666666666668,1,3,10,1
2024,RJ,58068,CARDOSO MOREIRA,5,4,2352.0,470.4,55270.0,11054.0,0,3,107,1
2024,RJ,58076,BARRA MANSA,6,5,3390.0,565.0,76000.0,12666.666666666666,3,6,26,1
2024,RJ,58092,BOM JARDIM,2,2,1080.0,540.0,13000.0,6500.0,1,1,142,1
2024,RJ,58106,GUAPIMIRIM,2,2,900.0,450.0,22000.0,11000.0,0,2,8,1
2024,RJ,58114,BOM JESUS DO ITABAPOANA,1,1,500.0,500.0,64800.0,64800.0,0,1,9,1
2024,RJ,58122,QUEIMADOS,3,3,2900.0,966.6666666666666,28500.0,9500.0,2,2,206,1
2024,RJ,58130,CABO FRIO,6,4,3838.0,639.6666666666666,86000.0,14333.333333333334,5,2,245,1
2024,RJ,58149,JAPERI,1,1,600.0,600.0,22320.0,22320.0,0,1,5,1
2024,RJ,58157,CACHOEIRAS DE MACACU,4,2,1962.0,490.5,61000.0,15250.0,3,2,100,1
2024,RJ,58173,CAMBUCI,2,1,900.0,450.0,18000.0,9000.0,2,1,95,1
2024,RJ,58190,CAMPOS DOS GOYTACAZES,10,6,10200.0,1020.0,187657.0,18765.7,3,6,163,1
2024,RJ,58203,RIO DAS OSTRAS,6,4,3543.0,590.5,80500.0,13416.666666666666,3,4,188,1
2024,RJ,58220,AREAL,1,1,400.0,400.0,7500.0,7500.0,0,1,18,1
2024,RJ,58246,PINHEIRAL,2,2,1002.0,501.0,26500.0,13250.0,1,0,130,1
2024,RJ,58254,CASIMIRO DE ABREU,7,4,4120.0,588.5714285714286,113000.0,16142.857142857143,5,1,194,1
2024,RJ,58270,CONCEIÇÃO DE MACABU,1,1,376.0,376.0,15000.0,15000.0,1,0,47,1
2024,RJ,58289,SÃO FRANCISCO DE ITABAPOANA,5,4,2181.0,436.2,55000.0,11000.0,2,5,26,1
2024,RJ,58297,CORDEIRO,2,2,1180.0,590.0,20000.0,10000.0,1,1,74,1
2024,RJ,58300,CARAPEBUS,7,3,2740.0,391.42857142857144,90500.0,12928.57142857143,2,2,268,1
2024,RJ,58327,PORTO REAL,1,1,300.0,300.0,7500.0,7500.0,0,1,17,1
2024,RJ,58335,DUQUE DE CAXIAS,9,7,7427.0,825.2222222222222,344521.0,38280.11111111111,4,6,112,1
2024,RJ,58351,ENGENHEIRO PAULO DE FRONTIN,1,1,540.0,540.0,3000.0,3000.0,1,1,7,1
2024,RJ,58360,TANGUÁ,1,1,500.0,500.0,15000.0,15000.0,0,0,67,1
2024,RJ,58378,ITABORAÍ,3,2,1763.0,587.6666666666666,46000.0,15333.333333333334,0,0,183,1
2024,RJ,58386,MACUCO,1,1,300.0,300.0,12000.0,12000.0,0,1,17,1
2024,RJ,58394,ITAGUAÍ,8,3,4901.0,612.625,90000.0,11250.0,0,6,81,1
2024,RJ,58408,ARMAÇÃO DOS BÚZIOS,9,6,4140.0,460.0,95000.0,10555.555555555555,2,5,172,1
2024,RJ,58416,ITAOCARA,1,1,400.0,400.0,10000.0,10000.0,0,1,5,1
2024,RJ,58432,ITAPERUNA,14,7,7121.0,508.64285714285717,159000.0,11357.142857142857,4,9,148,1
2024,RJ,58440,ITATIAIA,6,6,3000.0,500.0,89000.0,14833.333333333334,2,5,35,1
2024,RJ,58467,MESQUITA,1,1,400.0,400.0,12000.0,12000.0,0,1,19,1
2024,RJ,58475,MACAÉ,3,2,1860.0,620.0,39000.0,13000.0,2,2,49,1
2024,RJ,58491,MAGÉ,2,2,1210.0,605.0,44157.0,22078.5,1,2,27,1
2024,RJ,58513,MANGARATIBA,4,3,3320.0,830.0,38000.0,9500.0,2,2,64,1
2024,RJ,58530,MARICÁ,1,1,600.0,600.0,18000.0,18000.0,0,0,51,1
2024,RJ,58599,MIRACEMA,4,4,1900.0,475.0,37000.0,9250.0,1,2,38,1
2024,RJ,58637,NILÓPOLIS,2,2,1130.0,565.0,12350.0,6175.0,2,0,199,1
2024,RJ,58653,NITERÓI,27,9,29575.0,1095.3703703703704,479814.0,17770.88888888889,10,9,262,1
2024,RJ,58670,NOVA FRIBURGO,3,3,1733.0,577.6666666666666,43000.0,14333.333333333334,2,2,34,1
2024,RJ,58696,NOVA IGUAÇU,9,5,8018.0,890.8888888888889,495808.0,55089.77777777778,2,5,112,1
2024,RJ,58718,PARACAMBI,9,4,5700.0,633.3333333333334,170000.0,18888.88888888889,0,9,30,1
2024,RJ,58734,PARAÍBA DO SUL,5,4,2260.0,452.0,115750.0,23150.0,2,2,107,1
2024,RJ,58750,PARATY,2,2,1150.0,575.0,27000.0,13500.0,0,2,5,1
2024,RJ,58777,PETRÓPOLIS,12,8,8020.0,668.3333333333334,217814.0,18151.166666666668,3,7,69,1
2024,RJ,58793,PIRAÍ,2,2,800.0,400.0,44000.0,22000.0,0,1,53,1
2024,RJ,58815,PORCIÚNCULA,5,3,1800.0,360.0,35000.0,7000.0,1,4,50,1
2024,RJ,58831,RESENDE,8,6,5208.0,651.0,211000.0,26375.0,1,2,85,1
2024,RJ,58858,RIO BONITO,11,6,5135.0,466.8181818181818,202330.0,18393.636363636364,1,5,136,1
2024,RJ,58971,SÃO GONÇALO,7,6,7172.0,1024.5714285714287,201591.0,28798.714285714286,2,5,192,1
2024,RJ,58998,SÃO JOÃO DA BARRA,2,1,762.0,381.0,30000.0,15000.0,2,1,121,1
2024,RJ,59013,SÃO JOÃO DE MERITI,11,7,8984.0,816.7272727272727,224314.0,20392.18181818182,4,6,67,1
2024,RJ,59030,SÃO PEDRO DA ALDEIA,4,3,1782.0,445.5,57000.0,14250.0,3,2,243,1
2024,RJ,59099,SAQUAREMA,3,3,1471.0,490.3333333333333,59000.0,19666.666666666668,2,0,263,1
2024,RJ,59110,SILVA JARDIM,3,2,1154.0,384.6666666666667,42000.0,14000.0,2,2,197,1
2024,RJ,59137,SUMIDOURO,2,2,775.0,387.5,29000.0,14500.0,1,2,5,1
2024,RJ,59153,TERESÓPOLIS,6,5,3198.0,533.0,55000.0,9166.666666666666,2,6,26,1
2024,RJ,59170,TRAJANO DE MORAIS,2,2,696.0,348.0,22000.0,11000.0,0,1,39,1
2024,RJ,59196,TRÊS RIOS,13,7,8126.0,625.0769230769231,152000.0,11692.307692307691,2,4,54,1
2024,RJ,59218,VALENÇA,1,1,400.0,400.0,12000.0,12000.0,0,1,18,1
2024,RJ,59234,VASSOURAS,5,4,2475.0,495.0,53000.0,10600.0,1,5,22,1
2024,RJ,59250,VOLTA REDONDA,2,2,1880.0,940.0,52657.0,26328.5,1,2,16,1
2024,RJ,59277,ARRAIAL DO CABO,3,2,1700.0,566.6666666666666,28000.0,9333.333333333334,2,2,244,1
2024,RJ,59293,ITALVA,1,1,500.0,500.0,8000.0,8000.0,0,0,32,1
2024,RJ,59315,PATY DO ALFERES,2,2,756.0,378.0,24000.0,12000.0,1,2,10,1
2024,RJ,60011,RIO DE JANEIRO,45,11,56200.0,1248.888888888889,2399067.4,53312.608888888884,23,24,197,1
2024,RN,16004,TENENTE LAURENTINO CRUZ,1,1,350.0,350.0,5000.0,5000.0,0,0,74,1
2024,RN,16020,SERRA DO MEL,2,2,800.0,400.0,12000.0,6000.0,0,1,62,1
2024,RN,16039,ASSÚ,16,6,8579.0,536.1875,107780.3,6736.26875,2,6,221,1
2024,RN,16047,CAIÇARA DO NORTE,5,4,2000.0,400.0,26500.0,5300.0,0,1,176,1
2024,RN,16055,AFONSO BEZERRA,7,5,2800.0,400.0,30000.0,4285.714285714285,1,5,192,1
2024,RN,16063,SÃO MIGUEL DO GOSTOSO,3,2,1700.0,566.6666666666666,19500.0,6500.0,1,1,95,1
2024,RN,16071,ÁGUA NOVA,3,2,1121.0,373.6666666666667,11000.0,3666.6666666666665,0,1,185,1
2024,RN,16080,ITAJÁ,5,5,2155.0,431.0,29659.120000000003,5931.8240000000005,0,5,29,1
2024,RN,16098,ALEXANDRIA,4,3,1650.0,412.5,20000.0,5000.0,1,1,94,1
2024,RN,16101,BODÓ,2,2,700.0,350.0,9500.0,4750.0,1,2,6,1
2024,RN,16110,ALMINO AFONSO,1,1,400.0,400.0,6000.0,6000.0,0,1,22,1
2024,RN,16128,TRIUNFO POTIGUAR,1,1,300.0,300.0,6000.0,6000.0,0,0,39,1
2024,RN,16136,ALTO DO RODRIGUES,1,1,351.0,351.0,7000.0,7000.0,0,0,46,1
2024,RN,16144,FERNANDO PEDROZA,4,3,1420.0,355.0,22000.0,5500.0,1,1,211,1
2024,RN,16152,ANGICOS,1,1,400.0,400.0,4500.0,4500.0,0,0,49,1
2024,RN,16195,APODI,27,8,13822.0,511.9259259259259,159130.13999999998,5893.708888888888,1,6,227,1
2024,RN,16217,AREIA BRANCA,6,3,2800.0,466.6666666666667,46000.0,7666.666666666667,0,6,14,1
2024,RN,16225,TIBAU,1,1,567.0,567.0,7430.0,7430.0,0,0,31,1
2024,RN,16233,ARÊS,1,1,400.0,400.0,4000.0,4000.0,1,0,197,1
2024,RN,16241,SANTA MARIA,3,3,1116.0,372.0,12500.0,4166.666666666667,1,1,168,1
2024,RN,16250,CAMPO GRANDE,3,3,1366.0,455.3333333333333,19334.25,6444.75,0,2,58,1
2024,RN,16276,BAÍA FORMOSA,2,2,800.0,400.0,12000.0,6000.0,0,2,10,1
2024,RN,16284,PORTO DO MANGUE,2,2,900.0,450.0,15942.5,7971.25,0,1,191,1
2024,RN,16292,BARCELONA,4,3,1550.0,387.5,17000.0,4250.0,1,2,192,1
2024,RN,16306,JUNDIÁ,1,1,400.0,400.0,3500.0,3500.0,0,1,9,1
2024,RN,16330,BOM JESUS,2,2,800.0,400.0,8500.0,4250.0,0,1,35,1
2024,RN,16357,BREJINHO,1,1,400.0,400.0,3500.0,3500.0,0,0,93,1
2024,RN,16373,CAIÇARA DO RIO DO VENTO,2,2,780.0,390.0,9000.0,4500.0,1,2,27,1
2024,RN,16390,CAICÓ,11,6,6195.0,563.1818181818181,73550.0,6686.363636363636,2,4,227,1
2024,RN,16411,CAMPO REDONDO,4,1,1627.0,406.75,17000.0,4250.0,0,2,116,1
2024,RN,16438,CANGUARETAMA,7,5,3057.0,436.7142857142857,34000.0,4857.142857142857,0,3,151,1
2024,RN,16454,CARAÚBAS,7,5,3622.0,517.4285714285714,41736.479999999996,5962.354285714285,0,6,116,1
2024,RN,16470,CARNAÚBA DOS DANTAS,2,2,850.0,425.0,12000.0,6000.0,0,2,7,1
2024,RN,16497,CARNAUBAIS,2,2,800.0,400.0,11000.0,5500.0,0,2,24,1
2024,RN,16519,CEARÁ-MIRIM,9,5,4450.0,494.44444444444446,58400.0,6488.888888888889,1,3,124,1
2024,RN,16535,CERRO CORÁ,3,3,1200.0,400.0,14500.0,4833.333333333333,0,1,57,1
2024,RN,16551,CORONEL EZEQUIEL,4,3,1630.0,407.5,25000.0,6250.0,0,4,22,1
2024,RN,16594,CRUZETA,2,2,750.0,375.0,12000.0,6000.0,0,2,10,1
2024,RN,16616,CURRAIS NOVOS,9,4,4371.0,485.6666666666667,50500.0,5611.111111111111,1,5,198,1
2024,RN,16632,DOUTOR SEVERIANO,3,2,1200.0,400.0,12000.0,4000.0,2,1,68,1
2024,RN,16675,EQUADOR,1,1,400.0,400.0,8000.0,8000.0,0,1,18,1
2024,RN,16691,ESPÍRITO SANTO,4,4,1650.0,412.5,22000.0,5500.0,0,3,94,1
2024,RN,16713,EXTREMOZ,12,4,6400.0,533.3333333333334,66300.0,5525.0,3,3,194,1
2024,RN,16730,FELIPE GUERRA,2,2,735.0,367.5,10000.0,5000.0,0,0,64,1
2024,RN,16756,FLORÂNIA,3,1,1200.0,400.0,18000.0,6000.0,0,1,124,1
2024,RN,16799,GALINHOS,3,2,1050.0,350.0,14000.0,4666.666666666667,0,1,171,1
2024,RN,16810,GOIANINHA,4,4,1700.0,425.0,19500.0,4875.0,0,1,102,1
2024,RN,16837,GOVERNADOR DIX-SEPT ROSADO,2,2,973.0,486.5,14262.02,7131.01,0,1,116,1
2024,RN,16853,GROSSOS,3,1,1630.0,543.3333333333334,25483.89,8494.63,0,1,205,1
2024,RN,16870,GUAMARÉ,5,4,2010.0,402.0,25500.0,5100.0,0,2,85,1
2024,RN,16896,IELMO MARINHO,3,2,1250.0,416.6666666666667,15000.0,5000.0,2,2,32,1
2024,RN,16918,IPANGUAÇU,7,5,2820.0,402.85714285714283,35000.0,5000.0,2,4,48,1
2024,RN,16934,IPUEIRA,3,2,900.0,300.0,18000.0,6000.0,0,2,39,1
2024,RN,16950,ITAÚ,6,3,2400.0,400.0,39500.0,6583.333333333333,0,1,5,1
2024,RN,16977,JAÇANÃ,3,3,1150.0,383.3333333333333,16000.0,5333.333333333333,0,1,159,1
2024,RN,16993,JANDAÍRA,8,4,3200.0,400.0,32000.0,4000.0,2,1,155,1
2024,RN,17019,JANDUÍS,1,1,462.0,462.0,4000.0,4000.0,0,0,170,1
2024,RN,17035,BOA SAÚDE,2,2,800.0,400.0,9500.0,4750.0,0,1,114,1
2024,RN,17116,JARDIM DO SERIDÓ,6,5,2400.0,400.0,30000.0,5000.0,2,2,103,1
2024,RN,17132,JOÃO CÂMARA,4,4,1750.0,437.5,20500.0,5125.0,0,4,18,1
2024,RN,17191,JUCURUTU,3,3,1200.0,400.0,14000.0,4666.666666666667,0,2,65,1
2024,RN,17213,MESSIAS TARGINO,3,2,1150.0,383.3333333333333,15000.0,5000.0,0,2,49,1
2024,RN,17230,LAGOA D'ANTA,2,2,760.0,380.0,9000.0,4500.0,0,1,75,1
2024,RN,17256,LAGOA DE PEDRAS,5,3,1850.0,370.0,26000.0,5200.0,0,2,79,1
2024,RN,17272,LAGOA DE VELHOS,1,1,400.0,400.0,3000.0,3000.0,0,0,170,1
2024,RN,17299,LAGOA NOVA,4,3,1600.0,400.0,20500.0,5125.0,2,4,29,1
2024,RN,17310,LAGOA SALGADA,1,1,400.0,400.0,6000.0,6000.0,0,1,23,1
2024,RN,17337,LAJES,2,2,822.0,411.0,9000.0,4500.0,0,2,25,1
2024,RN,17353,LAJES PINTADAS,1,1,380.0,380.0,5000.0,5000.0,0,0,41,1
2024,RN,17418,MACAÍBA,18,8,10663.0,592.3888888888889,118517.2,6584.288888888888,3,5,206,1
2024,RN,17434,MACAU,7,4,2726.0,389.42857142857144,34000.0,4857.142857142857,0,4,168,1
2024,RN,17477,MARTINS,5,2,2000.0,400.0,26000.0,5200.0,0,4,93,1
2024,RN,17493,MAXARANGUAPE,6,3,2400.0,400.0,34500.0,5750.0,0,2,141,1
2024,RN,17531,MONTANHAS,7,4,2840.0,405.7142857142857,32500.0,4642.857142857143,0,5,121,1
2024,RN,17558,MONTE ALEGRE,11,5,4971.0,451.90909090909093,64920.75,5901.886363636364,2,5,121,1
2024,RN,17574,MONTE DAS GAMELEIRAS,2,2,700.0,350.0,9500.0,4750.0,1,0,193,1
2024,RN,17590,MOSSORÓ,19,7,15288.0,804.6315789473684,162094.21,8531.274210526315,2,6,175,1
2024,RN,17612,NATAL,99,19,123518.0,1247.6565656565656,1671336.06,16882.182424242426,38,38,248,1
2024,RN,17639,NÍSIA FLORESTA,10,5,4411.0,441.1,55700.0,5570.0,0,5,154,1
2024,RN,17655,NOVA CRUZ,4,2,1750.0,437.5,24000.0,6000.0,0,2,106,1
2024,RN,17671,OLHO D'ÁGUA DO BORGES,4,4,1730.0,432.5,21500.0,5375.0,0,2,85,1
2024,RN,17698,OURO BRANCO,5,5,2100.0,420.0,29000.0,5800.0,2,1,17,1
2024,RN,17736,PARAÚ,2,2,750.0,375.0,10000.0,5000.0,0,2,4,1
2024,RN,17752,PARAZINHO,4,2,1600.0,400.0,25000.0,6250.0,0,2,51,1
2024,RN,17779,PARELHAS,4,1,1600.0,400.0,23000.0,5750.0,0,1,229,1
2024,RN,17795,PARNAMIRIM,37,10,25278.0,683.1891891891892,263478.4,7121.037837837838,15,12,197,1
2024,RN,17817,PASSA E FICA,4,4,1600.0,400.0,21000.0,5250.0,0,3,106,1
2024,RN,17833,PASSAGEM,6,4,2300.0,383.3333333333333,29500.0,4916.666666666667,1,2,192,1
2024,RN,17850,PATU,11,7,4430.0,402.72727272727275,57000.0,5181.818181818182,2,5,197,1
2024,RN,17876,PAU DOS FERROS,11,8,5878.0,534.3636363636364,78190.0,7108.181818181818,1,2,206,1
2024,RN,17892,PEDRA GRANDE,1,1,400.0,400.0,4500.0,4500.0,0,0,81,1
2024,RN,17914,PEDRA PRETA,1,1,300.0,300.0,4000.0,4000.0,0,1,20,1
2024,RN,17930,PEDRO AVELINO,1,1,400.0,400.0,6000.0,6000.0,0,0,63,1
2024,RN,17957,PEDRO VELHO,3,3,1200.0,400.0,12000.0,4000.0,2,1,226,1
2024,RN,17973,PENDÊNCIAS,3,2,1200.0,400.0,14000.0,4666.666666666667,1,2,94,1
2024,RN,18015,POÇO BRANCO,5,4,2100.0,420.0,23000.0,4600.0,1,1,206,1
2024,RN,18058,SERRA CAIADA,2,1,800.0,400.0,12000.0,6000.0,0,0,182,1
2024,RN,18074,PUREZA,8,4,3141.0,392.625,39000.0,4875.0,0,5,184,1
2024,RN,18090,RAFAEL FERNANDES,1,1,338.0,338.0,4000.0,4000.0,0,0,104,1
2024,RN,18139,RIACHO DE SANTANA,1,1,330.0,330.0,4000.0,4000.0,0,0,53,1
2024,RN,18155,RIACHUELO,7,4,2750.0,392.85714285714283,35500.0,5071.428571428572,1,3,182,1
2024,RN,18171,RODOLFO FERNANDES,3,2,1200.0,400.0,15000.0,5000.0,1,1,226,1
2024,RN,18236,SANTA CRUZ,5,2,2400.0,480.0,32000.0,6400.0,1,2,180,1
2024,RN,18252,SANTANA DO SERIDÓ,1,1,210.0,210.0,3500.0,3500.0,0,1,13,1
2024,RN,18279,SANTANA DO MATOS,3,2,1200.0,400.0,17000.0,5666.666666666667,0,2,38,1
2024,RN,18295,SANTO ANTÔNIO,7,5,3133.0,447.57142857142856,36000.0,5142.857142857143,1,2,211,1
2024,RN,18317,SÃO BENTO DO NORTE,1,1,400.0,400.0,4500.0,4500.0,0,0,43,1
2024,RN,18333,SÃO BENTO DO TRAIRÍ,7,6,2570.0,367.14285714285717,41000.0,5857.142857142857,0,1,196,1
2024,RN,18376,SÃO GONÇALO DO AMARANTE,32,7,16120.0,503.75,188200.0,5881.25,5,13,259,1
2024,RN,18392,SÃO JOÃO DO SABUGI,1,1,300.0,300.0,3500.0,3500.0,0,0,32,1
2024,RN,18414,SÃO JOSÉ DE MIPIBU,23,9,10971.0,477.0,128778.0,5599.04347826087,3,11,153,1
2024,RN,18430,SÃO JOSÉ DO CAMPESTRE,8,5,3300.0,412.5,42500.0,5312.5,4,7,42,1
2024,RN,18473,SÃO MIGUEL,7,5,3100.0,442.85714285714283,37000.0,5285.714285714285,1,6,225,1
2024,RN,18490,SÃO PAULO DO POTENGI,5,3,2220.0,444.0,33600.0,6720.0,0,1,206,1
2024,RN,18511,SÃO PEDRO,2,1,1000.0,500.0,11000.0,5500.0,0,1,39,1
2024,RN,18538,SÃO RAFAEL,8,5,3250.0,406.25,37500.0,4687.5,2,4,166,1
2024,RN,18554,SÃO TOMÉ,1,1,400.0,400.0,4500.0,4500.0,0,0,56,1
2024,RN,18597,SENADOR ELÓI DE SOUZA,10,3,3600.0,360.0,38500.0,3850.0,1,2,226,1
2024,RN,18619,SENADOR GEORGINO AVELINO,1,1,380.0,380.0,5500.0,5500.0,0,0,72,1
2024,RN,18635,SERRA DE SÃO BENTO,2,1,800.0,400.0,9000.0,4500.0,0,1,80,1
2024,RN,18651,SERRA NEGRA DO NORTE,5,4,2100.0,420.0,27000.0,5400.0,0,0,157,1
2024,RN,18678,SERRINHA,1,1,400.0,400.0,6500.0,6500.0,0,1,2,1
2024,RN,18716,SÍTIO NOVO,2,2,650.0,325.0,10000.0,5000.0,0,2,15,1
2024,RN,18775,TANGARÁ,5,2,2200.0,440.0,28000.0,5600.0,0,0,203,1
2024,RN,18791,TENENTE ANANIAS,1,1,400.0,400.0,4500.0,4500.0,0,1,25,1
2024,RN,18813,TIBAU DO SUL,3,2,1200.0,400.0,15000.0,5000.0,0,2,60,1
2024,RN,18830,TIMBAÚBA DOS BATISTAS,2,1,800.0,400.0,8000.0,4000.0,2,1,93,1
2024,RN,18856,TOUROS,5,4,2050.0,410.0,28000.0,5600.0,1,2,116,1
2024,RN,18872,UMARIZAL,2,1,1013.0,506.5,9000.0,4500.0,0,1,152,1
2024,RN,18899,UPANEMA,4,3,1823.0,455.75,25500.0,6375.0,0,2,217,1
2024,RN,18910,VÁRZEA,1,1,300.0,300.0,4500.0,4500.0,0,1,17,1
2024,RN,18953,VERA CRUZ,4,3,1660.0,415.0,22000.0,5500.0,0,2,50,1
2024,RN,18996,VILA FLOR,1,1,300.0,300.0,5000.0,5000.0,0,0,97,1
2024,RN,30031,BARAÚNA,1,1,585.0,585.0,9400.0,9400.0,0,1,19,1
2024,RO,00019,GUAJARÁ-MIRIM,2,2,840.0,420.0,9000.0,4500.0,1,2,10,1
2024,RO,00035,PORTO VELHO,61,13,44265.0,725.655737704918,1313798.8,21537.68524590164,36,16,254,1
2024,RO,00051,JI-PARANÁ,4,3,1511.0,377.75,21000.0,5250.0,1,2,245,1
2024,RO,00078,ARIQUEMES,2,1,623.0,311.5,8000.0,4000.0,0,2,29,1
2024,RO,00116,PIMENTA BUENO,3,3,1400.0,466.6666666666667,26000.0,8666.666666666666,2,3,24,1
2024,RO,00159,JARU,4,2,1623.0,405.75,13000.0,3250.0,4,3,41,1
2024,RO,00175,OURO PRETO DO OESTE,5,2,2020.0,404.0,23800.0,4760.0,3,5,30,1
2024,RO,00191,PRESIDENTE MÉDICI,1,1,250.0,250.0,3000.0,3000.0,0,1,15,1
2024,RO,00230,COLORADO DO OESTE,2,2,790.0,395.0,8000.0,4000.0,1,2,14,1
2024,RO,00272,CEREJEIRAS,3,2,1130.0,376.6666666666667,13000.0,4333.333333333333,2,2,33,1
2024,RO,00299,ROLIM DE MOURA,5,2,1723.0,344.6,22200.0,4440.0,0,4,36,1
2024,RO,00310,ALTA FLORESTA DO OESTE,1,1,250.0,250.0,3000.0,3000.0,0,1,6,1
2024,RO,00337,ALVORADA DO OESTE,1,1,540.0,540.0,5000.0,5000.0,1,1,12,1
2024,RO,00370,NOVA BRASILÂNDIA DO OESTE,3,3,1040.0,346.6666666666667,11000.0,3666.6666666666665,1,3,6,1
2024,RO,00396,MACHADINHO DO OESTE,7,3,2273.0,324.7142857142857,28600.0,4085.714285714286,3,5,165,1
2024,RO,00418,SÃO MIGUEL DO GUAPORÉ,2,1,880.0,440.0,10000.0,5000.0,2,1,132,1
2024,RO,00434,NOVA MAMORÉ,1,1,250.0,250.0,4000.0,4000.0,0,1,5,1
2024,RO,00450,CABIXI,1,1,215.0,215.0,3000.0,3000.0,1,1,8,1
2024,RO,00477,CANDEIAS DO JAMARI,6,2,1548.0,258.0,19500.0,3250.0,2,3,267,1
2024,RO,00493,ITAPUÃ DO OESTE,1,1,233.0,233.0,3500.0,3500.0,0,1,24,1
2024,RO,00515,NOVO HORIZONTE DO OESTE,1,1,215.0,215.0,3000.0,3000.0,0,1,8,1
2024,RO,00558,VALE DO PARAÍSO,2,2,695.0,347.5,9000.0,4500.0,1,2,7,1
2024,RO,00566,URUPÁ,3,2,885.0,295.0,10000.0,3333.3333333333335,3,2,33,1
2024,RO,00590,THEOBROMA,3,2,750.0,250.0,10600.0,3533.3333333333335,2,1,172,1
2024,RO,00604,MINISTRO ANDREAZZA,2,1,465.0,232.5,5500.0,2750.0,1,1,33,1
2024,RO,00612,GOVERNADOR JORGE TEIXEIRA,2,2,580.0,290.0,5000.0,2500.0,2,2,22,1
2024,RO,00620,CACAULÂNDIA,1,1,212.0,212.0,8000.0,8000.0,0,1,19,1
2024,RO,00639,ALTO PARAÍSO,4,2,1053.0,263.25,11500.0,2875.0,2,3,37,1
2024,RO,00647,RIO CRESPO,2,2,602.0,301.0,7000.0,3500.0,2,1,128,1
2024,RO,00671,CAMPO NOVO DE RONDÔNIA,1,1,250.0,250.0,3000.0,3000.0,0,1,8,1
2024,RO,00680,CUJUBIM,4,2,1127.0,281.75,13500.0,3375.0,0,3,77,1
2024,RO,00698,VALE DO ANARI,1,1,215.0,215.0,3000.0,3000.0,1,0,48,1
2024,RO,00744,NOVA UNIÃO,2,2,675.0,337.5,7500.0,3750.0,1,2,12,1
2024,RO,00795,SÃO FRANCISCO DO GUAPORÉ,2,2,790.0,395.0,8000.0,4000.0,1,2,6,1
2024,RO,00809,CHUPINGUAIA,3,2,752.0,250.66666666666666,10000.0,3333.3333333333335,0,3,15,1
2024,RR,03000,CAROEBE,1,1,300.0,300.0,4000.0,4000.0,1,1,2,1
2024,RR,03018,BOA VISTA,17,8,15243.0,896.6470588235294,640757.4,37691.611764705885,13,11,249,1
2024,RR,03026,IRACEMA,1,1,300.0,300.0,3000.0,3000.0,1,1,2,1
2024,RR,03034,CARACARAÍ,2,2,600.0,300.0,10000.0,5000.0,2,1,54,1
2024,RR,03042,AMAJARI,1,1,300.0,300.0,4000.0,4000.0,1,1,3,1
2024,RR,03050,ALTO ALEGRE,3,1,1200.0,400.0,16000.0,5333.333333333333,3,1,162,1
2024,RR,03069,CANTÁ,1,1,400.0,400.0,4000.0,4000.0,1,1,2,1
2024,RR,03077,BONFIM,2,1,1000.0,500.0,8000.0,4000.0,2,2,2,1
2024,RR,03085,RORAINÓPOLIS,1,1,600.0,600.0,6000.0,6000.0,1,1,2,1
2024,RR,03093,MUCAJAÍ,1,1,400.0,400.0,4000.0,4000.0,1,1,2,1
2024,RR,03107,UIRAMUTÃ,1,1,300.0,300.0,7000.0,7000.0,1,1,3,1
2024,RR,03115,NORMANDIA,1,1,300.0,300.0,4000.0,4000.0,1,1,2,1
2024,RR,03123,PACARAIMA,1,1,300.0,300.0,4000.0,4000.0,1,1,3,1
2024,RR,03131,SÃO JOÃO DA BALIZA,1,1,300.0,300.0,3000.0,3000.0,1,1,3,1
2024,RR,03158,SÃO LUIZ,1,1,300.0,300.0,3000.0,3000.0,1,1,4,1
2024,RS,84816,NOVA HARTZ,1,1,400.0,400.0,10000.0,10000.0,0,1,8,1
2024,RS,84859,SÃO JOÃO DA URTIGA,1,1,350.0,350.0,4000.0,4000.0,1,0,35,1
2024,RS,85073,ALEGRETE,1,1,400.0,400.0,15000.0,15000.0,0,1,5,1
2024,RS,85090,ALPESTRE,1,1,400.0,400.0,20000.0,20000.0,0,1,5,1
2024,RS,85111,ALVORADA,2,2,1025.0,512.5,19000.0,9500.0,1,2,17,1
2024,RS,85162,TERRA DE AREIA,1,1,450.0,450.0,3500.0,3500.0,0,1,3,1
2024,RS,85197,ARROIO DO MEIO,3,2,950.0,316.6666666666667,38000.0,12666.666666666666,0,2,47,1
2024,RS,85251,ARROIO GRANDE,1,1,400.0,400.0,12500.0,12500.0,0,1,30,1
2024,RS,85260,LAGOÃO,1,1,500.0,500.0,7632.0,7632.0,0,1,11,1
2024,RS,85278,ARVOREZINHA,2,2,719.0,359.5,23000.0,11500.0,0,2,7,1
2024,RS,85316,BAGÉ,2,2,1000.0,500.0,22000.0,11000.0,0,2,8,1
2024,RS,85413,BENTO GONÇALVES,1,1,625.0,625.0,15000.0,15000.0,0,1,7,1
2024,RS,85472,BOM RETIRO DO SUL,1,1,370.0,370.0,14000.0,14000.0,0,1,12,1
2024,RS,85502,GLORINHA,1,1,400.0,400.0,7000.0,7000.0,0,1,18,1
2024,RS,85553,CAÇAPAVA DO SUL,2,2,800.0,400.0,30000.0,15000.0,0,2,13,1
2024,RS,85596,CACHOEIRA DO SUL,6,2,2328.0,388.0,18950.0,3158.3333333333335,0,1,187,1
2024,RS,85618,CACHOEIRINHA,3,3,1804.0,601.3333333333334,56478.0,18826.0,3,2,11,1
2024,RS,85677,CAIÇARA,1,1,300.0,300.0,15500.0,15500.0,0,1,2,1
2024,RS,85685,IMBÉ,2,2,806.0,403.0,23000.0,11500.0,0,2,17,1
2024,RS,85693,CAMAQUÃ,1,1,500.0,500.0,10000.0,10000.0,0,1,17,1
2024,RS,85758,CAMPINAS DO SUL,1,1,400.0,400.0,2500.0,2500.0,1,0,196,1
2024,RS,85774,CAMPO BOM,2,2,800.0,400.0,31000.0,15500.0,0,2,16,1
2024,RS,85855,CANELA,2,1,700.0,350.0,28000.0,14000.0,0,2,19,1
2024,RS,85898,CANOAS,12,6,9035.0,752.9166666666666,371157.0,30929.75,2,7,49,1
2024,RS,85910,CARAZINHO,4,3,1832.0,458.0,74000.0,18500.0,0,4,25,1
2024,RS,85995,CAXIAS DO SUL,4,3,2920.0,730.0,117314.0,29328.5,4,3,15,1
2024,RS,86142,TRÊS PALMEIRAS,2,2,704.0,352.0,18000.0,9000.0,0,2,5,1
2024,RS,86240,ELDORADO DO SUL,1,1,600.0,600.0,8500.0,8500.0,0,1,14,1
2024,RS,86258,DOIS IRMÃOS,1,1,411.0,411.0,5000.0,5000.0,0,1,12,1
2024,RS,86274,DOM FELICIANO,1,1,400.0,400.0,9000.0,9000.0,0,1,10,1
2024,RS,86304,AMETISTA DO SUL,1,1,362.0,362.0,5000.0,5000.0,0,1,9,1
2024,RS,86339,ENCANTADO,2,1,600.0,300.0,28000.0,14000.0,0,1,33,1
2024,RS,86371,ERECHIM,1,1,600.0,600.0,18000.0,18000.0,0,1,15,1
2024,RS,86479,ESPUMOSO,1,1,400.0,400.0,8000.0,8000.0,0,1,26,1
2024,RS,86495,ESTÂNCIA VELHA,1,1,300.0,300.0,12000.0,12000.0,0,1,6,1
2024,RS,86517,ESTEIO,2,1,800.0,400.0,38000.0,19000.0,0,2,12,1
2024,RS,86533,ESTRELA,6,4,2404.0,400.6666666666667,78000.0,13000.0,0,6,29,1
2024,RS,86550,FARROUPILHA,3,3,1429.0,476.3333333333333,28000.0,9333.333333333334,0,2,32,1
2024,RS,86690,GARIBALDI,2,2,779.0,389.5,35000.0,17500.0,0,2,8,1
2024,RS,86789,GRAMADO XAVIER,1,1,800.0,800.0,16000.0,16000.0,0,1,7,1
2024,RS,86797,GIRUÁ,1,1,400.0,400.0,10000.0,10000.0,0,1,3,1
2024,RS,86819,GRAMADO,1,1,600.0,600.0,6500.0,6500.0,0,1,11,1
2024,RS,86835,GRAVATAÍ,3,2,1800.0,600.0,60500.0,20166.666666666668,1,2,38,1
2024,RS,86878,GUAPORÉ,1,1,400.0,400.0,10000.0,10000.0,0,1,10,1
2024,RS,86967,MAQUINÉ,1,1,350.0,350.0,3000.0,3000.0,1,1,12,1
2024,RS,86983,MARATÁ,2,2,400.0,200.0,17000.0,8500.0,0,2,14,1
2024,RS,87017,IBIRUBÁ,1,1,376.0,376.0,8000.0,8000.0,0,1,6,1
2024,RS,87033,IGREJINHA,2,2,720.0,360.0,25000.0,12500.0,0,2,14,1
2024,RS,87149,MORRO REUTER,1,1,400.0,400.0,15000.0,15000.0,0,1,13,1
2024,RS,87173,IVOTI,1,1,360.0,360.0,6000.0,6000.0,0,1,8,1
2024,RS,87211,JAGUARÃO,1,1,600.0,600.0,9500.0,9500.0,0,1,7,1
2024,RS,87238,JAGUARI,2,2,520.0,260.0,33000.0,16500.0,0,2,8,1
2024,RS,87297,LAJEADO,3,1,1200.0,400.0,42000.0,14000.0,0,2,53,1
2024,RS,87343,PASSO DO SOBRADO,2,1,827.0,413.5,24000.0,12000.0,0,1,58,1
2024,RS,87351,MACHADINHO,1,1,357.0,357.0,5800.0,5800.0,0,1,6,1
2024,RS,87513,MOSTARDAS,1,1,2600.0,2600.0,20000.0,20000.0,0,1,6,1
2024,RS,87556,NÃO-ME-TOQUE,1,1,374.0,374.0,8000.0,8000.0,0,1,5,1
2024,RS,87670,NOVA PETRÓPOLIS,2,2,1000.0,500.0,21000.0,10500.0,0,2,13,1
2024,RS,87718,NOVO HAMBURGO,6,3,3500.0,583.3333333333334,150500.0,25083.333333333332,1,6,24,1
2024,RS,87726,SÃO JOSÉ DOS AUSENTES,1,1,250.0,250.0,10700.0,10700.0,0,1,18,1
2024,RS,87777,PALMEIRA DAS MISSÕES,2,2,865.0,432.5,28000.0,14000.0,0,2,4,1
2024,RS,87815,PANAMBI,3,3,1351.0,450.3333333333333,50600.0,16866.666666666668,0,3,9,1
2024,RS,87882,SENTINELA DO SUL,1,1,300.0,300.0,12000.0,12000.0,0,1,16,1
2024,RS,87912,PELOTAS,9,4,7455.0,828.3333333333334,187971.0,20885.666666666668,3,4,13,1
2024,RS,87947,SINIMBU,1,1,300.0,300.0,13000.0,13000.0,0,1,6,1
2024,RS,88013,PORTO ALEGRE,41,11,44496.0,1085.2682926829268,1698438.4,41425.32682926829,29,16,190,1
2024,RS,88099,QUARAÍ,3,2,1250.0,416.6666666666667,28000.0,9333.333333333334,2,3,11,1
2024,RS,88196,ROCA SALES,1,1,392.0,392.0,11000.0,11000.0,0,1,27,1
2024,RS,88331,SALVADOR DO SUL,1,1,220.0,220.0,15000.0,15000.0,0,1,17,1
2024,RS,88374,SANTA BÁRBARA DO SUL,2,1,701.0,350.5,24300.0,12150.0,0,2,26,1
2024,RS,88390,SANTA CRUZ DO SUL,3,2,1804.0,601.3333333333334,51978.0,17326.0,1,3,24,1
2024,RS,88412,SANTA MARIA,6,4,3920.0,653.3333333333334,179314.0,29885.666666666668,5,4,8,1
2024,RS,88455,SANTANA DO LIVRAMENTO,1,1,500.0,500.0,20000.0,20000.0,0,1,4,1
2024,RS,88471,SANTA ROSA,1,1,300.0,300.0,30000.0,30000.0,0,1,16,1
2024,RS,88510,SANTIAGO,1,1,400.0,400.0,12000.0,12000.0,0,1,11,1
2024,RS,88528,CRISTAL DO SUL,3,2,776.0,258.6666666666667,34000.0,11333.333333333334,0,1,48,1
2024,RS,88536,SANTO ÂNGELO,3,3,1555.0,518.3333333333334,50000.0,16666.666666666668,0,3,19,1
2024,RS,88633,SÃO BORJA,2,2,800.0,400.0,56000.0,28000.0,0,2,8,1
2024,RS,88668,VALE VERDE,1,1,316.0,316.0,12000.0,12000.0,0,1,25,1
2024,RS,88676,SÃO FRANCISCO DE PAULA,1,1,400.0,400.0,15000.0,15000.0,0,1,15,1
2024,RS,88692,SÃO GABRIEL,2,2,1125.0,562.5,27000.0,13500.0,0,2,7,1
2024,RS,88730,SÃO JOSÉ DO NORTE,1,1,350.0,350.0,25000.0,25000.0,0,1,4,1
2024,RS,88773,SÃO LEOPOLDO,4,3,1825.0,456.25,99000.0,24750.0,0,3,31,1
2024,RS,88790,SÃO LOURENÇO DO SUL,1,1,625.0,625.0,7500.0,7500.0,0,1,9,1
2024,RS,88811,SÃO LUIZ GONZAGA,1,1,350.0,350.0,8000.0,8000.0,0,1,8,1
2024,RS,88838,SÃO MARCOS,2,1,700.0,350.0,38000.0,19000.0,0,2,13,1
2024,RS,88935,SÃO SEBASTIÃO DO CAÍ,1,1,400.0,400.0,12000.0,12000.0,0,1,5,1
2024,RS,88994,SAPIRANGA,2,2,950.0,475.0,22000.0,11000.0,0,2,19,1
2024,RS,89010,SAPUCAIA DO SUL,1,1,604.0,604.0,23978.0,23978.0,1,1,6,1
2024,RS,89036,SARANDI,2,2,776.0,388.0,20000.0,10000.0,0,2,4,1
2024,RS,89117,SERTÃO,1,1,500.0,500.0,2500.0,2500.0,1,0,136,1
2024,RS,89273,TAQUARA,2,2,700.0,350.0,30000.0,15000.0,0,2,22,1
2024,RS,89290,TAQUARI,1,1,300.0,300.0,14000.0,14000.0,0,1,12,1
2024,RS,89311,TENENTE PORTELA,1,1,370.0,370.0,12000.0,12000.0,0,1,6,1
2024,RS,89370,TRÊS COROAS,2,2,750.0,375.0,23000.0,11500.0,0,2,14,1
2024,RS,89435,TRIUNFO,3,2,1450.0,483.3333333333333,54908.0,18302.666666666668,0,3,14,1
2024,RS,89516,URUGUAIANA,1,1,600.0,600.0,7000.0,7000.0,1,1,5,1
2024,RS,89532,VACARIA,7,2,5750.0,821.4285714285714,56000.0,8000.0,3,4,193,1
2024,RS,89559,VENÂNCIO AIRES,3,1,1200.0,400.0,30000.0,10000.0,0,2,39,1
2024,RS,89656,VICENTE DUTRA,1,1,250.0,250.0,13000.0,13000.0,0,1,11,1
2024,RS,98213,TEUTÔNIA,4,3,1579.0,394.75,56500.0,14125.0,0,3,40,1
2024,RS,98256,PAROBÉ,2,2,700.0,350.0,43000.0,21500.0,0,2,7,1
2024,SC,80012,ABELARDO LUZ,2,2,780.0,390.0,38000.0,19000.0,0,2,10,1
2024,SC,80020,IPORÃ DO OESTE,1,1,270.0,270.0,22500.0,22500.0,0,1,11,1
2024,SC,80039,AGROLÂNDIA,1,1,257.0,257.0,6000.0,6000.0,1,1,7,1
2024,SC,80071,ÁGUA DOCE,1,1,255.0,255.0,12000.0,12000.0,0,1,6,1
2024,SC,80098,ÁGUAS DE CHAPECÓ,1,1,356.0,356.0,12000.0,12000.0,0,1,14,1
2024,SC,80110,ÁGUAS MORNAS,2,2,950.0,475.0,19500.0,9750.0,0,2,10,1
2024,SC,80128,VITOR MEIRELES,1,1,354.0,354.0,10900.0,10900.0,0,1,6,1
2024,SC,80144,UNIÃO DO OESTE,1,1,250.0,250.0,14500.0,14500.0,0,1,7,1
2024,SC,80233,ANTÔNIO CARLOS,4,3,1764.0,441.0,28500.0,7125.0,0,4,18,1
2024,SC,80241,SANTA ROSA DO SUL,4,3,1348.0,337.0,44000.0,11000.0,0,4,14,1
2024,SC,80250,ARAQUARI,2,2,1187.0,593.5,22000.0,11000.0,0,1,32,1
2024,SC,80276,ARARANGUÁ,2,1,900.0,450.0,13000.0,6500.0,0,2,17,1
2024,SC,80306,COCAL DO SUL,1,1,420.0,420.0,5000.0,5000.0,1,1,9,1
2024,SC,80349,SANTA TEREZINHA,4,2,1224.0,306.0,55800.0,13950.0,0,3,31,1
2024,SC,80373,AURORA,1,1,220.0,220.0,15500.0,15500.0,0,1,3,1
2024,SC,80390,BALNEÁRIO CAMBORIÚ,13,6,7315.0,562.6923076923077,249278.0,19175.23076923077,1,11,31,1
2024,SC,80411,BARRA VELHA,2,2,700.0,350.0,18500.0,9250.0,0,2,9,1
2024,SC,80454,BIGUAÇU,2,1,1000.0,500.0,10000.0,5000.0,0,1,36,1
2024,SC,80470,BLUMENAU,9,3,4800.0,533.3333333333334,140500.0,15611.111111111111,6,5,177,1
2024,SC,80527,GUATAMBÚ,2,2,618.0,309.0,22500.0,11250.0,0,2,14,1
2024,SC,80535,BRAÇO DO NORTE,2,2,728.0,364.0,37000.0,18500.0,0,2,10,1
2024,SC,80551,BRUSQUE,7,3,3428.0,489.7142857142857,112000.0,16000.0,0,4,143,1
2024,SC,80560,RIQUEZA,2,2,521.0,260.5,29000.0,14500.0,0,2,11,1
2024,SC,80578,CAÇADOR,2,2,976.0,488.0,28000.0,14000.0,0,2,4,1
2024,SC,80594,CAIBI,1,1,254.0,254.0,12500.0,12500.0,0,1,11,1
2024,SC,80616,CAMBORIÚ,2,2,1006.0,503.0,36000.0,18000.0,0,2,21,1
2024,SC,80624,PASSOS MAIA,1,1,346.0,346.0,10000.0,10000.0,0,1,10,1
2024,SC,80667,CALMON,1,1,247.0,247.0,7000.0,7000.0,0,1,6,1
2024,SC,80675,CAMPO ERÊ,2,2,732.0,366.0,16000.0,8000.0,0,2,11,1
2024,SC,80683,BALNEÁRIO BARRA DO SUL,1,1,400.0,400.0,8000.0,8000.0,0,0,32,1
2024,SC,80691,CAMPOS NOVOS,3,2,1554.0,518.0,30000.0,10000.0,0,3,20,1
2024,SC,80713,CANELINHA,1,1,307.0,307.0,5000.0,5000.0,0,1,25,1
2024,SC,80721,SANTA HELENA,1,1,250.0,250.0,5000.0,5000.0,0,1,10,1
2024,SC,80730,CANOINHAS,4,2,2372.0,593.0,36000.0,9000.0,2,4,22,1
2024,SC,80772,CATANDUVAS,1,1,350.0,350.0,14000.0,14000.0,0,1,3,1
2024,SC,80799,CAXAMBU DO SUL,1,1,252.0,252.0,15000.0,15000.0,0,1,11,1
2024,SC,80810,CHAPECÓ,1,1,504.0,504.0,22000.0,22000.0,0,1,11,1
2024,SC,80837,CONCÓRDIA,3,2,1200.0,400.0,48650.0,16216.666666666666,0,3,11,1
2024,SC,80845,OURO VERDE,2,2,474.0,237.0,16500.0,8250.0,0,2,6,1
2024,SC,80853,CORONEL FREITAS,1,1,400.0,400.0,15000.0,15000.0,0,1,7,1
2024,SC,80896,CRICIÚMA,8,3,4969.0,621.125,75000.0,9375.0,0,6,56,1
2024,SC,80918,CUNHA PORÃ,1,1,369.0,369.0,12000.0,12000.0,0,1,6,1
2024,SC,80926,PONTE ALTA DO NORTE,3,3,1181.0,393.6666666666667,25000.0,8333.333333333334,0,3,6,1
2024,SC,80934,CURITIBANOS,3,2,1400.0,466.6666666666667,46500.0,15500.0,0,3,9,1
2024,SC,80977,DIONÍSIO CERQUEIRA,1,1,373.0,373.0,22000.0,22000.0,0,1,9,1
2024,SC,80985,BOMBINHAS,2,2,729.0,364.5,30270.0,15135.0,0,2,8,1
2024,SC,81019,ERVAL VELHO,1,1,520.0,520.0,10000.0,10000.0,0,1,3,1
2024,SC,81027,CAPIVARI DE BAIXO,2,2,1205.0,602.5,19000.0,9500.0,0,2,13,1
2024,SC,81043,CORDILHEIRA ALTA,3,3,883.0,294.3333333333333,43000.0,14333.333333333334,0,3,16,1
2024,SC,81051,FLORIANÓPOLIS,15,5,12526.0,835.0666666666667,522597.4,34839.82666666667,12,8,167,1
2024,SC,81060,FORQUILHINHA,2,1,840.0,420.0,12500.0,6250.0,0,1,186,1
2024,SC,81116,GOVERNADOR CELSO RAMOS,1,1,470.0,470.0,5000.0,5000.0,0,0,35,1
2024,SC,81159,GARUVA,1,1,308.0,308.0,14000.0,14000.0,0,0,31,1
2024,SC,81167,ERMO,1,1,250.0,250.0,5000.0,5000.0,0,1,11,1
2024,SC,81175,GASPAR,5,3,2998.0,599.6,72653.33,14530.666000000001,0,3,71,1
2024,SC,81183,SÃO PEDRO DE ALCÂNTARA,1,1,300.0,300.0,10000.0,10000.0,0,1,6,1
2024,SC,81230,GUABIRUBA,1,1,380.0,380.0,10000.0,10000.0,0,1,6,1
2024,SC,81256,GUARACIABA,5,3,2028.0,405.6,73000.0,14600.0,0,5,25,1
2024,SC,81272,GUARAMIRIM,1,1,380.0,380.0,15000.0,15000.0,0,1,11,1
2024,SC,81299,GUARUJÁ DO SUL,4,4,1158.0,289.5,54500.0,13625.0,0,4,18,1
2024,SC,81310,HERVAL D'OESTE,3,2,1560.0,520.0,37000.0,12333.333333333334,0,3,23,1
2024,SC,81370,IÇARA,1,1,442.0,442.0,6000.0,6000.0,0,0,186,1
2024,SC,81400,IBIAM,2,2,698.0,349.0,18500.0,9250.0,0,2,4,1
2024,SC,81442,PAIAL,1,1,236.0,236.0,12000.0,12000.0,0,1,7,1
2024,SC,81450,IMBUIA,1,1,250.0,250.0,15500.0,15500.0,0,1,5,1
2024,SC,81477,INDAIAL,1,1,320.0,320.0,14800.0,14800.0,0,0,81,1
2024,SC,81493,IPIRA,3,2,883.0,294.3333333333333,45000.0,15000.0,0,3,13,1
2024,SC,81590,ITAIÓPOLIS,1,1,580.0,580.0,8500.0,8500.0,0,1,4,1
2024,SC,81604,FLOR DO SERTÃO,1,1,315.0,315.0,6000.0,6000.0,0,1,9,1
2024,SC,81612,ITAJAÍ,8,6,4900.0,612.5,127000.0,15875.0,0,6,50,1
2024,SC,81620,CUNHATAÍ,2,2,553.0,276.5,22000.0,11000.0,0,2,11,1
2024,SC,81639,ITAPEMA,11,4,6194.0,563.0909090909091,111000.0,10090.90909090909,0,7,179,1
2024,SC,81647,PRINCESA,1,1,250.0,250.0,6500.0,6500.0,0,1,9,1
2024,SC,81663,ITAPOÁ,3,2,1000.0,333.3333333333333,21000.0,7000.0,0,3,17,1
2024,SC,81671,ITUPORANGA,2,2,1000.0,500.0,25000.0,12500.0,0,2,7,1
2024,SC,81698,JABORÁ,1,1,250.0,250.0,14000.0,14000.0,0,1,5,1
2024,SC,81728,BALNEÁRIO ARROIO DO SILVA,1,1,300.0,300.0,5000.0,5000.0,0,1,14,1
2024,SC,81752,JARAGUÁ DO SUL,3,2,1712.0,570.6666666666666,81491.6,27163.86666666667,0,1,49,1
2024,SC,81779,JOAÇABA,1,1,378.0,378.0,20000.0,20000.0,0,1,2,1
2024,SC,81787,BRUNÓPOLIS,1,1,340.0,340.0,10000.0,10000.0,0,1,7,1
2024,SC,81795,JOINVILLE,11,5,6626.0,602.3636363636364,226157.0,20559.727272727272,7,7,193,1
2024,SC,81809,LUZERNA,1,1,356.0,356.0,16000.0,16000.0,0,1,7,1
2024,SC,81833,LAGES,3,3,1605.0,535.0,70500.0,23500.0,1,3,11,1
2024,SC,81850,LAGUNA,1,1,591.0,591.0,12000.0,12000.0,0,1,21,1
2024,SC,81876,LAURENTINO,2,2,527.0,263.5,25500.0,12750.0,0,2,7,1
2024,SC,81892,LAURO MÜLLER,6,4,2238.0,373.0,61500.0,10250.0,0,6,12,1
2024,SC,81957,LONTRAS,2,2,865.0,432.5,29000.0,14500.0,0,2,7,1
2024,SC,82058,MARAVILHA,2,1,982.0,491.0,44000.0,22000.0,1,2,10,1
2024,SC,82074,MASSARANDUBA,2,2,702.0,351.0,14000.0,7000.0,0,2,23,1
2024,SC,82090,MATOS COSTA,1,1,241.0,241.0,7000.0,7000.0,0,1,9,1
2024,SC,82155,MONDAÍ,1,1,366.0,366.0,8000.0,8000.0,0,1,10,1
2024,SC,82171,MONTE CASTELO,1,1,462.0,462.0,14827.0,14827.0,0,1,3,1
2024,SC,82210,NAVEGANTES,1,1,594.0,594.0,15000.0,15000.0,0,1,16,1
2024,SC,82279,NOVA VENEZA,1,1,373.0,373.0,15000.0,15000.0,0,1,6,1
2024,SC,82333,PALHOÇA,3,3,1387.0,462.3333333333333,61000.0,20333.333333333332,0,3,29,1
2024,SC,82376,PALMITOS,2,2,810.0,405.0,27500.0,13750.0,0,2,6,1
2024,SC,82457,PENHA,5,3,2144.0,428.8,53000.0,10600.0,0,5,10,1
2024,SC,82511,BALNEÁRIO PIÇARRAS,1,1,400.0,400.0,9500.0,9500.0,0,1,9,1
2024,SC,82538,PINHALZINHO,1,1,400.0,400.0,15500.0,15500.0,0,1,3,1
2024,SC,82554,PINHEIRO PRETO,1,1,340.0,340.0,10000.0,10000.0,0,1,9,1
2024,SC,82570,PIRATUBA,2,2,709.0,354.5,30000.0,15000.0,0,2,8,1
2024,SC,82716,PRAIA GRANDE,2,2,753.0,376.5,13000.0,6500.0,0,2,9,1
2024,SC,82759,PRESIDENTE GETÚLIO,2,2,673.0,336.5,25500.0,12750.0,0,2,9,1
2024,SC,82791,QUILOMBO,2,1,1120.0,560.0,20000.0,10000.0,0,2,12,1
2024,SC,82830,RIO DAS ANTAS,2,2,795.0,397.5,19500.0,9750.0,0,2,12,1
2024,SC,82856,RIO DO CAMPO,1,1,509.0,509.0,14627.0,14627.0,0,1,15,1
2024,SC,82872,RIO DO OESTE,2,2,500.0,250.0,21500.0,10750.0,1,2,12,1
2024,SC,82910,RIO DO SUL,7,4,4581.0,654.4285714285714,114000.0,16285.714285714286,2,7,24,1
2024,SC,82970,RODEIO,1,1,369.0,369.0,10000.0,10000.0,1,1,9,1
2024,SC,82996,ROMELÂNDIA,1,1,400.0,400.0,15500.0,15500.0,0,1,11,1
2024,SC,83054,SANTA CECÍLIA,2,2,873.0,436.5,20000.0,10000.0,0,2,6,1
2024,SC,83097,SANTO AMARO DA IMPERATRIZ,2,2,850.0,425.0,32000.0,16000.0,0,2,9,1
2024,SC,83119,SÃO BENTO DO SUL,1,1,450.0,450.0,13000.0,13000.0,0,1,18,1
2024,SC,83135,SÃO BONIFÁCIO,1,1,300.0,300.0,15000.0,15000.0,0,1,5,1
2024,SC,83151,SÃO CARLOS,2,1,903.0,451.5,9500.0,4750.0,0,1,34,1
2024,SC,83178,SÃO DOMINGOS,2,1,700.0,350.0,24000.0,12000.0,0,1,37,1
2024,SC,83194,SÃO FRANCISCO DO SUL,3,2,1800.0,600.0,36000.0,12000.0,1,3,21,1
2024,SC,83216,SÃO JOÃO BATISTA,5,5,2287.0,457.4,74600.0,14920.0,0,5,24,1
2024,SC,83232,SÃO JOÃO DO SUL,1,1,250.0,250.0,5000.0,5000.0,0,1,10,1
2024,SC,83275,SÃO JOSÉ,9,5,4700.0,522.2222222222222,115000.0,12777.777777777777,7,5,167,1
2024,SC,83330,SÃO LOURENÇO DO OESTE,3,3,1288.0,429.3333333333333,40300.0,13433.333333333334,0,3,11,1
2024,SC,83399,SÃO MIGUEL DO OESTE,2,2,890.0,445.0,27500.0,13750.0,0,2,15,1
2024,SC,83410,SAUDADES,2,2,708.0,354.0,29500.0,14750.0,0,2,9,1
2024,SC,83437,SCHROEDER,1,1,350.0,350.0,8000.0,8000.0,1,1,6,1
2024,SC,83470,SIDERÓPOLIS,1,1,373.0,373.0,15000.0,15000.0,0,1,3,1
2024,SC,83534,TANGARÁ,1,1,257.0,257.0,18000.0,18000.0,0,1,6,1
2024,SC,83550,TIJUCAS,4,4,1840.0,460.0,55800.0,13950.0,0,4,11,1
2024,SC,83577,TIMBÓ,4,3,1927.0,481.75,55300.0,13825.0,0,4,11,1
2024,SC,83631,TREZE TÍLIAS,3,2,1018.0,339.3333333333333,42000.0,14000.0,0,3,23,1
2024,SC,83658,TROMBUDO CENTRAL,1,1,542.0,542.0,13500.0,13500.0,0,1,5,1
2024,SC,83674,TUBARÃO,1,1,406.0,406.0,19000.0,19000.0,0,1,15,1
2024,SC,83690,TURVO,4,3,1410.0,352.5,30000.0,7500.0,1,3,42,1
2024,SC,83739,URUSSANGA,7,4,3893.0,556.1428571428571,81500.0,11642.857142857143,0,7,18,1
2024,SC,83798,VIDEIRA,1,1,450.0,450.0,9500.0,9500.0,0,1,4,1
2024,SC,83836,XANXERÊ,2,1,981.0,490.5,20000.0,10000.0,0,2,21,1
2024,SC,83879,XAXIM,1,1,378.0,378.0,22000.0,22000.0,0,1,9,1
2024,SC,83917,MARACAJÁ,3,3,973.0,324.3333333333333,22000.0,7333.333333333333,1,2,251,1
2024,SC,83950,CORREIA PINTO,4,3,1469.0,367.25,50000.0,12500.0,0,4,13,1
2024,SC,83976,OTACÍLIO COSTA,2,1,746.0,373.0,20000.0,10000.0,0,2,26,1
2024,SE,31003,SANTANA DO SÃO FRANCISCO,1,1,380.0,380.0,10000.0,10000.0,0,1,22,1
2024,SE,31011,AMPARO DE SÃO FRANCISCO,1,1,353.0,353.0,4000.0,4000.0,0,1,17,1
2024,SE,31038,AQUIDABÃ,10,5,5643.0,564.3,51000.0,5100.0,3,6,240,1
2024,SE,31054,ARACAJU,77,20,68568.0,890.4935064935065,1638708.4,21281.927272727273,17,36,232,1
2024,SE,31070,ARAUÁ,2,2,688.0,344.0,7800.0,3900.0,0,0,218,1
2024,SE,31097,AREIA BRANCA,10,5,4914.0,491.4,43500.0,4350.0,1,5,152,1
2024,SE,31119,BARRA DOS COQUEIROS,28,13,14319.0,511.39285714285717,220500.0,7875.0,4,13,239,1
2024,SE,31135,BREJO GRANDE,4,3,1950.0,487.5,22500.0,5625.0,0,4,29,1
2024,SE,31151,BOQUIM,14,6,8169.0,583.5,93850.0,6703.571428571428,0,10,66,1
2024,SE,31194,CAMPO DO BRITO,2,1,1560.0,780.0,6000.0,3000.0,0,2,20,1
2024,SE,31216,CANHOBA,2,1,960.0,480.0,6000.0,3000.0,0,1,212,1
2024,SE,31232,CANINDÉ DE SÃO FRANCISCO,7,5,3520.0,502.85714285714283,37500.0,5357.142857142857,1,3,98,1
2024,SE,31259,CAPELA,14,9,8464.0,604.5714285714286,99000.0,7071.428571428572,1,10,124,1
2024,SE,31291,CARMÓPOLIS,6,4,2693.0,448.8333333333333,24300.0,4050.0,2,2,103,1
2024,SE,31313,CEDRO DE SÃO JOÃO,1,1,600.0,600.0,3000.0,3000.0,0,1,9,1
2024,SE,31330,CRISTINÁPOLIS,6,5,3110.0,518.3333333333334,48000.0,8000.0,1,3,171,1
2024,SE,31356,NOSSA SENHORA APARECIDA,1,1,624.0,624.0,3000.0,3000.0,0,1,14,1
2024,SE,31372,CUMBE,3,2,1133.0,377.6666666666667,13500.0,4500.0,0,3,16,1
2024,SE,31399,DIVINA PASTORA,1,1,529.0,529.0,8000.0,8000.0,0,1,3,1
2024,SE,31410,ESTÂNCIA,12,6,7053.0,587.75,74600.0,6216.666666666667,0,8,80,1
2024,SE,31437,FEIRA NOVA,1,1,548.0,548.0,3000.0,3000.0,0,0,66,1
2024,SE,31453,FREI PAULO,3,2,1369.0,456.3333333333333,20000.0,6666.666666666667,1,2,45,1
2024,SE,31470,GENERAL MAYNARD,3,3,1150.0,383.3333333333333,9000.0,3000.0,1,2,100,1
2024,SE,31496,GARARU,10,4,5636.0,563.6,39500.0,3950.0,1,3,192,1
2024,SE,31518,GRACCHO CARDOSO,1,1,576.0,576.0,3000.0,3000.0,0,0,31,1
2024,SE,31534,ILHA DAS FLORES,1,1,558.0,558.0,9000.0,9000.0,0,1,3,1
2024,SE,31550,INDIAROBA,1,1,456.0,456.0,5000.0,5000.0,0,1,9,1
2024,SE,31577,ITABAIANA,21,11,12839.0,611.3809523809524,162800.0,7752.380952380952,5,8,229,1
2024,SE,31593,ITABAIANINHA,7,5,3297.0,471.0,52500.0,7500.0,1,4,81,1
2024,SE,31615,ITABI,4,3,2075.0,518.75,27000.0,6750.0,1,1,142,1
2024,SE,31631,ITAPORANGA D'AJUDA,13,7,7093.0,545.6153846153846,97500.0,7500.0,3,6,199,1
2024,SE,31658,JAPARATUBA,8,4,3942.0,492.75,33500.0,4187.5,1,5,81,1
2024,SE,31674,JAPOATÃ,1,1,499.0,499.0,4300.0,4300.0,0,1,18,1
2024,SE,31690,LAGARTO,22,10,14072.0,639.6363636363636,250600.0,11390.90909090909,6,8,184,1
2024,SE,31712,LARANJEIRAS,7,4,3876.0,553.7142857142857,53000.0,7571.428571428572,0,4,197,1
2024,SE,31755,MALHADA DOS BOIS,2,2,1000.0,500.0,8000.0,4000.0,0,2,9,1
2024,SE,31771,MALHADOR,1,1,454.0,454.0,3000.0,3000.0,0,0,150,1
2024,SE,31798,MARUIM,4,3,1793.0,448.25,23000.0,5750.0,1,4,14,1
2024,SE,31810,MOITA BONITA,2,2,1450.0,725.0,13000.0,6500.0,0,2,29,1
2024,SE,31836,MONTE ALEGRE DE SERGIPE,15,5,7065.0,471.0,70500.0,4700.0,1,6,205,1
2024,SE,31852,MURIBECA,3,3,1338.0,446.0,20000.0,6666.666666666667,1,2,130,1
2024,SE,31879,NEÓPOLIS,4,2,1617.0,404.25,18500.0,4625.0,0,3,49,1
2024,SE,31895,NOSSA SENHORA DA GLÓRIA,1,1,700.0,700.0,4000.0,4000.0,0,0,44,1
2024,SE,31917,NOSSA SENHORA DAS DORES,3,2,1422.0,474.0,27000.0,9000.0,0,3,23,1
2024,SE,31933,NOSSA SENHORA DE LOURDES,5,4,2712.0,542.4,21000.0,4200.0,0,3,44,1
2024,SE,31950,NOSSA SENHORA DO SOCORRO,19,9,12167.0,640.3684210526316,148400.0,7810.526315789473,6,7,242,1
2024,SE,32018,PEDRINHAS,3,3,1238.0,412.6666666666667,12500.0,4166.666666666667,0,2,155,1
2024,SE,32050,PIRAMBU,4,2,1983.0,495.75,14000.0,3500.0,0,2,59,1
2024,SE,32077,POÇO REDONDO,13,9,6561.0,504.6923076923077,79200.0,6092.307692307692,2,9,155,1
2024,SE,32093,POÇO VERDE,6,4,3190.0,531.6666666666666,30500.0,5083.333333333333,0,4,46,1
2024,SE,32115,PORTO DA FOLHA,12,7,6419.0,534.9166666666666,80500.0,6708.333333333333,3,5,206,1
2024,SE,32131,PROPRIÁ,6,3,4217.0,702.8333333333334,29700.0,4950.0,1,4,142,1
2024,SE,32158,RIACHÃO DO DANTAS,11,8,5419.0,492.6363636363636,60500.0,5500.0,1,8,40,1
2024,SE,32174,RIACHUELO,4,2,2167.0,541.75,14500.0,3625.0,1,1,165,1
2024,SE,32190,RIBEIRÓPOLIS,4,2,3225.0,806.25,16500.0,4125.0,0,2,194,1
2024,SE,32212,ROSÁRIO DO CATETE,1,1,400.0,400.0,3500.0,3500.0,0,0,135,1
2024,SE,32239,SALGADO,3,2,1422.0,474.0,14500.0,4833.333333333333,0,1,65,1
2024,SE,32255,SANTA LUZIA DO ITANHY,2,2,808.0,404.0,9500.0,4750.0,0,1,135,1
2024,SE,32298,SANTA ROSA DE LIMA,4,3,1845.0,461.25,18000.0,4500.0,0,4,23,1
2024,SE,32336,SÃO CRISTÓVÃO,7,5,4226.0,603.7142857142857,57000.0,8142.857142857143,0,5,52,1
2024,SE,32352,SÃO DOMINGOS,2,2,1162.0,581.0,12000.0,6000.0,0,2,3,1
2024,SE,32379,SÃO FRANCISCO,1,1,272.0,272.0,3500.0,3500.0,0,1,5,1
2024,SE,32417,SIMÃO DIAS,5,5,2910.0,582.0,33400.0,6680.0,1,4,33,1
2024,SE,32433,SIRIRI,2,2,965.0,482.5,16000.0,8000.0,1,1,72,1
2024,SE,32450,TELHA,1,1,470.0,470.0,3000.0,3000.0,0,1,18,1
2024,SE,32492,TOMAR DO GERU,4,4,1604.0,401.0,25000.0,6250.0,0,2,31,1
2024,SE,32514,UMBAÚBA,6,4,3410.0,568.3333333333334,36500.0,6083.333333333333,1,2,212,1
2024,SP,61000,EUCLIDES DA CUNHA PAULISTA,1,1,400.0,400.0,7500.0,7500.0,0,1,11,1
2024,SP,61018,ADAMANTINA,8,4,3608.0,451.0,48000.0,6000.0,0,4,80,1
2024,SP,61026,BOREBI,1,1,280.0,280.0,10000.0,10000.0,1,0,168,1
2024,SP,61034,ADOLFO,2,1,361.0,180.5,2100.0,1050.0,0,0,110,1
2024,SP,61042,TARUMÃ,4,3,2120.0,530.0,32000.0,8000.0,0,2,49,1
2024,SP,61050,AGUAÍ,1,1,400.0,400.0,6000.0,6000.0,1,1,3,1
2024,SP,61077,ÁGUAS DA PRATA,1,1,300.0,300.0,6000.0,6000.0,0,1,5,1
2024,SP,61107,GUATAPARÁ,2,2,1350.0,675.0,9500.0,4750.0,2,1,9,1
2024,SP,61123,DIRCE REIS,5,3,1387.0,277.4,12900.0,2580.0,2,2,95,1
2024,SP,61140,ESPÍRITO SANTO DO TURVO,1,1,302.0,302.0,5000.0,5000.0,0,1,24,1
2024,SP,61166,ROSANA,1,1,374.0,374.0,7500.0,7500.0,0,1,4,1
2024,SP,61174,ALTAIR,3,2,797.0,265.6666666666667,3500.0,1166.6666666666667,1,2,100,1
2024,SP,61182,EMBAÚBA,2,1,413.0,206.5,1900.0,950.0,0,1,93,1
2024,SP,61204,ILHA SOLTEIRA,4,4,1280.0,320.0,20300.0,5075.0,1,2,154,1
2024,SP,61220,ALUMÍNIO,5,2,2000.0,400.0,40500.0,8100.0,0,2,153,1
2024,SP,61239,ÁLVARES FLORENCE,2,1,440.0,220.0,2100.0,1050.0,0,0,109,1
2024,SP,61247,PEDRINHAS PAULISTA,1,1,400.0,400.0,6000.0,6000.0,0,1,14,1
2024,SP,61263,ARAÇARIGUAMA,7,2,2955.0,422.14285714285717,74000.0,10571.42857142857,1,1,140,1
2024,SP,61280,BERTIOGA,9,4,7830.0,870.0,79149.06,8794.34,7,4,274,1
2024,SP,61301,SUZANÁPOLIS,3,2,763.0,254.33333333333334,3900.0,1300.0,1,2,90,1
2024,SP,61310,AMERICANA,10,5,4932.0,493.2,100000.0,10000.0,4,5,85,1
2024,SP,61336,AMÉRICO BRASILIENSE,2,2,1060.0,530.0,6000.0,3000.0,0,2,8,1
2024,SP,61352,AMÉRICO DE CAMPOS,2,1,420.0,210.0,2100.0,1050.0,0,0,107,1
2024,SP,61360,BARRA DO CHAPÉU,1,1,355.0,355.0,4000.0,4000.0,0,1,5,1
2024,SP,61379,AMPARO,8,4,3310.0,413.75,89000.0,11125.0,0,8,30,1
2024,SP,61409,NOVAIS,2,1,417.0,208.5,2000.0,1000.0,0,1,93,1
2024,SP,61417,ANDRADINA,1,1,381.0,381.0,8000.0,8000.0,1,1,5,1
2024,SP,61425,NOVA CANAÃ PAULISTA,4,2,819.0,204.75,7900.0,1975.0,2,2,88,1
2024,SP,61433,ANGATUBA,2,1,800.0,400.0,17000.0,8500.0,0,0,84,1
2024,SP,61468,UBARANA,1,1,223.0,223.0,1100.0,1100.0,0,0,40,1
2024,SP,61506,CAMPINA DO MONTE ALEGRE,2,2,700.0,350.0,9000.0,4500.0,1,2,6,1
2024,SP,61514,APARECIDA D'OESTE,2,1,415.0,207.5,1900.0,950.0,0,1,90,1
2024,SP,61522,ASPÁSIA,2,1,425.0,212.5,1800.0,900.0,0,0,97,1
2024,SP,61557,ARAÇATUBA,10,4,5959.0,595.9,165500.0,16550.0,1,8,54,1
2024,SP,61573,ARAÇOIABA DA SERRA,9,4,4410.0,490.0,58000.0,6444.444444444444,1,2,204,1
2024,SP,61590,ARAMINA,1,1,600.0,600.0,3500.0,3500.0,0,1,6,1
2024,SP,61638,ARARAQUARA,16,7,11614.0,725.875,308086.94,19255.43375,0,12,125,1
2024,SP,61654,ARARAS,8,5,3368.0,421.0,72000.0,9000.0,4,6,115,1
2024,SP,61662,ESTIVA GERBI,5,2,1724.0,344.8,38000.0,7600.0,3,2,147,1
2024,SP,61689,ENGENHEIRO COELHO,2,2,800.0,400.0,15000.0,7500.0,1,2,16,1
2024,SP,61719,AREIÓPOLIS,1,1,400.0,400.0,10000.0,10000.0,0,1,4,1
2024,SP,61727,HORTOLÂNDIA,18,5,9503.0,527.9444444444445,165500.0,9194.444444444445,10,8,205,1
2024,SP,61735,ARIRANHA,1,1,211.0,211.0,1050.0,1050.0,0,0,81,1
2024,SP,61751,ARTUR NOGUEIRA,7,6,2984.0,426.2857142857143,55000.0,7857.142857142857,4,7,13,1
2024,SP,61760,ELISIÁRIO,2,1,420.0,210.0,2000.0,1000.0,0,1,83,1
2024,SP,61778,ARUJÁ,1,1,400.0,400.0,10000.0,10000.0,0,1,13,1
2024,SP,61794,ASSIS,2,2,1200.0,600.0,19000.0,9500.0,0,2,7,1
2024,SP,61808,PONTALINDA,2,1,414.0,207.0,2000.0,1000.0,0,0,95,1
2024,SP,61816,ATIBAIA,8,5,3749.0,468.625,87500.0,10937.5,4,5,98,1
2024,SP,61824,PARISI,2,1,446.0,223.0,1900.0,950.0,0,0,111,1
2024,SP,61832,AURIFLAMA,1,1,256.0,256.0,1350.0,1350.0,0,1,16,1
2024,SP,61867,MARAPOAMA,2,1,416.0,208.0,2000.0,1000.0,0,1,83,1
2024,SP,61883,SÃO JOÃO DE IRACEMA,2,1,425.0,212.5,2100.0,1050.0,0,0,94,1
2024,SP,61891,AVARÉ,3,3,1182.0,394.0,26000.0,8666.666666666666,1,3,14,1
2024,SP,61913,BADY BASSITT,5,3,1763.0,352.6,20050.0,4010.0,1,3,115,1
2024,SP,61956,BÁLSAMO,3,2,833.0,277.6666666666667,9450.0,3150.0,0,1,102,1
2024,SP,61964,MESÓPOLIS,1,1,205.0,205.0,1000.0,1000.0,0,0,96,1
2024,SP,61972,BANANAL,1,1,384.0,384.0,3000.0,3000.0,0,1,12,1
2024,SP,61980,NOVA CAMPINA,3,2,900.0,300.0,18000.0,6000.0,1,3,11,1
2024,SP,62006,ILHA COMPRIDA,2,2,800.0,400.0,26000.0,13000.0,0,2,4,1
2024,SP,62057,BARRA BONITA,1,1,594.0,594.0,5000.0,5000.0,0,1,15,1
2024,SP,62090,BARRETOS,9,5,5058.0,562.0,110400.0,12266.666666666666,2,6,80,1
2024,SP,62111,BARRINHA,2,2,1153.0,576.5,5500.0,2750.0,2,2,9,1
2024,SP,62138,BARUERI,13,7,9312.0,716.3076923076923,185314.0,14254.923076923076,10,4,225,1
2024,SP,62197,BAURU,4,2,3230.0,807.5,108471.0,27117.75,3,4,22,1
2024,SP,62200,SANTA SALETE,2,1,412.0,206.0,1800.0,900.0,0,0,100,1
2024,SP,62219,BEBEDOURO,4,3,1842.0,460.5,23500.0,5875.0,2,2,45,1
2024,SP,62227,VITÓRIA BRASIL,1,1,215.0,215.0,950.0,950.0,0,0,101,1
2024,SP,62243,IPIGUÁ,3,2,727.0,242.33333333333334,8000.0,2666.6666666666665,0,1,102,1
2024,SP,62260,TAQUARAL,1,1,213.0,213.0,1000.0,1000.0,0,0,31,1
2024,SP,62316,BIRITIBA MIRIM,2,2,650.0,325.0,16000.0,8000.0,1,2,9,1
2024,SP,62383,OUROESTE,7,3,1905.0,272.14285714285717,30400.0,4342.857142857143,0,4,102,1
2024,SP,62510,BRAGANÇA PAULISTA,3,3,1452.0,484.0,29000.0,9666.666666666666,1,2,53,1
2024,SP,62570,BRODOWSKI,2,2,800.0,400.0,10000.0,5000.0,0,2,8,1
2024,SP,62618,BURI,1,1,375.0,375.0,4000.0,4000.0,0,1,12,1
2024,SP,62634,BURITAMA,3,2,1232.0,410.6666666666667,18000.0,6000.0,0,3,14,1
2024,SP,62650,BURITIZAL,1,1,354.0,354.0,6000.0,6000.0,0,1,20,1
2024,SP,62677,CABRÁLIA PAULISTA,1,1,400.0,400.0,4000.0,4000.0,1,1,8,1
2024,SP,62693,CABREÚVA,1,1,400.0,400.0,4000.0,4000.0,0,0,57,1
2024,SP,62715,CAÇAPAVA,6,2,2500.0,416.6666666666667,58500.0,9750.0,5,4,63,1
2024,SP,62812,CAIEIRAS,4,3,1849.0,462.25,28000.0,7000.0,1,1,94,1
2024,SP,62839,CAIUÁ,1,1,2500.0,2500.0,1.0,1.0,1,0,252,1
2024,SP,62855,CAJAMAR,3,3,1202.0,400.6666666666667,23000.0,7666.666666666667,1,3,26,1
2024,SP,62871,CAJOBI,6,4,1918.0,319.6666666666667,28200.0,4700.0,0,3,90,1
2024,SP,62910,CAMPINAS,17,9,14912.0,877.1764705882352,507884.0,29875.529411764706,6,11,155,1
2024,SP,62936,CAMPO LIMPO PAULISTA,5,5,2107.0,421.4,43000.0,8600.0,1,4,85,1
2024,SP,62952,CAMPOS DO JORDÃO,5,4,2613.0,522.6,42500.0,8500.0,5,3,191,1
2024,SP,63037,CÂNDIDO RODRIGUES,2,2,511.0,255.5,8500.0,4250.0,0,1,31,1
2024,SP,63053,CAPÃO BONITO,3,3,1300.0,433.3333333333333,26000.0,8666.666666666666,2,3,12,1
2024,SP,63070,CAPELA DO ALTO,2,2,779.0,389.5,11000.0,5500.0,1,2,5,1
2024,SP,63118,CARAGUATATUBA,18,6,8531.0,473.94444444444446,155500.0,8638.888888888889,10,13,106,1
2024,SP,63134,CARAPICUÍBA,8,4,5218.0,652.25,79000.0,9875.0,2,4,126,1
2024,SP,63150,CARDOSO,2,1,540.0,270.0,2800.0,1400.0,0,0,109,1
2024,SP,63177,CASA BRANCA,1,1,380.0,380.0,7000.0,7000.0,1,1,4,1
2024,SP,63215,CASTILHO,4,2,1722.0,430.5,35500.0,8875.0,3,4,28,1
2024,SP,63231,CATANDUVA,8,3,5660.0,707.5,88300.0,11037.5,0,4,102,1
2024,SP,63258,CATIGUÁ,3,2,855.0,285.0,7000.0,2333.3333333333335,1,2,90,1
2024,SP,63274,CEDRAL,2,1,469.0,234.5,2350.0,1175.0,0,0,100,1
2024,SP,63312,CERQUILHO,3,3,1079.0,359.6666666666667,18000.0,6000.0,2,2,68,1
2024,SP,63398,CLEMENTINA,1,1,375.0,375.0,12000.0,12000.0,0,1,2,1
2024,SP,63410,COLINA,2,2,718.0,359.0,3600.0,1800.0,1,1,33,1
2024,SP,63436,COLÔMBIA,3,2,1102.0,367.3333333333333,19000.0,6333.333333333333,1,0,78,1
2024,SP,63452,CONCHAL,2,1,600.0,300.0,13000.0,6500.0,2,1,60,1
2024,SP,63495,CORDEIRÓPOLIS,4,4,1619.0,404.75,23400.0,5850.0,0,4,22,1
2024,SP,63533,CORONEL MACEDO,2,1,500.0,250.0,17000.0,8500.0,0,1,110,1
2024,SP,63576,COSMÓPOLIS,2,1,800.0,400.0,8000.0,4000.0,0,2,29,1
2024,SP,63592,COSMORAMA,2,1,416.0,208.0,2300.0,1150.0,0,0,103,1
2024,SP,63614,COTIA,13,8,7408.0,569.8461538461538,232130.8,17856.215384615385,4,7,110,1
2024,SP,63630,CRAVINHOS,2,1,871.0,435.5,14000.0,7000.0,2,1,210,1
2024,SP,63657,CRISTAIS PAULISTA,4,2,1450.0,362.5,23000.0,5750.0,0,2,43,1
2024,SP,63690,CRUZEIRO,6,2,2293.0,382.1666666666667,35000.0,5833.333333333333,0,5,40,1
2024,SP,63711,CUBATÃO,24,9,16608.0,692.0,213238.3,8884.929166666667,16,13,274,1
2024,SP,63738,CUNHA,3,2,1112.0,370.6666666666667,28000.0,9333.333333333334,0,2,41,1
2024,SP,63754,DESCALVADO,1,1,400.0,400.0,10000.0,10000.0,0,1,6,1
2024,SP,63770,DIADEMA,17,6,12250.0,720.5882352941177,230314.0,13547.882352941177,3,6,152,1
2024,SP,63819,DOBRADA,1,1,300.0,300.0,3500.0,3500.0,0,1,8,1
2024,SP,63851,DOLCINÓPOLIS,2,1,416.0,208.0,1900.0,950.0,0,1,96,1
2024,SP,63878,DOURADO,2,1,1073.0,536.5,7600.0,3800.0,1,1,190,1
2024,SP,63894,DRACENA,2,2,760.0,380.0,7800.0,3900.0,2,2,28,1
2024,SP,63916,DUARTINA,1,1,500.0,500.0,4000.0,4000.0,1,1,8,1
2024,SP,63932,DUMONT,1,1,344.0,344.0,4000.0,4000.0,0,1,9,1
2024,SP,63959,ECHAPORÃ,1,1,250.0,250.0,6000.0,6000.0,0,0,167,1
2024,SP,63975,ELDORADO,2,1,600.0,300.0,8000.0,4000.0,0,0,-171,1
2024,SP,63991,ELIAS FAUSTO,4,4,1652.0,413.0,40316.0,10079.0,1,4,16,1
2024,SP,64017,EMBU DAS ARTES,6,4,4070.0,678.3333333333334,78157.0,13026.166666666666,6,4,89,1
2024,SP,64033,EMBU-GUAÇU,4,2,1600.0,400.0,34000.0,8500.0,1,2,127,1
2024,SP,64050,ESTRELA D'OESTE,1,1,216.0,216.0,1200.0,1200.0,0,1,17,1
2024,SP,64092,FARTURA,1,1,300.0,300.0,3000.0,3000.0,1,1,8,1
2024,SP,64114,FERNANDÓPOLIS,7,5,3303.0,471.85714285714283,71925.4,10275.057142857142,1,4,82,1
2024,SP,64157,FERRAZ DE VASCONCELOS,4,2,2104.0,526.0,32000.0,8000.0,1,3,181,1
2024,SP,64190,FLOREAL,2,1,416.0,208.0,2100.0,1050.0,0,0,80,1
2024,SP,64254,FRANCA,7,3,4714.0,673.4285714285714,144471.0,20638.714285714286,3,3,108,1
2024,SP,64270,FRANCISCO MORATO,3,3,1616.0,538.6666666666666,29000.0,9666.666666666666,0,3,29,1
2024,SP,64297,FRANCO DA ROCHA,11,6,6524.0,593.0909090909091,106978.0,9725.272727272728,6,7,141,1
2024,SP,64335,GÁLIA,1,1,400.0,400.0,4000.0,4000.0,1,1,8,1
2024,SP,64351,GARÇA,1,1,400.0,400.0,5000.0,5000.0,1,1,7,1
2024,SP,64394,GENERAL SALGADO,2,1,512.0,256.0,2200.0,1100.0,0,0,80,1
2024,SP,64491,GUAÍRA,3,3,1307.0,435.6666666666667,16000.0,5333.333333333333,0,0,150,1
2024,SP,64513,GUAPIAÇU,2,1,626.0,313.0,3200.0,1600.0,0,1,96,1
2024,SP,64530,GUAPIARA,1,1,374.0,374.0,4000.0,4000.0,0,0,37,1
2024,SP,64556,GUARÁ,4,3,1800.0,450.0,18000.0,4500.0,1,3,15,1
2024,SP,64610,GUARANI D'OESTE,6,2,1150.0,191.66666666666666,2007850.0,334641.6666666667,0,1,134,1
2024,SP,64653,GUARARAPES,1,1,400.0,400.0,10000.0,10000.0,1,1,8,1
2024,SP,64696,GUARATINGUETÁ,6,4,2852.0,475.3333333333333,56500.0,9416.666666666666,2,5,41,1
2024,SP,64718,GUAREÍ,1,1,330.0,330.0,9000.0,9000.0,0,1,5,1
2024,SP,64734,GUARIBA,3,2,1585.0,528.3333333333334,14000.0,4666.666666666667,0,3,26,1
2024,SP,64750,GUARUJÁ,32,7,27970.0,874.0625,432468.85,13514.6515625,22,10,274,1
2024,SP,64777,GUARULHOS,43,14,36712.0,853.7674418604652,1011886.0,23532.232558139534,22,12,229,1
2024,SP,64831,IACANGA,1,1,300.0,300.0,3000.0,3000.0,0,1,8,1
2024,SP,64874,IBATÉ,4,3,1435.0,358.75,24000.0,6000.0,0,2,154,1
2024,SP,64890,IBIRÁ,4,2,1429.0,357.25,14450.0,3612.5,2,2,111,1
2024,SP,64912,IBIRAREMA,1,1,250.0,250.0,8000.0,8000.0,0,1,7,1
2024,SP,64955,IBIÚNA,1,1,600.0,600.0,6500.0,6500.0,1,1,9,1
2024,SP,64971,ICÉM,3,2,749.0,249.66666666666666,5100.0,1700.0,1,2,100,1
2024,SP,65013,IGARAÇU DO TIETÊ,2,2,706.0,353.0,10000.0,5000.0,0,2,20,1
2024,SP,65030,IGARAPAVA,2,1,800.0,400.0,8000.0,4000.0,0,1,45,1
2024,SP,65056,IGARATÁ,1,1,320.0,320.0,8000.0,8000.0,0,1,7,1
2024,SP,65099,ILHABELA,20,8,9617.0,480.85,285570.0,14278.5,6,10,193,1
2024,SP,65110,INDAIATUBA,11,5,5088.0,462.54545454545456,89000.0,8090.909090909091,8,3,83,1
2024,SP,65153,INDIAPORÃ,3,2,655.0,218.33333333333334,4200.0,1400.0,0,1,96,1
2024,SP,65196,IPAUSSU,1,1,250.0,250.0,10000.0,10000.0,0,1,7,1
2024,SP,65315,IRAPUÃ,2,1,431.0,215.5,2100.0,1050.0,0,0,97,1
2024,SP,65331,IRAPURU,1,1,383.0,383.0,5500.0,5500.0,0,1,13,1
2024,SP,65390,ITAJOBI,4,3,1294.0,323.5,21200.0,5300.0,1,3,83,1
2024,SP,65412,ITAJU,1,1,400.0,400.0,7000.0,7000.0,0,0,36,1
2024,SP,65439,ITANHAÉM,24,7,17333.0,722.2083333333334,273900.0,11412.5,16,11,274,1
2024,SP,65455,ITAPECERICA DA SERRA,7,3,4628.0,661.1428571428571,60000.0,8571.42857142857,5,4,68,1
2024,SP,65471,ITAPETININGA,3,3,1620.0,540.0,25000.0,8333.333333333334,2,3,26,1
2024,SP,65498,ITAPEVA,4,3,1700.0,425.0,33000.0,8250.0,0,4,12,1
2024,SP,65510,ITAPEVI,6,4,3253.0,542.1666666666666,119360.0,19893.333333333332,3,3,206,1
2024,SP,65536,ITAPIRA,1,1,640.0,640.0,12000.0,12000.0,1,0,34,1
2024,SP,65552,ITÁPOLIS,1,1,400.0,400.0,3500.0,3500.0,0,1,6,1
2024,SP,65579,ITAPORANGA,1,1,300.0,300.0,2000.0,2000.0,1,1,3,1
2024,SP,65617,ITAPURA,1,1,348.0,348.0,5000.0,5000.0,1,1,4,1
2024,SP,65633,ITAQUAQUECETUBA,1,1,800.0,800.0,12000.0,12000.0,0,1,15,1
2024,SP,65650,ITARARÉ,6,5,2553.0,425.5,49000.0,8166.666666666667,1,5,36,1
2024,SP,65676,ITARIRI,2,1,738.0,369.0,16000.0,8000.0,2,0,210,1
2024,SP,65692,ITATIBA,8,4,3572.0,446.5,54000.0,6750.0,4,0,126,1
2024,SP,65714,ITATINGA,1,1,400.0,400.0,9000.0,9000.0,0,1,9,1
2024,SP,65730,ITIRAPINA,1,1,400.0,400.0,8700.0,8700.0,0,1,6,1
2024,SP,65757,ITIRAPUÃ,1,1,360.0,360.0,4500.0,4500.0,0,1,5,1
2024,SP,65773,ITOBI,1,1,500.0,500.0,4000.0,4000.0,0,1,6,1
2024,SP,65790,ITU,16,7,8926.0,557.875,123800.0,7737.5,6,7,203,1
2024,SP,65811,ITUPEVA,2,1,2120.0,1060.0,16000.0,8000.0,2,0,134,1
2024,SP,65838,ITUVERAVA,1,1,404.0,404.0,5000.0,5000.0,0,0,33,1
2024,SP,65870,JABOTICABAL,5,4,3150.0,630.0,55000.0,11000.0,0,5,22,1
2024,SP,65897,JACAREÍ,3,2,2000.0,666.6666666666666,34000.0,11333.333333333334,1,2,80,1
2024,SP,65919,JACI,2,1,426.0,213.0,2100.0,1050.0,0,0,95,1
2024,SP,65951,JAGUARIÚNA,1,1,484.0,484.0,6000.0,6000.0,1,1,6,1
2024,SP,65978,JALES,4,2,1726.0,431.5,32500.0,8125.0,0,2,82,1
2024,SP,66010,JANDIRA,1,1,400.0,400.0,10000.0,10000.0,0,0,89,1
2024,SP,66036,JARDINÓPOLIS,2,2,779.0,389.5,10000.0,5000.0,0,2,8,1
2024,SP,66052,JARINU,2,2,759.0,379.5,8000.0,4000.0,0,2,10,1
2024,SP,66079,JAÚ,2,2,850.0,425.0,26000.0,13000.0,0,2,12,1
2024,SP,66095,JERIQUARA,4,2,1550.0,387.5,26895.0,6723.75,0,2,54,1
2024,SP,66117,JOANÓPOLIS,2,2,662.0,331.0,17000.0,8500.0,2,2,15,1
2024,SP,66150,JOSÉ BONIFÁCIO,3,2,1115.0,371.6666666666667,9200.0,3066.6666666666665,0,1,109,1
2024,SP,66192,JUNDIAÍ,26,14,16160.0,621.5384615384615,364581.0,14022.346153846154,11,12,185,1
2024,SP,66214,JUNQUEIRÓPOLIS,2,2,764.0,382.0,14500.0,7250.0,1,2,13,1
2024,SP,66230,JUQUIÁ,1,1,753.0,753.0,3000.0,3000.0,1,1,6,1
2024,SP,66257,JUQUITIBA,1,1,404.0,404.0,27000.0,27000.0,0,1,5,1
2024,SP,66311,LAVÍNIA,1,1,300.0,300.0,12000.0,12000.0,0,1,11,1
2024,SP,66354,LEME,1,1,400.0,400.0,20000.0,20000.0,1,0,137,1
2024,SP,66370,LENÇÓIS PAULISTA,2,2,1682.0,841.0,21500.0,10750.0,0,2,8,1
2024,SP,66397,LIMEIRA,17,5,11637.0,684.5294117647059,237471.0,13968.882352941177,8,7,189,1
2024,SP,66451,LORENA,6,4,2926.0,487.6666666666667,56000.0,9333.333333333334,1,2,105,1
2024,SP,66478,LOUVEIRA,12,8,5123.0,426.9166666666667,96000.0,8000.0,6,8,142,1
2024,SP,66532,LUÍS ANTÔNIO,1,1,302.0,302.0,15800.0,15800.0,0,1,4,1
2024,SP,66613,MACATUBA,2,2,600.0,300.0,10500.0,5250.0,0,2,8,1
2024,SP,66630,MACAUBAL,2,1,426.0,213.0,2100.0,1050.0,0,1,103,1
2024,SP,66656,MACEDÔNIA,6,2,1213.0,202.16666666666666,10900.0,1816.6666666666667,0,1,134,1
2024,SP,66672,MAGDA,1,1,209.0,209.0,1000.0,1000.0,0,0,80,1
2024,SP,66699,MAIRINQUE,10,5,4716.0,471.6,103000.0,10300.0,8,6,180,1
2024,SP,66710,MAIRIPORÃ,2,1,1000.0,500.0,20000.0,10000.0,1,1,81,1
2024,SP,66818,MARÍLIA,12,7,7570.0,630.8333333333334,150194.64,12516.220000000001,9,8,76,1
2024,SP,66834,MARINÓPOLIS,3,2,772.0,257.3333333333333,3350.0,1116.6666666666667,1,2,87,1
2024,SP,66877,MATÃO,1,1,321.0,321.0,7000.0,7000.0,0,1,15,1
2024,SP,66893,MAUÁ,16,8,10234.0,639.625,293471.0,18341.9375,4,6,95,1
2024,SP,66915,MENDONÇA,2,1,417.0,208.5,2100.0,1050.0,0,0,110,1
2024,SP,66931,MERIDIANO,2,1,455.0,227.5,2000.0,1000.0,0,0,111,1
2024,SP,66958,MIGUELÓPOLIS,4,4,1426.0,356.5,19500.0,4875.0,2,3,69,1
2024,SP,67016,MIRA ESTRELA,3,2,657.0,219.0,4100.0,1366.6666666666667,0,1,97,1
2024,SP,67075,MIRASSOL,3,2,1369.0,456.3333333333333,17300.0,5766.666666666667,0,1,96,1
2024,SP,67091,MIRASSOLÂNDIA,2,1,418.0,209.0,2000.0,1000.0,0,0,102,1
2024,SP,67113,MOCOCA,1,1,400.0,400.0,4000.0,4000.0,0,1,8,1
2024,SP,67130,MOGI DAS CRUZES,15,10,11200.0,746.6666666666666,247397.0,16493.133333333335,6,8,155,1
2024,SP,67156,MOGI GUAÇU,4,2,2604.0,651.0,52000.0,13000.0,3,3,46,1
2024,SP,67172,MOGI MIRIM,5,3,1900.0,380.0,30000.0,6000.0,2,4,208,1
2024,SP,67237,MONGAGUÁ,20,4,18570.0,928.5,167972.42,8398.621000000001,19,5,274,1
2024,SP,67296,MONTE APRAZÍVEL,2,1,544.0,272.0,2800.0,1400.0,0,0,104,1
2024,SP,67318,MONTE AZUL PAULISTA,9,3,3518.0,390.8888888888889,53500.0,5944.444444444444,1,3,82,1
2024,SP,67377,MONTE MOR,11,5,5648.0,513.4545454545455,80000.0,7272.727272727273,7,6,93,1
2024,SP,67393,MORRO AGUDO,2,1,900.0,450.0,10000.0,5000.0,0,1,41,1
2024,SP,67512,NEVES PAULISTA,2,1,408.0,204.0,2350.0,1175.0,0,0,95,1
2024,SP,67539,NHANDEARA,2,1,465.0,232.5,2300.0,1150.0,0,0,104,1
2024,SP,67555,NIPOÃ,2,1,428.0,214.0,2100.0,1050.0,0,0,104,1
2024,SP,67571,NOVA ALIANÇA,3,2,878.0,292.6666666666667,7100.0,2366.6666666666665,1,1,110,1
2024,SP,67610,NOVA GRANADA,6,3,2298.0,383.0,34700.0,5783.333333333333,0,4,101,1
2024,SP,67636,NOVA GUATAPORANGA,1,1,324.0,324.0,4000.0,4000.0,1,1,10,1
2024,SP,67679,NOVA LUZITÂNIA,1,1,207.0,207.0,1000.0,1000.0,0,1,16,1
2024,SP,67695,NOVA ODESSA,8,4,3410.0,426.25,82500.0,10312.5,3,2,205,1
2024,SP,67717,NOVO HORIZONTE,2,1,741.0,370.5,4200.0,2100.0,0,1,83,1
2024,SP,67750,OCAUÇU,2,1,692.0,346.0,10000.0,5000.0,0,2,6,1
2024,SP,67792,OLÍMPIA,7,4,3904.0,557.7142857142857,58600.0,8371.42857142857,0,5,80,1
2024,SP,67814,ONDA VERDE,3,2,702.0,234.0,12000.0,4000.0,0,2,101,1
2024,SP,67857,ORINDIÚVA,1,1,219.0,219.0,1000.0,1000.0,0,0,107,1
2024,SP,67873,ORLÂNDIA,2,2,804.0,402.0,10000.0,5000.0,0,2,12,1
2024,SP,67890,OSASCO,10,6,7630.0,763.0,171097.0,17109.7,5,8,66,1
2024,SP,67954,OURINHOS,2,2,1080.0,540.0,5000.0,2500.0,1,1,213,1
2024,SP,67970,OURO VERDE,3,3,1124.0,374.6666666666667,23500.0,7833.333333333333,0,3,8,1
2024,SP,68012,PALESTINA,3,2,914.0,304.6666666666667,11200.0,3733.3333333333335,0,0,103,1
2024,SP,68039,PALMARES PAULISTA,2,1,421.0,210.5,2400.0,1200.0,0,1,94,1
2024,SP,68055,PALMEIRA D'OESTE,3,2,832.0,277.3333333333333,5700.0,1900.0,1,2,87,1
2024,SP,68136,PARAIBUNA,1,1,400.0,400.0,8000.0,8000.0,1,1,22,1
2024,SP,68152,PARAÍSO,1,1,203.0,203.0,1000.0,1000.0,0,1,26,1
2024,SP,68179,PARANAPANEMA,3,2,1050.0,350.0,10000.0,3333.3333333333335,1,3,10,1
2024,SP,68195,PARANAPUÃ,2,1,422.0,211.0,1900.0,950.0,0,1,96,1
2024,SP,68276,PATROCÍNIO PAULISTA,2,2,775.0,387.5,10500.0,5250.0,0,2,11,1
2024,SP,68314,PAULÍNIA,24,6,11194.0,466.4166666666667,242500.0,10104.166666666666,14,11,212,1
2024,SP,68330,PAULO DE FARIA,2,1,481.0,240.5,2100.0,1050.0,0,0,108,1
2024,SP,68390,PEDRANÓPOLIS,2,1,460.0,230.0,2100.0,1050.0,0,0,114,1
2024,SP,68411,PEDREGULHO,2,1,800.0,400.0,25000.0,12500.0,0,2,20,1
2024,SP,68438,PEDREIRA,6,3,2370.0,395.0,39500.0,6583.333333333333,2,4,177,1
2024,SP,68454,PEDRO DE TOLEDO,4,2,2146.0,536.5,25500.0,6375.0,3,1,263,1
2024,SP,68470,PENÁPOLIS,1,1,300.0,300.0,8000.0,8000.0,0,1,9,1
2024,SP,68497,PEREIRA BARRETO,1,1,320.0,320.0,1800.0,1800.0,0,1,16,1
2024,SP,68535,PERUÍBE,15,5,11129.0,741.9333333333333,132125.7,8808.380000000001,12,7,274,1
2024,SP,68578,PIEDADE,4,3,1712.0,428.0,69639.86,17409.965,1,2,130,1
2024,SP,68616,PINDAMONHANGABA,11,6,6868.0,624.3636363636364,137500.0,12500.0,1,7,227,1
2024,SP,68632,PINDORAMA,2,1,519.0,259.5,2550.0,1275.0,0,1,90,1
2024,SP,68730,PIRACAIA,1,1,753.0,753.0,3000.0,3000.0,1,1,5,1
2024,SP,68756,PIRACICABA,30,12,18519.0,617.3,589051.0,19635.033333333333,15,10,199,1
2024,SP,68772,PIRAJU,1,1,400.0,400.0,8000.0,8000.0,0,1,6,1
2024,SP,68810,PIRANGI,2,2,519.0,259.5,6200.0,3100.0,1,1,31,1
2024,SP,68837,PIRAPORA DO BOM JESUS,1,1,400.0,400.0,5000.0,5000.0,1,0,68,1
2024,SP,68853,PIRAPOZINHO,1,1,350.0,350.0,10000.0,10000.0,0,1,14,1
2024,SP,68918,PITANGUEIRAS,1,1,540.0,540.0,5500.0,5500.0,0,1,19,1
2024,SP,68934,PLANALTO,2,1,415.0,207.5,1900.0,950.0,0,1,95,1
2024,SP,68977,POÁ,11,7,4684.0,425.8181818181818,110700.0,10063.636363636364,4,7,209,1
2024,SP,68993,POLONI,2,1,406.0,203.0,2100.0,1050.0,0,1,103,1
2024,SP,69019,POMPÉIA,3,2,1058.0,352.6666666666667,23000.0,7666.666666666667,1,2,37,1
2024,SP,69078,PONTES GESTAL,2,1,416.0,208.0,2100.0,1050.0,0,0,107,1
2024,SP,69094,POPULINA,8,3,1598.0,199.75,15900.0,1987.5,1,3,134,1
2024,SP,69132,PORTO FELIZ,1,1,1060.0,1060.0,8000.0,8000.0,1,1,13,1
2024,SP,69159,PORTO FERREIRA,6,3,2739.0,456.5,34500.0,5750.0,4,5,104,1
2024,SP,69175,POTIRENDABA,5,3,1937.0,387.4,21800.0,4360.0,2,3,111,1
2024,SP,69191,PRADÓPOLIS,2,2,1223.0,611.5,8000.0,4000.0,0,2,6,1
2024,SP,69213,PRAIA GRANDE,15,5,12829.0,855.2666666666667,192905.93,12860.395333333332,12,6,274,1
2024,SP,69256,PRESIDENTE BERNARDES,2,2,824.0,412.0,18000.0,9000.0,1,2,8,1
2024,SP,69272,PRESIDENTE EPITÁCIO,4,3,2150.0,537.5,42000.0,10500.0,0,4,24,1
2024,SP,69299,PRESIDENTE PRUDENTE,10,6,6919.0,691.9,128778.0,12877.8,3,8,224,1
2024,SP,69310,PRESIDENTE VENCESLAU,1,1,800.0,800.0,12000.0,12000.0,0,1,7,1
2024,SP,69337,PROMISSÃO,2,1,630.0,315.0,10000.0,5000.0,0,2,21,1
2024,SP,69353,QUATÁ,1,1,500.0,500.0,14000.0,14000.0,0,1,9,1
2024,SP,69418,QUINTANA,1,1,300.0,300.0,7500.0,7500.0,0,1,10,1
2024,SP,69434,RAFARD,1,1,400.0,400.0,10000.0,10000.0,1,0,54,1
2024,SP,69515,REGINÓPOLIS,1,1,400.0,400.0,5000.0,5000.0,1,0,-617,1
2024,SP,69531,REGISTRO,2,2,1253.0,626.5,13000.0,6500.0,1,2,7,1
2024,SP,69558,RESTINGA,1,1,400.0,400.0,7800.0,7800.0,0,1,9,1
2024,SP,69590,RIBEIRÃO BONITO,1,1,753.0,753.0,3000.0,3000.0,1,1,7,1
2024,SP,69639,RIBEIRÃO CORRENTE,2,1,710.0,355.0,13000.0,6500.0,0,2,14,1
2024,SP,69655,RIBEIRÃO DO SUL,1,1,300.0,300.0,8000.0,8000.0,0,1,8,1
2024,SP,69671,RIBEIRÃO PIRES,8,6,4522.0,565.25,135000.0,16875.0,2,5,186,1
2024,SP,69698,RIBEIRÃO PRETO,16,6,13646.0,852.875,670816.0,41926.0,10,5,118,1
2024,SP,69710,RIVERSUL,1,1,250.0,250.0,10000.0,10000.0,0,1,7,1
2024,SP,69736,RIFAINA,2,2,702.0,351.0,9000.0,4500.0,0,2,8,1
2024,SP,69795,RIO CLARO,6,2,3047.0,507.8333333333333,72000.0,12000.0,3,2,142,1
2024,SP,69833,RIO GRANDE DA SERRA,7,4,3390.0,484.2857142857143,98000.0,14000.0,2,3,248,1
2024,SP,69850,RIOLÂNDIA,2,1,572.0,286.0,2600.0,1300.0,0,0,108,1
2024,SP,69914,RUBINÉIA,3,2,732.0,244.0,5900.0,1966.6666666666667,0,2,93,1
2024,SP,69973,SALES,2,1,422.0,211.0,2100.0,1050.0,0,0,97,1
2024,SP,70017,SALESÓPOLIS,5,3,1700.0,340.0,42000.0,8400.0,2,4,159,1
2024,SP,70033,SALMOURÃO,1,1,300.0,300.0,10000.0,10000.0,0,1,15,1
2024,SP,70076,SALTO DE PIRAPORA,1,1,300.0,300.0,8000.0,8000.0,0,1,15,1
2024,SP,70130,SANTA ADÉLIA,4,2,1320.0,330.0,19550.0,4887.5,0,2,79,1
2024,SP,70157,SANTA ALBERTINA,1,1,211.0,211.0,1000.0,1000.0,0,0,97,1
2024,SP,70173,SANTA BÁRBARA D'OESTE,9,4,5390.0,598.8888888888889,72500.0,8055.555555555556,1,4,179,1
2024,SP,70238,SANTA CLARA D'OESTE,2,1,420.0,210.0,1900.0,950.0,0,1,81,1
2024,SP,70270,SANTA CRUZ DAS PALMEIRAS,4,4,1669.0,417.25,19000.0,4750.0,1,3,74,1
2024,SP,70297,SANTA CRUZ DO RIO PARDO,1,1,815.0,815.0,13000.0,13000.0,0,1,9,1
2024,SP,70335,SANTA FÉ DO SUL,3,2,1130.0,376.6666666666667,23600.0,7866.666666666667,0,2,83,1
2024,SP,70351,SANTA GERTRUDES,1,1,400.0,400.0,8700.0,8700.0,0,1,8,1
2024,SP,70378,SANTA ISABEL,4,2,1568.0,392.0,27000.0,6750.0,2,3,200,1
2024,SP,70432,SANTA MERCEDES,1,1,300.0,300.0,9000.0,9000.0,0,1,7,1
2024,SP,70459,SANTANA DA PONTE PENSA,4,2,1115.0,278.75,7300.0,1825.0,2,1,100,1
2024,SP,70475,SANTANA DE PARNAÍBA,4,2,1900.0,475.0,24000.0,6000.0,4,1,79,1
2024,SP,70491,SANTA RITA D'OESTE,2,1,420.0,210.0,1900.0,950.0,0,1,81,1
2024,SP,70556,SANTO ANASTÁCIO,3,2,1060.0,353.3333333333333,28000.0,9333.333333333334,0,3,11,1
2024,SP,70572,SANTO ANDRÉ,28,11,23430.0,836.7857142857143,486977.0,17392.035714285714,5,11,223,1
2024,SP,70599,SANTO ANTÔNIO DA ALEGRIA,3,3,1464.0,488.0,10800.0,3600.0,1,3,6,1
2024,SP,70610,SANTO ANTÔNIO DE POSSE,1,1,384.0,384.0,4000.0,4000.0,0,0,40,1
2024,SP,70653,SANTO ANTÔNIO DO PINHAL,1,1,300.0,300.0,7000.0,7000.0,1,1,7,1
2024,SP,70718,SANTOS,60,11,66094.0,1101.5666666666666,998545.7,16642.428333333333,28,20,274,1
2024,SP,70750,SÃO BERNARDO DO CAMPO,52,14,42074.0,809.1153846153846,929329.0,17871.71153846154,9,18,249,1
2024,SP,70777,SÃO CAETANO DO SUL,11,7,6314.0,574.0,271540.0,24685.454545454544,1,3,305,1
2024,SP,70793,SÃO CARLOS,10,5,8020.0,802.0,124750.0,12475.0,2,7,183,1
2024,SP,70815,SÃO FRANCISCO,4,3,964.0,241.0,8900.0,2225.0,2,1,88,1
2024,SP,70831,SÃO JOÃO DA BOA VISTA,6,4,2896.0,482.6666666666667,47000.0,7833.333333333333,3,6,16,1
2024,SP,70858,SÃO JOÃO DAS DUAS PONTES,4,3,946.0,236.5,6100.0,1525.0,1,2,94,1
2024,SP,70890,SÃO JOAQUIM DA BARRA,2,2,1150.0,575.0,26000.0,13000.0,1,2,21,1
2024,SP,70912,SÃO JOSÉ DA BELA VISTA,2,2,670.0,335.0,7000.0,3500.0,0,0,50,1
2024,SP,70955,SÃO JOSÉ DO RIO PARDO,1,1,400.0,400.0,4000.0,4000.0,0,1,6,1
2024,SP,70971,SÃO JOSÉ DO RIO PRETO,22,10,18332.0,833.2727272727273,415177.0,18871.68181818182,7,11,99,1
2024,SP,70998,SÃO JOSÉ DOS CAMPOS,16,7,12182.0,761.375,761139.0,47571.1875,4,7,153,1
2024,SP,71030,SÃO MANUEL,1,1,600.0,600.0,6000.0,6000.0,0,1,13,1
2024,SP,71056,SÃO MIGUEL ARCANJO,1,1,484.0,484.0,6000.0,6000.0,1,1,9,1
2024,SP,71072,SÃO PAULO,115,19,171950.0,1495.2173913043478,5779588.77,50257.29365217391,68,41,230,1
2024,SP,71137,SÃO ROQUE,2,1,1008.0,504.0,96920.0,48460.0,0,1,153,1
2024,SP,71153,SÃO SEBASTIÃO,14,4,6181.0,441.5,122200.0,8728.57142857143,4,9,82,1
2024,SP,71196,SÃO SIMÃO,1,1,753.0,753.0,3000.0,3000.0,1,1,6,1
2024,SP,71218,SÃO VICENTE,12,6,10282.0,856.8333333333334,160905.93,13408.8275,9,4,274,1
2024,SP,71234,SARAPUÍ,1,1,365.0,365.0,12000.0,12000.0,0,1,14,1
2024,SP,71250,SARUTAIÁ,1,1,250.0,250.0,1500.0,1500.0,1,1,11,1
2024,SP,71277,SEBASTIANÓPOLIS DO SUL,2,1,402.0,201.0,1900.0,950.0,0,0,104,1
2024,SP,71293,SERRA AZUL,1,1,400.0,400.0,4000.0,4000.0,0,1,8,1
2024,SP,71331,SERRA NEGRA,3,2,1160.0,386.6666666666667,26000.0,8666.666666666666,2,2,50,1
2024,SP,71358,SERTÃOZINHO,2,2,1094.0,547.0,16000.0,8000.0,2,2,20,1
2024,SP,71374,SETE BARRAS,1,1,372.0,372.0,4000.0,4000.0,1,0,114,1
2024,SP,71390,SEVERÍNIA,3,2,926.0,308.6666666666667,12800.0,4266.666666666667,0,1,81,1
2024,SP,71439,SOCORRO,4,3,1540.0,385.0,35000.0,8750.0,1,3,56,1
2024,SP,71455,SOROCABA,6,3,4730.0,788.3333333333334,98157.0,16359.5,4,3,152,1
2024,SP,71471,SUD MENNUCCI,1,1,205.0,205.0,1100.0,1100.0,0,1,16,1
2024,SP,71498,SUMARÉ,41,8,25463.0,621.0487804878048,546285.0,13324.024390243903,25,15,210,1
2024,SP,71510,SUZANO,6,5,5230.0,871.6666666666666,87157.0,14526.166666666666,4,3,211,1
2024,SP,71536,TABAPUÃ,2,1,520.0,260.0,2400.0,1200.0,0,1,93,1
2024,SP,71552,TABATINGA,2,2,1050.0,525.0,8500.0,4250.0,2,2,9,1
2024,SP,71579,TABOÃO DA SERRA,13,10,9015.0,693.4615384615385,248971.0,19151.615384615383,7,3,68,1
2024,SP,71617,TAGUAÍ,1,1,280.0,280.0,10000.0,10000.0,0,1,10,1
2024,SP,71650,TAIÚVA,1,1,212.0,212.0,1000.0,1000.0,0,0,31,1
2024,SP,71692,TANABI,2,1,622.0,311.0,3100.0,1550.0,0,0,103,1
2024,SP,71773,TAQUARITUBA,3,3,900.0,300.0,14000.0,4666.666666666667,1,3,25,1
2024,SP,71838,TAUBATÉ,9,4,6630.0,736.6666666666666,434127.0,48236.333333333336,3,3,40,1
2024,SP,71870,TEODORO SAMPAIO,1,1,500.0,500.0,9000.0,9000.0,0,1,11,1
2024,SP,71897,TERRA ROXA,2,2,1017.0,508.5,4000.0,2000.0,1,1,32,1
2024,SP,71978,TREMEMBÉ,1,1,510.0,510.0,12000.0,12000.0,1,0,124,1
2024,SP,71994,TRÊS FRONTEIRAS,2,1,426.0,213.0,2150.0,1075.0,0,1,93,1
2024,SP,72010,TUPÃ,3,2,1368.0,456.0,20000.0,6666.666666666667,2,3,8,1
2024,SP,72036,TUPI PAULISTA,1,1,400.0,400.0,3000.0,3000.0,0,1,6,1
2024,SP,72052,TURIÚBA,1,1,384.0,384.0,5000.0,5000.0,1,1,5,1
2024,SP,72079,TURMALINA,2,1,425.0,212.5,1850.0,925.0,0,1,101,1
2024,SP,72095,UBATUBA,14,7,6555.0,468.2142857142857,152000.0,10857.142857142857,5,11,89,1
2024,SP,72133,UCHOA,1,1,260.0,260.0,1300.0,1300.0,0,1,26,1
2024,SP,72150,UNIÃO PAULISTA,1,1,204.0,204.0,900.0,900.0,0,1,23,1
2024,SP,72176,URÂNIA,5,3,1543.0,308.6,13650.0,2730.0,1,3,100,1
2024,SP,72214,URUPÊS,4,3,1397.0,349.25,10100.0,2525.0,1,2,97,1
2024,SP,72230,VALENTIM GENTIL,4,2,1183.0,295.75,7600.0,1900.0,0,1,115,1
2024,SP,72257,VALINHOS,18,8,8340.0,463.3333333333333,160000.0,8888.888888888889,11,7,239,1
2024,SP,72311,VARGEM GRANDE DO SUL,4,2,1910.0,477.5,24000.0,6000.0,3,4,29,1
2024,SP,72338,VÁRZEA PAULISTA,7,6,3358.0,479.7142857142857,58000.0,8285.714285714286,3,3,199,1
2024,SP,72354,VERA CRUZ,1,1,300.0,300.0,9000.0,9000.0,0,1,22,1
2024,SP,72370,VINHEDO,6,3,4020.0,670.0,67000.0,11166.666666666666,3,2,197,1
2024,SP,72397,VIRADOURO,3,3,1091.0,363.6666666666667,9500.0,3166.6666666666665,0,2,32,1
2024,SP,72435,VOTORANTIM,2,2,1661.0,830.5,18000.0,9000.0,2,2,27,1
2024,SP,72451,VOTUPORANGA,2,1,1317.0,658.5,5400.0,2700.0,0,1,99,1
2024,SP,72737,VARGEM GRANDE PAULISTA,6,3,2782.0,463.6666666666667,105000.0,17500.0,2,2,175,1
2024,TO,73016,PIRAQUÊ,3,1,270.0,90.0,12000.0,4000.0,3,1,93,1
2024,TO,73032,DARCINÓPOLIS,2,1,500.0,250.0,8000.0,4000.0,2,2,25,1
2024,TO,73040,PALMEIRAS DO TOCANTINS,12,5,1931.0,160.91666666666666,46500.0,3875.0,9,6,171,1
2024,TO,73059,MAURILÂNDIA DO TOCANTINS,8,4,2100.0,262.5,16500.0,2062.5,1,6,116,1
2024,TO,73067,CACHOEIRINHA,3,2,510.0,170.0,15000.0,5000.0,2,2,44,1
2024,TO,73083,PALMEIRANTE,1,1,200.0,200.0,1500.0,1500.0,0,1,6,1
2024,TO,73091,CAMPOS LINDOS,2,1,230.0,115.0,10000.0,5000.0,2,1,107,1
2024,TO,73113,LAGOA DO TOCANTINS,2,2,430.0,215.0,11900.0,5950.0,0,1,51,1
2024,TO,73121,BOM JESUS DO TOCANTINS,5,4,1340.0,268.0,18000.0,3600.0,4,3,56,1
2024,TO,73130,SANTA MARIA DO TOCANTINS,1,1,100.0,100.0,4000.0,4000.0,1,0,152,1
2024,TO,73148,NOVO ALEGRE,1,1,140.0,140.0,7000.0,7000.0,1,1,4,1
2024,TO,73156,SANDOLÂNDIA,4,2,649.0,162.25,23000.0,5750.0,4,2,99,1
2024,TO,73164,TAIPAS DO TOCANTINS,1,1,150.0,150.0,1500.0,1500.0,0,1,8,1
2024,TO,73172,NOVO JARDIM,3,2,580.0,193.33333333333334,10000.0,3333.3333333333335,1,2,77,1
2024,TO,73180,SÃO MIGUEL DO TOCANTINS,10,4,2245.0,224.5,37000.0,3700.0,6,5,187,1
2024,TO,73199,FORTALEZA DO TABOCÃO,8,6,1790.0,223.75,26500.0,3312.5,4,6,128,1
2024,TO,73202,ITAPIRATINS,1,1,140.0,140.0,7000.0,7000.0,1,1,7,1
2024,TO,73210,CENTENÁRIO,4,4,860.0,215.0,18000.0,4500.0,2,3,205,1
2024,TO,73229,RECURSOLÂNDIA,3,2,650.0,216.66666666666666,10000.0,3333.3333333333335,1,2,32,1
2024,TO,73245,BRASILÂNDIA DO TOCANTINS,2,2,396.0,198.0,8013.18,4006.59,2,1,203,1
2024,TO,73253,JUARINA,2,2,462.0,231.0,12300.0,6150.0,1,2,12,1
2024,TO,73261,PAU D'ARCO,8,5,2000.0,250.0,25600.0,3200.0,4,7,43,1
2024,TO,73270,MATEIROS,2,1,500.0,250.0,7500.0,3750.0,2,1,39,1
2024,TO,73288,SÃO BENTO DO TOCANTINS,5,3,1283.0,256.6,14500.0,2900.0,1,2,153,1
2024,TO,73296,ESPERANTINA,6,5,1420.0,236.66666666666666,17500.0,2916.6666666666665,2,6,17,1
2024,TO,73300,CARIRI DO TOCANTINS,3,2,1000.0,333.3333333333333,15600.0,5200.0,1,2,102,1
2024,TO,73318,ARAGUANÃ,1,1,170.0,170.0,7000.0,7000.0,1,1,12,1
2024,TO,73326,CARMOLÂNDIA,5,2,590.0,118.0,17500.0,3500.0,1,2,195,1
2024,TO,73334,ARAGOMINAS,3,1,396.0,132.0,18000.0,6000.0,3,2,107,1
2024,TO,73342,MURICILÂNDIA,6,3,811.0,135.16666666666666,28500.0,4750.0,6,3,135,1
2024,TO,73350,SANTA FÉ DO ARAGUAIA,4,2,655.0,163.75,17000.0,4250.0,4,1,136,1
2024,TO,73369,JAÚ DO TOCANTINS,2,2,508.0,254.0,5000.0,2500.0,2,1,45,1
2024,TO,73385,LAGOA DA CONFUSÃO,3,3,1040.0,346.6666666666667,11000.0,3666.6666666666665,3,2,76,1
2024,TO,73407,LAJEADO,6,3,1882.0,313.6666666666667,24500.0,4083.3333333333335,6,4,114,1
2024,TO,73415,RIO DOS BOIS,5,4,951.0,190.2,12250.0,2450.0,3,3,136,1
2024,TO,73423,CARRASCO BONITO,6,4,1139.0,189.83333333333334,26000.0,4333.333333333333,5,3,128,1
2024,TO,73440,PALMAS,80,18,69258.0,865.725,1630382.05,20379.775625000002,45,26,255,1
2024,TO,73466,OLIVEIRA DE FÁTIMA,2,2,320.0,160.0,8500.0,4250.0,1,2,6,1
2024,TO,73474,CHAPADA DE AREIA,5,3,1548.0,309.6,10500.0,2100.0,5,3,177,1
2024,TO,73482,CHAPADA DA NATIVIDADE,2,2,643.0,321.5,5500.0,2750.0,0,2,30,1
2024,TO,73512,AGUIARNÓPOLIS,5,2,580.0,116.0,17500.0,3500.0,4,2,172,1
2024,TO,73520,LUZINÓPOLIS,2,1,570.0,285.0,4000.0,2000.0,0,1,52,1
2024,TO,73539,SANTA TEREZINHA DO TOCANTINS,1,1,101.0,101.0,3000.0,3000.0,1,0,167,1
2024,TO,73555,CRIXÁS DO TOCANTINS,1,1,113.0,113.0,4000.0,4000.0,1,0,109,1
2024,TO,73563,MONTE SANTO DO TOCANTINS,4,4,1035.0,258.75,8500.0,2125.0,1,4,10,1
2024,TO,73571,PUGMIL,4,2,1080.0,270.0,12000.0,3000.0,4,2,54,1
2024,TO,73580,BANDEIRANTES DO TOCANTINS,3,3,700.0,233.33333333333334,6000.0,2000.0,0,3,8,1
2024,TO,73598,IPUEIRAS,4,2,1180.0,295.0,12250.0,3062.5,3,3,67,1
2024,TO,73601,LAVANDEIRA,1,1,250.0,250.0,3000.0,3000.0,0,0,81,1
2024,TO,73610,BARRA DO OURO,1,1,252.0,252.0,1500.0,1500.0,0,1,25,1
2024,TO,92002,BERNARDO SAYÃO,4,4,1060.0,265.0,16500.0,4125.0,1,4,19,1
2024,TO,92045,BURITI DO TOCANTINS,3,3,610.0,203.33333333333334,13500.0,4500.0,2,2,67,1
2024,TO,92070,ALMAS,10,6,3320.0,332.0,52500.0,5250.0,9,6,110,1
2024,TO,92088,CASEARA,4,3,764.0,191.0,11000.0,2750.0,2,2,122,1
2024,TO,92134,ALVORADA,5,2,1180.0,236.0,23000.0,4600.0,5,4,41,1
2024,TO,92142,COMBINADO,3,3,750.0,250.0,11000.0,3666.6666666666665,2,3,15,1
2024,TO,92185,DIVINÓPOLIS DO TOCANTINS,3,3,1100.0,366.6666666666667,11000.0,3666.6666666666665,3,3,13,1
2024,TO,92193,ANANÁS,11,7,3130.0,284.54545454545456,42900.0,3900.0,8,4,145,1
2024,TO,92304,MARIANÓPOLIS DO TOCANTINS,3,2,1100.0,366.6666666666667,12500.0,4166.666666666667,2,2,48,1
2024,TO,92371,ARAGUACEMA,3,3,1020.0,340.0,11151.7,3717.2333333333336,2,2,206,1
2024,TO,92398,ARAGUAÇU,4,3,1137.0,284.25,20715.0,5178.75,4,2,79,1
2024,TO,92401,NOVA ROSALÂNDIA,5,3,1075.0,215.0,23000.0,4600.0,4,2,123,1
2024,TO,92410,ARAGUAÍNA,12,5,8705.0,725.4166666666666,242613.34,20217.778333333332,8,4,142,1
2024,TO,92436,ARAGUATINS,7,3,2381.0,340.14285714285717,39500.0,5642.857142857143,6,2,264,1
2024,TO,92452,ARAPOEMA,1,1,300.0,300.0,2250.0,2250.0,0,1,19,1
2024,TO,92479,ARRAIAS,1,1,175.0,175.0,7000.0,7000.0,1,1,12,1
2024,TO,92487,PEQUIZEIRO,4,4,1014.0,253.5,16000.0,4000.0,0,4,22,1
2024,TO,92509,PORTO ALEGRE DO TOCANTINS,7,2,958.0,136.85714285714286,30000.0,4285.714285714285,6,2,255,1
2024,TO,92525,PRAIA NORTE,8,5,1980.0,247.5,33000.0,4125.0,2,7,37,1
2024,TO,92533,AURORA DO TOCANTINS,1,1,300.0,300.0,5000.0,5000.0,0,1,9,1
2024,TO,92541,SAMPAIO,6,4,1433.0,238.83333333333334,18500.0,3083.3333333333335,2,5,54,1
2024,TO,92576,AXIXÁ DO TOCANTINS,7,4,2140.0,305.7142857142857,32500.0,4642.857142857143,4,4,184,1
2024,TO,92584,SANTA ROSA DO TOCANTINS,1,1,300.0,300.0,1500.0,1500.0,0,0,37,1
2024,TO,92592,BABAÇULÂNDIA,5,4,1199.0,239.8,17500.0,3500.0,2,2,104,1
2024,TO,92606,SANTA TEREZA DO TOCANTINS,2,1,400.0,200.0,3000.0,1500.0,0,2,19,1
2024,TO,92681,SÃO VALÉRIO DA NATIVIDADE,6,3,1364.0,227.33333333333334,13000.0,2166.6666666666665,1,4,115,1
2024,TO,92738,BREJINHO DE NAZARÉ,7,3,1549.0,221.28571428571428,25750.0,3678.5714285714284,4,4,136,1
2024,TO,93114,COLINAS DO TOCANTINS,4,3,1530.0,382.5,13500.0,3375.0,2,3,59,1
2024,TO,93130,CONCEIÇÃO DO TOCANTINS,4,3,900.0,225.0,16000.0,4000.0,2,3,86,1
2024,TO,93211,COUTO DE MAGALHÃES,5,3,1075.0,215.0,25600.0,5120.0,2,3,40,1
2024,TO,93238,CRISTALÂNDIA,3,2,407.0,135.66666666666666,11500.0,3833.3333333333335,3,1,235,1
2024,TO,93416,DIANÓPOLIS,8,3,2641.0,330.125,21750.0,2718.75,3,2,112,1
2024,TO,93459,DOIS IRMÃOS DO TOCANTINS,3,2,440.0,146.66666666666666,10000.0,3333.3333333333335,3,1,89,1
2024,TO,93475,DUERÉ,2,1,400.0,200.0,3000.0,1500.0,0,2,16,1
2024,TO,93556,FILADÉLFIA,5,4,1363.0,272.6,18600.0,3720.0,1,4,47,1
2024,TO,93653,FORMOSO DO ARAGUAIA,2,1,400.0,200.0,3000.0,1500.0,0,2,16,1
2024,TO,93858,GURUPI,24,12,16453.0,685.5416666666666,280142.83999999997,11672.618333333332,9,8,141,1
2024,TO,94056,ITACAJÁ,2,1,335.0,167.5,14000.0,7000.0,2,1,31,1
2024,TO,94099,ITAGUATINS,6,5,1434.0,239.0,28000.0,4666.666666666667,3,3,116,1
2024,TO,94170,ITAPORÃ DO TOCANTINS,3,2,710.0,236.66666666666666,7000.0,2333.3333333333335,1,2,31,1
2024,TO,94617,MIRACEMA DO TOCANTINS,11,5,5140.0,467.27272727272725,53500.0,4863.636363636364,9,5,142,1
2024,TO,94633,MIRANORTE,9,5,2732.0,303.55555555555554,24406.760000000002,2711.8622222222225,3,5,157,1
2024,TO,94692,MONTE DO CARMO,11,3,2376.0,216.0,46500.0,4227.272727272727,8,5,165,1
2024,TO,94811,NATIVIDADE,2,1,600.0,300.0,3000.0,1500.0,0,1,46,1
2024,TO,94838,NAZARÉ,4,4,960.0,240.0,15000.0,3750.0,2,4,16,1
2024,TO,94994,NOVO ACORDO,7,5,1385.0,197.85714285714286,20500.0,2928.5714285714284,4,4,111,1
2024,TO,95192,PARAÍSO DO TOCANTINS,8,5,4610.0,576.25,87660.0,10957.5,6,2,153,1
2024,TO,95214,PARANÃ,10,3,2528.0,252.8,41500.0,4150.0,4,3,153,1
2024,TO,95257,PEDRO AFONSO,5,3,1050.0,210.0,23500.0,4700.0,3,3,130,1
2024,TO,95290,COLMÉIA,5,2,1172.0,234.4,30000.0,6000.0,5,3,48,1
2024,TO,95338,GOIATINS,4,3,931.0,232.75,18500.0,4625.0,2,3,37,1
2024,TO,95370,PINDORAMA DO TOCANTINS,3,1,1050.0,350.0,4400.0,1466.6666666666667,1,2,86,1
2024,TO,95478,PIUM,1,1,300.0,300.0,5000.0,5000.0,1,0,34,1
2024,TO,95532,PONTE ALTA DO TOCANTINS,10,6,3208.0,320.8,33000.0,3300.0,5,4,157,1
2024,TO,95591,PORTO NACIONAL,20,10,12499.0,624.95,149580.0,7479.0,13,7,149,1
2024,TO,96032,SÃO SEBASTIÃO DO TOCANTINS,1,1,300.0,300.0,2000.0,2000.0,0,1,25,1
2024,TO,96130,SÍTIO NOVO DO TOCANTINS,2,2,416.0,208.0,7500.0,3750.0,1,1,80,1
2024,TO,96210,TOCANTINÓPOLIS,5,2,1380.0,276.0,35000.0,7000.0,4,3,99,1
2024,TO,96270,GUARAÍ,8,3,2491.0,311.375,45000.0,5625.0,7,7,73,1
2024,TO,96296,PRESIDENTE KENNEDY,4,3,600.0,150.0,11000.0,2750.0,2,2,73,1
2024,TO,96431,XAMBIOÁ,2,2,360.0,180.0,6500.0,3250.0,1,1,93,1
2024,TO,96490,PALMEIRÓPOLIS,1,1,250.0,250.0,4000.0,4000.0,1,0,33,1
2024,TO,96598,SILVANÓPOLIS,9,3,2022.0,224.66666666666666,34500.0,3833.3333333333335,7,3,184,1
2024,TO,96636,NOVA OLINDA,4,3,882.0,220.5,14000.0,3500.0,2,3,163,1
2024,TO,96679,FIGUEIRÓPOLIS,7,4,1795.0,256.42857142857144,20000.0,2857.1428571428573,4,3,100,1
2024,TO,96792,RIO SONO,5,3,1106.0,221.2,17067.940000000002,3413.5880000000006,3,2,213,1
2024,TO,96830,FÁTIMA,3,3,630.0,210.0,12500.0,4166.666666666667,3,1,121,1
2024,TO,96857,AUGUSTINÓPOLIS,9,4,2039.0,226.55555555555554,43500.0,4833.333333333333,7,3,110,1
2024,TO,96954,ALIANÇA DO TOCANTINS,5,4,1169.0,233.8,13000.0,2600.0,2,2,67,1
2024,TO,96970,APARECIDA DO RIO NEGRO,8,7,2240.0,280.0,25914.5,3239.3125,6,3,135,1
2024,TO,96997,BARROLÂNDIA,5,2,1779.0,355.8,12000.0,2400.0,3,4,121,1
