municipality_id_tse,state,municipality_name,n_polls_2020,polled_2020,n_firms_2020,total_sample_2020,mean_sample_2020,total_cost_2020,mean_cost_2020,n_own_polls_2020,n_polls_last30_2020,last_poll_days_before_election_2020,n_polls_2024,polled_2024,n_firms_2024,total_sample_2024,mean_sample_2024,total_cost_2024,mean_cost_2024,n_own_polls_2024,n_polls_last30_2024,last_poll_days_before_election_2024,delta_n_polls_2024_2020,delta_polled_2024_2020,delta_n_firms_2024_2020,delta_total_sample_2024_2020,delta_mean_sample_2024_2020,delta_total_cost_2024_2020,delta_mean_cost_2024_2020,delta_n_own_polls_2024_2020,delta_n_polls_last30_2024_2020,delta_last_poll_days_before_election_2024_2020,polled_both,polled_either
00019,RO,GUAJARÁ-MIRIM,3.0,1.0,3.0,1299.0,433.0,9500.0,3166.6666666666665,3.0,2.0,36.0,2.0,1.0,2.0,840.0,420.0,9000.0,4500.0,1.0,2.0,10.0,-1.0,0.0,-1.0,-459.0,-13.0,-500.0,1333.3333333333335,-2.0,0.0,-26.0,1,1
00035,RO,PORTO VELHO,27.0,1.0,6.0,18871.0,698.925925925926,5318336.0,196975.40740740742,20.0,9.0,295.0,61.0,1.0,13.0,44265.0,725.655737704918,1313798.8,21537.68524590164,36.0,16.0,254.0,34.0,0.0,7.0,25394.0,26.72981177899203,-4004537.2,-175437.72216150578,16.0,7.0,-41.0,1,1
00051,RO,JI-PARANÁ,10.0,1.0,4.0,5545.0,554.5,37400.0,3740.0,10.0,7.0,257.0,4.0,1.0,3.0,1511.0,377.75,21000.0,5250.0,1.0,2.0,245.0,-6.0,0.0,-1.0,-4034.0,-176.75,-16400.0,1510.0,-9.0,-5.0,-12.0,1,1
00078,RO,ARIQUEMES,13.0,1.0,6.0,6890.0,530.0,64200.0,4938.461538461538,12.0,9.0,95.0,2.0,1.0,1.0,623.0,311.5,8000.0,4000.0,0.0,2.0,29.0,-11.0,0.0,-5.0,-6267.0,-218.5,-56200.0,-938.4615384615381,-12.0,-7.0,-66.0,1,1
00094,RO,CACOAL,8.0,1.0,5.0,3556.0,444.5,28250.0,3531.25,7.0,6.0,255.0,0.0,0.0,0.0,0.0,,,,0.0,0.0,,-8.0,-1.0,-5.0,-3556.0,,,,-7.0,-6.0,,0,1
00116,RO,PIMENTA BUENO,0.0,0.0,0.0,0.0,,,,0.0,0.0,,3.0,1.0,3.0,1400.0,466.6666666666667,26000.0,8666.666666666666,2.0,3.0,24.0,3.0,1.0,3.0,1400.0,,,,2.0,3.0,,0,1
00132,RO,VILHENA,25.0,1.0,7.0,13233.0,529.32,83600.0,3344.0,22.0,14.0,254.0,0.0,0.0,0.0,0.0,,,,0.0,0.0,,-25.0,-1.0,-7.0,-13233.0,,,,-22.0,-14.0,,0,1
00159,RO,JARU,5.0,1.0,3.0,2120.0,424.0,16000.0,3200.0,5.0,5.0,22.0,4.0,1.0,2.0,1623.0,405.75,13000.0,3250.0,4.0,3.0,41.0,-1.0,0.0,-1.0,-497.0,-18.25,-3000.0,50.0,-1.0,-2.0,19.0,1,1
00175,RO,OURO PRETO DO OESTE,5.0,1.0,2.0,1478.0,295.6,17500.0,3500.0,5.0,2.0,122.0,5.0,1.0,2.0,2020.0,404.0,23800.0,4760.0,3.0,5.0,30.0,0.0,0.0,0.0,542.0,108.39999999999998,6300.0,1260.0,-2.0,3.0,-92.0,1,1
00191,RO,PRESIDENTE MÉDICI,1.0,1.0,1.0,578.0,578.0,2000.0,2000.0,1.0,1.0,27.0,1.0,1.0,1.0,250.0,250.0,3000.0,3000.0,0.0,1.0,15.0,0.0,0.0,0.0,-328.0,-328.0,1000.0,1000.0,-1.0,0.0,-12.0,1,1
00230,RO,COLORADO DO OESTE,6.0,1.0,3.0,2052.0,342.0,2014500.0,335750.0,6.0,5.0,254.0,2.0,1.0,2.0,790.0,395.0,8000.0,4000.0,1.0,2.0,14.0,-4.0,0.0,-1.0,-1262.0,53.0,-2006500.0,-331750.0,-5.0,-3.0,-240.0,1,1
00256,RO,ESPIGÃO DO OESTE,2.0,1.0,2.0,921.0,460.5,5950.0,2975.0,2.0,2.0,29.0,0.0,0.0,0.0,0.0,,,,0.0,0.0,,-2.0,-1.0,-2.0,-921.0,,,,-2.0,-2.0,,0,1
00272,RO,CEREJEIRAS,7.0,1.0,4.0,2469.0,352.7142857142857,17700.0,2528.5714285714284,7.0,5.0,261.0,3.0,1.0,2.0,1130.0,376.6666666666667,13000.0,4333.333333333333,2.0,2.0,33.0,-4.0,0.0,-2.0,-1339.0,23.952380952380963,-4700.0,1804.7619047619046,-5.0,-3.0,-228.0,1,1
00299,RO,ROLIM DE MOURA,10.0,1.0,5.0,4139.0,413.9,31800.0,3180.0,10.0,9.0,95.0,5.0,1.0,2.0,1723.0,344.6,22200.0,4440.0,0.0,4.0,36.0,-5.0,0.0,-3.0,-2416.0,-69.29999999999995,-9600.0,1260.0,-10.0,-5.0,-59.0,1,1
00310,RO,ALTA FLORESTA DO OESTE,3.0,1.0,3.0,1231.0,410.3333333333333,9500.0,3166.6666666666665,3.0,3.0,23.0,1.0,1.0,1.0,250.0,250.0,3000.0,3000.0,0.0,1.0,6.0,-2.0,0.0,-2.0,-981.0,-160.33333333333331,-6500.0,-166.66666666666652,-3.0,-2.0,-17.0,1,1
00337,RO,ALVORADA DO OESTE,9.0,1.0,5.0,3182.0,353.55555555555554,6019200.0,668800.0,9.0,6.0,256.0,1.0,1.0,1.0,540.0,540.0,5000.0,5000.0,1.0,1.0,12.0,-8.0,0.0,-4.0,-2642.0,186.44444444444446,-6014200.0,-663800.0,-8.0,-5.0,-244.0,1,1
00353,RO,SANTA LUZIA DO OESTE,3.0,1.0,3.0,1222.0,407.3333333333333,8400.0,2800.0,3.0,3.0,23.0,0.0,0.0,0.0,0.0,,,,0.0,0.0,,-3.0,-1.0,-3.0,-1222.0,,,,-3.0,-3.0,,0,1
00370,RO,NOVA BRASILÂNDIA DO OESTE,2.0,1.0,2.0,833.0,416.5,5500.0,2750.0,2.0,2.0,15.0,3.0,1.0,3.0,1040.0,346.6666666666667,11000.0,3666.6666666666665,1.0,3.0,6.0,1.0,0.0,1.0,207.0,-69.83333333333331,5500.0,916.6666666666665,-1.0,1.0,-9.0,1,1
00396,RO,MACHADINHO DO OESTE,9.0,1.0,5.0,3356.0,372.8888888888889,30800.0,3422.222222222222,9.0,6.0,141.0,7.0,1.0,3.0,2273.0,324.7142857142857,28600.0,4085.714285714286,3.0,5.0,165.0,-2.0,0.0,-2.0,-1083.0,-48.17460317460319,-2200.0,663.4920634920636,-6.0,-1.0,24.0,1,1
00418,RO,SÃO MIGUEL DO GUAPORÉ,3.0,1.0,3.0,934.0,311.3333333333333,7700.0,2566.6666666666665,3.0,2.0,95.0,2.0,1.0,1.0,880.0,440.0,10000.0,5000.0,2.0,1.0,132.0,-1.0,0.0,-2.0,-54.0,128.66666666666669,2300.0,2433.3333333333335,-1.0,-1.0,37.0,1,1
00434,RO,NOVA MAMORÉ,5.0,1.0,4.0,1897.0,379.4,14700.0,2940.0,5.0,3.0,95.0,1.0,1.0,1.0,250.0,250.0,4000.0,4000.0,0.0,1.0,5.0,-4.0,0.0,-3.0,-1647.0,-129.39999999999998,-10700.0,1060.0,-5.0,-2.0,-90.0,1,1
00450,RO,CABIXI,5.0,1.0,2.0,1489.0,297.8,2008700.0,401740.0,5.0,3.0,254.0,1.0,1.0,1.0,215.0,215.0,3000.0,3000.0,1.0,1.0,8.0,-4.0,0.0,-1.0,-1274.0,-82.80000000000001,-2005700.0,-398740.0,-4.0,-2.0,-246.0,1,1
00477,RO,CANDEIAS DO JAMARI,5.0,1.0,3.0,1951.0,390.2,17100.0,3420.0,5.0,1.0,99.0,6.0,1.0,2.0,1548.0,258.0,19500.0,3250.0,2.0,3.0,267.0,1.0,0.0,-1.0,-403.0,-132.2,2400.0,-170.0,-3.0,2.0,168.0,1,1
00493,RO,ITAPUÃ DO OESTE,1.0,1.0,1.0,212.0,212.0,2600.0,2600.0,1.0,0.0,33.0,1.0,1.0,1.0,233.0,233.0,3500.0,3500.0,0.0,1.0,24.0,0.0,0.0,0.0,21.0,21.0,900.0,900.0,-1.0,1.0,-9.0,1,1
00515,RO,NOVO HORIZONTE DO OESTE,3.0,1.0,2.0,1063.0,354.3333333333333,9200.0,3066.6666666666665,3.0,3.0,8.0,1.0,1.0,1.0,215.0,215.0,3000.0,3000.0,0.0,1.0,8.0,-2.0,0.0,-1.0,-848.0,-139.33333333333331,-6200.0,-66.66666666666652,-3.0,-2.0,0.0,1,1
00558,RO,VALE DO PARAÍSO,2.0,1.0,1.0,724.0,362.0,4000.0,2000.0,2.0,2.0,11.0,2.0,1.0,2.0,695.0,347.5,9000.0,4500.0,1.0,2.0,7.0,0.0,0.0,1.0,-29.0,-14.5,5000.0,2500.0,-1.0,0.0,-4.0,1,1
00566,RO,URUPÁ,0.0,0.0,0.0,0.0,,,,0.0,0.0,,3.0,1.0,2.0,885.0,295.0,10000.0,3333.3333333333335,3.0,2.0,33.0,3.0,1.0,2.0,885.0,,,,3.0,2.0,,0,1
00574,RO,MIRANTE DA SERRA,1.0,1.0,1.0,289.0,289.0,3300.0,3300.0,1.0,1.0,14.0,0.0,0.0,0.0,0.0,,,,0.0,0.0,,-1.0,-1.0,-1.0,-289.0,,,,-1.0,-1.0,,0,1
00590,RO,THEOBROMA,3.0,1.0,2.0,1069.0,356.3333333333333,9200.0,3066.6666666666665,3.0,3.0,17.0,3.0,1.0,2.0,750.0,250.0,10600.0,3533.3333333333335,2.0,1.0,172.0,0.0,0.0,0.0,-319.0,-106.33333333333331,1400.0,466.66666666666697,-1.0,-2.0,155.0,1,1
00604,RO,MINISTRO ANDREAZZA,0.0,0.0,0.0,0.0,,,,0.0,0.0,,2.0,1.0,1.0,465.0,232.5,5500.0,2750.0,1.0,1.0,33.0,2.0,1.0,1.0,465.0,,,,1.0,1.0,,0,1
00612,RO,GOVERNADOR JORGE TEIXEIRA,0.0,0.0,0.0,0.0,,,,0.0,0.0,,2.0,1.0,2.0,580.0,290.0,5000.0,2500.0,2.0,2.0,22.0,2.0,1.0,2.0,580.0,,,,2.0,2.0,,0,1
00620,RO,CACAULÂNDIA,1.0,1.0,1.0,318.0,318.0,3100.0,3100.0,1.0,1.0,13.0,1.0,1.0,1.0,212.0,212.0,8000.0,8000.0,0.0,1.0,19.0,0.0,0.0,0.0,-106.0,-106.0,4900.0,4900.0,-1.0,0.0,6.0,1,1
00639,RO,ALTO PARAÍSO,3.0,1.0,2.0,952.0,317.3333333333333,10500.0,3500.0,3.0,3.0,22.0,4.0,1.0,2.0,1053.0,263.25,11500.0,2875.0,2.0,3.0,37.0,1.0,0.0,0.0,101.0,-54.083333333333314,1000.0,-625.0,-1.0,0.0,15.0,1,1
00647,RO,RIO CRESPO,3.0,1.0,3.0,1109.0,369.6666666666667,8900.0,2966.6666666666665,3.0,2.0,39.0,2.0,1.0,2.0,602.0,301.0,7000.0,3500.0,2.0,1.0,128.0,-1.0,0.0,-1.0,-507.0,-68.66666666666669,-1900.0,533.3333333333335,-1.0,-1.0,89.0,1,1
00655,RO,CORUMBIARA,3.0,1.0,1.0,1080.0,360.0,6000.0,2000.0,3.0,3.0,25.0,0.0,0.0,0.0,0.0,,,,0.0,0.0,,-3.0,-1.0,-1.0,-1080.0,,,,-3.0,-3.0,,0,1
00663,RO,MONTE NEGRO,1.0,1.0,1.0,370.0,370.0,3000.0,3000.0,1.0,1.0,5.0,0.0,0.0,0.0,0.0,,,,0.0,0.0,,-1.0,-1.0,-1.0,-370.0,,,,-1.0,-1.0,,0,1
00671,RO,CAMPO NOVO DE RONDÔNIA,0.0,0.0,0.0,0.0,,,,0.0,0.0,,1.0,1.0,1.0,250.0,250.0,3000.0,3000.0,0.0,1.0,8.0,1.0,1.0,1.0,250.0,,,,0.0,1.0,,0,1
00680,RO,CUJUBIM,6.0,1.0,4.0,2260.0,376.6666666666667,16700.0,2783.3333333333335,6.0,4.0,95.0,4.0,1.0,2.0,1127.0,281.75,13500.0,3375.0,0.0,3.0,77.0,-2.0,0.0,-2.0,-1133.0,-94.91666666666669,-3200.0,591.6666666666665,-6.0,-1.0,-18.0,1,1
00698,RO,VALE DO ANARI,1.0,1.0,1.0,211.0,211.0,5000.0,5000.0,1.0,0.0,248.0,1.0,1.0,1.0,215.0,215.0,3000.0,3000.0,1.0,0.0,48.0,0.0,0.0,0.0,4.0,4.0,-2000.0,-2000.0,0.0,0.0,-200.0,1,1
00736,RO,ALTO ALEGRE DOS PARECIS,1.0,1.0,1.0,219.0,219.0,3700.0,3700.0,1.0,1.0,2.0,0.0,0.0,0.0,0.0,,,,0.0,0.0,,-1.0,-1.0,-1.0,-219.0,,,,-1.0,-1.0,,0,1
00744,RO,NOVA UNIÃO,3.0,1.0,2.0,745.0,248.33333333333334,8000.0,2666.6666666666665,3.0,2.0,165.0,2.0,1.0,2.0,675.0,337.5,7500.0,3750.0,1.0,2.0,12.0,-1.0,0.0,0.0,-70.0,89.16666666666666,-500.0,1083.3333333333335,-2.0,0.0,-153.0,1,1
00752,RO,TEIXEIRÓPOLIS,1.0,1.0,1.0,230.0,230.0,3500.0,3500.0,1.0,0.0,145.0,0.0,0.0,0.0,0.0,,,,0.0,0.0,,-1.0,-1.0,-1.0,-230.0,,,,-1.0,0.0,,0,1
00779,RO,BURITIS,3.0,1.0,3.0,989.0,329.6666666666667,8000.0,2666.6666666666665,3.0,2.0,95.0,0.0,0.0,0.0,0.0,,,,0.0,0.0,,-3.0,-1.0,-3.0,-989.0,,,,-3.0,-2.0,,0,1
00787,RO,PIMENTEIRAS DO OESTE,4.0,1.0,2.0,1253.0,313.25,9100.0,2275.0,4.0,4.0,29.0,0.0,0.0,0.0,0.0,,,,0.0,0.0,,-4.0,-1.0,-2.0,-1253.0,,,,-4.0,-4.0,,0,1
00795,RO,SÃO FRANCISCO DO GUAPORÉ,3.0,1.0,3.0,906.0,302.0,8800.0,2933.3333333333335,3.0,2.0,95.0,2.0,1.0,2.0,790.0,395.0,8000.0,4000.0,1.0,2.0,6.0,-1.0,0.0,-1.0,-116.0,93.0,-800.0,1066.6666666666665,-2.0,0.0,-89.0,1,1
00809,RO,CHUPINGUAIA,8.0,1.0,3.0,2333.0,291.625,2021300.0,252662.5,8.0,6.0,253.0,3.0,1.0,2.0,752.0,250.66666666666666,10000.0,3333.3333333333335,0.0,3.0,15.0,-5.0,0.0,-1.0,-1581.0,-40.95833333333334,-2011300.0,-249329.16666666666,-8.0,-3.0,-238.0,1,1
01007,AC,BUJARI,0.0,0.0,0.0,0.0,,,,0.0,0.0,,3.0,1.0,1.0,600.0,200.0,18000.0,6000.0,0.0,3.0,23.0,3.0,1.0,1.0,600.0,,,,0.0,3.0,,0,1
01015,AC,CAPIXABA,0.0,0.0,0.0,0.0,,,,0.0,0.0,,1.0,1.0,1.0,368.0,368.0,5520.0,5520.0,1.0,1.0,17.0,1.0,1.0,1.0,368.0,,,,1.0,1.0,,0,1
01023,AC,PORTO ACRE,1.0,1.0,1.0,300.0,300.0,3000.0,3000.0,1.0,1.0,13.0,0.0,0.0,0.0,0.0,,,,0.0,0.0,,-1.0,-1.0,-1.0,-300.0,,,,-1.0,-1.0,,0,1
01058,AC,BRASILÉIA,0.0,0.0,0.0,0.0,,,,0.0,0.0,,3.0,1.0,2.0,1004.0,334.6666666666667,22000.0,7333.333333333333,1.0,2.0,41.0,3.0,1.0,2.0,1004.0,,,,1.0,2.0,,0,1
01066,AC,PORTO WALTER,0.0,0.0,0.0,0.0,,,,0.0,0.0,,1.0,1.0,1.0,140.0,140.0,4000.0,4000.0,1.0,0.0,56.0,1.0,1.0,1.0,140.0,,,,1.0,0.0,,0,1
01074,AC,CRUZEIRO DO SUL,7.0,1.0,4.0,4252.0,607.4285714285714,40000.0,5714.285714285715,7.0,4.0,276.0,10.0,1.0,2.0,5600.0,560.0,115800.0,11580.0,2.0,5.0,174.0,3.0,0.0,-2.0,1348.0,-47.428571428571445,75800.0,5865.714285714285,-5.0,1.0,-102.0,1,1
01082,AC,RODRIGUES ALVES,1.0,1.0,1.0,250.0,250.0,3000.0,3000.0,1.0,1.0,15.0,2.0,1.0,1.0,721.0,360.5,12000.0,6000.0,2.0,1.0,54.0,1.0,0.0,0.0,471.0,110.5,9000.0,3000.0,1.0,0.0,39.0,1,1
01090,AC,MÂNCIO LIMA,0.0,0.0,0.0,0.0,,,,0.0,0.0,,6.0,1.0,2.0,1870.0,311.6666666666667,45000.0,7500.0,3.0,4.0,91.0,6.0,1.0,2.0,1870.0,,,,3.0,4.0,,0,1
01112,AC,EPITACIOLÂNDIA,3.0,1.0,1.0,832.0,277.3333333333333,6000.0,2000.0,3.0,1.0,156.0,2.0,1.0,1.0,686.0,343.0,15000.0,7500.0,1.0,1.0,43.0,-1.0,0.0,0.0,-146.0,65.66666666666669,9000.0,5500.0,-2.0,0.0,-113.0,1,1
01139,AC,FEIJÓ,2.0,1.0,2.0,510.0,255.0,6000.0,3000.0,2.0,1.0,156.0,4.0,1.0,2.0,1400.0,350.0,32000.0,8000.0,2.0,4.0,30.0,2.0,0.0,0.0,890.0,95.0,26000.0,5000.0,0.0,3.0,-126.0,1,1
01392,AC,RIO BRANCO,28.0,1.0,7.0,19343.0,690.8214285714286,366636.04,13094.144285714285,20.0,17.0,276.0,31.0,1.0,10.0,25480.0,821.9354838709677,849603.4,27406.56129032258,13.0,14.0,226.0,3.0,0.0,3.0,6137.0,131.11405529953913,482967.36000000004,14312.417004608296,-7.0,-3.0,-50.0,1,1
01457,AC,SENA MADUREIRA,4.0,1.0,3.0,1340.0,335.0,17000.0,4250.0,3.0,3.0,156.0,12.0,1.0,3.0,4226.0,352.1666666666667,102005.0,8500.416666666666,5.0,7.0,119.0,8.0,0.0,0.0,2886.0,17.166666666666686,85005.0,4250.416666666666,2.0,4.0,-37.0,1,1
01473,AC,TARAUACÁ,4.0,1.0,3.0,1320.0,330.0,20000.0,5000.0,3.0,3.0,156.0,2.0,1.0,2.0,700.0,350.0,15500.0,7750.0,1.0,2.0,9.0,-2.0,0.0,-1.0,-620.0,20.0,-4500.0,2750.0,-2.0,-1.0,-147.0,1,1
01490,AC,XAPURI,0.0,0.0,0.0,0.0,,,,0.0,0.0,,2.0,1.0,1.0,600.0,300.0,15500.0,7750.0,1.0,2.0,25.0,2.0,1.0,1.0,600.0,,,,1.0,2.0,,0,1
01511,AC,PLÁCIDO DE CASTRO,2.0,1.0,1.0,593.0,296.5,4000.0,2000.0,2.0,1.0,156.0,0.0,0.0,0.0,0.0,,,,0.0,0.0,,-2.0,-1.0,-1.0,-593.0,,,,-2.0,-1.0,,0,1
01538,AC,SENADOR GUIOMARD,6.0,1.0,4.0,1721.0,344.2,25100.0,4183.333333333333,4.0,4.0,156.0,2.0,1.0,1.0,750.0,375.0,11000.0,5500.0,2.0,1.0,62.0,-4.0,0.0,-3.0,-971.0,30.80000000000001,-14100.0,1316.666666666667,-2.0,-3.0,-94.0,1,1
01554,AC,MANOEL URBANO,1.0,1.0,1.0,100.0,100.0,2500.0,2500.0,0.0,0.0,109.0,2.0,1.0,1.0,400.0,200.0,13500.0,6750.0,1.0,2.0,23.0,1.0,0.0,0.0,300.0,100.0,11000.0,4250.0,1.0,2.0,-86.0,1,1
01570,AC,ASSIS BRASIL,0.0,0.0,0.0,0.0,,,,0.0,0.0,,2.0,1.0,2.0,400.0,200.0,14000.0,7000.0,1.0,2.0,29.0,2.0,1.0,2.0,400.0,,,,1.0,2.0,,0,1
02003,AM,APUÍ,0.0,0.0,0.0,0.0,,,,0.0,0.0,,1.0,1.0,1.0,400.0,400.0,17710.0,17710.0,0.0,0.0,45.0,1.0,1.0,1.0,400.0,,,,0.0,0.0,,0,1
02011,AM,NOVO AIRÃO,0.0,0.0,0.0,0.0,,,,0.0,0.0,,1.0,1.0,1.0,300.0,300.0,20000.0,20000.0,0.0,0.0,87.0,1.0,1.0,1.0,300.0,,,,0.0,0.0,,0,1
02046,AM,CAREIRO DA VÁRZEA,1.0,1.0,1.0,375.0,375.0,3000.0,3000.0,1.0,0.0,245.0,1.0,1.0,1.0,320.0,320.0,20000.0,20000.0,0.0,1.0,20.0,0.0,0.0,0.0,-55.0,-55.0,17000.0,17000.0,-1.0,1.0,-225.0,1,1
02070,AM,AUTAZES,7.0,1.0,4.0,3713.0,530.4285714285714,33500.0,4785.714285714285,7.0,6.0,142.0,7.0,1.0,4.0,2795.0,399.2857142857143,63000.0,9000.0,5.0,3.0,126.0,0.0,0.0,0.0,-918.0,-131.14285714285717,29500.0,4214.285714285715,-2.0,-3.0,-16.0,1,1
02097,AM,BARCELOS,3.0,1.0,2.0,1492.0,497.3333333333333,24500.0,8166.666666666667,3.0,2.0,35.0,1.0,1.0,1.0,360.0,360.0,20000.0,20000.0,0.0,0.0,86.0,-2.0,0.0,-1.0,-1132.0,-137.33333333333331,-4500.0,11833.333333333332,-3.0,-2.0,51.0,1,1
02119,AM,BARREIRINHA,1.0,1.0,1.0,255.0,255.0,4000.0,4000.0,1.0,1.0,12.0,0.0,0.0,0.0,0.0,,,,0.0,0.0,,-1.0,-1.0,-1.0,-255.0,,,,-1.0,-1.0,,0,1
02135,AM,BENJAMIN CONSTANT,1.0,1.0,1.0,350.0,350.0,17000.0,17000.0,1.0,0.0,66.0,0.0,0.0,0.0,0.0,,,,0.0,0.0,,-1.0,-1.0,-1.0,-350.0,,,,-1.0,0.0,,0,1
02151,AM,BOCA DO ACRE,1.0,1.0,1.0,300.0,300.0,4000.0,4000.0,1.0,1.0,9.0,1.0,1.0,1.0,378.0,378.0,6000.0,6000.0,1.0,1.0,27.0,0.0,0.0,0.0,78.0,78.0,2000.0,2000.0,0.0,0.0,18.0,1,1
02178,AM,BORBA,1.0,1.0,1.0,521.0,521.0,7000.0,7000.0,1.0,1.0,4.0,0.0,0.0,0.0,0.0,,,,0.0,0.0,,-1.0,-1.0,-1.0,-521.0,,,,-1.0,-1.0,,0,1
02194,AM,CANUTAMA,2.0,1.0,1.0,627.0,313.5,8100.0,4050.0,2.0,1.0,91.0,1.0,1.0,1.0,288.0,288.0,4000.0,4000.0,0.0,1.0,7.0,-1.0,0.0,0.0,-339.0,-25.5,-4100.0,-50.0,-2.0,0.0,-84.0,1,1
02232,AM,CAREIRO,4.0,1.0,2.0,1532.0,383.0,15000.0,3750.0,4.0,2.0,245.0,9.0,1.0,4.0,3536.0,392.8888888888889,70500.0,7833.333333333333,6.0,1.0,228.0,5.0,0.0,2.0,2004.0,9.888888888888914,55500.0,4083.333333333333,2.0,-1.0,-17.0,1,1
02259,AM,COARI,18.0,1.0,4.0,11093.0,616.2777777777778,161000.0,8944.444444444445,18.0,3.0,128.0,5.0,1.0,2.0,1895.0,379.0,41500.0,8300.0,5.0,2.0,162.0,-13.0,0.0,-2.0,-9198.0,-237.27777777777783,-119500.0,-644.4444444444453,-13.0,-1.0,34.0,1,1
02275,AM,CODAJÁS,1.0,1.0,1.0,418.0,418.0,5000.0,5000.0,1.0,0.0,49.0,0.0,0.0,0.0,0.0,,,,0.0,0.0,,-1.0,-1.0,-1.0,-418.0,,,,-1.0,0.0,,0,1
02330,AM,FONTE BOA,0.0,0.0,0.0,0.0,,,,0.0,0.0,,5.0,1.0,2.0,1821.0,364.2,56100.0,11220.0,3.0,0.0,238.0,5.0,1.0,2.0,1821.0,,,,3.0,0.0,,0,1
02356,AM,HUMAITÁ,1.0,1.0,1.0,391.0,391.0,4000.0,4000.0,1.0,1.0,4.0,2.0,1.0,1.0,605.0,302.5,9100.0,4550.0,1.0,0.0,146.0,1.0,0.0,0.0,214.0,-88.5,5100.0,550.0,0.0,-1.0,142.0,1,1
02410,AM,ITACOATIARA,5.0,1.0,2.0,2327.0,465.4,27000.0,5400.0,5.0,1.0,245.0,1.0,1.0,1.0,400.0,400.0,26500.0,26500.0,0.0,1.0,5.0,-4.0,0.0,-1.0,-1927.0,-65.39999999999998,-500.0,21100.0,-5.0,0.0,-240.0,1,1
02437,AM,ITAPIRANGA,0.0,0.0,0.0,0.0,,,,0.0,0.0,,1.0,1.0,1.0,368.0,368.0,8000.0,8000.0,1.0,0.0,184.0,1.0,1.0,1.0,368.0,,,,1.0,0.0,,0,1
02470,AM,JURUÁ,1.0,1.0,1.0,256.0,256.0,6000.0,6000.0,1.0,1.0,26.0,2.0,1.0,1.0,725.0,362.5,16000.0,8000.0,2.0,0.0,235.0,1.0,0.0,0.0,469.0,106.5,10000.0,2000.0,1.0,-1.0,209.0,1,1
02496,AM,JUTAÍ,1.0,1.0,1.0,350.0,350.0,10000.0,10000.0,1.0,0.0,73.0,0.0,0.0,0.0,0.0,,,,0.0,0.0,,-1.0,-1.0,-1.0,-350.0,,,,-1.0,0.0,,0,1
02518,AM,LÁBREA,1.0,1.0,1.0,240.0,240.0,10000.0,10000.0,1.0,0.0,37.0,6.0,1.0,3.0,2289.0,381.5,33500.0,5583.333333333333,3.0,2.0,201.0,5.0,0.0,2.0,2049.0,141.5,23500.0,-4416.666666666667,2.0,2.0,164.0,1,1
02534,AM,MANACAPURU,2.0,1.0,2.0,950.0,475.0,25000.0,12500.0,1.0,2.0,22.0,0.0,0.0,0.0,0.0,,,,0.0,0.0,,-2.0,-1.0,-2.0,-950.0,,,,-1.0,-2.0,,0,1
02550,AM,MANAUS,87.0,1.0,13.0,99030.0,1138.2758620689656,1276246.36,14669.4983908046,75.0,33.0,256.0,116.0,1.0,21.0,120996.0,1043.0689655172414,3453295.78,29769.79120689655,68.0,32.0,249.0,29.0,0.0,8.0,21966.0,-95.20689655172418,2177049.42,15100.29281609195,-7.0,-1.0,-7.0,1,1
02577,AM,MANICORÉ,0.0,0.0,0.0,0.0,,,,0.0,0.0,,2.0,1.0,1.0,900.0,450.0,10000.0,5000.0,0.0,0.0,77.0,2.0,1.0,1.0,900.0,,,,0.0,0.0,,0,1
02615,AM,MAUÉS,5.0,1.0,3.0,1798.0,359.6,41000.0,8200.0,4.0,1.0,136.0,6.0,1.0,5.0,3028.0,504.6666666666667,45000.0,7500.0,5.0,3.0,227.0,1.0,0.0,2.0,1230.0,145.06666666666666,4000.0,-700.0,1.0,2.0,91.0,1,1
02631,AM,NHAMUNDÁ,0.0,0.0,0.0,0.0,,,,0.0,0.0,,1.0,1.0,1.0,393.0,393.0,6000.0,6000.0,1.0,0.0,38.0,1.0,1.0,1.0,393.0,,,,1.0,0.0,,0,1
02658,AM,NOVA OLINDA DO NORTE,1.0,1.0,1.0,386.0,386.0,3000.0,3000.0,1.0,1.0,18.0,3.0,1.0,2.0,1054.0,351.3333333333333,31500.0,10500.0,2.0,2.0,122.0,2.0,0.0,1.0,668.0,-34.666666666666686,28500.0,7500.0,1.0,1.0,104.0,1,1
02674,AM,NOVO ARIPUANÃ,0.0,0.0,0.0,0.0,,,,0.0,0.0,,1.0,1.0,1.0,400.0,400.0,7000.0,7000.0,1.0,1.0,17.0,1.0,1.0,1.0,400.0,,,,1.0,1.0,,0,1
02690,AM,PARINTINS,4.0,1.0,4.0,1653.0,413.25,40800.0,10200.0,2.0,3.0,69.0,10.0,1.0,5.0,4428.0,442.8,161500.0,16150.0,7.0,2.0,205.0,6.0,0.0,1.0,2775.0,29.55000000000001,120700.0,5950.0,5.0,-1.0,136.0,1,1
02712,AM,PAUINI,0.0,0.0,0.0,0.0,,,,0.0,0.0,,1.0,1.0,1.0,400.0,400.0,30000.0,30000.0,0.0,1.0,4.0,1.0,1.0,1.0,400.0,,,,0.0,1.0,,0,1
02755,AM,SÃO PAULO DE OLIVENÇA,0.0,0.0,0.0,0.0,,,,0.0,0.0,,1.0,1.0,1.0,377.0,377.0,6000.0,6000.0,1.0,0.0,39.0,1.0,1.0,1.0,377.0,,,,1.0,0.0,,0,1
02810,AM,TEFÉ,3.0,1.0,1.0,1408.0,469.3333333333333,23000.0,7666.666666666667,0.0,2.0,86.0,2.0,1.0,1.0,850.0,425.0,16000.0,8000.0,2.0,0.0,203.0,-1.0,0.0,0.0,-558.0,-44.333333333333314,-7000.0,333.33333333333303,2.0,-2.0,117.0,1,1
02895,AM,ALVARÃES,0.0,0.0,0.0,0.0,,,,0.0,0.0,,3.0,1.0,1.0,1143.0,381.0,22000.0,7333.333333333333,3.0,0.0,235.0,3.0,1.0,1.0,1143.0,,,,3.0,0.0,,0,1
02950,AM,BERURI,1.0,1.0,1.0,600.0,600.0,7200.0,7200.0,1.0,1.0,15.0,0.0,0.0,0.0,0.0,,,,0.0,0.0,,-1.0,-1.0,-1.0,-600.0,,,,-1.0,-1.0,,0,1
02976,AM,BOA VISTA DO RAMOS,1.0,1.0,1.0,521.0,521.0,8000.0,8000.0,1.0,0.0,64.0,1.0,1.0,1.0,550.0,550.0,12000.0,12000.0,1.0,1.0,6.0,0.0,0.0,0.0,29.0,29.0,4000.0,4000.0,0.0,1.0,-58.0,1,1
03000,RR,CAROEBE,2.0,1.0,1.0,400.0,200.0,8000.0,4000.0,2.0,1.0,31.0,1.0,1.0,1.0,300.0,300.0,4000.0,4000.0,1.0,1.0,2.0,-1.0,0.0,0.0,-100.0,100.0,-4000.0,0.0,-1.0,0.0,-29.0,1,1
03018,RR,BOA VISTA,22.0,1.0,7.0,18236.0,828.9090909090909,327760.0,14898.181818181818,9.0,15.0,33.0,17.0,1.0,8.0,15243.0,896.6470588235294,640757.4,37691.611764705885,13.0,11.0,249.0,-5.0,0.0,1.0,-2993.0,67.73796791443851,312997.4,22793.42994652407,4.0,-4.0,216.0,1,1
03026,RR,IRACEMA,1.0,1.0,1.0,150.0,150.0,2000.0,2000.0,1.0,1.0,3.0,1.0,1.0,1.0,300.0,300.0,3000.0,3000.0,1.0,1.0,2.0,0.0,0.0,0.0,150.0,150.0,1000.0,1000.0,0.0,0.0,-1.0,1,1
03034,RR,CARACARAÍ,2.0,1.0,2.0,708.0,354.0,6000.0,3000.0,2.0,1.0,35.0,2.0,1.0,2.0,600.0,300.0,10000.0,5000.0,2.0,1.0,54.0,0.0,0.0,0.0,-108.0,-54.0,4000.0,2000.0,0.0,0.0,19.0,1,1
03042,RR,AMAJARI,1.0,1.0,1.0,200.0,200.0,3000.0,3000.0,1.0,1.0,3.0,1.0,1.0,1.0,300.0,300.0,4000.0,4000.0,1.0,1.0,3.0,0.0,0.0,0.0,100.0,100.0,1000.0,1000.0,0.0,0.0,0.0,1,1
03050,RR,ALTO ALEGRE,3.0,1.0,2.0,900.0,300.0,18000.0,6000.0,3.0,3.0,20.0,3.0,1.0,1.0,1200.0,400.0,16000.0,5333.333333333333,3.0,1.0,162.0,0.0,0.0,-1.0,300.0,100.0,-2000.0,-666.666666666667,0.0,-2.0,142.0,1,1
03069,RR,CANTÁ,2.0,1.0,2.0,450.0,225.0,4000.0,2000.0,2.0,2.0,9.0,1.0,1.0,1.0,400.0,400.0,4000.0,4000.0,1.0,1.0,2.0,-1.0,0.0,-1.0,-50.0,175.0,0.0,2000.0,-1.0,-1.0,-7.0,1,1
03077,RR,BONFIM,4.0,1.0,2.0,1180.0,295.0,15500.0,3875.0,4.0,3.0,38.0,2.0,1.0,1.0,1000.0,500.0,8000.0,4000.0,2.0,2.0,2.0,-2.0,0.0,-1.0,-180.0,205.0,-7500.0,125.0,-2.0,-1.0,-36.0,1,1
03085,RR,RORAINÓPOLIS,3.0,1.0,2.0,796.0,265.3333333333333,12500.0,4166.666666666667,3.0,2.0,31.0,1.0,1.0,1.0,600.0,600.0,6000.0,6000.0,1.0,1.0,2.0,-2.0,0.0,-1.0,-196.0,334.6666666666667,-6500.0,1833.333333333333,-2.0,-1.0,-29.0,1,1
03093,RR,MUCAJAÍ,3.0,1.0,2.0,1000.0,333.3333333333333,23000.0,7666.666666666667,3.0,3.0,25.0,1.0,1.0,1.0,400.0,400.0,4000.0,4000.0,1.0,1.0,2.0,-2.0,0.0,-1.0,-600.0,66.66666666666669,-19000.0,-3666.666666666667,-2.0,-2.0,-23.0,1,1
03107,RR,UIRAMUTÃ,1.0,1.0,1.0,200.0,200.0,4000.0,4000.0,1.0,1.0,3.0,1.0,1.0,1.0,300.0,300.0,7000.0,7000.0,1.0,1.0,3.0,0.0,0.0,0.0,100.0,100.0,3000.0,3000.0,0.0,0.0,0.0,1,1
03115,RR,NORMANDIA,0.0,0.0,0.0,0.0,,,,0.0,0.0,,1.0,1.0,1.0,300.0,300.0,4000.0,4000.0,1.0,1.0,2.0,1.0,1.0,1.0,300.0,,,,1.0,1.0,,0,1
03123,RR,PACARAIMA,1.0,1.0,1.0,400.0,400.0,6000.0,6000.0,1.0,1.0,10.0,1.0,1.0,1.0,300.0,300.0,4000.0,4000.0,1.0,1.0,3.0,0.0,0.0,0.0,-100.0,-100.0,-2000.0,-2000.0,0.0,0.0,-7.0,1,1
03131,RR,SÃO JOÃO DA BALIZA,2.0,1.0,1.0,400.0,200.0,8000.0,4000.0,2.0,1.0,31.0,1.0,1.0,1.0,300.0,300.0,3000.0,3000.0,1.0,1.0,3.0,-1.0,0.0,0.0,-100.0,100.0,-5000.0,-1000.0,-1.0,0.0,-28.0,1,1
03158,RR,SÃO LUIZ,2.0,1.0,2.0,450.0,225.0,8500.0,4250.0,2.0,2.0,27.0,1.0,1.0,1.0,300.0,300.0,3000.0,3000.0,1.0,1.0,4.0,-1.0,0.0,-1.0,-150.0,75.0,-5500.0,-1250.0,-1.0,-1.0,-23.0,1,1
04006,PA,GOIANÉSIA DO PARÁ,0.0,0.0,0.0,0.0,,,,0.0,0.0,,6.0,1.0,3.0,3195.0,532.5,39000.0,6500.0,5.0,3.0,169.0,6.0,1.0,3.0,3195.0,,,,5.0,3.0,,0,1
04014,PA,ABAETETUBA,6.0,1.0,3.0,2500.0,416.6666666666667,48000.0,8000.0,5.0,4.0,91.0,6.0,1.0,3.0,2996.0,499.3333333333333,40000.0,6666.666666666667,2.0,3.0,188.0,0.0,0.0,0.0,496.0,82.66666666666663,-8000.0,-1333.333333333333,-3.0,-1.0,97.0,1,1
04022,PA,TAILÂNDIA,6.0,1.0,1.0,3110.0,518.3333333333334,48000.0,8000.0,6.0,4.0,73.0,8.0,1.0,4.0,3898.0,487.25,58000.0,7250.0,5.0,5.0,101.0,2.0,0.0,3.0,788.0,-31.08333333333337,10000.0,-750.0,-1.0,1.0,28.0,1,1
04030,PA,ACARÁ,0.0,0.0,0.0,0.0,,,,0.0,0.0,,3.0,1.0,2.0,981.0,327.0,17000.0,5666.666666666667,3.0,3.0,29.0,3.0,1.0,2.0,981.0,,,,3.0,3.0,,0,1
04049,PA,BOM JESUS DO TOCANTINS,1.0,1.0,1.0,386.0,386.0,3000.0,3000.0,0.0,1.0,7.0,2.0,1.0,2.0,630.0,315.0,13000.0,6500.0,1.0,2.0,17.0,1.0,0.0,1.0,244.0,-71.0,10000.0,3500.0,1.0,1.0,10.0,1,1
04057,PA,AFUÁ,1.0,1.0,1.0,800.0,800.0,8000.0,8000.0,0.0,0.0,58.0,0.0,0.0,0.0,0.0,,,,0.0,0.0,,-1.0,-1.0,-1.0,-800.0,,,,0.0,0.0,,0,1
04065,PA,SÃO JOÃO DE PIRABAS,1.0,1.0,1.0,500.0,500.0,5000.0,5000.0,1.0,1.0,22.0,0.0,0.0,0.0,0.0,,,,0.0,0.0,,-1.0,-1.0,-1.0,-500.0,,,,-1.0,-1.0,,0,1
04073,PA,ALENQUER,0.0,0.0,0.0,0.0,,,,0.0,0.0,,8.0,1.0,4.0,3600.0,450.0,59000.0,7375.0,5.0,2.0,210.0,8.0,1.0,4.0,3600.0,,,,5.0,2.0,,0,1
04081,PA,TUCUMÃ,7.0,1.0,6.0,2734.0,390.57142857142856,44000.0,6285.714285714285,4.0,6.0,67.0,10.0,1.0,4.0,3683.0,368.3,80000.0,8000.0,6.0,7.0,44.0,3.0,0.0,-2.0,949.0,-22.271428571428544,36000.0,1714.2857142857147,2.0,1.0,-23.0,1,1
04090,PA,ALMEIRIM,2.0,1.0,2.0,850.0,425.0,12000.0,6000.0,2.0,1.0,48.0,1.0,1.0,1.0,400.0,400.0,6000.0,6000.0,1.0,0.0,177.0,-1.0,0.0,-1.0,-450.0,-25.0,-6000.0,0.0,-1.0,-1.0,129.0,1,1
04103,PA,MÃE DO RIO,3.0,1.0,1.0,1000.0,333.3333333333333,14000.0,4666.666666666667,2.0,1.0,142.0,3.0,1.0,3.0,1747.0,582.3333333333334,19000.0,6333.333333333333,2.0,1.0,204.0,0.0,0.0,2.0,747.0,249.00000000000006,5000.0,1666.666666666666,0.0,0.0,62.0,1,1
04111,PA,ALTAMIRA,4.0,1.0,2.0,2385.0,596.25,34000.0,8500.0,4.0,0.0,91.0,6.0,1.0,2.0,3413.0,568.8333333333334,42700.0,7116.666666666667,1.0,3.0,205.0,2.0,0.0,0.0,1028.0,-27.41666666666663,8700.0,-1383.333333333333,-3.0,3.0,114.0,1,1
04120,PA,ELDORADO DOS CARAJÁS,1.0,1.0,1.0,400.0,400.0,4000.0,4000.0,1.0,0.0,31.0,6.0,1.0,2.0,2297.0,382.8333333333333,43000.0,7166.666666666667,6.0,3.0,77.0,5.0,0.0,1.0,1897.0,-17.166666666666686,39000.0,3166.666666666667,5.0,3.0,46.0,1,1
04138,PA,ANAJÁS,0.0,0.0,0.0,0.0,,,,0.0,0.0,,1.0,1.0,1.0,400.0,400.0,8000.0,8000.0,0.0,1.0,20.0,1.0,1.0,1.0,400.0,,,,0.0,1.0,,0,1
04146,PA,SANTA LUZIA DO PARÁ,0.0,0.0,0.0,0.0,,,,0.0,0.0,,2.0,1.0,1.0,788.0,394.0,15000.0,7500.0,1.0,2.0,16.0,2.0,1.0,1.0,788.0,,,,1.0,2.0,,0,1
04154,PA,ANANINDEUA,15.0,1.0,5.0,8010.0,534.0,93000.0,6200.0,14.0,10.0,289.0,10.0,1.0,4.0,6045.0,604.5,116357.0,11635.7,6.0,4.0,217.0,-5.0,0.0,-1.0,-1965.0,70.5,23357.0,5435.700000000001,-8.0,-6.0,-72.0,1,1
04162,PA,PALESTINA DO PARÁ,2.0,1.0,1.0,600.0,300.0,8000.0,4000.0,2.0,1.0,38.0,2.0,1.0,2.0,348.0,174.0,12000.0,6000.0,2.0,2.0,11.0,0.0,0.0,1.0,-252.0,-126.0,4000.0,2000.0,0.0,1.0,-27.0,1,1
04170,PA,AUGUSTO CORRÊA,1.0,1.0,1.0,700.0,700.0,10000.0,10000.0,0.0,1.0,6.0,2.0,1.0,1.0,538.0,269.0,12000.0,6000.0,2.0,1.0,141.0,1.0,0.0,0.0,-162.0,-431.0,2000.0,-4000.0,2.0,0.0,135.0,1,1
04189,PA,IPIXUNA DO PARÁ,1.0,1.0,1.0,546.0,546.0,5000.0,5000.0,1.0,1.0,6.0,4.0,1.0,1.0,2020.0,505.0,30000.0,7500.0,3.0,2.0,191.0,3.0,0.0,0.0,1474.0,-41.0,25000.0,2500.0,2.0,1.0,185.0,1,1
04197,PA,AVEIRO,1.0,1.0,1.0,300.0,300.0,6000.0,6000.0,1.0,1.0,6.0,6.0,1.0,3.0,2870.0,478.3333333333333,47000.0,7833.333333333333,4.0,4.0,153.0,5.0,0.0,2.0,2570.0,178.33333333333331,41000.0,1833.333333333333,3.0,3.0,147.0,1,1
04200,PA,JACAREACANGA,0.0,0.0,0.0,0.0,,,,0.0,0.0,,1.0,1.0,1.0,650.0,650.0,10000.0,10000.0,1.0,0.0,131.0,1.0,1.0,1.0,650.0,,,,1.0,0.0,,0,1
04219,PA,BAGRE,5.0,1.0,2.0,1620.0,324.0,728000.0,145600.0,5.0,2.0,73.0,1.0,1.0,1.0,390.0,390.0,6000.0,6000.0,1.0,0.0,169.0,-4.0,0.0,-1.0,-1230.0,66.0,-722000.0,-139600.0,-4.0,-2.0,96.0,1,1
04227,PA,BRASIL NOVO,1.0,1.0,1.0,400.0,400.0,7000.0,7000.0,1.0,1.0,6.0,0.0,0.0,0.0,0.0,,,,0.0,0.0,,-1.0,-1.0,-1.0,-400.0,,,,-1.0,-1.0,,0,1
04235,PA,BAIÃO,1.0,1.0,1.0,350.0,350.0,4000.0,4000.0,0.0,1.0,4.0,3.0,1.0,2.0,1204.0,401.3333333333333,16000.0,5333.333333333333,0.0,2.0,72.0,2.0,0.0,1.0,854.0,51.333333333333314,12000.0,1333.333333333333,0.0,1.0,68.0,1,1
04251,PA,BARCARENA,7.0,1.0,5.0,3320.0,474.2857142857143,40000.0,5714.285714285715,7.0,4.0,79.0,3.0,1.0,3.0,1835.0,611.6666666666666,24000.0,8000.0,2.0,2.0,150.0,-4.0,0.0,-2.0,-1485.0,137.38095238095235,-16000.0,2285.7142857142853,-5.0,-2.0,71.0,1,1
04260,PA,ÁGUA AZUL DO NORTE,5.0,1.0,4.0,2230.0,446.0,30400.0,6080.0,3.0,5.0,12.0,3.0,1.0,2.0,909.0,303.0,32000.0,10666.666666666666,0.0,1.0,103.0,-2.0,0.0,-2.0,-1321.0,-143.0,1600.0,4586.666666666666,-3.0,-4.0,91.0,1,1
04278,PA,BELÉM,62.0,1.0,16.0,53520.0,863.2258064516129,704400.0,11361.290322580646,42.0,31.0,305.0,75.0,1.0,15.0,81176.0,1082.3466666666666,1944749.4,25929.992,38.0,29.0,256.0,13.0,0.0,-1.0,27656.0,219.12086021505365,1240349.4,14568.701677419353,-4.0,-2.0,-49.0,1,1
04286,PA,TRAIRÃO,2.0,1.0,2.0,700.0,350.0,9000.0,4500.0,1.0,2.0,5.0,3.0,1.0,2.0,1340.0,446.6666666666667,19000.0,6333.333333333333,1.0,2.0,45.0,1.0,0.0,0.0,640.0,96.66666666666669,10000.0,1833.333333333333,0.0,0.0,40.0,1,1
04294,PA,BENEVIDES,6.0,1.0,4.0,2910.0,485.0,39500.0,6583.333333333333,4.0,3.0,132.0,4.0,1.0,4.0,1908.0,477.0,39068.020000000004,9767.005000000001,2.0,1.0,164.0,-2.0,0.0,0.0,-1002.0,-8.0,-431.9799999999959,3183.671666666668,-2.0,-2.0,32.0,1,1
04308,PA,PAU D'ARCO,5.0,1.0,3.0,1378.0,275.6,27000.0,5400.0,5.0,3.0,237.0,11.0,1.0,6.0,4112.0,373.8181818181818,57000.0,5181.818181818182,7.0,4.0,203.0,6.0,0.0,3.0,2734.0,98.21818181818179,30000.0,-218.18181818181802,2.0,1.0,-34.0,1,1
04324,PA,ULIANÓPOLIS,1.0,1.0,1.0,400.0,400.0,7000.0,7000.0,0.0,1.0,7.0,1.0,1.0,1.0,400.0,400.0,8000.0,8000.0,0.0,1.0,4.0,0.0,0.0,0.0,0.0,0.0,1000.0,1000.0,0.0,0.0,-3.0,1,1
04332,PA,BRAGANÇA,4.0,1.0,2.0,2008.0,502.0,22000.0,5500.0,4.0,2.0,239.0,4.0,1.0,4.0,2045.0,511.25,67068.29000000001,16767.072500000002,1.0,3.0,146.0,0.0,0.0,2.0,37.0,9.25,45068.29000000001,11267.072500000002,-3.0,1.0,-93.0,1,1
04359,PA,BREVES,0.0,0.0,0.0,0.0,,,,0.0,0.0,,2.0,1.0,1.0,954.0,477.0,14000.0,7000.0,1.0,1.0,148.0,2.0,1.0,1.0,954.0,,,,1.0,1.0,,0,1
04367,PA,TERRA SANTA,0.0,0.0,0.0,0.0,,,,0.0,0.0,,2.0,1.0,1.0,767.0,383.5,10000.0,5000.0,2.0,0.0,119.0,2.0,1.0,1.0,767.0,,,,2.0,0.0,,0,1
04375,PA,BUJARU,2.0,1.0,2.0,806.0,403.0,8000.0,4000.0,0.0,2.0,17.0,2.0,1.0,2.0,795.0,397.5,16000.0,8000.0,1.0,2.0,7.0,0.0,0.0,0.0,-11.0,-5.5,8000.0,4000.0,1.0,0.0,-10.0,1,1
04383,PA,NOVO PROGRESSO,4.0,1.0,2.0,1800.0,450.0,31000.0,7750.0,4.0,2.0,121.0,1.0,1.0,1.0,500.0,500.0,7000.0,7000.0,0.0,0.0,53.0,-3.0,0.0,-1.0,-1300.0,50.0,-24000.0,-750.0,-4.0,-2.0,-68.0,1,1
04391,PA,CACHOEIRA DO ARARI,0.0,0.0,0.0,0.0,,,,0.0,0.0,,1.0,1.0,1.0,303.0,303.0,6000.0,6000.0,1.0,0.0,109.0,1.0,1.0,1.0,303.0,,,,1.0,0.0,,0,1
04405,PA,VITÓRIA DO XINGU,4.0,1.0,2.0,1383.0,345.75,26000.0,6500.0,4.0,0.0,267.0,2.0,1.0,1.0,1000.0,500.0,10700.0,5350.0,1.0,1.0,208.0,-2.0,0.0,-1.0,-383.0,154.25,-15300.0,-1150.0,-3.0,1.0,-59.0,1,1
04413,PA,CAMETÁ,3.0,1.0,3.0,1300.0,433.3333333333333,17000.0,5666.666666666667,2.0,3.0,8.0,3.0,1.0,3.0,2606.0,868.6666666666666,49130.28,16376.76,1.0,1.0,84.0,0.0,0.0,0.0,1306.0,435.3333333333333,32130.28,10710.093333333334,-1.0,-2.0,76.0,1,1
04421,PA,NOVO REPARTIMENTO,5.0,1.0,3.0,2562.0,512.4,28000.0,5600.0,3.0,2.0,57.0,5.0,1.0,3.0,2955.0,591.0,38000.0,7600.0,3.0,3.0,136.0,0.0,0.0,0.0,393.0,78.60000000000002,10000.0,2000.0,0.0,1.0,79.0,1,1
04430,PA,CAPANEMA,4.0,1.0,2.0,2200.0,550.0,26000.0,6500.0,3.0,2.0,68.0,14.0,1.0,7.0,7911.0,565.0714285714286,128000.0,9142.857142857143,8.0,6.0,226.0,10.0,0.0,5.0,5711.0,15.071428571428555,102000.0,2642.857142857143,5.0,4.0,158.0,1,1
04448,PA,BREU BRANCO,2.0,1.0,1.0,800.0,400.0,12000.0,6000.0,1.0,2.0,23.0,0.0,0.0,0.0,0.0,,,,0.0,0.0,,-2.0,-1.0,-1.0,-800.0,,,,-1.0,-2.0,,0,1
04456,PA,CAPITÃO POÇO,1.0,1.0,1.0,400.0,400.0,5000.0,5000.0,1.0,1.0,7.0,4.0,1.0,4.0,1800.0,450.0,31000.0,7750.0,2.0,4.0,25.0,3.0,0.0,3.0,1400.0,50.0,26000.0,2750.0,1.0,3.0,18.0,1,1
04464,PA,SÃO DOMINGOS DO ARAGUAIA,2.0,1.0,2.0,748.0,374.0,11000.0,5500.0,2.0,0.0,129.0,4.0,1.0,2.0,1315.0,328.75,27000.0,6750.0,3.0,2.0,94.0,2.0,0.0,0.0,567.0,-45.25,16000.0,1250.0,1.0,2.0,-35.0,1,1
04472,PA,CASTANHAL,13.0,1.0,8.0,7360.0,566.1538461538462,119800.0,9215.384615384615,8.0,8.0,73.0,12.0,1.0,6.0,7860.0,655.0,102800.0,8566.666666666666,7.0,5.0,216.0,-1.0,0.0,-2.0,500.0,88.84615384615381,-17000.0,-648.7179487179492,-1.0,-3.0,143.0,1,1
04480,PA,NOVA ESPERANÇA DO PIRIÁ,0.0,0.0,0.0,0.0,,,,0.0,0.0,,3.0,1.0,2.0,1300.0,433.3333333333333,19000.0,6333.333333333333,1.0,2.0,192.0,3.0,1.0,2.0,1300.0,,,,1.0,2.0,,0,1
04499,PA,CHAVES,0.0,0.0,0.0,0.0,,,,0.0,0.0,,2.0,1.0,1.0,800.0,400.0,11000.0,5500.0,1.0,1.0,164.0,2.0,1.0,1.0,800.0,,,,1.0,1.0,,0,1
04502,PA,ABEL FIGUEIREDO,3.0,1.0,2.0,920.0,306.6666666666667,17000.0,5666.666666666667,1.0,3.0,17.0,4.0,1.0,3.0,1605.0,401.25,27000.0,6750.0,1.0,2.0,38.0,1.0,0.0,1.0,685.0,94.58333333333331,10000.0,1083.333333333333,0.0,-1.0,21.0,1,1
04510,PA,COLARES,1.0,1.0,1.0,300.0,300.0,6000.0,6000.0,1.0,1.0,8.0,6.0,1.0,3.0,2145.0,357.5,35000.0,5833.333333333333,4.0,3.0,114.0,5.0,0.0,2.0,1845.0,57.5,29000.0,-166.66666666666697,3.0,2.0,106.0,1,1
04529,PA,CUMARU DO NORTE,3.0,1.0,2.0,1452.0,484.0,12500.0,4166.666666666667,3.0,3.0,18.0,2.0,1.0,2.0,592.0,296.0,14000.0,7000.0,1.0,2.0,18.0,-1.0,0.0,0.0,-860.0,-188.0,1500.0,2833.333333333333,-2.0,-1.0,0.0,1,1
04537,PA,CONCEIÇÃO DO ARAGUAIA,5.0,1.0,1.0,1960.0,392.0,22000.0,4400.0,5.0,3.0,239.0,12.0,1.0,5.0,4919.0,409.9166666666667,80500.0,6708.333333333333,9.0,6.0,252.0,7.0,0.0,4.0,2959.0,17.916666666666686,58500.0,2308.333333333333,4.0,3.0,13.0,1,1
04545,PA,TERRA ALTA,0.0,0.0,0.0,0.0,,,,0.0,0.0,,3.0,1.0,1.0,1196.0,398.6666666666667,15000.0,5000.0,3.0,1.0,259.0,3.0,1.0,1.0,1196.0,,,,3.0,1.0,,0,1
04561,PA,FLORESTA DO ARAGUAIA,6.0,1.0,4.0,1685.0,280.8333333333333,37000.0,6166.666666666667,6.0,5.0,31.0,2.0,1.0,1.0,960.0,480.0,11000.0,5500.0,0.0,2.0,22.0,-4.0,0.0,-3.0,-725.0,199.16666666666669,-26000.0,-666.666666666667,-6.0,-3.0,-9.0,1,1
04570,PA,CURUÇÁ,0.0,0.0,0.0,0.0,,,,0.0,0.0,,1.0,1.0,1.0,403.0,403.0,6000.0,6000.0,1.0,0.0,245.0,1.0,1.0,1.0,403.0,,,,1.0,0.0,,0,1
04588,PA,BANNACH,5.0,1.0,2.0,1158.0,231.6,23000.0,4600.0,5.0,3.0,105.0,2.0,1.0,2.0,565.0,282.5,13000.0,6500.0,1.0,2.0,30.0,-3.0,0.0,0.0,-593.0,50.900000000000006,-10000.0,1900.0,-4.0,-1.0,-75.0,1,1
04596,PA,FARO,2.0,1.0,1.0,550.0,275.0,12000.0,6000.0,2.0,1.0,111.0,3.0,1.0,2.0,1120.0,373.3333333333333,15000.0,5000.0,2.0,1.0,121.0,1.0,0.0,1.0,570.0,98.33333333333331,3000.0,-1000.0,0.0,0.0,10.0,1,1
04600,PA,NOVA IPIXUNA,0.0,0.0,0.0,0.0,,,,0.0,0.0,,3.0,1.0,2.0,1200.0,400.0,22000.0,7333.333333333333,0.0,3.0,22.0,3.0,1.0,2.0,1200.0,,,,0.0,3.0,,0,1
04618,PA,GURUPÁ,0.0,0.0,0.0,0.0,,,,0.0,0.0,,3.0,1.0,2.0,1179.0,393.0,17000.0,5666.666666666667,3.0,2.0,93.0,3.0,1.0,2.0,1179.0,,,,3.0,2.0,,0,1
04626,PA,PLACAS,1.0,1.0,1.0,400.0,400.0,10000.0,10000.0,1.0,1.0,25.0,1.0,1.0,1.0,400.0,400.0,5000.0,5000.0,0.0,1.0,23.0,0.0,0.0,0.0,0.0,0.0,-5000.0,-5000.0,-1.0,0.0,-2.0,1,1
04642,PA,MARITUBA,13.0,1.0,8.0,6145.0,472.6923076923077,105000.0,8076.923076923077,9.0,8.0,133.0,4.0,1.0,2.0,1560.0,390.0,20000.0,5000.0,4.0,1.0,115.0,-9.0,0.0,-6.0,-4585.0,-82.69230769230768,-85000.0,-3076.923076923077,-5.0,-7.0,-18.0,1,1
04650,PA,IGARAPÉ-MIRI,5.0,1.0,3.0,2116.0,423.2,40000.0,8000.0,3.0,4.0,41.0,10.0,1.0,4.0,4512.0,451.2,62000.0,6200.0,6.0,7.0,94.0,5.0,0.0,1.0,2396.0,28.0,22000.0,-1800.0,3.0,3.0,53.0,1,1
04669,PA,TRACUATEUA,0.0,0.0,0.0,0.0,,,,0.0,0.0,,7.0,1.0,2.0,3606.0,515.1428571428571,41000.0,5857.142857142857,5.0,3.0,99.0,7.0,1.0,2.0,3606.0,,,,5.0,3.0,,0,1
04677,PA,INHANGAPI,1.0,1.0,1.0,420.0,420.0,5000.0,5000.0,1.0,1.0,27.0,2.0,1.0,1.0,820.0,410.0,11000.0,5500.0,0.0,1.0,52.0,1.0,0.0,0.0,400.0,-10.0,6000.0,500.0,-1.0,0.0,25.0,1,1
04685,PA,QUATIPURU,2.0,1.0,2.0,700.0,350.0,10000.0,5000.0,2.0,2.0,10.0,2.0,1.0,1.0,872.0,436.0,17000.0,8500.0,0.0,1.0,65.0,0.0,0.0,-1.0,172.0,86.0,7000.0,3500.0,-2.0,-1.0,55.0,1,1
04693,PA,IRITUIA,2.0,1.0,2.0,760.0,380.0,11000.0,5500.0,2.0,2.0,12.0,12.0,1.0,6.0,6047.0,503.9166666666667,88000.0,7333.333333333333,5.0,7.0,198.0,10.0,0.0,4.0,5287.0,123.91666666666669,77000.0,1833.333333333333,3.0,5.0,186.0,1,1
04707,PA,CANAÃ DOS CARAJÁS,18.0,1.0,8.0,8573.0,476.27777777777777,248361.0,13797.833333333334,5.0,8.0,257.0,2.0,1.0,2.0,2840.0,1420.0,49000.0,24500.0,1.0,2.0,10.0,-16.0,0.0,-6.0,-5733.0,943.7222222222222,-199361.0,10702.166666666666,-4.0,-6.0,-247.0,1,1
04715,PA,ITAITUBA,1.0,1.0,1.0,600.0,600.0,10000.0,10000.0,1.0,1.0,30.0,4.0,1.0,2.0,2015.0,503.75,35000.0,8750.0,4.0,3.0,197.0,3.0,0.0,1.0,1415.0,-96.25,25000.0,-1250.0,3.0,2.0,167.0,1,1
04723,PA,ANAPU,1.0,1.0,1.0,350.0,350.0,9000.0,9000.0,1.0,1.0,4.0,4.0,1.0,4.0,1710.0,427.5,29000.0,7250.0,2.0,2.0,110.0,3.0,0.0,3.0,1360.0,77.5,20000.0,-1750.0,1.0,1.0,106.0,1,1
04731,PA,ITUPIRANGA,4.0,1.0,3.0,1708.0,427.0,35814.0,8953.5,2.0,3.0,246.0,5.0,1.0,4.0,2171.0,434.2,41000.0,8200.0,3.0,2.0,170.0,1.0,0.0,1.0,463.0,7.199999999999989,5186.0,-753.5,1.0,-1.0,-76.0,1,1
04758,PA,JACUNDÁ,1.0,1.0,1.0,300.0,300.0,7000.0,7000.0,1.0,0.0,67.0,3.0,1.0,1.0,1200.0,400.0,15000.0,5000.0,3.0,1.0,202.0,2.0,0.0,0.0,900.0,100.0,8000.0,-2000.0,2.0,1.0,135.0,1,1
04766,PA,CACHOEIRA DO PIRIÁ,1.0,1.0,1.0,500.0,500.0,5000.0,5000.0,1.0,1.0,14.0,0.0,0.0,0.0,0.0,,,,0.0,0.0,,-1.0,-1.0,-1.0,-500.0,,,,-1.0,-1.0,,0,1
04774,PA,JURUTI,0.0,0.0,0.0,0.0,,,,0.0,0.0,,6.0,1.0,3.0,2574.0,429.0,33000.0,5500.0,2.0,5.0,44.0,6.0,1.0,3.0,2574.0,,,,2.0,5.0,,0,1
04782,PA,PIÇARRA,2.0,1.0,1.0,590.0,295.0,11000.0,5500.0,2.0,0.0,149.0,1.0,1.0,1.0,350.0,350.0,8000.0,8000.0,1.0,0.0,41.0,-1.0,0.0,0.0,-240.0,55.0,-3000.0,2500.0,-1.0,0.0,-108.0,1,1
04790,PA,LIMOEIRO DO AJURU,2.0,1.0,2.0,800.0,400.0,12000.0,6000.0,1.0,2.0,11.0,1.0,1.0,1.0,400.0,400.0,14000.0,14000.0,0.0,1.0,16.0,-1.0,0.0,-1.0,-400.0,0.0,2000.0,8000.0,-1.0,-1.0,5.0,1,1
04804,PA,BELTERRA,3.0,1.0,1.0,1200.0,400.0,15000.0,5000.0,3.0,2.0,287.0,5.0,1.0,3.0,2080.0,416.0,28400.0,5680.0,1.0,1.0,222.0,2.0,0.0,2.0,880.0,16.0,13400.0,680.0,-2.0,-1.0,-65.0,1,1
04812,PA,MAGALHÃES BARATA,0.0,0.0,0.0,0.0,,,,0.0,0.0,,4.0,1.0,1.0,1540.0,385.0,23000.0,5750.0,3.0,2.0,67.0,4.0,1.0,1.0,1540.0,,,,3.0,2.0,,0,1
04839,PA,MARABÁ,4.0,1.0,3.0,2393.0,598.25,41617.0,10404.25,3.0,1.0,71.0,12.0,1.0,5.0,8805.0,733.75,205204.06,17100.338333333333,1.0,7.0,84.0,8.0,0.0,2.0,6412.0,135.5,163587.06,6696.088333333333,-2.0,6.0,13.0,1,1
04847,PA,SAPUCAIA,2.0,1.0,2.0,575.0,287.5,9500.0,4750.0,2.0,2.0,21.0,1.0,1.0,1.0,150.0,150.0,5000.0,5000.0,1.0,0.0,66.0,-1.0,0.0,-1.0,-425.0,-137.5,-4500.0,250.0,-1.0,-2.0,45.0,1,1
04855,PA,MARACANÃ,0.0,0.0,0.0,0.0,,,,0.0,0.0,,1.0,1.0,1.0,280.0,280.0,7000.0,7000.0,1.0,1.0,12.0,1.0,1.0,1.0,280.0,,,,1.0,1.0,,0,1
04863,PA,MOJUÍ DOS CAMPOS,6.0,1.0,2.0,2600.0,433.3333333333333,34000.0,5666.666666666667,6.0,3.0,290.0,12.0,1.0,4.0,5709.0,475.75,76000.0,6333.333333333333,4.0,7.0,156.0,6.0,0.0,2.0,3109.0,42.416666666666686,42000.0,666.6666666666661,-2.0,4.0,-134.0,1,1
04871,PA,MARAPANIM,0.0,0.0,0.0,0.0,,,,0.0,0.0,,2.0,1.0,1.0,800.0,400.0,10000.0,5000.0,2.0,1.0,37.0,2.0,1.0,1.0,800.0,,,,2.0,1.0,,0,1
04910,PA,MOCAJUBA,5.0,1.0,4.0,2000.0,400.0,30500.0,6100.0,3.0,5.0,30.0,7.0,1.0,5.0,2430.0,347.14285714285717,48500.0,6928.571428571428,4.0,3.0,115.0,2.0,0.0,1.0,430.0,-52.85714285714283,18000.0,828.5714285714284,1.0,-2.0,85.0,1,1
04936,PA,MOJU,1.0,1.0,1.0,500.0,500.0,5000.0,5000.0,0.0,1.0,4.0,10.0,1.0,4.0,4070.0,407.0,68000.0,6800.0,7.0,6.0,155.0,9.0,0.0,3.0,3570.0,-93.0,63000.0,1800.0,7.0,5.0,151.0,1,1
04952,PA,MONTE ALEGRE,1.0,1.0,1.0,400.0,400.0,8000.0,8000.0,1.0,0.0,66.0,1.0,1.0,1.0,400.0,400.0,5000.0,5000.0,0.0,1.0,21.0,0.0,0.0,0.0,0.0,0.0,-3000.0,-3000.0,-1.0,1.0,-45.0,1,1
04979,PA,MUANÁ,2.0,1.0,2.0,820.0,410.0,11500.0,5750.0,1.0,2.0,3.0,3.0,1.0,1.0,1800.0,600.0,42000.0,14000.0,2.0,2.0,24.0,1.0,0.0,-1.0,980.0,190.0,30500.0,8250.0,1.0,0.0,21.0,1,1
04995,PA,NOVA TIMBOTEUA,1.0,1.0,1.0,313.0,313.0,6000.0,6000.0,1.0,0.0,43.0,0.0,0.0,0.0,0.0,,,,0.0,0.0,,-1.0,-1.0,-1.0,-313.0,,,,-1.0,0.0,,0,1
05010,PA,ÓBIDOS,2.0,1.0,1.0,1200.0,600.0,16000.0,8000.0,2.0,2.0,24.0,3.0,1.0,2.0,1200.0,400.0,19000.0,6333.333333333333,0.0,2.0,55.0,1.0,0.0,1.0,0.0,-200.0,3000.0,-1666.666666666667,-2.0,0.0,31.0,1,1
05037,PA,OEIRAS DO PARÁ,0.0,0.0,0.0,0.0,,,,0.0,0.0,,3.0,1.0,2.0,1200.0,400.0,35000.0,11666.666666666666,2.0,1.0,140.0,3.0,1.0,2.0,1200.0,,,,2.0,1.0,,0,1
05053,PA,ORIXIMINÁ,7.0,1.0,3.0,3000.0,428.57142857142856,62000.0,8857.142857142857,7.0,3.0,274.0,0.0,0.0,0.0,0.0,,,,0.0,0.0,,-7.0,-1.0,-3.0,-3000.0,,,,-7.0,-3.0,,0,1
05070,PA,OURÉM,0.0,0.0,0.0,0.0,,,,0.0,0.0,,5.0,1.0,4.0,1700.0,340.0,36000.0,7200.0,2.0,4.0,94.0,5.0,1.0,4.0,1700.0,,,,2.0,4.0,,0,1
05096,PA,PARAGOMINAS,4.0,1.0,2.0,3600.0,900.0,27000.0,6750.0,2.0,3.0,101.0,6.0,1.0,3.0,2600.0,433.3333333333333,48000.0,8000.0,3.0,4.0,190.0,2.0,0.0,1.0,-1000.0,-466.6666666666667,21000.0,1250.0,1.0,1.0,89.0,1,1
05118,PA,PEIXE-BOI,2.0,1.0,2.0,770.0,385.0,8000.0,4000.0,1.0,1.0,49.0,3.0,1.0,2.0,837.0,279.0,15000.0,5000.0,3.0,1.0,245.0,1.0,0.0,0.0,67.0,-106.0,7000.0,1000.0,2.0,0.0,196.0,1,1
05134,PA,PONTA DE PEDRAS,0.0,0.0,0.0,0.0,,,,0.0,0.0,,6.0,1.0,3.0,2499.0,416.5,40000.0,6666.666666666667,1.0,3.0,81.0,6.0,1.0,3.0,2499.0,,,,1.0,3.0,,0,1
05150,PA,PORTEL,0.0,0.0,0.0,0.0,,,,0.0,0.0,,3.0,1.0,1.0,1200.0,400.0,32900.0,10966.666666666666,3.0,2.0,123.0,3.0,1.0,1.0,1200.0,,,,3.0,2.0,,0,1
05177,PA,PORTO DE MOZ,4.0,1.0,1.0,3030.0,757.5,38000.0,9500.0,4.0,2.0,93.0,3.0,1.0,1.0,1965.0,655.0,21000.0,7000.0,2.0,1.0,197.0,-1.0,0.0,0.0,-1065.0,-102.5,-17000.0,-2500.0,-2.0,-1.0,104.0,1,1
05193,PA,PRAINHA,2.0,1.0,1.0,600.0,300.0,12000.0,6000.0,2.0,1.0,87.0,0.0,0.0,0.0,0.0,,,,0.0,0.0,,-2.0,-1.0,-1.0,-600.0,,,,-2.0,-1.0,,0,1
05215,PA,PRIMAVERA,1.0,1.0,1.0,385.0,385.0,4000.0,4000.0,1.0,1.0,6.0,2.0,1.0,1.0,788.0,394.0,9000.0,4500.0,2.0,0.0,176.0,1.0,0.0,0.0,403.0,9.0,5000.0,500.0,1.0,-1.0,170.0,1,1
05231,PA,SALINÓPOLIS,3.0,1.0,2.0,1400.0,466.6666666666667,19000.0,6333.333333333333,2.0,1.0,83.0,7.0,1.0,2.0,3107.0,443.85714285714283,60000.0,8571.42857142857,6.0,3.0,134.0,4.0,0.0,0.0,1707.0,-22.809523809523853,41000.0,2238.0952380952376,4.0,2.0,51.0,1,1
05258,PA,SALVATERRA,0.0,0.0,0.0,0.0,,,,0.0,0.0,,4.0,1.0,4.0,1711.0,427.75,31000.0,7750.0,1.0,3.0,107.0,4.0,1.0,4.0,1711.0,,,,1.0,3.0,,0,1
05290,PA,SANTA ISABEL DO PARÁ,3.0,1.0,2.0,1105.0,368.3333333333333,17000.0,5666.666666666667,3.0,2.0,68.0,9.0,1.0,5.0,5473.0,608.1111111111111,64000.0,7111.111111111111,3.0,5.0,127.0,6.0,0.0,3.0,4368.0,239.77777777777777,47000.0,1444.4444444444443,0.0,3.0,59.0,1,1
05312,PA,SANTA MARIA DO PARÁ,1.0,1.0,1.0,400.0,400.0,10000.0,10000.0,1.0,1.0,6.0,4.0,1.0,4.0,2415.0,603.75,29000.0,7250.0,1.0,4.0,21.0,3.0,0.0,3.0,2015.0,203.75,19000.0,-2750.0,0.0,3.0,15.0,1,1
05339,PA,SANTANA DO ARAGUAIA,6.0,1.0,4.0,2188.0,364.6666666666667,26500.0,4416.666666666667,5.0,4.0,115.0,4.0,1.0,2.0,1740.0,435.0,32000.0,8000.0,2.0,4.0,19.0,-2.0,0.0,-2.0,-448.0,70.33333333333331,5500.0,3583.333333333333,-3.0,0.0,-96.0,1,1
05355,PA,SANTARÉM,20.0,1.0,9.0,12079.0,603.95,218500.0,10925.0,14.0,10.0,308.0,26.0,1.0,8.0,19120.0,735.3846153846154,344071.0,13233.5,5.0,7.0,209.0,6.0,0.0,-1.0,7041.0,131.4346153846153,125571.0,2308.5,-9.0,-3.0,-99.0,1,1
05371,PA,SANTARÉM NOVO,2.0,1.0,1.0,700.0,350.0,12000.0,6000.0,2.0,1.0,43.0,4.0,1.0,1.0,1577.0,394.25,21000.0,5250.0,4.0,1.0,231.0,2.0,0.0,0.0,877.0,44.25,9000.0,-750.0,2.0,0.0,188.0,1,1
05398,PA,SANTO ANTÔNIO DO TAUÁ,0.0,0.0,0.0,0.0,,,,0.0,0.0,,5.0,1.0,3.0,2256.0,451.2,36893.0,7378.6,1.0,3.0,84.0,5.0,1.0,3.0,2256.0,,,,1.0,3.0,,0,1
05410,PA,SÃO CAETANO DE ODIVELAS,1.0,1.0,1.0,400.0,400.0,4000.0,4000.0,1.0,1.0,23.0,0.0,0.0,0.0,0.0,,,,0.0,0.0,,-1.0,-1.0,-1.0,-400.0,,,,-1.0,-1.0,,0,1
05436,PA,SÃO DOMINGOS DO CAPIM,4.0,1.0,3.0,1802.0,450.5,26000.0,6500.0,4.0,1.0,40.0,1.0,1.0,1.0,501.0,501.0,5000.0,5000.0,0.0,1.0,10.0,-3.0,0.0,-2.0,-1301.0,50.5,-21000.0,-1500.0,-4.0,0.0,-30.0,1,1
05452,PA,SÃO FÉLIX DO XINGU,6.0,1.0,4.0,2589.0,431.5,47000.0,7833.333333333333,6.0,3.0,159.0,3.0,1.0,3.0,1280.0,426.6666666666667,17000.0,5666.666666666667,1.0,2.0,40.0,-3.0,0.0,-1.0,-1309.0,-4.833333333333314,-30000.0,-2166.666666666666,-5.0,-1.0,-119.0,1,1
05479,PA,SÃO FRANCISCO DO PARÁ,0.0,0.0,0.0,0.0,,,,0.0,0.0,,3.0,1.0,1.0,1155.0,385.0,16000.0,5333.333333333333,3.0,2.0,128.0,3.0,1.0,1.0,1155.0,,,,3.0,2.0,,0,1
05495,PA,SÃO JOÃO DO ARAGUAIA,0.0,0.0,0.0,0.0,,,,0.0,0.0,,5.0,1.0,2.0,1170.0,234.0,24000.0,4800.0,5.0,1.0,143.0,5.0,1.0,2.0,1170.0,,,,5.0,1.0,,0,1
05517,PA,SÃO MIGUEL DO GUAMÁ,14.0,1.0,7.0,7560.0,540.0,88500.0,6321.428571428572,9.0,11.0,93.0,2.0,1.0,1.0,1000.0,500.0,11000.0,5500.0,2.0,0.0,212.0,-12.0,0.0,-6.0,-6560.0,-40.0,-77500.0,-821.4285714285716,-7.0,-11.0,119.0,1,1
05533,PA,SÃO SEBASTIÃO DA BOA VISTA,1.0,1.0,1.0,1016.0,1016.0,17000.0,17000.0,0.0,1.0,2.0,0.0,0.0,0.0,0.0,,,,0.0,0.0,,-1.0,-1.0,-1.0,-1016.0,,,,0.0,-1.0,,0,1
05576,PA,SOURE,5.0,1.0,2.0,2500.0,500.0,34000.0,6800.0,5.0,4.0,78.0,7.0,1.0,3.0,2490.0,355.7142857142857,50000.0,7142.857142857143,4.0,3.0,124.0,2.0,0.0,1.0,-10.0,-144.28571428571428,16000.0,342.8571428571431,-1.0,-1.0,46.0,1,1
05592,PA,TOMÉ-AÇU,5.0,1.0,1.0,4130.0,826.0,30000.0,6000.0,5.0,1.0,88.0,5.0,1.0,2.0,2433.0,486.6,34000.0,6800.0,4.0,3.0,78.0,0.0,0.0,1.0,-1697.0,-339.4,4000.0,800.0,-1.0,2.0,-10.0,1,1
05614,PA,TUCURUÍ,14.0,1.0,7.0,9886.0,706.1428571428571,115000.0,8214.285714285714,11.0,9.0,244.0,17.0,1.0,8.0,11115.0,653.8235294117648,162000.0,9529.411764705883,13.0,4.0,199.0,3.0,0.0,1.0,1229.0,-52.31932773109236,47000.0,1315.1260504201691,2.0,-5.0,-45.0,1,1
05630,PA,VIGIA,5.0,1.0,3.0,2600.0,520.0,29000.0,5800.0,5.0,4.0,38.0,5.0,1.0,2.0,1804.0,360.8,28000.0,5600.0,5.0,1.0,216.0,0.0,0.0,-1.0,-796.0,-159.2,-1000.0,-200.0,0.0,-3.0,178.0,1,1
05657,PA,VISEU,1.0,1.0,1.0,400.0,400.0,5000.0,5000.0,1.0,1.0,7.0,4.0,1.0,3.0,2264.0,566.0,28000.0,7000.0,3.0,2.0,60.0,3.0,0.0,2.0,1864.0,166.0,23000.0,2000.0,2.0,1.0,53.0,1,1
05673,PA,REDENÇÃO,19.0,1.0,9.0,10246.0,539.2631578947369,97700.0,5142.105263157895,17.0,11.0,268.0,16.0,1.0,5.0,7887.0,492.9375,123500.0,7718.75,8.0,6.0,177.0,-3.0,0.0,-4.0,-2359.0,-46.32565789473688,25800.0,2576.644736842105,-9.0,-5.0,-91.0,1,1
05690,PA,RIO MARIA,4.0,1.0,3.0,1559.0,389.75,24000.0,6000.0,4.0,3.0,36.0,0.0,0.0,0.0,0.0,,,,0.0,0.0,,-4.0,-1.0,-3.0,-1559.0,,,,-4.0,-3.0,,0,1
05711,PA,XINGUARA,8.0,1.0,3.0,3677.0,459.625,53000.0,6625.0,6.0,4.0,192.0,22.0,1.0,8.0,9593.0,436.04545454545456,175653.08000000002,7984.23090909091,6.0,12.0,249.0,14.0,0.0,5.0,5916.0,-23.57954545454544,122653.08000000002,1359.2309090909102,0.0,8.0,57.0,1,1
05738,PA,RONDON DO PARÁ,1.0,1.0,1.0,500.0,500.0,3000.0,3000.0,0.0,1.0,4.0,3.0,1.0,1.0,1102.0,367.3333333333333,25000.0,8333.333333333334,3.0,1.0,53.0,2.0,0.0,0.0,602.0,-132.66666666666669,22000.0,5333.333333333334,3.0,0.0,49.0,1,1
05754,PA,URUARÁ,2.0,1.0,1.0,960.0,480.0,13000.0,6500.0,2.0,0.0,115.0,5.0,1.0,2.0,2782.0,556.4,38700.0,7740.0,3.0,1.0,207.0,3.0,0.0,1.0,1822.0,76.39999999999998,25700.0,1240.0,1.0,1.0,92.0,1,1
05770,PA,MEDICILÂNDIA,0.0,0.0,0.0,0.0,,,,0.0,0.0,,4.0,1.0,3.0,1720.0,430.0,24000.0,6000.0,2.0,2.0,99.0,4.0,1.0,3.0,1720.0,,,,2.0,2.0,,0,1
05797,PA,SÃO GERALDO DO ARAGUAIA,5.0,1.0,3.0,2064.0,412.8,20500.0,4100.0,5.0,3.0,49.0,3.0,1.0,2.0,1181.0,393.6666666666667,20000.0,6666.666666666667,2.0,0.0,143.0,-2.0,0.0,-1.0,-883.0,-19.133333333333326,-500.0,2566.666666666667,-3.0,-3.0,94.0,1,1
05819,PA,CONCÓRDIA DO PARÁ,0.0,0.0,0.0,0.0,,,,0.0,0.0,,3.0,1.0,2.0,1200.0,400.0,30000.0,10000.0,0.0,3.0,13.0,3.0,1.0,2.0,1200.0,,,,0.0,3.0,,0,1
05835,PA,PARAUAPEBAS,26.0,1.0,13.0,19565.0,752.5,287205.0,11046.346153846154,23.0,12.0,278.0,35.0,1.0,9.0,30456.0,870.1714285714286,523507.0,14957.342857142858,13.0,16.0,232.0,9.0,0.0,-4.0,10891.0,117.67142857142858,236302.0,3910.9967032967033,-10.0,4.0,-46.0,1,1
05851,PA,CURIONÓPOLIS,13.0,1.0,8.0,4610.0,354.61538461538464,101817.0,7832.076923076923,4.0,7.0,276.0,0.0,0.0,0.0,0.0,,,,0.0,0.0,,-13.0,-1.0,-8.0,-4610.0,,,,-4.0,-7.0,,0,1
05878,PA,GARRAFÃO DO NORTE,0.0,0.0,0.0,0.0,,,,0.0,0.0,,3.0,1.0,3.0,1105.0,368.3333333333333,23000.0,7666.666666666667,2.0,2.0,206.0,3.0,1.0,3.0,1105.0,,,,2.0,2.0,,0,1
05894,PA,RURÓPOLIS,5.0,1.0,2.0,2500.0,500.0,39000.0,7800.0,5.0,2.0,201.0,14.0,1.0,3.0,6060.0,432.85714285714283,86700.0,6192.857142857143,6.0,4.0,214.0,9.0,0.0,1.0,3560.0,-67.14285714285717,47700.0,-1607.1428571428569,1.0,2.0,13.0,1,1
05916,PA,PACAJÁ,3.0,1.0,1.0,1500.0,500.0,22000.0,7333.333333333333,3.0,2.0,82.0,0.0,0.0,0.0,0.0,,,,0.0,0.0,,-3.0,-1.0,-1.0,-1500.0,,,,-3.0,-2.0,,0,1
05932,PA,BREJO GRANDE DO ARAGUAIA,1.0,1.0,1.0,160.0,160.0,4000.0,4000.0,0.0,0.0,58.0,2.0,1.0,1.0,380.0,190.0,10000.0,5000.0,2.0,1.0,67.0,1.0,0.0,0.0,220.0,30.0,6000.0,1000.0,2.0,1.0,9.0,1,1
05959,PA,OURILÂNDIA DO NORTE,1.0,1.0,1.0,280.0,280.0,4500.0,4500.0,0.0,1.0,22.0,2.0,1.0,1.0,1040.0,520.0,13000.0,6500.0,0.0,1.0,68.0,1.0,0.0,0.0,760.0,240.0,8500.0,2000.0,0.0,0.0,46.0,1,1
05975,PA,DOM ELISEU,2.0,1.0,2.0,600.0,300.0,15000.0,7500.0,2.0,2.0,8.0,1.0,1.0,1.0,400.0,400.0,8000.0,8000.0,0.0,1.0,4.0,-1.0,0.0,-1.0,-200.0,100.0,-7000.0,500.0,-2.0,-1.0,-4.0,1,1
05991,PA,SANTA MARIA DAS BARREIRAS,3.0,1.0,3.0,988.0,329.3333333333333,19000.0,6333.333333333333,3.0,1.0,173.0,9.0,1.0,4.0,3033.0,337.0,63000.0,7000.0,9.0,2.0,254.0,6.0,0.0,1.0,2045.0,7.666666666666686,44000.0,666.666666666667,6.0,1.0,81.0,1,1
06017,AP,AMAPÁ,0.0,0.0,0.0,0.0,,,,0.0,0.0,,2.0,1.0,1.0,616.0,308.0,10000.0,5000.0,1.0,2.0,24.0,2.0,1.0,1.0,616.0,,,,1.0,2.0,,0,1
06025,AP,PORTO GRANDE,0.0,0.0,0.0,0.0,,,,0.0,0.0,,2.0,1.0,1.0,752.0,376.0,10000.0,5000.0,2.0,2.0,26.0,2.0,1.0,1.0,752.0,,,,2.0,2.0,,0,1
06033,AP,CALÇOENE,0.0,0.0,0.0,0.0,,,,0.0,0.0,,3.0,1.0,1.0,1046.0,348.6666666666667,15000.0,5000.0,2.0,2.0,33.0,3.0,1.0,1.0,1046.0,,,,2.0,2.0,,0,1
06041,AP,ITAUBAL,0.0,0.0,0.0,0.0,,,,0.0,0.0,,2.0,1.0,2.0,693.0,346.5,11000.0,5500.0,2.0,1.0,40.0,2.0,1.0,2.0,693.0,,,,2.0,1.0,,0,1
06050,AP,MACAPÁ,31.0,1.0,8.0,22157.0,714.741935483871,570936.0,18417.290322580644,17.0,10.0,86.0,16.0,1.0,7.0,11544.0,721.5,563959.4,35247.4625,12.0,6.0,241.0,-15.0,0.0,-1.0,-10613.0,6.758064516129025,-6976.599999999977,16830.172177419357,-5.0,-4.0,155.0,1,1
06068,AP,CUTIAS,0.0,0.0,0.0,0.0,,,,0.0,0.0,,5.0,1.0,2.0,1809.0,361.8,29000.0,5800.0,4.0,3.0,58.0,5.0,1.0,2.0,1809.0,,,,4.0,3.0,,0,1
06076,AP,MAZAGÃO,3.0,1.0,2.0,1150.0,383.3333333333333,16500.0,5500.0,3.0,2.0,31.0,2.0,1.0,1.0,756.0,378.0,10000.0,5000.0,1.0,2.0,12.0,-1.0,0.0,-1.0,-394.0,-5.333333333333314,-6500.0,-500.0,-2.0,0.0,-19.0,1,1
06084,AP,PEDRA BRANCA DO AMAPARI,0.0,0.0,0.0,0.0,,,,0.0,0.0,,2.0,1.0,1.0,618.0,309.0,10000.0,5000.0,2.0,2.0,26.0,2.0,1.0,1.0,618.0,,,,2.0,2.0,,0,1
06092,AP,OIAPOQUE,0.0,0.0,0.0,0.0,,,,0.0,0.0,,8.0,1.0,2.0,3281.0,410.125,57000.0,7125.0,4.0,5.0,30.0,8.0,1.0,2.0,3281.0,,,,4.0,5.0,,0,1
06106,AP,SERRA DO NAVIO,0.0,0.0,0.0,0.0,,,,0.0,0.0,,2.0,1.0,1.0,616.0,308.0,10000.0,5000.0,2.0,2.0,22.0,2.0,1.0,1.0,616.0,,,,2.0,2.0,,0,1
06114,AP,FERREIRA GOMES,0.0,0.0,0.0,0.0,,,,0.0,0.0,,2.0,1.0,1.0,770.0,385.0,14000.0,7000.0,2.0,2.0,12.0,2.0,1.0,1.0,770.0,,,,2.0,2.0,,0,1
06122,AP,VITÓRIA DO JARI,0.0,0.0,0.0,0.0,,,,0.0,0.0,,2.0,1.0,1.0,742.0,371.0,10000.0,5000.0,1.0,2.0,28.0,2.0,1.0,1.0,742.0,,,,1.0,2.0,,0,1
06130,AP,LARANJAL DO JARI,4.0,1.0,2.0,2000.0,500.0,31500.0,7875.0,4.0,2.0,31.0,2.0,1.0,1.0,847.0,423.5,10000.0,5000.0,1.0,2.0,28.0,-2.0,0.0,-1.0,-1153.0,-76.5,-21500.0,-2875.0,-3.0,0.0,-3.0,1,1
06157,AP,SANTANA,5.0,1.0,4.0,2301.0,460.2,56200.0,11240.0,4.0,3.0,43.0,6.0,1.0,5.0,3060.0,510.0,58500.0,9750.0,4.0,5.0,34.0,1.0,0.0,1.0,759.0,49.80000000000001,2300.0,-1490.0,0.0,2.0,-9.0,1,1
06173,AP,TARTARUGALZINHO,2.0,1.0,1.0,700.0,350.0,13000.0,6500.0,2.0,2.0,7.0,3.0,1.0,1.0,1054.0,351.3333333333333,10500.0,3500.0,2.0,2.0,53.0,1.0,0.0,0.0,354.0,1.3333333333333144,-2500.0,-3000.0,0.0,0.0,46.0,1,1
07005,MA,ÁGUA DOCE DO MARANHÃO,5.0,1.0,3.0,1914.0,382.8,21000.0,4200.0,4.0,1.0,129.0,3.0,1.0,3.0,1043.0,347.6666666666667,13000.0,4333.333333333333,0.0,2.0,50.0,-2.0,0.0,0.0,-871.0,-35.133333333333326,-8000.0,133.33333333333303,-4.0,1.0,-79.0,1,1
07013,MA,AFONSO CUNHA,3.0,1.0,2.0,875.0,291.6666666666667,15700.0,5233.333333333333,0.0,1.0,240.0,1.0,1.0,1.0,350.0,350.0,7000.0,7000.0,1.0,1.0,6.0,-2.0,0.0,-1.0,-525.0,58.333333333333314,-8700.0,1766.666666666667,1.0,0.0,-234.0,1,1
07021,MA,ALTO ALEGRE DO MARANHÃO,2.0,1.0,2.0,771.0,385.5,8000.0,4000.0,1.0,2.0,30.0,1.0,1.0,1.0,400.0,400.0,4000.0,4000.0,0.0,1.0,4.0,-1.0,0.0,-1.0,-371.0,14.5,-4000.0,0.0,-1.0,-1.0,-26.0,1,1
07030,MA,ALCÂNTARA,0.0,0.0,0.0,0.0,,,,0.0,0.0,,1.0,1.0,1.0,318.0,318.0,8000.0,8000.0,0.0,1.0,18.0,1.0,1.0,1.0,318.0,,,,0.0,1.0,,0,1
07048,MA,ALTO ALEGRE DO PINDARÉ,5.0,1.0,2.0,1478.0,295.6,38000.0,7600.0,1.0,3.0,245.0,6.0,1.0,3.0,2082.0,347.0,41000.0,6833.333333333333,1.0,2.0,271.0,1.0,0.0,1.0,604.0,51.39999999999998,3000.0,-766.666666666667,0.0,-1.0,26.0,1,1
07056,MA,ALDEIAS ALTAS,1.0,1.0,1.0,4370.0,4370.0,3000.0,3000.0,1.0,0.0,152.0,1.0,1.0,1.0,312.0,312.0,6000.0,6000.0,0.0,1.0,20.0,0.0,0.0,0.0,-4058.0,-4058.0,3000.0,3000.0,-1.0,1.0,-132.0,1,1
07064,MA,APICUM-AÇU,5.0,1.0,3.0,2053.0,410.6,19500.0,3900.0,2.0,1.0,309.0,1.0,1.0,1.0,340.0,340.0,6000.0,6000.0,0.0,0.0,193.0,-4.0,0.0,-2.0,-1713.0,-70.60000000000002,-13500.0,2100.0,-2.0,-1.0,-116.0,1,1
07072,MA,ALTAMIRA DO MARANHÃO,2.0,1.0,2.0,1200.0,600.0,13000.0,6500.0,2.0,2.0,6.0,8.0,1.0,6.0,3248.0,406.0,34500.0,4312.5,0.0,4.0,150.0,6.0,0.0,4.0,2048.0,-194.0,21500.0,-2187.5,-2.0,2.0,144.0,1,1
07080,MA,AMAPÁ DO MARANHÃO,7.0,1.0,5.0,2482.0,354.57142857142856,27500.0,3928.5714285714284,6.0,3.0,270.0,1.0,1.0,1.0,341.0,341.0,3000.0,3000.0,0.0,1.0,12.0,-6.0,0.0,-4.0,-2141.0,-13.571428571428555,-24500.0,-928.5714285714284,-6.0,-2.0,-258.0,1,1
07099,MA,ALTO PARNAÍBA,0.0,0.0,0.0,0.0,,,,0.0,0.0,,4.0,1.0,3.0,1070.0,267.5,22500.0,5625.0,0.0,0.0,179.0,4.0,1.0,3.0,1070.0,,,,0.0,0.0,,0,1
07102,MA,ARAGUANÃ,4.0,1.0,4.0,1283.0,320.75,23000.0,5750.0,1.0,2.0,110.0,1.0,1.0,1.0,380.0,380.0,4500.0,4500.0,0.0,1.0,17.0,-3.0,0.0,-3.0,-903.0,59.25,-18500.0,-1250.0,-1.0,-1.0,-93.0,1,1
07110,MA,AMARANTE DO MARANHÃO,2.0,1.0,2.0,1035.0,517.5,11000.0,5500.0,1.0,0.0,53.0,0.0,0.0,0.0,0.0,,,,0.0,0.0,,-2.0,-1.0,-2.0,-1035.0,,,,-1.0,0.0,,0,1
07129,MA,BACABEIRA,4.0,1.0,3.0,1898.0,474.5,27000.0,6750.0,2.0,4.0,17.0,5.0,1.0,3.0,1471.0,294.2,29000.0,5800.0,0.0,0.0,257.0,1.0,0.0,0.0,-427.0,-180.3,2000.0,-950.0,-2.0,-4.0,240.0,1,1
07137,MA,ANAJATUBA,1.0,1.0,1.0,400.0,400.0,8000.0,8000.0,0.0,0.0,39.0,4.0,1.0,3.0,2220.0,555.0,17500.0,4375.0,0.0,4.0,30.0,3.0,0.0,2.0,1820.0,155.0,9500.0,-3625.0,0.0,4.0,-9.0,1,1
07145,MA,BACURITUBA,0.0,0.0,0.0,0.0,,,,0.0,0.0,,1.0,1.0,1.0,331.0,331.0,6000.0,6000.0,0.0,1.0,15.0,1.0,1.0,1.0,331.0,,,,0.0,1.0,,0,1
07153,MA,ANAPURUS,2.0,1.0,1.0,929.0,464.5,8000.0,4000.0,0.0,1.0,43.0,1.0,1.0,1.0,400.0,400.0,6000.0,6000.0,0.0,1.0,9.0,-1.0,0.0,0.0,-529.0,-64.5,-2000.0,2000.0,0.0,0.0,-34.0,1,1
07161,MA,BELÁGUA,1.0,1.0,1.0,435.0,435.0,5000.0,5000.0,1.0,1.0,9.0,0.0,0.0,0.0,0.0,,,,0.0,0.0,,-1.0,-1.0,-1.0,-435.0,,,,-1.0,-1.0,,0,1
07170,MA,ARAIOSES,2.0,1.0,2.0,903.0,451.5,8000.0,4000.0,1.0,1.0,150.0,3.0,1.0,2.0,1767.0,589.0,13000.0,4333.333333333333,0.0,1.0,109.0,1.0,0.0,0.0,864.0,137.5,5000.0,333.33333333333303,-1.0,0.0,-41.0,1,1
07188,MA,BELA VISTA DO MARANHÃO,2.0,1.0,2.0,650.0,325.0,9000.0,4500.0,1.0,0.0,57.0,6.0,1.0,5.0,2440.0,406.6666666666667,33500.0,5583.333333333333,0.0,3.0,141.0,4.0,0.0,3.0,1790.0,81.66666666666669,24500.0,1083.333333333333,-1.0,3.0,84.0,1,1
07196,MA,ARARI,5.0,1.0,3.0,1564.0,312.8,28000.0,5600.0,2.0,3.0,75.0,8.0,1.0,4.0,3578.0,447.25,46000.0,5750.0,0.0,4.0,209.0,3.0,0.0,1.0,2014.0,134.45,18000.0,150.0,-2.0,1.0,134.0,1,1
07200,MA,BERNARDO DO MEARIM,1.0,1.0,1.0,300.0,300.0,5000.0,5000.0,0.0,0.0,87.0,2.0,1.0,1.0,600.0,300.0,10000.0,5000.0,0.0,0.0,63.0,1.0,0.0,0.0,300.0,0.0,5000.0,0.0,0.0,0.0,-24.0,1,1
07226,MA,CACHOEIRA GRANDE,1.0,1.0,1.0,343.0,343.0,4000.0,4000.0,1.0,1.0,5.0,1.0,1.0,1.0,308.0,308.0,3500.0,3500.0,0.0,0.0,50.0,0.0,0.0,0.0,-35.0,-35.0,-500.0,-500.0,-1.0,-1.0,45.0,1,1
07234,MA,BACABAL,7.0,1.0,5.0,4010.0,572.8571428571429,50000.0,7142.857142857143,2.0,2.0,127.0,9.0,1.0,4.0,5064.0,562.6666666666666,62000.0,6888.888888888889,0.0,4.0,224.0,2.0,0.0,-1.0,1054.0,-10.19047619047626,12000.0,-253.96825396825443,-2.0,2.0,97.0,1,1
07242,MA,DAVINÓPOLIS,1.0,1.0,1.0,385.0,385.0,4000.0,4000.0,1.0,1.0,5.0,3.0,1.0,3.0,1108.0,369.3333333333333,14000.0,4666.666666666667,1.0,3.0,13.0,2.0,0.0,2.0,723.0,-15.666666666666686,10000.0,666.666666666667,0.0,2.0,8.0,1,1
07250,MA,BACURI,2.0,1.0,2.0,1054.0,527.0,8500.0,4250.0,2.0,1.0,296.0,3.0,1.0,3.0,1672.0,557.3333333333334,13000.0,4333.333333333333,0.0,0.0,154.0,1.0,0.0,1.0,618.0,30.33333333333337,4500.0,83.33333333333303,-2.0,-1.0,-142.0,1,1
07269,MA,BOM JESUS DAS SELVAS,3.0,1.0,3.0,1300.0,433.3333333333333,13000.0,4333.333333333333,1.0,2.0,45.0,2.0,1.0,1.0,1002.0,501.0,14000.0,7000.0,0.0,1.0,52.0,-1.0,0.0,-2.0,-298.0,67.66666666666669,1000.0,2666.666666666667,-1.0,-1.0,7.0,1,1
07277,MA,BALSAS,2.0,1.0,1.0,1200.0,600.0,22000.0,11000.0,0.0,1.0,55.0,10.0,1.0,8.0,6489.0,648.9,91500.0,9150.0,1.0,6.0,81.0,8.0,0.0,7.0,5289.0,48.89999999999998,69500.0,-1850.0,1.0,5.0,26.0,1,1
07285,MA,BOM LUGAR,0.0,0.0,0.0,0.0,,,,0.0,0.0,,1.0,1.0,1.0,800.0,800.0,6000.0,6000.0,0.0,0.0,88.0,1.0,1.0,1.0,800.0,,,,0.0,0.0,,0,1
07293,MA,BARÃO DE GRAJAÚ,6.0,1.0,3.0,2240.0,373.3333333333333,23500.0,3916.6666666666665,0.0,3.0,131.0,4.0,1.0,4.0,2260.0,565.0,28500.0,7125.0,0.0,2.0,140.0,-2.0,0.0,1.0,20.0,191.66666666666669,5000.0,3208.3333333333335,0.0,-1.0,9.0,1,1
07307,MA,BREJO DE AREIA,0.0,0.0,0.0,0.0,,,,0.0,0.0,,3.0,1.0,3.0,809.0,269.6666666666667,10500.0,3500.0,1.0,3.0,24.0,3.0,1.0,3.0,809.0,,,,1.0,3.0,,0,1
07315,MA,BARRA DO CORDA,7.0,1.0,4.0,3316.0,473.7142857142857,35500.0,5071.428571428572,1.0,3.0,257.0,11.0,1.0,4.0,4755.0,432.27272727272725,77500.0,7045.454545454545,2.0,5.0,137.0,4.0,0.0,0.0,1439.0,-41.44155844155847,42000.0,1974.0259740259735,1.0,2.0,-120.0,1,1
07323,MA,BOA VISTA DO GURUPI,5.0,1.0,2.0,1916.0,383.2,17500.0,3500.0,5.0,2.0,271.0,4.0,1.0,3.0,1667.0,416.75,31000.0,7750.0,2.0,3.0,185.0,-1.0,0.0,1.0,-249.0,33.55000000000001,13500.0,4250.0,-3.0,1.0,-86.0,1,1
07331,MA,BARREIRINHAS,6.0,1.0,5.0,2549.0,424.8333333333333,39500.0,6583.333333333333,1.0,4.0,51.0,13.0,1.0,10.0,6076.0,467.38461538461536,122457.8,9419.83076923077,1.0,3.0,232.0,7.0,0.0,5.0,3527.0,42.551282051282044,82957.8,2836.497435897437,0.0,-1.0,181.0,1,1
07340,MA,BURITICUPU,4.0,1.0,3.0,2060.0,515.0,21000.0,5250.0,2.0,1.0,82.0,8.0,1.0,6.0,5399.0,674.875,70200.0,8775.0,4.0,3.0,247.0,4.0,0.0,3.0,3339.0,159.875,49200.0,3525.0,2.0,2.0,165.0,1,1
07358,MA,BENEDITO LEITE,1.0,1.0,1.0,501.0,501.0,6500.0,6500.0,0.0,0.0,64.0,1.0,1.0,1.0,212.0,212.0,4500.0,4500.0,0.0,1.0,15.0,0.0,0.0,0.0,-289.0,-289.0,-2000.0,-2000.0,0.0,1.0,-49.0,1,1
07366,MA,BURITIRANA,2.0,1.0,1.0,800.0,400.0,15000.0,7500.0,2.0,1.0,69.0,0.0,0.0,0.0,0.0,,,,0.0,0.0,,-2.0,-1.0,-1.0,-800.0,,,,-2.0,-1.0,,0,1
07374,MA,BEQUIMÃO,0.0,0.0,0.0,0.0,,,,0.0,0.0,,1.0,1.0,1.0,380.0,380.0,8000.0,8000.0,0.0,1.0,8.0,1.0,1.0,1.0,380.0,,,,0.0,1.0,,0,1
07382,MA,CAMPESTRE DO MARANHÃO,1.0,1.0,1.0,245.0,245.0,4000.0,4000.0,1.0,0.0,148.0,2.0,1.0,2.0,466.0,233.0,10000.0,5000.0,2.0,1.0,101.0,1.0,0.0,1.0,221.0,-12.0,6000.0,1000.0,1.0,1.0,-47.0,1,1
07390,MA,BREJO,10.0,1.0,5.0,5429.0,542.9,44000.0,4400.0,6.0,3.0,295.0,5.0,1.0,4.0,2109.0,421.8,29500.0,5900.0,1.0,2.0,226.0,-5.0,0.0,-1.0,-3320.0,-121.09999999999997,-14500.0,1500.0,-5.0,-1.0,-69.0,1,1
07404,MA,CAPINZAL DO NORTE,2.0,1.0,2.0,766.0,383.0,8500.0,4250.0,1.0,1.0,244.0,3.0,1.0,3.0,1228.0,409.3333333333333,9500.0,3166.6666666666665,2.0,0.0,262.0,1.0,0.0,1.0,462.0,26.333333333333314,1000.0,-1083.3333333333335,1.0,-1.0,18.0,1,1
07412,MA,BURITI,0.0,0.0,0.0,0.0,,,,0.0,0.0,,5.0,1.0,5.0,2544.0,508.8,27500.0,5500.0,0.0,4.0,69.0,5.0,1.0,5.0,2544.0,,,,0.0,4.0,,0,1
07420,MA,CENTRAL DO MARANHÃO,3.0,1.0,3.0,1120.0,373.3333333333333,13500.0,4500.0,2.0,1.0,307.0,0.0,0.0,0.0,0.0,,,,0.0,0.0,,-3.0,-1.0,-3.0,-1120.0,,,,-2.0,-1.0,,0,1
07439,MA,BURITI BRAVO,5.0,1.0,4.0,2347.0,469.4,27000.0,5400.0,3.0,5.0,30.0,10.0,1.0,5.0,6502.0,650.2,79566.0,7956.6,5.0,4.0,141.0,5.0,0.0,1.0,4155.0,180.80000000000007,52566.0,2556.6000000000004,2.0,-1.0,111.0,1,1
07447,MA,CENTRO DO GUILHERME,0.0,0.0,0.0,0.0,,,,0.0,0.0,,2.0,1.0,1.0,887.0,443.5,15000.0,7500.0,0.0,1.0,121.0,2.0,1.0,1.0,887.0,,,,0.0,1.0,,0,1
07455,MA,CAJAPIÓ,0.0,0.0,0.0,0.0,,,,0.0,0.0,,2.0,1.0,2.0,710.0,355.0,11500.0,5750.0,1.0,1.0,71.0,2.0,1.0,2.0,710.0,,,,1.0,1.0,,0,1
07463,MA,CENTRO NOVO DO MARANHÃO,0.0,0.0,0.0,0.0,,,,0.0,0.0,,2.0,1.0,1.0,600.0,300.0,10000.0,5000.0,0.0,1.0,131.0,2.0,1.0,1.0,600.0,,,,0.0,1.0,,0,1
07471,MA,CAJARI,5.0,1.0,3.0,2204.0,440.8,37500.0,7500.0,3.0,2.0,284.0,0.0,0.0,0.0,0.0,,,,0.0,0.0,,-5.0,-1.0,-3.0,-2204.0,,,,-3.0,-2.0,,0,1
07480,MA,CIDELÂNDIA,1.0,1.0,1.0,300.0,300.0,6000.0,6000.0,1.0,1.0,16.0,1.0,1.0,1.0,384.0,384.0,4000.0,4000.0,0.0,1.0,5.0,0.0,0.0,0.0,84.0,84.0,-2000.0,-2000.0,-1.0,0.0,-11.0,1,1
07498,MA,CÂNDIDO MENDES,1.0,1.0,1.0,300.0,300.0,6000.0,6000.0,1.0,1.0,10.0,1.0,1.0,1.0,390.0,390.0,5000.0,5000.0,1.0,0.0,101.0,0.0,0.0,0.0,90.0,90.0,-1000.0,-1000.0,0.0,-1.0,91.0,1,1
07501,MA,CONCEIÇÃO DO LAGO-AÇU,1.0,1.0,1.0,372.0,372.0,4000.0,4000.0,0.0,1.0,3.0,3.0,1.0,2.0,1180.0,393.3333333333333,15500.0,5166.666666666667,0.0,1.0,200.0,2.0,0.0,1.0,808.0,21.333333333333314,11500.0,1166.666666666667,0.0,0.0,197.0,1,1
07510,MA,CANTANHEDE,6.0,1.0,5.0,2032.0,338.6666666666667,36500.0,6083.333333333333,4.0,3.0,79.0,1.0,1.0,1.0,350.0,350.0,5000.0,5000.0,0.0,0.0,38.0,-5.0,0.0,-4.0,-1682.0,11.333333333333314,-31500.0,-1083.333333333333,-4.0,-3.0,-41.0,1,1
07528,MA,FEIRA NOVA DO MARANHÃO,9.0,1.0,5.0,2936.0,326.22222222222223,46000.0,5111.111111111111,9.0,5.0,110.0,3.0,1.0,3.0,921.0,307.0,15500.0,5166.666666666667,1.0,1.0,184.0,-6.0,0.0,-2.0,-2015.0,-19.22222222222223,-30500.0,55.55555555555566,-8.0,-4.0,74.0,1,1
07536,MA,CAROLINA,5.0,1.0,3.0,1985.0,397.0,28500.0,5700.0,3.0,4.0,102.0,2.0,1.0,2.0,666.0,333.0,16000.0,8000.0,1.0,2.0,14.0,-3.0,0.0,-1.0,-1319.0,-64.0,-12500.0,2300.0,-2.0,-2.0,-88.0,1,1
07544,MA,FERNANDO FALCÃO,6.0,1.0,2.0,2368.0,394.6666666666667,27000.0,4500.0,0.0,3.0,247.0,5.0,1.0,1.0,1615.0,323.0,30000.0,6000.0,0.0,2.0,140.0,-1.0,0.0,-1.0,-753.0,-71.66666666666669,3000.0,1500.0,0.0,-1.0,-107.0,1,1
07552,MA,CARUTAPERA,2.0,1.0,2.0,1465.0,732.5,16000.0,8000.0,2.0,1.0,46.0,0.0,0.0,0.0,0.0,,,,0.0,0.0,,-2.0,-1.0,-2.0,-1465.0,,,,-2.0,-1.0,,0,1
07560,MA,FORMOSA DA SERRA NEGRA,6.0,1.0,4.0,2680.0,446.6666666666667,36800.0,6133.333333333333,6.0,4.0,120.0,5.0,1.0,3.0,2292.0,458.4,32200.0,6440.0,0.0,2.0,260.0,-1.0,0.0,-1.0,-388.0,11.733333333333292,-4600.0,306.66666666666697,-6.0,-2.0,140.0,1,1
07579,MA,CAXIAS,9.0,1.0,5.0,8515.0,946.1111111111111,73000.0,8111.111111111111,4.0,3.0,146.0,17.0,1.0,11.0,9320.0,548.2352941176471,127500.0,7500.0,1.0,10.0,193.0,8.0,0.0,6.0,805.0,-397.875816993464,54500.0,-611.1111111111113,-3.0,7.0,47.0,1,1
07595,MA,CEDRAL,2.0,1.0,2.0,700.0,350.0,10000.0,5000.0,2.0,2.0,13.0,2.0,1.0,2.0,563.0,281.5,9600.0,4800.0,0.0,2.0,11.0,0.0,0.0,0.0,-137.0,-68.5,-400.0,-200.0,-2.0,0.0,-2.0,1,1
07617,MA,CHAPADINHA,2.0,1.0,2.0,700.0,350.0,16000.0,8000.0,0.0,1.0,37.0,1.0,1.0,1.0,600.0,600.0,7000.0,7000.0,0.0,1.0,29.0,-1.0,0.0,-1.0,-100.0,250.0,-9000.0,-1000.0,0.0,0.0,-8.0,1,1
07625,MA,GOVERNADOR LUIZ ROCHA,3.0,1.0,2.0,1029.0,343.0,12500.0,4166.666666666667,3.0,1.0,111.0,1.0,1.0,1.0,535.0,535.0,3500.0,3500.0,1.0,0.0,49.0,-2.0,0.0,-1.0,-494.0,192.0,-9000.0,-666.666666666667,-2.0,-1.0,-62.0,1,1
07633,MA,CODÓ,13.0,1.0,5.0,6140.0,472.3076923076923,79000.0,6076.923076923077,6.0,5.0,310.0,7.0,1.0,4.0,3540.0,505.7142857142857,51500.0,7357.142857142857,3.0,3.0,240.0,-6.0,0.0,-1.0,-2600.0,33.4065934065934,-27500.0,1280.2197802197798,-3.0,-2.0,-70.0,1,1
07641,MA,GOVERNADOR NEWTON BELLO,2.0,1.0,2.0,658.0,329.0,10000.0,5000.0,1.0,1.0,93.0,5.0,1.0,3.0,2027.0,405.4,27000.0,5400.0,0.0,1.0,210.0,3.0,0.0,1.0,1369.0,76.39999999999998,17000.0,400.0,-1.0,0.0,117.0,1,1
07650,MA,COELHO NETO,12.0,1.0,9.0,4171.0,347.5833333333333,72410.0,6034.166666666667,5.0,3.0,308.0,5.0,1.0,2.0,1935.0,387.0,40000.0,8000.0,0.0,2.0,152.0,-7.0,0.0,-7.0,-2236.0,39.416666666666686,-32410.0,1965.833333333333,-5.0,-1.0,-156.0,1,1
07668,MA,GOVERNADOR NUNES FREIRE,6.0,1.0,4.0,3944.0,657.3333333333334,27000.0,4500.0,2.0,4.0,164.0,5.0,1.0,4.0,3065.0,613.0,36000.0,7200.0,0.0,2.0,201.0,-1.0,0.0,0.0,-879.0,-44.33333333333337,9000.0,2700.0,-2.0,-2.0,37.0,1,1
07676,MA,COLINAS,4.0,1.0,2.0,1819.0,454.75,25000.0,6250.0,1.0,1.0,88.0,7.0,1.0,4.0,4101.0,585.8571428571429,50700.0,7242.857142857143,0.0,2.0,102.0,3.0,0.0,2.0,2282.0,131.1071428571429,25700.0,992.8571428571431,-1.0,1.0,14.0,1,1
07684,MA,IGARAPÉ DO MEIO,0.0,0.0,0.0,0.0,,,,0.0,0.0,,1.0,1.0,1.0,324.0,324.0,6000.0,6000.0,0.0,0.0,214.0,1.0,1.0,1.0,324.0,,,,0.0,0.0,,0,1
07692,MA,COROATÁ,1.0,1.0,1.0,352.0,352.0,8000.0,8000.0,0.0,0.0,50.0,2.0,1.0,1.0,1200.0,600.0,26000.0,13000.0,0.0,1.0,37.0,1.0,0.0,0.0,848.0,248.0,18000.0,5000.0,0.0,1.0,-13.0,1,1
07706,MA,ITAIPAVA DO GRAJAÚ,2.0,1.0,2.0,750.0,375.0,14000.0,7000.0,1.0,0.0,134.0,1.0,1.0,1.0,335.0,335.0,6000.0,6000.0,0.0,0.0,59.0,-1.0,0.0,-1.0,-415.0,-40.0,-8000.0,-1000.0,-1.0,0.0,-75.0,1,1
07714,MA,CURURUPU,6.0,1.0,4.0,2473.0,412.1666666666667,38500.0,6416.666666666667,3.0,3.0,294.0,0.0,0.0,0.0,0.0,,,,0.0,0.0,,-6.0,-1.0,-4.0,-2473.0,,,,-3.0,-3.0,,0,1
07722,MA,ITINGA DO MARANHÃO,1.0,1.0,1.0,1000.0,1000.0,8000.0,8000.0,1.0,1.0,4.0,1.0,1.0,1.0,384.0,384.0,4000.0,4000.0,1.0,1.0,7.0,0.0,0.0,0.0,-616.0,-616.0,-4000.0,-4000.0,0.0,0.0,3.0,1,1
07730,MA,DOM PEDRO,3.0,1.0,3.0,1297.0,432.3333333333333,15000.0,5000.0,2.0,1.0,154.0,4.0,1.0,2.0,1588.0,397.0,22000.0,5500.0,0.0,3.0,60.0,1.0,0.0,-1.0,291.0,-35.333333333333314,7000.0,500.0,-2.0,2.0,-94.0,1,1
07749,MA,JATOBÁ,2.0,1.0,1.0,576.0,288.0,9500.0,4750.0,2.0,1.0,46.0,6.0,1.0,3.0,1966.0,327.6666666666667,45450.0,7575.0,3.0,2.0,182.0,4.0,0.0,2.0,1390.0,39.666666666666686,35950.0,2825.0,1.0,1.0,136.0,1,1
07757,MA,DUQUE BACELAR,1.0,1.0,1.0,200.0,200.0,6000.0,6000.0,0.0,1.0,13.0,0.0,0.0,0.0,0.0,,,,0.0,0.0,,-1.0,-1.0,-1.0,-200.0,,,,0.0,-1.0,,0,1
07765,MA,JENIPAPO DOS VIEIRAS,3.0,1.0,3.0,1450.0,483.3333333333333,16500.0,5500.0,2.0,2.0,50.0,0.0,0.0,0.0,0.0,,,,0.0,0.0,,-3.0,-1.0,-3.0,-1450.0,,,,-2.0,-2.0,,0,1
07773,MA,ESPERANTINÓPOLIS,6.0,1.0,4.0,3101.0,516.8333333333334,31500.0,5250.0,3.0,4.0,80.0,4.0,1.0,2.0,1612.0,403.0,19500.0,4875.0,0.0,3.0,59.0,-2.0,0.0,-2.0,-1489.0,-113.83333333333337,-12000.0,-375.0,-3.0,-1.0,-21.0,1,1
07781,MA,JUNCO DO MARANHÃO,1.0,1.0,1.0,350.0,350.0,6500.0,6500.0,1.0,1.0,2.0,1.0,1.0,1.0,350.0,350.0,4000.0,4000.0,1.0,1.0,7.0,0.0,0.0,0.0,0.0,0.0,-2500.0,-2500.0,0.0,0.0,5.0,1,1
07790,MA,FORTALEZA DOS NOGUEIRAS,8.0,1.0,7.0,2546.0,318.25,41500.0,5187.5,6.0,4.0,107.0,10.0,1.0,4.0,4112.0,411.2,67800.0,6780.0,4.0,4.0,74.0,2.0,0.0,-3.0,1566.0,92.94999999999999,26300.0,1592.5,-2.0,0.0,-33.0,1,1
07803,MA,LAGO DOS RODRIGUES,0.0,0.0,0.0,0.0,,,,0.0,0.0,,3.0,1.0,3.0,1012.0,337.3333333333333,15500.0,5166.666666666667,0.0,3.0,18.0,3.0,1.0,3.0,1012.0,,,,0.0,3.0,,0,1
07811,MA,FORTUNA,2.0,1.0,1.0,888.0,444.0,11000.0,5500.0,2.0,2.0,22.0,1.0,1.0,1.0,500.0,500.0,10000.0,10000.0,0.0,1.0,6.0,-1.0,0.0,0.0,-388.0,56.0,-1000.0,4500.0,-2.0,-1.0,-16.0,1,1
07820,MA,LAGOA DO MATO,1.0,1.0,1.0,400.0,400.0,4000.0,4000.0,1.0,1.0,8.0,1.0,1.0,1.0,502.0,502.0,6000.0,6000.0,0.0,1.0,7.0,0.0,0.0,0.0,102.0,102.0,2000.0,2000.0,-1.0,0.0,-1.0,1,1
07838,MA,GODOFREDO VIANA,1.0,1.0,1.0,309.0,309.0,5000.0,5000.0,0.0,1.0,13.0,3.0,1.0,3.0,1901.0,633.6666666666666,10500.0,3500.0,0.0,2.0,135.0,2.0,0.0,2.0,1592.0,324.66666666666663,5500.0,-1500.0,0.0,1.0,122.0,1,1
07846,MA,LAGOA GRANDE DO MARANHÃO,0.0,0.0,0.0,0.0,,,,0.0,0.0,,2.0,1.0,2.0,800.0,400.0,11500.0,5750.0,1.0,0.0,262.0,2.0,1.0,2.0,800.0,,,,1.0,0.0,,0,1
07854,MA,GONÇALVES DIAS,4.0,1.0,2.0,1720.0,430.0,20500.0,5125.0,3.0,2.0,97.0,8.0,1.0,6.0,3853.0,481.625,47000.0,5875.0,1.0,3.0,192.0,4.0,0.0,4.0,2133.0,51.625,26500.0,750.0,-2.0,1.0,95.0,1,1
07862,MA,LAJEADO NOVO,2.0,1.0,2.0,743.0,371.5,10000.0,5000.0,0.0,2.0,30.0,1.0,1.0,1.0,201.0,201.0,7000.0,7000.0,1.0,1.0,20.0,-1.0,0.0,-1.0,-542.0,-170.5,-3000.0,2000.0,1.0,-1.0,-10.0,1,1
07870,MA,GOVERNADOR ARCHER,5.0,1.0,3.0,1961.0,392.2,21300.0,4260.0,4.0,2.0,241.0,0.0,0.0,0.0,0.0,,,,0.0,0.0,,-5.0,-1.0,-3.0,-1961.0,,,,-4.0,-2.0,,0,1
07889,MA,MARACAÇUMÉ,7.0,1.0,4.0,3003.0,429.0,38500.0,5500.0,3.0,5.0,96.0,3.0,1.0,2.0,1114.0,371.3333333333333,9100.0,3033.3333333333335,1.0,1.0,185.0,-4.0,0.0,-2.0,-1889.0,-57.666666666666686,-29400.0,-2466.6666666666665,-2.0,-4.0,89.0,1,1
07897,MA,GOVERNADOR EUGÊNIO BARROS,1.0,1.0,1.0,460.0,460.0,3000.0,3000.0,1.0,0.0,102.0,0.0,0.0,0.0,0.0,,,,0.0,0.0,,-1.0,-1.0,-1.0,-460.0,,,,-1.0,0.0,,0,1
07900,MA,MARAJÁ DO SENA,0.0,0.0,0.0,0.0,,,,0.0,0.0,,5.0,1.0,3.0,1732.0,346.4,18500.0,3700.0,2.0,2.0,102.0,5.0,1.0,3.0,1732.0,,,,2.0,2.0,,0,1
07919,MA,GRAÇA ARANHA,2.0,1.0,1.0,604.0,302.0,9500.0,4750.0,2.0,1.0,48.0,2.0,1.0,2.0,654.0,327.0,12000.0,6000.0,0.0,1.0,147.0,0.0,0.0,1.0,50.0,25.0,2500.0,1250.0,-2.0,0.0,99.0,1,1
07927,MA,MARANHÃOZINHO,0.0,0.0,0.0,0.0,,,,0.0,0.0,,1.0,1.0,1.0,320.0,320.0,7000.0,7000.0,0.0,1.0,11.0,1.0,1.0,1.0,320.0,,,,0.0,1.0,,0,1
07935,MA,GRAJAÚ,6.0,1.0,4.0,2792.0,465.3333333333333,56500.0,9416.666666666666,3.0,2.0,133.0,11.0,1.0,5.0,6264.0,569.4545454545455,93500.0,8500.0,4.0,5.0,87.0,5.0,0.0,1.0,3472.0,104.12121212121218,37000.0,-916.6666666666661,1.0,3.0,-46.0,1,1
07943,MA,MATÕES DO NORTE,1.0,1.0,1.0,400.0,400.0,2500.0,2500.0,1.0,1.0,7.0,0.0,0.0,0.0,0.0,,,,0.0,0.0,,-1.0,-1.0,-1.0,-400.0,,,,-1.0,-1.0,,0,1
07951,MA,GUIMARÃES,0.0,0.0,0.0,0.0,,,,0.0,0.0,,1.0,1.0,1.0,382.0,382.0,4500.0,4500.0,0.0,0.0,45.0,1.0,1.0,1.0,382.0,,,,0.0,0.0,,0,1
07978,MA,HUMBERTO DE CAMPOS,4.0,1.0,2.0,2088.0,522.0,22300.0,5575.0,1.0,1.0,240.0,2.0,1.0,2.0,839.0,419.5,16000.0,8000.0,0.0,1.0,131.0,-2.0,0.0,0.0,-1249.0,-102.5,-6300.0,2425.0,-1.0,0.0,-109.0,1,1
07986,MA,NOVA COLINAS,1.0,1.0,1.0,300.0,300.0,4000.0,4000.0,1.0,1.0,11.0,1.0,1.0,1.0,265.0,265.0,6000.0,6000.0,0.0,1.0,18.0,0.0,0.0,0.0,-35.0,-35.0,2000.0,2000.0,-1.0,0.0,7.0,1,1
07994,MA,ICATU,0.0,0.0,0.0,0.0,,,,0.0,0.0,,1.0,1.0,1.0,400.0,400.0,6000.0,6000.0,0.0,1.0,5.0,1.0,1.0,1.0,400.0,,,,0.0,1.0,,0,1
08001,MA,NOVA OLINDA DO MARANHÃO,1.0,1.0,1.0,400.0,400.0,8000.0,8000.0,0.0,1.0,30.0,5.0,1.0,2.0,2977.0,595.4,28000.0,5600.0,0.0,3.0,90.0,4.0,0.0,1.0,2577.0,195.39999999999998,20000.0,-2400.0,0.0,2.0,60.0,1,1
08010,MA,IGARAPÉ GRANDE,1.0,1.0,1.0,353.0,353.0,5000.0,5000.0,0.0,0.0,89.0,1.0,1.0,1.0,350.0,350.0,6000.0,6000.0,0.0,1.0,5.0,0.0,0.0,0.0,-3.0,-3.0,1000.0,1000.0,0.0,1.0,-84.0,1,1
08028,MA,OLINDA NOVA DO MARANHÃO,1.0,1.0,1.0,400.0,400.0,3500.0,3500.0,1.0,1.0,6.0,2.0,1.0,1.0,768.0,384.0,8000.0,4000.0,2.0,2.0,18.0,1.0,0.0,0.0,368.0,-16.0,4500.0,500.0,1.0,1.0,12.0,1,1
08036,MA,IMPERATRIZ,10.0,1.0,8.0,7163.0,716.3,79500.0,7950.0,4.0,9.0,100.0,23.0,1.0,11.0,16371.0,711.7826086956521,260456.8,11324.208695652173,4.0,11.0,240.0,13.0,0.0,3.0,9208.0,-4.517391304347825,180956.8,3374.2086956521725,0.0,2.0,140.0,1,1
08044,MA,PAULINO NEVES,2.0,1.0,2.0,1033.0,516.5,7000.0,3500.0,2.0,1.0,134.0,0.0,0.0,0.0,0.0,,,,0.0,0.0,,-2.0,-1.0,-2.0,-1033.0,,,,-2.0,-1.0,,0,1
08052,MA,SÃO LUÍS GONZAGA DO MARANHÃO,3.0,1.0,2.0,1491.0,497.0,12000.0,4000.0,2.0,2.0,74.0,3.0,1.0,2.0,1400.0,466.6666666666667,24500.0,8166.666666666667,0.0,2.0,76.0,0.0,0.0,0.0,-91.0,-30.333333333333314,12500.0,4166.666666666667,-2.0,0.0,2.0,1,1
08060,MA,PEDRO DO ROSÁRIO,6.0,1.0,5.0,2202.0,367.0,30200.0,5033.333333333333,1.0,3.0,280.0,8.0,1.0,3.0,3118.0,389.75,49000.0,6125.0,0.0,2.0,233.0,2.0,0.0,-2.0,916.0,22.75,18800.0,1091.666666666667,-1.0,-1.0,-47.0,1,1
08079,MA,ITAPECURU MIRIM,2.0,1.0,2.0,2973.0,1486.5,17000.0,8500.0,1.0,1.0,52.0,6.0,1.0,6.0,5102.0,850.3333333333334,28000.0,4666.666666666667,0.0,4.0,157.0,4.0,0.0,4.0,2129.0,-636.1666666666666,11000.0,-3833.333333333333,-1.0,3.0,105.0,1,1
08087,MA,PERITORÓ,4.0,1.0,2.0,1528.0,382.0,23000.0,5750.0,3.0,3.0,119.0,2.0,1.0,1.0,604.0,302.0,21000.0,10500.0,0.0,1.0,96.0,-2.0,0.0,-1.0,-924.0,-80.0,-2000.0,4750.0,-3.0,-2.0,-23.0,1,1
08095,MA,JOÃO LISBOA,7.0,1.0,3.0,4159.0,594.1428571428571,34500.0,4928.571428571428,4.0,4.0,258.0,16.0,1.0,7.0,7395.0,462.1875,90000.0,5625.0,1.0,6.0,162.0,9.0,0.0,4.0,3236.0,-131.9553571428571,55500.0,696.4285714285716,-3.0,2.0,-96.0,1,1
08109,MA,PORTO RICO DO MARANHÃO,2.0,1.0,1.0,719.0,359.5,5500.0,2750.0,2.0,1.0,306.0,1.0,1.0,1.0,243.0,243.0,3000.0,3000.0,0.0,0.0,33.0,-1.0,0.0,0.0,-476.0,-116.5,-2500.0,250.0,-2.0,-1.0,-273.0,1,1
08117,MA,JOSELÂNDIA,2.0,1.0,1.0,679.0,339.5,9500.0,4750.0,2.0,1.0,49.0,5.0,1.0,4.0,1900.0,380.0,27500.0,5500.0,0.0,1.0,246.0,3.0,0.0,3.0,1221.0,40.5,18000.0,750.0,-2.0,0.0,197.0,1,1
08125,MA,PRESIDENTE MÉDICI,4.0,1.0,2.0,1444.0,361.0,24000.0,6000.0,4.0,3.0,44.0,3.0,1.0,2.0,1384.0,461.3333333333333,10500.0,3500.0,1.0,3.0,19.0,-1.0,0.0,0.0,-60.0,100.33333333333331,-13500.0,-2500.0,-3.0,0.0,-25.0,1,1
08133,MA,LAGO DA PEDRA,9.0,1.0,4.0,4040.0,448.8888888888889,50000.0,5555.555555555556,5.0,5.0,245.0,3.0,1.0,2.0,2200.0,733.3333333333334,34000.0,11333.333333333334,0.0,3.0,28.0,-6.0,0.0,-2.0,-1840.0,284.44444444444446,-16000.0,5777.777777777778,-5.0,-2.0,-217.0,1,1
08141,MA,PRESIDENTE SARNEY,0.0,0.0,0.0,0.0,,,,0.0,0.0,,1.0,1.0,1.0,384.0,384.0,4000.0,4000.0,1.0,1.0,8.0,1.0,1.0,1.0,384.0,,,,1.0,1.0,,0,1
08150,MA,LAGO DO JUNCO,1.0,1.0,1.0,252.0,252.0,7000.0,7000.0,0.0,1.0,11.0,1.0,1.0,1.0,400.0,400.0,6000.0,6000.0,0.0,1.0,6.0,0.0,0.0,0.0,148.0,148.0,-1000.0,-1000.0,0.0,0.0,-5.0,1,1
08168,MA,RAPOSA,13.0,1.0,8.0,6069.0,466.84615384615387,69500.0,5346.153846153846,6.0,6.0,54.0,1.0,1.0,1.0,320.0,320.0,4000.0,4000.0,0.0,1.0,5.0,-12.0,0.0,-7.0,-5749.0,-146.84615384615387,-65500.0,-1346.1538461538457,-6.0,-5.0,-49.0,1,1
08176,MA,LAGO VERDE,3.0,1.0,3.0,1100.0,366.6666666666667,13000.0,4333.333333333333,1.0,0.0,208.0,3.0,1.0,2.0,1200.0,400.0,16000.0,5333.333333333333,1.0,3.0,21.0,0.0,0.0,-1.0,100.0,33.333333333333314,3000.0,1000.0,0.0,3.0,-187.0,1,1
08184,MA,RIBAMAR FIQUENE,3.0,1.0,1.0,1800.0,600.0,15000.0,5000.0,3.0,3.0,14.0,0.0,0.0,0.0,0.0,,,,0.0,0.0,,-3.0,-1.0,-1.0,-1800.0,,,,-3.0,-3.0,,0,1
08192,MA,LIMA CAMPOS,3.0,1.0,2.0,1200.0,400.0,12000.0,4000.0,1.0,1.0,73.0,1.0,1.0,1.0,386.0,386.0,15000.0,15000.0,0.0,1.0,7.0,-2.0,0.0,-1.0,-814.0,-14.0,3000.0,11000.0,-1.0,0.0,-66.0,1,1
08206,MA,SANTA FILOMENA DO MARANHÃO,3.0,1.0,3.0,935.0,311.6666666666667,16500.0,5500.0,2.0,2.0,105.0,3.0,1.0,3.0,920.0,306.6666666666667,12500.0,4166.666666666667,1.0,1.0,149.0,0.0,0.0,0.0,-15.0,-5.0,-4000.0,-1333.333333333333,-1.0,-1.0,44.0,1,1
08214,MA,LORETO,1.0,1.0,1.0,200.0,200.0,5000.0,5000.0,1.0,1.0,6.0,6.0,1.0,2.0,2400.0,400.0,29000.0,4833.333333333333,2.0,2.0,85.0,5.0,0.0,1.0,2200.0,200.0,24000.0,-166.66666666666697,1.0,1.0,79.0,1,1
08222,MA,SANTANA DO MARANHÃO,3.0,1.0,2.0,886.0,295.3333333333333,13500.0,4500.0,3.0,2.0,91.0,0.0,0.0,0.0,0.0,,,,0.0,0.0,,-3.0,-1.0,-2.0,-886.0,,,,-3.0,-2.0,,0,1
08230,MA,LUÍS DOMINGUES,0.0,0.0,0.0,0.0,,,,0.0,0.0,,1.0,1.0,1.0,400.0,400.0,6000.0,6000.0,0.0,0.0,45.0,1.0,1.0,1.0,400.0,,,,0.0,0.0,,0,1
08249,MA,SANTO AMARO DO MARANHÃO,0.0,0.0,0.0,0.0,,,,0.0,0.0,,3.0,1.0,2.0,1400.0,466.6666666666667,20000.0,6666.666666666667,0.0,3.0,16.0,3.0,1.0,2.0,1400.0,,,,0.0,3.0,,0,1
08257,MA,MAGALHÃES DE ALMEIDA,2.0,1.0,1.0,866.0,433.0,6500.0,3250.0,2.0,1.0,146.0,3.0,1.0,2.0,986.0,328.6666666666667,11000.0,3666.6666666666665,0.0,1.0,107.0,1.0,0.0,1.0,120.0,-104.33333333333331,4500.0,416.6666666666665,-2.0,0.0,-39.0,1,1
08265,MA,SÃO DOMINGOS DO AZEITÃO,2.0,1.0,2.0,590.0,295.0,11500.0,5750.0,1.0,2.0,5.0,1.0,1.0,1.0,400.0,400.0,6000.0,6000.0,0.0,1.0,12.0,-1.0,0.0,-1.0,-190.0,105.0,-5500.0,250.0,-1.0,-1.0,7.0,1,1
08273,MA,MATA ROMA,1.0,1.0,1.0,252.0,252.0,8000.0,8000.0,0.0,1.0,25.0,0.0,0.0,0.0,0.0,,,,0.0,0.0,,-1.0,-1.0,-1.0,-252.0,,,,0.0,-1.0,,0,1
08281,MA,SÃO FRANCISCO DO BREJÃO,4.0,1.0,2.0,2100.0,525.0,19000.0,4750.0,4.0,4.0,17.0,2.0,1.0,2.0,640.0,320.0,9000.0,4500.0,0.0,1.0,32.0,-2.0,0.0,0.0,-1460.0,-205.0,-10000.0,-250.0,-4.0,-3.0,15.0,1,1
08290,MA,MATINHA,2.0,1.0,2.0,770.0,385.0,7500.0,3750.0,0.0,0.0,76.0,3.0,1.0,3.0,1187.0,395.6666666666667,19000.0,6333.333333333333,0.0,2.0,64.0,1.0,0.0,1.0,417.0,10.666666666666686,11500.0,2583.333333333333,0.0,2.0,-12.0,1,1
08303,MA,SÃO JOÃO DO CARÚ,3.0,1.0,1.0,1200.0,400.0,15000.0,5000.0,0.0,1.0,105.0,6.0,1.0,4.0,2339.0,389.8333333333333,31000.0,5166.666666666667,1.0,4.0,250.0,3.0,0.0,3.0,1139.0,-10.166666666666686,16000.0,166.66666666666697,1.0,3.0,145.0,1,1
08311,MA,MATÕES,10.0,1.0,5.0,4358.0,435.8,80900.0,8090.0,3.0,2.0,303.0,6.0,1.0,4.0,3102.0,517.0,65000.0,10833.333333333334,0.0,4.0,82.0,-4.0,0.0,-1.0,-1256.0,81.19999999999999,-15900.0,2743.333333333334,-3.0,2.0,-221.0,1,1
08320,MA,SÃO JOÃO DO PARAÍSO,2.0,1.0,1.0,1200.0,600.0,8000.0,4000.0,2.0,2.0,13.0,2.0,1.0,1.0,768.0,384.0,7000.0,3500.0,2.0,1.0,39.0,0.0,0.0,0.0,-432.0,-216.0,-1000.0,-500.0,0.0,-1.0,26.0,1,1
08338,MA,MIRADOR,5.0,1.0,3.0,2370.0,474.0,16500.0,3300.0,1.0,2.0,49.0,6.0,1.0,6.0,2411.0,401.8333333333333,29500.0,4916.666666666667,0.0,4.0,172.0,1.0,0.0,3.0,41.0,-72.16666666666669,13000.0,1616.666666666667,-1.0,2.0,123.0,1,1
08346,MA,SÃO JOÃO DO SOTER,8.0,1.0,6.0,2881.0,360.125,42500.0,5312.5,7.0,4.0,153.0,2.0,1.0,2.0,911.0,455.5,12000.0,6000.0,0.0,2.0,10.0,-6.0,0.0,-4.0,-1970.0,95.375,-30500.0,687.5,-7.0,-2.0,-143.0,1,1
08354,MA,MIRINZAL,5.0,1.0,3.0,2085.0,417.0,20500.0,4100.0,1.0,2.0,308.0,3.0,1.0,3.0,1013.0,337.6666666666667,13500.0,4500.0,0.0,1.0,245.0,-2.0,0.0,0.0,-1072.0,-79.33333333333331,-7000.0,400.0,-1.0,-1.0,-63.0,1,1
08362,MA,SÃO JOSÉ DOS BASÍLIOS,1.0,1.0,1.0,388.0,388.0,2500.0,2500.0,1.0,0.0,82.0,1.0,1.0,1.0,400.0,400.0,3000.0,3000.0,0.0,1.0,6.0,0.0,0.0,0.0,12.0,12.0,500.0,500.0,-1.0,1.0,-76.0,1,1
08370,MA,MONÇÃO,1.0,1.0,1.0,322.0,322.0,3000.0,3000.0,0.0,0.0,85.0,6.0,1.0,3.0,2270.0,378.3333333333333,35000.0,5833.333333333333,0.0,4.0,96.0,5.0,0.0,2.0,1948.0,56.333333333333314,32000.0,2833.333333333333,0.0,4.0,11.0,1,1
08389,MA,SÃO PEDRO DA ÁGUA BRANCA,1.0,1.0,1.0,385.0,385.0,4000.0,4000.0,1.0,1.0,5.0,0.0,0.0,0.0,0.0,,,,0.0,0.0,,-1.0,-1.0,-1.0,-385.0,,,,-1.0,-1.0,,0,1
08397,MA,MONTES ALTOS,2.0,1.0,1.0,1200.0,600.0,10000.0,5000.0,1.0,2.0,16.0,0.0,0.0,0.0,0.0,,,,0.0,0.0,,-2.0,-1.0,-1.0,-1200.0,,,,-1.0,-2.0,,0,1
08400,MA,SÃO PEDRO DOS CRENTES,1.0,1.0,1.0,300.0,300.0,6000.0,6000.0,1.0,0.0,110.0,1.0,1.0,1.0,356.0,356.0,8000.0,8000.0,0.0,1.0,5.0,0.0,0.0,0.0,56.0,56.0,2000.0,2000.0,-1.0,1.0,-105.0,1,1
08419,MA,MORROS,4.0,1.0,4.0,1718.0,429.5,26000.0,6500.0,4.0,3.0,281.0,2.0,1.0,1.0,1783.0,891.5,16000.0,8000.0,0.0,1.0,52.0,-2.0,0.0,-3.0,65.0,462.0,-10000.0,1500.0,-4.0,-2.0,-229.0,1,1
08427,MA,SÃO RAIMUNDO DO DOCA BEZERRA,2.0,1.0,2.0,452.0,226.0,8000.0,4000.0,0.0,0.0,38.0,0.0,0.0,0.0,0.0,,,,0.0,0.0,,-2.0,-1.0,-2.0,-452.0,,,,0.0,0.0,,0,1
08435,MA,NINA RODRIGUES,0.0,0.0,0.0,0.0,,,,0.0,0.0,,1.0,1.0,1.0,400.0,400.0,8000.0,8000.0,1.0,1.0,2.0,1.0,1.0,1.0,400.0,,,,1.0,1.0,,0,1
08443,MA,SÃO ROBERTO,1.0,1.0,1.0,300.0,300.0,6000.0,6000.0,1.0,0.0,31.0,1.0,1.0,1.0,350.0,350.0,4000.0,4000.0,1.0,1.0,7.0,0.0,0.0,0.0,50.0,50.0,-2000.0,-2000.0,0.0,1.0,-24.0,1,1
08451,MA,NOVA IORQUE,3.0,1.0,2.0,1031.0,343.6666666666667,11500.0,3833.3333333333335,2.0,2.0,40.0,2.0,1.0,2.0,600.0,300.0,9000.0,4500.0,0.0,0.0,55.0,-1.0,0.0,0.0,-431.0,-43.666666666666686,-2500.0,666.6666666666665,-2.0,-2.0,15.0,1,1
08460,MA,SATUBINHA,2.0,1.0,2.0,670.0,335.0,7500.0,3750.0,2.0,1.0,43.0,2.0,1.0,2.0,631.0,315.5,9500.0,4750.0,1.0,1.0,215.0,0.0,0.0,0.0,-39.0,-19.5,2000.0,1000.0,-1.0,0.0,172.0,1,1
08478,MA,OLHO D'ÁGUA DAS CUNHÃS,5.0,1.0,3.0,2002.0,400.4,22000.0,4400.0,5.0,2.0,301.0,11.0,1.0,5.0,4356.0,396.0,46000.0,4181.818181818182,1.0,6.0,250.0,6.0,0.0,2.0,2354.0,-4.399999999999977,24000.0,-218.18181818181802,-4.0,4.0,-51.0,1,1
08486,MA,SENADOR ALEXANDRE COSTA,2.0,1.0,2.0,736.0,368.0,11000.0,5500.0,1.0,0.0,100.0,3.0,1.0,2.0,1162.0,387.3333333333333,14000.0,4666.666666666667,1.0,1.0,163.0,1.0,0.0,0.0,426.0,19.333333333333314,3000.0,-833.333333333333,0.0,1.0,63.0,1,1
08494,MA,PAÇO DO LUMIAR,11.0,1.0,5.0,4375.0,397.72727272727275,53300.0,4845.454545454545,1.0,3.0,162.0,11.0,1.0,6.0,5301.0,481.90909090909093,55500.0,5045.454545454545,0.0,6.0,214.0,0.0,0.0,1.0,926.0,84.18181818181819,2200.0,200.0,-1.0,3.0,52.0,1,1
08508,MA,SENADOR LA ROCQUE,7.0,1.0,3.0,3465.0,495.0,42000.0,6000.0,6.0,5.0,105.0,2.0,1.0,1.0,664.0,332.0,6000.0,3000.0,2.0,1.0,73.0,-5.0,0.0,-2.0,-2801.0,-163.0,-36000.0,-3000.0,-4.0,-4.0,-32.0,1,1
08516,MA,PALMEIRÂNDIA,2.0,1.0,1.0,892.0,446.0,25000.0,12500.0,2.0,2.0,28.0,6.0,1.0,6.0,2216.0,369.3333333333333,32500.0,5416.666666666667,0.0,3.0,86.0,4.0,0.0,5.0,1324.0,-76.66666666666669,7500.0,-7083.333333333333,-2.0,1.0,58.0,1,1
08524,MA,SERRANO DO MARANHÃO,8.0,1.0,4.0,2532.0,316.5,48000.0,6000.0,2.0,3.0,299.0,4.0,1.0,1.0,1202.0,300.5,23000.0,5750.0,0.0,1.0,247.0,-4.0,0.0,-3.0,-1330.0,-16.0,-25000.0,-250.0,-2.0,-2.0,-52.0,1,1
08532,MA,PARAIBANO,1.0,1.0,1.0,400.0,400.0,8000.0,8000.0,0.0,1.0,30.0,6.0,1.0,4.0,2407.0,401.1666666666667,35500.0,5916.666666666667,0.0,3.0,225.0,5.0,0.0,3.0,2007.0,1.1666666666666856,27500.0,-2083.333333333333,0.0,2.0,195.0,1,1
08540,MA,SUCUPIRA DO RIACHÃO,3.0,1.0,2.0,742.0,247.33333333333334,13500.0,4500.0,0.0,1.0,134.0,1.0,1.0,1.0,287.0,287.0,4500.0,4500.0,0.0,0.0,99.0,-2.0,0.0,-1.0,-455.0,39.66666666666666,-9000.0,0.0,0.0,-1.0,-35.0,1,1
08559,MA,PARNARAMA,1.0,1.0,1.0,300.0,300.0,6000.0,6000.0,1.0,1.0,15.0,1.0,1.0,1.0,1000.0,1000.0,8000.0,8000.0,1.0,1.0,4.0,0.0,0.0,0.0,700.0,700.0,2000.0,2000.0,0.0,0.0,-11.0,1,1
08567,MA,TRIZIDELA DO VALE,5.0,1.0,4.0,2496.0,499.2,29500.0,5900.0,3.0,3.0,83.0,0.0,0.0,0.0,0.0,,,,0.0,0.0,,-5.0,-1.0,-4.0,-2496.0,,,,-3.0,-3.0,,0,1
08575,MA,PASSAGEM FRANCA,1.0,1.0,1.0,500.0,500.0,6000.0,6000.0,0.0,1.0,9.0,5.0,1.0,4.0,1944.0,388.8,36220.0,7244.0,0.0,5.0,30.0,4.0,0.0,3.0,1444.0,-111.19999999999999,30220.0,1244.0,0.0,4.0,21.0,1,1
08583,MA,TUFILÂNDIA,0.0,0.0,0.0,0.0,,,,0.0,0.0,,2.0,1.0,1.0,559.0,279.5,11000.0,5500.0,0.0,0.0,227.0,2.0,1.0,1.0,559.0,,,,0.0,0.0,,0,1
08591,MA,PASTOS BONS,11.0,1.0,8.0,4392.0,399.27272727272725,66500.0,6045.454545454545,5.0,7.0,246.0,0.0,0.0,0.0,0.0,,,,0.0,0.0,,-11.0,-1.0,-8.0,-4392.0,,,,-5.0,-7.0,,0,1
08605,MA,TURILÂNDIA,1.0,1.0,1.0,300.0,300.0,6000.0,6000.0,0.0,1.0,11.0,0.0,0.0,0.0,0.0,,,,0.0,0.0,,-1.0,-1.0,-1.0,-300.0,,,,0.0,-1.0,,0,1
08613,MA,PEDREIRAS,8.0,1.0,8.0,3124.0,390.5,42150.0,5268.75,3.0,3.0,93.0,3.0,1.0,2.0,1200.0,400.0,15500.0,5166.666666666667,0.0,2.0,92.0,-5.0,0.0,-6.0,-1924.0,9.5,-26650.0,-102.08333333333303,-3.0,-1.0,-1.0,1,1
08621,MA,VILA NOVA DOS MARTÍRIOS,2.0,1.0,2.0,705.0,352.5,8000.0,4000.0,2.0,0.0,54.0,0.0,0.0,0.0,0.0,,,,0.0,0.0,,-2.0,-1.0,-2.0,-705.0,,,,-2.0,0.0,,0,1
08630,MA,PENALVA,2.0,1.0,1.0,1082.0,541.0,8000.0,4000.0,0.0,2.0,25.0,1.0,1.0,1.0,315.0,315.0,7000.0,7000.0,0.0,0.0,46.0,-1.0,0.0,0.0,-767.0,-226.0,-1000.0,3000.0,0.0,-2.0,21.0,1,1
08656,MA,PERI MIRIM,2.0,1.0,1.0,600.0,300.0,12000.0,6000.0,2.0,1.0,37.0,0.0,0.0,0.0,0.0,,,,0.0,0.0,,-2.0,-1.0,-1.0,-600.0,,,,-2.0,-1.0,,0,1
08672,MA,PINDARÉ-MIRIM,0.0,0.0,0.0,0.0,,,,0.0,0.0,,2.0,1.0,1.0,905.0,452.5,9000.0,4500.0,0.0,1.0,58.0,2.0,1.0,1.0,905.0,,,,0.0,1.0,,0,1
08699,MA,PINHEIRO,14.0,1.0,8.0,6513.0,465.2142857142857,116000.0,8285.714285714286,8.0,8.0,101.0,22.0,1.0,9.0,11729.0,533.1363636363636,200900.0,9131.818181818182,2.0,8.0,257.0,8.0,0.0,1.0,5216.0,67.9220779220779,84900.0,846.1038961038957,-6.0,0.0,156.0,1,1
08710,MA,PIO XII,1.0,1.0,1.0,400.0,400.0,8000.0,8000.0,1.0,0.0,45.0,2.0,1.0,2.0,1184.0,592.0,10000.0,5000.0,1.0,1.0,225.0,1.0,0.0,1.0,784.0,192.0,2000.0,-3000.0,0.0,1.0,180.0,1,1
08737,MA,PIRAPEMAS,4.0,1.0,3.0,1440.0,360.0,18000.0,4500.0,2.0,3.0,57.0,4.0,1.0,4.0,1555.0,388.75,16500.0,4125.0,0.0,3.0,55.0,0.0,0.0,1.0,115.0,28.75,-1500.0,-375.0,-2.0,0.0,-2.0,1,1
08753,MA,POÇÃO DE PEDRAS,6.0,1.0,2.0,3015.0,502.5,33000.0,5500.0,5.0,3.0,129.0,3.0,1.0,3.0,1050.0,350.0,16000.0,5333.333333333333,0.0,2.0,39.0,-3.0,0.0,1.0,-1965.0,-152.5,-17000.0,-166.66666666666697,-5.0,-1.0,-90.0,1,1
08770,MA,PORTO FRANCO,1.0,1.0,1.0,500.0,500.0,5000.0,5000.0,0.0,1.0,6.0,2.0,1.0,1.0,904.0,452.0,14000.0,7000.0,0.0,2.0,21.0,1.0,0.0,0.0,404.0,-48.0,9000.0,2000.0,0.0,1.0,15.0,1,1
08796,MA,PRESIDENTE DUTRA,6.0,1.0,6.0,3213.0,535.5,34000.0,5666.666666666667,2.0,2.0,105.0,7.0,1.0,5.0,4442.0,634.5714285714286,45000.0,6428.571428571428,1.0,3.0,159.0,1.0,0.0,-1.0,1229.0,99.07142857142856,11000.0,761.9047619047615,-1.0,1.0,54.0,1,1
08818,MA,PRESIDENTE JUSCELINO,1.0,1.0,1.0,530.0,530.0,3000.0,3000.0,1.0,1.0,3.0,3.0,1.0,2.0,1463.0,487.6666666666667,18000.0,6000.0,0.0,2.0,44.0,2.0,0.0,1.0,933.0,-42.333333333333314,15000.0,3000.0,-1.0,1.0,41.0,1,1
08834,MA,PRESIDENTE VARGAS,0.0,0.0,0.0,0.0,,,,0.0,0.0,,1.0,1.0,1.0,450.0,450.0,4000.0,4000.0,0.0,1.0,27.0,1.0,1.0,1.0,450.0,,,,0.0,1.0,,0,1
08877,MA,RIACHÃO,6.0,1.0,5.0,2150.0,358.3333333333333,24800.0,4133.333333333333,4.0,4.0,64.0,3.0,1.0,2.0,963.0,321.0,22000.0,7333.333333333333,0.0,2.0,38.0,-3.0,0.0,-3.0,-1187.0,-37.333333333333314,-2800.0,3200.0,-4.0,-2.0,-26.0,1,1
08893,MA,SÃO JOSÉ DE RIBAMAR,11.0,1.0,6.0,5702.0,518.3636363636364,64000.0,5818.181818181818,3.0,6.0,143.0,6.0,1.0,1.0,3103.0,517.1666666666666,58000.0,9666.666666666666,0.0,3.0,138.0,-5.0,0.0,-5.0,-2599.0,-1.1969696969697452,-6000.0,3848.484848484848,-3.0,-3.0,-5.0,1,1
08915,MA,ROSÁRIO,4.0,1.0,4.0,2316.0,579.0,24500.0,6125.0,1.0,3.0,35.0,3.0,1.0,3.0,1054.0,351.3333333333333,18000.0,6000.0,0.0,1.0,91.0,-1.0,0.0,-1.0,-1262.0,-227.66666666666669,-6500.0,-125.0,-1.0,-2.0,56.0,1,1
08931,MA,SAMBAÍBA,2.0,1.0,2.0,510.0,255.0,8300.0,4150.0,1.0,2.0,25.0,2.0,1.0,1.0,700.0,350.0,8000.0,4000.0,0.0,1.0,54.0,0.0,0.0,-1.0,190.0,95.0,-300.0,-150.0,-1.0,-1.0,29.0,1,1
08958,MA,SANTA HELENA,6.0,1.0,3.0,2300.0,383.3333333333333,59000.0,9833.333333333334,2.0,2.0,239.0,8.0,1.0,7.0,3212.0,401.5,41500.0,5187.5,1.0,5.0,143.0,2.0,0.0,4.0,912.0,18.166666666666686,-17500.0,-4645.833333333334,-1.0,3.0,-96.0,1,1
08974,MA,SANTA LUZIA,4.0,1.0,2.0,1669.0,417.25,29037.0,7259.25,1.0,1.0,270.0,9.0,1.0,3.0,4274.0,474.8888888888889,56500.0,6277.777777777777,0.0,2.0,251.0,5.0,0.0,1.0,2605.0,57.638888888888914,27463.0,-981.4722222222226,-1.0,1.0,-19.0,1,1
08990,MA,SANTA QUITÉRIA DO MARANHÃO,2.0,1.0,1.0,1003.0,501.5,6500.0,3250.0,2.0,1.0,150.0,1.0,1.0,1.0,320.0,320.0,3000.0,3000.0,0.0,1.0,4.0,-1.0,0.0,0.0,-683.0,-181.5,-3500.0,-250.0,-2.0,0.0,-146.0,1,1
09016,MA,SANTA RITA,1.0,1.0,1.0,359.0,359.0,2500.0,2500.0,0.0,1.0,16.0,11.0,1.0,5.0,4115.0,374.09090909090907,63000.0,5727.272727272727,0.0,3.0,256.0,10.0,0.0,4.0,3756.0,15.090909090909065,60500.0,3227.272727272727,0.0,2.0,240.0,1,1
09032,MA,SANTO ANTÔNIO DOS LOPES,4.0,1.0,2.0,2084.0,521.0,11500.0,2875.0,3.0,0.0,289.0,1.0,1.0,1.0,330.0,330.0,3500.0,3500.0,0.0,1.0,29.0,-3.0,0.0,-1.0,-1754.0,-191.0,-8000.0,625.0,-3.0,1.0,-260.0,1,1
09059,MA,SÃO BENEDITO DO RIO PRETO,2.0,1.0,2.0,930.0,465.0,7000.0,3500.0,1.0,2.0,21.0,0.0,0.0,0.0,0.0,,,,0.0,0.0,,-2.0,-1.0,-2.0,-930.0,,,,-1.0,-2.0,,0,1
09075,MA,SÃO BENTO,3.0,1.0,3.0,1060.0,353.3333333333333,18000.0,6000.0,1.0,1.0,51.0,2.0,1.0,2.0,2008.0,1004.0,20000.0,10000.0,0.0,0.0,79.0,-1.0,0.0,-1.0,948.0,650.6666666666667,2000.0,4000.0,-1.0,-1.0,28.0,1,1
09091,MA,SÃO BERNARDO,2.0,1.0,1.0,1048.0,524.0,6500.0,3250.0,2.0,1.0,95.0,2.0,1.0,2.0,600.0,300.0,7000.0,3500.0,0.0,1.0,38.0,0.0,0.0,1.0,-448.0,-224.0,500.0,250.0,-2.0,0.0,-57.0,1,1
09113,MA,SÃO DOMINGOS DO MARANHÃO,8.0,1.0,6.0,3907.0,488.375,39000.0,4875.0,4.0,5.0,84.0,4.0,1.0,2.0,1585.0,396.25,28000.0,7000.0,0.0,2.0,182.0,-4.0,0.0,-4.0,-2322.0,-92.125,-11000.0,2125.0,-4.0,-3.0,98.0,1,1
09130,MA,SÃO FÉLIX DE BALSAS,1.0,1.0,1.0,300.0,300.0,4000.0,4000.0,0.0,0.0,128.0,1.0,1.0,1.0,325.0,325.0,5000.0,5000.0,0.0,0.0,85.0,0.0,0.0,0.0,25.0,25.0,1000.0,1000.0,0.0,0.0,-43.0,1,1
09156,MA,SÃO FRANCISCO DO MARANHÃO,1.0,1.0,1.0,300.0,300.0,6000.0,6000.0,0.0,0.0,125.0,0.0,0.0,0.0,0.0,,,,0.0,0.0,,-1.0,-1.0,-1.0,-300.0,,,,0.0,0.0,,0,1
09172,MA,SÃO JOÃO BATISTA,3.0,1.0,3.0,1851.0,617.0,15000.0,5000.0,2.0,3.0,24.0,4.0,1.0,3.0,1427.0,356.75,26500.0,6625.0,0.0,4.0,30.0,1.0,0.0,0.0,-424.0,-260.25,11500.0,1625.0,-2.0,1.0,6.0,1,1
09199,MA,SÃO JOÃO DOS PATOS,5.0,1.0,4.0,1723.0,344.6,18000.0,3600.0,2.0,3.0,127.0,1.0,1.0,1.0,400.0,400.0,6000.0,6000.0,0.0,0.0,78.0,-4.0,0.0,-3.0,-1323.0,55.39999999999998,-12000.0,2400.0,-2.0,-3.0,-49.0,1,1
09210,MA,SÃO LUÍS,56.0,1.0,17.0,53444.0,954.3571428571429,953872.25,17033.433035714286,18.0,23.0,289.0,19.0,1.0,8.0,18361.0,966.3684210526316,579472.0,30498.526315789473,12.0,10.0,249.0,-37.0,0.0,-9.0,-35083.0,12.011278195488671,-374400.25,13465.093280075187,-6.0,-13.0,-40.0,1,1
09237,MA,SÃO MATEUS DO MARANHÃO,5.0,1.0,3.0,2300.0,460.0,33000.0,6600.0,2.0,4.0,48.0,2.0,1.0,1.0,800.0,400.0,8000.0,4000.0,1.0,1.0,33.0,-3.0,0.0,-2.0,-1500.0,-60.0,-25000.0,-2600.0,-1.0,-3.0,-15.0,1,1
09253,MA,SÃO RAIMUNDO DAS MANGABEIRAS,2.0,1.0,2.0,700.0,350.0,9500.0,4750.0,1.0,2.0,25.0,5.0,1.0,4.0,2080.0,416.0,22000.0,4400.0,0.0,5.0,24.0,3.0,0.0,2.0,1380.0,66.0,12500.0,-350.0,-1.0,3.0,-1.0,1,1
09270,MA,SÃO VICENTE FERRER,1.0,1.0,1.0,330.0,330.0,3500.0,3500.0,1.0,1.0,29.0,2.0,1.0,1.0,967.0,483.5,12000.0,6000.0,0.0,0.0,224.0,1.0,0.0,0.0,637.0,153.5,8500.0,2500.0,-1.0,-1.0,195.0,1,1
09296,MA,SÍTIO NOVO,3.0,1.0,2.0,852.0,284.0,13000.0,4333.333333333333,2.0,1.0,237.0,0.0,0.0,0.0,0.0,,,,0.0,0.0,,-3.0,-1.0,-2.0,-852.0,,,,-2.0,-1.0,,0,1
09318,MA,SUCUPIRA DO NORTE,1.0,1.0,1.0,412.0,412.0,6500.0,6500.0,0.0,1.0,2.0,1.0,1.0,1.0,278.0,278.0,7000.0,7000.0,0.0,1.0,14.0,0.0,0.0,0.0,-134.0,-134.0,500.0,500.0,0.0,0.0,12.0,1,1
09334,MA,TASSO FRAGOSO,1.0,1.0,1.0,137.0,137.0,3500.0,3500.0,0.0,0.0,32.0,4.0,1.0,2.0,1230.0,307.5,28000.0,7000.0,0.0,0.0,113.0,3.0,0.0,1.0,1093.0,170.5,24500.0,3500.0,0.0,0.0,81.0,1,1
09350,MA,TIMBIRAS,2.0,1.0,2.0,881.0,440.5,9000.0,4500.0,0.0,2.0,28.0,1.0,1.0,1.0,2162.0,2162.0,7500.0,7500.0,0.0,1.0,7.0,-1.0,0.0,-1.0,1281.0,1721.5,-1500.0,3000.0,0.0,-1.0,-21.0,1,1
09377,MA,TIMON,18.0,1.0,11.0,8726.0,484.77777777777777,124300.0,6905.555555555556,6.0,7.0,308.0,13.0,1.0,8.0,7797.0,599.7692307692307,98500.0,7576.923076923077,2.0,9.0,157.0,-5.0,0.0,-3.0,-929.0,114.99145299145295,-25800.0,671.3675213675215,-4.0,2.0,-151.0,1,1
09393,MA,TUNTUM,11.0,1.0,4.0,6159.0,559.9090909090909,62000.0,5636.363636363636,2.0,4.0,287.0,10.0,1.0,4.0,6200.0,620.0,58000.0,5800.0,0.0,6.0,210.0,-1.0,0.0,0.0,41.0,60.09090909090912,-4000.0,163.63636363636397,-2.0,2.0,-77.0,1,1
09415,MA,TURIAÇU,1.0,1.0,1.0,300.0,300.0,7000.0,7000.0,1.0,1.0,24.0,0.0,0.0,0.0,0.0,,,,0.0,0.0,,-1.0,-1.0,-1.0,-300.0,,,,-1.0,-1.0,,0,1
09431,MA,TUTÓIA,3.0,1.0,3.0,1435.0,478.3333333333333,15500.0,5166.666666666667,2.0,2.0,136.0,3.0,1.0,3.0,1318.0,439.3333333333333,24000.0,8000.0,0.0,3.0,14.0,0.0,0.0,0.0,-117.0,-39.0,8500.0,2833.333333333333,-2.0,1.0,-122.0,1,1
09458,MA,URBANO SANTOS,2.0,1.0,2.0,1045.0,522.5,9500.0,4750.0,1.0,2.0,9.0,2.0,1.0,2.0,666.0,333.0,14000.0,7000.0,0.0,1.0,46.0,0.0,0.0,0.0,-379.0,-189.5,4500.0,2250.0,-1.0,-1.0,37.0,1,1
09474,MA,VARGEM GRANDE,4.0,1.0,3.0,1440.0,360.0,19000.0,4750.0,1.0,0.0,81.0,4.0,1.0,4.0,1581.0,395.25,21000.0,5250.0,1.0,0.0,134.0,0.0,0.0,1.0,141.0,35.25,2000.0,500.0,0.0,0.0,53.0,1,1
09490,MA,VIANA,6.0,1.0,5.0,2881.0,480.1666666666667,51000.0,8500.0,4.0,4.0,95.0,6.0,1.0,5.0,2682.0,447.0,34000.0,5666.666666666667,1.0,4.0,221.0,0.0,0.0,0.0,-199.0,-33.166666666666686,-17000.0,-2833.333333333333,-3.0,0.0,126.0,1,1
09512,MA,VITÓRIA DO MEARIM,8.0,1.0,5.0,2717.0,339.625,67500.0,8437.5,7.0,3.0,79.0,9.0,1.0,7.0,5026.0,558.4444444444445,44500.0,4944.444444444444,1.0,6.0,255.0,1.0,0.0,2.0,2309.0,218.81944444444446,-23000.0,-3493.0555555555557,-6.0,3.0,176.0,1,1
09539,MA,VITORINO FREIRE,2.0,1.0,2.0,849.0,424.5,11000.0,5500.0,2.0,1.0,31.0,2.0,1.0,1.0,800.0,400.0,12500.0,6250.0,0.0,1.0,52.0,0.0,0.0,-1.0,-49.0,-24.5,1500.0,750.0,-2.0,0.0,21.0,1,1
09555,MA,BOM JARDIM,1.0,1.0,1.0,600.0,600.0,6000.0,6000.0,0.0,1.0,5.0,3.0,1.0,1.0,6609.0,2203.0,18000.0,6000.0,1.0,1.0,51.0,2.0,0.0,0.0,6009.0,1603.0,12000.0,0.0,1.0,0.0,46.0,1,1
09571,MA,SANTA INÊS,2.0,1.0,2.0,1648.0,824.0,15500.0,7750.0,1.0,0.0,51.0,14.0,1.0,6.0,8516.0,608.2857142857143,152500.0,10892.857142857143,0.0,4.0,221.0,12.0,0.0,4.0,6868.0,-215.71428571428567,137000.0,3142.857142857143,-1.0,4.0,170.0,1,1
09598,MA,PAULO RAMOS,3.0,1.0,2.0,1390.0,463.3333333333333,22500.0,7500.0,1.0,2.0,57.0,2.0,1.0,2.0,800.0,400.0,7000.0,3500.0,1.0,1.0,98.0,-1.0,0.0,0.0,-590.0,-63.333333333333314,-15500.0,-4000.0,0.0,-1.0,41.0,1,1
09610,MA,AÇAILÂNDIA,5.0,1.0,2.0,3000.0,600.0,50000.0,10000.0,2.0,2.0,243.0,6.0,1.0,4.0,3190.0,531.6666666666666,27500.0,4583.333333333333,2.0,4.0,101.0,1.0,0.0,2.0,190.0,-68.33333333333337,-22500.0,-5416.666666666667,0.0,2.0,-142.0,1,1
09636,MA,ESTREITO,3.0,1.0,2.0,1726.0,575.3333333333334,16500.0,5500.0,3.0,2.0,44.0,2.0,1.0,2.0,1100.0,550.0,25000.0,12500.0,1.0,2.0,9.0,-1.0,0.0,0.0,-626.0,-25.33333333333337,8500.0,7000.0,-2.0,0.0,-35.0,1,1
09652,MA,SANTA LUZIA DO PARUÁ,2.0,1.0,2.0,806.0,403.0,8000.0,4000.0,1.0,1.0,34.0,1.0,1.0,1.0,498.0,498.0,8000.0,8000.0,0.0,0.0,50.0,-1.0,0.0,-1.0,-308.0,95.0,0.0,4000.0,-1.0,-1.0,16.0,1,1
09679,MA,ARAME,1.0,1.0,1.0,385.0,385.0,4000.0,4000.0,1.0,1.0,3.0,3.0,1.0,1.0,1800.0,600.0,17000.0,5666.666666666667,3.0,2.0,108.0,2.0,0.0,0.0,1415.0,215.0,13000.0,1666.666666666667,2.0,1.0,105.0,1,1
09695,MA,MIRANDA DO NORTE,2.0,1.0,2.0,2104.0,1052.0,22000.0,11000.0,2.0,2.0,21.0,2.0,1.0,2.0,890.0,445.0,14500.0,7250.0,0.0,1.0,40.0,0.0,0.0,0.0,-1214.0,-607.0,-7500.0,-3750.0,-2.0,-1.0,19.0,1,1
09717,MA,ZÉ DOCA,2.0,1.0,1.0,994.0,497.0,11000.0,5500.0,0.0,1.0,162.0,1.0,1.0,1.0,502.0,502.0,10000.0,10000.0,0.0,1.0,7.0,-1.0,0.0,0.0,-492.0,5.0,-1000.0,4500.0,0.0,0.0,-155.0,1,1
10006,PI,BRASILEIRA,5.0,1.0,2.0,1397.0,279.4,12000.0,2400.0,1.0,3.0,288.0,5.0,1.0,4.0,1552.0,310.4,25000.0,5000.0,1.0,2.0,135.0,0.0,0.0,2.0,155.0,31.0,13000.0,2600.0,0.0,-1.0,-153.0,1,1
10014,PI,AGRICOLÂNDIA,1.0,1.0,1.0,300.0,300.0,2000.0,2000.0,1.0,1.0,16.0,2.0,1.0,2.0,588.0,294.0,8000.0,4000.0,0.0,1.0,112.0,1.0,0.0,1.0,288.0,-6.0,6000.0,2000.0,-1.0,0.0,96.0,1,1
10022,PI,ALEGRETE DO PIAUÍ,3.0,1.0,2.0,3650.0,1216.6666666666667,8500.0,2833.3333333333335,3.0,2.0,141.0,2.0,1.0,2.0,631.0,315.5,5000.0,2500.0,0.0,1.0,170.0,-1.0,0.0,0.0,-3019.0,-901.1666666666667,-3500.0,-333.3333333333335,-3.0,-1.0,29.0,1,1
10030,PI,ÁGUA BRANCA,9.0,1.0,7.0,2800.0,311.1111111111111,43000.0,4777.777777777777,1.0,6.0,42.0,3.0,1.0,3.0,900.0,300.0,12800.0,4266.666666666667,0.0,1.0,231.0,-6.0,0.0,-4.0,-1900.0,-11.111111111111086,-30200.0,-511.1111111111104,-1.0,-5.0,189.0,1,1
10049,PI,BAIXA GRANDE DO RIBEIRO,4.0,1.0,3.0,1250.0,312.5,31870.0,7967.5,0.0,2.0,57.0,3.0,1.0,1.0,900.0,300.0,45000.0,15000.0,0.0,1.0,129.0,-1.0,0.0,-2.0,-350.0,-12.5,13130.0,7032.5,0.0,-1.0,72.0,1,1
10057,PI,ALTO LONGÁ,4.0,1.0,3.0,1200.0,300.0,14000.0,3500.0,3.0,3.0,36.0,5.0,1.0,3.0,4495.0,899.0,26600.0,5320.0,0.0,1.0,230.0,1.0,0.0,0.0,3295.0,599.0,12600.0,1820.0,-3.0,-2.0,194.0,1,1
10065,PI,BOM PRINCÍPIO DO PIAUÍ,1.0,1.0,1.0,300.0,300.0,3000.0,3000.0,0.0,1.0,6.0,3.0,1.0,3.0,1037.0,345.6666666666667,8700.0,2900.0,1.0,1.0,207.0,2.0,0.0,2.0,737.0,45.666666666666686,5700.0,-100.0,1.0,0.0,201.0,1,1
10073,PI,ALTOS,19.0,1.0,10.0,7900.0,415.7894736842105,91914.95999999999,4837.62947368421,10.0,9.0,246.0,6.0,1.0,6.0,2837.0,472.8333333333333,32500.0,5416.666666666667,1.0,2.0,84.0,-13.0,0.0,-4.0,-5063.0,57.043859649122794,-59414.95999999999,579.0371929824569,-9.0,-7.0,-162.0,1,1
10081,PI,BONFIM DO PIAUÍ,1.0,1.0,1.0,300.0,300.0,5000.0,5000.0,0.0,1.0,11.0,1.0,1.0,1.0,300.0,300.0,6500.0,6500.0,0.0,1.0,11.0,0.0,0.0,0.0,0.0,0.0,1500.0,1500.0,0.0,0.0,0.0,1,1
10090,PI,AMARANTE,3.0,1.0,3.0,949.0,316.3333333333333,22500.0,7500.0,0.0,3.0,15.0,11.0,1.0,6.0,3300.0,300.0,67000.0,6090.909090909091,1.0,6.0,198.0,8.0,0.0,3.0,2351.0,-16.333333333333314,44500.0,-1409.090909090909,1.0,3.0,183.0,1,1
10103,PI,BURITI DOS MONTES,1.0,1.0,1.0,300.0,300.0,7500.0,7500.0,0.0,1.0,20.0,0.0,0.0,0.0,0.0,,,,0.0,0.0,,-1.0,-1.0,-1.0,-300.0,,,,0.0,-1.0,,0,1
10111,PI,ANGICAL DO PIAUÍ,6.0,1.0,5.0,1902.0,317.0,22500.0,3750.0,4.0,6.0,25.0,3.0,1.0,2.0,900.0,300.0,10850.0,3616.6666666666665,0.0,1.0,194.0,-3.0,0.0,-3.0,-1002.0,-17.0,-11650.0,-133.33333333333348,-4.0,-5.0,169.0,1,1
10120,PI,CABECEIRAS DO PIAUÍ,0.0,0.0,0.0,0.0,,,,0.0,0.0,,3.0,1.0,2.0,898.0,299.3333333333333,7200.0,2400.0,2.0,2.0,65.0,3.0,1.0,2.0,898.0,,,,2.0,2.0,,0,1
10146,PI,CALDEIRÃO GRANDE DO PIAUÍ,0.0,0.0,0.0,0.0,,,,0.0,0.0,,2.0,1.0,1.0,619.0,309.5,9000.0,4500.0,0.0,0.0,128.0,2.0,1.0,1.0,619.0,,,,0.0,0.0,,0,1
10154,PI,ANTÔNIO ALMEIDA,2.0,1.0,1.0,600.0,300.0,8500.0,4250.0,0.0,1.0,68.0,0.0,0.0,0.0,0.0,,,,0.0,0.0,,-2.0,-1.0,-1.0,-600.0,,,,0.0,-1.0,,0,1
10162,PI,CANAVIEIRA,0.0,0.0,0.0,0.0,,,,0.0,0.0,,3.0,1.0,3.0,913.0,304.3333333333333,12700.0,4233.333333333333,0.0,0.0,154.0,3.0,1.0,3.0,913.0,,,,0.0,0.0,,0,1
10170,PI,AROAZES,3.0,1.0,3.0,1208.0,402.6666666666667,17500.0,5833.333333333333,2.0,2.0,33.0,1.0,1.0,1.0,332.0,332.0,2200.0,2200.0,0.0,0.0,59.0,-2.0,0.0,-2.0,-876.0,-70.66666666666669,-15300.0,-3633.333333333333,-2.0,-2.0,26.0,1,1
10189,PI,COIVARAS,1.0,1.0,1.0,359.0,359.0,5500.0,5500.0,1.0,1.0,15.0,2.0,1.0,2.0,650.0,325.0,8000.0,4000.0,1.0,2.0,17.0,1.0,0.0,1.0,291.0,-34.0,2500.0,-1500.0,0.0,1.0,2.0,1,1
10197,PI,ARRAIAL,1.0,1.0,1.0,300.0,300.0,3000.0,3000.0,1.0,0.0,57.0,2.0,1.0,1.0,600.0,300.0,6000.0,3000.0,0.0,0.0,118.0,1.0,0.0,0.0,300.0,0.0,3000.0,0.0,-1.0,0.0,61.0,1,1
10200,PI,COLÔNIA DO GURGUÉIA,1.0,1.0,1.0,300.0,300.0,4000.0,4000.0,1.0,1.0,5.0,2.0,1.0,2.0,600.0,300.0,10500.0,5250.0,0.0,1.0,142.0,1.0,0.0,1.0,300.0,0.0,6500.0,1250.0,-1.0,0.0,137.0,1,1
10219,PI,AVELINO LOPES,2.0,1.0,2.0,700.0,350.0,12000.0,6000.0,1.0,2.0,17.0,0.0,0.0,0.0,0.0,,,,0.0,0.0,,-2.0,-1.0,-2.0,-700.0,,,,-1.0,-2.0,,0,1
10227,PI,COLÔNIA DO PIAUÍ,0.0,0.0,0.0,0.0,,,,0.0,0.0,,2.0,1.0,2.0,600.0,300.0,7500.0,3750.0,0.0,1.0,259.0,2.0,1.0,2.0,600.0,,,,0.0,1.0,,0,1
10235,PI,BARRAS,4.0,1.0,3.0,1890.0,472.5,17000.0,4250.0,1.0,2.0,140.0,2.0,1.0,1.0,801.0,400.5,13000.0,6500.0,0.0,1.0,80.0,-2.0,0.0,-2.0,-1089.0,-72.0,-4000.0,2250.0,-1.0,-1.0,-60.0,1,1
10243,PI,CORONEL JOSÉ DIAS,3.0,1.0,1.0,3759.0,1253.0,11000.0,3666.6666666666665,3.0,1.0,118.0,5.0,1.0,4.0,1630.0,326.0,25500.0,5100.0,1.0,1.0,175.0,2.0,0.0,3.0,-2129.0,-927.0,14500.0,1433.3333333333335,-2.0,0.0,57.0,1,1
10251,PI,BARREIRAS DO PIAUÍ,1.0,1.0,1.0,300.0,300.0,3000.0,3000.0,1.0,0.0,65.0,0.0,0.0,0.0,0.0,,,,0.0,0.0,,-1.0,-1.0,-1.0,-300.0,,,,-1.0,0.0,,0,1
10260,PI,FARTURA DO PIAUÍ,2.0,1.0,2.0,663.0,331.5,11000.0,5500.0,1.0,2.0,14.0,2.0,1.0,2.0,606.0,303.0,9500.0,4750.0,0.0,0.0,142.0,0.0,0.0,0.0,-57.0,-28.5,-1500.0,-750.0,-1.0,-2.0,128.0,1,1
10278,PI,BARRO DURO,0.0,0.0,0.0,0.0,,,,0.0,0.0,,7.0,1.0,3.0,2106.0,300.85714285714283,29000.0,4142.857142857143,0.0,1.0,165.0,7.0,1.0,3.0,2106.0,,,,0.0,1.0,,0,1
10294,PI,BATALHA,2.0,1.0,2.0,680.0,340.0,8000.0,4000.0,1.0,2.0,15.0,4.0,1.0,4.0,1423.0,355.75,24500.0,6125.0,1.0,1.0,224.0,2.0,0.0,2.0,743.0,15.75,16500.0,2125.0,0.0,-1.0,209.0,1,1
10308,PI,JARDIM DO MULATO,0.0,0.0,0.0,0.0,,,,0.0,0.0,,1.0,1.0,1.0,311.0,311.0,6500.0,6500.0,0.0,0.0,73.0,1.0,1.0,1.0,311.0,,,,0.0,0.0,,0,1
10316,PI,BENEDITINOS,3.0,1.0,2.0,1042.0,347.3333333333333,14228.0,4742.666666666667,3.0,1.0,71.0,7.0,1.0,5.0,2225.0,317.85714285714283,30000.0,4285.714285714285,0.0,2.0,247.0,4.0,0.0,3.0,1183.0,-29.47619047619048,15772.0,-456.95238095238165,-3.0,1.0,176.0,1,1
10324,PI,LAGOA ALEGRE,1.0,1.0,1.0,302.0,302.0,4000.0,4000.0,0.0,0.0,-11.0,0.0,0.0,0.0,0.0,,,,0.0,0.0,,-1.0,-1.0,-1.0,-302.0,,,,0.0,0.0,,0,1
10332,PI,BERTOLÍNIA,0.0,0.0,0.0,0.0,,,,0.0,0.0,,6.0,1.0,3.0,1801.0,300.1666666666667,26500.0,4416.666666666667,2.0,4.0,260.0,6.0,1.0,3.0,1801.0,,,,2.0,4.0,,0,1
10340,PI,LAGOA DO BARRO DO PIAUÍ,0.0,0.0,0.0,0.0,,,,0.0,0.0,,3.0,1.0,2.0,901.0,300.3333333333333,22000.0,7333.333333333333,0.0,1.0,243.0,3.0,1.0,2.0,901.0,,,,0.0,1.0,,0,1
10359,PI,BOCAINA,0.0,0.0,0.0,0.0,,,,0.0,0.0,,2.0,1.0,2.0,601.0,300.5,5000.0,2500.0,0.0,0.0,67.0,2.0,1.0,2.0,601.0,,,,0.0,0.0,,0,1
10367,PI,MARCOLÂNDIA,3.0,1.0,2.0,900.0,300.0,12000.0,4000.0,0.0,1.0,65.0,4.0,1.0,2.0,1279.0,319.75,11500.0,2875.0,2.0,1.0,245.0,1.0,0.0,0.0,379.0,19.75,-500.0,-1125.0,2.0,0.0,180.0,1,1
10375,PI,BOM JESUS,8.0,1.0,5.0,3160.0,395.0,54500.0,6812.5,2.0,5.0,56.0,17.0,1.0,8.0,6573.0,386.6470588235294,121000.0,7117.64705882353,0.0,7.0,164.0,9.0,0.0,3.0,3413.0,-8.352941176470608,66500.0,305.14705882352973,-2.0,2.0,108.0,1,1
10383,PI,PATOS DO PIAUÍ,5.0,1.0,4.0,1555.0,311.0,19600.0,3920.0,2.0,2.0,100.0,1.0,1.0,1.0,305.0,305.0,2500.0,2500.0,1.0,0.0,47.0,-4.0,0.0,-3.0,-1250.0,-6.0,-17100.0,-1420.0,-1.0,-2.0,-53.0,1,1
10391,PI,BURITI DOS LOPES,2.0,1.0,1.0,1200.0,600.0,9500.0,4750.0,0.0,1.0,64.0,6.0,1.0,4.0,2200.0,366.6666666666667,28000.0,4666.666666666667,0.0,1.0,142.0,4.0,0.0,3.0,1000.0,-233.33333333333331,18500.0,-83.33333333333303,0.0,0.0,78.0,1,1
10405,PI,PASSAGEM FRANCA DO PIAUÍ,1.0,1.0,1.0,250.0,250.0,7910.0,7910.0,0.0,1.0,30.0,4.0,1.0,3.0,1177.0,294.25,11000.0,2750.0,3.0,1.0,148.0,3.0,0.0,2.0,927.0,44.25,3090.0,-5160.0,3.0,0.0,118.0,1,1
10413,PI,CAMPINAS DO PIAUÍ,0.0,0.0,0.0,0.0,,,,0.0,0.0,,1.0,1.0,1.0,301.0,301.0,5000.0,5000.0,0.0,1.0,30.0,1.0,1.0,1.0,301.0,,,,0.0,1.0,,0,1
10430,PI,CAMPO MAIOR,14.0,1.0,6.0,4967.0,354.7857142857143,57700.0,4121.428571428572,9.0,5.0,303.0,20.0,1.0,7.0,8064.0,403.2,121500.0,6075.0,0.0,5.0,234.0,6.0,0.0,1.0,3097.0,48.41428571428571,63800.0,1953.5714285714284,-9.0,0.0,-69.0,1,1
10448,PI,SANTA CRUZ DOS MILAGRES,0.0,0.0,0.0,0.0,,,,0.0,0.0,,1.0,1.0,1.0,300.0,300.0,4500.0,4500.0,0.0,1.0,5.0,1.0,1.0,1.0,300.0,,,,0.0,1.0,,0,1
10456,PI,CANTO DO BURITI,2.0,1.0,2.0,630.0,315.0,6000.0,3000.0,2.0,1.0,38.0,19.0,1.0,7.0,5950.0,313.1578947368421,98300.0,5173.684210526316,12.0,9.0,165.0,17.0,0.0,5.0,5320.0,-1.8421052631579187,92300.0,2173.684210526316,10.0,8.0,127.0,1,1
10464,PI,SANTA ROSA DO PIAUÍ,2.0,1.0,2.0,598.0,299.0,9000.0,4500.0,0.0,1.0,85.0,2.0,1.0,2.0,603.0,301.5,6200.0,3100.0,0.0,2.0,25.0,0.0,0.0,0.0,5.0,2.5,-2800.0,-1400.0,0.0,1.0,-60.0,1,1
10472,PI,CAPITÃO DE CAMPOS,5.0,1.0,4.0,4700.0,940.0,28000.0,5600.0,1.0,4.0,111.0,6.0,1.0,5.0,1994.0,332.3333333333333,32000.0,5333.333333333333,0.0,3.0,89.0,1.0,0.0,1.0,-2706.0,-607.6666666666667,4000.0,-266.66666666666697,-1.0,-1.0,-22.0,1,1
10480,PI,SANTANA DO PIAUÍ,1.0,1.0,1.0,300.0,300.0,3000.0,3000.0,1.0,1.0,18.0,5.0,1.0,5.0,1506.0,301.2,25500.0,5100.0,1.0,2.0,99.0,4.0,0.0,4.0,1206.0,1.1999999999999886,22500.0,2100.0,0.0,1.0,81.0,1,1
10499,PI,CARACOL,0.0,0.0,0.0,0.0,,,,0.0,0.0,,1.0,1.0,1.0,382.0,382.0,6000.0,6000.0,0.0,0.0,37.0,1.0,1.0,1.0,382.0,,,,0.0,0.0,,0,1
10502,PI,SÃO BRAZ DO PIAUÍ,1.0,1.0,1.0,310.0,310.0,5000.0,5000.0,1.0,0.0,38.0,2.0,1.0,2.0,610.0,305.0,6000.0,3000.0,1.0,1.0,179.0,1.0,0.0,1.0,300.0,-5.0,1000.0,-2000.0,0.0,1.0,141.0,1,1
10510,PI,CASTELO DO PIAUÍ,2.0,1.0,2.0,600.0,300.0,10000.0,5000.0,1.0,2.0,5.0,4.0,1.0,3.0,1493.0,373.25,27500.0,6875.0,1.0,2.0,93.0,2.0,0.0,1.0,893.0,73.25,17500.0,1875.0,0.0,0.0,88.0,1,1
10529,PI,SÃO JOSÉ DO DIVINO,1.0,1.0,1.0,280.0,280.0,4500.0,4500.0,0.0,1.0,8.0,2.0,1.0,2.0,601.0,300.5,6000.0,3000.0,1.0,0.0,121.0,1.0,0.0,1.0,321.0,20.5,1500.0,-1500.0,1.0,-1.0,113.0,1,1
10537,PI,COCAL,4.0,1.0,3.0,2150.0,537.5,15250.0,3812.5,0.0,2.0,273.0,12.0,1.0,6.0,4518.0,376.5,63000.0,5250.0,2.0,3.0,185.0,8.0,0.0,3.0,2368.0,-161.0,47750.0,1437.5,2.0,1.0,-88.0,1,1
10545,PI,SIGEFREDO PACHECO,2.0,1.0,2.0,600.0,300.0,6700.0,3350.0,1.0,0.0,252.0,10.0,1.0,5.0,3084.0,308.4,54000.0,5400.0,3.0,0.0,231.0,8.0,0.0,3.0,2484.0,8.399999999999977,47300.0,2050.0,2.0,0.0,-21.0,1,1
10553,PI,CONCEIÇÃO DO CANINDÉ,5.0,1.0,5.0,1554.0,310.8,17100.0,3420.0,4.0,2.0,62.0,3.0,1.0,2.0,908.0,302.6666666666667,7000.0,2333.3333333333335,1.0,1.0,121.0,-2.0,0.0,-3.0,-646.0,-8.133333333333326,-10100.0,-1086.6666666666665,-3.0,-1.0,59.0,1,1
10561,PI,SÃO LOURENÇO DO PIAUÍ,3.0,1.0,2.0,900.0,300.0,12000.0,4000.0,3.0,3.0,20.0,6.0,1.0,3.0,1877.0,312.8333333333333,29500.0,4916.666666666667,1.0,2.0,176.0,3.0,0.0,1.0,977.0,12.833333333333314,17500.0,916.666666666667,-2.0,-1.0,156.0,1,1
10570,PI,CORRENTE,2.0,1.0,2.0,600.0,300.0,13000.0,6500.0,1.0,1.0,31.0,12.0,1.0,8.0,4245.0,353.75,85000.0,7083.333333333333,1.0,3.0,221.0,10.0,0.0,6.0,3645.0,53.75,72000.0,583.333333333333,0.0,2.0,190.0,1,1
10588,PI,VÁRZEA BRANCA,2.0,1.0,2.0,603.0,301.5,8500.0,4250.0,1.0,2.0,11.0,1.0,1.0,1.0,311.0,311.0,6500.0,6500.0,0.0,1.0,22.0,-1.0,0.0,-1.0,-292.0,9.5,-2000.0,2250.0,-1.0,-1.0,11.0,1,1
10618,PI,CRISTINO CASTRO,3.0,1.0,3.0,900.0,300.0,19260.0,6420.0,1.0,3.0,28.0,6.0,1.0,4.0,1981.0,330.1666666666667,46500.0,7750.0,1.0,1.0,248.0,3.0,0.0,1.0,1081.0,30.166666666666686,27240.0,1330.0,0.0,-2.0,220.0,1,1
10634,PI,CURIMATÁ,0.0,0.0,0.0,0.0,,,,0.0,0.0,,2.0,1.0,2.0,610.0,305.0,11500.0,5750.0,0.0,0.0,197.0,2.0,1.0,2.0,610.0,,,,0.0,0.0,,0,1
10650,PI,DEMERVAL LOBÃO,1.0,1.0,1.0,300.0,300.0,7500.0,7500.0,0.0,0.0,39.0,2.0,1.0,1.0,600.0,300.0,18000.0,9000.0,0.0,1.0,169.0,1.0,0.0,0.0,300.0,0.0,10500.0,1500.0,0.0,1.0,130.0,1,1
10669,PI,BOA HORA,0.0,0.0,0.0,0.0,,,,0.0,0.0,,2.0,1.0,2.0,800.0,400.0,13000.0,6500.0,0.0,1.0,63.0,2.0,1.0,2.0,800.0,,,,0.0,1.0,,0,1
10685,PI,DOM INOCÊNCIO,2.0,1.0,1.0,657.0,328.5,8500.0,4250.0,1.0,1.0,36.0,5.0,1.0,4.0,1887.0,377.4,36000.0,7200.0,1.0,3.0,173.0,3.0,0.0,3.0,1230.0,48.89999999999998,27500.0,2950.0,0.0,2.0,137.0,1,1
10693,PI,ELESBÃO VELOSO,3.0,1.0,2.0,950.0,316.6666666666667,11500.0,3833.3333333333335,2.0,1.0,60.0,3.0,1.0,2.0,915.0,305.0,19000.0,6333.333333333333,0.0,1.0,123.0,0.0,0.0,0.0,-35.0,-11.666666666666686,7500.0,2499.9999999999995,-2.0,0.0,63.0,1,1
10707,PI,CAPITÃO GERVÁSIO OLIVEIRA,2.0,1.0,2.0,569.0,284.5,6800.0,3400.0,1.0,1.0,100.0,9.0,1.0,5.0,2812.0,312.44444444444446,44500.0,4944.444444444444,1.0,1.0,261.0,7.0,0.0,3.0,2243.0,27.944444444444457,37700.0,1544.4444444444443,0.0,0.0,161.0,1,1
10715,PI,ELISEU MARTINS,1.0,1.0,1.0,300.0,300.0,2000.0,2000.0,1.0,1.0,6.0,4.0,1.0,2.0,1205.0,301.25,19000.0,4750.0,0.0,1.0,232.0,3.0,0.0,1.0,905.0,1.25,17000.0,2750.0,-1.0,0.0,226.0,1,1
10723,PI,CAMPO GRANDE DO PIAUÍ,0.0,0.0,0.0,0.0,,,,0.0,0.0,,2.0,1.0,1.0,631.0,315.5,9000.0,4500.0,0.0,0.0,138.0,2.0,1.0,1.0,631.0,,,,0.0,0.0,,0,1
10731,PI,ESPERANTINA,2.0,1.0,1.0,1211.0,605.5,18000.0,9000.0,0.0,1.0,99.0,0.0,0.0,0.0,0.0,,,,0.0,0.0,,-2.0,-1.0,-1.0,-1211.0,,,,0.0,-1.0,,0,1
10740,PI,CAMPO LARGO DO PIAUÍ,0.0,0.0,0.0,0.0,,,,0.0,0.0,,1.0,1.0,1.0,324.0,324.0,2500.0,2500.0,0.0,1.0,24.0,1.0,1.0,1.0,324.0,,,,0.0,1.0,,0,1
10758,PI,FLORES DO PIAUÍ,2.0,1.0,2.0,578.0,289.0,8000.0,4000.0,0.0,0.0,104.0,2.0,1.0,2.0,500.0,250.0,12000.0,6000.0,1.0,0.0,141.0,0.0,0.0,0.0,-78.0,-39.0,4000.0,2000.0,1.0,0.0,37.0,1,1
10766,PI,CURRAIS,1.0,1.0,1.0,300.0,300.0,4000.0,4000.0,0.0,1.0,14.0,2.0,1.0,2.0,617.0,308.5,10300.0,5150.0,1.0,0.0,151.0,1.0,0.0,1.0,317.0,8.5,6300.0,1150.0,1.0,-1.0,137.0,1,1
10774,PI,FLORIANO,1.0,1.0,1.0,600.0,600.0,10000.0,10000.0,0.0,1.0,12.0,12.0,1.0,7.0,4635.0,386.25,87500.0,7291.666666666667,0.0,3.0,266.0,11.0,0.0,6.0,4035.0,-213.75,77500.0,-2708.333333333333,0.0,2.0,254.0,1,1
10804,PI,GUARIBAS,1.0,1.0,1.0,335.0,335.0,5500.0,5500.0,1.0,0.0,39.0,0.0,0.0,0.0,0.0,,,,0.0,0.0,,-1.0,-1.0,-1.0,-335.0,,,,-1.0,0.0,,0,1
10812,PI,FRANCISCO AYRES,2.0,1.0,2.0,750.0,375.0,8500.0,4250.0,2.0,2.0,10.0,5.0,1.0,4.0,1525.0,305.0,21000.0,4200.0,0.0,2.0,160.0,3.0,0.0,2.0,775.0,-70.0,12500.0,-50.0,-2.0,0.0,150.0,1,1
10820,PI,ILHA GRANDE,0.0,0.0,0.0,0.0,,,,0.0,0.0,,4.0,1.0,1.0,1468.0,367.0,14500.0,3625.0,0.0,2.0,142.0,4.0,1.0,1.0,1468.0,,,,0.0,2.0,,0,1
10839,PI,FRANCISCO SANTOS,0.0,0.0,0.0,0.0,,,,0.0,0.0,,12.0,1.0,3.0,3600.0,300.0,107000.0,8916.666666666666,0.0,6.0,217.0,12.0,1.0,3.0,3600.0,,,,0.0,6.0,,0,1
10847,PI,JUREMA,0.0,0.0,0.0,0.0,,,,0.0,0.0,,4.0,1.0,3.0,1326.0,331.5,22500.0,5625.0,0.0,0.0,170.0,4.0,1.0,3.0,1326.0,,,,0.0,0.0,,0,1
10855,PI,FRONTEIRAS,4.0,1.0,2.0,1350.0,337.5,11300.0,2825.0,3.0,1.0,307.0,5.0,1.0,2.0,1540.0,308.0,32000.0,6400.0,1.0,1.0,211.0,1.0,0.0,0.0,190.0,-29.5,20700.0,3575.0,-2.0,0.0,-96.0,1,1
10863,PI,LAGOA DE SÃO FRANCISCO,1.0,1.0,1.0,310.0,310.0,4000.0,4000.0,0.0,1.0,8.0,3.0,1.0,2.0,904.0,301.3333333333333,11000.0,3666.6666666666665,1.0,1.0,124.0,2.0,0.0,1.0,594.0,-8.666666666666686,7000.0,-333.3333333333335,1.0,0.0,116.0,1,1
10871,PI,GILBUÉS,1.0,1.0,1.0,300.0,300.0,4000.0,4000.0,1.0,1.0,15.0,0.0,0.0,0.0,0.0,,,,0.0,0.0,,-1.0,-1.0,-1.0,-300.0,,,,-1.0,-1.0,,0,1
10880,PI,MORRO CABEÇA NO TEMPO,1.0,1.0,1.0,250.0,250.0,6500.0,6500.0,0.0,1.0,23.0,3.0,1.0,2.0,915.0,305.0,21500.0,7166.666666666667,0.0,1.0,127.0,2.0,0.0,1.0,665.0,55.0,15000.0,666.666666666667,0.0,0.0,104.0,1,1
10898,PI,GUADALUPE,3.0,1.0,1.0,1133.0,377.6666666666667,11750.0,3916.6666666666665,1.0,1.0,72.0,3.0,1.0,1.0,914.0,304.6666666666667,17500.0,5833.333333333333,0.0,1.0,240.0,0.0,0.0,0.0,-219.0,-73.0,5750.0,1916.6666666666665,-1.0,0.0,168.0,1,1
10901,PI,NOVO SANTO ANTÔNIO,1.0,1.0,1.0,300.0,300.0,3000.0,3000.0,0.0,1.0,8.0,1.0,1.0,1.0,301.0,301.0,3000.0,3000.0,0.0,1.0,19.0,0.0,0.0,0.0,1.0,1.0,0.0,0.0,0.0,0.0,11.0,1,1
10910,PI,HUGO NAPOLEÃO,0.0,0.0,0.0,0.0,,,,0.0,0.0,,4.0,1.0,4.0,1231.0,307.75,17350.0,4337.5,0.0,2.0,171.0,4.0,1.0,4.0,1231.0,,,,0.0,2.0,,0,1
10928,PI,NOSSA SENHORA DE NAZARÉ,0.0,0.0,0.0,0.0,,,,0.0,0.0,,1.0,1.0,1.0,300.0,300.0,5000.0,5000.0,0.0,1.0,23.0,1.0,1.0,1.0,300.0,,,,0.0,1.0,,0,1
10936,PI,INHUMA,2.0,1.0,1.0,600.0,300.0,11000.0,5500.0,0.0,1.0,44.0,5.0,1.0,1.0,1521.0,304.2,29000.0,5800.0,0.0,2.0,245.0,3.0,0.0,0.0,921.0,4.199999999999989,18000.0,300.0,0.0,1.0,201.0,1,1
10944,PI,PAQUETÁ,1.0,1.0,1.0,300.0,300.0,2500.0,2500.0,1.0,0.0,59.0,3.0,1.0,2.0,938.0,312.6666666666667,14000.0,4666.666666666667,0.0,1.0,124.0,2.0,0.0,1.0,638.0,12.666666666666686,11500.0,2166.666666666667,-1.0,1.0,65.0,1,1
10952,PI,IPIRANGA DO PIAUÍ,5.0,1.0,3.0,1600.0,320.0,17000.0,3400.0,3.0,3.0,127.0,3.0,1.0,1.0,900.0,300.0,10500.0,3500.0,0.0,1.0,103.0,-2.0,0.0,-2.0,-700.0,-20.0,-6500.0,100.0,-3.0,-2.0,-24.0,1,1
10960,PI,NOVA SANTA RITA,1.0,1.0,1.0,776.0,776.0,5000.0,5000.0,1.0,1.0,12.0,2.0,1.0,2.0,603.0,301.5,7000.0,3500.0,0.0,0.0,114.0,1.0,0.0,1.0,-173.0,-474.5,2000.0,-1500.0,-1.0,-1.0,102.0,1,1
10979,PI,ISAÍAS COELHO,0.0,0.0,0.0,0.0,,,,0.0,0.0,,3.0,1.0,2.0,1105.0,368.3333333333333,10500.0,3500.0,0.0,1.0,204.0,3.0,1.0,2.0,1105.0,,,,0.0,1.0,,0,1
10987,PI,SÃO JOÃO DO ARRAIAL,1.0,1.0,1.0,300.0,300.0,3000.0,3000.0,1.0,1.0,7.0,5.0,1.0,3.0,1500.0,300.0,34500.0,6900.0,1.0,3.0,198.0,4.0,0.0,2.0,1200.0,0.0,31500.0,3900.0,0.0,2.0,191.0,1,1
10995,PI,ITAINÓPOLIS,0.0,0.0,0.0,0.0,,,,0.0,0.0,,3.0,1.0,3.0,920.0,306.6666666666667,11500.0,3833.3333333333335,0.0,1.0,98.0,3.0,1.0,3.0,920.0,,,,0.0,1.0,,0,1
11010,PI,ITAUEIRA,2.0,1.0,2.0,614.0,307.0,7100.0,3550.0,1.0,1.0,128.0,3.0,1.0,2.0,1000.0,333.3333333333333,12980.0,4326.666666666667,0.0,0.0,259.0,1.0,0.0,0.0,386.0,26.333333333333314,5880.0,776.666666666667,-1.0,-1.0,131.0,1,1
11037,PI,JAICÓS,8.0,1.0,4.0,2901.0,362.625,43700.0,5462.5,5.0,2.0,309.0,6.0,1.0,4.0,1805.0,300.8333333333333,36000.0,6000.0,1.0,2.0,270.0,-2.0,0.0,0.0,-1096.0,-61.791666666666686,-7700.0,537.5,-4.0,0.0,-39.0,1,1
11053,PI,JERUMENHA,2.0,1.0,2.0,600.0,300.0,7500.0,3750.0,2.0,2.0,14.0,2.0,1.0,2.0,606.0,303.0,8000.0,4000.0,0.0,1.0,165.0,0.0,0.0,0.0,6.0,3.0,500.0,250.0,-2.0,-1.0,151.0,1,1
11070,PI,JOAQUIM PIRES,0.0,0.0,0.0,0.0,,,,0.0,0.0,,1.0,1.0,1.0,366.0,366.0,4000.0,4000.0,0.0,1.0,13.0,1.0,1.0,1.0,366.0,,,,0.0,1.0,,0,1
11088,PI,SÃO JOÃO DA CANABRAVA,1.0,1.0,1.0,283.0,283.0,3000.0,3000.0,1.0,1.0,13.0,0.0,0.0,0.0,0.0,,,,0.0,0.0,,-1.0,-1.0,-1.0,-283.0,,,,-1.0,-1.0,,0,1
11096,PI,JOSÉ DE FREITAS,2.0,1.0,1.0,750.0,375.0,9000.0,4500.0,0.0,1.0,35.0,21.0,1.0,11.0,9090.0,432.85714285714283,132200.0,6295.238095238095,3.0,4.0,247.0,19.0,0.0,10.0,8340.0,57.85714285714283,123200.0,1795.2380952380954,3.0,3.0,212.0,1,1
11118,PI,LANDRI SALES,1.0,1.0,1.0,300.0,300.0,3000.0,3000.0,1.0,1.0,25.0,4.0,1.0,3.0,2600.0,650.0,26300.0,6575.0,0.0,2.0,76.0,3.0,0.0,2.0,2300.0,350.0,23300.0,3575.0,-1.0,1.0,51.0,1,1
11134,PI,LUIS CORREIA,7.0,1.0,5.0,2349.0,335.57142857142856,35700.0,5100.0,2.0,2.0,244.0,12.0,1.0,4.0,6600.0,550.0,51700.0,4308.333333333333,1.0,5.0,226.0,5.0,0.0,-1.0,4251.0,214.42857142857144,16000.0,-791.666666666667,-1.0,3.0,-18.0,1,1
11150,PI,LUZILÂNDIA,1.0,1.0,1.0,300.0,300.0,4500.0,4500.0,0.0,0.0,43.0,0.0,0.0,0.0,0.0,,,,0.0,0.0,,-1.0,-1.0,-1.0,-300.0,,,,0.0,0.0,,0,1
11177,PI,MANOEL EMÍDIO,0.0,0.0,0.0,0.0,,,,0.0,0.0,,1.0,1.0,1.0,300.0,300.0,5000.0,5000.0,0.0,0.0,129.0,1.0,1.0,1.0,300.0,,,,0.0,0.0,,0,1
11193,PI,MARCOS PARENTE,0.0,0.0,0.0,0.0,,,,0.0,0.0,,1.0,1.0,1.0,300.0,300.0,4000.0,4000.0,1.0,1.0,16.0,1.0,1.0,1.0,300.0,,,,1.0,1.0,,0,1
11215,PI,MATIAS OLÍMPIO,3.0,1.0,1.0,893.0,297.6666666666667,10500.0,3500.0,0.0,1.0,270.0,3.0,1.0,1.0,1250.0,416.6666666666667,11200.0,3733.3333333333335,1.0,1.0,137.0,0.0,0.0,0.0,357.0,119.0,700.0,233.33333333333348,1.0,0.0,-133.0,1,1
11231,PI,MIGUEL ALVES,4.0,1.0,3.0,1300.0,325.0,15500.0,3875.0,3.0,4.0,22.0,9.0,1.0,4.0,3144.0,349.3333333333333,53500.0,5944.444444444444,0.0,3.0,265.0,5.0,0.0,1.0,1844.0,24.333333333333314,38000.0,2069.4444444444443,-3.0,-1.0,243.0,1,1
11258,PI,MIGUEL LEÃO,1.0,1.0,1.0,250.0,250.0,2000.0,2000.0,1.0,1.0,8.0,1.0,1.0,1.0,250.0,250.0,3000.0,3000.0,0.0,1.0,8.0,0.0,0.0,0.0,0.0,0.0,1000.0,1000.0,-1.0,0.0,0.0,1,1
11274,PI,MONSENHOR GIL,7.0,1.0,4.0,2322.0,331.7142857142857,35400.0,5057.142857142857,2.0,4.0,150.0,11.0,1.0,5.0,3907.0,355.1818181818182,58000.0,5272.727272727273,1.0,3.0,234.0,4.0,0.0,1.0,1585.0,23.467532467532465,22600.0,215.5844155844161,-1.0,-1.0,84.0,1,1
11290,PI,MONSENHOR HIPÓLITO,1.0,1.0,1.0,300.0,300.0,10000.0,10000.0,0.0,1.0,22.0,2.0,1.0,2.0,631.0,315.5,9500.0,4750.0,0.0,2.0,19.0,1.0,0.0,1.0,331.0,15.5,-500.0,-5250.0,0.0,1.0,-3.0,1,1
11312,PI,MONTE ALEGRE DO PIAUÍ,1.0,1.0,1.0,310.0,310.0,4500.0,4500.0,0.0,1.0,8.0,4.0,1.0,4.0,1304.0,326.0,21500.0,5375.0,0.0,3.0,55.0,3.0,0.0,3.0,994.0,16.0,17000.0,875.0,0.0,2.0,47.0,1,1
11339,PI,NAZARÉ DO PIAUÍ,4.0,1.0,3.0,1692.0,423.0,11000.0,2750.0,4.0,1.0,146.0,2.0,1.0,1.0,618.0,309.0,10000.0,5000.0,0.0,1.0,161.0,-2.0,0.0,-2.0,-1074.0,-114.0,-1000.0,2250.0,-4.0,0.0,15.0,1,1
11355,PI,NOSSA SENHORA DOS REMÉDIOS,5.0,1.0,3.0,1500.0,300.0,23000.0,4600.0,1.0,2.0,281.0,11.0,1.0,4.0,3316.0,301.45454545454544,56000.0,5090.909090909091,1.0,3.0,269.0,6.0,0.0,1.0,1816.0,1.454545454545439,33000.0,490.909090909091,0.0,1.0,-12.0,1,1
11371,PI,NOVO ORIENTE DO PIAUÍ,5.0,1.0,4.0,1505.0,301.0,14500.0,2900.0,2.0,3.0,281.0,2.0,1.0,1.0,608.0,304.0,11500.0,5750.0,0.0,2.0,23.0,-3.0,0.0,-3.0,-897.0,3.0,-3000.0,2850.0,-2.0,-1.0,-258.0,1,1
11398,PI,OEIRAS,1.0,1.0,1.0,470.0,470.0,3000.0,3000.0,1.0,1.0,7.0,13.0,1.0,4.0,5624.0,432.61538461538464,75000.0,5769.2307692307695,8.0,3.0,268.0,12.0,0.0,3.0,5154.0,-37.38461538461536,72000.0,2769.2307692307695,7.0,2.0,261.0,1,1
11410,PI,DOMINGOS MOURÃO,1.0,1.0,1.0,300.0,300.0,4000.0,4000.0,0.0,1.0,21.0,1.0,1.0,1.0,301.0,301.0,2500.0,2500.0,0.0,0.0,124.0,0.0,0.0,0.0,1.0,1.0,-1500.0,-1500.0,0.0,-1.0,103.0,1,1
11452,PI,PAES LANDIM,0.0,0.0,0.0,0.0,,,,0.0,0.0,,3.0,1.0,3.0,1017.0,339.0,12500.0,4166.666666666667,0.0,0.0,144.0,3.0,1.0,3.0,1017.0,,,,0.0,0.0,,0,1
11479,PI,PALMEIRA DO PIAUÍ,0.0,0.0,0.0,0.0,,,,0.0,0.0,,3.0,1.0,2.0,905.0,301.6666666666667,14500.0,4833.333333333333,0.0,1.0,94.0,3.0,1.0,2.0,905.0,,,,0.0,1.0,,0,1
11495,PI,PALMEIRAIS,6.0,1.0,2.0,2941.0,490.1666666666667,34950.0,5825.0,4.0,3.0,87.0,6.0,1.0,4.0,3354.0,559.0,27000.0,4500.0,0.0,3.0,86.0,0.0,0.0,2.0,413.0,68.83333333333331,-7950.0,-1325.0,-4.0,0.0,-1.0,1,1
11517,PI,PARNAGUÁ,0.0,0.0,0.0,0.0,,,,0.0,0.0,,5.0,1.0,3.0,1622.0,324.4,36000.0,7200.0,0.0,0.0,174.0,5.0,1.0,3.0,1622.0,,,,0.0,0.0,,0,1
11533,PI,PARNAÍBA,3.0,1.0,2.0,1000.0,333.3333333333333,17500.0,5833.333333333333,0.0,2.0,43.0,18.0,1.0,7.0,13323.0,740.1666666666666,160000.0,8888.888888888889,4.0,4.0,271.0,15.0,0.0,5.0,12323.0,406.8333333333333,142500.0,3055.5555555555557,4.0,2.0,228.0,1,1
11550,PI,PAULISTANA,5.0,1.0,4.0,1825.0,365.0,14100.0,2820.0,3.0,4.0,65.0,13.0,1.0,7.0,5434.0,418.0,110700.0,8515.384615384615,2.0,4.0,161.0,8.0,0.0,3.0,3609.0,53.0,96600.0,5695.384615384615,-1.0,0.0,96.0,1,1
11576,PI,PEDRO II,4.0,1.0,4.0,1430.0,357.5,26000.0,6500.0,0.0,3.0,141.0,10.0,1.0,4.0,6897.0,689.7,67000.0,6700.0,0.0,4.0,150.0,6.0,0.0,0.0,5467.0,332.20000000000005,41000.0,200.0,0.0,1.0,9.0,1,1
11592,PI,PICOS,20.0,1.0,9.0,8993.0,449.65,117500.0,5875.0,9.0,11.0,269.0,35.0,1.0,12.0,17556.0,501.6,238500.0,6814.285714285715,3.0,18.0,256.0,15.0,0.0,3.0,8563.0,51.950000000000045,121000.0,939.2857142857147,-6.0,7.0,-13.0,1,1
11614,PI,PIMENTEIRAS,3.0,1.0,1.0,900.0,300.0,11000.0,3666.6666666666665,3.0,2.0,80.0,6.0,1.0,2.0,1971.0,328.5,20500.0,3416.6666666666665,0.0,1.0,164.0,3.0,0.0,1.0,1071.0,28.5,9500.0,-250.0,-3.0,-1.0,84.0,1,1
11630,PI,PIO IX,5.0,1.0,5.0,1650.0,330.0,32500.0,6500.0,1.0,4.0,43.0,3.0,1.0,2.0,930.0,310.0,16500.0,5500.0,0.0,0.0,140.0,-2.0,0.0,-3.0,-720.0,-20.0,-16000.0,-1000.0,-1.0,-4.0,97.0,1,1
11657,PI,PIRACURUCA,3.0,1.0,3.0,1000.0,333.3333333333333,16000.0,5333.333333333333,0.0,3.0,30.0,11.0,1.0,3.0,4514.0,410.3636363636364,79500.0,7227.272727272727,0.0,5.0,171.0,8.0,0.0,0.0,3514.0,77.03030303030306,63500.0,1893.939393939394,0.0,2.0,141.0,1,1
11673,PI,PIRIPIRI,9.0,1.0,4.0,4198.0,466.44444444444446,61000.0,6777.777777777777,3.0,5.0,122.0,18.0,1.0,7.0,7591.0,421.72222222222223,115500.0,6416.666666666667,3.0,3.0,244.0,9.0,0.0,3.0,3393.0,-44.72222222222223,54500.0,-361.1111111111104,0.0,-2.0,122.0,1,1
11690,PI,PORTO,1.0,1.0,1.0,455.0,455.0,4500.0,4500.0,0.0,1.0,16.0,1.0,1.0,1.0,400.0,400.0,4000.0,4000.0,0.0,1.0,6.0,0.0,0.0,0.0,-55.0,-55.0,-500.0,-500.0,0.0,0.0,-10.0,1,1
11711,PI,PRATA DO PIAUÍ,0.0,0.0,0.0,0.0,,,,0.0,0.0,,3.0,1.0,2.0,902.0,300.6666666666667,8000.0,2666.6666666666665,2.0,1.0,79.0,3.0,1.0,2.0,902.0,,,,2.0,1.0,,0,1
11738,PI,REDENÇÃO DO GURGUÉIA,1.0,1.0,1.0,300.0,300.0,5000.0,5000.0,1.0,1.0,17.0,5.0,1.0,3.0,1957.0,391.4,29000.0,5800.0,0.0,1.0,119.0,4.0,0.0,2.0,1657.0,91.39999999999998,24000.0,800.0,-1.0,0.0,102.0,1,1
11754,PI,REGENERAÇÃO,1.0,1.0,1.0,300.0,300.0,3000.0,3000.0,1.0,1.0,8.0,0.0,0.0,0.0,0.0,,,,0.0,0.0,,-1.0,-1.0,-1.0,-300.0,,,,-1.0,-1.0,,0,1
11770,PI,RIBEIRO GONÇALVES,1.0,1.0,1.0,300.0,300.0,12870.0,12870.0,0.0,0.0,53.0,0.0,0.0,0.0,0.0,,,,0.0,0.0,,-1.0,-1.0,-1.0,-300.0,,,,0.0,0.0,,0,1
11797,PI,RIO GRANDE DO PIAUÍ,0.0,0.0,0.0,0.0,,,,0.0,0.0,,3.0,1.0,1.0,911.0,303.6666666666667,14000.0,4666.666666666667,0.0,1.0,223.0,3.0,1.0,1.0,911.0,,,,0.0,1.0,,0,1
11819,PI,SANTA CRUZ DO PIAUÍ,1.0,1.0,1.0,300.0,300.0,4000.0,4000.0,0.0,1.0,7.0,3.0,1.0,2.0,900.0,300.0,28000.0,9333.333333333334,0.0,2.0,73.0,2.0,0.0,1.0,600.0,0.0,24000.0,5333.333333333334,0.0,1.0,66.0,1,1
11835,PI,SANTA FILOMENA,0.0,0.0,0.0,0.0,,,,0.0,0.0,,1.0,1.0,1.0,301.0,301.0,2500.0,2500.0,0.0,0.0,46.0,1.0,1.0,1.0,301.0,,,,0.0,0.0,,0,1
11851,PI,SANTA LUZ,1.0,1.0,1.0,300.0,300.0,1500.0,1500.0,0.0,1.0,6.0,5.0,1.0,4.0,1505.0,301.0,21500.0,4300.0,0.0,1.0,139.0,4.0,0.0,3.0,1205.0,1.0,20000.0,2800.0,0.0,0.0,133.0,1,1
11878,PI,SANTO ANTÔNIO DE LISBOA,3.0,1.0,3.0,914.0,304.6666666666667,13640.0,4546.666666666667,1.0,2.0,61.0,6.0,1.0,4.0,1880.0,313.3333333333333,37500.0,6250.0,1.0,1.0,138.0,3.0,0.0,1.0,966.0,8.666666666666629,23860.0,1703.333333333333,0.0,-1.0,77.0,1,1
11894,PI,SANTO INÁCIO DO PIAUÍ,0.0,0.0,0.0,0.0,,,,0.0,0.0,,1.0,1.0,1.0,303.0,303.0,2500.0,2500.0,1.0,0.0,51.0,1.0,1.0,1.0,303.0,,,,1.0,0.0,,0,1
11916,PI,SÃO FÉLIX DO PIAUÍ,0.0,0.0,0.0,0.0,,,,0.0,0.0,,2.0,1.0,2.0,600.0,300.0,14500.0,7250.0,0.0,1.0,69.0,2.0,1.0,2.0,600.0,,,,0.0,1.0,,0,1
11932,PI,SÃO FRANCISCO DO PIAUÍ,1.0,1.0,1.0,300.0,300.0,4000.0,4000.0,0.0,1.0,23.0,3.0,1.0,3.0,900.0,300.0,15000.0,5000.0,0.0,2.0,38.0,2.0,0.0,2.0,600.0,0.0,11000.0,1000.0,0.0,1.0,15.0,1,1
11959,PI,SÃO GONÇALO DO PIAUÍ,1.0,1.0,1.0,350.0,350.0,8000.0,8000.0,0.0,0.0,95.0,5.0,1.0,4.0,1525.0,305.0,23500.0,4700.0,0.0,0.0,224.0,4.0,0.0,3.0,1175.0,-45.0,15500.0,-3300.0,0.0,0.0,129.0,1,1
11975,PI,SÃO JOÃO DA SERRA,0.0,0.0,0.0,0.0,,,,0.0,0.0,,1.0,1.0,1.0,300.0,300.0,7000.0,7000.0,0.0,1.0,7.0,1.0,1.0,1.0,300.0,,,,0.0,1.0,,0,1
11991,PI,SÃO JOÃO DO PIAUÍ,11.0,1.0,6.0,3955.0,359.54545454545456,65000.0,5909.090909090909,3.0,8.0,102.0,22.0,1.0,9.0,9542.0,433.72727272727275,141500.0,6431.818181818182,0.0,9.0,154.0,11.0,0.0,3.0,5587.0,74.18181818181819,76500.0,522.727272727273,-3.0,1.0,52.0,1,1
12009,PI,SÃO JOÃO DA FRONTEIRA,1.0,1.0,1.0,254.0,254.0,1500.0,1500.0,1.0,0.0,260.0,1.0,1.0,1.0,300.0,300.0,2500.0,2500.0,1.0,1.0,3.0,0.0,0.0,0.0,46.0,46.0,1000.0,1000.0,0.0,1.0,-257.0,1,1
12017,PI,SÃO JOSÉ DO PEIXE,0.0,0.0,0.0,0.0,,,,0.0,0.0,,2.0,1.0,1.0,602.0,301.0,10500.0,5250.0,0.0,0.0,115.0,2.0,1.0,1.0,602.0,,,,0.0,0.0,,0,1
12033,PI,SÃO JOSÉ DO PIAUÍ,2.0,1.0,1.0,600.0,300.0,8000.0,4000.0,0.0,1.0,82.0,0.0,0.0,0.0,0.0,,,,0.0,0.0,,-2.0,-1.0,-1.0,-600.0,,,,0.0,-1.0,,0,1
12050,PI,SÃO JULIÃO,0.0,0.0,0.0,0.0,,,,0.0,0.0,,1.0,1.0,1.0,300.0,300.0,5000.0,5000.0,0.0,1.0,4.0,1.0,1.0,1.0,300.0,,,,0.0,1.0,,0,1
12068,PI,SEBASTIÃO LEAL,1.0,1.0,1.0,300.0,300.0,3000.0,3000.0,1.0,1.0,24.0,1.0,1.0,1.0,300.0,300.0,3000.0,3000.0,0.0,0.0,110.0,0.0,0.0,0.0,0.0,0.0,0.0,0.0,-1.0,-1.0,86.0,1,1
12076,PI,SÃO MIGUEL DO TAPUIO,1.0,1.0,1.0,300.0,300.0,6000.0,6000.0,0.0,1.0,19.0,5.0,1.0,3.0,2171.0,434.2,30000.0,6000.0,0.0,2.0,183.0,4.0,0.0,2.0,1871.0,134.2,24000.0,0.0,0.0,1.0,164.0,1,1
12084,PI,ALVORADA DO GURGUÉIA,0.0,0.0,0.0,0.0,,,,0.0,0.0,,2.0,1.0,1.0,602.0,301.0,5000.0,2500.0,0.0,0.0,76.0,2.0,1.0,1.0,602.0,,,,0.0,0.0,,0,1
12092,PI,SÃO PEDRO DO PIAUÍ,1.0,1.0,1.0,300.0,300.0,9000.0,9000.0,0.0,1.0,13.0,2.0,1.0,2.0,600.0,300.0,13000.0,6500.0,0.0,2.0,27.0,1.0,0.0,1.0,300.0,0.0,4000.0,-2500.0,0.0,1.0,14.0,1,1
12106,PI,ASSUNÇÃO DO PIAUÍ,3.0,1.0,2.0,977.0,325.6666666666667,11600.0,3866.6666666666665,1.0,1.0,174.0,2.0,1.0,1.0,642.0,321.0,9500.0,4750.0,0.0,0.0,227.0,-1.0,0.0,-1.0,-335.0,-4.666666666666686,-2100.0,883.3333333333335,-1.0,-1.0,53.0,1,1
12114,PI,SÃO RAIMUNDO NONATO,3.0,1.0,2.0,920.0,306.6666666666667,16000.0,5333.333333333333,2.0,3.0,26.0,19.0,1.0,8.0,8939.0,470.4736842105263,120500.0,6342.105263157895,1.0,6.0,183.0,16.0,0.0,6.0,8019.0,163.80701754385962,104500.0,1008.771929824562,-1.0,3.0,157.0,1,1
12122,PI,BETÂNIA DO PIAUÍ,2.0,1.0,1.0,632.0,316.0,11000.0,5500.0,2.0,0.0,101.0,3.0,1.0,1.0,938.0,312.6666666666667,15000.0,5000.0,1.0,1.0,231.0,1.0,0.0,0.0,306.0,-3.3333333333333144,4000.0,-500.0,-1.0,1.0,130.0,1,1
12130,PI,SIMÕES,0.0,0.0,0.0,0.0,,,,0.0,0.0,,5.0,1.0,3.0,1858.0,371.6,19500.0,3900.0,0.0,2.0,142.0,5.0,1.0,3.0,1858.0,,,,0.0,2.0,,0,1
12149,PI,BOQUEIRÃO DO PIAUÍ,0.0,0.0,0.0,0.0,,,,0.0,0.0,,1.0,1.0,1.0,300.0,300.0,3500.0,3500.0,1.0,1.0,4.0,1.0,1.0,1.0,300.0,,,,1.0,1.0,,0,1
12157,PI,SIMPLÍCIO MENDES,2.0,1.0,2.0,600.0,300.0,15000.0,7500.0,1.0,2.0,24.0,11.0,1.0,6.0,3664.0,333.09090909090907,55800.0,5072.727272727273,4.0,3.0,265.0,9.0,0.0,4.0,3064.0,33.090909090909065,40800.0,-2427.272727272727,3.0,1.0,241.0,1,1
12165,PI,CARIDADE DO PIAUÍ,0.0,0.0,0.0,0.0,,,,0.0,0.0,,1.0,1.0,1.0,300.0,300.0,3000.0,3000.0,0.0,0.0,273.0,1.0,1.0,1.0,300.0,,,,0.0,0.0,,0,1
12173,PI,SOCORRO DO PIAUÍ,1.0,1.0,1.0,358.0,358.0,2500.0,2500.0,1.0,1.0,6.0,3.0,1.0,3.0,900.0,300.0,12500.0,4166.666666666667,1.0,0.0,143.0,2.0,0.0,2.0,542.0,-58.0,10000.0,1666.666666666667,0.0,-1.0,137.0,1,1
12181,PI,CURRAL NOVO DO PIAUÍ,1.0,1.0,1.0,264.0,264.0,4000.0,4000.0,1.0,0.0,52.0,0.0,0.0,0.0,0.0,,,,0.0,0.0,,-1.0,-1.0,-1.0,-264.0,,,,-1.0,0.0,,0,1
12190,PI,TERESINA,50.0,1.0,11.0,42510.0,850.2,793821.1,15876.421999999999,14.0,18.0,296.0,87.0,1.0,17.0,96115.0,1104.7701149425288,1470723.4,16904.866666666665,34.0,26.0,252.0,37.0,0.0,6.0,53605.0,254.5701149425288,676902.2999999999,1028.4446666666663,20.0,8.0,-44.0,1,1
12203,PI,JÚLIO BORGES,0.0,0.0,0.0,0.0,,,,0.0,0.0,,1.0,1.0,1.0,250.0,250.0,4000.0,4000.0,1.0,0.0,46.0,1.0,1.0,1.0,250.0,,,,1.0,0.0,,0,1
12211,PI,UNIÃO,5.0,1.0,4.0,1631.0,326.2,14000.0,2800.0,2.0,2.0,128.0,11.0,1.0,4.0,4003.0,363.90909090909093,65000.0,5909.090909090909,1.0,5.0,133.0,6.0,0.0,0.0,2372.0,37.709090909090946,51000.0,3109.090909090909,-1.0,3.0,5.0,1,1
12220,PI,LAGOA DO SÍTIO,3.0,1.0,3.0,780.0,260.0,13000.0,4333.333333333333,0.0,3.0,21.0,3.0,1.0,2.0,922.0,307.3333333333333,9000.0,3000.0,1.0,1.0,172.0,0.0,0.0,-1.0,142.0,47.333333333333314,-4000.0,-1333.333333333333,1.0,-2.0,151.0,1,1
12238,PI,URUÇUÍ,8.0,1.0,7.0,3013.0,376.625,37000.0,4625.0,4.0,6.0,39.0,3.0,1.0,3.0,836.0,278.6666666666667,24000.0,8000.0,1.0,0.0,116.0,-5.0,0.0,-4.0,-2177.0,-97.95833333333331,-13000.0,3375.0,-3.0,-6.0,77.0,1,1
12246,PI,MILTON BRANDÃO,0.0,0.0,0.0,0.0,,,,0.0,0.0,,1.0,1.0,1.0,300.0,300.0,4000.0,4000.0,0.0,1.0,9.0,1.0,1.0,1.0,300.0,,,,0.0,1.0,,0,1
12254,PI,VALENÇA DO PIAUÍ,14.0,1.0,8.0,4721.0,337.2142857142857,68500.0,4892.857142857143,6.0,8.0,309.0,5.0,1.0,4.0,1577.0,315.4,17200.0,3440.0,3.0,4.0,58.0,-9.0,0.0,-4.0,-3144.0,-21.814285714285745,-51300.0,-1452.8571428571431,-3.0,-4.0,-251.0,1,1
12262,PI,PAJEÚ DO PIAUÍ,1.0,1.0,1.0,300.0,300.0,4000.0,4000.0,0.0,0.0,82.0,1.0,1.0,1.0,197.0,197.0,8000.0,8000.0,1.0,0.0,92.0,0.0,0.0,0.0,-103.0,-103.0,4000.0,4000.0,1.0,0.0,10.0,1,1
12270,PI,VÁRZEA GRANDE,0.0,0.0,0.0,0.0,,,,0.0,0.0,,3.0,1.0,1.0,900.0,300.0,11000.0,3666.6666666666665,0.0,1.0,112.0,3.0,1.0,1.0,900.0,,,,0.0,1.0,,0,1
12289,PI,PAVUSSU,1.0,1.0,1.0,300.0,300.0,4000.0,4000.0,1.0,0.0,78.0,1.0,1.0,1.0,300.0,300.0,4000.0,4000.0,0.0,0.0,78.0,0.0,0.0,0.0,0.0,0.0,0.0,0.0,-1.0,0.0,0.0,1,1
12297,PI,DIRCEU ARCOVERDE,5.0,1.0,3.0,1530.0,306.0,15500.0,3100.0,1.0,2.0,101.0,8.0,1.0,5.0,2944.0,368.0,52000.0,6500.0,0.0,2.0,218.0,3.0,0.0,2.0,1414.0,62.0,36500.0,3400.0,-1.0,0.0,117.0,1,1
12300,PI,RIACHO FRIO,1.0,1.0,1.0,400.0,400.0,6000.0,6000.0,1.0,1.0,11.0,2.0,1.0,1.0,630.0,315.0,10500.0,5250.0,0.0,1.0,197.0,1.0,0.0,0.0,230.0,-85.0,4500.0,-750.0,-1.0,0.0,186.0,1,1
12319,PI,ALAGOINHA DO PIAUÍ,1.0,1.0,1.0,300.0,300.0,4000.0,4000.0,1.0,1.0,9.0,1.0,1.0,1.0,300.0,300.0,4000.0,4000.0,0.0,0.0,79.0,0.0,0.0,0.0,0.0,0.0,0.0,0.0,-1.0,-1.0,70.0,1,1
12327,PI,ACAUÃ,1.0,1.0,1.0,300.0,300.0,3100.0,3100.0,1.0,0.0,63.0,1.0,1.0,1.0,304.0,304.0,3500.0,3500.0,0.0,0.0,192.0,0.0,0.0,0.0,4.0,4.0,400.0,400.0,-1.0,0.0,129.0,1,1
12343,PI,CAJAZEIRAS DO PIAUÍ,1.0,1.0,1.0,263.0,263.0,3500.0,3500.0,1.0,1.0,17.0,6.0,1.0,4.0,2200.0,366.6666666666667,31000.0,5166.666666666667,1.0,3.0,107.0,5.0,0.0,3.0,1937.0,103.66666666666669,27500.0,1666.666666666667,0.0,2.0,90.0,1,1
12351,PI,CAMPO ALEGRE DO FIDALGO,0.0,0.0,0.0,0.0,,,,0.0,0.0,,3.0,1.0,3.0,900.0,300.0,22250.0,7416.666666666667,0.0,0.0,133.0,3.0,1.0,3.0,900.0,,,,0.0,0.0,,0,1
12360,PI,COCAL DE TELHA,2.0,1.0,1.0,700.0,350.0,7000.0,3500.0,1.0,1.0,70.0,1.0,1.0,1.0,310.0,310.0,3000.0,3000.0,1.0,0.0,159.0,-1.0,0.0,0.0,-390.0,-40.0,-4000.0,-500.0,0.0,-1.0,89.0,1,1
12378,PI,FRANCISCO MACEDO,0.0,0.0,0.0,0.0,,,,0.0,0.0,,2.0,1.0,2.0,600.0,300.0,9000.0,4500.0,0.0,1.0,89.0,2.0,1.0,2.0,600.0,,,,0.0,1.0,,0,1
12386,PI,JOÃO COSTA,0.0,0.0,0.0,0.0,,,,0.0,0.0,,3.0,1.0,3.0,896.0,298.6666666666667,9000.0,3000.0,0.0,0.0,182.0,3.0,1.0,3.0,896.0,,,,0.0,0.0,,0,1
12394,PI,JATOBÁ DO PIAUÍ,0.0,0.0,0.0,0.0,,,,0.0,0.0,,7.0,1.0,4.0,2194.0,313.42857142857144,31500.0,4500.0,0.0,4.0,129.0,7.0,1.0,4.0,2194.0,,,,0.0,4.0,,0,1
12416,PI,JUAZEIRO DO PIAUÍ,4.0,1.0,2.0,1182.0,295.5,18000.0,4500.0,2.0,0.0,-119.0,1.0,1.0,1.0,328.0,328.0,5000.0,5000.0,0.0,0.0,68.0,-3.0,0.0,-1.0,-854.0,32.5,-13000.0,500.0,-2.0,0.0,187.0,1,1
12424,PI,LAGOA DO PIAUÍ,0.0,0.0,0.0,0.0,,,,0.0,0.0,,3.0,1.0,2.0,901.0,300.3333333333333,19000.0,6333.333333333333,0.0,1.0,104.0,3.0,1.0,2.0,901.0,,,,0.0,1.0,,0,1
12432,PI,LAGOINHA DO PIAUÍ,2.0,1.0,2.0,584.0,292.0,8600.0,4300.0,0.0,2.0,30.0,0.0,0.0,0.0,0.0,,,,0.0,0.0,,-2.0,-1.0,-2.0,-584.0,,,,0.0,-2.0,,0,1
12440,PI,MADEIRO,1.0,1.0,1.0,1000.0,1000.0,2500.0,2500.0,1.0,1.0,17.0,2.0,1.0,2.0,620.0,310.0,8000.0,4000.0,0.0,0.0,104.0,1.0,0.0,1.0,-380.0,-690.0,5500.0,1500.0,-1.0,-1.0,87.0,1,1
12459,PI,MORRO DO CHAPÉU DO PIAUÍ,1.0,1.0,1.0,300.0,300.0,4100.0,4100.0,1.0,1.0,10.0,1.0,1.0,1.0,300.0,300.0,5000.0,5000.0,0.0,1.0,25.0,0.0,0.0,0.0,0.0,0.0,900.0,900.0,-1.0,0.0,15.0,1,1
12467,PI,MASSAPÊ DO PIAUÍ,3.0,1.0,3.0,920.0,306.6666666666667,11600.0,3866.6666666666665,1.0,2.0,45.0,7.0,1.0,5.0,2233.0,319.0,34000.0,4857.142857142857,0.0,2.0,171.0,4.0,0.0,2.0,1313.0,12.333333333333314,22400.0,990.4761904761904,-1.0,0.0,126.0,1,1
12475,PI,MURICI DOS PORTELAS,1.0,1.0,1.0,316.0,316.0,2600.0,2600.0,0.0,1.0,9.0,1.0,1.0,1.0,321.0,321.0,3000.0,3000.0,0.0,1.0,10.0,0.0,0.0,0.0,5.0,5.0,400.0,400.0,0.0,0.0,1.0,1,1
12483,PI,OLHO D'ÁGUA DO PIAUÍ,0.0,0.0,0.0,0.0,,,,0.0,0.0,,1.0,1.0,1.0,300.0,300.0,6000.0,6000.0,0.0,1.0,7.0,1.0,1.0,1.0,300.0,,,,0.0,1.0,,0,1
12491,PI,PEDRO LAURENTINO,0.0,0.0,0.0,0.0,,,,0.0,0.0,,4.0,1.0,3.0,1030.0,257.5,17500.0,4375.0,1.0,0.0,170.0,4.0,1.0,3.0,1030.0,,,,1.0,0.0,,0,1
12505,PI,SÃO FRANCISCO DE ASSIS DO PIAUÍ,0.0,0.0,0.0,0.0,,,,0.0,0.0,,3.0,1.0,2.0,930.0,310.0,12000.0,4000.0,1.0,2.0,121.0,3.0,1.0,2.0,930.0,,,,1.0,2.0,,0,1
12513,PI,SUSSUAPARA,3.0,1.0,3.0,806.0,268.6666666666667,6500.0,2166.6666666666665,2.0,1.0,246.0,5.0,1.0,2.0,1511.0,302.2,28000.0,5600.0,0.0,1.0,201.0,2.0,0.0,-1.0,705.0,33.5333333333333,21500.0,3433.3333333333335,-2.0,0.0,-45.0,1,1
12521,PI,TANQUE DO PIAUÍ,2.0,1.0,2.0,600.0,300.0,8000.0,4000.0,1.0,1.0,54.0,3.0,1.0,3.0,904.0,301.3333333333333,11500.0,3833.3333333333335,0.0,2.0,91.0,1.0,0.0,1.0,304.0,1.3333333333333144,3500.0,-166.66666666666652,-1.0,1.0,37.0,1,1
12530,PI,TAMBORIL DO PIAUÍ,0.0,0.0,0.0,0.0,,,,0.0,0.0,,5.0,1.0,5.0,1475.0,295.0,27500.0,5500.0,0.0,0.0,120.0,5.0,1.0,5.0,1475.0,,,,0.0,0.0,,0,1
12548,PI,VILA NOVA DO PIAUÍ,2.0,1.0,1.0,630.0,315.0,4000.0,2000.0,2.0,0.0,134.0,1.0,1.0,1.0,300.0,300.0,4000.0,4000.0,0.0,0.0,77.0,-1.0,0.0,0.0,-330.0,-15.0,0.0,2000.0,-2.0,0.0,-57.0,1,1
12556,PI,VERA MENDES,0.0,0.0,0.0,0.0,,,,0.0,0.0,,5.0,1.0,4.0,1517.0,303.4,15000.0,3000.0,3.0,3.0,241.0,5.0,1.0,4.0,1517.0,,,,3.0,3.0,,0,1
12564,PI,WALL FERRAZ,5.0,1.0,5.0,1515.0,303.0,17650.0,3530.0,1.0,2.0,65.0,5.0,1.0,3.0,1624.0,324.8,27360.0,5472.0,0.0,1.0,168.0,0.0,0.0,-2.0,109.0,21.80000000000001,9710.0,1942.0,-1.0,-1.0,103.0,1,1
12572,PI,CAJUEIRO DA PRAIA,0.0,0.0,0.0,0.0,,,,0.0,0.0,,2.0,1.0,2.0,600.0,300.0,17500.0,8750.0,0.0,1.0,146.0,2.0,1.0,2.0,600.0,,,,0.0,1.0,,0,1
12580,PI,CURRALINHOS,0.0,0.0,0.0,0.0,,,,0.0,0.0,,1.0,1.0,1.0,300.0,300.0,5000.0,5000.0,0.0,0.0,86.0,1.0,1.0,1.0,300.0,,,,0.0,0.0,,0,1
12599,PI,PORTO ALEGRE DO PIAUÍ,1.0,1.0,1.0,300.0,300.0,4000.0,4000.0,0.0,1.0,25.0,2.0,1.0,1.0,600.0,300.0,10000.0,5000.0,0.0,0.0,94.0,1.0,0.0,0.0,300.0,0.0,6000.0,1000.0,0.0,-1.0,69.0,1,1
12602,PI,RIBEIRA DO PIAUÍ,0.0,0.0,0.0,0.0,,,,0.0,0.0,,1.0,1.0,1.0,300.0,300.0,5000.0,5000.0,0.0,0.0,202.0,1.0,1.0,1.0,300.0,,,,0.0,0.0,,0,1
12610,PI,SÃO GONÇALO DO GURGUÉIA,1.0,1.0,1.0,301.0,301.0,5000.0,5000.0,0.0,0.0,37.0,5.0,1.0,3.0,1542.0,308.4,27000.0,5400.0,1.0,3.0,198.0,4.0,0.0,2.0,1241.0,7.399999999999977,22000.0,400.0,1.0,3.0,161.0,1,1
12629,PI,SÃO LUIS DO PIAUÍ,2.0,1.0,2.0,512.0,256.0,7700.0,3850.0,0.0,1.0,41.0,5.0,1.0,4.0,1442.0,288.4,25500.0,5100.0,0.0,2.0,81.0,3.0,0.0,2.0,930.0,32.39999999999998,17800.0,1250.0,0.0,1.0,40.0,1,1
12661,PI,SÃO MIGUEL DA BAIXA GRANDE,0.0,0.0,0.0,0.0,,,,0.0,0.0,,2.0,1.0,2.0,616.0,308.0,9500.0,4750.0,0.0,2.0,24.0,2.0,1.0,2.0,616.0,,,,0.0,2.0,,0,1
12670,PI,CARAÚBAS DO PIAUÍ,0.0,0.0,0.0,0.0,,,,0.0,0.0,,2.0,1.0,2.0,619.0,309.5,8900.0,4450.0,1.0,1.0,43.0,2.0,1.0,2.0,619.0,,,,1.0,1.0,,0,1
12688,PI,CAXINGÓ,2.0,1.0,1.0,626.0,313.0,5700.0,2850.0,1.0,1.0,56.0,3.0,1.0,2.0,900.0,300.0,11000.0,3666.6666666666665,1.0,1.0,134.0,1.0,0.0,1.0,274.0,-13.0,5300.0,816.6666666666665,0.0,0.0,78.0,1,1
12696,PI,COCAL DOS ALVES,1.0,1.0,1.0,400.0,400.0,4500.0,4500.0,0.0,1.0,12.0,2.0,1.0,2.0,602.0,301.0,10000.0,5000.0,0.0,0.0,170.0,1.0,0.0,1.0,202.0,-99.0,5500.0,500.0,0.0,-1.0,158.0,1,1
12718,PI,PAU D'ARCO DO PIAUÍ,2.0,1.0,2.0,800.0,400.0,7500.0,3750.0,2.0,2.0,9.0,0.0,0.0,0.0,0.0,,,,0.0,0.0,,-2.0,-1.0,-2.0,-800.0,,,,-2.0,-2.0,,0,1
12726,PI,NAZÁRIA,6.0,1.0,3.0,1863.0,310.5,17200.0,2866.6666666666665,5.0,2.0,313.0,8.0,1.0,5.0,3211.0,401.375,32000.0,4000.0,1.0,2.0,256.0,2.0,0.0,2.0,1348.0,90.875,14800.0,1133.3333333333335,-4.0,0.0,-57.0,1,1
12734,PI,AROEIRAS DO ITAIM,0.0,0.0,0.0,0.0,,,,0.0,0.0,,3.0,1.0,2.0,953.0,317.6666666666667,14000.0,4666.666666666667,0.0,1.0,72.0,3.0,1.0,2.0,953.0,,,,0.0,1.0,,0,1
13005,CE,JIJOCA DE JERICOACOARA,1.0,1.0,1.0,500.0,500.0,8000.0,8000.0,1.0,1.0,24.0,2.0,1.0,2.0,800.0,400.0,22000.0,11000.0,0.0,2.0,17.0,1.0,0.0,1.0,300.0,-100.0,14000.0,3000.0,-1.0,1.0,-7.0,1,1
13013,CE,ABAIARA,0.0,0.0,0.0,0.0,,,,0.0,0.0,,1.0,1.0,1.0,278.0,278.0,10000.0,10000.0,0.0,0.0,45.0,1.0,1.0,1.0,278.0,,,,0.0,0.0,,0,1
13021,CE,MADALENA,1.0,1.0,1.0,400.0,400.0,8000.0,8000.0,0.0,1.0,11.0,1.0,1.0,1.0,300.0,300.0,8000.0,8000.0,0.0,0.0,198.0,0.0,0.0,0.0,-100.0,-100.0,0.0,0.0,0.0,-1.0,187.0,1,1
13030,CE,ACARAÚ,1.0,1.0,1.0,400.0,400.0,5000.0,5000.0,1.0,1.0,4.0,0.0,0.0,0.0,0.0,,,,0.0,0.0,,-1.0,-1.0,-1.0,-400.0,,,,-1.0,-1.0,,0,1
13064,CE,GRAÇA,2.0,1.0,2.0,650.0,325.0,8000.0,4000.0,1.0,2.0,8.0,4.0,1.0,3.0,1630.0,407.5,36000.0,9000.0,0.0,3.0,65.0,2.0,0.0,1.0,980.0,82.5,28000.0,5000.0,-1.0,1.0,57.0,1,1
13080,CE,TURURU,1.0,1.0,1.0,300.0,300.0,8000.0,8000.0,0.0,1.0,4.0,0.0,0.0,0.0,0.0,,,,0.0,0.0,,-1.0,-1.0,-1.0,-300.0,,,,0.0,-1.0,,0,1
13110,CE,ALTANEIRA,1.0,1.0,1.0,374.0,374.0,8500.0,8500.0,0.0,1.0,13.0,1.0,1.0,1.0,400.0,400.0,12000.0,12000.0,0.0,1.0,12.0,0.0,0.0,0.0,26.0,26.0,3500.0,3500.0,0.0,0.0,-1.0,1,1
13129,CE,BARREIRA,3.0,1.0,2.0,1195.0,398.3333333333333,59000.0,19666.666666666668,0.0,3.0,9.0,0.0,0.0,0.0,0.0,,,,0.0,0.0,,-3.0,-1.0,-2.0,-1195.0,,,,0.0,-3.0,,0,1
13137,CE,ALTO SANTO,2.0,1.0,1.0,800.0,400.0,25000.0,12500.0,0.0,0.0,258.0,1.0,1.0,1.0,463.0,463.0,4000.0,4000.0,0.0,0.0,114.0,-1.0,0.0,0.0,-337.0,63.0,-21000.0,-8500.0,0.0,0.0,-144.0,1,1
13145,CE,ACARAPE,1.0,1.0,1.0,450.0,450.0,6500.0,6500.0,1.0,1.0,7.0,0.0,0.0,0.0,0.0,,,,0.0,0.0,,-1.0,-1.0,-1.0,-450.0,,,,-1.0,-1.0,,0,1
13170,CE,APUIARÉS,1.0,1.0,1.0,520.0,520.0,7500.0,7500.0,0.0,1.0,7.0,0.0,0.0,0.0,0.0,,,,0.0,0.0,,-1.0,-1.0,-1.0,-520.0,,,,0.0,-1.0,,0,1
13188,CE,HORIZONTE,1.0,1.0,1.0,400.0,400.0,5000.0,5000.0,1.0,1.0,4.0,0.0,0.0,0.0,0.0,,,,0.0,0.0,,-1.0,-1.0,-1.0,-400.0,,,,-1.0,-1.0,,0,1
13196,CE,AQUIRAZ,3.0,1.0,3.0,1407.0,469.0,55000.0,18333.333333333332,2.0,3.0,27.0,2.0,1.0,2.0,1000.0,500.0,76755.70999999999,38377.854999999996,0.0,1.0,98.0,-1.0,0.0,-1.0,-407.0,31.0,21755.709999999992,20044.521666666664,-2.0,-2.0,71.0,1,1
13200,CE,ERERÊ,0.0,0.0,0.0,0.0,,,,0.0,0.0,,3.0,1.0,2.0,1100.0,366.6666666666667,16000.0,5333.333333333333,0.0,3.0,24.0,3.0,1.0,2.0,1100.0,,,,0.0,3.0,,0,1
13218,CE,ARACATI,1.0,1.0,1.0,301.0,301.0,30000.0,30000.0,0.0,0.0,86.0,1.0,1.0,1.0,400.0,400.0,10000.0,10000.0,0.0,1.0,8.0,0.0,0.0,0.0,99.0,99.0,-20000.0,-20000.0,0.0,1.0,-78.0,1,1
13234,CE,ARACOIABA,1.0,1.0,1.0,300.0,300.0,8000.0,8000.0,0.0,1.0,5.0,0.0,0.0,0.0,0.0,,,,0.0,0.0,,-1.0,-1.0,-1.0,-300.0,,,,0.0,-1.0,,0,1
13277,CE,ARATUBA,1.0,1.0,1.0,402.0,402.0,16000.0,16000.0,0.0,1.0,7.0,1.0,1.0,1.0,400.0,400.0,12000.0,12000.0,0.0,1.0,9.0,0.0,0.0,0.0,-2.0,-2.0,-4000.0,-4000.0,0.0,0.0,2.0,1,1
13293,CE,ARNEIROZ,1.0,1.0,1.0,400.0,400.0,6000.0,6000.0,0.0,1.0,10.0,0.0,0.0,0.0,0.0,,,,0.0,0.0,,-1.0,-1.0,-1.0,-400.0,,,,0.0,-1.0,,0,1
13315,CE,ASSARÉ,1.0,1.0,1.0,300.0,300.0,8000.0,8000.0,0.0,1.0,7.0,0.0,0.0,0.0,0.0,,,,0.0,0.0,,-1.0,-1.0,-1.0,-300.0,,,,0.0,-1.0,,0,1
13323,CE,TEJUÇUOCA,3.0,1.0,3.0,1015.0,338.3333333333333,22000.0,7333.333333333333,0.0,3.0,10.0,1.0,1.0,1.0,414.0,414.0,8000.0,8000.0,0.0,1.0,27.0,-2.0,0.0,-2.0,-601.0,75.66666666666669,-14000.0,666.666666666667,0.0,-2.0,17.0,1,1
13374,CE,BARBALHA,4.0,1.0,3.0,2004.0,501.0,134136.0,33534.0,1.0,4.0,22.0,3.0,1.0,3.0,1573.0,524.3333333333334,87000.0,29000.0,0.0,3.0,9.0,-1.0,0.0,0.0,-431.0,23.33333333333337,-47136.0,-4534.0,-1.0,-1.0,-13.0,1,1
13390,CE,BARRO,1.0,1.0,1.0,401.0,401.0,8000.0,8000.0,0.0,1.0,7.0,1.0,1.0,1.0,501.0,501.0,6000.0,6000.0,0.0,0.0,71.0,0.0,0.0,0.0,100.0,100.0,-2000.0,-2000.0,0.0,-1.0,64.0,1,1
13404,CE,BARROQUINHA,0.0,0.0,0.0,0.0,,,,0.0,0.0,,3.0,1.0,3.0,1115.0,371.6666666666667,24500.0,8166.666666666667,0.0,3.0,15.0,3.0,1.0,3.0,1115.0,,,,0.0,3.0,,0,1
13412,CE,BATURITÉ,1.0,1.0,1.0,300.0,300.0,8000.0,8000.0,0.0,1.0,6.0,1.0,1.0,1.0,588.0,588.0,12000.0,12000.0,0.0,1.0,11.0,0.0,0.0,0.0,288.0,288.0,4000.0,4000.0,0.0,0.0,5.0,1,1
13439,CE,BEBERIBE,1.0,1.0,1.0,400.0,400.0,25000.0,25000.0,0.0,1.0,9.0,1.0,1.0,1.0,505.0,505.0,10000.0,10000.0,0.0,0.0,46.0,0.0,0.0,0.0,105.0,105.0,-15000.0,-15000.0,0.0,-1.0,37.0,1,1
13455,CE,BELA CRUZ,0.0,0.0,0.0,0.0,,,,0.0,0.0,,1.0,1.0,1.0,377.0,377.0,12000.0,12000.0,0.0,1.0,6.0,1.0,1.0,1.0,377.0,,,,0.0,1.0,,0,1
13471,CE,BOA VIAGEM,3.0,1.0,3.0,5310.0,1770.0,28000.0,9333.333333333334,1.0,3.0,30.0,0.0,0.0,0.0,0.0,,,,0.0,0.0,,-3.0,-1.0,-3.0,-5310.0,,,,-1.0,-3.0,,0,1
13480,CE,ITAITINGA,0.0,0.0,0.0,0.0,,,,0.0,0.0,,1.0,1.0,1.0,550.0,550.0,40000.0,40000.0,0.0,0.0,42.0,1.0,1.0,1.0,550.0,,,,0.0,0.0,,0,1
13501,CE,FORTIM,0.0,0.0,0.0,0.0,,,,0.0,0.0,,1.0,1.0,1.0,522.0,522.0,10000.0,10000.0,0.0,0.0,73.0,1.0,1.0,1.0,522.0,,,,0.0,0.0,,0,1
13510,CE,CAMOCIM,1.0,1.0,1.0,400.0,400.0,5000.0,5000.0,1.0,1.0,4.0,1.0,1.0,1.0,470.0,470.0,8000.0,8000.0,0.0,1.0,12.0,0.0,0.0,0.0,70.0,70.0,3000.0,3000.0,-1.0,0.0,8.0,1,1
13552,CE,CANINDÉ,1.0,1.0,1.0,400.0,400.0,10000.0,10000.0,0.0,1.0,9.0,3.0,1.0,3.0,1500.0,500.0,87000.0,29000.0,0.0,3.0,21.0,2.0,0.0,2.0,1100.0,100.0,77000.0,19000.0,0.0,2.0,12.0,1,1
13579,CE,CAPISTRANO,3.0,1.0,2.0,1103.0,367.6666666666667,39000.0,13000.0,0.0,3.0,17.0,2.0,1.0,2.0,861.0,430.5,18000.0,9000.0,0.0,2.0,28.0,-1.0,0.0,0.0,-242.0,62.833333333333314,-21000.0,-4000.0,0.0,-1.0,11.0,1,1
13633,CE,CARIRIAÇU,4.0,1.0,4.0,1617.0,404.25,32000.0,8000.0,2.0,3.0,53.0,0.0,0.0,0.0,0.0,,,,0.0,0.0,,-4.0,-1.0,-4.0,-1617.0,,,,-2.0,-3.0,,0,1
13676,CE,CARNAUBAL,1.0,1.0,1.0,300.0,300.0,10000.0,10000.0,1.0,1.0,5.0,0.0,0.0,0.0,0.0,,,,0.0,0.0,,-1.0,-1.0,-1.0,-300.0,,,,-1.0,-1.0,,0,1
13692,CE,CASCAVEL,2.0,1.0,2.0,800.0,400.0,13000.0,6500.0,1.0,2.0,27.0,3.0,1.0,3.0,1278.0,426.0,34000.0,11333.333333333334,0.0,2.0,34.0,1.0,0.0,1.0,478.0,26.0,21000.0,4833.333333333334,-1.0,0.0,7.0,1,1
13714,CE,CATARINA,2.0,1.0,2.0,681.0,340.5,10000.0,5000.0,0.0,1.0,42.0,0.0,0.0,0.0,0.0,,,,0.0,0.0,,-2.0,-1.0,-2.0,-681.0,,,,0.0,-1.0,,0,1
13730,CE,CAUCAIA,5.0,1.0,2.0,3433.0,686.6,188067.46,37613.492,1.0,2.0,244.0,14.0,1.0,7.0,11157.0,796.9285714285714,489901.71,34992.97928571429,2.0,6.0,105.0,9.0,0.0,5.0,7724.0,110.32857142857142,301834.25,-2620.512714285709,1.0,4.0,-139.0,1,1
13757,CE,CEDRO,0.0,0.0,0.0,0.0,,,,0.0,0.0,,2.0,1.0,2.0,777.0,388.5,26000.0,13000.0,0.0,2.0,6.0,2.0,1.0,2.0,777.0,,,,0.0,2.0,,0,1
13838,CE,CRATEÚS,0.0,0.0,0.0,0.0,,,,0.0,0.0,,4.0,1.0,3.0,1500.0,375.0,47000.0,11750.0,0.0,4.0,17.0,4.0,1.0,3.0,1500.0,,,,0.0,4.0,,0,1
13854,CE,CRATO,2.0,1.0,2.0,1202.0,601.0,58568.0,29284.0,0.0,2.0,8.0,4.0,1.0,4.0,2540.0,635.0,129046.0,32261.5,0.0,4.0,18.0,2.0,0.0,2.0,1338.0,34.0,70478.0,2977.5,0.0,2.0,10.0,1,1
13870,CE,FARIAS BRITO,0.0,0.0,0.0,0.0,,,,0.0,0.0,,1.0,1.0,1.0,300.0,300.0,7000.0,7000.0,0.0,1.0,7.0,1.0,1.0,1.0,300.0,,,,0.0,1.0,,0,1
13897,CE,FORTALEZA,25.0,1.0,8.0,24984.0,999.36,1060067.69,42402.707599999994,8.0,15.0,54.0,69.0,1.0,15.0,78611.0,1139.2898550724638,3329226.5,48249.659420289856,21.0,24.0,264.0,44.0,0.0,7.0,53627.0,139.92985507246374,2269158.81,5846.951820289862,13.0,9.0,210.0,1,1
13919,CE,FRECHEIRINHA,4.0,1.0,4.0,2005.0,501.25,54920.0,13730.0,2.0,2.0,102.0,4.0,1.0,2.0,1522.0,380.5,45000.0,11250.0,0.0,2.0,70.0,0.0,0.0,-2.0,-483.0,-120.75,-9920.0,-2480.0,-2.0,0.0,-32.0,1,1
13978,CE,GRANJEIRO,2.0,1.0,2.0,650.0,325.0,16000.0,8000.0,0.0,2.0,8.0,2.0,1.0,1.0,643.0,321.5,18000.0,9000.0,0.0,1.0,91.0,0.0,0.0,-1.0,-7.0,-3.5,2000.0,1000.0,0.0,-1.0,83.0,1,1
13994,CE,GROAÍRAS,0.0,0.0,0.0,0.0,,,,0.0,0.0,,1.0,1.0,1.0,370.0,370.0,12000.0,12000.0,0.0,1.0,7.0,1.0,1.0,1.0,370.0,,,,0.0,1.0,,0,1
14010,CE,GUARACIABA DO NORTE,2.0,1.0,2.0,800.0,400.0,30500.0,15250.0,0.0,2.0,13.0,1.0,1.0,1.0,500.0,500.0,12000.0,12000.0,0.0,1.0,26.0,-1.0,0.0,-1.0,-300.0,100.0,-18500.0,-3250.0,0.0,-1.0,13.0,1,1
14052,CE,HIDROLÂNDIA,0.0,0.0,0.0,0.0,,,,0.0,0.0,,4.0,1.0,3.0,1726.0,431.5,92000.0,23000.0,0.0,4.0,27.0,4.0,1.0,3.0,1726.0,,,,0.0,4.0,,0,1
14079,CE,IBIAPINA,4.0,1.0,3.0,1527.0,381.75,42000.0,10500.0,1.0,4.0,12.0,3.0,1.0,1.0,1200.0,400.0,36000.0,12000.0,0.0,3.0,18.0,-1.0,0.0,-2.0,-327.0,18.25,-6000.0,1500.0,-1.0,-1.0,6.0,1,1
14117,CE,IGUATU,5.0,1.0,4.0,2041.0,408.2,49000.0,9800.0,1.0,5.0,21.0,1.0,1.0,1.0,400.0,400.0,15000.0,15000.0,0.0,1.0,5.0,-4.0,0.0,-3.0,-1641.0,-8.199999999999989,-34000.0,5200.0,-1.0,-4.0,-16.0,1,1
14133,CE,INDEPENDÊNCIA,0.0,0.0,0.0,0.0,,,,0.0,0.0,,4.0,1.0,3.0,1977.0,494.25,63000.0,15750.0,0.0,3.0,58.0,4.0,1.0,3.0,1977.0,,,,0.0,3.0,,0,1
14150,CE,IPAUMIRIM,1.0,1.0,1.0,431.0,431.0,2000.0,2000.0,1.0,1.0,9.0,2.0,1.0,1.0,700.0,350.0,11000.0,5500.0,0.0,1.0,54.0,1.0,0.0,0.0,269.0,-81.0,9000.0,3500.0,-1.0,0.0,45.0,1,1
14176,CE,IPU,0.0,0.0,0.0,0.0,,,,0.0,0.0,,4.0,1.0,2.0,1716.0,429.0,36000.0,9000.0,0.0,4.0,14.0,4.0,1.0,2.0,1716.0,,,,0.0,4.0,,0,1
14192,CE,IPUEIRAS,2.0,1.0,2.0,830.0,415.0,16500.0,8250.0,0.0,2.0,11.0,0.0,0.0,0.0,0.0,,,,0.0,0.0,,-2.0,-1.0,-2.0,-830.0,,,,0.0,-2.0,,0,1
14214,CE,IRACEMA,0.0,0.0,0.0,0.0,,,,0.0,0.0,,4.0,1.0,3.0,1698.0,424.5,31000.0,7750.0,0.0,2.0,71.0,4.0,1.0,3.0,1698.0,,,,0.0,2.0,,0,1
14273,CE,ITAPAGÉ,0.0,0.0,0.0,0.0,,,,0.0,0.0,,2.0,1.0,2.0,849.0,424.5,20000.0,10000.0,0.0,2.0,4.0,2.0,1.0,2.0,849.0,,,,0.0,2.0,,0,1
14290,CE,ITAPIPOCA,4.0,1.0,4.0,1883.0,470.75,38855.85,9713.9625,0.0,4.0,16.0,1.0,1.0,1.0,600.0,600.0,40000.0,40000.0,0.0,1.0,26.0,-3.0,0.0,-3.0,-1283.0,129.25,1144.1500000000015,30286.0375,0.0,-3.0,10.0,1,1
14311,CE,ITAPIÚNA,0.0,0.0,0.0,0.0,,,,0.0,0.0,,2.0,1.0,2.0,700.0,350.0,22000.0,11000.0,0.0,2.0,6.0,2.0,1.0,2.0,700.0,,,,0.0,2.0,,0,1
14354,CE,JAGUARETAMA,0.0,0.0,0.0,0.0,,,,0.0,0.0,,2.0,1.0,1.0,900.0,450.0,11000.0,5500.0,0.0,1.0,32.0,2.0,1.0,1.0,900.0,,,,0.0,1.0,,0,1
14370,CE,JAGUARIBARA,0.0,0.0,0.0,0.0,,,,0.0,0.0,,1.0,1.0,1.0,400.0,400.0,5000.0,5000.0,0.0,1.0,4.0,1.0,1.0,1.0,400.0,,,,0.0,1.0,,0,1
14397,CE,JAGUARIBE,0.0,0.0,0.0,0.0,,,,0.0,0.0,,1.0,1.0,1.0,379.0,379.0,10000.0,10000.0,0.0,1.0,3.0,1.0,1.0,1.0,379.0,,,,0.0,1.0,,0,1
14451,CE,JATI,1.0,1.0,1.0,400.0,400.0,5000.0,5000.0,0.0,0.0,75.0,4.0,1.0,3.0,1628.0,407.0,26000.0,6500.0,1.0,2.0,155.0,3.0,0.0,2.0,1228.0,7.0,21000.0,1500.0,1.0,2.0,80.0,1,1
14478,CE,JUAZEIRO DO NORTE,5.0,1.0,2.0,3114.0,622.8,174740.69,34948.138,2.0,5.0,29.0,16.0,1.0,9.0,11500.0,718.75,550322.0,34395.125,0.0,11.0,181.0,11.0,0.0,7.0,8386.0,95.95000000000005,375581.31,-553.012999999999,-2.0,6.0,152.0,1,1
14516,CE,LAVRAS DA MANGABEIRA,2.0,1.0,2.0,900.0,450.0,17000.0,8500.0,1.0,2.0,19.0,0.0,0.0,0.0,0.0,,,,0.0,0.0,,-2.0,-1.0,-2.0,-900.0,,,,-1.0,-2.0,,0,1
14532,CE,LIMOEIRO DO NORTE,0.0,0.0,0.0,0.0,,,,0.0,0.0,,2.0,1.0,2.0,800.0,400.0,16000.0,8000.0,0.0,2.0,19.0,2.0,1.0,2.0,800.0,,,,0.0,2.0,,0,1
14559,CE,MARANGUAPE,1.0,1.0,1.0,532.0,532.0,5400.0,5400.0,0.0,1.0,2.0,1.0,1.0,1.0,640.0,640.0,65000.0,65000.0,0.0,1.0,12.0,0.0,0.0,0.0,108.0,108.0,59600.0,59600.0,0.0,0.0,10.0,1,1
14575,CE,MARCO,1.0,1.0,1.0,400.0,400.0,8000.0,8000.0,0.0,0.0,37.0,0.0,0.0,0.0,0.0,,,,0.0,0.0,,-1.0,-1.0,-1.0,-400.0,,,,0.0,0.0,,0,1
14591,CE,MARTINÓPOLE,1.0,1.0,1.0,300.0,300.0,7000.0,7000.0,0.0,0.0,-254.0,2.0,1.0,1.0,742.0,371.0,16000.0,8000.0,0.0,2.0,17.0,1.0,0.0,0.0,442.0,71.0,9000.0,1000.0,0.0,2.0,271.0,1,1
14613,CE,MASSAPÊ,3.0,1.0,3.0,1085.0,361.6666666666667,32573.62,10857.873333333333,0.0,3.0,6.0,4.0,1.0,3.0,1580.0,395.0,40000.0,10000.0,0.0,3.0,86.0,1.0,0.0,0.0,495.0,33.333333333333314,7426.380000000001,-857.873333333333,0.0,0.0,80.0,1,1
14630,CE,MAURITI,4.0,1.0,4.0,1501.0,375.25,69126.0,17281.5,1.0,2.0,269.0,1.0,1.0,1.0,400.0,400.0,10000.0,10000.0,0.0,0.0,34.0,-3.0,0.0,-3.0,-1101.0,24.75,-59126.0,-7281.5,-1.0,-2.0,-235.0,1,1
14656,CE,MERUOCA,0.0,0.0,0.0,0.0,,,,0.0,0.0,,1.0,1.0,1.0,542.0,542.0,10000.0,10000.0,0.0,0.0,70.0,1.0,1.0,1.0,542.0,,,,0.0,0.0,,0,1
14672,CE,MILAGRES,2.0,1.0,1.0,978.0,489.0,18000.0,9000.0,0.0,1.0,87.0,2.0,1.0,2.0,800.0,400.0,14000.0,7000.0,0.0,2.0,3.0,0.0,0.0,1.0,-178.0,-89.0,-4000.0,-2000.0,0.0,1.0,-84.0,1,1
14699,CE,MISSÃO VELHA,3.0,1.0,2.0,1450.0,483.3333333333333,28000.0,9333.333333333334,0.0,1.0,63.0,0.0,0.0,0.0,0.0,,,,0.0,0.0,,-3.0,-1.0,-2.0,-1450.0,,,,0.0,-1.0,,0,1
14710,CE,MOMBAÇA,0.0,0.0,0.0,0.0,,,,0.0,0.0,,3.0,1.0,2.0,1728.0,576.0,67000.0,22333.333333333332,0.0,2.0,41.0,3.0,1.0,2.0,1728.0,,,,0.0,2.0,,0,1
14737,CE,MONSENHOR TABOSA,2.0,1.0,1.0,800.0,400.0,18000.0,9000.0,0.0,1.0,38.0,1.0,1.0,1.0,400.0,400.0,12000.0,12000.0,0.0,0.0,31.0,-1.0,0.0,0.0,-400.0,0.0,-6000.0,3000.0,0.0,-1.0,-7.0,1,1
14753,CE,MORADA NOVA,0.0,0.0,0.0,0.0,,,,0.0,0.0,,8.0,1.0,7.0,3597.0,449.625,109000.0,13625.0,2.0,5.0,59.0,8.0,1.0,7.0,3597.0,,,,2.0,5.0,,0,1
14770,CE,MORAÚJO,0.0,0.0,0.0,0.0,,,,0.0,0.0,,2.0,1.0,2.0,700.0,350.0,21250.0,10625.0,0.0,2.0,7.0,2.0,1.0,2.0,700.0,,,,0.0,2.0,,0,1
14796,CE,MORRINHOS,0.0,0.0,0.0,0.0,,,,0.0,0.0,,1.0,1.0,1.0,400.0,400.0,10000.0,10000.0,0.0,0.0,34.0,1.0,1.0,1.0,400.0,,,,0.0,0.0,,0,1
14834,CE,MULUNGU,1.0,1.0,1.0,421.0,421.0,6000.0,6000.0,0.0,1.0,8.0,1.0,1.0,1.0,500.0,500.0,10000.0,10000.0,0.0,1.0,27.0,0.0,0.0,0.0,79.0,79.0,4000.0,4000.0,0.0,0.0,19.0,1,1
14850,CE,NOVA OLINDA,1.0,1.0,1.0,301.0,301.0,10000.0,10000.0,0.0,1.0,13.0,1.0,1.0,1.0,574.0,574.0,14000.0,14000.0,0.0,1.0,16.0,0.0,0.0,0.0,273.0,273.0,4000.0,4000.0,0.0,0.0,3.0,1,1
14877,CE,NOVA RUSSAS,1.0,1.0,1.0,300.0,300.0,8000.0,8000.0,0.0,1.0,6.0,0.0,0.0,0.0,0.0,,,,0.0,0.0,,-1.0,-1.0,-1.0,-300.0,,,,0.0,-1.0,,0,1
14893,CE,NOVO ORIENTE,0.0,0.0,0.0,0.0,,,,0.0,0.0,,1.0,1.0,1.0,378.0,378.0,8000.0,8000.0,0.0,1.0,4.0,1.0,1.0,1.0,378.0,,,,0.0,1.0,,0,1
14915,CE,ORÓS,0.0,0.0,0.0,0.0,,,,0.0,0.0,,1.0,1.0,1.0,376.0,376.0,11000.0,11000.0,0.0,1.0,5.0,1.0,1.0,1.0,376.0,,,,0.0,1.0,,0,1
14931,CE,PACAJUS,0.0,0.0,0.0,0.0,,,,0.0,0.0,,2.0,1.0,2.0,700.0,350.0,18000.0,9000.0,0.0,2.0,7.0,2.0,1.0,2.0,700.0,,,,0.0,2.0,,0,1
14958,CE,PACATUBA,2.0,1.0,2.0,800.0,400.0,15000.0,7500.0,1.0,2.0,13.0,5.0,1.0,4.0,2476.0,495.2,74000.0,14800.0,1.0,4.0,173.0,3.0,0.0,2.0,1676.0,95.19999999999999,59000.0,7300.0,0.0,2.0,160.0,1,1
14974,CE,PACOTI,2.0,1.0,2.0,697.0,348.5,24000.0,12000.0,0.0,2.0,17.0,2.0,1.0,2.0,671.0,335.5,16000.0,8000.0,0.0,2.0,12.0,0.0,0.0,0.0,-26.0,-13.0,-8000.0,-4000.0,0.0,0.0,-5.0,1,1
15032,CE,PALMÁCIA,1.0,1.0,1.0,400.0,400.0,8000.0,8000.0,0.0,1.0,19.0,2.0,1.0,1.0,597.0,298.5,16000.0,8000.0,0.0,1.0,58.0,1.0,0.0,0.0,197.0,-101.5,8000.0,0.0,0.0,0.0,39.0,1,1
15113,CE,PEDRA BRANCA,1.0,1.0,1.0,698.0,698.0,10000.0,10000.0,1.0,1.0,21.0,2.0,1.0,1.0,1018.0,509.0,42000.0,21000.0,0.0,1.0,42.0,1.0,0.0,0.0,320.0,-189.0,32000.0,11000.0,-1.0,0.0,21.0,1,1
15156,CE,PENTECOSTE,2.0,1.0,2.0,800.0,400.0,16000.0,8000.0,0.0,2.0,9.0,2.0,1.0,2.0,700.0,350.0,22000.0,11000.0,0.0,2.0,7.0,0.0,0.0,0.0,-100.0,-50.0,6000.0,3000.0,0.0,0.0,-2.0,1,1
15172,CE,PEREIRO,0.0,0.0,0.0,0.0,,,,0.0,0.0,,1.0,1.0,1.0,500.0,500.0,5000.0,5000.0,0.0,1.0,25.0,1.0,1.0,1.0,500.0,,,,0.0,1.0,,0,1
15199,CE,PIQUET CARNEIRO,1.0,1.0,1.0,400.0,400.0,23000.0,23000.0,0.0,1.0,10.0,1.0,1.0,1.0,400.0,400.0,10000.0,10000.0,0.0,1.0,4.0,0.0,0.0,0.0,0.0,0.0,-13000.0,-13000.0,0.0,0.0,-6.0,1,1
15210,CE,PORANGA,1.0,1.0,1.0,300.0,300.0,8000.0,8000.0,0.0,1.0,4.0,4.0,1.0,3.0,1510.0,377.5,39000.0,9750.0,0.0,4.0,13.0,3.0,0.0,2.0,1210.0,77.5,31000.0,1750.0,0.0,3.0,9.0,1,1
15253,CE,POTENGI,1.0,1.0,1.0,435.0,435.0,7000.0,7000.0,0.0,1.0,19.0,1.0,1.0,1.0,300.0,300.0,12000.0,12000.0,0.0,0.0,54.0,0.0,0.0,0.0,-135.0,-135.0,5000.0,5000.0,0.0,-1.0,35.0,1,1
15270,CE,QUIXADÁ,4.0,1.0,3.0,1550.0,387.5,64000.0,16000.0,0.0,4.0,20.0,1.0,1.0,1.0,500.0,500.0,12000.0,12000.0,0.0,1.0,22.0,-3.0,0.0,-2.0,-1050.0,112.5,-52000.0,-4000.0,0.0,-3.0,2.0,1,1
15350,CE,RERIUTABA,2.0,1.0,2.0,850.0,425.0,22000.0,11000.0,0.0,2.0,10.0,0.0,0.0,0.0,0.0,,,,0.0,0.0,,-2.0,-1.0,-2.0,-850.0,,,,0.0,-2.0,,0,1
15377,CE,RUSSAS,2.0,1.0,1.0,800.0,400.0,22000.0,11000.0,1.0,0.0,279.0,0.0,0.0,0.0,0.0,,,,0.0,0.0,,-2.0,-1.0,-1.0,-800.0,,,,-1.0,0.0,,0,1
15431,CE,SANTANA DO CARIRI,1.0,1.0,1.0,500.0,500.0,10000.0,10000.0,0.0,0.0,33.0,0.0,0.0,0.0,0.0,,,,0.0,0.0,,-1.0,-1.0,-1.0,-500.0,,,,0.0,0.0,,0,1
15440,CE,SALITRE,0.0,0.0,0.0,0.0,,,,0.0,0.0,,1.0,1.0,1.0,300.0,300.0,7000.0,7000.0,0.0,1.0,8.0,1.0,1.0,1.0,300.0,,,,0.0,1.0,,0,1
15458,CE,SANTA QUITÉRIA,0.0,0.0,0.0,0.0,,,,0.0,0.0,,2.0,1.0,2.0,900.0,450.0,58000.0,29000.0,0.0,0.0,-376.0,2.0,1.0,2.0,900.0,,,,0.0,0.0,,0,1
15474,CE,SÃO BENEDITO,3.0,1.0,3.0,1269.0,423.0,21000.0,7000.0,1.0,3.0,11.0,1.0,1.0,1.0,400.0,400.0,12000.0,12000.0,0.0,1.0,10.0,-2.0,0.0,-2.0,-869.0,-23.0,-9000.0,5000.0,-1.0,-2.0,-1.0,1,1
15490,CE,SÃO GONÇALO DO AMARANTE,3.0,1.0,3.0,1273.0,424.3333333333333,45600.0,15200.0,0.0,3.0,9.0,6.0,1.0,4.0,2663.0,443.8333333333333,80296.43,13382.738333333333,0.0,4.0,98.0,3.0,0.0,1.0,1390.0,19.5,34696.42999999999,-1817.2616666666672,0.0,1.0,89.0,1,1
15539,CE,SÃO LUÍS DO CURU,0.0,0.0,0.0,0.0,,,,0.0,0.0,,2.0,1.0,2.0,700.0,350.0,18000.0,9000.0,0.0,2.0,9.0,2.0,1.0,2.0,700.0,,,,0.0,2.0,,0,1
15555,CE,SENADOR POMPEU,1.0,1.0,1.0,600.0,600.0,10000.0,10000.0,0.0,1.0,7.0,5.0,1.0,2.0,2326.0,465.2,98000.0,19600.0,0.0,4.0,140.0,4.0,0.0,1.0,1726.0,-134.8,88000.0,9600.0,0.0,3.0,133.0,1,1
15598,CE,SOBRAL,2.0,1.0,2.0,1102.0,551.0,55568.0,27784.0,1.0,2.0,6.0,3.0,1.0,3.0,1790.0,596.6666666666666,194350.0,64783.333333333336,0.0,3.0,17.0,1.0,0.0,1.0,688.0,45.66666666666663,138782.0,36999.333333333336,-1.0,1.0,11.0,1,1
15610,CE,SOLONÓPOLE,1.0,1.0,1.0,400.0,400.0,8000.0,8000.0,1.0,0.0,49.0,1.0,1.0,1.0,400.0,400.0,12000.0,12000.0,0.0,1.0,25.0,0.0,0.0,0.0,0.0,0.0,4000.0,4000.0,-1.0,1.0,-24.0,1,1
15636,CE,TABULEIRO DO NORTE,1.0,1.0,1.0,400.0,400.0,8000.0,8000.0,0.0,1.0,4.0,2.0,1.0,2.0,800.0,400.0,42600.0,21300.0,0.0,1.0,38.0,1.0,0.0,1.0,400.0,0.0,34600.0,13300.0,0.0,0.0,34.0,1,1
15652,CE,TAMBORIL,1.0,1.0,1.0,301.0,301.0,28600.0,28600.0,0.0,1.0,9.0,2.0,1.0,2.0,777.0,388.5,20000.0,10000.0,0.0,2.0,9.0,1.0,0.0,1.0,476.0,87.5,-8600.0,-18600.0,0.0,1.0,0.0,1,1
15679,CE,TAUÁ,2.0,1.0,2.0,806.0,403.0,45600.0,22800.0,1.0,2.0,27.0,1.0,1.0,1.0,580.0,580.0,59620.0,59620.0,0.0,1.0,9.0,-1.0,0.0,-1.0,-226.0,177.0,14020.0,36820.0,-1.0,-1.0,-18.0,1,1
15717,CE,TRAIRI,1.0,1.0,1.0,500.0,500.0,20000.0,20000.0,0.0,1.0,7.0,1.0,1.0,1.0,230.0,230.0,35000.0,35000.0,1.0,1.0,4.0,0.0,0.0,0.0,-270.0,-270.0,15000.0,15000.0,1.0,0.0,-3.0,1,1
15733,CE,UBAJARA,1.0,1.0,1.0,350.0,350.0,10000.0,10000.0,0.0,1.0,13.0,4.0,1.0,2.0,2242.0,560.5,36000.0,9000.0,0.0,3.0,43.0,3.0,0.0,1.0,1892.0,210.5,26000.0,-1000.0,0.0,2.0,30.0,1,1
15750,CE,UMARI,0.0,0.0,0.0,0.0,,,,0.0,0.0,,1.0,1.0,1.0,406.0,406.0,5000.0,5000.0,0.0,1.0,12.0,1.0,1.0,1.0,406.0,,,,0.0,1.0,,0,1
15776,CE,URUBURETAMA,3.0,1.0,3.0,1200.0,400.0,23000.0,7666.666666666667,2.0,3.0,5.0,2.0,1.0,1.0,900.0,450.0,24000.0,12000.0,2.0,0.0,250.0,-1.0,0.0,-2.0,-300.0,50.0,1000.0,4333.333333333333,0.0,-3.0,245.0,1,1
15792,CE,URUOCA,0.0,0.0,0.0,0.0,,,,0.0,0.0,,1.0,1.0,1.0,290.0,290.0,12000.0,12000.0,0.0,1.0,13.0,1.0,1.0,1.0,290.0,,,,0.0,1.0,,0,1
15814,CE,VÁRZEA ALEGRE,1.0,1.0,1.0,400.0,400.0,8000.0,8000.0,0.0,1.0,8.0,1.0,1.0,1.0,417.0,417.0,10000.0,10000.0,0.0,1.0,10.0,0.0,0.0,0.0,17.0,17.0,2000.0,2000.0,0.0,0.0,2.0,1,1
15830,CE,VIÇOSA DO CEARÁ,1.0,1.0,1.0,400.0,400.0,15000.0,15000.0,1.0,1.0,6.0,1.0,1.0,1.0,381.0,381.0,8000.0,8000.0,0.0,1.0,5.0,0.0,0.0,0.0,-19.0,-19.0,-7000.0,-7000.0,-1.0,0.0,-1.0,1,1
15857,CE,MARACANAÚ,2.0,1.0,2.0,1102.0,551.0,51341.96,25670.98,0.0,2.0,7.0,1.0,1.0,1.0,1060.0,1060.0,16000.0,16000.0,0.0,1.0,21.0,-1.0,0.0,-1.0,-42.0,509.0,-35341.96,-9670.98,0.0,-1.0,14.0,1,1
15873,CE,AMONTADA,1.0,1.0,1.0,300.0,300.0,8000.0,8000.0,0.0,1.0,4.0,1.0,1.0,1.0,400.0,400.0,15000.0,15000.0,0.0,1.0,7.0,0.0,0.0,0.0,100.0,100.0,7000.0,7000.0,0.0,0.0,3.0,1,1
15881,CE,CROATÁ,3.0,1.0,3.0,1060.0,353.3333333333333,34000.0,11333.333333333334,0.0,3.0,10.0,0.0,0.0,0.0,0.0,,,,0.0,0.0,,-3.0,-1.0,-3.0,-1060.0,,,,0.0,-3.0,,0,1
15911,CE,FORQUILHA,2.0,1.0,2.0,700.0,350.0,14000.0,7000.0,0.0,2.0,21.0,3.0,1.0,2.0,1221.0,407.0,32000.0,10666.666666666666,0.0,2.0,106.0,1.0,0.0,0.0,521.0,57.0,18000.0,3666.666666666666,0.0,0.0,85.0,1,1
15938,CE,ICAPUÍ,3.0,1.0,2.0,1500.0,500.0,71000.0,23666.666666666668,0.0,3.0,22.0,4.0,1.0,4.0,1476.0,369.0,48000.0,12000.0,0.0,4.0,9.0,1.0,0.0,2.0,-24.0,-131.0,-23000.0,-11666.666666666668,0.0,1.0,-13.0,1,1
15989,CE,DEPUTADO IRAPUAN PINHEIRO,1.0,1.0,1.0,400.0,400.0,10000.0,10000.0,0.0,0.0,74.0,2.0,1.0,2.0,1333.0,666.5,38000.0,19000.0,0.0,2.0,9.0,1.0,0.0,1.0,933.0,266.5,28000.0,9000.0,0.0,2.0,-65.0,1,1
15997,CE,PARAIPABA,2.0,1.0,2.0,1002.0,501.0,21000.0,10500.0,1.0,2.0,6.0,0.0,0.0,0.0,0.0,,,,0.0,0.0,,-2.0,-1.0,-2.0,-1002.0,,,,-1.0,-2.0,,0,1
16004,RN,TENENTE LAURENTINO CRUZ,0.0,0.0,0.0,0.0,,,,0.0,0.0,,1.0,1.0,1.0,350.0,350.0,5000.0,5000.0,0.0,0.0,74.0,1.0,1.0,1.0,350.0,,,,0.0,0.0,,0,1
16012,RN,ACARI,1.0,1.0,1.0,400.0,400.0,3000.0,3000.0,0.0,1.0,18.0,0.0,0.0,0.0,0.0,,,,0.0,0.0,,-1.0,-1.0,-1.0,-400.0,,,,0.0,-1.0,,0,1
16020,RN,SERRA DO MEL,1.0,1.0,1.0,400.0,400.0,3000.0,3000.0,0.0,1.0,14.0,2.0,1.0,2.0,800.0,400.0,12000.0,6000.0,0.0,1.0,62.0,1.0,0.0,1.0,400.0,0.0,9000.0,3000.0,0.0,0.0,48.0,1,1
16039,RN,ASSÚ,8.0,1.0,5.0,4108.0,513.5,31661.0,3957.625,2.0,4.0,79.0,16.0,1.0,6.0,8579.0,536.1875,107780.3,6736.26875,2.0,6.0,221.0,8.0,0.0,1.0,4471.0,22.6875,76119.3,2778.64375,0.0,2.0,142.0,1,1
16047,RN,CAIÇARA DO NORTE,0.0,0.0,0.0,0.0,,,,0.0,0.0,,5.0,1.0,4.0,2000.0,400.0,26500.0,5300.0,0.0,1.0,176.0,5.0,1.0,4.0,2000.0,,,,0.0,1.0,,0,1
16055,RN,AFONSO BEZERRA,1.0,1.0,1.0,400.0,400.0,2500.0,2500.0,1.0,1.0,11.0,7.0,1.0,5.0,2800.0,400.0,30000.0,4285.714285714285,1.0,5.0,192.0,6.0,0.0,4.0,2400.0,0.0,27500.0,1785.7142857142853,0.0,4.0,181.0,1,1
16063,RN,SÃO MIGUEL DO GOSTOSO,1.0,1.0,1.0,400.0,400.0,3000.0,3000.0,0.0,1.0,16.0,3.0,1.0,2.0,1700.0,566.6666666666666,19500.0,6500.0,1.0,1.0,95.0,2.0,0.0,1.0,1300.0,166.66666666666663,16500.0,3500.0,1.0,0.0,79.0,1,1
16071,RN,ÁGUA NOVA,1.0,1.0,1.0,404.0,404.0,3000.0,3000.0,0.0,1.0,6.0,3.0,1.0,2.0,1121.0,373.6666666666667,11000.0,3666.6666666666665,0.0,1.0,185.0,2.0,0.0,1.0,717.0,-30.333333333333314,8000.0,666.6666666666665,0.0,0.0,179.0,1,1
16080,RN,ITAJÁ,0.0,0.0,0.0,0.0,,,,0.0,0.0,,5.0,1.0,5.0,2155.0,431.0,29659.120000000003,5931.8240000000005,0.0,5.0,29.0,5.0,1.0,5.0,2155.0,,,,0.0,5.0,,0,1
16098,RN,ALEXANDRIA,2.0,1.0,1.0,800.0,400.0,7000.0,3500.0,2.0,1.0,44.0,4.0,1.0,3.0,1650.0,412.5,20000.0,5000.0,1.0,1.0,94.0,2.0,0.0,2.0,850.0,12.5,13000.0,1500.0,-1.0,0.0,50.0,1,1
16101,RN,BODÓ,0.0,0.0,0.0,0.0,,,,0.0,0.0,,2.0,1.0,2.0,700.0,350.0,9500.0,4750.0,1.0,2.0,6.0,2.0,1.0,2.0,700.0,,,,1.0,2.0,,0,1
16110,RN,ALMINO AFONSO,2.0,1.0,2.0,800.0,400.0,7615.38,3807.69,0.0,2.0,26.0,1.0,1.0,1.0,400.0,400.0,6000.0,6000.0,0.0,1.0,22.0,-1.0,0.0,-1.0,-400.0,0.0,-1615.38,2192.31,0.0,-1.0,-4.0,1,1
16128,RN,TRIUNFO POTIGUAR,2.0,1.0,2.0,807.0,403.5,11600.0,5800.0,0.0,2.0,24.0,1.0,1.0,1.0,300.0,300.0,6000.0,6000.0,0.0,0.0,39.0,-1.0,0.0,-1.0,-507.0,-103.5,-5600.0,200.0,0.0,-2.0,15.0,1,1
16136,RN,ALTO DO RODRIGUES,0.0,0.0,0.0,0.0,,,,0.0,0.0,,1.0,1.0,1.0,351.0,351.0,7000.0,7000.0,0.0,0.0,46.0,1.0,1.0,1.0,351.0,,,,0.0,0.0,,0,1
16144,RN,FERNANDO PEDROZA,2.0,1.0,2.0,800.0,400.0,6000.0,3000.0,1.0,1.0,35.0,4.0,1.0,3.0,1420.0,355.0,22000.0,5500.0,1.0,1.0,211.0,2.0,0.0,1.0,620.0,-45.0,16000.0,2500.0,0.0,0.0,176.0,1,1
16152,RN,ANGICOS,0.0,0.0,0.0,0.0,,,,0.0,0.0,,1.0,1.0,1.0,400.0,400.0,4500.0,4500.0,0.0,0.0,49.0,1.0,1.0,1.0,400.0,,,,0.0,0.0,,0,1
16160,RN,MAJOR SALES,1.0,1.0,1.0,400.0,400.0,4800.0,4800.0,0.0,1.0,26.0,0.0,0.0,0.0,0.0,,,,0.0,0.0,,-1.0,-1.0,-1.0,-400.0,,,,0.0,-1.0,,0,1
16195,RN,APODI,14.0,1.0,8.0,6749.0,482.07142857142856,49083.51,3505.965,4.0,11.0,40.0,27.0,1.0,8.0,13822.0,511.9259259259259,159130.13999999998,5893.708888888888,1.0,6.0,227.0,13.0,0.0,0.0,7073.0,29.85449735449737,110046.62999999998,2387.7438888888883,-3.0,-5.0,187.0,1,1
16217,RN,AREIA BRANCA,3.0,1.0,3.0,1164.0,388.0,10000.0,3333.3333333333335,1.0,2.0,99.0,6.0,1.0,3.0,2800.0,466.6666666666667,46000.0,7666.666666666667,0.0,6.0,14.0,3.0,0.0,0.0,1636.0,78.66666666666669,36000.0,4333.333333333334,-1.0,4.0,-85.0,1,1
16225,RN,TIBAU,2.0,1.0,1.0,600.0,300.0,5000.0,2500.0,0.0,1.0,44.0,1.0,1.0,1.0,567.0,567.0,7430.0,7430.0,0.0,0.0,31.0,-1.0,0.0,0.0,-33.0,267.0,2430.0,4930.0,0.0,-1.0,-13.0,1,1
16233,RN,ARÊS,3.0,1.0,2.0,1200.0,400.0,8000.0,2666.6666666666665,1.0,0.0,55.0,1.0,1.0,1.0,400.0,400.0,4000.0,4000.0,1.0,0.0,197.0,-2.0,0.0,-1.0,-800.0,0.0,-4000.0,1333.3333333333335,0.0,0.0,142.0,1,1
16241,RN,SANTA MARIA,0.0,0.0,0.0,0.0,,,,0.0,0.0,,3.0,1.0,3.0,1116.0,372.0,12500.0,4166.666666666667,1.0,1.0,168.0,3.0,1.0,3.0,1116.0,,,,1.0,1.0,,0,1
16250,RN,CAMPO GRANDE,2.0,1.0,2.0,700.0,350.0,7000.0,3500.0,0.0,2.0,13.0,3.0,1.0,3.0,1366.0,455.3333333333333,19334.25,6444.75,0.0,2.0,58.0,1.0,0.0,1.0,666.0,105.33333333333331,12334.25,2944.75,0.0,0.0,45.0,1,1
16276,RN,BAÍA FORMOSA,0.0,0.0,0.0,0.0,,,,0.0,0.0,,2.0,1.0,2.0,800.0,400.0,12000.0,6000.0,0.0,2.0,10.0,2.0,1.0,2.0,800.0,,,,0.0,2.0,,0,1
16284,RN,PORTO DO MANGUE,1.0,1.0,1.0,400.0,400.0,2500.0,2500.0,1.0,1.0,19.0,2.0,1.0,2.0,900.0,450.0,15942.5,7971.25,0.0,1.0,191.0,1.0,0.0,1.0,500.0,50.0,13442.5,5471.25,-1.0,0.0,172.0,1,1
16292,RN,BARCELONA,2.0,1.0,2.0,800.0,400.0,6000.0,3000.0,0.0,2.0,12.0,4.0,1.0,3.0,1550.0,387.5,17000.0,4250.0,1.0,2.0,192.0,2.0,0.0,1.0,750.0,-12.5,11000.0,1250.0,1.0,0.0,180.0,1,1
16306,RN,JUNDIÁ,1.0,1.0,1.0,380.0,380.0,4000.0,4000.0,0.0,1.0,25.0,1.0,1.0,1.0,400.0,400.0,3500.0,3500.0,0.0,1.0,9.0,0.0,0.0,0.0,20.0,20.0,-500.0,-500.0,0.0,0.0,-16.0,1,1
16330,RN,BOM JESUS,1.0,1.0,1.0,400.0,400.0,4000.0,4000.0,0.0,0.0,41.0,2.0,1.0,2.0,800.0,400.0,8500.0,4250.0,0.0,1.0,35.0,1.0,0.0,1.0,400.0,0.0,4500.0,250.0,0.0,1.0,-6.0,1,1
16357,RN,BREJINHO,1.0,1.0,1.0,400.0,400.0,4000.0,4000.0,0.0,0.0,46.0,1.0,1.0,1.0,400.0,400.0,3500.0,3500.0,0.0,0.0,93.0,0.0,0.0,0.0,0.0,0.0,-500.0,-500.0,0.0,0.0,47.0,1,1
16373,RN,CAIÇARA DO RIO DO VENTO,2.0,1.0,2.0,600.0,300.0,6200.0,3100.0,0.0,2.0,8.0,2.0,1.0,2.0,780.0,390.0,9000.0,4500.0,1.0,2.0,27.0,0.0,0.0,0.0,180.0,90.0,2800.0,1400.0,1.0,0.0,19.0,1,1
16390,RN,CAICÓ,8.0,1.0,6.0,3793.0,474.125,30000.0,3750.0,2.0,3.0,113.0,11.0,1.0,6.0,6195.0,563.1818181818181,73550.0,6686.363636363636,2.0,4.0,227.0,3.0,0.0,0.0,2402.0,89.05681818181813,43550.0,2936.363636363636,0.0,1.0,114.0,1,1
16411,RN,CAMPO REDONDO,2.0,1.0,1.0,800.0,400.0,6000.0,3000.0,0.0,1.0,70.0,4.0,1.0,1.0,1627.0,406.75,17000.0,4250.0,0.0,2.0,116.0,2.0,0.0,0.0,827.0,6.75,11000.0,1250.0,0.0,1.0,46.0,1,1
16438,RN,CANGUARETAMA,8.0,1.0,6.0,3810.0,476.25,31000.0,3875.0,0.0,2.0,76.0,7.0,1.0,5.0,3057.0,436.7142857142857,34000.0,4857.142857142857,0.0,3.0,151.0,-1.0,0.0,-1.0,-753.0,-39.53571428571428,3000.0,982.1428571428569,0.0,1.0,75.0,1,1
16454,RN,CARAÚBAS,4.0,1.0,3.0,1900.0,475.0,16800.0,4200.0,0.0,3.0,90.0,7.0,1.0,5.0,3622.0,517.4285714285714,41736.479999999996,5962.354285714285,0.0,6.0,116.0,3.0,0.0,2.0,1722.0,42.428571428571445,24936.479999999996,1762.3542857142847,0.0,3.0,26.0,1,1
16470,RN,CARNAÚBA DOS DANTAS,0.0,0.0,0.0,0.0,,,,0.0,0.0,,2.0,1.0,2.0,850.0,425.0,12000.0,6000.0,0.0,2.0,7.0,2.0,1.0,2.0,850.0,,,,0.0,2.0,,0,1
16497,RN,CARNAUBAIS,6.0,1.0,4.0,2438.0,406.3333333333333,17850.0,2975.0,1.0,5.0,127.0,2.0,1.0,2.0,800.0,400.0,11000.0,5500.0,0.0,2.0,24.0,-4.0,0.0,-2.0,-1638.0,-6.333333333333314,-6850.0,2525.0,-1.0,-3.0,-103.0,1,1
16519,RN,CEARÁ-MIRIM,5.0,1.0,2.0,2500.0,500.0,17000.0,3400.0,2.0,2.0,128.0,9.0,1.0,5.0,4450.0,494.44444444444446,58400.0,6488.888888888889,1.0,3.0,124.0,4.0,0.0,3.0,1950.0,-5.555555555555543,41400.0,3088.8888888888887,-1.0,1.0,-4.0,1,1
16535,RN,CERRO CORÁ,1.0,1.0,1.0,400.0,400.0,3000.0,3000.0,0.0,1.0,4.0,3.0,1.0,3.0,1200.0,400.0,14500.0,4833.333333333333,0.0,1.0,57.0,2.0,0.0,2.0,800.0,0.0,11500.0,1833.333333333333,0.0,0.0,53.0,1,1
16551,RN,CORONEL EZEQUIEL,1.0,1.0,1.0,400.0,400.0,4000.0,4000.0,0.0,0.0,100.0,4.0,1.0,3.0,1630.0,407.5,25000.0,6250.0,0.0,4.0,22.0,3.0,0.0,2.0,1230.0,7.5,21000.0,2250.0,0.0,4.0,-78.0,1,1
16594,RN,CRUZETA,2.0,1.0,2.0,800.0,400.0,6000.0,3000.0,0.0,2.0,9.0,2.0,1.0,2.0,750.0,375.0,12000.0,6000.0,0.0,2.0,10.0,0.0,0.0,0.0,-50.0,-25.0,6000.0,3000.0,0.0,0.0,1.0,1,1
16616,RN,CURRAIS NOVOS,4.0,1.0,2.0,1900.0,475.0,12000.0,3000.0,0.0,2.0,46.0,9.0,1.0,4.0,4371.0,485.6666666666667,50500.0,5611.111111111111,1.0,5.0,198.0,5.0,0.0,2.0,2471.0,10.666666666666686,38500.0,2611.1111111111113,1.0,3.0,152.0,1,1
16632,RN,DOUTOR SEVERIANO,0.0,0.0,0.0,0.0,,,,0.0,0.0,,3.0,1.0,2.0,1200.0,400.0,12000.0,4000.0,2.0,1.0,68.0,3.0,1.0,2.0,1200.0,,,,2.0,1.0,,0,1
16675,RN,EQUADOR,0.0,0.0,0.0,0.0,,,,0.0,0.0,,1.0,1.0,1.0,400.0,400.0,8000.0,8000.0,0.0,1.0,18.0,1.0,1.0,1.0,400.0,,,,0.0,1.0,,0,1
16691,RN,ESPÍRITO SANTO,2.0,1.0,2.0,880.0,440.0,6000.0,3000.0,0.0,1.0,73.0,4.0,1.0,4.0,1650.0,412.5,22000.0,5500.0,0.0,3.0,94.0,2.0,0.0,2.0,770.0,-27.5,16000.0,2500.0,0.0,2.0,21.0,1,1
16713,RN,EXTREMOZ,8.0,1.0,5.0,3286.0,410.75,28500.0,3562.5,2.0,2.0,161.0,12.0,1.0,4.0,6400.0,533.3333333333334,66300.0,5525.0,3.0,3.0,194.0,4.0,0.0,-1.0,3114.0,122.58333333333337,37800.0,1962.5,1.0,1.0,33.0,1,1
16730,RN,FELIPE GUERRA,1.0,1.0,1.0,400.0,400.0,3000.0,3000.0,0.0,1.0,26.0,2.0,1.0,2.0,735.0,367.5,10000.0,5000.0,0.0,0.0,64.0,1.0,0.0,1.0,335.0,-32.5,7000.0,2000.0,0.0,-1.0,38.0,1,1
16756,RN,FLORÂNIA,5.0,1.0,2.0,2015.0,403.0,14000.0,2800.0,0.0,4.0,88.0,3.0,1.0,1.0,1200.0,400.0,18000.0,6000.0,0.0,1.0,124.0,-2.0,0.0,-1.0,-815.0,-3.0,4000.0,3200.0,0.0,-3.0,36.0,1,1
16799,RN,GALINHOS,1.0,1.0,1.0,300.0,300.0,3000.0,3000.0,0.0,0.0,85.0,3.0,1.0,2.0,1050.0,350.0,14000.0,4666.666666666667,0.0,1.0,171.0,2.0,0.0,1.0,750.0,50.0,11000.0,1666.666666666667,0.0,1.0,86.0,1,1
16810,RN,GOIANINHA,5.0,1.0,4.0,1904.0,380.8,12001.0,2400.2,2.0,3.0,104.0,4.0,1.0,4.0,1700.0,425.0,19500.0,4875.0,0.0,1.0,102.0,-1.0,0.0,0.0,-204.0,44.19999999999999,7499.0,2474.8,-2.0,-2.0,-2.0,1,1
16837,RN,GOVERNADOR DIX-SEPT ROSADO,1.0,1.0,1.0,400.0,400.0,3000.0,3000.0,1.0,1.0,7.0,2.0,1.0,2.0,973.0,486.5,14262.02,7131.01,0.0,1.0,116.0,1.0,0.0,1.0,573.0,86.5,11262.02,4131.01,-1.0,0.0,109.0,1,1
16853,RN,GROSSOS,2.0,1.0,1.0,800.0,400.0,5200.0,2600.0,0.0,0.0,75.0,3.0,1.0,1.0,1630.0,543.3333333333334,25483.89,8494.63,0.0,1.0,205.0,1.0,0.0,0.0,830.0,143.33333333333337,20283.89,5894.629999999999,0.0,1.0,130.0,1,1
16870,RN,GUAMARÉ,1.0,1.0,1.0,500.0,500.0,4615.38,4615.38,0.0,1.0,23.0,5.0,1.0,4.0,2010.0,402.0,25500.0,5100.0,0.0,2.0,85.0,4.0,0.0,3.0,1510.0,-98.0,20884.62,484.6199999999999,0.0,1.0,62.0,1,1
16896,RN,IELMO MARINHO,4.0,1.0,4.0,1650.0,412.5,12500.0,3125.0,0.0,2.0,83.0,3.0,1.0,2.0,1250.0,416.6666666666667,15000.0,5000.0,2.0,2.0,32.0,-1.0,0.0,-2.0,-400.0,4.166666666666686,2500.0,1875.0,2.0,0.0,-51.0,1,1
16918,RN,IPANGUAÇU,5.0,1.0,4.0,2219.0,443.8,16500.0,3300.0,1.0,3.0,32.0,7.0,1.0,5.0,2820.0,402.85714285714283,35000.0,5000.0,2.0,4.0,48.0,2.0,0.0,1.0,601.0,-40.94285714285718,18500.0,1700.0,1.0,1.0,16.0,1,1
16934,RN,IPUEIRA,0.0,0.0,0.0,0.0,,,,0.0,0.0,,3.0,1.0,2.0,900.0,300.0,18000.0,6000.0,0.0,2.0,39.0,3.0,1.0,2.0,900.0,,,,0.0,2.0,,0,1
16950,RN,ITAÚ,6.0,1.0,5.0,2302.0,383.6666666666667,24011.63,4001.9383333333335,1.0,4.0,33.0,6.0,1.0,3.0,2400.0,400.0,39500.0,6583.333333333333,0.0,1.0,5.0,0.0,0.0,-2.0,98.0,16.333333333333314,15488.369999999999,2581.3949999999995,-1.0,-3.0,-28.0,1,1
16977,RN,JAÇANÃ,2.0,1.0,1.0,800.0,400.0,6000.0,3000.0,0.0,1.0,34.0,3.0,1.0,3.0,1150.0,383.3333333333333,16000.0,5333.333333333333,0.0,1.0,159.0,1.0,0.0,2.0,350.0,-16.666666666666686,10000.0,2333.333333333333,0.0,0.0,125.0,1,1
16993,RN,JANDAÍRA,1.0,1.0,1.0,400.0,400.0,2500.0,2500.0,0.0,0.0,44.0,8.0,1.0,4.0,3200.0,400.0,32000.0,4000.0,2.0,1.0,155.0,7.0,0.0,3.0,2800.0,0.0,29500.0,1500.0,2.0,1.0,111.0,1,1
17019,RN,JANDUÍS,0.0,0.0,0.0,0.0,,,,0.0,0.0,,1.0,1.0,1.0,462.0,462.0,4000.0,4000.0,0.0,0.0,170.0,1.0,1.0,1.0,462.0,,,,0.0,0.0,,0,1
17035,RN,BOA SAÚDE,2.0,1.0,2.0,800.0,400.0,6000.0,3000.0,0.0,1.0,62.0,2.0,1.0,2.0,800.0,400.0,9500.0,4750.0,0.0,1.0,114.0,0.0,0.0,0.0,0.0,0.0,3500.0,1750.0,0.0,0.0,52.0,1,1
17116,RN,JARDIM DO SERIDÓ,1.0,1.0,1.0,400.0,400.0,3000.0,3000.0,0.0,1.0,14.0,6.0,1.0,5.0,2400.0,400.0,30000.0,5000.0,2.0,2.0,103.0,5.0,0.0,4.0,2000.0,0.0,27000.0,2000.0,2.0,1.0,89.0,1,1
17132,RN,JOÃO CÂMARA,2.0,1.0,2.0,900.0,450.0,6000.0,3000.0,0.0,2.0,12.0,4.0,1.0,4.0,1750.0,437.5,20500.0,5125.0,0.0,4.0,18.0,2.0,0.0,2.0,850.0,-12.5,14500.0,2125.0,0.0,2.0,6.0,1,1
17159,RN,JOÃO DIAS,1.0,1.0,1.0,350.0,350.0,2000.0,2000.0,1.0,0.0,32.0,0.0,0.0,0.0,0.0,,,,0.0,0.0,,-1.0,-1.0,-1.0,-350.0,,,,-1.0,0.0,,0,1
17191,RN,JUCURUTU,2.0,1.0,2.0,800.0,400.0,5500.0,2750.0,0.0,1.0,68.0,3.0,1.0,3.0,1200.0,400.0,14000.0,4666.666666666667,0.0,2.0,65.0,1.0,0.0,1.0,400.0,0.0,8500.0,1916.666666666667,0.0,1.0,-3.0,1,1
17213,RN,MESSIAS TARGINO,1.0,1.0,1.0,353.0,353.0,4000.0,4000.0,1.0,1.0,20.0,3.0,1.0,2.0,1150.0,383.3333333333333,15000.0,5000.0,0.0,2.0,49.0,2.0,0.0,1.0,797.0,30.333333333333314,11000.0,1000.0,-1.0,1.0,29.0,1,1
17230,RN,LAGOA D'ANTA,1.0,1.0,1.0,405.0,405.0,2600.0,2600.0,0.0,0.0,32.0,2.0,1.0,2.0,760.0,380.0,9000.0,4500.0,0.0,1.0,75.0,1.0,0.0,1.0,355.0,-25.0,6400.0,1900.0,0.0,1.0,43.0,1,1
17256,RN,LAGOA DE PEDRAS,2.0,1.0,1.0,760.0,380.0,5800.0,2900.0,1.0,1.0,36.0,5.0,1.0,3.0,1850.0,370.0,26000.0,5200.0,0.0,2.0,79.0,3.0,0.0,2.0,1090.0,-10.0,20200.0,2300.0,-1.0,1.0,43.0,1,1
17272,RN,LAGOA DE VELHOS,1.0,1.0,1.0,350.0,350.0,4000.0,4000.0,0.0,0.0,54.0,1.0,1.0,1.0,400.0,400.0,3000.0,3000.0,0.0,0.0,170.0,0.0,0.0,0.0,50.0,50.0,-1000.0,-1000.0,0.0,0.0,116.0,1,1
17299,RN,LAGOA NOVA,6.0,1.0,4.0,2600.0,433.3333333333333,19000.0,3166.6666666666665,0.0,2.0,119.0,4.0,1.0,3.0,1600.0,400.0,20500.0,5125.0,2.0,4.0,29.0,-2.0,0.0,-1.0,-1000.0,-33.333333333333314,1500.0,1958.3333333333335,2.0,2.0,-90.0,1,1
17310,RN,LAGOA SALGADA,1.0,1.0,1.0,400.0,400.0,4000.0,4000.0,0.0,1.0,14.0,1.0,1.0,1.0,400.0,400.0,6000.0,6000.0,0.0,1.0,23.0,0.0,0.0,0.0,0.0,0.0,2000.0,2000.0,0.0,0.0,9.0,1,1
17337,RN,LAJES,0.0,0.0,0.0,0.0,,,,0.0,0.0,,2.0,1.0,2.0,822.0,411.0,9000.0,4500.0,0.0,2.0,25.0,2.0,1.0,2.0,822.0,,,,0.0,2.0,,0,1
17353,RN,LAJES PINTADAS,1.0,1.0,1.0,370.0,370.0,3000.0,3000.0,0.0,0.0,82.0,1.0,1.0,1.0,380.0,380.0,5000.0,5000.0,0.0,0.0,41.0,0.0,0.0,0.0,10.0,10.0,2000.0,2000.0,0.0,0.0,-41.0,1,1
17418,RN,MACAÍBA,21.0,1.0,9.0,10808.0,514.6666666666666,76500.0,3642.8571428571427,0.0,8.0,258.0,18.0,1.0,8.0,10663.0,592.3888888888889,118517.2,6584.288888888888,3.0,5.0,206.0,-3.0,0.0,-1.0,-145.0,77.72222222222229,42017.2,2941.4317460317457,3.0,-3.0,-52.0,1,1
17434,RN,MACAU,2.0,1.0,1.0,840.0,420.0,10000.0,5000.0,0.0,2.0,30.0,7.0,1.0,4.0,2726.0,389.42857142857144,34000.0,4857.142857142857,0.0,4.0,168.0,5.0,0.0,3.0,1886.0,-30.571428571428555,24000.0,-142.85714285714312,0.0,2.0,138.0,1,1
17477,RN,MARTINS,1.0,1.0,1.0,400.0,400.0,3000.0,3000.0,0.0,1.0,11.0,5.0,1.0,2.0,2000.0,400.0,26000.0,5200.0,0.0,4.0,93.0,4.0,0.0,1.0,1600.0,0.0,23000.0,2200.0,0.0,3.0,82.0,1,1
17493,RN,MAXARANGUAPE,2.0,1.0,1.0,800.0,400.0,8000.0,4000.0,0.0,1.0,114.0,6.0,1.0,3.0,2400.0,400.0,34500.0,5750.0,0.0,2.0,141.0,4.0,0.0,2.0,1600.0,0.0,26500.0,1750.0,0.0,1.0,27.0,1,1
17531,RN,MONTANHAS,3.0,1.0,3.0,1200.0,400.0,10000.0,3333.3333333333335,0.0,3.0,18.0,7.0,1.0,4.0,2840.0,405.7142857142857,32500.0,4642.857142857143,0.0,5.0,121.0,4.0,0.0,1.0,1640.0,5.714285714285722,22500.0,1309.5238095238096,0.0,2.0,103.0,1,1
17558,RN,MONTE ALEGRE,3.0,1.0,2.0,1300.0,433.3333333333333,9000.0,3000.0,0.0,2.0,86.0,11.0,1.0,5.0,4971.0,451.90909090909093,64920.75,5901.886363636364,2.0,5.0,121.0,8.0,0.0,3.0,3671.0,18.57575757575762,55920.75,2901.886363636364,2.0,3.0,35.0,1,1
17574,RN,MONTE DAS GAMELEIRAS,0.0,0.0,0.0,0.0,,,,0.0,0.0,,2.0,1.0,2.0,700.0,350.0,9500.0,4750.0,1.0,0.0,193.0,2.0,1.0,2.0,700.0,,,,1.0,0.0,,0,1
17590,RN,MOSSORÓ,16.0,1.0,7.0,11040.0,690.0,87257.56,5453.5975,2.0,13.0,92.0,19.0,1.0,7.0,15288.0,804.6315789473684,162094.21,8531.274210526315,2.0,6.0,175.0,3.0,0.0,0.0,4248.0,114.63157894736844,74836.65,3077.676710526315,0.0,-7.0,83.0,1,1
17612,RN,NATAL,25.0,1.0,10.0,24806.0,992.24,329400.47,13176.018799999998,13.0,14.0,283.0,99.0,1.0,19.0,123518.0,1247.6565656565656,1671336.06,16882.182424242426,38.0,38.0,248.0,74.0,0.0,9.0,98712.0,255.41656565656558,1341935.59,3706.1636242424283,25.0,24.0,-35.0,1,1
17639,RN,NÍSIA FLORESTA,1.0,1.0,1.0,600.0,600.0,3000.0,3000.0,1.0,1.0,11.0,10.0,1.0,5.0,4411.0,441.1,55700.0,5570.0,0.0,5.0,154.0,9.0,0.0,4.0,3811.0,-158.89999999999998,52700.0,2570.0,-1.0,4.0,143.0,1,1
17655,RN,NOVA CRUZ,4.0,1.0,3.0,2404.0,601.0,12000.0,3000.0,1.0,1.0,79.0,4.0,1.0,2.0,1750.0,437.5,24000.0,6000.0,0.0,2.0,106.0,0.0,0.0,-1.0,-654.0,-163.5,12000.0,3000.0,-1.0,1.0,27.0,1,1
17671,RN,OLHO D'ÁGUA DO BORGES,2.0,1.0,2.0,800.0,400.0,8115.38,4057.69,0.0,2.0,25.0,4.0,1.0,4.0,1730.0,432.5,21500.0,5375.0,0.0,2.0,85.0,2.0,0.0,2.0,930.0,32.5,13384.619999999999,1317.31,0.0,0.0,60.0,1,1
17698,RN,OURO BRANCO,0.0,0.0,0.0,0.0,,,,0.0,0.0,,5.0,1.0,5.0,2100.0,420.0,29000.0,5800.0,2.0,1.0,17.0,5.0,1.0,5.0,2100.0,,,,2.0,1.0,,0,1
17710,RN,PARANÁ,1.0,1.0,1.0,400.0,400.0,4800.0,4800.0,0.0,0.0,-4.0,0.0,0.0,0.0,0.0,,,,0.0,0.0,,-1.0,-1.0,-1.0,-400.0,,,,0.0,0.0,,0,1
17736,RN,PARAÚ,1.0,1.0,1.0,400.0,400.0,3000.0,3000.0,0.0,1.0,18.0,2.0,1.0,2.0,750.0,375.0,10000.0,5000.0,0.0,2.0,4.0,1.0,0.0,1.0,350.0,-25.0,7000.0,2000.0,0.0,1.0,-14.0,1,1
17752,RN,PARAZINHO,2.0,1.0,2.0,700.0,350.0,6000.0,3000.0,0.0,2.0,16.0,4.0,1.0,2.0,1600.0,400.0,25000.0,6250.0,0.0,2.0,51.0,2.0,0.0,0.0,900.0,50.0,19000.0,3250.0,0.0,0.0,35.0,1,1
17779,RN,PARELHAS,7.0,1.0,3.0,2800.0,400.0,22000.0,3142.8571428571427,0.0,4.0,96.0,4.0,1.0,1.0,1600.0,400.0,23000.0,5750.0,0.0,1.0,229.0,-3.0,0.0,-2.0,-1200.0,0.0,1000.0,2607.1428571428573,0.0,-3.0,133.0,1,1
17795,RN,PARNAMIRIM,12.0,1.0,7.0,7306.0,608.8333333333334,42000.0,3500.0,3.0,6.0,119.0,37.0,1.0,10.0,25278.0,683.1891891891892,263478.4,7121.037837837838,15.0,12.0,197.0,25.0,0.0,3.0,17972.0,74.3558558558558,221478.40000000002,3621.037837837838,12.0,6.0,78.0,1,1
17817,RN,PASSA E FICA,0.0,0.0,0.0,0.0,,,,0.0,0.0,,4.0,1.0,4.0,1600.0,400.0,21000.0,5250.0,0.0,3.0,106.0,4.0,1.0,4.0,1600.0,,,,0.0,3.0,,0,1
17833,RN,PASSAGEM,2.0,1.0,2.0,730.0,365.0,6000.0,3000.0,0.0,2.0,14.0,6.0,1.0,4.0,2300.0,383.3333333333333,29500.0,4916.666666666667,1.0,2.0,192.0,4.0,0.0,2.0,1570.0,18.333333333333314,23500.0,1916.666666666667,1.0,0.0,178.0,1,1
17850,RN,PATU,2.0,1.0,1.0,800.0,400.0,6000.0,3000.0,0.0,2.0,10.0,11.0,1.0,7.0,4430.0,402.72727272727275,57000.0,5181.818181818182,2.0,5.0,197.0,9.0,0.0,6.0,3630.0,2.727272727272748,51000.0,2181.818181818182,2.0,3.0,187.0,1,1
17876,RN,PAU DOS FERROS,2.0,1.0,1.0,900.0,450.0,6000.0,3000.0,1.0,2.0,24.0,11.0,1.0,8.0,5878.0,534.3636363636364,78190.0,7108.181818181818,1.0,2.0,206.0,9.0,0.0,7.0,4978.0,84.36363636363637,72190.0,4108.181818181818,0.0,0.0,182.0,1,1
17892,RN,PEDRA GRANDE,0.0,0.0,0.0,0.0,,,,0.0,0.0,,1.0,1.0,1.0,400.0,400.0,4500.0,4500.0,0.0,0.0,81.0,1.0,1.0,1.0,400.0,,,,0.0,0.0,,0,1
17914,RN,PEDRA PRETA,1.0,1.0,1.0,400.0,400.0,3000.0,3000.0,0.0,0.0,70.0,1.0,1.0,1.0,300.0,300.0,4000.0,4000.0,0.0,1.0,20.0,0.0,0.0,0.0,-100.0,-100.0,1000.0,1000.0,0.0,1.0,-50.0,1,1
17930,RN,PEDRO AVELINO,1.0,1.0,1.0,400.0,400.0,4000.0,4000.0,0.0,1.0,9.0,1.0,1.0,1.0,400.0,400.0,6000.0,6000.0,0.0,0.0,63.0,0.0,0.0,0.0,0.0,0.0,2000.0,2000.0,0.0,-1.0,54.0,1,1
17957,RN,PEDRO VELHO,3.0,1.0,2.0,1447.0,482.3333333333333,8500.0,2833.3333333333335,0.0,2.0,75.0,3.0,1.0,3.0,1200.0,400.0,12000.0,4000.0,2.0,1.0,226.0,0.0,0.0,1.0,-247.0,-82.33333333333331,3500.0,1166.6666666666665,2.0,-1.0,151.0,1,1
17973,RN,PENDÊNCIAS,3.0,1.0,2.0,1955.0,651.6666666666666,15314.5,5104.833333333333,0.0,2.0,119.0,3.0,1.0,2.0,1200.0,400.0,14000.0,4666.666666666667,1.0,2.0,94.0,0.0,0.0,0.0,-755.0,-251.66666666666663,-1314.5,-438.16666666666606,1.0,0.0,-25.0,1,1
17990,RN,PILÕES,1.0,1.0,1.0,405.0,405.0,3000.0,3000.0,0.0,1.0,5.0,0.0,0.0,0.0,0.0,,,,0.0,0.0,,-1.0,-1.0,-1.0,-405.0,,,,0.0,-1.0,,0,1
18015,RN,POÇO BRANCO,3.0,1.0,2.0,1250.0,416.6666666666667,10000.0,3333.3333333333335,0.0,2.0,30.0,5.0,1.0,4.0,2100.0,420.0,23000.0,4600.0,1.0,1.0,206.0,2.0,0.0,2.0,850.0,3.3333333333333144,13000.0,1266.6666666666665,1.0,-1.0,176.0,1,1
18031,RN,PORTALEGRE,1.0,1.0,1.0,616.0,616.0,5000.0,5000.0,0.0,1.0,19.0,0.0,0.0,0.0,0.0,,,,0.0,0.0,,-1.0,-1.0,-1.0,-616.0,,,,0.0,-1.0,,0,1
18058,RN,SERRA CAIADA,2.0,1.0,2.0,800.0,400.0,6200.0,3100.0,0.0,2.0,22.0,2.0,1.0,1.0,800.0,400.0,12000.0,6000.0,0.0,0.0,182.0,0.0,0.0,-1.0,0.0,0.0,5800.0,2900.0,0.0,-2.0,160.0,1,1
18074,RN,PUREZA,0.0,0.0,0.0,0.0,,,,0.0,0.0,,8.0,1.0,4.0,3141.0,392.625,39000.0,4875.0,0.0,5.0,184.0,8.0,1.0,4.0,3141.0,,,,0.0,5.0,,0,1
18090,RN,RAFAEL FERNANDES,1.0,1.0,1.0,400.0,400.0,3700.0,3700.0,0.0,1.0,16.0,1.0,1.0,1.0,338.0,338.0,4000.0,4000.0,0.0,0.0,104.0,0.0,0.0,0.0,-62.0,-62.0,300.0,300.0,0.0,-1.0,88.0,1,1
18139,RN,RIACHO DE SANTANA,0.0,0.0,0.0,0.0,,,,0.0,0.0,,1.0,1.0,1.0,330.0,330.0,4000.0,4000.0,0.0,0.0,53.0,1.0,1.0,1.0,330.0,,,,0.0,0.0,,0,1
18155,RN,RIACHUELO,3.0,1.0,3.0,1311.0,437.0,9000.0,3000.0,0.0,0.0,99.0,7.0,1.0,4.0,2750.0,392.85714285714283,35500.0,5071.428571428572,1.0,3.0,182.0,4.0,0.0,1.0,1439.0,-44.14285714285717,26500.0,2071.4285714285716,1.0,3.0,83.0,1,1
18171,RN,RODOLFO FERNANDES,1.0,1.0,1.0,400.0,400.0,2500.0,2500.0,0.0,1.0,27.0,3.0,1.0,2.0,1200.0,400.0,15000.0,5000.0,1.0,1.0,226.0,2.0,0.0,1.0,800.0,0.0,12500.0,2500.0,1.0,0.0,199.0,1,1
18236,RN,SANTA CRUZ,1.0,1.0,1.0,500.0,500.0,3000.0,3000.0,0.0,1.0,6.0,5.0,1.0,2.0,2400.0,480.0,32000.0,6400.0,1.0,2.0,180.0,4.0,0.0,1.0,1900.0,-20.0,29000.0,3400.0,1.0,1.0,174.0,1,1
18252,RN,SANTANA DO SERIDÓ,0.0,0.0,0.0,0.0,,,,0.0,0.0,,1.0,1.0,1.0,210.0,210.0,3500.0,3500.0,0.0,1.0,13.0,1.0,1.0,1.0,210.0,,,,0.0,1.0,,0,1
18279,RN,SANTANA DO MATOS,2.0,1.0,1.0,2154.0,1077.0,8000.0,4000.0,2.0,1.0,57.0,3.0,1.0,2.0,1200.0,400.0,17000.0,5666.666666666667,0.0,2.0,38.0,1.0,0.0,1.0,-954.0,-677.0,9000.0,1666.666666666667,-2.0,1.0,-19.0,1,1
18295,RN,SANTO ANTÔNIO,4.0,1.0,2.0,1600.0,400.0,12000.0,3000.0,1.0,2.0,100.0,7.0,1.0,5.0,3133.0,447.57142857142856,36000.0,5142.857142857143,1.0,2.0,211.0,3.0,0.0,3.0,1533.0,47.571428571428555,24000.0,2142.857142857143,0.0,0.0,111.0,1,1
18317,RN,SÃO BENTO DO NORTE,0.0,0.0,0.0,0.0,,,,0.0,0.0,,1.0,1.0,1.0,400.0,400.0,4500.0,4500.0,0.0,0.0,43.0,1.0,1.0,1.0,400.0,,,,0.0,0.0,,0,1
18333,RN,SÃO BENTO DO TRAIRÍ,2.0,1.0,2.0,700.0,350.0,6000.0,3000.0,0.0,1.0,55.0,7.0,1.0,6.0,2570.0,367.14285714285717,41000.0,5857.142857142857,0.0,1.0,196.0,5.0,0.0,4.0,1870.0,17.142857142857167,35000.0,2857.142857142857,0.0,0.0,141.0,1,1
18350,RN,SÃO FERNANDO,2.0,1.0,2.0,700.0,350.0,7115.38,3557.69,0.0,1.0,38.0,0.0,0.0,0.0,0.0,,,,0.0,0.0,,-2.0,-1.0,-2.0,-700.0,,,,0.0,-1.0,,0,1
18376,RN,SÃO GONÇALO DO AMARANTE,6.0,1.0,2.0,3146.0,524.3333333333334,18000.0,3000.0,0.0,2.0,256.0,32.0,1.0,7.0,16120.0,503.75,188200.0,5881.25,5.0,13.0,259.0,26.0,0.0,5.0,12974.0,-20.58333333333337,170200.0,2881.25,5.0,11.0,3.0,1,1
18392,RN,SÃO JOÃO DO SABUGI,1.0,1.0,1.0,200.0,200.0,3000.0,3000.0,0.0,1.0,10.0,1.0,1.0,1.0,300.0,300.0,3500.0,3500.0,0.0,0.0,32.0,0.0,0.0,0.0,100.0,100.0,500.0,500.0,0.0,-1.0,22.0,1,1
18414,RN,SÃO JOSÉ DE MIPIBU,0.0,0.0,0.0,0.0,,,,0.0,0.0,,23.0,1.0,9.0,10971.0,477.0,128778.0,5599.04347826087,3.0,11.0,153.0,23.0,1.0,9.0,10971.0,,,,3.0,11.0,,0,1
18430,RN,SÃO JOSÉ DO CAMPESTRE,2.0,1.0,2.0,800.0,400.0,6000.0,3000.0,0.0,1.0,64.0,8.0,1.0,5.0,3300.0,412.5,42500.0,5312.5,4.0,7.0,42.0,6.0,0.0,3.0,2500.0,12.5,36500.0,2312.5,4.0,6.0,-22.0,1,1
18457,RN,SÃO JOSÉ DO SERIDÓ,6.0,1.0,4.0,1916.0,319.3333333333333,17500.0,2916.6666666666665,0.0,4.0,42.0,0.0,0.0,0.0,0.0,,,,0.0,0.0,,-6.0,-1.0,-4.0,-1916.0,,,,0.0,-4.0,,0,1
18473,RN,SÃO MIGUEL,3.0,1.0,1.0,1200.0,400.0,9000.0,3000.0,0.0,2.0,38.0,7.0,1.0,5.0,3100.0,442.85714285714283,37000.0,5285.714285714285,1.0,6.0,225.0,4.0,0.0,4.0,1900.0,42.85714285714283,28000.0,2285.7142857142853,1.0,4.0,187.0,1,1
18490,RN,SÃO PAULO DO POTENGI,5.0,1.0,4.0,2140.0,428.0,16500.0,3300.0,0.0,2.0,109.0,5.0,1.0,3.0,2220.0,444.0,33600.0,6720.0,0.0,1.0,206.0,0.0,0.0,-1.0,80.0,16.0,17100.0,3420.0,0.0,-1.0,97.0,1,1
18511,RN,SÃO PEDRO,2.0,1.0,2.0,780.0,390.0,7500.0,3750.0,0.0,2.0,17.0,2.0,1.0,1.0,1000.0,500.0,11000.0,5500.0,0.0,1.0,39.0,0.0,0.0,-1.0,220.0,110.0,3500.0,1750.0,0.0,-1.0,22.0,1,1
18538,RN,SÃO RAFAEL,3.0,1.0,2.0,1209.0,403.0,8500.0,2833.3333333333335,2.0,2.0,42.0,8.0,1.0,5.0,3250.0,406.25,37500.0,4687.5,2.0,4.0,166.0,5.0,0.0,3.0,2041.0,3.25,29000.0,1854.1666666666665,0.0,2.0,124.0,1,1
18554,RN,SÃO TOMÉ,1.0,1.0,1.0,400.0,400.0,3000.0,3000.0,0.0,0.0,34.0,1.0,1.0,1.0,400.0,400.0,4500.0,4500.0,0.0,0.0,56.0,0.0,0.0,0.0,0.0,0.0,1500.0,1500.0,0.0,0.0,22.0,1,1
18570,RN,SÃO VICENTE,1.0,1.0,1.0,300.0,300.0,3000.0,3000.0,0.0,0.0,39.0,0.0,0.0,0.0,0.0,,,,0.0,0.0,,-1.0,-1.0,-1.0,-300.0,,,,0.0,0.0,,0,1
18597,RN,SENADOR ELÓI DE SOUZA,10.0,1.0,5.0,3540.0,354.0,27000.0,2700.0,2.0,2.0,170.0,10.0,1.0,3.0,3600.0,360.0,38500.0,3850.0,1.0,2.0,226.0,0.0,0.0,-2.0,60.0,6.0,11500.0,1150.0,-1.0,0.0,56.0,1,1
18619,RN,SENADOR GEORGINO AVELINO,0.0,0.0,0.0,0.0,,,,0.0,0.0,,1.0,1.0,1.0,380.0,380.0,5500.0,5500.0,0.0,0.0,72.0,1.0,1.0,1.0,380.0,,,,0.0,0.0,,0,1
18635,RN,SERRA DE SÃO BENTO,1.0,1.0,1.0,400.0,400.0,3000.0,3000.0,0.0,0.0,55.0,2.0,1.0,1.0,800.0,400.0,9000.0,4500.0,0.0,1.0,80.0,1.0,0.0,0.0,400.0,0.0,6000.0,1500.0,0.0,1.0,25.0,1,1
18651,RN,SERRA NEGRA DO NORTE,4.0,1.0,3.0,1547.0,386.75,18000.0,4500.0,0.0,2.0,111.0,5.0,1.0,4.0,2100.0,420.0,27000.0,5400.0,0.0,0.0,157.0,1.0,0.0,1.0,553.0,33.25,9000.0,900.0,0.0,-2.0,46.0,1,1
18678,RN,SERRINHA,1.0,1.0,1.0,400.0,400.0,3000.0,3000.0,0.0,1.0,23.0,1.0,1.0,1.0,400.0,400.0,6500.0,6500.0,0.0,1.0,2.0,0.0,0.0,0.0,0.0,0.0,3500.0,3500.0,0.0,0.0,-21.0,1,1
18716,RN,SÍTIO NOVO,1.0,1.0,1.0,400.0,400.0,2500.0,2500.0,1.0,1.0,22.0,2.0,1.0,2.0,650.0,325.0,10000.0,5000.0,0.0,2.0,15.0,1.0,0.0,1.0,250.0,-75.0,7500.0,2500.0,-1.0,1.0,-7.0,1,1
18759,RN,TAIPU,3.0,1.0,2.0,1300.0,433.3333333333333,10300.0,3433.3333333333335,0.0,2.0,38.0,0.0,0.0,0.0,0.0,,,,0.0,0.0,,-3.0,-1.0,-2.0,-1300.0,,,,0.0,-2.0,,0,1
18775,RN,TANGARÁ,3.0,1.0,3.0,1200.0,400.0,8500.0,2833.3333333333335,0.0,1.0,52.0,5.0,1.0,2.0,2200.0,440.0,28000.0,5600.0,0.0,0.0,203.0,2.0,0.0,-1.0,1000.0,40.0,19500.0,2766.6666666666665,0.0,-1.0,151.0,1,1
18791,RN,TENENTE ANANIAS,0.0,0.0,0.0,0.0,,,,0.0,0.0,,1.0,1.0,1.0,400.0,400.0,4500.0,4500.0,0.0,1.0,25.0,1.0,1.0,1.0,400.0,,,,0.0,1.0,,0,1
18813,RN,TIBAU DO SUL,1.0,1.0,1.0,400.0,400.0,3000.0,3000.0,0.0,1.0,7.0,3.0,1.0,2.0,1200.0,400.0,15000.0,5000.0,0.0,2.0,60.0,2.0,0.0,1.0,800.0,0.0,12000.0,2000.0,0.0,1.0,53.0,1,1
18830,RN,TIMBAÚBA DOS BATISTAS,0.0,0.0,0.0,0.0,,,,0.0,0.0,,2.0,1.0,1.0,800.0,400.0,8000.0,4000.0,2.0,1.0,93.0,2.0,1.0,1.0,800.0,,,,2.0,1.0,,0,1
18856,RN,TOUROS,5.0,1.0,4.0,2250.0,450.0,17500.0,3500.0,0.0,3.0,92.0,5.0,1.0,4.0,2050.0,410.0,28000.0,5600.0,1.0,2.0,116.0,0.0,0.0,0.0,-200.0,-40.0,10500.0,2100.0,1.0,-1.0,24.0,1,1
18872,RN,UMARIZAL,2.0,1.0,2.0,800.0,400.0,6000.0,3000.0,1.0,2.0,6.0,2.0,1.0,1.0,1013.0,506.5,9000.0,4500.0,0.0,1.0,152.0,0.0,0.0,-1.0,213.0,106.5,3000.0,1500.0,-1.0,-1.0,146.0,1,1
18899,RN,UPANEMA,3.0,1.0,1.0,1200.0,400.0,9000.0,3000.0,0.0,2.0,94.0,4.0,1.0,3.0,1823.0,455.75,25500.0,6375.0,0.0,2.0,217.0,1.0,0.0,2.0,623.0,55.75,16500.0,3375.0,0.0,0.0,123.0,1,1
18910,RN,VÁRZEA,0.0,0.0,0.0,0.0,,,,0.0,0.0,,1.0,1.0,1.0,300.0,300.0,4500.0,4500.0,0.0,1.0,17.0,1.0,1.0,1.0,300.0,,,,0.0,1.0,,0,1
18937,RN,RAFAEL GODEIRO,2.0,1.0,2.0,720.0,360.0,7800.0,3900.0,0.0,2.0,19.0,0.0,0.0,0.0,0.0,,,,0.0,0.0,,-2.0,-1.0,-2.0,-720.0,,,,0.0,-2.0,,0,1
18953,RN,VERA CRUZ,1.0,1.0,1.0,400.0,400.0,3000.0,3000.0,0.0,1.0,5.0,4.0,1.0,3.0,1660.0,415.0,22000.0,5500.0,0.0,2.0,50.0,3.0,0.0,2.0,1260.0,15.0,19000.0,2500.0,0.0,1.0,45.0,1,1
18996,RN,VILA FLOR,1.0,1.0,1.0,1000.0,1000.0,48.0,48.0,1.0,0.0,230.0,1.0,1.0,1.0,300.0,300.0,5000.0,5000.0,0.0,0.0,97.0,0.0,0.0,0.0,-700.0,-700.0,4952.0,4952.0,-1.0,0.0,-133.0,1,1
19003,PB,RIACHÃO DO POÇO,0.0,0.0,0.0,0.0,,,,0.0,0.0,,2.0,1.0,2.0,800.0,400.0,14000.0,7000.0,0.0,1.0,32.0,2.0,1.0,2.0,800.0,,,,0.0,1.0,,0,1
19011,PB,ÁGUA BRANCA,0.0,0.0,0.0,0.0,,,,0.0,0.0,,1.0,1.0,1.0,430.0,430.0,4000.0,4000.0,0.0,1.0,9.0,1.0,1.0,1.0,430.0,,,,0.0,1.0,,0,1
19020,PB,SOBRADO,0.0,0.0,0.0,0.0,,,,0.0,0.0,,9.0,1.0,4.0,3430.0,381.1111111111111,69000.0,7666.666666666667,0.0,7.0,77.0,9.0,1.0,4.0,3430.0,,,,0.0,7.0,,0,1
19054,PB,ALAGOA GRANDE,1.0,1.0,1.0,300.0,300.0,5000.0,5000.0,0.0,1.0,5.0,7.0,1.0,3.0,2650.0,378.57142857142856,44000.0,6285.714285714285,0.0,4.0,71.0,6.0,0.0,2.0,2350.0,78.57142857142856,39000.0,1285.7142857142853,0.0,3.0,66.0,1,1
19062,PB,CAPIM,0.0,0.0,0.0,0.0,,,,0.0,0.0,,1.0,1.0,1.0,400.0,400.0,6000.0,6000.0,0.0,0.0,36.0,1.0,1.0,1.0,400.0,,,,0.0,0.0,,0,1
19070,PB,ALAGOA NOVA,1.0,1.0,1.0,578.0,578.0,3000.0,3000.0,0.0,1.0,10.0,0.0,0.0,0.0,0.0,,,,0.0,0.0,,-1.0,-1.0,-1.0,-578.0,,,,0.0,-1.0,,0,1
19089,PB,CUITÉ DE MAMANGUAPE,0.0,0.0,0.0,0.0,,,,0.0,0.0,,1.0,1.0,1.0,270.0,270.0,5000.0,5000.0,0.0,0.0,48.0,1.0,1.0,1.0,270.0,,,,0.0,0.0,,0,1
19097,PB,ALAGOINHA,1.0,1.0,1.0,500.0,500.0,4000.0,4000.0,0.0,1.0,20.0,3.0,1.0,2.0,940.0,313.3333333333333,16000.0,5333.333333333333,0.0,1.0,61.0,2.0,0.0,1.0,440.0,-186.66666666666669,12000.0,1333.333333333333,0.0,0.0,41.0,1,1
19100,PB,CURRAL DE CIMA,0.0,0.0,0.0,0.0,,,,0.0,0.0,,2.0,1.0,2.0,700.0,350.0,13000.0,6500.0,0.0,2.0,9.0,2.0,1.0,2.0,700.0,,,,0.0,2.0,,0,1
19119,PB,ALHANDRA,0.0,0.0,0.0,0.0,,,,0.0,0.0,,4.0,1.0,3.0,2357.0,589.25,25000.0,6250.0,0.0,3.0,43.0,4.0,1.0,3.0,2357.0,,,,0.0,3.0,,0,1
19127,PB,RIACHÃO DO BACAMARTE,0.0,0.0,0.0,0.0,,,,0.0,0.0,,2.0,1.0,2.0,570.0,285.0,9000.0,4500.0,0.0,1.0,76.0,2.0,1.0,2.0,570.0,,,,0.0,1.0,,0,1
19151,PB,ARAÇAGI,1.0,1.0,1.0,400.0,400.0,5000.0,5000.0,0.0,1.0,15.0,1.0,1.0,1.0,280.0,280.0,5000.0,5000.0,0.0,1.0,25.0,0.0,0.0,0.0,-120.0,-120.0,0.0,0.0,0.0,0.0,10.0,1,1
19160,PB,LOGRADOURO,1.0,1.0,1.0,400.0,400.0,4000.0,4000.0,0.0,1.0,16.0,1.0,1.0,1.0,332.0,332.0,6000.0,6000.0,0.0,1.0,29.0,0.0,0.0,0.0,-68.0,-68.0,2000.0,2000.0,0.0,0.0,13.0,1,1
19178,PB,ARARA,0.0,0.0,0.0,0.0,,,,0.0,0.0,,1.0,1.0,1.0,400.0,400.0,5000.0,5000.0,0.0,1.0,25.0,1.0,1.0,1.0,400.0,,,,0.0,1.0,,0,1
19186,PB,SERTÃOZINHO,0.0,0.0,0.0,0.0,,,,0.0,0.0,,2.0,1.0,2.0,757.0,378.5,11000.0,5500.0,1.0,0.0,57.0,2.0,1.0,2.0,757.0,,,,1.0,0.0,,0,1
19194,PB,ARARUNA,0.0,0.0,0.0,0.0,,,,0.0,0.0,,3.0,1.0,2.0,1300.0,433.3333333333333,22000.0,7333.333333333333,0.0,2.0,45.0,3.0,1.0,2.0,1300.0,,,,0.0,2.0,,0,1
19208,PB,RIACHÃO,0.0,0.0,0.0,0.0,,,,0.0,0.0,,2.0,1.0,2.0,800.0,400.0,10000.0,5000.0,0.0,2.0,6.0,2.0,1.0,2.0,800.0,,,,0.0,2.0,,0,1
19232,PB,AREIAL,0.0,0.0,0.0,0.0,,,,0.0,0.0,,1.0,1.0,1.0,400.0,400.0,5000.0,5000.0,0.0,1.0,29.0,1.0,1.0,1.0,400.0,,,,0.0,1.0,,0,1
19240,PB,CARAÚBAS,0.0,0.0,0.0,0.0,,,,0.0,0.0,,1.0,1.0,1.0,250.0,250.0,3000.0,3000.0,1.0,0.0,77.0,1.0,1.0,1.0,250.0,,,,1.0,0.0,,0,1
19259,PB,AROEIRAS,0.0,0.0,0.0,0.0,,,,0.0,0.0,,1.0,1.0,1.0,400.0,400.0,5000.0,5000.0,0.0,1.0,21.0,1.0,1.0,1.0,400.0,,,,0.0,1.0,,0,1
19267,PB,SANTO ANDRÉ,0.0,0.0,0.0,0.0,,,,0.0,0.0,,1.0,1.0,1.0,250.0,250.0,3000.0,3000.0,1.0,0.0,90.0,1.0,1.0,1.0,250.0,,,,1.0,0.0,,0,1
19275,PB,DAMIÃO,1.0,1.0,1.0,300.0,300.0,5000.0,5000.0,0.0,1.0,5.0,2.0,1.0,1.0,700.0,350.0,11000.0,5500.0,0.0,1.0,40.0,1.0,0.0,0.0,400.0,50.0,6000.0,500.0,0.0,0.0,35.0,1,1
19291,PB,BAÍA DA TRAIÇÃO,1.0,1.0,1.0,260.0,260.0,4000.0,4000.0,0.0,1.0,7.0,3.0,1.0,1.0,1160.0,386.6666666666667,17500.0,5833.333333333333,0.0,1.0,167.0,2.0,0.0,0.0,900.0,126.66666666666669,13500.0,1833.333333333333,0.0,0.0,160.0,1,1
19305,PB,BARAÚNA,0.0,0.0,0.0,0.0,,,,0.0,0.0,,1.0,1.0,1.0,400.0,400.0,4000.0,4000.0,0.0,1.0,18.0,1.0,1.0,1.0,400.0,,,,0.0,1.0,,0,1
19313,PB,BANANEIRAS,4.0,1.0,3.0,1550.0,387.5,21000.0,5250.0,1.0,3.0,37.0,7.0,1.0,5.0,3054.0,436.2857142857143,44000.0,6285.714285714285,0.0,5.0,58.0,3.0,0.0,2.0,1504.0,48.78571428571428,23000.0,1035.7142857142853,-1.0,2.0,21.0,1,1
19330,PB,BARRA DE SANTA ROSA,0.0,0.0,0.0,0.0,,,,0.0,0.0,,2.0,1.0,2.0,700.0,350.0,10000.0,5000.0,0.0,2.0,6.0,2.0,1.0,2.0,700.0,,,,0.0,2.0,,0,1
19364,PB,CACIMBAS,2.0,1.0,2.0,840.0,420.0,12500.0,6250.0,0.0,2.0,7.0,1.0,1.0,1.0,400.0,400.0,5000.0,5000.0,0.0,1.0,8.0,-1.0,0.0,-1.0,-440.0,-20.0,-7500.0,-1250.0,0.0,-1.0,1.0,1,1
19372,PB,BAYEUX,2.0,1.0,2.0,1000.0,500.0,11000.0,5500.0,0.0,2.0,7.0,17.0,1.0,7.0,9130.0,537.0588235294117,140500.0,8264.70588235294,1.0,9.0,175.0,15.0,0.0,5.0,8130.0,37.05882352941171,129500.0,2764.7058823529405,1.0,7.0,168.0,1,1
19399,PB,BELÉM,1.0,1.0,1.0,400.0,400.0,4000.0,4000.0,1.0,1.0,25.0,5.0,1.0,4.0,1760.0,352.0,26000.0,5200.0,0.0,2.0,225.0,4.0,0.0,3.0,1360.0,-48.0,22000.0,1200.0,-1.0,1.0,200.0,1,1
19402,PB,SÃO BENTINHO,1.0,1.0,1.0,350.0,350.0,5000.0,5000.0,0.0,0.0,57.0,0.0,0.0,0.0,0.0,,,,0.0,0.0,,-1.0,-1.0,-1.0,-350.0,,,,0.0,0.0,,0,1
19410,PB,BELÉM DO BREJO DO CRUZ,1.0,1.0,1.0,441.0,441.0,5000.0,5000.0,0.0,1.0,4.0,1.0,1.0,1.0,528.0,528.0,5000.0,5000.0,0.0,0.0,56.0,0.0,0.0,0.0,87.0,87.0,0.0,0.0,0.0,-1.0,52.0,1,1
19445,PB,SÃO JOSÉ DE PRINCESA,0.0,0.0,0.0,0.0,,,,0.0,0.0,,1.0,1.0,1.0,300.0,300.0,6000.0,6000.0,0.0,0.0,92.0,1.0,1.0,1.0,300.0,,,,0.0,0.0,,0,1
19470,PB,BOM SUCESSO,0.0,0.0,0.0,0.0,,,,0.0,0.0,,2.0,1.0,2.0,800.0,400.0,11000.0,5500.0,0.0,0.0,186.0,2.0,1.0,2.0,800.0,,,,0.0,0.0,,0,1
19496,PB,BONITO DE SANTA FÉ,0.0,0.0,0.0,0.0,,,,0.0,0.0,,1.0,1.0,1.0,400.0,400.0,10000.0,10000.0,0.0,1.0,7.0,1.0,1.0,1.0,400.0,,,,0.0,1.0,,0,1
19500,PB,BERNARDINO BATISTA,1.0,1.0,1.0,300.0,300.0,4000.0,4000.0,0.0,0.0,288.0,0.0,0.0,0.0,0.0,,,,0.0,0.0,,-1.0,-1.0,-1.0,-300.0,,,,0.0,0.0,,0,1
19550,PB,BORBOREMA,0.0,0.0,0.0,0.0,,,,0.0,0.0,,1.0,1.0,1.0,300.0,300.0,6000.0,6000.0,0.0,1.0,5.0,1.0,1.0,1.0,300.0,,,,0.0,1.0,,0,1
19577,PB,BREJO DO CRUZ,1.0,1.0,1.0,300.0,300.0,6000.0,6000.0,0.0,1.0,7.0,0.0,0.0,0.0,0.0,,,,0.0,0.0,,-1.0,-1.0,-1.0,-300.0,,,,0.0,-1.0,,0,1
19593,PB,BREJO DOS SANTOS,0.0,0.0,0.0,0.0,,,,0.0,0.0,,1.0,1.0,1.0,400.0,400.0,5000.0,5000.0,0.0,0.0,55.0,1.0,1.0,1.0,400.0,,,,0.0,0.0,,0,1
19607,PB,CASSERENGUE,0.0,0.0,0.0,0.0,,,,0.0,0.0,,2.0,1.0,1.0,800.0,400.0,10000.0,5000.0,0.0,1.0,38.0,2.0,1.0,1.0,800.0,,,,0.0,1.0,,0,1
19615,PB,CAAPORÃ,1.0,1.0,1.0,260.0,260.0,4000.0,4000.0,0.0,1.0,14.0,7.0,1.0,4.0,2784.0,397.7142857142857,40000.0,5714.285714285715,0.0,5.0,49.0,6.0,0.0,3.0,2524.0,137.71428571428572,36000.0,1714.2857142857147,0.0,4.0,35.0,1,1
19658,PB,CABEDELO,1.0,1.0,1.0,400.0,400.0,7000.0,7000.0,0.0,0.0,118.0,9.0,1.0,4.0,5765.0,640.5555555555555,57000.0,6333.333333333333,4.0,2.0,151.0,8.0,0.0,3.0,5365.0,240.55555555555554,50000.0,-666.666666666667,4.0,2.0,33.0,1,1
19690,PB,CACIMBA DE AREIA,0.0,0.0,0.0,0.0,,,,0.0,0.0,,2.0,1.0,1.0,800.0,400.0,11000.0,5500.0,0.0,0.0,128.0,2.0,1.0,1.0,800.0,,,,0.0,0.0,,0,1
19712,PB,CACIMBA DE DENTRO,1.0,1.0,1.0,400.0,400.0,6000.0,6000.0,0.0,0.0,47.0,2.0,1.0,2.0,680.0,340.0,10000.0,5000.0,0.0,0.0,72.0,1.0,0.0,1.0,280.0,-60.0,4000.0,-1000.0,0.0,0.0,25.0,1,1
19720,PB,PARARI,0.0,0.0,0.0,0.0,,,,0.0,0.0,,1.0,1.0,1.0,250.0,250.0,3000.0,3000.0,1.0,0.0,75.0,1.0,1.0,1.0,250.0,,,,1.0,0.0,,0,1
19739,PB,CAIÇARA,1.0,1.0,1.0,400.0,400.0,4000.0,4000.0,1.0,1.0,25.0,1.0,1.0,1.0,400.0,400.0,5000.0,5000.0,0.0,1.0,18.0,0.0,0.0,0.0,0.0,0.0,1000.0,1000.0,-1.0,0.0,-7.0,1,1
19747,PB,PEDRO RÉGIS,0.0,0.0,0.0,0.0,,,,0.0,0.0,,1.0,1.0,1.0,400.0,400.0,6000.0,6000.0,0.0,1.0,4.0,1.0,1.0,1.0,400.0,,,,0.0,1.0,,0,1
19755,PB,CAJAZEIRAS,0.0,0.0,0.0,0.0,,,,0.0,0.0,,4.0,1.0,1.0,3086.0,771.5,29000.0,7250.0,1.0,1.0,183.0,4.0,1.0,1.0,3086.0,,,,1.0,1.0,,0,1
19763,PB,ALCANTIL,0.0,0.0,0.0,0.0,,,,0.0,0.0,,2.0,1.0,2.0,700.0,350.0,10000.0,5000.0,0.0,1.0,45.0,2.0,1.0,2.0,700.0,,,,0.0,1.0,,0,1
19798,PB,CAMALAÚ,0.0,0.0,0.0,0.0,,,,0.0,0.0,,2.0,1.0,1.0,600.0,300.0,9000.0,4500.0,1.0,1.0,89.0,2.0,1.0,1.0,600.0,,,,1.0,1.0,,0,1
19810,PB,CAMPINA GRANDE,6.0,1.0,4.0,4000.0,666.6666666666666,60500.0,10083.333333333334,1.0,5.0,123.0,18.0,1.0,7.0,12763.0,709.0555555555555,224314.0,12461.888888888889,2.0,5.0,215.0,12.0,0.0,3.0,8763.0,42.388888888888914,163814.0,2378.5555555555547,1.0,0.0,92.0,1,1
19895,PB,CONCEIÇÃO,0.0,0.0,0.0,0.0,,,,0.0,0.0,,2.0,1.0,2.0,800.0,400.0,13000.0,6500.0,0.0,2.0,19.0,2.0,1.0,2.0,800.0,,,,0.0,2.0,,0,1
19917,PB,CONDADO,1.0,1.0,1.0,220.0,220.0,4000.0,4000.0,0.0,1.0,25.0,1.0,1.0,1.0,240.0,240.0,5000.0,5000.0,0.0,1.0,25.0,0.0,0.0,0.0,20.0,20.0,1000.0,1000.0,0.0,0.0,0.0,1,1
19933,PB,CONDE,2.0,1.0,2.0,1000.0,500.0,21500.0,10750.0,2.0,2.0,6.0,7.0,1.0,5.0,3686.0,526.5714285714286,53000.0,7571.428571428572,1.0,6.0,61.0,5.0,0.0,3.0,2686.0,26.571428571428555,31500.0,-3178.5714285714284,-1.0,4.0,55.0,1,1
19941,PB,BOA VISTA,0.0,0.0,0.0,0.0,,,,0.0,0.0,,1.0,1.0,1.0,300.0,300.0,6000.0,6000.0,0.0,1.0,11.0,1.0,1.0,1.0,300.0,,,,0.0,1.0,,0,1
19968,PB,MARCAÇÃO,0.0,0.0,0.0,0.0,,,,0.0,0.0,,1.0,1.0,1.0,330.0,330.0,6000.0,6000.0,0.0,1.0,5.0,1.0,1.0,1.0,330.0,,,,0.0,1.0,,0,1
19976,PB,COREMAS,1.0,1.0,1.0,350.0,350.0,5000.0,5000.0,0.0,0.0,52.0,0.0,0.0,0.0,0.0,,,,0.0,0.0,,-1.0,-1.0,-1.0,-350.0,,,,0.0,0.0,,0,1
19984,PB,MATURÉIA,0.0,0.0,0.0,0.0,,,,0.0,0.0,,4.0,1.0,3.0,1391.0,347.75,23000.0,5750.0,1.0,2.0,97.0,4.0,1.0,3.0,1391.0,,,,1.0,2.0,,0,1
19992,PB,CRUZ DO ESPÍRITO SANTO,1.0,1.0,1.0,350.0,350.0,5000.0,5000.0,0.0,1.0,22.0,1.0,1.0,1.0,280.0,280.0,5000.0,5000.0,0.0,1.0,11.0,0.0,0.0,0.0,-70.0,-70.0,0.0,0.0,0.0,0.0,-11.0,1,1
20001,PB,SANTA CECÍLIA,1.0,1.0,1.0,250.0,250.0,4000.0,4000.0,0.0,0.0,40.0,0.0,0.0,0.0,0.0,,,,0.0,0.0,,-1.0,-1.0,-1.0,-250.0,,,,0.0,0.0,,0,1
20036,PB,CUITÉ,1.0,1.0,1.0,350.0,350.0,5000.0,5000.0,0.0,1.0,9.0,2.0,1.0,2.0,750.0,375.0,11000.0,5500.0,0.0,1.0,59.0,1.0,0.0,1.0,400.0,25.0,6000.0,500.0,0.0,0.0,50.0,1,1
20052,PB,CUITEGI,2.0,1.0,2.0,978.0,489.0,9000.0,4500.0,0.0,2.0,15.0,2.0,1.0,1.0,800.0,400.0,12000.0,6000.0,0.0,1.0,77.0,0.0,0.0,-1.0,-178.0,-89.0,3000.0,1500.0,0.0,-1.0,62.0,1,1
20095,PB,DESTERRO,1.0,1.0,1.0,400.0,400.0,7000.0,7000.0,0.0,1.0,7.0,1.0,1.0,1.0,400.0,400.0,5000.0,5000.0,0.0,1.0,14.0,0.0,0.0,0.0,0.0,0.0,-2000.0,-2000.0,0.0,0.0,7.0,1,1
20133,PB,DIAMANTE,0.0,0.0,0.0,0.0,,,,0.0,0.0,,1.0,1.0,1.0,400.0,400.0,7000.0,7000.0,0.0,1.0,9.0,1.0,1.0,1.0,400.0,,,,0.0,1.0,,0,1
20150,PB,DONA INÊS,1.0,1.0,1.0,400.0,400.0,5000.0,5000.0,0.0,1.0,5.0,2.0,1.0,2.0,800.0,400.0,13000.0,6500.0,0.0,1.0,55.0,1.0,0.0,1.0,400.0,0.0,8000.0,1500.0,0.0,0.0,50.0,1,1
20176,PB,DUAS ESTRADAS,1.0,1.0,1.0,250.0,250.0,4000.0,4000.0,0.0,1.0,12.0,3.0,1.0,1.0,1130.0,376.6666666666667,18000.0,6000.0,0.0,1.0,93.0,2.0,0.0,0.0,880.0,126.66666666666669,14000.0,2000.0,0.0,0.0,81.0,1,1
20214,PB,ESPERANÇA,1.0,1.0,1.0,500.0,500.0,6000.0,6000.0,0.0,1.0,13.0,1.0,1.0,1.0,500.0,500.0,8000.0,8000.0,0.0,1.0,13.0,0.0,0.0,0.0,0.0,0.0,2000.0,2000.0,0.0,0.0,0.0,1,1
20230,PB,FAGUNDES,0.0,0.0,0.0,0.0,,,,0.0,0.0,,1.0,1.0,1.0,300.0,300.0,5000.0,5000.0,0.0,0.0,31.0,1.0,1.0,1.0,300.0,,,,0.0,0.0,,0,1
20273,PB,GUARABIRA,4.0,1.0,2.0,2300.0,575.0,21000.0,5250.0,0.0,3.0,76.0,8.0,1.0,3.0,5086.0,635.75,67000.0,8375.0,0.0,3.0,250.0,4.0,0.0,1.0,2786.0,60.75,46000.0,3125.0,0.0,0.0,174.0,1,1
20290,PB,GURINHÉM,0.0,0.0,0.0,0.0,,,,0.0,0.0,,1.0,1.0,1.0,400.0,400.0,5000.0,5000.0,0.0,1.0,19.0,1.0,1.0,1.0,400.0,,,,0.0,1.0,,0,1
20311,PB,GURJÃO,0.0,0.0,0.0,0.0,,,,0.0,0.0,,1.0,1.0,1.0,380.0,380.0,5000.0,5000.0,0.0,1.0,13.0,1.0,1.0,1.0,380.0,,,,0.0,1.0,,0,1
20338,PB,IBIARA,0.0,0.0,0.0,0.0,,,,0.0,0.0,,1.0,1.0,1.0,400.0,400.0,6000.0,6000.0,0.0,1.0,17.0,1.0,1.0,1.0,400.0,,,,0.0,1.0,,0,1
20354,PB,IMACULADA,1.0,1.0,1.0,368.0,368.0,7000.0,7000.0,0.0,1.0,16.0,2.0,1.0,1.0,800.0,400.0,17000.0,8500.0,0.0,1.0,154.0,1.0,0.0,0.0,432.0,32.0,10000.0,1500.0,0.0,0.0,138.0,1,1
20370,PB,INGÁ,3.0,1.0,3.0,1330.0,443.3333333333333,15000.0,5000.0,0.0,3.0,12.0,11.0,1.0,5.0,4788.0,435.27272727272725,63500.0,5772.727272727273,0.0,7.0,152.0,8.0,0.0,2.0,3458.0,-8.060606060606062,48500.0,772.727272727273,0.0,4.0,140.0,1,1
20397,PB,ITABAIANA,0.0,0.0,0.0,0.0,,,,0.0,0.0,,3.0,1.0,2.0,1030.0,343.3333333333333,18000.0,6000.0,0.0,2.0,142.0,3.0,1.0,2.0,1030.0,,,,0.0,2.0,,0,1
20419,PB,ITAPORANGA,1.0,1.0,1.0,300.0,300.0,5000.0,5000.0,0.0,1.0,19.0,1.0,1.0,1.0,400.0,400.0,5000.0,5000.0,0.0,0.0,31.0,0.0,0.0,0.0,100.0,100.0,0.0,0.0,0.0,-1.0,12.0,1,1
20435,PB,ITAPOROROCA,1.0,1.0,1.0,350.0,350.0,5000.0,5000.0,0.0,1.0,17.0,3.0,1.0,2.0,1150.0,383.3333333333333,23000.0,7666.666666666667,0.0,2.0,72.0,2.0,0.0,1.0,800.0,33.333333333333314,18000.0,2666.666666666667,0.0,1.0,55.0,1,1
20478,PB,JACARAÚ,0.0,0.0,0.0,0.0,,,,0.0,0.0,,2.0,1.0,2.0,750.0,375.0,14500.0,7250.0,0.0,1.0,154.0,2.0,1.0,2.0,750.0,,,,0.0,1.0,,0,1
20516,PB,JOÃO PESSOA,12.0,1.0,6.0,9211.0,767.5833333333334,330514.14,27542.845,1.0,5.0,41.0,40.0,1.0,13.0,34060.0,851.5,1064910.4,26622.76,18.0,13.0,217.0,28.0,0.0,7.0,24849.0,83.91666666666663,734396.2599999999,-920.0850000000028,17.0,8.0,176.0,1,1
20532,PB,JUAREZ TÁVORA,1.0,1.0,1.0,400.0,400.0,5000.0,5000.0,0.0,1.0,8.0,0.0,0.0,0.0,0.0,,,,0.0,0.0,,-1.0,-1.0,-1.0,-400.0,,,,0.0,-1.0,,0,1
20591,PB,JURIPIRANGA,1.0,1.0,1.0,415.0,415.0,6000.0,6000.0,1.0,1.0,8.0,1.0,1.0,1.0,400.0,400.0,5000.0,5000.0,0.0,1.0,18.0,0.0,0.0,0.0,-15.0,-15.0,-1000.0,-1000.0,-1.0,0.0,10.0,1,1
20613,PB,JURU,1.0,1.0,1.0,350.0,350.0,7000.0,7000.0,1.0,1.0,5.0,2.0,1.0,1.0,728.0,364.0,11000.0,5500.0,0.0,0.0,167.0,1.0,0.0,0.0,378.0,14.0,4000.0,-1500.0,-1.0,-1.0,162.0,1,1
20656,PB,LAGOA DE DENTRO,1.0,1.0,1.0,300.0,300.0,5000.0,5000.0,0.0,1.0,2.0,1.0,1.0,1.0,400.0,400.0,8000.0,8000.0,0.0,1.0,3.0,0.0,0.0,0.0,100.0,100.0,3000.0,3000.0,0.0,0.0,1.0,1,1
20672,PB,LAGOA SECA,1.0,1.0,1.0,350.0,350.0,4000.0,4000.0,0.0,1.0,10.0,3.0,1.0,2.0,1100.0,366.6666666666667,17000.0,5666.666666666667,0.0,1.0,136.0,2.0,0.0,1.0,750.0,16.666666666666686,13000.0,1666.666666666667,0.0,0.0,126.0,1,1
20710,PB,LIVRAMENTO,0.0,0.0,0.0,0.0,,,,0.0,0.0,,1.0,1.0,1.0,300.0,300.0,6000.0,6000.0,0.0,1.0,5.0,1.0,1.0,1.0,300.0,,,,0.0,1.0,,0,1
20737,PB,LUCENA,0.0,0.0,0.0,0.0,,,,0.0,0.0,,4.0,1.0,3.0,1600.0,400.0,21000.0,5250.0,1.0,3.0,67.0,4.0,1.0,3.0,1600.0,,,,1.0,3.0,,0,1
20796,PB,MAMANGUAPE,1.0,1.0,1.0,300.0,300.0,5000.0,5000.0,0.0,1.0,4.0,11.0,1.0,7.0,4617.0,419.72727272727275,74000.0,6727.272727272727,0.0,7.0,133.0,10.0,0.0,6.0,4317.0,119.72727272727275,69000.0,1727.272727272727,0.0,6.0,129.0,1,1
20818,PB,MANAÍRA,1.0,1.0,1.0,368.0,368.0,6000.0,6000.0,0.0,0.0,38.0,1.0,1.0,1.0,364.0,364.0,5000.0,5000.0,0.0,0.0,36.0,0.0,0.0,0.0,-4.0,-4.0,-1000.0,-1000.0,0.0,0.0,-2.0,1,1
20834,PB,MARI,0.0,0.0,0.0,0.0,,,,0.0,0.0,,1.0,1.0,1.0,400.0,400.0,7000.0,7000.0,0.0,1.0,8.0,1.0,1.0,1.0,400.0,,,,0.0,1.0,,0,1
20850,PB,MASSARANDUBA,1.0,1.0,1.0,400.0,400.0,5000.0,5000.0,0.0,1.0,4.0,2.0,1.0,2.0,750.0,375.0,11000.0,5500.0,0.0,0.0,86.0,1.0,0.0,1.0,350.0,-25.0,6000.0,500.0,0.0,-1.0,82.0,1,1
20877,PB,MATARACA,0.0,0.0,0.0,0.0,,,,0.0,0.0,,5.0,1.0,4.0,1900.0,380.0,31000.0,6200.0,0.0,2.0,81.0,5.0,1.0,4.0,1900.0,,,,0.0,2.0,,0,1
20893,PB,MOGEIRO,0.0,0.0,0.0,0.0,,,,0.0,0.0,,1.0,1.0,1.0,400.0,400.0,5000.0,5000.0,0.0,0.0,51.0,1.0,1.0,1.0,400.0,,,,0.0,0.0,,0,1
20958,PB,MONTEIRO,5.0,1.0,3.0,1958.0,391.6,39000.0,7800.0,1.0,3.0,41.0,4.0,1.0,4.0,1911.0,477.75,22000.0,5500.0,0.0,1.0,171.0,-1.0,0.0,1.0,-47.0,86.14999999999998,-17000.0,-2300.0,-1.0,-2.0,130.0,1,1
20974,PB,MULUNGU,1.0,1.0,1.0,400.0,400.0,5000.0,5000.0,0.0,1.0,4.0,0.0,0.0,0.0,0.0,,,,0.0,0.0,,-1.0,-1.0,-1.0,-400.0,,,,0.0,-1.0,,0,1
21032,PB,NOVA FLORESTA,1.0,1.0,1.0,350.0,350.0,5000.0,5000.0,0.0,1.0,22.0,3.0,1.0,2.0,1200.0,400.0,13000.0,4333.333333333333,0.0,2.0,40.0,2.0,0.0,1.0,850.0,50.0,8000.0,-666.666666666667,0.0,1.0,18.0,1,1
21059,PB,NOVA OLINDA,0.0,0.0,0.0,0.0,,,,0.0,0.0,,1.0,1.0,1.0,400.0,400.0,4000.0,4000.0,0.0,1.0,4.0,1.0,1.0,1.0,400.0,,,,0.0,1.0,,0,1
21075,PB,NOVA PALMEIRA,0.0,0.0,0.0,0.0,,,,0.0,0.0,,4.0,1.0,4.0,1464.0,366.0,20000.0,5000.0,0.0,3.0,78.0,4.0,1.0,4.0,1464.0,,,,0.0,3.0,,0,1
21091,PB,OLHO D'ÁGUA,0.0,0.0,0.0,0.0,,,,0.0,0.0,,1.0,1.0,1.0,280.0,280.0,5000.0,5000.0,0.0,0.0,33.0,1.0,1.0,1.0,280.0,,,,0.0,0.0,,0,1
21113,PB,OLIVEDOS,0.0,0.0,0.0,0.0,,,,0.0,0.0,,1.0,1.0,1.0,285.0,285.0,6000.0,6000.0,0.0,1.0,18.0,1.0,1.0,1.0,285.0,,,,0.0,1.0,,0,1
21130,PB,OURO VELHO,1.0,1.0,1.0,250.0,250.0,4000.0,4000.0,0.0,0.0,41.0,0.0,0.0,0.0,0.0,,,,0.0,0.0,,-1.0,-1.0,-1.0,-250.0,,,,0.0,0.0,,0,1
21172,PB,PATOS,2.0,1.0,2.0,800.0,400.0,14000.0,7000.0,0.0,1.0,38.0,4.0,1.0,4.0,3726.0,931.5,34000.0,8500.0,1.0,3.0,149.0,2.0,0.0,2.0,2926.0,531.5,20000.0,1500.0,1.0,2.0,111.0,1,1
21199,PB,PAULISTA,0.0,0.0,0.0,0.0,,,,0.0,0.0,,5.0,1.0,3.0,2100.0,420.0,31000.0,6200.0,0.0,0.0,224.0,5.0,1.0,3.0,2100.0,,,,0.0,0.0,,0,1
21210,PB,PEDRA BRANCA,0.0,0.0,0.0,0.0,,,,0.0,0.0,,1.0,1.0,1.0,400.0,400.0,7000.0,7000.0,0.0,1.0,9.0,1.0,1.0,1.0,400.0,,,,0.0,1.0,,0,1
21253,PB,PEDRAS DE FOGO,5.0,1.0,4.0,2378.0,475.6,31500.0,6300.0,0.0,3.0,49.0,3.0,1.0,2.0,1180.0,393.3333333333333,18000.0,6000.0,0.0,1.0,67.0,-2.0,0.0,-2.0,-1198.0,-82.26666666666671,-13500.0,-300.0,0.0,-2.0,18.0,1,1
21270,PB,PIANCÓ,4.0,1.0,2.0,1500.0,375.0,22000.0,5500.0,0.0,2.0,88.0,6.0,1.0,3.0,2589.0,431.5,30000.0,5000.0,0.0,2.0,149.0,2.0,0.0,1.0,1089.0,56.5,8000.0,-500.0,0.0,0.0,61.0,1,1
21296,PB,PICUÍ,1.0,1.0,1.0,350.0,350.0,5000.0,5000.0,0.0,1.0,19.0,0.0,0.0,0.0,0.0,,,,0.0,0.0,,-1.0,-1.0,-1.0,-350.0,,,,0.0,-1.0,,0,1
21318,PB,PILAR,0.0,0.0,0.0,0.0,,,,0.0,0.0,,3.0,1.0,3.0,1200.0,400.0,21000.0,7000.0,0.0,3.0,5.0,3.0,1.0,3.0,1200.0,,,,0.0,3.0,,0,1
21334,PB,PILÕES,0.0,0.0,0.0,0.0,,,,0.0,0.0,,1.0,1.0,1.0,359.0,359.0,6000.0,6000.0,0.0,1.0,17.0,1.0,1.0,1.0,359.0,,,,0.0,1.0,,0,1
21350,PB,PILÕEZINHOS,0.0,0.0,0.0,0.0,,,,0.0,0.0,,1.0,1.0,1.0,280.0,280.0,5000.0,5000.0,0.0,0.0,58.0,1.0,1.0,1.0,280.0,,,,0.0,0.0,,0,1
21377,PB,PIRPIRITUBA,1.0,1.0,1.0,270.0,270.0,4000.0,4000.0,0.0,1.0,8.0,6.0,1.0,4.0,2716.0,452.6666666666667,37000.0,6166.666666666667,1.0,2.0,185.0,5.0,0.0,3.0,2446.0,182.66666666666669,33000.0,2166.666666666667,1.0,1.0,177.0,1,1
21393,PB,PITIMBU,0.0,0.0,0.0,0.0,,,,0.0,0.0,,2.0,1.0,1.0,800.0,400.0,12000.0,6000.0,0.0,1.0,44.0,2.0,1.0,1.0,800.0,,,,0.0,1.0,,0,1
21415,PB,POCINHOS,2.0,1.0,2.0,750.0,375.0,9000.0,4500.0,0.0,1.0,37.0,2.0,1.0,2.0,900.0,450.0,9000.0,4500.0,0.0,0.0,44.0,0.0,0.0,0.0,150.0,75.0,0.0,0.0,0.0,-1.0,7.0,1,1
21458,PB,PRATA,1.0,1.0,1.0,350.0,350.0,5000.0,5000.0,0.0,1.0,14.0,0.0,0.0,0.0,0.0,,,,0.0,0.0,,-1.0,-1.0,-1.0,-350.0,,,,0.0,-1.0,,0,1
21474,PB,PRINCESA ISABEL,4.0,1.0,2.0,1602.0,400.5,23000.0,5750.0,0.0,1.0,112.0,12.0,1.0,7.0,4812.0,401.0,87500.0,7291.666666666667,0.0,6.0,168.0,8.0,0.0,5.0,3210.0,0.5,64500.0,1541.666666666667,0.0,5.0,56.0,1,1
21490,PB,PUXINANÃ,1.0,1.0,1.0,400.0,400.0,5000.0,5000.0,0.0,0.0,33.0,2.0,1.0,1.0,800.0,400.0,10000.0,5000.0,0.0,0.0,60.0,1.0,0.0,0.0,400.0,0.0,5000.0,0.0,0.0,0.0,27.0,1,1
21512,PB,QUEIMADAS,0.0,0.0,0.0,0.0,,,,0.0,0.0,,1.0,1.0,1.0,400.0,400.0,5000.0,5000.0,0.0,0.0,135.0,1.0,1.0,1.0,400.0,,,,0.0,0.0,,0,1
21539,PB,QUIXABA,0.0,0.0,0.0,0.0,,,,0.0,0.0,,1.0,1.0,1.0,300.0,300.0,5000.0,5000.0,0.0,0.0,153.0,1.0,1.0,1.0,300.0,,,,0.0,0.0,,0,1
21555,PB,REMÍGIO,0.0,0.0,0.0,0.0,,,,0.0,0.0,,1.0,1.0,1.0,300.0,300.0,5000.0,5000.0,0.0,1.0,12.0,1.0,1.0,1.0,300.0,,,,0.0,1.0,,0,1
21571,PB,RIACHO DOS CAVALOS,0.0,0.0,0.0,0.0,,,,0.0,0.0,,3.0,1.0,3.0,1050.0,350.0,21000.0,7000.0,0.0,2.0,86.0,3.0,1.0,3.0,1050.0,,,,0.0,2.0,,0,1
21610,PB,SALGADINHO,0.0,0.0,0.0,0.0,,,,0.0,0.0,,1.0,1.0,1.0,400.0,400.0,7000.0,7000.0,0.0,1.0,8.0,1.0,1.0,1.0,400.0,,,,0.0,1.0,,0,1
21636,PB,SALGADO DE SÃO FÉLIX,0.0,0.0,0.0,0.0,,,,0.0,0.0,,1.0,1.0,1.0,400.0,400.0,6000.0,6000.0,0.0,0.0,49.0,1.0,1.0,1.0,400.0,,,,0.0,0.0,,0,1
21652,PB,SANTA CRUZ,1.0,1.0,1.0,300.0,300.0,3000.0,3000.0,1.0,1.0,2.0,0.0,0.0,0.0,0.0,,,,0.0,0.0,,-1.0,-1.0,-1.0,-300.0,,,,-1.0,-1.0,,0,1
21679,PB,SANTA HELENA,1.0,1.0,1.0,240.0,240.0,4000.0,4000.0,0.0,1.0,8.0,4.0,1.0,3.0,2775.0,693.75,26000.0,6500.0,1.0,1.0,161.0,3.0,0.0,2.0,2535.0,453.75,22000.0,2500.0,1.0,0.0,153.0,1,1
21695,PB,SANTA LUZIA,1.0,1.0,1.0,400.0,400.0,7000.0,7000.0,1.0,1.0,15.0,8.0,1.0,4.0,3500.0,437.5,44000.0,5500.0,0.0,5.0,48.0,7.0,0.0,3.0,3100.0,37.5,37000.0,-1500.0,-1.0,4.0,33.0,1,1
21750,PB,SANTA RITA,2.0,1.0,1.0,1000.0,500.0,12000.0,6000.0,1.0,2.0,13.0,13.0,1.0,5.0,7592.0,584.0,104000.0,8000.0,1.0,4.0,245.0,11.0,0.0,4.0,6592.0,84.0,92000.0,2000.0,0.0,2.0,232.0,1,1
21776,PB,SANTA TERESINHA,0.0,0.0,0.0,0.0,,,,0.0,0.0,,2.0,1.0,2.0,761.0,380.5,11500.0,5750.0,0.0,0.0,56.0,2.0,1.0,2.0,761.0,,,,0.0,0.0,,0,1
21792,PB,SÃO BENTO,4.0,1.0,3.0,1750.0,437.5,26000.0,6500.0,1.0,3.0,94.0,19.0,1.0,6.0,9898.0,520.9473684210526,123500.0,6500.0,4.0,8.0,217.0,15.0,0.0,3.0,8148.0,83.4473684210526,97500.0,0.0,3.0,5.0,123.0,1,1
21814,PB,SÃO JOÃO DO CARIRI,1.0,1.0,1.0,400.0,400.0,4000.0,4000.0,1.0,1.0,10.0,2.0,1.0,1.0,560.0,280.0,10000.0,5000.0,0.0,1.0,60.0,1.0,0.0,0.0,160.0,-120.0,6000.0,1000.0,-1.0,0.0,50.0,1,1
21830,PB,SÃO JOÃO DO TIGRE,1.0,1.0,1.0,220.0,220.0,4000.0,4000.0,0.0,1.0,9.0,0.0,0.0,0.0,0.0,,,,0.0,0.0,,-1.0,-1.0,-1.0,-220.0,,,,0.0,-1.0,,0,1
21857,PB,SÃO JOSÉ DA LAGOA TAPADA,0.0,0.0,0.0,0.0,,,,0.0,0.0,,1.0,1.0,1.0,400.0,400.0,5000.0,5000.0,0.0,0.0,60.0,1.0,1.0,1.0,400.0,,,,0.0,0.0,,0,1
21873,PB,SÃO JOSÉ DE CAIANA,1.0,1.0,1.0,400.0,400.0,11500.0,11500.0,0.0,1.0,2.0,1.0,1.0,1.0,400.0,400.0,7000.0,7000.0,0.0,0.0,32.0,0.0,0.0,0.0,0.0,0.0,-4500.0,-4500.0,0.0,-1.0,30.0,1,1
21890,PB,SÃO JOSÉ DE ESPINHARAS,1.0,1.0,1.0,400.0,400.0,6000.0,6000.0,0.0,1.0,2.0,1.0,1.0,1.0,450.0,450.0,6000.0,6000.0,0.0,1.0,4.0,0.0,0.0,0.0,50.0,50.0,0.0,0.0,0.0,0.0,2.0,1,1
21911,PB,SÃO JOSÉ DE PIRANHAS,1.0,1.0,1.0,270.0,270.0,4000.0,4000.0,0.0,1.0,7.0,1.0,1.0,1.0,350.0,350.0,6000.0,6000.0,0.0,1.0,22.0,0.0,0.0,0.0,80.0,80.0,2000.0,2000.0,0.0,0.0,15.0,1,1
21970,PB,SÃO JOSÉ DOS CORDEIROS,0.0,0.0,0.0,0.0,,,,0.0,0.0,,1.0,1.0,1.0,250.0,250.0,3000.0,3000.0,1.0,0.0,87.0,1.0,1.0,1.0,250.0,,,,1.0,0.0,,0,1
21997,PB,SÃO MAMEDE,1.0,1.0,1.0,350.0,350.0,5000.0,5000.0,0.0,1.0,10.0,0.0,0.0,0.0,0.0,,,,0.0,0.0,,-1.0,-1.0,-1.0,-350.0,,,,0.0,-1.0,,0,1
22012,PB,SÃO MIGUEL DE TAIPU,0.0,0.0,0.0,0.0,,,,0.0,0.0,,2.0,1.0,2.0,810.0,405.0,12500.0,6250.0,0.0,0.0,132.0,2.0,1.0,2.0,810.0,,,,0.0,0.0,,0,1
22039,PB,SÃO SEBASTIÃO DE LAGOA DE ROÇA,0.0,0.0,0.0,0.0,,,,0.0,0.0,,1.0,1.0,1.0,500.0,500.0,5000.0,5000.0,0.0,1.0,5.0,1.0,1.0,1.0,500.0,,,,0.0,1.0,,0,1
22055,PB,SÃO SEBASTIÃO DO UMBUZEIRO,0.0,0.0,0.0,0.0,,,,0.0,0.0,,1.0,1.0,1.0,300.0,300.0,3000.0,3000.0,1.0,0.0,88.0,1.0,1.0,1.0,300.0,,,,1.0,0.0,,0,1
22071,PB,SAPÉ,3.0,1.0,3.0,1230.0,410.0,20000.0,6666.666666666667,0.0,3.0,9.0,3.0,1.0,3.0,1568.0,522.6666666666666,17000.0,5666.666666666667,0.0,2.0,210.0,0.0,0.0,0.0,338.0,112.66666666666663,-3000.0,-1000.0,0.0,-1.0,201.0,1,1
22098,PB,SÃO VICENTE DO SERIDÓ,0.0,0.0,0.0,0.0,,,,0.0,0.0,,3.0,1.0,2.0,1100.0,366.6666666666667,22000.0,7333.333333333333,0.0,2.0,126.0,3.0,1.0,2.0,1100.0,,,,0.0,2.0,,0,1
22110,PB,SERRA BRANCA,2.0,1.0,2.0,697.0,348.5,10000.0,5000.0,0.0,2.0,3.0,1.0,1.0,1.0,270.0,270.0,5000.0,5000.0,0.0,0.0,40.0,-1.0,0.0,-1.0,-427.0,-78.5,-5000.0,0.0,0.0,-2.0,37.0,1,1
22136,PB,SERRA DA RAIZ,1.0,1.0,1.0,400.0,400.0,4500.0,4500.0,0.0,1.0,11.0,1.0,1.0,1.0,330.0,330.0,6000.0,6000.0,0.0,1.0,9.0,0.0,0.0,0.0,-70.0,-70.0,1500.0,1500.0,0.0,0.0,-2.0,1,1
22217,PB,SOLÂNEA,0.0,0.0,0.0,0.0,,,,0.0,0.0,,2.0,1.0,2.0,700.0,350.0,12000.0,6000.0,0.0,1.0,37.0,2.0,1.0,2.0,700.0,,,,0.0,1.0,,0,1
22233,PB,SOLEDADE,0.0,0.0,0.0,0.0,,,,0.0,0.0,,3.0,1.0,2.0,1200.0,400.0,19000.0,6333.333333333333,0.0,3.0,18.0,3.0,1.0,2.0,1200.0,,,,0.0,3.0,,0,1
22250,PB,SOUSA,3.0,1.0,2.0,1400.0,466.6666666666667,19000.0,6333.333333333333,0.0,1.0,113.0,7.0,1.0,4.0,4213.0,601.8571428571429,53000.0,7571.428571428572,1.0,4.0,120.0,4.0,0.0,2.0,2813.0,135.1904761904762,34000.0,1238.0952380952385,1.0,3.0,7.0,1,1
22276,PB,SUMÉ,0.0,0.0,0.0,0.0,,,,0.0,0.0,,1.0,1.0,1.0,400.0,400.0,6000.0,6000.0,0.0,1.0,3.0,1.0,1.0,1.0,400.0,,,,0.0,1.0,,0,1
22292,PB,TACIMA,0.0,0.0,0.0,0.0,,,,0.0,0.0,,1.0,1.0,1.0,400.0,400.0,8000.0,8000.0,0.0,1.0,16.0,1.0,1.0,1.0,400.0,,,,0.0,1.0,,0,1
22314,PB,TAPEROÁ,0.0,0.0,0.0,0.0,,,,0.0,0.0,,1.0,1.0,1.0,400.0,400.0,5000.0,5000.0,0.0,1.0,16.0,1.0,1.0,1.0,400.0,,,,0.0,1.0,,0,1
22330,PB,TAVARES,1.0,1.0,1.0,372.0,372.0,6000.0,6000.0,0.0,0.0,36.0,11.0,1.0,6.0,4685.0,425.90909090909093,84000.0,7636.363636363636,0.0,2.0,221.0,10.0,0.0,5.0,4313.0,53.909090909090935,78000.0,1636.363636363636,0.0,2.0,185.0,1,1
22357,PB,TEIXEIRA,0.0,0.0,0.0,0.0,,,,0.0,0.0,,2.0,1.0,1.0,560.0,280.0,10000.0,5000.0,0.0,2.0,23.0,2.0,1.0,1.0,560.0,,,,0.0,2.0,,0,1
22373,PB,TRIUNFO,1.0,1.0,1.0,309.0,309.0,6000.0,6000.0,0.0,0.0,106.0,0.0,0.0,0.0,0.0,,,,0.0,0.0,,-1.0,-1.0,-1.0,-309.0,,,,0.0,0.0,,0,1
22390,PB,UIRAÚNA,1.0,1.0,1.0,260.0,260.0,4000.0,4000.0,0.0,1.0,9.0,0.0,0.0,0.0,0.0,,,,0.0,0.0,,-1.0,-1.0,-1.0,-260.0,,,,0.0,-1.0,,0,1
23019,PE,AFOGADOS DA INGAZEIRA,3.0,1.0,2.0,950.0,316.6666666666667,21000.0,7000.0,3.0,2.0,37.0,6.0,1.0,3.0,2150.0,358.3333333333333,35000.0,5833.333333333333,0.0,4.0,89.0,3.0,0.0,1.0,1200.0,41.66666666666663,14000.0,-1166.666666666667,-3.0,2.0,52.0,1,1
23027,PE,LAGOA DO CARRO,0.0,0.0,0.0,0.0,,,,0.0,0.0,,6.0,1.0,4.0,2375.0,395.8333333333333,31000.0,5166.666666666667,1.0,5.0,197.0,6.0,1.0,4.0,2375.0,,,,1.0,5.0,,0,1
23035,PE,AFRÂNIO,4.0,1.0,3.0,1201.0,300.25,49600.0,12400.0,3.0,4.0,21.0,2.0,1.0,1.0,800.0,400.0,15000.0,7500.0,0.0,1.0,204.0,-2.0,0.0,-2.0,-401.0,99.75,-34600.0,-4900.0,-3.0,-3.0,183.0,1,1
23043,PE,SANTA CRUZ DA BAIXA VERDE,2.0,1.0,2.0,769.0,384.5,19000.0,9500.0,0.0,2.0,7.0,3.0,1.0,2.0,1200.0,400.0,15000.0,5000.0,0.0,3.0,8.0,1.0,0.0,0.0,431.0,15.5,-4000.0,-4500.0,0.0,1.0,1.0,1,1
23051,PE,AGRESTINA,0.0,0.0,0.0,0.0,,,,0.0,0.0,,6.0,1.0,3.0,2400.0,400.0,37000.0,6166.666666666667,1.0,2.0,74.0,6.0,1.0,3.0,2400.0,,,,1.0,2.0,,0,1
23060,PE,XEXÉU,0.0,0.0,0.0,0.0,,,,0.0,0.0,,3.0,1.0,2.0,1201.0,400.3333333333333,20000.0,6666.666666666667,1.0,1.0,239.0,3.0,1.0,2.0,1201.0,,,,1.0,1.0,,0,1
23078,PE,ÁGUA PRETA,0.0,0.0,0.0,0.0,,,,0.0,0.0,,1.0,1.0,1.0,400.0,400.0,5000.0,5000.0,0.0,1.0,9.0,1.0,1.0,1.0,400.0,,,,0.0,1.0,,0,1
23086,PE,VERTENTE DO LÉRIO,0.0,0.0,0.0,0.0,,,,0.0,0.0,,1.0,1.0,1.0,400.0,400.0,5000.0,5000.0,0.0,0.0,53.0,1.0,1.0,1.0,400.0,,,,0.0,0.0,,0,1
23094,PE,ÁGUAS BELAS,2.0,1.0,2.0,650.0,325.0,16000.0,8000.0,2.0,2.0,23.0,9.0,1.0,5.0,3300.0,366.6666666666667,65300.0,7255.555555555556,0.0,5.0,135.0,7.0,0.0,3.0,2650.0,41.666666666666686,49300.0,-744.4444444444443,-2.0,3.0,112.0,1,1
23108,PE,SANTA CRUZ,0.0,0.0,0.0,0.0,,,,0.0,0.0,,1.0,1.0,1.0,400.0,400.0,5000.0,5000.0,0.0,0.0,54.0,1.0,1.0,1.0,400.0,,,,0.0,0.0,,0,1
23116,PE,ALAGOINHA,0.0,0.0,0.0,0.0,,,,0.0,0.0,,3.0,1.0,3.0,880.0,293.3333333333333,15000.0,5000.0,0.0,3.0,22.0,3.0,1.0,3.0,880.0,,,,0.0,3.0,,0,1
23124,PE,JUCATI,1.0,1.0,1.0,300.0,300.0,7000.0,7000.0,0.0,0.0,66.0,0.0,0.0,0.0,0.0,,,,0.0,0.0,,-1.0,-1.0,-1.0,-300.0,,,,0.0,0.0,,0,1
23132,PE,ALIANÇA,0.0,0.0,0.0,0.0,,,,0.0,0.0,,1.0,1.0,1.0,400.0,400.0,7000.0,7000.0,0.0,0.0,31.0,1.0,1.0,1.0,400.0,,,,0.0,0.0,,0,1
23140,PE,DORMENTES,1.0,1.0,1.0,350.0,350.0,6000.0,6000.0,0.0,1.0,26.0,1.0,1.0,1.0,400.0,400.0,10000.0,10000.0,0.0,0.0,204.0,0.0,0.0,0.0,50.0,50.0,4000.0,4000.0,0.0,-1.0,178.0,1,1
23159,PE,ALTINHO,0.0,0.0,0.0,0.0,,,,0.0,0.0,,6.0,1.0,4.0,2376.0,396.0,33000.0,5500.0,0.0,5.0,85.0,6.0,1.0,4.0,2376.0,,,,0.0,5.0,,0,1
23167,PE,CARNAUBEIRA DA PENHA,0.0,0.0,0.0,0.0,,,,0.0,0.0,,3.0,1.0,3.0,1100.0,366.6666666666667,19000.0,6333.333333333333,0.0,1.0,65.0,3.0,1.0,3.0,1100.0,,,,0.0,1.0,,0,1
23175,PE,AMARAJI,2.0,1.0,2.0,676.0,338.0,14500.0,7250.0,1.0,2.0,10.0,6.0,1.0,2.0,2400.0,400.0,33000.0,5500.0,1.0,4.0,37.0,4.0,0.0,0.0,1724.0,62.0,18500.0,-1750.0,0.0,2.0,27.0,1,1
23191,PE,ANGELIM,0.0,0.0,0.0,0.0,,,,0.0,0.0,,4.0,1.0,4.0,1475.0,368.75,21500.0,5375.0,0.0,2.0,224.0,4.0,1.0,4.0,1475.0,,,,0.0,2.0,,0,1
23205,PE,ARAÇOIABA,0.0,0.0,0.0,0.0,,,,0.0,0.0,,5.0,1.0,3.0,1975.0,395.0,29000.0,5800.0,1.0,2.0,205.0,5.0,1.0,3.0,1975.0,,,,1.0,2.0,,0,1
23213,PE,ARARIPINA,6.0,1.0,4.0,2148.0,358.0,43000.0,7166.666666666667,2.0,4.0,84.0,11.0,1.0,6.0,4440.0,403.6363636363636,67500.0,6136.363636363636,0.0,6.0,173.0,5.0,0.0,2.0,2292.0,45.636363636363626,24500.0,-1030.303030303031,-2.0,2.0,89.0,1,1
23221,PE,CASINHAS,2.0,1.0,2.0,700.0,350.0,17000.0,8500.0,0.0,2.0,4.0,1.0,1.0,1.0,400.0,400.0,5000.0,5000.0,0.0,0.0,54.0,-1.0,0.0,-1.0,-300.0,50.0,-12000.0,-3500.0,0.0,-2.0,50.0,1,1
23230,PE,ARCOVERDE,8.0,1.0,3.0,2866.0,358.25,42500.0,5312.5,5.0,7.0,66.0,12.0,1.0,6.0,4518.0,376.5,84250.0,7020.833333333333,1.0,4.0,200.0,4.0,0.0,3.0,1652.0,18.25,41750.0,1708.333333333333,-4.0,-3.0,134.0,1,1
23248,PE,MANARI,0.0,0.0,0.0,0.0,,,,0.0,0.0,,1.0,1.0,1.0,400.0,400.0,5000.0,5000.0,0.0,0.0,78.0,1.0,1.0,1.0,400.0,,,,0.0,0.0,,0,1
23256,PE,BARRA DE GUABIRABA,0.0,0.0,0.0,0.0,,,,0.0,0.0,,1.0,1.0,1.0,400.0,400.0,5000.0,5000.0,0.0,0.0,71.0,1.0,1.0,1.0,400.0,,,,0.0,0.0,,0,1
23264,PE,JATOBÁ,1.0,1.0,1.0,220.0,220.0,6000.0,6000.0,1.0,1.0,20.0,2.0,1.0,2.0,620.0,310.0,14000.0,7000.0,0.0,1.0,193.0,1.0,0.0,1.0,400.0,90.0,8000.0,1000.0,-1.0,0.0,173.0,1,1
23280,PE,TAMANDARÉ,0.0,0.0,0.0,0.0,,,,0.0,0.0,,4.0,1.0,3.0,1576.0,394.0,21000.0,5250.0,0.0,3.0,52.0,4.0,1.0,3.0,1576.0,,,,0.0,3.0,,0,1
23299,PE,BELÉM DE MARIA,1.0,1.0,1.0,250.0,250.0,13000.0,13000.0,0.0,1.0,11.0,5.0,1.0,3.0,1975.0,395.0,30000.0,6000.0,0.0,3.0,68.0,4.0,0.0,2.0,1725.0,145.0,17000.0,-7000.0,0.0,2.0,57.0,1,1
23302,PE,JAQUEIRA,1.0,1.0,1.0,400.0,400.0,8000.0,8000.0,0.0,1.0,9.0,1.0,1.0,1.0,400.0,400.0,5000.0,5000.0,0.0,0.0,81.0,0.0,0.0,0.0,0.0,0.0,-3000.0,-3000.0,0.0,-1.0,72.0,1,1
23310,PE,BELÉM DE SÃO FRANCISCO,2.0,1.0,2.0,550.0,275.0,22000.0,11000.0,0.0,2.0,10.0,8.0,1.0,7.0,2900.0,362.5,61000.0,7625.0,0.0,7.0,162.0,6.0,0.0,5.0,2350.0,87.5,39000.0,-3375.0,0.0,5.0,152.0,1,1
23329,PE,SANTA FILOMENA,0.0,0.0,0.0,0.0,,,,0.0,0.0,,1.0,1.0,1.0,350.0,350.0,7000.0,7000.0,0.0,1.0,26.0,1.0,1.0,1.0,350.0,,,,0.0,1.0,,0,1
23337,PE,BELO JARDIM,3.0,1.0,3.0,1344.0,448.0,19000.0,6333.333333333333,0.0,3.0,26.0,3.0,1.0,2.0,1150.0,383.3333333333333,17000.0,5666.666666666667,0.0,2.0,143.0,0.0,0.0,-1.0,-194.0,-64.66666666666669,-2000.0,-666.6666666666661,0.0,-1.0,117.0,1,1
23353,PE,BETÂNIA,0.0,0.0,0.0,0.0,,,,0.0,0.0,,1.0,1.0,1.0,400.0,400.0,8000.0,8000.0,1.0,0.0,60.0,1.0,1.0,1.0,400.0,,,,1.0,0.0,,0,1
23370,PE,BEZERROS,2.0,1.0,2.0,550.0,275.0,8500.0,4250.0,1.0,2.0,11.0,4.0,1.0,3.0,1600.0,400.0,23000.0,5750.0,0.0,3.0,80.0,2.0,0.0,1.0,1050.0,125.0,14500.0,1500.0,-1.0,1.0,69.0,1,1
23396,PE,BODOCÓ,0.0,0.0,0.0,0.0,,,,0.0,0.0,,2.0,1.0,2.0,800.0,400.0,17000.0,8500.0,0.0,1.0,195.0,2.0,1.0,2.0,800.0,,,,0.0,1.0,,0,1
23418,PE,BOM CONSELHO,2.0,1.0,2.0,700.0,350.0,9000.0,4500.0,0.0,2.0,28.0,9.0,1.0,5.0,3500.0,388.8888888888889,76000.0,8444.444444444445,0.0,5.0,192.0,7.0,0.0,3.0,2800.0,38.888888888888914,67000.0,3944.4444444444453,0.0,3.0,164.0,1,1
23434,PE,BOM JARDIM,2.0,1.0,2.0,750.0,375.0,12000.0,6000.0,0.0,2.0,7.0,3.0,1.0,1.0,1200.0,400.0,15000.0,5000.0,0.0,1.0,72.0,1.0,0.0,-1.0,450.0,25.0,3000.0,-1000.0,0.0,-1.0,65.0,1,1
23477,PE,BREJÃO,1.0,1.0,1.0,300.0,300.0,4000.0,4000.0,0.0,1.0,4.0,3.0,1.0,3.0,1100.0,366.6666666666667,15000.0,5000.0,0.0,2.0,39.0,2.0,0.0,2.0,800.0,66.66666666666669,11000.0,1000.0,0.0,1.0,35.0,1,1
23493,PE,BREJINHO,1.0,1.0,1.0,300.0,300.0,2000.0,2000.0,0.0,1.0,9.0,2.0,1.0,1.0,800.0,400.0,10000.0,5000.0,0.0,1.0,85.0,1.0,0.0,0.0,500.0,100.0,8000.0,3000.0,0.0,0.0,76.0,1,1
23515,PE,BREJO DA MADRE DE DEUS,2.0,1.0,2.0,700.0,350.0,15000.0,7500.0,1.0,2.0,7.0,3.0,1.0,2.0,1200.0,400.0,18000.0,6000.0,0.0,1.0,116.0,1.0,0.0,0.0,500.0,50.0,3000.0,-1500.0,-1.0,-1.0,109.0,1,1
23531,PE,BUENOS AIRES,0.0,0.0,0.0,0.0,,,,0.0,0.0,,3.0,1.0,3.0,1363.0,454.3333333333333,15000.0,5000.0,1.0,2.0,67.0,3.0,1.0,3.0,1363.0,,,,1.0,2.0,,0,1
23558,PE,BUÍQUE,2.0,1.0,2.0,700.0,350.0,14000.0,7000.0,2.0,2.0,14.0,2.0,1.0,2.0,750.0,375.0,12000.0,6000.0,0.0,0.0,60.0,0.0,0.0,0.0,50.0,25.0,-2000.0,-1000.0,-2.0,-2.0,46.0,1,1
23574,PE,CABO DE SANTO AGOSTINHO,6.0,1.0,6.0,3004.0,500.6666666666667,89520.0,14920.0,0.0,2.0,147.0,25.0,1.0,10.0,13700.0,548.0,243000.0,9720.0,1.0,11.0,247.0,19.0,0.0,4.0,10696.0,47.333333333333314,153480.0,-5200.0,1.0,9.0,100.0,1,1
23590,PE,CABROBÓ,0.0,0.0,0.0,0.0,,,,0.0,0.0,,2.0,1.0,1.0,800.0,400.0,10000.0,5000.0,0.0,1.0,88.0,2.0,1.0,1.0,800.0,,,,0.0,1.0,,0,1
23612,PE,CACHOEIRINHA,0.0,0.0,0.0,0.0,,,,0.0,0.0,,4.0,1.0,2.0,1600.0,400.0,24000.0,6000.0,0.0,2.0,56.0,4.0,1.0,2.0,1600.0,,,,0.0,2.0,,0,1
23639,PE,CAETÉS,1.0,1.0,1.0,400.0,400.0,4000.0,4000.0,0.0,0.0,42.0,1.0,1.0,1.0,400.0,400.0,5000.0,5000.0,0.0,1.0,15.0,0.0,0.0,0.0,0.0,0.0,1000.0,1000.0,0.0,1.0,-27.0,1,1
23655,PE,CALÇADO,2.0,1.0,1.0,800.0,400.0,8000.0,4000.0,0.0,1.0,58.0,1.0,1.0,1.0,400.0,400.0,8000.0,8000.0,0.0,0.0,58.0,-1.0,0.0,0.0,-400.0,0.0,0.0,4000.0,0.0,-1.0,0.0,1,1
23671,PE,CALUMBI,0.0,0.0,0.0,0.0,,,,0.0,0.0,,1.0,1.0,1.0,438.0,438.0,3000.0,3000.0,0.0,0.0,74.0,1.0,1.0,1.0,438.0,,,,0.0,0.0,,0,1
23698,PE,CAMOCIM DE SÃO FÉLIX,1.0,1.0,1.0,400.0,400.0,9000.0,9000.0,0.0,1.0,4.0,0.0,0.0,0.0,0.0,,,,0.0,0.0,,-1.0,-1.0,-1.0,-400.0,,,,0.0,-1.0,,0,1
23710,PE,CAMUTANGA,2.0,1.0,1.0,1200.0,600.0,10000.0,5000.0,2.0,2.0,30.0,2.0,1.0,2.0,700.0,350.0,10000.0,5000.0,0.0,2.0,8.0,0.0,0.0,1.0,-500.0,-250.0,0.0,0.0,-2.0,0.0,-22.0,1,1
23736,PE,CANHOTINHO,2.0,1.0,1.0,602.0,301.0,16000.0,8000.0,0.0,0.0,41.0,2.0,1.0,2.0,800.0,400.0,15000.0,7500.0,0.0,1.0,204.0,0.0,0.0,1.0,198.0,99.0,-1000.0,-500.0,0.0,1.0,163.0,1,1
23752,PE,CAPOEIRAS,1.0,1.0,1.0,300.0,300.0,5000.0,5000.0,0.0,0.0,-313.0,2.0,1.0,2.0,799.0,399.5,14000.0,7000.0,0.0,1.0,59.0,1.0,0.0,1.0,499.0,99.5,9000.0,2000.0,0.0,1.0,372.0,1,1
23779,PE,CARNAÍBA,1.0,1.0,1.0,220.0,220.0,4500.0,4500.0,1.0,0.0,72.0,6.0,1.0,2.0,2400.0,400.0,30000.0,5000.0,0.0,3.0,73.0,5.0,0.0,1.0,2180.0,180.0,25500.0,500.0,-1.0,3.0,1.0,1,1
23795,PE,CARPINA,3.0,1.0,2.0,1200.0,400.0,24200.0,8066.666666666667,2.0,1.0,79.0,23.0,1.0,11.0,11800.0,513.0434782608696,175300.0,7621.739130434783,3.0,14.0,217.0,20.0,0.0,9.0,10600.0,113.04347826086962,151100.0,-444.927536231884,1.0,13.0,138.0,1,1
23817,PE,CARUARU,4.0,1.0,2.0,2140.0,535.0,32000.0,8000.0,1.0,2.0,304.0,34.0,1.0,13.0,20782.0,611.2352941176471,400657.0,11784.029411764706,5.0,15.0,211.0,30.0,0.0,11.0,18642.0,76.23529411764707,368657.0,3784.0294117647063,4.0,13.0,-93.0,1,1
23833,PE,CATENDE,2.0,1.0,2.0,800.0,400.0,14000.0,7000.0,0.0,2.0,7.0,2.0,1.0,2.0,800.0,400.0,10000.0,5000.0,0.0,2.0,21.0,0.0,0.0,0.0,0.0,0.0,-4000.0,-2000.0,0.0,0.0,14.0,1,1
23850,PE,CEDRO,0.0,0.0,0.0,0.0,,,,0.0,0.0,,1.0,1.0,1.0,330.0,330.0,7000.0,7000.0,0.0,0.0,136.0,1.0,1.0,1.0,330.0,,,,0.0,0.0,,0,1
23876,PE,CHÃ DE ALEGRIA,0.0,0.0,0.0,0.0,,,,0.0,0.0,,2.0,1.0,2.0,800.0,400.0,12000.0,6000.0,0.0,2.0,22.0,2.0,1.0,2.0,800.0,,,,0.0,2.0,,0,1
23892,PE,CHÃ GRANDE,0.0,0.0,0.0,0.0,,,,0.0,0.0,,2.0,1.0,1.0,800.0,400.0,10000.0,5000.0,0.0,1.0,64.0,2.0,1.0,1.0,800.0,,,,0.0,1.0,,0,1
23914,PE,CONDADO,0.0,0.0,0.0,0.0,,,,0.0,0.0,,1.0,1.0,1.0,350.0,350.0,7000.0,7000.0,0.0,0.0,142.0,1.0,1.0,1.0,350.0,,,,0.0,0.0,,0,1
23930,PE,CORRENTES,3.0,1.0,1.0,1080.0,360.0,13000.0,4333.333333333333,0.0,1.0,289.0,0.0,0.0,0.0,0.0,,,,0.0,0.0,,-3.0,-1.0,-1.0,-1080.0,,,,0.0,-1.0,,0,1
23957,PE,CORTÊS,0.0,0.0,0.0,0.0,,,,0.0,0.0,,1.0,1.0,1.0,400.0,400.0,5000.0,5000.0,0.0,1.0,17.0,1.0,1.0,1.0,400.0,,,,0.0,1.0,,0,1
23973,PE,CUMARU,0.0,0.0,0.0,0.0,,,,0.0,0.0,,2.0,1.0,2.0,800.0,400.0,12000.0,6000.0,0.0,2.0,16.0,2.0,1.0,2.0,800.0,,,,0.0,2.0,,0,1
23990,PE,CUPIRA,3.0,1.0,2.0,1100.0,366.6666666666667,14000.0,4666.666666666667,0.0,2.0,34.0,0.0,0.0,0.0,0.0,,,,0.0,0.0,,-3.0,-1.0,-2.0,-1100.0,,,,0.0,-2.0,,0,1
24015,PE,CUSTÓDIA,4.0,1.0,3.0,1350.0,337.5,25500.0,6375.0,3.0,2.0,73.0,11.0,1.0,6.0,4100.0,372.72727272727275,72000.0,6545.454545454545,0.0,2.0,92.0,7.0,0.0,3.0,2750.0,35.22727272727275,46500.0,170.45454545454504,-3.0,0.0,19.0,1,1
24031,PE,ESCADA,0.0,0.0,0.0,0.0,,,,0.0,0.0,,1.0,1.0,1.0,400.0,400.0,7000.0,7000.0,0.0,1.0,11.0,1.0,1.0,1.0,400.0,,,,0.0,1.0,,0,1
24074,PE,FEIRA NOVA,0.0,0.0,0.0,0.0,,,,0.0,0.0,,1.0,1.0,1.0,400.0,400.0,5000.0,5000.0,0.0,1.0,19.0,1.0,1.0,1.0,400.0,,,,0.0,1.0,,0,1
24090,PE,FERREIROS,2.0,1.0,2.0,700.0,350.0,12000.0,6000.0,2.0,2.0,6.0,0.0,0.0,0.0,0.0,,,,0.0,0.0,,-2.0,-1.0,-2.0,-700.0,,,,-2.0,-2.0,,0,1
24112,PE,FLORES,0.0,0.0,0.0,0.0,,,,0.0,0.0,,3.0,1.0,2.0,1150.0,383.3333333333333,17000.0,5666.666666666667,0.0,2.0,54.0,3.0,1.0,2.0,1150.0,,,,0.0,2.0,,0,1
24139,PE,FLORESTA,3.0,1.0,3.0,900.0,300.0,15000.0,5000.0,0.0,3.0,30.0,6.0,1.0,6.0,2350.0,391.6666666666667,38000.0,6333.333333333333,0.0,6.0,19.0,3.0,0.0,3.0,1450.0,91.66666666666669,23000.0,1333.333333333333,0.0,3.0,-11.0,1,1
24155,PE,FREI MIGUELINHO,0.0,0.0,0.0,0.0,,,,0.0,0.0,,1.0,1.0,1.0,400.0,400.0,5000.0,5000.0,0.0,0.0,57.0,1.0,1.0,1.0,400.0,,,,0.0,0.0,,0,1
24198,PE,GARANHUNS,9.0,1.0,4.0,3800.0,422.22222222222223,63000.0,7000.0,1.0,5.0,64.0,7.0,1.0,3.0,3099.0,442.7142857142857,54000.0,7714.285714285715,1.0,2.0,210.0,-2.0,0.0,-1.0,-701.0,20.492063492063494,-9000.0,714.2857142857147,0.0,-3.0,146.0,1,1
24210,PE,GLÓRIA DO GOITÁ,1.0,1.0,1.0,300.0,300.0,5000.0,5000.0,1.0,1.0,9.0,5.0,1.0,3.0,2000.0,400.0,27000.0,5400.0,1.0,4.0,37.0,4.0,0.0,2.0,1700.0,100.0,22000.0,400.0,0.0,3.0,28.0,1,1
24236,PE,GOIANA,1.0,1.0,1.0,350.0,350.0,6000.0,6000.0,0.0,1.0,9.0,17.0,1.0,9.0,7615.0,447.94117647058823,89500.0,5264.705882352941,2.0,1.0,10.0,16.0,0.0,8.0,7265.0,97.94117647058823,83500.0,-735.2941176470586,2.0,0.0,1.0,1,1
24252,PE,GRANITO,1.0,1.0,1.0,250.0,250.0,6000.0,6000.0,1.0,1.0,14.0,0.0,0.0,0.0,0.0,,,,0.0,0.0,,-1.0,-1.0,-1.0,-250.0,,,,-1.0,-1.0,,0,1
24279,PE,GRAVATÁ,1.0,1.0,1.0,350.0,350.0,6000.0,6000.0,0.0,1.0,5.0,5.0,1.0,3.0,2100.0,420.0,37000.0,7400.0,1.0,4.0,200.0,4.0,0.0,2.0,1750.0,70.0,31000.0,1400.0,1.0,3.0,195.0,1,1
24295,PE,IATI,1.0,1.0,1.0,350.0,350.0,5000.0,5000.0,0.0,1.0,10.0,3.0,1.0,3.0,1149.0,383.0,22000.0,7333.333333333333,0.0,2.0,173.0,2.0,0.0,2.0,799.0,33.0,17000.0,2333.333333333333,0.0,1.0,163.0,1,1
24317,PE,IBIMIRIM,1.0,1.0,1.0,300.0,300.0,7000.0,7000.0,1.0,1.0,7.0,9.0,1.0,3.0,3550.0,394.44444444444446,55000.0,6111.111111111111,0.0,2.0,198.0,8.0,0.0,2.0,3250.0,94.44444444444446,48000.0,-888.8888888888887,-1.0,1.0,191.0,1,1
24333,PE,IBIRAJUBA,0.0,0.0,0.0,0.0,,,,0.0,0.0,,1.0,1.0,1.0,220.0,220.0,5000.0,5000.0,0.0,1.0,11.0,1.0,1.0,1.0,220.0,,,,0.0,1.0,,0,1
24350,PE,IGARASSU,1.0,1.0,1.0,400.0,400.0,8000.0,8000.0,0.0,1.0,14.0,6.0,1.0,3.0,4000.0,666.6666666666666,42500.0,7083.333333333333,0.0,4.0,79.0,5.0,0.0,2.0,3600.0,266.66666666666663,34500.0,-916.666666666667,0.0,3.0,65.0,1,1
24376,PE,IGUARACI,1.0,1.0,1.0,220.0,220.0,5000.0,5000.0,1.0,1.0,21.0,3.0,1.0,2.0,1200.0,400.0,15000.0,5000.0,0.0,2.0,81.0,2.0,0.0,1.0,980.0,180.0,10000.0,0.0,-1.0,1.0,60.0,1,1
24392,PE,INAJÁ,0.0,0.0,0.0,0.0,,,,0.0,0.0,,1.0,1.0,1.0,400.0,400.0,6000.0,6000.0,0.0,0.0,105.0,1.0,1.0,1.0,400.0,,,,0.0,0.0,,0,1
24414,PE,INGAZEIRA,1.0,1.0,1.0,220.0,220.0,5000.0,5000.0,1.0,1.0,16.0,2.0,1.0,1.0,800.0,400.0,10000.0,5000.0,0.0,1.0,84.0,1.0,0.0,0.0,580.0,180.0,5000.0,0.0,-1.0,0.0,68.0,1,1
24430,PE,IPOJUCA,2.0,1.0,2.0,700.0,350.0,11000.0,5500.0,1.0,2.0,7.0,17.0,1.0,6.0,8399.0,494.05882352941177,153000.0,9000.0,2.0,11.0,126.0,15.0,0.0,4.0,7699.0,144.05882352941177,142000.0,3500.0,1.0,9.0,119.0,1,1
24457,PE,IPUBI,0.0,0.0,0.0,0.0,,,,0.0,0.0,,1.0,1.0,1.0,350.0,350.0,7000.0,7000.0,0.0,1.0,8.0,1.0,1.0,1.0,350.0,,,,0.0,1.0,,0,1
24473,PE,ITACURUBA,0.0,0.0,0.0,0.0,,,,0.0,0.0,,6.0,1.0,3.0,2280.0,380.0,32000.0,5333.333333333333,0.0,2.0,86.0,6.0,1.0,3.0,2280.0,,,,0.0,2.0,,0,1
24490,PE,ITAÍBA,1.0,1.0,1.0,350.0,350.0,6000.0,6000.0,0.0,1.0,21.0,10.0,1.0,6.0,4000.0,400.0,66000.0,6600.0,0.0,6.0,220.0,9.0,0.0,5.0,3650.0,50.0,60000.0,600.0,0.0,5.0,199.0,1,1
24511,PE,ILHA DE ITAMARACÁ,0.0,0.0,0.0,0.0,,,,0.0,0.0,,1.0,1.0,1.0,400.0,400.0,7000.0,7000.0,0.0,0.0,69.0,1.0,1.0,1.0,400.0,,,,0.0,0.0,,0,1
24538,PE,ITAPETIM,1.0,1.0,1.0,220.0,220.0,5000.0,5000.0,1.0,0.0,51.0,3.0,1.0,2.0,1150.0,383.3333333333333,17000.0,5666.666666666667,0.0,2.0,52.0,2.0,0.0,1.0,930.0,163.33333333333331,12000.0,666.666666666667,-1.0,2.0,1.0,1,1
24554,PE,ITAQUITINGA,0.0,0.0,0.0,0.0,,,,0.0,0.0,,2.0,1.0,1.0,776.0,388.0,10000.0,5000.0,1.0,1.0,87.0,2.0,1.0,1.0,776.0,,,,1.0,1.0,,0,1
24570,PE,JABOATÃO DOS GUARARAPES,2.0,1.0,2.0,1200.0,600.0,27900.0,13950.0,1.0,1.0,137.0,22.0,1.0,11.0,13627.0,619.4090909090909,228157.0,10370.772727272728,1.0,15.0,102.0,20.0,0.0,9.0,12427.0,19.409090909090878,200257.0,-3579.227272727272,0.0,14.0,-35.0,1,1
24597,PE,JATAÚBA,0.0,0.0,0.0,0.0,,,,0.0,0.0,,1.0,1.0,1.0,400.0,400.0,5000.0,5000.0,0.0,0.0,118.0,1.0,1.0,1.0,400.0,,,,0.0,0.0,,0,1
24619,PE,JOÃO ALFREDO,0.0,0.0,0.0,0.0,,,,0.0,0.0,,5.0,1.0,3.0,2100.0,420.0,32000.0,6400.0,1.0,0.0,206.0,5.0,1.0,3.0,2100.0,,,,1.0,0.0,,0,1
24635,PE,JOAQUIM NABUCO,0.0,0.0,0.0,0.0,,,,0.0,0.0,,3.0,1.0,2.0,1200.0,400.0,17000.0,5666.666666666667,0.0,1.0,44.0,3.0,1.0,2.0,1200.0,,,,0.0,1.0,,0,1
24651,PE,JUPI,0.0,0.0,0.0,0.0,,,,0.0,0.0,,10.0,1.0,4.0,3900.0,390.0,59000.0,5900.0,0.0,1.0,101.0,10.0,1.0,4.0,3900.0,,,,0.0,1.0,,0,1
24678,PE,JUREMA,0.0,0.0,0.0,0.0,,,,0.0,0.0,,4.0,1.0,1.0,1600.0,400.0,23000.0,5750.0,0.0,1.0,187.0,4.0,1.0,1.0,1600.0,,,,0.0,1.0,,0,1
24694,PE,LAGOA DE ITAENGA,1.0,1.0,1.0,400.0,400.0,6000.0,6000.0,0.0,1.0,12.0,7.0,1.0,5.0,2600.0,371.42857142857144,46000.0,6571.428571428572,0.0,2.0,262.0,6.0,0.0,4.0,2200.0,-28.571428571428555,40000.0,571.4285714285716,0.0,1.0,250.0,1,1
24716,PE,LAGOA DO OURO,0.0,0.0,0.0,0.0,,,,0.0,0.0,,2.0,1.0,1.0,800.0,400.0,10000.0,5000.0,0.0,1.0,77.0,2.0,1.0,1.0,800.0,,,,0.0,1.0,,0,1
24732,PE,LAGOA DOS GATOS,0.0,0.0,0.0,0.0,,,,0.0,0.0,,1.0,1.0,1.0,400.0,400.0,5000.0,5000.0,0.0,1.0,15.0,1.0,1.0,1.0,400.0,,,,0.0,1.0,,0,1
24759,PE,LAJEDO,4.0,1.0,3.0,1500.0,375.0,27000.0,6750.0,1.0,3.0,48.0,7.0,1.0,4.0,2800.0,400.0,41000.0,5857.142857142857,1.0,5.0,149.0,3.0,0.0,1.0,1300.0,25.0,14000.0,-892.8571428571431,0.0,2.0,101.0,1,1
24775,PE,LIMOEIRO,0.0,0.0,0.0,0.0,,,,0.0,0.0,,3.0,1.0,3.0,1200.0,400.0,17000.0,5666.666666666667,0.0,2.0,88.0,3.0,1.0,3.0,1200.0,,,,0.0,2.0,,0,1
24791,PE,MACAPARANA,2.0,1.0,2.0,800.0,400.0,11500.0,5750.0,1.0,1.0,57.0,2.0,1.0,1.0,800.0,400.0,14000.0,7000.0,0.0,1.0,110.0,0.0,0.0,-1.0,0.0,0.0,2500.0,1250.0,-1.0,0.0,53.0,1,1
24813,PE,MACHADOS,0.0,0.0,0.0,0.0,,,,0.0,0.0,,3.0,1.0,2.0,1200.0,400.0,19000.0,6333.333333333333,1.0,2.0,43.0,3.0,1.0,2.0,1200.0,,,,1.0,2.0,,0,1
24830,PE,MARAIAL,3.0,1.0,2.0,1520.0,506.6666666666667,26000.0,8666.666666666666,2.0,1.0,12.0,7.0,1.0,4.0,2800.0,400.0,50000.0,7142.857142857143,0.0,6.0,59.0,4.0,0.0,2.0,1280.0,-106.66666666666669,24000.0,-1523.809523809523,-2.0,5.0,47.0,1,1
24856,PE,MIRANDIBA,4.0,1.0,4.0,1342.0,335.5,23000.0,5750.0,2.0,3.0,46.0,5.0,1.0,3.0,2000.0,400.0,33000.0,6600.0,0.0,2.0,200.0,1.0,0.0,-1.0,658.0,64.5,10000.0,850.0,-2.0,-1.0,154.0,1,1
24872,PE,MORENO,1.0,1.0,1.0,381.0,381.0,5000.0,5000.0,1.0,1.0,8.0,1.0,1.0,1.0,400.0,400.0,5000.0,5000.0,0.0,0.0,58.0,0.0,0.0,0.0,19.0,19.0,0.0,0.0,-1.0,-1.0,50.0,1,1
24899,PE,NAZARÉ DA MATA,0.0,0.0,0.0,0.0,,,,0.0,0.0,,8.0,1.0,5.0,3176.0,397.0,41000.0,5125.0,0.0,6.0,55.0,8.0,1.0,5.0,3176.0,,,,0.0,6.0,,0,1
24910,PE,OLINDA,2.0,1.0,2.0,1100.0,550.0,27500.0,13750.0,1.0,1.0,130.0,18.0,1.0,10.0,11061.0,614.5,233814.0,12989.666666666666,3.0,8.0,115.0,16.0,0.0,8.0,9961.0,64.5,206314.0,-760.3333333333339,2.0,7.0,-15.0,1,1
24937,PE,OROBÓ,2.0,1.0,2.0,800.0,400.0,17500.0,8750.0,0.0,2.0,4.0,0.0,0.0,0.0,0.0,,,,0.0,0.0,,-2.0,-1.0,-2.0,-800.0,,,,0.0,-2.0,,0,1
24953,PE,OROCÓ,0.0,0.0,0.0,0.0,,,,0.0,0.0,,3.0,1.0,2.0,1175.0,391.6666666666667,17000.0,5666.666666666667,0.0,1.0,85.0,3.0,1.0,2.0,1175.0,,,,0.0,1.0,,0,1
24970,PE,OURICURI,5.0,1.0,5.0,1782.0,356.4,34000.0,6800.0,1.0,5.0,19.0,3.0,1.0,2.0,1176.0,392.0,15000.0,5000.0,0.0,2.0,69.0,-2.0,0.0,-3.0,-606.0,35.60000000000002,-19000.0,-1800.0,-1.0,-3.0,50.0,1,1
24996,PE,PALMARES,0.0,0.0,0.0,0.0,,,,0.0,0.0,,1.0,1.0,1.0,400.0,400.0,7000.0,7000.0,0.0,0.0,107.0,1.0,1.0,1.0,400.0,,,,0.0,0.0,,0,1
25011,PE,PALMEIRINA,1.0,1.0,1.0,400.0,400.0,8000.0,8000.0,0.0,0.0,-315.0,2.0,1.0,2.0,685.0,342.5,15000.0,7500.0,0.0,2.0,29.0,1.0,0.0,1.0,285.0,-57.5,7000.0,-500.0,0.0,2.0,344.0,1,1
25038,PE,PANELAS,4.0,1.0,3.0,2688.0,672.0,25830.5,6457.625,4.0,2.0,107.0,6.0,1.0,3.0,2400.0,400.0,35500.0,5916.666666666667,0.0,1.0,240.0,2.0,0.0,0.0,-288.0,-272.0,9669.5,-540.958333333333,-4.0,-1.0,133.0,1,1
25054,PE,PARANATAMA,2.0,1.0,1.0,800.0,400.0,8000.0,4000.0,0.0,1.0,79.0,3.0,1.0,3.0,1100.0,366.6666666666667,13000.0,4333.333333333333,0.0,3.0,29.0,1.0,0.0,2.0,300.0,-33.333333333333314,5000.0,333.33333333333303,0.0,2.0,-50.0,1,1
25070,PE,PARNAMIRIM,4.0,1.0,4.0,1376.0,344.0,27000.0,6750.0,2.0,2.0,57.0,8.0,1.0,6.0,3200.0,400.0,57000.0,7125.0,1.0,3.0,88.0,4.0,0.0,2.0,1824.0,56.0,30000.0,375.0,-1.0,1.0,31.0,1,1
25097,PE,PASSIRA,0.0,0.0,0.0,0.0,,,,0.0,0.0,,1.0,1.0,1.0,400.0,400.0,5000.0,5000.0,0.0,1.0,6.0,1.0,1.0,1.0,400.0,,,,0.0,1.0,,0,1
25119,PE,PAUDALHO,1.0,1.0,1.0,400.0,400.0,6000.0,6000.0,0.0,1.0,12.0,2.0,1.0,2.0,750.0,375.0,12000.0,6000.0,0.0,2.0,5.0,1.0,0.0,1.0,350.0,-25.0,6000.0,0.0,0.0,1.0,-7.0,1,1
25135,PE,PAULISTA,5.0,1.0,3.0,2100.0,420.0,26000.0,5200.0,1.0,0.0,84.0,11.0,1.0,6.0,6620.0,601.8181818181819,134314.0,12210.363636363636,2.0,5.0,71.0,6.0,0.0,3.0,4520.0,181.81818181818187,108314.0,7010.363636363636,1.0,5.0,-13.0,1,1
25151,PE,PEDRA,6.0,1.0,4.0,1955.0,325.8333333333333,58000.0,9666.666666666666,0.0,3.0,52.0,2.0,1.0,1.0,600.0,300.0,12000.0,6000.0,0.0,1.0,47.0,-4.0,0.0,-3.0,-1355.0,-25.833333333333314,-46000.0,-3666.666666666666,0.0,-2.0,-5.0,1,1
25178,PE,PESQUEIRA,2.0,1.0,2.0,650.0,325.0,13000.0,6500.0,1.0,0.0,68.0,4.0,1.0,3.0,1500.0,375.0,30000.0,7500.0,0.0,2.0,117.0,2.0,0.0,1.0,850.0,50.0,17000.0,1000.0,-1.0,2.0,49.0,1,1
25194,PE,PETROLÂNDIA,3.0,1.0,3.0,1092.0,364.0,22900.0,7633.333333333333,1.0,2.0,46.0,2.0,1.0,1.0,800.0,400.0,10000.0,5000.0,0.0,2.0,27.0,-1.0,0.0,-2.0,-292.0,36.0,-12900.0,-2633.333333333333,-1.0,0.0,-19.0,1,1
25216,PE,PETROLINA,6.0,1.0,5.0,2950.0,491.6666666666667,57200.0,9533.333333333334,1.0,3.0,81.0,26.0,1.0,10.0,15100.0,580.7692307692307,285157.0,10967.576923076924,3.0,14.0,203.0,20.0,0.0,5.0,12150.0,89.10256410256403,227957.0,1434.2435897435898,2.0,11.0,122.0,1,1
25232,PE,POÇÃO,2.0,1.0,2.0,700.0,350.0,13000.0,6500.0,2.0,2.0,17.0,1.0,1.0,1.0,400.0,400.0,5000.0,5000.0,0.0,0.0,46.0,-1.0,0.0,-1.0,-300.0,50.0,-8000.0,-1500.0,-2.0,-2.0,29.0,1,1
25259,PE,POMBOS,0.0,0.0,0.0,0.0,,,,0.0,0.0,,2.0,1.0,2.0,900.0,450.0,10000.0,5000.0,0.0,2.0,24.0,2.0,1.0,2.0,900.0,,,,0.0,2.0,,0,1
25275,PE,PRIMAVERA,1.0,1.0,1.0,350.0,350.0,6000.0,6000.0,0.0,1.0,12.0,2.0,1.0,2.0,800.0,400.0,14000.0,7000.0,1.0,1.0,142.0,1.0,0.0,1.0,450.0,50.0,8000.0,1000.0,1.0,0.0,130.0,1,1
25291,PE,QUIPAPÁ,4.0,1.0,4.0,1250.0,312.5,17000.0,4250.0,1.0,3.0,39.0,5.0,1.0,3.0,2000.0,400.0,29000.0,5800.0,0.0,3.0,197.0,1.0,0.0,-1.0,750.0,87.5,12000.0,1550.0,-1.0,0.0,158.0,1,1
25313,PE,RECIFE,47.0,1.0,12.0,48787.0,1038.0212765957447,2281114.14,48534.34340425532,12.0,17.0,141.0,40.0,1.0,12.0,39203.0,980.075,1939242.79,48481.06975,15.0,21.0,220.0,-7.0,0.0,0.0,-9584.0,-57.94627659574462,-341871.3500000001,-53.273654255317524,3.0,4.0,79.0,1,1
25330,PE,RIACHO DAS ALMAS,2.0,1.0,2.0,700.0,350.0,12000.0,6000.0,0.0,2.0,12.0,3.0,1.0,2.0,1200.0,400.0,19000.0,6333.333333333333,0.0,2.0,74.0,1.0,0.0,0.0,500.0,50.0,7000.0,333.33333333333303,0.0,0.0,62.0,1,1
25356,PE,RIBEIRÃO,0.0,0.0,0.0,0.0,,,,0.0,0.0,,5.0,1.0,5.0,1876.0,375.2,27000.0,5400.0,0.0,4.0,77.0,5.0,1.0,5.0,1876.0,,,,0.0,4.0,,0,1
25372,PE,RIO FORMOSO,0.0,0.0,0.0,0.0,,,,0.0,0.0,,4.0,1.0,3.0,1520.0,380.0,24000.0,6000.0,0.0,2.0,196.0,4.0,1.0,3.0,1520.0,,,,0.0,2.0,,0,1
25410,PE,SALGADINHO,0.0,0.0,0.0,0.0,,,,0.0,0.0,,1.0,1.0,1.0,400.0,400.0,5000.0,5000.0,0.0,1.0,11.0,1.0,1.0,1.0,400.0,,,,0.0,1.0,,0,1
25437,PE,SALGUEIRO,9.0,1.0,5.0,3843.0,427.0,71000.0,7888.888888888889,4.0,6.0,42.0,8.0,1.0,5.0,3590.0,448.75,61000.0,7625.0,0.0,3.0,178.0,-1.0,0.0,0.0,-253.0,21.75,-10000.0,-263.8888888888887,-4.0,-3.0,136.0,1,1
25453,PE,SALOÁ,0.0,0.0,0.0,0.0,,,,0.0,0.0,,2.0,1.0,2.0,797.0,398.5,15000.0,7500.0,0.0,1.0,187.0,2.0,1.0,2.0,797.0,,,,0.0,1.0,,0,1
25496,PE,SANTA CRUZ DO CAPIBARIBE,6.0,1.0,5.0,2300.0,383.3333333333333,43725.0,7287.5,2.0,4.0,288.0,15.0,1.0,6.0,6150.0,410.0,97000.0,6466.666666666667,2.0,4.0,250.0,9.0,0.0,1.0,3850.0,26.666666666666686,53275.0,-820.833333333333,0.0,0.0,-38.0,1,1
25518,PE,SANTA MARIA DA BOA VISTA,0.0,0.0,0.0,0.0,,,,0.0,0.0,,8.0,1.0,4.0,3550.0,443.75,52700.0,6587.5,0.0,3.0,202.0,8.0,1.0,4.0,3550.0,,,,0.0,3.0,,0,1
25534,PE,SANTA MARIA DO CAMBUCÁ,0.0,0.0,0.0,0.0,,,,0.0,0.0,,5.0,1.0,3.0,1975.0,395.0,31000.0,6200.0,0.0,2.0,256.0,5.0,1.0,3.0,1975.0,,,,0.0,2.0,,0,1
25550,PE,SANTA TEREZINHA,0.0,0.0,0.0,0.0,,,,0.0,0.0,,2.0,1.0,1.0,800.0,400.0,10000.0,5000.0,0.0,1.0,66.0,2.0,1.0,1.0,800.0,,,,0.0,1.0,,0,1
25593,PE,SÃO BENTO DO UNA,0.0,0.0,0.0,0.0,,,,0.0,0.0,,3.0,1.0,3.0,1300.0,433.3333333333333,27000.0,9000.0,0.0,3.0,16.0,3.0,1.0,3.0,1300.0,,,,0.0,3.0,,0,1
25615,PE,SÃO CAITANO,0.0,0.0,0.0,0.0,,,,0.0,0.0,,1.0,1.0,1.0,400.0,400.0,5000.0,5000.0,0.0,0.0,60.0,1.0,1.0,1.0,400.0,,,,0.0,0.0,,0,1
25631,PE,SÃO JOÃO,1.0,1.0,1.0,600.0,600.0,6000.0,6000.0,1.0,1.0,13.0,0.0,0.0,0.0,0.0,,,,0.0,0.0,,-1.0,-1.0,-1.0,-600.0,,,,-1.0,-1.0,,0,1
25658,PE,SÃO JOAQUIM DO MONTE,1.0,1.0,1.0,400.0,400.0,8000.0,8000.0,0.0,1.0,2.0,1.0,1.0,1.0,400.0,400.0,5000.0,5000.0,0.0,0.0,32.0,0.0,0.0,0.0,0.0,0.0,-3000.0,-3000.0,0.0,-1.0,30.0,1,1
25674,PE,SÃO JOSÉ DA COROA GRANDE,0.0,0.0,0.0,0.0,,,,0.0,0.0,,5.0,1.0,2.0,2000.0,400.0,25000.0,5000.0,0.0,4.0,48.0,5.0,1.0,2.0,2000.0,,,,0.0,4.0,,0,1
25712,PE,SÃO JOSÉ DO EGITO,3.0,1.0,3.0,900.0,300.0,14000.0,4666.666666666667,1.0,2.0,57.0,15.0,1.0,11.0,6317.0,421.1333333333333,84000.0,5600.0,1.0,10.0,242.0,12.0,0.0,8.0,5417.0,121.13333333333333,70000.0,933.333333333333,0.0,8.0,185.0,1,1
25739,PE,SÃO LOURENÇO DA MATA,0.0,0.0,0.0,0.0,,,,0.0,0.0,,4.0,1.0,2.0,1600.0,400.0,26000.0,6500.0,1.0,1.0,218.0,4.0,1.0,2.0,1600.0,,,,1.0,1.0,,0,1
25755,PE,SÃO VICENTE FÉRRER,0.0,0.0,0.0,0.0,,,,0.0,0.0,,2.0,1.0,2.0,800.0,400.0,14000.0,7000.0,1.0,1.0,147.0,2.0,1.0,2.0,800.0,,,,1.0,1.0,,0,1
25771,PE,SERRA TALHADA,5.0,1.0,2.0,1680.0,336.0,32000.0,6400.0,3.0,3.0,67.0,7.0,1.0,5.0,3050.0,435.7142857142857,54000.0,7714.285714285715,0.0,4.0,67.0,2.0,0.0,3.0,1370.0,99.71428571428572,22000.0,1314.2857142857147,-3.0,1.0,0.0,1,1
25798,PE,SERRITA,0.0,0.0,0.0,0.0,,,,0.0,0.0,,2.0,1.0,2.0,900.0,450.0,10000.0,5000.0,0.0,2.0,18.0,2.0,1.0,2.0,900.0,,,,0.0,2.0,,0,1
25810,PE,SERTÂNIA,2.0,1.0,1.0,540.0,270.0,12000.0,6000.0,1.0,1.0,31.0,6.0,1.0,5.0,2350.0,391.6666666666667,37000.0,6166.666666666667,0.0,4.0,197.0,4.0,0.0,4.0,1810.0,121.66666666666669,25000.0,166.66666666666697,-1.0,3.0,166.0,1,1
25836,PE,SIRINHAÉM,0.0,0.0,0.0,0.0,,,,0.0,0.0,,3.0,1.0,3.0,1276.0,425.3333333333333,19000.0,6333.333333333333,0.0,2.0,89.0,3.0,1.0,3.0,1276.0,,,,0.0,2.0,,0,1
25852,PE,MOREILÂNDIA,1.0,1.0,1.0,300.0,300.0,6200.0,6200.0,0.0,1.0,10.0,1.0,1.0,1.0,400.0,400.0,5000.0,5000.0,0.0,0.0,49.0,0.0,0.0,0.0,100.0,100.0,-1200.0,-1200.0,0.0,-1.0,39.0,1,1
25895,PE,SURUBIM,2.0,1.0,2.0,900.0,450.0,14000.0,7000.0,1.0,2.0,5.0,8.0,1.0,6.0,3550.0,443.75,50000.0,6250.0,1.0,3.0,229.0,6.0,0.0,4.0,2650.0,-6.25,36000.0,-750.0,0.0,1.0,224.0,1,1
25917,PE,TABIRA,0.0,0.0,0.0,0.0,,,,0.0,0.0,,8.0,1.0,3.0,4175.0,521.875,31000.0,3875.0,1.0,3.0,80.0,8.0,1.0,3.0,4175.0,,,,1.0,3.0,,0,1
25933,PE,TACAIMBÓ,0.0,0.0,0.0,0.0,,,,0.0,0.0,,2.0,1.0,2.0,750.0,375.0,12000.0,6000.0,0.0,1.0,32.0,2.0,1.0,2.0,750.0,,,,0.0,1.0,,0,1
25950,PE,TACARATU,1.0,1.0,1.0,400.0,400.0,6000.0,6000.0,1.0,1.0,2.0,3.0,1.0,3.0,1100.0,366.6666666666667,22000.0,7333.333333333333,0.0,1.0,47.0,2.0,0.0,2.0,700.0,-33.333333333333314,16000.0,1333.333333333333,-1.0,0.0,45.0,1,1
25976,PE,ITAMBÉ,0.0,0.0,0.0,0.0,,,,0.0,0.0,,5.0,1.0,5.0,1950.0,390.0,30000.0,6000.0,0.0,2.0,108.0,5.0,1.0,5.0,1950.0,,,,0.0,2.0,,0,1
25992,PE,TAQUARITINGA DO NORTE,2.0,1.0,2.0,550.0,275.0,12000.0,6000.0,2.0,2.0,6.0,3.0,1.0,2.0,1375.0,458.3333333333333,25000.0,8333.333333333334,0.0,2.0,38.0,1.0,0.0,0.0,825.0,183.33333333333331,13000.0,2333.333333333334,-2.0,0.0,32.0,1,1
26018,PE,TEREZINHA,0.0,0.0,0.0,0.0,,,,0.0,0.0,,2.0,1.0,2.0,600.0,300.0,11000.0,5500.0,0.0,2.0,26.0,2.0,1.0,2.0,600.0,,,,0.0,2.0,,0,1
26050,PE,TIMBAÚBA,1.0,1.0,1.0,400.0,400.0,23400.0,23400.0,0.0,0.0,37.0,1.0,1.0,1.0,400.0,400.0,6000.0,6000.0,0.0,0.0,94.0,0.0,0.0,0.0,0.0,0.0,-17400.0,-17400.0,0.0,0.0,57.0,1,1
26077,PE,TORITAMA,2.0,1.0,2.0,750.0,375.0,28000.0,14000.0,0.0,2.0,17.0,3.0,1.0,3.0,1312.0,437.3333333333333,20000.0,6666.666666666667,1.0,1.0,144.0,1.0,0.0,1.0,562.0,62.333333333333314,-8000.0,-7333.333333333333,1.0,-1.0,127.0,1,1
26093,PE,TRACUNHAÉM,0.0,0.0,0.0,0.0,,,,0.0,0.0,,4.0,1.0,2.0,1500.0,375.0,22000.0,5500.0,0.0,2.0,85.0,4.0,1.0,2.0,1500.0,,,,0.0,2.0,,0,1
26115,PE,TRINDADE,1.0,1.0,1.0,350.0,350.0,6000.0,6000.0,0.0,1.0,17.0,3.0,1.0,2.0,1150.0,383.3333333333333,21000.0,7000.0,0.0,0.0,201.0,2.0,0.0,1.0,800.0,33.333333333333314,15000.0,1000.0,0.0,-1.0,184.0,1,1
26131,PE,TRIUNFO,0.0,0.0,0.0,0.0,,,,0.0,0.0,,4.0,1.0,3.0,1599.0,399.75,30000.0,7500.0,0.0,2.0,194.0,4.0,1.0,3.0,1599.0,,,,0.0,2.0,,0,1
26158,PE,TUPANATINGA,3.0,1.0,2.0,880.0,293.3333333333333,19000.0,6333.333333333333,3.0,3.0,6.0,2.0,1.0,1.0,800.0,400.0,13000.0,6500.0,1.0,0.0,99.0,-1.0,0.0,-1.0,-80.0,106.66666666666669,-6000.0,166.66666666666697,-2.0,-3.0,93.0,1,1
26174,PE,TUPARETAMA,1.0,1.0,1.0,220.0,220.0,6000.0,6000.0,1.0,0.0,41.0,4.0,1.0,4.0,1420.0,355.0,23000.0,5750.0,0.0,0.0,196.0,3.0,0.0,3.0,1200.0,135.0,17000.0,-250.0,-1.0,0.0,155.0,1,1
26190,PE,VENTUROSA,5.0,1.0,3.0,1960.0,392.0,25500.0,5100.0,2.0,5.0,30.0,19.0,1.0,6.0,6623.0,348.57894736842104,115000.0,6052.631578947368,0.0,8.0,205.0,14.0,0.0,3.0,4663.0,-43.42105263157896,89500.0,952.6315789473683,-2.0,3.0,175.0,1,1
26212,PE,VERDEJANTE,0.0,0.0,0.0,0.0,,,,0.0,0.0,,1.0,1.0,1.0,500.0,500.0,9000.0,9000.0,0.0,0.0,56.0,1.0,1.0,1.0,500.0,,,,0.0,0.0,,0,1
26239,PE,VERTENTES,0.0,0.0,0.0,0.0,,,,0.0,0.0,,1.0,1.0,1.0,400.0,400.0,5000.0,5000.0,0.0,0.0,54.0,1.0,1.0,1.0,400.0,,,,0.0,0.0,,0,1
26255,PE,VICÊNCIA,0.0,0.0,0.0,0.0,,,,0.0,0.0,,6.0,1.0,5.0,2300.0,383.3333333333333,44000.0,7333.333333333333,0.0,1.0,208.0,6.0,1.0,5.0,2300.0,,,,0.0,1.0,,0,1
26271,PE,VITÓRIA DE SANTO ANTÃO,0.0,0.0,0.0,0.0,,,,0.0,0.0,,9.0,1.0,7.0,3600.0,400.0,60000.0,6666.666666666667,0.0,5.0,241.0,9.0,1.0,7.0,3600.0,,,,0.0,5.0,,0,1
26298,PE,CAMARAGIBE,2.0,1.0,2.0,784.0,392.0,12000.0,6000.0,1.0,2.0,29.0,13.0,1.0,8.0,6530.0,502.3076923076923,109000.0,8384.615384615385,1.0,5.0,212.0,11.0,0.0,6.0,5746.0,110.30769230769232,97000.0,2384.6153846153848,0.0,3.0,183.0,1,1
26310,PE,ABREU E LIMA,1.0,1.0,1.0,300.0,300.0,2000.0,2000.0,0.0,1.0,6.0,4.0,1.0,4.0,1800.0,450.0,39000.0,9750.0,0.0,1.0,194.0,3.0,0.0,3.0,1500.0,150.0,37000.0,7750.0,0.0,0.0,188.0,1,1
26336,PE,ITAPISSUMA,0.0,0.0,0.0,0.0,,,,0.0,0.0,,9.0,1.0,4.0,3900.0,433.3333333333333,54000.0,6000.0,2.0,2.0,221.0,9.0,1.0,4.0,3900.0,,,,2.0,2.0,,0,1
27006,AL,PARIPUEIRA,1.0,1.0,1.0,700.0,700.0,4000.0,4000.0,1.0,0.0,56.0,0.0,0.0,0.0,0.0,,,,0.0,0.0,,-1.0,-1.0,-1.0,-700.0,,,,-1.0,0.0,,0,1
27014,AL,ÁGUA BRANCA,0.0,0.0,0.0,0.0,,,,0.0,0.0,,1.0,1.0,1.0,600.0,600.0,6000.0,6000.0,0.0,0.0,37.0,1.0,1.0,1.0,600.0,,,,0.0,0.0,,0,1
27022,AL,PARICONHA,1.0,1.0,1.0,725.0,725.0,8000.0,8000.0,0.0,1.0,12.0,2.0,1.0,1.0,1200.0,600.0,13000.0,6500.0,0.0,1.0,151.0,1.0,0.0,0.0,475.0,-125.0,5000.0,-1500.0,0.0,0.0,139.0,1,1
27030,AL,ANADIA,0.0,0.0,0.0,0.0,,,,0.0,0.0,,1.0,1.0,1.0,800.0,800.0,7000.0,7000.0,0.0,1.0,6.0,1.0,1.0,1.0,800.0,,,,0.0,1.0,,0,1
27049,AL,ESTRELA DE ALAGOAS,2.0,1.0,1.0,1800.0,900.0,8500.0,4250.0,2.0,0.0,193.0,0.0,0.0,0.0,0.0,,,,0.0,0.0,,-2.0,-1.0,-1.0,-1800.0,,,,-2.0,0.0,,0,1
27057,AL,ARAPIRACA,5.0,1.0,3.0,4139.0,827.8,33000.0,6600.0,4.0,3.0,241.0,0.0,0.0,0.0,0.0,,,,0.0,0.0,,-5.0,-1.0,-3.0,-4139.0,,,,-4.0,-3.0,,0,1
27065,AL,JEQUIÁ DA PRAIA,3.0,1.0,3.0,1585.0,528.3333333333334,22500.0,7500.0,3.0,3.0,25.0,2.0,1.0,2.0,1520.0,760.0,14000.0,7000.0,1.0,1.0,211.0,-1.0,0.0,-1.0,-65.0,231.66666666666663,-8500.0,-500.0,-2.0,-2.0,186.0,1,1
27073,AL,ATALAIA,4.0,1.0,3.0,3020.0,755.0,24500.0,6125.0,4.0,2.0,156.0,2.0,1.0,2.0,1600.0,800.0,23000.0,11500.0,0.0,1.0,178.0,-2.0,0.0,-1.0,-1420.0,45.0,-1500.0,5375.0,-4.0,-1.0,22.0,1,1
27081,AL,CAMPESTRE,1.0,1.0,1.0,744.0,744.0,6000.0,6000.0,1.0,1.0,30.0,1.0,1.0,1.0,600.0,600.0,8000.0,8000.0,0.0,0.0,45.0,0.0,0.0,0.0,-144.0,-144.0,2000.0,2000.0,-1.0,-1.0,15.0,1,1
27090,AL,BARRA DE SANTO ANTÔNIO,1.0,1.0,1.0,700.0,700.0,4000.0,4000.0,1.0,0.0,49.0,2.0,1.0,1.0,1200.0,600.0,12000.0,6000.0,2.0,0.0,69.0,1.0,0.0,0.0,500.0,-100.0,8000.0,2000.0,1.0,0.0,20.0,1,1
27111,AL,BARRA DE SÃO MIGUEL,3.0,1.0,2.0,1900.0,633.3333333333334,23000.0,7666.666666666667,2.0,2.0,156.0,1.0,1.0,1.0,600.0,600.0,6000.0,6000.0,0.0,1.0,18.0,-2.0,0.0,-1.0,-1300.0,-33.33333333333337,-17000.0,-1666.666666666667,-2.0,-1.0,-138.0,1,1
27138,AL,BATALHA,3.0,1.0,1.0,2250.0,750.0,15000.0,5000.0,2.0,1.0,108.0,0.0,0.0,0.0,0.0,,,,0.0,0.0,,-3.0,-1.0,-1.0,-2250.0,,,,-2.0,-1.0,,0,1
27154,AL,BELÉM,0.0,0.0,0.0,0.0,,,,0.0,0.0,,1.0,1.0,1.0,500.0,500.0,4000.0,4000.0,0.0,1.0,10.0,1.0,1.0,1.0,500.0,,,,0.0,1.0,,0,1
27170,AL,BELO MONTE,6.0,1.0,2.0,3602.0,600.3333333333334,24000.0,4000.0,3.0,1.0,206.0,2.0,1.0,2.0,1200.0,600.0,15000.0,7500.0,0.0,1.0,42.0,-4.0,0.0,0.0,-2402.0,-0.33333333333337123,-9000.0,3500.0,-3.0,0.0,-164.0,1,1
27197,AL,BOCA DA MATA,1.0,1.0,1.0,800.0,800.0,5000.0,5000.0,0.0,1.0,16.0,4.0,1.0,2.0,3100.0,775.0,30000.0,7500.0,2.0,2.0,94.0,3.0,0.0,1.0,2300.0,-25.0,25000.0,2500.0,2.0,1.0,78.0,1,1
27251,AL,CAJUEIRO,0.0,0.0,0.0,0.0,,,,0.0,0.0,,1.0,1.0,1.0,600.0,600.0,12000.0,12000.0,0.0,0.0,211.0,1.0,1.0,1.0,600.0,,,,0.0,0.0,,0,1
27278,AL,CAMPO ALEGRE,1.0,1.0,1.0,800.0,800.0,5000.0,5000.0,0.0,1.0,18.0,2.0,1.0,2.0,1400.0,700.0,22000.0,11000.0,0.0,0.0,259.0,1.0,0.0,1.0,600.0,-100.0,17000.0,6000.0,0.0,-1.0,241.0,1,1
27316,AL,CANAPI,5.0,1.0,2.0,4600.0,920.0,28500.0,5700.0,3.0,2.0,133.0,2.0,1.0,1.0,1400.0,700.0,14000.0,7000.0,0.0,1.0,33.0,-3.0,0.0,-1.0,-3200.0,-220.0,-14500.0,1300.0,-3.0,-1.0,-100.0,1,1
27332,AL,CAPELA,3.0,1.0,1.0,2250.0,750.0,15000.0,5000.0,2.0,1.0,55.0,2.0,1.0,1.0,1400.0,700.0,16000.0,8000.0,0.0,1.0,53.0,-1.0,0.0,0.0,-850.0,-50.0,1000.0,3000.0,-2.0,0.0,-2.0,1,1
27359,AL,CARNEIROS,2.0,1.0,1.0,1200.0,600.0,8000.0,4000.0,2.0,0.0,192.0,2.0,1.0,2.0,1100.0,550.0,11000.0,5500.0,0.0,1.0,34.0,0.0,0.0,1.0,-100.0,-50.0,3000.0,1500.0,-2.0,1.0,-158.0,1,1
27375,AL,CHÃ PRETA,0.0,0.0,0.0,0.0,,,,0.0,0.0,,2.0,1.0,2.0,1150.0,575.0,9500.0,4750.0,1.0,1.0,195.0,2.0,1.0,2.0,1150.0,,,,1.0,1.0,,0,1
27391,AL,COITÉ DO NÓIA,4.0,1.0,4.0,3082.0,770.5,18000.0,4500.0,4.0,2.0,269.0,1.0,1.0,1.0,870.0,870.0,7000.0,7000.0,1.0,1.0,24.0,-3.0,0.0,-3.0,-2212.0,99.5,-11000.0,2500.0,-3.0,-1.0,-245.0,1,1
27413,AL,COLÔNIA LEOPOLDINA,1.0,1.0,1.0,800.0,800.0,5000.0,5000.0,0.0,0.0,40.0,0.0,0.0,0.0,0.0,,,,0.0,0.0,,-1.0,-1.0,-1.0,-800.0,,,,0.0,0.0,,0,1
27430,AL,COQUEIRO SECO,2.0,1.0,1.0,800.0,400.0,9000.0,4500.0,1.0,1.0,45.0,2.0,1.0,1.0,1000.0,500.0,12000.0,6000.0,0.0,1.0,38.0,0.0,0.0,0.0,200.0,100.0,3000.0,1500.0,-1.0,0.0,-7.0,1,1
27456,AL,CORURIPE,1.0,1.0,1.0,600.0,600.0,10000.0,10000.0,1.0,1.0,4.0,0.0,0.0,0.0,0.0,,,,0.0,0.0,,-1.0,-1.0,-1.0,-600.0,,,,-1.0,-1.0,,0,1
27472,AL,DELMIRO GOUVEIA,5.0,1.0,2.0,3200.0,640.0,24000.0,4800.0,2.0,4.0,77.0,2.0,1.0,1.0,1400.0,700.0,20000.0,10000.0,0.0,1.0,128.0,-3.0,0.0,-1.0,-1800.0,60.0,-4000.0,5200.0,-2.0,-3.0,51.0,1,1
27499,AL,DOIS RIACHOS,3.0,1.0,2.0,1900.0,633.3333333333334,12000.0,4000.0,2.0,1.0,107.0,3.0,1.0,2.0,1900.0,633.3333333333334,20000.0,6666.666666666667,0.0,1.0,167.0,0.0,0.0,0.0,0.0,0.0,8000.0,2666.666666666667,-2.0,0.0,60.0,1,1
27510,AL,FEIRA GRANDE,2.0,1.0,2.0,1000.0,500.0,12500.0,6250.0,2.0,1.0,104.0,2.0,1.0,1.0,1200.0,600.0,20000.0,10000.0,0.0,0.0,244.0,0.0,0.0,-1.0,200.0,100.0,7500.0,3750.0,-2.0,-1.0,140.0,1,1
27537,AL,FELIZ DESERTO,0.0,0.0,0.0,0.0,,,,0.0,0.0,,1.0,1.0,1.0,400.0,400.0,8000.0,8000.0,0.0,1.0,12.0,1.0,1.0,1.0,400.0,,,,0.0,1.0,,0,1
27553,AL,FLEXEIRAS,2.0,1.0,1.0,1600.0,800.0,8000.0,4000.0,0.0,2.0,20.0,1.0,1.0,1.0,600.0,600.0,10000.0,10000.0,0.0,1.0,28.0,-1.0,0.0,0.0,-1000.0,-200.0,2000.0,6000.0,0.0,-1.0,8.0,1,1
27596,AL,IBATEGUARA,0.0,0.0,0.0,0.0,,,,0.0,0.0,,4.0,1.0,2.0,1600.0,400.0,36000.0,9000.0,0.0,2.0,205.0,4.0,1.0,2.0,1600.0,,,,0.0,2.0,,0,1
27634,AL,IGREJA NOVA,1.0,1.0,1.0,800.0,800.0,7000.0,7000.0,0.0,1.0,12.0,3.0,1.0,3.0,2208.0,736.0,17500.0,5833.333333333333,1.0,2.0,191.0,2.0,0.0,2.0,1408.0,-64.0,10500.0,-1166.666666666667,1.0,1.0,179.0,1,1
27650,AL,INHAPI,3.0,1.0,3.0,1774.0,591.3333333333334,14500.0,4833.333333333333,2.0,1.0,121.0,1.0,1.0,1.0,600.0,600.0,6000.0,6000.0,0.0,0.0,123.0,-2.0,0.0,-2.0,-1174.0,8.666666666666629,-8500.0,1166.666666666667,-2.0,-1.0,2.0,1,1
27677,AL,JACARÉ DOS HOMENS,0.0,0.0,0.0,0.0,,,,0.0,0.0,,2.0,1.0,1.0,1000.0,500.0,20000.0,10000.0,0.0,1.0,112.0,2.0,1.0,1.0,1000.0,,,,0.0,1.0,,0,1
27693,AL,JACUÍPE,2.0,1.0,1.0,1200.0,600.0,7000.0,3500.0,1.0,1.0,98.0,0.0,0.0,0.0,0.0,,,,0.0,0.0,,-2.0,-1.0,-1.0,-1200.0,,,,-1.0,-1.0,,0,1
27715,AL,JAPARATINGA,3.0,1.0,1.0,2100.0,700.0,12000.0,4000.0,3.0,1.0,75.0,2.0,1.0,1.0,1910.0,955.0,13000.0,6500.0,2.0,1.0,63.0,-1.0,0.0,0.0,-190.0,255.0,1000.0,2500.0,-1.0,0.0,-12.0,1,1
27758,AL,JOAQUIM GOMES,1.0,1.0,1.0,600.0,600.0,4000.0,4000.0,0.0,1.0,17.0,1.0,1.0,1.0,800.0,800.0,8000.0,8000.0,0.0,1.0,6.0,0.0,0.0,0.0,200.0,200.0,4000.0,4000.0,0.0,0.0,-11.0,1,1
27774,AL,JUNDIÁ,5.0,1.0,2.0,2900.0,580.0,27300.0,5460.0,2.0,2.0,138.0,0.0,0.0,0.0,0.0,,,,0.0,0.0,,-5.0,-1.0,-2.0,-2900.0,,,,-2.0,-2.0,,0,1
27790,AL,JUNQUEIRO,1.0,1.0,1.0,300.0,300.0,15000.0,15000.0,0.0,1.0,4.0,3.0,1.0,3.0,2313.0,771.0,32000.0,10666.666666666666,1.0,0.0,113.0,2.0,0.0,2.0,2013.0,471.0,17000.0,-4333.333333333334,1.0,-1.0,109.0,1,1
27812,AL,LAGOA DA CANOA,1.0,1.0,1.0,600.0,600.0,5000.0,5000.0,1.0,1.0,9.0,2.0,1.0,2.0,1500.0,750.0,12000.0,6000.0,1.0,1.0,82.0,1.0,0.0,1.0,900.0,150.0,7000.0,1000.0,0.0,0.0,73.0,1,1
27839,AL,LIMOEIRO DE ANADIA,2.0,1.0,1.0,1500.0,750.0,11000.0,5500.0,1.0,1.0,57.0,2.0,1.0,1.0,1500.0,750.0,13000.0,6500.0,1.0,1.0,133.0,0.0,0.0,0.0,0.0,0.0,2000.0,1000.0,0.0,0.0,76.0,1,1
27855,AL,MACEIÓ,20.0,1.0,9.0,20558.0,1027.9,344060.0,17203.0,11.0,7.0,113.0,19.0,1.0,9.0,19688.0,1036.2105263157894,522588.4,27504.65263157895,9.0,10.0,161.0,-1.0,0.0,0.0,-870.0,8.310526315789275,178528.40000000002,10301.652631578949,-2.0,3.0,48.0,1,1
27871,AL,MAJOR ISIDORO,11.0,1.0,2.0,8791.0,799.1818181818181,48000.0,4363.636363636364,8.0,1.0,205.0,1.0,1.0,1.0,1000.0,1000.0,8000.0,8000.0,0.0,0.0,33.0,-10.0,0.0,-1.0,-7791.0,200.81818181818187,-40000.0,3636.363636363636,-8.0,-1.0,-172.0,1,1
27898,AL,MARAGOGI,2.0,1.0,1.0,1460.0,730.0,8000.0,4000.0,2.0,0.0,114.0,7.0,1.0,4.0,4050.0,578.5714285714286,55000.0,7857.142857142857,1.0,4.0,111.0,5.0,0.0,3.0,2590.0,-151.42857142857144,47000.0,3857.142857142857,-1.0,4.0,-3.0,1,1
27936,AL,MARECHAL DEODORO,6.0,1.0,4.0,4463.0,743.8333333333334,41500.0,6916.666666666667,5.0,5.0,32.0,7.0,1.0,5.0,6451.0,921.5714285714286,61000.0,8714.285714285714,1.0,5.0,48.0,1.0,0.0,1.0,1988.0,177.73809523809518,19500.0,1797.6190476190468,-4.0,0.0,16.0,1,1
27952,AL,MARIBONDO,0.0,0.0,0.0,0.0,,,,0.0,0.0,,4.0,1.0,3.0,2800.0,700.0,28000.0,7000.0,0.0,4.0,24.0,4.0,1.0,3.0,2800.0,,,,0.0,4.0,,0,1
27995,AL,MATA GRANDE,5.0,1.0,1.0,3500.0,700.0,21000.0,4200.0,4.0,1.0,162.0,4.0,1.0,2.0,3000.0,750.0,30000.0,7500.0,0.0,2.0,186.0,-1.0,0.0,1.0,-500.0,50.0,9000.0,3300.0,-4.0,1.0,24.0,1,1
28010,AL,MATRIZ DE CAMARAGIBE,8.0,1.0,4.0,5754.0,719.25,39500.0,4937.5,8.0,1.0,197.0,2.0,1.0,2.0,1350.0,675.0,14000.0,7000.0,0.0,0.0,195.0,-6.0,0.0,-2.0,-4404.0,-44.25,-25500.0,2062.5,-8.0,-1.0,-2.0,1,1
28037,AL,MESSIAS,0.0,0.0,0.0,0.0,,,,0.0,0.0,,3.0,1.0,2.0,1650.0,550.0,22000.0,7333.333333333333,0.0,1.0,176.0,3.0,1.0,2.0,1650.0,,,,0.0,1.0,,0,1
28053,AL,MINADOR DO NEGRÃO,0.0,0.0,0.0,0.0,,,,0.0,0.0,,1.0,1.0,1.0,600.0,600.0,4000.0,4000.0,0.0,0.0,128.0,1.0,1.0,1.0,600.0,,,,0.0,0.0,,0,1
28096,AL,MURICI,0.0,0.0,0.0,0.0,,,,0.0,0.0,,3.0,1.0,3.0,1900.0,633.3333333333334,25000.0,8333.333333333334,0.0,1.0,54.0,3.0,1.0,3.0,1900.0,,,,0.0,1.0,,0,1
28118,AL,NOVO LINO,5.0,1.0,3.0,3600.0,720.0,25000.0,5000.0,4.0,3.0,111.0,1.0,1.0,1.0,700.0,700.0,12000.0,12000.0,0.0,0.0,135.0,-4.0,0.0,-2.0,-2900.0,-20.0,-13000.0,7000.0,-4.0,-3.0,24.0,1,1
28134,AL,OLHO D'ÁGUA DAS FLORES,2.0,1.0,2.0,1555.0,777.5,12500.0,6250.0,2.0,2.0,8.0,0.0,0.0,0.0,0.0,,,,0.0,0.0,,-2.0,-1.0,-2.0,-1555.0,,,,-2.0,-2.0,,0,1
28150,AL,OLHO D'ÁGUA DO CASADO,2.0,1.0,2.0,920.0,460.0,10340.0,5170.0,0.0,2.0,10.0,1.0,1.0,1.0,941.0,941.0,8000.0,8000.0,1.0,1.0,24.0,-1.0,0.0,-1.0,21.0,481.0,-2340.0,2830.0,1.0,-1.0,14.0,1,1
28193,AL,OLIVENÇA,1.0,1.0,1.0,600.0,600.0,4000.0,4000.0,1.0,1.0,24.0,1.0,1.0,1.0,600.0,600.0,6000.0,6000.0,0.0,1.0,5.0,0.0,0.0,0.0,0.0,0.0,2000.0,2000.0,-1.0,0.0,-19.0,1,1
28215,AL,OURO BRANCO,3.0,1.0,1.0,1800.0,600.0,12000.0,4000.0,0.0,1.0,74.0,2.0,1.0,1.0,900.0,450.0,10000.0,5000.0,1.0,2.0,18.0,-1.0,0.0,0.0,-900.0,-150.0,-2000.0,1000.0,1.0,1.0,-56.0,1,1
28231,AL,PALESTINA,2.0,1.0,1.0,1220.0,610.0,11300.0,5650.0,2.0,1.0,45.0,1.0,1.0,1.0,600.0,600.0,6000.0,6000.0,0.0,0.0,31.0,-1.0,0.0,0.0,-620.0,-10.0,-5300.0,350.0,-2.0,-1.0,-14.0,1,1
28258,AL,PALMEIRA DOS ÍNDIOS,2.0,1.0,2.0,1500.0,750.0,15000.0,7500.0,2.0,2.0,9.0,4.0,1.0,3.0,3120.0,780.0,30000.0,7500.0,0.0,1.0,187.0,2.0,0.0,1.0,1620.0,30.0,15000.0,0.0,-2.0,-1.0,178.0,1,1
28274,AL,PÃO DE AÇÚCAR,4.0,1.0,3.0,3051.0,762.75,26000.0,6500.0,3.0,3.0,74.0,2.0,1.0,1.0,1200.0,600.0,14000.0,7000.0,0.0,1.0,52.0,-2.0,0.0,-2.0,-1851.0,-162.75,-12000.0,500.0,-3.0,-2.0,-22.0,1,1
28290,AL,PASSO DE CAMARAGIBE,0.0,0.0,0.0,0.0,,,,0.0,0.0,,2.0,1.0,1.0,1200.0,600.0,12000.0,6000.0,0.0,1.0,149.0,2.0,1.0,1.0,1200.0,,,,0.0,1.0,,0,1
28312,AL,PAULO JACINTO,0.0,0.0,0.0,0.0,,,,0.0,0.0,,2.0,1.0,1.0,1200.0,600.0,16000.0,8000.0,0.0,1.0,48.0,2.0,1.0,1.0,1200.0,,,,0.0,1.0,,0,1
28339,AL,PENEDO,0.0,0.0,0.0,0.0,,,,0.0,0.0,,3.0,1.0,2.0,1628.0,542.6666666666666,23500.0,7833.333333333333,1.0,1.0,271.0,3.0,1.0,2.0,1628.0,,,,1.0,1.0,,0,1
28355,AL,PIAÇABUÇU,5.0,1.0,4.0,3114.0,622.8,19000.0,3800.0,4.0,0.0,134.0,3.0,1.0,2.0,2528.0,842.6666666666666,27000.0,9000.0,1.0,2.0,68.0,-2.0,0.0,-2.0,-586.0,219.86666666666667,8000.0,5200.0,-3.0,2.0,-66.0,1,1
28371,AL,PILAR,1.0,1.0,1.0,2000.0,2000.0,10000.0,10000.0,0.0,1.0,23.0,4.0,1.0,3.0,3200.0,800.0,36000.0,9000.0,1.0,3.0,100.0,3.0,0.0,2.0,1200.0,-1200.0,26000.0,-1000.0,1.0,2.0,77.0,1,1
28410,AL,PIRANHAS,1.0,1.0,1.0,800.0,800.0,8500.0,8500.0,1.0,1.0,10.0,1.0,1.0,1.0,800.0,800.0,8000.0,8000.0,0.0,1.0,24.0,0.0,0.0,0.0,0.0,0.0,-500.0,-500.0,-1.0,0.0,14.0,1,1
28436,AL,POÇO DAS TRINCHEIRAS,0.0,0.0,0.0,0.0,,,,0.0,0.0,,2.0,1.0,1.0,1400.0,700.0,12000.0,6000.0,1.0,0.0,39.0,2.0,1.0,1.0,1400.0,,,,1.0,0.0,,0,1
28452,AL,PORTO CALVO,9.0,1.0,4.0,6448.0,716.4444444444445,46000.0,5111.111111111111,7.0,4.0,120.0,1.0,1.0,1.0,800.0,800.0,8000.0,8000.0,0.0,0.0,38.0,-8.0,0.0,-3.0,-5648.0,83.55555555555554,-38000.0,2888.8888888888887,-7.0,-4.0,-82.0,1,1
28479,AL,PORTO DE PEDRAS,3.0,1.0,2.0,1985.0,661.6666666666666,17000.0,5666.666666666667,2.0,1.0,185.0,5.0,1.0,4.0,2601.0,520.2,39000.0,7800.0,0.0,2.0,120.0,2.0,0.0,2.0,616.0,-141.46666666666658,22000.0,2133.333333333333,-2.0,1.0,-65.0,1,1
28495,AL,PORTO REAL DO COLÉGIO,1.0,1.0,1.0,750.0,750.0,4000.0,4000.0,1.0,0.0,33.0,1.0,1.0,1.0,700.0,700.0,8000.0,8000.0,0.0,1.0,19.0,0.0,0.0,0.0,-50.0,-50.0,4000.0,4000.0,-1.0,1.0,-14.0,1,1
28517,AL,QUEBRANGULO,0.0,0.0,0.0,0.0,,,,0.0,0.0,,4.0,1.0,3.0,2300.0,575.0,28000.0,7000.0,0.0,2.0,167.0,4.0,1.0,3.0,2300.0,,,,0.0,2.0,,0,1
28533,AL,RIO LARGO,3.0,1.0,2.0,2423.0,807.6666666666666,22000.0,7333.333333333333,3.0,1.0,146.0,5.0,1.0,4.0,4753.0,950.6,37000.0,7400.0,0.0,1.0,101.0,2.0,0.0,2.0,2330.0,142.9333333333334,15000.0,66.66666666666697,-3.0,0.0,-45.0,1,1
28550,AL,ROTEIRO,5.0,1.0,2.0,3380.0,676.0,25000.0,5000.0,4.0,1.0,141.0,3.0,1.0,3.0,2222.0,740.6666666666666,19000.0,6333.333333333333,2.0,0.0,243.0,-2.0,0.0,1.0,-1158.0,64.66666666666663,-6000.0,1333.333333333333,-2.0,-1.0,102.0,1,1
28576,AL,SANTA LUZIA DO NORTE,1.0,1.0,1.0,550.0,550.0,4000.0,4000.0,1.0,0.0,47.0,2.0,1.0,2.0,801.0,400.5,22000.0,11000.0,0.0,0.0,123.0,1.0,0.0,1.0,251.0,-149.5,18000.0,7000.0,-1.0,0.0,76.0,1,1
28592,AL,SANTANA DO IPANEMA,1.0,1.0,1.0,800.0,800.0,4000.0,4000.0,1.0,0.0,71.0,0.0,0.0,0.0,0.0,,,,0.0,0.0,,-1.0,-1.0,-1.0,-800.0,,,,-1.0,0.0,,0,1
28630,AL,SÃO BRÁS,1.0,1.0,1.0,600.0,600.0,3000.0,3000.0,1.0,1.0,12.0,1.0,1.0,1.0,600.0,600.0,6000.0,6000.0,0.0,1.0,23.0,0.0,0.0,0.0,0.0,0.0,3000.0,3000.0,-1.0,0.0,11.0,1,1
28657,AL,SÃO JOSÉ DA LAJE,1.0,1.0,1.0,800.0,800.0,7500.0,7500.0,0.0,1.0,18.0,3.0,1.0,1.0,2100.0,700.0,28000.0,9333.333333333334,0.0,1.0,88.0,2.0,0.0,0.0,1300.0,-100.0,20500.0,1833.333333333334,0.0,0.0,70.0,1,1
28690,AL,SÃO LUÍS DO QUITUNDE,5.0,1.0,2.0,3554.0,710.8,24000.0,4800.0,5.0,0.0,201.0,5.0,1.0,5.0,3864.0,772.8,36000.0,7200.0,0.0,1.0,195.0,0.0,0.0,3.0,310.0,62.0,12000.0,2400.0,-5.0,1.0,-6.0,1,1
28711,AL,SÃO MIGUEL DOS CAMPOS,2.0,1.0,2.0,1100.0,550.0,26500.0,13250.0,1.0,2.0,3.0,2.0,1.0,1.0,1400.0,700.0,20000.0,10000.0,0.0,1.0,60.0,0.0,0.0,-1.0,300.0,150.0,-6500.0,-3250.0,-1.0,-1.0,57.0,1,1
28738,AL,SÃO MIGUEL DOS MILAGRES,0.0,0.0,0.0,0.0,,,,0.0,0.0,,1.0,1.0,1.0,400.0,400.0,4000.0,4000.0,0.0,1.0,4.0,1.0,1.0,1.0,400.0,,,,0.0,1.0,,0,1
28754,AL,SÃO SEBASTIÃO,1.0,1.0,1.0,800.0,800.0,8500.0,8500.0,1.0,1.0,5.0,1.0,1.0,1.0,800.0,800.0,8000.0,8000.0,0.0,1.0,10.0,0.0,0.0,0.0,0.0,0.0,-500.0,-500.0,-1.0,0.0,5.0,1,1
28770,AL,SATUBA,0.0,0.0,0.0,0.0,,,,0.0,0.0,,1.0,1.0,1.0,800.0,800.0,7000.0,7000.0,0.0,0.0,188.0,1.0,1.0,1.0,800.0,,,,0.0,0.0,,0,1
28797,AL,TANQUE D'ARCA,1.0,1.0,1.0,500.0,500.0,5000.0,5000.0,1.0,1.0,8.0,5.0,1.0,2.0,2400.0,480.0,26000.0,5200.0,3.0,3.0,72.0,4.0,0.0,1.0,1900.0,-20.0,21000.0,200.0,2.0,2.0,64.0,1,1
28819,AL,TAQUARANA,5.0,1.0,3.0,3229.0,645.8,29500.0,5900.0,3.0,4.0,114.0,5.0,1.0,3.0,3100.0,620.0,29500.0,5900.0,0.0,3.0,51.0,0.0,0.0,0.0,-129.0,-25.799999999999955,0.0,0.0,-3.0,-1.0,-63.0,1,1
28835,AL,TRAIPU,1.0,1.0,1.0,700.0,700.0,6500.0,6500.0,1.0,1.0,6.0,1.0,1.0,1.0,600.0,600.0,12000.0,12000.0,0.0,0.0,103.0,0.0,0.0,0.0,-100.0,-100.0,5500.0,5500.0,-1.0,-1.0,97.0,1,1
28851,AL,UNIÃO DOS PALMARES,4.0,1.0,3.0,2991.0,747.75,19500.0,4875.0,3.0,1.0,281.0,4.0,1.0,3.0,3009.0,752.25,39000.0,9750.0,1.0,1.0,72.0,0.0,0.0,0.0,18.0,4.5,19500.0,4875.0,-2.0,0.0,-209.0,1,1
28878,AL,VIÇOSA,2.0,1.0,2.0,2800.0,1400.0,15500.0,7750.0,2.0,2.0,10.0,2.0,1.0,2.0,1500.0,750.0,16000.0,8000.0,0.0,1.0,47.0,0.0,0.0,0.0,-1300.0,-650.0,500.0,250.0,-2.0,-1.0,37.0,1,1
28894,AL,CRAÍBAS,1.0,1.0,1.0,300.0,300.0,15000.0,15000.0,0.0,1.0,2.0,3.0,1.0,2.0,1890.0,630.0,22000.0,7333.333333333333,1.0,1.0,59.0,2.0,0.0,1.0,1590.0,330.0,7000.0,-7666.666666666667,1.0,0.0,57.0,1,1
28916,AL,SENADOR RUI PALMEIRA,3.0,1.0,1.0,2400.0,800.0,12000.0,4000.0,3.0,0.0,191.0,1.0,1.0,1.0,600.0,600.0,6000.0,6000.0,0.0,1.0,7.0,-2.0,0.0,0.0,-1800.0,-200.0,-6000.0,2000.0,-3.0,1.0,-184.0,1,1
28932,AL,TEOTÔNIO VILELA,1.0,1.0,1.0,750.0,750.0,4000.0,4000.0,1.0,0.0,53.0,1.0,1.0,1.0,800.0,800.0,8000.0,8000.0,0.0,1.0,10.0,0.0,0.0,0.0,50.0,50.0,4000.0,4000.0,-1.0,1.0,-43.0,1,1
30007,BA,LUÍS EDUARDO MAGALHÃES,3.0,1.0,3.0,1738.0,579.3333333333334,12894.5,4298.166666666667,1.0,2.0,40.0,1.0,1.0,1.0,800.0,800.0,35000.0,35000.0,0.0,0.0,53.0,-2.0,0.0,-2.0,-938.0,220.66666666666663,22105.5,30701.833333333332,-1.0,-2.0,13.0,1,1
30031,RN,BARAÚNA,1.0,1.0,1.0,400.0,400.0,3000.0,3000.0,0.0,1.0,5.0,1.0,1.0,1.0,585.0,585.0,9400.0,9400.0,0.0,1.0,19.0,0.0,0.0,0.0,185.0,185.0,6400.0,6400.0,0.0,0.0,14.0,1,1
30058,BA,EUNÁPOLIS,4.0,1.0,3.0,11807.0,2951.75,14109.0,3527.25,2.0,1.0,112.0,11.0,1.0,7.0,6486.0,589.6363636363636,133000.0,12090.90909090909,3.0,8.0,140.0,7.0,0.0,4.0,-5321.0,-2362.1136363636365,118891.0,8563.65909090909,1.0,7.0,28.0,1,1
30660,BA,IUIU,1.0,1.0,1.0,319.0,319.0,3500.0,3500.0,1.0,1.0,16.0,4.0,1.0,2.0,1222.0,305.5,20500.0,5125.0,3.0,3.0,38.0,3.0,0.0,1.0,903.0,-13.5,17000.0,1625.0,2.0,2.0,22.0,1,1
30678,BA,JABORANDI,1.0,1.0,1.0,561.0,561.0,5000.0,5000.0,0.0,0.0,75.0,2.0,1.0,2.0,837.0,418.5,16000.0,8000.0,0.0,2.0,26.0,1.0,0.0,1.0,276.0,-142.5,11000.0,3000.0,0.0,2.0,-49.0,1,1
30694,BA,JUSSARI,1.0,1.0,1.0,544.0,544.0,5000.0,5000.0,1.0,0.0,46.0,3.0,1.0,2.0,1032.0,344.0,18500.0,6166.666666666667,1.0,3.0,22.0,2.0,0.0,1.0,488.0,-200.0,13500.0,1166.666666666667,0.0,3.0,-24.0,1,1
30716,BA,AMÉRICA DOURADA,1.0,1.0,1.0,748.0,748.0,5000.0,5000.0,1.0,0.0,77.0,1.0,1.0,1.0,374.0,374.0,20000.0,20000.0,0.0,0.0,72.0,0.0,0.0,0.0,-374.0,-374.0,15000.0,15000.0,-1.0,0.0,-5.0,1,1
30759,BA,BARRO ALTO,1.0,1.0,1.0,385.0,385.0,15000.0,15000.0,1.0,0.0,56.0,4.0,1.0,2.0,1609.0,402.25,66000.0,16500.0,0.0,1.0,88.0,3.0,0.0,1.0,1224.0,17.25,51000.0,1500.0,-1.0,1.0,32.0,1,1
30775,BA,BARROCAS,0.0,0.0,0.0,0.0,,,,0.0,0.0,,1.0,1.0,1.0,414.0,414.0,7000.0,7000.0,0.0,0.0,31.0,1.0,1.0,1.0,414.0,,,,0.0,0.0,,0,1
30791,BA,BURITIRAMA,0.0,0.0,0.0,0.0,,,,0.0,0.0,,2.0,1.0,2.0,871.0,435.5,20000.0,10000.0,0.0,2.0,11.0,2.0,1.0,2.0,871.0,,,,0.0,2.0,,0,1
30813,BA,CAPELA DO ALTO ALEGRE,0.0,0.0,0.0,0.0,,,,0.0,0.0,,1.0,1.0,1.0,400.0,400.0,7000.0,7000.0,0.0,1.0,12.0,1.0,1.0,1.0,400.0,,,,0.0,1.0,,0,1
30830,BA,CAPIM GROSSO,4.0,1.0,4.0,2000.0,500.0,19800.0,4950.0,3.0,4.0,8.0,1.0,1.0,1.0,385.0,385.0,10000.0,10000.0,0.0,1.0,17.0,-3.0,0.0,-3.0,-1615.0,-115.0,-9800.0,5050.0,-3.0,-3.0,9.0,1,1
30872,BA,DIAS D'ÁVILA,5.0,1.0,5.0,2700.0,540.0,28000.0,5600.0,1.0,2.0,150.0,5.0,1.0,4.0,2837.0,567.4,37000.0,7400.0,0.0,3.0,108.0,0.0,0.0,-1.0,137.0,27.399999999999977,9000.0,1800.0,-1.0,1.0,-42.0,1,1
30899,BA,FÁTIMA,1.0,1.0,1.0,400.0,400.0,2000.0,2000.0,1.0,0.0,111.0,4.0,1.0,1.0,1921.0,480.25,24000.0,6000.0,0.0,0.0,212.0,3.0,0.0,0.0,1521.0,80.25,22000.0,4000.0,-1.0,0.0,101.0,1,1
30910,BA,FILADÉLFIA,2.0,1.0,2.0,1409.0,704.5,10000.0,5000.0,2.0,1.0,81.0,2.0,1.0,2.0,785.0,392.5,30000.0,15000.0,0.0,1.0,164.0,0.0,0.0,0.0,-624.0,-312.0,20000.0,10000.0,-2.0,0.0,83.0,1,1
30970,BA,HELIÓPOLIS,0.0,0.0,0.0,0.0,,,,0.0,0.0,,1.0,1.0,1.0,800.0,800.0,3000.0,3000.0,0.0,1.0,3.0,1.0,1.0,1.0,800.0,,,,0.0,1.0,,0,1
30996,BA,JOÃO DOURADO,8.0,1.0,5.0,4056.0,507.0,77000.0,9625.0,1.0,6.0,30.0,3.0,1.0,1.0,1751.0,583.6666666666666,36000.0,12000.0,0.0,1.0,107.0,-5.0,0.0,-4.0,-2305.0,76.66666666666663,-41000.0,2375.0,-1.0,-5.0,77.0,1,1
31003,SE,SANTANA DO SÃO FRANCISCO,0.0,0.0,0.0,0.0,,,,0.0,0.0,,1.0,1.0,1.0,380.0,380.0,10000.0,10000.0,0.0,1.0,22.0,1.0,1.0,1.0,380.0,,,,0.0,1.0,,0,1
31011,SE,AMPARO DE SÃO FRANCISCO,1.0,1.0,1.0,400.0,400.0,2800.0,2800.0,1.0,1.0,17.0,1.0,1.0,1.0,353.0,353.0,4000.0,4000.0,0.0,1.0,17.0,0.0,0.0,0.0,-47.0,-47.0,1200.0,1200.0,-1.0,0.0,0.0,1,1
31038,SE,AQUIDABÃ,1.0,1.0,1.0,536.0,536.0,3500.0,3500.0,1.0,0.0,144.0,10.0,1.0,5.0,5643.0,564.3,51000.0,5100.0,3.0,6.0,240.0,9.0,0.0,4.0,5107.0,28.299999999999955,47500.0,1600.0,2.0,6.0,96.0,1,1
31054,SE,ARACAJU,14.0,1.0,8.0,9135.0,652.5,240720.0,17194.285714285714,5.0,4.0,290.0,77.0,1.0,20.0,68568.0,890.4935064935065,1638708.4,21281.927272727273,17.0,36.0,232.0,63.0,0.0,12.0,59433.0,237.99350649350652,1397988.4,4087.641558441559,12.0,32.0,-58.0,1,1
31070,SE,ARAUÁ,3.0,1.0,1.0,1200.0,400.0,9000.0,3000.0,2.0,1.0,54.0,2.0,1.0,2.0,688.0,344.0,7800.0,3900.0,0.0,0.0,218.0,-1.0,0.0,1.0,-512.0,-56.0,-1200.0,900.0,-2.0,-1.0,164.0,1,1
31097,SE,AREIA BRANCA,1.0,1.0,1.0,360.0,360.0,2840.0,2840.0,1.0,0.0,34.0,10.0,1.0,5.0,4914.0,491.4,43500.0,4350.0,1.0,5.0,152.0,9.0,0.0,4.0,4554.0,131.39999999999998,40660.0,1510.0,0.0,5.0,118.0,1,1
31119,SE,BARRA DOS COQUEIROS,1.0,1.0,1.0,400.0,400.0,3500.0,3500.0,1.0,0.0,139.0,28.0,1.0,13.0,14319.0,511.39285714285717,220500.0,7875.0,4.0,13.0,239.0,27.0,0.0,12.0,13919.0,111.39285714285717,217000.0,4375.0,3.0,13.0,100.0,1,1
31135,SE,BREJO GRANDE,2.0,1.0,2.0,1200.0,600.0,7000.0,3500.0,2.0,1.0,32.0,4.0,1.0,3.0,1950.0,487.5,22500.0,5625.0,0.0,4.0,29.0,2.0,0.0,1.0,750.0,-112.5,15500.0,2125.0,-2.0,3.0,-3.0,1,1
31151,SE,BOQUIM,3.0,1.0,2.0,1655.0,551.6666666666666,14000.0,4666.666666666667,2.0,2.0,43.0,14.0,1.0,6.0,8169.0,583.5,93850.0,6703.571428571428,0.0,10.0,66.0,11.0,0.0,4.0,6514.0,31.83333333333337,79850.0,2036.9047619047615,-2.0,8.0,23.0,1,1
31194,SE,CAMPO DO BRITO,2.0,1.0,1.0,660.0,330.0,6500.0,3250.0,2.0,1.0,54.0,2.0,1.0,1.0,1560.0,780.0,6000.0,3000.0,0.0,2.0,20.0,0.0,0.0,0.0,900.0,450.0,-500.0,-250.0,-2.0,1.0,-34.0,1,1
31216,SE,CANHOBA,1.0,1.0,1.0,400.0,400.0,2000.0,2000.0,1.0,0.0,54.0,2.0,1.0,1.0,960.0,480.0,6000.0,3000.0,0.0,1.0,212.0,1.0,0.0,0.0,560.0,80.0,4000.0,1000.0,-1.0,1.0,158.0,1,1
31232,SE,CANINDÉ DE SÃO FRANCISCO,3.0,1.0,2.0,1582.0,527.3333333333334,10000.0,3333.3333333333335,3.0,2.0,67.0,7.0,1.0,5.0,3520.0,502.85714285714283,37500.0,5357.142857142857,1.0,3.0,98.0,4.0,0.0,3.0,1938.0,-24.47619047619054,27500.0,2023.8095238095234,-2.0,1.0,31.0,1,1
31259,SE,CAPELA,11.0,1.0,6.0,6188.0,562.5454545454545,35320.0,3210.909090909091,8.0,3.0,266.0,14.0,1.0,9.0,8464.0,604.5714285714286,99000.0,7071.428571428572,1.0,10.0,124.0,3.0,0.0,3.0,2276.0,42.02597402597405,63680.0,3860.5194805194806,-7.0,7.0,-142.0,1,1
31275,SE,CARIRA,2.0,1.0,2.0,800.0,400.0,4000.0,2000.0,1.0,1.0,99.0,0.0,0.0,0.0,0.0,,,,0.0,0.0,,-2.0,-1.0,-2.0,-800.0,,,,-1.0,-1.0,,0,1
31291,SE,CARMÓPOLIS,6.0,1.0,4.0,2383.0,397.1666666666667,19000.0,3166.6666666666665,3.0,4.0,92.0,6.0,1.0,4.0,2693.0,448.8333333333333,24300.0,4050.0,2.0,2.0,103.0,0.0,0.0,0.0,310.0,51.66666666666663,5300.0,883.3333333333335,-1.0,-2.0,11.0,1,1
31313,SE,CEDRO DE SÃO JOÃO,1.0,1.0,1.0,414.0,414.0,2000.0,2000.0,0.0,1.0,11.0,1.0,1.0,1.0,600.0,600.0,3000.0,3000.0,0.0,1.0,9.0,0.0,0.0,0.0,186.0,186.0,1000.0,1000.0,0.0,0.0,-2.0,1,1
31330,SE,CRISTINÁPOLIS,1.0,1.0,1.0,403.0,403.0,2000.0,2000.0,0.0,1.0,16.0,6.0,1.0,5.0,3110.0,518.3333333333334,48000.0,8000.0,1.0,3.0,171.0,5.0,0.0,4.0,2707.0,115.33333333333337,46000.0,6000.0,1.0,2.0,155.0,1,1
31356,SE,NOSSA SENHORA APARECIDA,1.0,1.0,1.0,400.0,400.0,6500.0,6500.0,0.0,1.0,7.0,1.0,1.0,1.0,624.0,624.0,3000.0,3000.0,0.0,1.0,14.0,0.0,0.0,0.0,224.0,224.0,-3500.0,-3500.0,0.0,0.0,7.0,1,1
31372,SE,CUMBE,0.0,0.0,0.0,0.0,,,,0.0,0.0,,3.0,1.0,2.0,1133.0,377.6666666666667,13500.0,4500.0,0.0,3.0,16.0,3.0,1.0,2.0,1133.0,,,,0.0,3.0,,0,1
31399,SE,DIVINA PASTORA,1.0,1.0,1.0,500.0,500.0,6000.0,6000.0,0.0,1.0,16.0,1.0,1.0,1.0,529.0,529.0,8000.0,8000.0,0.0,1.0,3.0,0.0,0.0,0.0,29.0,29.0,2000.0,2000.0,0.0,0.0,-13.0,1,1
31410,SE,ESTÂNCIA,3.0,1.0,2.0,1329.0,443.0,8000.0,2666.6666666666665,3.0,1.0,133.0,12.0,1.0,6.0,7053.0,587.75,74600.0,6216.666666666667,0.0,8.0,80.0,9.0,0.0,4.0,5724.0,144.75,66600.0,3550.0000000000005,-3.0,7.0,-53.0,1,1
31437,SE,FEIRA NOVA,1.0,1.0,1.0,400.0,400.0,2000.0,2000.0,1.0,1.0,10.0,1.0,1.0,1.0,548.0,548.0,3000.0,3000.0,0.0,0.0,66.0,0.0,0.0,0.0,148.0,148.0,1000.0,1000.0,-1.0,-1.0,56.0,1,1
31453,SE,FREI PAULO,4.0,1.0,4.0,1610.0,402.5,11700.0,2925.0,3.0,0.0,76.0,3.0,1.0,2.0,1369.0,456.3333333333333,20000.0,6666.666666666667,1.0,2.0,45.0,-1.0,0.0,-2.0,-241.0,53.833333333333314,8300.0,3741.666666666667,-2.0,2.0,-31.0,1,1
31470,SE,GENERAL MAYNARD,2.0,1.0,2.0,438.0,219.0,4500.0,2250.0,2.0,1.0,51.0,3.0,1.0,3.0,1150.0,383.3333333333333,9000.0,3000.0,1.0,2.0,100.0,1.0,0.0,1.0,712.0,164.33333333333331,4500.0,750.0,-1.0,1.0,49.0,1,1
31496,SE,GARARU,5.0,1.0,2.0,2236.0,447.2,17000.0,3400.0,3.0,4.0,131.0,10.0,1.0,4.0,5636.0,563.6,39500.0,3950.0,1.0,3.0,192.0,5.0,0.0,2.0,3400.0,116.40000000000003,22500.0,550.0,-2.0,-1.0,61.0,1,1
31518,SE,GRACCHO CARDOSO,0.0,0.0,0.0,0.0,,,,0.0,0.0,,1.0,1.0,1.0,576.0,576.0,3000.0,3000.0,0.0,0.0,31.0,1.0,1.0,1.0,576.0,,,,0.0,0.0,,0,1
31534,SE,ILHA DAS FLORES,2.0,1.0,2.0,820.0,410.0,6100.0,3050.0,2.0,0.0,85.0,1.0,1.0,1.0,558.0,558.0,9000.0,9000.0,0.0,1.0,3.0,-1.0,0.0,-1.0,-262.0,148.0,2900.0,5950.0,-2.0,1.0,-82.0,1,1
31550,SE,INDIAROBA,1.0,1.0,1.0,400.0,400.0,3200.0,3200.0,1.0,1.0,17.0,1.0,1.0,1.0,456.0,456.0,5000.0,5000.0,0.0,1.0,9.0,0.0,0.0,0.0,56.0,56.0,1800.0,1800.0,-1.0,0.0,-8.0,1,1
31577,SE,ITABAIANA,8.0,1.0,4.0,4461.0,557.625,31790.0,3973.75,6.0,6.0,72.0,21.0,1.0,11.0,12839.0,611.3809523809524,162800.0,7752.380952380952,5.0,8.0,229.0,13.0,0.0,7.0,8378.0,53.75595238095241,131010.0,3778.6309523809523,-1.0,2.0,157.0,1,1
31593,SE,ITABAIANINHA,2.0,1.0,1.0,800.0,400.0,6000.0,3000.0,0.0,1.0,97.0,7.0,1.0,5.0,3297.0,471.0,52500.0,7500.0,1.0,4.0,81.0,5.0,0.0,4.0,2497.0,71.0,46500.0,4500.0,1.0,3.0,-16.0,1,1
31615,SE,ITABI,4.0,1.0,2.0,1880.0,470.0,13000.0,3250.0,4.0,2.0,150.0,4.0,1.0,3.0,2075.0,518.75,27000.0,6750.0,1.0,1.0,142.0,0.0,0.0,1.0,195.0,48.75,14000.0,3500.0,-3.0,-1.0,-8.0,1,1
31631,SE,ITAPORANGA D'AJUDA,4.0,1.0,3.0,1648.0,412.0,17500.0,4375.0,1.0,4.0,24.0,13.0,1.0,7.0,7093.0,545.6153846153846,97500.0,7500.0,3.0,6.0,199.0,9.0,0.0,4.0,5445.0,133.61538461538464,80000.0,3125.0,2.0,2.0,175.0,1,1
31658,SE,JAPARATUBA,4.0,1.0,1.0,2093.0,523.25,12500.0,3125.0,4.0,1.0,123.0,8.0,1.0,4.0,3942.0,492.75,33500.0,4187.5,1.0,5.0,81.0,4.0,0.0,3.0,1849.0,-30.5,21000.0,1062.5,-3.0,4.0,-42.0,1,1
31674,SE,JAPOATÃ,1.0,1.0,1.0,363.0,363.0,1900.0,1900.0,1.0,1.0,29.0,1.0,1.0,1.0,499.0,499.0,4300.0,4300.0,0.0,1.0,18.0,0.0,0.0,0.0,136.0,136.0,2400.0,2400.0,-1.0,0.0,-11.0,1,1
31690,SE,LAGARTO,33.0,1.0,8.0,27743.0,840.6969696969697,141200.0,4278.787878787879,23.0,11.0,271.0,22.0,1.0,10.0,14072.0,639.6363636363636,250600.0,11390.90909090909,6.0,8.0,184.0,-11.0,0.0,2.0,-13671.0,-201.06060606060612,109400.0,7112.121212121211,-17.0,-3.0,-87.0,1,1
31712,SE,LARANJEIRAS,9.0,1.0,5.0,4157.0,461.8888888888889,23000.0,2555.5555555555557,5.0,5.0,76.0,7.0,1.0,4.0,3876.0,553.7142857142857,53000.0,7571.428571428572,0.0,4.0,197.0,-2.0,0.0,-1.0,-281.0,91.82539682539675,30000.0,5015.873015873016,-5.0,-1.0,121.0,1,1
31755,SE,MALHADA DOS BOIS,0.0,0.0,0.0,0.0,,,,0.0,0.0,,2.0,1.0,2.0,1000.0,500.0,8000.0,4000.0,0.0,2.0,9.0,2.0,1.0,2.0,1000.0,,,,0.0,2.0,,0,1
31771,SE,MALHADOR,1.0,1.0,1.0,347.0,347.0,5000.0,5000.0,0.0,1.0,3.0,1.0,1.0,1.0,454.0,454.0,3000.0,3000.0,0.0,0.0,150.0,0.0,0.0,0.0,107.0,107.0,-2000.0,-2000.0,0.0,-1.0,147.0,1,1
31798,SE,MARUIM,3.0,1.0,2.0,1200.0,400.0,8000.0,2666.6666666666665,1.0,2.0,38.0,4.0,1.0,3.0,1793.0,448.25,23000.0,5750.0,1.0,4.0,14.0,1.0,0.0,1.0,593.0,48.25,15000.0,3083.3333333333335,0.0,2.0,-24.0,1,1
31810,SE,MOITA BONITA,5.0,1.0,4.0,2566.0,513.2,16950.0,3390.0,4.0,5.0,19.0,2.0,1.0,2.0,1450.0,725.0,13000.0,6500.0,0.0,2.0,29.0,-3.0,0.0,-2.0,-1116.0,211.79999999999995,-3950.0,3110.0,-4.0,-3.0,10.0,1,1
31836,SE,MONTE ALEGRE DE SERGIPE,4.0,1.0,3.0,1776.0,444.0,14500.0,3625.0,3.0,2.0,181.0,15.0,1.0,5.0,7065.0,471.0,70500.0,4700.0,1.0,6.0,205.0,11.0,0.0,2.0,5289.0,27.0,56000.0,1075.0,-2.0,4.0,24.0,1,1
31852,SE,MURIBECA,4.0,1.0,3.0,1639.0,409.75,10600.0,2650.0,4.0,2.0,123.0,3.0,1.0,3.0,1338.0,446.0,20000.0,6666.666666666667,1.0,2.0,130.0,-1.0,0.0,0.0,-301.0,36.25,9400.0,4016.666666666667,-3.0,0.0,7.0,1,1
31879,SE,NEÓPOLIS,1.0,1.0,1.0,500.0,500.0,4000.0,4000.0,1.0,1.0,6.0,4.0,1.0,2.0,1617.0,404.25,18500.0,4625.0,0.0,3.0,49.0,3.0,0.0,1.0,1117.0,-95.75,14500.0,625.0,-1.0,2.0,43.0,1,1
31895,SE,NOSSA SENHORA DA GLÓRIA,1.0,1.0,1.0,500.0,500.0,6500.0,6500.0,0.0,1.0,9.0,1.0,1.0,1.0,700.0,700.0,4000.0,4000.0,0.0,0.0,44.0,0.0,0.0,0.0,200.0,200.0,-2500.0,-2500.0,0.0,-1.0,35.0,1,1
31917,SE,NOSSA SENHORA DAS DORES,6.0,1.0,4.0,2905.0,484.1666666666667,19490.0,3248.3333333333335,3.0,5.0,89.0,3.0,1.0,2.0,1422.0,474.0,27000.0,9000.0,0.0,3.0,23.0,-3.0,0.0,-2.0,-1483.0,-10.166666666666686,7510.0,5751.666666666666,-3.0,-2.0,-66.0,1,1
31933,SE,NOSSA SENHORA DE LOURDES,2.0,1.0,1.0,782.0,391.0,4000.0,2000.0,2.0,2.0,26.0,5.0,1.0,4.0,2712.0,542.4,21000.0,4200.0,0.0,3.0,44.0,3.0,0.0,3.0,1930.0,151.39999999999998,17000.0,2200.0,-2.0,1.0,18.0,1,1
31950,SE,NOSSA SENHORA DO SOCORRO,12.0,1.0,6.0,8339.0,694.9166666666666,43500.0,3625.0,7.0,7.0,258.0,19.0,1.0,9.0,12167.0,640.3684210526316,148400.0,7810.526315789473,6.0,7.0,242.0,7.0,0.0,3.0,3828.0,-54.54824561403507,104900.0,4185.526315789473,-1.0,0.0,-16.0,1,1
31976,SE,PACATUBA,1.0,1.0,1.0,416.0,416.0,3000.0,3000.0,1.0,1.0,10.0,0.0,0.0,0.0,0.0,,,,0.0,0.0,,-1.0,-1.0,-1.0,-416.0,,,,-1.0,-1.0,,0,1
31992,SE,PEDRA MOLE,1.0,1.0,1.0,350.0,350.0,2000.0,2000.0,1.0,1.0,4.0,0.0,0.0,0.0,0.0,,,,0.0,0.0,,-1.0,-1.0,-1.0,-350.0,,,,-1.0,-1.0,,0,1
32018,SE,PEDRINHAS,1.0,1.0,1.0,457.0,457.0,2000.0,2000.0,1.0,0.0,80.0,3.0,1.0,3.0,1238.0,412.6666666666667,12500.0,4166.666666666667,0.0,2.0,155.0,2.0,0.0,2.0,781.0,-44.333333333333314,10500.0,2166.666666666667,-1.0,2.0,75.0,1,1
32034,SE,PINHÃO,1.0,1.0,1.0,400.0,400.0,2500.0,2500.0,1.0,1.0,27.0,0.0,0.0,0.0,0.0,,,,0.0,0.0,,-1.0,-1.0,-1.0,-400.0,,,,-1.0,-1.0,,0,1
32050,SE,PIRAMBU,4.0,1.0,2.0,1748.0,437.0,15500.0,3875.0,3.0,2.0,122.0,4.0,1.0,2.0,1983.0,495.75,14000.0,3500.0,0.0,2.0,59.0,0.0,0.0,0.0,235.0,58.75,-1500.0,-375.0,-3.0,0.0,-63.0,1,1
32077,SE,POÇO REDONDO,5.0,1.0,4.0,2750.0,550.0,17000.0,3400.0,4.0,2.0,149.0,13.0,1.0,9.0,6561.0,504.6923076923077,79200.0,6092.307692307692,2.0,9.0,155.0,8.0,0.0,5.0,3811.0,-45.30769230769232,62200.0,2692.3076923076924,-2.0,7.0,6.0,1,1
32093,SE,POÇO VERDE,3.0,1.0,2.0,1350.0,450.0,10100.0,3366.6666666666665,0.0,2.0,38.0,6.0,1.0,4.0,3190.0,531.6666666666666,30500.0,5083.333333333333,0.0,4.0,46.0,3.0,0.0,2.0,1840.0,81.66666666666663,20400.0,1716.6666666666665,0.0,2.0,8.0,1,1
32115,SE,PORTO DA FOLHA,7.0,1.0,3.0,3295.0,470.7142857142857,22500.0,3214.285714285714,2.0,4.0,122.0,12.0,1.0,7.0,6419.0,534.9166666666666,80500.0,6708.333333333333,3.0,5.0,206.0,5.0,0.0,4.0,3124.0,64.2023809523809,58000.0,3494.047619047619,1.0,1.0,84.0,1,1
32131,SE,PROPRIÁ,2.0,1.0,2.0,900.0,450.0,11000.0,5500.0,1.0,2.0,16.0,6.0,1.0,3.0,4217.0,702.8333333333334,29700.0,4950.0,1.0,4.0,142.0,4.0,0.0,1.0,3317.0,252.83333333333337,18700.0,-550.0,0.0,2.0,126.0,1,1
32158,SE,RIACHÃO DO DANTAS,0.0,0.0,0.0,0.0,,,,0.0,0.0,,11.0,1.0,8.0,5419.0,492.6363636363636,60500.0,5500.0,1.0,8.0,40.0,11.0,1.0,8.0,5419.0,,,,1.0,8.0,,0,1
32174,SE,RIACHUELO,1.0,1.0,1.0,400.0,400.0,3000.0,3000.0,1.0,1.0,3.0,4.0,1.0,2.0,2167.0,541.75,14500.0,3625.0,1.0,1.0,165.0,3.0,0.0,1.0,1767.0,141.75,11500.0,625.0,0.0,0.0,162.0,1,1
32190,SE,RIBEIRÓPOLIS,1.0,1.0,1.0,400.0,400.0,2000.0,2000.0,0.0,1.0,7.0,4.0,1.0,2.0,3225.0,806.25,16500.0,4125.0,0.0,2.0,194.0,3.0,0.0,1.0,2825.0,406.25,14500.0,2125.0,0.0,1.0,187.0,1,1
32212,SE,ROSÁRIO DO CATETE,1.0,1.0,1.0,450.0,450.0,3000.0,3000.0,1.0,0.0,164.0,1.0,1.0,1.0,400.0,400.0,3500.0,3500.0,0.0,0.0,135.0,0.0,0.0,0.0,-50.0,-50.0,500.0,500.0,-1.0,0.0,-29.0,1,1
32239,SE,SALGADO,5.0,1.0,3.0,3510.0,702.0,18000.0,3600.0,3.0,2.0,278.0,3.0,1.0,2.0,1422.0,474.0,14500.0,4833.333333333333,0.0,1.0,65.0,-2.0,0.0,-1.0,-2088.0,-228.0,-3500.0,1233.333333333333,-3.0,-1.0,-213.0,1,1
32255,SE,SANTA LUZIA DO ITANHY,0.0,0.0,0.0,0.0,,,,0.0,0.0,,2.0,1.0,2.0,808.0,404.0,9500.0,4750.0,0.0,1.0,135.0,2.0,1.0,2.0,808.0,,,,0.0,1.0,,0,1
32298,SE,SANTA ROSA DE LIMA,3.0,1.0,3.0,1200.0,400.0,6000.0,2000.0,2.0,2.0,22.0,4.0,1.0,3.0,1845.0,461.25,18000.0,4500.0,0.0,4.0,23.0,1.0,0.0,0.0,645.0,61.25,12000.0,2500.0,-2.0,2.0,1.0,1,1
32336,SE,SÃO CRISTÓVÃO,4.0,1.0,4.0,2100.0,525.0,14950.0,3737.5,3.0,2.0,190.0,7.0,1.0,5.0,4226.0,603.7142857142857,57000.0,8142.857142857143,0.0,5.0,52.0,3.0,0.0,1.0,2126.0,78.71428571428567,42050.0,4405.357142857143,-3.0,3.0,-138.0,1,1
32352,SE,SÃO DOMINGOS,1.0,1.0,1.0,491.0,491.0,3000.0,3000.0,1.0,1.0,16.0,2.0,1.0,2.0,1162.0,581.0,12000.0,6000.0,0.0,2.0,3.0,1.0,0.0,1.0,671.0,90.0,9000.0,3000.0,-1.0,1.0,-13.0,1,1
32379,SE,SÃO FRANCISCO,0.0,0.0,0.0,0.0,,,,0.0,0.0,,1.0,1.0,1.0,272.0,272.0,3500.0,3500.0,0.0,1.0,5.0,1.0,1.0,1.0,272.0,,,,0.0,1.0,,0,1
32395,SE,SÃO MIGUEL DO ALEIXO,1.0,1.0,1.0,389.0,389.0,5000.0,5000.0,0.0,1.0,23.0,0.0,0.0,0.0,0.0,,,,0.0,0.0,,-1.0,-1.0,-1.0,-389.0,,,,0.0,-1.0,,0,1
32417,SE,SIMÃO DIAS,5.0,1.0,5.0,2816.0,563.2,20110.0,4022.0,2.0,4.0,67.0,5.0,1.0,5.0,2910.0,582.0,33400.0,6680.0,1.0,4.0,33.0,0.0,0.0,0.0,94.0,18.799999999999955,13290.0,2658.0,-1.0,0.0,-34.0,1,1
32433,SE,SIRIRI,2.0,1.0,2.0,824.0,412.0,7000.0,3500.0,2.0,1.0,173.0,2.0,1.0,2.0,965.0,482.5,16000.0,8000.0,1.0,1.0,72.0,0.0,0.0,0.0,141.0,70.5,9000.0,4500.0,-1.0,0.0,-101.0,1,1
32450,SE,TELHA,0.0,0.0,0.0,0.0,,,,0.0,0.0,,1.0,1.0,1.0,470.0,470.0,3000.0,3000.0,0.0,1.0,18.0,1.0,1.0,1.0,470.0,,,,0.0,1.0,,0,1
32476,SE,TOBIAS BARRETO,10.0,1.0,6.0,5400.0,540.0,46425.0,4642.5,4.0,5.0,245.0,0.0,0.0,0.0,0.0,,,,0.0,0.0,,-10.0,-1.0,-6.0,-5400.0,,,,-4.0,-5.0,,0,1
32492,SE,TOMAR DO GERU,0.0,0.0,0.0,0.0,,,,0.0,0.0,,4.0,1.0,4.0,1604.0,401.0,25000.0,6250.0,0.0,2.0,31.0,4.0,1.0,4.0,1604.0,,,,0.0,2.0,,0,1
32514,SE,UMBAÚBA,0.0,0.0,0.0,0.0,,,,0.0,0.0,,6.0,1.0,4.0,3410.0,568.3333333333334,36500.0,6083.333333333333,1.0,2.0,212.0,6.0,1.0,4.0,3410.0,,,,1.0,2.0,,0,1
33014,BA,ABAÍRA,1.0,1.0,1.0,364.0,364.0,4000.0,4000.0,1.0,0.0,260.0,0.0,0.0,0.0,0.0,,,,0.0,0.0,,-1.0,-1.0,-1.0,-364.0,,,,-1.0,0.0,,0,1
33065,BA,ADUSTINA,2.0,1.0,2.0,990.0,495.0,11000.0,5500.0,0.0,0.0,76.0,6.0,1.0,2.0,4084.0,680.6666666666666,23000.0,3833.3333333333335,0.0,2.0,254.0,4.0,0.0,0.0,3094.0,185.66666666666663,12000.0,-1666.6666666666665,0.0,2.0,178.0,1,1
33073,BA,ÁGUA FRIA,2.0,1.0,1.0,800.0,400.0,12100.0,6050.0,0.0,1.0,95.0,3.0,1.0,2.0,1469.0,489.6666666666667,18500.0,6166.666666666667,0.0,2.0,204.0,1.0,0.0,1.0,669.0,89.66666666666669,6400.0,116.66666666666697,0.0,1.0,109.0,1,1
33090,BA,ÉRICO CARDOSO,3.0,1.0,1.0,933.0,311.0,10500.0,3500.0,3.0,1.0,124.0,0.0,0.0,0.0,0.0,,,,0.0,0.0,,-3.0,-1.0,-1.0,-933.0,,,,-3.0,-1.0,,0,1
33111,BA,AIQUARA,0.0,0.0,0.0,0.0,,,,0.0,0.0,,1.0,1.0,1.0,354.0,354.0,5000.0,5000.0,1.0,1.0,22.0,1.0,1.0,1.0,354.0,,,,1.0,1.0,,0,1
33138,BA,ALAGOINHAS,3.0,1.0,3.0,1351.0,450.3333333333333,18133.0,6044.333333333333,2.0,3.0,8.0,8.0,1.0,5.0,4464.0,558.0,63500.0,7937.5,0.0,3.0,196.0,5.0,0.0,2.0,3113.0,107.66666666666669,45367.0,1893.166666666667,-2.0,0.0,188.0,1,1
33154,BA,ALCOBAÇA,3.0,1.0,2.0,1700.0,566.6666666666666,25300.0,8433.333333333334,2.0,3.0,15.0,3.0,1.0,2.0,1290.0,430.0,21500.0,7166.666666666667,1.0,1.0,66.0,0.0,0.0,0.0,-410.0,-136.66666666666663,-3800.0,-1266.666666666667,-1.0,-2.0,51.0,1,1
33170,BA,ALMADINA,2.0,1.0,1.0,800.0,400.0,14000.0,7000.0,2.0,2.0,28.0,2.0,1.0,1.0,770.0,385.0,7500.0,3750.0,2.0,1.0,138.0,0.0,0.0,0.0,-30.0,-15.0,-6500.0,-3250.0,0.0,-1.0,110.0,1,1
33197,BA,AMARGOSA,1.0,1.0,1.0,330.0,330.0,11500.0,11500.0,0.0,1.0,11.0,0.0,0.0,0.0,0.0,,,,0.0,0.0,,-1.0,-1.0,-1.0,-330.0,,,,0.0,-1.0,,0,1
33219,BA,AMÉLIA RODRIGUES,4.0,1.0,1.0,1700.0,425.0,23200.0,5800.0,0.0,2.0,107.0,3.0,1.0,3.0,1409.0,469.6666666666667,19500.0,6500.0,0.0,2.0,198.0,-1.0,0.0,2.0,-291.0,44.666666666666686,-3700.0,700.0,0.0,0.0,91.0,1,1
33235,BA,ANAGÉ,0.0,0.0,0.0,0.0,,,,0.0,0.0,,1.0,1.0,1.0,450.0,450.0,5000.0,5000.0,0.0,1.0,6.0,1.0,1.0,1.0,450.0,,,,0.0,1.0,,0,1
33251,BA,ANDARAÍ,0.0,0.0,0.0,0.0,,,,0.0,0.0,,1.0,1.0,1.0,421.0,421.0,6000.0,6000.0,0.0,1.0,9.0,1.0,1.0,1.0,421.0,,,,0.0,1.0,,0,1
33260,BA,ANDORINHA,1.0,1.0,1.0,578.0,578.0,5000.0,5000.0,1.0,0.0,31.0,6.0,1.0,4.0,2871.0,478.5,44000.0,7333.333333333333,0.0,3.0,115.0,5.0,0.0,3.0,2293.0,-99.5,39000.0,2333.333333333333,-1.0,3.0,84.0,1,1
33278,BA,ANGICAL,0.0,0.0,0.0,0.0,,,,0.0,0.0,,2.0,1.0,2.0,1065.0,532.5,20000.0,10000.0,0.0,2.0,5.0,2.0,1.0,2.0,1065.0,,,,0.0,2.0,,0,1
33294,BA,ANGUERA,1.0,1.0,1.0,571.0,571.0,5000.0,5000.0,0.0,0.0,77.0,0.0,0.0,0.0,0.0,,,,0.0,0.0,,-1.0,-1.0,-1.0,-571.0,,,,0.0,0.0,,0,1
33332,BA,ANTÔNIO CARDOSO,1.0,1.0,1.0,400.0,400.0,5000.0,5000.0,0.0,1.0,4.0,0.0,0.0,0.0,0.0,,,,0.0,0.0,,-1.0,-1.0,-1.0,-400.0,,,,0.0,-1.0,,0,1
33359,BA,ANTÔNIO GONÇALVES,3.0,1.0,2.0,1552.0,517.3333333333334,14000.0,4666.666666666667,1.0,2.0,73.0,2.0,1.0,2.0,845.0,422.5,12000.0,6000.0,0.0,1.0,72.0,-1.0,0.0,0.0,-707.0,-94.83333333333337,-2000.0,1333.333333333333,-1.0,-1.0,-1.0,1,1
33375,BA,APORÁ,0.0,0.0,0.0,0.0,,,,0.0,0.0,,2.0,1.0,2.0,935.0,467.5,15000.0,7500.0,0.0,1.0,34.0,2.0,1.0,2.0,935.0,,,,0.0,1.0,,0,1
33383,BA,ARAÇÁS,1.0,1.0,1.0,524.0,524.0,5750.0,5750.0,0.0,1.0,7.0,0.0,0.0,0.0,0.0,,,,0.0,0.0,,-1.0,-1.0,-1.0,-524.0,,,,0.0,-1.0,,0,1
33391,BA,ARACATU,1.0,1.0,1.0,574.0,574.0,5000.0,5000.0,1.0,1.0,15.0,0.0,0.0,0.0,0.0,,,,0.0,0.0,,-1.0,-1.0,-1.0,-574.0,,,,-1.0,-1.0,,0,1
33405,BA,APUAREMA,1.0,1.0,1.0,360.0,360.0,3500.0,3500.0,1.0,0.0,38.0,5.0,1.0,4.0,2063.0,412.6,39000.0,7800.0,2.0,3.0,87.0,4.0,0.0,3.0,1703.0,52.60000000000002,35500.0,4300.0,1.0,3.0,49.0,1,1
33413,BA,ARACI,2.0,1.0,1.0,1370.0,685.0,10000.0,5000.0,0.0,1.0,87.0,3.0,1.0,1.0,1800.0,600.0,20000.0,6666.666666666667,0.0,1.0,149.0,1.0,0.0,0.0,430.0,-85.0,10000.0,1666.666666666667,0.0,0.0,62.0,1,1
33430,BA,ARAMARI,1.0,1.0,1.0,281.0,281.0,4000.0,4000.0,0.0,0.0,109.0,1.0,1.0,1.0,417.0,417.0,7000.0,7000.0,0.0,0.0,75.0,0.0,0.0,0.0,136.0,136.0,3000.0,3000.0,0.0,0.0,-34.0,1,1
33472,BA,AURELINO LEAL,1.0,1.0,1.0,570.0,570.0,5000.0,5000.0,0.0,0.0,63.0,1.0,1.0,1.0,455.0,455.0,6000.0,6000.0,0.0,0.0,32.0,0.0,0.0,0.0,-115.0,-115.0,1000.0,1000.0,0.0,0.0,-31.0,1,1
33499,BA,BAIANÓPOLIS,2.0,1.0,1.0,595.0,297.5,6750.0,3375.0,2.0,1.0,303.0,1.0,1.0,1.0,300.0,300.0,10000.0,10000.0,0.0,1.0,8.0,-1.0,0.0,0.0,-295.0,2.5,3250.0,6625.0,-2.0,0.0,-295.0,1,1
33510,BA,BAIXA GRANDE,4.0,1.0,4.0,1733.0,433.25,20600.0,5150.0,2.0,1.0,131.0,4.0,1.0,4.0,1610.0,402.5,28000.0,7000.0,2.0,3.0,54.0,0.0,0.0,0.0,-123.0,-30.75,7400.0,1850.0,0.0,2.0,-77.0,1,1
33537,BA,BARRA,0.0,0.0,0.0,0.0,,,,0.0,0.0,,2.0,1.0,2.0,855.0,427.5,38000.0,19000.0,1.0,2.0,17.0,2.0,1.0,2.0,855.0,,,,1.0,2.0,,0,1
33553,BA,BARRA DA ESTIVA,3.0,1.0,2.0,2757.0,919.0,10001.01,3333.67,2.0,0.0,129.0,4.0,1.0,2.0,1987.0,496.75,21000.0,5250.0,3.0,2.0,71.0,1.0,0.0,0.0,-770.0,-422.25,10998.99,1916.33,1.0,2.0,-58.0,1,1
33570,BA,BARRA DO CHOÇA,1.0,1.0,1.0,240.0,240.0,5000.0,5000.0,0.0,1.0,7.0,0.0,0.0,0.0,0.0,,,,0.0,0.0,,-1.0,-1.0,-1.0,-240.0,,,,0.0,-1.0,,0,1
33596,BA,BARRA DO MENDES,3.0,1.0,2.0,1155.0,385.0,14000.0,4666.666666666667,3.0,3.0,24.0,7.0,1.0,3.0,3183.0,454.7142857142857,83000.0,11857.142857142857,0.0,3.0,135.0,4.0,0.0,1.0,2028.0,69.71428571428572,69000.0,7190.47619047619,-3.0,0.0,111.0,1,1
33618,BA,BARRA DO ROCHA,1.0,1.0,1.0,425.0,425.0,5000.0,5000.0,1.0,1.0,19.0,1.0,1.0,1.0,361.0,361.0,5000.0,5000.0,0.0,0.0,32.0,0.0,0.0,0.0,-64.0,-64.0,0.0,0.0,-1.0,-1.0,13.0,1,1
33634,BA,BARREIRAS,0.0,0.0,0.0,0.0,,,,0.0,0.0,,9.0,1.0,6.0,6844.0,760.4444444444445,154978.0,17219.777777777777,1.0,6.0,172.0,9.0,1.0,6.0,6844.0,,,,1.0,6.0,,0,1
33650,BA,BARRO PRETO,1.0,1.0,1.0,300.0,300.0,6000.0,6000.0,0.0,1.0,13.0,1.0,1.0,1.0,360.0,360.0,5000.0,5000.0,0.0,1.0,21.0,0.0,0.0,0.0,60.0,60.0,-1000.0,-1000.0,0.0,0.0,8.0,1,1
33677,BA,BELMONTE,0.0,0.0,0.0,0.0,,,,0.0,0.0,,1.0,1.0,1.0,500.0,500.0,5000.0,5000.0,0.0,1.0,24.0,1.0,1.0,1.0,500.0,,,,0.0,1.0,,0,1
33693,BA,BELO CAMPO,0.0,0.0,0.0,0.0,,,,0.0,0.0,,1.0,1.0,1.0,750.0,750.0,6000.0,6000.0,0.0,0.0,158.0,1.0,1.0,1.0,750.0,,,,0.0,0.0,,0,1
33731,BA,BOA NOVA,1.0,1.0,1.0,576.0,576.0,5000.0,5000.0,0.0,1.0,28.0,2.0,1.0,2.0,1549.0,774.5,12500.0,6250.0,0.0,0.0,61.0,1.0,0.0,1.0,973.0,198.5,7500.0,1250.0,0.0,-1.0,33.0,1,1
33758,BA,BOA VISTA DO TUPIM,1.0,1.0,1.0,400.0,400.0,6500.0,6500.0,0.0,1.0,6.0,4.0,1.0,4.0,1918.0,479.5,27000.0,6750.0,0.0,3.0,153.0,3.0,0.0,3.0,1518.0,79.5,20500.0,250.0,0.0,2.0,147.0,1,1
33774,BA,BOM JESUS DA LAPA,1.0,1.0,1.0,656.0,656.0,5000.0,5000.0,0.0,0.0,31.0,7.0,1.0,2.0,3452.0,493.14285714285717,52000.0,7428.571428571428,0.0,4.0,126.0,6.0,0.0,1.0,2796.0,-162.85714285714283,47000.0,2428.5714285714284,0.0,4.0,95.0,1,1
33782,BA,BOM JESUS DA SERRA,0.0,0.0,0.0,0.0,,,,0.0,0.0,,1.0,1.0,1.0,370.0,370.0,4000.0,4000.0,0.0,1.0,6.0,1.0,1.0,1.0,370.0,,,,0.0,1.0,,0,1
33790,BA,BONINAL,1.0,1.0,1.0,493.0,493.0,3000.0,3000.0,0.0,1.0,8.0,1.0,1.0,1.0,539.0,539.0,18500.0,18500.0,0.0,1.0,11.0,0.0,0.0,0.0,46.0,46.0,15500.0,15500.0,0.0,0.0,3.0,1,1
33804,BA,BONITO,2.0,1.0,1.0,650.0,325.0,30000.0,15000.0,2.0,0.0,88.0,0.0,0.0,0.0,0.0,,,,0.0,0.0,,-2.0,-1.0,-1.0,-650.0,,,,-2.0,0.0,,0,1
33812,BA,BOQUIRA,10.0,1.0,4.0,3344.0,334.4,38500.0,3850.0,6.0,4.0,138.0,14.0,1.0,6.0,4682.0,334.42857142857144,90000.0,6428.571428571428,7.0,6.0,184.0,4.0,0.0,2.0,1338.0,0.02857142857146755,51500.0,2578.5714285714284,1.0,2.0,46.0,1,1
33839,BA,BOTUPORÃ,9.0,1.0,4.0,3271.0,363.44444444444446,33500.0,3722.222222222222,9.0,3.0,100.0,1.0,1.0,1.0,565.0,565.0,3500.0,3500.0,1.0,1.0,28.0,-8.0,0.0,-3.0,-2706.0,201.55555555555554,-30000.0,-222.22222222222217,-8.0,-2.0,-72.0,1,1
33855,BA,BREJÕES,0.0,0.0,0.0,0.0,,,,0.0,0.0,,2.0,1.0,1.0,800.0,400.0,12000.0,6000.0,1.0,1.0,69.0,2.0,1.0,1.0,800.0,,,,1.0,1.0,,0,1
33898,BA,BROTAS DE MACAÚBAS,1.0,1.0,1.0,312.0,312.0,3500.0,3500.0,1.0,0.0,85.0,5.0,1.0,4.0,2394.0,478.8,29800.0,5960.0,2.0,3.0,120.0,4.0,0.0,3.0,2082.0,166.8,26300.0,2460.0,1.0,3.0,35.0,1,1
33910,BA,BRUMADO,3.0,1.0,3.0,1380.0,460.0,18500.0,6166.666666666667,0.0,3.0,28.0,5.0,1.0,3.0,2265.0,453.0,50500.0,10100.0,0.0,5.0,28.0,2.0,0.0,0.0,885.0,-7.0,32000.0,3933.333333333333,0.0,2.0,0.0,1,1
33960,BA,CABACEIRAS DO PARAGUAÇU,1.0,1.0,1.0,426.0,426.0,5000.0,5000.0,0.0,1.0,14.0,2.0,1.0,1.0,1300.0,650.0,9633.0,4816.5,1.0,1.0,117.0,1.0,0.0,0.0,874.0,224.0,4633.0,-183.5,1.0,0.0,103.0,1,1
33979,BA,CACHOEIRA,2.0,1.0,1.0,800.0,400.0,12000.0,6000.0,0.0,2.0,19.0,1.0,1.0,1.0,587.0,587.0,10000.0,10000.0,0.0,1.0,7.0,-1.0,0.0,0.0,-213.0,187.0,-2000.0,4000.0,0.0,-1.0,-12.0,1,1
33995,BA,CACULÉ,4.0,1.0,4.0,1686.0,421.5,18000.0,4500.0,3.0,3.0,39.0,3.0,1.0,3.0,1160.0,386.6666666666667,21000.0,7000.0,0.0,2.0,38.0,-1.0,0.0,-1.0,-526.0,-34.833333333333314,3000.0,2500.0,-3.0,-1.0,-1.0,1,1
34010,BA,CAEM,2.0,1.0,2.0,785.0,392.5,11000.0,5500.0,0.0,2.0,23.0,1.0,1.0,1.0,560.0,560.0,10000.0,10000.0,0.0,1.0,23.0,-1.0,0.0,-1.0,-225.0,167.5,-1000.0,4500.0,0.0,-1.0,0.0,1,1
34037,BA,CAETITÉ,5.0,1.0,3.0,2739.0,547.8,27000.0,5400.0,4.0,5.0,20.0,2.0,1.0,2.0,680.0,340.0,24000.0,12000.0,0.0,2.0,6.0,-3.0,0.0,-1.0,-2059.0,-207.79999999999995,-3000.0,6600.0,-4.0,-3.0,-14.0,1,1
34053,BA,CAFARNAUM,3.0,1.0,3.0,1512.0,504.0,30000.0,10000.0,2.0,2.0,130.0,2.0,1.0,1.0,600.0,300.0,40000.0,20000.0,0.0,0.0,108.0,-1.0,0.0,-2.0,-912.0,-204.0,10000.0,10000.0,-2.0,-2.0,-22.0,1,1
34070,BA,CAIRU,3.0,1.0,3.0,1503.0,501.0,16500.0,5500.0,0.0,2.0,42.0,2.0,1.0,2.0,962.0,481.0,13500.0,6750.0,0.0,1.0,73.0,-1.0,0.0,-1.0,-541.0,-20.0,-3000.0,1250.0,0.0,-1.0,31.0,1,1
34096,BA,CALDEIRÃO GRANDE,4.0,1.0,2.0,1570.0,392.5,22300.0,5575.0,0.0,2.0,120.0,2.0,1.0,2.0,858.0,429.0,10300.0,5150.0,0.0,0.0,179.0,-2.0,0.0,0.0,-712.0,36.5,-12000.0,-425.0,0.0,-2.0,59.0,1,1
34134,BA,CAMAÇARI,11.0,1.0,6.0,6990.0,635.4545454545455,65500.0,5954.545454545455,2.0,2.0,271.0,25.0,1.0,10.0,22442.0,897.68,394471.0,15778.84,5.0,9.0,189.0,14.0,0.0,4.0,15452.0,262.22545454545445,328971.0,9824.294545454544,3.0,7.0,-82.0,1,1
34150,BA,CAMAMU,1.0,1.0,1.0,700.0,700.0,5000.0,5000.0,1.0,0.0,32.0,2.0,1.0,2.0,1248.0,624.0,11000.0,5500.0,0.0,1.0,38.0,1.0,0.0,1.0,548.0,-76.0,6000.0,500.0,-1.0,1.0,6.0,1,1
34193,BA,CAMPO FORMOSO,1.0,1.0,1.0,625.0,625.0,8000.0,8000.0,0.0,1.0,8.0,1.0,1.0,1.0,596.0,596.0,8000.0,8000.0,0.0,0.0,216.0,0.0,0.0,0.0,-29.0,-29.0,0.0,0.0,0.0,-1.0,208.0,1,1
34231,BA,CANARANA,3.0,1.0,2.0,1304.0,434.6666666666667,16000.0,5333.333333333333,2.0,3.0,20.0,7.0,1.0,4.0,3407.0,486.7142857142857,78000.0,11142.857142857143,0.0,3.0,176.0,4.0,0.0,2.0,2103.0,52.04761904761904,62000.0,5809.52380952381,-2.0,0.0,156.0,1,1
34258,BA,CANAVIEIRAS,3.0,1.0,2.0,1860.0,620.0,19000.0,6333.333333333333,3.0,2.0,36.0,3.0,1.0,2.0,1562.0,520.6666666666666,20000.0,6666.666666666667,0.0,1.0,80.0,0.0,0.0,0.0,-298.0,-99.33333333333337,1000.0,333.33333333333394,-3.0,-1.0,44.0,1,1
34290,BA,CANDEIAS,4.0,1.0,3.0,2205.0,551.25,24000.0,6000.0,2.0,2.0,66.0,8.0,1.0,4.0,4422.0,552.75,81000.0,10125.0,0.0,6.0,271.0,4.0,0.0,1.0,2217.0,1.5,57000.0,4125.0,-2.0,4.0,205.0,1,1
34355,BA,CANSANÇÃO,2.0,1.0,2.0,1260.0,630.0,13000.0,6500.0,2.0,2.0,5.0,1.0,1.0,1.0,450.0,450.0,6000.0,6000.0,0.0,1.0,10.0,-1.0,0.0,-1.0,-810.0,-180.0,-7000.0,-500.0,-2.0,-1.0,5.0,1,1
34371,BA,CARAVELAS,4.0,1.0,2.0,1202.0,400.6666666666667,21600.0,5400.0,4.0,2.0,194.0,12.0,1.0,8.0,5992.0,499.3333333333333,84883.0,7073.583333333333,6.0,4.0,189.0,8.0,0.0,6.0,4790.0,98.66666666666663,63283.0,1673.583333333333,2.0,2.0,-5.0,1,1
34398,BA,CARDEAL DA SILVA,1.0,1.0,1.0,549.0,549.0,5000.0,5000.0,0.0,0.0,72.0,2.0,1.0,1.0,826.0,413.0,12000.0,6000.0,0.0,1.0,92.0,1.0,0.0,0.0,277.0,-136.0,7000.0,1000.0,0.0,1.0,20.0,1,1
34410,BA,CARINHANHA,1.0,1.0,1.0,380.0,380.0,5000.0,5000.0,0.0,1.0,4.0,5.0,1.0,4.0,2010.0,402.0,40100.0,8020.0,1.0,4.0,104.0,4.0,0.0,3.0,1630.0,22.0,35100.0,3020.0,1.0,3.0,100.0,1,1
34436,BA,CASA NOVA,5.0,1.0,5.0,3199.0,639.8,29000.0,5800.0,2.0,5.0,21.0,6.0,1.0,2.0,3100.0,516.6666666666666,36000.0,6000.0,0.0,6.0,25.0,1.0,0.0,-3.0,-99.0,-123.13333333333333,7000.0,200.0,-2.0,1.0,4.0,1,1
34452,BA,CASTRO ALVES,2.0,1.0,1.0,1000.0,500.0,15000.0,7500.0,0.0,1.0,236.0,2.0,1.0,1.0,1074.0,537.0,16000.0,8000.0,0.0,1.0,247.0,0.0,0.0,0.0,74.0,37.0,1000.0,500.0,0.0,0.0,11.0,1,1
34495,BA,CATU,3.0,1.0,3.0,1464.0,488.0,16500.0,5500.0,1.0,3.0,27.0,2.0,1.0,2.0,800.0,400.0,14000.0,7000.0,0.0,2.0,5.0,-1.0,0.0,-1.0,-664.0,-88.0,-2500.0,1500.0,-1.0,-1.0,-22.0,1,1
34509,BA,CATURAMA,4.0,1.0,1.0,1520.0,380.0,14000.0,3500.0,4.0,1.0,134.0,2.0,1.0,1.0,766.0,383.0,7000.0,3500.0,2.0,1.0,79.0,-2.0,0.0,0.0,-754.0,3.0,-7000.0,0.0,-2.0,0.0,-55.0,1,1
34517,BA,CENTRAL,1.0,1.0,1.0,458.0,458.0,7500.0,7500.0,0.0,1.0,9.0,5.0,1.0,2.0,1795.0,359.0,70000.0,14000.0,0.0,4.0,83.0,4.0,0.0,1.0,1337.0,-99.0,62500.0,6500.0,0.0,3.0,74.0,1,1
34550,BA,CÍCERO DANTAS,4.0,1.0,4.0,3025.0,756.25,15500.0,3875.0,3.0,1.0,94.0,3.0,1.0,3.0,1511.0,503.6666666666667,24000.0,8000.0,0.0,0.0,59.0,-1.0,0.0,-1.0,-1514.0,-252.58333333333331,8500.0,4125.0,-3.0,-1.0,-35.0,1,1
34576,BA,CIPÓ,2.0,1.0,2.0,1099.0,549.5,7000.0,3500.0,1.0,0.0,36.0,2.0,1.0,2.0,1200.0,600.0,11000.0,5500.0,0.0,1.0,33.0,0.0,0.0,0.0,101.0,50.5,4000.0,2000.0,-1.0,1.0,-3.0,1,1
34592,BA,COARACI,9.0,1.0,4.0,5071.0,563.4444444444445,54500.0,6055.555555555556,7.0,3.0,245.0,15.0,1.0,4.0,9280.0,618.6666666666666,85932.0,5728.8,12.0,5.0,205.0,6.0,0.0,0.0,4209.0,55.22222222222217,31432.0,-326.7555555555555,5.0,2.0,-40.0,1,1
34614,BA,COCOS,5.0,1.0,2.0,1653.0,330.6,28000.0,5600.0,4.0,0.0,146.0,4.0,1.0,3.0,1500.0,375.0,35000.0,8750.0,1.0,4.0,20.0,-1.0,0.0,1.0,-153.0,44.39999999999998,7000.0,3150.0,-3.0,4.0,-126.0,1,1
34630,BA,CONCEIÇÃO DA FEIRA,3.0,1.0,2.0,1385.0,461.6666666666667,15000.0,5000.0,1.0,1.0,52.0,2.0,1.0,2.0,984.0,492.0,11000.0,5500.0,0.0,0.0,253.0,-1.0,0.0,0.0,-401.0,30.333333333333314,-4000.0,500.0,-1.0,-1.0,201.0,1,1
34673,BA,CONCEIÇÃO DO COITÉ,1.0,1.0,1.0,400.0,400.0,7000.0,7000.0,0.0,1.0,6.0,3.0,1.0,1.0,3100.0,1033.3333333333333,28000.0,9333.333333333334,0.0,1.0,183.0,2.0,0.0,0.0,2700.0,633.3333333333333,21000.0,2333.333333333334,0.0,0.0,177.0,1,1
34711,BA,CONDE,0.0,0.0,0.0,0.0,,,,0.0,0.0,,2.0,1.0,2.0,763.0,381.5,13000.0,6500.0,0.0,1.0,42.0,2.0,1.0,2.0,763.0,,,,0.0,1.0,,0,1
34738,BA,CONDEÚBA,1.0,1.0,1.0,757.0,757.0,2000.0,2000.0,1.0,1.0,20.0,3.0,1.0,3.0,1180.0,393.3333333333333,16000.0,5333.333333333333,0.0,2.0,39.0,2.0,0.0,2.0,423.0,-363.6666666666667,14000.0,3333.333333333333,-1.0,1.0,19.0,1,1
34754,BA,CONTENDAS DO SINCORÁ,0.0,0.0,0.0,0.0,,,,0.0,0.0,,2.0,1.0,1.0,760.0,380.0,7800.0,3900.0,0.0,1.0,50.0,2.0,1.0,1.0,760.0,,,,0.0,1.0,,0,1
34797,BA,CORDEIROS,0.0,0.0,0.0,0.0,,,,0.0,0.0,,1.0,1.0,1.0,182.0,182.0,3500.0,3500.0,1.0,1.0,12.0,1.0,1.0,1.0,182.0,,,,1.0,1.0,,0,1
34819,BA,CORIBE,1.0,1.0,1.0,460.0,460.0,8000.0,8000.0,0.0,0.0,159.0,1.0,1.0,1.0,458.0,458.0,5000.0,5000.0,0.0,0.0,55.0,0.0,0.0,0.0,-2.0,-2.0,-3000.0,-3000.0,0.0,0.0,-104.0,1,1
34851,BA,CORRENTINA,3.0,1.0,3.0,1577.0,525.6666666666666,29000.0,9666.666666666666,1.0,2.0,35.0,4.0,1.0,3.0,1679.0,419.75,37800.0,9450.0,0.0,2.0,104.0,1.0,0.0,0.0,102.0,-105.91666666666663,8800.0,-216.66666666666606,-1.0,0.0,69.0,1,1
34916,BA,CRISÓPOLIS,1.0,1.0,1.0,442.0,442.0,5000.0,5000.0,0.0,1.0,5.0,2.0,1.0,2.0,1087.0,543.5,13000.0,6500.0,0.0,1.0,228.0,1.0,0.0,1.0,645.0,101.5,8000.0,1500.0,0.0,0.0,223.0,1,1
34932,BA,CRISTÓPOLIS,0.0,0.0,0.0,0.0,,,,0.0,0.0,,2.0,1.0,2.0,855.0,427.5,14000.0,7000.0,0.0,2.0,7.0,2.0,1.0,2.0,855.0,,,,0.0,2.0,,0,1
34959,BA,CRUZ DAS ALMAS,0.0,0.0,0.0,0.0,,,,0.0,0.0,,2.0,1.0,1.0,1095.0,547.5,16000.0,8000.0,0.0,1.0,229.0,2.0,1.0,1.0,1095.0,,,,0.0,1.0,,0,1
34975,BA,CURAÇÁ,0.0,0.0,0.0,0.0,,,,0.0,0.0,,1.0,1.0,1.0,467.0,467.0,6000.0,6000.0,0.0,0.0,93.0,1.0,1.0,1.0,467.0,,,,0.0,0.0,,0,1
34991,BA,DÁRIO MEIRA,0.0,0.0,0.0,0.0,,,,0.0,0.0,,1.0,1.0,1.0,372.0,372.0,6000.0,6000.0,0.0,1.0,26.0,1.0,1.0,1.0,372.0,,,,0.0,1.0,,0,1
35017,BA,DOM BASÍLIO,3.0,1.0,2.0,1072.0,357.3333333333333,10200.0,3400.0,3.0,0.0,241.0,2.0,1.0,1.0,636.0,318.0,7000.0,3500.0,2.0,1.0,184.0,-1.0,0.0,-1.0,-436.0,-39.333333333333314,-3200.0,100.0,-1.0,1.0,-57.0,1,1
35033,BA,DOM MACEDO COSTA,0.0,0.0,0.0,0.0,,,,0.0,0.0,,2.0,1.0,1.0,751.0,375.5,12000.0,6000.0,2.0,1.0,39.0,2.0,1.0,1.0,751.0,,,,2.0,1.0,,0,1
35076,BA,ENCRUZILHADA,0.0,0.0,0.0,0.0,,,,0.0,0.0,,2.0,1.0,1.0,926.0,463.0,12000.0,6000.0,1.0,1.0,101.0,2.0,1.0,1.0,926.0,,,,1.0,1.0,,0,1
35092,BA,ENTRE RIOS,2.0,1.0,2.0,1123.0,561.5,9120.0,4560.0,2.0,1.0,47.0,2.0,1.0,2.0,1241.0,620.5,13500.0,6750.0,0.0,1.0,224.0,0.0,0.0,0.0,118.0,59.0,4380.0,2190.0,-2.0,0.0,177.0,1,1
35114,BA,ESPLANADA,0.0,0.0,0.0,0.0,,,,0.0,0.0,,4.0,1.0,3.0,1580.0,395.0,27000.0,6750.0,0.0,3.0,117.0,4.0,1.0,3.0,1580.0,,,,0.0,3.0,,0,1
35130,BA,EUCLIDES DA CUNHA,4.0,1.0,2.0,2224.0,556.0,31000.0,7750.0,0.0,1.0,110.0,2.0,1.0,2.0,1195.0,597.5,23000.0,11500.0,2.0,1.0,214.0,-2.0,0.0,0.0,-1029.0,41.5,-8000.0,3750.0,2.0,0.0,104.0,1,1
35157,BA,FEIRA DE SANTANA,13.0,1.0,6.0,9580.0,736.9230769230769,95694.5,7361.115384615385,2.0,3.0,134.0,22.0,1.0,10.0,16166.0,734.8181818181819,334823.66000000003,15219.257272727275,1.0,11.0,197.0,9.0,0.0,4.0,6586.0,-2.1048951048950357,239129.16000000003,7858.14188811189,-1.0,8.0,63.0,1,1
35173,BA,FIRMINO ALVES,0.0,0.0,0.0,0.0,,,,0.0,0.0,,1.0,1.0,1.0,357.0,357.0,6000.0,6000.0,0.0,0.0,100.0,1.0,1.0,1.0,357.0,,,,0.0,0.0,,0,1
35211,BA,FORMOSA DO RIO PRETO,0.0,0.0,0.0,0.0,,,,0.0,0.0,,1.0,1.0,1.0,800.0,800.0,6000.0,6000.0,1.0,1.0,16.0,1.0,1.0,1.0,800.0,,,,1.0,1.0,,0,1
35238,BA,GANDU,2.0,1.0,2.0,1166.0,583.0,12500.0,6250.0,0.0,1.0,94.0,4.0,1.0,1.0,1730.0,432.5,24000.0,6000.0,1.0,1.0,200.0,2.0,0.0,-1.0,564.0,-150.5,11500.0,-250.0,1.0,0.0,106.0,1,1
35254,BA,GENTIO DO OURO,1.0,1.0,1.0,369.0,369.0,7500.0,7500.0,0.0,1.0,9.0,0.0,0.0,0.0,0.0,,,,0.0,0.0,,-1.0,-1.0,-1.0,-369.0,,,,0.0,-1.0,,0,1
35270,BA,GLÓRIA,0.0,0.0,0.0,0.0,,,,0.0,0.0,,1.0,1.0,1.0,392.0,392.0,5000.0,5000.0,0.0,0.0,32.0,1.0,1.0,1.0,392.0,,,,0.0,0.0,,0,1
35297,BA,GONGOGI,0.0,0.0,0.0,0.0,,,,0.0,0.0,,1.0,1.0,1.0,390.0,390.0,6000.0,6000.0,0.0,0.0,126.0,1.0,1.0,1.0,390.0,,,,0.0,0.0,,0,1
35319,BA,GOVERNADOR MANGABEIRA,1.0,1.0,1.0,584.0,584.0,5000.0,5000.0,0.0,1.0,15.0,1.0,1.0,1.0,377.0,377.0,5000.0,5000.0,1.0,0.0,44.0,0.0,0.0,0.0,-207.0,-207.0,0.0,0.0,1.0,-1.0,29.0,1,1
35335,BA,GUANAMBI,2.0,1.0,2.0,1029.0,514.5,29850.0,14925.0,0.0,1.0,60.0,0.0,0.0,0.0,0.0,,,,0.0,0.0,,-2.0,-1.0,-2.0,-1029.0,,,,0.0,-1.0,,0,1
35378,BA,IAÇU,0.0,0.0,0.0,0.0,,,,0.0,0.0,,4.0,1.0,2.0,2050.0,512.5,31000.0,7750.0,0.0,3.0,38.0,4.0,1.0,2.0,2050.0,,,,0.0,3.0,,0,1
35394,BA,IBIASSUCÊ,0.0,0.0,0.0,0.0,,,,0.0,0.0,,3.0,1.0,3.0,1308.0,436.0,22193.0,7397.666666666667,1.0,0.0,84.0,3.0,1.0,3.0,1308.0,,,,1.0,0.0,,0,1
35416,BA,IBICARAÍ,1.0,1.0,1.0,430.0,430.0,8000.0,8000.0,0.0,1.0,6.0,1.0,1.0,1.0,414.0,414.0,5000.0,5000.0,0.0,1.0,8.0,0.0,0.0,0.0,-16.0,-16.0,-3000.0,-3000.0,0.0,0.0,2.0,1,1
35432,BA,IBICOARA,2.0,1.0,2.0,1048.0,524.0,9000.0,4500.0,2.0,2.0,19.0,0.0,0.0,0.0,0.0,,,,0.0,0.0,,-2.0,-1.0,-2.0,-1048.0,,,,-2.0,-2.0,,0,1
35459,BA,IBICUÍ,1.0,1.0,1.0,579.0,579.0,5000.0,5000.0,0.0,1.0,11.0,0.0,0.0,0.0,0.0,,,,0.0,0.0,,-1.0,-1.0,-1.0,-579.0,,,,0.0,-1.0,,0,1
35475,BA,IBIPEBA,1.0,1.0,1.0,385.0,385.0,15000.0,15000.0,1.0,0.0,97.0,1.0,1.0,1.0,574.0,574.0,12000.0,12000.0,0.0,0.0,54.0,0.0,0.0,0.0,189.0,189.0,-3000.0,-3000.0,-1.0,0.0,-43.0,1,1
35491,BA,SANTA RITA DE CÁSSIA,0.0,0.0,0.0,0.0,,,,0.0,0.0,,2.0,1.0,2.0,1050.0,525.0,22000.0,11000.0,0.0,2.0,12.0,2.0,1.0,2.0,1050.0,,,,0.0,2.0,,0,1
35513,BA,IBIPITANGA,5.0,1.0,3.0,1938.0,387.6,18500.0,3700.0,5.0,2.0,141.0,4.0,1.0,3.0,1671.0,417.75,15500.0,3875.0,4.0,2.0,57.0,-1.0,0.0,0.0,-267.0,30.149999999999977,-3000.0,175.0,-1.0,0.0,-84.0,1,1
35556,BA,IBIRAPITANGA,2.0,1.0,1.0,1344.0,672.0,10000.0,5000.0,1.0,1.0,85.0,3.0,1.0,1.0,1566.0,522.0,12066.0,4022.0,0.0,3.0,19.0,1.0,0.0,0.0,222.0,-150.0,2066.0,-978.0,-1.0,2.0,-66.0,1,1
35599,BA,IBIRATAIA,2.0,1.0,1.0,963.0,481.5,8000.0,4000.0,2.0,1.0,38.0,6.0,1.0,5.0,2347.0,391.1666666666667,39933.0,6655.5,2.0,5.0,125.0,4.0,0.0,4.0,1384.0,-90.33333333333331,31933.0,2655.5,0.0,4.0,87.0,1,1
35610,BA,IBITIARA,3.0,1.0,3.0,1130.0,376.6666666666667,10000.0,3333.3333333333335,2.0,3.0,18.0,2.0,1.0,1.0,520.0,260.0,7000.0,3500.0,2.0,1.0,71.0,-1.0,0.0,-2.0,-610.0,-116.66666666666669,-3000.0,166.66666666666652,0.0,-2.0,53.0,1,1
35637,BA,IBITITÁ,11.0,1.0,5.0,8607.0,782.4545454545455,106000.0,9636.363636363636,7.0,3.0,178.0,3.0,1.0,3.0,1671.0,557.0,37000.0,12333.333333333334,0.0,1.0,139.0,-8.0,0.0,-2.0,-6936.0,-225.4545454545455,-69000.0,2696.969696969698,-7.0,-2.0,-39.0,1,1
35653,BA,IBOTIRAMA,2.0,1.0,1.0,1350.0,675.0,11000.0,5500.0,0.0,1.0,99.0,0.0,0.0,0.0,0.0,,,,0.0,0.0,,-2.0,-1.0,-1.0,-1350.0,,,,0.0,-1.0,,0,1
35700,BA,IGRAPIÚNA,0.0,0.0,0.0,0.0,,,,0.0,0.0,,1.0,1.0,1.0,400.0,400.0,8000.0,8000.0,0.0,1.0,8.0,1.0,1.0,1.0,400.0,,,,0.0,1.0,,0,1
35718,BA,IGUAÍ,0.0,0.0,0.0,0.0,,,,0.0,0.0,,1.0,1.0,1.0,378.0,378.0,5000.0,5000.0,1.0,0.0,31.0,1.0,1.0,1.0,378.0,,,,1.0,0.0,,0,1
35734,BA,ILHÉUS,1.0,1.0,1.0,600.0,600.0,8000.0,8000.0,0.0,1.0,13.0,6.0,1.0,5.0,3600.0,600.0,128500.0,21416.666666666668,3.0,6.0,19.0,5.0,0.0,4.0,3000.0,0.0,120500.0,13416.666666666668,3.0,5.0,6.0,1,1
35777,BA,IPECAETÁ,2.0,1.0,2.0,811.0,405.5,18000.0,9000.0,1.0,2.0,14.0,3.0,1.0,1.0,1728.0,576.0,18000.0,6000.0,1.0,1.0,194.0,1.0,0.0,-1.0,917.0,170.5,0.0,-3000.0,0.0,-1.0,180.0,1,1
35793,BA,IPIAÚ,3.0,1.0,2.0,1785.0,595.0,32000.0,10666.666666666666,0.0,3.0,29.0,2.0,1.0,1.0,900.0,450.0,19000.0,9500.0,0.0,1.0,44.0,-1.0,0.0,-1.0,-885.0,-145.0,-13000.0,-1166.666666666666,0.0,-2.0,15.0,1,1
35815,BA,IPIRÁ,4.0,1.0,4.0,2295.0,573.75,19500.0,4875.0,0.0,2.0,64.0,1.0,1.0,1.0,594.0,594.0,8000.0,8000.0,0.0,0.0,154.0,-3.0,0.0,-3.0,-1701.0,20.25,-11500.0,3125.0,0.0,-2.0,90.0,1,1
35831,BA,IPUPIARA,1.0,1.0,1.0,603.0,603.0,6000.0,6000.0,0.0,0.0,43.0,9.0,1.0,5.0,3399.0,377.6666666666667,37500.0,4166.666666666667,6.0,3.0,134.0,8.0,0.0,4.0,2796.0,-225.33333333333331,31500.0,-1833.333333333333,6.0,3.0,91.0,1,1
35874,BA,IRAMAIA,1.0,1.0,1.0,560.0,560.0,5000.0,5000.0,0.0,1.0,10.0,3.0,1.0,2.0,1136.0,378.6666666666667,21000.0,7000.0,1.0,2.0,53.0,2.0,0.0,1.0,576.0,-181.33333333333331,16000.0,2000.0,1.0,1.0,43.0,1,1
35890,BA,IRAQUARA,2.0,1.0,1.0,752.0,376.0,10000.0,5000.0,2.0,1.0,39.0,3.0,1.0,2.0,1152.0,384.0,29500.0,9833.333333333334,1.0,3.0,28.0,1.0,0.0,1.0,400.0,8.0,19500.0,4833.333333333334,-1.0,2.0,-11.0,1,1
35912,BA,IRARÁ,3.0,1.0,3.0,1682.0,560.6666666666666,14000.0,4666.666666666667,1.0,2.0,47.0,6.0,1.0,4.0,3210.0,535.0,45000.0,7500.0,0.0,4.0,69.0,3.0,0.0,1.0,1528.0,-25.66666666666663,31000.0,2833.333333333333,-1.0,2.0,22.0,1,1
35939,BA,IRECÊ,10.0,1.0,5.0,6483.0,648.3,53500.0,5350.0,4.0,10.0,24.0,11.0,1.0,5.0,7549.0,686.2727272727273,98900.0,8990.90909090909,0.0,4.0,166.0,1.0,0.0,0.0,1066.0,37.9727272727273,45400.0,3640.90909090909,-4.0,-6.0,142.0,1,1
35947,BA,ITABELA,2.0,1.0,2.0,1600.0,800.0,7108.0,3554.0,1.0,1.0,112.0,0.0,0.0,0.0,0.0,,,,0.0,0.0,,-2.0,-1.0,-2.0,-1600.0,,,,-1.0,-1.0,,0,1
35955,BA,ITABERABA,1.0,1.0,1.0,775.0,775.0,10000.0,10000.0,0.0,0.0,124.0,4.0,1.0,2.0,2730.0,682.5,88000.0,22000.0,0.0,4.0,26.0,3.0,0.0,1.0,1955.0,-92.5,78000.0,12000.0,0.0,4.0,-98.0,1,1
35971,BA,ITABUNA,7.0,1.0,5.0,4750.0,678.5714285714286,40561.0,5794.428571428572,2.0,6.0,75.0,5.0,1.0,5.0,3448.0,689.6,102000.0,20400.0,2.0,3.0,153.0,-2.0,0.0,0.0,-1302.0,11.028571428571468,61439.0,14605.571428571428,0.0,-3.0,78.0,1,1
36013,BA,ITAETÉ,0.0,0.0,0.0,0.0,,,,0.0,0.0,,1.0,1.0,1.0,380.0,380.0,6000.0,6000.0,0.0,1.0,8.0,1.0,1.0,1.0,380.0,,,,0.0,1.0,,0,1
36030,BA,ITAGI,1.0,1.0,1.0,738.0,738.0,5000.0,5000.0,0.0,0.0,82.0,1.0,1.0,1.0,374.0,374.0,6000.0,6000.0,0.0,0.0,98.0,0.0,0.0,0.0,-364.0,-364.0,1000.0,1000.0,0.0,0.0,16.0,1,1
36056,BA,ITAGIBÁ,0.0,0.0,0.0,0.0,,,,0.0,0.0,,1.0,1.0,1.0,579.0,579.0,6000.0,6000.0,0.0,0.0,78.0,1.0,1.0,1.0,579.0,,,,0.0,0.0,,0,1
36072,BA,ITAGIMIRIM,0.0,0.0,0.0,0.0,,,,0.0,0.0,,2.0,1.0,1.0,900.0,450.0,9500.0,4750.0,0.0,2.0,15.0,2.0,1.0,1.0,900.0,,,,0.0,2.0,,0,1
36080,BA,ITAGUAÇU DA BAHIA,3.0,1.0,1.0,900.0,300.0,45000.0,15000.0,3.0,1.0,70.0,1.0,1.0,1.0,600.0,600.0,7000.0,7000.0,0.0,1.0,17.0,-2.0,0.0,0.0,-300.0,300.0,-38000.0,-8000.0,-3.0,0.0,-53.0,1,1
36099,BA,ITAJU DO COLÔNIA,2.0,1.0,2.0,873.0,436.5,11000.0,5500.0,1.0,1.0,46.0,3.0,1.0,2.0,1111.0,370.3333333333333,16000.0,5333.333333333333,0.0,1.0,124.0,1.0,0.0,0.0,238.0,-66.16666666666669,5000.0,-166.66666666666697,-1.0,0.0,78.0,1,1
36110,BA,ITAJUÍPE,2.0,1.0,1.0,1100.0,550.0,14000.0,7000.0,2.0,2.0,27.0,4.0,1.0,2.0,2267.0,566.75,22133.0,5533.25,3.0,2.0,151.0,2.0,0.0,1.0,1167.0,16.75,8133.0,-1466.75,1.0,0.0,124.0,1,1
36137,BA,ITAMARAJU,0.0,0.0,0.0,0.0,,,,0.0,0.0,,4.0,1.0,3.0,2060.0,515.0,35633.0,8908.25,1.0,4.0,18.0,4.0,1.0,3.0,2060.0,,,,1.0,4.0,,0,1
36196,BA,ITANAGRA,1.0,1.0,1.0,202.0,202.0,15000.0,15000.0,1.0,0.0,34.0,2.0,1.0,1.0,850.0,425.0,11000.0,5500.0,0.0,0.0,208.0,1.0,0.0,0.0,648.0,223.0,-4000.0,-9500.0,-1.0,0.0,174.0,1,1
36218,BA,ITANHÉM,0.0,0.0,0.0,0.0,,,,0.0,0.0,,1.0,1.0,1.0,400.0,400.0,10000.0,10000.0,0.0,1.0,5.0,1.0,1.0,1.0,400.0,,,,0.0,1.0,,0,1
36250,BA,ITAPÉ,1.0,1.0,1.0,430.0,430.0,4000.0,4000.0,0.0,1.0,17.0,2.0,1.0,2.0,901.0,450.5,10000.0,5000.0,0.0,2.0,21.0,1.0,0.0,1.0,471.0,20.5,6000.0,1000.0,0.0,1.0,4.0,1,1
36277,BA,ITAPEBI,2.0,1.0,2.0,1385.0,692.5,7108.0,3554.0,1.0,0.0,125.0,1.0,1.0,1.0,500.0,500.0,5000.0,5000.0,0.0,0.0,57.0,-1.0,0.0,-1.0,-885.0,-192.5,-2108.0,1446.0,-1.0,0.0,-68.0,1,1
36293,BA,ITAPETINGA,0.0,0.0,0.0,0.0,,,,0.0,0.0,,4.0,1.0,4.0,2700.0,675.0,57000.0,14250.0,0.0,4.0,26.0,4.0,1.0,4.0,2700.0,,,,0.0,4.0,,0,1
36315,BA,ITAPICURU,0.0,0.0,0.0,0.0,,,,0.0,0.0,,1.0,1.0,1.0,468.0,468.0,5000.0,5000.0,1.0,1.0,30.0,1.0,1.0,1.0,468.0,,,,1.0,1.0,,0,1
36331,BA,ITAPITANGA,2.0,1.0,1.0,800.0,400.0,14000.0,7000.0,2.0,2.0,28.0,3.0,1.0,2.0,1190.0,396.6666666666667,16000.0,5333.333333333333,2.0,1.0,80.0,1.0,0.0,1.0,390.0,-3.3333333333333144,2000.0,-1666.666666666667,0.0,-1.0,52.0,1,1
36374,BA,ITARANTIM,0.0,0.0,0.0,0.0,,,,0.0,0.0,,1.0,1.0,1.0,420.0,420.0,6000.0,6000.0,0.0,1.0,24.0,1.0,1.0,1.0,420.0,,,,0.0,1.0,,0,1
36382,BA,ITATIM,1.0,1.0,1.0,385.0,385.0,15000.0,15000.0,1.0,0.0,100.0,0.0,0.0,0.0,0.0,,,,0.0,0.0,,-1.0,-1.0,-1.0,-385.0,,,,-1.0,0.0,,0,1
36390,BA,ITIRUÇU,1.0,1.0,1.0,573.0,573.0,5000.0,5000.0,1.0,0.0,44.0,1.0,1.0,1.0,372.0,372.0,6000.0,6000.0,1.0,1.0,4.0,0.0,0.0,0.0,-201.0,-201.0,1000.0,1000.0,0.0,1.0,-40.0,1,1
36412,BA,ITIÚBA,2.0,1.0,2.0,991.0,495.5,10800.0,5400.0,0.0,1.0,52.0,2.0,1.0,1.0,936.0,468.0,12000.0,6000.0,0.0,1.0,75.0,0.0,0.0,-1.0,-55.0,-27.5,1200.0,600.0,0.0,0.0,23.0,1,1
36439,BA,ITORORÓ,0.0,0.0,0.0,0.0,,,,0.0,0.0,,1.0,1.0,1.0,461.0,461.0,6000.0,6000.0,0.0,0.0,87.0,1.0,1.0,1.0,461.0,,,,0.0,0.0,,0,1
36471,BA,ITUBERÁ,0.0,0.0,0.0,0.0,,,,0.0,0.0,,2.0,1.0,2.0,1200.0,600.0,12000.0,6000.0,0.0,2.0,14.0,2.0,1.0,2.0,1200.0,,,,0.0,2.0,,0,1
36510,BA,JACOBINA,2.0,1.0,2.0,997.0,498.5,9000.0,4500.0,0.0,1.0,65.0,4.0,1.0,3.0,2100.0,525.0,29000.0,7250.0,0.0,1.0,157.0,2.0,0.0,1.0,1103.0,26.5,20000.0,2750.0,0.0,0.0,92.0,1,1
36552,BA,JAGUARARI,4.0,1.0,3.0,2030.0,507.5,36000.0,9000.0,2.0,3.0,98.0,1.0,1.0,1.0,400.0,400.0,8000.0,8000.0,0.0,1.0,12.0,-3.0,0.0,-2.0,-1630.0,-107.5,-28000.0,-1000.0,-2.0,-2.0,-86.0,1,1
36579,BA,JAGUARIPE,0.0,0.0,0.0,0.0,,,,0.0,0.0,,1.0,1.0,1.0,581.0,581.0,6000.0,6000.0,0.0,0.0,200.0,1.0,1.0,1.0,581.0,,,,0.0,0.0,,0,1
36595,BA,JANDAÍRA,0.0,0.0,0.0,0.0,,,,0.0,0.0,,5.0,1.0,3.0,1672.0,334.4,25000.0,5000.0,0.0,2.0,99.0,5.0,1.0,3.0,1672.0,,,,0.0,2.0,,0,1
36617,BA,JEQUIÉ,4.0,1.0,2.0,2760.0,690.0,22000.0,5500.0,3.0,2.0,49.0,4.0,1.0,2.0,2796.0,699.0,36000.0,9000.0,0.0,1.0,198.0,0.0,0.0,0.0,36.0,9.0,14000.0,3500.0,-3.0,-1.0,149.0,1,1
36633,BA,JEREMOABO,6.0,1.0,3.0,3011.0,501.8333333333333,20100.0,3350.0,4.0,6.0,22.0,0.0,0.0,0.0,0.0,,,,0.0,0.0,,-6.0,-1.0,-3.0,-3011.0,,,,-4.0,-6.0,,0,1
36650,BA,JIQUIRIÇÁ,2.0,1.0,1.0,1156.0,578.0,15000.0,7500.0,1.0,0.0,138.0,1.0,1.0,1.0,374.0,374.0,5000.0,5000.0,0.0,0.0,31.0,-1.0,0.0,0.0,-782.0,-204.0,-10000.0,-2500.0,-1.0,0.0,-107.0,1,1
36692,BA,JUAZEIRO,5.0,1.0,3.0,3920.0,784.0,38000.0,7600.0,1.0,3.0,60.0,8.0,1.0,4.0,4617.0,577.125,82000.0,10250.0,0.0,7.0,133.0,3.0,0.0,1.0,697.0,-206.875,44000.0,2650.0,-1.0,4.0,73.0,1,1
36706,BA,JUCURUÇU,0.0,0.0,0.0,0.0,,,,0.0,0.0,,1.0,1.0,1.0,400.0,400.0,10000.0,10000.0,1.0,1.0,6.0,1.0,1.0,1.0,400.0,,,,1.0,1.0,,0,1
36714,BA,JUSSARA,6.0,1.0,4.0,3494.0,582.3333333333334,62500.0,10416.666666666666,3.0,3.0,89.0,3.0,1.0,1.0,1200.0,400.0,16800.0,5600.0,0.0,2.0,70.0,-3.0,0.0,-3.0,-2294.0,-182.33333333333337,-45700.0,-4816.666666666666,-3.0,-1.0,-19.0,1,1
36730,BA,JUSSIAPE,2.0,1.0,2.0,774.0,387.0,7000.0,3500.0,2.0,1.0,99.0,0.0,0.0,0.0,0.0,,,,0.0,0.0,,-2.0,-1.0,-2.0,-774.0,,,,-2.0,-1.0,,0,1
36757,BA,LAFAIETE COUTINHO,1.0,1.0,1.0,516.0,516.0,5000.0,5000.0,1.0,0.0,73.0,3.0,1.0,3.0,1127.0,375.6666666666667,14000.0,4666.666666666667,0.0,2.0,35.0,2.0,0.0,2.0,611.0,-140.33333333333331,9000.0,-333.33333333333303,-1.0,2.0,-38.0,1,1
36765,BA,LAGOA REAL,0.0,0.0,0.0,0.0,,,,0.0,0.0,,1.0,1.0,1.0,270.0,270.0,9000.0,9000.0,0.0,1.0,3.0,1.0,1.0,1.0,270.0,,,,0.0,1.0,,0,1
36773,BA,LAJE,0.0,0.0,0.0,0.0,,,,0.0,0.0,,3.0,1.0,2.0,1374.0,458.0,18000.0,6000.0,1.0,2.0,37.0,3.0,1.0,2.0,1374.0,,,,1.0,2.0,,0,1
36790,BA,LAJEDÃO,3.0,1.0,2.0,1073.0,357.6666666666667,16500.0,5500.0,3.0,3.0,26.0,3.0,1.0,2.0,1114.0,371.3333333333333,15000.0,5000.0,2.0,2.0,43.0,0.0,0.0,0.0,41.0,13.666666666666629,-1500.0,-500.0,-1.0,-1.0,17.0,1,1
36838,BA,LAMARÃO,0.0,0.0,0.0,0.0,,,,0.0,0.0,,1.0,1.0,1.0,369.0,369.0,6000.0,6000.0,0.0,0.0,117.0,1.0,1.0,1.0,369.0,,,,0.0,0.0,,0,1
36854,BA,LAURO DE FREITAS,6.0,1.0,4.0,3260.0,543.3333333333334,31000.0,5166.666666666667,2.0,2.0,57.0,13.0,1.0,6.0,9957.0,765.9230769230769,328000.0,25230.76923076923,2.0,6.0,197.0,7.0,0.0,2.0,6697.0,222.58974358974353,297000.0,20064.102564102563,0.0,4.0,140.0,1,1
36897,BA,LICÍNIO DE ALMEIDA,0.0,0.0,0.0,0.0,,,,0.0,0.0,,1.0,1.0,1.0,370.0,370.0,7000.0,7000.0,0.0,0.0,53.0,1.0,1.0,1.0,370.0,,,,0.0,0.0,,0,1
36919,BA,LIVRAMENTO DE NOSSA SENHORA,15.0,1.0,5.0,6833.0,455.53333333333336,61033.0,4068.866666666667,15.0,6.0,253.0,11.0,1.0,5.0,4668.0,424.3636363636364,51000.0,4636.363636363636,6.0,2.0,83.0,-4.0,0.0,0.0,-2165.0,-31.169696969696986,-10033.0,567.4969696969692,-9.0,-4.0,-170.0,1,1
36935,BA,MACAJUBA,0.0,0.0,0.0,0.0,,,,0.0,0.0,,1.0,1.0,1.0,453.0,453.0,10000.0,10000.0,0.0,0.0,37.0,1.0,1.0,1.0,453.0,,,,0.0,0.0,,0,1
36951,BA,MACARANI,0.0,0.0,0.0,0.0,,,,0.0,0.0,,2.0,1.0,2.0,1300.0,650.0,13200.0,6600.0,0.0,2.0,11.0,2.0,1.0,2.0,1300.0,,,,0.0,2.0,,0,1
36978,BA,MACAÚBAS,1.0,1.0,1.0,309.0,309.0,3500.0,3500.0,1.0,1.0,24.0,3.0,1.0,3.0,1716.0,572.0,24500.0,8166.666666666667,1.0,1.0,34.0,2.0,0.0,2.0,1407.0,263.0,21000.0,4666.666666666667,0.0,0.0,10.0,1,1
37010,BA,MAIQUINIQUE,0.0,0.0,0.0,0.0,,,,0.0,0.0,,1.0,1.0,1.0,400.0,400.0,12500.0,12500.0,1.0,1.0,7.0,1.0,1.0,1.0,400.0,,,,1.0,1.0,,0,1
37036,BA,MAIRI,1.0,1.0,1.0,400.0,400.0,4000.0,4000.0,0.0,1.0,3.0,1.0,1.0,1.0,461.0,461.0,6000.0,6000.0,1.0,0.0,76.0,0.0,0.0,0.0,61.0,61.0,2000.0,2000.0,1.0,-1.0,73.0,1,1
37052,BA,MALHADA,0.0,0.0,0.0,0.0,,,,0.0,0.0,,2.0,1.0,2.0,765.0,382.5,18300.0,9150.0,0.0,2.0,11.0,2.0,1.0,2.0,765.0,,,,0.0,2.0,,0,1
37095,BA,MANOEL VITORINO,0.0,0.0,0.0,0.0,,,,0.0,0.0,,5.0,1.0,3.0,2555.0,511.0,22200.0,4440.0,0.0,3.0,70.0,5.0,1.0,3.0,2555.0,,,,0.0,3.0,,0,1
37117,BA,MARACÁS,2.0,1.0,2.0,1000.0,500.0,9500.0,4750.0,0.0,1.0,38.0,9.0,1.0,7.0,4287.0,476.3333333333333,59500.0,6611.111111111111,2.0,5.0,109.0,7.0,0.0,5.0,3287.0,-23.666666666666686,50000.0,1861.1111111111113,2.0,4.0,71.0,1,1
37133,BA,MARAGOGIPE,1.0,1.0,1.0,700.0,700.0,7000.0,7000.0,0.0,1.0,5.0,0.0,0.0,0.0,0.0,,,,0.0,0.0,,-1.0,-1.0,-1.0,-700.0,,,,0.0,-1.0,,0,1
37192,BA,MASCOTE,0.0,0.0,0.0,0.0,,,,0.0,0.0,,1.0,1.0,1.0,515.0,515.0,6000.0,6000.0,0.0,0.0,123.0,1.0,1.0,1.0,515.0,,,,0.0,0.0,,0,1
37214,BA,MATA DE SÃO JOÃO,2.0,1.0,2.0,1102.0,551.0,8500.0,4250.0,0.0,1.0,44.0,1.0,1.0,1.0,592.0,592.0,6000.0,6000.0,0.0,0.0,223.0,-1.0,0.0,-1.0,-510.0,41.0,-2500.0,1750.0,0.0,-1.0,179.0,1,1
37222,BA,MATINA,2.0,1.0,2.0,973.0,486.5,10000.0,5000.0,1.0,2.0,11.0,0.0,0.0,0.0,0.0,,,,0.0,0.0,,-2.0,-1.0,-2.0,-973.0,,,,-1.0,-2.0,,0,1
37230,BA,MEDEIROS NETO,1.0,1.0,1.0,500.0,500.0,8000.0,8000.0,1.0,1.0,6.0,2.0,1.0,2.0,830.0,415.0,10500.0,5250.0,1.0,1.0,39.0,1.0,0.0,1.0,330.0,-85.0,2500.0,-2750.0,0.0,0.0,33.0,1,1
37257,BA,MIGUEL CALMON,0.0,0.0,0.0,0.0,,,,0.0,0.0,,5.0,1.0,5.0,2260.0,452.0,36500.0,7300.0,1.0,3.0,72.0,5.0,1.0,5.0,2260.0,,,,1.0,3.0,,0,1
37290,BA,MIRANGABA,0.0,0.0,0.0,0.0,,,,0.0,0.0,,1.0,1.0,1.0,450.0,450.0,6000.0,6000.0,0.0,1.0,7.0,1.0,1.0,1.0,450.0,,,,0.0,1.0,,0,1
37303,BA,MIRANTE,0.0,0.0,0.0,0.0,,,,0.0,0.0,,1.0,1.0,1.0,380.0,380.0,6000.0,6000.0,0.0,0.0,33.0,1.0,1.0,1.0,380.0,,,,0.0,0.0,,0,1
37311,BA,MONTE SANTO,5.0,1.0,3.0,3063.0,612.6,47000.0,9400.0,3.0,2.0,85.0,6.0,1.0,4.0,3756.0,626.0,66500.0,11083.333333333334,0.0,2.0,144.0,1.0,0.0,1.0,693.0,13.399999999999977,19500.0,1683.333333333334,-3.0,0.0,59.0,1,1
37354,BA,MORRO DO CHAPÉU,5.0,1.0,3.0,2683.0,536.6,30000.0,6000.0,2.0,4.0,116.0,3.0,1.0,2.0,1582.0,527.3333333333334,31000.0,10333.333333333334,0.0,1.0,171.0,-2.0,0.0,-1.0,-1101.0,-9.266666666666652,1000.0,4333.333333333334,-2.0,-3.0,55.0,1,1
37370,BA,MORTUGABA,4.0,1.0,3.0,1600.0,400.0,17200.0,4300.0,3.0,4.0,11.0,1.0,1.0,1.0,372.0,372.0,6000.0,6000.0,0.0,1.0,19.0,-3.0,0.0,-2.0,-1228.0,-28.0,-11200.0,1700.0,-3.0,-3.0,8.0,1,1
37397,BA,MUCUGÊ,1.0,1.0,1.0,563.0,563.0,5000.0,5000.0,0.0,1.0,9.0,1.0,1.0,1.0,373.0,373.0,6000.0,6000.0,1.0,1.0,8.0,0.0,0.0,0.0,-190.0,-190.0,1000.0,1000.0,1.0,0.0,-1.0,1,1
37419,BA,MUCURI,6.0,1.0,2.0,2810.0,468.3333333333333,52000.0,8666.666666666666,3.0,4.0,242.0,7.0,1.0,5.0,2979.0,425.57142857142856,61500.0,8785.714285714286,2.0,7.0,22.0,1.0,0.0,3.0,169.0,-42.76190476190476,9500.0,119.04761904762017,-1.0,3.0,-220.0,1,1
37427,BA,MULUNGU DO MORRO,12.0,1.0,5.0,8278.0,689.8333333333334,76300.0,6358.333333333333,8.0,6.0,132.0,11.0,1.0,5.0,4481.0,407.3636363636364,64500.0,5863.636363636364,0.0,5.0,157.0,-1.0,0.0,0.0,-3797.0,-282.469696969697,-11800.0,-494.69696969696906,-8.0,-1.0,25.0,1,1
37435,BA,MUNDO NOVO,2.0,1.0,1.0,770.0,385.0,30000.0,15000.0,2.0,1.0,53.0,2.0,1.0,2.0,885.0,442.5,14000.0,7000.0,0.0,2.0,5.0,0.0,0.0,1.0,115.0,57.5,-16000.0,-8000.0,-2.0,1.0,-48.0,1,1
37460,BA,MUQUÉM DO SÃO FRANCISCO,0.0,0.0,0.0,0.0,,,,0.0,0.0,,3.0,1.0,3.0,1284.0,428.0,21800.0,7266.666666666667,0.0,2.0,138.0,3.0,1.0,3.0,1284.0,,,,0.0,2.0,,0,1
37478,BA,MURITIBA,1.0,1.0,1.0,590.0,590.0,5000.0,5000.0,0.0,1.0,24.0,0.0,0.0,0.0,0.0,,,,0.0,0.0,,-1.0,-1.0,-1.0,-590.0,,,,0.0,-1.0,,0,1
37494,BA,MUTUÍPE,0.0,0.0,0.0,0.0,,,,0.0,0.0,,2.0,1.0,2.0,1018.0,509.0,13500.0,6750.0,0.0,2.0,21.0,2.0,1.0,2.0,1018.0,,,,0.0,2.0,,0,1
37516,BA,NAZARÉ,0.0,0.0,0.0,0.0,,,,0.0,0.0,,2.0,1.0,2.0,851.0,425.5,16000.0,8000.0,0.0,1.0,86.0,2.0,1.0,2.0,851.0,,,,0.0,1.0,,0,1
37583,BA,NOVA REDENÇÃO,0.0,0.0,0.0,0.0,,,,0.0,0.0,,1.0,1.0,1.0,370.0,370.0,4500.0,4500.0,0.0,0.0,45.0,1.0,1.0,1.0,370.0,,,,0.0,0.0,,0,1
37591,BA,NOVA SOURE,1.0,1.0,1.0,400.0,400.0,6500.0,6500.0,0.0,1.0,16.0,3.0,1.0,2.0,1260.0,420.0,24000.0,8000.0,0.0,2.0,112.0,2.0,0.0,1.0,860.0,20.0,17500.0,1500.0,0.0,1.0,96.0,1,1
37613,BA,NOVA VIÇOSA,1.0,1.0,1.0,503.0,503.0,8000.0,8000.0,0.0,1.0,24.0,0.0,0.0,0.0,0.0,,,,0.0,0.0,,-1.0,-1.0,-1.0,-503.0,,,,0.0,-1.0,,0,1
37630,BA,OLINDINA,1.0,1.0,1.0,400.0,400.0,6500.0,6500.0,0.0,1.0,8.0,2.0,1.0,1.0,930.0,465.0,12000.0,6000.0,1.0,1.0,121.0,1.0,0.0,0.0,530.0,65.0,5500.0,-500.0,1.0,0.0,113.0,1,1
37656,BA,OLIVEIRA DOS BREJINHOS,1.0,1.0,1.0,441.0,441.0,4000.0,4000.0,1.0,1.0,6.0,6.0,1.0,3.0,3030.0,505.0,29000.0,4833.333333333333,4.0,4.0,106.0,5.0,0.0,2.0,2589.0,64.0,25000.0,833.333333333333,3.0,3.0,100.0,1,1
37672,BA,OURIÇANGAS,2.0,1.0,2.0,962.0,481.0,10800.0,5400.0,0.0,1.0,89.0,3.0,1.0,2.0,1501.0,500.3333333333333,20500.0,6833.333333333333,0.0,2.0,89.0,1.0,0.0,0.0,539.0,19.333333333333314,9700.0,1433.333333333333,0.0,1.0,0.0,1,1
37680,BA,OUROLÂNDIA,0.0,0.0,0.0,0.0,,,,0.0,0.0,,1.0,1.0,1.0,370.0,370.0,6000.0,6000.0,0.0,1.0,6.0,1.0,1.0,1.0,370.0,,,,0.0,1.0,,0,1
37699,BA,PALMAS DE MONTE ALTO,0.0,0.0,0.0,0.0,,,,0.0,0.0,,2.0,1.0,2.0,770.0,385.0,17000.0,8500.0,0.0,2.0,6.0,2.0,1.0,2.0,770.0,,,,0.0,2.0,,0,1
37710,BA,PALMEIRAS,1.0,1.0,1.0,477.0,477.0,3950.0,3950.0,1.0,1.0,18.0,0.0,0.0,0.0,0.0,,,,0.0,0.0,,-1.0,-1.0,-1.0,-477.0,,,,-1.0,-1.0,,0,1
37737,BA,PARAMIRIM,9.0,1.0,4.0,3776.0,419.55555555555554,34500.0,3833.3333333333335,8.0,5.0,65.0,6.0,1.0,4.0,2495.0,415.8333333333333,22500.0,3750.0,6.0,3.0,84.0,-3.0,0.0,0.0,-1281.0,-3.7222222222222285,-12000.0,-83.33333333333348,-2.0,-2.0,19.0,1,1
37796,BA,PAU BRASIL,0.0,0.0,0.0,0.0,,,,0.0,0.0,,1.0,1.0,1.0,942.0,942.0,9000.0,9000.0,0.0,1.0,7.0,1.0,1.0,1.0,942.0,,,,0.0,1.0,,0,1
37818,BA,PAULO AFONSO,2.0,1.0,1.0,2400.0,1200.0,16200.0,8100.0,0.0,2.0,21.0,8.0,1.0,6.0,4283.0,535.375,66133.0,8266.625,1.0,3.0,188.0,6.0,0.0,5.0,1883.0,-664.625,49933.0,166.625,1.0,1.0,167.0,1,1
37834,BA,PEDRÃO,1.0,1.0,1.0,555.0,555.0,5000.0,5000.0,1.0,1.0,23.0,0.0,0.0,0.0,0.0,,,,0.0,0.0,,-1.0,-1.0,-1.0,-555.0,,,,-1.0,-1.0,,0,1
37850,BA,PEDRO ALEXANDRE,0.0,0.0,0.0,0.0,,,,0.0,0.0,,2.0,1.0,2.0,959.0,479.5,9000.0,4500.0,0.0,2.0,30.0,2.0,1.0,2.0,959.0,,,,0.0,2.0,,0,1
37877,BA,PIATÃ,4.0,1.0,2.0,1344.0,336.0,49000.0,12250.0,4.0,3.0,122.0,3.0,1.0,2.0,1305.0,435.0,20000.0,6666.666666666667,0.0,1.0,94.0,-1.0,0.0,0.0,-39.0,99.0,-29000.0,-5583.333333333333,-4.0,-2.0,-28.0,1,1
37893,BA,PILÃO ARCADO,0.0,0.0,0.0,0.0,,,,0.0,0.0,,2.0,1.0,2.0,950.0,475.0,10500.0,5250.0,0.0,2.0,6.0,2.0,1.0,2.0,950.0,,,,0.0,2.0,,0,1
37915,BA,PINDAÍ,0.0,0.0,0.0,0.0,,,,0.0,0.0,,3.0,1.0,3.0,1468.0,489.3333333333333,18500.0,6166.666666666667,1.0,3.0,5.0,3.0,1.0,3.0,1468.0,,,,1.0,3.0,,0,1
37931,BA,PINDOBAÇU,5.0,1.0,2.0,1922.0,384.4,23000.0,4600.0,4.0,4.0,66.0,1.0,1.0,1.0,400.0,400.0,5000.0,5000.0,0.0,0.0,152.0,-4.0,0.0,-1.0,-1522.0,15.600000000000023,-18000.0,400.0,-4.0,-4.0,86.0,1,1
37940,BA,PIRAÍ DO NORTE,1.0,1.0,1.0,349.0,349.0,6000.0,6000.0,0.0,1.0,15.0,0.0,0.0,0.0,0.0,,,,0.0,0.0,,-1.0,-1.0,-1.0,-349.0,,,,0.0,-1.0,,0,1
37974,BA,PIRITIBA,0.0,0.0,0.0,0.0,,,,0.0,0.0,,1.0,1.0,1.0,385.0,385.0,10000.0,10000.0,0.0,1.0,7.0,1.0,1.0,1.0,385.0,,,,0.0,1.0,,0,1
37990,BA,PLANALTINO,3.0,1.0,3.0,1594.0,531.3333333333334,12950.0,4316.666666666667,2.0,2.0,32.0,0.0,0.0,0.0,0.0,,,,0.0,0.0,,-3.0,-1.0,-3.0,-1594.0,,,,-2.0,-2.0,,0,1
38016,BA,PLANALTO,3.0,1.0,2.0,1418.0,472.6666666666667,13500.0,4500.0,2.0,2.0,37.0,0.0,0.0,0.0,0.0,,,,0.0,0.0,,-3.0,-1.0,-2.0,-1418.0,,,,-2.0,-2.0,,0,1
38032,BA,POÇÕES,0.0,0.0,0.0,0.0,,,,0.0,0.0,,1.0,1.0,1.0,500.0,500.0,5000.0,5000.0,0.0,1.0,3.0,1.0,1.0,1.0,500.0,,,,0.0,1.0,,0,1
38059,BA,POJUCA,0.0,0.0,0.0,0.0,,,,0.0,0.0,,1.0,1.0,1.0,611.0,611.0,5033.0,5033.0,1.0,0.0,96.0,1.0,1.0,1.0,611.0,,,,1.0,0.0,,0,1
38067,BA,PONTO NOVO,11.0,1.0,5.0,5736.0,521.4545454545455,98425.0,8947.727272727272,6.0,3.0,145.0,2.0,1.0,2.0,863.0,431.5,11000.0,5500.0,0.0,0.0,169.0,-9.0,0.0,-3.0,-4873.0,-89.9545454545455,-87425.0,-3447.727272727272,-6.0,-3.0,24.0,1,1
38075,BA,PORTO SEGURO,6.0,1.0,4.0,3254.0,542.3333333333334,67000.0,11166.666666666666,3.0,5.0,271.0,14.0,1.0,7.0,9354.0,668.1428571428571,143000.0,10214.285714285714,3.0,10.0,111.0,8.0,0.0,3.0,6100.0,125.80952380952374,76000.0,-952.3809523809523,0.0,5.0,-160.0,1,1
38113,BA,PRADO,0.0,0.0,0.0,0.0,,,,0.0,0.0,,5.0,1.0,3.0,2096.0,419.2,45000.0,9000.0,1.0,2.0,53.0,5.0,1.0,3.0,2096.0,,,,1.0,2.0,,0,1
38130,BA,PRESIDENTE DUTRA,4.0,1.0,2.0,1691.0,422.75,33000.0,8250.0,3.0,2.0,49.0,1.0,1.0,1.0,980.0,980.0,6000.0,6000.0,0.0,0.0,59.0,-3.0,0.0,-1.0,-711.0,557.25,-27000.0,-2250.0,-3.0,-2.0,10.0,1,1
38164,BA,PRESIDENTE TANCREDO NEVES,1.0,1.0,1.0,526.0,526.0,4322.0,4322.0,1.0,1.0,10.0,1.0,1.0,1.0,420.0,420.0,12000.0,12000.0,1.0,0.0,119.0,0.0,0.0,0.0,-106.0,-106.0,7678.0,7678.0,0.0,-1.0,109.0,1,1
38172,BA,QUEIMADAS,1.0,1.0,1.0,761.0,761.0,10000.0,10000.0,0.0,0.0,107.0,0.0,0.0,0.0,0.0,,,,0.0,0.0,,-1.0,-1.0,-1.0,-761.0,,,,0.0,0.0,,0,1
38199,BA,QUINJINGUE,0.0,0.0,0.0,0.0,,,,0.0,0.0,,4.0,1.0,2.0,2274.0,568.5,24200.0,6050.0,2.0,0.0,117.0,4.0,1.0,2.0,2274.0,,,,2.0,0.0,,0,1
38210,BA,REMANSO,0.0,0.0,0.0,0.0,,,,0.0,0.0,,1.0,1.0,1.0,600.0,600.0,16000.0,16000.0,0.0,1.0,10.0,1.0,1.0,1.0,600.0,,,,0.0,1.0,,0,1
38237,BA,RETIROLÂNDIA,1.0,1.0,1.0,577.0,577.0,5000.0,5000.0,0.0,1.0,7.0,3.0,1.0,3.0,1801.0,600.3333333333334,22000.0,7333.333333333333,0.0,1.0,137.0,2.0,0.0,2.0,1224.0,23.33333333333337,17000.0,2333.333333333333,0.0,0.0,130.0,1,1
38253,BA,RIACHÃO DAS NEVES,0.0,0.0,0.0,0.0,,,,0.0,0.0,,1.0,1.0,1.0,366.0,366.0,6000.0,6000.0,0.0,1.0,10.0,1.0,1.0,1.0,366.0,,,,0.0,1.0,,0,1
38270,BA,RIACHÃO DO JACUÍPE,8.0,1.0,4.0,4592.0,574.0,40000.0,5000.0,5.0,7.0,45.0,6.0,1.0,4.0,2648.0,441.3333333333333,41000.0,6833.333333333333,0.0,2.0,84.0,-2.0,0.0,0.0,-1944.0,-132.66666666666669,1000.0,1833.333333333333,-5.0,-5.0,39.0,1,1
38296,BA,RIACHO DE SANTANA,1.0,1.0,1.0,591.0,591.0,5000.0,5000.0,0.0,1.0,13.0,3.0,1.0,2.0,1281.0,427.0,25000.0,8333.333333333334,1.0,2.0,129.0,2.0,0.0,1.0,690.0,-164.0,20000.0,3333.333333333334,1.0,1.0,116.0,1,1
38318,BA,RIBEIRA DO AMPARO,1.0,1.0,1.0,577.0,577.0,5000.0,5000.0,0.0,0.0,56.0,2.0,1.0,1.0,2226.0,1113.0,8000.0,4000.0,0.0,1.0,31.0,1.0,0.0,0.0,1649.0,536.0,3000.0,-1000.0,0.0,1.0,-25.0,1,1
38334,BA,RIBEIRA DO POMBAL,3.0,1.0,3.0,1671.0,557.0,24000.0,8000.0,0.0,3.0,25.0,4.0,1.0,3.0,2414.0,603.5,25000.0,6250.0,0.0,2.0,136.0,1.0,0.0,0.0,743.0,46.5,1000.0,-1750.0,0.0,-1.0,111.0,1,1
38350,BA,RIO DE CONTAS,5.0,1.0,2.0,1715.0,343.0,18500.0,3700.0,5.0,2.0,93.0,8.0,1.0,4.0,2992.0,374.0,35000.0,4375.0,3.0,2.0,138.0,3.0,0.0,2.0,1277.0,31.0,16500.0,675.0,-2.0,0.0,45.0,1,1
38393,BA,RIO DO PIRES,2.0,1.0,1.0,760.0,380.0,7000.0,3500.0,2.0,1.0,73.0,8.0,1.0,4.0,3387.0,423.375,36500.0,4562.5,5.0,3.0,134.0,6.0,0.0,3.0,2627.0,43.375,29500.0,1062.5,3.0,2.0,61.0,1,1
38415,BA,RIO REAL,0.0,0.0,0.0,0.0,,,,0.0,0.0,,2.0,1.0,2.0,1005.0,502.5,15000.0,7500.0,0.0,1.0,117.0,2.0,1.0,2.0,1005.0,,,,0.0,1.0,,0,1
38431,BA,RODELAS,3.0,1.0,2.0,1357.0,452.3333333333333,13500.0,4500.0,3.0,2.0,31.0,1.0,1.0,1.0,400.0,400.0,11000.0,11000.0,0.0,1.0,3.0,-2.0,0.0,-1.0,-957.0,-52.333333333333314,-2500.0,6500.0,-3.0,-1.0,-28.0,1,1
38458,BA,RUY BARBOSA,0.0,0.0,0.0,0.0,,,,0.0,0.0,,11.0,1.0,6.0,5578.0,507.09090909090907,57000.0,5181.818181818182,3.0,0.0,-64.0,11.0,1.0,6.0,5578.0,,,,3.0,0.0,,0,1
38490,BA,SALVADOR,21.0,1.0,6.0,17819.0,848.5238095238095,261869.5,12469.97619047619,11.0,12.0,179.0,34.0,1.0,11.0,35825.0,1053.6764705882354,1392902.8,40967.72941176471,10.0,14.0,257.0,13.0,0.0,5.0,18006.0,205.15266106442584,1131033.3,28497.75322128852,-1.0,2.0,78.0,1,1
38512,BA,SANTA BÁRBARA,1.0,1.0,1.0,400.0,400.0,12000.0,12000.0,0.0,1.0,15.0,0.0,0.0,0.0,0.0,,,,0.0,0.0,,-1.0,-1.0,-1.0,-400.0,,,,0.0,-1.0,,0,1
38555,BA,SANTA CRUZ CABRÁLIA,3.0,1.0,2.0,1400.0,466.6666666666667,24000.0,8000.0,3.0,2.0,279.0,4.0,1.0,3.0,1585.0,396.25,38780.0,9695.0,1.0,2.0,51.0,1.0,0.0,1.0,185.0,-70.41666666666669,14780.0,1695.0,-2.0,0.0,-228.0,1,1
38610,BA,SANTALUZ,3.0,1.0,3.0,2232.0,744.0,19000.0,6333.333333333333,0.0,3.0,24.0,1.0,1.0,1.0,567.0,567.0,5233.0,5233.0,1.0,1.0,26.0,-2.0,0.0,-2.0,-1665.0,-177.0,-13767.0,-1100.333333333333,1.0,-2.0,2.0,1,1
38636,BA,SANTA MARIA DA VITÓRIA,1.0,1.0,1.0,770.0,770.0,5000.0,5000.0,0.0,0.0,86.0,0.0,0.0,0.0,0.0,,,,0.0,0.0,,-1.0,-1.0,-1.0,-770.0,,,,0.0,0.0,,0,1
38652,BA,SANTANA,1.0,1.0,1.0,469.0,469.0,5000.0,5000.0,1.0,1.0,8.0,0.0,0.0,0.0,0.0,,,,0.0,0.0,,-1.0,-1.0,-1.0,-469.0,,,,-1.0,-1.0,,0,1
38679,BA,SANTANÓPOLIS,3.0,1.0,2.0,1363.0,454.3333333333333,15000.0,5000.0,1.0,2.0,40.0,2.0,1.0,1.0,1124.0,562.0,12000.0,6000.0,0.0,1.0,181.0,-1.0,0.0,-1.0,-239.0,107.66666666666669,-3000.0,1000.0,-1.0,-1.0,141.0,1,1
38733,BA,SANTO ANTÔNIO DE JESUS,1.0,1.0,1.0,750.0,750.0,10000.0,10000.0,0.0,0.0,42.0,4.0,1.0,2.0,2377.0,594.25,42000.0,10500.0,2.0,1.0,135.0,3.0,0.0,1.0,1627.0,-155.75,32000.0,500.0,2.0,1.0,93.0,1,1
38750,BA,SANTO ESTEVÃO,2.0,1.0,2.0,1893.0,946.5,8500.0,4250.0,0.0,0.0,94.0,2.0,1.0,1.0,800.0,400.0,13000.0,6500.0,0.0,0.0,187.0,0.0,0.0,-1.0,-1093.0,-546.5,4500.0,2250.0,0.0,0.0,93.0,1,1
38776,BA,SÃO DESIDÉRIO,1.0,1.0,1.0,370.0,370.0,4000.0,4000.0,0.0,1.0,5.0,1.0,1.0,1.0,417.0,417.0,8000.0,8000.0,0.0,1.0,8.0,0.0,0.0,0.0,47.0,47.0,4000.0,4000.0,0.0,0.0,3.0,1,1
38806,BA,SÃO DOMINGOS,2.0,1.0,1.0,770.0,385.0,30000.0,15000.0,2.0,1.0,40.0,0.0,0.0,0.0,0.0,,,,0.0,0.0,,-2.0,-1.0,-1.0,-770.0,,,,-2.0,-1.0,,0,1
38814,BA,SÃO FELIPE,1.0,1.0,1.0,572.0,572.0,5000.0,5000.0,1.0,1.0,7.0,1.0,1.0,1.0,400.0,400.0,5000.0,5000.0,0.0,1.0,7.0,0.0,0.0,0.0,-172.0,-172.0,0.0,0.0,-1.0,0.0,0.0,1,1
38822,BA,SÃO FÉLIX DO CORIBE,1.0,1.0,1.0,747.0,747.0,10000.0,10000.0,0.0,0.0,121.0,1.0,1.0,1.0,518.0,518.0,4000.0,4000.0,1.0,0.0,109.0,0.0,0.0,0.0,-229.0,-229.0,-6000.0,-6000.0,1.0,0.0,-12.0,1,1
38830,BA,SÃO FRANCISCO DO CONDE,4.0,1.0,3.0,1896.0,474.0,26000.0,6500.0,2.0,3.0,57.0,3.0,1.0,3.0,1690.0,563.3333333333334,55000.0,18333.333333333332,0.0,1.0,73.0,-1.0,0.0,0.0,-206.0,89.33333333333337,29000.0,11833.333333333332,-2.0,-2.0,16.0,1,1
38857,BA,SÃO GONÇALO DOS CAMPOS,0.0,0.0,0.0,0.0,,,,0.0,0.0,,5.0,1.0,2.0,2985.0,597.0,38000.0,7600.0,0.0,2.0,187.0,5.0,1.0,2.0,2985.0,,,,0.0,2.0,,0,1
38865,BA,SÃO JOSÉ DO JACUÍPE,6.0,1.0,5.0,2630.0,438.3333333333333,30833.0,5138.833333333333,3.0,2.0,86.0,3.0,1.0,3.0,1206.0,402.0,32000.0,10666.666666666666,1.0,1.0,88.0,-3.0,0.0,-2.0,-1424.0,-36.333333333333314,1167.0,5527.833333333333,-2.0,-1.0,2.0,1,1
38873,BA,SÃO MIGUEL DAS MATAS,1.0,1.0,1.0,385.0,385.0,5000.0,5000.0,1.0,1.0,5.0,2.0,1.0,2.0,800.0,400.0,12500.0,6250.0,0.0,2.0,10.0,1.0,0.0,1.0,415.0,15.0,7500.0,1250.0,-1.0,1.0,5.0,1,1
38890,BA,SÃO SEBASTIÃO DO PASSÉ,4.0,1.0,3.0,1958.0,489.5,33500.0,8375.0,0.0,2.0,232.0,2.0,1.0,1.0,1184.0,592.0,12000.0,6000.0,0.0,0.0,215.0,-2.0,0.0,-2.0,-774.0,102.5,-21500.0,-2375.0,0.0,-2.0,-17.0,1,1
38911,BA,SAPEAÇU,1.0,1.0,1.0,583.0,583.0,5000.0,5000.0,0.0,1.0,23.0,0.0,0.0,0.0,0.0,,,,0.0,0.0,,-1.0,-1.0,-1.0,-583.0,,,,0.0,-1.0,,0,1
38938,BA,SÁTIRO DIAS,3.0,1.0,1.0,1739.0,579.6666666666666,15000.0,5000.0,0.0,1.0,76.0,2.0,1.0,2.0,985.0,492.5,15000.0,7500.0,0.0,1.0,41.0,-1.0,0.0,1.0,-754.0,-87.16666666666663,0.0,2500.0,0.0,0.0,-35.0,1,1
38946,BA,SAUBARA,1.0,1.0,1.0,517.0,517.0,4033.0,4033.0,1.0,1.0,7.0,2.0,1.0,2.0,1000.0,500.0,12633.0,6316.5,1.0,2.0,20.0,1.0,0.0,1.0,483.0,-17.0,8600.0,2283.5,0.0,1.0,13.0,1,1
38954,BA,SAÚDE,8.0,1.0,4.0,4658.0,582.25,51500.0,6437.5,3.0,4.0,109.0,2.0,1.0,2.0,835.0,417.5,10000.0,5000.0,1.0,0.0,171.0,-6.0,0.0,-2.0,-3823.0,-164.75,-41500.0,-1437.5,-2.0,-4.0,62.0,1,1
38970,BA,SEABRA,5.0,1.0,5.0,2738.0,547.6,22800.0,4560.0,3.0,3.0,76.0,6.0,1.0,5.0,2677.0,446.1666666666667,98000.0,16333.333333333334,0.0,4.0,93.0,1.0,0.0,0.0,-61.0,-101.43333333333334,75200.0,11773.333333333334,-3.0,1.0,17.0,1,1
39012,BA,SENHOR DO BONFIM,2.0,1.0,2.0,996.0,498.0,9000.0,4500.0,0.0,2.0,10.0,1.0,1.0,1.0,500.0,500.0,7000.0,7000.0,0.0,1.0,14.0,-1.0,0.0,-1.0,-496.0,2.0,-2000.0,2500.0,0.0,-1.0,4.0,1,1
39047,BA,SERRA DO RAMALHO,1.0,1.0,1.0,590.0,590.0,5000.0,5000.0,1.0,0.0,65.0,0.0,0.0,0.0,0.0,,,,0.0,0.0,,-1.0,-1.0,-1.0,-590.0,,,,-1.0,0.0,,0,1
39071,BA,SERRA PRETA,1.0,1.0,1.0,577.0,577.0,5000.0,5000.0,0.0,0.0,67.0,6.0,1.0,4.0,3178.0,529.6666666666666,43000.0,7166.666666666667,0.0,4.0,75.0,5.0,0.0,3.0,2601.0,-47.33333333333337,38000.0,2166.666666666667,0.0,4.0,8.0,1,1
39098,BA,SERRINHA,4.0,1.0,3.0,2329.0,582.25,19000.0,4750.0,0.0,2.0,67.0,3.0,1.0,3.0,1585.0,528.3333333333334,26000.0,8666.666666666666,0.0,2.0,42.0,-1.0,0.0,0.0,-744.0,-53.91666666666663,7000.0,3916.666666666666,0.0,0.0,-25.0,1,1
39136,BA,SIMÕES FILHO,2.0,1.0,2.0,1135.0,567.5,13500.0,6750.0,0.0,2.0,16.0,4.0,1.0,4.0,1826.0,456.5,85000.0,21250.0,0.0,3.0,38.0,2.0,0.0,2.0,691.0,-111.0,71500.0,14500.0,0.0,1.0,22.0,1,1
39144,BA,SÍTIO DO MATO,1.0,1.0,1.0,312.0,312.0,4000.0,4000.0,1.0,0.0,281.0,2.0,1.0,1.0,831.0,415.5,10500.0,5250.0,1.0,0.0,95.0,1.0,0.0,0.0,519.0,103.5,6500.0,1250.0,0.0,0.0,-186.0,1,1
39152,BA,SOUTO SOARES,1.0,1.0,1.0,580.0,580.0,5000.0,5000.0,0.0,1.0,19.0,4.0,1.0,2.0,2010.0,502.5,28000.0,7000.0,0.0,2.0,81.0,3.0,0.0,1.0,1430.0,-77.5,23000.0,2000.0,0.0,1.0,62.0,1,1
39179,BA,TABOCAS DO BREJO VELHO,0.0,0.0,0.0,0.0,,,,0.0,0.0,,1.0,1.0,1.0,400.0,400.0,10000.0,10000.0,0.0,1.0,3.0,1.0,1.0,1.0,400.0,,,,0.0,1.0,,0,1
39195,BA,TANHAÇU,0.0,0.0,0.0,0.0,,,,0.0,0.0,,5.0,1.0,5.0,2148.0,429.6,23500.0,4700.0,3.0,4.0,36.0,5.0,1.0,5.0,2148.0,,,,3.0,4.0,,0,1
39217,BA,TANQUINHO,0.0,0.0,0.0,0.0,,,,0.0,0.0,,1.0,1.0,1.0,401.0,401.0,5000.0,5000.0,0.0,1.0,3.0,1.0,1.0,1.0,401.0,,,,0.0,1.0,,0,1
39233,BA,TAPEROÁ,1.0,1.0,1.0,600.0,600.0,5000.0,5000.0,1.0,0.0,36.0,0.0,0.0,0.0,0.0,,,,0.0,0.0,,-1.0,-1.0,-1.0,-600.0,,,,-1.0,0.0,,0,1
39250,BA,TAPIRAMUTÁ,0.0,0.0,0.0,0.0,,,,0.0,0.0,,4.0,1.0,4.0,1424.0,356.0,19500.0,4875.0,1.0,3.0,134.0,4.0,1.0,4.0,1424.0,,,,1.0,3.0,,0,1
39292,BA,TEOFILÂNDIA,0.0,0.0,0.0,0.0,,,,0.0,0.0,,2.0,1.0,2.0,758.0,379.0,9000.0,4500.0,1.0,2.0,28.0,2.0,1.0,2.0,758.0,,,,1.0,2.0,,0,1
39314,BA,TEOLÂNDIA,1.0,1.0,1.0,400.0,400.0,6500.0,6500.0,0.0,1.0,3.0,0.0,0.0,0.0,0.0,,,,0.0,0.0,,-1.0,-1.0,-1.0,-400.0,,,,0.0,-1.0,,0,1
39373,BA,TUCANO,2.0,1.0,2.0,900.0,450.0,14000.0,7000.0,1.0,2.0,12.0,0.0,0.0,0.0,0.0,,,,0.0,0.0,,-2.0,-1.0,-2.0,-900.0,,,,-1.0,-2.0,,0,1
39390,BA,UAUÁ,1.0,1.0,1.0,590.0,590.0,5000.0,5000.0,0.0,0.0,36.0,3.0,1.0,1.0,1758.0,586.0,22000.0,7333.333333333333,0.0,1.0,206.0,2.0,0.0,0.0,1168.0,-4.0,17000.0,2333.333333333333,0.0,1.0,170.0,1,1
39411,BA,UBAÍRA,4.0,1.0,3.0,1852.0,463.0,25000.0,6250.0,1.0,2.0,68.0,4.0,1.0,2.0,1724.0,431.0,21000.0,5250.0,2.0,2.0,54.0,0.0,0.0,-1.0,-128.0,-32.0,-4000.0,-1000.0,1.0,0.0,-14.0,1,1
39438,BA,UBAITABA,1.0,1.0,1.0,602.0,602.0,7000.0,7000.0,0.0,0.0,37.0,2.0,1.0,2.0,1120.0,560.0,11000.0,5500.0,0.0,2.0,18.0,1.0,0.0,1.0,518.0,-42.0,4000.0,-1500.0,0.0,2.0,-19.0,1,1
39454,BA,UBATÃ,1.0,1.0,1.0,608.0,608.0,7000.0,7000.0,0.0,1.0,22.0,1.0,1.0,1.0,521.0,521.0,10800.0,10800.0,0.0,1.0,29.0,0.0,0.0,0.0,-87.0,-87.0,3800.0,3800.0,0.0,0.0,7.0,1,1
39489,BA,UMBURANAS,1.0,1.0,1.0,375.0,375.0,8000.0,8000.0,0.0,1.0,4.0,3.0,1.0,2.0,1321.0,440.3333333333333,20000.0,6666.666666666667,1.0,2.0,64.0,2.0,0.0,1.0,946.0,65.33333333333331,12000.0,-1333.333333333333,1.0,1.0,60.0,1,1
39497,BA,UNA,1.0,1.0,1.0,463.0,463.0,4000.0,4000.0,0.0,0.0,35.0,2.0,1.0,2.0,785.0,392.5,26500.0,13250.0,1.0,2.0,16.0,1.0,0.0,1.0,322.0,-70.5,22500.0,9250.0,1.0,2.0,-19.0,1,1
39535,BA,URUÇUCA,3.0,1.0,2.0,1560.0,520.0,13000.0,4333.333333333333,2.0,1.0,104.0,2.0,1.0,2.0,1200.0,600.0,10000.0,5000.0,1.0,1.0,43.0,-1.0,0.0,0.0,-360.0,80.0,-3000.0,666.666666666667,-1.0,0.0,-61.0,1,1
39551,BA,UTINGA,0.0,0.0,0.0,0.0,,,,0.0,0.0,,2.0,1.0,2.0,860.0,430.0,10000.0,5000.0,0.0,2.0,7.0,2.0,1.0,2.0,860.0,,,,0.0,2.0,,0,1
39578,BA,VALENÇA,3.0,1.0,3.0,2143.0,714.3333333333334,37500.0,12500.0,0.0,3.0,13.0,3.0,1.0,3.0,1423.0,474.3333333333333,50000.0,16666.666666666668,0.0,3.0,5.0,0.0,0.0,0.0,-720.0,-240.00000000000006,12500.0,4166.666666666668,0.0,0.0,-8.0,1,1
39594,BA,VALENTE,0.0,0.0,0.0,0.0,,,,0.0,0.0,,1.0,1.0,1.0,400.0,400.0,6000.0,6000.0,0.0,1.0,11.0,1.0,1.0,1.0,400.0,,,,0.0,1.0,,0,1
39616,BA,VÁRZEA DO POÇO,2.0,1.0,1.0,566.0,283.0,25000.0,12500.0,2.0,1.0,32.0,1.0,1.0,1.0,367.0,367.0,5000.0,5000.0,0.0,0.0,56.0,-1.0,0.0,0.0,-199.0,84.0,-20000.0,-7500.0,-2.0,-1.0,24.0,1,1
39624,BA,VARZEDO,2.0,1.0,2.0,1222.0,611.0,8950.0,4475.0,1.0,1.0,89.0,1.0,1.0,1.0,370.0,370.0,5000.0,5000.0,0.0,0.0,38.0,-1.0,0.0,-1.0,-852.0,-241.0,-3950.0,525.0,-1.0,-1.0,-51.0,1,1
39632,BA,VERA CRUZ,0.0,0.0,0.0,0.0,,,,0.0,0.0,,3.0,1.0,2.0,1521.0,507.0,16033.0,5344.333333333333,3.0,1.0,72.0,3.0,1.0,2.0,1521.0,,,,3.0,1.0,,0,1
39640,BA,VEREDA,0.0,0.0,0.0,0.0,,,,0.0,0.0,,1.0,1.0,1.0,400.0,400.0,12000.0,12000.0,0.0,1.0,16.0,1.0,1.0,1.0,400.0,,,,0.0,1.0,,0,1
39659,BA,VITÓRIA DA CONQUISTA,8.0,1.0,4.0,5528.0,691.0,46500.0,5812.5,4.0,2.0,55.0,6.0,1.0,4.0,4693.0,782.1666666666666,121757.0,20292.833333333332,1.0,3.0,192.0,-2.0,0.0,0.0,-835.0,91.16666666666663,75257.0,14480.333333333332,-3.0,1.0,137.0,1,1
39675,BA,WAGNER,0.0,0.0,0.0,0.0,,,,0.0,0.0,,5.0,1.0,3.0,2560.0,512.0,43000.0,8600.0,0.0,2.0,128.0,5.0,1.0,3.0,2560.0,,,,0.0,2.0,,0,1
39691,BA,WENCESLAU GUIMARÃES,2.0,1.0,2.0,813.0,406.5,9500.0,4750.0,0.0,2.0,21.0,2.0,1.0,2.0,850.0,425.0,21000.0,10500.0,0.0,2.0,9.0,0.0,0.0,0.0,37.0,18.5,11500.0,5750.0,0.0,0.0,-12.0,1,1
39713,BA,XIQUE-XIQUE,3.0,1.0,2.0,1542.0,514.0,40000.0,13333.333333333334,2.0,2.0,130.0,8.0,1.0,4.0,4364.0,545.5,60200.0,7525.0,1.0,5.0,129.0,5.0,0.0,2.0,2822.0,31.5,20200.0,-5808.333333333334,-1.0,3.0,-1.0,1,1
39730,BA,LAPÃO,4.0,1.0,3.0,1743.0,435.75,41500.0,10375.0,1.0,3.0,94.0,0.0,0.0,0.0,0.0,,,,0.0,0.0,,-4.0,-1.0,-3.0,-1743.0,,,,-1.0,-3.0,,0,1
39748,BA,MADRE DE DEUS,6.0,1.0,4.0,2817.0,469.5,21500.0,3583.3333333333335,1.0,3.0,90.0,3.0,1.0,2.0,1167.0,389.0,24000.0,8000.0,0.0,2.0,131.0,-3.0,0.0,-2.0,-1650.0,-80.5,2500.0,4416.666666666666,-1.0,-1.0,41.0,1,1
39756,BA,MAETINGA,0.0,0.0,0.0,0.0,,,,0.0,0.0,,2.0,1.0,2.0,864.0,432.0,22000.0,11000.0,0.0,2.0,6.0,2.0,1.0,2.0,864.0,,,,0.0,2.0,,0,1
39772,BA,MANSIDÃO,2.0,1.0,2.0,744.0,372.0,8000.0,4000.0,2.0,2.0,9.0,2.0,1.0,2.0,905.0,452.5,13000.0,6500.0,0.0,2.0,11.0,0.0,0.0,0.0,161.0,80.5,5000.0,2500.0,-2.0,0.0,2.0,1,1
39810,BA,PÉ DE SERRA,8.0,1.0,3.0,4801.0,600.125,42000.0,5250.0,6.0,5.0,68.0,6.0,1.0,4.0,2899.0,483.1666666666667,30500.0,5083.333333333333,2.0,3.0,160.0,-2.0,0.0,1.0,-1902.0,-116.95833333333331,-11500.0,-166.66666666666697,-4.0,-2.0,92.0,1,1
39837,BA,PINTADAS,8.0,1.0,5.0,3358.0,419.75,35000.0,4375.0,6.0,6.0,45.0,0.0,0.0,0.0,0.0,,,,0.0,0.0,,-8.0,-1.0,-5.0,-3358.0,,,,-6.0,-6.0,,0,1
39845,BA,QUIXABEIRA,4.0,1.0,4.0,2367.0,591.75,29000.0,7250.0,2.0,3.0,110.0,2.0,1.0,2.0,768.0,384.0,16000.0,8000.0,0.0,1.0,111.0,-2.0,0.0,-2.0,-1599.0,-207.75,-13000.0,750.0,-2.0,-2.0,1.0,1,1
39870,BA,SANTA LUZIA,0.0,0.0,0.0,0.0,,,,0.0,0.0,,1.0,1.0,1.0,374.0,374.0,6000.0,6000.0,0.0,0.0,126.0,1.0,1.0,1.0,374.0,,,,0.0,0.0,,0,1
39896,BA,SÃO GABRIEL,1.0,1.0,1.0,375.0,375.0,5000.0,5000.0,1.0,1.0,3.0,6.0,1.0,4.0,2702.0,450.3333333333333,58000.0,9666.666666666666,0.0,3.0,127.0,5.0,0.0,3.0,2327.0,75.33333333333331,53000.0,4666.666666666666,-1.0,2.0,124.0,1,1
39900,BA,SÍTIO DO QUINTO,0.0,0.0,0.0,0.0,,,,0.0,0.0,,4.0,1.0,4.0,1854.0,463.5,23000.0,5750.0,0.0,2.0,131.0,4.0,1.0,4.0,1854.0,,,,0.0,2.0,,0,1
39918,BA,TANQUE NOVO,3.0,1.0,3.0,1099.0,366.3333333333333,11000.0,3666.6666666666665,2.0,3.0,17.0,1.0,1.0,1.0,504.0,504.0,13000.0,13000.0,0.0,1.0,19.0,-2.0,0.0,-2.0,-595.0,137.66666666666669,2000.0,9333.333333333334,-2.0,-2.0,2.0,1,1
39934,BA,TEIXEIRA DE FREITAS,2.0,1.0,2.0,1107.0,553.5,50570.0,25285.0,1.0,2.0,19.0,6.0,1.0,4.0,3430.0,571.6666666666666,155500.0,25916.666666666668,3.0,5.0,34.0,4.0,0.0,2.0,2323.0,18.16666666666663,104930.0,631.6666666666679,2.0,3.0,15.0,1,1
39942,BA,NOVO HORIZONTE,3.0,1.0,1.0,3636.0,1212.0,11500.0,3833.3333333333335,3.0,1.0,273.0,2.0,1.0,2.0,614.0,307.0,19000.0,9500.0,1.0,1.0,65.0,-1.0,0.0,1.0,-3022.0,-905.0,7500.0,5666.666666666666,-2.0,0.0,-208.0,1,1
39950,BA,VÁRZEA NOVA,1.0,1.0,1.0,385.0,385.0,15000.0,15000.0,1.0,1.0,27.0,8.0,1.0,4.0,3011.0,376.375,90500.0,11312.5,1.0,3.0,192.0,7.0,0.0,3.0,2626.0,-8.625,75500.0,-3687.5,0.0,2.0,165.0,1,1
39969,BA,NOVA IBIÁ,0.0,0.0,0.0,0.0,,,,0.0,0.0,,2.0,1.0,2.0,820.0,410.0,12000.0,6000.0,0.0,2.0,19.0,2.0,1.0,2.0,820.0,,,,0.0,2.0,,0,1
39977,BA,VÁRZEA DA ROÇA,0.0,0.0,0.0,0.0,,,,0.0,0.0,,1.0,1.0,1.0,458.0,458.0,6000.0,6000.0,0.0,0.0,78.0,1.0,1.0,1.0,458.0,,,,0.0,0.0,,0,1
39985,BA,SOBRADINHO,2.0,1.0,2.0,1186.0,593.0,9000.0,4500.0,1.0,2.0,17.0,3.0,1.0,2.0,1387.0,462.3333333333333,20000.0,6666.666666666667,0.0,1.0,211.0,1.0,0.0,0.0,201.0,-130.66666666666669,11000.0,2166.666666666667,-1.0,-1.0,194.0,1,1
40002,MG,ALFREDO VASCONCELOS,1.0,1.0,1.0,250.0,250.0,8400.0,8400.0,0.0,1.0,5.0,0.0,0.0,0.0,0.0,,,,0.0,0.0,,-1.0,-1.0,-1.0,-250.0,,,,0.0,-1.0,,0,1
40010,MG,ABADIA DOS DOURADOS,4.0,1.0,2.0,1444.0,361.0,41516.0,10379.0,2.0,4.0,12.0,7.0,1.0,5.0,2464.0,352.0,64887.0,9269.57142857143,2.0,4.0,125.0,3.0,0.0,3.0,1020.0,-9.0,23371.0,-1109.4285714285706,0.0,0.0,113.0,1,1
40029,MG,ARAPORÃ,11.0,1.0,5.0,3912.0,355.6363636363636,52132.0,4739.272727272727,10.0,10.0,103.0,6.0,1.0,5.0,2017.0,336.1666666666667,41750.0,6958.333333333333,3.0,5.0,31.0,-5.0,0.0,0.0,-1895.0,-19.46969696969694,-10382.0,2219.060606060606,-7.0,-5.0,-72.0,1,1
40037,MG,ABAETÉ,4.0,1.0,3.0,1532.0,383.0,31698.0,7924.5,2.0,4.0,16.0,1.0,1.0,1.0,400.0,400.0,7000.0,7000.0,1.0,1.0,5.0,-3.0,0.0,-2.0,-1132.0,17.0,-24698.0,-924.5,-1.0,-3.0,-11.0,1,1
40045,MG,BRASILÂNDIA DE MINAS,3.0,1.0,2.0,1362.0,454.0,15498.0,5166.0,3.0,2.0,71.0,0.0,0.0,0.0,0.0,,,,0.0,0.0,,-3.0,-1.0,-2.0,-1362.0,,,,-3.0,-2.0,,0,1
40070,MG,ACAIACA,0.0,0.0,0.0,0.0,,,,0.0,0.0,,1.0,1.0,1.0,347.0,347.0,6000.0,6000.0,0.0,1.0,6.0,1.0,1.0,1.0,347.0,,,,0.0,1.0,,0,1
40088,MG,CARNEIRINHO,4.0,1.0,4.0,1154.0,288.5,23816.0,5954.0,4.0,4.0,15.0,1.0,1.0,1.0,390.0,390.0,5000.0,5000.0,1.0,1.0,7.0,-3.0,0.0,-3.0,-764.0,101.5,-18816.0,-954.0,-3.0,-3.0,-8.0,1,1
40096,MG,AÇUCENA,3.0,1.0,3.0,1000.0,333.3333333333333,12500.0,4166.666666666667,1.0,3.0,11.0,0.0,0.0,0.0,0.0,,,,0.0,0.0,,-3.0,-1.0,-3.0,-1000.0,,,,-1.0,-3.0,,0,1
40100,MG,CATUJI,0.0,0.0,0.0,0.0,,,,0.0,0.0,,1.0,1.0,1.0,253.0,253.0,7000.0,7000.0,0.0,1.0,6.0,1.0,1.0,1.0,253.0,,,,0.0,1.0,,0,1
40118,MG,ÁGUA BOA,0.0,0.0,0.0,0.0,,,,0.0,0.0,,2.0,1.0,2.0,713.0,356.5,19000.0,9500.0,0.0,2.0,9.0,2.0,1.0,2.0,713.0,,,,0.0,2.0,,0,1
40150,MG,AGUANIL,0.0,0.0,0.0,0.0,,,,0.0,0.0,,1.0,1.0,1.0,306.0,306.0,10000.0,10000.0,0.0,1.0,11.0,1.0,1.0,1.0,306.0,,,,0.0,1.0,,0,1
40169,MG,DURANDÉ,1.0,1.0,1.0,302.0,302.0,10000.0,10000.0,1.0,1.0,4.0,1.0,1.0,1.0,240.0,240.0,2000.0,2000.0,0.0,1.0,25.0,0.0,0.0,0.0,-62.0,-62.0,-8000.0,-8000.0,-1.0,0.0,21.0,1,1
40177,MG,ÁGUAS FORMOSAS,0.0,0.0,0.0,0.0,,,,0.0,0.0,,1.0,1.0,1.0,300.0,300.0,4000.0,4000.0,0.0,1.0,3.0,1.0,1.0,1.0,300.0,,,,0.0,1.0,,0,1
40185,MG,ENTRE FOLHAS,0.0,0.0,0.0,0.0,,,,0.0,0.0,,1.0,1.0,1.0,362.0,362.0,3900.0,3900.0,1.0,1.0,5.0,1.0,1.0,1.0,362.0,,,,1.0,1.0,,0,1
40215,MG,AIMORÉS,0.0,0.0,0.0,0.0,,,,0.0,0.0,,1.0,1.0,1.0,380.0,380.0,6000.0,6000.0,1.0,1.0,9.0,1.0,1.0,1.0,380.0,,,,1.0,1.0,,0,1
40240,MG,ICARAÍ DE MINAS,1.0,1.0,1.0,210.0,210.0,2900.0,2900.0,0.0,1.0,22.0,1.0,1.0,1.0,263.0,263.0,8500.0,8500.0,0.0,1.0,13.0,0.0,0.0,0.0,53.0,53.0,5600.0,5600.0,0.0,0.0,-9.0,1,1
40266,MG,IPABA,2.0,1.0,2.0,822.0,411.0,10000.0,5000.0,0.0,2.0,16.0,1.0,1.0,1.0,400.0,400.0,5000.0,5000.0,0.0,1.0,3.0,-1.0,0.0,-1.0,-422.0,-11.0,-5000.0,0.0,0.0,-1.0,-13.0,1,1
40282,MG,JAÍBA,3.0,1.0,3.0,1102.0,367.3333333333333,22958.0,7652.666666666667,1.0,3.0,8.0,0.0,0.0,0.0,0.0,,,,0.0,0.0,,-3.0,-1.0,-3.0,-1102.0,,,,-1.0,-3.0,,0,1
40290,MG,ALÉM PARAÍBA,2.0,1.0,1.0,1238.0,619.0,5000.0,2500.0,1.0,2.0,18.0,1.0,1.0,1.0,435.0,435.0,9800.0,9800.0,0.0,1.0,2.0,-1.0,0.0,0.0,-803.0,-184.0,4800.0,7300.0,-1.0,-1.0,-16.0,1,1
40304,MG,JAMPRUCA,0.0,0.0,0.0,0.0,,,,0.0,0.0,,1.0,1.0,1.0,300.0,300.0,10000.0,10000.0,0.0,1.0,15.0,1.0,1.0,1.0,300.0,,,,0.0,1.0,,0,1
40312,MG,ALFENAS,11.0,1.0,5.0,6235.0,566.8181818181819,93500.0,8500.0,10.0,6.0,285.0,15.0,1.0,6.0,7903.0,526.8666666666667,204400.0,13626.666666666666,4.0,7.0,181.0,4.0,0.0,1.0,1668.0,-39.951515151515196,110900.0,5126.666666666666,-6.0,1.0,-104.0,1,1
40320,MG,JUATUBA,1.0,1.0,1.0,307.0,307.0,9500.0,9500.0,1.0,1.0,23.0,0.0,0.0,0.0,0.0,,,,0.0,0.0,,-1.0,-1.0,-1.0,-307.0,,,,-1.0,-1.0,,0,1
40339,MG,ALMENARA,0.0,0.0,0.0,0.0,,,,0.0,0.0,,1.0,1.0,1.0,590.0,590.0,11000.0,11000.0,0.0,1.0,5.0,1.0,1.0,1.0,590.0,,,,0.0,1.0,,0,1
40347,MG,LAGOA GRANDE,2.0,1.0,1.0,614.0,307.0,17806.0,8903.0,2.0,2.0,16.0,0.0,0.0,0.0,0.0,,,,0.0,0.0,,-2.0,-1.0,-1.0,-614.0,,,,-2.0,-2.0,,0,1
40355,MG,ALPERCATA,1.0,1.0,1.0,429.0,429.0,10000.0,10000.0,1.0,1.0,12.0,1.0,1.0,1.0,370.0,370.0,10000.0,10000.0,0.0,0.0,117.0,0.0,0.0,0.0,-59.0,-59.0,0.0,0.0,-1.0,-1.0,105.0,1,1
40363,MG,LIMEIRA DO OESTE,5.0,1.0,2.0,1513.0,302.6,26777.0,5355.4,4.0,4.0,46.0,3.0,1.0,3.0,975.0,325.0,22307.0,7435.666666666667,2.0,1.0,44.0,-2.0,0.0,1.0,-538.0,22.399999999999977,-4470.0,2080.2666666666673,-2.0,-3.0,-2.0,1,1
40371,MG,ALPINÓPOLIS,6.0,1.0,5.0,2190.0,365.0,34208.0,5701.333333333333,5.0,5.0,240.0,2.0,1.0,1.0,756.0,378.0,5500.0,2750.0,1.0,1.0,204.0,-4.0,0.0,-4.0,-1434.0,13.0,-28708.0,-2951.333333333333,-4.0,-4.0,-36.0,1,1
40380,MG,LONTRA,0.0,0.0,0.0,0.0,,,,0.0,0.0,,2.0,1.0,2.0,520.0,260.0,27996.0,13998.0,0.0,2.0,18.0,2.0,1.0,2.0,520.0,,,,0.0,2.0,,0,1
40398,MG,ALTEROSA,4.0,1.0,3.0,1389.0,347.25,26200.0,6550.0,3.0,4.0,29.0,0.0,0.0,0.0,0.0,,,,0.0,0.0,,-4.0,-1.0,-3.0,-1389.0,,,,-3.0,-4.0,,0,1
40410,MG,ALTO RIO DOCE,0.0,0.0,0.0,0.0,,,,0.0,0.0,,1.0,1.0,1.0,250.0,250.0,15000.0,15000.0,0.0,1.0,4.0,1.0,1.0,1.0,250.0,,,,0.0,1.0,,0,1
40452,MG,ALVINÓPOLIS,3.0,1.0,2.0,1208.0,402.6666666666667,30000.0,10000.0,2.0,3.0,9.0,1.0,1.0,1.0,300.0,300.0,18000.0,18000.0,0.0,1.0,6.0,-2.0,0.0,-1.0,-908.0,-102.66666666666669,-12000.0,8000.0,-2.0,-2.0,-3.0,1,1
40487,MG,NAQUE,1.0,1.0,1.0,392.0,392.0,7000.0,7000.0,1.0,1.0,11.0,1.0,1.0,1.0,360.0,360.0,6000.0,6000.0,0.0,1.0,5.0,0.0,0.0,0.0,-32.0,-32.0,-1000.0,-1000.0,-1.0,0.0,-6.0,1,1
40495,MG,AMPARO DO SERRA,0.0,0.0,0.0,0.0,,,,0.0,0.0,,2.0,1.0,2.0,636.0,318.0,10000.0,5000.0,0.0,2.0,7.0,2.0,1.0,2.0,636.0,,,,0.0,2.0,,0,1
40509,MG,NOVO ORIENTE DE MINAS,0.0,0.0,0.0,0.0,,,,0.0,0.0,,1.0,1.0,1.0,285.0,285.0,8000.0,8000.0,0.0,1.0,11.0,1.0,1.0,1.0,285.0,,,,0.0,1.0,,0,1
40517,MG,ANDRADAS,1.0,1.0,1.0,402.0,402.0,9200.0,9200.0,0.0,1.0,9.0,5.0,1.0,4.0,2318.0,463.6,42900.0,8580.0,1.0,3.0,54.0,4.0,0.0,3.0,1916.0,61.60000000000002,33700.0,-620.0,1.0,2.0,45.0,1,1
40533,MG,CACHOEIRA DE PAJEÚ,3.0,1.0,3.0,1096.0,365.3333333333333,18000.0,6000.0,0.0,3.0,9.0,0.0,0.0,0.0,0.0,,,,0.0,0.0,,-3.0,-1.0,-3.0,-1096.0,,,,0.0,-3.0,,0,1
40541,MG,PEDRAS DE MARIA DA CRUZ,1.0,1.0,1.0,210.0,210.0,2900.0,2900.0,0.0,1.0,12.0,0.0,0.0,0.0,0.0,,,,0.0,0.0,,-1.0,-1.0,-1.0,-210.0,,,,0.0,-1.0,,0,1
40550,MG,ANDRELÂNDIA,1.0,1.0,1.0,245.0,245.0,2800.0,2800.0,1.0,1.0,18.0,0.0,0.0,0.0,0.0,,,,0.0,0.0,,-1.0,-1.0,-1.0,-245.0,,,,-1.0,-1.0,,0,1
40584,MG,PONTO DOS VOLANTES,1.0,1.0,1.0,350.0,350.0,8000.0,8000.0,1.0,1.0,9.0,1.0,1.0,1.0,403.0,403.0,4000.0,4000.0,0.0,1.0,9.0,0.0,0.0,0.0,53.0,53.0,-4000.0,-4000.0,-1.0,0.0,0.0,1,1
40592,MG,ANTÔNIO DIAS,1.0,1.0,1.0,400.0,400.0,8000.0,8000.0,0.0,1.0,16.0,1.0,1.0,1.0,400.0,400.0,3500.0,3500.0,1.0,1.0,7.0,0.0,0.0,0.0,0.0,0.0,-4500.0,-4500.0,1.0,0.0,-9.0,1,1
40622,MG,ROSÁRIO DA LIMEIRA,0.0,0.0,0.0,0.0,,,,0.0,0.0,,2.0,1.0,2.0,625.0,312.5,14000.0,7000.0,0.0,2.0,11.0,2.0,1.0,2.0,625.0,,,,0.0,2.0,,0,1
40630,MG,ARAÇAÍ,0.0,0.0,0.0,0.0,,,,0.0,0.0,,1.0,1.0,1.0,418.0,418.0,3500.0,3500.0,0.0,0.0,38.0,1.0,1.0,1.0,418.0,,,,0.0,0.0,,0,1
40649,MG,SANTA BÁRBARA DO LESTE,2.0,1.0,1.0,732.0,366.0,11000.0,5500.0,2.0,2.0,21.0,2.0,1.0,2.0,565.0,282.5,5700.0,2850.0,2.0,2.0,21.0,0.0,0.0,1.0,-167.0,-83.5,-5300.0,-2650.0,0.0,0.0,0.0,1,1
40665,MG,SANTA RITA DE MINAS,0.0,0.0,0.0,0.0,,,,0.0,0.0,,1.0,1.0,1.0,362.0,362.0,3900.0,3900.0,1.0,1.0,9.0,1.0,1.0,1.0,362.0,,,,1.0,1.0,,0,1
40681,MG,SANTANA DO PARAÍSO,4.0,1.0,3.0,1785.0,446.25,21000.0,5250.0,2.0,3.0,57.0,1.0,1.0,1.0,558.0,558.0,8000.0,8000.0,0.0,1.0,11.0,-3.0,0.0,-2.0,-1227.0,111.75,-13000.0,2750.0,-2.0,-2.0,-46.0,1,1
40690,MG,ARAGUARI,4.0,1.0,3.0,1724.0,431.0,56731.1,14182.775,2.0,3.0,37.0,2.0,1.0,1.0,900.0,450.0,53750.0,26875.0,0.0,1.0,87.0,-2.0,0.0,-2.0,-824.0,19.0,-2981.0999999999985,12692.225,-2.0,-2.0,50.0,1,1
40703,MG,SÃO JOÃO DA LAGOA,1.0,1.0,1.0,300.0,300.0,5000.0,5000.0,1.0,1.0,4.0,0.0,0.0,0.0,0.0,,,,0.0,0.0,,-1.0,-1.0,-1.0,-300.0,,,,-1.0,-1.0,,0,1
40711,MG,ARANTINA,0.0,0.0,0.0,0.0,,,,0.0,0.0,,1.0,1.0,1.0,316.0,316.0,9600.0,9600.0,1.0,1.0,25.0,1.0,1.0,1.0,316.0,,,,1.0,1.0,,0,1
40720,MG,SÃO JOÃO DO MANHUAÇU,1.0,1.0,1.0,405.0,405.0,5000.0,5000.0,1.0,1.0,9.0,0.0,0.0,0.0,0.0,,,,0.0,0.0,,-1.0,-1.0,-1.0,-405.0,,,,-1.0,-1.0,,0,1
40770,MG,ARAÚJOS,2.0,1.0,2.0,423.0,211.5,11000.0,5500.0,1.0,2.0,20.0,0.0,0.0,0.0,0.0,,,,0.0,0.0,,-2.0,-1.0,-2.0,-423.0,,,,-1.0,-2.0,,0,1
40789,MG,SÃO JOSÉ DA LAPA,0.0,0.0,0.0,0.0,,,,0.0,0.0,,3.0,1.0,2.0,1132.0,377.3333333333333,38800.0,12933.333333333334,0.0,2.0,40.0,3.0,1.0,2.0,1132.0,,,,0.0,2.0,,0,1
40797,MG,ARAXÁ,5.0,1.0,3.0,2762.0,552.4,55877.0,11175.4,4.0,4.0,43.0,8.0,1.0,4.0,3657.0,457.125,97787.8,12223.475,5.0,6.0,151.0,3.0,0.0,1.0,895.0,-95.27499999999998,41910.8,1048.0750000000007,1.0,2.0,108.0,1,1
40800,MG,SARZEDO,1.0,1.0,1.0,454.0,454.0,4500.0,4500.0,0.0,1.0,7.0,2.0,1.0,2.0,900.0,450.0,30000.0,15000.0,1.0,1.0,36.0,1.0,0.0,1.0,446.0,-4.0,25500.0,10500.0,1.0,0.0,29.0,1,1
40819,MG,ARCEBURGO,4.0,1.0,3.0,1321.0,330.25,31800.0,7950.0,4.0,3.0,35.0,2.0,1.0,2.0,864.0,432.0,8500.0,4250.0,1.0,2.0,21.0,-2.0,0.0,-1.0,-457.0,101.75,-23300.0,-3700.0,-3.0,-1.0,-14.0,1,1
40835,MG,ARCOS,1.0,1.0,1.0,402.0,402.0,11658.0,11658.0,1.0,1.0,16.0,0.0,0.0,0.0,0.0,,,,0.0,0.0,,-1.0,-1.0,-1.0,-402.0,,,,-1.0,-1.0,,0,1
40851,MG,AREADO,1.0,1.0,1.0,403.0,403.0,5000.0,5000.0,1.0,1.0,3.0,2.0,1.0,1.0,746.0,373.0,5800.0,2900.0,1.0,0.0,260.0,1.0,0.0,0.0,343.0,-30.0,800.0,-2100.0,0.0,-1.0,257.0,1,1
40860,MG,UBAPORANGA,1.0,1.0,1.0,371.0,371.0,5000.0,5000.0,1.0,1.0,5.0,0.0,0.0,0.0,0.0,,,,0.0,0.0,,-1.0,-1.0,-1.0,-371.0,,,,-1.0,-1.0,,0,1
40886,MG,URUCUIA,1.0,1.0,1.0,322.0,322.0,9338.0,9338.0,1.0,1.0,2.0,3.0,1.0,3.0,1400.0,466.6666666666667,23000.0,7666.666666666667,0.0,2.0,6.0,2.0,0.0,2.0,1078.0,144.66666666666669,13662.0,-1671.333333333333,-1.0,1.0,4.0,1,1
40894,MG,ARINOS,1.0,1.0,1.0,362.0,362.0,10498.0,10498.0,1.0,1.0,16.0,0.0,0.0,0.0,0.0,,,,0.0,0.0,,-1.0,-1.0,-1.0,-362.0,,,,-1.0,-1.0,,0,1
40908,MG,VARGEM ALEGRE,0.0,0.0,0.0,0.0,,,,0.0,0.0,,2.0,1.0,2.0,610.0,305.0,5700.0,2850.0,2.0,2.0,8.0,2.0,1.0,2.0,610.0,,,,2.0,2.0,,0,1
40932,MG,ATALÉIA,1.0,1.0,1.0,410.0,410.0,10000.0,10000.0,1.0,1.0,4.0,2.0,1.0,2.0,680.0,340.0,17500.0,8750.0,0.0,2.0,14.0,1.0,0.0,1.0,270.0,-70.0,7500.0,-1250.0,-1.0,1.0,10.0,1,1
40940,MG,JUVENÍLIA,1.0,1.0,1.0,210.0,210.0,2900.0,2900.0,0.0,1.0,11.0,5.0,1.0,3.0,1500.0,300.0,36000.0,7200.0,0.0,4.0,255.0,4.0,0.0,2.0,1290.0,90.0,33100.0,4300.0,0.0,3.0,244.0,1,1
41017,MG,BAMBUÍ,4.0,1.0,2.0,1512.0,378.0,37048.0,9262.0,3.0,2.0,37.0,1.0,1.0,1.0,435.0,435.0,10000.0,10000.0,0.0,1.0,14.0,-3.0,0.0,-1.0,-1077.0,57.0,-27048.0,738.0,-3.0,-1.0,-23.0,1,1
41025,MG,MÁRIO CAMPOS,5.0,1.0,1.0,2000.0,400.0,5400.0,1080.0,5.0,2.0,131.0,1.0,1.0,1.0,300.0,300.0,16740.0,16740.0,0.0,0.0,151.0,-4.0,0.0,0.0,-1700.0,-100.0,11340.0,15660.0,-5.0,-2.0,20.0,1,1
41041,MG,MARTINS SOARES,0.0,0.0,0.0,0.0,,,,0.0,0.0,,2.0,1.0,1.0,900.0,450.0,22000.0,11000.0,0.0,1.0,6.0,2.0,1.0,1.0,900.0,,,,0.0,1.0,,0,1
41076,MG,BARÃO DE COCAIS,2.0,1.0,2.0,730.0,365.0,11000.0,5500.0,1.0,2.0,8.0,1.0,1.0,1.0,453.0,453.0,10000.0,10000.0,0.0,1.0,6.0,-1.0,0.0,-1.0,-277.0,88.0,-1000.0,4500.0,-1.0,-1.0,-2.0,1,1
41114,MG,BARBACENA,5.0,1.0,2.0,2748.0,549.6,48465.3,9693.060000000001,4.0,2.0,96.0,0.0,0.0,0.0,0.0,,,,0.0,0.0,,-5.0,-1.0,-2.0,-2748.0,,,,-4.0,-2.0,,0,1
41130,MG,BARRA LONGA,1.0,1.0,1.0,300.0,300.0,3500.0,3500.0,0.0,1.0,5.0,2.0,1.0,2.0,759.0,379.5,5000.0,2500.0,1.0,2.0,6.0,1.0,0.0,1.0,459.0,79.5,1500.0,-1000.0,1.0,1.0,1.0,1,1
41157,MG,TRÊS MARIAS,0.0,0.0,0.0,0.0,,,,0.0,0.0,,2.0,1.0,2.0,778.0,389.0,21000.0,10500.0,1.0,2.0,23.0,2.0,1.0,2.0,778.0,,,,1.0,2.0,,0,1
41238,MG,BELO HORIZONTE,39.0,1.0,8.0,41194.0,1056.2564102564102,1869818.33,47944.05974358974,13.0,18.0,299.0,107.0,1.0,23.0,129305.0,1208.4579439252336,4603857.84,43026.70878504673,36.0,35.0,209.0,68.0,0.0,15.0,88111.0,152.20153366882346,2734039.51,-4917.350958543015,23.0,17.0,-90.0,1,1
41246,MG,ORIZÂNIA,0.0,0.0,0.0,0.0,,,,0.0,0.0,,1.0,1.0,1.0,400.0,400.0,3000.0,3000.0,0.0,1.0,9.0,1.0,1.0,1.0,400.0,,,,0.0,1.0,,0,1
41254,MG,BELO ORIENTE,1.0,1.0,1.0,321.0,321.0,5000.0,5000.0,0.0,1.0,11.0,3.0,1.0,3.0,1812.0,604.0,26500.0,8833.333333333334,1.0,2.0,193.0,2.0,0.0,2.0,1491.0,283.0,21500.0,3833.333333333334,1.0,1.0,182.0,1,1
41262,MG,PADRE CARVALHO,0.0,0.0,0.0,0.0,,,,0.0,0.0,,1.0,1.0,1.0,240.0,240.0,9000.0,9000.0,0.0,1.0,14.0,1.0,1.0,1.0,240.0,,,,0.0,1.0,,0,1
41270,MG,BELO VALE,0.0,0.0,0.0,0.0,,,,0.0,0.0,,9.0,1.0,6.0,2415.0,268.3333333333333,92511.4,10279.044444444444,1.0,4.0,152.0,9.0,1.0,6.0,2415.0,,,,1.0,4.0,,0,1
41300,MG,PATIS,1.0,1.0,1.0,210.0,210.0,2900.0,2900.0,0.0,1.0,13.0,0.0,0.0,0.0,0.0,,,,0.0,0.0,,-1.0,-1.0,-1.0,-210.0,,,,0.0,-1.0,,0,1
41335,MG,BETIM,11.0,1.0,3.0,13226.0,1202.3636363636363,466917.21,42447.019090909096,3.0,5.0,180.0,15.0,1.0,9.0,12974.0,864.9333333333333,380982.0,25398.8,1.0,10.0,160.0,4.0,0.0,6.0,-252.0,-337.430303030303,-85935.21000000002,-17048.219090909097,-2.0,5.0,-20.0,1,1
41343,MG,PIEDADE DE CARATINGA,3.0,1.0,2.0,816.0,272.0,7900.0,2633.3333333333335,3.0,3.0,17.0,0.0,0.0,0.0,0.0,,,,0.0,0.0,,-3.0,-1.0,-2.0,-816.0,,,,-3.0,-3.0,,0,1
41360,MG,PINGO D'ÁGUA,2.0,1.0,2.0,500.0,250.0,4000.0,2000.0,2.0,2.0,8.0,0.0,0.0,0.0,0.0,,,,0.0,0.0,,-2.0,-1.0,-2.0,-500.0,,,,-2.0,-2.0,,0,1
41386,MG,PINTÓPOLIS,0.0,0.0,0.0,0.0,,,,0.0,0.0,,1.0,1.0,1.0,399.0,399.0,4600.0,4600.0,0.0,1.0,21.0,1.0,1.0,1.0,399.0,,,,0.0,1.0,,0,1
41416,MG,BOA ESPERANÇA,1.0,1.0,1.0,400.0,400.0,5000.0,5000.0,1.0,1.0,4.0,1.0,1.0,1.0,400.0,400.0,8000.0,8000.0,0.0,1.0,4.0,0.0,0.0,0.0,0.0,0.0,3000.0,3000.0,-1.0,0.0,0.0,1,1
41432,MG,BOCAINA DE MINAS,1.0,1.0,1.0,650.0,650.0,8000.0,8000.0,1.0,1.0,10.0,1.0,1.0,1.0,237.0,237.0,8000.0,8000.0,0.0,1.0,8.0,0.0,0.0,0.0,-413.0,-413.0,0.0,0.0,-1.0,0.0,-2.0,1,1
41459,MG,BOCAIÚVA,1.0,1.0,1.0,400.0,400.0,8000.0,8000.0,1.0,1.0,14.0,0.0,0.0,0.0,0.0,,,,0.0,0.0,,-1.0,-1.0,-1.0,-400.0,,,,-1.0,-1.0,,0,1
41475,MG,BOM DESPACHO,1.0,1.0,1.0,400.0,400.0,10000.0,10000.0,1.0,1.0,16.0,0.0,0.0,0.0,0.0,,,,0.0,0.0,,-1.0,-1.0,-1.0,-400.0,,,,-1.0,-1.0,,0,1
41491,MG,BOM JARDIM DE MINAS,0.0,0.0,0.0,0.0,,,,0.0,0.0,,2.0,1.0,2.0,746.0,373.0,20900.0,10450.0,0.0,2.0,16.0,2.0,1.0,2.0,746.0,,,,0.0,2.0,,0,1
41513,MG,BOM JESUS DA PENHA,1.0,1.0,1.0,401.0,401.0,5400.0,5400.0,1.0,1.0,7.0,2.0,1.0,2.0,590.0,295.0,10750.0,5375.0,0.0,2.0,10.0,1.0,0.0,1.0,189.0,-106.0,5350.0,-25.0,-1.0,1.0,3.0,1,1
41548,MG,SÃO DOMINGOS DAS DORES,0.0,0.0,0.0,0.0,,,,0.0,0.0,,6.0,1.0,4.0,2294.0,382.3333333333333,25600.0,4266.666666666667,3.0,6.0,23.0,6.0,1.0,4.0,2294.0,,,,3.0,6.0,,0,1
41556,MG,BOM JESUS DO GALHO,2.0,1.0,2.0,673.0,336.5,6500.0,3250.0,2.0,2.0,7.0,0.0,0.0,0.0,0.0,,,,0.0,0.0,,-2.0,-1.0,-2.0,-673.0,,,,-2.0,-2.0,,0,1
41564,MG,SÃO FÉLIX DE MINAS,2.0,1.0,2.0,680.0,340.0,14000.0,7000.0,1.0,2.0,29.0,0.0,0.0,0.0,0.0,,,,0.0,0.0,,-2.0,-1.0,-2.0,-680.0,,,,-1.0,-2.0,,0,1
41572,MG,BOM REPOUSO,5.0,1.0,2.0,1605.0,321.0,25500.0,5100.0,4.0,3.0,74.0,1.0,1.0,1.0,270.0,270.0,3000.0,3000.0,1.0,1.0,8.0,-4.0,0.0,-1.0,-1335.0,-51.0,-22500.0,-2100.0,-3.0,-2.0,-66.0,1,1
41629,MG,SÃO JOAQUIM DE BICAS,0.0,0.0,0.0,0.0,,,,0.0,0.0,,1.0,1.0,1.0,380.0,380.0,9000.0,9000.0,0.0,0.0,50.0,1.0,1.0,1.0,380.0,,,,0.0,0.0,,0,1
41645,MG,SÃO JOSÉ DA BARRA,1.0,1.0,1.0,220.0,220.0,2500.0,2500.0,1.0,0.0,164.0,1.0,1.0,1.0,305.0,305.0,12000.0,12000.0,0.0,1.0,5.0,0.0,0.0,0.0,85.0,85.0,9500.0,9500.0,-1.0,1.0,-159.0,1,1
41653,MG,BORDA DA MATA,3.0,1.0,3.0,1154.0,384.6666666666667,15000.0,5000.0,3.0,3.0,13.0,2.0,1.0,2.0,680.0,340.0,13000.0,6500.0,0.0,1.0,32.0,-1.0,0.0,-1.0,-474.0,-44.666666666666686,-2000.0,1500.0,-3.0,-2.0,19.0,1,1
41670,MG,BOTELHOS,0.0,0.0,0.0,0.0,,,,0.0,0.0,,1.0,1.0,1.0,310.0,310.0,1750.0,1750.0,0.0,0.0,109.0,1.0,1.0,1.0,310.0,,,,0.0,0.0,,0,1
41688,MG,ANGELÂNDIA,2.0,1.0,2.0,564.0,282.0,16000.0,8000.0,1.0,2.0,7.0,1.0,1.0,1.0,222.0,222.0,14000.0,14000.0,0.0,1.0,14.0,-1.0,0.0,-1.0,-342.0,-60.0,-2000.0,6000.0,-1.0,-1.0,7.0,1,1
41718,MG,BRASÍLIA DE MINAS,3.0,1.0,3.0,1152.0,384.0,16800.0,5600.0,1.0,3.0,10.0,6.0,1.0,4.0,2176.0,362.6666666666667,62118.0,10353.0,1.0,5.0,76.0,3.0,0.0,1.0,1024.0,-21.333333333333314,45318.0,4753.0,0.0,2.0,66.0,1,1
41726,MG,BERIZAL,0.0,0.0,0.0,0.0,,,,0.0,0.0,,1.0,1.0,1.0,400.0,400.0,10000.0,10000.0,0.0,1.0,2.0,1.0,1.0,1.0,400.0,,,,0.0,1.0,,0,1
41734,MG,BRÁS PIRES,1.0,1.0,1.0,250.0,250.0,8400.0,8400.0,0.0,1.0,11.0,1.0,1.0,1.0,250.0,250.0,10000.0,10000.0,1.0,1.0,18.0,0.0,0.0,0.0,0.0,0.0,1600.0,1600.0,1.0,0.0,7.0,1,1
41750,MG,BRAÚNAS,1.0,1.0,1.0,350.0,350.0,5000.0,5000.0,0.0,1.0,5.0,2.0,1.0,2.0,755.0,377.5,7400.0,3700.0,2.0,2.0,8.0,1.0,0.0,1.0,405.0,27.5,2400.0,-1300.0,2.0,1.0,3.0,1,1
41793,MG,BRUMADINHO,3.0,1.0,3.0,1200.0,400.0,37250.0,12416.666666666666,1.0,3.0,6.0,14.0,1.0,7.0,8042.0,574.4285714285714,177140.0,12652.857142857143,4.0,8.0,139.0,11.0,0.0,4.0,6842.0,174.42857142857144,139890.0,236.19047619047706,3.0,5.0,133.0,1,1
41807,MG,CAMPO AZUL,0.0,0.0,0.0,0.0,,,,0.0,0.0,,1.0,1.0,1.0,355.0,355.0,12000.0,12000.0,0.0,1.0,9.0,1.0,1.0,1.0,355.0,,,,0.0,1.0,,0,1
41823,MG,CANTAGALO,1.0,1.0,1.0,320.0,320.0,4800.0,4800.0,0.0,0.0,-26.0,2.0,1.0,1.0,680.0,340.0,24000.0,12000.0,0.0,1.0,35.0,1.0,0.0,0.0,360.0,20.0,19200.0,7200.0,0.0,1.0,61.0,1,1
41858,MG,BURITIS,5.0,1.0,3.0,1867.0,373.4,30298.0,6059.6,2.0,5.0,16.0,2.0,1.0,1.0,844.0,422.0,8000.0,4000.0,0.0,1.0,79.0,-3.0,0.0,-2.0,-1023.0,48.60000000000002,-22298.0,-2059.6000000000004,-2.0,-4.0,63.0,1,1
41874,MG,BURITIZEIRO,1.0,1.0,1.0,240.0,240.0,8719.68,8719.68,0.0,1.0,8.0,0.0,0.0,0.0,0.0,,,,0.0,0.0,,-1.0,-1.0,-1.0,-240.0,,,,0.0,-1.0,,0,1
41890,MG,CABO VERDE,6.0,1.0,5.0,2176.0,362.6666666666667,31800.0,5300.0,5.0,5.0,144.0,0.0,0.0,0.0,0.0,,,,0.0,0.0,,-6.0,-1.0,-5.0,-2176.0,,,,-5.0,-5.0,,0,1
41904,MG,CÔNEGO MARINHO,0.0,0.0,0.0,0.0,,,,0.0,0.0,,1.0,1.0,1.0,300.0,300.0,10000.0,10000.0,0.0,1.0,10.0,1.0,1.0,1.0,300.0,,,,0.0,1.0,,0,1
41920,MG,CONFINS,0.0,0.0,0.0,0.0,,,,0.0,0.0,,2.0,1.0,1.0,800.0,400.0,15000.0,7500.0,0.0,0.0,163.0,2.0,1.0,1.0,800.0,,,,0.0,0.0,,0,1
41939,MG,CACHOEIRA DE MINAS,1.0,1.0,1.0,400.0,400.0,4375.0,4375.0,0.0,1.0,12.0,0.0,0.0,0.0,0.0,,,,0.0,0.0,,-1.0,-1.0,-1.0,-400.0,,,,0.0,-1.0,,0,1
41947,MG,CÓRREGO FUNDO,1.0,1.0,1.0,401.0,401.0,4600.0,4600.0,1.0,1.0,12.0,0.0,0.0,0.0,0.0,,,,0.0,0.0,,-1.0,-1.0,-1.0,-401.0,,,,-1.0,-1.0,,0,1
41955,MG,CACHOEIRA DOURADA,3.0,1.0,3.0,1024.0,341.3333333333333,14000.0,4666.666666666667,3.0,3.0,7.0,3.0,1.0,2.0,939.0,313.0,13622.0,4540.666666666667,1.0,1.0,52.0,0.0,0.0,-1.0,-85.0,-28.333333333333314,-378.0,-126.0,-2.0,-2.0,45.0,1,1
41998,MG,CAETÉ,0.0,0.0,0.0,0.0,,,,0.0,0.0,,1.0,1.0,1.0,500.0,500.0,26000.0,26000.0,0.0,1.0,26.0,1.0,1.0,1.0,500.0,,,,0.0,1.0,,0,1
42013,MG,CAIANA,1.0,1.0,1.0,305.0,305.0,2300.0,2300.0,0.0,1.0,8.0,0.0,0.0,0.0,0.0,,,,0.0,0.0,,-1.0,-1.0,-1.0,-305.0,,,,0.0,-1.0,,0,1
42021,MG,DELTA,0.0,0.0,0.0,0.0,,,,0.0,0.0,,3.0,1.0,2.0,707.0,235.66666666666666,21800.0,7266.666666666667,1.0,2.0,35.0,3.0,1.0,2.0,707.0,,,,1.0,2.0,,0,1
42056,MG,CALDAS,3.0,1.0,3.0,1040.0,346.6666666666667,17300.0,5766.666666666667,1.0,3.0,9.0,1.0,1.0,1.0,380.0,380.0,7500.0,7500.0,0.0,1.0,7.0,-2.0,0.0,-2.0,-660.0,33.333333333333314,-9800.0,1733.333333333333,-1.0,-2.0,-2.0,1,1
42072,MG,CAMACHO,3.0,1.0,2.0,678.0,226.0,15000.0,5000.0,2.0,3.0,18.0,2.0,1.0,1.0,640.0,320.0,22400.0,11200.0,0.0,1.0,55.0,-1.0,0.0,-1.0,-38.0,94.0,7400.0,6200.0,-2.0,-2.0,37.0,1,1
42099,MG,CAMANDUCAIA,4.0,1.0,3.0,2000.0,500.0,15600.0,3900.0,3.0,1.0,97.0,3.0,1.0,1.0,1200.0,400.0,15000.0,5000.0,0.0,2.0,64.0,-1.0,0.0,-2.0,-800.0,-100.0,-600.0,1100.0,-3.0,1.0,-33.0,1,1
42110,MG,CAMBUÍ,2.0,1.0,1.0,630.0,315.0,11000.0,5500.0,1.0,1.0,43.0,2.0,1.0,2.0,804.0,402.0,11400.0,5700.0,0.0,1.0,45.0,0.0,0.0,1.0,174.0,87.0,400.0,200.0,-1.0,0.0,2.0,1,1
42129,MG,GLAUCILÂNDIA,1.0,1.0,1.0,210.0,210.0,7500.0,7500.0,0.0,1.0,13.0,0.0,0.0,0.0,0.0,,,,0.0,0.0,,-1.0,-1.0,-1.0,-210.0,,,,0.0,-1.0,,0,1
42137,MG,CAMBUQUIRA,1.0,1.0,1.0,405.0,405.0,3000.0,3000.0,1.0,1.0,10.0,1.0,1.0,1.0,269.0,269.0,2500.0,2500.0,0.0,1.0,8.0,0.0,0.0,0.0,-136.0,-136.0,-500.0,-500.0,-1.0,0.0,-2.0,1,1
42170,MG,CAMPANHA,2.0,1.0,2.0,803.0,401.5,14000.0,7000.0,2.0,2.0,15.0,0.0,0.0,0.0,0.0,,,,0.0,0.0,,-2.0,-1.0,-2.0,-803.0,,,,-2.0,-2.0,,0,1
42196,MG,CAMPESTRE,4.0,1.0,3.0,1362.0,340.5,26600.0,6650.0,2.0,2.0,7.0,2.0,1.0,2.0,744.0,372.0,14500.0,7250.0,0.0,2.0,9.0,-2.0,0.0,-1.0,-618.0,31.5,-12100.0,600.0,-2.0,0.0,2.0,1,1
42200,MG,IBIRACATU,1.0,1.0,1.0,210.0,210.0,2900.0,2900.0,0.0,1.0,8.0,0.0,0.0,0.0,0.0,,,,0.0,0.0,,-1.0,-1.0,-1.0,-210.0,,,,0.0,-1.0,,0,1
42218,MG,CAMPINA VERDE,6.0,1.0,2.0,1975.0,329.1666666666667,35202.0,5867.0,4.0,5.0,42.0,6.0,1.0,2.0,2124.0,354.0,27340.0,4556.666666666667,3.0,4.0,85.0,0.0,0.0,0.0,149.0,24.833333333333314,-7862.0,-1310.333333333333,-1.0,-1.0,43.0,1,1
42226,MG,IMBÉ DE MINAS,1.0,1.0,1.0,254.0,254.0,4000.0,4000.0,1.0,1.0,6.0,1.0,1.0,1.0,361.0,361.0,3900.0,3900.0,1.0,1.0,4.0,0.0,0.0,0.0,107.0,107.0,-100.0,-100.0,0.0,0.0,-2.0,1,1
42234,MG,CAMPO BELO,2.0,1.0,2.0,730.0,365.0,21700.0,10850.0,0.0,2.0,6.0,3.0,1.0,3.0,1336.0,445.3333333333333,30900.0,10300.0,1.0,2.0,33.0,1.0,0.0,1.0,606.0,80.33333333333331,9200.0,-550.0,1.0,0.0,27.0,1,1
42250,MG,CAMPO DO MEIO,3.0,1.0,3.0,978.0,326.0,26100.0,8700.0,3.0,2.0,55.0,0.0,0.0,0.0,0.0,,,,0.0,0.0,,-3.0,-1.0,-3.0,-978.0,,,,-3.0,-2.0,,0,1
42277,MG,CAMPO FLORIDO,3.0,1.0,2.0,853.0,284.3333333333333,14287.0,4762.333333333333,3.0,2.0,155.0,0.0,0.0,0.0,0.0,,,,0.0,0.0,,-3.0,-1.0,-2.0,-853.0,,,,-3.0,-2.0,,0,1
42285,MG,JENIPAPO DE MINAS,0.0,0.0,0.0,0.0,,,,0.0,0.0,,1.0,1.0,1.0,384.0,384.0,5000.0,5000.0,1.0,0.0,40.0,1.0,1.0,1.0,384.0,,,,1.0,0.0,,0,1
42293,MG,CAMPOS ALTOS,1.0,1.0,1.0,322.0,322.0,9338.0,9338.0,1.0,1.0,24.0,1.0,1.0,1.0,371.0,371.0,12000.0,12000.0,0.0,0.0,45.0,0.0,0.0,0.0,49.0,49.0,2662.0,2662.0,-1.0,-1.0,21.0,1,1
42307,MG,JOSÉ GONÇALVES DE MINAS,1.0,1.0,1.0,201.0,201.0,5000.0,5000.0,0.0,1.0,4.0,0.0,0.0,0.0,0.0,,,,0.0,0.0,,-1.0,-1.0,-1.0,-201.0,,,,0.0,-1.0,,0,1
42315,MG,CAMPOS GERAIS,9.0,1.0,4.0,3485.0,387.22222222222223,54100.0,6011.111111111111,9.0,5.0,201.0,1.0,1.0,1.0,390.0,390.0,2000.0,2000.0,0.0,0.0,75.0,-8.0,0.0,-3.0,-3095.0,2.7777777777777715,-52100.0,-4011.1111111111113,-9.0,-5.0,-126.0,1,1
42358,MG,CANÁPOLIS,4.0,1.0,3.0,1373.0,343.25,25038.0,6259.5,4.0,3.0,89.0,2.0,1.0,1.0,740.0,370.0,6500.0,3250.0,2.0,1.0,139.0,-2.0,0.0,-2.0,-633.0,26.75,-18538.0,-3009.5,-2.0,-2.0,50.0,1,1
42366,MG,SÃO SEBASTIÃO DO ANTA,1.0,1.0,1.0,360.0,360.0,4000.0,4000.0,1.0,1.0,7.0,3.0,1.0,2.0,1024.0,341.3333333333333,11800.0,3933.3333333333335,2.0,3.0,23.0,2.0,0.0,1.0,664.0,-18.666666666666686,7800.0,-66.66666666666652,1.0,2.0,16.0,1,1
42382,MG,SERRANÓPOLIS DE MINAS,0.0,0.0,0.0,0.0,,,,0.0,0.0,,1.0,1.0,1.0,350.0,350.0,12000.0,12000.0,0.0,1.0,11.0,1.0,1.0,1.0,350.0,,,,0.0,1.0,,0,1
42447,MG,UNIÃO DE MINAS,7.0,1.0,4.0,1732.0,247.42857142857142,25678.0,3668.285714285714,5.0,6.0,42.0,3.0,1.0,3.0,760.0,253.33333333333334,17500.0,5833.333333333333,1.0,3.0,8.0,-4.0,0.0,-1.0,-972.0,5.904761904761926,-8178.0,2165.047619047619,-4.0,-3.0,-34.0,1,1
42455,MG,CAPELINHA,1.0,1.0,1.0,535.0,535.0,10000.0,10000.0,0.0,1.0,11.0,7.0,1.0,4.0,3286.0,469.42857142857144,99500.0,14214.285714285714,0.0,7.0,30.0,6.0,0.0,3.0,2751.0,-65.57142857142856,89500.0,4214.285714285714,0.0,6.0,19.0,1,1
42471,MG,CAPETINGA,1.0,1.0,1.0,414.0,414.0,6000.0,6000.0,1.0,1.0,10.0,0.0,0.0,0.0,0.0,,,,0.0,0.0,,-1.0,-1.0,-1.0,-414.0,,,,-1.0,-1.0,,0,1
42498,MG,CAPIM BRANCO,3.0,1.0,1.0,1200.0,400.0,5000.0,1666.6666666666667,3.0,1.0,142.0,0.0,0.0,0.0,0.0,,,,0.0,0.0,,-3.0,-1.0,-1.0,-1200.0,,,,-3.0,-1.0,,0,1
42501,MG,VARJÃO DE MINAS,2.0,1.0,1.0,569.0,284.5,16501.0,8250.5,2.0,2.0,12.0,1.0,1.0,1.0,266.0,266.0,13500.0,13500.0,0.0,1.0,28.0,-1.0,0.0,0.0,-303.0,-18.5,-3001.0,5249.5,-2.0,-1.0,16.0,1,1
42510,MG,CAPINÓPOLIS,1.0,1.0,1.0,324.0,324.0,9396.0,9396.0,1.0,1.0,24.0,3.0,1.0,2.0,1144.0,381.3333333333333,20000.0,6666.666666666667,2.0,2.0,38.0,2.0,0.0,1.0,820.0,57.333333333333314,10604.0,-2729.333333333333,1.0,1.0,14.0,1,1
42528,MG,VERDELÂNDIA,1.0,1.0,1.0,235.0,235.0,6800.0,6800.0,0.0,1.0,4.0,2.0,1.0,2.0,656.0,328.0,18000.0,9000.0,0.0,2.0,10.0,1.0,0.0,1.0,421.0,93.0,11200.0,2200.0,0.0,1.0,6.0,1,1
42536,MG,CAPITÃO ENÉAS,0.0,0.0,0.0,0.0,,,,0.0,0.0,,1.0,1.0,1.0,376.0,376.0,13500.0,13500.0,0.0,1.0,3.0,1.0,1.0,1.0,376.0,,,,0.0,1.0,,0,1
42544,MG,VEREDINHA,0.0,0.0,0.0,0.0,,,,0.0,0.0,,1.0,1.0,1.0,227.0,227.0,7900.0,7900.0,0.0,1.0,2.0,1.0,1.0,1.0,227.0,,,,0.0,1.0,,0,1
42552,MG,CAPITÓLIO,4.0,1.0,4.0,1255.0,313.75,22000.0,5500.0,1.0,3.0,143.0,7.0,1.0,3.0,2310.0,330.0,55500.0,7928.571428571428,0.0,5.0,36.0,3.0,0.0,-1.0,1055.0,16.25,33500.0,2428.5714285714284,-1.0,2.0,-107.0,1,1
42579,MG,CAPUTIRA,1.0,1.0,1.0,300.0,300.0,3000.0,3000.0,1.0,1.0,6.0,1.0,1.0,1.0,285.0,285.0,7000.0,7000.0,0.0,1.0,6.0,0.0,0.0,0.0,-15.0,-15.0,4000.0,4000.0,-1.0,0.0,0.0,1,1
42633,MG,CARANDAÍ,0.0,0.0,0.0,0.0,,,,0.0,0.0,,3.0,1.0,1.0,1050.0,350.0,15000.0,5000.0,0.0,2.0,56.0,3.0,1.0,1.0,1050.0,,,,0.0,2.0,,0,1
42650,MG,CARANGOLA,0.0,0.0,0.0,0.0,,,,0.0,0.0,,1.0,1.0,1.0,352.0,352.0,13000.0,13000.0,0.0,1.0,22.0,1.0,1.0,1.0,352.0,,,,0.0,1.0,,0,1
42676,MG,CARATINGA,8.0,1.0,4.0,4236.0,529.5,54895.0,6861.875,8.0,5.0,252.0,22.0,1.0,5.0,14515.0,659.7727272727273,116600.0,5300.0,16.0,12.0,178.0,14.0,0.0,1.0,10279.0,130.27272727272725,61705.0,-1561.875,8.0,7.0,-74.0,1,1
42730,MG,CARLOS CHAGAS,1.0,1.0,1.0,376.0,376.0,2000.0,2000.0,0.0,1.0,17.0,2.0,1.0,2.0,803.0,401.5,20000.0,10000.0,1.0,2.0,20.0,1.0,0.0,1.0,427.0,25.5,18000.0,8000.0,1.0,1.0,3.0,1,1
42790,MG,CARMO DA MATA,0.0,0.0,0.0,0.0,,,,0.0,0.0,,3.0,1.0,3.0,973.0,324.3333333333333,33000.0,11000.0,0.0,3.0,21.0,3.0,1.0,3.0,973.0,,,,0.0,3.0,,0,1
42811,MG,CARMO DE MINAS,0.0,0.0,0.0,0.0,,,,0.0,0.0,,1.0,1.0,1.0,308.0,308.0,3500.0,3500.0,0.0,0.0,43.0,1.0,1.0,1.0,308.0,,,,0.0,0.0,,0,1
42838,MG,CARMO DO CAJURU,0.0,0.0,0.0,0.0,,,,0.0,0.0,,3.0,1.0,3.0,1028.0,342.6666666666667,29100.0,9700.0,0.0,3.0,20.0,3.0,1.0,3.0,1028.0,,,,0.0,3.0,,0,1
42854,MG,CARMO DO PARANAÍBA,3.0,1.0,2.0,1127.0,375.6666666666667,31942.0,10647.333333333334,2.0,2.0,40.0,2.0,1.0,2.0,652.0,326.0,20774.4,10387.2,1.0,2.0,7.0,-1.0,0.0,0.0,-475.0,-49.666666666666686,-11167.599999999999,-260.1333333333332,-1.0,0.0,-33.0,1,1
42870,MG,CARMO DO RIO CLARO,6.0,1.0,3.0,2545.0,424.1666666666667,36000.0,6000.0,4.0,4.0,171.0,3.0,1.0,2.0,1144.0,381.3333333333333,16000.0,5333.333333333333,1.0,1.0,87.0,-3.0,0.0,-1.0,-1401.0,-42.83333333333337,-20000.0,-666.666666666667,-3.0,-3.0,-84.0,1,1
42897,MG,CARMÓPOLIS DE MINAS,1.0,1.0,1.0,400.0,400.0,7000.0,7000.0,0.0,1.0,6.0,6.0,1.0,4.0,2069.0,344.8333333333333,63300.0,10550.0,1.0,5.0,31.0,5.0,0.0,3.0,1669.0,-55.166666666666686,56300.0,3550.0,1.0,4.0,25.0,1,1
42994,MG,CASCALHO RICO,1.0,1.0,1.0,263.0,263.0,7627.0,7627.0,1.0,1.0,16.0,0.0,0.0,0.0,0.0,,,,0.0,0.0,,-1.0,-1.0,-1.0,-263.0,,,,-1.0,-1.0,,0,1
43010,MG,CÁSSIA,2.0,1.0,2.0,633.0,316.5,12338.0,6169.0,2.0,1.0,143.0,0.0,0.0,0.0,0.0,,,,0.0,0.0,,-2.0,-1.0,-2.0,-633.0,,,,-2.0,-1.0,,0,1
43052,MG,CATAGUASES,0.0,0.0,0.0,0.0,,,,0.0,0.0,,1.0,1.0,1.0,450.0,450.0,13000.0,13000.0,0.0,0.0,40.0,1.0,1.0,1.0,450.0,,,,0.0,0.0,,0,1
43095,MG,CAXAMBU,3.0,1.0,3.0,1156.0,385.3333333333333,24400.0,8133.333333333333,3.0,3.0,16.0,0.0,0.0,0.0,0.0,,,,0.0,0.0,,-3.0,-1.0,-3.0,-1156.0,,,,-3.0,-3.0,,0,1
43133,MG,CENTRAL DE MINAS,1.0,1.0,1.0,340.0,340.0,10000.0,10000.0,1.0,1.0,16.0,0.0,0.0,0.0,0.0,,,,0.0,0.0,,-1.0,-1.0,-1.0,-340.0,,,,-1.0,-1.0,,0,1
43150,MG,CENTRALINA,10.0,1.0,6.0,3123.0,312.3,47432.0,4743.2,8.0,9.0,31.0,1.0,1.0,1.0,300.0,300.0,2000.0,2000.0,1.0,0.0,109.0,-9.0,0.0,-5.0,-2823.0,-12.300000000000011,-45432.0,-2743.2,-7.0,-9.0,78.0,1,1
43214,MG,CHAPADA DO NORTE,1.0,1.0,1.0,350.0,350.0,8000.0,8000.0,1.0,1.0,8.0,0.0,0.0,0.0,0.0,,,,0.0,0.0,,-1.0,-1.0,-1.0,-350.0,,,,-1.0,-1.0,,0,1
43290,MG,CLARO DOS POÇÕES,1.0,1.0,1.0,300.0,300.0,6000.0,6000.0,0.0,1.0,5.0,1.0,1.0,1.0,300.0,300.0,6000.0,6000.0,0.0,1.0,4.0,0.0,0.0,0.0,0.0,0.0,0.0,0.0,0.0,0.0,-1.0,1,1
43311,MG,CLÁUDIO,1.0,1.0,1.0,400.0,400.0,3000.0,3000.0,1.0,1.0,4.0,2.0,1.0,2.0,700.0,350.0,16900.0,8450.0,0.0,2.0,12.0,1.0,0.0,1.0,300.0,-50.0,13900.0,5450.0,-1.0,1.0,8.0,1,1
43338,MG,COIMBRA,1.0,1.0,1.0,362.0,362.0,6600.0,6600.0,0.0,1.0,7.0,1.0,1.0,1.0,250.0,250.0,7500.0,7500.0,1.0,1.0,16.0,0.0,0.0,0.0,-112.0,-112.0,900.0,900.0,1.0,0.0,9.0,1,1
43370,MG,COMENDADOR GOMES,4.0,1.0,4.0,1163.0,290.75,21858.0,5464.5,4.0,4.0,13.0,4.0,1.0,2.0,1040.0,260.0,18675.0,4668.75,0.0,3.0,52.0,0.0,0.0,-2.0,-123.0,-30.75,-3183.0,-795.75,-4.0,-1.0,39.0,1,1
43419,MG,CONCEIÇÃO DA APARECIDA,3.0,1.0,2.0,1008.0,336.0,17500.0,5833.333333333333,3.0,2.0,106.0,3.0,1.0,2.0,912.0,304.0,10500.0,3500.0,1.0,1.0,232.0,0.0,0.0,0.0,-96.0,-32.0,-7000.0,-2333.333333333333,-2.0,-1.0,126.0,1,1
43451,MG,CONCEIÇÃO DAS ALAGOAS,3.0,1.0,2.0,1025.0,341.6666666666667,24025.0,8008.333333333333,3.0,2.0,43.0,0.0,0.0,0.0,0.0,,,,0.0,0.0,,-3.0,-1.0,-2.0,-1025.0,,,,-3.0,-2.0,,0,1
43494,MG,CONCEIÇÃO DO MATO DENTRO,1.0,1.0,1.0,603.0,603.0,8000.0,8000.0,0.0,0.0,41.0,12.0,1.0,7.0,5882.0,490.1666666666667,227000.0,18916.666666666668,3.0,6.0,161.0,11.0,0.0,6.0,5279.0,-112.83333333333331,219000.0,10916.666666666668,3.0,6.0,120.0,1,1
43516,MG,CONCEIÇÃO DO PARÁ,0.0,0.0,0.0,0.0,,,,0.0,0.0,,2.0,1.0,2.0,635.0,317.5,17000.0,8500.0,0.0,2.0,6.0,2.0,1.0,2.0,635.0,,,,0.0,2.0,,0,1
43532,MG,CONCEIÇÃO DO RIO VERDE,1.0,1.0,1.0,306.0,306.0,8300.0,8300.0,1.0,0.0,-13.0,2.0,1.0,2.0,506.0,253.0,17500.0,8750.0,1.0,1.0,76.0,1.0,0.0,1.0,200.0,-53.0,9200.0,450.0,0.0,1.0,89.0,1,1
43559,MG,CONCEIÇÃO DOS OUROS,0.0,0.0,0.0,0.0,,,,0.0,0.0,,1.0,1.0,1.0,260.0,260.0,3500.0,3500.0,0.0,1.0,10.0,1.0,1.0,1.0,260.0,,,,0.0,1.0,,0,1
43591,MG,CONGONHAS,3.0,1.0,2.0,1200.0,400.0,43832.0,14610.666666666666,1.0,3.0,28.0,4.0,1.0,3.0,1864.0,466.0,47000.0,11750.0,0.0,3.0,131.0,1.0,0.0,1.0,664.0,66.0,3168.0,-2860.666666666666,-1.0,0.0,103.0,1,1
43630,MG,CONQUISTA,1.0,1.0,1.0,302.0,302.0,8758.0,8758.0,1.0,1.0,23.0,2.0,1.0,2.0,630.0,315.0,7730.0,3865.0,0.0,2.0,22.0,1.0,0.0,1.0,328.0,13.0,-1028.0,-4893.0,-1.0,1.0,-1.0,1,1
43656,MG,CONSELHEIRO LAFAIETE,4.0,1.0,3.0,1800.0,450.0,50000.0,12500.0,3.0,4.0,15.0,2.0,1.0,2.0,1854.0,927.0,34000.0,17000.0,0.0,2.0,14.0,-2.0,0.0,-1.0,54.0,477.0,-16000.0,4500.0,-3.0,-2.0,-1.0,1,1
43710,MG,CONTAGEM,25.0,1.0,11.0,19598.0,783.92,549510.0,21980.4,15.0,12.0,101.0,11.0,1.0,6.0,10469.0,951.7272727272727,272854.2,24804.927272727273,3.0,6.0,181.0,-14.0,0.0,-5.0,-9129.0,167.8072727272728,-276655.8,2824.5272727272713,-12.0,-6.0,80.0,1,1
43753,MG,CORAÇÃO DE JESUS,1.0,1.0,1.0,400.0,400.0,8000.0,8000.0,1.0,1.0,14.0,0.0,0.0,0.0,0.0,,,,0.0,0.0,,-1.0,-1.0,-1.0,-400.0,,,,-1.0,-1.0,,0,1
43834,MG,COROACI,0.0,0.0,0.0,0.0,,,,0.0,0.0,,6.0,1.0,2.0,1909.0,318.1666666666667,61000.0,10166.666666666666,0.0,3.0,139.0,6.0,1.0,2.0,1909.0,,,,0.0,3.0,,0,1
43850,MG,COROMANDEL,9.0,1.0,4.0,3705.0,411.6666666666667,61988.0,6887.555555555556,7.0,7.0,42.0,2.0,1.0,1.0,810.0,405.0,32156.6,16078.3,2.0,2.0,23.0,-7.0,0.0,-3.0,-2895.0,-6.666666666666686,-29831.4,9190.744444444445,-5.0,-5.0,-19.0,1,1
43877,MG,CORONEL FABRICIANO,1.0,1.0,1.0,602.0,602.0,7000.0,7000.0,0.0,1.0,10.0,2.0,1.0,2.0,1380.0,690.0,24000.0,12000.0,0.0,2.0,7.0,1.0,0.0,1.0,778.0,88.0,17000.0,5000.0,0.0,1.0,-3.0,1,1
43893,MG,CORONEL MURTA,1.0,1.0,1.0,366.0,366.0,8000.0,8000.0,0.0,1.0,11.0,0.0,0.0,0.0,0.0,,,,0.0,0.0,,-1.0,-1.0,-1.0,-366.0,,,,0.0,-1.0,,0,1
43990,MG,CÓRREGO NOVO,2.0,1.0,2.0,500.0,250.0,4000.0,2000.0,2.0,2.0,8.0,1.0,1.0,1.0,250.0,250.0,1800.0,1800.0,1.0,1.0,7.0,-1.0,0.0,-1.0,-250.0,0.0,-2200.0,-200.0,-1.0,-1.0,-1.0,1,1
44032,MG,CRISTAIS,0.0,0.0,0.0,0.0,,,,0.0,0.0,,3.0,1.0,3.0,771.0,257.0,16500.0,5500.0,1.0,3.0,13.0,3.0,1.0,3.0,771.0,,,,1.0,3.0,,0,1
44059,MG,CRISTÁLIA,1.0,1.0,1.0,250.0,250.0,8000.0,8000.0,0.0,1.0,4.0,0.0,0.0,0.0,0.0,,,,0.0,0.0,,-1.0,-1.0,-1.0,-250.0,,,,0.0,-1.0,,0,1
44130,MG,CRUZEIRO DA FORTALEZA,1.0,1.0,1.0,253.0,253.0,7337.0,7337.0,1.0,1.0,14.0,2.0,1.0,2.0,654.0,327.0,18000.0,9000.0,0.0,2.0,4.0,1.0,0.0,1.0,401.0,74.0,10663.0,1663.0,-1.0,1.0,-10.0,1,1
44172,MG,CURVELO,1.0,1.0,1.0,500.0,500.0,15000.0,15000.0,0.0,1.0,8.0,1.0,1.0,1.0,400.0,400.0,8000.0,8000.0,0.0,1.0,16.0,0.0,0.0,0.0,-100.0,-100.0,-7000.0,-7000.0,0.0,0.0,8.0,1,1
44199,MG,DATAS,1.0,1.0,1.0,200.0,200.0,4500.0,4500.0,0.0,1.0,5.0,0.0,0.0,0.0,0.0,,,,0.0,0.0,,-1.0,-1.0,-1.0,-200.0,,,,0.0,-1.0,,0,1
44237,MG,DELFINÓPOLIS,0.0,0.0,0.0,0.0,,,,0.0,0.0,,2.0,1.0,2.0,662.0,331.0,15575.0,7787.5,0.0,2.0,5.0,2.0,1.0,2.0,662.0,,,,0.0,2.0,,0,1
44270,MG,DESTERRO DE ENTRE RIOS,0.0,0.0,0.0,0.0,,,,0.0,0.0,,1.0,1.0,1.0,376.0,376.0,8000.0,8000.0,1.0,0.0,132.0,1.0,1.0,1.0,376.0,,,,1.0,0.0,,0,1
44318,MG,DIAMANTINA,0.0,0.0,0.0,0.0,,,,0.0,0.0,,1.0,1.0,1.0,556.0,556.0,24000.0,24000.0,0.0,1.0,10.0,1.0,1.0,1.0,556.0,,,,0.0,1.0,,0,1
44350,MG,DIONÍSIO,1.0,1.0,1.0,300.0,300.0,8000.0,8000.0,0.0,1.0,4.0,1.0,1.0,1.0,300.0,300.0,15000.0,15000.0,0.0,1.0,6.0,0.0,0.0,0.0,0.0,0.0,7000.0,7000.0,0.0,0.0,2.0,1,1
44393,MG,DIVINO,0.0,0.0,0.0,0.0,,,,0.0,0.0,,1.0,1.0,1.0,240.0,240.0,5223.6,5223.6,1.0,1.0,21.0,1.0,1.0,1.0,240.0,,,,1.0,1.0,,0,1
44415,MG,DIVINO DAS LARANJEIRAS,0.0,0.0,0.0,0.0,,,,0.0,0.0,,3.0,1.0,2.0,1014.0,338.0,22500.0,7500.0,0.0,2.0,41.0,3.0,1.0,2.0,1014.0,,,,0.0,2.0,,0,1
44431,MG,DIVINOLÂNDIA DE MINAS,0.0,0.0,0.0,0.0,,,,0.0,0.0,,1.0,1.0,1.0,324.0,324.0,3000.0,3000.0,0.0,1.0,12.0,1.0,1.0,1.0,324.0,,,,0.0,1.0,,0,1
44458,MG,DIVINÓPOLIS,7.0,1.0,5.0,3771.0,538.7142857142857,105575.0,15082.142857142857,5.0,5.0,98.0,2.0,1.0,2.0,1385.0,692.5,48978.0,24489.0,1.0,2.0,28.0,-5.0,0.0,-3.0,-2386.0,153.78571428571433,-56597.0,9406.857142857143,-4.0,-3.0,-70.0,1,1
44474,MG,DIVISA NOVA,1.0,1.0,1.0,305.0,305.0,10900.0,10900.0,1.0,1.0,5.0,0.0,0.0,0.0,0.0,,,,0.0,0.0,,-1.0,-1.0,-1.0,-305.0,,,,-1.0,-1.0,,0,1
44490,MG,DOM CAVATI,4.0,1.0,3.0,1053.0,263.25,11000.0,2750.0,3.0,3.0,16.0,0.0,0.0,0.0,0.0,,,,0.0,0.0,,-4.0,-1.0,-3.0,-1053.0,,,,-3.0,-3.0,,0,1
44717,MG,ELÓI MENDES,6.0,1.0,5.0,2068.0,344.6666666666667,59000.0,9833.333333333334,6.0,6.0,25.0,0.0,0.0,0.0,0.0,,,,0.0,0.0,,-6.0,-1.0,-5.0,-2068.0,,,,-6.0,-6.0,,0,1
44733,MG,ENGENHEIRO CALDAS,1.0,1.0,1.0,300.0,300.0,8000.0,8000.0,0.0,1.0,5.0,1.0,1.0,1.0,410.0,410.0,12500.0,12500.0,0.0,0.0,172.0,0.0,0.0,0.0,110.0,110.0,4500.0,4500.0,0.0,-1.0,167.0,1,1
44750,MG,ENGENHEIRO NAVARRO,0.0,0.0,0.0,0.0,,,,0.0,0.0,,2.0,1.0,1.0,913.0,456.5,15000.0,7500.0,0.0,1.0,44.0,2.0,1.0,1.0,913.0,,,,0.0,1.0,,0,1
44776,MG,ENTRE RIOS DE MINAS,1.0,1.0,1.0,257.0,257.0,3000.0,3000.0,1.0,1.0,11.0,5.0,1.0,4.0,1531.0,306.2,58975.0,11795.0,1.0,3.0,106.0,4.0,0.0,3.0,1274.0,49.19999999999999,55975.0,8795.0,0.0,2.0,95.0,1,1
44792,MG,ERVÁLIA,0.0,0.0,0.0,0.0,,,,0.0,0.0,,1.0,1.0,1.0,250.0,250.0,7500.0,7500.0,1.0,1.0,15.0,1.0,1.0,1.0,250.0,,,,1.0,1.0,,0,1
44814,MG,ESMERALDAS,5.0,1.0,4.0,2428.0,485.6,74952.0,14990.4,4.0,5.0,30.0,3.0,1.0,3.0,1862.0,620.6666666666666,35400.0,11800.0,0.0,2.0,160.0,-2.0,0.0,-1.0,-566.0,135.0666666666666,-39552.0,-3190.3999999999996,-4.0,-3.0,130.0,1,1
44830,MG,ESPERA FELIZ,1.0,1.0,1.0,461.0,461.0,1500.0,1500.0,0.0,0.0,-202.0,0.0,0.0,0.0,0.0,,,,0.0,0.0,,-1.0,-1.0,-1.0,-461.0,,,,0.0,0.0,,0,1
44857,MG,ESPINOSA,2.0,1.0,2.0,700.0,350.0,16550.0,8275.0,0.0,2.0,10.0,1.0,1.0,1.0,300.0,300.0,14000.0,14000.0,0.0,1.0,5.0,-1.0,0.0,-1.0,-400.0,-50.0,-2550.0,5725.0,0.0,-1.0,-5.0,1,1
44890,MG,ESTIVA,2.0,1.0,2.0,500.0,250.0,8900.0,4450.0,1.0,2.0,7.0,2.0,1.0,1.0,600.0,300.0,6000.0,3000.0,0.0,1.0,49.0,0.0,0.0,-1.0,100.0,50.0,-2900.0,-1450.0,-1.0,-1.0,42.0,1,1
44954,MG,ESTRELA DO SUL,1.0,1.0,1.0,303.0,303.0,8787.0,8787.0,1.0,1.0,16.0,3.0,1.0,2.0,1534.0,511.3333333333333,50157.0,16719.0,2.0,2.0,126.0,2.0,0.0,1.0,1231.0,208.33333333333331,41370.0,7932.0,1.0,1.0,110.0,1,1
45012,MG,EXTREMA,3.0,1.0,2.0,1200.0,400.0,37789.0,12596.333333333334,2.0,3.0,11.0,2.0,1.0,2.0,946.0,473.0,16000.0,8000.0,0.0,2.0,10.0,-1.0,0.0,0.0,-254.0,73.0,-21789.0,-4596.333333333334,-2.0,-1.0,-1.0,1,1
45136,MG,FELIXLÂNDIA,1.0,1.0,1.0,420.0,420.0,10000.0,10000.0,0.0,1.0,8.0,1.0,1.0,1.0,350.0,350.0,13000.0,13000.0,0.0,1.0,14.0,0.0,0.0,0.0,-70.0,-70.0,3000.0,3000.0,0.0,0.0,6.0,1,1
45179,MG,FERROS,0.0,0.0,0.0,0.0,,,,0.0,0.0,,1.0,1.0,1.0,303.0,303.0,12000.0,12000.0,0.0,1.0,10.0,1.0,1.0,1.0,303.0,,,,0.0,1.0,,0,1
45195,MG,FLORESTAL,0.0,0.0,0.0,0.0,,,,0.0,0.0,,1.0,1.0,1.0,366.0,366.0,4800.0,4800.0,0.0,1.0,11.0,1.0,1.0,1.0,366.0,,,,0.0,1.0,,0,1
45217,MG,FORMIGA,1.0,1.0,1.0,350.0,350.0,9000.0,9000.0,0.0,1.0,8.0,2.0,1.0,2.0,800.0,400.0,23500.0,11750.0,0.0,2.0,14.0,1.0,0.0,1.0,450.0,50.0,14500.0,2750.0,0.0,1.0,6.0,1,1
45276,MG,FORTUNA DE MINAS,1.0,1.0,1.0,175.0,175.0,6000.0,6000.0,0.0,1.0,6.0,1.0,1.0,1.0,205.0,205.0,10800.0,10800.0,0.0,1.0,6.0,0.0,0.0,0.0,30.0,30.0,4800.0,4800.0,0.0,0.0,0.0,1,1
45292,MG,FRANCISCO BADARÓ,1.0,1.0,1.0,366.0,366.0,6500.0,6500.0,0.0,1.0,10.0,0.0,0.0,0.0,0.0,,,,0.0,0.0,,-1.0,-1.0,-1.0,-366.0,,,,0.0,-1.0,,0,1
45390,MG,FRONTEIRA,6.0,1.0,4.0,1977.0,329.5,34154.0,5692.333333333333,6.0,3.0,133.0,1.0,1.0,1.0,400.0,400.0,6000.0,6000.0,0.0,1.0,7.0,-5.0,0.0,-3.0,-1577.0,70.5,-28154.0,307.66666666666697,-6.0,-2.0,-126.0,1,1
45411,MG,FRUTAL,12.0,1.0,6.0,5279.0,439.9166666666667,68361.0,5696.75,11.0,6.0,253.0,6.0,1.0,4.0,2902.0,483.6666666666667,43759.0,7293.166666666667,2.0,4.0,56.0,-6.0,0.0,-2.0,-2377.0,43.75,-24602.0,1596.416666666667,-9.0,-2.0,-197.0,1,1
45438,MG,FUNILÂNDIA,1.0,1.0,1.0,200.0,200.0,8600.0,8600.0,0.0,1.0,15.0,0.0,0.0,0.0,0.0,,,,0.0,0.0,,-1.0,-1.0,-1.0,-200.0,,,,0.0,-1.0,,0,1
45454,MG,GALILÉIA,0.0,0.0,0.0,0.0,,,,0.0,0.0,,1.0,1.0,1.0,300.0,300.0,12500.0,12500.0,0.0,1.0,18.0,1.0,1.0,1.0,300.0,,,,0.0,1.0,,0,1
45535,MG,GOVERNADOR VALADARES,13.0,1.0,8.0,11186.0,860.4615384615385,221328.0,17025.23076923077,7.0,5.0,177.0,9.0,1.0,5.0,6189.0,687.6666666666666,216815.95,24090.661111111112,2.0,6.0,72.0,-4.0,0.0,-3.0,-4997.0,-172.79487179487182,-4512.049999999988,7065.430341880343,-5.0,1.0,-105.0,1,1
45594,MG,GUANHÃES,2.0,1.0,2.0,900.0,450.0,20000.0,10000.0,0.0,2.0,6.0,4.0,1.0,3.0,1671.0,417.75,48000.0,12000.0,0.0,3.0,37.0,2.0,0.0,1.0,771.0,-32.25,28000.0,2000.0,0.0,1.0,31.0,1,1
45616,MG,GUAPÉ,2.0,1.0,2.0,670.0,335.0,8500.0,4250.0,1.0,2.0,29.0,3.0,1.0,3.0,991.0,330.3333333333333,33900.0,11300.0,1.0,1.0,6.0,1.0,0.0,1.0,321.0,-4.666666666666686,25400.0,7050.0,0.0,-1.0,-23.0,1,1
45659,MG,GUARANÉSIA,4.0,1.0,3.0,1563.0,390.75,28150.0,7037.5,4.0,3.0,146.0,2.0,1.0,2.0,784.0,392.0,8000.0,4000.0,1.0,1.0,40.0,-2.0,0.0,-1.0,-779.0,1.25,-20150.0,-3037.5,-3.0,-2.0,-106.0,1,1
45713,MG,GUARDA-MOR,1.0,1.0,1.0,305.0,305.0,8845.0,8845.0,1.0,1.0,3.0,0.0,0.0,0.0,0.0,,,,0.0,0.0,,-1.0,-1.0,-1.0,-305.0,,,,-1.0,-1.0,,0,1
45730,MG,GUAXUPÉ,4.0,1.0,4.0,1932.0,483.0,22800.0,5700.0,4.0,4.0,26.0,0.0,0.0,0.0,0.0,,,,0.0,0.0,,-4.0,-1.0,-4.0,-1932.0,,,,-4.0,-4.0,,0,1
45756,MG,GUIDOVAL,0.0,0.0,0.0,0.0,,,,0.0,0.0,,1.0,1.0,1.0,300.0,300.0,18000.0,18000.0,0.0,1.0,2.0,1.0,1.0,1.0,300.0,,,,0.0,1.0,,0,1
45772,MG,GUIMARÂNIA,1.0,1.0,1.0,302.0,302.0,8758.0,8758.0,1.0,1.0,3.0,0.0,0.0,0.0,0.0,,,,0.0,0.0,,-1.0,-1.0,-1.0,-302.0,,,,-1.0,-1.0,,0,1
45810,MG,GURINHATÃ,1.0,1.0,1.0,305.0,305.0,5900.0,5900.0,0.0,1.0,16.0,4.0,1.0,3.0,1220.0,305.0,36989.0,9247.25,1.0,3.0,80.0,3.0,0.0,2.0,915.0,0.0,31089.0,3347.25,1.0,2.0,64.0,1,1
45853,MG,IAPU,1.0,1.0,1.0,350.0,350.0,8000.0,8000.0,1.0,0.0,31.0,0.0,0.0,0.0,0.0,,,,0.0,0.0,,-1.0,-1.0,-1.0,-350.0,,,,-1.0,0.0,,0,1
45896,MG,IBIÁ,3.0,1.0,2.0,1149.0,383.0,25721.0,8573.666666666666,3.0,2.0,40.0,4.0,1.0,4.0,1558.0,389.5,33000.0,8250.0,2.0,4.0,13.0,1.0,0.0,2.0,409.0,6.5,7279.0,-323.66666666666606,-1.0,2.0,-27.0,1,1
45918,MG,IBIAÍ,0.0,0.0,0.0,0.0,,,,0.0,0.0,,2.0,1.0,2.0,550.0,275.0,25000.0,12500.0,0.0,2.0,11.0,2.0,1.0,2.0,550.0,,,,0.0,2.0,,0,1
45934,MG,IBIRACI,3.0,1.0,2.0,1008.0,336.0,21153.0,7051.0,3.0,3.0,16.0,1.0,1.0,1.0,308.0,308.0,5000.0,5000.0,1.0,0.0,225.0,-2.0,0.0,-1.0,-700.0,-28.0,-16153.0,-2051.0,-2.0,-3.0,209.0,1,1
45950,MG,IBIRITÉ,6.0,1.0,5.0,3612.0,602.0,77516.0,12919.333333333334,4.0,6.0,8.0,6.0,1.0,4.0,3668.0,611.3333333333334,83016.0,13836.0,0.0,5.0,95.0,0.0,0.0,-1.0,56.0,9.333333333333371,5500.0,916.6666666666661,-4.0,-1.0,87.0,1,1
46019,MG,IGARAPÉ,2.0,1.0,2.0,942.0,471.0,24960.0,12480.0,1.0,1.0,42.0,3.0,1.0,2.0,1400.0,466.6666666666667,60000.0,20000.0,0.0,2.0,161.0,1.0,0.0,0.0,458.0,-4.333333333333314,35040.0,7520.0,-1.0,1.0,119.0,1,1
46051,MG,IGUATAMA,2.0,1.0,2.0,526.0,263.0,13845.0,6922.5,1.0,2.0,8.0,1.0,1.0,1.0,344.0,344.0,6000.0,6000.0,1.0,1.0,12.0,-1.0,0.0,-1.0,-182.0,81.0,-7845.0,-922.5,0.0,-1.0,4.0,1,1
46078,MG,IJACI,0.0,0.0,0.0,0.0,,,,0.0,0.0,,3.0,1.0,2.0,861.0,287.0,12250.0,4083.3333333333335,0.0,3.0,21.0,3.0,1.0,2.0,861.0,,,,0.0,3.0,,0,1
46132,MG,INDIANÓPOLIS,2.0,1.0,1.0,604.0,302.0,17516.0,8758.0,2.0,2.0,27.0,0.0,0.0,0.0,0.0,,,,0.0,0.0,,-2.0,-1.0,-1.0,-604.0,,,,-2.0,-2.0,,0,1
46175,MG,INHAPIM,2.0,1.0,1.0,960.0,480.0,12500.0,6250.0,2.0,2.0,28.0,0.0,0.0,0.0,0.0,,,,0.0,0.0,,-2.0,-1.0,-1.0,-960.0,,,,-2.0,-2.0,,0,1
46230,MG,IPANEMA,0.0,0.0,0.0,0.0,,,,0.0,0.0,,2.0,1.0,1.0,600.0,300.0,5000.0,2500.0,2.0,2.0,15.0,2.0,1.0,1.0,600.0,,,,2.0,2.0,,0,1
46256,MG,IPATINGA,12.0,1.0,7.0,7687.0,640.5833333333334,134500.0,11208.333333333334,8.0,10.0,96.0,6.0,1.0,4.0,4742.0,790.3333333333334,150700.0,25116.666666666668,0.0,6.0,14.0,-6.0,0.0,-3.0,-2945.0,149.75,16200.0,13908.333333333334,-8.0,-4.0,-82.0,1,1
46272,MG,IPIAÇU,2.0,1.0,2.0,602.0,301.0,11758.0,5879.0,2.0,2.0,17.0,3.0,1.0,1.0,929.0,309.6666666666667,10000.0,3333.3333333333335,3.0,1.0,176.0,1.0,0.0,-1.0,327.0,8.666666666666686,-1758.0,-2545.6666666666665,1.0,-1.0,159.0,1,1
46310,MG,IRAÍ DE MINAS,2.0,1.0,1.0,604.0,302.0,17516.0,8758.0,2.0,2.0,16.0,2.0,1.0,2.0,735.0,367.5,15000.0,7500.0,0.0,2.0,8.0,0.0,0.0,1.0,131.0,65.5,-2516.0,-1258.0,-2.0,0.0,-8.0,1,1
46337,MG,ITABIRA,3.0,1.0,3.0,1209.0,403.0,39300.0,13100.0,2.0,2.0,235.0,3.0,1.0,2.0,1200.0,400.0,48000.0,16000.0,2.0,1.0,166.0,0.0,0.0,-1.0,-9.0,-3.0,8700.0,2900.0,0.0,-1.0,-69.0,1,1
46353,MG,ITABIRINHA,1.0,1.0,1.0,369.0,369.0,5000.0,5000.0,1.0,1.0,18.0,0.0,0.0,0.0,0.0,,,,0.0,0.0,,-1.0,-1.0,-1.0,-369.0,,,,-1.0,-1.0,,0,1
46370,MG,ITABIRITO,1.0,1.0,1.0,400.0,400.0,8000.0,8000.0,1.0,1.0,13.0,6.0,1.0,6.0,2627.0,437.8333333333333,57500.0,9583.333333333334,2.0,3.0,159.0,5.0,0.0,5.0,2227.0,37.833333333333314,49500.0,1583.333333333334,1.0,2.0,146.0,1,1
46396,MG,ITACAMBIRA,0.0,0.0,0.0,0.0,,,,0.0,0.0,,1.0,1.0,1.0,250.0,250.0,13500.0,13500.0,0.0,1.0,19.0,1.0,1.0,1.0,250.0,,,,0.0,1.0,,0,1
46434,MG,ITAGUARA,2.0,1.0,1.0,721.0,360.5,16000.0,8000.0,2.0,1.0,43.0,2.0,1.0,2.0,778.0,389.0,29100.0,14550.0,0.0,2.0,13.0,0.0,0.0,1.0,57.0,28.5,13100.0,6550.0,-2.0,1.0,-30.0,1,1
46450,MG,ITAIPÉ,0.0,0.0,0.0,0.0,,,,0.0,0.0,,2.0,1.0,2.0,988.0,494.0,9000.0,4500.0,0.0,2.0,23.0,2.0,1.0,2.0,988.0,,,,0.0,2.0,,0,1
46477,MG,ITAJUBÁ,0.0,0.0,0.0,0.0,,,,0.0,0.0,,7.0,1.0,3.0,3542.0,506.0,54500.0,7785.714285714285,2.0,3.0,142.0,7.0,1.0,3.0,3542.0,,,,2.0,3.0,,0,1
46531,MG,ITAMBACURI,3.0,1.0,2.0,1185.0,395.0,25000.0,8333.333333333334,2.0,3.0,24.0,1.0,1.0,1.0,430.0,430.0,12500.0,12500.0,0.0,1.0,29.0,-2.0,0.0,-1.0,-755.0,35.0,-12500.0,4166.666666666666,-2.0,-2.0,5.0,1,1
46574,MG,ITAMOGI,1.0,1.0,1.0,415.0,415.0,5300.0,5300.0,1.0,1.0,7.0,2.0,1.0,2.0,680.0,340.0,27000.0,13500.0,0.0,2.0,2.0,1.0,0.0,1.0,265.0,-75.0,21700.0,8200.0,-1.0,1.0,-5.0,1,1
46639,MG,ITANHOMI,1.0,1.0,1.0,400.0,400.0,5000.0,5000.0,1.0,1.0,11.0,0.0,0.0,0.0,0.0,,,,0.0,0.0,,-1.0,-1.0,-1.0,-400.0,,,,-1.0,-1.0,,0,1
46671,MG,ITAPAGIPE,10.0,1.0,6.0,3317.0,331.7,56748.0,5674.8,9.0,6.0,90.0,4.0,1.0,3.0,1250.0,312.5,17975.0,4493.75,2.0,3.0,99.0,-6.0,0.0,-3.0,-2067.0,-19.19999999999999,-38773.0,-1181.0500000000002,-7.0,-3.0,9.0,1,1
46698,MG,ITAPECERICA,0.0,0.0,0.0,0.0,,,,0.0,0.0,,7.0,1.0,4.0,2662.0,380.2857142857143,67800.0,9685.714285714286,3.0,7.0,20.0,7.0,1.0,4.0,2662.0,,,,3.0,7.0,,0,1
46710,MG,ITAPEVA,0.0,0.0,0.0,0.0,,,,0.0,0.0,,1.0,1.0,1.0,400.0,400.0,6000.0,6000.0,0.0,1.0,8.0,1.0,1.0,1.0,400.0,,,,0.0,1.0,,0,1
46736,MG,ITATIAIUÇU,2.0,1.0,2.0,559.0,279.5,9200.0,4600.0,1.0,2.0,16.0,2.0,1.0,1.0,700.0,350.0,6000.0,3000.0,2.0,0.0,202.0,0.0,0.0,-1.0,141.0,70.5,-3200.0,-1600.0,1.0,-2.0,186.0,1,1
46752,MG,ITAÚNA,3.0,1.0,2.0,1395.0,465.0,8000.11,2666.7033333333334,3.0,1.0,32.0,9.0,1.0,3.0,5121.0,569.0,91600.0,10177.777777777777,2.0,4.0,222.0,6.0,0.0,1.0,3726.0,104.0,83599.89,7511.074444444444,-1.0,3.0,190.0,1,1
46795,MG,ITINGA,0.0,0.0,0.0,0.0,,,,0.0,0.0,,1.0,1.0,1.0,374.0,374.0,6000.0,6000.0,0.0,0.0,95.0,1.0,1.0,1.0,374.0,,,,0.0,0.0,,0,1
46817,MG,ITUETA,1.0,1.0,1.0,72.0,72.0,2000.0,2000.0,1.0,0.0,247.0,0.0,0.0,0.0,0.0,,,,0.0,0.0,,-1.0,-1.0,-1.0,-72.0,,,,-1.0,0.0,,0,1
46833,MG,ITUIUTABA,5.0,1.0,4.0,2706.0,541.2,49974.0,9994.8,4.0,4.0,44.0,11.0,1.0,4.0,4634.0,421.27272727272725,121592.4,11053.854545454546,5.0,7.0,52.0,6.0,0.0,0.0,1928.0,-119.9272727272728,71618.4,1059.0545454545463,1.0,3.0,8.0,1,1
46876,MG,ITURAMA,4.0,1.0,3.0,1805.0,451.25,45345.0,11336.25,3.0,2.0,168.0,10.0,1.0,8.0,5060.0,506.0,96112.0,9611.2,5.0,6.0,70.0,6.0,0.0,5.0,3255.0,54.75,50767.0,-1725.0499999999993,2.0,4.0,-98.0,1,1
46914,MG,JABOTICATUBAS,5.0,1.0,2.0,1927.0,385.4,27900.0,5580.0,5.0,2.0,225.0,0.0,0.0,0.0,0.0,,,,0.0,0.0,,-5.0,-1.0,-2.0,-1927.0,,,,-5.0,-2.0,,0,1
46957,MG,JACUÍ,1.0,1.0,1.0,391.0,391.0,4000.0,4000.0,1.0,1.0,4.0,0.0,0.0,0.0,0.0,,,,0.0,0.0,,-1.0,-1.0,-1.0,-391.0,,,,-1.0,-1.0,,0,1
46973,MG,JACUTINGA,5.0,1.0,1.0,2347.0,469.4,25000.0,5000.0,5.0,2.0,145.0,5.0,1.0,4.0,1846.0,369.2,44770.4,8954.08,1.0,3.0,47.0,0.0,0.0,3.0,-501.0,-100.19999999999999,19770.4,3954.08,-4.0,1.0,-98.0,1,1
47015,MG,JANAÚBA,3.0,1.0,3.0,1223.0,407.6666666666667,29700.0,9900.0,0.0,3.0,9.0,0.0,0.0,0.0,0.0,,,,0.0,0.0,,-3.0,-1.0,-3.0,-1223.0,,,,0.0,-3.0,,0,1
47031,MG,JANUÁRIA,1.0,1.0,1.0,400.0,400.0,8000.0,8000.0,1.0,1.0,7.0,0.0,0.0,0.0,0.0,,,,0.0,0.0,,-1.0,-1.0,-1.0,-400.0,,,,-1.0,-1.0,,0,1
47058,MG,JAPARAÍBA,3.0,1.0,2.0,919.0,306.3333333333333,15900.0,5300.0,3.0,2.0,140.0,0.0,0.0,0.0,0.0,,,,0.0,0.0,,-3.0,-1.0,-2.0,-919.0,,,,-3.0,-2.0,,0,1
47074,MG,JECEABA,0.0,0.0,0.0,0.0,,,,0.0,0.0,,2.0,1.0,2.0,532.0,266.0,16700.0,8350.0,0.0,2.0,7.0,2.0,1.0,2.0,532.0,,,,0.0,2.0,,0,1
47155,MG,JEQUITINHONHA,0.0,0.0,0.0,0.0,,,,0.0,0.0,,3.0,1.0,3.0,1153.0,384.3333333333333,22700.0,7566.666666666667,0.0,3.0,20.0,3.0,1.0,3.0,1153.0,,,,0.0,3.0,,0,1
47198,MG,JOAÍMA,0.0,0.0,0.0,0.0,,,,0.0,0.0,,1.0,1.0,1.0,267.0,267.0,3000.0,3000.0,0.0,0.0,32.0,1.0,1.0,1.0,267.0,,,,0.0,0.0,,0,1
47236,MG,JOÃO MONLEVADE,1.0,1.0,1.0,350.0,350.0,10000.0,10000.0,0.0,1.0,5.0,1.0,1.0,1.0,400.0,400.0,8000.0,8000.0,0.0,1.0,19.0,0.0,0.0,0.0,50.0,50.0,-2000.0,-2000.0,0.0,0.0,14.0,1,1
47252,MG,JOÃO PINHEIRO,2.0,1.0,1.0,806.0,403.0,23374.0,11687.0,2.0,1.0,42.0,1.0,1.0,1.0,402.0,402.0,17000.0,17000.0,0.0,1.0,6.0,-1.0,0.0,0.0,-404.0,-1.0,-6374.0,5313.0,-2.0,0.0,-36.0,1,1
47295,MG,JORDÂNIA,0.0,0.0,0.0,0.0,,,,0.0,0.0,,1.0,1.0,1.0,400.0,400.0,8000.0,8000.0,1.0,1.0,6.0,1.0,1.0,1.0,400.0,,,,1.0,1.0,,0,1
47333,MG,JUIZ DE FORA,13.0,1.0,5.0,8923.0,686.3846153846154,236250.0,18173.076923076922,8.0,5.0,134.0,12.0,1.0,7.0,9283.0,773.5833333333334,335088.26,27924.021666666667,4.0,8.0,155.0,-1.0,0.0,2.0,360.0,87.19871794871801,98838.26000000001,9750.944743589745,-4.0,3.0,21.0,1,1
47376,MG,JURUAIA,2.0,1.0,2.0,704.0,352.0,16800.0,8400.0,2.0,2.0,4.0,1.0,1.0,1.0,384.0,384.0,6000.0,6000.0,1.0,1.0,12.0,-1.0,0.0,-1.0,-320.0,32.0,-10800.0,-2400.0,-1.0,-1.0,8.0,1,1
47392,MG,LADAINHA,0.0,0.0,0.0,0.0,,,,0.0,0.0,,2.0,1.0,2.0,649.0,324.5,26000.0,13000.0,0.0,2.0,13.0,2.0,1.0,2.0,649.0,,,,0.0,2.0,,0,1
47414,MG,LAGAMAR,4.0,1.0,3.0,1397.0,349.25,20067.0,5016.75,4.0,3.0,299.0,2.0,1.0,2.0,666.0,333.0,22000.0,11000.0,0.0,2.0,12.0,-2.0,0.0,-1.0,-731.0,-16.25,1933.0,5983.25,-4.0,-1.0,-287.0,1,1
47430,MG,LAGOA DA PRATA,6.0,1.0,6.0,2350.0,391.6666666666667,62658.0,10443.0,4.0,6.0,27.0,3.0,1.0,3.0,1269.0,423.0,22600.0,7533.333333333333,2.0,3.0,23.0,-3.0,0.0,-3.0,-1081.0,31.333333333333314,-40058.0,-2909.666666666667,-2.0,-3.0,-4.0,1,1
47473,MG,LAGOA DOURADA,2.0,1.0,2.0,621.0,310.5,14200.0,7100.0,0.0,2.0,6.0,2.0,1.0,2.0,600.0,300.0,18000.0,9000.0,0.0,2.0,6.0,0.0,0.0,0.0,-21.0,-10.5,3800.0,1900.0,0.0,0.0,0.0,1,1
47490,MG,LAGOA FORMOSA,2.0,1.0,1.0,645.0,322.5,18705.0,9352.5,2.0,2.0,24.0,2.0,1.0,1.0,620.0,310.0,27000.0,13500.0,2.0,2.0,7.0,0.0,0.0,0.0,-25.0,-12.5,8295.0,4147.5,0.0,0.0,-17.0,1,1
47511,MG,LAGOA SANTA,0.0,0.0,0.0,0.0,,,,0.0,0.0,,17.0,1.0,7.0,8858.0,521.0588235294117,275300.0,16194.117647058823,2.0,6.0,215.0,17.0,1.0,7.0,8858.0,,,,2.0,6.0,,0,1
47554,MG,LAMBARI,7.0,1.0,5.0,2579.0,368.42857142857144,48100.0,6871.428571428572,5.0,3.0,192.0,5.0,1.0,2.0,1844.0,368.8,14600.0,2920.0,0.0,1.0,203.0,-2.0,0.0,-3.0,-735.0,0.37142857142856656,-33500.0,-3951.4285714285716,-5.0,-2.0,11.0,1,1
47635,MG,LAVRAS,5.0,1.0,4.0,2865.0,573.0,52500.0,10500.0,3.0,3.0,47.0,10.0,1.0,6.0,5970.0,597.0,115000.0,11500.0,1.0,7.0,72.0,5.0,0.0,2.0,3105.0,24.0,62500.0,1000.0,-2.0,4.0,25.0,1,1
47678,MG,LEOPOLDINA,1.0,1.0,1.0,419.0,419.0,5000.0,5000.0,1.0,1.0,4.0,0.0,0.0,0.0,0.0,,,,0.0,0.0,,-1.0,-1.0,-1.0,-419.0,,,,-1.0,-1.0,,0,1
47694,MG,LIBERDADE,0.0,0.0,0.0,0.0,,,,0.0,0.0,,5.0,1.0,3.0,1571.0,314.2,49700.0,9940.0,1.0,2.0,79.0,5.0,1.0,3.0,1571.0,,,,1.0,2.0,,0,1
47716,MG,LIMA DUARTE,0.0,0.0,0.0,0.0,,,,0.0,0.0,,3.0,1.0,3.0,971.0,323.6666666666667,42000.0,14000.0,0.0,3.0,25.0,3.0,1.0,3.0,971.0,,,,0.0,3.0,,0,1
47759,MG,LUZ,2.0,1.0,2.0,624.0,312.0,14896.0,7448.0,1.0,2.0,20.0,2.0,1.0,2.0,727.0,363.5,25635.1,12817.55,0.0,2.0,11.0,0.0,0.0,0.0,103.0,51.5,10739.099999999999,5369.549999999999,-1.0,0.0,-9.0,1,1
47775,MG,MACHACALIS,0.0,0.0,0.0,0.0,,,,0.0,0.0,,1.0,1.0,1.0,302.0,302.0,13952.8,13952.8,0.0,1.0,7.0,1.0,1.0,1.0,302.0,,,,0.0,1.0,,0,1
47791,MG,MACHADO,3.0,1.0,2.0,1527.0,509.0,21000.0,7000.0,3.0,2.0,40.0,1.0,1.0,1.0,468.0,468.0,5000.0,5000.0,1.0,0.0,46.0,-2.0,0.0,-1.0,-1059.0,-41.0,-16000.0,-2000.0,-2.0,-2.0,6.0,1,1
47830,MG,MALACACHETA,0.0,0.0,0.0,0.0,,,,0.0,0.0,,1.0,1.0,1.0,460.0,460.0,12500.0,12500.0,0.0,1.0,8.0,1.0,1.0,1.0,460.0,,,,0.0,1.0,,0,1
47856,MG,MANGA,1.0,1.0,1.0,300.0,300.0,8550.0,8550.0,0.0,1.0,22.0,3.0,1.0,2.0,978.0,326.0,42000.0,14000.0,0.0,3.0,9.0,2.0,0.0,1.0,678.0,26.0,33450.0,5450.0,0.0,2.0,-13.0,1,1
47872,MG,MANHUAÇU,1.0,1.0,1.0,595.0,595.0,7000.0,7000.0,1.0,1.0,11.0,4.0,1.0,2.0,2392.0,598.0,51800.0,12950.0,2.0,4.0,14.0,3.0,0.0,1.0,1797.0,3.0,44800.0,5950.0,1.0,3.0,3.0,1,1
47910,MG,MANTENA,0.0,0.0,0.0,0.0,,,,0.0,0.0,,3.0,1.0,3.0,2608.0,869.3333333333334,49000.0,16333.333333333334,1.0,2.0,49.0,3.0,1.0,3.0,2608.0,,,,1.0,2.0,,0,1
47937,MG,MARAVILHAS,0.0,0.0,0.0,0.0,,,,0.0,0.0,,3.0,1.0,2.0,1009.0,336.3333333333333,33500.0,11166.666666666666,1.0,3.0,21.0,3.0,1.0,2.0,1009.0,,,,1.0,3.0,,0,1
47953,MG,MAR DE ESPANHA,1.0,1.0,1.0,306.0,306.0,4500.0,4500.0,1.0,0.0,37.0,0.0,0.0,0.0,0.0,,,,0.0,0.0,,-1.0,-1.0,-1.0,-306.0,,,,-1.0,0.0,,0,1
47996,MG,MARIANA,3.0,1.0,3.0,1209.0,403.0,32500.0,10833.333333333334,2.0,3.0,21.0,1.0,1.0,1.0,381.0,381.0,5000.0,5000.0,0.0,1.0,6.0,-2.0,0.0,-2.0,-828.0,-22.0,-27500.0,-5833.333333333334,-2.0,-2.0,-15.0,1,1
48011,MG,MARILAC,0.0,0.0,0.0,0.0,,,,0.0,0.0,,1.0,1.0,1.0,300.0,300.0,4000.0,4000.0,0.0,1.0,23.0,1.0,1.0,1.0,300.0,,,,0.0,1.0,,0,1
48097,MG,MARTINHO CAMPOS,0.0,0.0,0.0,0.0,,,,0.0,0.0,,1.0,1.0,1.0,301.0,301.0,8200.0,8200.0,0.0,1.0,3.0,1.0,1.0,1.0,301.0,,,,0.0,1.0,,0,1
48135,MG,MATEUS LEME,1.0,1.0,1.0,403.0,403.0,4000.0,4000.0,1.0,1.0,11.0,0.0,0.0,0.0,0.0,,,,0.0,0.0,,-1.0,-1.0,-1.0,-403.0,,,,-1.0,-1.0,,0,1
48194,MG,MATO VERDE,1.0,1.0,1.0,454.0,454.0,8000.0,8000.0,1.0,0.0,33.0,0.0,0.0,0.0,0.0,,,,0.0,0.0,,-1.0,-1.0,-1.0,-454.0,,,,-1.0,0.0,,0,1
48216,MG,MATOZINHOS,2.0,1.0,1.0,1000.0,500.0,3000.0,1500.0,2.0,1.0,122.0,0.0,0.0,0.0,0.0,,,,0.0,0.0,,-2.0,-1.0,-1.0,-1000.0,,,,-2.0,-1.0,,0,1
48275,MG,MEDINA,0.0,0.0,0.0,0.0,,,,0.0,0.0,,1.0,1.0,1.0,357.0,357.0,10000.0,10000.0,0.0,1.0,13.0,1.0,1.0,1.0,357.0,,,,0.0,1.0,,0,1
48291,MG,MENDES PIMENTEL,0.0,0.0,0.0,0.0,,,,0.0,0.0,,1.0,1.0,1.0,300.0,300.0,15000.0,15000.0,0.0,1.0,9.0,1.0,1.0,1.0,300.0,,,,0.0,1.0,,0,1
48330,MG,MESQUITA,1.0,1.0,1.0,200.0,200.0,3500.0,3500.0,1.0,1.0,6.0,0.0,0.0,0.0,0.0,,,,0.0,0.0,,-1.0,-1.0,-1.0,-200.0,,,,-1.0,-1.0,,0,1
48356,MG,MINAS NOVAS,2.0,1.0,2.0,733.0,366.5,14000.0,7000.0,0.0,2.0,15.0,1.0,1.0,1.0,300.0,300.0,16000.0,16000.0,0.0,1.0,3.0,-1.0,0.0,-1.0,-433.0,-66.5,2000.0,9000.0,0.0,-1.0,-12.0,1,1
48399,MG,MIRABELA,1.0,1.0,1.0,250.0,250.0,5000.0,5000.0,0.0,1.0,4.0,2.0,1.0,2.0,850.0,425.0,15000.0,7500.0,0.0,1.0,80.0,1.0,0.0,1.0,600.0,175.0,10000.0,2500.0,0.0,0.0,76.0,1,1
48410,MG,MIRADOURO,0.0,0.0,0.0,0.0,,,,0.0,0.0,,1.0,1.0,1.0,400.0,400.0,20000.0,20000.0,0.0,1.0,22.0,1.0,1.0,1.0,400.0,,,,0.0,1.0,,0,1
48470,MG,MOEMA,3.0,1.0,2.0,1202.0,400.6666666666667,18500.0,6166.666666666667,3.0,3.0,9.0,2.0,1.0,1.0,600.0,300.0,21000.0,10500.0,0.0,2.0,24.0,-1.0,0.0,-1.0,-602.0,-100.66666666666669,2500.0,4333.333333333333,-3.0,-1.0,15.0,1,1
48534,MG,MONTALVÂNIA,1.0,1.0,1.0,399.0,399.0,6000.0,6000.0,0.0,1.0,12.0,1.0,1.0,1.0,460.0,460.0,10000.0,10000.0,0.0,1.0,23.0,0.0,0.0,0.0,61.0,61.0,4000.0,4000.0,0.0,0.0,11.0,1,1
48550,MG,MONTE ALEGRE DE MINAS,1.0,1.0,1.0,362.0,362.0,10498.0,10498.0,1.0,0.0,40.0,0.0,0.0,0.0,0.0,,,,0.0,0.0,,-1.0,-1.0,-1.0,-362.0,,,,-1.0,0.0,,0,1
48593,MG,MONTE BELO,1.0,1.0,1.0,396.0,396.0,3000.0,3000.0,1.0,1.0,10.0,1.0,1.0,1.0,344.0,344.0,4000.0,4000.0,1.0,0.0,267.0,0.0,0.0,0.0,-52.0,-52.0,1000.0,1000.0,0.0,-1.0,257.0,1,1
48615,MG,MONTE CARMELO,4.0,1.0,2.0,1677.0,419.25,40032.0,10008.0,4.0,3.0,31.0,13.0,1.0,7.0,5472.0,420.9230769230769,139218.0,10709.076923076924,5.0,11.0,44.0,9.0,0.0,5.0,3795.0,1.6730769230769056,99186.0,701.0769230769238,1.0,8.0,13.0,1,1
48631,MG,MONTE SANTO DE MINAS,1.0,1.0,1.0,407.0,407.0,6300.0,6300.0,1.0,1.0,8.0,0.0,0.0,0.0,0.0,,,,0.0,0.0,,-1.0,-1.0,-1.0,-407.0,,,,-1.0,-1.0,,0,1
48658,MG,MONTES CLAROS,4.0,1.0,2.0,2410.0,602.5,51090.0,12772.5,2.0,4.0,19.0,15.0,1.0,8.0,10205.0,680.3333333333334,254471.0,16964.733333333334,5.0,13.0,145.0,11.0,0.0,6.0,7795.0,77.83333333333337,203381.0,4192.233333333334,3.0,9.0,126.0,1,1
48674,MG,MONTE SIÃO,2.0,1.0,2.0,1088.0,544.0,15500.0,7750.0,2.0,2.0,15.0,2.0,1.0,2.0,601.0,300.5,17600.0,8800.0,1.0,2.0,14.0,0.0,0.0,0.0,-487.0,-243.5,2100.0,1050.0,-1.0,0.0,-1.0,1,1
48690,MG,MORADA NOVA DE MINAS,1.0,1.0,1.0,200.0,200.0,7000.0,7000.0,0.0,1.0,4.0,0.0,0.0,0.0,0.0,,,,0.0,0.0,,-1.0,-1.0,-1.0,-200.0,,,,0.0,-1.0,,0,1
48739,MG,MORRO DO PILAR,2.0,1.0,2.0,601.0,300.5,9500.0,4750.0,1.0,2.0,3.0,3.0,1.0,2.0,1185.0,395.0,23100.0,7700.0,0.0,2.0,70.0,1.0,0.0,0.0,584.0,94.5,13600.0,2950.0,-1.0,0.0,67.0,1,1
48771,MG,MURIAÉ,1.0,1.0,1.0,800.0,800.0,56400.0,56400.0,0.0,1.0,8.0,1.0,1.0,1.0,500.0,500.0,18000.0,18000.0,0.0,1.0,8.0,0.0,0.0,0.0,-300.0,-300.0,-38400.0,-38400.0,0.0,0.0,0.0,1,1
48810,MG,MUZAMBINHO,2.0,1.0,2.0,1181.0,590.5,18500.0,9250.0,2.0,1.0,32.0,6.0,1.0,4.0,2241.0,373.5,35000.0,5833.333333333333,1.0,2.0,274.0,4.0,0.0,2.0,1060.0,-217.0,16500.0,-3416.666666666667,-1.0,1.0,242.0,1,1
48836,MG,NACIP RAYDAN,1.0,1.0,1.0,410.0,410.0,10000.0,10000.0,1.0,1.0,9.0,1.0,1.0,1.0,300.0,300.0,4000.0,4000.0,0.0,1.0,6.0,0.0,0.0,0.0,-110.0,-110.0,-6000.0,-6000.0,-1.0,0.0,-3.0,1,1
48852,MG,NANUQUE,1.0,1.0,1.0,500.0,500.0,12000.0,12000.0,1.0,1.0,8.0,5.0,1.0,4.0,2147.0,429.4,91155.0,18231.0,2.0,5.0,26.0,4.0,0.0,3.0,1647.0,-70.60000000000002,79155.0,6231.0,1.0,4.0,18.0,1,1
48895,MG,NAZARENO,1.0,1.0,1.0,257.0,257.0,2800.0,2800.0,1.0,1.0,16.0,1.0,1.0,1.0,300.0,300.0,9300.0,9300.0,0.0,0.0,41.0,0.0,0.0,0.0,43.0,43.0,6500.0,6500.0,-1.0,-1.0,25.0,1,1
48917,MG,NEPOMUCENO,0.0,0.0,0.0,0.0,,,,0.0,0.0,,2.0,1.0,2.0,804.0,402.0,12000.0,6000.0,1.0,2.0,21.0,2.0,1.0,2.0,804.0,,,,1.0,2.0,,0,1
48950,MG,NOVA LIMA,15.0,1.0,8.0,9028.0,601.8666666666667,250659.0,16710.6,8.0,11.0,66.0,10.0,1.0,6.0,5766.0,576.6,162700.0,16270.0,1.0,4.0,207.0,-5.0,0.0,-2.0,-3262.0,-25.26666666666665,-87959.0,-440.59999999999854,-7.0,-7.0,141.0,1,1
48992,MG,NOVA PONTE,4.0,1.0,4.0,1685.0,421.25,28800.0,7200.0,2.0,4.0,14.0,7.0,1.0,5.0,2695.0,385.0,61008.0,8715.42857142857,3.0,3.0,53.0,3.0,0.0,1.0,1010.0,-36.25,32208.0,1515.4285714285706,1.0,-1.0,39.0,1,1
49018,MG,NOVA RESENDE,3.0,1.0,3.0,1201.0,400.3333333333333,15600.0,5200.0,3.0,2.0,118.0,6.0,1.0,3.0,2287.0,381.1666666666667,58000.0,9666.666666666666,4.0,5.0,43.0,3.0,0.0,0.0,1086.0,-19.16666666666663,42400.0,4466.666666666666,1.0,3.0,-75.0,1,1
49034,MG,NOVA SERRANA,2.0,1.0,1.0,1033.0,516.5,19000.0,9500.0,2.0,1.0,96.0,4.0,1.0,3.0,2200.0,550.0,56000.0,14000.0,0.0,4.0,21.0,2.0,0.0,2.0,1167.0,33.5,37000.0,4500.0,-2.0,3.0,-75.0,1,1
49050,MG,NOVO CRUZEIRO,0.0,0.0,0.0,0.0,,,,0.0,0.0,,2.0,1.0,2.0,702.0,351.0,31155.4,15577.7,0.0,2.0,22.0,2.0,1.0,2.0,702.0,,,,0.0,2.0,,0,1
49115,MG,OLIVEIRA,1.0,1.0,1.0,403.0,403.0,12500.0,12500.0,1.0,1.0,6.0,0.0,0.0,0.0,0.0,,,,0.0,0.0,,-1.0,-1.0,-1.0,-403.0,,,,-1.0,-1.0,,0,1
49174,MG,OURO BRANCO,2.0,1.0,2.0,701.0,350.5,21968.0,10984.0,0.0,2.0,11.0,4.0,1.0,4.0,1913.0,478.25,33800.0,8450.0,1.0,4.0,23.0,2.0,0.0,2.0,1212.0,127.75,11832.0,-2534.0,1.0,2.0,12.0,1,1
49190,MG,OURO FINO,1.0,1.0,1.0,410.0,410.0,6000.0,6000.0,1.0,1.0,5.0,0.0,0.0,0.0,0.0,,,,0.0,0.0,,-1.0,-1.0,-1.0,-410.0,,,,-1.0,-1.0,,0,1
49212,MG,OURO PRETO,4.0,1.0,4.0,2280.0,570.0,67450.33,16862.5825,2.0,4.0,22.0,4.0,1.0,4.0,1800.0,450.0,48556.0,12139.0,1.0,4.0,27.0,0.0,0.0,0.0,-480.0,-120.0,-18894.33,-4723.5825,-1.0,0.0,5.0,1,1
49239,MG,OURO VERDE DE MINAS,0.0,0.0,0.0,0.0,,,,0.0,0.0,,1.0,1.0,1.0,475.0,475.0,4000.0,4000.0,0.0,1.0,6.0,1.0,1.0,1.0,475.0,,,,0.0,1.0,,0,1
49255,MG,PADRE PARAÍSO,1.0,1.0,1.0,376.0,376.0,2500.0,2500.0,0.0,1.0,8.0,2.0,1.0,2.0,730.0,365.0,9500.0,4750.0,0.0,2.0,30.0,1.0,0.0,1.0,354.0,-11.0,7000.0,2250.0,0.0,1.0,22.0,1,1
49298,MG,PAINS,1.0,1.0,1.0,400.0,400.0,15000.0,15000.0,0.0,1.0,14.0,12.0,1.0,6.0,4459.0,371.5833333333333,101000.0,8416.666666666666,4.0,5.0,160.0,11.0,0.0,5.0,4059.0,-28.416666666666686,86000.0,-6583.333333333334,4.0,4.0,146.0,1,1
49336,MG,PALMA,0.0,0.0,0.0,0.0,,,,0.0,0.0,,2.0,1.0,2.0,600.0,300.0,15000.0,7500.0,1.0,2.0,9.0,2.0,1.0,2.0,600.0,,,,1.0,2.0,,0,1
49395,MG,PARACATU,5.0,1.0,3.0,2253.0,450.6,65374.0,13074.8,2.0,4.0,31.0,2.0,1.0,1.0,1012.0,506.0,34000.0,17000.0,2.0,2.0,27.0,-3.0,0.0,-2.0,-1241.0,55.39999999999998,-31374.0,3925.2000000000007,0.0,-2.0,-4.0,1,1
49417,MG,PARÁ DE MINAS,2.0,1.0,2.0,995.0,497.5,33000.0,16500.0,1.0,1.0,38.0,1.0,1.0,1.0,400.0,400.0,8000.0,8000.0,0.0,1.0,18.0,-1.0,0.0,-1.0,-595.0,-97.5,-25000.0,-8500.0,-1.0,0.0,-20.0,1,1
49433,MG,PARAGUAÇU,0.0,0.0,0.0,0.0,,,,0.0,0.0,,1.0,1.0,1.0,461.0,461.0,5500.0,5500.0,1.0,1.0,25.0,1.0,1.0,1.0,461.0,,,,1.0,1.0,,0,1
49492,MG,PASSABÉM,2.0,1.0,1.0,301.0,150.5,5000.0,2500.0,2.0,1.0,46.0,0.0,0.0,0.0,0.0,,,,0.0,0.0,,-2.0,-1.0,-1.0,-301.0,,,,-2.0,-1.0,,0,1
49557,MG,PASSA VINTE,0.0,0.0,0.0,0.0,,,,0.0,0.0,,1.0,1.0,1.0,300.0,300.0,10300.0,10300.0,0.0,0.0,55.0,1.0,1.0,1.0,300.0,,,,0.0,0.0,,0,1
49573,MG,PASSOS,10.0,1.0,4.0,5469.0,546.9,103448.0,10344.8,9.0,8.0,71.0,0.0,0.0,0.0,0.0,,,,0.0,0.0,,-10.0,-1.0,-4.0,-5469.0,,,,-9.0,-8.0,,0,1
49590,MG,PATOS DE MINAS,7.0,1.0,5.0,3258.0,465.42857142857144,117574.0,16796.285714285714,3.0,6.0,31.0,1.0,1.0,1.0,600.0,600.0,9000.0,9000.0,0.0,1.0,7.0,-6.0,0.0,-4.0,-2658.0,134.57142857142856,-108574.0,-7796.285714285714,-3.0,-5.0,-24.0,1,1
49611,MG,PATROCÍNIO,3.0,1.0,2.0,1376.0,458.6666666666667,30245.0,10081.666666666666,3.0,2.0,31.0,1.0,1.0,1.0,502.0,502.0,19929.0,19929.0,1.0,1.0,2.0,-2.0,0.0,-1.0,-874.0,43.333333333333314,-10316.0,9847.333333333334,-2.0,-1.0,-29.0,1,1
49697,MG,PAVÃO,0.0,0.0,0.0,0.0,,,,0.0,0.0,,1.0,1.0,1.0,300.0,300.0,15000.0,15000.0,0.0,0.0,71.0,1.0,1.0,1.0,300.0,,,,0.0,0.0,,0,1
49719,MG,PEÇANHA,2.0,1.0,1.0,900.0,450.0,14250.0,7125.0,0.0,1.0,38.0,3.0,1.0,1.0,1500.0,500.0,36000.0,12000.0,0.0,1.0,69.0,1.0,0.0,0.0,600.0,50.0,21750.0,4875.0,0.0,0.0,31.0,1,1
49735,MG,PEDRA AZUL,2.0,1.0,2.0,920.0,460.0,18000.0,9000.0,0.0,2.0,7.0,0.0,0.0,0.0,0.0,,,,0.0,0.0,,-2.0,-1.0,-2.0,-920.0,,,,0.0,-2.0,,0,1
49778,MG,PEDRA DO INDAIÁ,1.0,1.0,1.0,306.0,306.0,10700.0,10700.0,1.0,1.0,4.0,0.0,0.0,0.0,0.0,,,,0.0,0.0,,-1.0,-1.0,-1.0,-306.0,,,,-1.0,-1.0,,0,1
49816,MG,PEDRALVA,1.0,1.0,1.0,300.0,300.0,4300.0,4300.0,1.0,1.0,9.0,0.0,0.0,0.0,0.0,,,,0.0,0.0,,-1.0,-1.0,-1.0,-300.0,,,,-1.0,-1.0,,0,1
49832,MG,PEDRINÓPOLIS,1.0,1.0,1.0,302.0,302.0,8758.0,8758.0,1.0,1.0,5.0,0.0,0.0,0.0,0.0,,,,0.0,0.0,,-1.0,-1.0,-1.0,-302.0,,,,-1.0,-1.0,,0,1
49859,MG,PEDRO LEOPOLDO,4.0,1.0,4.0,1656.0,414.0,36500.0,9125.0,2.0,3.0,82.0,5.0,1.0,2.0,2539.0,507.8,85720.0,17144.0,0.0,1.0,170.0,1.0,0.0,-2.0,883.0,93.80000000000001,49220.0,8019.0,-2.0,-2.0,88.0,1,1
49913,MG,PEQUI,1.0,1.0,1.0,173.0,173.0,2500.0,2500.0,1.0,1.0,11.0,2.0,1.0,1.0,677.0,338.5,11000.0,5500.0,0.0,0.0,167.0,1.0,0.0,0.0,504.0,165.5,8500.0,3000.0,-1.0,-1.0,156.0,1,1
49956,MG,PERDIZES,7.0,1.0,4.0,2102.0,300.2857142857143,39808.0,5686.857142857143,6.0,5.0,99.0,5.0,1.0,4.0,1926.0,385.2,39474.4,7894.88,3.0,4.0,90.0,-2.0,0.0,0.0,-176.0,84.91428571428571,-333.59999999999854,2208.022857142857,-3.0,-1.0,-9.0,1,1
49972,MG,PERDÕES,3.0,1.0,3.0,1382.0,460.6666666666667,13000.0,4333.333333333333,2.0,2.0,38.0,1.0,1.0,1.0,404.0,404.0,20000.0,20000.0,0.0,1.0,10.0,-2.0,0.0,-2.0,-978.0,-56.666666666666686,7000.0,15666.666666666668,-2.0,-1.0,-28.0,1,1
50091,MG,PIMENTA,3.0,1.0,3.0,1093.0,364.3333333333333,16000.0,5333.333333333333,1.0,2.0,99.0,0.0,0.0,0.0,0.0,,,,0.0,0.0,,-3.0,-1.0,-3.0,-1093.0,,,,-1.0,-2.0,,0,1
50130,MG,PIRAJUBA,8.0,1.0,3.0,2086.0,260.75,31356.0,3919.5,8.0,6.0,56.0,5.0,1.0,3.0,1570.0,314.0,24000.0,4800.0,4.0,1.0,59.0,-3.0,0.0,0.0,-516.0,53.25,-7356.0,880.5,-4.0,-5.0,3.0,1,1
50156,MG,PIRANGA,2.0,1.0,2.0,611.0,305.5,10000.0,5000.0,0.0,2.0,5.0,0.0,0.0,0.0,0.0,,,,0.0,0.0,,-2.0,-1.0,-2.0,-611.0,,,,0.0,-2.0,,0,1
50237,MG,PIRAPORA,3.0,1.0,3.0,1480.0,493.3333333333333,20805.8,6935.266666666666,1.0,3.0,21.0,2.0,1.0,1.0,800.0,400.0,49600.0,24800.0,0.0,0.0,70.0,-1.0,0.0,-2.0,-680.0,-93.33333333333331,28794.2,17864.733333333334,-1.0,-3.0,49.0,1,1
50296,MG,PIUMHI,3.0,1.0,2.0,1104.0,368.0,31316.0,10438.666666666666,2.0,3.0,22.0,0.0,0.0,0.0,0.0,,,,0.0,0.0,,-3.0,-1.0,-2.0,-1104.0,,,,-2.0,-3.0,,0,1
50318,MG,PLANURA,8.0,1.0,5.0,2460.0,307.5,47232.0,5904.0,8.0,6.0,271.0,3.0,1.0,3.0,860.0,286.6666666666667,28850.0,9616.666666666666,0.0,3.0,27.0,-5.0,0.0,-2.0,-1600.0,-20.833333333333314,-18382.0,3712.666666666666,-8.0,-3.0,-244.0,1,1
50334,MG,POÇO FUNDO,3.0,1.0,2.0,1236.0,412.0,12000.0,4000.0,3.0,3.0,29.0,2.0,1.0,2.0,610.0,305.0,4750.0,2375.0,0.0,1.0,108.0,-1.0,0.0,0.0,-626.0,-107.0,-7250.0,-1625.0,-3.0,-2.0,79.0,1,1
50350,MG,POÇOS DE CALDAS,10.0,1.0,7.0,5956.0,595.6,107000.0,10700.0,6.0,7.0,123.0,12.0,1.0,6.0,6633.0,552.75,147200.0,12266.666666666666,5.0,8.0,176.0,2.0,0.0,-1.0,677.0,-42.85000000000002,40200.0,1566.666666666666,-1.0,1.0,53.0,1,1
50393,MG,POMPÉU,2.0,1.0,2.0,685.0,342.5,50600.0,25300.0,0.0,2.0,18.0,3.0,1.0,3.0,1179.0,393.0,28000.0,9333.333333333334,0.0,3.0,19.0,1.0,0.0,1.0,494.0,50.5,-22600.0,-15966.666666666666,0.0,1.0,1.0,1,1
50415,MG,PONTE NOVA,0.0,0.0,0.0,0.0,,,,0.0,0.0,,1.0,1.0,1.0,700.0,700.0,5000.0,5000.0,0.0,1.0,4.0,1.0,1.0,1.0,700.0,,,,0.0,1.0,,0,1
50431,MG,PORTEIRINHA,6.0,1.0,4.0,2412.0,402.0,60840.0,10140.0,0.0,5.0,42.0,4.0,1.0,3.0,2127.0,531.75,41800.0,10450.0,0.0,4.0,25.0,-2.0,0.0,-1.0,-285.0,129.75,-19040.0,310.0,0.0,-1.0,-17.0,1,1
50474,MG,POTÉ,0.0,0.0,0.0,0.0,,,,0.0,0.0,,2.0,1.0,2.0,852.0,426.0,22270.4,11135.2,0.0,2.0,13.0,2.0,1.0,2.0,852.0,,,,0.0,2.0,,0,1
50490,MG,POUSO ALEGRE,3.0,1.0,2.0,2379.0,793.0,52000.0,17333.333333333332,1.0,1.0,96.0,5.0,1.0,4.0,2900.0,580.0,38500.0,7700.0,1.0,2.0,57.0,2.0,0.0,2.0,521.0,-213.0,-13500.0,-9633.333333333332,0.0,1.0,-39.0,1,1
50539,MG,PRADOS,0.0,0.0,0.0,0.0,,,,0.0,0.0,,1.0,1.0,1.0,253.0,253.0,5000.0,5000.0,0.0,1.0,7.0,1.0,1.0,1.0,253.0,,,,0.0,1.0,,0,1
50555,MG,PRATA,8.0,1.0,5.0,3154.0,394.25,66581.0,8322.625,5.0,7.0,40.0,2.0,1.0,2.0,700.0,350.0,10000.0,5000.0,1.0,2.0,27.0,-6.0,0.0,-3.0,-2454.0,-44.25,-56581.0,-3322.625,-4.0,-5.0,-13.0,1,1
50571,MG,PRATÁPOLIS,1.0,1.0,1.0,305.0,305.0,3000.0,3000.0,1.0,0.0,156.0,0.0,0.0,0.0,0.0,,,,0.0,0.0,,-1.0,-1.0,-1.0,-305.0,,,,-1.0,0.0,,0,1
50679,MG,PRESIDENTE OLEGÁRIO,3.0,1.0,2.0,997.0,332.3333333333333,27263.0,9087.666666666666,2.0,3.0,19.0,0.0,0.0,0.0,0.0,,,,0.0,0.0,,-3.0,-1.0,-2.0,-997.0,,,,-2.0,-3.0,,0,1
50717,MG,PRUDENTE DE MORAIS,1.0,1.0,1.0,300.0,300.0,1000.0,1000.0,1.0,1.0,1.0,0.0,0.0,0.0,0.0,,,,0.0,0.0,,-1.0,-1.0,-1.0,-300.0,,,,-1.0,-1.0,,0,1
50776,MG,RAPOSOS,0.0,0.0,0.0,0.0,,,,0.0,0.0,,1.0,1.0,1.0,400.0,400.0,8000.0,8000.0,0.0,1.0,6.0,1.0,1.0,1.0,400.0,,,,0.0,1.0,,0,1
50792,MG,RAUL SOARES,0.0,0.0,0.0,0.0,,,,0.0,0.0,,1.0,1.0,1.0,377.0,377.0,4300.0,4300.0,1.0,1.0,9.0,1.0,1.0,1.0,377.0,,,,1.0,1.0,,0,1
50857,MG,RESPLENDOR,1.0,1.0,1.0,375.0,375.0,3000.0,3000.0,1.0,1.0,11.0,1.0,1.0,1.0,375.0,375.0,6000.0,6000.0,1.0,1.0,16.0,0.0,0.0,0.0,0.0,0.0,3000.0,3000.0,0.0,0.0,5.0,1,1
50890,MG,RIACHO DOS MACHADOS,1.0,1.0,1.0,235.0,235.0,8000.0,8000.0,0.0,1.0,4.0,1.0,1.0,1.0,350.0,350.0,6000.0,6000.0,0.0,1.0,7.0,0.0,0.0,0.0,115.0,115.0,-2000.0,-2000.0,0.0,0.0,3.0,1,1
50911,MG,RIBEIRÃO DAS NEVES,7.0,1.0,5.0,5200.0,742.8571428571429,98500.0,14071.42857142857,5.0,5.0,89.0,7.0,1.0,5.0,4810.0,687.1428571428571,110157.0,15736.714285714286,3.0,4.0,219.0,0.0,0.0,0.0,-390.0,-55.71428571428578,11657.0,1665.2857142857156,-2.0,-1.0,130.0,1,1
50954,MG,RIO ACIMA,0.0,0.0,0.0,0.0,,,,0.0,0.0,,1.0,1.0,1.0,400.0,400.0,8000.0,8000.0,0.0,1.0,3.0,1.0,1.0,1.0,400.0,,,,0.0,1.0,,0,1
50970,MG,RIO CASCA,2.0,1.0,1.0,558.0,279.0,15000.0,7500.0,1.0,2.0,26.0,2.0,1.0,2.0,621.0,310.5,14000.0,7000.0,1.0,2.0,9.0,0.0,0.0,1.0,63.0,31.5,-1000.0,-500.0,0.0,0.0,-17.0,1,1
50997,MG,RIO DOCE,1.0,1.0,1.0,175.0,175.0,2500.0,2500.0,1.0,1.0,14.0,0.0,0.0,0.0,0.0,,,,0.0,0.0,,-1.0,-1.0,-1.0,-175.0,,,,-1.0,-1.0,,0,1
51012,MG,RIO DO PRADO,0.0,0.0,0.0,0.0,,,,0.0,0.0,,1.0,1.0,1.0,256.0,256.0,3000.0,3000.0,0.0,1.0,5.0,1.0,1.0,1.0,256.0,,,,0.0,1.0,,0,1
51098,MG,RIO PARANAÍBA,3.0,1.0,3.0,1009.0,336.3333333333333,23322.0,7774.0,2.0,2.0,33.0,3.0,1.0,3.0,1144.0,381.3333333333333,36890.0,12296.666666666666,1.0,2.0,58.0,0.0,0.0,0.0,135.0,45.0,13568.0,4522.666666666666,-1.0,0.0,25.0,1,1
51110,MG,RIO PARDO DE MINAS,1.0,1.0,1.0,250.0,250.0,8500.0,8500.0,0.0,1.0,6.0,1.0,1.0,1.0,352.0,352.0,13270.0,13270.0,0.0,0.0,52.0,0.0,0.0,0.0,102.0,102.0,4770.0,4770.0,0.0,-1.0,46.0,1,1
51136,MG,RIO PIRACICABA,2.0,1.0,2.0,600.0,300.0,14000.0,7000.0,0.0,2.0,15.0,0.0,0.0,0.0,0.0,,,,0.0,0.0,,-2.0,-1.0,-2.0,-600.0,,,,0.0,-2.0,,0,1
51152,MG,RIO POMBA,0.0,0.0,0.0,0.0,,,,0.0,0.0,,1.0,1.0,1.0,523.0,523.0,10000.0,10000.0,0.0,1.0,8.0,1.0,1.0,1.0,523.0,,,,0.0,1.0,,0,1
51179,MG,RIO PRETO,1.0,1.0,1.0,400.0,400.0,2500.0,2500.0,1.0,0.0,33.0,0.0,0.0,0.0,0.0,,,,0.0,0.0,,-1.0,-1.0,-1.0,-400.0,,,,-1.0,0.0,,0,1
51276,MG,ROMARIA,1.0,1.0,1.0,303.0,303.0,8787.0,8787.0,1.0,1.0,12.0,4.0,1.0,4.0,1595.0,398.75,36989.0,9247.25,1.0,3.0,78.0,3.0,0.0,3.0,1292.0,95.75,28202.0,460.25,0.0,2.0,66.0,1,1
51292,MG,RUBELITA,0.0,0.0,0.0,0.0,,,,0.0,0.0,,3.0,1.0,3.0,1016.0,338.6666666666667,25000.0,8333.333333333334,0.0,3.0,14.0,3.0,1.0,3.0,1016.0,,,,0.0,3.0,,0,1
51330,MG,SABARÁ,3.0,1.0,3.0,2130.0,710.0,46715.0,15571.666666666666,2.0,3.0,24.0,10.0,1.0,7.0,4904.0,490.4,147400.0,14740.0,2.0,6.0,226.0,7.0,0.0,4.0,2774.0,-219.60000000000002,100685.0,-831.6666666666661,0.0,3.0,202.0,1,1
51373,MG,SACRAMENTO,3.0,1.0,3.0,1063.0,354.3333333333333,22198.0,7399.333333333333,2.0,2.0,37.0,1.0,1.0,1.0,500.0,500.0,17010.0,17010.0,0.0,1.0,18.0,-2.0,0.0,-2.0,-563.0,145.66666666666669,-5188.0,9610.666666666668,-2.0,-1.0,-19.0,1,1
51438,MG,SANTA BÁRBARA,1.0,1.0,1.0,400.0,400.0,12000.0,12000.0,0.0,1.0,9.0,0.0,0.0,0.0,0.0,,,,0.0,0.0,,-1.0,-1.0,-1.0,-400.0,,,,0.0,-1.0,,0,1
51497,MG,SANTA EFIGÊNIA DE MINAS,0.0,0.0,0.0,0.0,,,,0.0,0.0,,1.0,1.0,1.0,353.0,353.0,5000.0,5000.0,0.0,0.0,44.0,1.0,1.0,1.0,353.0,,,,0.0,0.0,,0,1
51535,MG,SANTA JULIANA,2.0,1.0,2.0,836.0,418.0,15107.0,7553.5,2.0,2.0,7.0,3.0,1.0,3.0,1188.0,396.0,40403.0,13467.666666666666,1.0,2.0,37.0,1.0,0.0,1.0,352.0,-22.0,25296.0,5914.166666666666,-1.0,0.0,30.0,1,1
51551,MG,SANTA LUZIA,2.0,1.0,2.0,1203.0,601.5,10600.0,5300.0,2.0,0.0,75.0,10.0,1.0,5.0,7262.0,726.2,140135.13,14013.513,0.0,4.0,165.0,8.0,0.0,3.0,6059.0,124.70000000000005,129535.13,8713.513,-2.0,4.0,90.0,1,1
51594,MG,SANTA MARIA DE ITABIRA,0.0,0.0,0.0,0.0,,,,0.0,0.0,,1.0,1.0,1.0,300.0,300.0,4000.0,4000.0,1.0,1.0,9.0,1.0,1.0,1.0,300.0,,,,1.0,1.0,,0,1
51632,MG,SANTA MARIA DO SUAÇUÍ,1.0,1.0,1.0,257.0,257.0,3000.0,3000.0,1.0,0.0,43.0,1.0,1.0,1.0,300.0,300.0,12500.0,12500.0,0.0,1.0,12.0,0.0,0.0,0.0,43.0,43.0,9500.0,9500.0,-1.0,1.0,-31.0,1,1
51756,MG,SANTANA DO JACARÉ,1.0,1.0,1.0,0.0,,3500.0,3500.0,1.0,1.0,4.0,0.0,0.0,0.0,0.0,,,,0.0,0.0,,-1.0,-1.0,-1.0,0.0,,,,-1.0,-1.0,,0,1
51918,MG,SANTA RITA DO SAPUCAÍ,1.0,1.0,1.0,503.0,503.0,12500.0,12500.0,1.0,1.0,17.0,2.0,1.0,2.0,782.0,391.0,10000.0,5000.0,1.0,1.0,33.0,1.0,0.0,1.0,279.0,-112.0,-2500.0,-7500.0,0.0,0.0,16.0,1,1
51934,MG,SANTA ROSA DA SERRA,0.0,0.0,0.0,0.0,,,,0.0,0.0,,1.0,1.0,1.0,348.0,348.0,11000.0,11000.0,0.0,1.0,5.0,1.0,1.0,1.0,348.0,,,,0.0,1.0,,0,1
51950,MG,SANTA VITÓRIA,4.0,1.0,2.0,1356.0,339.0,31196.0,7799.0,4.0,4.0,19.0,6.0,1.0,3.0,2093.0,348.8333333333333,50086.0,8347.666666666666,2.0,5.0,58.0,2.0,0.0,1.0,737.0,9.833333333333314,18890.0,548.6666666666661,-2.0,1.0,39.0,1,1
51977,MG,SANTO ANTÔNIO DO AMPARO,1.0,1.0,1.0,405.0,405.0,6000.0,6000.0,1.0,1.0,3.0,0.0,0.0,0.0,0.0,,,,0.0,0.0,,-1.0,-1.0,-1.0,-405.0,,,,-1.0,-1.0,,0,1
52019,MG,SANTO ANTÔNIO DO GRAMA,1.0,1.0,1.0,300.0,300.0,4000.0,4000.0,0.0,1.0,3.0,1.0,1.0,1.0,355.0,355.0,10000.0,10000.0,0.0,1.0,2.0,0.0,0.0,0.0,55.0,55.0,6000.0,6000.0,0.0,0.0,-1.0,1,1
52051,MG,SANTO ANTÔNIO DO JACINTO,0.0,0.0,0.0,0.0,,,,0.0,0.0,,1.0,1.0,1.0,300.0,300.0,10000.0,10000.0,0.0,1.0,18.0,1.0,1.0,1.0,300.0,,,,0.0,1.0,,0,1
52078,MG,SANTO ANTÔNIO DO MONTE,4.0,1.0,3.0,1388.0,347.0,44000.0,11000.0,2.0,4.0,16.0,3.0,1.0,3.0,972.0,324.0,33800.0,11266.666666666666,0.0,3.0,15.0,-1.0,0.0,0.0,-416.0,-23.0,-10200.0,266.66666666666606,-2.0,-1.0,-1.0,1,1
52094,MG,SANTO ANTÔNIO DO RIO ABAIXO,0.0,0.0,0.0,0.0,,,,0.0,0.0,,1.0,1.0,1.0,160.0,160.0,3000.0,3000.0,0.0,1.0,13.0,1.0,1.0,1.0,160.0,,,,0.0,1.0,,0,1
52132,MG,SANTOS DUMONT,0.0,0.0,0.0,0.0,,,,0.0,0.0,,2.0,1.0,2.0,700.0,350.0,13000.0,6500.0,0.0,2.0,6.0,2.0,1.0,2.0,700.0,,,,0.0,2.0,,0,1
52191,MG,SÃO DOMINGOS DO PRATA,1.0,1.0,1.0,420.0,420.0,4000.0,4000.0,1.0,1.0,6.0,4.0,1.0,3.0,1155.0,288.75,23000.0,5750.0,1.0,4.0,20.0,3.0,0.0,2.0,735.0,-131.25,19000.0,1750.0,0.0,3.0,14.0,1,1
52230,MG,SÃO FRANCISCO DE PAULA,4.0,1.0,3.0,1153.0,288.25,22200.0,5550.0,3.0,2.0,182.0,5.0,1.0,4.0,1624.0,324.8,42600.0,8520.0,1.0,2.0,168.0,1.0,0.0,1.0,471.0,36.55000000000001,20400.0,2970.0,-2.0,0.0,-14.0,1,1
52256,MG,SÃO FRANCISCO DE SALES,7.0,1.0,5.0,1845.0,263.57142857142856,30345.0,4335.0,6.0,5.0,99.0,3.0,1.0,2.0,1022.0,340.6666666666667,15000.0,5000.0,2.0,3.0,21.0,-4.0,0.0,-3.0,-823.0,77.09523809523813,-15345.0,665.0,-4.0,-2.0,-78.0,1,1
52272,MG,SÃO FRANCISCO DO GLÓRIA,0.0,0.0,0.0,0.0,,,,0.0,0.0,,1.0,1.0,1.0,316.0,316.0,12000.0,12000.0,0.0,1.0,23.0,1.0,1.0,1.0,316.0,,,,0.0,1.0,,0,1
52337,MG,SÃO GONÇALO DO ABAETÉ,2.0,1.0,1.0,604.0,302.0,17516.0,8758.0,2.0,2.0,16.0,0.0,0.0,0.0,0.0,,,,0.0,0.0,,-2.0,-1.0,-1.0,-604.0,,,,-2.0,-2.0,,0,1
52370,MG,SÃO GONÇALO DO RIO ABAIXO,1.0,1.0,1.0,567.0,567.0,12000.0,12000.0,0.0,1.0,10.0,0.0,0.0,0.0,0.0,,,,0.0,0.0,,-1.0,-1.0,-1.0,-567.0,,,,0.0,-1.0,,0,1
52418,MG,SÃO GOTARDO,3.0,1.0,2.0,1167.0,389.0,34243.0,11414.333333333334,2.0,2.0,35.0,1.0,1.0,1.0,380.0,380.0,17400.0,17400.0,0.0,1.0,20.0,-2.0,0.0,-1.0,-787.0,-9.0,-16843.0,5985.666666666666,-2.0,-1.0,-15.0,1,1
52434,MG,SÃO JOÃO BATISTA DO GLÓRIA,1.0,1.0,1.0,390.0,390.0,6600.0,6600.0,1.0,1.0,9.0,0.0,0.0,0.0,0.0,,,,0.0,0.0,,-1.0,-1.0,-1.0,-390.0,,,,-1.0,-1.0,,0,1
52477,MG,SÃO JOÃO DA PONTE,1.0,1.0,1.0,300.0,300.0,8550.0,8550.0,0.0,1.0,20.0,1.0,1.0,1.0,352.0,352.0,13270.0,13270.0,0.0,1.0,25.0,0.0,0.0,0.0,52.0,52.0,4720.0,4720.0,0.0,0.0,5.0,1,1
52493,MG,SÃO JOÃO DEL REI,3.0,1.0,3.0,1253.0,417.6666666666667,20000.0,6666.666666666667,2.0,3.0,26.0,12.0,1.0,6.0,6641.0,553.4166666666666,199560.0,16630.0,0.0,7.0,124.0,9.0,0.0,3.0,5388.0,135.74999999999994,179560.0,9963.333333333332,-2.0,4.0,98.0,1,1
52515,MG,SÃO JOÃO DO ORIENTE,1.0,1.0,1.0,365.0,365.0,7500.0,7500.0,0.0,1.0,8.0,1.0,1.0,1.0,366.0,366.0,6000.0,6000.0,0.0,1.0,7.0,0.0,0.0,0.0,1.0,1.0,-1500.0,-1500.0,0.0,0.0,-1.0,1,1
52531,MG,SÃO JOÃO DO PARAÍSO,0.0,0.0,0.0,0.0,,,,0.0,0.0,,1.0,1.0,1.0,352.0,352.0,13270.0,13270.0,0.0,0.0,42.0,1.0,1.0,1.0,352.0,,,,0.0,0.0,,0,1
52558,MG,SÃO JOÃO EVANGELISTA,0.0,0.0,0.0,0.0,,,,0.0,0.0,,2.0,1.0,2.0,775.0,387.5,17000.0,8500.0,0.0,1.0,37.0,2.0,1.0,2.0,775.0,,,,0.0,1.0,,0,1
52590,MG,SÃO JOSÉ DA SAFIRA,1.0,1.0,1.0,336.0,336.0,8000.0,8000.0,0.0,0.0,107.0,1.0,1.0,1.0,350.0,350.0,5000.0,5000.0,0.0,1.0,2.0,0.0,0.0,0.0,14.0,14.0,-3000.0,-3000.0,0.0,1.0,-105.0,1,1
52612,MG,SÃO JOSÉ DA VARGINHA,0.0,0.0,0.0,0.0,,,,0.0,0.0,,4.0,1.0,3.0,1194.0,298.5,57700.0,14425.0,1.0,0.0,-288.0,4.0,1.0,3.0,1194.0,,,,1.0,0.0,,0,1
52655,MG,SÃO JOSÉ DO DIVINO,0.0,0.0,0.0,0.0,,,,0.0,0.0,,1.0,1.0,1.0,200.0,200.0,10000.0,10000.0,0.0,1.0,16.0,1.0,1.0,1.0,200.0,,,,0.0,1.0,,0,1
52698,MG,SÃO JOSÉ DO JACURI,1.0,1.0,1.0,350.0,350.0,4000.0,4000.0,0.0,1.0,21.0,2.0,1.0,2.0,750.0,375.0,20000.0,10000.0,0.0,1.0,141.0,1.0,0.0,1.0,400.0,25.0,16000.0,6000.0,0.0,0.0,120.0,1,1
52736,MG,SÃO LOURENÇO,3.0,1.0,3.0,1210.0,403.3333333333333,37500.0,12500.0,2.0,3.0,13.0,1.0,1.0,1.0,400.0,400.0,18000.0,18000.0,0.0,0.0,75.0,-2.0,0.0,-2.0,-810.0,-3.3333333333333144,-19500.0,5500.0,-2.0,-3.0,62.0,1,1
52779,MG,SÃO PEDRO DA UNIÃO,1.0,1.0,1.0,251.0,251.0,4000.0,4000.0,0.0,1.0,6.0,3.0,1.0,3.0,896.0,298.6666666666667,29650.0,9883.333333333334,0.0,3.0,10.0,2.0,0.0,2.0,645.0,47.666666666666686,25650.0,5883.333333333334,0.0,2.0,4.0,1,1
52817,MG,SÃO PEDRO DO SUAÇUÍ,0.0,0.0,0.0,0.0,,,,0.0,0.0,,1.0,1.0,1.0,300.0,300.0,10000.0,10000.0,0.0,1.0,16.0,1.0,1.0,1.0,300.0,,,,0.0,1.0,,0,1
52850,MG,SÃO ROQUE DE MINAS,0.0,0.0,0.0,0.0,,,,0.0,0.0,,1.0,1.0,1.0,300.0,300.0,8500.0,8500.0,0.0,1.0,9.0,1.0,1.0,1.0,300.0,,,,0.0,1.0,,0,1
52876,MG,SÃO SEBASTIÃO DA BELA VISTA,0.0,0.0,0.0,0.0,,,,0.0,0.0,,2.0,1.0,1.0,499.0,249.5,5000.0,2500.0,0.0,1.0,36.0,2.0,1.0,1.0,499.0,,,,0.0,1.0,,0,1
52930,MG,SÃO SEBASTIÃO DO PARAÍSO,2.0,1.0,2.0,998.0,499.0,19745.0,9872.5,2.0,1.0,37.0,0.0,0.0,0.0,0.0,,,,0.0,0.0,,-2.0,-1.0,-2.0,-998.0,,,,-2.0,-1.0,,0,1
53015,MG,SÃO TOMÁS DE AQUINO,2.0,1.0,2.0,705.0,352.5,10900.0,5450.0,1.0,2.0,13.0,1.0,1.0,1.0,300.0,300.0,5615.0,5615.0,0.0,1.0,7.0,-1.0,0.0,-1.0,-405.0,-52.5,-5285.0,165.0,-1.0,-1.0,-6.0,1,1
53112,MG,SENADOR CORTES,1.0,1.0,1.0,230.0,230.0,5500.0,5500.0,1.0,0.0,36.0,0.0,0.0,0.0,0.0,,,,0.0,0.0,,-1.0,-1.0,-1.0,-230.0,,,,-1.0,0.0,,0,1
53139,MG,SENADOR FIRMINO,1.0,1.0,1.0,250.0,250.0,7900.0,7900.0,0.0,1.0,8.0,3.0,1.0,2.0,785.0,261.6666666666667,28000.0,9333.333333333334,1.0,3.0,17.0,2.0,0.0,1.0,535.0,11.666666666666686,20100.0,1433.333333333334,1.0,2.0,9.0,1,1
53350,MG,SERRA DO SALITRE,2.0,1.0,1.0,608.0,304.0,17632.0,8816.0,2.0,2.0,16.0,1.0,1.0,1.0,302.0,302.0,14000.0,14000.0,0.0,1.0,6.0,-1.0,0.0,0.0,-306.0,-2.0,-3632.0,5184.0,-2.0,-1.0,-10.0,1,1
53376,MG,SERRANIA,2.0,1.0,2.0,603.0,301.5,6500.0,3250.0,0.0,1.0,274.0,3.0,1.0,3.0,905.0,301.6666666666667,21500.0,7166.666666666667,0.0,2.0,50.0,1.0,0.0,1.0,302.0,0.16666666666668561,15000.0,3916.666666666667,0.0,1.0,-224.0,1,1
53430,MG,SETE LAGOAS,8.0,1.0,5.0,5760.0,720.0,101800.69,12725.08625,6.0,4.0,216.0,10.0,1.0,7.0,6606.0,660.6,185456.0,18545.6,2.0,10.0,28.0,2.0,0.0,2.0,846.0,-59.39999999999998,83655.31,5820.513749999998,-4.0,6.0,-188.0,1,1
53457,MG,SILVEIRÂNIA,0.0,0.0,0.0,0.0,,,,0.0,0.0,,2.0,1.0,2.0,556.0,278.0,18000.0,9000.0,1.0,2.0,4.0,2.0,1.0,2.0,556.0,,,,1.0,2.0,,0,1
53597,MG,TAIOBEIRAS,4.0,1.0,3.0,1507.0,376.75,23300.0,5825.0,1.0,3.0,132.0,0.0,0.0,0.0,0.0,,,,0.0,0.0,,-4.0,-1.0,-3.0,-1507.0,,,,-1.0,-3.0,,0,1
53678,MG,TARUMIRIM,0.0,0.0,0.0,0.0,,,,0.0,0.0,,1.0,1.0,1.0,558.0,558.0,10000.0,10000.0,0.0,0.0,84.0,1.0,1.0,1.0,558.0,,,,0.0,0.0,,0,1
53716,MG,TEÓFILO OTONI,3.0,1.0,3.0,1693.0,564.3333333333334,35000.0,11666.666666666666,2.0,3.0,29.0,8.0,1.0,4.0,4045.0,505.625,110500.0,13812.5,0.0,6.0,254.0,5.0,0.0,1.0,2352.0,-58.70833333333337,75500.0,2145.833333333334,-2.0,3.0,225.0,1,1
53732,MG,TIMÓTEO,1.0,1.0,1.0,500.0,500.0,6000.0,6000.0,0.0,1.0,8.0,6.0,1.0,5.0,3852.0,642.0,65000.0,10833.333333333334,0.0,6.0,20.0,5.0,0.0,4.0,3352.0,142.0,59000.0,4833.333333333334,0.0,5.0,12.0,1,1
53759,MG,TIRADENTES,0.0,0.0,0.0,0.0,,,,0.0,0.0,,1.0,1.0,1.0,365.0,365.0,11000.0,11000.0,0.0,0.0,81.0,1.0,1.0,1.0,365.0,,,,0.0,0.0,,0,1
53775,MG,TIROS,0.0,0.0,0.0,0.0,,,,0.0,0.0,,1.0,1.0,1.0,310.0,310.0,14300.0,14300.0,1.0,1.0,4.0,1.0,1.0,1.0,310.0,,,,1.0,1.0,,0,1
53813,MG,TOLEDO,5.0,1.0,3.0,1654.0,330.8,37400.0,7480.0,5.0,3.0,96.0,7.0,1.0,4.0,2163.0,309.0,47500.0,6785.714285714285,1.0,3.0,167.0,2.0,0.0,1.0,509.0,-21.80000000000001,10100.0,-694.2857142857147,-4.0,0.0,71.0,1,1
53856,MG,TRÊS CORAÇÕES,5.0,1.0,4.0,2298.0,459.6,41000.0,8200.0,3.0,4.0,90.0,3.0,1.0,3.0,1695.0,565.0,22500.0,7500.0,1.0,2.0,44.0,-2.0,0.0,-1.0,-603.0,105.39999999999998,-18500.0,-700.0,-2.0,-2.0,-46.0,1,1
53872,MG,TRÊS PONTAS,0.0,0.0,0.0,0.0,,,,0.0,0.0,,3.0,1.0,2.0,1062.0,354.0,25750.0,8583.333333333334,0.0,1.0,78.0,3.0,1.0,2.0,1062.0,,,,0.0,1.0,,0,1
53899,MG,TUMIRITINGA,5.0,1.0,4.0,1814.0,362.8,33800.0,6760.0,5.0,2.0,191.0,2.0,1.0,1.0,630.0,315.0,19000.0,9500.0,0.0,1.0,94.0,-3.0,0.0,-3.0,-1184.0,-47.80000000000001,-14800.0,2740.0,-5.0,-1.0,-97.0,1,1
53910,MG,TUPACIGUARA,5.0,1.0,3.0,1873.0,374.6,32228.0,6445.6,5.0,3.0,37.0,2.0,1.0,2.0,839.0,419.5,18000.0,9000.0,1.0,2.0,28.0,-3.0,0.0,-1.0,-1034.0,44.89999999999998,-14228.0,2554.3999999999996,-4.0,-1.0,-9.0,1,1
53937,MG,TURMALINA,3.0,1.0,3.0,1020.0,340.0,18000.0,6000.0,1.0,3.0,28.0,1.0,1.0,1.0,395.0,395.0,10400.0,10400.0,0.0,1.0,3.0,-2.0,0.0,-2.0,-625.0,55.0,-7600.0,4400.0,-1.0,-2.0,-25.0,1,1
53953,MG,TURVOLÂNDIA,2.0,1.0,2.0,797.0,398.5,7300.0,3650.0,2.0,2.0,6.0,1.0,1.0,1.0,280.0,280.0,3000.0,3000.0,0.0,1.0,3.0,-1.0,0.0,-1.0,-517.0,-118.5,-4300.0,-650.0,-2.0,-1.0,-3.0,1,1
53970,MG,UBÁ,2.0,1.0,2.0,810.0,405.0,10900.0,5450.0,1.0,2.0,8.0,6.0,1.0,3.0,4615.0,769.1666666666666,54100.0,9016.666666666666,4.0,4.0,77.0,4.0,0.0,1.0,3805.0,364.16666666666663,43200.0,3566.666666666666,3.0,2.0,69.0,1,1
54011,MG,UBERABA,17.0,1.0,6.0,12262.0,721.2941176470588,231164.0,13597.882352941177,15.0,10.0,94.0,11.0,1.0,8.0,6990.0,635.4545454545455,231306.15,21027.831818181818,6.0,1.0,130.0,-6.0,0.0,2.0,-5272.0,-85.83957219251329,142.14999999999418,7429.949465240641,-9.0,-9.0,36.0,1,1
54038,MG,UBERLÂNDIA,9.0,1.0,3.0,5901.0,655.6666666666666,265730.0,29525.555555555555,5.0,4.0,83.0,24.0,1.0,9.0,19005.0,791.875,827659.93,34485.83041666667,11.0,10.0,226.0,15.0,0.0,6.0,13104.0,136.20833333333337,561929.93,4960.2748611111165,6.0,6.0,143.0,1,1
54070,MG,UNAÍ,2.0,1.0,1.0,807.0,403.5,23403.0,11701.5,2.0,1.0,40.0,6.0,1.0,4.0,2902.0,483.6666666666667,89158.56,14859.76,2.0,6.0,20.0,4.0,0.0,3.0,2095.0,80.16666666666669,65755.56,3158.26,0.0,5.0,-20.0,1,1
54119,MG,VARGEM BONITA,2.0,1.0,1.0,566.0,283.0,4300.0,2150.0,0.0,1.0,66.0,1.0,1.0,1.0,230.0,230.0,7100.0,7100.0,0.0,0.0,158.0,-1.0,0.0,0.0,-336.0,-53.0,2800.0,4950.0,0.0,-1.0,92.0,1,1
54135,MG,VARGINHA,5.0,1.0,3.0,3017.0,603.4,49800.0,9960.0,5.0,3.0,98.0,2.0,1.0,2.0,1004.0,502.0,31978.0,15989.0,1.0,2.0,21.0,-3.0,0.0,-1.0,-2013.0,-101.39999999999998,-17822.0,6029.0,-4.0,-1.0,-77.0,1,1
54151,MG,VÁRZEA DA PALMA,0.0,0.0,0.0,0.0,,,,0.0,0.0,,3.0,1.0,3.0,1288.0,429.3333333333333,47955.0,15985.0,0.0,3.0,9.0,3.0,1.0,3.0,1288.0,,,,0.0,3.0,,0,1
54178,MG,VARZELÂNDIA,0.0,0.0,0.0,0.0,,,,0.0,0.0,,2.0,1.0,2.0,800.0,400.0,21500.0,10750.0,0.0,2.0,12.0,2.0,1.0,2.0,800.0,,,,0.0,2.0,,0,1
54194,MG,VAZANTE,1.0,1.0,1.0,323.0,323.0,9367.0,9367.0,1.0,1.0,20.0,1.0,1.0,1.0,400.0,400.0,4000.0,4000.0,0.0,0.0,114.0,0.0,0.0,0.0,77.0,77.0,-5367.0,-5367.0,-1.0,-1.0,94.0,1,1
54216,MG,WENCESLAU BRAZ,0.0,0.0,0.0,0.0,,,,0.0,0.0,,1.0,1.0,1.0,250.0,250.0,4000.0,4000.0,0.0,1.0,13.0,1.0,1.0,1.0,250.0,,,,0.0,1.0,,0,1
54259,MG,VESPASIANO,4.0,1.0,4.0,3018.0,754.5,28000.0,7000.0,3.0,1.0,49.0,7.0,1.0,3.0,4098.0,585.4285714285714,104500.0,14928.57142857143,0.0,3.0,173.0,3.0,0.0,-1.0,1080.0,-169.07142857142856,76500.0,7928.571428571429,-3.0,2.0,124.0,1,1
54275,MG,VIÇOSA,0.0,0.0,0.0,0.0,,,,0.0,0.0,,2.0,1.0,2.0,1200.0,600.0,15000.0,7500.0,2.0,2.0,11.0,2.0,1.0,2.0,1200.0,,,,2.0,2.0,,0,1
54410,MG,VISCONDE DO RIO BRANCO,1.0,1.0,1.0,400.0,400.0,10000.0,10000.0,0.0,1.0,12.0,4.0,1.0,2.0,1703.0,425.75,46200.0,11550.0,3.0,2.0,150.0,3.0,0.0,1.0,1303.0,25.75,36200.0,1550.0,3.0,1.0,138.0,1,1
54453,MG,ITAÚ DE MINAS,3.0,1.0,2.0,1101.0,367.0,18525.0,6175.0,3.0,2.0,171.0,0.0,0.0,0.0,0.0,,,,0.0,0.0,,-3.0,-1.0,-2.0,-1101.0,,,,-3.0,-2.0,,0,1
55000,MS,NOVA ALVORADA DO SUL,11.0,1.0,5.0,3463.0,314.8181818181818,67500.0,6136.363636363636,11.0,5.0,263.0,2.0,1.0,2.0,900.0,450.0,9000.0,4500.0,1.0,1.0,162.0,-9.0,0.0,-3.0,-2563.0,135.1818181818182,-58500.0,-1636.363636363636,-10.0,-4.0,-101.0,1,1
55018,MS,ALCINÓPOLIS,0.0,0.0,0.0,0.0,,,,0.0,0.0,,5.0,1.0,2.0,1500.0,300.0,24600.0,4920.0,0.0,5.0,28.0,5.0,1.0,2.0,1500.0,,,,0.0,5.0,,0,1
55026,MS,LAGUNA CARAPÃ,2.0,1.0,2.0,550.0,275.0,12000.0,6000.0,2.0,2.0,13.0,3.0,1.0,3.0,1052.0,350.6666666666667,16000.0,5333.333333333333,1.0,3.0,28.0,1.0,0.0,1.0,502.0,75.66666666666669,4000.0,-666.666666666667,-1.0,1.0,15.0,1,1
55034,MS,JAPORÃ,2.0,1.0,1.0,700.0,350.0,8000.0,4000.0,0.0,0.0,110.0,3.0,1.0,1.0,1100.0,366.6666666666667,16000.0,5333.333333333333,0.0,2.0,95.0,1.0,0.0,0.0,400.0,16.666666666666686,8000.0,1333.333333333333,0.0,2.0,-15.0,1,1
55042,MS,NOVO HORIZONTE DO SUL,3.0,1.0,2.0,700.0,233.33333333333334,17000.0,5666.666666666667,3.0,1.0,72.0,0.0,0.0,0.0,0.0,,,,0.0,0.0,,-3.0,-1.0,-2.0,-700.0,,,,-3.0,-1.0,,0,1
55069,MS,FIGUEIRÃO,3.0,1.0,3.0,500.0,166.66666666666666,10000.0,3333.3333333333335,3.0,3.0,9.0,2.0,1.0,1.0,400.0,200.0,9000.0,4500.0,0.0,2.0,19.0,-1.0,0.0,-2.0,-100.0,33.33333333333334,-1000.0,1166.6666666666665,-3.0,-1.0,10.0,1,1
56006,ES,SÃO DOMINGOS DO NORTE,0.0,0.0,0.0,0.0,,,,0.0,0.0,,2.0,1.0,1.0,1200.0,600.0,43000.0,21500.0,0.0,1.0,90.0,2.0,1.0,1.0,1200.0,,,,0.0,1.0,,0,1
56014,ES,AFONSO CLÁUDIO,0.0,0.0,0.0,0.0,,,,0.0,0.0,,3.0,1.0,3.0,1487.0,495.6666666666667,30000.0,10000.0,0.0,3.0,15.0,3.0,1.0,3.0,1487.0,,,,0.0,3.0,,0,1
56022,ES,ÁGUA DOCE DO NORTE,0.0,0.0,0.0,0.0,,,,0.0,0.0,,2.0,1.0,1.0,800.0,400.0,22000.0,11000.0,0.0,1.0,135.0,2.0,1.0,1.0,800.0,,,,0.0,1.0,,0,1
56030,ES,ALEGRE,2.0,1.0,1.0,786.0,393.0,5000.0,2500.0,0.0,1.0,46.0,1.0,1.0,1.0,410.0,410.0,5000.0,5000.0,0.0,1.0,12.0,-1.0,0.0,0.0,-376.0,17.0,0.0,2500.0,0.0,0.0,-34.0,1,1
56049,ES,IRUPI,1.0,1.0,1.0,386.0,386.0,1500.0,1500.0,0.0,1.0,10.0,5.0,1.0,3.0,1498.0,299.6,25000.0,5000.0,0.0,4.0,61.0,4.0,0.0,2.0,1112.0,-86.39999999999998,23500.0,3500.0,0.0,3.0,51.0,1,1
56057,ES,ALFREDO CHAVES,2.0,1.0,2.0,950.0,475.0,25250.0,12625.0,1.0,2.0,10.0,9.0,1.0,5.0,3402.0,378.0,79000.0,8777.777777777777,0.0,5.0,173.0,7.0,0.0,3.0,2452.0,-97.0,53750.0,-3847.2222222222226,-1.0,3.0,163.0,1,1
56065,ES,ALTO RIO NOVO,1.0,1.0,1.0,376.0,376.0,2500.0,2500.0,0.0,1.0,25.0,0.0,0.0,0.0,0.0,,,,0.0,0.0,,-1.0,-1.0,-1.0,-376.0,,,,0.0,-1.0,,0,1
56073,ES,ANCHIETA,5.0,1.0,5.0,2060.0,412.0,28500.0,5700.0,3.0,4.0,67.0,11.0,1.0,6.0,4758.0,432.54545454545456,128500.0,11681.818181818182,3.0,6.0,187.0,6.0,0.0,1.0,2698.0,20.54545454545456,100000.0,5981.818181818182,0.0,2.0,120.0,1,1
56081,ES,VILA PAVÃO,1.0,1.0,1.0,400.0,400.0,6000.0,6000.0,0.0,1.0,3.0,5.0,1.0,4.0,2008.0,401.6,70500.0,14100.0,1.0,3.0,168.0,4.0,0.0,3.0,1608.0,1.6000000000000227,64500.0,8100.0,1.0,2.0,165.0,1,1
56090,ES,APIACÁ,2.0,1.0,1.0,752.0,376.0,5000.0,2500.0,0.0,2.0,26.0,1.0,1.0,1.0,363.0,363.0,5000.0,5000.0,0.0,1.0,15.0,-1.0,0.0,0.0,-389.0,-13.0,0.0,2500.0,0.0,-1.0,-11.0,1,1
56111,ES,ARACRUZ,11.0,1.0,5.0,4782.0,434.72727272727275,144300.0,13118.181818181818,6.0,9.0,53.0,8.0,1.0,3.0,3360.0,420.0,68500.0,8562.5,6.0,2.0,122.0,-3.0,0.0,-2.0,-1422.0,-14.727272727272748,-75800.0,-4555.681818181818,0.0,-7.0,69.0,1,1
56120,ES,MARATAÍZES,4.0,1.0,4.0,2389.0,597.25,28500.0,7125.0,4.0,3.0,94.0,4.0,1.0,3.0,2150.0,537.5,32500.0,8125.0,3.0,2.0,109.0,0.0,0.0,-1.0,-239.0,-59.75,4000.0,1000.0,-1.0,-1.0,15.0,1,1
56138,ES,ATÍLIO VIVÁCQUA,3.0,1.0,2.0,1164.0,388.0,10000.0,3333.3333333333335,1.0,3.0,15.0,2.0,1.0,2.0,740.0,370.0,15000.0,7500.0,1.0,1.0,40.0,-1.0,0.0,0.0,-424.0,-18.0,5000.0,4166.666666666666,0.0,-2.0,25.0,1,1
56146,ES,BREJETUBA,1.0,1.0,1.0,600.0,600.0,6000.0,6000.0,0.0,0.0,77.0,4.0,1.0,3.0,1635.0,408.75,54800.0,13700.0,0.0,3.0,133.0,3.0,0.0,2.0,1035.0,-191.25,48800.0,7700.0,0.0,3.0,56.0,1,1
56154,ES,BAIXO GUANDU,2.0,1.0,2.0,700.0,350.0,14000.0,7000.0,1.0,2.0,9.0,4.0,1.0,4.0,1630.0,407.5,34000.0,8500.0,2.0,2.0,89.0,2.0,0.0,2.0,930.0,57.5,20000.0,1500.0,1.0,0.0,80.0,1,1
56162,ES,SÃO ROQUE DO CANAÃ,1.0,1.0,1.0,383.0,383.0,2500.0,2500.0,0.0,1.0,9.0,2.0,1.0,1.0,824.0,412.0,14000.0,7000.0,0.0,2.0,30.0,1.0,0.0,0.0,441.0,29.0,11500.0,4500.0,0.0,1.0,21.0,1,1
56170,ES,BARRA DE SÃO FRANCISCO,1.0,1.0,1.0,1000.0,1000.0,5000.0,5000.0,0.0,1.0,12.0,7.0,1.0,2.0,2820.0,402.85714285714283,70000.0,10000.0,6.0,2.0,94.0,6.0,0.0,1.0,1820.0,-597.1428571428571,65000.0,5000.0,6.0,1.0,82.0,1,1
56189,ES,SOORETAMA,3.0,1.0,3.0,1492.0,497.3333333333333,24000.0,8000.0,2.0,3.0,29.0,3.0,1.0,3.0,1100.0,366.6666666666667,32000.0,10666.666666666666,1.0,2.0,45.0,0.0,0.0,0.0,-392.0,-130.66666666666663,8000.0,2666.666666666666,-1.0,-1.0,16.0,1,1
56197,ES,BOA ESPERANÇA,11.0,1.0,6.0,5451.0,495.54545454545456,64500.0,5863.636363636364,4.0,2.0,80.0,14.0,1.0,6.0,6496.0,464.0,162000.0,11571.42857142857,3.0,10.0,166.0,3.0,0.0,0.0,1045.0,-31.54545454545456,97500.0,5707.792207792207,-1.0,8.0,86.0,1,1
56200,ES,PONTO BELO,5.0,1.0,3.0,2581.0,516.2,28300.0,5660.0,2.0,3.0,70.0,3.0,1.0,2.0,1284.0,428.0,16000.0,5333.333333333333,3.0,2.0,59.0,-2.0,0.0,-1.0,-1297.0,-88.20000000000005,-12300.0,-326.66666666666697,1.0,-1.0,-11.0,1,1
56219,ES,BOM JESUS DO NORTE,0.0,0.0,0.0,0.0,,,,0.0,0.0,,1.0,1.0,1.0,382.0,382.0,5000.0,5000.0,0.0,1.0,4.0,1.0,1.0,1.0,382.0,,,,0.0,1.0,,0,1
56227,ES,VILA VALÉRIO,1.0,1.0,1.0,400.0,400.0,8000.0,8000.0,0.0,1.0,5.0,4.0,1.0,3.0,1604.0,401.0,37500.0,9375.0,0.0,4.0,18.0,3.0,0.0,2.0,1204.0,1.0,29500.0,1375.0,0.0,3.0,13.0,1,1
56235,ES,CACHOEIRO DE ITAPEMIRIM,16.0,1.0,6.0,10412.0,650.75,205280.0,12830.0,7.0,9.0,124.0,19.0,1.0,7.0,14578.0,767.2631578947369,302557.6,15924.084210526315,9.0,6.0,175.0,3.0,0.0,1.0,4166.0,116.51315789473688,97277.59999999998,3094.0842105263146,2.0,-3.0,51.0,1,1
56251,ES,CARIACICA,17.0,1.0,8.0,9391.0,552.4117647058823,287948.0,16938.117647058825,6.0,7.0,114.0,11.0,1.0,5.0,6534.0,594.0,234257.0,21296.090909090908,7.0,6.0,179.0,-6.0,0.0,-3.0,-2857.0,41.58823529411768,-53691.0,4357.973262032083,1.0,-1.0,65.0,1,1
56278,ES,CASTELO,3.0,1.0,2.0,1300.0,433.3333333333333,17000.0,5666.666666666667,1.0,3.0,7.0,1.0,1.0,1.0,589.0,589.0,14000.0,14000.0,0.0,1.0,25.0,-2.0,0.0,-1.0,-711.0,155.66666666666669,-3000.0,8333.333333333332,-1.0,-2.0,18.0,1,1
56294,ES,COLATINA,5.0,1.0,2.0,2012.0,402.4,143080.0,28616.0,0.0,4.0,34.0,10.0,1.0,4.0,4583.0,458.3,176400.0,17640.0,5.0,6.0,93.0,5.0,0.0,2.0,2571.0,55.900000000000034,33320.0,-10976.0,5.0,2.0,59.0,1,1
56308,ES,GOVERNADOR LINDENBERG,2.0,1.0,2.0,700.0,350.0,15440.0,7720.0,0.0,2.0,15.0,2.0,1.0,1.0,910.0,455.0,35000.0,17500.0,0.0,0.0,94.0,0.0,0.0,-1.0,210.0,105.0,19560.0,9780.0,0.0,-2.0,79.0,1,1
56316,ES,CONCEIÇÃO DA BARRA,1.0,1.0,1.0,400.0,400.0,10800.0,10800.0,1.0,1.0,7.0,10.0,1.0,6.0,4077.0,407.7,106300.0,10630.0,6.0,6.0,127.0,9.0,0.0,5.0,3677.0,7.699999999999989,95500.0,-170.0,5.0,5.0,120.0,1,1
56332,ES,CONCEIÇÃO DO CASTELO,2.0,1.0,1.0,770.0,385.0,5000.0,2500.0,0.0,1.0,40.0,2.0,1.0,2.0,771.0,385.5,25000.0,12500.0,0.0,2.0,18.0,0.0,0.0,1.0,1.0,0.5,20000.0,10000.0,0.0,1.0,-22.0,1,1
56359,ES,DIVINO DE SÃO LOURENÇO,3.0,1.0,3.0,1130.0,376.6666666666667,10000.0,3333.3333333333335,0.0,2.0,63.0,6.0,1.0,4.0,1780.0,296.6666666666667,35500.0,5916.666666666667,1.0,1.0,163.0,3.0,0.0,1.0,650.0,-80.0,25500.0,2583.3333333333335,1.0,-1.0,100.0,1,1
56375,ES,DOMINGOS MARTINS,3.0,1.0,2.0,1200.0,400.0,17000.0,5666.666666666667,2.0,3.0,17.0,3.0,1.0,2.0,1593.0,531.0,25000.0,8333.333333333334,0.0,3.0,17.0,0.0,0.0,0.0,393.0,131.0,8000.0,2666.666666666667,-2.0,0.0,0.0,1,1
56391,ES,DORES DO RIO PRETO,2.0,1.0,2.0,750.0,375.0,4000.0,2000.0,0.0,1.0,58.0,1.0,1.0,1.0,264.0,264.0,2000.0,2000.0,0.0,1.0,11.0,-1.0,0.0,-1.0,-486.0,-111.0,-2000.0,0.0,0.0,0.0,-47.0,1,1
56413,ES,ECOPORANGA,2.0,1.0,2.0,852.0,426.0,9000.0,4500.0,2.0,2.0,17.0,1.0,1.0,1.0,377.0,377.0,6000.0,6000.0,1.0,1.0,11.0,-1.0,0.0,-1.0,-475.0,-49.0,-3000.0,1500.0,-1.0,-1.0,-6.0,1,1
56430,ES,FUNDÃO,6.0,1.0,6.0,2500.0,416.6666666666667,80300.0,13383.333333333334,2.0,6.0,22.0,13.0,1.0,6.0,5189.0,399.15384615384613,83300.0,6407.692307692308,4.0,6.0,201.0,7.0,0.0,0.0,2689.0,-17.512820512820554,3000.0,-6975.641025641026,2.0,0.0,179.0,1,1
56456,ES,GUAÇUÍ,5.0,1.0,2.0,1965.0,393.0,13000.0,2600.0,1.0,5.0,30.0,6.0,1.0,4.0,2520.0,420.0,48915.0,8152.5,0.0,4.0,39.0,1.0,0.0,2.0,555.0,27.0,35915.0,5552.5,-1.0,-1.0,9.0,1,1
56472,ES,GUARAPARI,10.0,1.0,7.0,5131.0,513.1,118800.0,11880.0,5.0,7.0,89.0,11.0,1.0,6.0,5001.0,454.6363636363636,106000.0,9636.363636363636,8.0,4.0,179.0,1.0,0.0,-1.0,-130.0,-58.4636363636364,-12800.0,-2243.636363636364,3.0,-3.0,90.0,1,1
56499,ES,IBIRAÇU,3.0,1.0,3.0,1267.0,422.3333333333333,33000.0,11000.0,2.0,3.0,20.0,2.0,1.0,2.0,967.0,483.5,28000.0,14000.0,0.0,2.0,8.0,-1.0,0.0,-1.0,-300.0,61.166666666666686,-5000.0,3000.0,-2.0,-1.0,-12.0,1,1
56502,ES,IBITIRAMA,6.0,1.0,3.0,2412.0,402.0,24000.0,4000.0,0.0,3.0,17.0,6.0,1.0,4.0,2681.0,446.8333333333333,50500.0,8416.666666666666,1.0,2.0,230.0,0.0,0.0,1.0,269.0,44.833333333333314,26500.0,4416.666666666666,1.0,-1.0,213.0,1,1
56510,ES,ICONHA,1.0,1.0,1.0,600.0,600.0,10000.0,10000.0,1.0,1.0,3.0,5.0,1.0,2.0,1892.0,378.4,25000.0,5000.0,0.0,2.0,113.0,4.0,0.0,1.0,1292.0,-221.60000000000002,15000.0,-5000.0,-1.0,1.0,110.0,1,1
56537,ES,ITAGUAÇU,2.0,1.0,1.0,600.0,300.0,18000.0,9000.0,2.0,2.0,18.0,0.0,0.0,0.0,0.0,,,,0.0,0.0,,-2.0,-1.0,-1.0,-600.0,,,,-2.0,-2.0,,0,1
56553,ES,ITAPEMIRIM,12.0,1.0,4.0,6069.0,505.75,111300.0,9275.0,10.0,1.0,12.0,9.0,1.0,5.0,5000.0,555.5555555555555,74000.0,8222.222222222223,2.0,3.0,156.0,-3.0,0.0,1.0,-1069.0,49.80555555555554,-37300.0,-1052.7777777777774,-8.0,2.0,144.0,1,1
56570,ES,ITARANA,2.0,1.0,2.0,680.0,340.0,14000.0,7000.0,2.0,2.0,7.0,1.0,1.0,1.0,400.0,400.0,10000.0,10000.0,0.0,1.0,16.0,-1.0,0.0,-1.0,-280.0,60.0,-4000.0,3000.0,-2.0,-1.0,9.0,1,1
56596,ES,IÚNA,3.0,1.0,2.0,1176.0,392.0,6500.0,2166.6666666666665,0.0,2.0,32.0,2.0,1.0,1.0,1200.0,600.0,5000.0,2500.0,0.0,1.0,31.0,-1.0,0.0,-1.0,24.0,208.0,-1500.0,333.3333333333335,0.0,-1.0,-1.0,1,1
56618,ES,JERÔNIMO MONTEIRO,1.0,1.0,1.0,384.0,384.0,2500.0,2500.0,0.0,0.0,32.0,0.0,0.0,0.0,0.0,,,,0.0,0.0,,-1.0,-1.0,-1.0,-384.0,,,,0.0,0.0,,0,1
56626,ES,JOÃO NEIVA,1.0,1.0,1.0,300.0,300.0,3000.0,3000.0,1.0,1.0,9.0,0.0,0.0,0.0,0.0,,,,0.0,0.0,,-1.0,-1.0,-1.0,-300.0,,,,-1.0,-1.0,,0,1
56634,ES,LINHARES,6.0,1.0,3.0,2862.0,477.0,153080.0,25513.333333333332,0.0,5.0,38.0,16.0,1.0,10.0,8683.0,542.6875,282100.0,17631.25,8.0,10.0,169.0,10.0,0.0,7.0,5821.0,65.6875,129020.0,-7882.083333333332,8.0,5.0,131.0,1,1
56650,ES,MANTENÓPOLIS,1.0,1.0,1.0,300.0,300.0,9000.0,9000.0,0.0,1.0,8.0,1.0,1.0,1.0,733.0,733.0,20000.0,20000.0,0.0,1.0,21.0,0.0,0.0,0.0,433.0,433.0,11000.0,11000.0,0.0,0.0,13.0,1,1
56693,ES,MONTANHA,4.0,1.0,3.0,1957.0,489.25,21100.0,5275.0,3.0,3.0,71.0,6.0,1.0,5.0,2817.0,469.5,50820.0,8470.0,1.0,5.0,264.0,2.0,0.0,2.0,860.0,-19.75,29720.0,3195.0,-2.0,2.0,193.0,1,1
56715,ES,MUCURICI,2.0,1.0,1.0,936.0,468.0,14000.0,7000.0,0.0,1.0,45.0,4.0,1.0,3.0,1560.0,390.0,35500.0,8875.0,3.0,4.0,20.0,2.0,0.0,2.0,624.0,-78.0,21500.0,1875.0,3.0,3.0,-25.0,1,1
56731,ES,MUNIZ FREIRE,2.0,1.0,1.0,778.0,389.0,5000.0,2500.0,0.0,1.0,45.0,4.0,1.0,3.0,2011.0,502.75,65000.0,16250.0,0.0,1.0,39.0,2.0,0.0,2.0,1233.0,113.75,60000.0,13750.0,0.0,0.0,-6.0,1,1
56774,ES,NOVA VENÉCIA,4.0,1.0,3.0,1738.0,434.5,42400.0,10600.0,1.0,3.0,32.0,10.0,1.0,6.0,4254.0,425.4,100000.0,10000.0,8.0,5.0,169.0,6.0,0.0,3.0,2516.0,-9.100000000000023,57600.0,-600.0,7.0,2.0,137.0,1,1
56812,ES,PINHEIROS,5.0,1.0,4.0,2000.0,400.0,25000.0,5000.0,3.0,5.0,30.0,14.0,1.0,5.0,5592.0,399.42857142857144,118500.0,8464.285714285714,6.0,8.0,157.0,9.0,0.0,1.0,3592.0,-0.5714285714285552,93500.0,3464.2857142857138,3.0,3.0,127.0,1,1
56839,ES,PIÚMA,5.0,1.0,3.0,2276.0,455.2,18000.0,3600.0,5.0,4.0,75.0,4.0,1.0,3.0,1443.0,360.75,22500.0,5625.0,2.0,3.0,52.0,-1.0,0.0,0.0,-833.0,-94.44999999999999,4500.0,2025.0,-3.0,-1.0,-23.0,1,1
56855,ES,PRESIDENTE KENNEDY,5.0,1.0,4.0,2006.0,401.2,42300.0,8460.0,3.0,4.0,141.0,7.0,1.0,3.0,2980.0,425.7142857142857,66500.0,9500.0,3.0,5.0,165.0,2.0,0.0,-1.0,974.0,24.514285714285734,24200.0,1040.0,0.0,1.0,24.0,1,1
56871,ES,RIO NOVO DO SUL,0.0,0.0,0.0,0.0,,,,0.0,0.0,,1.0,1.0,1.0,260.0,260.0,10000.0,10000.0,0.0,1.0,23.0,1.0,1.0,1.0,260.0,,,,0.0,1.0,,0,1
56898,ES,SANTA LEOPOLDINA,1.0,1.0,1.0,376.0,376.0,6000.0,6000.0,1.0,1.0,5.0,3.0,1.0,3.0,1040.0,346.6666666666667,21000.0,7000.0,1.0,2.0,40.0,2.0,0.0,2.0,664.0,-29.333333333333314,15000.0,1000.0,0.0,1.0,35.0,1,1
56910,ES,SANTA TERESA,3.0,1.0,2.0,1300.0,433.3333333333333,33600.0,11200.0,2.0,3.0,22.0,1.0,1.0,1.0,420.0,420.0,10400.0,10400.0,0.0,1.0,12.0,-2.0,0.0,-1.0,-880.0,-13.333333333333314,-23200.0,-800.0,-2.0,-2.0,-10.0,1,1
56936,ES,SÃO GABRIEL DA PALHA,0.0,0.0,0.0,0.0,,,,0.0,0.0,,3.0,1.0,2.0,1308.0,436.0,49000.0,16333.333333333334,2.0,2.0,73.0,3.0,1.0,2.0,1308.0,,,,2.0,2.0,,0,1
56952,ES,SÃO JOSÉ DO CALÇADO,2.0,1.0,1.0,764.0,382.0,5000.0,2500.0,0.0,1.0,40.0,3.0,1.0,3.0,934.0,311.3333333333333,14500.0,4833.333333333333,1.0,1.0,129.0,1.0,0.0,2.0,170.0,-70.66666666666669,9500.0,2333.333333333333,1.0,0.0,89.0,1,1
56979,ES,SÃO MATEUS,3.0,1.0,1.0,1200.0,400.0,75000.0,25000.0,0.0,3.0,29.0,14.0,1.0,7.0,6498.0,464.14285714285717,154000.0,11000.0,9.0,9.0,156.0,11.0,0.0,6.0,5298.0,64.14285714285717,79000.0,-14000.0,9.0,6.0,127.0,1,1
56995,ES,SERRA,16.0,1.0,6.0,9024.0,564.0,339664.0,21229.0,5.0,8.0,34.0,39.0,1.0,9.0,30188.0,774.0512820512821,699674.0,17940.358974358973,15.0,12.0,225.0,23.0,0.0,3.0,21164.0,210.0512820512821,360010.0,-3288.641025641027,10.0,4.0,191.0,1,1
57010,ES,VIANA,3.0,1.0,2.0,1194.0,398.0,23500.0,7833.333333333333,0.0,2.0,67.0,5.0,1.0,1.0,2000.0,400.0,50000.0,10000.0,5.0,2.0,118.0,2.0,0.0,-1.0,806.0,2.0,26500.0,2166.666666666667,5.0,0.0,51.0,1,1
57037,ES,VILA VELHA,14.0,1.0,6.0,7024.0,501.7142857142857,273664.0,19547.428571428572,3.0,6.0,67.0,10.0,1.0,4.0,5964.0,596.4,225257.0,22525.7,6.0,6.0,180.0,-4.0,0.0,-2.0,-1060.0,94.68571428571425,-48407.0,2978.2714285714283,3.0,0.0,113.0,1,1
57053,ES,VITÓRIA,18.0,1.0,7.0,10862.0,603.4444444444445,465253.0,25847.38888888889,5.0,5.0,75.0,26.0,1.0,7.0,21430.0,824.2307692307693,687327.4,26435.669230769232,18.0,13.0,184.0,8.0,0.0,0.0,10568.0,220.78632478632483,222074.40000000002,588.2803418803414,13.0,8.0,109.0,1,1
57070,ES,MARILÂNDIA,1.0,1.0,1.0,403.0,403.0,8500.0,8500.0,0.0,1.0,22.0,2.0,1.0,2.0,716.0,358.0,27000.0,13500.0,0.0,1.0,163.0,1.0,0.0,1.0,313.0,-45.0,18500.0,5000.0,0.0,0.0,141.0,1,1
57096,ES,IBATIBA,3.0,1.0,2.0,1173.0,391.0,6500.0,2166.6666666666665,0.0,3.0,26.0,5.0,1.0,5.0,1898.0,379.6,41500.0,8300.0,1.0,5.0,26.0,2.0,0.0,3.0,725.0,-11.399999999999977,35000.0,6133.333333333334,1.0,2.0,0.0,1,1
57118,ES,RIO BANANAL,3.0,1.0,3.0,1539.0,513.0,27240.0,9080.0,1.0,2.0,37.0,7.0,1.0,5.0,2720.0,388.57142857142856,47000.0,6714.285714285715,2.0,4.0,155.0,4.0,0.0,2.0,1181.0,-124.42857142857144,19760.0,-2365.7142857142853,1.0,2.0,118.0,1,1
57134,ES,JAGUARÉ,5.0,1.0,4.0,2300.0,460.0,58600.0,11720.0,3.0,4.0,48.0,6.0,1.0,3.0,2704.0,450.6666666666667,58733.0,9788.833333333334,4.0,3.0,233.0,1.0,0.0,-1.0,404.0,-9.333333333333314,133.0,-1931.166666666666,1.0,-1.0,185.0,1,1
57150,ES,PEDRO CANÁRIO,4.0,1.0,3.0,1710.0,427.5,32300.0,8075.0,3.0,4.0,24.0,4.0,1.0,2.0,1590.0,397.5,41500.0,10375.0,3.0,3.0,128.0,0.0,0.0,-1.0,-120.0,-30.0,9200.0,2300.0,0.0,-1.0,104.0,1,1
57932,ES,SANTA MARIA DE JETIBÁ,1.0,1.0,1.0,400.0,400.0,10000.0,10000.0,1.0,1.0,10.0,2.0,1.0,2.0,782.0,391.0,26500.0,13250.0,0.0,2.0,12.0,1.0,0.0,1.0,382.0,-9.0,16500.0,3250.0,-1.0,1.0,2.0,1,1
57959,ES,VARGEM ALTA,1.0,1.0,1.0,400.0,400.0,7000.0,7000.0,1.0,1.0,5.0,3.0,1.0,3.0,1085.0,361.6666666666667,16000.0,5333.333333333333,1.0,2.0,77.0,2.0,0.0,2.0,685.0,-38.333333333333314,9000.0,-1666.666666666667,0.0,1.0,72.0,1,1
57975,ES,VENDA NOVA DO IMIGRANTE,3.0,1.0,2.0,1176.0,392.0,11000.0,3666.6666666666665,1.0,3.0,17.0,4.0,1.0,3.0,1452.0,363.0,30000.0,7500.0,0.0,4.0,30.0,1.0,0.0,1.0,276.0,-29.0,19000.0,3833.3333333333335,-1.0,1.0,13.0,1,1
57991,ES,ÁGUIA BRANCA,1.0,1.0,1.0,400.0,400.0,6000.0,6000.0,1.0,1.0,5.0,3.0,1.0,3.0,1200.0,400.0,34000.0,11333.333333333334,0.0,2.0,74.0,2.0,0.0,2.0,800.0,0.0,28000.0,5333.333333333334,-1.0,1.0,69.0,1,1
58009,RJ,QUISSAMÃ,3.0,1.0,2.0,1600.0,533.3333333333334,42000.0,14000.0,2.0,3.0,28.0,7.0,1.0,5.0,3126.0,446.57142857142856,77000.0,11000.0,0.0,6.0,16.0,4.0,0.0,3.0,1526.0,-86.76190476190482,35000.0,-3000.0,-2.0,3.0,-12.0,1,1
58017,RJ,ANGRA DOS REIS,2.0,1.0,2.0,1150.0,575.0,21000.0,10500.0,1.0,2.0,9.0,14.0,1.0,9.0,11036.0,788.2857142857143,144500.0,10321.42857142857,5.0,7.0,157.0,12.0,0.0,7.0,9886.0,213.28571428571433,123500.0,-178.57142857142935,4.0,5.0,148.0,1,1
58033,RJ,ARARUAMA,5.0,1.0,4.0,2854.0,570.8,86000.0,17200.0,5.0,4.0,37.0,1.0,1.0,1.0,500.0,500.0,8000.0,8000.0,0.0,1.0,16.0,-4.0,0.0,-3.0,-2354.0,-70.79999999999995,-78000.0,-9200.0,-5.0,-3.0,-21.0,1,1
58041,RJ,BELFORD ROXO,2.0,1.0,2.0,1304.0,652.0,52320.0,26160.0,1.0,2.0,18.0,7.0,1.0,4.0,5624.0,803.4285714285714,316939.0,45277.0,1.0,5.0,113.0,5.0,0.0,2.0,4320.0,151.42857142857144,264619.0,19117.0,0.0,3.0,95.0,1,1
58050,RJ,BARRA DO PIRAÍ,0.0,0.0,0.0,0.0,,,,0.0,0.0,,3.0,1.0,3.0,1604.0,534.6666666666666,93200.0,31066.666666666668,1.0,3.0,10.0,3.0,1.0,3.0,1604.0,,,,1.0,3.0,,0,1
58068,RJ,CARDOSO MOREIRA,6.0,1.0,4.0,3230.0,538.3333333333334,94000.0,15666.666666666666,2.0,5.0,38.0,5.0,1.0,4.0,2352.0,470.4,55270.0,11054.0,0.0,3.0,107.0,-1.0,0.0,0.0,-878.0,-67.9333333333334,-38730.0,-4612.666666666666,-2.0,-2.0,69.0,1,1
58076,RJ,BARRA MANSA,3.0,1.0,2.0,1800.0,600.0,52000.0,17333.333333333332,2.0,3.0,18.0,6.0,1.0,5.0,3390.0,565.0,76000.0,12666.666666666666,3.0,6.0,26.0,3.0,0.0,3.0,1590.0,-35.0,24000.0,-4666.666666666666,1.0,3.0,8.0,1,1
58084,RJ,VARRE-SAI,1.0,1.0,1.0,368.0,368.0,2500.0,2500.0,0.0,1.0,11.0,0.0,0.0,0.0,0.0,,,,0.0,0.0,,-1.0,-1.0,-1.0,-368.0,,,,0.0,-1.0,,0,1
58092,RJ,BOM JARDIM,0.0,0.0,0.0,0.0,,,,0.0,0.0,,2.0,1.0,2.0,1080.0,540.0,13000.0,6500.0,1.0,1.0,142.0,2.0,1.0,2.0,1080.0,,,,1.0,1.0,,0,1
58106,RJ,GUAPIMIRIM,5.0,1.0,5.0,1977.0,395.4,82940.0,16588.0,3.0,4.0,38.0,2.0,1.0,2.0,900.0,450.0,22000.0,11000.0,0.0,2.0,8.0,-3.0,0.0,-3.0,-1077.0,54.60000000000002,-60940.0,-5588.0,-3.0,-2.0,-30.0,1,1
58114,RJ,BOM JESUS DO ITABAPOANA,0.0,0.0,0.0,0.0,,,,0.0,0.0,,1.0,1.0,1.0,500.0,500.0,64800.0,64800.0,0.0,1.0,9.0,1.0,1.0,1.0,500.0,,,,0.0,1.0,,0,1
58122,RJ,QUEIMADOS,1.0,1.0,1.0,400.0,400.0,6000.0,6000.0,1.0,1.0,4.0,3.0,1.0,3.0,2900.0,966.6666666666666,28500.0,9500.0,2.0,2.0,206.0,2.0,0.0,2.0,2500.0,566.6666666666666,22500.0,3500.0,1.0,1.0,202.0,1,1
58130,RJ,CABO FRIO,9.0,1.0,5.0,7346.0,816.2222222222222,157000.0,17444.444444444445,6.0,8.0,64.0,6.0,1.0,4.0,3838.0,639.6666666666666,86000.0,14333.333333333334,5.0,2.0,245.0,-3.0,0.0,-1.0,-3508.0,-176.55555555555554,-71000.0,-3111.1111111111113,-1.0,-6.0,181.0,1,1
58149,RJ,JAPERI,4.0,1.0,4.0,2952.0,738.0,43550.0,10887.5,2.0,4.0,8.0,1.0,1.0,1.0,600.0,600.0,22320.0,22320.0,0.0,1.0,5.0,-3.0,0.0,-3.0,-2352.0,-138.0,-21230.0,11432.5,-2.0,-3.0,-3.0,1,1
58157,RJ,CACHOEIRAS DE MACACU,3.0,1.0,3.0,1594.0,531.3333333333334,37000.0,12333.333333333334,2.0,3.0,12.0,4.0,1.0,2.0,1962.0,490.5,61000.0,15250.0,3.0,2.0,100.0,1.0,0.0,-1.0,368.0,-40.83333333333337,24000.0,2916.666666666666,1.0,-1.0,88.0,1,1
58165,RJ,COMENDADOR LEVY GASPARIAN,1.0,1.0,1.0,400.0,400.0,10000.0,10000.0,0.0,1.0,5.0,0.0,0.0,0.0,0.0,,,,0.0,0.0,,-1.0,-1.0,-1.0,-400.0,,,,0.0,-1.0,,0,1
58173,RJ,CAMBUCI,0.0,0.0,0.0,0.0,,,,0.0,0.0,,2.0,1.0,1.0,900.0,450.0,18000.0,9000.0,2.0,1.0,95.0,2.0,1.0,1.0,900.0,,,,2.0,1.0,,0,1
58181,RJ,APERIBÉ,1.0,1.0,1.0,300.0,300.0,6000.0,6000.0,0.0,1.0,9.0,0.0,0.0,0.0,0.0,,,,0.0,0.0,,-1.0,-1.0,-1.0,-300.0,,,,0.0,-1.0,,0,1
58190,RJ,CAMPOS DOS GOYTACAZES,11.0,1.0,7.0,8022.0,729.2727272727273,146200.0,13290.90909090909,8.0,6.0,50.0,10.0,1.0,6.0,10200.0,1020.0,187657.0,18765.7,3.0,6.0,163.0,-1.0,0.0,-1.0,2178.0,290.72727272727275,41457.0,5474.790909090911,-5.0,0.0,113.0,1,1
58203,RJ,RIO DAS OSTRAS,3.0,1.0,2.0,1200.0,400.0,52000.0,17333.333333333332,2.0,2.0,141.0,6.0,1.0,4.0,3543.0,590.5,80500.0,13416.666666666666,3.0,4.0,188.0,3.0,0.0,2.0,2343.0,190.5,28500.0,-3916.666666666666,1.0,2.0,47.0,1,1
58220,RJ,AREAL,1.0,1.0,1.0,400.0,400.0,6000.0,6000.0,1.0,1.0,4.0,1.0,1.0,1.0,400.0,400.0,7500.0,7500.0,0.0,1.0,18.0,0.0,0.0,0.0,0.0,0.0,1500.0,1500.0,-1.0,0.0,14.0,1,1
58238,RJ,CARMO,6.0,1.0,3.0,3014.0,502.3333333333333,38780.0,6463.333333333333,2.0,4.0,130.0,0.0,0.0,0.0,0.0,,,,0.0,0.0,,-6.0,-1.0,-3.0,-3014.0,,,,-2.0,-4.0,,0,1
58246,RJ,PINHEIRAL,0.0,0.0,0.0,0.0,,,,0.0,0.0,,2.0,1.0,2.0,1002.0,501.0,26500.0,13250.0,1.0,0.0,130.0,2.0,1.0,2.0,1002.0,,,,1.0,0.0,,0,1
58254,RJ,CASIMIRO DE ABREU,2.0,1.0,1.0,808.0,404.0,20000.0,10000.0,2.0,1.0,46.0,7.0,1.0,4.0,4120.0,588.5714285714286,113000.0,16142.857142857143,5.0,1.0,194.0,5.0,0.0,3.0,3312.0,184.57142857142856,93000.0,6142.857142857143,3.0,0.0,148.0,1,1
58262,RJ,IGUABA GRANDE,1.0,1.0,1.0,400.0,400.0,8500.0,8500.0,1.0,1.0,19.0,0.0,0.0,0.0,0.0,,,,0.0,0.0,,-1.0,-1.0,-1.0,-400.0,,,,-1.0,-1.0,,0,1
58270,RJ,CONCEIÇÃO DE MACABU,0.0,0.0,0.0,0.0,,,,0.0,0.0,,1.0,1.0,1.0,376.0,376.0,15000.0,15000.0,1.0,0.0,47.0,1.0,1.0,1.0,376.0,,,,1.0,0.0,,0,1
58289,RJ,SÃO FRANCISCO DE ITABAPOANA,1.0,1.0,1.0,505.0,505.0,8000.0,8000.0,0.0,1.0,9.0,5.0,1.0,4.0,2181.0,436.2,55000.0,11000.0,2.0,5.0,26.0,4.0,0.0,3.0,1676.0,-68.80000000000001,47000.0,3000.0,2.0,4.0,17.0,1,1
58297,RJ,CORDEIRO,0.0,0.0,0.0,0.0,,,,0.0,0.0,,2.0,1.0,2.0,1180.0,590.0,20000.0,10000.0,1.0,1.0,74.0,2.0,1.0,2.0,1180.0,,,,1.0,1.0,,0,1
58300,RJ,CARAPEBUS,4.0,1.0,3.0,1606.0,401.5,33550.0,8387.5,3.0,1.0,211.0,7.0,1.0,3.0,2740.0,391.42857142857144,90500.0,12928.57142857143,2.0,2.0,268.0,3.0,0.0,0.0,1134.0,-10.071428571428555,56950.0,4541.071428571429,-1.0,1.0,57.0,1,1
58319,RJ,DUAS BARRAS,2.0,1.0,1.0,739.0,369.5,14000.0,7000.0,0.0,1.0,75.0,0.0,0.0,0.0,0.0,,,,0.0,0.0,,-2.0,-1.0,-1.0,-739.0,,,,0.0,-1.0,,0,1
58327,RJ,PORTO REAL,1.0,1.0,1.0,300.0,300.0,5000.0,5000.0,1.0,1.0,5.0,1.0,1.0,1.0,300.0,300.0,7500.0,7500.0,0.0,1.0,17.0,0.0,0.0,0.0,0.0,0.0,2500.0,2500.0,-1.0,0.0,12.0,1,1
58335,RJ,DUQUE DE CAXIAS,4.0,1.0,4.0,2800.0,700.0,58000.0,14500.0,3.0,4.0,30.0,9.0,1.0,7.0,7427.0,825.2222222222222,344521.0,38280.11111111111,4.0,6.0,112.0,5.0,0.0,3.0,4627.0,125.22222222222217,286521.0,23780.11111111111,1.0,2.0,82.0,1,1
58343,RJ,SÃO JOSÉ DE UBÁ,4.0,1.0,4.0,1367.0,341.75,34980.0,8745.0,2.0,4.0,4.0,0.0,0.0,0.0,0.0,,,,0.0,0.0,,-4.0,-1.0,-4.0,-1367.0,,,,-2.0,-4.0,,0,1
58351,RJ,ENGENHEIRO PAULO DE FRONTIN,1.0,1.0,1.0,400.0,400.0,6000.0,6000.0,1.0,1.0,5.0,1.0,1.0,1.0,540.0,540.0,3000.0,3000.0,1.0,1.0,7.0,0.0,0.0,0.0,140.0,140.0,-3000.0,-3000.0,0.0,0.0,2.0,1,1
58360,RJ,TANGUÁ,2.0,1.0,2.0,1000.0,500.0,27000.0,13500.0,1.0,0.0,36.0,1.0,1.0,1.0,500.0,500.0,15000.0,15000.0,0.0,0.0,67.0,-1.0,0.0,-1.0,-500.0,0.0,-12000.0,1500.0,-1.0,0.0,31.0,1,1
58378,RJ,ITABORAÍ,8.0,1.0,5.0,5284.0,660.5,133000.0,16625.0,7.0,5.0,79.0,3.0,1.0,2.0,1763.0,587.6666666666666,46000.0,15333.333333333334,0.0,0.0,183.0,-5.0,0.0,-3.0,-3521.0,-72.83333333333337,-87000.0,-1291.666666666666,-7.0,-5.0,104.0,1,1
58386,RJ,MACUCO,0.0,0.0,0.0,0.0,,,,0.0,0.0,,1.0,1.0,1.0,300.0,300.0,12000.0,12000.0,0.0,1.0,17.0,1.0,1.0,1.0,300.0,,,,0.0,1.0,,0,1
58394,RJ,ITAGUAÍ,7.0,1.0,5.0,4384.0,626.2857142857143,125040.0,17862.85714285714,5.0,4.0,58.0,8.0,1.0,3.0,4901.0,612.625,90000.0,11250.0,0.0,6.0,81.0,1.0,0.0,-2.0,517.0,-13.660714285714334,-35040.0,-6612.857142857141,-5.0,2.0,23.0,1,1
58408,RJ,ARMAÇÃO DOS BÚZIOS,4.0,1.0,3.0,1800.0,450.0,62000.0,15500.0,3.0,3.0,32.0,9.0,1.0,6.0,4140.0,460.0,95000.0,10555.555555555555,2.0,5.0,172.0,5.0,0.0,3.0,2340.0,10.0,33000.0,-4944.444444444445,-1.0,2.0,140.0,1,1
58416,RJ,ITAOCARA,0.0,0.0,0.0,0.0,,,,0.0,0.0,,1.0,1.0,1.0,400.0,400.0,10000.0,10000.0,0.0,1.0,5.0,1.0,1.0,1.0,400.0,,,,0.0,1.0,,0,1
58424,RJ,SEROPÉDICA,2.0,1.0,2.0,800.0,400.0,26000.0,13000.0,0.0,2.0,5.0,0.0,0.0,0.0,0.0,,,,0.0,0.0,,-2.0,-1.0,-2.0,-800.0,,,,0.0,-2.0,,0,1
58432,RJ,ITAPERUNA,1.0,1.0,1.0,500.0,500.0,7500.0,7500.0,0.0,1.0,9.0,14.0,1.0,7.0,7121.0,508.64285714285717,159000.0,11357.142857142857,4.0,9.0,148.0,13.0,0.0,6.0,6621.0,8.642857142857167,151500.0,3857.142857142857,4.0,8.0,139.0,1,1
58440,RJ,ITATIAIA,3.0,1.0,3.0,1272.0,424.0,28000.0,9333.333333333334,1.0,1.0,4.0,6.0,1.0,6.0,3000.0,500.0,89000.0,14833.333333333334,2.0,5.0,35.0,3.0,0.0,3.0,1728.0,76.0,61000.0,5500.0,1.0,4.0,31.0,1,1
58467,RJ,MESQUITA,1.0,1.0,1.0,600.0,600.0,18800.0,18800.0,0.0,1.0,10.0,1.0,1.0,1.0,400.0,400.0,12000.0,12000.0,0.0,1.0,19.0,0.0,0.0,0.0,-200.0,-200.0,-6800.0,-6800.0,0.0,0.0,9.0,1,1
58475,RJ,MACAÉ,5.0,1.0,4.0,2221.0,444.2,92000.0,18400.0,1.0,5.0,12.0,3.0,1.0,2.0,1860.0,620.0,39000.0,13000.0,2.0,2.0,49.0,-2.0,0.0,-2.0,-361.0,175.8,-53000.0,-5400.0,1.0,-3.0,37.0,1,1
58491,RJ,MAGÉ,7.0,1.0,4.0,3767.0,538.1428571428571,89458.0,12779.714285714286,5.0,4.0,231.0,2.0,1.0,2.0,1210.0,605.0,44157.0,22078.5,1.0,2.0,27.0,-5.0,0.0,-2.0,-2557.0,66.85714285714289,-45301.0,9298.785714285714,-4.0,-2.0,-204.0,1,1
58513,RJ,MANGARATIBA,0.0,0.0,0.0,0.0,,,,0.0,0.0,,4.0,1.0,3.0,3320.0,830.0,38000.0,9500.0,2.0,2.0,64.0,4.0,1.0,3.0,3320.0,,,,2.0,2.0,,0,1
58530,RJ,MARICÁ,0.0,0.0,0.0,0.0,,,,0.0,0.0,,1.0,1.0,1.0,600.0,600.0,18000.0,18000.0,0.0,0.0,51.0,1.0,1.0,1.0,600.0,,,,0.0,0.0,,0,1
58599,RJ,MIRACEMA,0.0,0.0,0.0,0.0,,,,0.0,0.0,,4.0,1.0,4.0,1900.0,475.0,37000.0,9250.0,1.0,2.0,38.0,4.0,1.0,4.0,1900.0,,,,1.0,2.0,,0,1
58610,RJ,NATIVIDADE,2.0,1.0,2.0,673.0,336.5,10500.0,5250.0,0.0,2.0,12.0,0.0,0.0,0.0,0.0,,,,0.0,0.0,,-2.0,-1.0,-2.0,-673.0,,,,0.0,-2.0,,0,1
58637,RJ,NILÓPOLIS,4.0,1.0,3.0,3000.0,750.0,34900.0,8725.0,2.0,4.0,10.0,2.0,1.0,2.0,1130.0,565.0,12350.0,6175.0,2.0,0.0,199.0,-2.0,0.0,-1.0,-1870.0,-185.0,-22550.0,-2550.0,0.0,-4.0,189.0,1,1
58653,RJ,NITERÓI,8.0,1.0,5.0,5247.0,655.875,64000.0,8000.0,5.0,6.0,74.0,27.0,1.0,9.0,29575.0,1095.3703703703704,479814.0,17770.88888888889,10.0,9.0,262.0,19.0,0.0,4.0,24328.0,439.49537037037044,415814.0,9770.88888888889,5.0,3.0,188.0,1,1
58670,RJ,NOVA FRIBURGO,2.0,1.0,2.0,1400.0,700.0,66800.0,33400.0,1.0,2.0,11.0,3.0,1.0,3.0,1733.0,577.6666666666666,43000.0,14333.333333333334,2.0,2.0,34.0,1.0,0.0,1.0,333.0,-122.33333333333337,-23800.0,-19066.666666666664,1.0,0.0,23.0,1,1
58696,RJ,NOVA IGUAÇU,2.0,1.0,1.0,1204.0,602.0,192800.0,96400.0,0.0,2.0,17.0,9.0,1.0,5.0,8018.0,890.8888888888889,495808.0,55089.77777777778,2.0,5.0,112.0,7.0,0.0,4.0,6814.0,288.8888888888889,303008.0,-41310.22222222222,2.0,3.0,95.0,1,1
58718,RJ,PARACAMBI,0.0,0.0,0.0,0.0,,,,0.0,0.0,,9.0,1.0,4.0,5700.0,633.3333333333334,170000.0,18888.88888888889,0.0,9.0,30.0,9.0,1.0,4.0,5700.0,,,,0.0,9.0,,0,1
58734,RJ,PARAÍBA DO SUL,0.0,0.0,0.0,0.0,,,,0.0,0.0,,5.0,1.0,4.0,2260.0,452.0,115750.0,23150.0,2.0,2.0,107.0,5.0,1.0,4.0,2260.0,,,,2.0,2.0,,0,1
58750,RJ,PARATY,3.0,1.0,3.0,1400.0,466.6666666666667,38000.0,12666.666666666666,2.0,3.0,28.0,2.0,1.0,2.0,1150.0,575.0,27000.0,13500.0,0.0,2.0,5.0,-1.0,0.0,-1.0,-250.0,108.33333333333331,-11000.0,833.3333333333339,-2.0,-1.0,-23.0,1,1
58777,RJ,PETRÓPOLIS,4.0,1.0,2.0,2100.0,525.0,66000.0,16500.0,4.0,2.0,9.0,12.0,1.0,8.0,8020.0,668.3333333333334,217814.0,18151.166666666668,3.0,7.0,69.0,8.0,0.0,6.0,5920.0,143.33333333333337,151814.0,1651.1666666666679,-1.0,5.0,60.0,1,1
58793,RJ,PIRAÍ,1.0,1.0,1.0,400.0,400.0,15800.0,15800.0,0.0,1.0,6.0,2.0,1.0,2.0,800.0,400.0,44000.0,22000.0,0.0,1.0,53.0,1.0,0.0,1.0,400.0,0.0,28200.0,6200.0,0.0,0.0,47.0,1,1
58815,RJ,PORCIÚNCULA,0.0,0.0,0.0,0.0,,,,0.0,0.0,,5.0,1.0,3.0,1800.0,360.0,35000.0,7000.0,1.0,4.0,50.0,5.0,1.0,3.0,1800.0,,,,1.0,4.0,,0,1
58831,RJ,RESENDE,0.0,0.0,0.0,0.0,,,,0.0,0.0,,8.0,1.0,6.0,5208.0,651.0,211000.0,26375.0,1.0,2.0,85.0,8.0,1.0,6.0,5208.0,,,,1.0,2.0,,0,1
58858,RJ,RIO BONITO,2.0,1.0,2.0,1000.0,500.0,30000.0,15000.0,2.0,1.0,41.0,11.0,1.0,6.0,5135.0,466.8181818181818,202330.0,18393.636363636364,1.0,5.0,136.0,9.0,0.0,4.0,4135.0,-33.18181818181819,172330.0,3393.636363636364,-1.0,4.0,95.0,1,1
58939,RJ,SANTO ANTÔNIO DE PÁDUA,3.0,1.0,3.0,1195.0,398.3333333333333,18500.0,6166.666666666667,2.0,3.0,11.0,0.0,0.0,0.0,0.0,,,,0.0,0.0,,-3.0,-1.0,-3.0,-1195.0,,,,-2.0,-3.0,,0,1
58955,RJ,SÃO FIDÉLIS,1.0,1.0,1.0,400.0,400.0,5000.0,5000.0,0.0,1.0,9.0,0.0,0.0,0.0,0.0,,,,0.0,0.0,,-1.0,-1.0,-1.0,-400.0,,,,0.0,-1.0,,0,1
58971,RJ,SÃO GONÇALO,6.0,1.0,4.0,4104.0,684.0,118400.0,19733.333333333332,3.0,4.0,18.0,7.0,1.0,6.0,7172.0,1024.5714285714287,201591.0,28798.714285714286,2.0,5.0,192.0,1.0,0.0,2.0,3068.0,340.57142857142867,83191.0,9065.380952380954,-1.0,1.0,174.0,1,1
58998,RJ,SÃO JOÃO DA BARRA,0.0,0.0,0.0,0.0,,,,0.0,0.0,,2.0,1.0,1.0,762.0,381.0,30000.0,15000.0,2.0,1.0,121.0,2.0,1.0,1.0,762.0,,,,2.0,1.0,,0,1
59013,RJ,SÃO JOÃO DE MERITI,6.0,1.0,4.0,3354.0,559.0,96800.0,16133.333333333334,3.0,3.0,8.0,11.0,1.0,7.0,8984.0,816.7272727272727,224314.0,20392.18181818182,4.0,6.0,67.0,5.0,0.0,3.0,5630.0,257.72727272727275,127514.0,4258.848484848486,1.0,3.0,59.0,1,1
59030,RJ,SÃO PEDRO DA ALDEIA,4.0,1.0,3.0,2117.0,529.25,79900.0,19975.0,3.0,4.0,25.0,4.0,1.0,3.0,1782.0,445.5,57000.0,14250.0,3.0,2.0,243.0,0.0,0.0,0.0,-335.0,-83.75,-22900.0,-5725.0,0.0,-2.0,218.0,1,1
59072,RJ,SAPUCAIA,1.0,1.0,1.0,500.0,500.0,3780.0,3780.0,1.0,1.0,18.0,0.0,0.0,0.0,0.0,,,,0.0,0.0,,-1.0,-1.0,-1.0,-500.0,,,,-1.0,-1.0,,0,1
59099,RJ,SAQUAREMA,4.0,1.0,2.0,2600.0,650.0,70000.0,17500.0,2.0,2.0,39.0,3.0,1.0,3.0,1471.0,490.3333333333333,59000.0,19666.666666666668,2.0,0.0,263.0,-1.0,0.0,1.0,-1129.0,-159.66666666666669,-11000.0,2166.666666666668,0.0,-2.0,224.0,1,1
59110,RJ,SILVA JARDIM,4.0,1.0,2.0,2414.0,603.5,54000.0,13500.0,2.0,2.0,40.0,3.0,1.0,2.0,1154.0,384.6666666666667,42000.0,14000.0,2.0,2.0,197.0,-1.0,0.0,0.0,-1260.0,-218.83333333333331,-12000.0,500.0,0.0,0.0,157.0,1,1
59137,RJ,SUMIDOURO,2.0,1.0,1.0,1000.0,500.0,7560.0,3780.0,2.0,2.0,18.0,2.0,1.0,2.0,775.0,387.5,29000.0,14500.0,1.0,2.0,5.0,0.0,0.0,1.0,-225.0,-112.5,21440.0,10720.0,-1.0,0.0,-13.0,1,1
59153,RJ,TERESÓPOLIS,1.0,1.0,1.0,600.0,600.0,5578.0,5578.0,1.0,1.0,2.0,6.0,1.0,5.0,3198.0,533.0,55000.0,9166.666666666666,2.0,6.0,26.0,5.0,0.0,4.0,2598.0,-67.0,49422.0,3588.666666666666,1.0,5.0,24.0,1,1
59170,RJ,TRAJANO DE MORAIS,0.0,0.0,0.0,0.0,,,,0.0,0.0,,2.0,1.0,2.0,696.0,348.0,22000.0,11000.0,0.0,1.0,39.0,2.0,1.0,2.0,696.0,,,,0.0,1.0,,0,1
59196,RJ,TRÊS RIOS,3.0,1.0,2.0,1600.0,533.3333333333334,34000.0,11333.333333333334,1.0,3.0,11.0,13.0,1.0,7.0,8126.0,625.0769230769231,152000.0,11692.307692307691,2.0,4.0,54.0,10.0,0.0,5.0,6526.0,91.74358974358972,118000.0,358.97435897435753,1.0,1.0,43.0,1,1
59218,RJ,VALENÇA,0.0,0.0,0.0,0.0,,,,0.0,0.0,,1.0,1.0,1.0,400.0,400.0,12000.0,12000.0,0.0,1.0,18.0,1.0,1.0,1.0,400.0,,,,0.0,1.0,,0,1
59234,RJ,VASSOURAS,0.0,0.0,0.0,0.0,,,,0.0,0.0,,5.0,1.0,4.0,2475.0,495.0,53000.0,10600.0,1.0,5.0,22.0,5.0,1.0,4.0,2475.0,,,,1.0,5.0,,0,1
59250,RJ,VOLTA REDONDA,0.0,0.0,0.0,0.0,,,,0.0,0.0,,2.0,1.0,2.0,1880.0,940.0,52657.0,26328.5,1.0,2.0,16.0,2.0,1.0,2.0,1880.0,,,,1.0,2.0,,0,1
59277,RJ,ARRAIAL DO CABO,6.0,1.0,6.0,2720.0,453.3333333333333,105600.0,17600.0,3.0,5.0,33.0,3.0,1.0,2.0,1700.0,566.6666666666666,28000.0,9333.333333333334,2.0,2.0,244.0,-3.0,0.0,-4.0,-1020.0,113.33333333333331,-77600.0,-8266.666666666666,-1.0,-3.0,211.0,1,1
59293,RJ,ITALVA,1.0,1.0,1.0,300.0,300.0,8000.0,8000.0,0.0,1.0,10.0,1.0,1.0,1.0,500.0,500.0,8000.0,8000.0,0.0,0.0,32.0,0.0,0.0,0.0,200.0,200.0,0.0,0.0,0.0,-1.0,22.0,1,1
59315,RJ,PATY DO ALFERES,1.0,1.0,1.0,585.0,585.0,16000.0,16000.0,1.0,1.0,10.0,2.0,1.0,2.0,756.0,378.0,24000.0,12000.0,1.0,2.0,10.0,1.0,0.0,1.0,171.0,-207.0,8000.0,-4000.0,0.0,1.0,0.0,1,1
60011,RJ,RIO DE JANEIRO,48.0,1.0,13.0,55726.0,1160.9583333333333,2220777.18,46266.19125,26.0,17.0,244.0,45.0,1.0,11.0,56200.0,1248.888888888889,2399067.4,53312.608888888884,23.0,24.0,197.0,-3.0,0.0,-2.0,474.0,87.93055555555566,178290.21999999974,7046.417638888881,-3.0,7.0,-47.0,1,1
61000,SP,EUCLIDES DA CUNHA PAULISTA,0.0,0.0,0.0,0.0,,,,0.0,0.0,,1.0,1.0,1.0,400.0,400.0,7500.0,7500.0,0.0,1.0,11.0,1.0,1.0,1.0,400.0,,,,0.0,1.0,,0,1
61018,SP,ADAMANTINA,2.0,1.0,2.0,730.0,365.0,18300.0,9150.0,1.0,2.0,17.0,8.0,1.0,4.0,3608.0,451.0,48000.0,6000.0,0.0,4.0,80.0,6.0,0.0,2.0,2878.0,86.0,29700.0,-3150.0,-1.0,2.0,63.0,1,1
61026,SP,BOREBI,0.0,0.0,0.0,0.0,,,,0.0,0.0,,1.0,1.0,1.0,280.0,280.0,10000.0,10000.0,1.0,0.0,168.0,1.0,1.0,1.0,280.0,,,,1.0,0.0,,0,1
61034,SP,ADOLFO,2.0,1.0,1.0,453.0,226.5,3000.0,1500.0,2.0,1.0,104.0,2.0,1.0,1.0,361.0,180.5,2100.0,1050.0,0.0,0.0,110.0,0.0,0.0,0.0,-92.0,-46.0,-900.0,-450.0,-2.0,-1.0,6.0,1,1
61042,SP,TARUMÃ,5.0,1.0,3.0,1946.0,389.2,60760.0,12152.0,3.0,5.0,15.0,4.0,1.0,3.0,2120.0,530.0,32000.0,8000.0,0.0,2.0,49.0,-1.0,0.0,0.0,174.0,140.8,-28760.0,-4152.0,-3.0,-3.0,34.0,1,1
61050,SP,AGUAÍ,0.0,0.0,0.0,0.0,,,,0.0,0.0,,1.0,1.0,1.0,400.0,400.0,6000.0,6000.0,1.0,1.0,3.0,1.0,1.0,1.0,400.0,,,,1.0,1.0,,0,1
61077,SP,ÁGUAS DA PRATA,0.0,0.0,0.0,0.0,,,,0.0,0.0,,1.0,1.0,1.0,300.0,300.0,6000.0,6000.0,0.0,1.0,5.0,1.0,1.0,1.0,300.0,,,,0.0,1.0,,0,1
61107,SP,GUATAPARÁ,0.0,0.0,0.0,0.0,,,,0.0,0.0,,2.0,1.0,2.0,1350.0,675.0,9500.0,4750.0,2.0,1.0,9.0,2.0,1.0,2.0,1350.0,,,,2.0,1.0,,0,1
61123,SP,DIRCE REIS,2.0,1.0,1.0,401.0,200.5,2434.0,1217.0,2.0,0.0,76.0,5.0,1.0,3.0,1387.0,277.4,12900.0,2580.0,2.0,2.0,95.0,3.0,0.0,2.0,986.0,76.89999999999998,10466.0,1363.0,0.0,2.0,19.0,1,1
61140,SP,ESPÍRITO SANTO DO TURVO,0.0,0.0,0.0,0.0,,,,0.0,0.0,,1.0,1.0,1.0,302.0,302.0,5000.0,5000.0,0.0,1.0,24.0,1.0,1.0,1.0,302.0,,,,0.0,1.0,,0,1
61166,SP,ROSANA,0.0,0.0,0.0,0.0,,,,0.0,0.0,,1.0,1.0,1.0,374.0,374.0,7500.0,7500.0,0.0,1.0,4.0,1.0,1.0,1.0,374.0,,,,0.0,1.0,,0,1
61174,SP,ALTAIR,2.0,1.0,1.0,451.0,225.5,2609.0,1304.5,2.0,1.0,97.0,3.0,1.0,2.0,797.0,265.6666666666667,3500.0,1166.6666666666667,1.0,2.0,100.0,1.0,0.0,1.0,346.0,40.166666666666686,891.0,-137.83333333333326,-1.0,1.0,3.0,1,1
61182,SP,EMBAÚBA,2.0,1.0,1.0,395.0,197.5,2500.0,1250.0,2.0,1.0,93.0,2.0,1.0,1.0,413.0,206.5,1900.0,950.0,0.0,1.0,93.0,0.0,0.0,0.0,18.0,9.0,-600.0,-300.0,-2.0,0.0,0.0,1,1
61204,SP,ILHA SOLTEIRA,2.0,1.0,2.0,705.0,352.5,23300.0,11650.0,2.0,2.0,18.0,4.0,1.0,4.0,1280.0,320.0,20300.0,5075.0,1.0,2.0,154.0,2.0,0.0,2.0,575.0,-32.5,-3000.0,-6575.0,-1.0,0.0,136.0,1,1
61220,SP,ALUMÍNIO,0.0,0.0,0.0,0.0,,,,0.0,0.0,,5.0,1.0,2.0,2000.0,400.0,40500.0,8100.0,0.0,2.0,153.0,5.0,1.0,2.0,2000.0,,,,0.0,2.0,,0,1
61239,SP,ÁLVARES FLORENCE,3.0,1.0,2.0,773.0,257.6666666666667,7490.0,2496.6666666666665,2.0,2.0,86.0,2.0,1.0,1.0,440.0,220.0,2100.0,1050.0,0.0,0.0,109.0,-1.0,0.0,-1.0,-333.0,-37.666666666666686,-5390.0,-1446.6666666666665,-2.0,-2.0,23.0,1,1
61247,SP,PEDRINHAS PAULISTA,1.0,1.0,1.0,230.0,230.0,2000.0,2000.0,1.0,1.0,8.0,1.0,1.0,1.0,400.0,400.0,6000.0,6000.0,0.0,1.0,14.0,0.0,0.0,0.0,170.0,170.0,4000.0,4000.0,-1.0,0.0,6.0,1,1
61263,SP,ARAÇARIGUAMA,10.0,1.0,4.0,4113.0,411.3,58500.0,5850.0,10.0,5.0,190.0,7.0,1.0,2.0,2955.0,422.14285714285717,74000.0,10571.42857142857,1.0,1.0,140.0,-3.0,0.0,-2.0,-1158.0,10.842857142857156,15500.0,4721.428571428571,-9.0,-4.0,-50.0,1,1
61280,SP,BERTIOGA,13.0,1.0,5.0,9190.0,706.9230769230769,124890.0,9606.923076923076,11.0,9.0,100.0,9.0,1.0,4.0,7830.0,870.0,79149.06,8794.34,7.0,4.0,274.0,-4.0,0.0,-1.0,-1360.0,163.0769230769231,-45740.94,-812.5830769230761,-4.0,-5.0,174.0,1,1
61298,SP,ALVINLÂNDIA,1.0,1.0,1.0,240.0,240.0,5000.0,5000.0,0.0,1.0,6.0,0.0,0.0,0.0,0.0,,,,0.0,0.0,,-1.0,-1.0,-1.0,-240.0,,,,0.0,-1.0,,0,1
61301,SP,SUZANÁPOLIS,2.0,1.0,1.0,429.0,214.5,2588.0,1294.0,2.0,0.0,86.0,3.0,1.0,2.0,763.0,254.33333333333334,3900.0,1300.0,1.0,2.0,90.0,1.0,0.0,1.0,334.0,39.83333333333334,1312.0,6.0,-1.0,2.0,4.0,1,1
61310,SP,AMERICANA,11.0,1.0,5.0,5819.0,529.0,85000.0,7727.272727272727,9.0,8.0,35.0,10.0,1.0,5.0,4932.0,493.2,100000.0,10000.0,4.0,5.0,85.0,-1.0,0.0,0.0,-887.0,-35.80000000000001,15000.0,2272.727272727273,-5.0,-3.0,50.0,1,1
61336,SP,AMÉRICO BRASILIENSE,1.0,1.0,1.0,271.0,271.0,5000.0,5000.0,0.0,1.0,2.0,2.0,1.0,2.0,1060.0,530.0,6000.0,3000.0,0.0,2.0,8.0,1.0,0.0,1.0,789.0,259.0,1000.0,-2000.0,0.0,1.0,6.0,1,1
61352,SP,AMÉRICO DE CAMPOS,2.0,1.0,1.0,470.0,235.0,2750.0,1375.0,2.0,1.0,50.0,2.0,1.0,1.0,420.0,210.0,2100.0,1050.0,0.0,0.0,107.0,0.0,0.0,0.0,-50.0,-25.0,-650.0,-325.0,-2.0,-1.0,57.0,1,1
61360,SP,BARRA DO CHAPÉU,0.0,0.0,0.0,0.0,,,,0.0,0.0,,1.0,1.0,1.0,355.0,355.0,4000.0,4000.0,0.0,1.0,5.0,1.0,1.0,1.0,355.0,,,,0.0,1.0,,0,1
61379,SP,AMPARO,1.0,1.0,1.0,440.0,440.0,12000.0,12000.0,0.0,1.0,16.0,8.0,1.0,4.0,3310.0,413.75,89000.0,11125.0,0.0,8.0,30.0,7.0,0.0,3.0,2870.0,-26.25,77000.0,-875.0,0.0,7.0,14.0,1,1
61409,SP,NOVAIS,2.0,1.0,1.0,445.0,222.5,3000.0,1500.0,2.0,1.0,90.0,2.0,1.0,1.0,417.0,208.5,2000.0,1000.0,0.0,1.0,93.0,0.0,0.0,0.0,-28.0,-14.0,-1000.0,-500.0,-2.0,0.0,3.0,1,1
61417,SP,ANDRADINA,7.0,1.0,4.0,2956.0,422.2857142857143,105590.0,15084.285714285714,6.0,6.0,66.0,1.0,1.0,1.0,381.0,381.0,8000.0,8000.0,1.0,1.0,5.0,-6.0,0.0,-3.0,-2575.0,-41.28571428571428,-97590.0,-7084.285714285714,-5.0,-5.0,-61.0,1,1
61425,SP,NOVA CANAÃ PAULISTA,2.0,1.0,1.0,366.0,183.0,2500.0,1250.0,2.0,0.0,76.0,4.0,1.0,2.0,819.0,204.75,7900.0,1975.0,2.0,2.0,88.0,2.0,0.0,1.0,453.0,21.75,5400.0,725.0,0.0,2.0,12.0,1,1
61433,SP,ANGATUBA,4.0,1.0,2.0,1498.0,374.5,25000.0,6250.0,4.0,0.0,-302.0,2.0,1.0,1.0,800.0,400.0,17000.0,8500.0,0.0,0.0,84.0,-2.0,0.0,-1.0,-698.0,25.5,-8000.0,2250.0,-4.0,0.0,386.0,1,1
61450,SP,ANHEMBI,2.0,1.0,2.0,696.0,348.0,13000.0,6500.0,1.0,1.0,10.0,0.0,0.0,0.0,0.0,,,,0.0,0.0,,-2.0,-1.0,-2.0,-696.0,,,,-1.0,-1.0,,0,1
61468,SP,UBARANA,2.0,1.0,1.0,529.0,264.5,2900.0,1450.0,2.0,1.0,86.0,1.0,1.0,1.0,223.0,223.0,1100.0,1100.0,0.0,0.0,40.0,-1.0,0.0,0.0,-306.0,-41.5,-1800.0,-350.0,-2.0,-1.0,-46.0,1,1
61506,SP,CAMPINA DO MONTE ALEGRE,4.0,1.0,2.0,1749.0,437.25,27500.0,6875.0,4.0,0.0,140.0,2.0,1.0,2.0,700.0,350.0,9000.0,4500.0,1.0,2.0,6.0,-2.0,0.0,0.0,-1049.0,-87.25,-18500.0,-2375.0,-3.0,2.0,-134.0,1,1
61514,SP,APARECIDA D'OESTE,4.0,1.0,2.0,1162.0,290.5,24100.0,6025.0,4.0,3.0,84.0,2.0,1.0,1.0,415.0,207.5,1900.0,950.0,0.0,1.0,90.0,-2.0,0.0,-1.0,-747.0,-83.0,-22200.0,-5075.0,-4.0,-2.0,6.0,1,1
61522,SP,ASPÁSIA,3.0,1.0,2.0,563.0,187.66666666666666,4000.0,1333.3333333333333,3.0,2.0,86.0,2.0,1.0,1.0,425.0,212.5,1800.0,900.0,0.0,0.0,97.0,-1.0,0.0,-1.0,-138.0,24.833333333333343,-2200.0,-433.33333333333326,-3.0,-2.0,11.0,1,1
61557,SP,ARAÇATUBA,8.0,1.0,6.0,4127.0,515.875,75490.0,9436.25,4.0,7.0,41.0,10.0,1.0,4.0,5959.0,595.9,165500.0,16550.0,1.0,8.0,54.0,2.0,0.0,-2.0,1832.0,80.02499999999998,90010.0,7113.75,-3.0,1.0,13.0,1,1
61573,SP,ARAÇOIABA DA SERRA,4.0,1.0,3.0,1930.0,482.5,45400.0,11350.0,2.0,3.0,50.0,9.0,1.0,4.0,4410.0,490.0,58000.0,6444.444444444444,1.0,2.0,204.0,5.0,0.0,1.0,2480.0,7.5,12600.0,-4905.555555555556,-1.0,-1.0,154.0,1,1
61590,SP,ARAMINA,6.0,1.0,2.0,1820.0,303.3333333333333,21100.0,3516.6666666666665,6.0,4.0,291.0,1.0,1.0,1.0,600.0,600.0,3500.0,3500.0,0.0,1.0,6.0,-5.0,0.0,-1.0,-1220.0,296.6666666666667,-17600.0,-16.666666666666515,-6.0,-3.0,-285.0,1,1
61638,SP,ARARAQUARA,5.0,1.0,4.0,2726.0,545.2,37000.0,7400.0,2.0,5.0,28.0,16.0,1.0,7.0,11614.0,725.875,308086.94,19255.43375,0.0,12.0,125.0,11.0,0.0,3.0,8888.0,180.67499999999995,271086.94,11855.43375,-2.0,7.0,97.0,1,1
61654,SP,ARARAS,5.0,1.0,2.0,2828.0,565.6,48000.0,9600.0,4.0,2.0,257.0,8.0,1.0,5.0,3368.0,421.0,72000.0,9000.0,4.0,6.0,115.0,3.0,0.0,3.0,540.0,-144.60000000000002,24000.0,-600.0,0.0,4.0,-142.0,1,1
61662,SP,ESTIVA GERBI,1.0,1.0,1.0,452.0,452.0,4000.0,4000.0,1.0,1.0,4.0,5.0,1.0,2.0,1724.0,344.8,38000.0,7600.0,3.0,2.0,147.0,4.0,0.0,1.0,1272.0,-107.19999999999999,34000.0,3600.0,2.0,1.0,143.0,1,1
61689,SP,ENGENHEIRO COELHO,1.0,1.0,1.0,400.0,400.0,3000.0,3000.0,1.0,1.0,4.0,2.0,1.0,2.0,800.0,400.0,15000.0,7500.0,1.0,2.0,16.0,1.0,0.0,1.0,400.0,0.0,12000.0,4500.0,0.0,1.0,12.0,1,1
61719,SP,AREIÓPOLIS,1.0,1.0,1.0,400.0,400.0,6000.0,6000.0,0.0,1.0,8.0,1.0,1.0,1.0,400.0,400.0,10000.0,10000.0,0.0,1.0,4.0,0.0,0.0,0.0,0.0,0.0,4000.0,4000.0,0.0,0.0,-4.0,1,1
61727,SP,HORTOLÂNDIA,3.0,1.0,3.0,1384.0,461.3333333333333,36800.0,12266.666666666666,3.0,3.0,18.0,18.0,1.0,5.0,9503.0,527.9444444444445,165500.0,9194.444444444445,10.0,8.0,205.0,15.0,0.0,2.0,8119.0,66.61111111111114,128700.0,-3072.222222222221,7.0,5.0,187.0,1,1
61735,SP,ARIRANHA,4.0,1.0,2.0,1209.0,302.25,42000.0,10500.0,4.0,3.0,92.0,1.0,1.0,1.0,211.0,211.0,1050.0,1050.0,0.0,0.0,81.0,-3.0,0.0,-1.0,-998.0,-91.25,-40950.0,-9450.0,-4.0,-3.0,-11.0,1,1
61751,SP,ARTUR NOGUEIRA,1.0,1.0,1.0,300.0,300.0,3000.0,3000.0,1.0,1.0,6.0,7.0,1.0,6.0,2984.0,426.2857142857143,55000.0,7857.142857142857,4.0,7.0,13.0,6.0,0.0,5.0,2684.0,126.28571428571428,52000.0,4857.142857142857,3.0,6.0,7.0,1,1
61760,SP,ELISIÁRIO,2.0,1.0,1.0,425.0,212.5,2800.0,1400.0,2.0,1.0,86.0,2.0,1.0,1.0,420.0,210.0,2000.0,1000.0,0.0,1.0,83.0,0.0,0.0,0.0,-5.0,-2.5,-800.0,-400.0,-2.0,0.0,-3.0,1,1
61778,SP,ARUJÁ,9.0,1.0,6.0,4492.0,499.1111111111111,85800.0,9533.333333333334,9.0,6.0,245.0,1.0,1.0,1.0,400.0,400.0,10000.0,10000.0,0.0,1.0,13.0,-8.0,0.0,-5.0,-4092.0,-99.11111111111109,-75800.0,466.66666666666606,-9.0,-5.0,-232.0,1,1
61794,SP,ASSIS,0.0,0.0,0.0,0.0,,,,0.0,0.0,,2.0,1.0,2.0,1200.0,600.0,19000.0,9500.0,0.0,2.0,7.0,2.0,1.0,2.0,1200.0,,,,0.0,2.0,,0,1
61808,SP,PONTALINDA,2.0,1.0,1.0,415.0,207.5,2739.0,1369.5,2.0,0.0,82.0,2.0,1.0,1.0,414.0,207.0,2000.0,1000.0,0.0,0.0,95.0,0.0,0.0,0.0,-1.0,-0.5,-739.0,-369.5,-2.0,0.0,13.0,1,1
61816,SP,ATIBAIA,0.0,0.0,0.0,0.0,,,,0.0,0.0,,8.0,1.0,5.0,3749.0,468.625,87500.0,10937.5,4.0,5.0,98.0,8.0,1.0,5.0,3749.0,,,,4.0,5.0,,0,1
61824,SP,PARISI,2.0,1.0,1.0,507.0,253.5,2450.0,1225.0,2.0,1.0,69.0,2.0,1.0,1.0,446.0,223.0,1900.0,950.0,0.0,0.0,111.0,0.0,0.0,0.0,-61.0,-30.5,-550.0,-275.0,-2.0,-1.0,42.0,1,1
61832,SP,AURIFLAMA,1.0,1.0,1.0,400.0,400.0,9000.0,9000.0,0.0,1.0,9.0,1.0,1.0,1.0,256.0,256.0,1350.0,1350.0,0.0,1.0,16.0,0.0,0.0,0.0,-144.0,-144.0,-7650.0,-7650.0,0.0,0.0,7.0,1,1
61867,SP,MARAPOAMA,2.0,1.0,1.0,409.0,204.5,2850.0,1425.0,2.0,1.0,99.0,2.0,1.0,1.0,416.0,208.0,2000.0,1000.0,0.0,1.0,83.0,0.0,0.0,0.0,7.0,3.5,-850.0,-425.0,-2.0,0.0,-16.0,1,1
61883,SP,SÃO JOÃO DE IRACEMA,2.0,1.0,1.0,452.0,226.0,2433.0,1216.5,2.0,1.0,83.0,2.0,1.0,1.0,425.0,212.5,2100.0,1050.0,0.0,0.0,94.0,0.0,0.0,0.0,-27.0,-13.5,-333.0,-166.5,-2.0,-1.0,11.0,1,1
61891,SP,AVARÉ,2.0,1.0,1.0,800.0,400.0,11000.0,5500.0,0.0,2.0,17.0,3.0,1.0,3.0,1182.0,394.0,26000.0,8666.666666666666,1.0,3.0,14.0,1.0,0.0,2.0,382.0,-6.0,15000.0,3166.666666666666,1.0,1.0,-3.0,1,1
61905,SP,SÃO LOURENÇO DA SERRA,1.0,1.0,1.0,350.0,350.0,5000.0,5000.0,1.0,0.0,-316.0,0.0,0.0,0.0,0.0,,,,0.0,0.0,,-1.0,-1.0,-1.0,-350.0,,,,-1.0,0.0,,0,1
61913,SP,BADY BASSITT,2.0,1.0,1.0,667.0,333.5,3450.0,1725.0,2.0,1.0,98.0,5.0,1.0,3.0,1763.0,352.6,20050.0,4010.0,1.0,3.0,115.0,3.0,0.0,2.0,1096.0,19.100000000000023,16600.0,2285.0,-1.0,2.0,17.0,1,1
61921,SP,ZACARIAS,4.0,1.0,1.0,1299.0,324.75,57600.0,14400.0,4.0,2.0,47.0,0.0,0.0,0.0,0.0,,,,0.0,0.0,,-4.0,-1.0,-1.0,-1299.0,,,,-4.0,-2.0,,0,1
61956,SP,BÁLSAMO,3.0,1.0,2.0,829.0,276.3333333333333,10250.0,3416.6666666666665,2.0,2.0,84.0,3.0,1.0,2.0,833.0,277.6666666666667,9450.0,3150.0,0.0,1.0,102.0,0.0,0.0,0.0,4.0,1.3333333333333712,-800.0,-266.6666666666665,-2.0,-1.0,18.0,1,1
61964,SP,MESÓPOLIS,2.0,1.0,1.0,378.0,189.0,2445.0,1222.5,2.0,0.0,76.0,1.0,1.0,1.0,205.0,205.0,1000.0,1000.0,0.0,0.0,96.0,-1.0,0.0,0.0,-173.0,16.0,-1445.0,-222.5,-2.0,0.0,20.0,1,1
61972,SP,BANANAL,0.0,0.0,0.0,0.0,,,,0.0,0.0,,1.0,1.0,1.0,384.0,384.0,3000.0,3000.0,0.0,1.0,12.0,1.0,1.0,1.0,384.0,,,,0.0,1.0,,0,1
61980,SP,NOVA CAMPINA,1.0,1.0,1.0,300.0,300.0,5000.0,5000.0,0.0,1.0,13.0,3.0,1.0,2.0,900.0,300.0,18000.0,6000.0,1.0,3.0,11.0,2.0,0.0,1.0,600.0,0.0,13000.0,1000.0,1.0,2.0,-2.0,1,1
61999,SP,BARBOSA,1.0,1.0,1.0,290.0,290.0,500.0,500.0,1.0,1.0,9.0,0.0,0.0,0.0,0.0,,,,0.0,0.0,,-1.0,-1.0,-1.0,-290.0,,,,-1.0,-1.0,,0,1
62006,SP,ILHA COMPRIDA,5.0,1.0,3.0,3203.0,640.6,31530.0,6306.0,4.0,2.0,280.0,2.0,1.0,2.0,800.0,400.0,26000.0,13000.0,0.0,2.0,4.0,-3.0,0.0,-1.0,-2403.0,-240.60000000000002,-5530.0,6694.0,-4.0,0.0,-276.0,1,1
62022,SP,LOURDES,3.0,1.0,1.0,944.0,314.6666666666667,40800.0,13600.0,3.0,1.0,47.0,0.0,0.0,0.0,0.0,,,,0.0,0.0,,-3.0,-1.0,-1.0,-944.0,,,,-3.0,-1.0,,0,1
62057,SP,BARRA BONITA,1.0,1.0,1.0,550.0,550.0,1750.0,1750.0,0.0,1.0,13.0,1.0,1.0,1.0,594.0,594.0,5000.0,5000.0,0.0,1.0,15.0,0.0,0.0,0.0,44.0,44.0,3250.0,3250.0,0.0,0.0,2.0,1,1
62081,SP,BREJO ALEGRE,1.0,1.0,1.0,335.0,335.0,16800.0,16800.0,1.0,1.0,7.0,0.0,0.0,0.0,0.0,,,,0.0,0.0,,-1.0,-1.0,-1.0,-335.0,,,,-1.0,-1.0,,0,1
62090,SP,BARRETOS,9.0,1.0,6.0,6017.0,668.5555555555555,53000.0,5888.888888888889,5.0,9.0,28.0,9.0,1.0,5.0,5058.0,562.0,110400.0,12266.666666666666,2.0,6.0,80.0,0.0,0.0,-1.0,-959.0,-106.55555555555554,57400.0,6377.777777777777,-3.0,-3.0,52.0,1,1
62103,SP,CANAS,1.0,1.0,1.0,300.0,300.0,9000.0,9000.0,0.0,1.0,8.0,0.0,0.0,0.0,0.0,,,,0.0,0.0,,-1.0,-1.0,-1.0,-300.0,,,,0.0,-1.0,,0,1
62111,SP,BARRINHA,1.0,1.0,1.0,400.0,400.0,3000.0,3000.0,1.0,1.0,10.0,2.0,1.0,2.0,1153.0,576.5,5500.0,2750.0,2.0,2.0,9.0,1.0,0.0,1.0,753.0,176.5,2500.0,-250.0,1.0,1.0,-1.0,1,1
62138,SP,BARUERI,2.0,1.0,2.0,993.0,496.5,17000.0,8500.0,1.0,1.0,87.0,13.0,1.0,7.0,9312.0,716.3076923076923,185314.0,14254.923076923076,10.0,4.0,225.0,11.0,0.0,5.0,8319.0,219.80769230769226,168314.0,5754.923076923076,9.0,3.0,138.0,1,1
62146,SP,PRATÂNIA,1.0,1.0,1.0,302.0,302.0,5000.0,5000.0,0.0,1.0,7.0,0.0,0.0,0.0,0.0,,,,0.0,0.0,,-1.0,-1.0,-1.0,-302.0,,,,0.0,-1.0,,0,1
62154,SP,BASTOS,1.0,1.0,1.0,378.0,378.0,12800.0,12800.0,1.0,1.0,17.0,0.0,0.0,0.0,0.0,,,,0.0,0.0,,-1.0,-1.0,-1.0,-378.0,,,,-1.0,-1.0,,0,1
62197,SP,BAURU,5.0,1.0,2.0,2808.0,561.6,40000.0,8000.0,4.0,3.0,50.0,4.0,1.0,2.0,3230.0,807.5,108471.0,27117.75,3.0,4.0,22.0,-1.0,0.0,0.0,422.0,245.89999999999998,68471.0,19117.75,-1.0,1.0,-28.0,1,1
62200,SP,SANTA SALETE,2.0,1.0,1.0,401.0,200.5,2416.0,1208.0,2.0,0.0,88.0,2.0,1.0,1.0,412.0,206.0,1800.0,900.0,0.0,0.0,100.0,0.0,0.0,0.0,11.0,5.5,-616.0,-308.0,-2.0,0.0,12.0,1,1
62219,SP,BEBEDOURO,7.0,1.0,4.0,3276.0,468.0,36500.0,5214.285714285715,3.0,6.0,102.0,4.0,1.0,3.0,1842.0,460.5,23500.0,5875.0,2.0,2.0,45.0,-3.0,0.0,-1.0,-1434.0,-7.5,-13000.0,660.7142857142853,-1.0,-4.0,-57.0,1,1
62227,SP,VITÓRIA BRASIL,2.0,1.0,1.0,385.0,192.5,2438.0,1219.0,2.0,0.0,81.0,1.0,1.0,1.0,215.0,215.0,950.0,950.0,0.0,0.0,101.0,-1.0,0.0,0.0,-170.0,22.5,-1488.0,-269.0,-2.0,0.0,20.0,1,1
62243,SP,IPIGUÁ,4.0,1.0,2.0,928.0,232.0,6200.0,1550.0,4.0,3.0,85.0,3.0,1.0,2.0,727.0,242.33333333333334,8000.0,2666.6666666666665,0.0,1.0,102.0,-1.0,0.0,0.0,-201.0,10.333333333333343,1800.0,1116.6666666666665,-4.0,-2.0,17.0,1,1
62260,SP,TAQUARAL,0.0,0.0,0.0,0.0,,,,0.0,0.0,,1.0,1.0,1.0,213.0,213.0,1000.0,1000.0,0.0,0.0,31.0,1.0,1.0,1.0,213.0,,,,0.0,0.0,,0,1
62294,SP,BIRIGUI,2.0,1.0,2.0,1211.0,605.5,3800.0,1900.0,2.0,2.0,20.0,0.0,0.0,0.0,0.0,,,,0.0,0.0,,-2.0,-1.0,-2.0,-1211.0,,,,-2.0,-2.0,,0,1
62316,SP,BIRITIBA MIRIM,2.0,1.0,2.0,680.0,340.0,17000.0,8500.0,1.0,1.0,46.0,2.0,1.0,2.0,650.0,325.0,16000.0,8000.0,1.0,2.0,9.0,0.0,0.0,0.0,-30.0,-15.0,-1000.0,-500.0,0.0,1.0,-37.0,1,1
62324,SP,JUMIRIM,2.0,1.0,1.0,800.0,400.0,10000.0,5000.0,0.0,2.0,27.0,0.0,0.0,0.0,0.0,,,,0.0,0.0,,-2.0,-1.0,-1.0,-800.0,,,,0.0,-2.0,,0,1
62383,SP,OUROESTE,4.0,1.0,3.0,1247.0,311.75,8243.0,2060.75,3.0,2.0,70.0,7.0,1.0,3.0,1905.0,272.14285714285717,30400.0,4342.857142857143,0.0,4.0,102.0,3.0,0.0,0.0,658.0,-39.60714285714283,22157.0,2282.107142857143,-3.0,2.0,32.0,1,1
62391,SP,BOITUVA,4.0,1.0,3.0,1600.0,400.0,33500.0,8375.0,3.0,4.0,12.0,0.0,0.0,0.0,0.0,,,,0.0,0.0,,-4.0,-1.0,-3.0,-1600.0,,,,-3.0,-4.0,,0,1
62413,SP,BOM JESUS DOS PERDÕES,3.0,1.0,2.0,1607.0,535.6666666666666,31500.0,10500.0,3.0,3.0,23.0,0.0,0.0,0.0,0.0,,,,0.0,0.0,,-3.0,-1.0,-2.0,-1607.0,,,,-3.0,-3.0,,0,1
62421,SP,RIBEIRÃO DOS ÍNDIOS,2.0,1.0,2.0,408.0,204.0,5000.0,2500.0,1.0,2.0,21.0,0.0,0.0,0.0,0.0,,,,0.0,0.0,,-2.0,-1.0,-2.0,-408.0,,,,-1.0,-2.0,,0,1
62472,SP,BORBOREMA,1.0,1.0,1.0,370.0,370.0,3150.0,3150.0,0.0,1.0,8.0,0.0,0.0,0.0,0.0,,,,0.0,0.0,,-1.0,-1.0,-1.0,-370.0,,,,0.0,-1.0,,0,1
62510,SP,BRAGANÇA PAULISTA,0.0,0.0,0.0,0.0,,,,0.0,0.0,,3.0,1.0,3.0,1452.0,484.0,29000.0,9666.666666666666,1.0,2.0,53.0,3.0,1.0,3.0,1452.0,,,,1.0,2.0,,0,1
62570,SP,BRODOWSKI,1.0,1.0,1.0,461.0,461.0,2500.0,2500.0,0.0,1.0,21.0,2.0,1.0,2.0,800.0,400.0,10000.0,5000.0,0.0,2.0,8.0,1.0,0.0,1.0,339.0,-61.0,7500.0,2500.0,0.0,1.0,-13.0,1,1
62618,SP,BURI,0.0,0.0,0.0,0.0,,,,0.0,0.0,,1.0,1.0,1.0,375.0,375.0,4000.0,4000.0,0.0,1.0,12.0,1.0,1.0,1.0,375.0,,,,0.0,1.0,,0,1
62634,SP,BURITAMA,4.0,1.0,2.0,1496.0,374.0,71300.0,17825.0,4.0,2.0,42.0,3.0,1.0,2.0,1232.0,410.6666666666667,18000.0,6000.0,0.0,3.0,14.0,-1.0,0.0,0.0,-264.0,36.666666666666686,-53300.0,-11825.0,-4.0,1.0,-28.0,1,1
62650,SP,BURITIZAL,6.0,1.0,2.0,2110.0,351.6666666666667,20700.0,3450.0,5.0,3.0,259.0,1.0,1.0,1.0,354.0,354.0,6000.0,6000.0,0.0,1.0,20.0,-5.0,0.0,-1.0,-1756.0,2.3333333333333144,-14700.0,2550.0,-5.0,-2.0,-239.0,1,1
62677,SP,CABRÁLIA PAULISTA,0.0,0.0,0.0,0.0,,,,0.0,0.0,,1.0,1.0,1.0,400.0,400.0,4000.0,4000.0,1.0,1.0,8.0,1.0,1.0,1.0,400.0,,,,1.0,1.0,,0,1
62693,SP,CABREÚVA,4.0,1.0,2.0,2000.0,500.0,25000.0,6250.0,4.0,2.0,36.0,1.0,1.0,1.0,400.0,400.0,4000.0,4000.0,0.0,0.0,57.0,-3.0,0.0,-1.0,-1600.0,-100.0,-21000.0,-2250.0,-4.0,-2.0,21.0,1,1
62715,SP,CAÇAPAVA,0.0,0.0,0.0,0.0,,,,0.0,0.0,,6.0,1.0,2.0,2500.0,416.6666666666667,58500.0,9750.0,5.0,4.0,63.0,6.0,1.0,2.0,2500.0,,,,5.0,4.0,,0,1
62812,SP,CAIEIRAS,2.0,1.0,2.0,840.0,420.0,18500.0,9250.0,2.0,1.0,42.0,4.0,1.0,3.0,1849.0,462.25,28000.0,7000.0,1.0,1.0,94.0,2.0,0.0,1.0,1009.0,42.25,9500.0,-2250.0,-1.0,0.0,52.0,1,1
62839,SP,CAIUÁ,1.0,1.0,1.0,5000.0,5000.0,1.0,1.0,1.0,1.0,15.0,1.0,1.0,1.0,2500.0,2500.0,1.0,1.0,1.0,0.0,252.0,0.0,0.0,0.0,-2500.0,-2500.0,0.0,0.0,0.0,-1.0,237.0,1,1
62855,SP,CAJAMAR,1.0,1.0,1.0,400.0,400.0,7000.0,7000.0,1.0,0.0,36.0,3.0,1.0,3.0,1202.0,400.6666666666667,23000.0,7666.666666666667,1.0,3.0,26.0,2.0,0.0,2.0,802.0,0.6666666666666856,16000.0,666.666666666667,0.0,3.0,-10.0,1,1
62871,SP,CAJOBI,4.0,1.0,3.0,1183.0,295.75,7500.0,1875.0,4.0,3.0,95.0,6.0,1.0,4.0,1918.0,319.6666666666667,28200.0,4700.0,0.0,3.0,90.0,2.0,0.0,1.0,735.0,23.916666666666686,20700.0,2825.0,-4.0,0.0,-5.0,1,1
62910,SP,CAMPINAS,26.0,1.0,6.0,19903.0,765.5,449780.0,17299.23076923077,16.0,13.0,241.0,17.0,1.0,9.0,14912.0,877.1764705882352,507884.0,29875.529411764706,6.0,11.0,155.0,-9.0,0.0,3.0,-4991.0,111.67647058823525,58104.0,12576.298642533937,-10.0,-2.0,-86.0,1,1
62936,SP,CAMPO LIMPO PAULISTA,2.0,1.0,1.0,1100.0,550.0,14000.0,7000.0,2.0,1.0,36.0,5.0,1.0,5.0,2107.0,421.4,43000.0,8600.0,1.0,4.0,85.0,3.0,0.0,4.0,1007.0,-128.60000000000002,29000.0,1600.0,-1.0,3.0,49.0,1,1
62952,SP,CAMPOS DO JORDÃO,0.0,0.0,0.0,0.0,,,,0.0,0.0,,5.0,1.0,4.0,2613.0,522.6,42500.0,8500.0,5.0,3.0,191.0,5.0,1.0,4.0,2613.0,,,,5.0,3.0,,0,1
62979,SP,CAMPOS NOVOS PAULISTA,3.0,1.0,2.0,864.0,288.0,15000.0,5000.0,2.0,3.0,9.0,0.0,0.0,0.0,0.0,,,,0.0,0.0,,-3.0,-1.0,-2.0,-864.0,,,,-2.0,-3.0,,0,1
62995,SP,CANANÉIA,1.0,1.0,1.0,259.0,259.0,3500.0,3500.0,1.0,1.0,10.0,0.0,0.0,0.0,0.0,,,,0.0,0.0,,-1.0,-1.0,-1.0,-259.0,,,,-1.0,-1.0,,0,1
63010,SP,CÂNDIDO MOTA,2.0,1.0,1.0,760.0,380.0,39200.0,19600.0,2.0,2.0,10.0,0.0,0.0,0.0,0.0,,,,0.0,0.0,,-2.0,-1.0,-1.0,-760.0,,,,-2.0,-2.0,,0,1
63037,SP,CÂNDIDO RODRIGUES,0.0,0.0,0.0,0.0,,,,0.0,0.0,,2.0,1.0,2.0,511.0,255.5,8500.0,4250.0,0.0,1.0,31.0,2.0,1.0,2.0,511.0,,,,0.0,1.0,,0,1
63053,SP,CAPÃO BONITO,1.0,1.0,1.0,406.0,406.0,5500.0,5500.0,0.0,1.0,7.0,3.0,1.0,3.0,1300.0,433.3333333333333,26000.0,8666.666666666666,2.0,3.0,12.0,2.0,0.0,2.0,894.0,27.333333333333314,20500.0,3166.666666666666,2.0,2.0,5.0,1,1
63070,SP,CAPELA DO ALTO,1.0,1.0,1.0,300.0,300.0,3800.0,3800.0,1.0,1.0,12.0,2.0,1.0,2.0,779.0,389.5,11000.0,5500.0,1.0,2.0,5.0,1.0,0.0,1.0,479.0,89.5,7200.0,1700.0,0.0,1.0,-7.0,1,1
63096,SP,CAPIVARI,4.0,1.0,2.0,1584.0,396.0,28000.0,7000.0,3.0,2.0,240.0,0.0,0.0,0.0,0.0,,,,0.0,0.0,,-4.0,-1.0,-2.0,-1584.0,,,,-3.0,-2.0,,0,1
63118,SP,CARAGUATATUBA,10.0,1.0,6.0,4644.0,464.4,183640.0,18364.0,3.0,9.0,64.0,18.0,1.0,6.0,8531.0,473.94444444444446,155500.0,8638.888888888889,10.0,13.0,106.0,8.0,0.0,0.0,3887.0,9.54444444444448,-28140.0,-9725.111111111111,7.0,4.0,42.0,1,1
63134,SP,CARAPICUÍBA,1.0,1.0,1.0,600.0,600.0,6000.0,6000.0,1.0,1.0,13.0,8.0,1.0,4.0,5218.0,652.25,79000.0,9875.0,2.0,4.0,126.0,7.0,0.0,3.0,4618.0,52.25,73000.0,3875.0,1.0,3.0,113.0,1,1
63150,SP,CARDOSO,2.0,1.0,1.0,603.0,301.5,3400.0,1700.0,2.0,1.0,54.0,2.0,1.0,1.0,540.0,270.0,2800.0,1400.0,0.0,0.0,109.0,0.0,0.0,0.0,-63.0,-31.5,-600.0,-300.0,-2.0,-1.0,55.0,1,1
63177,SP,CASA BRANCA,0.0,0.0,0.0,0.0,,,,0.0,0.0,,1.0,1.0,1.0,380.0,380.0,7000.0,7000.0,1.0,1.0,4.0,1.0,1.0,1.0,380.0,,,,1.0,1.0,,0,1
63215,SP,CASTILHO,6.0,1.0,3.0,2189.0,364.8333333333333,95600.0,15933.333333333334,6.0,6.0,17.0,4.0,1.0,2.0,1722.0,430.5,35500.0,8875.0,3.0,4.0,28.0,-2.0,0.0,-1.0,-467.0,65.66666666666669,-60100.0,-7058.333333333334,-3.0,-2.0,11.0,1,1
63231,SP,CATANDUVA,11.0,1.0,5.0,5866.0,533.2727272727273,120400.0,10945.454545454546,8.0,10.0,100.0,8.0,1.0,3.0,5660.0,707.5,88300.0,11037.5,0.0,4.0,102.0,-3.0,0.0,-2.0,-206.0,174.22727272727275,-32100.0,92.04545454545405,-8.0,-6.0,2.0,1,1
63258,SP,CATIGUÁ,2.0,1.0,1.0,507.0,253.5,2800.0,1400.0,2.0,1.0,95.0,3.0,1.0,2.0,855.0,285.0,7000.0,2333.3333333333335,1.0,2.0,90.0,1.0,0.0,1.0,348.0,31.5,4200.0,933.3333333333335,-1.0,1.0,-5.0,1,1
63274,SP,CEDRAL,5.0,1.0,2.0,1762.0,352.4,2009973.0,401994.6,5.0,1.0,85.0,2.0,1.0,1.0,469.0,234.5,2350.0,1175.0,0.0,0.0,100.0,-3.0,0.0,-1.0,-1293.0,-117.89999999999998,-2007623.0,-400819.6,-5.0,-1.0,15.0,1,1
63290,SP,CERQUEIRA CÉSAR,1.0,1.0,1.0,385.0,385.0,1200.0,1200.0,1.0,1.0,16.0,0.0,0.0,0.0,0.0,,,,0.0,0.0,,-1.0,-1.0,-1.0,-385.0,,,,-1.0,-1.0,,0,1
63312,SP,CERQUILHO,0.0,0.0,0.0,0.0,,,,0.0,0.0,,3.0,1.0,3.0,1079.0,359.6666666666667,18000.0,6000.0,2.0,2.0,68.0,3.0,1.0,3.0,1079.0,,,,2.0,2.0,,0,1
63398,SP,CLEMENTINA,0.0,0.0,0.0,0.0,,,,0.0,0.0,,1.0,1.0,1.0,375.0,375.0,12000.0,12000.0,0.0,1.0,2.0,1.0,1.0,1.0,375.0,,,,0.0,1.0,,0,1
63410,SP,COLINA,1.0,1.0,1.0,300.0,300.0,5800.0,5800.0,1.0,1.0,17.0,2.0,1.0,2.0,718.0,359.0,3600.0,1800.0,1.0,1.0,33.0,1.0,0.0,1.0,418.0,59.0,-2200.0,-4000.0,0.0,0.0,16.0,1,1
63436,SP,COLÔMBIA,7.0,1.0,3.0,2240.0,320.0,26700.0,3814.285714285714,5.0,3.0,289.0,3.0,1.0,2.0,1102.0,367.3333333333333,19000.0,6333.333333333333,1.0,0.0,78.0,-4.0,0.0,-1.0,-1138.0,47.333333333333314,-7700.0,2519.047619047619,-4.0,-3.0,-211.0,1,1
63452,SP,CONCHAL,1.0,1.0,1.0,440.0,440.0,12000.0,12000.0,1.0,1.0,5.0,2.0,1.0,1.0,600.0,300.0,13000.0,6500.0,2.0,1.0,60.0,1.0,0.0,0.0,160.0,-140.0,1000.0,-5500.0,1.0,0.0,55.0,1,1
63495,SP,CORDEIRÓPOLIS,0.0,0.0,0.0,0.0,,,,0.0,0.0,,4.0,1.0,4.0,1619.0,404.75,23400.0,5850.0,0.0,4.0,22.0,4.0,1.0,4.0,1619.0,,,,0.0,4.0,,0,1
63533,SP,CORONEL MACEDO,2.0,1.0,1.0,490.0,245.0,13000.0,6500.0,0.0,2.0,19.0,2.0,1.0,1.0,500.0,250.0,17000.0,8500.0,0.0,1.0,110.0,0.0,0.0,0.0,10.0,5.0,4000.0,2000.0,0.0,-1.0,91.0,1,1
63576,SP,COSMÓPOLIS,1.0,1.0,1.0,440.0,440.0,12000.0,12000.0,1.0,1.0,19.0,2.0,1.0,1.0,800.0,400.0,8000.0,4000.0,0.0,2.0,29.0,1.0,0.0,0.0,360.0,-40.0,-4000.0,-8000.0,-1.0,1.0,10.0,1,1
63592,SP,COSMORAMA,2.0,1.0,1.0,494.0,247.0,2930.0,1465.0,2.0,1.0,76.0,2.0,1.0,1.0,416.0,208.0,2300.0,1150.0,0.0,0.0,103.0,0.0,0.0,0.0,-78.0,-39.0,-630.0,-315.0,-2.0,-1.0,27.0,1,1
63614,SP,COTIA,5.0,1.0,3.0,2300.0,460.0,32000.0,6400.0,5.0,4.0,79.0,13.0,1.0,8.0,7408.0,569.8461538461538,232130.8,17856.215384615385,4.0,7.0,110.0,8.0,0.0,5.0,5108.0,109.84615384615381,200130.8,11456.215384615385,-1.0,3.0,31.0,1,1
63630,SP,CRAVINHOS,1.0,1.0,1.0,400.0,400.0,10000.0,10000.0,0.0,1.0,8.0,2.0,1.0,1.0,871.0,435.5,14000.0,7000.0,2.0,1.0,210.0,1.0,0.0,0.0,471.0,35.5,4000.0,-3000.0,2.0,0.0,202.0,1,1
63657,SP,CRISTAIS PAULISTA,4.0,1.0,2.0,950.0,237.5,14600.0,3650.0,4.0,2.0,301.0,4.0,1.0,2.0,1450.0,362.5,23000.0,5750.0,0.0,2.0,43.0,0.0,0.0,0.0,500.0,125.0,8400.0,2100.0,-4.0,0.0,-258.0,1,1
63673,SP,CRUZÁLIA,1.0,1.0,1.0,222.0,222.0,2000.0,2000.0,1.0,1.0,8.0,0.0,0.0,0.0,0.0,,,,0.0,0.0,,-1.0,-1.0,-1.0,-222.0,,,,-1.0,-1.0,,0,1
63690,SP,CRUZEIRO,0.0,0.0,0.0,0.0,,,,0.0,0.0,,6.0,1.0,2.0,2293.0,382.1666666666667,35000.0,5833.333333333333,0.0,5.0,40.0,6.0,1.0,2.0,2293.0,,,,0.0,5.0,,0,1
63711,SP,CUBATÃO,12.0,1.0,6.0,9231.0,769.25,69400.0,5783.333333333333,8.0,4.0,163.0,24.0,1.0,9.0,16608.0,692.0,213238.3,8884.929166666667,16.0,13.0,274.0,12.0,0.0,3.0,7377.0,-77.25,143838.3,3101.5958333333338,8.0,9.0,111.0,1,1
63738,SP,CUNHA,0.0,0.0,0.0,0.0,,,,0.0,0.0,,3.0,1.0,2.0,1112.0,370.6666666666667,28000.0,9333.333333333334,0.0,2.0,41.0,3.0,1.0,2.0,1112.0,,,,0.0,2.0,,0,1
63754,SP,DESCALVADO,2.0,1.0,2.0,711.0,355.5,17000.0,8500.0,1.0,2.0,4.0,1.0,1.0,1.0,400.0,400.0,10000.0,10000.0,0.0,1.0,6.0,-1.0,0.0,-1.0,-311.0,44.5,-7000.0,1500.0,-1.0,-1.0,2.0,1,1
63770,SP,DIADEMA,13.0,1.0,8.0,13277.0,1021.3076923076923,120510.0,9270.0,12.0,5.0,163.0,17.0,1.0,6.0,12250.0,720.5882352941177,230314.0,13547.882352941177,3.0,6.0,152.0,4.0,0.0,-2.0,-1027.0,-300.7194570135746,109804.0,4277.882352941177,-9.0,1.0,-11.0,1,1
63819,SP,DOBRADA,2.0,1.0,2.0,733.0,366.5,5000.0,2500.0,1.0,2.0,15.0,1.0,1.0,1.0,300.0,300.0,3500.0,3500.0,0.0,1.0,8.0,-1.0,0.0,-1.0,-433.0,-66.5,-1500.0,1000.0,-1.0,-1.0,-7.0,1,1
63851,SP,DOLCINÓPOLIS,3.0,1.0,2.0,635.0,211.66666666666666,5461.0,1820.3333333333333,3.0,2.0,76.0,2.0,1.0,1.0,416.0,208.0,1900.0,950.0,0.0,1.0,96.0,-1.0,0.0,-1.0,-219.0,-3.666666666666657,-3561.0,-870.3333333333333,-3.0,-1.0,20.0,1,1
63878,SP,DOURADO,0.0,0.0,0.0,0.0,,,,0.0,0.0,,2.0,1.0,1.0,1073.0,536.5,7600.0,3800.0,1.0,1.0,190.0,2.0,1.0,1.0,1073.0,,,,1.0,1.0,,0,1
63894,SP,DRACENA,2.0,1.0,2.0,629.0,314.5,15800.0,7900.0,2.0,2.0,17.0,2.0,1.0,2.0,760.0,380.0,7800.0,3900.0,2.0,2.0,28.0,0.0,0.0,0.0,131.0,65.5,-8000.0,-4000.0,0.0,0.0,11.0,1,1
63916,SP,DUARTINA,0.0,0.0,0.0,0.0,,,,0.0,0.0,,1.0,1.0,1.0,500.0,500.0,4000.0,4000.0,1.0,1.0,8.0,1.0,1.0,1.0,500.0,,,,1.0,1.0,,0,1
63932,SP,DUMONT,0.0,0.0,0.0,0.0,,,,0.0,0.0,,1.0,1.0,1.0,344.0,344.0,4000.0,4000.0,0.0,1.0,9.0,1.0,1.0,1.0,344.0,,,,0.0,1.0,,0,1
63959,SP,ECHAPORÃ,0.0,0.0,0.0,0.0,,,,0.0,0.0,,1.0,1.0,1.0,250.0,250.0,6000.0,6000.0,0.0,0.0,167.0,1.0,1.0,1.0,250.0,,,,0.0,0.0,,0,1
63975,SP,ELDORADO,0.0,0.0,0.0,0.0,,,,0.0,0.0,,2.0,1.0,1.0,600.0,300.0,8000.0,4000.0,0.0,0.0,-171.0,2.0,1.0,1.0,600.0,,,,0.0,0.0,,0,1
63991,SP,ELIAS FAUSTO,0.0,0.0,0.0,0.0,,,,0.0,0.0,,4.0,1.0,4.0,1652.0,413.0,40316.0,10079.0,1.0,4.0,16.0,4.0,1.0,4.0,1652.0,,,,1.0,4.0,,0,1
64017,SP,EMBU DAS ARTES,0.0,0.0,0.0,0.0,,,,0.0,0.0,,6.0,1.0,4.0,4070.0,678.3333333333334,78157.0,13026.166666666666,6.0,4.0,89.0,6.0,1.0,4.0,4070.0,,,,6.0,4.0,,0,1
64033,SP,EMBU-GUAÇU,0.0,0.0,0.0,0.0,,,,0.0,0.0,,4.0,1.0,2.0,1600.0,400.0,34000.0,8500.0,1.0,2.0,127.0,4.0,1.0,2.0,1600.0,,,,1.0,2.0,,0,1
64050,SP,ESTRELA D'OESTE,2.0,1.0,1.0,530.0,265.0,2840.0,1420.0,2.0,1.0,88.0,1.0,1.0,1.0,216.0,216.0,1200.0,1200.0,0.0,1.0,17.0,-1.0,0.0,0.0,-314.0,-49.0,-1640.0,-220.0,-2.0,0.0,-71.0,1,1
64092,SP,FARTURA,2.0,1.0,2.0,646.0,323.0,7700.0,3850.0,1.0,2.0,12.0,1.0,1.0,1.0,300.0,300.0,3000.0,3000.0,1.0,1.0,8.0,-1.0,0.0,-1.0,-346.0,-23.0,-4700.0,-850.0,0.0,-1.0,-4.0,1,1
64114,SP,FERNANDÓPOLIS,7.0,1.0,5.0,3318.0,474.0,33382.0,4768.857142857143,6.0,6.0,79.0,7.0,1.0,5.0,3303.0,471.85714285714283,71925.4,10275.057142857142,1.0,4.0,82.0,0.0,0.0,0.0,-15.0,-2.142857142857167,38543.399999999994,5506.199999999999,-5.0,-2.0,3.0,1,1
64130,SP,FERNANDO PRESTES,3.0,1.0,2.0,820.0,273.3333333333333,5700.0,1900.0,3.0,1.0,76.0,0.0,0.0,0.0,0.0,,,,0.0,0.0,,-3.0,-1.0,-2.0,-820.0,,,,-3.0,-1.0,,0,1
64157,SP,FERRAZ DE VASCONCELOS,5.0,1.0,3.0,2300.0,460.0,31000.0,6200.0,4.0,4.0,57.0,4.0,1.0,2.0,2104.0,526.0,32000.0,8000.0,1.0,3.0,181.0,-1.0,0.0,-1.0,-196.0,66.0,1000.0,1800.0,-3.0,-1.0,124.0,1,1
64173,SP,FLORA RICA,1.0,1.0,1.0,316.0,316.0,12800.0,12800.0,1.0,1.0,17.0,0.0,0.0,0.0,0.0,,,,0.0,0.0,,-1.0,-1.0,-1.0,-316.0,,,,-1.0,-1.0,,0,1
64190,SP,FLOREAL,2.0,1.0,1.0,430.0,215.0,2524.0,1262.0,2.0,1.0,76.0,2.0,1.0,1.0,416.0,208.0,2100.0,1050.0,0.0,0.0,80.0,0.0,0.0,0.0,-14.0,-7.0,-424.0,-212.0,-2.0,-1.0,4.0,1,1
64211,SP,FLÓRIDA PAULISTA,1.0,1.0,1.0,374.0,374.0,12800.0,12800.0,1.0,1.0,17.0,0.0,0.0,0.0,0.0,,,,0.0,0.0,,-1.0,-1.0,-1.0,-374.0,,,,-1.0,-1.0,,0,1
64238,SP,FLORÍNEA,6.0,1.0,3.0,1922.0,320.3333333333333,86800.0,14466.666666666666,5.0,6.0,25.0,0.0,0.0,0.0,0.0,,,,0.0,0.0,,-6.0,-1.0,-3.0,-1922.0,,,,-5.0,-6.0,,0,1
64254,SP,FRANCA,4.0,1.0,4.0,2563.0,640.75,28423.25,7105.8125,3.0,3.0,36.0,7.0,1.0,3.0,4714.0,673.4285714285714,144471.0,20638.714285714286,3.0,3.0,108.0,3.0,0.0,-1.0,2151.0,32.678571428571445,116047.75,13532.901785714286,0.0,0.0,72.0,1,1
64270,SP,FRANCISCO MORATO,1.0,1.0,1.0,400.0,400.0,6500.0,6500.0,1.0,0.0,42.0,3.0,1.0,3.0,1616.0,538.6666666666666,29000.0,9666.666666666666,0.0,3.0,29.0,2.0,0.0,2.0,1216.0,138.66666666666663,22500.0,3166.666666666666,-1.0,3.0,-13.0,1,1
64297,SP,FRANCO DA ROCHA,1.0,1.0,1.0,400.0,400.0,6500.0,6500.0,1.0,0.0,42.0,11.0,1.0,6.0,6524.0,593.0909090909091,106978.0,9725.272727272728,6.0,7.0,141.0,10.0,0.0,5.0,6124.0,193.09090909090912,100478.0,3225.272727272728,5.0,7.0,99.0,1,1
64335,SP,GÁLIA,0.0,0.0,0.0,0.0,,,,0.0,0.0,,1.0,1.0,1.0,400.0,400.0,4000.0,4000.0,1.0,1.0,8.0,1.0,1.0,1.0,400.0,,,,1.0,1.0,,0,1
64351,SP,GARÇA,0.0,0.0,0.0,0.0,,,,0.0,0.0,,1.0,1.0,1.0,400.0,400.0,5000.0,5000.0,1.0,1.0,7.0,1.0,1.0,1.0,400.0,,,,1.0,1.0,,0,1
64394,SP,GENERAL SALGADO,1.0,1.0,1.0,218.0,218.0,1116.0,1116.0,1.0,1.0,26.0,2.0,1.0,1.0,512.0,256.0,2200.0,1100.0,0.0,0.0,80.0,1.0,0.0,0.0,294.0,38.0,1084.0,-16.0,-1.0,-1.0,54.0,1,1
64491,SP,GUAÍRA,7.0,1.0,6.0,3091.0,441.57142857142856,56600.0,8085.714285714285,3.0,2.0,7.0,3.0,1.0,3.0,1307.0,435.6666666666667,16000.0,5333.333333333333,0.0,0.0,150.0,-4.0,0.0,-3.0,-1784.0,-5.90476190476187,-40600.0,-2752.3809523809523,-3.0,-2.0,143.0,1,1
64513,SP,GUAPIAÇU,4.0,1.0,3.0,1446.0,361.5,19500.0,4875.0,3.0,2.0,103.0,2.0,1.0,1.0,626.0,313.0,3200.0,1600.0,0.0,1.0,96.0,-2.0,0.0,-2.0,-820.0,-48.5,-16300.0,-3275.0,-3.0,-1.0,-7.0,1,1
64530,SP,GUAPIARA,1.0,1.0,1.0,375.0,375.0,7000.0,7000.0,0.0,1.0,6.0,1.0,1.0,1.0,374.0,374.0,4000.0,4000.0,0.0,0.0,37.0,0.0,0.0,0.0,-1.0,-1.0,-3000.0,-3000.0,0.0,-1.0,31.0,1,1
64556,SP,GUARÁ,2.0,1.0,1.0,1664.0,832.0,8200.0,4100.0,2.0,1.0,48.0,4.0,1.0,3.0,1800.0,450.0,18000.0,4500.0,1.0,3.0,15.0,2.0,0.0,2.0,136.0,-382.0,9800.0,400.0,-1.0,2.0,-33.0,1,1
64599,SP,GUARACI,4.0,1.0,2.0,1506.0,376.5,7950.0,1987.5,2.0,3.0,87.0,0.0,0.0,0.0,0.0,,,,0.0,0.0,,-4.0,-1.0,-2.0,-1506.0,,,,-2.0,-3.0,,0,1
64610,SP,GUARANI D'OESTE,3.0,1.0,2.0,534.0,178.0,3452.0,1150.6666666666667,3.0,1.0,98.0,6.0,1.0,2.0,1150.0,191.66666666666666,2007850.0,334641.6666666667,0.0,1.0,134.0,3.0,0.0,0.0,616.0,13.666666666666657,2004398.0,333491.0,-3.0,0.0,36.0,1,1
64637,SP,GUARANTÃ,1.0,1.0,1.0,300.0,300.0,5000.0,5000.0,0.0,1.0,6.0,0.0,0.0,0.0,0.0,,,,0.0,0.0,,-1.0,-1.0,-1.0,-300.0,,,,0.0,-1.0,,0,1
64653,SP,GUARARAPES,3.0,1.0,2.0,940.0,313.3333333333333,12500.0,4166.666666666667,1.0,3.0,24.0,1.0,1.0,1.0,400.0,400.0,10000.0,10000.0,1.0,1.0,8.0,-2.0,0.0,-1.0,-540.0,86.66666666666669,-2500.0,5833.333333333333,0.0,-2.0,-16.0,1,1
64670,SP,GUARAREMA,2.0,1.0,1.0,700.0,350.0,20000.0,10000.0,1.0,1.0,46.0,0.0,0.0,0.0,0.0,,,,0.0,0.0,,-2.0,-1.0,-1.0,-700.0,,,,-1.0,-1.0,,0,1
64696,SP,GUARATINGUETÁ,0.0,0.0,0.0,0.0,,,,0.0,0.0,,6.0,1.0,4.0,2852.0,475.3333333333333,56500.0,9416.666666666666,2.0,5.0,41.0,6.0,1.0,4.0,2852.0,,,,2.0,5.0,,0,1
64718,SP,GUAREÍ,0.0,0.0,0.0,0.0,,,,0.0,0.0,,1.0,1.0,1.0,330.0,330.0,9000.0,9000.0,0.0,1.0,5.0,1.0,1.0,1.0,330.0,,,,0.0,1.0,,0,1
64734,SP,GUARIBA,3.0,1.0,2.0,1541.0,513.6666666666666,10000.0,3333.3333333333335,1.0,3.0,16.0,3.0,1.0,2.0,1585.0,528.3333333333334,14000.0,4666.666666666667,0.0,3.0,26.0,0.0,0.0,0.0,44.0,14.666666666666742,4000.0,1333.3333333333335,-1.0,0.0,10.0,1,1
64750,SP,GUARUJÁ,11.0,1.0,5.0,10048.0,913.4545454545455,68560.0,6232.727272727273,8.0,6.0,100.0,32.0,1.0,7.0,27970.0,874.0625,432468.85,13514.6515625,22.0,10.0,274.0,21.0,0.0,2.0,17922.0,-39.392045454545496,363908.85,7281.924289772726,14.0,4.0,174.0,1,1
64777,SP,GUARULHOS,24.0,1.0,9.0,21500.0,895.8333333333334,459470.9,19144.620833333334,14.0,11.0,241.0,43.0,1.0,14.0,36712.0,853.7674418604652,1011886.0,23532.232558139534,22.0,12.0,229.0,19.0,0.0,5.0,15212.0,-42.0658914728682,552415.1,4387.6117248062,8.0,1.0,-12.0,1,1
64815,SP,HERCULÂNDIA,1.0,1.0,1.0,400.0,400.0,5000.0,5000.0,0.0,1.0,5.0,0.0,0.0,0.0,0.0,,,,0.0,0.0,,-1.0,-1.0,-1.0,-400.0,,,,0.0,-1.0,,0,1
64831,SP,IACANGA,0.0,0.0,0.0,0.0,,,,0.0,0.0,,1.0,1.0,1.0,300.0,300.0,3000.0,3000.0,0.0,1.0,8.0,1.0,1.0,1.0,300.0,,,,0.0,1.0,,0,1
64874,SP,IBATÉ,0.0,0.0,0.0,0.0,,,,0.0,0.0,,4.0,1.0,3.0,1435.0,358.75,24000.0,6000.0,0.0,2.0,154.0,4.0,1.0,3.0,1435.0,,,,0.0,2.0,,0,1
64890,SP,IBIRÁ,1.0,1.0,1.0,341.0,341.0,2000.0,2000.0,1.0,0.0,78.0,4.0,1.0,2.0,1429.0,357.25,14450.0,3612.5,2.0,2.0,111.0,3.0,0.0,1.0,1088.0,16.25,12450.0,1612.5,1.0,2.0,33.0,1,1
64912,SP,IBIRAREMA,2.0,1.0,1.0,800.0,400.0,10000.0,5000.0,0.0,1.0,52.0,1.0,1.0,1.0,250.0,250.0,8000.0,8000.0,0.0,1.0,7.0,-1.0,0.0,0.0,-550.0,-150.0,-2000.0,3000.0,0.0,0.0,-45.0,1,1
64955,SP,IBIÚNA,0.0,0.0,0.0,0.0,,,,0.0,0.0,,1.0,1.0,1.0,600.0,600.0,6500.0,6500.0,1.0,1.0,9.0,1.0,1.0,1.0,600.0,,,,1.0,1.0,,0,1
64971,SP,ICÉM,2.0,1.0,1.0,560.0,280.0,2820.0,1410.0,2.0,1.0,100.0,3.0,1.0,2.0,749.0,249.66666666666666,5100.0,1700.0,1.0,2.0,100.0,1.0,0.0,1.0,189.0,-30.333333333333343,2280.0,290.0,-1.0,1.0,0.0,1,1
65013,SP,IGARAÇU DO TIETÊ,0.0,0.0,0.0,0.0,,,,0.0,0.0,,2.0,1.0,2.0,706.0,353.0,10000.0,5000.0,0.0,2.0,20.0,2.0,1.0,2.0,706.0,,,,0.0,2.0,,0,1
65030,SP,IGARAPAVA,2.0,1.0,2.0,805.0,402.5,21500.0,10750.0,1.0,2.0,6.0,2.0,1.0,1.0,800.0,400.0,8000.0,4000.0,0.0,1.0,45.0,0.0,0.0,-1.0,-5.0,-2.5,-13500.0,-6750.0,-1.0,-1.0,39.0,1,1
65056,SP,IGARATÁ,2.0,1.0,2.0,760.0,380.0,20000.0,10000.0,2.0,2.0,15.0,1.0,1.0,1.0,320.0,320.0,8000.0,8000.0,0.0,1.0,7.0,-1.0,0.0,-1.0,-440.0,-60.0,-12000.0,-2000.0,-2.0,-1.0,-8.0,1,1
65099,SP,ILHABELA,14.0,1.0,7.0,6550.0,467.85714285714283,164480.0,11748.57142857143,8.0,11.0,80.0,20.0,1.0,8.0,9617.0,480.85,285570.0,14278.5,6.0,10.0,193.0,6.0,0.0,1.0,3067.0,12.99285714285719,121090.0,2529.9285714285706,-2.0,-1.0,113.0,1,1
65110,SP,INDAIATUBA,5.0,1.0,2.0,2380.0,476.0,51000.0,10200.0,4.0,3.0,35.0,11.0,1.0,5.0,5088.0,462.54545454545456,89000.0,8090.909090909091,8.0,3.0,83.0,6.0,0.0,3.0,2708.0,-13.454545454545439,38000.0,-2109.090909090909,4.0,0.0,48.0,1,1
65153,SP,INDIAPORÃ,2.0,1.0,2.0,450.0,225.0,3500.0,1750.0,1.0,1.0,86.0,3.0,1.0,2.0,655.0,218.33333333333334,4200.0,1400.0,0.0,1.0,96.0,1.0,0.0,0.0,205.0,-6.666666666666657,700.0,-350.0,-1.0,0.0,10.0,1,1
65196,SP,IPAUSSU,4.0,1.0,3.0,1575.0,393.75,15000.0,3750.0,3.0,2.0,44.0,1.0,1.0,1.0,250.0,250.0,10000.0,10000.0,0.0,1.0,7.0,-3.0,0.0,-2.0,-1325.0,-143.75,-5000.0,6250.0,-3.0,-1.0,-37.0,1,1
65277,SP,IPUÃ,2.0,1.0,1.0,597.0,298.5,6800.0,3400.0,2.0,2.0,18.0,0.0,0.0,0.0,0.0,,,,0.0,0.0,,-2.0,-1.0,-1.0,-597.0,,,,-2.0,-2.0,,0,1
65315,SP,IRAPUÃ,3.0,1.0,2.0,864.0,288.0,5100.0,1700.0,3.0,1.0,39.0,2.0,1.0,1.0,431.0,215.5,2100.0,1050.0,0.0,0.0,97.0,-1.0,0.0,-1.0,-433.0,-72.5,-3000.0,-650.0,-3.0,-1.0,58.0,1,1
65331,SP,IRAPURU,3.0,1.0,3.0,942.0,314.0,24800.0,8266.666666666666,1.0,3.0,6.0,1.0,1.0,1.0,383.0,383.0,5500.0,5500.0,0.0,1.0,13.0,-2.0,0.0,-2.0,-559.0,69.0,-19300.0,-2766.666666666666,-1.0,-2.0,7.0,1,1
65358,SP,ITABERÁ,1.0,1.0,1.0,385.0,385.0,1200.0,1200.0,1.0,1.0,9.0,0.0,0.0,0.0,0.0,,,,0.0,0.0,,-1.0,-1.0,-1.0,-385.0,,,,-1.0,-1.0,,0,1
65374,SP,ITAÍ,1.0,1.0,1.0,400.0,400.0,700.0,700.0,1.0,1.0,20.0,0.0,0.0,0.0,0.0,,,,0.0,0.0,,-1.0,-1.0,-1.0,-400.0,,,,-1.0,-1.0,,0,1
65390,SP,ITAJOBI,9.0,1.0,4.0,3245.0,360.55555555555554,129544.0,14393.777777777777,9.0,6.0,104.0,4.0,1.0,3.0,1294.0,323.5,21200.0,5300.0,1.0,3.0,83.0,-5.0,0.0,-1.0,-1951.0,-37.05555555555554,-108344.0,-9093.777777777777,-8.0,-3.0,-21.0,1,1
65412,SP,ITAJU,0.0,0.0,0.0,0.0,,,,0.0,0.0,,1.0,1.0,1.0,400.0,400.0,7000.0,7000.0,0.0,0.0,36.0,1.0,1.0,1.0,400.0,,,,0.0,0.0,,0,1
65439,SP,ITANHAÉM,17.0,1.0,6.0,11500.0,676.4705882352941,101260.0,5956.470588235294,14.0,10.0,305.0,24.0,1.0,7.0,17333.0,722.2083333333334,273900.0,11412.5,16.0,11.0,274.0,7.0,0.0,1.0,5833.0,45.73774509803923,172640.0,5456.029411764706,2.0,1.0,-31.0,1,1
65455,SP,ITAPECERICA DA SERRA,0.0,0.0,0.0,0.0,,,,0.0,0.0,,7.0,1.0,3.0,4628.0,661.1428571428571,60000.0,8571.42857142857,5.0,4.0,68.0,7.0,1.0,3.0,4628.0,,,,5.0,4.0,,0,1
65471,SP,ITAPETININGA,1.0,1.0,1.0,600.0,600.0,15000.0,15000.0,0.0,1.0,7.0,3.0,1.0,3.0,1620.0,540.0,25000.0,8333.333333333334,2.0,3.0,26.0,2.0,0.0,2.0,1020.0,-60.0,10000.0,-6666.666666666666,2.0,2.0,19.0,1,1
65498,SP,ITAPEVA,0.0,0.0,0.0,0.0,,,,0.0,0.0,,4.0,1.0,3.0,1700.0,425.0,33000.0,8250.0,0.0,4.0,12.0,4.0,1.0,3.0,1700.0,,,,0.0,4.0,,0,1
65510,SP,ITAPEVI,1.0,1.0,1.0,504.0,504.0,42000.0,42000.0,0.0,0.0,52.0,6.0,1.0,4.0,3253.0,542.1666666666666,119360.0,19893.333333333332,3.0,3.0,206.0,5.0,0.0,3.0,2749.0,38.16666666666663,77360.0,-22106.666666666668,3.0,3.0,154.0,1,1
65536,SP,ITAPIRA,0.0,0.0,0.0,0.0,,,,0.0,0.0,,1.0,1.0,1.0,640.0,640.0,12000.0,12000.0,1.0,0.0,34.0,1.0,1.0,1.0,640.0,,,,1.0,0.0,,0,1
65552,SP,ITÁPOLIS,1.0,1.0,1.0,400.0,400.0,8000.0,8000.0,1.0,1.0,7.0,1.0,1.0,1.0,400.0,400.0,3500.0,3500.0,0.0,1.0,6.0,0.0,0.0,0.0,0.0,0.0,-4500.0,-4500.0,-1.0,0.0,-1.0,1,1
65579,SP,ITAPORANGA,4.0,1.0,3.0,1461.0,365.25,11000.0,2750.0,3.0,4.0,30.0,1.0,1.0,1.0,300.0,300.0,2000.0,2000.0,1.0,1.0,3.0,-3.0,0.0,-2.0,-1161.0,-65.25,-9000.0,-750.0,-2.0,-3.0,-27.0,1,1
65617,SP,ITAPURA,0.0,0.0,0.0,0.0,,,,0.0,0.0,,1.0,1.0,1.0,348.0,348.0,5000.0,5000.0,1.0,1.0,4.0,1.0,1.0,1.0,348.0,,,,1.0,1.0,,0,1
65633,SP,ITAQUAQUECETUBA,4.0,1.0,3.0,2344.0,586.0,30000.0,7500.0,3.0,4.0,27.0,1.0,1.0,1.0,800.0,800.0,12000.0,12000.0,0.0,1.0,15.0,-3.0,0.0,-2.0,-1544.0,214.0,-18000.0,4500.0,-3.0,-3.0,-12.0,1,1
65650,SP,ITARARÉ,2.0,1.0,2.0,700.0,350.0,17500.0,8750.0,0.0,2.0,16.0,6.0,1.0,5.0,2553.0,425.5,49000.0,8166.666666666667,1.0,5.0,36.0,4.0,0.0,3.0,1853.0,75.5,31500.0,-583.333333333333,1.0,3.0,20.0,1,1
65676,SP,ITARIRI,2.0,1.0,1.0,1860.0,930.0,6194.15,3097.075,2.0,1.0,45.0,2.0,1.0,1.0,738.0,369.0,16000.0,8000.0,2.0,0.0,210.0,0.0,0.0,0.0,-1122.0,-561.0,9805.85,4902.925,0.0,-1.0,165.0,1,1
65692,SP,ITATIBA,2.0,1.0,1.0,800.0,400.0,14000.0,7000.0,2.0,1.0,36.0,8.0,1.0,4.0,3572.0,446.5,54000.0,6750.0,4.0,0.0,126.0,6.0,0.0,3.0,2772.0,46.5,40000.0,-250.0,2.0,-1.0,90.0,1,1
65714,SP,ITATINGA,0.0,0.0,0.0,0.0,,,,0.0,0.0,,1.0,1.0,1.0,400.0,400.0,9000.0,9000.0,0.0,1.0,9.0,1.0,1.0,1.0,400.0,,,,0.0,1.0,,0,1
65730,SP,ITIRAPINA,1.0,1.0,1.0,612.0,612.0,3900.0,3900.0,0.0,1.0,14.0,1.0,1.0,1.0,400.0,400.0,8700.0,8700.0,0.0,1.0,6.0,0.0,0.0,0.0,-212.0,-212.0,4800.0,4800.0,0.0,0.0,-8.0,1,1
65757,SP,ITIRAPUÃ,2.0,1.0,1.0,365.0,182.5,5500.0,2750.0,2.0,1.0,246.0,1.0,1.0,1.0,360.0,360.0,4500.0,4500.0,0.0,1.0,5.0,-1.0,0.0,0.0,-5.0,177.5,-1000.0,1750.0,-2.0,0.0,-241.0,1,1
65773,SP,ITOBI,2.0,1.0,2.0,616.0,308.0,22800.0,11400.0,2.0,2.0,8.0,1.0,1.0,1.0,500.0,500.0,4000.0,4000.0,0.0,1.0,6.0,-1.0,0.0,-1.0,-116.0,192.0,-18800.0,-7400.0,-2.0,-1.0,-2.0,1,1
65790,SP,ITU,4.0,1.0,3.0,3850.0,962.5,53000.0,13250.0,1.0,3.0,233.0,16.0,1.0,7.0,8926.0,557.875,123800.0,7737.5,6.0,7.0,203.0,12.0,0.0,4.0,5076.0,-404.625,70800.0,-5512.5,5.0,4.0,-30.0,1,1
65811,SP,ITUPEVA,7.0,1.0,5.0,3134.0,447.7142857142857,50750.0,7250.0,4.0,5.0,105.0,2.0,1.0,1.0,2120.0,1060.0,16000.0,8000.0,2.0,0.0,134.0,-5.0,0.0,-4.0,-1014.0,612.2857142857142,-34750.0,750.0,-2.0,-5.0,29.0,1,1
65838,SP,ITUVERAVA,1.0,1.0,1.0,400.0,400.0,4500.0,4500.0,1.0,0.0,41.0,1.0,1.0,1.0,404.0,404.0,5000.0,5000.0,0.0,0.0,33.0,0.0,0.0,0.0,4.0,4.0,500.0,500.0,-1.0,0.0,-8.0,1,1
65854,SP,JABORANDI,2.0,1.0,1.0,450.0,225.0,6000.0,3000.0,1.0,2.0,17.0,0.0,0.0,0.0,0.0,,,,0.0,0.0,,-2.0,-1.0,-1.0,-450.0,,,,-1.0,-2.0,,0,1
65870,SP,JABOTICABAL,3.0,1.0,3.0,1500.0,500.0,6100.0,2033.3333333333333,3.0,3.0,10.0,5.0,1.0,4.0,3150.0,630.0,55000.0,11000.0,0.0,5.0,22.0,2.0,0.0,1.0,1650.0,130.0,48900.0,8966.666666666666,-3.0,2.0,12.0,1,1
65897,SP,JACAREÍ,2.0,1.0,2.0,946.0,473.0,37800.0,18900.0,2.0,0.0,82.0,3.0,1.0,2.0,2000.0,666.6666666666666,34000.0,11333.333333333334,1.0,2.0,80.0,1.0,0.0,0.0,1054.0,193.66666666666663,-3800.0,-7566.666666666666,-1.0,2.0,-2.0,1,1
65919,SP,JACI,2.0,1.0,1.0,477.0,238.5,2850.0,1425.0,2.0,1.0,79.0,2.0,1.0,1.0,426.0,213.0,2100.0,1050.0,0.0,0.0,95.0,0.0,0.0,0.0,-51.0,-25.5,-750.0,-375.0,-2.0,-1.0,16.0,1,1
65951,SP,JAGUARIÚNA,2.0,1.0,1.0,940.0,470.0,9000.0,4500.0,1.0,1.0,45.0,1.0,1.0,1.0,484.0,484.0,6000.0,6000.0,1.0,1.0,6.0,-1.0,0.0,0.0,-456.0,14.0,-3000.0,1500.0,0.0,0.0,-39.0,1,1
65978,SP,JALES,7.0,1.0,4.0,2660.0,380.0,23500.0,3357.1428571428573,3.0,6.0,97.0,4.0,1.0,2.0,1726.0,431.5,32500.0,8125.0,0.0,2.0,82.0,-3.0,0.0,-2.0,-934.0,51.5,9000.0,4767.857142857143,-3.0,-4.0,-15.0,1,1
66010,SP,JANDIRA,2.0,1.0,2.0,800.0,400.0,13000.0,6500.0,2.0,1.0,51.0,1.0,1.0,1.0,400.0,400.0,10000.0,10000.0,0.0,0.0,89.0,-1.0,0.0,-1.0,-400.0,0.0,-3000.0,3500.0,-2.0,-1.0,38.0,1,1
66036,SP,JARDINÓPOLIS,1.0,1.0,1.0,602.0,602.0,3500.0,3500.0,0.0,1.0,8.0,2.0,1.0,2.0,779.0,389.5,10000.0,5000.0,0.0,2.0,8.0,1.0,0.0,1.0,177.0,-212.5,6500.0,1500.0,0.0,1.0,0.0,1,1
66052,SP,JARINU,1.0,1.0,1.0,403.0,403.0,7000.0,7000.0,1.0,0.0,36.0,2.0,1.0,2.0,759.0,379.5,8000.0,4000.0,0.0,2.0,10.0,1.0,0.0,1.0,356.0,-23.5,1000.0,-3000.0,-1.0,2.0,-26.0,1,1
66079,SP,JAÚ,1.0,1.0,1.0,480.0,480.0,2200.0,2200.0,1.0,1.0,11.0,2.0,1.0,2.0,850.0,425.0,26000.0,13000.0,0.0,2.0,12.0,1.0,0.0,1.0,370.0,-55.0,23800.0,10800.0,-1.0,1.0,1.0,1,1
66095,SP,JERIQUARA,3.0,1.0,1.0,480.0,160.0,10600.0,3533.3333333333335,3.0,0.0,129.0,4.0,1.0,2.0,1550.0,387.5,26895.0,6723.75,0.0,2.0,54.0,1.0,0.0,1.0,1070.0,227.5,16295.0,3190.4166666666665,-3.0,2.0,-75.0,1,1
66117,SP,JOANÓPOLIS,0.0,0.0,0.0,0.0,,,,0.0,0.0,,2.0,1.0,2.0,662.0,331.0,17000.0,8500.0,2.0,2.0,15.0,2.0,1.0,2.0,662.0,,,,2.0,2.0,,0,1
66150,SP,JOSÉ BONIFÁCIO,9.0,1.0,4.0,3795.0,421.6666666666667,50800.0,5644.444444444444,9.0,7.0,288.0,3.0,1.0,2.0,1115.0,371.6666666666667,9200.0,3066.6666666666665,0.0,1.0,109.0,-6.0,0.0,-2.0,-2680.0,-50.0,-41600.0,-2577.777777777778,-9.0,-6.0,-179.0,1,1
66192,SP,JUNDIAÍ,5.0,1.0,3.0,2890.0,578.0,34500.0,6900.0,5.0,2.0,41.0,26.0,1.0,14.0,16160.0,621.5384615384615,364581.0,14022.346153846154,11.0,12.0,185.0,21.0,0.0,11.0,13270.0,43.53846153846155,330081.0,7122.346153846154,6.0,10.0,144.0,1,1
66214,SP,JUNQUEIRÓPOLIS,1.0,1.0,1.0,377.0,377.0,12800.0,12800.0,1.0,1.0,17.0,2.0,1.0,2.0,764.0,382.0,14500.0,7250.0,1.0,2.0,13.0,1.0,0.0,1.0,387.0,5.0,1700.0,-5550.0,0.0,1.0,-4.0,1,1
66230,SP,JUQUIÁ,1.0,1.0,1.0,246.0,246.0,3000.0,3000.0,1.0,1.0,9.0,1.0,1.0,1.0,753.0,753.0,3000.0,3000.0,1.0,1.0,6.0,0.0,0.0,0.0,507.0,507.0,0.0,0.0,0.0,0.0,-3.0,1,1
66257,SP,JUQUITIBA,2.0,1.0,1.0,800.0,400.0,11500.0,5750.0,2.0,1.0,42.0,1.0,1.0,1.0,404.0,404.0,27000.0,27000.0,0.0,1.0,5.0,-1.0,0.0,0.0,-396.0,4.0,15500.0,21250.0,-2.0,0.0,-37.0,1,1
66290,SP,LARANJAL PAULISTA,4.0,1.0,2.0,1870.0,467.5,28500.0,7125.0,2.0,3.0,77.0,0.0,0.0,0.0,0.0,,,,0.0,0.0,,-4.0,-1.0,-2.0,-1870.0,,,,-2.0,-3.0,,0,1
66311,SP,LAVÍNIA,1.0,1.0,1.0,250.0,250.0,500.0,500.0,1.0,1.0,14.0,1.0,1.0,1.0,300.0,300.0,12000.0,12000.0,0.0,1.0,11.0,0.0,0.0,0.0,50.0,50.0,11500.0,11500.0,-1.0,0.0,-3.0,1,1
66338,SP,LAVRINHAS,1.0,1.0,1.0,441.0,441.0,6000.0,6000.0,1.0,0.0,74.0,0.0,0.0,0.0,0.0,,,,0.0,0.0,,-1.0,-1.0,-1.0,-441.0,,,,-1.0,0.0,,0,1
66354,SP,LEME,9.0,1.0,3.0,4524.0,502.6666666666667,102000.0,11333.333333333334,1.0,2.0,56.0,1.0,1.0,1.0,400.0,400.0,20000.0,20000.0,1.0,0.0,137.0,-8.0,0.0,-2.0,-4124.0,-102.66666666666669,-82000.0,8666.666666666666,0.0,-2.0,81.0,1,1
66370,SP,LENÇÓIS PAULISTA,1.0,1.0,1.0,950.0,950.0,12000.0,12000.0,0.0,1.0,5.0,2.0,1.0,2.0,1682.0,841.0,21500.0,10750.0,0.0,2.0,8.0,1.0,0.0,1.0,732.0,-109.0,9500.0,-1250.0,0.0,1.0,3.0,1,1
66397,SP,LIMEIRA,8.0,1.0,6.0,4500.0,562.5,61000.0,7625.0,8.0,5.0,43.0,17.0,1.0,5.0,11637.0,684.5294117647059,237471.0,13968.882352941177,8.0,7.0,189.0,9.0,0.0,-1.0,7137.0,122.02941176470586,176471.0,6343.882352941177,0.0,2.0,146.0,1,1
66435,SP,LINS,3.0,1.0,2.0,1120.0,373.3333333333333,11900.0,3966.6666666666665,2.0,3.0,20.0,0.0,0.0,0.0,0.0,,,,0.0,0.0,,-3.0,-1.0,-2.0,-1120.0,,,,-2.0,-3.0,,0,1
66451,SP,LORENA,2.0,1.0,2.0,897.0,448.5,20000.0,10000.0,1.0,2.0,17.0,6.0,1.0,4.0,2926.0,487.6666666666667,56000.0,9333.333333333334,1.0,2.0,105.0,4.0,0.0,2.0,2029.0,39.166666666666686,36000.0,-666.6666666666661,0.0,0.0,88.0,1,1
66478,SP,LOUVEIRA,11.0,1.0,7.0,4421.0,401.90909090909093,95800.0,8709.09090909091,10.0,10.0,35.0,12.0,1.0,8.0,5123.0,426.9166666666667,96000.0,8000.0,6.0,8.0,142.0,1.0,0.0,1.0,702.0,25.00757575757575,200.0,-709.0909090909099,-4.0,-2.0,107.0,1,1
66494,SP,LUCÉLIA,2.0,1.0,2.0,697.0,348.5,17800.0,8900.0,1.0,2.0,17.0,0.0,0.0,0.0,0.0,,,,0.0,0.0,,-2.0,-1.0,-2.0,-697.0,,,,-1.0,-2.0,,0,1
66532,SP,LUÍS ANTÔNIO,3.0,1.0,2.0,1118.0,372.6666666666667,9000.0,3000.0,1.0,2.0,60.0,1.0,1.0,1.0,302.0,302.0,15800.0,15800.0,0.0,1.0,4.0,-2.0,0.0,-1.0,-816.0,-70.66666666666669,6800.0,12800.0,-1.0,-1.0,-56.0,1,1
66613,SP,MACATUBA,0.0,0.0,0.0,0.0,,,,0.0,0.0,,2.0,1.0,2.0,600.0,300.0,10500.0,5250.0,0.0,2.0,8.0,2.0,1.0,2.0,600.0,,,,0.0,2.0,,0,1
66630,SP,MACAUBAL,2.0,1.0,1.0,511.0,255.5,3000.0,1500.0,2.0,1.0,95.0,2.0,1.0,1.0,426.0,213.0,2100.0,1050.0,0.0,1.0,103.0,0.0,0.0,0.0,-85.0,-42.5,-900.0,-450.0,-2.0,0.0,8.0,1,1
66656,SP,MACEDÔNIA,3.0,1.0,2.0,593.0,197.66666666666666,4050.0,1350.0,2.0,1.0,86.0,6.0,1.0,2.0,1213.0,202.16666666666666,10900.0,1816.6666666666667,0.0,1.0,134.0,3.0,0.0,0.0,620.0,4.5,6850.0,466.66666666666674,-2.0,0.0,48.0,1,1
66672,SP,MAGDA,2.0,1.0,1.0,417.0,208.5,2490.0,1245.0,2.0,1.0,76.0,1.0,1.0,1.0,209.0,209.0,1000.0,1000.0,0.0,0.0,80.0,-1.0,0.0,0.0,-208.0,0.5,-1490.0,-245.0,-2.0,-1.0,4.0,1,1
66699,SP,MAIRINQUE,0.0,0.0,0.0,0.0,,,,0.0,0.0,,10.0,1.0,5.0,4716.0,471.6,103000.0,10300.0,8.0,6.0,180.0,10.0,1.0,5.0,4716.0,,,,8.0,6.0,,0,1
66710,SP,MAIRIPORÃ,5.0,1.0,3.0,2410.0,482.0,24000.0,4800.0,1.0,3.0,39.0,2.0,1.0,1.0,1000.0,500.0,20000.0,10000.0,1.0,1.0,81.0,-3.0,0.0,-2.0,-1410.0,18.0,-4000.0,5200.0,0.0,-2.0,42.0,1,1
66770,SP,MARACAÍ,1.0,1.0,1.0,372.0,372.0,16000.0,16000.0,1.0,0.0,45.0,0.0,0.0,0.0,0.0,,,,0.0,0.0,,-1.0,-1.0,-1.0,-372.0,,,,-1.0,0.0,,0,1
66796,SP,MARIÁPOLIS,2.0,1.0,2.0,461.0,230.5,4000.0,2000.0,2.0,1.0,76.0,0.0,0.0,0.0,0.0,,,,0.0,0.0,,-2.0,-1.0,-2.0,-461.0,,,,-2.0,-1.0,,0,1
66818,SP,MARÍLIA,1.0,1.0,1.0,500.0,500.0,5000.0,5000.0,1.0,1.0,22.0,12.0,1.0,7.0,7570.0,630.8333333333334,150194.64,12516.220000000001,9.0,8.0,76.0,11.0,0.0,6.0,7070.0,130.83333333333337,145194.64,7516.220000000001,8.0,7.0,54.0,1,1
66834,SP,MARINÓPOLIS,2.0,1.0,1.0,380.0,190.0,2600.0,1300.0,2.0,1.0,76.0,3.0,1.0,2.0,772.0,257.3333333333333,3350.0,1116.6666666666667,1.0,2.0,87.0,1.0,0.0,1.0,392.0,67.33333333333331,750.0,-183.33333333333326,-1.0,1.0,11.0,1,1
66850,SP,MARTINÓPOLIS,1.0,1.0,1.0,1800.0,1800.0,4200.0,4200.0,0.0,1.0,11.0,0.0,0.0,0.0,0.0,,,,0.0,0.0,,-1.0,-1.0,-1.0,-1800.0,,,,0.0,-1.0,,0,1
66877,SP,MATÃO,1.0,1.0,1.0,351.0,351.0,6000.0,6000.0,0.0,1.0,8.0,1.0,1.0,1.0,321.0,321.0,7000.0,7000.0,0.0,1.0,15.0,0.0,0.0,0.0,-30.0,-30.0,1000.0,1000.0,0.0,0.0,7.0,1,1
66893,SP,MAUÁ,7.0,1.0,4.0,3704.0,529.1428571428571,74730.0,10675.714285714286,4.0,4.0,37.0,16.0,1.0,8.0,10234.0,639.625,293471.0,18341.9375,4.0,6.0,95.0,9.0,0.0,4.0,6530.0,110.48214285714289,218741.0,7666.223214285714,0.0,2.0,58.0,1,1
66915,SP,MENDONÇA,2.0,1.0,1.0,523.0,261.5,2698.0,1349.0,2.0,0.0,98.0,2.0,1.0,1.0,417.0,208.5,2100.0,1050.0,0.0,0.0,110.0,0.0,0.0,0.0,-106.0,-53.0,-598.0,-299.0,-2.0,0.0,12.0,1,1
66931,SP,MERIDIANO,4.0,1.0,3.0,1024.0,256.0,9050.0,2262.5,4.0,3.0,78.0,2.0,1.0,1.0,455.0,227.5,2000.0,1000.0,0.0,0.0,111.0,-2.0,0.0,-2.0,-569.0,-28.5,-7050.0,-1262.5,-4.0,-3.0,33.0,1,1
66958,SP,MIGUELÓPOLIS,6.0,1.0,2.0,2410.0,401.6666666666667,28600.0,4766.666666666667,3.0,1.0,296.0,4.0,1.0,4.0,1426.0,356.5,19500.0,4875.0,2.0,3.0,69.0,-2.0,0.0,2.0,-984.0,-45.166666666666686,-9100.0,108.33333333333303,-1.0,2.0,-227.0,1,1
66990,SP,MIRACATU,1.0,1.0,1.0,1060.0,1060.0,3530.0,3530.0,1.0,0.0,43.0,0.0,0.0,0.0,0.0,,,,0.0,0.0,,-1.0,-1.0,-1.0,-1060.0,,,,-1.0,0.0,,0,1
67016,SP,MIRA ESTRELA,1.0,1.0,1.0,250.0,250.0,2000.0,2000.0,1.0,0.0,85.0,3.0,1.0,2.0,657.0,219.0,4100.0,1366.6666666666667,0.0,1.0,97.0,2.0,0.0,1.0,407.0,-31.0,2100.0,-633.3333333333333,-1.0,1.0,12.0,1,1
67075,SP,MIRASSOL,3.0,1.0,2.0,1257.0,419.0,14500.0,4833.333333333333,2.0,2.0,93.0,3.0,1.0,2.0,1369.0,456.3333333333333,17300.0,5766.666666666667,0.0,1.0,96.0,0.0,0.0,0.0,112.0,37.333333333333314,2800.0,933.3333333333339,-2.0,-1.0,3.0,1,1
67091,SP,MIRASSOLÂNDIA,5.0,1.0,3.0,1380.0,276.0,9450.0,1890.0,5.0,3.0,94.0,2.0,1.0,1.0,418.0,209.0,2000.0,1000.0,0.0,0.0,102.0,-3.0,0.0,-2.0,-962.0,-67.0,-7450.0,-890.0,-5.0,-3.0,8.0,1,1
67113,SP,MOCOCA,0.0,0.0,0.0,0.0,,,,0.0,0.0,,1.0,1.0,1.0,400.0,400.0,4000.0,4000.0,0.0,1.0,8.0,1.0,1.0,1.0,400.0,,,,0.0,1.0,,0,1
67130,SP,MOGI DAS CRUZES,15.0,1.0,9.0,8861.0,590.7333333333333,133800.0,8920.0,9.0,4.0,131.0,15.0,1.0,10.0,11200.0,746.6666666666666,247397.0,16493.133333333335,6.0,8.0,155.0,0.0,0.0,1.0,2339.0,155.93333333333328,113597.0,7573.133333333335,-3.0,4.0,24.0,1,1
67156,SP,MOGI GUAÇU,3.0,1.0,2.0,1240.0,413.3333333333333,18500.0,6166.666666666667,3.0,3.0,12.0,4.0,1.0,2.0,2604.0,651.0,52000.0,13000.0,3.0,3.0,46.0,1.0,0.0,0.0,1364.0,237.66666666666669,33500.0,6833.333333333333,0.0,0.0,34.0,1,1
67172,SP,MOGI MIRIM,6.0,1.0,5.0,2510.0,418.3333333333333,79200.0,13200.0,4.0,5.0,77.0,5.0,1.0,3.0,1900.0,380.0,30000.0,6000.0,2.0,4.0,208.0,-1.0,0.0,-2.0,-610.0,-38.333333333333314,-49200.0,-7200.0,-2.0,-1.0,131.0,1,1
67237,SP,MONGAGUÁ,12.0,1.0,5.0,9979.0,831.5833333333334,71760.0,5980.0,9.0,5.0,209.0,20.0,1.0,4.0,18570.0,928.5,167972.42,8398.621000000001,19.0,5.0,274.0,8.0,0.0,-1.0,8591.0,96.91666666666663,96212.42000000001,2418.621000000001,10.0,0.0,65.0,1,1
67296,SP,MONTE APRAZÍVEL,4.0,1.0,3.0,1740.0,435.0,15500.0,3875.0,4.0,3.0,90.0,2.0,1.0,1.0,544.0,272.0,2800.0,1400.0,0.0,0.0,104.0,-2.0,0.0,-2.0,-1196.0,-163.0,-12700.0,-2475.0,-4.0,-3.0,14.0,1,1
67318,SP,MONTE AZUL PAULISTA,5.0,1.0,3.0,2128.0,425.6,46000.0,9200.0,5.0,4.0,85.0,9.0,1.0,3.0,3518.0,390.8888888888889,53500.0,5944.444444444444,1.0,3.0,82.0,4.0,0.0,0.0,1390.0,-34.71111111111111,7500.0,-3255.5555555555557,-4.0,-1.0,-3.0,1,1
67377,SP,MONTE MOR,3.0,1.0,3.0,1270.0,423.3333333333333,15000.0,5000.0,2.0,3.0,11.0,11.0,1.0,5.0,5648.0,513.4545454545455,80000.0,7272.727272727273,7.0,6.0,93.0,8.0,0.0,2.0,4378.0,90.12121212121218,65000.0,2272.727272727273,5.0,3.0,82.0,1,1
67393,SP,MORRO AGUDO,6.0,1.0,2.0,2550.0,425.0,41100.0,6850.0,4.0,4.0,256.0,2.0,1.0,1.0,900.0,450.0,10000.0,5000.0,0.0,1.0,41.0,-4.0,0.0,-1.0,-1650.0,25.0,-31100.0,-1850.0,-4.0,-3.0,-215.0,1,1
67512,SP,NEVES PAULISTA,2.0,1.0,1.0,530.0,265.0,3200.0,1600.0,2.0,1.0,84.0,2.0,1.0,1.0,408.0,204.0,2350.0,1175.0,0.0,0.0,95.0,0.0,0.0,0.0,-122.0,-61.0,-850.0,-425.0,-2.0,-1.0,11.0,1,1
67539,SP,NHANDEARA,2.0,1.0,1.0,606.0,303.0,2950.0,1475.0,2.0,0.0,51.0,2.0,1.0,1.0,465.0,232.5,2300.0,1150.0,0.0,0.0,104.0,0.0,0.0,0.0,-141.0,-70.5,-650.0,-325.0,-2.0,0.0,53.0,1,1
67555,SP,NIPOÃ,2.0,1.0,1.0,450.0,225.0,2700.0,1350.0,2.0,1.0,93.0,2.0,1.0,1.0,428.0,214.0,2100.0,1050.0,0.0,0.0,104.0,0.0,0.0,0.0,-22.0,-11.0,-600.0,-300.0,-2.0,-1.0,11.0,1,1
67571,SP,NOVA ALIANÇA,6.0,1.0,4.0,2003.0,333.8333333333333,78300.0,13050.0,6.0,5.0,76.0,3.0,1.0,2.0,878.0,292.6666666666667,7100.0,2366.6666666666665,1.0,1.0,110.0,-3.0,0.0,-2.0,-1125.0,-41.16666666666663,-71200.0,-10683.333333333334,-5.0,-4.0,34.0,1,1
67610,SP,NOVA GRANADA,3.0,1.0,2.0,1161.0,387.0,12800.0,4266.666666666667,2.0,2.0,51.0,6.0,1.0,3.0,2298.0,383.0,34700.0,5783.333333333333,0.0,4.0,101.0,3.0,0.0,1.0,1137.0,-4.0,21900.0,1516.666666666666,-2.0,2.0,50.0,1,1
67636,SP,NOVA GUATAPORANGA,0.0,0.0,0.0,0.0,,,,0.0,0.0,,1.0,1.0,1.0,324.0,324.0,4000.0,4000.0,1.0,1.0,10.0,1.0,1.0,1.0,324.0,,,,1.0,1.0,,0,1
67679,SP,NOVA LUZITÂNIA,1.0,1.0,1.0,337.0,337.0,8000.0,8000.0,1.0,1.0,7.0,1.0,1.0,1.0,207.0,207.0,1000.0,1000.0,0.0,1.0,16.0,0.0,0.0,0.0,-130.0,-130.0,-7000.0,-7000.0,-1.0,0.0,9.0,1,1
67695,SP,NOVA ODESSA,2.0,1.0,1.0,800.0,400.0,6000.0,3000.0,2.0,2.0,7.0,8.0,1.0,4.0,3410.0,426.25,82500.0,10312.5,3.0,2.0,205.0,6.0,0.0,3.0,2610.0,26.25,76500.0,7312.5,1.0,0.0,198.0,1,1
67717,SP,NOVO HORIZONTE,4.0,1.0,2.0,1682.0,420.5,43200.0,10800.0,4.0,3.0,96.0,2.0,1.0,1.0,741.0,370.5,4200.0,2100.0,0.0,1.0,83.0,-2.0,0.0,-1.0,-941.0,-50.0,-39000.0,-8700.0,-4.0,-2.0,-13.0,1,1
67733,SP,NUPORANGA,4.0,1.0,2.0,1150.0,287.5,17300.0,4325.0,2.0,3.0,253.0,0.0,0.0,0.0,0.0,,,,0.0,0.0,,-4.0,-1.0,-2.0,-1150.0,,,,-2.0,-3.0,,0,1
67750,SP,OCAUÇU,0.0,0.0,0.0,0.0,,,,0.0,0.0,,2.0,1.0,1.0,692.0,346.0,10000.0,5000.0,0.0,2.0,6.0,2.0,1.0,1.0,692.0,,,,0.0,2.0,,0,1
67792,SP,OLÍMPIA,5.0,1.0,4.0,2456.0,491.2,22800.0,4560.0,3.0,2.0,138.0,7.0,1.0,4.0,3904.0,557.7142857142857,58600.0,8371.42857142857,0.0,5.0,80.0,2.0,0.0,0.0,1448.0,66.51428571428568,35800.0,3811.4285714285706,-3.0,3.0,-58.0,1,1
67814,SP,ONDA VERDE,4.0,1.0,3.0,943.0,235.75,8122.0,2030.5,4.0,3.0,47.0,3.0,1.0,2.0,702.0,234.0,12000.0,4000.0,0.0,2.0,101.0,-1.0,0.0,-1.0,-241.0,-1.75,3878.0,1969.5,-4.0,-1.0,54.0,1,1
67830,SP,ORIENTE,3.0,1.0,2.0,1024.0,341.3333333333333,35100.0,11700.0,2.0,3.0,17.0,0.0,0.0,0.0,0.0,,,,0.0,0.0,,-3.0,-1.0,-2.0,-1024.0,,,,-2.0,-3.0,,0,1
67857,SP,ORINDIÚVA,3.0,1.0,2.0,791.0,263.6666666666667,4750.0,1583.3333333333333,3.0,2.0,85.0,1.0,1.0,1.0,219.0,219.0,1000.0,1000.0,0.0,0.0,107.0,-2.0,0.0,-1.0,-572.0,-44.666666666666686,-3750.0,-583.3333333333333,-3.0,-2.0,22.0,1,1
67873,SP,ORLÂNDIA,1.0,1.0,1.0,400.0,400.0,5800.0,5800.0,1.0,1.0,19.0,2.0,1.0,2.0,804.0,402.0,10000.0,5000.0,0.0,2.0,12.0,1.0,0.0,1.0,404.0,2.0,4200.0,-800.0,-1.0,1.0,-7.0,1,1
67890,SP,OSASCO,5.0,1.0,4.0,3600.0,720.0,32000.0,6400.0,5.0,3.0,43.0,10.0,1.0,6.0,7630.0,763.0,171097.0,17109.7,5.0,8.0,66.0,5.0,0.0,2.0,4030.0,43.0,139097.0,10709.7,0.0,5.0,23.0,1,1
67938,SP,OSVALDO CRUZ,1.0,1.0,1.0,380.0,380.0,12800.0,12800.0,1.0,1.0,17.0,0.0,0.0,0.0,0.0,,,,0.0,0.0,,-1.0,-1.0,-1.0,-380.0,,,,-1.0,-1.0,,0,1
67954,SP,OURINHOS,2.0,1.0,2.0,928.0,464.0,12000.0,6000.0,1.0,2.0,21.0,2.0,1.0,2.0,1080.0,540.0,5000.0,2500.0,1.0,1.0,213.0,0.0,0.0,0.0,152.0,76.0,-7000.0,-3500.0,0.0,-1.0,192.0,1,1
67970,SP,OURO VERDE,0.0,0.0,0.0,0.0,,,,0.0,0.0,,3.0,1.0,3.0,1124.0,374.6666666666667,23500.0,7833.333333333333,0.0,3.0,8.0,3.0,1.0,3.0,1124.0,,,,0.0,3.0,,0,1
67997,SP,PACAEMBU,1.0,1.0,1.0,243.0,243.0,2500.0,2500.0,1.0,1.0,4.0,0.0,0.0,0.0,0.0,,,,0.0,0.0,,-1.0,-1.0,-1.0,-243.0,,,,-1.0,-1.0,,0,1
68012,SP,PALESTINA,3.0,1.0,2.0,993.0,331.0,12210.0,4070.0,2.0,1.0,88.0,3.0,1.0,2.0,914.0,304.6666666666667,11200.0,3733.3333333333335,0.0,0.0,103.0,0.0,0.0,0.0,-79.0,-26.333333333333314,-1010.0,-336.6666666666665,-2.0,-1.0,15.0,1,1
68039,SP,PALMARES PAULISTA,4.0,1.0,2.0,1057.0,264.25,11555.0,2888.75,3.0,3.0,89.0,2.0,1.0,1.0,421.0,210.5,2400.0,1200.0,0.0,1.0,94.0,-2.0,0.0,-1.0,-636.0,-53.75,-9155.0,-1688.75,-3.0,-2.0,5.0,1,1
68055,SP,PALMEIRA D'OESTE,4.0,1.0,2.0,1057.0,264.25,16613.0,4153.25,4.0,2.0,81.0,3.0,1.0,2.0,832.0,277.3333333333333,5700.0,1900.0,1.0,2.0,87.0,-1.0,0.0,0.0,-225.0,13.083333333333314,-10913.0,-2253.25,-3.0,0.0,6.0,1,1
68071,SP,PALMITAL,1.0,1.0,1.0,301.0,301.0,5000.0,5000.0,1.0,1.0,2.0,0.0,0.0,0.0,0.0,,,,0.0,0.0,,-1.0,-1.0,-1.0,-301.0,,,,-1.0,-1.0,,0,1
68098,SP,PANORAMA,2.0,1.0,2.0,615.0,307.5,14170.0,7085.0,2.0,2.0,17.0,0.0,0.0,0.0,0.0,,,,0.0,0.0,,-2.0,-1.0,-2.0,-615.0,,,,-2.0,-2.0,,0,1
68110,SP,PARAGUAÇU PAULISTA,2.0,1.0,1.0,812.0,406.0,10000.0,5000.0,0.0,2.0,21.0,0.0,0.0,0.0,0.0,,,,0.0,0.0,,-2.0,-1.0,-1.0,-812.0,,,,0.0,-2.0,,0,1
68136,SP,PARAIBUNA,1.0,1.0,1.0,400.0,400.0,8000.0,8000.0,1.0,1.0,11.0,1.0,1.0,1.0,400.0,400.0,8000.0,8000.0,1.0,1.0,22.0,0.0,0.0,0.0,0.0,0.0,0.0,0.0,0.0,0.0,11.0,1,1
68152,SP,PARAÍSO,2.0,1.0,1.0,464.0,232.0,3000.0,1500.0,2.0,1.0,76.0,1.0,1.0,1.0,203.0,203.0,1000.0,1000.0,0.0,1.0,26.0,-1.0,0.0,0.0,-261.0,-29.0,-2000.0,-500.0,-2.0,0.0,-50.0,1,1
68179,SP,PARANAPANEMA,5.0,1.0,3.0,2064.0,412.8,23500.0,4700.0,4.0,5.0,30.0,3.0,1.0,2.0,1050.0,350.0,10000.0,3333.3333333333335,1.0,3.0,10.0,-2.0,0.0,-1.0,-1014.0,-62.80000000000001,-13500.0,-1366.6666666666665,-3.0,-2.0,-20.0,1,1
68195,SP,PARANAPUÃ,2.0,1.0,1.0,435.0,217.5,2604.0,1302.0,2.0,1.0,78.0,2.0,1.0,1.0,422.0,211.0,1900.0,950.0,0.0,1.0,96.0,0.0,0.0,0.0,-13.0,-6.5,-704.0,-352.0,-2.0,0.0,18.0,1,1
68276,SP,PATROCÍNIO PAULISTA,1.0,1.0,1.0,350.0,350.0,6400.0,6400.0,1.0,0.0,245.0,2.0,1.0,2.0,775.0,387.5,10500.0,5250.0,0.0,2.0,11.0,1.0,0.0,1.0,425.0,37.5,4100.0,-1150.0,-1.0,2.0,-234.0,1,1
68292,SP,PAULICÉIA,1.0,1.0,1.0,363.0,363.0,12800.0,12800.0,1.0,1.0,17.0,0.0,0.0,0.0,0.0,,,,0.0,0.0,,-1.0,-1.0,-1.0,-363.0,,,,-1.0,-1.0,,0,1
68314,SP,PAULÍNIA,8.0,1.0,2.0,4574.0,571.75,70000.0,8750.0,7.0,5.0,273.0,24.0,1.0,6.0,11194.0,466.4166666666667,242500.0,10104.166666666666,14.0,11.0,212.0,16.0,0.0,4.0,6620.0,-105.33333333333331,172500.0,1354.166666666666,7.0,6.0,-61.0,1,1
68330,SP,PAULO DE FARIA,2.0,1.0,1.0,662.0,331.0,2840.0,1420.0,2.0,1.0,104.0,2.0,1.0,1.0,481.0,240.5,2100.0,1050.0,0.0,0.0,108.0,0.0,0.0,0.0,-181.0,-90.5,-740.0,-370.0,-2.0,-1.0,4.0,1,1
68390,SP,PEDRANÓPOLIS,4.0,1.0,3.0,729.0,182.25,6992.0,1748.0,3.0,2.0,84.0,2.0,1.0,1.0,460.0,230.0,2100.0,1050.0,0.0,0.0,114.0,-2.0,0.0,-2.0,-269.0,47.75,-4892.0,-698.0,-3.0,-2.0,30.0,1,1
68411,SP,PEDREGULHO,2.0,1.0,1.0,550.0,275.0,9600.0,4800.0,2.0,1.0,33.0,2.0,1.0,1.0,800.0,400.0,25000.0,12500.0,0.0,2.0,20.0,0.0,0.0,0.0,250.0,125.0,15400.0,7700.0,-2.0,1.0,-13.0,1,1
68438,SP,PEDREIRA,0.0,0.0,0.0,0.0,,,,0.0,0.0,,6.0,1.0,3.0,2370.0,395.0,39500.0,6583.333333333333,2.0,4.0,177.0,6.0,1.0,3.0,2370.0,,,,2.0,4.0,,0,1
68454,SP,PEDRO DE TOLEDO,0.0,0.0,0.0,0.0,,,,0.0,0.0,,4.0,1.0,2.0,2146.0,536.5,25500.0,6375.0,3.0,1.0,263.0,4.0,1.0,2.0,2146.0,,,,3.0,1.0,,0,1
68470,SP,PENÁPOLIS,3.0,1.0,2.0,1500.0,500.0,9600.0,3200.0,2.0,3.0,18.0,1.0,1.0,1.0,300.0,300.0,8000.0,8000.0,0.0,1.0,9.0,-2.0,0.0,-1.0,-1200.0,-200.0,-1600.0,4800.0,-2.0,-2.0,-9.0,1,1
68497,SP,PEREIRA BARRETO,0.0,0.0,0.0,0.0,,,,0.0,0.0,,1.0,1.0,1.0,320.0,320.0,1800.0,1800.0,0.0,1.0,16.0,1.0,1.0,1.0,320.0,,,,0.0,1.0,,0,1
68535,SP,PERUÍBE,10.0,1.0,6.0,7082.0,708.2,46760.0,4676.0,7.0,5.0,100.0,15.0,1.0,5.0,11129.0,741.9333333333333,132125.7,8808.380000000001,12.0,7.0,274.0,5.0,0.0,-1.0,4047.0,33.733333333333235,85365.70000000001,4132.380000000001,5.0,2.0,174.0,1,1
68578,SP,PIEDADE,0.0,0.0,0.0,0.0,,,,0.0,0.0,,4.0,1.0,3.0,1712.0,428.0,69639.86,17409.965,1.0,2.0,130.0,4.0,1.0,3.0,1712.0,,,,1.0,2.0,,0,1
68616,SP,PINDAMONHANGABA,2.0,1.0,2.0,1000.0,500.0,11000.0,5500.0,2.0,1.0,39.0,11.0,1.0,6.0,6868.0,624.3636363636364,137500.0,12500.0,1.0,7.0,227.0,9.0,0.0,4.0,5868.0,124.36363636363637,126500.0,7000.0,-1.0,6.0,188.0,1,1
68632,SP,PINDORAMA,4.0,1.0,2.0,1213.0,303.25,36100.0,9025.0,4.0,3.0,64.0,2.0,1.0,1.0,519.0,259.5,2550.0,1275.0,0.0,1.0,90.0,-2.0,0.0,-1.0,-694.0,-43.75,-33550.0,-7750.0,-4.0,-2.0,26.0,1,1
68659,SP,ESPÍRITO SANTO DO PINHAL,1.0,1.0,1.0,400.0,400.0,4000.0,4000.0,1.0,1.0,9.0,0.0,0.0,0.0,0.0,,,,0.0,0.0,,-1.0,-1.0,-1.0,-400.0,,,,-1.0,-1.0,,0,1
68691,SP,PIQUEROBI,2.0,1.0,2.0,395.0,197.5,2576.0,1288.0,2.0,2.0,11.0,0.0,0.0,0.0,0.0,,,,0.0,0.0,,-2.0,-1.0,-2.0,-395.0,,,,-2.0,-2.0,,0,1
68730,SP,PIRACAIA,0.0,0.0,0.0,0.0,,,,0.0,0.0,,1.0,1.0,1.0,753.0,753.0,3000.0,3000.0,1.0,1.0,5.0,1.0,1.0,1.0,753.0,,,,1.0,1.0,,0,1
68756,SP,PIRACICABA,5.0,1.0,4.0,2820.0,564.0,33000.0,6600.0,4.0,4.0,39.0,30.0,1.0,12.0,18519.0,617.3,589051.0,19635.033333333333,15.0,10.0,199.0,25.0,0.0,8.0,15699.0,53.299999999999955,556051.0,13035.033333333333,11.0,6.0,160.0,1,1
68772,SP,PIRAJU,0.0,0.0,0.0,0.0,,,,0.0,0.0,,1.0,1.0,1.0,400.0,400.0,8000.0,8000.0,0.0,1.0,6.0,1.0,1.0,1.0,400.0,,,,0.0,1.0,,0,1
68810,SP,PIRANGI,3.0,1.0,2.0,903.0,301.0,6000.0,2000.0,3.0,2.0,87.0,2.0,1.0,2.0,519.0,259.5,6200.0,3100.0,1.0,1.0,31.0,-1.0,0.0,0.0,-384.0,-41.5,200.0,1100.0,-2.0,-1.0,-56.0,1,1
68837,SP,PIRAPORA DO BOM JESUS,5.0,1.0,2.0,2000.0,400.0,26000.0,5200.0,5.0,4.0,191.0,1.0,1.0,1.0,400.0,400.0,5000.0,5000.0,1.0,0.0,68.0,-4.0,0.0,-1.0,-1600.0,0.0,-21000.0,-200.0,-4.0,-4.0,-123.0,1,1
68853,SP,PIRAPOZINHO,0.0,0.0,0.0,0.0,,,,0.0,0.0,,1.0,1.0,1.0,350.0,350.0,10000.0,10000.0,0.0,1.0,14.0,1.0,1.0,1.0,350.0,,,,0.0,1.0,,0,1
68870,SP,PIRASSUNUNGA,2.0,1.0,2.0,878.0,439.0,33900.0,16950.0,2.0,2.0,9.0,0.0,0.0,0.0,0.0,,,,0.0,0.0,,-2.0,-1.0,-2.0,-878.0,,,,-2.0,-2.0,,0,1
68918,SP,PITANGUEIRAS,1.0,1.0,1.0,300.0,300.0,2500.0,2500.0,1.0,1.0,9.0,1.0,1.0,1.0,540.0,540.0,5500.0,5500.0,0.0,1.0,19.0,0.0,0.0,0.0,240.0,240.0,3000.0,3000.0,-1.0,0.0,10.0,1,1
68934,SP,PLANALTO,9.0,1.0,4.0,2954.0,328.22222222222223,85450.0,9494.444444444445,9.0,5.0,98.0,2.0,1.0,1.0,415.0,207.5,1900.0,950.0,0.0,1.0,95.0,-7.0,0.0,-3.0,-2539.0,-120.72222222222223,-83550.0,-8544.444444444445,-9.0,-4.0,-3.0,1,1
68977,SP,POÁ,7.0,1.0,5.0,3016.0,430.85714285714283,58000.0,8285.714285714286,6.0,7.0,27.0,11.0,1.0,7.0,4684.0,425.8181818181818,110700.0,10063.636363636364,4.0,7.0,209.0,4.0,0.0,2.0,1668.0,-5.03896103896102,52700.0,1777.9220779220777,-2.0,0.0,182.0,1,1
68993,SP,POLONI,2.0,1.0,1.0,459.0,229.5,3000.0,1500.0,2.0,1.0,62.0,2.0,1.0,1.0,406.0,203.0,2100.0,1050.0,0.0,1.0,103.0,0.0,0.0,0.0,-53.0,-26.5,-900.0,-450.0,-2.0,0.0,41.0,1,1
69019,SP,POMPÉIA,4.0,1.0,3.0,1531.0,382.75,58500.0,14625.0,3.0,4.0,17.0,3.0,1.0,2.0,1058.0,352.6666666666667,23000.0,7666.666666666667,1.0,2.0,37.0,-1.0,0.0,-1.0,-473.0,-30.083333333333314,-35500.0,-6958.333333333333,-2.0,-2.0,20.0,1,1
69051,SP,PONTAL,3.0,1.0,3.0,1630.0,543.3333333333334,7507.0,2502.3333333333335,3.0,2.0,195.0,0.0,0.0,0.0,0.0,,,,0.0,0.0,,-3.0,-1.0,-3.0,-1630.0,,,,-3.0,-2.0,,0,1
69078,SP,PONTES GESTAL,2.0,1.0,1.0,366.0,183.0,2450.0,1225.0,2.0,1.0,82.0,2.0,1.0,1.0,416.0,208.0,2100.0,1050.0,0.0,0.0,107.0,0.0,0.0,0.0,50.0,25.0,-350.0,-175.0,-2.0,-1.0,25.0,1,1
69094,SP,POPULINA,2.0,1.0,1.0,433.0,216.5,2618.0,1309.0,2.0,0.0,89.0,8.0,1.0,3.0,1598.0,199.75,15900.0,1987.5,1.0,3.0,134.0,6.0,0.0,2.0,1165.0,-16.75,13282.0,678.5,-1.0,3.0,45.0,1,1
69132,SP,PORTO FELIZ,0.0,0.0,0.0,0.0,,,,0.0,0.0,,1.0,1.0,1.0,1060.0,1060.0,8000.0,8000.0,1.0,1.0,13.0,1.0,1.0,1.0,1060.0,,,,1.0,1.0,,0,1
69159,SP,PORTO FERREIRA,1.0,1.0,1.0,381.0,381.0,16800.0,16800.0,1.0,1.0,4.0,6.0,1.0,3.0,2739.0,456.5,34500.0,5750.0,4.0,5.0,104.0,5.0,0.0,2.0,2358.0,75.5,17700.0,-11050.0,3.0,4.0,100.0,1,1
69175,SP,POTIRENDABA,6.0,1.0,3.0,2712.0,452.0,76376.0,12729.333333333334,6.0,4.0,92.0,5.0,1.0,3.0,1937.0,387.4,21800.0,4360.0,2.0,3.0,111.0,-1.0,0.0,0.0,-775.0,-64.60000000000002,-54576.0,-8369.333333333334,-4.0,-1.0,19.0,1,1
69191,SP,PRADÓPOLIS,0.0,0.0,0.0,0.0,,,,0.0,0.0,,2.0,1.0,2.0,1223.0,611.5,8000.0,4000.0,0.0,2.0,6.0,2.0,1.0,2.0,1223.0,,,,0.0,2.0,,0,1
69213,SP,PRAIA GRANDE,20.0,1.0,7.0,22818.0,1140.9,128480.0,6424.0,16.0,7.0,101.0,15.0,1.0,5.0,12829.0,855.2666666666667,192905.93,12860.395333333332,12.0,6.0,274.0,-5.0,0.0,-2.0,-9989.0,-285.63333333333344,64425.92999999999,6436.395333333332,-4.0,-1.0,173.0,1,1
69256,SP,PRESIDENTE BERNARDES,0.0,0.0,0.0,0.0,,,,0.0,0.0,,2.0,1.0,2.0,824.0,412.0,18000.0,9000.0,1.0,2.0,8.0,2.0,1.0,2.0,824.0,,,,1.0,2.0,,0,1
69272,SP,PRESIDENTE EPITÁCIO,1.0,1.0,1.0,591.0,591.0,7500.0,7500.0,0.0,1.0,4.0,4.0,1.0,3.0,2150.0,537.5,42000.0,10500.0,0.0,4.0,24.0,3.0,0.0,2.0,1559.0,-53.5,34500.0,3000.0,0.0,3.0,20.0,1,1
69299,SP,PRESIDENTE PRUDENTE,2.0,1.0,1.0,1162.0,581.0,24000.0,12000.0,2.0,2.0,28.0,10.0,1.0,6.0,6919.0,691.9,128778.0,12877.8,3.0,8.0,224.0,8.0,0.0,5.0,5757.0,110.89999999999998,104778.0,877.7999999999993,1.0,6.0,196.0,1,1
69310,SP,PRESIDENTE VENCESLAU,2.0,1.0,2.0,950.0,475.0,16700.0,8350.0,0.0,2.0,16.0,1.0,1.0,1.0,800.0,800.0,12000.0,12000.0,0.0,1.0,7.0,-1.0,0.0,-1.0,-150.0,325.0,-4700.0,3650.0,0.0,-1.0,-9.0,1,1
69337,SP,PROMISSÃO,4.0,1.0,2.0,1465.0,366.25,14000.0,3500.0,2.0,3.0,37.0,2.0,1.0,1.0,630.0,315.0,10000.0,5000.0,0.0,2.0,21.0,-2.0,0.0,-1.0,-835.0,-51.25,-4000.0,1500.0,-2.0,-1.0,-16.0,1,1
69353,SP,QUATÁ,0.0,0.0,0.0,0.0,,,,0.0,0.0,,1.0,1.0,1.0,500.0,500.0,14000.0,14000.0,0.0,1.0,9.0,1.0,1.0,1.0,500.0,,,,0.0,1.0,,0,1
69418,SP,QUINTANA,3.0,1.0,2.0,1024.0,341.3333333333333,44700.0,14900.0,2.0,3.0,23.0,1.0,1.0,1.0,300.0,300.0,7500.0,7500.0,0.0,1.0,10.0,-2.0,0.0,-1.0,-724.0,-41.333333333333314,-37200.0,-7400.0,-2.0,-2.0,-13.0,1,1
69434,SP,RAFARD,0.0,0.0,0.0,0.0,,,,0.0,0.0,,1.0,1.0,1.0,400.0,400.0,10000.0,10000.0,1.0,0.0,54.0,1.0,1.0,1.0,400.0,,,,1.0,0.0,,0,1
69450,SP,RANCHARIA,1.0,1.0,1.0,380.0,380.0,12800.0,12800.0,1.0,1.0,17.0,0.0,0.0,0.0,0.0,,,,0.0,0.0,,-1.0,-1.0,-1.0,-380.0,,,,-1.0,-1.0,,0,1
69515,SP,REGINÓPOLIS,0.0,0.0,0.0,0.0,,,,0.0,0.0,,1.0,1.0,1.0,400.0,400.0,5000.0,5000.0,1.0,0.0,-617.0,1.0,1.0,1.0,400.0,,,,1.0,0.0,,0,1
69531,SP,REGISTRO,0.0,0.0,0.0,0.0,,,,0.0,0.0,,2.0,1.0,2.0,1253.0,626.5,13000.0,6500.0,1.0,2.0,7.0,2.0,1.0,2.0,1253.0,,,,1.0,2.0,,0,1
69558,SP,RESTINGA,1.0,1.0,1.0,200.0,200.0,3800.0,3800.0,1.0,1.0,5.0,1.0,1.0,1.0,400.0,400.0,7800.0,7800.0,0.0,1.0,9.0,0.0,0.0,0.0,200.0,200.0,4000.0,4000.0,-1.0,0.0,4.0,1,1
69590,SP,RIBEIRÃO BONITO,0.0,0.0,0.0,0.0,,,,0.0,0.0,,1.0,1.0,1.0,753.0,753.0,3000.0,3000.0,1.0,1.0,7.0,1.0,1.0,1.0,753.0,,,,1.0,1.0,,0,1
69612,SP,RIBEIRÃO BRANCO,1.0,1.0,1.0,430.0,430.0,5000.0,5000.0,0.0,1.0,3.0,0.0,0.0,0.0,0.0,,,,0.0,0.0,,-1.0,-1.0,-1.0,-430.0,,,,0.0,-1.0,,0,1
69639,SP,RIBEIRÃO CORRENTE,3.0,1.0,1.0,740.0,246.66666666666666,10600.0,3533.3333333333335,3.0,2.0,50.0,2.0,1.0,1.0,710.0,355.0,13000.0,6500.0,0.0,2.0,14.0,-1.0,0.0,0.0,-30.0,108.33333333333334,2400.0,2966.6666666666665,-3.0,0.0,-36.0,1,1
69655,SP,RIBEIRÃO DO SUL,0.0,0.0,0.0,0.0,,,,0.0,0.0,,1.0,1.0,1.0,300.0,300.0,8000.0,8000.0,0.0,1.0,8.0,1.0,1.0,1.0,300.0,,,,0.0,1.0,,0,1
69671,SP,RIBEIRÃO PIRES,8.0,1.0,8.0,4618.0,577.25,83360.0,10420.0,6.0,3.0,58.0,8.0,1.0,6.0,4522.0,565.25,135000.0,16875.0,2.0,5.0,186.0,0.0,0.0,-2.0,-96.0,-12.0,51640.0,6455.0,-4.0,2.0,128.0,1,1
69698,SP,RIBEIRÃO PRETO,9.0,1.0,4.0,4984.0,553.7777777777778,269456.0,29939.555555555555,3.0,3.0,58.0,16.0,1.0,6.0,13646.0,852.875,670816.0,41926.0,10.0,5.0,118.0,7.0,0.0,2.0,8662.0,299.0972222222222,401360.0,11986.444444444445,7.0,2.0,60.0,1,1
69710,SP,RIVERSUL,0.0,0.0,0.0,0.0,,,,0.0,0.0,,1.0,1.0,1.0,250.0,250.0,10000.0,10000.0,0.0,1.0,7.0,1.0,1.0,1.0,250.0,,,,0.0,1.0,,0,1
69736,SP,RIFAINA,1.0,1.0,1.0,250.0,250.0,2500.0,2500.0,1.0,1.0,6.0,2.0,1.0,2.0,702.0,351.0,9000.0,4500.0,0.0,2.0,8.0,1.0,0.0,1.0,452.0,101.0,6500.0,2000.0,-1.0,1.0,2.0,1,1
69795,SP,RIO CLARO,7.0,1.0,4.0,3892.0,556.0,74000.0,10571.42857142857,0.0,4.0,250.0,6.0,1.0,2.0,3047.0,507.8333333333333,72000.0,12000.0,3.0,2.0,142.0,-1.0,0.0,-2.0,-845.0,-48.166666666666686,-2000.0,1428.5714285714294,3.0,-2.0,-108.0,1,1
69817,SP,RIO DAS PEDRAS,2.0,1.0,2.0,840.0,420.0,23200.0,11600.0,0.0,2.0,6.0,0.0,0.0,0.0,0.0,,,,0.0,0.0,,-2.0,-1.0,-2.0,-840.0,,,,0.0,-2.0,,0,1
69833,SP,RIO GRANDE DA SERRA,3.0,1.0,3.0,1274.0,424.6666666666667,45480.0,15160.0,1.0,3.0,19.0,7.0,1.0,4.0,3390.0,484.2857142857143,98000.0,14000.0,2.0,3.0,248.0,4.0,0.0,1.0,2116.0,59.61904761904759,52520.0,-1160.0,1.0,0.0,229.0,1,1
69850,SP,RIOLÂNDIA,3.0,1.0,2.0,857.0,285.6666666666667,6350.0,2116.6666666666665,3.0,1.0,77.0,2.0,1.0,1.0,572.0,286.0,2600.0,1300.0,0.0,0.0,108.0,-1.0,0.0,-1.0,-285.0,0.3333333333333144,-3750.0,-816.6666666666665,-3.0,-1.0,31.0,1,1
69914,SP,RUBINÉIA,4.0,1.0,2.0,1070.0,267.5,17533.0,4383.25,2.0,2.0,82.0,3.0,1.0,2.0,732.0,244.0,5900.0,1966.6666666666667,0.0,2.0,93.0,-1.0,0.0,0.0,-338.0,-23.5,-11633.0,-2416.583333333333,-2.0,0.0,11.0,1,1
69973,SP,SALES,2.0,1.0,1.0,536.0,268.0,2761.0,1380.5,2.0,0.0,46.0,2.0,1.0,1.0,422.0,211.0,2100.0,1050.0,0.0,0.0,97.0,0.0,0.0,0.0,-114.0,-57.0,-661.0,-330.5,-2.0,0.0,51.0,1,1
69990,SP,SALES OLIVEIRA,2.0,1.0,2.0,550.0,275.0,6300.0,3150.0,2.0,2.0,19.0,0.0,0.0,0.0,0.0,,,,0.0,0.0,,-2.0,-1.0,-2.0,-550.0,,,,-2.0,-2.0,,0,1
70017,SP,SALESÓPOLIS,0.0,0.0,0.0,0.0,,,,0.0,0.0,,5.0,1.0,3.0,1700.0,340.0,42000.0,8400.0,2.0,4.0,159.0,5.0,1.0,3.0,1700.0,,,,2.0,4.0,,0,1
70033,SP,SALMOURÃO,0.0,0.0,0.0,0.0,,,,0.0,0.0,,1.0,1.0,1.0,300.0,300.0,10000.0,10000.0,0.0,1.0,15.0,1.0,1.0,1.0,300.0,,,,0.0,1.0,,0,1
70050,SP,SALTO,1.0,1.0,1.0,472.0,472.0,8000.0,8000.0,1.0,1.0,6.0,0.0,0.0,0.0,0.0,,,,0.0,0.0,,-1.0,-1.0,-1.0,-472.0,,,,-1.0,-1.0,,0,1
70076,SP,SALTO DE PIRAPORA,0.0,0.0,0.0,0.0,,,,0.0,0.0,,1.0,1.0,1.0,300.0,300.0,8000.0,8000.0,0.0,1.0,15.0,1.0,1.0,1.0,300.0,,,,0.0,1.0,,0,1
70130,SP,SANTA ADÉLIA,7.0,1.0,3.0,2506.0,358.0,92100.0,13157.142857142857,7.0,5.0,95.0,4.0,1.0,2.0,1320.0,330.0,19550.0,4887.5,0.0,2.0,79.0,-3.0,0.0,-1.0,-1186.0,-28.0,-72550.0,-8269.642857142857,-7.0,-3.0,-16.0,1,1
70157,SP,SANTA ALBERTINA,3.0,1.0,1.0,763.0,254.33333333333334,4690.0,1563.3333333333333,3.0,0.0,91.0,1.0,1.0,1.0,211.0,211.0,1000.0,1000.0,0.0,0.0,97.0,-2.0,0.0,0.0,-552.0,-43.33333333333334,-3690.0,-563.3333333333333,-3.0,0.0,6.0,1,1
70173,SP,SANTA BÁRBARA D'OESTE,4.0,1.0,2.0,8300.0,2075.0,31500.0,7875.0,3.0,4.0,28.0,9.0,1.0,4.0,5390.0,598.8888888888889,72500.0,8055.555555555556,1.0,4.0,179.0,5.0,0.0,2.0,-2910.0,-1476.111111111111,41000.0,180.55555555555566,-2.0,0.0,151.0,1,1
70238,SP,SANTA CLARA D'OESTE,2.0,1.0,1.0,424.0,212.0,2461.0,1230.5,2.0,0.0,103.0,2.0,1.0,1.0,420.0,210.0,1900.0,950.0,0.0,1.0,81.0,0.0,0.0,0.0,-4.0,-2.0,-561.0,-280.5,-2.0,1.0,-22.0,1,1
70270,SP,SANTA CRUZ DAS PALMEIRAS,2.0,1.0,2.0,888.0,444.0,18500.0,9250.0,1.0,2.0,10.0,4.0,1.0,4.0,1669.0,417.25,19000.0,4750.0,1.0,3.0,74.0,2.0,0.0,2.0,781.0,-26.75,500.0,-4500.0,0.0,1.0,64.0,1,1
70297,SP,SANTA CRUZ DO RIO PARDO,1.0,1.0,1.0,468.0,468.0,5000.0,5000.0,1.0,1.0,6.0,1.0,1.0,1.0,815.0,815.0,13000.0,13000.0,0.0,1.0,9.0,0.0,0.0,0.0,347.0,347.0,8000.0,8000.0,-1.0,0.0,3.0,1,1
70319,SP,SANTA ERNESTINA,1.0,1.0,1.0,324.0,324.0,2500.0,2500.0,1.0,1.0,7.0,0.0,0.0,0.0,0.0,,,,0.0,0.0,,-1.0,-1.0,-1.0,-324.0,,,,-1.0,-1.0,,0,1
70335,SP,SANTA FÉ DO SUL,3.0,1.0,2.0,1259.0,419.6666666666667,16300.0,5433.333333333333,2.0,2.0,81.0,3.0,1.0,2.0,1130.0,376.6666666666667,23600.0,7866.666666666667,0.0,2.0,83.0,0.0,0.0,0.0,-129.0,-43.0,7300.0,2433.333333333334,-2.0,0.0,2.0,1,1
70351,SP,SANTA GERTRUDES,0.0,0.0,0.0,0.0,,,,0.0,0.0,,1.0,1.0,1.0,400.0,400.0,8700.0,8700.0,0.0,1.0,8.0,1.0,1.0,1.0,400.0,,,,0.0,1.0,,0,1
70378,SP,SANTA ISABEL,4.0,1.0,2.0,1680.0,420.0,47000.0,11750.0,2.0,3.0,46.0,4.0,1.0,2.0,1568.0,392.0,27000.0,6750.0,2.0,3.0,200.0,0.0,0.0,0.0,-112.0,-28.0,-20000.0,-5000.0,0.0,0.0,154.0,1,1
70432,SP,SANTA MERCEDES,1.0,1.0,1.0,165.0,165.0,520.0,520.0,1.0,1.0,11.0,1.0,1.0,1.0,300.0,300.0,9000.0,9000.0,0.0,1.0,7.0,0.0,0.0,0.0,135.0,135.0,8480.0,8480.0,-1.0,0.0,-4.0,1,1
70459,SP,SANTANA DA PONTE PENSA,2.0,1.0,1.0,381.0,190.5,2750.0,1375.0,2.0,1.0,103.0,4.0,1.0,2.0,1115.0,278.75,7300.0,1825.0,2.0,1.0,100.0,2.0,0.0,1.0,734.0,88.25,4550.0,450.0,0.0,0.0,-3.0,1,1
70475,SP,SANTANA DE PARNAÍBA,2.0,1.0,1.0,795.0,397.5,16000.0,8000.0,2.0,1.0,104.0,4.0,1.0,2.0,1900.0,475.0,24000.0,6000.0,4.0,1.0,79.0,2.0,0.0,1.0,1105.0,77.5,8000.0,-2000.0,2.0,0.0,-25.0,1,1
70491,SP,SANTA RITA D'OESTE,3.0,1.0,2.0,715.0,238.33333333333334,10400.0,3466.6666666666665,2.0,2.0,103.0,2.0,1.0,1.0,420.0,210.0,1900.0,950.0,0.0,1.0,81.0,-1.0,0.0,-1.0,-295.0,-28.333333333333343,-8500.0,-2516.6666666666665,-2.0,-1.0,-22.0,1,1
70556,SP,SANTO ANASTÁCIO,1.0,1.0,1.0,246.0,246.0,2000.0,2000.0,1.0,1.0,9.0,3.0,1.0,2.0,1060.0,353.3333333333333,28000.0,9333.333333333334,0.0,3.0,11.0,2.0,0.0,1.0,814.0,107.33333333333331,26000.0,7333.333333333334,-1.0,2.0,2.0,1,1
70572,SP,SANTO ANDRÉ,5.0,1.0,5.0,4802.0,960.4,80160.0,16032.0,3.0,2.0,204.0,28.0,1.0,11.0,23430.0,836.7857142857143,486977.0,17392.035714285714,5.0,11.0,223.0,23.0,0.0,6.0,18628.0,-123.61428571428564,406817.0,1360.0357142857138,2.0,9.0,19.0,1,1
70599,SP,SANTO ANTÔNIO DA ALEGRIA,2.0,1.0,2.0,642.0,321.0,5500.0,2750.0,1.0,2.0,15.0,3.0,1.0,3.0,1464.0,488.0,10800.0,3600.0,1.0,3.0,6.0,1.0,0.0,1.0,822.0,167.0,5300.0,850.0,0.0,1.0,-9.0,1,1
70610,SP,SANTO ANTÔNIO DE POSSE,2.0,1.0,1.0,801.0,400.5,12000.0,6000.0,2.0,2.0,11.0,1.0,1.0,1.0,384.0,384.0,4000.0,4000.0,0.0,0.0,40.0,-1.0,0.0,0.0,-417.0,-16.5,-8000.0,-2000.0,-2.0,-2.0,29.0,1,1
70653,SP,SANTO ANTÔNIO DO PINHAL,2.0,1.0,1.0,700.0,350.0,7400.0,3700.0,2.0,0.0,150.0,1.0,1.0,1.0,300.0,300.0,7000.0,7000.0,1.0,1.0,7.0,-1.0,0.0,0.0,-400.0,-50.0,-400.0,3300.0,-1.0,1.0,-143.0,1,1
70718,SP,SANTOS,31.0,1.0,10.0,32140.0,1036.774193548387,262640.9,8472.287096774195,23.0,15.0,297.0,60.0,1.0,11.0,66094.0,1101.5666666666666,998545.7,16642.428333333333,28.0,20.0,274.0,29.0,0.0,1.0,33954.0,64.79247311827953,735904.7999999999,8170.141236559139,5.0,5.0,-23.0,1,1
70750,SP,SÃO BERNARDO DO CAMPO,6.0,1.0,5.0,3904.0,650.6666666666666,121820.0,20303.333333333332,3.0,4.0,43.0,52.0,1.0,14.0,42074.0,809.1153846153846,929329.0,17871.71153846154,9.0,18.0,249.0,46.0,0.0,9.0,38170.0,158.448717948718,807509.0,-2431.621794871793,6.0,14.0,206.0,1,1
70777,SP,SÃO CAETANO DO SUL,9.0,1.0,5.0,4610.0,512.2222222222222,179238.0,19915.333333333332,3.0,9.0,23.0,11.0,1.0,7.0,6314.0,574.0,271540.0,24685.454545454544,1.0,3.0,305.0,2.0,0.0,2.0,1704.0,61.77777777777783,92302.0,4770.121212121212,-2.0,-6.0,282.0,1,1
70793,SP,SÃO CARLOS,5.0,1.0,4.0,2353.0,470.6,22200.0,4440.0,2.0,3.0,256.0,10.0,1.0,5.0,8020.0,802.0,124750.0,12475.0,2.0,7.0,183.0,5.0,0.0,1.0,5667.0,331.4,102550.0,8035.0,0.0,4.0,-73.0,1,1
70815,SP,SÃO FRANCISCO,3.0,1.0,2.0,628.0,209.33333333333334,5014.0,1671.3333333333333,3.0,1.0,95.0,4.0,1.0,3.0,964.0,241.0,8900.0,2225.0,2.0,1.0,88.0,1.0,0.0,1.0,336.0,31.666666666666657,3886.0,553.6666666666667,-1.0,0.0,-7.0,1,1
70831,SP,SÃO JOÃO DA BOA VISTA,1.0,1.0,1.0,400.0,400.0,20400.0,20400.0,0.0,1.0,9.0,6.0,1.0,4.0,2896.0,482.6666666666667,47000.0,7833.333333333333,3.0,6.0,16.0,5.0,0.0,3.0,2496.0,82.66666666666669,26600.0,-12566.666666666668,3.0,5.0,7.0,1,1
70858,SP,SÃO JOÃO DAS DUAS PONTES,1.0,1.0,1.0,246.0,246.0,2000.0,2000.0,1.0,0.0,84.0,4.0,1.0,3.0,946.0,236.5,6100.0,1525.0,1.0,2.0,94.0,3.0,0.0,2.0,700.0,-9.5,4100.0,-475.0,0.0,2.0,10.0,1,1
70890,SP,SÃO JOAQUIM DA BARRA,2.0,1.0,2.0,1000.0,500.0,8300.0,4150.0,1.0,2.0,19.0,2.0,1.0,2.0,1150.0,575.0,26000.0,13000.0,1.0,2.0,21.0,0.0,0.0,0.0,150.0,75.0,17700.0,8850.0,0.0,0.0,2.0,1,1
70912,SP,SÃO JOSÉ DA BELA VISTA,7.0,1.0,1.0,1760.0,251.42857142857142,26400.0,3771.4285714285716,6.0,2.0,293.0,2.0,1.0,2.0,670.0,335.0,7000.0,3500.0,0.0,0.0,50.0,-5.0,0.0,1.0,-1090.0,83.57142857142858,-19400.0,-271.42857142857156,-6.0,-2.0,-243.0,1,1
70955,SP,SÃO JOSÉ DO RIO PARDO,0.0,0.0,0.0,0.0,,,,0.0,0.0,,1.0,1.0,1.0,400.0,400.0,4000.0,4000.0,0.0,1.0,6.0,1.0,1.0,1.0,400.0,,,,0.0,1.0,,0,1
70971,SP,SÃO JOSÉ DO RIO PRETO,9.0,1.0,6.0,5724.0,636.0,111000.0,12333.333333333334,5.0,4.0,80.0,22.0,1.0,10.0,18332.0,833.2727272727273,415177.0,18871.68181818182,7.0,11.0,99.0,13.0,0.0,4.0,12608.0,197.27272727272725,304177.0,6538.348484848486,2.0,7.0,19.0,1,1
70998,SP,SÃO JOSÉ DOS CAMPOS,4.0,1.0,2.0,2664.0,666.0,119201.2,29800.3,0.0,2.0,156.0,16.0,1.0,7.0,12182.0,761.375,761139.0,47571.1875,4.0,7.0,153.0,12.0,0.0,5.0,9518.0,95.375,641937.8,17770.8875,4.0,5.0,-3.0,1,1
71030,SP,SÃO MANUEL,1.0,1.0,1.0,520.0,520.0,5000.0,5000.0,0.0,1.0,7.0,1.0,1.0,1.0,600.0,600.0,6000.0,6000.0,0.0,1.0,13.0,0.0,0.0,0.0,80.0,80.0,1000.0,1000.0,0.0,0.0,6.0,1,1
71056,SP,SÃO MIGUEL ARCANJO,1.0,1.0,1.0,379.0,379.0,4600.0,4600.0,1.0,1.0,7.0,1.0,1.0,1.0,484.0,484.0,6000.0,6000.0,1.0,1.0,9.0,0.0,0.0,0.0,105.0,105.0,1400.0,1400.0,0.0,0.0,2.0,1,1
71072,SP,SÃO PAULO,70.0,1.0,11.0,93099.0,1329.9857142857143,2897714.04,41395.91485714286,35.0,30.0,310.0,115.0,1.0,19.0,171950.0,1495.2173913043478,5779588.77,50257.29365217391,68.0,41.0,230.0,45.0,0.0,8.0,78851.0,165.2316770186335,2881874.7299999995,8861.37879503105,33.0,11.0,-80.0,1,1
71137,SP,SÃO ROQUE,0.0,0.0,0.0,0.0,,,,0.0,0.0,,2.0,1.0,1.0,1008.0,504.0,96920.0,48460.0,0.0,1.0,153.0,2.0,1.0,1.0,1008.0,,,,0.0,1.0,,0,1
71153,SP,SÃO SEBASTIÃO,6.0,1.0,5.0,2768.0,461.3333333333333,61500.0,10250.0,2.0,3.0,131.0,14.0,1.0,4.0,6181.0,441.5,122200.0,8728.57142857143,4.0,9.0,82.0,8.0,0.0,-1.0,3413.0,-19.833333333333314,60700.0,-1521.4285714285706,2.0,6.0,-49.0,1,1
71196,SP,SÃO SIMÃO,1.0,1.0,1.0,420.0,420.0,3000.0,3000.0,1.0,1.0,9.0,1.0,1.0,1.0,753.0,753.0,3000.0,3000.0,1.0,1.0,6.0,0.0,0.0,0.0,333.0,333.0,0.0,0.0,0.0,0.0,-3.0,1,1
71218,SP,SÃO VICENTE,17.0,1.0,8.0,16886.0,993.2941176470588,118930.0,6995.882352941177,14.0,6.0,100.0,12.0,1.0,6.0,10282.0,856.8333333333334,160905.93,13408.8275,9.0,4.0,274.0,-5.0,0.0,-2.0,-6604.0,-136.4607843137254,41975.92999999999,6412.945147058823,-5.0,-2.0,174.0,1,1
71234,SP,SARAPUÍ,0.0,0.0,0.0,0.0,,,,0.0,0.0,,1.0,1.0,1.0,365.0,365.0,12000.0,12000.0,0.0,1.0,14.0,1.0,1.0,1.0,365.0,,,,0.0,1.0,,0,1
71250,SP,SARUTAIÁ,1.0,1.0,1.0,346.0,346.0,1200.0,1200.0,1.0,1.0,14.0,1.0,1.0,1.0,250.0,250.0,1500.0,1500.0,1.0,1.0,11.0,0.0,0.0,0.0,-96.0,-96.0,300.0,300.0,0.0,0.0,-3.0,1,1
71277,SP,SEBASTIANÓPOLIS DO SUL,2.0,1.0,1.0,419.0,209.5,2550.0,1275.0,2.0,1.0,79.0,2.0,1.0,1.0,402.0,201.0,1900.0,950.0,0.0,0.0,104.0,0.0,0.0,0.0,-17.0,-8.5,-650.0,-325.0,-2.0,-1.0,25.0,1,1
71293,SP,SERRA AZUL,1.0,1.0,1.0,446.0,446.0,5000.0,5000.0,1.0,1.0,22.0,1.0,1.0,1.0,400.0,400.0,4000.0,4000.0,0.0,1.0,8.0,0.0,0.0,0.0,-46.0,-46.0,-1000.0,-1000.0,-1.0,0.0,-14.0,1,1
71331,SP,SERRA NEGRA,1.0,1.0,1.0,465.0,465.0,8000.0,8000.0,0.0,1.0,11.0,3.0,1.0,2.0,1160.0,386.6666666666667,26000.0,8666.666666666666,2.0,2.0,50.0,2.0,0.0,1.0,695.0,-78.33333333333331,18000.0,666.6666666666661,2.0,1.0,39.0,1,1
71358,SP,SERTÃOZINHO,4.0,1.0,4.0,2340.0,585.0,69036.0,17259.0,1.0,4.0,26.0,2.0,1.0,2.0,1094.0,547.0,16000.0,8000.0,2.0,2.0,20.0,-2.0,0.0,-2.0,-1246.0,-38.0,-53036.0,-9259.0,1.0,-2.0,-6.0,1,1
71374,SP,SETE BARRAS,0.0,0.0,0.0,0.0,,,,0.0,0.0,,1.0,1.0,1.0,372.0,372.0,4000.0,4000.0,1.0,0.0,114.0,1.0,1.0,1.0,372.0,,,,1.0,0.0,,0,1
71390,SP,SEVERÍNIA,4.0,1.0,3.0,1344.0,336.0,15500.0,3875.0,4.0,3.0,100.0,3.0,1.0,2.0,926.0,308.6666666666667,12800.0,4266.666666666667,0.0,1.0,81.0,-1.0,0.0,-1.0,-418.0,-27.333333333333314,-2700.0,391.66666666666697,-4.0,-2.0,-19.0,1,1
71439,SP,SOCORRO,0.0,0.0,0.0,0.0,,,,0.0,0.0,,4.0,1.0,3.0,1540.0,385.0,35000.0,8750.0,1.0,3.0,56.0,4.0,1.0,3.0,1540.0,,,,1.0,3.0,,0,1
71455,SP,SOROCABA,14.0,1.0,6.0,8010.0,572.1428571428571,114000.0,8142.857142857143,12.0,8.0,58.0,6.0,1.0,3.0,4730.0,788.3333333333334,98157.0,16359.5,4.0,3.0,152.0,-8.0,0.0,-3.0,-3280.0,216.19047619047626,-15843.0,8216.642857142857,-8.0,-5.0,94.0,1,1
71471,SP,SUD MENNUCCI,0.0,0.0,0.0,0.0,,,,0.0,0.0,,1.0,1.0,1.0,205.0,205.0,1100.0,1100.0,0.0,1.0,16.0,1.0,1.0,1.0,205.0,,,,0.0,1.0,,0,1
71498,SP,SUMARÉ,5.0,1.0,2.0,2996.0,599.2,48000.0,9600.0,3.0,3.0,271.0,41.0,1.0,8.0,25463.0,621.0487804878048,546285.0,13324.024390243903,25.0,15.0,210.0,36.0,0.0,6.0,22467.0,21.848780487804788,498285.0,3724.0243902439033,22.0,12.0,-61.0,1,1
71510,SP,SUZANO,6.0,1.0,5.0,3199.0,533.1666666666666,65500.0,10916.666666666666,5.0,5.0,208.0,6.0,1.0,5.0,5230.0,871.6666666666666,87157.0,14526.166666666666,4.0,3.0,211.0,0.0,0.0,0.0,2031.0,338.5,21657.0,3609.5,-1.0,-2.0,3.0,1,1
71536,SP,TABAPUÃ,3.0,1.0,2.0,893.0,297.6666666666667,6000.0,2000.0,3.0,2.0,97.0,2.0,1.0,1.0,520.0,260.0,2400.0,1200.0,0.0,1.0,93.0,-1.0,0.0,-1.0,-373.0,-37.666666666666686,-3600.0,-800.0,-3.0,-1.0,-4.0,1,1
71552,SP,TABATINGA,0.0,0.0,0.0,0.0,,,,0.0,0.0,,2.0,1.0,2.0,1050.0,525.0,8500.0,4250.0,2.0,2.0,9.0,2.0,1.0,2.0,1050.0,,,,2.0,2.0,,0,1
71579,SP,TABOÃO DA SERRA,3.0,1.0,3.0,1695.0,565.0,26500.0,8833.333333333334,2.0,1.0,76.0,13.0,1.0,10.0,9015.0,693.4615384615385,248971.0,19151.615384615383,7.0,3.0,68.0,10.0,0.0,7.0,7320.0,128.46153846153845,222471.0,10318.282051282049,5.0,2.0,-8.0,1,1
71595,SP,TACIBA,1.0,1.0,1.0,400.0,400.0,6000.0,6000.0,0.0,1.0,19.0,0.0,0.0,0.0,0.0,,,,0.0,0.0,,-1.0,-1.0,-1.0,-400.0,,,,0.0,-1.0,,0,1
71617,SP,TAGUAÍ,3.0,1.0,3.0,1021.0,340.3333333333333,13000.0,4333.333333333333,1.0,2.0,31.0,1.0,1.0,1.0,280.0,280.0,10000.0,10000.0,0.0,1.0,10.0,-2.0,0.0,-2.0,-741.0,-60.333333333333314,-3000.0,5666.666666666667,-1.0,-1.0,-21.0,1,1
71633,SP,TAIAÇU,2.0,1.0,1.0,523.0,261.5,2766.0,1383.0,2.0,0.0,86.0,0.0,0.0,0.0,0.0,,,,0.0,0.0,,-2.0,-1.0,-1.0,-523.0,,,,-2.0,0.0,,0,1
71650,SP,TAIÚVA,3.0,1.0,2.0,814.0,271.3333333333333,5721.0,1907.0,3.0,1.0,86.0,1.0,1.0,1.0,212.0,212.0,1000.0,1000.0,0.0,0.0,31.0,-2.0,0.0,-1.0,-602.0,-59.333333333333314,-4721.0,-907.0,-3.0,-1.0,-55.0,1,1
71692,SP,TANABI,8.0,1.0,5.0,3003.0,375.375,37350.0,4668.75,5.0,4.0,87.0,2.0,1.0,1.0,622.0,311.0,3100.0,1550.0,0.0,0.0,103.0,-6.0,0.0,-4.0,-2381.0,-64.375,-34250.0,-3118.75,-5.0,-4.0,16.0,1,1
71773,SP,TAQUARITUBA,0.0,0.0,0.0,0.0,,,,0.0,0.0,,3.0,1.0,3.0,900.0,300.0,14000.0,4666.666666666667,1.0,3.0,25.0,3.0,1.0,3.0,900.0,,,,1.0,3.0,,0,1
71838,SP,TAUBATÉ,6.0,1.0,5.0,4236.0,706.0,126830.0,21138.333333333332,3.0,3.0,60.0,9.0,1.0,4.0,6630.0,736.6666666666666,434127.0,48236.333333333336,3.0,3.0,40.0,3.0,0.0,-1.0,2394.0,30.66666666666663,307297.0,27098.000000000004,0.0,0.0,-20.0,1,1
71870,SP,TEODORO SAMPAIO,0.0,0.0,0.0,0.0,,,,0.0,0.0,,1.0,1.0,1.0,500.0,500.0,9000.0,9000.0,0.0,1.0,11.0,1.0,1.0,1.0,500.0,,,,0.0,1.0,,0,1
71897,SP,TERRA ROXA,0.0,0.0,0.0,0.0,,,,0.0,0.0,,2.0,1.0,2.0,1017.0,508.5,4000.0,2000.0,1.0,1.0,32.0,2.0,1.0,2.0,1017.0,,,,1.0,1.0,,0,1
71978,SP,TREMEMBÉ,0.0,0.0,0.0,0.0,,,,0.0,0.0,,1.0,1.0,1.0,510.0,510.0,12000.0,12000.0,1.0,0.0,124.0,1.0,1.0,1.0,510.0,,,,1.0,0.0,,0,1
71994,SP,TRÊS FRONTEIRAS,1.0,1.0,1.0,278.0,278.0,2000.0,2000.0,1.0,0.0,86.0,2.0,1.0,1.0,426.0,213.0,2150.0,1075.0,0.0,1.0,93.0,1.0,0.0,0.0,148.0,-65.0,150.0,-925.0,-1.0,1.0,7.0,1,1
72010,SP,TUPÃ,1.0,1.0,1.0,382.0,382.0,12800.0,12800.0,1.0,1.0,17.0,3.0,1.0,2.0,1368.0,456.0,20000.0,6666.666666666667,2.0,3.0,8.0,2.0,0.0,1.0,986.0,74.0,7200.0,-6133.333333333333,1.0,2.0,-9.0,1,1
72036,SP,TUPI PAULISTA,1.0,1.0,1.0,375.0,375.0,12800.0,12800.0,1.0,1.0,17.0,1.0,1.0,1.0,400.0,400.0,3000.0,3000.0,0.0,1.0,6.0,0.0,0.0,0.0,25.0,25.0,-9800.0,-9800.0,-1.0,0.0,-11.0,1,1
72052,SP,TURIÚBA,4.0,1.0,1.0,1280.0,320.0,57600.0,14400.0,4.0,2.0,47.0,1.0,1.0,1.0,384.0,384.0,5000.0,5000.0,1.0,1.0,5.0,-3.0,0.0,0.0,-896.0,64.0,-52600.0,-9400.0,-3.0,-1.0,-42.0,1,1
72079,SP,TURMALINA,2.0,1.0,1.0,388.0,194.0,2438.0,1219.0,2.0,1.0,86.0,2.0,1.0,1.0,425.0,212.5,1850.0,925.0,0.0,1.0,101.0,0.0,0.0,0.0,37.0,18.5,-588.0,-294.0,-2.0,0.0,15.0,1,1
72095,SP,UBATUBA,7.0,1.0,5.0,3255.0,465.0,58300.0,8328.57142857143,3.0,7.0,24.0,14.0,1.0,7.0,6555.0,468.2142857142857,152000.0,10857.142857142857,5.0,11.0,89.0,7.0,0.0,2.0,3300.0,3.2142857142857224,93700.0,2528.5714285714275,2.0,4.0,65.0,1,1
72133,SP,UCHOA,3.0,1.0,2.0,875.0,291.6666666666667,6054.0,2018.0,3.0,1.0,83.0,1.0,1.0,1.0,260.0,260.0,1300.0,1300.0,0.0,1.0,26.0,-2.0,0.0,-1.0,-615.0,-31.666666666666686,-4754.0,-718.0,-3.0,0.0,-57.0,1,1
72150,SP,UNIÃO PAULISTA,1.0,1.0,1.0,238.0,238.0,2000.0,2000.0,1.0,0.0,86.0,1.0,1.0,1.0,204.0,204.0,900.0,900.0,0.0,1.0,23.0,0.0,0.0,0.0,-34.0,-34.0,-1100.0,-1100.0,-1.0,1.0,-63.0,1,1
72176,SP,URÂNIA,2.0,1.0,1.0,527.0,263.5,2987.0,1493.5,2.0,1.0,92.0,5.0,1.0,3.0,1543.0,308.6,13650.0,2730.0,1.0,3.0,100.0,3.0,0.0,2.0,1016.0,45.10000000000002,10663.0,1236.5,-1.0,2.0,8.0,1,1
72214,SP,URUPÊS,2.0,1.0,1.0,629.0,314.5,3325.0,1662.5,2.0,0.0,104.0,4.0,1.0,3.0,1397.0,349.25,10100.0,2525.0,1.0,2.0,97.0,2.0,0.0,2.0,768.0,34.75,6775.0,862.5,-1.0,2.0,-7.0,1,1
72230,SP,VALENTIM GENTIL,5.0,1.0,3.0,1858.0,371.6,15450.0,3090.0,5.0,3.0,92.0,4.0,1.0,2.0,1183.0,295.75,7600.0,1900.0,0.0,1.0,115.0,-1.0,0.0,-1.0,-675.0,-75.85000000000002,-7850.0,-1190.0,-5.0,-2.0,23.0,1,1
72257,SP,VALINHOS,5.0,1.0,3.0,2224.0,444.8,48000.0,9600.0,5.0,3.0,32.0,18.0,1.0,8.0,8340.0,463.3333333333333,160000.0,8888.888888888889,11.0,7.0,239.0,13.0,0.0,5.0,6116.0,18.533333333333303,112000.0,-711.1111111111113,6.0,4.0,207.0,1,1
72273,SP,VALPARAÍSO,2.0,1.0,2.0,646.0,323.0,7000.0,3500.0,2.0,2.0,6.0,0.0,0.0,0.0,0.0,,,,0.0,0.0,,-2.0,-1.0,-2.0,-646.0,,,,-2.0,-2.0,,0,1
72311,SP,VARGEM GRANDE DO SUL,2.0,1.0,1.0,760.0,380.0,37680.0,18840.0,2.0,1.0,33.0,4.0,1.0,2.0,1910.0,477.5,24000.0,6000.0,3.0,4.0,29.0,2.0,0.0,1.0,1150.0,97.5,-13680.0,-12840.0,1.0,3.0,-4.0,1,1
72338,SP,VÁRZEA PAULISTA,6.0,1.0,3.0,2602.0,433.6666666666667,37500.0,6250.0,6.0,5.0,36.0,7.0,1.0,6.0,3358.0,479.7142857142857,58000.0,8285.714285714286,3.0,3.0,199.0,1.0,0.0,3.0,756.0,46.04761904761904,20500.0,2035.7142857142862,-3.0,-2.0,163.0,1,1
72354,SP,VERA CRUZ,1.0,1.0,1.0,420.0,420.0,5000.0,5000.0,0.0,1.0,10.0,1.0,1.0,1.0,300.0,300.0,9000.0,9000.0,0.0,1.0,22.0,0.0,0.0,0.0,-120.0,-120.0,4000.0,4000.0,0.0,0.0,12.0,1,1
72370,SP,VINHEDO,5.0,1.0,3.0,2080.0,416.0,41000.0,8200.0,5.0,4.0,36.0,6.0,1.0,3.0,4020.0,670.0,67000.0,11166.666666666666,3.0,2.0,197.0,1.0,0.0,0.0,1940.0,254.0,26000.0,2966.666666666666,-2.0,-2.0,161.0,1,1
72397,SP,VIRADOURO,1.0,1.0,1.0,400.0,400.0,11000.0,11000.0,0.0,1.0,16.0,3.0,1.0,3.0,1091.0,363.6666666666667,9500.0,3166.6666666666665,0.0,2.0,32.0,2.0,0.0,2.0,691.0,-36.333333333333314,-1500.0,-7833.333333333334,0.0,1.0,16.0,1,1
72419,SP,VISTA ALEGRE DO ALTO,4.0,1.0,1.0,1118.0,279.5,6909.0,1727.25,4.0,0.0,94.0,0.0,0.0,0.0,0.0,,,,0.0,0.0,,-4.0,-1.0,-1.0,-1118.0,,,,-4.0,0.0,,0,1
72435,SP,VOTORANTIM,1.0,1.0,1.0,400.0,400.0,5000.0,5000.0,1.0,1.0,5.0,2.0,1.0,2.0,1661.0,830.5,18000.0,9000.0,2.0,2.0,27.0,1.0,0.0,1.0,1261.0,430.5,13000.0,4000.0,1.0,1.0,22.0,1,1
72451,SP,VOTUPORANGA,4.0,1.0,3.0,2151.0,537.75,37500.0,9375.0,2.0,3.0,76.0,2.0,1.0,1.0,1317.0,658.5,5400.0,2700.0,0.0,1.0,99.0,-2.0,0.0,-2.0,-834.0,120.75,-32100.0,-6675.0,-2.0,-2.0,23.0,1,1
72737,SP,VARGEM GRANDE PAULISTA,5.0,1.0,3.0,2400.0,480.0,32000.0,6400.0,4.0,4.0,31.0,6.0,1.0,3.0,2782.0,463.6666666666667,105000.0,17500.0,2.0,2.0,175.0,1.0,0.0,0.0,382.0,-16.333333333333314,73000.0,11100.0,-2.0,-2.0,144.0,1,1
73008,TO,ABREULÂNDIA,4.0,1.0,3.0,938.0,234.5,8300.0,2075.0,4.0,3.0,215.0,0.0,0.0,0.0,0.0,,,,0.0,0.0,,-4.0,-1.0,-3.0,-938.0,,,,-4.0,-3.0,,0,1
73016,TO,PIRAQUÊ,0.0,0.0,0.0,0.0,,,,0.0,0.0,,3.0,1.0,1.0,270.0,90.0,12000.0,4000.0,3.0,1.0,93.0,3.0,1.0,1.0,270.0,,,,3.0,1.0,,0,1
73024,TO,RIACHINHO,2.0,1.0,2.0,699.0,349.5,6000.0,3000.0,2.0,2.0,9.0,0.0,0.0,0.0,0.0,,,,0.0,0.0,,-2.0,-1.0,-2.0,-699.0,,,,-2.0,-2.0,,0,1
73032,TO,DARCINÓPOLIS,1.0,1.0,1.0,100.0,100.0,3500.0,3500.0,0.0,0.0,47.0,2.0,1.0,1.0,500.0,250.0,8000.0,4000.0,2.0,2.0,25.0,1.0,0.0,0.0,400.0,150.0,4500.0,500.0,2.0,2.0,-22.0,1,1
73040,TO,PALMEIRAS DO TOCANTINS,9.0,1.0,7.0,3404.0,378.22222222222223,26000.0,2888.8888888888887,8.0,7.0,121.0,12.0,1.0,5.0,1931.0,160.91666666666666,46500.0,3875.0,9.0,6.0,171.0,3.0,0.0,-2.0,-1473.0,-217.30555555555557,20500.0,986.1111111111113,1.0,-1.0,50.0,1,1
73059,TO,MAURILÂNDIA DO TOCANTINS,2.0,1.0,2.0,847.0,423.5,6500.0,3250.0,2.0,2.0,9.0,8.0,1.0,4.0,2100.0,262.5,16500.0,2062.5,1.0,6.0,116.0,6.0,0.0,2.0,1253.0,-161.0,10000.0,-1187.5,-1.0,4.0,107.0,1,1
73067,TO,CACHOEIRINHA,1.0,1.0,1.0,150.0,150.0,3000.0,3000.0,1.0,1.0,16.0,3.0,1.0,2.0,510.0,170.0,15000.0,5000.0,2.0,2.0,44.0,2.0,0.0,1.0,360.0,20.0,12000.0,2000.0,1.0,1.0,28.0,1,1
73075,TO,ANGICO,2.0,1.0,2.0,550.0,275.0,4500.0,2250.0,1.0,2.0,4.0,0.0,0.0,0.0,0.0,,,,0.0,0.0,,-2.0,-1.0,-2.0,-550.0,,,,-1.0,-2.0,,0,1
73083,TO,PALMEIRANTE,1.0,1.0,1.0,250.0,250.0,1600.0,1600.0,1.0,1.0,7.0,1.0,1.0,1.0,200.0,200.0,1500.0,1500.0,0.0,1.0,6.0,0.0,0.0,0.0,-50.0,-50.0,-100.0,-100.0,-1.0,0.0,-1.0,1,1
73091,TO,CAMPOS LINDOS,6.0,1.0,5.0,1870.0,311.6666666666667,30000.0,5000.0,6.0,6.0,28.0,2.0,1.0,1.0,230.0,115.0,10000.0,5000.0,2.0,1.0,107.0,-4.0,0.0,-4.0,-1640.0,-196.66666666666669,-20000.0,0.0,-4.0,-5.0,79.0,1,1
73105,TO,SÃO FÉLIX DO TOCANTINS,2.0,1.0,1.0,600.0,300.0,6000.0,3000.0,2.0,1.0,48.0,0.0,0.0,0.0,0.0,,,,0.0,0.0,,-2.0,-1.0,-1.0,-600.0,,,,-2.0,-1.0,,0,1
73113,TO,LAGOA DO TOCANTINS,3.0,1.0,3.0,745.0,248.33333333333334,12000.0,4000.0,3.0,3.0,10.0,2.0,1.0,2.0,430.0,215.0,11900.0,5950.0,0.0,1.0,51.0,-1.0,0.0,-1.0,-315.0,-33.33333333333334,-100.0,1950.0,-3.0,-2.0,41.0,1,1
73121,TO,BOM JESUS DO TOCANTINS,3.0,1.0,3.0,720.0,240.0,13000.0,4333.333333333333,2.0,2.0,35.0,5.0,1.0,4.0,1340.0,268.0,18000.0,3600.0,4.0,3.0,56.0,2.0,0.0,1.0,620.0,28.0,5000.0,-733.333333333333,2.0,1.0,21.0,1,1
73130,TO,SANTA MARIA DO TOCANTINS,2.0,1.0,2.0,441.0,220.5,5500.0,2750.0,1.0,2.0,17.0,1.0,1.0,1.0,100.0,100.0,4000.0,4000.0,1.0,0.0,152.0,-1.0,0.0,-1.0,-341.0,-120.5,-1500.0,1250.0,0.0,-2.0,135.0,1,1
73148,TO,NOVO ALEGRE,2.0,1.0,2.0,440.0,220.0,8000.0,4000.0,2.0,2.0,19.0,1.0,1.0,1.0,140.0,140.0,7000.0,7000.0,1.0,1.0,4.0,-1.0,0.0,-1.0,-300.0,-80.0,-1000.0,3000.0,-1.0,-1.0,-15.0,1,1
73156,TO,SANDOLÂNDIA,1.0,1.0,1.0,130.0,130.0,3000.0,3000.0,1.0,1.0,24.0,4.0,1.0,2.0,649.0,162.25,23000.0,5750.0,4.0,2.0,99.0,3.0,0.0,1.0,519.0,32.25,20000.0,2750.0,3.0,1.0,75.0,1,1
73164,TO,TAIPAS DO TOCANTINS,1.0,1.0,1.0,137.0,137.0,4000.0,4000.0,1.0,0.0,31.0,1.0,1.0,1.0,150.0,150.0,1500.0,1500.0,0.0,1.0,8.0,0.0,0.0,0.0,13.0,13.0,-2500.0,-2500.0,-1.0,1.0,-23.0,1,1
73172,TO,NOVO JARDIM,0.0,0.0,0.0,0.0,,,,0.0,0.0,,3.0,1.0,2.0,580.0,193.33333333333334,10000.0,3333.3333333333335,1.0,2.0,77.0,3.0,1.0,2.0,580.0,,,,1.0,2.0,,0,1
73180,TO,SÃO MIGUEL DO TOCANTINS,6.0,1.0,5.0,1452.0,242.0,18000.0,3000.0,5.0,4.0,125.0,10.0,1.0,4.0,2245.0,224.5,37000.0,3700.0,6.0,5.0,187.0,4.0,0.0,-1.0,793.0,-17.5,19000.0,700.0,1.0,1.0,62.0,1,1
73199,TO,FORTALEZA DO TABOCÃO,3.0,1.0,2.0,631.0,210.33333333333334,9800.0,3266.6666666666665,3.0,3.0,10.0,8.0,1.0,6.0,1790.0,223.75,26500.0,3312.5,4.0,6.0,128.0,5.0,0.0,4.0,1159.0,13.416666666666657,16700.0,45.833333333333485,1.0,3.0,118.0,1,1
73202,TO,ITAPIRATINS,0.0,0.0,0.0,0.0,,,,0.0,0.0,,1.0,1.0,1.0,140.0,140.0,7000.0,7000.0,1.0,1.0,7.0,1.0,1.0,1.0,140.0,,,,1.0,1.0,,0,1
73210,TO,CENTENÁRIO,1.0,1.0,1.0,200.0,200.0,3000.0,3000.0,1.0,1.0,6.0,4.0,1.0,4.0,860.0,215.0,18000.0,4500.0,2.0,3.0,205.0,3.0,0.0,3.0,660.0,15.0,15000.0,1500.0,1.0,2.0,199.0,1,1
73229,TO,RECURSOLÂNDIA,5.0,1.0,2.0,1450.0,290.0,23000.0,4600.0,5.0,5.0,28.0,3.0,1.0,2.0,650.0,216.66666666666666,10000.0,3333.3333333333335,1.0,2.0,32.0,-2.0,0.0,0.0,-800.0,-73.33333333333334,-13000.0,-1266.6666666666665,-4.0,-3.0,4.0,1,1
73245,TO,BRASILÂNDIA DO TOCANTINS,2.0,1.0,2.0,290.0,145.0,5000.0,2500.0,1.0,1.0,33.0,2.0,1.0,2.0,396.0,198.0,8013.18,4006.59,2.0,1.0,203.0,0.0,0.0,0.0,106.0,53.0,3013.1800000000003,1506.5900000000001,1.0,0.0,170.0,1,1
73253,TO,JUARINA,0.0,0.0,0.0,0.0,,,,0.0,0.0,,2.0,1.0,2.0,462.0,231.0,12300.0,6150.0,1.0,2.0,12.0,2.0,1.0,2.0,462.0,,,,1.0,2.0,,0,1
73261,TO,PAU D'ARCO,1.0,1.0,1.0,300.0,300.0,3500.0,3500.0,0.0,1.0,7.0,8.0,1.0,5.0,2000.0,250.0,25600.0,3200.0,4.0,7.0,43.0,7.0,0.0,4.0,1700.0,-50.0,22100.0,-300.0,4.0,6.0,36.0,1,1
73270,TO,MATEIROS,0.0,0.0,0.0,0.0,,,,0.0,0.0,,2.0,1.0,1.0,500.0,250.0,7500.0,3750.0,2.0,1.0,39.0,2.0,1.0,1.0,500.0,,,,2.0,1.0,,0,1
73288,TO,SÃO BENTO DO TOCANTINS,4.0,1.0,4.0,1523.0,380.75,14500.0,3625.0,3.0,3.0,83.0,5.0,1.0,3.0,1283.0,256.6,14500.0,2900.0,1.0,2.0,153.0,1.0,0.0,-1.0,-240.0,-124.14999999999998,0.0,-725.0,-2.0,-1.0,70.0,1,1
73296,TO,ESPERANTINA,1.0,1.0,1.0,256.0,256.0,4000.0,4000.0,1.0,1.0,3.0,6.0,1.0,5.0,1420.0,236.66666666666666,17500.0,2916.6666666666665,2.0,6.0,17.0,5.0,0.0,4.0,1164.0,-19.333333333333343,13500.0,-1083.3333333333335,1.0,5.0,14.0,1,1
73300,TO,CARIRI DO TOCANTINS,0.0,0.0,0.0,0.0,,,,0.0,0.0,,3.0,1.0,2.0,1000.0,333.3333333333333,15600.0,5200.0,1.0,2.0,102.0,3.0,1.0,2.0,1000.0,,,,1.0,2.0,,0,1
73318,TO,ARAGUANÃ,2.0,1.0,2.0,650.0,325.0,5000.0,2500.0,2.0,2.0,8.0,1.0,1.0,1.0,170.0,170.0,7000.0,7000.0,1.0,1.0,12.0,-1.0,0.0,-1.0,-480.0,-155.0,2000.0,4500.0,-1.0,-1.0,4.0,1,1
73326,TO,CARMOLÂNDIA,2.0,1.0,2.0,400.0,200.0,6500.0,3250.0,1.0,1.0,39.0,5.0,1.0,2.0,590.0,118.0,17500.0,3500.0,1.0,2.0,195.0,3.0,0.0,0.0,190.0,-82.0,11000.0,250.0,0.0,1.0,156.0,1,1
73334,TO,ARAGOMINAS,2.0,1.0,2.0,600.0,300.0,5000.0,2500.0,2.0,2.0,12.0,3.0,1.0,1.0,396.0,132.0,18000.0,6000.0,3.0,2.0,107.0,1.0,0.0,-1.0,-204.0,-168.0,13000.0,3500.0,1.0,0.0,95.0,1,1
73342,TO,MURICILÂNDIA,2.0,1.0,1.0,200.0,100.0,7000.0,3500.0,0.0,1.0,39.0,6.0,1.0,3.0,811.0,135.16666666666666,28500.0,4750.0,6.0,3.0,135.0,4.0,0.0,2.0,611.0,35.16666666666666,21500.0,1250.0,6.0,2.0,96.0,1,1
73350,TO,SANTA FÉ DO ARAGUAIA,1.0,1.0,1.0,300.0,300.0,2000.0,2000.0,1.0,1.0,3.0,4.0,1.0,2.0,655.0,163.75,17000.0,4250.0,4.0,1.0,136.0,3.0,0.0,1.0,355.0,-136.25,15000.0,2250.0,3.0,0.0,133.0,1,1
73369,TO,JAÚ DO TOCANTINS,0.0,0.0,0.0,0.0,,,,0.0,0.0,,2.0,1.0,2.0,508.0,254.0,5000.0,2500.0,2.0,1.0,45.0,2.0,1.0,2.0,508.0,,,,2.0,1.0,,0,1
73385,TO,LAGOA DA CONFUSÃO,5.0,1.0,3.0,1750.0,350.0,15900.0,3180.0,5.0,4.0,38.0,3.0,1.0,3.0,1040.0,346.6666666666667,11000.0,3666.6666666666665,3.0,2.0,76.0,-2.0,0.0,0.0,-710.0,-3.3333333333333144,-4900.0,486.6666666666665,-2.0,-2.0,38.0,1,1
73407,TO,LAJEADO,2.0,1.0,2.0,370.0,185.0,8000.0,4000.0,2.0,1.0,38.0,6.0,1.0,3.0,1882.0,313.6666666666667,24500.0,4083.3333333333335,6.0,4.0,114.0,4.0,0.0,1.0,1512.0,128.66666666666669,16500.0,83.33333333333348,4.0,3.0,76.0,1,1
73415,TO,RIO DOS BOIS,1.0,1.0,1.0,250.0,250.0,1600.0,1600.0,1.0,1.0,9.0,5.0,1.0,4.0,951.0,190.2,12250.0,2450.0,3.0,3.0,136.0,4.0,0.0,3.0,701.0,-59.80000000000001,10650.0,850.0,2.0,2.0,127.0,1,1
73423,TO,CARRASCO BONITO,3.0,1.0,2.0,745.0,248.33333333333334,11000.0,3666.6666666666665,1.0,3.0,27.0,6.0,1.0,4.0,1139.0,189.83333333333334,26000.0,4333.333333333333,5.0,3.0,128.0,3.0,0.0,2.0,394.0,-58.5,15000.0,666.6666666666665,4.0,0.0,101.0,1,1
73431,TO,RIO DA CONCEIÇÃO,2.0,1.0,2.0,500.0,250.0,7500.0,3750.0,2.0,1.0,78.0,0.0,0.0,0.0,0.0,,,,0.0,0.0,,-2.0,-1.0,-2.0,-500.0,,,,-2.0,-1.0,,0,1
73440,TO,PALMAS,54.0,1.0,18.0,44456.0,823.2592592592592,749889.47,13886.842037037037,44.0,32.0,246.0,80.0,1.0,18.0,69258.0,865.725,1630382.05,20379.775625000002,45.0,26.0,255.0,26.0,0.0,0.0,24802.0,42.465740740740785,880492.5800000001,6492.933587962965,1.0,-6.0,9.0,1,1
73458,TO,TUPIRAMA,4.0,1.0,4.0,1090.0,272.5,10600.0,2650.0,4.0,3.0,37.0,0.0,0.0,0.0,0.0,,,,0.0,0.0,,-4.0,-1.0,-4.0,-1090.0,,,,-4.0,-3.0,,0,1
73466,TO,OLIVEIRA DE FÁTIMA,1.0,1.0,1.0,250.0,250.0,3000.0,3000.0,1.0,0.0,46.0,2.0,1.0,2.0,320.0,160.0,8500.0,4250.0,1.0,2.0,6.0,1.0,0.0,1.0,70.0,-90.0,5500.0,1250.0,0.0,2.0,-40.0,1,1
73474,TO,CHAPADA DE AREIA,6.0,1.0,3.0,1535.0,255.83333333333334,10900.0,1816.6666666666667,6.0,6.0,26.0,5.0,1.0,3.0,1548.0,309.6,10500.0,2100.0,5.0,3.0,177.0,-1.0,0.0,0.0,13.0,53.76666666666668,-400.0,283.33333333333326,-1.0,-3.0,151.0,1,1
73482,TO,CHAPADA DA NATIVIDADE,2.0,1.0,2.0,600.0,300.0,7500.0,3750.0,2.0,1.0,78.0,2.0,1.0,2.0,643.0,321.5,5500.0,2750.0,0.0,2.0,30.0,0.0,0.0,0.0,43.0,21.5,-2000.0,-1000.0,-2.0,1.0,-48.0,1,1
73512,TO,AGUIARNÓPOLIS,2.0,1.0,1.0,180.0,90.0,9000.0,4500.0,0.0,2.0,22.0,5.0,1.0,2.0,580.0,116.0,17500.0,3500.0,4.0,2.0,172.0,3.0,0.0,1.0,400.0,26.0,8500.0,-1000.0,4.0,0.0,150.0,1,1
73520,TO,LUZINÓPOLIS,5.0,1.0,3.0,1001.0,200.2,14000.0,2800.0,4.0,2.0,249.0,2.0,1.0,1.0,570.0,285.0,4000.0,2000.0,0.0,1.0,52.0,-3.0,0.0,-2.0,-431.0,84.80000000000001,-10000.0,-800.0,-4.0,-1.0,-197.0,1,1
73539,TO,SANTA TEREZINHA DO TOCANTINS,0.0,0.0,0.0,0.0,,,,0.0,0.0,,1.0,1.0,1.0,101.0,101.0,3000.0,3000.0,1.0,0.0,167.0,1.0,1.0,1.0,101.0,,,,1.0,0.0,,0,1
73547,TO,SANTA RITA DO TOCANTINS,5.0,1.0,4.0,924.0,184.8,18000.0,3600.0,4.0,2.0,244.0,0.0,0.0,0.0,0.0,,,,0.0,0.0,,-5.0,-1.0,-4.0,-924.0,,,,-4.0,-2.0,,0,1
73555,TO,CRIXÁS DO TOCANTINS,2.0,1.0,2.0,500.0,250.0,6000.0,3000.0,2.0,2.0,15.0,1.0,1.0,1.0,113.0,113.0,4000.0,4000.0,1.0,0.0,109.0,-1.0,0.0,-1.0,-387.0,-137.0,-2000.0,1000.0,-1.0,-2.0,94.0,1,1
73563,TO,MONTE SANTO DO TOCANTINS,3.0,1.0,3.0,640.0,213.33333333333334,6500.0,2166.6666666666665,3.0,3.0,6.0,4.0,1.0,4.0,1035.0,258.75,8500.0,2125.0,1.0,4.0,10.0,1.0,0.0,1.0,395.0,45.41666666666666,2000.0,-41.666666666666515,-2.0,1.0,4.0,1,1
73571,TO,PUGMIL,5.0,1.0,3.0,1090.0,218.0,7900.0,1580.0,5.0,2.0,293.0,4.0,1.0,2.0,1080.0,270.0,12000.0,3000.0,4.0,2.0,54.0,-1.0,0.0,-1.0,-10.0,52.0,4100.0,1420.0,-1.0,0.0,-239.0,1,1
73580,TO,BANDEIRANTES DO TOCANTINS,0.0,0.0,0.0,0.0,,,,0.0,0.0,,3.0,1.0,3.0,700.0,233.33333333333334,6000.0,2000.0,0.0,3.0,8.0,3.0,1.0,3.0,700.0,,,,0.0,3.0,,0,1
73598,TO,IPUEIRAS,2.0,1.0,1.0,400.0,200.0,4000.0,2000.0,2.0,2.0,24.0,4.0,1.0,2.0,1180.0,295.0,12250.0,3062.5,3.0,3.0,67.0,2.0,0.0,1.0,780.0,95.0,8250.0,1062.5,1.0,1.0,43.0,1,1
73601,TO,LAVANDEIRA,0.0,0.0,0.0,0.0,,,,0.0,0.0,,1.0,1.0,1.0,250.0,250.0,3000.0,3000.0,0.0,0.0,81.0,1.0,1.0,1.0,250.0,,,,0.0,0.0,,0,1
73610,TO,BARRA DO OURO,0.0,0.0,0.0,0.0,,,,0.0,0.0,,1.0,1.0,1.0,252.0,252.0,1500.0,1500.0,0.0,1.0,25.0,1.0,1.0,1.0,252.0,,,,0.0,1.0,,0,1
73709,MT,BOA ESPERANÇA DO NORTE,0.0,0.0,0.0,0.0,,,,0.0,0.0,,1.0,1.0,1.0,200.0,200.0,13000.0,13000.0,0.0,0.0,39.0,1.0,1.0,1.0,200.0,,,,0.0,0.0,,0,1
74004,PR,GODOY MOREIRA,1.0,1.0,1.0,200.0,200.0,3000.0,3000.0,0.0,1.0,8.0,2.0,1.0,2.0,664.0,332.0,14000.0,7000.0,0.0,2.0,8.0,1.0,0.0,1.0,464.0,132.0,11000.0,4000.0,0.0,1.0,0.0,1,1
74020,PR,IBEMA,2.0,1.0,2.0,700.0,350.0,6000.0,3000.0,0.0,2.0,10.0,0.0,0.0,0.0,0.0,,,,0.0,0.0,,-2.0,-1.0,-2.0,-700.0,,,,0.0,-2.0,,0,1
74047,PR,LINDOESTE,2.0,1.0,2.0,856.0,428.0,7400.0,3700.0,1.0,0.0,71.0,3.0,1.0,2.0,850.0,283.3333333333333,17000.0,5666.666666666667,0.0,2.0,40.0,1.0,0.0,0.0,-6.0,-144.66666666666669,9600.0,1966.666666666667,-1.0,2.0,-31.0,1,1
74055,PR,AGUDOS DO SUL,1.0,1.0,1.0,400.0,400.0,9500.0,9500.0,0.0,0.0,-495.0,3.0,1.0,2.0,1068.0,356.0,15000.0,5000.0,0.0,2.0,34.0,2.0,0.0,1.0,668.0,-44.0,5500.0,-4500.0,0.0,2.0,529.0,1,1
74063,PR,OURO VERDE DO OESTE,4.0,1.0,3.0,1406.0,351.5,12200.0,3050.0,0.0,4.0,19.0,1.0,1.0,1.0,400.0,400.0,4000.0,4000.0,0.0,1.0,7.0,-3.0,0.0,-2.0,-1006.0,48.5,-8200.0,950.0,0.0,-3.0,-12.0,1,1
74071,PR,ALMIRANTE TAMANDARÉ,2.0,1.0,1.0,857.0,428.5,25000.0,12500.0,0.0,2.0,20.0,4.0,1.0,3.0,1780.0,445.0,27000.0,6750.0,0.0,2.0,33.0,2.0,0.0,2.0,923.0,16.5,2000.0,-5750.0,0.0,0.0,13.0,1,1
74080,PR,SANTA TEREZA DO OESTE,2.0,1.0,1.0,700.0,350.0,3000.0,1500.0,0.0,1.0,95.0,7.0,1.0,5.0,2629.0,375.57142857142856,40500.0,5785.714285714285,1.0,5.0,82.0,5.0,0.0,4.0,1929.0,25.571428571428555,37500.0,4285.714285714285,1.0,4.0,-13.0,1,1
74101,PR,ANAHY,0.0,0.0,0.0,0.0,,,,0.0,0.0,,1.0,1.0,1.0,400.0,400.0,4500.0,4500.0,0.0,0.0,37.0,1.0,1.0,1.0,400.0,,,,0.0,0.0,,0,1
74110,PR,ALTO PIQUIRI,2.0,1.0,2.0,545.0,272.5,6500.0,3250.0,1.0,1.0,34.0,1.0,1.0,1.0,300.0,300.0,9000.0,9000.0,0.0,1.0,2.0,-1.0,0.0,-1.0,-245.0,27.5,2500.0,5750.0,-1.0,0.0,-32.0,1,1
74128,PR,ÂNGULO,1.0,1.0,1.0,300.0,300.0,5000.0,5000.0,0.0,1.0,18.0,3.0,1.0,3.0,958.0,319.3333333333333,18000.0,6000.0,0.0,2.0,56.0,2.0,0.0,2.0,658.0,19.333333333333314,13000.0,1000.0,0.0,1.0,38.0,1,1
74136,PR,ALVORADA DO SUL,1.0,1.0,1.0,252.0,252.0,3500.0,3500.0,0.0,1.0,13.0,0.0,0.0,0.0,0.0,,,,0.0,0.0,,-1.0,-1.0,-1.0,-252.0,,,,0.0,-1.0,,0,1
74152,PR,AMAPORÃ,0.0,0.0,0.0,0.0,,,,0.0,0.0,,3.0,1.0,2.0,880.0,293.3333333333333,19000.0,6333.333333333333,1.0,3.0,23.0,3.0,1.0,2.0,880.0,,,,1.0,3.0,,0,1
74187,PR,BRASILÂNDIA DO SUL,2.0,1.0,1.0,400.0,200.0,5000.0,2500.0,1.0,1.0,99.0,3.0,1.0,2.0,890.0,296.6666666666667,19500.0,6500.0,0.0,1.0,63.0,1.0,0.0,1.0,490.0,96.66666666666669,14500.0,4000.0,-1.0,0.0,-36.0,1,1
74209,PR,CAFEZAL DO SUL,0.0,0.0,0.0,0.0,,,,0.0,0.0,,1.0,1.0,1.0,292.0,292.0,6000.0,6000.0,0.0,0.0,35.0,1.0,1.0,1.0,292.0,,,,0.0,0.0,,0,1
74217,PR,ANTONINA,2.0,1.0,2.0,800.0,400.0,16500.0,8250.0,0.0,2.0,13.0,3.0,1.0,2.0,1300.0,433.3333333333333,33000.0,11000.0,0.0,3.0,15.0,1.0,0.0,0.0,500.0,33.333333333333314,16500.0,2750.0,0.0,1.0,2.0,1,1
74225,PR,CANDÓI,5.0,1.0,3.0,1836.0,367.2,23000.0,4600.0,0.0,4.0,42.0,3.0,1.0,1.0,1500.0,500.0,20000.0,6666.666666666667,0.0,2.0,220.0,-2.0,0.0,-2.0,-336.0,132.8,-3000.0,2066.666666666667,0.0,-2.0,178.0,1,1
74233,PR,ANTONIO OLINTO,0.0,0.0,0.0,0.0,,,,0.0,0.0,,1.0,1.0,1.0,450.0,450.0,8000.0,8000.0,0.0,1.0,15.0,1.0,1.0,1.0,450.0,,,,0.0,1.0,,0,1
74250,PR,APUCARANA,1.0,1.0,1.0,600.0,600.0,10000.0,10000.0,0.0,1.0,7.0,2.0,1.0,2.0,1260.0,630.0,14950.0,7475.0,0.0,1.0,205.0,1.0,0.0,1.0,660.0,30.0,4950.0,-2525.0,0.0,0.0,198.0,1,1
74268,PR,DIAMANTE DO SUL,1.0,1.0,1.0,305.0,305.0,2000.0,2000.0,0.0,1.0,26.0,0.0,0.0,0.0,0.0,,,,0.0,0.0,,-1.0,-1.0,-1.0,-305.0,,,,0.0,-1.0,,0,1
74276,PR,ARAPONGAS,1.0,1.0,1.0,400.0,400.0,9000.0,9000.0,0.0,1.0,3.0,0.0,0.0,0.0,0.0,,,,0.0,0.0,,-1.0,-1.0,-1.0,-400.0,,,,0.0,-1.0,,0,1
74284,PR,ENTRE RIOS DO OESTE,2.0,1.0,2.0,600.0,300.0,9000.0,4500.0,0.0,2.0,7.0,1.0,1.0,1.0,300.0,300.0,9000.0,9000.0,1.0,1.0,12.0,-1.0,0.0,-1.0,-300.0,0.0,0.0,4500.0,1.0,-1.0,5.0,1,1
74292,PR,ARAPOTI,3.0,1.0,2.0,976.0,325.3333333333333,16000.0,5333.333333333333,0.0,1.0,41.0,2.0,1.0,2.0,750.0,375.0,25000.0,12500.0,0.0,2.0,8.0,-1.0,0.0,0.0,-226.0,49.666666666666686,9000.0,7166.666666666667,0.0,1.0,-33.0,1,1
74306,PR,FAROL,0.0,0.0,0.0,0.0,,,,0.0,0.0,,2.0,1.0,1.0,600.0,300.0,15000.0,7500.0,0.0,1.0,38.0,2.0,1.0,1.0,600.0,,,,0.0,1.0,,0,1
74322,PR,FAZENDA RIO GRANDE,9.0,1.0,5.0,4479.0,497.6666666666667,74000.0,8222.222222222223,0.0,8.0,35.0,2.0,1.0,1.0,1000.0,500.0,16000.0,8000.0,0.0,2.0,27.0,-7.0,0.0,-4.0,-3479.0,2.3333333333333144,-58000.0,-222.22222222222263,0.0,-6.0,-8.0,1,1
74330,PR,MARILÂNDIA DO SUL,2.0,1.0,1.0,520.0,260.0,10000.0,5000.0,0.0,2.0,8.0,1.0,1.0,1.0,250.0,250.0,14000.0,14000.0,0.0,1.0,3.0,-1.0,0.0,0.0,-270.0,-10.0,4000.0,9000.0,0.0,-1.0,-5.0,1,1
74349,PR,FLOR DA SERRA DO SUL,0.0,0.0,0.0,0.0,,,,0.0,0.0,,1.0,1.0,1.0,200.0,200.0,9000.0,9000.0,0.0,1.0,10.0,1.0,1.0,1.0,200.0,,,,0.0,1.0,,0,1
74357,PR,ARAUCÁRIA,2.0,1.0,2.0,2008.0,1004.0,21000.0,10500.0,0.0,1.0,154.0,3.0,1.0,2.0,2400.0,800.0,27000.0,9000.0,0.0,3.0,26.0,1.0,0.0,0.0,392.0,-204.0,6000.0,-1500.0,0.0,2.0,-128.0,1,1
74381,PR,IGUATU,1.0,1.0,1.0,300.0,300.0,2000.0,2000.0,0.0,1.0,12.0,4.0,1.0,2.0,1300.0,325.0,29000.0,7250.0,0.0,3.0,31.0,3.0,0.0,1.0,1000.0,25.0,27000.0,5250.0,0.0,2.0,19.0,1,1
74390,PR,ASTORGA,1.0,1.0,1.0,556.0,556.0,8000.0,8000.0,0.0,1.0,8.0,1.0,1.0,1.0,414.0,414.0,6000.0,6000.0,0.0,1.0,11.0,0.0,0.0,0.0,-142.0,-142.0,-2000.0,-2000.0,0.0,0.0,3.0,1,1
74403,PR,IRACEMA DO OESTE,0.0,0.0,0.0,0.0,,,,0.0,0.0,,1.0,1.0,1.0,300.0,300.0,4000.0,4000.0,0.0,1.0,16.0,1.0,1.0,1.0,300.0,,,,0.0,1.0,,0,1
74411,PR,ATALAIA,1.0,1.0,1.0,240.0,240.0,6000.0,6000.0,0.0,1.0,12.0,0.0,0.0,0.0,0.0,,,,0.0,0.0,,-1.0,-1.0,-1.0,-240.0,,,,0.0,-1.0,,0,1
74446,PR,ITAPERUÇU,3.0,1.0,2.0,1180.0,393.3333333333333,23000.0,7666.666666666667,0.0,3.0,12.0,2.0,1.0,2.0,752.0,376.0,16000.0,8000.0,0.0,2.0,10.0,-1.0,0.0,0.0,-428.0,-17.333333333333314,-7000.0,333.33333333333303,0.0,-1.0,-2.0,1,1
74454,PR,BANDEIRANTES,1.0,1.0,1.0,350.0,350.0,4000.0,4000.0,0.0,1.0,22.0,2.0,1.0,1.0,1000.0,500.0,19000.0,9500.0,0.0,2.0,20.0,1.0,0.0,0.0,650.0,150.0,15000.0,5500.0,0.0,1.0,-2.0,1,1
74462,PR,IVATÉ,1.0,1.0,1.0,361.0,361.0,4500.0,4500.0,1.0,1.0,5.0,1.0,1.0,1.0,280.0,280.0,7650.0,7650.0,0.0,1.0,3.0,0.0,0.0,0.0,-81.0,-81.0,3150.0,3150.0,-1.0,0.0,-2.0,1,1
74470,PR,BARBOSA FERRAZ,5.0,1.0,4.0,1523.0,304.6,20000.0,4000.0,4.0,5.0,15.0,6.0,1.0,4.0,2041.0,340.1666666666667,41500.0,6916.666666666667,0.0,5.0,43.0,1.0,0.0,0.0,518.0,35.56666666666666,21500.0,2916.666666666667,-4.0,0.0,28.0,1,1
74489,PR,LIDIANÓPOLIS,1.0,1.0,1.0,260.0,260.0,7500.0,7500.0,0.0,1.0,8.0,1.0,1.0,1.0,351.0,351.0,5000.0,5000.0,0.0,0.0,40.0,0.0,0.0,0.0,91.0,91.0,-2500.0,-2500.0,0.0,-1.0,32.0,1,1
74497,PR,BARRACÃO,4.0,1.0,2.0,1300.0,325.0,29000.0,7250.0,4.0,4.0,26.0,1.0,1.0,1.0,290.0,290.0,25000.0,25000.0,0.0,1.0,5.0,-3.0,0.0,-1.0,-1010.0,-35.0,-4000.0,17750.0,-4.0,-3.0,-21.0,1,1
74500,PR,MARIPÁ,2.0,1.0,2.0,745.0,372.5,8200.0,4100.0,1.0,1.0,31.0,7.0,1.0,3.0,2581.0,368.7142857142857,52400.0,7485.714285714285,0.0,4.0,259.0,5.0,0.0,1.0,1836.0,-3.7857142857142776,44200.0,3385.7142857142853,-1.0,3.0,228.0,1,1
74543,PR,MAUÁ DA SERRA,0.0,0.0,0.0,0.0,,,,0.0,0.0,,1.0,1.0,1.0,300.0,300.0,5000.0,5000.0,0.0,1.0,24.0,1.0,1.0,1.0,300.0,,,,0.0,1.0,,0,1
74551,PR,BITURUNA,2.0,1.0,2.0,672.0,336.0,13500.0,6750.0,0.0,2.0,25.0,1.0,1.0,1.0,300.0,300.0,17500.0,17500.0,0.0,1.0,5.0,-1.0,0.0,-1.0,-372.0,-36.0,4000.0,10750.0,0.0,-1.0,-20.0,1,1
74560,PR,MERCEDES,2.0,1.0,2.0,686.0,343.0,8000.0,4000.0,1.0,2.0,19.0,2.0,1.0,1.0,600.0,300.0,18000.0,9000.0,1.0,1.0,108.0,0.0,0.0,-1.0,-86.0,-43.0,10000.0,5000.0,0.0,-1.0,89.0,1,1
74578,PR,BOA ESPERANÇA,1.0,1.0,1.0,349.0,349.0,8000.0,8000.0,1.0,1.0,15.0,2.0,1.0,1.0,600.0,300.0,15000.0,7500.0,0.0,1.0,64.0,1.0,0.0,0.0,251.0,-49.0,7000.0,-500.0,-1.0,0.0,49.0,1,1
74586,PR,NOVA LARANJEIRAS,1.0,1.0,1.0,366.0,366.0,6000.0,6000.0,0.0,1.0,8.0,2.0,1.0,2.0,710.0,355.0,16000.0,8000.0,0.0,2.0,10.0,1.0,0.0,1.0,344.0,-11.0,10000.0,2000.0,0.0,1.0,2.0,1,1
74616,PR,BOM SUCESSO,2.0,1.0,2.0,600.0,300.0,13000.0,6500.0,0.0,2.0,16.0,4.0,1.0,3.0,2536.0,634.0,34000.0,8500.0,0.0,2.0,79.0,2.0,0.0,1.0,1936.0,334.0,21000.0,2000.0,0.0,0.0,63.0,1,1
74624,PR,PATO BRAGADO,1.0,1.0,1.0,300.0,300.0,7000.0,7000.0,0.0,1.0,11.0,0.0,0.0,0.0,0.0,,,,0.0,0.0,,-1.0,-1.0,-1.0,-300.0,,,,0.0,-1.0,,0,1
74659,PR,CAFEARA,0.0,0.0,0.0,0.0,,,,0.0,0.0,,1.0,1.0,1.0,210.0,210.0,9500.0,9500.0,0.0,1.0,14.0,1.0,1.0,1.0,210.0,,,,0.0,1.0,,0,1
74667,PR,PITANGUEIRAS,1.0,1.0,1.0,300.0,300.0,5000.0,5000.0,0.0,1.0,9.0,1.0,1.0,1.0,270.0,270.0,8000.0,8000.0,0.0,0.0,154.0,0.0,0.0,0.0,-30.0,-30.0,3000.0,3000.0,0.0,-1.0,145.0,1,1
74675,PR,CALIFÓRNIA,1.0,1.0,1.0,260.0,260.0,5000.0,5000.0,0.0,1.0,8.0,3.0,1.0,2.0,1148.0,382.6666666666667,21450.0,7150.0,0.0,3.0,12.0,2.0,0.0,1.0,888.0,122.66666666666669,16450.0,2150.0,0.0,2.0,4.0,1,1
74683,PR,QUATRO PONTES,1.0,1.0,1.0,349.0,349.0,6000.0,6000.0,0.0,1.0,6.0,3.0,1.0,2.0,895.0,298.3333333333333,16000.0,5333.333333333333,1.0,2.0,66.0,2.0,0.0,1.0,546.0,-50.666666666666686,10000.0,-666.666666666667,1.0,1.0,60.0,1,1
74691,PR,CAMBARÁ,0.0,0.0,0.0,0.0,,,,0.0,0.0,,3.0,1.0,2.0,950.0,316.6666666666667,20500.0,6833.333333333333,0.0,2.0,58.0,3.0,1.0,2.0,950.0,,,,0.0,2.0,,0,1
74705,PR,RAMILÂNDIA,0.0,0.0,0.0,0.0,,,,0.0,0.0,,1.0,1.0,1.0,300.0,300.0,5000.0,5000.0,0.0,1.0,5.0,1.0,1.0,1.0,300.0,,,,0.0,1.0,,0,1
74713,PR,CAMBÉ,0.0,0.0,0.0,0.0,,,,0.0,0.0,,2.0,1.0,2.0,1000.0,500.0,25000.0,12500.0,0.0,2.0,12.0,2.0,1.0,2.0,1000.0,,,,0.0,2.0,,0,1
74721,PR,RANCHO ALEGRE D'OESTE,0.0,0.0,0.0,0.0,,,,0.0,0.0,,1.0,1.0,1.0,200.0,200.0,4000.0,4000.0,0.0,1.0,21.0,1.0,1.0,1.0,200.0,,,,0.0,1.0,,0,1
74730,PR,CAMBIRA,1.0,1.0,1.0,260.0,260.0,8000.0,8000.0,0.0,1.0,15.0,0.0,0.0,0.0,0.0,,,,0.0,0.0,,-1.0,-1.0,-1.0,-260.0,,,,0.0,-1.0,,0,1
74748,PR,RIO BONITO DO IGUAÇU,1.0,1.0,1.0,300.0,300.0,2000.0,2000.0,1.0,0.0,32.0,1.0,1.0,1.0,400.0,400.0,9000.0,9000.0,0.0,1.0,15.0,0.0,0.0,0.0,100.0,100.0,7000.0,7000.0,-1.0,1.0,-17.0,1,1
74756,PR,CAMPINA DA LAGOA,1.0,1.0,1.0,300.0,300.0,9000.0,9000.0,0.0,1.0,9.0,4.0,1.0,3.0,1424.0,356.0,34500.0,8625.0,0.0,3.0,36.0,3.0,0.0,2.0,1124.0,56.0,25500.0,-375.0,0.0,2.0,27.0,1,1
74772,PR,CAMPINA GRANDE DO SUL,0.0,0.0,0.0,0.0,,,,0.0,0.0,,2.0,1.0,2.0,800.0,400.0,16000.0,8000.0,0.0,2.0,9.0,2.0,1.0,2.0,800.0,,,,0.0,2.0,,0,1
74780,PR,CAMPO BONITO,3.0,1.0,2.0,1160.0,386.6666666666667,11000.0,3666.6666666666665,1.0,3.0,26.0,0.0,0.0,0.0,0.0,,,,0.0,0.0,,-3.0,-1.0,-2.0,-1160.0,,,,-1.0,-3.0,,0,1
74799,PR,CAMPO DO TENENTE,4.0,1.0,3.0,1260.0,315.0,36740.0,9185.0,0.0,3.0,37.0,4.0,1.0,3.0,1224.0,306.0,36000.0,9000.0,0.0,2.0,70.0,0.0,0.0,0.0,-36.0,-9.0,-740.0,-185.0,0.0,-1.0,33.0,1,1
74802,PR,SANTA MARIA DO OESTE,1.0,1.0,1.0,369.0,369.0,5500.0,5500.0,0.0,1.0,18.0,1.0,1.0,1.0,400.0,400.0,11000.0,11000.0,0.0,1.0,14.0,0.0,0.0,0.0,31.0,31.0,5500.0,5500.0,0.0,0.0,-4.0,1,1
74810,PR,CAMPO LARGO,3.0,1.0,2.0,1500.0,500.0,17000.0,5666.666666666667,2.0,3.0,6.0,5.0,1.0,4.0,2796.0,559.2,77000.0,15400.0,0.0,5.0,13.0,2.0,0.0,2.0,1296.0,59.200000000000045,60000.0,9733.333333333332,-2.0,2.0,7.0,1,1
74829,PR,SANTA MÔNICA,3.0,1.0,2.0,872.0,290.6666666666667,10200.0,3400.0,3.0,3.0,21.0,2.0,1.0,1.0,530.0,265.0,15300.0,7650.0,0.0,1.0,43.0,-1.0,0.0,-1.0,-342.0,-25.666666666666686,5100.0,4250.0,-3.0,-2.0,22.0,1,1
74837,PR,CAMPO MOURÃO,2.0,1.0,2.0,836.0,418.0,21500.0,10750.0,2.0,2.0,14.0,2.0,1.0,2.0,1680.0,840.0,25000.0,12500.0,0.0,2.0,15.0,0.0,0.0,0.0,844.0,422.0,3500.0,1750.0,-2.0,0.0,1.0,1,1
74845,PR,SÃO MANOEL DO PARANÁ,0.0,0.0,0.0,0.0,,,,0.0,0.0,,5.0,1.0,4.0,1150.0,230.0,33000.0,6600.0,1.0,2.0,42.0,5.0,1.0,4.0,1150.0,,,,1.0,2.0,,0,1
74853,PR,CÂNDIDO DE ABREU,3.0,1.0,3.0,1100.0,366.6666666666667,21700.0,7233.333333333333,0.0,3.0,29.0,3.0,1.0,3.0,955.0,318.3333333333333,29500.0,9833.333333333334,0.0,2.0,32.0,0.0,0.0,0.0,-145.0,-48.33333333333337,7800.0,2600.000000000001,0.0,-1.0,3.0,1,1
74861,PR,SÃO PEDRO DO IGUAÇU,1.0,1.0,1.0,400.0,400.0,2000.0,2000.0,0.0,1.0,3.0,0.0,0.0,0.0,0.0,,,,0.0,0.0,,-1.0,-1.0,-1.0,-400.0,,,,0.0,-1.0,,0,1
74870,PR,CAPANEMA,4.0,1.0,4.0,1700.0,425.0,36000.0,9000.0,1.0,4.0,8.0,4.0,1.0,2.0,1700.0,425.0,45000.0,11250.0,0.0,3.0,31.0,0.0,0.0,-2.0,0.0,0.0,9000.0,2250.0,-1.0,-1.0,23.0,1,1
74896,PR,CAPITÃO LEÔNIDAS MARQUES,1.0,1.0,1.0,355.0,355.0,1500.0,1500.0,0.0,0.0,42.0,2.0,1.0,2.0,1014.0,507.0,16000.0,8000.0,0.0,2.0,12.0,1.0,0.0,1.0,659.0,152.0,14500.0,6500.0,0.0,2.0,-30.0,1,1
74900,PR,VENTANIA,1.0,1.0,1.0,300.0,300.0,6000.0,6000.0,0.0,1.0,14.0,1.0,1.0,1.0,250.0,250.0,10000.0,10000.0,0.0,1.0,6.0,0.0,0.0,0.0,-50.0,-50.0,4000.0,4000.0,0.0,0.0,-8.0,1,1
74918,PR,CARLÓPOLIS,2.0,1.0,2.0,656.0,328.0,4200.0,2100.0,2.0,1.0,43.0,2.0,1.0,2.0,640.0,320.0,7000.0,3500.0,1.0,2.0,6.0,0.0,0.0,0.0,-16.0,-8.0,2800.0,1400.0,-1.0,1.0,-37.0,1,1
74934,PR,CASCAVEL,5.0,1.0,3.0,4241.0,848.2,40000.0,8000.0,4.0,2.0,142.0,23.0,1.0,12.0,19697.0,856.3913043478261,268500.0,11673.91304347826,5.0,9.0,251.0,18.0,0.0,9.0,15456.0,8.191304347826076,228500.0,3673.91304347826,1.0,7.0,109.0,1,1
74942,PR,DOUTOR ULYSSES,0.0,0.0,0.0,0.0,,,,0.0,0.0,,1.0,1.0,1.0,400.0,400.0,6000.0,6000.0,1.0,1.0,25.0,1.0,1.0,1.0,400.0,,,,1.0,1.0,,0,1
74950,PR,CASTRO,1.0,1.0,1.0,400.0,400.0,6000.0,6000.0,0.0,1.0,24.0,3.0,1.0,3.0,1250.0,416.6666666666667,24000.0,8000.0,0.0,3.0,18.0,2.0,0.0,2.0,850.0,16.666666666666686,18000.0,2000.0,0.0,2.0,-6.0,1,1
74969,PR,VIRMOND,1.0,1.0,1.0,255.0,255.0,2000.0,2000.0,0.0,1.0,30.0,2.0,1.0,2.0,557.0,278.5,16000.0,8000.0,0.0,2.0,10.0,1.0,0.0,1.0,302.0,23.5,14000.0,6000.0,0.0,1.0,-20.0,1,1
74977,PR,CATANDUVAS,0.0,0.0,0.0,0.0,,,,0.0,0.0,,2.0,1.0,2.0,700.0,350.0,8500.0,4250.0,1.0,2.0,19.0,2.0,1.0,2.0,700.0,,,,1.0,2.0,,0,1
74985,PR,LARANJAL,0.0,0.0,0.0,0.0,,,,0.0,0.0,,2.0,1.0,1.0,540.0,270.0,24650.0,12325.0,2.0,0.0,255.0,2.0,1.0,1.0,540.0,,,,2.0,0.0,,0,1
74993,PR,CENTENÁRIO DO SUL,4.0,1.0,1.0,1160.0,290.0,20500.0,5125.0,0.0,2.0,132.0,3.0,1.0,2.0,850.0,283.3333333333333,25000.0,8333.333333333334,0.0,2.0,111.0,-1.0,0.0,1.0,-310.0,-6.666666666666686,4500.0,3208.333333333334,0.0,0.0,-21.0,1,1
75000,PR,ITAIPULÂNDIA,4.0,1.0,4.0,1404.0,351.0,19100.0,4775.0,0.0,4.0,11.0,7.0,1.0,5.0,2528.0,361.14285714285717,58500.0,8357.142857142857,0.0,7.0,16.0,3.0,0.0,1.0,1124.0,10.142857142857167,39400.0,3582.142857142857,0.0,3.0,5.0,1,1
75019,PR,CERRO AZUL,1.0,1.0,1.0,374.0,374.0,6500.0,6500.0,1.0,1.0,8.0,1.0,1.0,1.0,600.0,600.0,8000.0,8000.0,0.0,1.0,27.0,0.0,0.0,0.0,226.0,226.0,1500.0,1500.0,-1.0,0.0,19.0,1,1
75027,PR,NOVA ESPERANÇA DO SUDOESTE,1.0,1.0,1.0,276.0,276.0,15360.0,15360.0,1.0,1.0,6.0,3.0,1.0,2.0,822.0,274.0,50000.0,16666.666666666668,0.0,3.0,14.0,2.0,0.0,1.0,546.0,-2.0,34640.0,1306.6666666666679,-1.0,2.0,8.0,1,1
75035,PR,CHOPINZINHO,0.0,0.0,0.0,0.0,,,,0.0,0.0,,2.0,1.0,2.0,700.0,350.0,33500.0,16750.0,0.0,2.0,7.0,2.0,1.0,2.0,700.0,,,,0.0,2.0,,0,1
75043,PR,PINHAIS,3.0,1.0,2.0,1533.0,511.0,22000.0,7333.333333333333,1.0,2.0,74.0,2.0,1.0,2.0,964.0,482.0,16000.0,8000.0,0.0,1.0,64.0,-1.0,0.0,0.0,-569.0,-29.0,-6000.0,666.666666666667,-1.0,-1.0,-10.0,1,1
75051,PR,CIANORTE,2.0,1.0,2.0,977.0,488.5,13500.0,6750.0,1.0,1.0,46.0,3.0,1.0,3.0,1400.0,466.6666666666667,38000.0,12666.666666666666,0.0,3.0,9.0,1.0,0.0,1.0,423.0,-21.833333333333314,24500.0,5916.666666666666,-1.0,2.0,-37.0,1,1
75060,PR,SAUDADE DO IGUAÇU,0.0,0.0,0.0,0.0,,,,0.0,0.0,,3.0,1.0,2.0,1072.0,357.3333333333333,38500.0,12833.333333333334,1.0,3.0,16.0,3.0,1.0,2.0,1072.0,,,,1.0,3.0,,0,1
75078,PR,CIDADE GAÚCHA,2.0,1.0,1.0,540.0,270.0,6000.0,3000.0,2.0,1.0,35.0,1.0,1.0,1.0,300.0,300.0,6000.0,6000.0,0.0,1.0,3.0,-1.0,0.0,0.0,-240.0,30.0,0.0,3000.0,-2.0,0.0,-32.0,1,1
75086,PR,ARIRANHA DO IVAÍ,0.0,0.0,0.0,0.0,,,,0.0,0.0,,1.0,1.0,1.0,378.0,378.0,6500.0,6500.0,0.0,1.0,22.0,1.0,1.0,1.0,378.0,,,,0.0,1.0,,0,1
75094,PR,CLEVELÂNDIA,1.0,1.0,1.0,562.0,562.0,5500.0,5500.0,1.0,1.0,30.0,0.0,0.0,0.0,0.0,,,,0.0,0.0,,-1.0,-1.0,-1.0,-562.0,,,,-1.0,-1.0,,0,1
75108,PR,ARAPUÃ,1.0,1.0,1.0,250.0,250.0,5000.0,5000.0,0.0,1.0,5.0,3.0,1.0,3.0,957.0,319.0,24000.0,8000.0,1.0,3.0,20.0,2.0,0.0,2.0,707.0,69.0,19000.0,3000.0,1.0,2.0,15.0,1,1
75116,PR,MANGUEIRINHA,0.0,0.0,0.0,0.0,,,,0.0,0.0,,1.0,1.0,1.0,600.0,600.0,7000.0,7000.0,0.0,1.0,9.0,1.0,1.0,1.0,600.0,,,,0.0,1.0,,0,1
75124,PR,BELA VISTA DA CAROBA,2.0,1.0,2.0,554.0,277.0,18000.0,9000.0,0.0,2.0,6.0,0.0,0.0,0.0,0.0,,,,0.0,0.0,,-2.0,-1.0,-2.0,-554.0,,,,0.0,-2.0,,0,1
75132,PR,COLOMBO,5.0,1.0,4.0,2684.0,536.8,41000.0,8200.0,1.0,5.0,15.0,5.0,1.0,3.0,3100.0,620.0,58000.0,11600.0,0.0,2.0,190.0,0.0,0.0,-1.0,416.0,83.20000000000005,17000.0,3400.0,-1.0,-3.0,175.0,1,1
75140,PR,BOA VENTURA DE SÃO ROQUE,1.0,1.0,1.0,250.0,250.0,8000.0,8000.0,0.0,1.0,3.0,0.0,0.0,0.0,0.0,,,,0.0,0.0,,-1.0,-1.0,-1.0,-250.0,,,,0.0,-1.0,,0,1
75159,PR,COLORADO,4.0,1.0,3.0,1059.0,264.75,24000.0,6000.0,1.0,4.0,28.0,1.0,1.0,1.0,300.0,300.0,13500.0,13500.0,0.0,1.0,9.0,-3.0,0.0,-2.0,-759.0,35.25,-10500.0,7500.0,-1.0,-3.0,-19.0,1,1
75167,PR,BOM JESUS DO SUL,0.0,0.0,0.0,0.0,,,,0.0,0.0,,1.0,1.0,1.0,300.0,300.0,15000.0,15000.0,0.0,1.0,8.0,1.0,1.0,1.0,300.0,,,,0.0,1.0,,0,1
75175,PR,CONGONHINHAS,1.0,1.0,1.0,280.0,280.0,7500.0,7500.0,0.0,1.0,3.0,0.0,0.0,0.0,0.0,,,,0.0,0.0,,-1.0,-1.0,-1.0,-280.0,,,,0.0,-1.0,,0,1
75191,PR,CONSELHEIRO MAIRINCK,0.0,0.0,0.0,0.0,,,,0.0,0.0,,1.0,1.0,1.0,300.0,300.0,7500.0,7500.0,0.0,1.0,8.0,1.0,1.0,1.0,300.0,,,,0.0,1.0,,0,1
75205,PR,CAMPO MAGRO,5.0,1.0,2.0,2000.0,400.0,39000.0,7800.0,2.0,3.0,80.0,3.0,1.0,3.0,1159.0,386.3333333333333,29000.0,9666.666666666666,0.0,3.0,5.0,-2.0,0.0,1.0,-841.0,-13.666666666666686,-10000.0,1866.666666666666,-2.0,0.0,-75.0,1,1
75213,PR,CONTENDA,1.0,1.0,1.0,373.0,373.0,5000.0,5000.0,1.0,1.0,4.0,2.0,1.0,1.0,808.0,404.0,10000.0,5000.0,0.0,1.0,33.0,1.0,0.0,0.0,435.0,31.0,5000.0,0.0,-1.0,0.0,29.0,1,1
75221,PR,CARAMBEÍ,3.0,1.0,3.0,1076.0,358.6666666666667,14000.0,4666.666666666667,1.0,3.0,29.0,3.0,1.0,2.0,1450.0,483.3333333333333,26500.0,8833.333333333334,0.0,3.0,16.0,0.0,0.0,-1.0,374.0,124.66666666666663,12500.0,4166.666666666667,-1.0,0.0,-13.0,1,1
75230,PR,CORBÉLIA,0.0,0.0,0.0,0.0,,,,0.0,0.0,,5.0,1.0,3.0,3610.0,722.0,60000.0,12000.0,1.0,1.0,219.0,5.0,1.0,3.0,3610.0,,,,1.0,1.0,,0,1
75248,PR,CORONEL DOMINGOS SOARES,1.0,1.0,1.0,400.0,400.0,7000.0,7000.0,0.0,1.0,6.0,0.0,0.0,0.0,0.0,,,,0.0,0.0,,-1.0,-1.0,-1.0,-400.0,,,,0.0,-1.0,,0,1
75256,PR,CORNÉLIO PROCÓPIO,2.0,1.0,1.0,779.0,389.5,8000.0,4000.0,0.0,2.0,20.0,1.0,1.0,1.0,480.0,480.0,6000.0,6000.0,1.0,1.0,5.0,-1.0,0.0,0.0,-299.0,90.5,-2000.0,2000.0,1.0,-1.0,-15.0,1,1
75264,PR,CRUZMALTINA,1.0,1.0,1.0,300.0,300.0,5000.0,5000.0,0.0,1.0,7.0,3.0,1.0,2.0,880.0,293.3333333333333,26000.0,8666.666666666666,0.0,3.0,17.0,2.0,0.0,1.0,580.0,-6.666666666666686,21000.0,3666.666666666666,0.0,2.0,10.0,1,1
75272,PR,CORONEL VIVIDA,1.0,1.0,1.0,423.0,423.0,5200.0,5200.0,1.0,1.0,11.0,0.0,0.0,0.0,0.0,,,,0.0,0.0,,-1.0,-1.0,-1.0,-423.0,,,,-1.0,-1.0,,0,1
75280,PR,CORUMBATAÍ DO SUL,1.0,1.0,1.0,250.0,250.0,6000.0,6000.0,0.0,1.0,7.0,0.0,0.0,0.0,0.0,,,,0.0,0.0,,-1.0,-1.0,-1.0,-250.0,,,,0.0,-1.0,,0,1
75299,PR,CRUZEIRO DO OESTE,1.0,1.0,1.0,335.0,335.0,4500.0,4500.0,1.0,1.0,11.0,1.0,1.0,1.0,350.0,350.0,11000.0,11000.0,0.0,1.0,6.0,0.0,0.0,0.0,15.0,15.0,6500.0,6500.0,-1.0,0.0,-5.0,1,1
75337,PR,CRUZ MACHADO,1.0,1.0,1.0,373.0,373.0,5500.0,5500.0,0.0,1.0,9.0,0.0,0.0,0.0,0.0,,,,0.0,0.0,,-1.0,-1.0,-1.0,-373.0,,,,0.0,-1.0,,0,1
75345,PR,FERNANDES PINHEIRO,1.0,1.0,1.0,350.0,350.0,9800.0,9800.0,0.0,1.0,5.0,1.0,1.0,1.0,320.0,320.0,5000.0,5000.0,0.0,0.0,110.0,0.0,0.0,0.0,-30.0,-30.0,-4800.0,-4800.0,0.0,-1.0,105.0,1,1
75353,PR,CURITIBA,8.0,1.0,4.0,7322.0,915.25,170139.0,21267.375,6.0,3.0,123.0,48.0,1.0,15.0,46295.0,964.4791666666666,1562109.8,32543.954166666666,23.0,15.0,206.0,40.0,0.0,11.0,38973.0,49.22916666666663,1391970.8,11276.579166666666,17.0,12.0,83.0,1,1
75361,PR,FOZ DO JORDÃO,0.0,0.0,0.0,0.0,,,,0.0,0.0,,1.0,1.0,1.0,300.0,300.0,5000.0,5000.0,0.0,1.0,12.0,1.0,1.0,1.0,300.0,,,,0.0,1.0,,0,1
75370,PR,CURIÚVA,0.0,0.0,0.0,0.0,,,,0.0,0.0,,1.0,1.0,1.0,300.0,300.0,6500.0,6500.0,0.0,1.0,27.0,1.0,1.0,1.0,300.0,,,,0.0,1.0,,0,1
75388,PR,GOIOXIM,1.0,1.0,1.0,400.0,400.0,3000.0,3000.0,1.0,1.0,8.0,2.0,1.0,2.0,1200.0,600.0,10000.0,5000.0,0.0,2.0,18.0,1.0,0.0,1.0,800.0,200.0,7000.0,2000.0,-1.0,1.0,10.0,1,1
75396,PR,DIAMANTE DO NORTE,0.0,0.0,0.0,0.0,,,,0.0,0.0,,1.0,1.0,1.0,250.0,250.0,6750.0,6750.0,0.0,1.0,8.0,1.0,1.0,1.0,250.0,,,,0.0,1.0,,0,1
75418,PR,DOIS VIZINHOS,1.0,1.0,1.0,400.0,400.0,5000.0,5000.0,1.0,1.0,16.0,0.0,0.0,0.0,0.0,,,,0.0,0.0,,-1.0,-1.0,-1.0,-400.0,,,,-1.0,-1.0,,0,1
75426,PR,GUAMIRANGA,1.0,1.0,1.0,600.0,600.0,10000.0,10000.0,0.0,1.0,6.0,3.0,1.0,3.0,900.0,300.0,24500.0,8166.666666666667,1.0,3.0,10.0,2.0,0.0,2.0,300.0,-300.0,14500.0,-1833.333333333333,1.0,2.0,4.0,1,1
75442,PR,IMBAÚ,1.0,1.0,1.0,300.0,300.0,6000.0,6000.0,0.0,1.0,6.0,3.0,1.0,1.0,1134.0,378.0,24000.0,8000.0,0.0,1.0,64.0,2.0,0.0,0.0,834.0,78.0,18000.0,2000.0,0.0,0.0,58.0,1,1
75477,PR,ENGENHEIRO BELTRÃO,2.0,1.0,2.0,622.0,311.0,8000.0,4000.0,2.0,2.0,11.0,1.0,1.0,1.0,370.0,370.0,5000.0,5000.0,0.0,0.0,77.0,-1.0,0.0,-1.0,-252.0,59.0,-3000.0,1000.0,-2.0,-2.0,66.0,1,1
75485,PR,MARQUINHO,3.0,1.0,3.0,860.0,286.6666666666667,10500.0,3500.0,1.0,3.0,9.0,0.0,0.0,0.0,0.0,,,,0.0,0.0,,-3.0,-1.0,-3.0,-860.0,,,,-1.0,-3.0,,0,1
75493,PR,FAXINAL,0.0,0.0,0.0,0.0,,,,0.0,0.0,,5.0,1.0,3.0,1906.0,381.2,33000.0,6600.0,2.0,4.0,73.0,5.0,1.0,3.0,1906.0,,,,2.0,4.0,,0,1
75507,PR,PEROBAL,2.0,1.0,1.0,400.0,200.0,6000.0,3000.0,2.0,1.0,272.0,3.0,1.0,2.0,1010.0,336.6666666666667,20300.0,6766.666666666667,0.0,3.0,25.0,1.0,0.0,1.0,610.0,136.66666666666669,14300.0,3766.666666666667,-2.0,2.0,-247.0,1,1
75515,PR,FÊNIX,1.0,1.0,1.0,400.0,400.0,8500.0,8500.0,0.0,1.0,8.0,0.0,0.0,0.0,0.0,,,,0.0,0.0,,-1.0,-1.0,-1.0,-400.0,,,,0.0,-1.0,,0,1
75523,PR,PONTAL DO PARANÁ,1.0,1.0,1.0,400.0,400.0,10000.0,10000.0,0.0,1.0,5.0,2.0,1.0,2.0,750.0,375.0,23000.0,11500.0,0.0,2.0,29.0,1.0,0.0,1.0,350.0,-25.0,13000.0,1500.0,0.0,1.0,24.0,1,1
75531,PR,FLORAÍ,3.0,1.0,3.0,860.0,286.6666666666667,16500.0,5500.0,1.0,3.0,6.0,0.0,0.0,0.0,0.0,,,,0.0,0.0,,-3.0,-1.0,-3.0,-860.0,,,,-1.0,-3.0,,0,1
75558,PR,FLORESTA,1.0,1.0,1.0,250.0,250.0,3000.0,3000.0,1.0,1.0,14.0,2.0,1.0,1.0,717.0,358.5,12000.0,6000.0,0.0,2.0,21.0,1.0,0.0,0.0,467.0,108.5,9000.0,3000.0,-1.0,1.0,7.0,1,1
75574,PR,FLORESTÓPOLIS,2.0,1.0,1.0,560.0,280.0,6500.0,3250.0,2.0,0.0,112.0,1.0,1.0,1.0,260.0,260.0,8000.0,8000.0,0.0,0.0,102.0,-1.0,0.0,0.0,-300.0,-20.0,1500.0,4750.0,-2.0,0.0,-10.0,1,1
75582,PR,QUARTO CENTENÁRIO,0.0,0.0,0.0,0.0,,,,0.0,0.0,,2.0,1.0,2.0,607.0,303.5,13700.0,6850.0,0.0,0.0,71.0,2.0,1.0,2.0,607.0,,,,0.0,0.0,,0,1
75590,PR,FLÓRIDA,1.0,1.0,1.0,328.0,328.0,5000.0,5000.0,1.0,1.0,5.0,3.0,1.0,2.0,580.0,193.33333333333334,33000.0,11000.0,0.0,3.0,23.0,2.0,0.0,1.0,252.0,-134.66666666666666,28000.0,6000.0,-1.0,2.0,18.0,1,1
75604,PR,RESERVA DO IGUAÇU,0.0,0.0,0.0,0.0,,,,0.0,0.0,,2.0,1.0,2.0,660.0,330.0,22500.0,11250.0,0.0,2.0,12.0,2.0,1.0,2.0,660.0,,,,0.0,2.0,,0,1
75639,PR,FOZ DO IGUAÇU,6.0,1.0,5.0,4500.0,750.0,59500.0,9916.666666666666,2.0,6.0,28.0,14.0,1.0,6.0,7780.0,555.7142857142857,241157.0,17225.5,6.0,5.0,167.0,8.0,0.0,1.0,3280.0,-194.28571428571433,181657.0,7308.833333333334,4.0,-1.0,139.0,1,1
75647,PR,SERRANÓPOLIS DO IGUAÇU,1.0,1.0,1.0,469.0,469.0,5000.0,5000.0,0.0,1.0,7.0,2.0,1.0,2.0,600.0,300.0,14000.0,7000.0,0.0,2.0,9.0,1.0,0.0,1.0,131.0,-169.0,9000.0,2000.0,0.0,1.0,2.0,1,1
75655,PR,FRANCISCO BELTRÃO,2.0,1.0,1.0,900.0,450.0,14000.0,7000.0,0.0,1.0,32.0,4.0,1.0,3.0,1620.0,405.0,40600.0,10150.0,0.0,2.0,44.0,2.0,0.0,2.0,720.0,-45.0,26600.0,3150.0,0.0,1.0,12.0,1,1
75663,PR,TAMARANA,1.0,1.0,1.0,558.0,558.0,7500.0,7500.0,1.0,1.0,10.0,1.0,1.0,1.0,400.0,400.0,14000.0,14000.0,0.0,1.0,19.0,0.0,0.0,0.0,-158.0,-158.0,6500.0,6500.0,-1.0,0.0,9.0,1,1
75671,PR,GENERAL CARNEIRO,1.0,1.0,1.0,368.0,368.0,5500.0,5500.0,0.0,1.0,9.0,1.0,1.0,1.0,300.0,300.0,8000.0,8000.0,0.0,1.0,4.0,0.0,0.0,0.0,-68.0,-68.0,2500.0,2500.0,0.0,0.0,-5.0,1,1
75698,PR,GOIOERÊ,1.0,1.0,1.0,385.0,385.0,2500.0,2500.0,0.0,0.0,69.0,3.0,1.0,3.0,1202.0,400.6666666666667,31959.0,10653.0,1.0,2.0,75.0,2.0,0.0,2.0,817.0,15.666666666666686,29459.0,8153.0,1.0,2.0,6.0,1,1
75710,PR,GUAÍRA,2.0,1.0,1.0,600.0,300.0,12000.0,6000.0,0.0,2.0,12.0,2.0,1.0,2.0,905.0,452.5,45000.0,22500.0,0.0,1.0,193.0,0.0,0.0,1.0,305.0,152.5,33000.0,16500.0,0.0,-1.0,181.0,1,1
75736,PR,GUAIRAÇÁ,2.0,1.0,2.0,558.0,279.0,8000.0,4000.0,2.0,2.0,7.0,1.0,1.0,1.0,280.0,280.0,8000.0,8000.0,0.0,1.0,27.0,-1.0,0.0,-1.0,-278.0,1.0,0.0,4000.0,-2.0,-1.0,20.0,1,1
75744,PR,ROSÁRIO DO IVAÍ,1.0,1.0,1.0,300.0,300.0,5000.0,5000.0,0.0,1.0,8.0,0.0,0.0,0.0,0.0,,,,0.0,0.0,,-1.0,-1.0,-1.0,-300.0,,,,0.0,-1.0,,0,1
75760,PR,NOVA TEBAS,1.0,1.0,1.0,543.0,543.0,9000.0,9000.0,0.0,1.0,14.0,1.0,1.0,1.0,400.0,400.0,10500.0,10500.0,0.0,1.0,23.0,0.0,0.0,0.0,-143.0,-143.0,1500.0,1500.0,0.0,0.0,9.0,1,1
75779,PR,GUAPOREMA,4.0,1.0,2.0,600.0,150.0,10000.0,2500.0,4.0,3.0,27.0,0.0,0.0,0.0,0.0,,,,0.0,0.0,,-4.0,-1.0,-2.0,-600.0,,,,-4.0,-3.0,,0,1
75795,PR,GUARACI,2.0,1.0,2.0,560.0,280.0,11250.0,5625.0,0.0,2.0,8.0,0.0,0.0,0.0,0.0,,,,0.0,0.0,,-2.0,-1.0,-2.0,-560.0,,,,0.0,-2.0,,0,1
75809,PR,LUIZIANA,0.0,0.0,0.0,0.0,,,,0.0,0.0,,2.0,1.0,2.0,761.0,380.5,14000.0,7000.0,0.0,2.0,24.0,2.0,1.0,2.0,761.0,,,,0.0,2.0,,0,1
75817,PR,GUARANIAÇU,2.0,1.0,1.0,800.0,400.0,3500.0,1750.0,0.0,1.0,44.0,3.0,1.0,3.0,1135.0,378.3333333333333,29200.0,9733.333333333334,0.0,3.0,23.0,1.0,0.0,2.0,335.0,-21.666666666666686,25700.0,7983.333333333334,0.0,2.0,-21.0,1,1
75833,PR,GUARAPUAVA,6.0,1.0,5.0,3300.0,550.0,65360.0,10893.333333333334,2.0,6.0,30.0,3.0,1.0,3.0,1960.0,653.3333333333334,34000.0,11333.333333333334,2.0,3.0,9.0,-3.0,0.0,-2.0,-1340.0,103.33333333333337,-31360.0,440.0,0.0,-3.0,-21.0,1,1
75876,PR,GUARATUBA,0.0,0.0,0.0,0.0,,,,0.0,0.0,,2.0,1.0,2.0,950.0,475.0,18000.0,9000.0,0.0,2.0,20.0,2.0,1.0,2.0,950.0,,,,0.0,2.0,,0,1
75892,PR,IBAITI,1.0,1.0,1.0,300.0,300.0,6000.0,6000.0,0.0,1.0,8.0,4.0,1.0,3.0,1348.0,337.0,28000.0,7000.0,0.0,3.0,33.0,3.0,0.0,2.0,1048.0,37.0,22000.0,1000.0,0.0,2.0,25.0,1,1
75914,PR,IBIPORÃ,4.0,1.0,1.0,1614.0,403.5,20500.0,5125.0,1.0,2.0,120.0,2.0,1.0,1.0,814.0,407.0,19600.0,9800.0,0.0,1.0,80.0,-2.0,0.0,0.0,-800.0,3.5,-900.0,4675.0,-1.0,-1.0,-40.0,1,1
75930,PR,ICARAÍMA,1.0,1.0,1.0,250.0,250.0,2500.0,2500.0,1.0,1.0,21.0,2.0,1.0,1.0,600.0,300.0,5000.0,2500.0,0.0,1.0,70.0,1.0,0.0,0.0,350.0,50.0,2500.0,0.0,-1.0,0.0,49.0,1,1
75957,PR,IGUARAÇU,2.0,1.0,2.0,560.0,280.0,14500.0,7250.0,0.0,2.0,3.0,0.0,0.0,0.0,0.0,,,,0.0,0.0,,-2.0,-1.0,-2.0,-560.0,,,,0.0,-2.0,,0,1
75973,PR,IMBITUVA,2.0,1.0,2.0,700.0,350.0,15000.0,7500.0,0.0,2.0,6.0,3.0,1.0,3.0,1032.0,344.0,25000.0,8333.333333333334,0.0,3.0,7.0,1.0,0.0,1.0,332.0,-6.0,10000.0,833.3333333333339,0.0,1.0,1.0,1,1
75990,PR,INÁCIO MARTINS,1.0,1.0,1.0,400.0,400.0,9000.0,9000.0,0.0,1.0,6.0,1.0,1.0,1.0,250.0,250.0,12000.0,12000.0,0.0,1.0,3.0,0.0,0.0,0.0,-150.0,-150.0,3000.0,3000.0,0.0,0.0,-3.0,1,1
76031,PR,IPIRANGA,4.0,1.0,4.0,1404.0,351.0,26500.0,6625.0,1.0,3.0,31.0,1.0,1.0,1.0,450.0,450.0,16000.0,16000.0,0.0,1.0,8.0,-3.0,0.0,-3.0,-954.0,99.0,-10500.0,9375.0,-1.0,-2.0,-23.0,1,1
76058,PR,IPORÃ,1.0,1.0,1.0,300.0,300.0,3000.0,3000.0,1.0,1.0,6.0,0.0,0.0,0.0,0.0,,,,0.0,0.0,,-1.0,-1.0,-1.0,-300.0,,,,-1.0,-1.0,,0,1
76074,PR,IRATI,3.0,1.0,3.0,1245.0,415.0,26000.0,8666.666666666666,0.0,3.0,5.0,1.0,1.0,1.0,330.0,330.0,8000.0,8000.0,0.0,1.0,5.0,-2.0,0.0,-2.0,-915.0,-85.0,-18000.0,-666.6666666666661,0.0,-2.0,0.0,1,1
76090,PR,IRETAMA,1.0,1.0,1.0,250.0,250.0,7500.0,7500.0,0.0,1.0,3.0,1.0,1.0,1.0,300.0,300.0,15000.0,15000.0,0.0,1.0,4.0,0.0,0.0,0.0,50.0,50.0,7500.0,7500.0,0.0,0.0,1.0,1,1
76112,PR,ITAGUAJÉ,2.0,1.0,2.0,660.0,330.0,12500.0,6250.0,1.0,2.0,7.0,0.0,0.0,0.0,0.0,,,,0.0,0.0,,-2.0,-1.0,-2.0,-660.0,,,,-1.0,-2.0,,0,1
76139,PR,ITAMBARACÁ,0.0,0.0,0.0,0.0,,,,0.0,0.0,,3.0,1.0,2.0,901.0,300.3333333333333,27500.0,9166.666666666666,0.0,2.0,32.0,3.0,1.0,2.0,901.0,,,,0.0,2.0,,0,1
76198,PR,ITAÚNA DO SUL,1.0,1.0,1.0,255.0,255.0,4000.0,4000.0,1.0,1.0,10.0,0.0,0.0,0.0,0.0,,,,0.0,0.0,,-1.0,-1.0,-1.0,-255.0,,,,-1.0,-1.0,,0,1
76210,PR,IVAÍ,3.0,1.0,3.0,1100.0,366.6666666666667,17000.0,5666.666666666667,0.0,2.0,140.0,4.0,1.0,3.0,1846.0,461.5,32800.0,8200.0,0.0,3.0,45.0,1.0,0.0,0.0,746.0,94.83333333333331,15800.0,2533.333333333333,0.0,1.0,-95.0,1,1
76236,PR,IVAIPORÃ,4.0,1.0,2.0,1300.0,325.0,20400.0,5100.0,0.0,0.0,258.0,2.0,1.0,2.0,700.0,350.0,19500.0,9750.0,0.0,1.0,39.0,-2.0,0.0,0.0,-600.0,25.0,-900.0,4650.0,0.0,1.0,-219.0,1,1
76279,PR,JABOTI,4.0,1.0,3.0,1110.0,277.5,20000.0,5000.0,0.0,3.0,53.0,2.0,1.0,2.0,550.0,275.0,19200.0,9600.0,0.0,1.0,76.0,-2.0,0.0,-1.0,-560.0,-2.5,-800.0,4600.0,0.0,-2.0,23.0,1,1
76295,PR,JACAREZINHO,3.0,1.0,2.0,1100.0,366.6666666666667,16000.0,5333.333333333333,0.0,2.0,33.0,1.0,1.0,1.0,500.0,500.0,6000.0,6000.0,0.0,1.0,28.0,-2.0,0.0,-1.0,-600.0,133.33333333333331,-10000.0,666.666666666667,0.0,-1.0,-5.0,1,1
76317,PR,JAGUAPITÃ,1.0,1.0,1.0,250.0,250.0,2000.0,2000.0,0.0,1.0,11.0,2.0,1.0,2.0,752.0,376.0,18700.0,9350.0,0.0,2.0,6.0,1.0,0.0,1.0,502.0,126.0,16700.0,7350.0,0.0,1.0,-5.0,1,1
76333,PR,JAGUARIAÍVA,1.0,1.0,1.0,400.0,400.0,6000.0,6000.0,1.0,1.0,6.0,3.0,1.0,3.0,1114.0,371.3333333333333,24500.0,8166.666666666667,0.0,1.0,58.0,2.0,0.0,2.0,714.0,-28.666666666666686,18500.0,2166.666666666667,-1.0,0.0,52.0,1,1
76350,PR,JANDAIA DO SUL,2.0,1.0,2.0,660.0,330.0,17800.0,8900.0,0.0,2.0,21.0,3.0,1.0,3.0,1312.0,437.3333333333333,28000.0,9333.333333333334,0.0,3.0,11.0,1.0,0.0,1.0,652.0,107.33333333333331,10200.0,433.33333333333394,0.0,1.0,-10.0,1,1
76376,PR,JANIÓPOLIS,0.0,0.0,0.0,0.0,,,,0.0,0.0,,3.0,1.0,2.0,1500.0,500.0,30000.0,10000.0,0.0,2.0,155.0,3.0,1.0,2.0,1500.0,,,,0.0,2.0,,0,1
76392,PR,JAPIRA,0.0,0.0,0.0,0.0,,,,0.0,0.0,,1.0,1.0,1.0,280.0,280.0,10000.0,10000.0,0.0,0.0,38.0,1.0,1.0,1.0,280.0,,,,0.0,0.0,,0,1
76414,PR,JAPURÁ,1.0,1.0,1.0,273.0,273.0,4000.0,4000.0,0.0,1.0,28.0,0.0,0.0,0.0,0.0,,,,0.0,0.0,,-1.0,-1.0,-1.0,-273.0,,,,0.0,-1.0,,0,1
76430,PR,JARDIM ALEGRE,1.0,1.0,1.0,486.0,486.0,7500.0,7500.0,1.0,1.0,19.0,0.0,0.0,0.0,0.0,,,,0.0,0.0,,-1.0,-1.0,-1.0,-486.0,,,,-1.0,-1.0,,0,1
76490,PR,JOAQUIM TÁVORA,2.0,1.0,2.0,700.0,350.0,14000.0,7000.0,0.0,2.0,18.0,1.0,1.0,1.0,376.0,376.0,9400.0,9400.0,0.0,1.0,18.0,-1.0,0.0,-1.0,-324.0,26.0,-4600.0,2400.0,0.0,-1.0,0.0,1,1
76538,PR,JUSSARA,1.0,1.0,1.0,250.0,250.0,5000.0,5000.0,1.0,0.0,36.0,6.0,1.0,3.0,1803.0,300.5,40500.0,6750.0,0.0,3.0,80.0,5.0,0.0,2.0,1553.0,50.5,35500.0,1750.0,-1.0,3.0,44.0,1,1
76554,PR,KALORÉ,2.0,1.0,2.0,510.0,255.0,21000.0,10500.0,1.0,2.0,3.0,1.0,1.0,1.0,250.0,250.0,14000.0,14000.0,0.0,1.0,4.0,-1.0,0.0,-1.0,-260.0,-5.0,-7000.0,3500.0,-1.0,-1.0,1.0,1,1
76570,PR,LAPA,2.0,1.0,2.0,800.0,400.0,25500.0,12750.0,0.0,2.0,12.0,2.0,1.0,2.0,800.0,400.0,16000.0,8000.0,0.0,2.0,28.0,0.0,0.0,0.0,0.0,0.0,-9500.0,-4750.0,0.0,0.0,16.0,1,1
76597,PR,LARANJEIRAS DO SUL,0.0,0.0,0.0,0.0,,,,0.0,0.0,,4.0,1.0,2.0,2051.0,512.75,38000.0,9500.0,0.0,2.0,84.0,4.0,1.0,2.0,2051.0,,,,0.0,2.0,,0,1
76678,PR,LONDRINA,8.0,1.0,4.0,6879.0,859.875,72500.0,9062.5,6.0,5.0,112.0,35.0,1.0,11.0,29536.0,843.8857142857142,715469.0,20441.97142857143,13.0,11.0,180.0,27.0,0.0,7.0,22657.0,-15.989285714285757,642969.0,11379.471428571429,7.0,6.0,68.0,1,1
76694,PR,LUPIONÓPOLIS,2.0,1.0,2.0,670.0,335.0,12500.0,6250.0,1.0,2.0,16.0,0.0,0.0,0.0,0.0,,,,0.0,0.0,,-2.0,-1.0,-2.0,-670.0,,,,-1.0,-2.0,,0,1
76732,PR,MAMBORÊ,0.0,0.0,0.0,0.0,,,,0.0,0.0,,1.0,1.0,1.0,300.0,300.0,5000.0,5000.0,0.0,1.0,4.0,1.0,1.0,1.0,300.0,,,,0.0,1.0,,0,1
76775,PR,MANDAGUARI,0.0,0.0,0.0,0.0,,,,0.0,0.0,,1.0,1.0,1.0,500.0,500.0,6000.0,6000.0,0.0,1.0,8.0,1.0,1.0,1.0,500.0,,,,0.0,1.0,,0,1
76791,PR,MANDIRITUBA,2.0,1.0,2.0,800.0,400.0,16000.0,8000.0,0.0,2.0,19.0,5.0,1.0,4.0,1787.0,357.4,47000.0,9400.0,0.0,5.0,18.0,3.0,0.0,2.0,987.0,-42.60000000000002,31000.0,1400.0,0.0,3.0,-1.0,1,1
76813,PR,MANOEL RIBAS,4.0,1.0,2.0,1438.0,359.5,22800.0,5700.0,2.0,4.0,16.0,0.0,0.0,0.0,0.0,,,,0.0,0.0,,-4.0,-1.0,-2.0,-1438.0,,,,-2.0,-4.0,,0,1
76830,PR,MARECHAL CÂNDIDO RONDON,0.0,0.0,0.0,0.0,,,,0.0,0.0,,7.0,1.0,3.0,3119.0,445.57142857142856,64000.0,9142.857142857143,0.0,2.0,216.0,7.0,1.0,3.0,3119.0,,,,0.0,2.0,,0,1
76856,PR,MARIA HELENA,2.0,1.0,1.0,300.0,150.0,6000.0,3000.0,2.0,2.0,28.0,1.0,1.0,1.0,250.0,250.0,4000.0,4000.0,0.0,1.0,7.0,-1.0,0.0,0.0,-50.0,100.0,-2000.0,1000.0,-2.0,-1.0,-21.0,1,1
76872,PR,MARIALVA,0.0,0.0,0.0,0.0,,,,0.0,0.0,,4.0,1.0,4.0,1780.0,445.0,37500.0,9375.0,0.0,4.0,22.0,4.0,1.0,4.0,1780.0,,,,0.0,4.0,,0,1
76899,PR,MARILUZ,1.0,1.0,1.0,420.0,420.0,3700.0,3700.0,1.0,0.0,38.0,1.0,1.0,1.0,351.0,351.0,5000.0,5000.0,1.0,1.0,17.0,0.0,0.0,0.0,-69.0,-69.0,1300.0,1300.0,0.0,1.0,-21.0,1,1
76910,PR,MARINGÁ,9.0,1.0,3.0,7878.0,875.3333333333334,118000.0,13111.111111111111,6.0,8.0,39.0,8.0,1.0,2.0,4620.0,577.5,154500.0,19312.5,5.0,4.0,177.0,-1.0,0.0,-1.0,-3258.0,-297.83333333333337,36500.0,6201.388888888889,-1.0,-4.0,138.0,1,1
76953,PR,MARMELEIRO,1.0,1.0,1.0,300.0,300.0,15000.0,15000.0,0.0,1.0,9.0,1.0,1.0,1.0,300.0,300.0,18000.0,18000.0,0.0,1.0,5.0,0.0,0.0,0.0,0.0,0.0,3000.0,3000.0,0.0,0.0,-4.0,1,1
76970,PR,MARUMBI,0.0,0.0,0.0,0.0,,,,0.0,0.0,,1.0,1.0,1.0,330.0,330.0,7000.0,7000.0,0.0,1.0,22.0,1.0,1.0,1.0,330.0,,,,0.0,1.0,,0,1
76996,PR,MATELÂNDIA,1.0,1.0,1.0,500.0,500.0,2500.0,2500.0,0.0,1.0,5.0,0.0,0.0,0.0,0.0,,,,0.0,0.0,,-1.0,-1.0,-1.0,-500.0,,,,0.0,-1.0,,0,1
77011,PR,MEDIANEIRA,10.0,1.0,5.0,5348.0,534.8,66100.0,6610.0,2.0,8.0,65.0,2.0,1.0,1.0,800.0,400.0,20000.0,10000.0,0.0,1.0,77.0,-8.0,0.0,-4.0,-4548.0,-134.79999999999995,-46100.0,3390.0,-2.0,-7.0,12.0,1,1
77070,PR,MOREIRA SALES,0.0,0.0,0.0,0.0,,,,0.0,0.0,,2.0,1.0,1.0,600.0,300.0,15000.0,7500.0,0.0,1.0,89.0,2.0,1.0,1.0,600.0,,,,0.0,1.0,,0,1
77097,PR,MORRETES,1.0,1.0,1.0,400.0,400.0,10500.0,10500.0,0.0,1.0,4.0,1.0,1.0,1.0,330.0,330.0,8000.0,8000.0,0.0,1.0,14.0,0.0,0.0,0.0,-70.0,-70.0,-2500.0,-2500.0,0.0,0.0,10.0,1,1
77119,PR,MUNHOZ DE MELO,0.0,0.0,0.0,0.0,,,,0.0,0.0,,1.0,1.0,1.0,250.0,250.0,5000.0,5000.0,0.0,1.0,15.0,1.0,1.0,1.0,250.0,,,,0.0,1.0,,0,1
77135,PR,NOSSA SENHORA DAS GRAÇAS,1.0,1.0,1.0,341.0,341.0,3800.0,3800.0,1.0,1.0,6.0,0.0,0.0,0.0,0.0,,,,0.0,0.0,,-1.0,-1.0,-1.0,-341.0,,,,-1.0,-1.0,,0,1
77216,PR,NOVA ESPERANÇA,0.0,0.0,0.0,0.0,,,,0.0,0.0,,1.0,1.0,1.0,414.0,414.0,6000.0,6000.0,0.0,1.0,11.0,1.0,1.0,1.0,414.0,,,,0.0,1.0,,0,1
77259,PR,NOVA LONDRINA,1.0,1.0,1.0,350.0,350.0,5000.0,5000.0,0.0,1.0,8.0,1.0,1.0,1.0,320.0,320.0,8000.0,8000.0,0.0,1.0,18.0,0.0,0.0,0.0,-30.0,-30.0,3000.0,3000.0,0.0,0.0,10.0,1,1
77291,PR,OURIZONA,1.0,1.0,1.0,180.0,180.0,6000.0,6000.0,0.0,1.0,10.0,0.0,0.0,0.0,0.0,,,,0.0,0.0,,-1.0,-1.0,-1.0,-180.0,,,,0.0,-1.0,,0,1
77313,PR,PAIÇANDU,1.0,1.0,1.0,315.0,315.0,7400.0,7400.0,1.0,1.0,22.0,2.0,1.0,2.0,800.0,400.0,14000.0,7000.0,0.0,2.0,12.0,1.0,0.0,1.0,485.0,85.0,6600.0,-400.0,-1.0,1.0,-10.0,1,1
77330,PR,PALMAS,3.0,1.0,3.0,1480.0,493.3333333333333,16500.0,5500.0,1.0,2.0,35.0,0.0,0.0,0.0,0.0,,,,0.0,0.0,,-3.0,-1.0,-3.0,-1480.0,,,,-1.0,-2.0,,0,1
77356,PR,PALMEIRA,1.0,1.0,1.0,300.0,300.0,4500.0,4500.0,0.0,0.0,34.0,2.0,1.0,1.0,628.0,314.0,13000.0,6500.0,0.0,1.0,38.0,1.0,0.0,0.0,328.0,14.0,8500.0,2000.0,0.0,1.0,4.0,1,1
77372,PR,PALMITAL,1.0,1.0,1.0,371.0,371.0,8000.0,8000.0,0.0,1.0,8.0,2.0,1.0,2.0,705.0,352.5,15000.0,7500.0,0.0,1.0,170.0,1.0,0.0,1.0,334.0,-18.5,7000.0,-500.0,0.0,0.0,162.0,1,1
77399,PR,PALOTINA,3.0,1.0,3.0,1504.0,501.3333333333333,11700.0,3900.0,1.0,3.0,11.0,3.0,1.0,3.0,1920.0,640.0,17000.0,5666.666666666667,1.0,2.0,32.0,0.0,0.0,0.0,416.0,138.66666666666669,5300.0,1766.666666666667,0.0,-1.0,21.0,1,1
77410,PR,PARAÍSO DO NORTE,2.0,1.0,2.0,450.0,225.0,9000.0,4500.0,1.0,2.0,21.0,0.0,0.0,0.0,0.0,,,,0.0,0.0,,-2.0,-1.0,-2.0,-450.0,,,,-1.0,-2.0,,0,1
77437,PR,PARANACITY,2.0,1.0,2.0,600.0,300.0,10000.0,5000.0,1.0,2.0,6.0,1.0,1.0,1.0,300.0,300.0,8500.0,8500.0,0.0,1.0,4.0,-1.0,0.0,-1.0,-300.0,0.0,-1500.0,3500.0,-1.0,-1.0,-2.0,1,1
77453,PR,PARANAGUÁ,3.0,1.0,3.0,1506.0,502.0,58070.0,19356.666666666668,0.0,2.0,106.0,10.0,1.0,6.0,6545.0,654.5,120550.0,12055.0,3.0,5.0,254.0,7.0,0.0,3.0,5039.0,152.5,62480.0,-7301.666666666668,3.0,3.0,148.0,1,1
77496,PR,PARANAVAÍ,1.0,1.0,1.0,700.0,700.0,26800.0,26800.0,0.0,1.0,15.0,4.0,1.0,2.0,2067.0,516.75,38000.0,9500.0,1.0,2.0,245.0,3.0,0.0,1.0,1367.0,-183.25,11200.0,-17300.0,1.0,1.0,230.0,1,1
77518,PR,PATO BRANCO,5.0,1.0,3.0,3198.0,639.6,49400.0,9880.0,5.0,5.0,15.0,7.0,1.0,5.0,3320.0,474.2857142857143,161726.0,23103.714285714286,1.0,4.0,57.0,2.0,0.0,2.0,122.0,-165.31428571428575,112326.0,13223.714285714286,-4.0,-1.0,42.0,1,1
77534,PR,PAULA FREITAS,1.0,1.0,1.0,353.0,353.0,5000.0,5000.0,0.0,1.0,9.0,0.0,0.0,0.0,0.0,,,,0.0,0.0,,-1.0,-1.0,-1.0,-353.0,,,,0.0,-1.0,,0,1
77550,PR,PAULO FRONTIN,1.0,1.0,1.0,359.0,359.0,5500.0,5500.0,0.0,1.0,11.0,0.0,0.0,0.0,0.0,,,,0.0,0.0,,-1.0,-1.0,-1.0,-359.0,,,,0.0,-1.0,,0,1
77577,PR,PEABIRU,1.0,1.0,1.0,200.0,200.0,3000.0,3000.0,1.0,1.0,27.0,0.0,0.0,0.0,0.0,,,,0.0,0.0,,-1.0,-1.0,-1.0,-200.0,,,,-1.0,-1.0,,0,1
77593,PR,PÉROLA D'OESTE,1.0,1.0,1.0,276.0,276.0,8000.0,8000.0,1.0,1.0,10.0,1.0,1.0,1.0,270.0,270.0,17500.0,17500.0,0.0,1.0,6.0,0.0,0.0,0.0,-6.0,-6.0,9500.0,9500.0,-1.0,0.0,-4.0,1,1
77615,PR,PIÊN,0.0,0.0,0.0,0.0,,,,0.0,0.0,,2.0,1.0,1.0,802.0,401.0,10000.0,5000.0,0.0,2.0,25.0,2.0,1.0,1.0,802.0,,,,0.0,2.0,,0,1
77631,PR,PINHALÃO,1.0,1.0,1.0,300.0,300.0,5000.0,5000.0,0.0,1.0,5.0,2.0,1.0,2.0,550.0,275.0,17500.0,8750.0,0.0,2.0,8.0,1.0,0.0,1.0,250.0,-25.0,12500.0,3750.0,0.0,1.0,3.0,1,1
77658,PR,PINHÃO,1.0,1.0,1.0,371.0,371.0,4000.0,4000.0,0.0,1.0,3.0,0.0,0.0,0.0,0.0,,,,0.0,0.0,,-1.0,-1.0,-1.0,-371.0,,,,0.0,-1.0,,0,1
77690,PR,PIRAQUARA,1.0,1.0,1.0,500.0,500.0,7000.0,7000.0,0.0,1.0,15.0,2.0,1.0,1.0,1000.0,500.0,23000.0,11500.0,0.0,0.0,212.0,1.0,0.0,0.0,500.0,0.0,16000.0,4500.0,0.0,-1.0,197.0,1,1
77712,PR,PITANGA,4.0,1.0,2.0,1558.0,389.5,29500.0,7375.0,1.0,4.0,30.0,1.0,1.0,1.0,450.0,450.0,14000.0,14000.0,0.0,1.0,8.0,-3.0,0.0,-1.0,-1108.0,60.5,-15500.0,6625.0,-1.0,-3.0,-22.0,1,1
77739,PR,PLANALTINA DO PARANÁ,2.0,1.0,2.0,523.0,261.5,6600.0,3300.0,1.0,2.0,10.0,1.0,1.0,1.0,251.0,251.0,7650.0,7650.0,0.0,1.0,26.0,-1.0,0.0,-1.0,-272.0,-10.5,1050.0,4350.0,-1.0,-1.0,16.0,1,1
77755,PR,PLANALTO,0.0,0.0,0.0,0.0,,,,0.0,0.0,,1.0,1.0,1.0,301.0,301.0,20000.0,20000.0,0.0,1.0,14.0,1.0,1.0,1.0,301.0,,,,0.0,1.0,,0,1
77771,PR,PONTA GROSSA,6.0,1.0,4.0,3300.0,550.0,57500.0,9583.333333333334,4.0,2.0,9.0,23.0,1.0,9.0,16648.0,723.8260869565217,429157.0,18659.0,10.0,10.0,87.0,17.0,0.0,5.0,13348.0,173.82608695652175,371657.0,9075.666666666666,6.0,8.0,78.0,1,1
77798,PR,PORECATU,0.0,0.0,0.0,0.0,,,,0.0,0.0,,1.0,1.0,1.0,370.0,370.0,5000.0,5000.0,1.0,1.0,2.0,1.0,1.0,1.0,370.0,,,,1.0,1.0,,0,1
77810,PR,PORTO AMAZONAS,1.0,1.0,1.0,250.0,250.0,4000.0,4000.0,0.0,1.0,25.0,0.0,0.0,0.0,0.0,,,,0.0,0.0,,-1.0,-1.0,-1.0,-250.0,,,,0.0,-1.0,,0,1
77836,PR,PORTO RICO,0.0,0.0,0.0,0.0,,,,0.0,0.0,,1.0,1.0,1.0,280.0,280.0,7650.0,7650.0,0.0,1.0,7.0,1.0,1.0,1.0,280.0,,,,0.0,1.0,,0,1
77852,PR,PORTO VITÓRIA,2.0,1.0,2.0,679.0,339.5,10500.0,5250.0,0.0,2.0,10.0,0.0,0.0,0.0,0.0,,,,0.0,0.0,,-2.0,-1.0,-2.0,-679.0,,,,0.0,-2.0,,0,1
77895,PR,PRIMEIRO DE MAIO,1.0,1.0,1.0,300.0,300.0,7500.0,7500.0,0.0,1.0,13.0,0.0,0.0,0.0,0.0,,,,0.0,0.0,,-1.0,-1.0,-1.0,-300.0,,,,0.0,-1.0,,0,1
77917,PR,PRUDENTÓPOLIS,2.0,1.0,2.0,880.0,440.0,20000.0,10000.0,0.0,2.0,28.0,3.0,1.0,3.0,1262.0,420.6666666666667,39000.0,13000.0,0.0,3.0,27.0,1.0,0.0,1.0,382.0,-19.333333333333314,19000.0,3000.0,0.0,1.0,-1.0,1,1
77933,PR,QUATIGUÁ,1.0,1.0,1.0,280.0,280.0,4000.0,4000.0,0.0,1.0,19.0,0.0,0.0,0.0,0.0,,,,0.0,0.0,,-1.0,-1.0,-1.0,-280.0,,,,0.0,-1.0,,0,1
77950,PR,QUATRO BARRAS,0.0,0.0,0.0,0.0,,,,0.0,0.0,,1.0,1.0,1.0,410.0,410.0,10000.0,10000.0,1.0,1.0,28.0,1.0,1.0,1.0,410.0,,,,1.0,1.0,,0,1
77992,PR,QUINTA DO SOL,1.0,1.0,1.0,300.0,300.0,6000.0,6000.0,0.0,1.0,7.0,1.0,1.0,1.0,250.0,250.0,4000.0,4000.0,0.0,1.0,7.0,0.0,0.0,0.0,-50.0,-50.0,-2000.0,-2000.0,0.0,0.0,0.0,1,1
78018,PR,QUITANDINHA,3.0,1.0,3.0,930.0,310.0,14000.0,4666.666666666667,2.0,3.0,6.0,1.0,1.0,1.0,405.0,405.0,5000.0,5000.0,1.0,1.0,5.0,-2.0,0.0,-2.0,-525.0,95.0,-9000.0,333.33333333333303,-1.0,-2.0,-1.0,1,1
78034,PR,RANCHO ALEGRE,0.0,0.0,0.0,0.0,,,,0.0,0.0,,4.0,1.0,2.0,1220.0,305.0,23000.0,5750.0,1.0,1.0,231.0,4.0,1.0,2.0,1220.0,,,,1.0,1.0,,0,1
78050,PR,REALEZA,0.0,0.0,0.0,0.0,,,,0.0,0.0,,3.0,1.0,2.0,1100.0,366.6666666666667,36000.0,12000.0,0.0,3.0,12.0,3.0,1.0,2.0,1100.0,,,,0.0,3.0,,0,1
78077,PR,REBOUÇAS,0.0,0.0,0.0,0.0,,,,0.0,0.0,,2.0,1.0,2.0,859.0,429.5,15000.0,7500.0,0.0,2.0,21.0,2.0,1.0,2.0,859.0,,,,0.0,2.0,,0,1
78093,PR,RENASCENÇA,1.0,1.0,1.0,300.0,300.0,15860.0,15860.0,0.0,1.0,4.0,0.0,0.0,0.0,0.0,,,,0.0,0.0,,-1.0,-1.0,-1.0,-300.0,,,,0.0,-1.0,,0,1
78115,PR,RESERVA,0.0,0.0,0.0,0.0,,,,0.0,0.0,,2.0,1.0,2.0,702.0,351.0,17000.0,8500.0,0.0,2.0,17.0,2.0,1.0,2.0,702.0,,,,0.0,2.0,,0,1
78131,PR,RIBEIRÃO CLARO,3.0,1.0,2.0,886.0,295.3333333333333,17000.0,5666.666666666667,0.0,3.0,18.0,1.0,1.0,1.0,356.0,356.0,6000.0,6000.0,0.0,1.0,25.0,-2.0,0.0,-1.0,-530.0,60.666666666666686,-11000.0,333.33333333333303,0.0,-2.0,7.0,1,1
78158,PR,RIBEIRÃO DO PINHAL,1.0,1.0,1.0,250.0,250.0,4000.0,4000.0,0.0,1.0,9.0,0.0,0.0,0.0,0.0,,,,0.0,0.0,,-1.0,-1.0,-1.0,-250.0,,,,0.0,-1.0,,0,1
78174,PR,RIO AZUL,0.0,0.0,0.0,0.0,,,,0.0,0.0,,2.0,1.0,1.0,550.0,275.0,21000.0,10500.0,0.0,1.0,55.0,2.0,1.0,1.0,550.0,,,,0.0,1.0,,0,1
78212,PR,RIO BRANCO DO SUL,1.0,1.0,1.0,379.0,379.0,6000.0,6000.0,0.0,1.0,5.0,4.0,1.0,2.0,1579.0,394.75,49000.0,12250.0,0.0,1.0,208.0,3.0,0.0,1.0,1200.0,15.75,43000.0,6250.0,0.0,0.0,203.0,1,1
78239,PR,RIO NEGRO,0.0,0.0,0.0,0.0,,,,0.0,0.0,,2.0,1.0,2.0,678.0,339.0,16000.0,8000.0,0.0,2.0,7.0,2.0,1.0,2.0,678.0,,,,0.0,2.0,,0,1
78255,PR,ROLÂNDIA,6.0,1.0,2.0,3684.0,614.0,43500.0,7250.0,3.0,6.0,25.0,4.0,1.0,2.0,2024.0,506.0,52000.0,13000.0,1.0,2.0,84.0,-2.0,0.0,0.0,-1660.0,-108.0,8500.0,5750.0,-2.0,-4.0,59.0,1,1
78271,PR,RONCADOR,1.0,1.0,1.0,210.0,210.0,2000.0,2000.0,1.0,1.0,4.0,1.0,1.0,1.0,368.0,368.0,10700.0,10700.0,0.0,1.0,10.0,0.0,0.0,0.0,158.0,158.0,8700.0,8700.0,-1.0,0.0,6.0,1,1
78298,PR,RONDON,1.0,1.0,1.0,300.0,300.0,5500.0,5500.0,0.0,1.0,9.0,1.0,1.0,1.0,300.0,300.0,7500.0,7500.0,0.0,1.0,9.0,0.0,0.0,0.0,0.0,0.0,2000.0,2000.0,0.0,0.0,0.0,1,1
78379,PR,SALTO DO LONTRA,1.0,1.0,1.0,304.0,304.0,8000.0,8000.0,1.0,1.0,4.0,2.0,1.0,1.0,600.0,300.0,30000.0,15000.0,0.0,2.0,21.0,1.0,0.0,0.0,296.0,-4.0,22000.0,7000.0,-1.0,1.0,17.0,1,1
78433,PR,SANTA CRUZ DE MONTE CASTELO,0.0,0.0,0.0,0.0,,,,0.0,0.0,,1.0,1.0,1.0,280.0,280.0,7500.0,7500.0,0.0,1.0,12.0,1.0,1.0,1.0,280.0,,,,0.0,1.0,,0,1
78492,PR,SANTA ISABEL DO IVAÍ,0.0,0.0,0.0,0.0,,,,0.0,0.0,,2.0,1.0,2.0,600.0,300.0,10000.0,5000.0,1.0,2.0,12.0,2.0,1.0,2.0,600.0,,,,1.0,2.0,,0,1
78514,PR,SANTA IZABEL DO OESTE,1.0,1.0,1.0,300.0,300.0,8000.0,8000.0,1.0,1.0,2.0,2.0,1.0,1.0,599.0,299.5,34000.0,17000.0,2.0,2.0,22.0,1.0,0.0,0.0,299.0,-0.5,26000.0,9000.0,1.0,1.0,20.0,1,1
78573,PR,SANTO ANTÔNIO DO SUDOESTE,1.0,1.0,1.0,329.0,329.0,15860.0,15860.0,0.0,1.0,7.0,1.0,1.0,1.0,327.0,327.0,12000.0,12000.0,0.0,1.0,8.0,0.0,0.0,0.0,-2.0,-2.0,-3860.0,-3860.0,0.0,0.0,1.0,1,1
78590,PR,SANTO ANTÔNIO DA PLATINA,2.0,1.0,1.0,903.0,451.5,9000.0,4500.0,0.0,2.0,23.0,1.0,1.0,1.0,300.0,300.0,12000.0,12000.0,0.0,1.0,7.0,-1.0,0.0,0.0,-603.0,-151.5,3000.0,7500.0,0.0,-1.0,-16.0,1,1
78611,PR,SANTO ANTONIO DO CAIUÁ,0.0,0.0,0.0,0.0,,,,0.0,0.0,,1.0,1.0,1.0,250.0,250.0,7000.0,7000.0,0.0,0.0,143.0,1.0,1.0,1.0,250.0,,,,0.0,0.0,,0,1
78654,PR,SANTO INÁCIO,4.0,1.0,3.0,1532.0,383.0,21000.0,5250.0,3.0,3.0,33.0,1.0,1.0,1.0,286.0,286.0,10500.0,10500.0,0.0,0.0,33.0,-3.0,0.0,-2.0,-1246.0,-97.0,-10500.0,5250.0,-3.0,-3.0,0.0,1,1
78670,PR,SÃO CARLOS DO IVAÍ,3.0,1.0,3.0,660.0,220.0,15000.0,5000.0,2.0,3.0,27.0,4.0,1.0,2.0,1070.0,267.5,42500.0,10625.0,2.0,3.0,156.0,1.0,0.0,-1.0,410.0,47.5,27500.0,5625.0,0.0,0.0,129.0,1,1
78697,PR,SÃO JERÔNIMO DA SERRA,1.0,1.0,1.0,300.0,300.0,5000.0,5000.0,0.0,1.0,8.0,0.0,0.0,0.0,0.0,,,,0.0,0.0,,-1.0,-1.0,-1.0,-300.0,,,,0.0,-1.0,,0,1
78719,PR,SÃO JOÃO,2.0,1.0,2.0,862.0,431.0,13000.0,6500.0,0.0,2.0,4.0,5.0,1.0,4.0,1668.0,333.6,53700.0,10740.0,1.0,2.0,15.0,3.0,0.0,2.0,806.0,-97.39999999999998,40700.0,4240.0,1.0,0.0,11.0,1,1
78735,PR,SÃO JOÃO DO CAIUÁ,1.0,1.0,1.0,260.0,260.0,5000.0,5000.0,0.0,1.0,6.0,1.0,1.0,1.0,240.0,240.0,8000.0,8000.0,0.0,1.0,7.0,0.0,0.0,0.0,-20.0,-20.0,3000.0,3000.0,0.0,0.0,1.0,1,1
78751,PR,SÃO JOÃO DO IVAÍ,2.0,1.0,1.0,550.0,275.0,10000.0,5000.0,0.0,1.0,76.0,2.0,1.0,2.0,587.0,293.5,16000.0,8000.0,0.0,2.0,17.0,0.0,0.0,1.0,37.0,18.5,6000.0,3000.0,0.0,1.0,-59.0,1,1
78778,PR,SÃO JOÃO DO TRIUNFO,2.0,1.0,1.0,800.0,400.0,11000.0,5500.0,0.0,2.0,17.0,3.0,1.0,3.0,1280.0,426.6666666666667,37000.0,12333.333333333334,0.0,0.0,42.0,1.0,0.0,2.0,480.0,26.666666666666686,26000.0,6833.333333333334,0.0,-2.0,25.0,1,1
78794,PR,SÃO JORGE DO IVAÍ,0.0,0.0,0.0,0.0,,,,0.0,0.0,,5.0,1.0,3.0,1650.0,330.0,25000.0,5000.0,1.0,4.0,33.0,5.0,1.0,3.0,1650.0,,,,1.0,4.0,,0,1
78816,PR,SÃO JORGE D'OESTE,2.0,1.0,2.0,510.0,255.0,7000.0,3500.0,1.0,2.0,7.0,0.0,0.0,0.0,0.0,,,,0.0,0.0,,-2.0,-1.0,-2.0,-510.0,,,,-1.0,-2.0,,0,1
78832,PR,SÃO JOSÉ DA BOA VISTA,0.0,0.0,0.0,0.0,,,,0.0,0.0,,1.0,1.0,1.0,384.0,384.0,5000.0,5000.0,0.0,1.0,2.0,1.0,1.0,1.0,384.0,,,,0.0,1.0,,0,1
78859,PR,SÃO JOSÉ DOS PINHAIS,3.0,1.0,2.0,2200.0,733.3333333333334,32000.0,10666.666666666666,0.0,2.0,71.0,6.0,1.0,5.0,3590.0,598.3333333333334,62000.0,10333.333333333334,3.0,3.0,67.0,3.0,0.0,3.0,1390.0,-135.0,30000.0,-333.3333333333321,3.0,1.0,-4.0,1,1
78875,PR,SÃO MATEUS DO SUL,0.0,0.0,0.0,0.0,,,,0.0,0.0,,1.0,1.0,1.0,450.0,450.0,12000.0,12000.0,0.0,1.0,3.0,1.0,1.0,1.0,450.0,,,,0.0,1.0,,0,1
78891,PR,SÃO MIGUEL DO IGUAÇU,0.0,0.0,0.0,0.0,,,,0.0,0.0,,6.0,1.0,4.0,2331.0,388.5,56000.0,9333.333333333334,4.0,5.0,49.0,6.0,1.0,4.0,2331.0,,,,4.0,5.0,,0,1
78913,PR,SÃO PEDRO DO IVAÍ,0.0,0.0,0.0,0.0,,,,0.0,0.0,,3.0,1.0,2.0,1030.0,343.3333333333333,34500.0,11500.0,0.0,3.0,26.0,3.0,1.0,2.0,1030.0,,,,0.0,3.0,,0,1
78930,PR,SÃO PEDRO DO PARANÁ,1.0,1.0,1.0,250.0,250.0,7500.0,7500.0,0.0,1.0,7.0,0.0,0.0,0.0,0.0,,,,0.0,0.0,,-1.0,-1.0,-1.0,-250.0,,,,0.0,-1.0,,0,1
78956,PR,SÃO SEBASTIÃO DA AMOREIRA,2.0,1.0,2.0,600.0,300.0,14500.0,7250.0,0.0,2.0,9.0,1.0,1.0,1.0,364.0,364.0,5000.0,5000.0,1.0,1.0,2.0,-1.0,0.0,-1.0,-236.0,64.0,-9500.0,-2250.0,1.0,-1.0,-7.0,1,1
78972,PR,SÃO TOMÉ,0.0,0.0,0.0,0.0,,,,0.0,0.0,,4.0,1.0,2.0,1450.0,362.5,34000.0,8500.0,2.0,1.0,14.0,4.0,1.0,2.0,1450.0,,,,2.0,1.0,,0,1
78999,PR,SAPOPEMA,0.0,0.0,0.0,0.0,,,,0.0,0.0,,2.0,1.0,2.0,668.0,334.0,12000.0,6000.0,0.0,1.0,98.0,2.0,1.0,2.0,668.0,,,,0.0,1.0,,0,1
79014,PR,SENGÉS,1.0,1.0,1.0,419.0,419.0,4000.0,4000.0,0.0,1.0,20.0,6.0,1.0,4.0,2511.0,418.5,66621.4,11103.566666666666,0.0,1.0,270.0,5.0,0.0,3.0,2092.0,-0.5,62621.399999999994,7103.566666666666,0.0,0.0,250.0,1,1
79057,PR,SERTANÓPOLIS,1.0,1.0,1.0,573.0,573.0,10000.0,10000.0,0.0,1.0,9.0,0.0,0.0,0.0,0.0,,,,0.0,0.0,,-1.0,-1.0,-1.0,-573.0,,,,0.0,-1.0,,0,1
79073,PR,SIQUEIRA CAMPOS,1.0,1.0,1.0,400.0,400.0,6000.0,6000.0,0.0,1.0,9.0,1.0,1.0,1.0,300.0,300.0,7500.0,7500.0,0.0,0.0,41.0,0.0,0.0,0.0,-100.0,-100.0,1500.0,1500.0,0.0,-1.0,32.0,1,1
79090,PR,TAMBOARA,0.0,0.0,0.0,0.0,,,,0.0,0.0,,1.0,1.0,1.0,354.0,354.0,7000.0,7000.0,0.0,1.0,8.0,1.0,1.0,1.0,354.0,,,,0.0,1.0,,0,1
79111,PR,TAPEJARA,1.0,1.0,1.0,291.0,291.0,4000.0,4000.0,1.0,1.0,21.0,2.0,1.0,2.0,845.0,422.5,17000.0,8500.0,0.0,1.0,56.0,1.0,0.0,1.0,554.0,131.5,13000.0,4500.0,-1.0,0.0,35.0,1,1
79138,PR,TEIXEIRA SOARES,1.0,1.0,1.0,400.0,400.0,10000.0,10000.0,0.0,1.0,9.0,2.0,1.0,2.0,669.0,334.5,16500.0,8250.0,0.0,2.0,12.0,1.0,0.0,1.0,269.0,-65.5,6500.0,-1750.0,0.0,1.0,3.0,1,1
79154,PR,TELÊMACO BORBA,2.0,1.0,1.0,1000.0,500.0,10000.0,5000.0,0.0,2.0,8.0,5.0,1.0,3.0,2420.0,484.0,54000.0,10800.0,0.0,2.0,63.0,3.0,0.0,2.0,1420.0,-16.0,44000.0,5800.0,0.0,0.0,55.0,1,1
79170,PR,TERRA BOA,2.0,1.0,2.0,500.0,250.0,6000.0,3000.0,2.0,2.0,20.0,1.0,1.0,1.0,320.0,320.0,4000.0,4000.0,1.0,1.0,21.0,-1.0,0.0,-1.0,-180.0,70.0,-2000.0,1000.0,-1.0,-1.0,1.0,1,1
79197,PR,TERRA RICA,0.0,0.0,0.0,0.0,,,,0.0,0.0,,1.0,1.0,1.0,300.0,300.0,10000.0,10000.0,0.0,1.0,5.0,1.0,1.0,1.0,300.0,,,,0.0,1.0,,0,1
79219,PR,TERRA ROXA,0.0,0.0,0.0,0.0,,,,0.0,0.0,,2.0,1.0,2.0,700.0,350.0,19000.0,9500.0,0.0,2.0,7.0,2.0,1.0,2.0,700.0,,,,0.0,2.0,,0,1
79235,PR,TIBAGI,1.0,1.0,1.0,300.0,300.0,6000.0,6000.0,0.0,1.0,11.0,3.0,1.0,3.0,1161.0,387.0,31000.0,10333.333333333334,0.0,2.0,35.0,2.0,0.0,2.0,861.0,87.0,25000.0,4333.333333333334,0.0,1.0,24.0,1,1
79251,PR,TIJUCAS DO SUL,1.0,1.0,1.0,350.0,350.0,5000.0,5000.0,0.0,1.0,12.0,2.0,1.0,2.0,854.0,427.0,20000.0,10000.0,1.0,2.0,7.0,1.0,0.0,1.0,504.0,77.0,15000.0,5000.0,1.0,1.0,-5.0,1,1
79278,PR,TOLEDO,13.0,1.0,5.0,8756.0,673.5384615384615,90500.0,6961.538461538462,7.0,9.0,253.0,17.0,1.0,6.0,12938.0,761.0588235294117,222478.0,13086.941176470587,1.0,11.0,195.0,4.0,0.0,1.0,4182.0,87.52036199095016,131978.0,6125.4027149321255,-6.0,2.0,-58.0,1,1
79294,PR,TOMAZINA,0.0,0.0,0.0,0.0,,,,0.0,0.0,,1.0,1.0,1.0,257.0,257.0,10000.0,10000.0,0.0,1.0,18.0,1.0,1.0,1.0,257.0,,,,0.0,1.0,,0,1
79316,PR,TUNEIRAS DO OESTE,4.0,1.0,2.0,1002.0,250.5,12500.0,3125.0,2.0,3.0,35.0,1.0,1.0,1.0,364.0,364.0,12000.0,12000.0,0.0,1.0,7.0,-3.0,0.0,-1.0,-638.0,113.5,-500.0,8875.0,-2.0,-2.0,-28.0,1,1
79332,PR,UBIRATÃ,0.0,0.0,0.0,0.0,,,,0.0,0.0,,1.0,1.0,1.0,301.0,301.0,6000.0,6000.0,0.0,1.0,18.0,1.0,1.0,1.0,301.0,,,,0.0,1.0,,0,1
79359,PR,UMUARAMA,0.0,0.0,0.0,0.0,,,,0.0,0.0,,6.0,1.0,5.0,3752.0,625.3333333333334,77929.0,12988.166666666666,3.0,6.0,17.0,6.0,1.0,5.0,3752.0,,,,3.0,6.0,,0,1
79375,PR,UNIÃO DA VITÓRIA,4.0,1.0,3.0,1562.0,390.5,26000.0,6500.0,1.0,3.0,31.0,1.0,1.0,1.0,500.0,500.0,12000.0,12000.0,0.0,1.0,3.0,-3.0,0.0,-2.0,-1062.0,109.5,-14000.0,5500.0,-1.0,-2.0,-28.0,1,1
79391,PR,UNIFLOR,1.0,1.0,1.0,240.0,240.0,5000.0,5000.0,0.0,1.0,3.0,0.0,0.0,0.0,0.0,,,,0.0,0.0,,-1.0,-1.0,-1.0,-240.0,,,,0.0,-1.0,,0,1
79413,PR,URAÍ,1.0,1.0,1.0,300.0,300.0,7500.0,7500.0,0.0,1.0,6.0,2.0,1.0,1.0,600.0,300.0,15000.0,7500.0,0.0,1.0,53.0,1.0,0.0,0.0,300.0,0.0,7500.0,0.0,0.0,0.0,47.0,1,1
79430,PR,WENCESLAU BRAZ,1.0,1.0,1.0,260.0,260.0,5000.0,5000.0,0.0,1.0,5.0,2.0,1.0,1.0,828.0,414.0,17000.0,8500.0,0.0,1.0,39.0,1.0,0.0,0.0,568.0,154.0,12000.0,3500.0,0.0,0.0,34.0,1,1
79510,PR,ALTÔNIA,1.0,1.0,1.0,375.0,375.0,4500.0,4500.0,1.0,1.0,21.0,7.0,1.0,3.0,2986.0,426.57142857142856,43200.0,6171.428571428572,0.0,4.0,99.0,6.0,0.0,2.0,2611.0,51.571428571428555,38700.0,1671.4285714285716,-1.0,3.0,78.0,1,1
79537,PR,ASSIS CHATEAUBRIAND,0.0,0.0,0.0,0.0,,,,0.0,0.0,,8.0,1.0,5.0,3610.0,451.25,78000.0,9750.0,0.0,5.0,132.0,8.0,1.0,5.0,3610.0,,,,0.0,5.0,,0,1
79553,PR,QUEDAS DO IGUAÇU,4.0,1.0,4.0,1681.0,420.25,23200.0,5800.0,2.0,3.0,33.0,7.0,1.0,4.0,3533.0,504.7142857142857,78500.0,11214.285714285714,0.0,6.0,33.0,3.0,0.0,0.0,1852.0,84.46428571428572,55300.0,5414.285714285714,-2.0,3.0,0.0,1,1
79570,PR,CÉU AZUL,2.0,1.0,1.0,706.0,353.0,4000.0,2000.0,0.0,1.0,48.0,3.0,1.0,3.0,1303.0,434.3333333333333,28500.0,9500.0,1.0,3.0,27.0,1.0,0.0,2.0,597.0,81.33333333333331,24500.0,7500.0,1.0,2.0,-21.0,1,1
79596,PR,GRANDES RIOS,0.0,0.0,0.0,0.0,,,,0.0,0.0,,1.0,1.0,1.0,300.0,300.0,8000.0,8000.0,0.0,1.0,3.0,1.0,1.0,1.0,300.0,,,,0.0,1.0,,0,1
79618,PR,INDIANÓPOLIS,0.0,0.0,0.0,0.0,,,,0.0,0.0,,5.0,1.0,4.0,1330.0,266.0,32000.0,6400.0,1.0,4.0,32.0,5.0,1.0,4.0,1330.0,,,,1.0,4.0,,0,1
79634,PR,MATINHOS,1.0,1.0,1.0,400.0,400.0,6000.0,6000.0,0.0,1.0,14.0,3.0,1.0,3.0,1192.0,397.3333333333333,18500.0,6166.666666666667,0.0,3.0,20.0,2.0,0.0,2.0,792.0,-2.6666666666666856,12500.0,166.66666666666697,0.0,2.0,6.0,1,1
79650,PR,NOVA AURORA,2.0,1.0,1.0,706.0,353.0,3000.0,1500.0,0.0,1.0,31.0,0.0,0.0,0.0,0.0,,,,0.0,0.0,,-2.0,-1.0,-1.0,-706.0,,,,0.0,-1.0,,0,1
79677,PR,NOVA OLÍMPIA,3.0,1.0,2.0,1100.0,366.6666666666667,15000.0,5000.0,1.0,3.0,22.0,2.0,1.0,1.0,620.0,310.0,18000.0,9000.0,0.0,1.0,49.0,-1.0,0.0,-1.0,-480.0,-56.666666666666686,3000.0,4000.0,-1.0,-2.0,27.0,1,1
79693,PR,PÉROLA,2.0,1.0,2.0,674.0,337.0,9500.0,4750.0,1.0,2.0,7.0,0.0,0.0,0.0,0.0,,,,0.0,0.0,,-2.0,-1.0,-2.0,-674.0,,,,-1.0,-2.0,,0,1
79715,PR,SANTA HELENA,1.0,1.0,1.0,460.0,460.0,9000.0,9000.0,0.0,1.0,4.0,1.0,1.0,1.0,450.0,450.0,15000.0,15000.0,0.0,1.0,3.0,0.0,0.0,0.0,-10.0,-10.0,6000.0,6000.0,0.0,0.0,-1.0,1,1
79731,PR,TAPIRA,1.0,1.0,1.0,275.0,275.0,4500.0,4500.0,0.0,1.0,8.0,2.0,1.0,2.0,600.0,300.0,10650.0,5325.0,0.0,2.0,28.0,1.0,0.0,1.0,325.0,25.0,6150.0,825.0,0.0,1.0,20.0,1,1
79758,PR,MARILENA,0.0,0.0,0.0,0.0,,,,0.0,0.0,,1.0,1.0,1.0,300.0,300.0,7500.0,7500.0,0.0,1.0,8.0,1.0,1.0,1.0,300.0,,,,0.0,1.0,,0,1
79774,PR,FRANCISCO ALVES,3.0,1.0,3.0,1071.0,357.0,25200.0,8400.0,0.0,0.0,-341.0,1.0,1.0,1.0,350.0,350.0,6000.0,6000.0,0.0,1.0,19.0,-2.0,0.0,-2.0,-721.0,-7.0,-19200.0,-2400.0,0.0,1.0,360.0,1,1
79790,PR,NOVA SANTA ROSA,0.0,0.0,0.0,0.0,,,,0.0,0.0,,1.0,1.0,1.0,250.0,250.0,6000.0,6000.0,0.0,1.0,7.0,1.0,1.0,1.0,250.0,,,,0.0,1.0,,0,1
79839,PR,BRAGANEY,0.0,0.0,0.0,0.0,,,,0.0,0.0,,1.0,1.0,1.0,400.0,400.0,4900.0,4900.0,0.0,1.0,24.0,1.0,1.0,1.0,400.0,,,,0.0,1.0,,0,1
79855,PR,CAFELÂNDIA,2.0,1.0,2.0,674.0,337.0,8000.0,4000.0,0.0,2.0,16.0,4.0,1.0,2.0,1700.0,425.0,18500.0,4625.0,0.0,4.0,25.0,2.0,0.0,0.0,1026.0,88.0,10500.0,625.0,0.0,2.0,9.0,1,1
79871,PR,TRÊS BARRAS DO PARANÁ,5.0,1.0,3.0,1919.0,383.8,28000.0,5600.0,0.0,5.0,22.0,1.0,1.0,1.0,400.0,400.0,6000.0,6000.0,0.0,1.0,24.0,-4.0,0.0,-2.0,-1519.0,16.19999999999999,-22000.0,400.0,0.0,-4.0,2.0,1,1
79898,PR,VERA CRUZ DO OESTE,0.0,0.0,0.0,0.0,,,,0.0,0.0,,3.0,1.0,2.0,900.0,300.0,27000.0,9000.0,2.0,3.0,17.0,3.0,1.0,2.0,900.0,,,,2.0,3.0,,0,1
79910,PR,PRANCHITA,0.0,0.0,0.0,0.0,,,,0.0,0.0,,3.0,1.0,3.0,900.0,300.0,19000.0,6333.333333333333,1.0,3.0,19.0,3.0,1.0,3.0,900.0,,,,1.0,3.0,,0,1
79952,PR,NOVA PRATA DO IGUAÇU,1.0,1.0,1.0,300.0,300.0,8000.0,8000.0,0.0,1.0,4.0,0.0,0.0,0.0,0.0,,,,0.0,0.0,,-1.0,-1.0,-1.0,-300.0,,,,0.0,-1.0,,0,1
79979,PR,JESUÍTAS,3.0,1.0,1.0,1200.0,400.0,6300.0,2100.0,0.0,1.0,78.0,4.0,1.0,2.0,1804.0,451.0,15200.0,3800.0,1.0,1.0,59.0,1.0,0.0,1.0,604.0,51.0,8900.0,1700.0,1.0,0.0,-19.0,1,1
79995,PR,SÃO JORGE DO PATROCÍNIO,1.0,1.0,1.0,275.0,275.0,4200.0,4200.0,0.0,1.0,8.0,4.0,1.0,4.0,1255.0,313.75,27900.0,6975.0,0.0,3.0,50.0,3.0,0.0,3.0,980.0,38.75,23700.0,2775.0,0.0,2.0,42.0,1,1
80004,SC,MONTE CARLO,1.0,1.0,1.0,371.0,371.0,3000.0,3000.0,0.0,1.0,11.0,0.0,0.0,0.0,0.0,,,,0.0,0.0,,-1.0,-1.0,-1.0,-371.0,,,,0.0,-1.0,,0,1
80012,SC,ABELARDO LUZ,12.0,1.0,6.0,5288.0,440.6666666666667,105500.0,8791.666666666666,0.0,12.0,23.0,2.0,1.0,2.0,780.0,390.0,38000.0,19000.0,0.0,2.0,10.0,-10.0,0.0,-4.0,-4508.0,-50.666666666666686,-67500.0,10208.333333333334,0.0,-10.0,-13.0,1,1
80020,SC,IPORÃ DO OESTE,2.0,1.0,2.0,732.0,366.0,11000.0,5500.0,0.0,2.0,5.0,1.0,1.0,1.0,270.0,270.0,22500.0,22500.0,0.0,1.0,11.0,-1.0,0.0,-1.0,-462.0,-96.0,11500.0,17000.0,0.0,-1.0,6.0,1,1
80039,SC,AGROLÂNDIA,0.0,0.0,0.0,0.0,,,,0.0,0.0,,1.0,1.0,1.0,257.0,257.0,6000.0,6000.0,1.0,1.0,7.0,1.0,1.0,1.0,257.0,,,,1.0,1.0,,0,1
80055,SC,AGRONÔMICA,2.0,1.0,2.0,654.0,327.0,19000.0,9500.0,1.0,2.0,14.0,0.0,0.0,0.0,0.0,,,,0.0,0.0,,-2.0,-1.0,-2.0,-654.0,,,,-1.0,-2.0,,0,1
80063,SC,APIÚNA,1.0,1.0,1.0,450.0,450.0,9000.0,9000.0,0.0,1.0,14.0,0.0,0.0,0.0,0.0,,,,0.0,0.0,,-1.0,-1.0,-1.0,-450.0,,,,0.0,-1.0,,0,1
80071,SC,ÁGUA DOCE,0.0,0.0,0.0,0.0,,,,0.0,0.0,,1.0,1.0,1.0,255.0,255.0,12000.0,12000.0,0.0,1.0,6.0,1.0,1.0,1.0,255.0,,,,0.0,1.0,,0,1
80098,SC,ÁGUAS DE CHAPECÓ,0.0,0.0,0.0,0.0,,,,0.0,0.0,,1.0,1.0,1.0,356.0,356.0,12000.0,12000.0,0.0,1.0,14.0,1.0,1.0,1.0,356.0,,,,0.0,1.0,,0,1
80110,SC,ÁGUAS MORNAS,0.0,0.0,0.0,0.0,,,,0.0,0.0,,2.0,1.0,2.0,950.0,475.0,19500.0,9750.0,0.0,2.0,10.0,2.0,1.0,2.0,950.0,,,,0.0,2.0,,0,1
80128,SC,VITOR MEIRELES,0.0,0.0,0.0,0.0,,,,0.0,0.0,,1.0,1.0,1.0,354.0,354.0,10900.0,10900.0,0.0,1.0,6.0,1.0,1.0,1.0,354.0,,,,0.0,1.0,,0,1
80144,SC,UNIÃO DO OESTE,0.0,0.0,0.0,0.0,,,,0.0,0.0,,1.0,1.0,1.0,250.0,250.0,14500.0,14500.0,0.0,1.0,7.0,1.0,1.0,1.0,250.0,,,,0.0,1.0,,0,1
80187,SC,IRACEMINHA,1.0,1.0,1.0,320.0,320.0,7000.0,7000.0,1.0,1.0,9.0,0.0,0.0,0.0,0.0,,,,0.0,0.0,,-1.0,-1.0,-1.0,-320.0,,,,-1.0,-1.0,,0,1
80209,SC,TIMBÓ GRANDE,1.0,1.0,1.0,360.0,360.0,6000.0,6000.0,1.0,1.0,4.0,0.0,0.0,0.0,0.0,,,,0.0,0.0,,-1.0,-1.0,-1.0,-360.0,,,,-1.0,-1.0,,0,1
80233,SC,ANTÔNIO CARLOS,1.0,1.0,1.0,558.0,558.0,5000.0,5000.0,0.0,1.0,5.0,4.0,1.0,3.0,1764.0,441.0,28500.0,7125.0,0.0,4.0,18.0,3.0,0.0,2.0,1206.0,-117.0,23500.0,2125.0,0.0,3.0,13.0,1,1
80241,SC,SANTA ROSA DO SUL,2.0,1.0,2.0,700.0,350.0,15000.0,7500.0,0.0,2.0,4.0,4.0,1.0,3.0,1348.0,337.0,44000.0,11000.0,0.0,4.0,14.0,2.0,0.0,1.0,648.0,-13.0,29000.0,3500.0,0.0,2.0,10.0,1,1
80250,SC,ARAQUARI,4.0,1.0,1.0,1600.0,400.0,42000.0,10500.0,4.0,2.0,80.0,2.0,1.0,2.0,1187.0,593.5,22000.0,11000.0,0.0,1.0,32.0,-2.0,0.0,1.0,-413.0,193.5,-20000.0,500.0,-4.0,-1.0,-48.0,1,1
80268,SC,CELSO RAMOS,1.0,1.0,1.0,242.0,242.0,5000.0,5000.0,0.0,1.0,2.0,0.0,0.0,0.0,0.0,,,,0.0,0.0,,-1.0,-1.0,-1.0,-242.0,,,,0.0,-1.0,,0,1
80276,SC,ARARANGUÁ,6.0,1.0,5.0,2314.0,385.6666666666667,27400.0,4566.666666666667,1.0,6.0,19.0,2.0,1.0,1.0,900.0,450.0,13000.0,6500.0,0.0,2.0,17.0,-4.0,0.0,-4.0,-1414.0,64.33333333333331,-14400.0,1933.333333333333,-1.0,-4.0,-2.0,1,1
80306,SC,COCAL DO SUL,3.0,1.0,2.0,974.0,324.6666666666667,9000.0,3000.0,2.0,2.0,52.0,1.0,1.0,1.0,420.0,420.0,5000.0,5000.0,1.0,1.0,9.0,-2.0,0.0,-1.0,-554.0,95.33333333333331,-4000.0,2000.0,-1.0,-1.0,-43.0,1,1
80330,SC,ASCURRA,1.0,1.0,1.0,450.0,450.0,9000.0,9000.0,0.0,1.0,14.0,0.0,0.0,0.0,0.0,,,,0.0,0.0,,-1.0,-1.0,-1.0,-450.0,,,,0.0,-1.0,,0,1
80349,SC,SANTA TEREZINHA,6.0,1.0,3.0,1969.0,328.1666666666667,74500.0,12416.666666666666,1.0,6.0,19.0,4.0,1.0,2.0,1224.0,306.0,55800.0,13950.0,0.0,3.0,31.0,-2.0,0.0,-1.0,-745.0,-22.166666666666686,-18700.0,1533.333333333334,-1.0,-3.0,12.0,1,1
80365,SC,MIRIM DOCE,1.0,1.0,1.0,196.0,196.0,6895.0,6895.0,0.0,1.0,5.0,0.0,0.0,0.0,0.0,,,,0.0,0.0,,-1.0,-1.0,-1.0,-196.0,,,,0.0,-1.0,,0,1
80373,SC,AURORA,0.0,0.0,0.0,0.0,,,,0.0,0.0,,1.0,1.0,1.0,220.0,220.0,15500.0,15500.0,0.0,1.0,3.0,1.0,1.0,1.0,220.0,,,,0.0,1.0,,0,1
80390,SC,BALNEÁRIO CAMBORIÚ,2.0,1.0,2.0,1300.0,650.0,13000.0,6500.0,0.0,2.0,30.0,13.0,1.0,6.0,7315.0,562.6923076923077,249278.0,19175.23076923077,1.0,11.0,31.0,11.0,0.0,4.0,6015.0,-87.30769230769226,236278.0,12675.23076923077,1.0,9.0,1.0,1,1
80403,SC,PASSO DE TORRES,1.0,1.0,1.0,390.0,390.0,5000.0,5000.0,0.0,0.0,40.0,0.0,0.0,0.0,0.0,,,,0.0,0.0,,-1.0,-1.0,-1.0,-390.0,,,,0.0,0.0,,0,1
80411,SC,BARRA VELHA,0.0,0.0,0.0,0.0,,,,0.0,0.0,,2.0,1.0,2.0,700.0,350.0,18500.0,9250.0,0.0,2.0,9.0,2.0,1.0,2.0,700.0,,,,0.0,2.0,,0,1
80454,SC,BIGUAÇU,2.0,1.0,2.0,1010.0,505.0,14500.0,7250.0,1.0,2.0,15.0,2.0,1.0,1.0,1000.0,500.0,10000.0,5000.0,0.0,1.0,36.0,0.0,0.0,-1.0,-10.0,-5.0,-4500.0,-2250.0,-1.0,-1.0,21.0,1,1
80462,SC,VARGEM,1.0,1.0,1.0,340.0,340.0,4800.0,4800.0,1.0,1.0,7.0,0.0,0.0,0.0,0.0,,,,0.0,0.0,,-1.0,-1.0,-1.0,-340.0,,,,-1.0,-1.0,,0,1
80470,SC,BLUMENAU,6.0,1.0,2.0,3578.0,596.3333333333334,107450.0,17908.333333333332,1.0,3.0,26.0,9.0,1.0,3.0,4800.0,533.3333333333334,140500.0,15611.111111111111,6.0,5.0,177.0,3.0,0.0,1.0,1222.0,-63.0,33050.0,-2297.222222222221,5.0,2.0,151.0,1,1
80527,SC,GUATAMBÚ,1.0,1.0,1.0,290.0,290.0,4600.0,4600.0,0.0,1.0,3.0,2.0,1.0,2.0,618.0,309.0,22500.0,11250.0,0.0,2.0,14.0,1.0,0.0,1.0,328.0,19.0,17900.0,6650.0,0.0,1.0,11.0,1,1
80535,SC,BRAÇO DO NORTE,0.0,0.0,0.0,0.0,,,,0.0,0.0,,2.0,1.0,2.0,728.0,364.0,37000.0,18500.0,0.0,2.0,10.0,2.0,1.0,2.0,728.0,,,,0.0,2.0,,0,1
80543,SC,PLANALTO ALEGRE,2.0,1.0,2.0,608.0,304.0,13000.0,6500.0,2.0,2.0,6.0,0.0,0.0,0.0,0.0,,,,0.0,0.0,,-2.0,-1.0,-2.0,-608.0,,,,-2.0,-2.0,,0,1
80551,SC,BRUSQUE,4.0,1.0,2.0,1859.0,464.75,40000.0,10000.0,0.0,3.0,31.0,7.0,1.0,3.0,3428.0,489.7142857142857,112000.0,16000.0,0.0,4.0,143.0,3.0,0.0,1.0,1569.0,24.964285714285722,72000.0,6000.0,0.0,1.0,112.0,1,1
80560,SC,RIQUEZA,0.0,0.0,0.0,0.0,,,,0.0,0.0,,2.0,1.0,2.0,521.0,260.5,29000.0,14500.0,0.0,2.0,11.0,2.0,1.0,2.0,521.0,,,,0.0,2.0,,0,1
80578,SC,CAÇADOR,0.0,0.0,0.0,0.0,,,,0.0,0.0,,2.0,1.0,2.0,976.0,488.0,28000.0,14000.0,0.0,2.0,4.0,2.0,1.0,2.0,976.0,,,,0.0,2.0,,0,1
80594,SC,CAIBI,0.0,0.0,0.0,0.0,,,,0.0,0.0,,1.0,1.0,1.0,254.0,254.0,12500.0,12500.0,0.0,1.0,11.0,1.0,1.0,1.0,254.0,,,,0.0,1.0,,0,1
80616,SC,CAMBORIÚ,2.0,1.0,2.0,770.0,385.0,22000.0,11000.0,1.0,2.0,4.0,2.0,1.0,2.0,1006.0,503.0,36000.0,18000.0,0.0,2.0,21.0,0.0,0.0,0.0,236.0,118.0,14000.0,7000.0,-1.0,0.0,17.0,1,1
80624,SC,PASSOS MAIA,2.0,1.0,2.0,688.0,344.0,9500.0,4750.0,0.0,2.0,6.0,1.0,1.0,1.0,346.0,346.0,10000.0,10000.0,0.0,1.0,10.0,-1.0,0.0,-1.0,-342.0,2.0,500.0,5250.0,0.0,-1.0,4.0,1,1
80640,SC,SÃO JOÃO DO OESTE,1.0,1.0,1.0,350.0,350.0,12000.0,12000.0,0.0,1.0,9.0,0.0,0.0,0.0,0.0,,,,0.0,0.0,,-1.0,-1.0,-1.0,-350.0,,,,0.0,-1.0,,0,1
80667,SC,CALMON,0.0,0.0,0.0,0.0,,,,0.0,0.0,,1.0,1.0,1.0,247.0,247.0,7000.0,7000.0,0.0,1.0,6.0,1.0,1.0,1.0,247.0,,,,0.0,1.0,,0,1
80675,SC,CAMPO ERÊ,2.0,1.0,2.0,638.0,319.0,13500.0,6750.0,0.0,2.0,7.0,2.0,1.0,2.0,732.0,366.0,16000.0,8000.0,0.0,2.0,11.0,0.0,0.0,0.0,94.0,47.0,2500.0,1250.0,0.0,0.0,4.0,1,1
80683,SC,BALNEÁRIO BARRA DO SUL,2.0,1.0,1.0,1220.0,610.0,23000.0,11500.0,2.0,2.0,15.0,1.0,1.0,1.0,400.0,400.0,8000.0,8000.0,0.0,0.0,32.0,-1.0,0.0,0.0,-820.0,-210.0,-15000.0,-3500.0,-2.0,-2.0,17.0,1,1
80691,SC,CAMPOS NOVOS,1.0,1.0,1.0,504.0,504.0,10000.0,10000.0,0.0,1.0,4.0,3.0,1.0,2.0,1554.0,518.0,30000.0,10000.0,0.0,3.0,20.0,2.0,0.0,1.0,1050.0,14.0,20000.0,0.0,0.0,2.0,16.0,1,1
80705,SC,PARAÍSO,1.0,1.0,1.0,350.0,350.0,7200.0,7200.0,0.0,1.0,12.0,0.0,0.0,0.0,0.0,,,,0.0,0.0,,-1.0,-1.0,-1.0,-350.0,,,,0.0,-1.0,,0,1
80713,SC,CANELINHA,0.0,0.0,0.0,0.0,,,,0.0,0.0,,1.0,1.0,1.0,307.0,307.0,5000.0,5000.0,0.0,1.0,25.0,1.0,1.0,1.0,307.0,,,,0.0,1.0,,0,1
80721,SC,SANTA HELENA,2.0,1.0,2.0,502.0,251.0,10000.0,5000.0,1.0,2.0,8.0,1.0,1.0,1.0,250.0,250.0,5000.0,5000.0,0.0,1.0,10.0,-1.0,0.0,-1.0,-252.0,-1.0,-5000.0,0.0,-1.0,-1.0,2.0,1,1
80730,SC,CANOINHAS,1.0,1.0,1.0,592.0,592.0,14000.0,14000.0,1.0,0.0,-708.0,4.0,1.0,2.0,2372.0,593.0,36000.0,9000.0,2.0,4.0,22.0,3.0,0.0,1.0,1780.0,1.0,22000.0,-5000.0,1.0,4.0,730.0,1,1
80772,SC,CATANDUVAS,1.0,1.0,1.0,370.0,370.0,5300.0,5300.0,0.0,1.0,3.0,1.0,1.0,1.0,350.0,350.0,14000.0,14000.0,0.0,1.0,3.0,0.0,0.0,0.0,-20.0,-20.0,8700.0,8700.0,0.0,0.0,0.0,1,1
80799,SC,CAXAMBU DO SUL,1.0,1.0,1.0,354.0,354.0,6000.0,6000.0,0.0,0.0,67.0,1.0,1.0,1.0,252.0,252.0,15000.0,15000.0,0.0,1.0,11.0,0.0,0.0,0.0,-102.0,-102.0,9000.0,9000.0,0.0,1.0,-56.0,1,1
80810,SC,CHAPECÓ,15.0,1.0,6.0,10356.0,690.4,162600.0,10840.0,0.0,10.0,304.0,1.0,1.0,1.0,504.0,504.0,22000.0,22000.0,0.0,1.0,11.0,-14.0,0.0,-5.0,-9852.0,-186.39999999999998,-140600.0,11160.0,0.0,-9.0,-293.0,1,1
80829,SC,IPUAÇU,2.0,1.0,2.0,615.0,307.5,10300.0,5150.0,0.0,2.0,9.0,0.0,0.0,0.0,0.0,,,,0.0,0.0,,-2.0,-1.0,-2.0,-615.0,,,,0.0,-2.0,,0,1
80837,SC,CONCÓRDIA,1.0,1.0,1.0,400.0,400.0,4000.0,4000.0,0.0,1.0,5.0,3.0,1.0,2.0,1200.0,400.0,48650.0,16216.666666666666,0.0,3.0,11.0,2.0,0.0,1.0,800.0,0.0,44650.0,12216.666666666666,0.0,2.0,6.0,1,1
80845,SC,OURO VERDE,1.0,1.0,1.0,240.0,240.0,10000.0,10000.0,1.0,1.0,6.0,2.0,1.0,2.0,474.0,237.0,16500.0,8250.0,0.0,2.0,6.0,1.0,0.0,1.0,234.0,-3.0,6500.0,-1750.0,-1.0,1.0,0.0,1,1
80853,SC,CORONEL FREITAS,2.0,1.0,2.0,877.0,438.5,17000.0,8500.0,0.0,2.0,7.0,1.0,1.0,1.0,400.0,400.0,15000.0,15000.0,0.0,1.0,7.0,-1.0,0.0,-1.0,-477.0,-38.5,-2000.0,6500.0,0.0,-1.0,0.0,1,1
80896,SC,CRICIÚMA,11.0,1.0,4.0,5965.0,542.2727272727273,79800.0,7254.545454545455,4.0,6.0,139.0,8.0,1.0,3.0,4969.0,621.125,75000.0,9375.0,0.0,6.0,56.0,-3.0,0.0,-1.0,-996.0,78.85227272727275,-4800.0,2120.454545454545,-4.0,0.0,-83.0,1,1
80918,SC,CUNHA PORÃ,1.0,1.0,1.0,368.0,368.0,5000.0,5000.0,0.0,1.0,5.0,1.0,1.0,1.0,369.0,369.0,12000.0,12000.0,0.0,1.0,6.0,0.0,0.0,0.0,1.0,1.0,7000.0,7000.0,0.0,0.0,1.0,1,1
80926,SC,PONTE ALTA DO NORTE,0.0,0.0,0.0,0.0,,,,0.0,0.0,,3.0,1.0,3.0,1181.0,393.6666666666667,25000.0,8333.333333333334,0.0,3.0,6.0,3.0,1.0,3.0,1181.0,,,,0.0,3.0,,0,1
80934,SC,CURITIBANOS,1.0,1.0,1.0,600.0,600.0,12500.0,12500.0,0.0,1.0,7.0,3.0,1.0,2.0,1400.0,466.6666666666667,46500.0,15500.0,0.0,3.0,9.0,2.0,0.0,1.0,800.0,-133.33333333333331,34000.0,3000.0,0.0,2.0,2.0,1,1
80942,SC,SÃO CRISTÓVÃO DO SUL,1.0,1.0,1.0,315.0,315.0,6000.0,6000.0,0.0,1.0,16.0,0.0,0.0,0.0,0.0,,,,0.0,0.0,,-1.0,-1.0,-1.0,-315.0,,,,0.0,-1.0,,0,1
80950,SC,DESCANSO,1.0,1.0,1.0,257.0,257.0,3500.0,3500.0,0.0,1.0,2.0,0.0,0.0,0.0,0.0,,,,0.0,0.0,,-1.0,-1.0,-1.0,-257.0,,,,0.0,-1.0,,0,1
80969,SC,VARGEM BONITA,1.0,1.0,1.0,230.0,230.0,7500.0,7500.0,0.0,1.0,6.0,0.0,0.0,0.0,0.0,,,,0.0,0.0,,-1.0,-1.0,-1.0,-230.0,,,,0.0,-1.0,,0,1
80977,SC,DIONÍSIO CERQUEIRA,0.0,0.0,0.0,0.0,,,,0.0,0.0,,1.0,1.0,1.0,373.0,373.0,22000.0,22000.0,0.0,1.0,9.0,1.0,1.0,1.0,373.0,,,,0.0,1.0,,0,1
80985,SC,BOMBINHAS,0.0,0.0,0.0,0.0,,,,0.0,0.0,,2.0,1.0,2.0,729.0,364.5,30270.0,15135.0,0.0,2.0,8.0,2.0,1.0,2.0,729.0,,,,0.0,2.0,,0,1
81019,SC,ERVAL VELHO,1.0,1.0,1.0,351.0,351.0,6000.0,6000.0,0.0,1.0,4.0,1.0,1.0,1.0,520.0,520.0,10000.0,10000.0,0.0,1.0,3.0,0.0,0.0,0.0,169.0,169.0,4000.0,4000.0,0.0,0.0,-1.0,1,1
81027,SC,CAPIVARI DE BAIXO,1.0,1.0,1.0,376.0,376.0,5000.0,5000.0,0.0,1.0,17.0,2.0,1.0,2.0,1205.0,602.5,19000.0,9500.0,0.0,2.0,13.0,1.0,0.0,1.0,829.0,226.5,14000.0,4500.0,0.0,1.0,-4.0,1,1
81043,SC,CORDILHEIRA ALTA,4.0,1.0,3.0,1350.0,337.5,12400.0,3100.0,0.0,4.0,13.0,3.0,1.0,3.0,883.0,294.3333333333333,43000.0,14333.333333333334,0.0,3.0,16.0,-1.0,0.0,0.0,-467.0,-43.166666666666686,30600.0,11233.333333333334,0.0,-1.0,3.0,1,1
81051,SC,FLORIANÓPOLIS,6.0,1.0,3.0,3613.0,602.1666666666666,173925.0,28987.5,2.0,4.0,74.0,15.0,1.0,5.0,12526.0,835.0666666666667,522597.4,34839.82666666667,12.0,8.0,167.0,9.0,0.0,2.0,8913.0,232.9000000000001,348672.4,5852.326666666668,10.0,4.0,93.0,1,1
81060,SC,FORQUILHINHA,11.0,1.0,4.0,4349.0,395.3636363636364,29500.0,2681.818181818182,6.0,7.0,124.0,2.0,1.0,1.0,840.0,420.0,12500.0,6250.0,0.0,1.0,186.0,-9.0,0.0,-3.0,-3509.0,24.636363636363626,-17000.0,3568.181818181818,-6.0,-6.0,62.0,1,1
81116,SC,GOVERNADOR CELSO RAMOS,1.0,1.0,1.0,400.0,400.0,3000.0,3000.0,0.0,1.0,13.0,1.0,1.0,1.0,470.0,470.0,5000.0,5000.0,0.0,0.0,35.0,0.0,0.0,0.0,70.0,70.0,2000.0,2000.0,0.0,-1.0,22.0,1,1
81132,SC,GAROPABA,1.0,1.0,1.0,377.0,377.0,3000.0,3000.0,0.0,1.0,5.0,0.0,0.0,0.0,0.0,,,,0.0,0.0,,-1.0,-1.0,-1.0,-377.0,,,,0.0,-1.0,,0,1
81140,SC,JARDINÓPOLIS,1.0,1.0,1.0,235.0,235.0,9000.0,9000.0,0.0,1.0,8.0,0.0,0.0,0.0,0.0,,,,0.0,0.0,,-1.0,-1.0,-1.0,-235.0,,,,0.0,-1.0,,0,1
81159,SC,GARUVA,0.0,0.0,0.0,0.0,,,,0.0,0.0,,1.0,1.0,1.0,308.0,308.0,14000.0,14000.0,0.0,0.0,31.0,1.0,1.0,1.0,308.0,,,,0.0,0.0,,0,1
81167,SC,ERMO,1.0,1.0,1.0,250.0,250.0,4000.0,4000.0,0.0,1.0,7.0,1.0,1.0,1.0,250.0,250.0,5000.0,5000.0,0.0,1.0,11.0,0.0,0.0,0.0,0.0,0.0,1000.0,1000.0,0.0,0.0,4.0,1,1
81175,SC,GASPAR,3.0,1.0,2.0,1616.0,538.6666666666666,26500.0,8833.333333333334,0.0,3.0,26.0,5.0,1.0,3.0,2998.0,599.6,72653.33,14530.666000000001,0.0,3.0,71.0,2.0,0.0,1.0,1382.0,60.933333333333394,46153.33,5697.332666666667,0.0,0.0,45.0,1,1
81183,SC,SÃO PEDRO DE ALCÂNTARA,0.0,0.0,0.0,0.0,,,,0.0,0.0,,1.0,1.0,1.0,300.0,300.0,10000.0,10000.0,0.0,1.0,6.0,1.0,1.0,1.0,300.0,,,,0.0,1.0,,0,1
81191,SC,GRÃO-PARÁ,1.0,1.0,1.0,360.0,360.0,5000.0,5000.0,0.0,1.0,7.0,0.0,0.0,0.0,0.0,,,,0.0,0.0,,-1.0,-1.0,-1.0,-360.0,,,,0.0,-1.0,,0,1
81213,SC,GRAVATAL,1.0,1.0,1.0,368.0,368.0,5000.0,5000.0,0.0,1.0,5.0,0.0,0.0,0.0,0.0,,,,0.0,0.0,,-1.0,-1.0,-1.0,-368.0,,,,0.0,-1.0,,0,1
81221,SC,BELA VISTA DO TOLDO,1.0,1.0,1.0,224.0,224.0,14000.0,14000.0,0.0,1.0,8.0,0.0,0.0,0.0,0.0,,,,0.0,0.0,,-1.0,-1.0,-1.0,-224.0,,,,0.0,-1.0,,0,1
81230,SC,GUABIRUBA,1.0,1.0,1.0,330.0,330.0,14000.0,14000.0,0.0,1.0,12.0,1.0,1.0,1.0,380.0,380.0,10000.0,10000.0,0.0,1.0,6.0,0.0,0.0,0.0,50.0,50.0,-4000.0,-4000.0,0.0,0.0,-6.0,1,1
81256,SC,GUARACIABA,2.0,1.0,2.0,860.0,430.0,19000.0,9500.0,0.0,2.0,21.0,5.0,1.0,3.0,2028.0,405.6,73000.0,14600.0,0.0,5.0,25.0,3.0,0.0,1.0,1168.0,-24.399999999999977,54000.0,5100.0,0.0,3.0,4.0,1,1
81272,SC,GUARAMIRIM,4.0,1.0,2.0,1600.0,400.0,29000.0,7250.0,3.0,3.0,32.0,1.0,1.0,1.0,380.0,380.0,15000.0,15000.0,0.0,1.0,11.0,-3.0,0.0,-1.0,-1220.0,-20.0,-14000.0,7750.0,-3.0,-2.0,-21.0,1,1
81299,SC,GUARUJÁ DO SUL,1.0,1.0,1.0,351.0,351.0,4000.0,4000.0,0.0,1.0,6.0,4.0,1.0,4.0,1158.0,289.5,54500.0,13625.0,0.0,4.0,18.0,3.0,0.0,3.0,807.0,-61.5,50500.0,9625.0,0.0,3.0,12.0,1,1
81310,SC,HERVAL D'OESTE,1.0,1.0,1.0,370.0,370.0,7000.0,7000.0,0.0,1.0,3.0,3.0,1.0,2.0,1560.0,520.0,37000.0,12333.333333333334,0.0,3.0,23.0,2.0,0.0,1.0,1190.0,150.0,30000.0,5333.333333333334,0.0,2.0,20.0,1,1
81353,SC,IBIRAMA,2.0,1.0,2.0,750.0,375.0,22000.0,11000.0,0.0,2.0,17.0,0.0,0.0,0.0,0.0,,,,0.0,0.0,,-2.0,-1.0,-2.0,-750.0,,,,0.0,-2.0,,0,1
81370,SC,IÇARA,6.0,1.0,2.0,2801.0,466.8333333333333,18000.0,3000.0,2.0,3.0,131.0,1.0,1.0,1.0,442.0,442.0,6000.0,6000.0,0.0,0.0,186.0,-5.0,0.0,-1.0,-2359.0,-24.833333333333314,-12000.0,3000.0,-2.0,-3.0,55.0,1,1
81396,SC,ILHOTA,1.0,1.0,1.0,372.0,372.0,5000.0,5000.0,0.0,1.0,15.0,0.0,0.0,0.0,0.0,,,,0.0,0.0,,-1.0,-1.0,-1.0,-372.0,,,,0.0,-1.0,,0,1
81400,SC,IBIAM,2.0,1.0,2.0,548.0,274.0,9500.0,4750.0,0.0,2.0,5.0,2.0,1.0,2.0,698.0,349.0,18500.0,9250.0,0.0,2.0,4.0,0.0,0.0,0.0,150.0,75.0,9000.0,4500.0,0.0,0.0,-1.0,1,1
81418,SC,IMARUÍ,3.0,1.0,2.0,1738.0,579.3333333333334,20500.0,6833.333333333333,1.0,2.0,102.0,0.0,0.0,0.0,0.0,,,,0.0,0.0,,-3.0,-1.0,-2.0,-1738.0,,,,-1.0,-2.0,,0,1
81434,SC,IMBITUBA,2.0,1.0,2.0,918.0,459.0,22300.0,11150.0,1.0,2.0,7.0,0.0,0.0,0.0,0.0,,,,0.0,0.0,,-2.0,-1.0,-2.0,-918.0,,,,-1.0,-2.0,,0,1
81442,SC,PAIAL,1.0,1.0,1.0,320.0,320.0,3500.0,3500.0,0.0,1.0,13.0,1.0,1.0,1.0,236.0,236.0,12000.0,12000.0,0.0,1.0,7.0,0.0,0.0,0.0,-84.0,-84.0,8500.0,8500.0,0.0,0.0,-6.0,1,1
81450,SC,IMBUIA,0.0,0.0,0.0,0.0,,,,0.0,0.0,,1.0,1.0,1.0,250.0,250.0,15500.0,15500.0,0.0,1.0,5.0,1.0,1.0,1.0,250.0,,,,0.0,1.0,,0,1
81477,SC,INDAIAL,1.0,1.0,1.0,500.0,500.0,6500.0,6500.0,0.0,1.0,11.0,1.0,1.0,1.0,320.0,320.0,14800.0,14800.0,0.0,0.0,81.0,0.0,0.0,0.0,-180.0,-180.0,8300.0,8300.0,0.0,-1.0,70.0,1,1
81493,SC,IPIRA,3.0,1.0,2.0,850.0,283.3333333333333,13500.0,4500.0,0.0,3.0,12.0,3.0,1.0,2.0,883.0,294.3333333333333,45000.0,15000.0,0.0,3.0,13.0,0.0,0.0,0.0,33.0,11.0,31500.0,10500.0,0.0,0.0,1.0,1,1
81523,SC,SALTINHO,1.0,1.0,1.0,220.0,220.0,3000.0,3000.0,0.0,1.0,3.0,0.0,0.0,0.0,0.0,,,,0.0,0.0,,-1.0,-1.0,-1.0,-220.0,,,,0.0,-1.0,,0,1
81531,SC,IRANI,2.0,1.0,2.0,685.0,342.5,9500.0,4750.0,0.0,2.0,4.0,0.0,0.0,0.0,0.0,,,,0.0,0.0,,-2.0,-1.0,-2.0,-685.0,,,,0.0,-2.0,,0,1
81574,SC,ITÁ,1.0,1.0,1.0,362.0,362.0,2000.0,2000.0,1.0,1.0,11.0,0.0,0.0,0.0,0.0,,,,0.0,0.0,,-1.0,-1.0,-1.0,-362.0,,,,-1.0,-1.0,,0,1
81590,SC,ITAIÓPOLIS,1.0,1.0,1.0,345.0,345.0,6500.0,6500.0,0.0,0.0,-13.0,1.0,1.0,1.0,580.0,580.0,8500.0,8500.0,0.0,1.0,4.0,0.0,0.0,0.0,235.0,235.0,2000.0,2000.0,0.0,1.0,17.0,1,1
81604,SC,FLOR DO SERTÃO,1.0,1.0,1.0,220.0,220.0,7000.0,7000.0,1.0,1.0,9.0,1.0,1.0,1.0,315.0,315.0,6000.0,6000.0,0.0,1.0,9.0,0.0,0.0,0.0,95.0,95.0,-1000.0,-1000.0,-1.0,0.0,0.0,1,1
81612,SC,ITAJAÍ,3.0,1.0,2.0,1622.0,540.6666666666666,22750.0,7583.333333333333,1.0,3.0,20.0,8.0,1.0,6.0,4900.0,612.5,127000.0,15875.0,0.0,6.0,50.0,5.0,0.0,4.0,3278.0,71.83333333333337,104250.0,8291.666666666668,-1.0,3.0,30.0,1,1
81620,SC,CUNHATAÍ,2.0,1.0,2.0,576.0,288.0,10000.0,5000.0,1.0,2.0,12.0,2.0,1.0,2.0,553.0,276.5,22000.0,11000.0,0.0,2.0,11.0,0.0,0.0,0.0,-23.0,-11.5,12000.0,6000.0,-1.0,0.0,-1.0,1,1
81639,SC,ITAPEMA,5.0,1.0,1.0,2635.0,527.0,25000.0,5000.0,0.0,3.0,128.0,11.0,1.0,4.0,6194.0,563.0909090909091,111000.0,10090.90909090909,0.0,7.0,179.0,6.0,0.0,3.0,3559.0,36.09090909090912,86000.0,5090.90909090909,0.0,4.0,51.0,1,1
81647,SC,PRINCESA,0.0,0.0,0.0,0.0,,,,0.0,0.0,,1.0,1.0,1.0,250.0,250.0,6500.0,6500.0,0.0,1.0,9.0,1.0,1.0,1.0,250.0,,,,0.0,1.0,,0,1
81663,SC,ITAPOÁ,3.0,1.0,2.0,1302.0,434.0,26900.0,8966.666666666666,2.0,2.0,249.0,3.0,1.0,2.0,1000.0,333.3333333333333,21000.0,7000.0,0.0,3.0,17.0,0.0,0.0,0.0,-302.0,-100.66666666666669,-5900.0,-1966.666666666666,-2.0,1.0,-232.0,1,1
81671,SC,ITUPORANGA,1.0,1.0,1.0,377.0,377.0,14500.0,14500.0,0.0,1.0,6.0,2.0,1.0,2.0,1000.0,500.0,25000.0,12500.0,0.0,2.0,7.0,1.0,0.0,1.0,623.0,123.0,10500.0,-2000.0,0.0,1.0,1.0,1,1
81698,SC,JABORÁ,1.0,1.0,1.0,349.0,349.0,6000.0,6000.0,0.0,1.0,5.0,1.0,1.0,1.0,250.0,250.0,14000.0,14000.0,0.0,1.0,5.0,0.0,0.0,0.0,-99.0,-99.0,8000.0,8000.0,0.0,0.0,0.0,1,1
81710,SC,JACINTO MACHADO,1.0,1.0,1.0,369.0,369.0,5000.0,5000.0,0.0,1.0,7.0,0.0,0.0,0.0,0.0,,,,0.0,0.0,,-1.0,-1.0,-1.0,-369.0,,,,0.0,-1.0,,0,1
81728,SC,BALNEÁRIO ARROIO DO SILVA,1.0,1.0,1.0,390.0,390.0,5000.0,5000.0,0.0,1.0,19.0,1.0,1.0,1.0,300.0,300.0,5000.0,5000.0,0.0,1.0,14.0,0.0,0.0,0.0,-90.0,-90.0,0.0,0.0,0.0,0.0,-5.0,1,1
81736,SC,JAGUARUNA,1.0,1.0,1.0,374.0,374.0,5000.0,5000.0,0.0,1.0,4.0,0.0,0.0,0.0,0.0,,,,0.0,0.0,,-1.0,-1.0,-1.0,-374.0,,,,0.0,-1.0,,0,1
81744,SC,BALNEÁRIO GAIVOTA,4.0,1.0,3.0,1368.0,342.0,18000.0,4500.0,1.0,3.0,37.0,0.0,0.0,0.0,0.0,,,,0.0,0.0,,-4.0,-1.0,-3.0,-1368.0,,,,-1.0,-3.0,,0,1
81752,SC,JARAGUÁ DO SUL,1.0,1.0,1.0,406.0,406.0,12500.0,12500.0,0.0,1.0,11.0,3.0,1.0,2.0,1712.0,570.6666666666666,81491.6,27163.86666666667,0.0,1.0,49.0,2.0,0.0,1.0,1306.0,164.66666666666663,68991.6,14663.866666666669,0.0,0.0,38.0,1,1
81779,SC,JOAÇABA,1.0,1.0,1.0,350.0,350.0,5000.0,5000.0,1.0,1.0,26.0,1.0,1.0,1.0,378.0,378.0,20000.0,20000.0,0.0,1.0,2.0,0.0,0.0,0.0,28.0,28.0,15000.0,15000.0,-1.0,0.0,-24.0,1,1
81787,SC,BRUNÓPOLIS,2.0,1.0,2.0,482.0,241.0,6500.0,3250.0,0.0,2.0,7.0,1.0,1.0,1.0,340.0,340.0,10000.0,10000.0,0.0,1.0,7.0,-1.0,0.0,-1.0,-142.0,99.0,3500.0,6750.0,0.0,-1.0,0.0,1,1
81795,SC,JOINVILLE,16.0,1.0,5.0,10124.0,632.75,239450.0,14965.625,8.0,8.0,83.0,11.0,1.0,5.0,6626.0,602.3636363636364,226157.0,20559.727272727272,7.0,7.0,193.0,-5.0,0.0,0.0,-3498.0,-30.386363636363626,-13293.0,5594.102272727272,-1.0,-1.0,110.0,1,1
81809,SC,LUZERNA,0.0,0.0,0.0,0.0,,,,0.0,0.0,,1.0,1.0,1.0,356.0,356.0,16000.0,16000.0,0.0,1.0,7.0,1.0,1.0,1.0,356.0,,,,0.0,1.0,,0,1
81833,SC,LAGES,6.0,1.0,6.0,2761.0,460.1666666666667,67000.0,11166.666666666666,3.0,6.0,26.0,3.0,1.0,3.0,1605.0,535.0,70500.0,23500.0,1.0,3.0,11.0,-3.0,0.0,-3.0,-1156.0,74.83333333333331,3500.0,12333.333333333334,-2.0,-3.0,-15.0,1,1
81850,SC,LAGUNA,1.0,1.0,1.0,380.0,380.0,5000.0,5000.0,0.0,1.0,3.0,1.0,1.0,1.0,591.0,591.0,12000.0,12000.0,0.0,1.0,21.0,0.0,0.0,0.0,211.0,211.0,7000.0,7000.0,0.0,0.0,18.0,1,1
81876,SC,LAURENTINO,0.0,0.0,0.0,0.0,,,,0.0,0.0,,2.0,1.0,2.0,527.0,263.5,25500.0,12750.0,0.0,2.0,7.0,2.0,1.0,2.0,527.0,,,,0.0,2.0,,0,1
81892,SC,LAURO MÜLLER,1.0,1.0,1.0,390.0,390.0,5000.0,5000.0,0.0,1.0,9.0,6.0,1.0,4.0,2238.0,373.0,61500.0,10250.0,0.0,6.0,12.0,5.0,0.0,3.0,1848.0,-17.0,56500.0,5250.0,0.0,5.0,3.0,1,1
81957,SC,LONTRAS,1.0,1.0,1.0,369.0,369.0,10000.0,10000.0,1.0,1.0,10.0,2.0,1.0,2.0,865.0,432.5,29000.0,14500.0,0.0,2.0,7.0,1.0,0.0,1.0,496.0,63.5,19000.0,4500.0,-1.0,1.0,-3.0,1,1
82058,SC,MARAVILHA,1.0,1.0,1.0,405.0,405.0,5000.0,5000.0,0.0,1.0,7.0,2.0,1.0,1.0,982.0,491.0,44000.0,22000.0,1.0,2.0,10.0,1.0,0.0,0.0,577.0,86.0,39000.0,17000.0,1.0,1.0,3.0,1,1
82074,SC,MASSARANDUBA,2.0,1.0,2.0,758.0,379.0,10000.0,5000.0,0.0,2.0,8.0,2.0,1.0,2.0,702.0,351.0,14000.0,7000.0,0.0,2.0,23.0,0.0,0.0,0.0,-56.0,-28.0,4000.0,2000.0,0.0,0.0,15.0,1,1
82090,SC,MATOS COSTA,1.0,1.0,1.0,333.0,333.0,10000.0,10000.0,1.0,1.0,3.0,1.0,1.0,1.0,241.0,241.0,7000.0,7000.0,0.0,1.0,9.0,0.0,0.0,0.0,-92.0,-92.0,-3000.0,-3000.0,-1.0,0.0,6.0,1,1
82112,SC,MELEIRO,2.0,1.0,1.0,520.0,260.0,8000.0,4000.0,0.0,2.0,14.0,0.0,0.0,0.0,0.0,,,,0.0,0.0,,-2.0,-1.0,-1.0,-520.0,,,,0.0,-2.0,,0,1
82155,SC,MONDAÍ,1.0,1.0,1.0,367.0,367.0,5500.0,5500.0,0.0,1.0,9.0,1.0,1.0,1.0,366.0,366.0,8000.0,8000.0,0.0,1.0,10.0,0.0,0.0,0.0,-1.0,-1.0,2500.0,2500.0,0.0,0.0,1.0,1,1
82171,SC,MONTE CASTELO,0.0,0.0,0.0,0.0,,,,0.0,0.0,,1.0,1.0,1.0,462.0,462.0,14827.0,14827.0,0.0,1.0,3.0,1.0,1.0,1.0,462.0,,,,0.0,1.0,,0,1
82198,SC,MORRO DA FUMAÇA,2.0,1.0,1.0,714.0,357.0,6000.0,3000.0,2.0,1.0,40.0,0.0,0.0,0.0,0.0,,,,0.0,0.0,,-2.0,-1.0,-1.0,-714.0,,,,-2.0,-1.0,,0,1
82210,SC,NAVEGANTES,3.0,1.0,3.0,1810.0,603.3333333333334,23500.0,7833.333333333333,0.0,3.0,6.0,1.0,1.0,1.0,594.0,594.0,15000.0,15000.0,0.0,1.0,16.0,-2.0,0.0,-2.0,-1216.0,-9.333333333333371,-8500.0,7166.666666666667,0.0,-2.0,10.0,1,1
82236,SC,NOVA ERECHIM,1.0,1.0,1.0,349.0,349.0,6000.0,6000.0,0.0,1.0,6.0,0.0,0.0,0.0,0.0,,,,0.0,0.0,,-1.0,-1.0,-1.0,-349.0,,,,0.0,-1.0,,0,1
82279,SC,NOVA VENEZA,2.0,1.0,1.0,733.0,366.5,6000.0,3000.0,2.0,1.0,39.0,1.0,1.0,1.0,373.0,373.0,15000.0,15000.0,0.0,1.0,6.0,-1.0,0.0,0.0,-360.0,6.5,9000.0,12000.0,-2.0,0.0,-33.0,1,1
82333,SC,PALHOÇA,3.0,1.0,3.0,1333.0,444.3333333333333,20800.0,6933.333333333333,2.0,3.0,23.0,3.0,1.0,3.0,1387.0,462.3333333333333,61000.0,20333.333333333332,0.0,3.0,29.0,0.0,0.0,0.0,54.0,18.0,40200.0,13400.0,-2.0,0.0,6.0,1,1
82376,SC,PALMITOS,2.0,1.0,2.0,745.0,372.5,15000.0,7500.0,1.0,2.0,6.0,2.0,1.0,2.0,810.0,405.0,27500.0,13750.0,0.0,2.0,6.0,0.0,0.0,0.0,65.0,32.5,12500.0,6250.0,-1.0,0.0,0.0,1,1
82457,SC,PENHA,0.0,0.0,0.0,0.0,,,,0.0,0.0,,5.0,1.0,3.0,2144.0,428.8,53000.0,10600.0,0.0,5.0,10.0,5.0,1.0,3.0,2144.0,,,,0.0,5.0,,0,1
82511,SC,BALNEÁRIO PIÇARRAS,1.0,1.0,1.0,613.0,613.0,6000.0,6000.0,0.0,1.0,5.0,1.0,1.0,1.0,400.0,400.0,9500.0,9500.0,0.0,1.0,9.0,0.0,0.0,0.0,-213.0,-213.0,3500.0,3500.0,0.0,0.0,4.0,1,1
82538,SC,PINHALZINHO,0.0,0.0,0.0,0.0,,,,0.0,0.0,,1.0,1.0,1.0,400.0,400.0,15500.0,15500.0,0.0,1.0,3.0,1.0,1.0,1.0,400.0,,,,0.0,1.0,,0,1
82554,SC,PINHEIRO PRETO,0.0,0.0,0.0,0.0,,,,0.0,0.0,,1.0,1.0,1.0,340.0,340.0,10000.0,10000.0,0.0,1.0,9.0,1.0,1.0,1.0,340.0,,,,0.0,1.0,,0,1
82570,SC,PIRATUBA,2.0,1.0,2.0,614.0,307.0,17500.0,8750.0,0.0,2.0,10.0,2.0,1.0,2.0,709.0,354.5,30000.0,15000.0,0.0,2.0,8.0,0.0,0.0,0.0,95.0,47.5,12500.0,6250.0,0.0,0.0,-2.0,1,1
82597,SC,POMERODE,2.0,1.0,2.0,1006.0,503.0,23500.0,11750.0,0.0,2.0,16.0,0.0,0.0,0.0,0.0,,,,0.0,0.0,,-2.0,-1.0,-2.0,-1006.0,,,,0.0,-2.0,,0,1
82635,SC,PONTE SERRADA,2.0,1.0,2.0,670.0,335.0,11500.0,5750.0,0.0,2.0,8.0,0.0,0.0,0.0,0.0,,,,0.0,0.0,,-2.0,-1.0,-2.0,-670.0,,,,0.0,-2.0,,0,1
82678,SC,PORTO UNIÃO,2.0,1.0,2.0,728.0,364.0,18500.0,9250.0,0.0,1.0,31.0,0.0,0.0,0.0,0.0,,,,0.0,0.0,,-2.0,-1.0,-2.0,-728.0,,,,0.0,-1.0,,0,1
82694,SC,POUSO REDONDO,2.0,1.0,2.0,713.0,356.5,15500.0,7750.0,0.0,2.0,6.0,0.0,0.0,0.0,0.0,,,,0.0,0.0,,-2.0,-1.0,-2.0,-713.0,,,,0.0,-2.0,,0,1
82716,SC,PRAIA GRANDE,2.0,1.0,2.0,631.0,315.5,9000.0,4500.0,0.0,2.0,15.0,2.0,1.0,2.0,753.0,376.5,13000.0,6500.0,0.0,2.0,9.0,0.0,0.0,0.0,122.0,61.0,4000.0,2000.0,0.0,0.0,-6.0,1,1
82732,SC,PRESIDENTE CASTELO BRANCO,1.0,1.0,1.0,189.0,189.0,3300.0,3300.0,0.0,1.0,12.0,0.0,0.0,0.0,0.0,,,,0.0,0.0,,-1.0,-1.0,-1.0,-189.0,,,,0.0,-1.0,,0,1
82759,SC,PRESIDENTE GETÚLIO,2.0,1.0,2.0,763.0,381.5,17000.0,8500.0,0.0,2.0,7.0,2.0,1.0,2.0,673.0,336.5,25500.0,12750.0,0.0,2.0,9.0,0.0,0.0,0.0,-90.0,-45.0,8500.0,4250.0,0.0,0.0,2.0,1,1
82791,SC,QUILOMBO,2.0,1.0,2.0,626.0,313.0,8000.0,4000.0,1.0,2.0,8.0,2.0,1.0,1.0,1120.0,560.0,20000.0,10000.0,0.0,2.0,12.0,0.0,0.0,-1.0,494.0,247.0,12000.0,6000.0,-1.0,0.0,4.0,1,1
82830,SC,RIO DAS ANTAS,2.0,1.0,2.0,718.0,359.0,10500.0,5250.0,0.0,2.0,4.0,2.0,1.0,2.0,795.0,397.5,19500.0,9750.0,0.0,2.0,12.0,0.0,0.0,0.0,77.0,38.5,9000.0,4500.0,0.0,0.0,8.0,1,1
82856,SC,RIO DO CAMPO,3.0,1.0,2.0,1617.0,539.0,30000.0,10000.0,0.0,3.0,24.0,1.0,1.0,1.0,509.0,509.0,14627.0,14627.0,0.0,1.0,15.0,-2.0,0.0,-1.0,-1108.0,-30.0,-15373.0,4627.0,0.0,-2.0,-9.0,1,1
82872,SC,RIO DO OESTE,1.0,1.0,1.0,361.0,361.0,10000.0,10000.0,1.0,1.0,7.0,2.0,1.0,2.0,500.0,250.0,21500.0,10750.0,1.0,2.0,12.0,1.0,0.0,1.0,139.0,-111.0,11500.0,750.0,0.0,1.0,5.0,1,1
82910,SC,RIO DO SUL,4.0,1.0,3.0,2160.0,540.0,38000.0,9500.0,0.0,4.0,25.0,7.0,1.0,4.0,4581.0,654.4285714285714,114000.0,16285.714285714286,2.0,7.0,24.0,3.0,0.0,1.0,2421.0,114.42857142857144,76000.0,6785.714285714286,2.0,3.0,-1.0,1,1
82953,SC,RIO NEGRINHO,2.0,1.0,2.0,800.0,400.0,16500.0,8250.0,0.0,2.0,17.0,0.0,0.0,0.0,0.0,,,,0.0,0.0,,-2.0,-1.0,-2.0,-800.0,,,,0.0,-2.0,,0,1
82970,SC,RODEIO,0.0,0.0,0.0,0.0,,,,0.0,0.0,,1.0,1.0,1.0,369.0,369.0,10000.0,10000.0,1.0,1.0,9.0,1.0,1.0,1.0,369.0,,,,1.0,1.0,,0,1
82996,SC,ROMELÂNDIA,0.0,0.0,0.0,0.0,,,,0.0,0.0,,1.0,1.0,1.0,400.0,400.0,15500.0,15500.0,0.0,1.0,11.0,1.0,1.0,1.0,400.0,,,,0.0,1.0,,0,1
83054,SC,SANTA CECÍLIA,2.0,1.0,1.0,524.0,262.0,10000.0,5000.0,2.0,2.0,16.0,2.0,1.0,2.0,873.0,436.5,20000.0,10000.0,0.0,2.0,6.0,0.0,0.0,1.0,349.0,174.5,10000.0,5000.0,-2.0,0.0,-10.0,1,1
83097,SC,SANTO AMARO DA IMPERATRIZ,1.0,1.0,1.0,400.0,400.0,3000.0,3000.0,0.0,1.0,8.0,2.0,1.0,2.0,850.0,425.0,32000.0,16000.0,0.0,2.0,9.0,1.0,0.0,1.0,450.0,25.0,29000.0,13000.0,0.0,1.0,1.0,1,1
83119,SC,SÃO BENTO DO SUL,2.0,1.0,2.0,900.0,450.0,22000.0,11000.0,0.0,2.0,18.0,1.0,1.0,1.0,450.0,450.0,13000.0,13000.0,0.0,1.0,18.0,-1.0,0.0,-1.0,-450.0,0.0,-9000.0,2000.0,0.0,-1.0,0.0,1,1
83135,SC,SÃO BONIFÁCIO,0.0,0.0,0.0,0.0,,,,0.0,0.0,,1.0,1.0,1.0,300.0,300.0,15000.0,15000.0,0.0,1.0,5.0,1.0,1.0,1.0,300.0,,,,0.0,1.0,,0,1
83151,SC,SÃO CARLOS,4.0,1.0,3.0,1520.0,380.0,29600.0,7400.0,1.0,4.0,24.0,2.0,1.0,1.0,903.0,451.5,9500.0,4750.0,0.0,1.0,34.0,-2.0,0.0,-2.0,-617.0,71.5,-20100.0,-2650.0,-1.0,-3.0,10.0,1,1
83178,SC,SÃO DOMINGOS,3.0,1.0,3.0,1201.0,400.3333333333333,24000.0,8000.0,1.0,3.0,8.0,2.0,1.0,1.0,700.0,350.0,24000.0,12000.0,0.0,1.0,37.0,-1.0,0.0,-2.0,-501.0,-50.333333333333314,0.0,4000.0,-1.0,-2.0,29.0,1,1
83194,SC,SÃO FRANCISCO DO SUL,3.0,1.0,2.0,1820.0,606.6666666666666,44200.0,14733.333333333334,3.0,3.0,8.0,3.0,1.0,2.0,1800.0,600.0,36000.0,12000.0,1.0,3.0,21.0,0.0,0.0,0.0,-20.0,-6.666666666666629,-8200.0,-2733.333333333334,-2.0,0.0,13.0,1,1
83216,SC,SÃO JOÃO BATISTA,1.0,1.0,1.0,400.0,400.0,8000.0,8000.0,1.0,1.0,4.0,5.0,1.0,5.0,2287.0,457.4,74600.0,14920.0,0.0,5.0,24.0,4.0,0.0,4.0,1887.0,57.39999999999998,66600.0,6920.0,-1.0,4.0,20.0,1,1
83232,SC,SÃO JOÃO DO SUL,1.0,1.0,1.0,362.0,362.0,5000.0,5000.0,0.0,1.0,11.0,1.0,1.0,1.0,250.0,250.0,5000.0,5000.0,0.0,1.0,10.0,0.0,0.0,0.0,-112.0,-112.0,0.0,0.0,0.0,0.0,-1.0,1,1
83275,SC,SÃO JOSÉ,2.0,1.0,2.0,920.0,460.0,21800.0,10900.0,1.0,2.0,24.0,9.0,1.0,5.0,4700.0,522.2222222222222,115000.0,12777.777777777777,7.0,5.0,167.0,7.0,0.0,3.0,3780.0,62.22222222222217,93200.0,1877.7777777777774,6.0,3.0,143.0,1,1
83291,SC,SÃO JOSÉ DO CEDRO,2.0,1.0,2.0,831.0,415.5,11000.0,5500.0,1.0,2.0,3.0,0.0,0.0,0.0,0.0,,,,0.0,0.0,,-2.0,-1.0,-2.0,-831.0,,,,-1.0,-2.0,,0,1
83330,SC,SÃO LOURENÇO DO OESTE,1.0,1.0,1.0,484.0,484.0,7000.0,7000.0,0.0,1.0,5.0,3.0,1.0,3.0,1288.0,429.3333333333333,40300.0,13433.333333333334,0.0,3.0,11.0,2.0,0.0,2.0,804.0,-54.666666666666686,33300.0,6433.333333333334,0.0,2.0,6.0,1,1
83399,SC,SÃO MIGUEL DO OESTE,3.0,1.0,3.0,1300.0,433.3333333333333,25500.0,8500.0,2.0,3.0,11.0,2.0,1.0,2.0,890.0,445.0,27500.0,13750.0,0.0,2.0,15.0,-1.0,0.0,-1.0,-410.0,11.666666666666686,2000.0,5250.0,-2.0,-1.0,4.0,1,1
83410,SC,SAUDADES,3.0,1.0,2.0,1100.0,366.6666666666667,21000.0,7000.0,0.0,3.0,17.0,2.0,1.0,2.0,708.0,354.0,29500.0,14750.0,0.0,2.0,9.0,-1.0,0.0,0.0,-392.0,-12.666666666666686,8500.0,7750.0,0.0,-1.0,-8.0,1,1
83437,SC,SCHROEDER,0.0,0.0,0.0,0.0,,,,0.0,0.0,,1.0,1.0,1.0,350.0,350.0,8000.0,8000.0,1.0,1.0,6.0,1.0,1.0,1.0,350.0,,,,1.0,1.0,,0,1
83470,SC,SIDERÓPOLIS,5.0,1.0,2.0,1882.0,376.4,17000.0,3400.0,4.0,3.0,37.0,1.0,1.0,1.0,373.0,373.0,15000.0,15000.0,0.0,1.0,3.0,-4.0,0.0,-1.0,-1509.0,-3.3999999999999773,-2000.0,11600.0,-4.0,-2.0,-34.0,1,1
83496,SC,SOMBRIO,2.0,1.0,2.0,756.0,378.0,9000.0,4500.0,0.0,2.0,8.0,0.0,0.0,0.0,0.0,,,,0.0,0.0,,-2.0,-1.0,-2.0,-756.0,,,,0.0,-2.0,,0,1
83518,SC,TAIÓ,2.0,1.0,2.0,968.0,484.0,9300.0,4650.0,1.0,2.0,20.0,0.0,0.0,0.0,0.0,,,,0.0,0.0,,-2.0,-1.0,-2.0,-968.0,,,,-1.0,-2.0,,0,1
83534,SC,TANGARÁ,2.0,1.0,2.0,695.0,347.5,13500.0,6750.0,0.0,2.0,6.0,1.0,1.0,1.0,257.0,257.0,18000.0,18000.0,0.0,1.0,6.0,-1.0,0.0,-1.0,-438.0,-90.5,4500.0,11250.0,0.0,-1.0,0.0,1,1
83550,SC,TIJUCAS,3.0,1.0,3.0,1358.0,452.6666666666667,27900.0,9300.0,1.0,3.0,27.0,4.0,1.0,4.0,1840.0,460.0,55800.0,13950.0,0.0,4.0,11.0,1.0,0.0,1.0,482.0,7.333333333333314,27900.0,4650.0,-1.0,1.0,-16.0,1,1
83577,SC,TIMBÓ,0.0,0.0,0.0,0.0,,,,0.0,0.0,,4.0,1.0,3.0,1927.0,481.75,55300.0,13825.0,0.0,4.0,11.0,4.0,1.0,3.0,1927.0,,,,0.0,4.0,,0,1
83593,SC,TRÊS BARRAS,4.0,1.0,3.0,1534.0,383.5,45000.0,11250.0,0.0,4.0,23.0,0.0,0.0,0.0,0.0,,,,0.0,0.0,,-4.0,-1.0,-3.0,-1534.0,,,,0.0,-4.0,,0,1
83631,SC,TREZE TÍLIAS,3.0,1.0,2.0,980.0,326.6666666666667,19500.0,6500.0,2.0,3.0,25.0,3.0,1.0,2.0,1018.0,339.3333333333333,42000.0,14000.0,0.0,3.0,23.0,0.0,0.0,0.0,38.0,12.666666666666629,22500.0,7500.0,-2.0,0.0,-2.0,1,1
83658,SC,TROMBUDO CENTRAL,1.0,1.0,1.0,358.0,358.0,12000.0,12000.0,0.0,1.0,5.0,1.0,1.0,1.0,542.0,542.0,13500.0,13500.0,0.0,1.0,5.0,0.0,0.0,0.0,184.0,184.0,1500.0,1500.0,0.0,0.0,0.0,1,1
83674,SC,TUBARÃO,3.0,1.0,2.0,1398.0,466.0,29000.0,9666.666666666666,0.0,2.0,35.0,1.0,1.0,1.0,406.0,406.0,19000.0,19000.0,0.0,1.0,15.0,-2.0,0.0,-1.0,-992.0,-60.0,-10000.0,9333.333333333334,0.0,-1.0,-20.0,1,1
83690,SC,TURVO,0.0,0.0,0.0,0.0,,,,0.0,0.0,,4.0,1.0,3.0,1410.0,352.5,30000.0,7500.0,1.0,3.0,42.0,4.0,1.0,3.0,1410.0,,,,1.0,3.0,,0,1
83739,SC,URUSSANGA,3.0,1.0,2.0,1128.0,376.0,10000.0,3333.3333333333335,2.0,3.0,19.0,7.0,1.0,4.0,3893.0,556.1428571428571,81500.0,11642.857142857143,0.0,7.0,18.0,4.0,0.0,2.0,2765.0,180.1428571428571,71500.0,8309.52380952381,-2.0,4.0,-1.0,1,1
83755,SC,VARGEÃO,1.0,1.0,1.0,339.0,339.0,2000.0,2000.0,0.0,1.0,10.0,0.0,0.0,0.0,0.0,,,,0.0,0.0,,-1.0,-1.0,-1.0,-339.0,,,,0.0,-1.0,,0,1
83798,SC,VIDEIRA,1.0,1.0,1.0,550.0,550.0,5000.0,5000.0,0.0,1.0,7.0,1.0,1.0,1.0,450.0,450.0,9500.0,9500.0,0.0,1.0,4.0,0.0,0.0,0.0,-100.0,-100.0,4500.0,4500.0,0.0,0.0,-3.0,1,1
83836,SC,XANXERÊ,8.0,1.0,6.0,3591.0,448.875,51500.0,6437.5,1.0,8.0,24.0,2.0,1.0,1.0,981.0,490.5,20000.0,10000.0,0.0,2.0,21.0,-6.0,0.0,-5.0,-2610.0,41.625,-31500.0,3562.5,-1.0,-6.0,-3.0,1,1
83852,SC,XAVANTINA,2.0,1.0,2.0,694.0,347.0,13000.0,6500.0,0.0,2.0,5.0,0.0,0.0,0.0,0.0,,,,0.0,0.0,,-2.0,-1.0,-2.0,-694.0,,,,0.0,-2.0,,0,1
83879,SC,XAXIM,4.0,1.0,3.0,1656.0,414.0,34000.0,8500.0,2.0,4.0,14.0,1.0,1.0,1.0,378.0,378.0,22000.0,22000.0,0.0,1.0,9.0,-3.0,0.0,-2.0,-1278.0,-36.0,-12000.0,13500.0,-2.0,-3.0,-5.0,1,1
83909,SC,BALNEÁRIO RINCÃO,2.0,1.0,1.0,713.0,356.5,4000.0,2000.0,2.0,1.0,33.0,0.0,0.0,0.0,0.0,,,,0.0,0.0,,-2.0,-1.0,-1.0,-713.0,,,,-2.0,-1.0,,0,1
83917,SC,MARACAJÁ,12.0,1.0,3.0,3296.0,274.6666666666667,34000.0,2833.3333333333335,8.0,6.0,123.0,3.0,1.0,3.0,973.0,324.3333333333333,22000.0,7333.333333333333,1.0,2.0,251.0,-9.0,0.0,0.0,-2323.0,49.66666666666663,-12000.0,4500.0,-7.0,-4.0,128.0,1,1
83950,SC,CORREIA PINTO,3.0,1.0,2.0,1186.0,395.3333333333333,20000.0,6666.666666666667,0.0,3.0,4.0,4.0,1.0,3.0,1469.0,367.25,50000.0,12500.0,0.0,4.0,13.0,1.0,0.0,1.0,283.0,-28.083333333333314,30000.0,5833.333333333333,0.0,1.0,9.0,1,1
83976,SC,OTACÍLIO COSTA,2.0,1.0,2.0,774.0,387.0,17400.0,8700.0,0.0,2.0,12.0,2.0,1.0,1.0,746.0,373.0,20000.0,10000.0,0.0,2.0,26.0,0.0,0.0,-1.0,-28.0,-14.0,2600.0,1300.0,0.0,0.0,14.0,1,1
84514,PR,CANTAGALO,0.0,0.0,0.0,0.0,,,,0.0,0.0,,2.0,1.0,2.0,750.0,375.0,18000.0,9000.0,0.0,2.0,8.0,2.0,1.0,2.0,750.0,,,,0.0,2.0,,0,1
84530,PR,TURVO,1.0,1.0,1.0,300.0,300.0,6000.0,6000.0,0.0,1.0,8.0,0.0,0.0,0.0,0.0,,,,0.0,0.0,,-1.0,-1.0,-1.0,-300.0,,,,0.0,-1.0,,0,1
84557,PR,ALTAMIRA DO PARANÁ,3.0,1.0,3.0,850.0,283.3333333333333,15500.0,5166.666666666667,0.0,2.0,37.0,4.0,1.0,3.0,1350.0,337.5,42000.0,10500.0,0.0,3.0,47.0,1.0,0.0,0.0,500.0,54.166666666666686,26500.0,5333.333333333333,0.0,1.0,10.0,1,1
84573,PR,FIGUEIRA,3.0,1.0,3.0,820.0,273.3333333333333,11000.0,3666.6666666666665,1.0,3.0,25.0,0.0,0.0,0.0,0.0,,,,0.0,0.0,,-3.0,-1.0,-3.0,-820.0,,,,-1.0,-3.0,,0,1
84590,PR,LUNARDELLI,1.0,1.0,1.0,250.0,250.0,4000.0,4000.0,0.0,1.0,5.0,0.0,0.0,0.0,0.0,,,,0.0,0.0,,-1.0,-1.0,-1.0,-250.0,,,,0.0,-1.0,,0,1
84611,PR,SARANDI,0.0,0.0,0.0,0.0,,,,0.0,0.0,,3.0,1.0,3.0,1380.0,460.0,29950.0,9983.333333333334,0.0,2.0,153.0,3.0,1.0,3.0,1380.0,,,,0.0,2.0,,0,1
84638,PR,JURANDA,0.0,0.0,0.0,0.0,,,,0.0,0.0,,1.0,1.0,1.0,362.0,362.0,5000.0,5000.0,0.0,0.0,73.0,1.0,1.0,1.0,362.0,,,,0.0,0.0,,0,1
84654,PR,DOURADINA,1.0,1.0,1.0,450.0,450.0,4500.0,4500.0,1.0,0.0,40.0,1.0,1.0,1.0,461.0,461.0,8000.0,8000.0,0.0,1.0,11.0,0.0,0.0,0.0,11.0,11.0,3500.0,3500.0,-1.0,1.0,-29.0,1,1
84670,PR,SANTA TEREZINHA DE ITAIPU,2.0,1.0,1.0,660.0,330.0,18000.0,9000.0,1.0,2.0,26.0,6.0,1.0,3.0,2300.0,383.3333333333333,74300.0,12383.333333333334,0.0,6.0,28.0,4.0,0.0,2.0,1640.0,53.333333333333314,56300.0,3383.333333333334,-1.0,4.0,2.0,1,1
84697,PR,MISSAL,5.0,1.0,4.0,1591.0,318.2,30100.0,6020.0,0.0,5.0,19.0,4.0,1.0,4.0,1707.0,426.75,39200.0,9800.0,1.0,3.0,93.0,-1.0,0.0,0.0,116.0,108.55000000000001,9100.0,3780.0,1.0,-2.0,74.0,1,1
84719,PR,SÃO JOSÉ DAS PALMEIRAS,0.0,0.0,0.0,0.0,,,,0.0,0.0,,1.0,1.0,1.0,300.0,300.0,9000.0,9000.0,0.0,1.0,13.0,1.0,1.0,1.0,300.0,,,,0.0,1.0,,0,1
84816,RS,NOVA HARTZ,1.0,1.0,1.0,500.0,500.0,6000.0,6000.0,0.0,1.0,8.0,1.0,1.0,1.0,400.0,400.0,10000.0,10000.0,0.0,1.0,8.0,0.0,0.0,0.0,-100.0,-100.0,4000.0,4000.0,0.0,0.0,0.0,1,1
84859,RS,SÃO JOÃO DA URTIGA,0.0,0.0,0.0,0.0,,,,0.0,0.0,,1.0,1.0,1.0,350.0,350.0,4000.0,4000.0,1.0,0.0,35.0,1.0,1.0,1.0,350.0,,,,1.0,0.0,,0,1
84891,RS,CAPELA DE SANTANA,1.0,1.0,1.0,400.0,400.0,7500.0,7500.0,0.0,1.0,20.0,0.0,0.0,0.0,0.0,,,,0.0,0.0,,-1.0,-1.0,-1.0,-400.0,,,,0.0,-1.0,,0,1
85006,RS,TRINDADE DO SUL,2.0,1.0,2.0,725.0,362.5,12500.0,6250.0,0.0,2.0,11.0,0.0,0.0,0.0,0.0,,,,0.0,0.0,,-2.0,-1.0,-2.0,-725.0,,,,0.0,-2.0,,0,1
85073,RS,ALEGRETE,2.0,1.0,2.0,1194.0,597.0,25000.0,12500.0,0.0,1.0,170.0,1.0,1.0,1.0,400.0,400.0,15000.0,15000.0,0.0,1.0,5.0,-1.0,0.0,-1.0,-794.0,-197.0,-10000.0,2500.0,0.0,0.0,-165.0,1,1
85090,RS,ALPESTRE,2.0,1.0,2.0,795.0,397.5,21500.0,10750.0,0.0,2.0,11.0,1.0,1.0,1.0,400.0,400.0,20000.0,20000.0,0.0,1.0,5.0,-1.0,0.0,-1.0,-395.0,2.5,-1500.0,9250.0,0.0,-1.0,-6.0,1,1
85111,RS,ALVORADA,3.0,1.0,2.0,7843.0,2614.3333333333335,17600.0,5866.666666666667,2.0,0.0,61.0,2.0,1.0,2.0,1025.0,512.5,19000.0,9500.0,1.0,2.0,17.0,-1.0,0.0,0.0,-6818.0,-2101.8333333333335,1400.0,3633.333333333333,-1.0,2.0,-44.0,1,1
85154,RS,ANTÔNIO PRADO,1.0,1.0,1.0,400.0,400.0,3300.0,3300.0,0.0,1.0,4.0,0.0,0.0,0.0,0.0,,,,0.0,0.0,,-1.0,-1.0,-1.0,-400.0,,,,0.0,-1.0,,0,1
85162,RS,TERRA DE AREIA,0.0,0.0,0.0,0.0,,,,0.0,0.0,,1.0,1.0,1.0,450.0,450.0,3500.0,3500.0,0.0,1.0,3.0,1.0,1.0,1.0,450.0,,,,0.0,1.0,,0,1
85197,RS,ARROIO DO MEIO,3.0,1.0,2.0,1100.0,366.6666666666667,20500.0,6833.333333333333,0.0,3.0,19.0,3.0,1.0,2.0,950.0,316.6666666666667,38000.0,12666.666666666666,0.0,2.0,47.0,0.0,0.0,0.0,-150.0,-50.0,17500.0,5833.333333333333,0.0,-1.0,28.0,1,1
85251,RS,ARROIO GRANDE,0.0,0.0,0.0,0.0,,,,0.0,0.0,,1.0,1.0,1.0,400.0,400.0,12500.0,12500.0,0.0,1.0,30.0,1.0,1.0,1.0,400.0,,,,0.0,1.0,,0,1
85260,RS,LAGOÃO,0.0,0.0,0.0,0.0,,,,0.0,0.0,,1.0,1.0,1.0,500.0,500.0,7632.0,7632.0,0.0,1.0,11.0,1.0,1.0,1.0,500.0,,,,0.0,1.0,,0,1
85278,RS,ARVOREZINHA,1.0,1.0,1.0,370.0,370.0,8500.0,8500.0,0.0,1.0,9.0,2.0,1.0,2.0,719.0,359.5,23000.0,11500.0,0.0,2.0,7.0,1.0,0.0,1.0,349.0,-10.5,14500.0,3000.0,0.0,1.0,-2.0,1,1
85308,RS,ARROIO DO SAL,1.0,1.0,1.0,400.0,400.0,9600.0,9600.0,0.0,1.0,11.0,0.0,0.0,0.0,0.0,,,,0.0,0.0,,-1.0,-1.0,-1.0,-400.0,,,,0.0,-1.0,,0,1
85316,RS,BAGÉ,1.0,1.0,1.0,400.0,400.0,15000.0,15000.0,0.0,1.0,16.0,2.0,1.0,2.0,1000.0,500.0,22000.0,11000.0,0.0,2.0,8.0,1.0,0.0,1.0,600.0,100.0,7000.0,-4000.0,0.0,1.0,-8.0,1,1
85413,RS,BENTO GONÇALVES,1.0,1.0,1.0,475.0,475.0,4000.0,4000.0,0.0,1.0,8.0,1.0,1.0,1.0,625.0,625.0,15000.0,15000.0,0.0,1.0,7.0,0.0,0.0,0.0,150.0,150.0,11000.0,11000.0,0.0,0.0,-1.0,1,1
85472,RS,BOM RETIRO DO SUL,1.0,1.0,1.0,400.0,400.0,7000.0,7000.0,0.0,1.0,10.0,1.0,1.0,1.0,370.0,370.0,14000.0,14000.0,0.0,1.0,12.0,0.0,0.0,0.0,-30.0,-30.0,7000.0,7000.0,0.0,0.0,2.0,1,1
85502,RS,GLORINHA,4.0,1.0,3.0,1506.0,376.5,26000.0,6500.0,0.0,3.0,36.0,1.0,1.0,1.0,400.0,400.0,7000.0,7000.0,0.0,1.0,18.0,-3.0,0.0,-2.0,-1106.0,23.5,-19000.0,500.0,0.0,-2.0,-18.0,1,1
85537,RS,BUTIÁ,1.0,1.0,1.0,380.0,380.0,7000.0,7000.0,0.0,1.0,11.0,0.0,0.0,0.0,0.0,,,,0.0,0.0,,-1.0,-1.0,-1.0,-380.0,,,,0.0,-1.0,,0,1
85553,RS,CAÇAPAVA DO SUL,3.0,1.0,3.0,1312.0,437.3333333333333,34000.0,11333.333333333334,0.0,3.0,18.0,2.0,1.0,2.0,800.0,400.0,30000.0,15000.0,0.0,2.0,13.0,-1.0,0.0,-1.0,-512.0,-37.333333333333314,-4000.0,3666.666666666666,0.0,-1.0,-5.0,1,1
85596,RS,CACHOEIRA DO SUL,10.0,1.0,3.0,4084.0,408.4,32000.0,3200.0,0.0,4.0,128.0,6.0,1.0,2.0,2328.0,388.0,18950.0,3158.3333333333335,0.0,1.0,187.0,-4.0,0.0,-1.0,-1756.0,-20.399999999999977,-13050.0,-41.666666666666515,0.0,-3.0,59.0,1,1
85618,RS,CACHOEIRINHA,2.0,1.0,2.0,1050.0,525.0,23000.0,11500.0,1.0,1.0,5.0,3.0,1.0,3.0,1804.0,601.3333333333334,56478.0,18826.0,3.0,2.0,11.0,1.0,0.0,1.0,754.0,76.33333333333337,33478.0,7326.0,2.0,1.0,6.0,1,1
85677,RS,CAIÇARA,2.0,1.0,2.0,732.0,366.0,18000.0,9000.0,0.0,2.0,7.0,1.0,1.0,1.0,300.0,300.0,15500.0,15500.0,0.0,1.0,2.0,-1.0,0.0,-1.0,-432.0,-66.0,-2500.0,6500.0,0.0,-1.0,-5.0,1,1
85685,RS,IMBÉ,0.0,0.0,0.0,0.0,,,,0.0,0.0,,2.0,1.0,2.0,806.0,403.0,23000.0,11500.0,0.0,2.0,17.0,2.0,1.0,2.0,806.0,,,,0.0,2.0,,0,1
85693,RS,CAMAQUÃ,1.0,1.0,1.0,500.0,500.0,5000.0,5000.0,0.0,1.0,9.0,1.0,1.0,1.0,500.0,500.0,10000.0,10000.0,0.0,1.0,17.0,0.0,0.0,0.0,0.0,0.0,5000.0,5000.0,0.0,0.0,8.0,1,1
85723,RS,TUPANDI,1.0,1.0,1.0,300.0,300.0,5000.0,5000.0,0.0,1.0,7.0,0.0,0.0,0.0,0.0,,,,0.0,0.0,,-1.0,-1.0,-1.0,-300.0,,,,0.0,-1.0,,0,1
85758,RS,CAMPINAS DO SUL,0.0,0.0,0.0,0.0,,,,0.0,0.0,,1.0,1.0,1.0,400.0,400.0,2500.0,2500.0,1.0,0.0,196.0,1.0,1.0,1.0,400.0,,,,1.0,0.0,,0,1
85774,RS,CAMPO BOM,1.0,1.0,1.0,400.0,400.0,15000.0,15000.0,0.0,1.0,5.0,2.0,1.0,2.0,800.0,400.0,31000.0,15500.0,0.0,2.0,16.0,1.0,0.0,1.0,400.0,0.0,16000.0,500.0,0.0,1.0,11.0,1,1
85847,RS,VISTA GAÚCHA,1.0,1.0,1.0,335.0,335.0,7500.0,7500.0,0.0,1.0,12.0,0.0,0.0,0.0,0.0,,,,0.0,0.0,,-1.0,-1.0,-1.0,-335.0,,,,0.0,-1.0,,0,1
85855,RS,CANELA,0.0,0.0,0.0,0.0,,,,0.0,0.0,,2.0,1.0,1.0,700.0,350.0,28000.0,14000.0,0.0,2.0,19.0,2.0,1.0,1.0,700.0,,,,0.0,2.0,,0,1
85898,RS,CANOAS,11.0,1.0,5.0,8650.0,786.3636363636364,138500.0,12590.90909090909,5.0,4.0,65.0,12.0,1.0,6.0,9035.0,752.9166666666666,371157.0,30929.75,2.0,7.0,49.0,1.0,0.0,1.0,385.0,-33.446969696969745,232657.0,18338.84090909091,-3.0,3.0,-16.0,1,1
85910,RS,CARAZINHO,2.0,1.0,2.0,904.0,452.0,24500.0,12250.0,0.0,2.0,17.0,4.0,1.0,3.0,1832.0,458.0,74000.0,18500.0,0.0,4.0,25.0,2.0,0.0,1.0,928.0,6.0,49500.0,6250.0,0.0,2.0,8.0,1,1
85995,RS,CAXIAS DO SUL,2.0,1.0,1.0,1230.0,615.0,12000.0,6000.0,2.0,1.0,50.0,4.0,1.0,3.0,2920.0,730.0,117314.0,29328.5,4.0,3.0,15.0,2.0,0.0,2.0,1690.0,115.0,105314.0,23328.5,2.0,2.0,-35.0,1,1
86142,RS,TRÊS PALMEIRAS,1.0,1.0,1.0,350.0,350.0,5500.0,5500.0,0.0,1.0,8.0,2.0,1.0,2.0,704.0,352.0,18000.0,9000.0,0.0,2.0,5.0,1.0,0.0,1.0,354.0,2.0,12500.0,3500.0,0.0,1.0,-3.0,1,1
86215,RS,CRUZEIRO DO SUL,1.0,1.0,1.0,500.0,500.0,10200.0,10200.0,0.0,1.0,10.0,0.0,0.0,0.0,0.0,,,,0.0,0.0,,-1.0,-1.0,-1.0,-500.0,,,,0.0,-1.0,,0,1
86240,RS,ELDORADO DO SUL,0.0,0.0,0.0,0.0,,,,0.0,0.0,,1.0,1.0,1.0,600.0,600.0,8500.0,8500.0,0.0,1.0,14.0,1.0,1.0,1.0,600.0,,,,0.0,1.0,,0,1
86258,RS,DOIS IRMÃOS,1.0,1.0,1.0,400.0,400.0,8900.0,8900.0,0.0,1.0,10.0,1.0,1.0,1.0,411.0,411.0,5000.0,5000.0,0.0,1.0,12.0,0.0,0.0,0.0,11.0,11.0,-3900.0,-3900.0,0.0,0.0,2.0,1,1
86274,RS,DOM FELICIANO,2.0,1.0,2.0,819.0,409.5,14500.0,7250.0,0.0,2.0,5.0,1.0,1.0,1.0,400.0,400.0,9000.0,9000.0,0.0,1.0,10.0,-1.0,0.0,-1.0,-419.0,-9.5,-5500.0,1750.0,0.0,-1.0,5.0,1,1
86282,RS,ALTO FELIZ,1.0,1.0,1.0,300.0,300.0,10000.0,10000.0,0.0,1.0,7.0,0.0,0.0,0.0,0.0,,,,0.0,0.0,,-1.0,-1.0,-1.0,-300.0,,,,0.0,-1.0,,0,1
86290,RS,DOM PEDRITO,1.0,1.0,1.0,379.0,379.0,11000.0,11000.0,0.0,1.0,9.0,0.0,0.0,0.0,0.0,,,,0.0,0.0,,-1.0,-1.0,-1.0,-379.0,,,,0.0,-1.0,,0,1
86304,RS,AMETISTA DO SUL,2.0,1.0,2.0,801.0,400.5,7500.0,3750.0,0.0,2.0,13.0,1.0,1.0,1.0,362.0,362.0,5000.0,5000.0,0.0,1.0,9.0,-1.0,0.0,-1.0,-439.0,-38.5,-2500.0,1250.0,0.0,-1.0,-4.0,1,1
86339,RS,ENCANTADO,1.0,1.0,1.0,300.0,300.0,6000.0,6000.0,0.0,1.0,26.0,2.0,1.0,1.0,600.0,300.0,28000.0,14000.0,0.0,1.0,33.0,1.0,0.0,0.0,300.0,0.0,22000.0,8000.0,0.0,0.0,7.0,1,1
86355,RS,ENCRUZILHADA DO SUL,3.0,1.0,2.0,1160.0,386.6666666666667,21500.0,7166.666666666667,0.0,3.0,15.0,0.0,0.0,0.0,0.0,,,,0.0,0.0,,-3.0,-1.0,-2.0,-1160.0,,,,0.0,-3.0,,0,1
86371,RS,ERECHIM,2.0,1.0,2.0,1200.0,600.0,24000.0,12000.0,0.0,1.0,35.0,1.0,1.0,1.0,600.0,600.0,18000.0,18000.0,0.0,1.0,15.0,-1.0,0.0,-1.0,-600.0,0.0,-6000.0,6000.0,0.0,0.0,-20.0,1,1
86479,RS,ESPUMOSO,0.0,0.0,0.0,0.0,,,,0.0,0.0,,1.0,1.0,1.0,400.0,400.0,8000.0,8000.0,0.0,1.0,26.0,1.0,1.0,1.0,400.0,,,,0.0,1.0,,0,1
86495,RS,ESTÂNCIA VELHA,1.0,1.0,1.0,500.0,500.0,10000.0,10000.0,1.0,1.0,10.0,1.0,1.0,1.0,300.0,300.0,12000.0,12000.0,0.0,1.0,6.0,0.0,0.0,0.0,-200.0,-200.0,2000.0,2000.0,-1.0,0.0,-4.0,1,1
86517,RS,ESTEIO,1.0,1.0,1.0,800.0,800.0,8000.0,8000.0,0.0,1.0,8.0,2.0,1.0,1.0,800.0,400.0,38000.0,19000.0,0.0,2.0,12.0,1.0,0.0,0.0,0.0,-400.0,30000.0,11000.0,0.0,1.0,4.0,1,1
86533,RS,ESTRELA,6.0,1.0,3.0,2500.0,416.6666666666667,43000.0,7166.666666666667,0.0,4.0,50.0,6.0,1.0,4.0,2404.0,400.6666666666667,78000.0,13000.0,0.0,6.0,29.0,0.0,0.0,1.0,-96.0,-16.0,35000.0,5833.333333333333,0.0,2.0,-21.0,1,1
86550,RS,FARROUPILHA,4.0,1.0,3.0,1864.0,466.0,36100.0,9025.0,1.0,3.0,47.0,3.0,1.0,3.0,1429.0,476.3333333333333,28000.0,9333.333333333334,0.0,2.0,32.0,-1.0,0.0,0.0,-435.0,10.333333333333314,-8100.0,308.33333333333394,-1.0,-1.0,-15.0,1,1
86592,RS,FELIZ,1.0,1.0,1.0,400.0,400.0,5500.0,5500.0,0.0,1.0,11.0,0.0,0.0,0.0,0.0,,,,0.0,0.0,,-1.0,-1.0,-1.0,-400.0,,,,0.0,-1.0,,0,1
86681,RS,DOIS IRMÃOS DAS MISSÕES,1.0,1.0,1.0,248.0,248.0,5000.0,5000.0,0.0,1.0,2.0,0.0,0.0,0.0,0.0,,,,0.0,0.0,,-1.0,-1.0,-1.0,-248.0,,,,0.0,-1.0,,0,1
86690,RS,GARIBALDI,3.0,1.0,2.0,1275.0,425.0,16500.0,5500.0,1.0,3.0,12.0,2.0,1.0,2.0,779.0,389.5,35000.0,17500.0,0.0,2.0,8.0,-1.0,0.0,0.0,-496.0,-35.5,18500.0,12000.0,-1.0,-1.0,-4.0,1,1
86789,RS,GRAMADO XAVIER,0.0,0.0,0.0,0.0,,,,0.0,0.0,,1.0,1.0,1.0,800.0,800.0,16000.0,16000.0,0.0,1.0,7.0,1.0,1.0,1.0,800.0,,,,0.0,1.0,,0,1
86797,RS,GIRUÁ,0.0,0.0,0.0,0.0,,,,0.0,0.0,,1.0,1.0,1.0,400.0,400.0,10000.0,10000.0,0.0,1.0,3.0,1.0,1.0,1.0,400.0,,,,0.0,1.0,,0,1
86819,RS,GRAMADO,1.0,1.0,1.0,480.0,480.0,7000.0,7000.0,1.0,0.0,57.0,1.0,1.0,1.0,600.0,600.0,6500.0,6500.0,0.0,1.0,11.0,0.0,0.0,0.0,120.0,120.0,-500.0,-500.0,-1.0,1.0,-46.0,1,1
86835,RS,GRAVATAÍ,8.0,1.0,2.0,4600.0,575.0,153800.0,19225.0,3.0,7.0,82.0,3.0,1.0,2.0,1800.0,600.0,60500.0,20166.666666666668,1.0,2.0,38.0,-5.0,0.0,0.0,-2800.0,25.0,-93300.0,941.6666666666679,-2.0,-5.0,-44.0,1,1
86851,RS,GUAÍBA,1.0,1.0,1.0,613.0,613.0,9900.0,9900.0,1.0,1.0,19.0,0.0,0.0,0.0,0.0,,,,0.0,0.0,,-1.0,-1.0,-1.0,-613.0,,,,-1.0,-1.0,,0,1
86878,RS,GUAPORÉ,3.0,1.0,2.0,1470.0,490.0,25000.0,8333.333333333334,0.0,2.0,54.0,1.0,1.0,1.0,400.0,400.0,10000.0,10000.0,0.0,1.0,10.0,-2.0,0.0,-1.0,-1070.0,-90.0,-15000.0,1666.666666666666,0.0,-1.0,-44.0,1,1
86932,RS,CHARQUEADAS,1.0,1.0,1.0,475.0,475.0,4000.0,4000.0,0.0,1.0,13.0,0.0,0.0,0.0,0.0,,,,0.0,0.0,,-1.0,-1.0,-1.0,-475.0,,,,0.0,-1.0,,0,1
86967,RS,MAQUINÉ,1.0,1.0,1.0,600.0,600.0,1500.0,1500.0,0.0,1.0,8.0,1.0,1.0,1.0,350.0,350.0,3000.0,3000.0,1.0,1.0,12.0,0.0,0.0,0.0,-250.0,-250.0,1500.0,1500.0,1.0,0.0,4.0,1,1
86983,RS,MARATÁ,2.0,1.0,2.0,520.0,260.0,11000.0,5500.0,0.0,2.0,8.0,2.0,1.0,2.0,400.0,200.0,17000.0,8500.0,0.0,2.0,14.0,0.0,0.0,0.0,-120.0,-60.0,6000.0,3000.0,0.0,0.0,6.0,1,1
87017,RS,IBIRUBÁ,0.0,0.0,0.0,0.0,,,,0.0,0.0,,1.0,1.0,1.0,376.0,376.0,8000.0,8000.0,0.0,1.0,6.0,1.0,1.0,1.0,376.0,,,,0.0,1.0,,0,1
87033,RS,IGREJINHA,2.0,1.0,2.0,880.0,440.0,18000.0,9000.0,1.0,2.0,29.0,2.0,1.0,2.0,720.0,360.0,25000.0,12500.0,0.0,2.0,14.0,0.0,0.0,0.0,-160.0,-80.0,7000.0,3500.0,-1.0,0.0,-15.0,1,1
87114,RS,IRAÍ,1.0,1.0,1.0,360.0,360.0,5000.0,5000.0,1.0,1.0,7.0,0.0,0.0,0.0,0.0,,,,0.0,0.0,,-1.0,-1.0,-1.0,-360.0,,,,-1.0,-1.0,,0,1
87149,RS,MORRO REUTER,0.0,0.0,0.0,0.0,,,,0.0,0.0,,1.0,1.0,1.0,400.0,400.0,15000.0,15000.0,0.0,1.0,13.0,1.0,1.0,1.0,400.0,,,,0.0,1.0,,0,1
87173,RS,IVOTI,0.0,0.0,0.0,0.0,,,,0.0,0.0,,1.0,1.0,1.0,360.0,360.0,6000.0,6000.0,0.0,1.0,8.0,1.0,1.0,1.0,360.0,,,,0.0,1.0,,0,1
87211,RS,JAGUARÃO,1.0,1.0,1.0,600.0,600.0,8000.0,8000.0,0.0,1.0,6.0,1.0,1.0,1.0,600.0,600.0,9500.0,9500.0,0.0,1.0,7.0,0.0,0.0,0.0,0.0,0.0,1500.0,1500.0,0.0,0.0,1.0,1,1
87238,RS,JAGUARI,1.0,1.0,1.0,369.0,369.0,6000.0,6000.0,0.0,1.0,11.0,2.0,1.0,2.0,520.0,260.0,33000.0,16500.0,0.0,2.0,8.0,1.0,0.0,1.0,151.0,-109.0,27000.0,10500.0,0.0,1.0,-3.0,1,1
87246,RS,NOVA SANTA RITA,2.0,1.0,1.0,760.0,380.0,15000.0,7500.0,0.0,2.0,25.0,0.0,0.0,0.0,0.0,,,,0.0,0.0,,-2.0,-1.0,-1.0,-760.0,,,,0.0,-2.0,,0,1
87297,RS,LAJEADO,5.0,1.0,2.0,1938.0,387.6,27600.0,5520.0,0.0,4.0,55.0,3.0,1.0,1.0,1200.0,400.0,42000.0,14000.0,0.0,2.0,53.0,-2.0,0.0,-1.0,-738.0,12.399999999999977,14400.0,8480.0,0.0,-2.0,-2.0,1,1
87343,RS,PASSO DO SOBRADO,5.0,1.0,1.0,2086.0,417.2,55600.0,11120.0,1.0,3.0,134.0,2.0,1.0,1.0,827.0,413.5,24000.0,12000.0,0.0,1.0,58.0,-3.0,0.0,0.0,-1259.0,-3.6999999999999886,-31600.0,880.0,-1.0,-2.0,-76.0,1,1
87351,RS,MACHADINHO,0.0,0.0,0.0,0.0,,,,0.0,0.0,,1.0,1.0,1.0,357.0,357.0,5800.0,5800.0,0.0,1.0,6.0,1.0,1.0,1.0,357.0,,,,0.0,1.0,,0,1
87378,RS,MARAU,1.0,1.0,1.0,400.0,400.0,6000.0,6000.0,0.0,1.0,9.0,0.0,0.0,0.0,0.0,,,,0.0,0.0,,-1.0,-1.0,-1.0,-400.0,,,,0.0,-1.0,,0,1
87408,RS,PINHEIRINHO DO VALE,1.0,1.0,1.0,330.0,330.0,10000.0,10000.0,1.0,1.0,8.0,0.0,0.0,0.0,0.0,,,,0.0,0.0,,-1.0,-1.0,-1.0,-330.0,,,,-1.0,-1.0,,0,1
87513,RS,MOSTARDAS,1.0,1.0,1.0,300.0,300.0,12000.0,12000.0,0.0,1.0,5.0,1.0,1.0,1.0,2600.0,2600.0,20000.0,20000.0,0.0,1.0,6.0,0.0,0.0,0.0,2300.0,2300.0,8000.0,8000.0,0.0,0.0,1.0,1,1
87530,RS,MUÇUM,1.0,1.0,1.0,237.0,237.0,6500.0,6500.0,0.0,1.0,6.0,0.0,0.0,0.0,0.0,,,,0.0,0.0,,-1.0,-1.0,-1.0,-237.0,,,,0.0,-1.0,,0,1
87556,RS,NÃO-ME-TOQUE,1.0,1.0,1.0,480.0,480.0,5000.0,5000.0,0.0,1.0,8.0,1.0,1.0,1.0,374.0,374.0,8000.0,8000.0,0.0,1.0,5.0,0.0,0.0,0.0,-106.0,-106.0,3000.0,3000.0,0.0,0.0,-3.0,1,1
87670,RS,NOVA PETRÓPOLIS,0.0,0.0,0.0,0.0,,,,0.0,0.0,,2.0,1.0,2.0,1000.0,500.0,21000.0,10500.0,0.0,2.0,13.0,2.0,1.0,2.0,1000.0,,,,0.0,2.0,,0,1
87718,RS,NOVO HAMBURGO,6.0,1.0,3.0,3550.0,591.6666666666666,62000.0,10333.333333333334,4.0,4.0,50.0,6.0,1.0,3.0,3500.0,583.3333333333334,150500.0,25083.333333333332,1.0,6.0,24.0,0.0,0.0,0.0,-50.0,-8.333333333333258,88500.0,14749.999999999998,-3.0,2.0,-26.0,1,1
87726,RS,SÃO JOSÉ DOS AUSENTES,0.0,0.0,0.0,0.0,,,,0.0,0.0,,1.0,1.0,1.0,250.0,250.0,10700.0,10700.0,0.0,1.0,18.0,1.0,1.0,1.0,250.0,,,,0.0,1.0,,0,1
87734,RS,OSÓRIO,2.0,1.0,2.0,800.0,400.0,33000.0,16500.0,0.0,2.0,8.0,0.0,0.0,0.0,0.0,,,,0.0,0.0,,-2.0,-1.0,-2.0,-800.0,,,,0.0,-2.0,,0,1
87777,RS,PALMEIRA DAS MISSÕES,3.0,1.0,2.0,1255.0,418.3333333333333,30000.0,10000.0,0.0,2.0,31.0,2.0,1.0,2.0,865.0,432.5,28000.0,14000.0,0.0,2.0,4.0,-1.0,0.0,0.0,-390.0,14.166666666666686,-2000.0,4000.0,0.0,0.0,-27.0,1,1
87807,RS,SÃO PEDRO DA SERRA,1.0,1.0,1.0,350.0,350.0,5300.0,5300.0,0.0,1.0,8.0,0.0,0.0,0.0,0.0,,,,0.0,0.0,,-1.0,-1.0,-1.0,-350.0,,,,0.0,-1.0,,0,1
87815,RS,PANAMBI,1.0,1.0,1.0,330.0,330.0,9000.0,9000.0,0.0,1.0,8.0,3.0,1.0,3.0,1351.0,450.3333333333333,50600.0,16866.666666666668,0.0,3.0,9.0,2.0,0.0,2.0,1021.0,120.33333333333331,41600.0,7866.666666666668,0.0,2.0,1.0,1,1
87858,RS,PASSO FUNDO,3.0,1.0,3.0,1600.0,533.3333333333334,49000.0,16333.333333333334,1.0,2.0,50.0,0.0,0.0,0.0,0.0,,,,0.0,0.0,,-3.0,-1.0,-3.0,-1600.0,,,,-1.0,-2.0,,0,1
87882,RS,SENTINELA DO SUL,0.0,0.0,0.0,0.0,,,,0.0,0.0,,1.0,1.0,1.0,300.0,300.0,12000.0,12000.0,0.0,1.0,16.0,1.0,1.0,1.0,300.0,,,,0.0,1.0,,0,1
87912,RS,PELOTAS,1.0,1.0,1.0,650.0,650.0,7000.0,7000.0,1.0,0.0,56.0,9.0,1.0,4.0,7455.0,828.3333333333334,187971.0,20885.666666666668,3.0,4.0,13.0,8.0,0.0,3.0,6805.0,178.33333333333337,180971.0,13885.666666666668,2.0,4.0,-43.0,1,1
87947,RS,SINIMBU,1.0,1.0,1.0,350.0,350.0,15000.0,15000.0,0.0,1.0,9.0,1.0,1.0,1.0,300.0,300.0,13000.0,13000.0,0.0,1.0,6.0,0.0,0.0,0.0,-50.0,-50.0,-2000.0,-2000.0,0.0,0.0,-3.0,1,1
87971,RS,PLANALTO,2.0,1.0,2.0,768.0,384.0,17300.0,8650.0,0.0,2.0,8.0,0.0,0.0,0.0,0.0,,,,0.0,0.0,,-2.0,-1.0,-2.0,-768.0,,,,0.0,-2.0,,0,1
88013,RS,PORTO ALEGRE,31.0,1.0,7.0,29653.0,956.5483870967741,717902.1499999999,23158.13387096774,23.0,17.0,145.0,41.0,1.0,11.0,44496.0,1085.2682926829268,1698438.4,41425.32682926829,29.0,16.0,190.0,10.0,0.0,4.0,14843.0,128.71990558615266,980536.25,18267.19295830055,6.0,-1.0,45.0,1,1
88099,RS,QUARAÍ,1.0,1.0,1.0,385.0,385.0,6500.0,6500.0,1.0,1.0,19.0,3.0,1.0,2.0,1250.0,416.6666666666667,28000.0,9333.333333333334,2.0,3.0,11.0,2.0,0.0,1.0,865.0,31.666666666666686,21500.0,2833.333333333334,1.0,2.0,-8.0,1,1
88153,RS,RIO GRANDE,2.0,1.0,1.0,1400.0,700.0,30000.0,15000.0,0.0,2.0,14.0,0.0,0.0,0.0,0.0,,,,0.0,0.0,,-2.0,-1.0,-1.0,-1400.0,,,,0.0,-2.0,,0,1
88170,RS,RIO PARDO,1.0,1.0,1.0,457.0,457.0,2850.0,2850.0,0.0,1.0,17.0,0.0,0.0,0.0,0.0,,,,0.0,0.0,,-1.0,-1.0,-1.0,-457.0,,,,0.0,-1.0,,0,1
88196,RS,ROCA SALES,0.0,0.0,0.0,0.0,,,,0.0,0.0,,1.0,1.0,1.0,392.0,392.0,11000.0,11000.0,0.0,1.0,27.0,1.0,1.0,1.0,392.0,,,,0.0,1.0,,0,1
88250,RS,RONDA ALTA,2.0,1.0,2.0,731.0,365.5,7500.0,3750.0,1.0,2.0,15.0,0.0,0.0,0.0,0.0,,,,0.0,0.0,,-2.0,-1.0,-2.0,-731.0,,,,-1.0,-2.0,,0,1
88331,RS,SALVADOR DO SUL,1.0,1.0,1.0,405.0,405.0,5200.0,5200.0,0.0,1.0,9.0,1.0,1.0,1.0,220.0,220.0,15000.0,15000.0,0.0,1.0,17.0,0.0,0.0,0.0,-185.0,-185.0,9800.0,9800.0,0.0,0.0,8.0,1,1
88374,RS,SANTA BÁRBARA DO SUL,3.0,1.0,1.0,1092.0,364.0,21000.0,7000.0,0.0,2.0,47.0,2.0,1.0,1.0,701.0,350.5,24300.0,12150.0,0.0,2.0,26.0,-1.0,0.0,0.0,-391.0,-13.5,3300.0,5150.0,0.0,0.0,-21.0,1,1
88390,RS,SANTA CRUZ DO SUL,5.0,1.0,3.0,2000.0,400.0,65920.0,13184.0,0.0,3.0,45.0,3.0,1.0,2.0,1804.0,601.3333333333334,51978.0,17326.0,1.0,3.0,24.0,-2.0,0.0,-1.0,-196.0,201.33333333333337,-13942.0,4142.0,1.0,0.0,-21.0,1,1
88412,RS,SANTA MARIA,5.0,1.0,5.0,2834.0,566.8,60000.009999999995,12000.001999999999,3.0,2.0,50.0,6.0,1.0,4.0,3920.0,653.3333333333334,179314.0,29885.666666666668,5.0,4.0,8.0,1.0,0.0,-1.0,1086.0,86.53333333333342,119313.99,17885.66466666667,2.0,2.0,-42.0,1,1
88455,RS,SANTANA DO LIVRAMENTO,1.0,1.0,1.0,600.0,600.0,12650.0,12650.0,0.0,1.0,4.0,1.0,1.0,1.0,500.0,500.0,20000.0,20000.0,0.0,1.0,4.0,0.0,0.0,0.0,-100.0,-100.0,7350.0,7350.0,0.0,0.0,0.0,1,1
88471,RS,SANTA ROSA,2.0,1.0,2.0,1048.0,524.0,22000.0,11000.0,0.0,2.0,16.0,1.0,1.0,1.0,300.0,300.0,30000.0,30000.0,0.0,1.0,16.0,-1.0,0.0,-1.0,-748.0,-224.0,8000.0,19000.0,0.0,-1.0,0.0,1,1
88501,RS,TURUÇU,1.0,1.0,1.0,345.0,345.0,10000.0,10000.0,0.0,1.0,7.0,0.0,0.0,0.0,0.0,,,,0.0,0.0,,-1.0,-1.0,-1.0,-345.0,,,,0.0,-1.0,,0,1
88510,RS,SANTIAGO,1.0,1.0,1.0,600.0,600.0,5000.0,5000.0,0.0,1.0,10.0,1.0,1.0,1.0,400.0,400.0,12000.0,12000.0,0.0,1.0,11.0,0.0,0.0,0.0,-200.0,-200.0,7000.0,7000.0,0.0,0.0,1.0,1,1
88528,RS,CRISTAL DO SUL,0.0,0.0,0.0,0.0,,,,0.0,0.0,,3.0,1.0,2.0,776.0,258.6666666666667,34000.0,11333.333333333334,0.0,1.0,48.0,3.0,1.0,2.0,776.0,,,,0.0,1.0,,0,1
88536,RS,SANTO ÂNGELO,2.0,1.0,2.0,1050.0,525.0,22000.0,11000.0,0.0,2.0,20.0,3.0,1.0,3.0,1555.0,518.3333333333334,50000.0,16666.666666666668,0.0,3.0,19.0,1.0,0.0,1.0,505.0,-6.666666666666629,28000.0,5666.666666666668,0.0,1.0,-1.0,1,1
88633,RS,SÃO BORJA,1.0,1.0,1.0,512.0,512.0,8500.0,8500.0,0.0,1.0,14.0,2.0,1.0,2.0,800.0,400.0,56000.0,28000.0,0.0,2.0,8.0,1.0,0.0,1.0,288.0,-112.0,47500.0,19500.0,0.0,1.0,-6.0,1,1
88650,RS,SÃO FRANCISCO DE ASSIS,1.0,1.0,1.0,500.0,500.0,5000.0,5000.0,0.0,1.0,14.0,0.0,0.0,0.0,0.0,,,,0.0,0.0,,-1.0,-1.0,-1.0,-500.0,,,,0.0,-1.0,,0,1
88668,RS,VALE VERDE,1.0,1.0,1.0,405.0,405.0,8900.0,8900.0,0.0,1.0,17.0,1.0,1.0,1.0,316.0,316.0,12000.0,12000.0,0.0,1.0,25.0,0.0,0.0,0.0,-89.0,-89.0,3100.0,3100.0,0.0,0.0,8.0,1,1
88676,RS,SÃO FRANCISCO DE PAULA,1.0,1.0,1.0,600.0,600.0,11200.0,11200.0,0.0,1.0,23.0,1.0,1.0,1.0,400.0,400.0,15000.0,15000.0,0.0,1.0,15.0,0.0,0.0,0.0,-200.0,-200.0,3800.0,3800.0,0.0,0.0,-8.0,1,1
88692,RS,SÃO GABRIEL,1.0,1.0,1.0,600.0,600.0,6000.0,6000.0,0.0,1.0,4.0,2.0,1.0,2.0,1125.0,562.5,27000.0,13500.0,0.0,2.0,7.0,1.0,0.0,1.0,525.0,-37.5,21000.0,7500.0,0.0,1.0,3.0,1,1
88730,RS,SÃO JOSÉ DO NORTE,1.0,1.0,1.0,553.0,553.0,12000.0,12000.0,0.0,1.0,5.0,1.0,1.0,1.0,350.0,350.0,25000.0,25000.0,0.0,1.0,4.0,0.0,0.0,0.0,-203.0,-203.0,13000.0,13000.0,0.0,0.0,-1.0,1,1
88773,RS,SÃO LEOPOLDO,6.0,1.0,5.0,3495.0,582.5,59500.0,9916.666666666666,2.0,5.0,39.0,4.0,1.0,3.0,1825.0,456.25,99000.0,24750.0,0.0,3.0,31.0,-2.0,0.0,-2.0,-1670.0,-126.25,39500.0,14833.333333333334,-2.0,-2.0,-8.0,1,1
88790,RS,SÃO LOURENÇO DO SUL,1.0,1.0,1.0,400.0,400.0,10000.0,10000.0,0.0,1.0,4.0,1.0,1.0,1.0,625.0,625.0,7500.0,7500.0,0.0,1.0,9.0,0.0,0.0,0.0,225.0,225.0,-2500.0,-2500.0,0.0,0.0,5.0,1,1
88811,RS,SÃO LUIZ GONZAGA,0.0,0.0,0.0,0.0,,,,0.0,0.0,,1.0,1.0,1.0,350.0,350.0,8000.0,8000.0,0.0,1.0,8.0,1.0,1.0,1.0,350.0,,,,0.0,1.0,,0,1
88838,RS,SÃO MARCOS,1.0,1.0,1.0,380.0,380.0,7000.0,7000.0,0.0,1.0,12.0,2.0,1.0,1.0,700.0,350.0,38000.0,19000.0,0.0,2.0,13.0,1.0,0.0,0.0,320.0,-30.0,31000.0,12000.0,0.0,1.0,1.0,1,1
88935,RS,SÃO SEBASTIÃO DO CAÍ,2.0,1.0,2.0,980.0,490.0,11500.0,5750.0,0.0,2.0,7.0,1.0,1.0,1.0,400.0,400.0,12000.0,12000.0,0.0,1.0,5.0,-1.0,0.0,-1.0,-580.0,-90.0,500.0,6250.0,0.0,-1.0,-2.0,1,1
88994,RS,SAPIRANGA,3.0,1.0,3.0,1500.0,500.0,37000.0,12333.333333333334,0.0,3.0,21.0,2.0,1.0,2.0,950.0,475.0,22000.0,11000.0,0.0,2.0,19.0,-1.0,0.0,-1.0,-550.0,-25.0,-15000.0,-1333.333333333334,0.0,-1.0,-2.0,1,1
89010,RS,SAPUCAIA DO SUL,1.0,1.0,1.0,600.0,600.0,13000.0,13000.0,0.0,1.0,5.0,1.0,1.0,1.0,604.0,604.0,23978.0,23978.0,1.0,1.0,6.0,0.0,0.0,0.0,4.0,4.0,10978.0,10978.0,1.0,0.0,1.0,1,1
89036,RS,SARANDI,2.0,1.0,2.0,1208.0,604.0,16500.0,8250.0,0.0,2.0,8.0,2.0,1.0,2.0,776.0,388.0,20000.0,10000.0,0.0,2.0,4.0,0.0,0.0,0.0,-432.0,-216.0,3500.0,1750.0,0.0,0.0,-4.0,1,1
89117,RS,SERTÃO,0.0,0.0,0.0,0.0,,,,0.0,0.0,,1.0,1.0,1.0,500.0,500.0,2500.0,2500.0,1.0,0.0,136.0,1.0,1.0,1.0,500.0,,,,1.0,0.0,,0,1
89214,RS,TAPEJARA,1.0,1.0,1.0,375.0,375.0,8500.0,8500.0,0.0,1.0,8.0,0.0,0.0,0.0,0.0,,,,0.0,0.0,,-1.0,-1.0,-1.0,-375.0,,,,0.0,-1.0,,0,1
89273,RS,TAQUARA,3.0,1.0,3.0,1316.0,438.6666666666667,26500.0,8833.333333333334,0.0,1.0,38.0,2.0,1.0,2.0,700.0,350.0,30000.0,15000.0,0.0,2.0,22.0,-1.0,0.0,-1.0,-616.0,-88.66666666666669,3500.0,6166.666666666666,0.0,1.0,-16.0,1,1
89281,RS,LAGOA BONITA DO SUL,1.0,1.0,1.0,254.0,254.0,8900.0,8900.0,0.0,1.0,10.0,0.0,0.0,0.0,0.0,,,,0.0,0.0,,-1.0,-1.0,-1.0,-254.0,,,,0.0,-1.0,,0,1
89290,RS,TAQUARI,2.0,1.0,2.0,800.0,400.0,21000.0,10500.0,0.0,2.0,11.0,1.0,1.0,1.0,300.0,300.0,14000.0,14000.0,0.0,1.0,12.0,-1.0,0.0,-1.0,-500.0,-100.0,-7000.0,3500.0,0.0,-1.0,1.0,1,1
89311,RS,TENENTE PORTELA,0.0,0.0,0.0,0.0,,,,0.0,0.0,,1.0,1.0,1.0,370.0,370.0,12000.0,12000.0,0.0,1.0,6.0,1.0,1.0,1.0,370.0,,,,0.0,1.0,,0,1
89338,RS,TORRES,5.0,1.0,4.0,2280.0,456.0,38600.0,7720.0,0.0,5.0,27.0,0.0,0.0,0.0,0.0,,,,0.0,0.0,,-5.0,-1.0,-4.0,-2280.0,,,,0.0,-5.0,,0,1
89354,RS,TRAMANDAÍ,1.0,1.0,1.0,475.0,475.0,7000.0,7000.0,1.0,1.0,6.0,0.0,0.0,0.0,0.0,,,,0.0,0.0,,-1.0,-1.0,-1.0,-475.0,,,,-1.0,-1.0,,0,1
89370,RS,TRÊS COROAS,1.0,1.0,1.0,403.0,403.0,10000.0,10000.0,0.0,1.0,7.0,2.0,1.0,2.0,750.0,375.0,23000.0,11500.0,0.0,2.0,14.0,1.0,0.0,1.0,347.0,-28.0,13000.0,1500.0,0.0,1.0,7.0,1,1
89419,RS,TRÊS PASSOS,1.0,1.0,1.0,392.0,392.0,9000.0,9000.0,0.0,1.0,8.0,0.0,0.0,0.0,0.0,,,,0.0,0.0,,-1.0,-1.0,-1.0,-392.0,,,,0.0,-1.0,,0,1
89435,RS,TRIUNFO,0.0,0.0,0.0,0.0,,,,0.0,0.0,,3.0,1.0,2.0,1450.0,483.3333333333333,54908.0,18302.666666666668,0.0,3.0,14.0,3.0,1.0,2.0,1450.0,,,,0.0,3.0,,0,1
89460,RS,SÃO JOSÉ DO SUL,1.0,1.0,1.0,320.0,320.0,5200.0,5200.0,0.0,1.0,8.0,0.0,0.0,0.0,0.0,,,,0.0,0.0,,-1.0,-1.0,-1.0,-320.0,,,,0.0,-1.0,,0,1
89486,RS,SÃO PEDRO DAS MISSÕES,1.0,1.0,1.0,160.0,160.0,5000.0,5000.0,0.0,1.0,5.0,0.0,0.0,0.0,0.0,,,,0.0,0.0,,-1.0,-1.0,-1.0,-160.0,,,,0.0,-1.0,,0,1
89516,RS,URUGUAIANA,1.0,1.0,1.0,383.0,383.0,2000.0,2000.0,0.0,1.0,15.0,1.0,1.0,1.0,600.0,600.0,7000.0,7000.0,1.0,1.0,5.0,0.0,0.0,0.0,217.0,217.0,5000.0,5000.0,1.0,0.0,-10.0,1,1
89532,RS,VACARIA,0.0,0.0,0.0,0.0,,,,0.0,0.0,,7.0,1.0,2.0,5750.0,821.4285714285714,56000.0,8000.0,3.0,4.0,193.0,7.0,1.0,2.0,5750.0,,,,3.0,4.0,,0,1
89559,RS,VENÂNCIO AIRES,5.0,1.0,2.0,2400.0,480.0,40000.0,8000.0,0.0,4.0,46.0,3.0,1.0,1.0,1200.0,400.0,30000.0,10000.0,0.0,2.0,39.0,-2.0,0.0,-1.0,-1200.0,-80.0,-10000.0,2000.0,0.0,-2.0,-7.0,1,1
89575,RS,VERA CRUZ,5.0,1.0,4.0,2716.0,543.2,40800.0,8160.0,0.0,4.0,35.0,0.0,0.0,0.0,0.0,,,,0.0,0.0,,-5.0,-1.0,-4.0,-2716.0,,,,0.0,-4.0,,0,1
89656,RS,VICENTE DUTRA,2.0,1.0,1.0,710.0,355.0,10000.0,5000.0,0.0,1.0,31.0,1.0,1.0,1.0,250.0,250.0,13000.0,13000.0,0.0,1.0,11.0,-1.0,0.0,0.0,-460.0,-105.0,3000.0,8000.0,0.0,0.0,-20.0,1,1
89788,MT,COLNIZA,1.0,1.0,1.0,300.0,300.0,5000.0,5000.0,0.0,1.0,9.0,3.0,1.0,1.0,1222.0,407.3333333333333,10000.0,3333.3333333333335,2.0,2.0,116.0,2.0,0.0,0.0,922.0,107.33333333333331,5000.0,-1666.6666666666665,2.0,1.0,107.0,1,1
89796,MT,COLÍDER,3.0,1.0,3.0,1000.0,333.3333333333333,8250.0,2750.0,3.0,3.0,19.0,7.0,1.0,4.0,3093.0,441.85714285714283,82000.0,11714.285714285714,0.0,6.0,57.0,4.0,0.0,1.0,2093.0,108.52380952380952,73750.0,8964.285714285714,-3.0,3.0,38.0,1,1
89818,MT,NOVA BRASILÂNDIA,2.0,1.0,2.0,734.0,367.0,18000.0,9000.0,1.0,2.0,21.0,5.0,1.0,3.0,1664.0,332.8,42000.0,8400.0,0.0,5.0,10.0,3.0,0.0,1.0,930.0,-34.19999999999999,24000.0,-600.0,-1.0,3.0,-11.0,1,1
89826,MT,NOVA SANTA HELENA,4.0,1.0,4.0,910.0,227.5,14000.0,3500.0,1.0,3.0,43.0,3.0,1.0,3.0,677.0,225.66666666666666,11600.0,3866.6666666666665,0.0,2.0,52.0,-1.0,0.0,-1.0,-233.0,-1.8333333333333428,-2400.0,366.6666666666665,-1.0,-1.0,9.0,1,1
89834,MT,PARANATINGA,5.0,1.0,2.0,1841.0,368.2,35000.0,7000.0,5.0,2.0,236.0,4.0,1.0,4.0,1581.0,395.25,62050.0,15512.5,0.0,1.0,53.0,-1.0,0.0,2.0,-260.0,27.05000000000001,27050.0,8512.5,-5.0,-1.0,-183.0,1,1
89843,MT,SANTO ANTÔNIO DO LESTE,1.0,1.0,1.0,250.0,250.0,6600.0,6600.0,1.0,1.0,10.0,0.0,0.0,0.0,0.0,,,,0.0,0.0,,-1.0,-1.0,-1.0,-250.0,,,,-1.0,-1.0,,0,1
89850,MT,SINOP,12.0,1.0,6.0,12446.0,1037.1666666666667,73000.0,6083.333333333333,7.0,9.0,42.0,3.0,1.0,2.0,1600.0,533.3333333333334,28000.0,9333.333333333334,1.0,2.0,70.0,-9.0,0.0,-4.0,-10846.0,-503.83333333333337,-45000.0,3250.000000000001,-6.0,-7.0,28.0,1,1
89877,MT,ALTA FLORESTA,3.0,1.0,2.0,1116.0,372.0,10000.0,3333.3333333333335,2.0,3.0,10.0,2.0,1.0,1.0,1200.0,600.0,27000.0,13500.0,1.0,1.0,223.0,-1.0,0.0,-1.0,84.0,228.0,17000.0,10166.666666666666,-1.0,-2.0,213.0,1,1
89915,MT,JAURU,3.0,1.0,2.0,1305.0,435.0,10500.0,3500.0,2.0,3.0,17.0,1.0,1.0,1.0,350.0,350.0,11000.0,11000.0,0.0,1.0,9.0,-2.0,0.0,-1.0,-955.0,-85.0,500.0,7500.0,-2.0,-2.0,-8.0,1,1
89931,MT,SÃO JOSÉ DOS QUATRO MARCOS,1.0,1.0,1.0,424.0,424.0,5000.0,5000.0,1.0,1.0,8.0,2.0,1.0,2.0,870.0,435.0,14000.0,7000.0,1.0,2.0,21.0,1.0,0.0,1.0,446.0,11.0,9000.0,2000.0,0.0,1.0,13.0,1,1
89958,MT,RIO BRANCO,2.0,1.0,1.0,668.0,334.0,6000.0,3000.0,0.0,2.0,24.0,2.0,1.0,1.0,667.0,333.5,25500.0,12750.0,0.0,1.0,36.0,0.0,0.0,0.0,-1.0,-0.5,19500.0,9750.0,0.0,-1.0,12.0,1,1
89990,MT,PONTES E LACERDA,0.0,0.0,0.0,0.0,,,,0.0,0.0,,1.0,1.0,1.0,400.0,400.0,10000.0,10000.0,0.0,1.0,17.0,1.0,1.0,1.0,400.0,,,,0.0,1.0,,0,1
90018,MT,ACORIZAL,3.0,1.0,2.0,1342.0,447.3333333333333,6000.0,2000.0,3.0,0.0,-237.0,0.0,0.0,0.0,0.0,,,,0.0,0.0,,-3.0,-1.0,-2.0,-1342.0,,,,-3.0,0.0,,0,1
90034,MS,ÁGUA CLARA,2.0,1.0,2.0,682.0,341.0,13390.0,6695.0,1.0,2.0,26.0,2.0,1.0,1.0,900.0,450.0,10000.0,5000.0,0.0,1.0,94.0,0.0,0.0,-1.0,218.0,109.0,-3390.0,-1695.0,-1.0,-1.0,68.0,1,1
90042,MT,ALTO BOA VISTA,1.0,1.0,1.0,342.0,342.0,5000.0,5000.0,0.0,0.0,74.0,0.0,0.0,0.0,0.0,,,,0.0,0.0,,-1.0,-1.0,-1.0,-342.0,,,,0.0,0.0,,0,1
90050,MT,ALTO ARAGUAIA,5.0,1.0,4.0,1803.0,360.6,33500.0,6700.0,3.0,4.0,267.0,7.0,1.0,4.0,2656.0,379.42857142857144,60000.0,8571.42857142857,1.0,5.0,198.0,2.0,0.0,0.0,853.0,18.828571428571422,26500.0,1871.4285714285706,-2.0,1.0,-69.0,1,1
90069,MT,QUERÊNCIA,1.0,1.0,1.0,435.0,435.0,5000.0,5000.0,1.0,0.0,65.0,4.0,1.0,4.0,1512.0,378.0,40950.0,10237.5,0.0,3.0,45.0,3.0,0.0,3.0,1077.0,-57.0,35950.0,5237.5,-1.0,3.0,-20.0,1,1
90077,MT,ALTO GARÇAS,3.0,1.0,2.0,1378.0,459.3333333333333,17500.0,5833.333333333333,1.0,3.0,17.0,2.0,1.0,1.0,646.0,323.0,17800.0,8900.0,0.0,2.0,26.0,-1.0,0.0,-1.0,-732.0,-136.33333333333331,300.0,3066.666666666667,-1.0,-1.0,9.0,1,1
90085,MT,CANABRAVA DO NORTE,0.0,0.0,0.0,0.0,,,,0.0,0.0,,1.0,1.0,1.0,297.0,297.0,8500.0,8500.0,0.0,0.0,50.0,1.0,1.0,1.0,297.0,,,,0.0,0.0,,0,1
90093,MT,ALTO PARAGUAI,1.0,1.0,1.0,250.0,250.0,4000.0,4000.0,0.0,1.0,5.0,0.0,0.0,0.0,0.0,,,,0.0,0.0,,-1.0,-1.0,-1.0,-250.0,,,,0.0,-1.0,,0,1
90107,MT,SANTA CARMEM,2.0,1.0,1.0,380.0,190.0,6000.0,3000.0,0.0,2.0,27.0,0.0,0.0,0.0,0.0,,,,0.0,0.0,,-2.0,-1.0,-1.0,-380.0,,,,0.0,-2.0,,0,1
90115,MS,AMAMBAI,3.0,1.0,1.0,1200.0,400.0,18500.0,6166.666666666667,3.0,2.0,74.0,7.0,1.0,2.0,3800.0,542.8571428571429,5045000.0,720714.2857142857,0.0,5.0,147.0,4.0,0.0,1.0,2600.0,142.8571428571429,5026500.0,714547.619047619,-3.0,3.0,73.0,1,1
90123,MT,NOVA MARINGÁ,3.0,1.0,2.0,654.0,218.0,15000.0,5000.0,1.0,3.0,14.0,0.0,0.0,0.0,0.0,,,,0.0,0.0,,-3.0,-1.0,-2.0,-654.0,,,,-1.0,-3.0,,0,1
90131,MS,ANASTÁCIO,10.0,1.0,4.0,4774.0,477.4,65000.0,6500.0,5.0,5.0,244.0,6.0,1.0,2.0,3400.0,566.6666666666666,35000.0,5833.333333333333,0.0,2.0,224.0,-4.0,0.0,-2.0,-1374.0,89.26666666666665,-30000.0,-666.666666666667,-5.0,-3.0,-20.0,1,1
90140,MT,NOVA GUARITA,1.0,1.0,1.0,200.0,200.0,3000.0,3000.0,0.0,0.0,47.0,2.0,1.0,2.0,503.0,251.5,11000.0,5500.0,0.0,2.0,12.0,1.0,0.0,1.0,303.0,51.5,8000.0,2500.0,0.0,2.0,-35.0,1,1
90158,MS,ANAURILÂNDIA,1.0,1.0,1.0,220.0,220.0,5000.0,5000.0,1.0,1.0,8.0,5.0,1.0,3.0,2453.0,490.6,26000.0,5200.0,1.0,2.0,133.0,4.0,0.0,2.0,2233.0,270.6,21000.0,200.0,0.0,1.0,125.0,1,1
90166,MT,NOVA MARILÂNDIA,3.0,1.0,2.0,903.0,301.0,9800.0,3266.6666666666665,3.0,3.0,25.0,1.0,1.0,1.0,270.0,270.0,6000.0,6000.0,0.0,0.0,77.0,-2.0,0.0,-1.0,-633.0,-31.0,-3800.0,2733.3333333333335,-3.0,-3.0,52.0,1,1
90174,MS,ANTÔNIO JOÃO,6.0,1.0,2.0,1736.0,289.3333333333333,36000.0,6000.0,6.0,4.0,94.0,2.0,1.0,1.0,1000.0,500.0,10000.0,5000.0,0.0,0.0,113.0,-4.0,0.0,-1.0,-736.0,210.66666666666669,-26000.0,-1000.0,-6.0,-4.0,19.0,1,1
90182,MT,PORTO ESTRELA,1.0,1.0,1.0,250.0,250.0,5000.0,5000.0,0.0,1.0,11.0,3.0,1.0,2.0,952.0,317.3333333333333,27000.0,9000.0,0.0,3.0,21.0,2.0,0.0,1.0,702.0,67.33333333333331,22000.0,4000.0,0.0,2.0,10.0,1,1
90190,MS,APARECIDA DO TABOADO,5.0,1.0,3.0,1934.0,386.8,63000.0,12600.0,5.0,4.0,56.0,3.0,1.0,3.0,1453.0,484.3333333333333,30000.0,10000.0,0.0,3.0,25.0,-2.0,0.0,0.0,-481.0,97.5333333333333,-33000.0,-2600.0,-5.0,-1.0,-31.0,1,1
90204,MT,GLÓRIA D'OESTE,2.0,1.0,1.0,500.0,250.0,10000.0,5000.0,0.0,2.0,24.0,0.0,0.0,0.0,0.0,,,,0.0,0.0,,-2.0,-1.0,-1.0,-500.0,,,,0.0,-2.0,,0,1
90212,MS,AQUIDAUANA,7.0,1.0,3.0,2244.0,320.57142857142856,40000.0,5714.285714285715,7.0,2.0,258.0,4.0,1.0,1.0,2000.0,500.0,19000.0,4750.0,0.0,1.0,224.0,-3.0,0.0,-2.0,-244.0,179.42857142857144,-21000.0,-964.2857142857147,-7.0,-1.0,-34.0,1,1
90247,MT,SÃO JOSÉ DO XINGU,1.0,1.0,1.0,330.0,330.0,4000.0,4000.0,1.0,1.0,3.0,0.0,0.0,0.0,0.0,,,,0.0,0.0,,-1.0,-1.0,-1.0,-330.0,,,,-1.0,-1.0,,0,1
90255,MT,ARENÁPOLIS,4.0,1.0,2.0,1567.0,391.75,19000.0,4750.0,4.0,3.0,35.0,2.0,1.0,1.0,710.0,355.0,12000.0,6000.0,0.0,1.0,69.0,-2.0,0.0,-1.0,-857.0,-36.75,-7000.0,1250.0,-4.0,-2.0,34.0,1,1
90263,MT,APIACÁS,4.0,1.0,1.0,1328.0,332.0,11000.0,2750.0,3.0,2.0,44.0,0.0,0.0,0.0,0.0,,,,0.0,0.0,,-4.0,-1.0,-1.0,-1328.0,,,,-3.0,-2.0,,0,1
90271,MT,ARIPUANÃ,2.0,1.0,2.0,650.0,325.0,10000.0,5000.0,2.0,2.0,12.0,3.0,1.0,2.0,1777.0,592.3333333333334,18000.0,6000.0,0.0,2.0,31.0,1.0,0.0,0.0,1127.0,267.33333333333337,8000.0,1000.0,-2.0,0.0,19.0,1,1
90280,MT,CONFRESA,3.0,1.0,2.0,1018.0,339.3333333333333,10500.0,3500.0,1.0,3.0,30.0,3.0,1.0,3.0,1171.0,390.3333333333333,25300.0,8433.333333333334,0.0,3.0,9.0,0.0,0.0,1.0,153.0,51.0,14800.0,4933.333333333334,-1.0,0.0,-21.0,1,1
90298,MS,BANDEIRANTES,4.0,1.0,3.0,2091.0,522.75,28000.0,7000.0,4.0,0.0,-338.0,8.0,1.0,3.0,3785.0,473.125,50000.0,6250.0,0.0,0.0,197.0,4.0,0.0,0.0,1694.0,-49.625,22000.0,-750.0,-4.0,0.0,535.0,1,1
90301,MT,LAMBARI D'OESTE,5.0,1.0,4.0,1711.0,342.2,17500.0,3500.0,2.0,3.0,41.0,0.0,0.0,0.0,0.0,,,,0.0,0.0,,-5.0,-1.0,-4.0,-1711.0,,,,-2.0,-3.0,,0,1
90310,MT,BARÃO DE MELGAÇO,0.0,0.0,0.0,0.0,,,,0.0,0.0,,1.0,1.0,1.0,364.0,364.0,15000.0,15000.0,0.0,1.0,8.0,1.0,1.0,1.0,364.0,,,,0.0,1.0,,0,1
90328,MT,SANTO AFONSO,3.0,1.0,2.0,950.0,316.6666666666667,10000.0,3333.3333333333335,3.0,3.0,24.0,2.0,1.0,2.0,445.0,222.5,11000.0,5500.0,1.0,1.0,70.0,-1.0,0.0,0.0,-505.0,-94.16666666666669,1000.0,2166.6666666666665,-2.0,-2.0,46.0,1,1
90336,MT,BARRA DO BUGRES,5.0,1.0,2.0,3657.0,731.4,25000.0,5000.0,0.0,5.0,27.0,9.0,1.0,3.0,4700.0,522.2222222222222,116000.0,12888.888888888889,1.0,6.0,217.0,4.0,0.0,1.0,1043.0,-209.1777777777778,91000.0,7888.888888888889,1.0,1.0,190.0,1,1
90344,MT,PLANALTO DA SERRA,0.0,0.0,0.0,0.0,,,,0.0,0.0,,1.0,1.0,1.0,338.0,338.0,12000.0,12000.0,0.0,0.0,191.0,1.0,1.0,1.0,338.0,,,,0.0,0.0,,0,1
90352,MT,BARRA DO GARÇAS,16.0,1.0,7.0,6871.0,429.4375,84500.0,5281.25,10.0,7.0,302.0,12.0,1.0,4.0,6136.0,511.3333333333333,110000.0,9166.666666666666,5.0,2.0,208.0,-4.0,0.0,-3.0,-735.0,81.89583333333331,25500.0,3885.416666666666,-5.0,-5.0,-94.0,1,1
90360,MT,NOVA MONTE VERDE,4.0,1.0,1.0,1000.0,250.0,10500.0,2625.0,3.0,2.0,54.0,8.0,1.0,1.0,1980.0,247.5,38000.0,4750.0,2.0,2.0,159.0,4.0,0.0,0.0,980.0,-2.5,27500.0,2125.0,-1.0,0.0,105.0,1,1
90379,MS,BATAGUASSU,4.0,1.0,2.0,1900.0,475.0,27000.0,6750.0,3.0,2.0,98.0,5.0,1.0,1.0,2500.0,500.0,23000.0,4600.0,0.0,1.0,215.0,1.0,0.0,-1.0,600.0,25.0,-4000.0,-2150.0,-3.0,-1.0,117.0,1,1
90387,MT,NOVA BANDEIRANTES,1.0,1.0,1.0,400.0,400.0,5000.0,5000.0,0.0,0.0,52.0,6.0,1.0,2.0,1705.0,284.1666666666667,29000.0,4833.333333333333,3.0,2.0,187.0,5.0,0.0,1.0,1305.0,-115.83333333333331,24000.0,-166.66666666666697,3.0,2.0,135.0,1,1
90395,MS,BATAYPORÃ,1.0,1.0,1.0,280.0,280.0,6000.0,6000.0,1.0,1.0,22.0,2.0,1.0,1.0,1000.0,500.0,9000.0,4500.0,0.0,0.0,197.0,1.0,0.0,0.0,720.0,220.0,3000.0,-1500.0,-1.0,-1.0,175.0,1,1
90409,MT,SÃO PEDRO DA CIPA,2.0,1.0,1.0,400.0,200.0,8000.0,4000.0,2.0,2.0,21.0,0.0,0.0,0.0,0.0,,,,0.0,0.0,,-2.0,-1.0,-1.0,-400.0,,,,-2.0,-2.0,,0,1
90417,MS,BELA VISTA,4.0,1.0,4.0,1210.0,302.5,25500.0,6375.0,4.0,4.0,28.0,6.0,1.0,4.0,2620.0,436.6666666666667,33000.0,5500.0,0.0,4.0,136.0,2.0,0.0,0.0,1410.0,134.16666666666669,7500.0,-875.0,-4.0,0.0,108.0,1,1
90425,MT,COTRIGUAÇU,1.0,1.0,1.0,400.0,400.0,6000.0,6000.0,1.0,1.0,17.0,1.0,1.0,1.0,396.0,396.0,6000.0,6000.0,0.0,1.0,17.0,0.0,0.0,0.0,-4.0,-4.0,0.0,0.0,-1.0,0.0,0.0,1,1
90433,MS,BONITO,9.0,1.0,4.0,3500.0,388.8888888888889,62000.0,6888.888888888889,9.0,8.0,65.0,1.0,1.0,1.0,303.0,303.0,10000.0,10000.0,0.0,0.0,36.0,-8.0,0.0,-3.0,-3197.0,-85.88888888888891,-52000.0,3111.1111111111113,-9.0,-8.0,-29.0,1,1
90441,MT,RIBEIRÃOZINHO,1.0,1.0,1.0,326.0,326.0,3000.0,3000.0,1.0,0.0,35.0,6.0,1.0,4.0,1610.0,268.3333333333333,25000.0,4166.666666666667,0.0,4.0,37.0,5.0,0.0,3.0,1284.0,-57.666666666666686,22000.0,1166.666666666667,-1.0,4.0,2.0,1,1
90450,MS,BRASILÂNDIA,1.0,1.0,1.0,400.0,400.0,7000.0,7000.0,1.0,1.0,13.0,1.0,1.0,1.0,400.0,400.0,5000.0,5000.0,0.0,1.0,12.0,0.0,0.0,0.0,0.0,0.0,-2000.0,-2000.0,-1.0,0.0,-1.0,1,1
90468,MT,BRASNORTE,5.0,1.0,2.0,1910.0,382.0,23500.0,4700.0,4.0,2.0,78.0,6.0,1.0,3.0,2334.0,389.0,48500.0,8083.333333333333,0.0,2.0,190.0,1.0,0.0,1.0,424.0,7.0,25000.0,3383.333333333333,-4.0,0.0,112.0,1,1
90476,MT,CÁCERES,4.0,1.0,2.0,1706.0,426.5,18000.0,4500.0,2.0,4.0,21.0,6.0,1.0,4.0,3325.0,554.1666666666666,59120.0,9853.333333333334,0.0,5.0,72.0,2.0,0.0,2.0,1619.0,127.66666666666663,41120.0,5353.333333333334,-2.0,1.0,51.0,1,1
90484,MT,CAMPO NOVO DO PARECIS,3.0,1.0,3.0,1050.0,350.0,11600.0,3866.6666666666665,3.0,2.0,41.0,4.0,1.0,3.0,1650.0,412.5,48000.0,12000.0,1.0,3.0,31.0,1.0,0.0,0.0,600.0,62.5,36400.0,8133.333333333334,-2.0,1.0,-10.0,1,1
90492,MS,CAMAPUÃ,4.0,1.0,3.0,1309.0,327.25,27000.0,6750.0,2.0,3.0,38.0,5.0,1.0,3.0,2005.0,401.0,35900.0,7180.0,0.0,3.0,159.0,1.0,0.0,0.0,696.0,73.75,8900.0,430.0,-2.0,0.0,121.0,1,1
90506,MT,CAMPO VERDE,6.0,1.0,5.0,2295.0,382.5,37000.0,6166.666666666667,5.0,6.0,22.0,1.0,1.0,1.0,500.0,500.0,16000.0,16000.0,1.0,1.0,12.0,-5.0,0.0,-4.0,-1795.0,117.5,-21000.0,9833.333333333332,-4.0,-5.0,-10.0,1,1
90514,MS,CAMPO GRANDE,25.0,1.0,6.0,26706.0,1068.24,334726.0,13389.04,20.0,14.0,287.0,67.0,1.0,12.0,81374.0,1214.5373134328358,1771148.8,26435.056716417912,26.0,23.0,250.0,42.0,0.0,6.0,54668.0,146.29731343283584,1436422.8,13046.016716417911,6.0,9.0,-37.0,1,1
90522,MT,CLÁUDIA,1.0,1.0,1.0,306.0,306.0,4000.0,4000.0,0.0,1.0,7.0,3.0,1.0,2.0,650.0,216.66666666666666,36000.0,12000.0,0.0,2.0,68.0,2.0,0.0,1.0,344.0,-89.33333333333334,32000.0,8000.0,0.0,1.0,61.0,1,1
90530,MS,CARACOL,1.0,1.0,1.0,400.0,400.0,7000.0,7000.0,0.0,1.0,24.0,5.0,1.0,3.0,2400.0,480.0,27000.0,5400.0,0.0,3.0,113.0,4.0,0.0,2.0,2000.0,80.0,20000.0,-1600.0,0.0,2.0,89.0,1,1
90557,MS,CAARAPÓ,2.0,1.0,2.0,654.0,327.0,16000.0,8000.0,0.0,1.0,105.0,6.0,1.0,3.0,2508.0,418.0,34000.0,5666.666666666667,1.0,3.0,145.0,4.0,0.0,1.0,1854.0,91.0,18000.0,-2333.333333333333,1.0,2.0,40.0,1,1
90565,MT,JANGADA,0.0,0.0,0.0,0.0,,,,0.0,0.0,,4.0,1.0,2.0,1580.0,395.0,37000.0,9250.0,3.0,2.0,138.0,4.0,1.0,2.0,1580.0,,,,3.0,2.0,,0,1
90573,MS,CASSILÂNDIA,7.0,1.0,5.0,2882.0,411.7142857142857,95800.0,13685.714285714286,5.0,6.0,36.0,3.0,1.0,2.0,1622.0,540.6666666666666,15000.0,5000.0,1.0,2.0,42.0,-4.0,0.0,-3.0,-1260.0,128.9523809523809,-80800.0,-8685.714285714286,-4.0,-4.0,6.0,1,1
90581,MT,JURUENA,0.0,0.0,0.0,0.0,,,,0.0,0.0,,1.0,1.0,1.0,190.0,190.0,3000.0,3000.0,1.0,0.0,142.0,1.0,1.0,1.0,190.0,,,,1.0,0.0,,0,1
90590,MT,CHAPADA DOS GUIMARÃES,3.0,1.0,2.0,1355.0,451.6666666666667,9000.0,3000.0,3.0,3.0,10.0,2.0,1.0,1.0,800.0,400.0,22000.0,11000.0,1.0,0.0,176.0,-1.0,0.0,-1.0,-555.0,-51.666666666666686,13000.0,8000.0,-2.0,-3.0,166.0,1,1
90603,MT,LUCAS DO RIO VERDE,14.0,1.0,7.0,5592.0,399.42857142857144,126000.0,9000.0,9.0,11.0,35.0,1.0,1.0,1.0,330.0,330.0,8500.0,8500.0,0.0,1.0,7.0,-13.0,0.0,-6.0,-5262.0,-69.42857142857144,-117500.0,-500.0,-9.0,-10.0,-28.0,1,1
90611,MS,CORGUINHO,1.0,1.0,1.0,220.0,220.0,5000.0,5000.0,1.0,1.0,14.0,1.0,1.0,1.0,400.0,400.0,5000.0,5000.0,0.0,1.0,28.0,0.0,0.0,0.0,180.0,180.0,0.0,0.0,-1.0,0.0,14.0,1,1
90620,MT,MATUPÁ,6.0,1.0,5.0,2438.0,406.3333333333333,20000.0,3333.3333333333335,2.0,2.0,50.0,0.0,0.0,0.0,0.0,,,,0.0,0.0,,-6.0,-1.0,-5.0,-2438.0,,,,-2.0,-2.0,,0,1
90638,MS,CORUMBÁ,22.0,1.0,5.0,8288.0,376.72727272727275,157000.0,7136.363636363636,22.0,8.0,260.0,4.0,1.0,1.0,3500.0,875.0,21000.0,5250.0,0.0,1.0,175.0,-18.0,0.0,-4.0,-4788.0,498.27272727272725,-136000.0,-1886.363636363636,-22.0,-7.0,-85.0,1,1
90646,MT,NOVA MUTUM,4.0,1.0,3.0,1500.0,375.0,28000.0,7000.0,2.0,3.0,149.0,1.0,1.0,1.0,381.0,381.0,9500.0,9500.0,0.0,1.0,5.0,-3.0,0.0,-2.0,-1119.0,6.0,-18500.0,2500.0,-2.0,-2.0,-144.0,1,1
90654,MS,COXIM,2.0,1.0,2.0,722.0,361.0,13000.0,6500.0,2.0,2.0,13.0,7.0,1.0,3.0,2926.0,418.0,44000.0,6285.714285714285,0.0,3.0,197.0,5.0,0.0,1.0,2204.0,57.0,31000.0,-214.28571428571468,-2.0,1.0,184.0,1,1
90662,MT,RIBEIRÃO CASCALHEIRA,1.0,1.0,1.0,365.0,365.0,5800.0,5800.0,0.0,1.0,25.0,2.0,1.0,2.0,510.0,255.0,15500.0,7750.0,0.0,2.0,29.0,1.0,0.0,1.0,145.0,-110.0,9700.0,1950.0,0.0,1.0,4.0,1,1
90670,MT,CUIABÁ,45.0,1.0,12.0,30590.0,679.7777777777778,722210.0,16049.111111111111,34.0,22.0,149.0,58.0,1.0,16.0,59141.0,1019.6724137931035,1427348.8,24609.462068965517,27.0,23.0,245.0,13.0,0.0,4.0,28551.0,339.89463601532566,705138.8,8560.350957854405,-7.0,1.0,96.0,1,1
90689,MT,TAPURAH,2.0,1.0,1.0,520.0,260.0,37200.0,18600.0,0.0,2.0,13.0,3.0,1.0,3.0,1450.0,483.3333333333333,32500.0,10833.333333333334,1.0,3.0,6.0,1.0,0.0,2.0,930.0,223.33333333333331,-4700.0,-7766.666666666666,1.0,1.0,-7.0,1,1
90697,MT,DIAMANTINO,6.0,1.0,4.0,2437.0,406.1666666666667,35000.0,5833.333333333333,4.0,4.0,77.0,5.0,1.0,3.0,2424.0,484.8,59175.0,11835.0,1.0,2.0,218.0,-1.0,0.0,-1.0,-13.0,78.63333333333333,24175.0,6001.666666666667,-3.0,-2.0,141.0,1,1
90700,MT,PONTAL DO ARAGUAIA,16.0,1.0,3.0,5079.0,317.4375,64200.0,4012.5,10.0,5.0,304.0,4.0,1.0,2.0,1136.0,284.0,19450.0,4862.5,0.0,2.0,165.0,-12.0,0.0,-1.0,-3943.0,-33.4375,-44750.0,850.0,-10.0,-3.0,-139.0,1,1
90719,MT,DOM AQUINO,2.0,1.0,2.0,550.0,275.0,8000.0,4000.0,2.0,2.0,21.0,1.0,1.0,1.0,300.0,300.0,7500.0,7500.0,0.0,1.0,18.0,-1.0,0.0,-1.0,-250.0,25.0,-500.0,3500.0,-2.0,-1.0,-3.0,1,1
90727,MT,SAPEZAL,1.0,1.0,1.0,602.0,602.0,5000.0,5000.0,0.0,1.0,12.0,3.0,1.0,1.0,1205.0,401.6666666666667,33000.0,11000.0,0.0,0.0,179.0,2.0,0.0,0.0,603.0,-200.33333333333331,28000.0,6000.0,0.0,-1.0,167.0,1,1
90735,MS,DOURADOS,19.0,1.0,5.0,10682.0,562.2105263157895,140000.0,7368.421052631579,19.0,10.0,183.0,14.0,1.0,4.0,12500.0,892.8571428571429,118000.0,8428.57142857143,2.0,9.0,234.0,-5.0,0.0,-1.0,1818.0,330.6466165413534,-22000.0,1060.1503759398502,-17.0,-1.0,51.0,1,1
90743,MT,CAMPOS DE JÚLIO,2.0,1.0,1.0,712.0,356.0,10000.0,5000.0,0.0,2.0,18.0,4.0,1.0,3.0,1140.0,285.0,41000.0,10250.0,1.0,3.0,43.0,2.0,0.0,2.0,428.0,-71.0,31000.0,5250.0,1.0,1.0,25.0,1,1
90751,MS,FÁTIMA DO SUL,1.0,1.0,1.0,280.0,280.0,5000.0,5000.0,1.0,1.0,14.0,5.0,1.0,2.0,2052.0,410.4,23000.0,4600.0,3.0,1.0,211.0,4.0,0.0,1.0,1772.0,130.39999999999998,18000.0,-400.0,2.0,0.0,197.0,1,1
90760,MT,CARLINDA,1.0,1.0,1.0,250.0,250.0,2000.0,2000.0,1.0,0.0,37.0,1.0,1.0,1.0,150.0,150.0,4000.0,4000.0,0.0,1.0,7.0,0.0,0.0,0.0,-100.0,-100.0,2000.0,2000.0,-1.0,1.0,-30.0,1,1
90778,MT,GENERAL CARNEIRO,7.0,1.0,4.0,2209.0,315.57142857142856,32000.0,4571.428571428572,4.0,2.0,184.0,1.0,1.0,1.0,250.0,250.0,4000.0,4000.0,0.0,1.0,7.0,-6.0,0.0,-3.0,-1959.0,-65.57142857142856,-28000.0,-571.4285714285716,-4.0,-1.0,-177.0,1,1
90786,MT,FELIZ NATAL,1.0,1.0,1.0,250.0,250.0,4000.0,4000.0,1.0,1.0,4.0,3.0,1.0,3.0,1100.0,366.6666666666667,21500.0,7166.666666666667,1.0,2.0,173.0,2.0,0.0,2.0,850.0,116.66666666666669,17500.0,3166.666666666667,0.0,1.0,169.0,1,1
90808,MT,NOVO MUNDO,0.0,0.0,0.0,0.0,,,,0.0,0.0,,3.0,1.0,2.0,1000.0,333.3333333333333,16500.0,5500.0,0.0,1.0,105.0,3.0,1.0,2.0,1000.0,,,,0.0,1.0,,0,1
90816,MS,GUIA LOPES DA LAGUNA,13.0,1.0,5.0,4576.0,352.0,87500.0,6730.7692307692305,11.0,8.0,259.0,5.0,1.0,3.0,2303.0,460.6,32500.0,6500.0,0.0,2.0,94.0,-8.0,0.0,-2.0,-2273.0,108.60000000000002,-55000.0,-230.7692307692305,-11.0,-6.0,-165.0,1,1
90824,MT,GAÚCHA DO NORTE,0.0,0.0,0.0,0.0,,,,0.0,0.0,,1.0,1.0,1.0,400.0,400.0,7000.0,7000.0,0.0,0.0,52.0,1.0,1.0,1.0,400.0,,,,0.0,0.0,,0,1
90832,MT,GUIRATINGA,3.0,1.0,3.0,900.0,300.0,12500.0,4166.666666666667,2.0,3.0,12.0,3.0,1.0,1.0,885.0,295.0,28000.0,9333.333333333334,1.0,2.0,106.0,0.0,0.0,-2.0,-15.0,-5.0,15500.0,5166.666666666667,-1.0,-1.0,94.0,1,1
90840,MT,UNIÃO DO SUL,0.0,0.0,0.0,0.0,,,,0.0,0.0,,1.0,1.0,1.0,120.0,120.0,5000.0,5000.0,0.0,1.0,14.0,1.0,1.0,1.0,120.0,,,,0.0,1.0,,0,1
90859,MS,IGUATEMI,4.0,1.0,3.0,1276.0,319.0,24000.0,6000.0,4.0,3.0,32.0,1.0,1.0,1.0,472.0,472.0,5000.0,5000.0,1.0,1.0,16.0,-3.0,0.0,-2.0,-804.0,153.0,-19000.0,-1000.0,-3.0,-2.0,-16.0,1,1
90867,MT,NOVA LACERDA,1.0,1.0,1.0,300.0,300.0,8000.0,8000.0,1.0,0.0,31.0,0.0,0.0,0.0,0.0,,,,0.0,0.0,,-1.0,-1.0,-1.0,-300.0,,,,-1.0,0.0,,0,1
90875,MS,INOCÊNCIA,5.0,1.0,3.0,1832.0,366.4,57200.0,11440.0,4.0,5.0,13.0,2.0,1.0,2.0,708.0,354.0,15000.0,7500.0,1.0,1.0,76.0,-3.0,0.0,-1.0,-1124.0,-12.399999999999977,-42200.0,-3940.0,-3.0,-4.0,63.0,1,1
90883,MT,NOVA UBIRATÃ,5.0,1.0,3.0,1536.0,307.2,40000.0,8000.0,2.0,3.0,151.0,8.0,1.0,5.0,2775.0,346.875,62000.0,7750.0,0.0,4.0,170.0,3.0,0.0,2.0,1239.0,39.67500000000001,22000.0,-250.0,-2.0,1.0,19.0,1,1
90891,MS,ITAPORÃ,3.0,1.0,1.0,1000.0,333.3333333333333,20000.0,6666.666666666667,3.0,1.0,84.0,8.0,1.0,4.0,3400.0,425.0,40000.0,5000.0,3.0,4.0,234.0,5.0,0.0,3.0,2400.0,91.66666666666669,20000.0,-1666.666666666667,0.0,3.0,150.0,1,1
90905,MT,BOM JESUS DO ARAGUAIA,2.0,1.0,2.0,714.0,357.0,10000.0,5000.0,1.0,0.0,214.0,0.0,0.0,0.0,0.0,,,,0.0,0.0,,-2.0,-1.0,-2.0,-714.0,,,,-1.0,0.0,,0,1
90913,MT,ITIQUIRA,2.0,1.0,1.0,600.0,300.0,10000.0,5000.0,2.0,2.0,21.0,2.0,1.0,1.0,600.0,300.0,26000.0,13000.0,0.0,1.0,37.0,0.0,0.0,0.0,0.0,0.0,16000.0,8000.0,-2.0,-1.0,16.0,1,1
90921,MT,SERRA NOVA DOURADA,4.0,1.0,2.0,1210.0,302.5,19300.0,4825.0,0.0,3.0,49.0,1.0,1.0,1.0,318.0,318.0,7500.0,7500.0,0.0,1.0,25.0,-3.0,0.0,-1.0,-892.0,15.5,-11800.0,2675.0,0.0,-2.0,-24.0,1,1
90930,MS,IVINHEMA,3.0,1.0,3.0,1004.0,334.6666666666667,25000.0,8333.333333333334,2.0,3.0,10.0,2.0,1.0,1.0,800.0,400.0,10000.0,5000.0,2.0,1.0,46.0,-1.0,0.0,-2.0,-204.0,65.33333333333331,-15000.0,-3333.333333333334,0.0,-2.0,36.0,1,1
90948,MT,NOVO SANTO ANTÔNIO,0.0,0.0,0.0,0.0,,,,0.0,0.0,,1.0,1.0,1.0,150.0,150.0,5500.0,5500.0,0.0,1.0,7.0,1.0,1.0,1.0,150.0,,,,0.0,1.0,,0,1
90956,MT,JACIARA,2.0,1.0,2.0,786.0,393.0,8000.0,4000.0,2.0,2.0,30.0,1.0,1.0,1.0,600.0,600.0,8000.0,8000.0,0.0,1.0,17.0,-1.0,0.0,-1.0,-186.0,207.0,0.0,4000.0,-2.0,-1.0,-13.0,1,1
90972,MS,JARAGUARI,0.0,0.0,0.0,0.0,,,,0.0,0.0,,3.0,1.0,2.0,1300.0,433.3333333333333,15000.0,5000.0,1.0,2.0,126.0,3.0,1.0,2.0,1300.0,,,,1.0,2.0,,0,1
90980,MT,SANTA CRUZ DO XINGU,1.0,1.0,1.0,320.0,320.0,3000.0,3000.0,0.0,1.0,14.0,0.0,0.0,0.0,0.0,,,,0.0,0.0,,-1.0,-1.0,-1.0,-320.0,,,,0.0,-1.0,,0,1
90999,MS,JARDIM,15.0,1.0,6.0,5143.0,342.8666666666667,105500.0,7033.333333333333,14.0,8.0,260.0,16.0,1.0,6.0,6415.0,400.9375,102897.0,6431.0625,1.0,9.0,204.0,1.0,0.0,0.0,1272.0,58.070833333333326,-2603.0,-602.270833333333,-13.0,1.0,-56.0,1,1
91006,MT,CONQUISTA D'OESTE,0.0,0.0,0.0,0.0,,,,0.0,0.0,,1.0,1.0,1.0,291.0,291.0,8500.0,8500.0,0.0,1.0,5.0,1.0,1.0,1.0,291.0,,,,0.0,1.0,,0,1
91014,MS,JATEÍ,3.0,1.0,2.0,680.0,226.66666666666666,16000.0,5333.333333333333,2.0,2.0,107.0,4.0,1.0,2.0,1300.0,325.0,19000.0,4750.0,2.0,2.0,211.0,1.0,0.0,0.0,620.0,98.33333333333334,3000.0,-583.333333333333,0.0,0.0,104.0,1,1
91022,MT,VALE DE SÃO DOMINGOS,2.0,1.0,1.0,220.0,110.0,5000.0,2500.0,2.0,2.0,15.0,2.0,1.0,2.0,458.0,229.0,11000.0,5500.0,1.0,1.0,42.0,0.0,0.0,1.0,238.0,119.0,6000.0,3000.0,-1.0,-1.0,27.0,1,1
91030,MS,LADÁRIO,7.0,1.0,4.0,2264.0,323.42857142857144,49000.0,7000.0,6.0,1.0,119.0,5.0,1.0,2.0,2100.0,420.0,24000.0,4800.0,2.0,1.0,175.0,-2.0,0.0,-2.0,-164.0,96.57142857142856,-25000.0,-2200.0,-4.0,0.0,56.0,1,1
91049,MT,SANTA RITA DO TRIVELATO,1.0,1.0,1.0,270.0,270.0,4000.0,4000.0,1.0,1.0,21.0,0.0,0.0,0.0,0.0,,,,0.0,0.0,,-1.0,-1.0,-1.0,-270.0,,,,-1.0,-1.0,,0,1
91057,MT,LUCIARA,3.0,1.0,2.0,850.0,283.3333333333333,12000.0,4000.0,1.0,2.0,39.0,1.0,1.0,1.0,329.0,329.0,6000.0,6000.0,0.0,1.0,15.0,-2.0,0.0,-1.0,-521.0,45.666666666666686,-6000.0,2000.0,-1.0,-1.0,-24.0,1,1
91073,MS,MARACAJU,12.0,1.0,4.0,4509.0,375.75,92000.0,7666.666666666667,10.0,7.0,154.0,2.0,1.0,2.0,900.0,450.0,13000.0,6500.0,0.0,1.0,94.0,-10.0,0.0,-2.0,-3609.0,74.25,-79000.0,-1166.666666666667,-10.0,-6.0,-60.0,1,1
91090,MT,VILA BELA DA SANTÍSSIMA TRINDADE,1.0,1.0,1.0,300.0,300.0,5000.0,5000.0,0.0,1.0,7.0,2.0,1.0,2.0,600.0,300.0,40000.0,20000.0,1.0,2.0,13.0,1.0,0.0,1.0,300.0,0.0,35000.0,15000.0,1.0,1.0,6.0,1,1
91111,MS,MIRANDA,0.0,0.0,0.0,0.0,,,,0.0,0.0,,8.0,1.0,3.0,3803.0,475.375,48000.0,6000.0,0.0,4.0,224.0,8.0,1.0,3.0,3803.0,,,,0.0,4.0,,0,1
91138,MS,NAVIRAÍ,11.0,1.0,5.0,5000.0,454.54545454545456,60000.0,5454.545454545455,8.0,9.0,44.0,7.0,1.0,4.0,3780.0,540.0,60000.0,8571.42857142857,1.0,4.0,40.0,-4.0,0.0,-1.0,-1220.0,85.45454545454544,0.0,3116.8831168831157,-7.0,-5.0,-4.0,1,1
91154,MS,NIOAQUE,6.0,1.0,3.0,2043.0,340.5,38000.0,6333.333333333333,5.0,4.0,134.0,9.0,1.0,4.0,4163.0,462.55555555555554,56000.0,6222.222222222223,0.0,5.0,204.0,3.0,0.0,1.0,2120.0,122.05555555555554,18000.0,-111.1111111111104,-5.0,1.0,70.0,1,1
91170,MT,NOBRES,1.0,1.0,1.0,372.0,372.0,5000.0,5000.0,0.0,1.0,29.0,4.0,1.0,3.0,1387.0,346.75,25000.0,6250.0,1.0,2.0,88.0,3.0,0.0,2.0,1015.0,-25.25,20000.0,1250.0,1.0,1.0,59.0,1,1
91197,MT,NORTELÂNDIA,5.0,1.0,2.0,1780.0,356.0,23000.0,4600.0,4.0,4.0,46.0,8.0,1.0,3.0,2806.0,350.75,46000.0,5750.0,1.0,4.0,207.0,3.0,0.0,1.0,1026.0,-5.25,23000.0,1150.0,-3.0,0.0,161.0,1,1
91219,MT,NOSSA SENHORA DO LIVRAMENTO,2.0,1.0,2.0,658.0,329.0,13100.0,6550.0,2.0,2.0,10.0,1.0,1.0,1.0,400.0,400.0,10000.0,10000.0,1.0,0.0,70.0,-1.0,0.0,-1.0,-258.0,71.0,-3100.0,3450.0,-1.0,-2.0,60.0,1,1
91235,MS,NOVA ANDRADINA,4.0,1.0,2.0,1640.0,410.0,30000.0,7500.0,4.0,4.0,14.0,10.0,1.0,4.0,5003.0,500.3,59000.0,5900.0,2.0,7.0,231.0,6.0,0.0,2.0,3363.0,90.30000000000001,29000.0,-1600.0,-2.0,3.0,217.0,1,1
91251,MS,PARANAÍBA,6.0,1.0,3.0,2302.0,383.6666666666667,99600.0,16600.0,6.0,6.0,22.0,4.0,1.0,3.0,1703.0,425.75,26000.0,6500.0,0.0,3.0,45.0,-2.0,0.0,0.0,-599.0,42.083333333333314,-73600.0,-10100.0,-6.0,-3.0,23.0,1,1
91278,MS,PEDRO GOMES,0.0,0.0,0.0,0.0,,,,0.0,0.0,,1.0,1.0,1.0,300.0,300.0,4000.0,4000.0,0.0,0.0,104.0,1.0,1.0,1.0,300.0,,,,0.0,0.0,,0,1
91294,MT,POCONÉ,3.0,1.0,2.0,913.0,304.3333333333333,18000.0,6000.0,1.0,3.0,25.0,5.0,1.0,3.0,2040.0,408.0,39000.0,7800.0,1.0,3.0,240.0,2.0,0.0,1.0,1127.0,103.66666666666669,21000.0,1800.0,0.0,0.0,215.0,1,1
91316,MS,PONTA PORÃ,6.0,1.0,1.0,2400.0,400.0,46000.0,7666.666666666667,6.0,2.0,241.0,9.0,1.0,5.0,6501.0,722.3333333333334,68500.0,7611.111111111111,0.0,5.0,104.0,3.0,0.0,4.0,4101.0,322.33333333333337,22500.0,-55.55555555555566,-6.0,3.0,-137.0,1,1
91359,MT,PORTO DOS GAÚCHOS,1.0,1.0,1.0,250.0,250.0,4000.0,4000.0,1.0,1.0,4.0,0.0,0.0,0.0,0.0,,,,0.0,0.0,,-1.0,-1.0,-1.0,-250.0,,,,-1.0,-1.0,,0,1
91375,MS,PORTO MURTINHO,1.0,1.0,1.0,250.0,250.0,7500.0,7500.0,1.0,1.0,7.0,1.0,1.0,1.0,303.0,303.0,10000.0,10000.0,0.0,1.0,20.0,0.0,0.0,0.0,53.0,53.0,2500.0,2500.0,-1.0,0.0,13.0,1,1
91413,MS,RIBAS DO RIO PARDO,11.0,1.0,4.0,4410.0,400.90909090909093,82000.0,7454.545454545455,11.0,8.0,79.0,4.0,1.0,2.0,2000.0,500.0,21000.0,5250.0,0.0,2.0,159.0,-7.0,0.0,-2.0,-2410.0,99.09090909090907,-61000.0,-2204.545454545455,-11.0,-6.0,80.0,1,1
91430,MS,RIO BRILHANTE,8.0,1.0,5.0,2808.0,351.0,49000.0,6125.0,8.0,7.0,116.0,6.0,1.0,2.0,3285.0,547.5,29000.0,4833.333333333333,3.0,1.0,162.0,-2.0,0.0,-3.0,477.0,196.5,-20000.0,-1291.666666666667,-5.0,-6.0,46.0,1,1
91456,MS,RIO NEGRO,1.0,1.0,1.0,140.0,140.0,6000.0,6000.0,1.0,0.0,53.0,0.0,0.0,0.0,0.0,,,,0.0,0.0,,-1.0,-1.0,-1.0,-140.0,,,,-1.0,0.0,,0,1
91472,MS,RIO VERDE DE MATO GROSSO,9.0,1.0,4.0,3112.0,345.77777777777777,61000.0,6777.777777777777,9.0,8.0,31.0,3.0,1.0,2.0,1306.0,435.3333333333333,18900.0,6300.0,0.0,1.0,149.0,-6.0,0.0,-2.0,-1806.0,89.55555555555554,-42100.0,-477.7777777777774,-9.0,-7.0,118.0,1,1
91499,MS,ROCHEDO,1.0,1.0,1.0,220.0,220.0,6000.0,6000.0,1.0,1.0,17.0,3.0,1.0,2.0,1022.0,340.6666666666667,16000.0,5333.333333333333,0.0,2.0,74.0,2.0,0.0,1.0,802.0,120.66666666666669,10000.0,-666.666666666667,-1.0,1.0,57.0,1,1
91510,MT,RONDONÓPOLIS,8.0,1.0,7.0,3856.0,482.0,119500.0,14937.5,6.0,7.0,48.0,16.0,1.0,9.0,10282.0,642.625,193250.0,12078.125,2.0,9.0,201.0,8.0,0.0,2.0,6426.0,160.625,73750.0,-2859.375,-4.0,2.0,153.0,1,1
91537,MT,ROSÁRIO OESTE,0.0,0.0,0.0,0.0,,,,0.0,0.0,,3.0,1.0,2.0,1393.0,464.3333333333333,26000.0,8666.666666666666,2.0,1.0,55.0,3.0,1.0,2.0,1393.0,,,,2.0,1.0,,0,1
91553,MT,SANTO ANTÔNIO DO LEVERGER,4.0,1.0,3.0,1772.0,443.0,23000.0,5750.0,4.0,4.0,17.0,7.0,1.0,4.0,2940.0,420.0,70000.0,10000.0,3.0,2.0,229.0,3.0,0.0,1.0,1168.0,-23.0,47000.0,4250.0,-1.0,-2.0,212.0,1,1
91570,MS,SIDROLÂNDIA,15.0,1.0,6.0,6885.0,459.0,123500.0,8233.333333333334,12.0,4.0,56.0,9.0,1.0,4.0,4600.0,511.1111111111111,63000.0,7000.0,1.0,6.0,70.0,-6.0,0.0,-2.0,-2285.0,52.111111111111086,-60500.0,-1233.333333333334,-11.0,2.0,14.0,1,1
91596,MS,TERENOS,3.0,1.0,1.0,1200.0,400.0,22000.0,7333.333333333333,3.0,2.0,63.0,4.0,1.0,1.0,1800.0,450.0,27000.0,6750.0,0.0,2.0,250.0,1.0,0.0,0.0,600.0,50.0,5000.0,-583.333333333333,-3.0,0.0,187.0,1,1
91634,MT,TORIXORÉU,9.0,1.0,3.0,3151.0,350.1111111111111,29500.0,3277.777777777778,7.0,3.0,115.0,4.0,1.0,2.0,1013.0,253.25,14500.0,3625.0,1.0,1.0,166.0,-5.0,0.0,-1.0,-2138.0,-96.86111111111109,-15000.0,347.2222222222222,-6.0,-2.0,51.0,1,1
91650,MS,TRÊS LAGOAS,12.0,1.0,6.0,5259.0,438.25,133490.0,11124.166666666666,7.0,8.0,111.0,3.0,1.0,2.0,2400.0,800.0,13500.0,4500.0,0.0,1.0,215.0,-9.0,0.0,-4.0,-2859.0,361.75,-119990.0,-6624.166666666666,-7.0,-7.0,104.0,1,1
91677,MT,VÁRZEA GRANDE,28.0,1.0,7.0,15206.0,543.0714285714286,224000.0,8000.0,27.0,19.0,100.0,14.0,1.0,7.0,9366.0,669.0,181000.0,12928.57142857143,5.0,6.0,228.0,-14.0,0.0,0.0,-5840.0,125.92857142857144,-43000.0,4928.571428571429,-22.0,-13.0,128.0,1,1
91693,MS,ANGÉLICA,3.0,1.0,3.0,1320.0,440.0,21000.0,7000.0,2.0,1.0,9.0,5.0,1.0,2.0,2300.0,460.0,24000.0,4800.0,2.0,1.0,153.0,2.0,0.0,-1.0,980.0,20.0,3000.0,-2200.0,0.0,0.0,144.0,1,1
91715,MS,ARAL MOREIRA,8.0,1.0,4.0,2800.0,350.0,47500.0,5937.5,7.0,3.0,144.0,2.0,1.0,2.0,1000.0,500.0,10000.0,5000.0,1.0,2.0,17.0,-6.0,0.0,-2.0,-1800.0,150.0,-37500.0,-937.5,-6.0,-1.0,-127.0,1,1
91731,MS,ELDORADO,0.0,0.0,0.0,0.0,,,,0.0,0.0,,3.0,1.0,3.0,1100.0,366.6666666666667,20000.0,6666.666666666667,0.0,2.0,40.0,3.0,1.0,3.0,1100.0,,,,0.0,2.0,,0,1
91758,MS,DEODÁPOLIS,5.0,1.0,3.0,1616.0,323.2,26000.0,5200.0,2.0,3.0,131.0,6.0,1.0,3.0,2450.0,408.3333333333333,28000.0,4666.666666666667,2.0,1.0,211.0,1.0,0.0,0.0,834.0,85.13333333333333,2000.0,-533.333333333333,0.0,-2.0,80.0,1,1
91774,MT,MIRASSOL D'OESTE,1.0,1.0,1.0,340.0,340.0,5000.0,5000.0,1.0,1.0,6.0,0.0,0.0,0.0,0.0,,,,0.0,0.0,,-1.0,-1.0,-1.0,-340.0,,,,-1.0,-1.0,,0,1
91782,MS,CHAPADÃO DO SUL,2.0,1.0,1.0,754.0,377.0,33600.0,16800.0,2.0,2.0,15.0,3.0,1.0,2.0,1400.0,466.6666666666667,22000.0,7333.333333333333,1.0,1.0,76.0,1.0,0.0,1.0,646.0,89.66666666666669,-11600.0,-9466.666666666668,-1.0,-1.0,61.0,1,1
91790,MS,MUNDO NOVO,3.0,1.0,3.0,1088.0,362.6666666666667,19000.0,6333.333333333333,3.0,3.0,22.0,3.0,1.0,2.0,1358.0,452.6666666666667,17000.0,5666.666666666667,0.0,3.0,27.0,0.0,0.0,-1.0,270.0,90.0,-2000.0,-666.6666666666661,-3.0,0.0,5.0,1,1
91804,MS,DOIS IRMÃOS DO BURITI,2.0,1.0,2.0,550.0,275.0,10000.0,5000.0,2.0,1.0,53.0,1.0,1.0,1.0,300.0,300.0,5000.0,5000.0,1.0,1.0,3.0,-1.0,0.0,-1.0,-250.0,25.0,-5000.0,0.0,-1.0,0.0,-50.0,1,1
91812,MT,PEDRA PRETA,3.0,1.0,3.0,1026.0,342.0,14000.0,4666.666666666667,2.0,3.0,26.0,2.0,1.0,1.0,750.0,375.0,13000.0,6500.0,0.0,1.0,33.0,-1.0,0.0,-2.0,-276.0,33.0,-1000.0,1833.333333333333,-2.0,-2.0,7.0,1,1
91820,MS,JUTI,4.0,1.0,3.0,1320.0,330.0,24000.0,6000.0,3.0,4.0,13.0,2.0,1.0,2.0,700.0,350.0,10000.0,5000.0,1.0,2.0,9.0,-2.0,0.0,-1.0,-620.0,20.0,-14000.0,-1000.0,-2.0,-2.0,-4.0,1,1
91839,MT,SÃO FÉLIX DO ARAGUAIA,3.0,1.0,3.0,1032.0,344.0,11000.0,3666.6666666666665,1.0,3.0,21.0,1.0,1.0,1.0,300.0,300.0,10000.0,10000.0,0.0,1.0,25.0,-2.0,0.0,-2.0,-732.0,-44.0,-1000.0,6333.333333333334,-1.0,-2.0,4.0,1,1
91847,MS,PARANHOS,7.0,1.0,4.0,2912.0,416.0,54000.0,7714.285714285715,5.0,2.0,74.0,2.0,1.0,2.0,750.0,375.0,12000.0,6000.0,0.0,1.0,9.0,-5.0,0.0,-2.0,-2162.0,-41.0,-42000.0,-1714.2857142857147,-5.0,-1.0,-65.0,1,1
91855,MT,TANGARÁ DA SERRA,6.0,1.0,4.0,2300.0,383.3333333333333,29800.0,4966.666666666667,4.0,5.0,42.0,3.0,1.0,1.0,1320.0,440.0,12000.0,4000.0,1.0,1.0,276.0,-3.0,0.0,-3.0,-980.0,56.666666666666686,-17800.0,-966.666666666667,-3.0,-4.0,234.0,1,1
91863,MS,SANTA RITA DO PARDO,5.0,1.0,2.0,1500.0,300.0,28500.0,5700.0,4.0,2.0,74.0,1.0,1.0,1.0,800.0,800.0,5000.0,5000.0,0.0,0.0,90.0,-4.0,0.0,-1.0,-700.0,500.0,-23500.0,-700.0,-4.0,-2.0,16.0,1,1
91880,MS,SONORA,4.0,1.0,3.0,1304.0,326.0,24000.0,6000.0,4.0,2.0,70.0,3.0,1.0,1.0,1500.0,500.0,14000.0,4666.666666666667,0.0,2.0,115.0,-1.0,0.0,-2.0,196.0,174.0,-10000.0,-1333.333333333333,-4.0,0.0,45.0,1,1
91898,MT,JUSCIMEIRA,3.0,1.0,3.0,951.0,317.0,16000.0,5333.333333333333,3.0,2.0,29.0,3.0,1.0,3.0,1300.0,433.3333333333333,26000.0,8666.666666666666,1.0,1.0,128.0,0.0,0.0,0.0,349.0,116.33333333333331,10000.0,3333.333333333333,-2.0,-1.0,99.0,1,1
91901,MS,VICENTINA,0.0,0.0,0.0,0.0,,,,0.0,0.0,,4.0,1.0,1.0,1300.0,325.0,18000.0,4500.0,0.0,1.0,224.0,4.0,1.0,1.0,1300.0,,,,0.0,1.0,,0,1
91910,MT,ÁGUA BOA,3.0,1.0,3.0,1026.0,342.0,24046.25,8015.416666666667,1.0,1.0,66.0,3.0,1.0,2.0,1302.0,434.0,43500.0,14500.0,0.0,2.0,48.0,0.0,0.0,-1.0,276.0,92.0,19453.75,6484.583333333333,-1.0,1.0,-18.0,1,1
91936,MT,CANARANA,2.0,1.0,1.0,1114.0,557.0,8000.0,4000.0,1.0,1.0,67.0,5.0,1.0,3.0,2471.0,494.2,45000.0,9000.0,0.0,3.0,32.0,3.0,0.0,2.0,1357.0,-62.80000000000001,37000.0,5000.0,-1.0,2.0,-35.0,1,1
91952,MT,NOVA XAVANTINA,9.0,1.0,4.0,3705.0,411.6666666666667,47500.0,5277.777777777777,5.0,4.0,244.0,2.0,1.0,2.0,700.0,350.0,10500.0,5250.0,0.0,2.0,30.0,-7.0,0.0,-2.0,-3005.0,-61.666666666666686,-37000.0,-27.777777777777374,-5.0,-2.0,-214.0,1,1
91979,MT,SANTA TEREZINHA,1.0,1.0,1.0,380.0,380.0,4000.0,4000.0,0.0,1.0,22.0,0.0,0.0,0.0,0.0,,,,0.0,0.0,,-1.0,-1.0,-1.0,-380.0,,,,0.0,-1.0,,0,1
91995,MT,SÃO JOSÉ DO RIO CLARO,0.0,0.0,0.0,0.0,,,,0.0,0.0,,1.0,1.0,1.0,400.0,400.0,15000.0,15000.0,0.0,1.0,7.0,1.0,1.0,1.0,400.0,,,,0.0,1.0,,0,1
92002,TO,BERNARDO SAYÃO,5.0,1.0,4.0,1310.0,262.0,15000.0,3000.0,4.0,5.0,11.0,4.0,1.0,4.0,1060.0,265.0,16500.0,4125.0,1.0,4.0,19.0,-1.0,0.0,0.0,-250.0,3.0,1500.0,1125.0,-3.0,-1.0,8.0,1,1
92010,GO,ABADIÂNIA,6.0,1.0,4.0,2027.0,337.8333333333333,11250.0,1875.0,4.0,2.0,279.0,4.0,1.0,3.0,1451.0,362.75,45000.0,11250.0,1.0,2.0,197.0,-2.0,0.0,-1.0,-576.0,24.916666666666686,33750.0,9375.0,-3.0,0.0,-82.0,1,1
92029,GO,BONFINÓPOLIS,12.0,1.0,6.0,3745.0,312.0833333333333,45800.0,3816.6666666666665,9.0,3.0,286.0,12.0,1.0,7.0,3975.0,331.25,53000.0,4416.666666666667,3.0,7.0,155.0,0.0,0.0,1.0,230.0,19.166666666666686,7200.0,600.0000000000005,-6.0,4.0,-131.0,1,1
92037,GO,ÁGUA LIMPA,7.0,1.0,4.0,1988.0,284.0,22500.0,3214.285714285714,6.0,3.0,109.0,1.0,1.0,1.0,300.0,300.0,3000.0,3000.0,1.0,0.0,195.0,-6.0,0.0,-3.0,-1688.0,16.0,-19500.0,-214.28571428571422,-5.0,-3.0,86.0,1,1
92045,TO,BURITI DO TOCANTINS,6.0,1.0,6.0,2137.0,356.1666666666667,24000.0,4000.0,6.0,5.0,41.0,3.0,1.0,3.0,610.0,203.33333333333334,13500.0,4500.0,2.0,2.0,67.0,-3.0,0.0,-3.0,-1527.0,-152.83333333333334,-10500.0,500.0,-4.0,-3.0,26.0,1,1
92053,GO,ALEXÂNIA,7.0,1.0,6.0,2354.0,336.2857142857143,32100.0,4585.714285714285,5.0,3.0,100.0,12.0,1.0,9.0,5399.0,449.9166666666667,60300.0,5025.0,2.0,7.0,192.0,5.0,0.0,3.0,3045.0,113.63095238095241,28200.0,439.2857142857147,-3.0,4.0,92.0,1,1
92061,GO,CAMPOS VERDES,7.0,1.0,4.0,2357.0,336.7142857142857,23600.0,3371.4285714285716,6.0,5.0,52.0,11.0,1.0,6.0,3043.0,276.6363636363636,37700.0,3427.2727272727275,3.0,5.0,250.0,4.0,0.0,2.0,686.0,-60.077922077922096,14100.0,55.84415584415592,-3.0,0.0,198.0,1,1
92070,TO,ALMAS,2.0,1.0,2.0,550.0,275.0,12800.0,6400.0,2.0,2.0,28.0,10.0,1.0,6.0,3320.0,332.0,52500.0,5250.0,9.0,6.0,110.0,8.0,0.0,4.0,2770.0,57.0,39700.0,-1150.0,7.0,4.0,82.0,1,1
92088,TO,CASEARA,2.0,1.0,2.0,520.0,260.0,2750.0,1375.0,2.0,0.0,184.0,4.0,1.0,3.0,764.0,191.0,11000.0,2750.0,2.0,2.0,122.0,2.0,0.0,1.0,244.0,-69.0,8250.0,1375.0,0.0,2.0,-62.0,1,1
92096,GO,ALOÂNDIA,1.0,1.0,1.0,250.0,250.0,5500.0,5500.0,1.0,1.0,8.0,1.0,1.0,1.0,277.0,277.0,2000.0,2000.0,1.0,0.0,78.0,0.0,0.0,0.0,27.0,27.0,-3500.0,-3500.0,0.0,-1.0,70.0,1,1
92100,GO,CEZARINA,5.0,1.0,2.0,1869.0,373.8,23500.0,4700.0,3.0,3.0,159.0,4.0,1.0,3.0,1902.0,475.5,20500.0,5125.0,0.0,2.0,115.0,-1.0,0.0,1.0,33.0,101.69999999999999,-3000.0,425.0,-3.0,-1.0,-44.0,1,1
92118,GO,ALTO PARAÍSO DE GOIÁS,3.0,1.0,2.0,982.0,327.3333333333333,5150.0,1716.6666666666667,3.0,1.0,89.0,2.0,1.0,2.0,700.0,350.0,8000.0,4000.0,0.0,1.0,92.0,-1.0,0.0,0.0,-282.0,22.666666666666686,2850.0,2283.333333333333,-3.0,0.0,3.0,1,1
92126,GO,COLINAS DO SUL,4.0,1.0,2.0,1269.0,317.25,7650.0,1912.5,4.0,0.0,112.0,5.0,1.0,3.0,1448.0,289.6,15500.0,3100.0,3.0,2.0,216.0,1.0,0.0,1.0,179.0,-27.649999999999977,7850.0,1187.5,-1.0,2.0,104.0,1,1
92134,TO,ALVORADA,5.0,1.0,2.0,1240.0,248.0,24000.0,4800.0,5.0,2.0,248.0,5.0,1.0,2.0,1180.0,236.0,23000.0,4600.0,5.0,4.0,41.0,0.0,0.0,0.0,-60.0,-12.0,-1000.0,-200.0,0.0,2.0,-207.0,1,1
92142,TO,COMBINADO,2.0,1.0,2.0,500.0,250.0,8000.0,4000.0,2.0,1.0,10.0,3.0,1.0,3.0,750.0,250.0,11000.0,3666.6666666666665,2.0,3.0,15.0,1.0,0.0,1.0,250.0,0.0,3000.0,-333.3333333333335,0.0,2.0,5.0,1,1
92150,GO,ALVORADA DO NORTE,2.0,1.0,1.0,684.0,342.0,2650.0,1325.0,2.0,0.0,87.0,0.0,0.0,0.0,0.0,,,,0.0,0.0,,-2.0,-1.0,-1.0,-684.0,,,,-2.0,0.0,,0,1
92169,GO,MORRO AGUDO DE GOIÁS,1.0,1.0,1.0,333.0,333.0,2000.0,2000.0,1.0,0.0,36.0,1.0,1.0,1.0,300.0,300.0,3000.0,3000.0,0.0,1.0,10.0,0.0,0.0,0.0,-33.0,-33.0,1000.0,1000.0,-1.0,1.0,-26.0,1,1
92177,GO,AMORINÓPOLIS,2.0,1.0,2.0,600.0,300.0,5000.0,2500.0,2.0,2.0,17.0,2.0,1.0,2.0,554.0,277.0,7000.0,3500.0,2.0,2.0,11.0,0.0,0.0,0.0,-46.0,-23.0,2000.0,1000.0,0.0,0.0,-6.0,1,1
92185,TO,DIVINÓPOLIS DO TOCANTINS,1.0,1.0,1.0,200.0,200.0,1500.0,1500.0,1.0,0.0,184.0,3.0,1.0,3.0,1100.0,366.6666666666667,11000.0,3666.6666666666665,3.0,3.0,13.0,2.0,0.0,2.0,900.0,166.66666666666669,9500.0,2166.6666666666665,2.0,3.0,-171.0,1,1
92193,TO,ANANÁS,4.0,1.0,4.0,1240.0,310.0,17700.0,4425.0,4.0,4.0,21.0,11.0,1.0,7.0,3130.0,284.54545454545456,42900.0,3900.0,8.0,4.0,145.0,7.0,0.0,3.0,1890.0,-25.45454545454544,25200.0,-525.0,4.0,0.0,124.0,1,1
92207,GO,EDEALINA,1.0,1.0,1.0,350.0,350.0,2000.0,2000.0,1.0,1.0,28.0,2.0,1.0,2.0,479.0,239.5,4000.0,2000.0,1.0,0.0,122.0,1.0,0.0,1.0,129.0,-110.5,2000.0,0.0,0.0,-1.0,94.0,1,1
92215,GO,ANÁPOLIS,20.0,1.0,9.0,11012.0,550.6,145304.0,7265.2,12.0,10.0,93.0,65.0,1.0,16.0,48206.0,741.6307692307693,840463.0,12930.2,5.0,19.0,255.0,45.0,0.0,7.0,37194.0,191.03076923076924,695159.0,5665.000000000001,-7.0,9.0,162.0,1,1
92223,GO,FAINA,1.0,1.0,1.0,360.0,360.0,2000.0,2000.0,0.0,1.0,11.0,3.0,1.0,2.0,1830.0,610.0,13000.0,4333.333333333333,0.0,3.0,17.0,2.0,0.0,1.0,1470.0,250.0,11000.0,2333.333333333333,0.0,2.0,6.0,1,1
92231,GO,ANHANGÜERA,3.0,1.0,3.0,674.0,224.66666666666666,6300.0,2100.0,2.0,2.0,77.0,2.0,1.0,1.0,500.0,250.0,5500.0,2750.0,0.0,1.0,64.0,-1.0,0.0,-2.0,-174.0,25.333333333333343,-800.0,650.0,-2.0,-1.0,-13.0,1,1
92240,TO,GOIANORTE,2.0,1.0,2.0,472.0,236.0,5000.0,2500.0,2.0,1.0,33.0,0.0,0.0,0.0,0.0,,,,0.0,0.0,,-2.0,-1.0,-2.0,-472.0,,,,-2.0,-1.0,,0,1
92258,GO,ANICUNS,6.0,1.0,3.0,1881.0,313.5,26150.0,4358.333333333333,5.0,3.0,144.0,7.0,1.0,3.0,2153.0,307.57142857142856,40000.0,5714.285714285715,1.0,2.0,132.0,1.0,0.0,0.0,272.0,-5.928571428571445,13850.0,1355.9523809523816,-4.0,-1.0,-12.0,1,1
92266,GO,GOUVELÂNDIA,3.0,1.0,3.0,889.0,296.3333333333333,9600.0,3200.0,2.0,3.0,29.0,3.0,1.0,3.0,991.0,330.3333333333333,12000.0,4000.0,2.0,2.0,160.0,0.0,0.0,0.0,102.0,34.0,2400.0,800.0,0.0,-1.0,131.0,1,1
92274,GO,APARECIDA DE GOIÂNIA,8.0,1.0,5.0,4364.0,545.5,51992.0,6499.0,5.0,4.0,286.0,56.0,1.0,16.0,40782.0,728.25,834868.0,14908.357142857143,11.0,20.0,282.0,48.0,0.0,11.0,36418.0,182.75,782876.0,8409.357142857143,6.0,16.0,-4.0,1,1
92282,GO,ITAGUARI,4.0,1.0,3.0,1441.0,360.25,7150.0,1787.5,4.0,3.0,79.0,1.0,1.0,1.0,400.0,400.0,2500.0,2500.0,1.0,0.0,198.0,-3.0,0.0,-2.0,-1041.0,39.75,-4650.0,712.5,-3.0,-3.0,119.0,1,1
92290,GO,APORÉ,0.0,0.0,0.0,0.0,,,,0.0,0.0,,2.0,1.0,2.0,629.0,314.5,7500.0,3750.0,2.0,2.0,18.0,2.0,1.0,2.0,629.0,,,,2.0,2.0,,0,1
92304,TO,MARIANÓPOLIS DO TOCANTINS,7.0,1.0,3.0,1926.0,275.14285714285717,8500.0,1214.2857142857142,7.0,3.0,184.0,3.0,1.0,2.0,1100.0,366.6666666666667,12500.0,4166.666666666667,2.0,2.0,48.0,-4.0,0.0,-1.0,-826.0,91.52380952380952,4000.0,2952.3809523809527,-5.0,-1.0,-136.0,1,1
92312,GO,ARAÇU,3.0,1.0,1.0,961.0,320.3333333333333,4650.0,1550.0,3.0,1.0,159.0,3.0,1.0,1.0,1068.0,356.0,20000.0,6666.666666666667,0.0,1.0,126.0,0.0,0.0,0.0,107.0,35.666666666666686,15350.0,5116.666666666667,-3.0,0.0,-33.0,1,1
92320,GO,MATRINCHÃ,3.0,1.0,2.0,953.0,317.6666666666667,10000.0,3333.3333333333335,3.0,2.0,46.0,1.0,1.0,1.0,410.0,410.0,3000.0,3000.0,0.0,0.0,70.0,-2.0,0.0,-1.0,-543.0,92.33333333333331,-7000.0,-333.3333333333335,-3.0,-2.0,24.0,1,1
92339,GO,ARAGARÇAS,8.0,1.0,4.0,3143.0,392.875,26500.0,3312.5,7.0,4.0,76.0,9.0,1.0,5.0,3005.0,333.8888888888889,36000.0,4000.0,3.0,5.0,179.0,1.0,0.0,1.0,-138.0,-58.986111111111086,9500.0,687.5,-4.0,1.0,103.0,1,1
92347,GO,MIMOSO DE GOIÁS,2.0,1.0,1.0,621.0,310.5,4000.0,2000.0,2.0,0.0,123.0,0.0,0.0,0.0,0.0,,,,0.0,0.0,,-2.0,-1.0,-1.0,-621.0,,,,-2.0,0.0,,0,1
92355,GO,ARAGOIÂNIA,9.0,1.0,6.0,3014.0,334.8888888888889,39800.0,4422.222222222223,7.0,6.0,174.0,5.0,1.0,4.0,1580.0,316.0,25350.0,5070.0,1.0,3.0,53.0,-4.0,0.0,-2.0,-1434.0,-18.888888888888914,-14450.0,647.7777777777774,-6.0,-3.0,-121.0,1,1
92363,GO,MONTIVIDIU,18.0,1.0,9.0,6852.0,380.6666666666667,60700.0,3372.222222222222,9.0,9.0,256.0,4.0,1.0,4.0,1382.0,345.5,18500.0,4625.0,2.0,3.0,33.0,-14.0,0.0,-5.0,-5470.0,-35.166666666666686,-42200.0,1252.7777777777778,-7.0,-6.0,-223.0,1,1
92371,TO,ARAGUACEMA,3.0,1.0,2.0,2237.0,745.6666666666666,8750.0,2916.6666666666665,3.0,2.0,39.0,3.0,1.0,3.0,1020.0,340.0,11151.7,3717.2333333333336,2.0,2.0,206.0,0.0,0.0,1.0,-1217.0,-405.66666666666663,2401.7000000000007,800.5666666666671,-1.0,0.0,167.0,1,1
92398,TO,ARAGUAÇU,5.0,1.0,5.0,2167.0,433.4,20200.0,4040.0,5.0,4.0,52.0,4.0,1.0,3.0,1137.0,284.25,20715.0,5178.75,4.0,2.0,79.0,-1.0,0.0,-2.0,-1030.0,-149.14999999999998,515.0,1138.75,-1.0,-2.0,27.0,1,1
92401,TO,NOVA ROSALÂNDIA,0.0,0.0,0.0,0.0,,,,0.0,0.0,,5.0,1.0,3.0,1075.0,215.0,23000.0,4600.0,4.0,2.0,123.0,5.0,1.0,3.0,1075.0,,,,4.0,2.0,,0,1
92410,TO,ARAGUAÍNA,12.0,1.0,7.0,7256.0,604.6666666666666,130606.0,10883.833333333334,8.0,7.0,40.0,12.0,1.0,5.0,8705.0,725.4166666666666,242613.34,20217.778333333332,8.0,4.0,142.0,0.0,0.0,-2.0,1449.0,120.75,112007.34,9333.944999999998,0.0,-3.0,102.0,1,1
92436,TO,ARAGUATINS,6.0,1.0,3.0,2710.0,451.6666666666667,24500.0,4083.3333333333335,6.0,5.0,42.0,7.0,1.0,3.0,2381.0,340.14285714285717,39500.0,5642.857142857143,6.0,2.0,264.0,1.0,0.0,0.0,-329.0,-111.52380952380952,15000.0,1559.5238095238096,0.0,-3.0,222.0,1,1
92444,GO,NOVO PLANALTO,3.0,1.0,3.0,928.0,309.3333333333333,8000.0,2666.6666666666665,3.0,2.0,31.0,1.0,1.0,1.0,314.0,314.0,10000.0,10000.0,0.0,1.0,5.0,-2.0,0.0,-2.0,-614.0,4.666666666666686,2000.0,7333.333333333334,-3.0,-1.0,-26.0,1,1
92452,TO,ARAPOEMA,1.0,1.0,1.0,400.0,400.0,8000.0,8000.0,1.0,1.0,7.0,1.0,1.0,1.0,300.0,300.0,2250.0,2250.0,0.0,1.0,19.0,0.0,0.0,0.0,-100.0,-100.0,-5750.0,-5750.0,-1.0,0.0,12.0,1,1
92460,GO,PALESTINA DE GOIÁS,5.0,1.0,2.0,1704.0,340.8,10500.0,2100.0,5.0,3.0,57.0,4.0,1.0,2.0,1003.0,250.75,10500.0,2625.0,4.0,3.0,75.0,-1.0,0.0,0.0,-701.0,-90.05000000000001,0.0,525.0,-1.0,0.0,18.0,1,1
92479,TO,ARRAIAS,5.0,1.0,3.0,1317.0,263.4,26000.0,5200.0,5.0,3.0,136.0,1.0,1.0,1.0,175.0,175.0,7000.0,7000.0,1.0,1.0,12.0,-4.0,0.0,-2.0,-1142.0,-88.39999999999998,-19000.0,1800.0,-4.0,-2.0,-124.0,1,1
92487,TO,PEQUIZEIRO,4.0,1.0,3.0,690.0,172.5,12500.0,3125.0,3.0,4.0,20.0,4.0,1.0,4.0,1014.0,253.5,16000.0,4000.0,0.0,4.0,22.0,0.0,0.0,1.0,324.0,81.0,3500.0,875.0,-3.0,0.0,2.0,1,1
92495,GO,ARUANÃ,1.0,1.0,1.0,300.0,300.0,6000.0,6000.0,1.0,1.0,7.0,0.0,0.0,0.0,0.0,,,,0.0,0.0,,-1.0,-1.0,-1.0,-300.0,,,,-1.0,-1.0,,0,1
92509,TO,PORTO ALEGRE DO TOCANTINS,1.0,1.0,1.0,130.0,130.0,4000.0,4000.0,1.0,0.0,36.0,7.0,1.0,2.0,958.0,136.85714285714286,30000.0,4285.714285714285,6.0,2.0,255.0,6.0,0.0,1.0,828.0,6.857142857142861,26000.0,285.7142857142853,5.0,2.0,219.0,1,1
92517,GO,AURILÂNDIA,2.0,1.0,1.0,669.0,334.5,4000.0,2000.0,2.0,1.0,165.0,0.0,0.0,0.0,0.0,,,,0.0,0.0,,-2.0,-1.0,-1.0,-669.0,,,,-2.0,-1.0,,0,1
92525,TO,PRAIA NORTE,1.0,1.0,1.0,110.0,110.0,3000.0,3000.0,0.0,0.0,32.0,8.0,1.0,5.0,1980.0,247.5,33000.0,4125.0,2.0,7.0,37.0,7.0,0.0,4.0,1870.0,137.5,30000.0,1125.0,2.0,7.0,5.0,1,1
92533,TO,AURORA DO TOCANTINS,0.0,0.0,0.0,0.0,,,,0.0,0.0,,1.0,1.0,1.0,300.0,300.0,5000.0,5000.0,0.0,1.0,9.0,1.0,1.0,1.0,300.0,,,,0.0,1.0,,0,1
92541,TO,SAMPAIO,3.0,1.0,2.0,1655.0,551.6666666666666,7500.0,2500.0,2.0,2.0,32.0,6.0,1.0,4.0,1433.0,238.83333333333334,18500.0,3083.3333333333335,2.0,5.0,54.0,3.0,0.0,2.0,-222.0,-312.83333333333326,11000.0,583.3333333333335,0.0,3.0,22.0,1,1
92550,GO,AVELINÓPOLIS,3.0,1.0,1.0,974.0,324.6666666666667,4650.0,1550.0,3.0,0.0,152.0,7.0,1.0,5.0,2546.0,363.7142857142857,19500.0,2785.714285714286,1.0,2.0,197.0,4.0,0.0,4.0,1572.0,39.04761904761904,14850.0,1235.7142857142858,-2.0,2.0,45.0,1,1
92568,GO,SANTA FÉ DE GOIÁS,2.0,1.0,2.0,531.0,265.5,12500.0,6250.0,1.0,1.0,37.0,2.0,1.0,2.0,629.0,314.5,12000.0,6000.0,0.0,2.0,12.0,0.0,0.0,0.0,98.0,49.0,-500.0,-250.0,-1.0,1.0,-25.0,1,1
92576,TO,AXIXÁ DO TOCANTINS,2.0,1.0,1.0,456.0,228.0,8000.0,4000.0,2.0,1.0,114.0,7.0,1.0,4.0,2140.0,305.7142857142857,32500.0,4642.857142857143,4.0,4.0,184.0,5.0,0.0,3.0,1684.0,77.71428571428572,24500.0,642.8571428571431,2.0,3.0,70.0,1,1
92584,TO,SANTA ROSA DO TOCANTINS,0.0,0.0,0.0,0.0,,,,0.0,0.0,,1.0,1.0,1.0,300.0,300.0,1500.0,1500.0,0.0,0.0,37.0,1.0,1.0,1.0,300.0,,,,0.0,0.0,,0,1
92592,TO,BABAÇULÂNDIA,0.0,0.0,0.0,0.0,,,,0.0,0.0,,5.0,1.0,4.0,1199.0,239.8,17500.0,3500.0,2.0,2.0,104.0,5.0,1.0,4.0,1199.0,,,,2.0,2.0,,0,1
92606,TO,SANTA TEREZA DO TOCANTINS,3.0,1.0,2.0,800.0,266.6666666666667,18000.0,6000.0,3.0,3.0,18.0,2.0,1.0,1.0,400.0,200.0,3000.0,1500.0,0.0,2.0,19.0,-1.0,0.0,-1.0,-400.0,-66.66666666666669,-15000.0,-4500.0,-3.0,-1.0,1.0,1,1
92614,GO,BALIZA,4.0,1.0,2.0,1314.0,328.5,10500.0,2625.0,3.0,2.0,93.0,3.0,1.0,1.0,750.0,250.0,8500.0,2833.3333333333335,3.0,1.0,113.0,-1.0,0.0,-1.0,-564.0,-78.5,-2000.0,208.33333333333348,0.0,-1.0,20.0,1,1
92622,GO,SÃO JOÃO DA PARAÚNA,5.0,1.0,3.0,1562.0,312.4,10150.0,2030.0,3.0,1.0,148.0,3.0,1.0,2.0,961.0,320.3333333333333,23500.0,7833.333333333333,0.0,2.0,42.0,-2.0,0.0,-1.0,-601.0,7.933333333333337,13350.0,5803.333333333333,-3.0,1.0,-106.0,1,1
92630,GO,BARRO ALTO,8.0,1.0,6.0,4639.0,579.875,26500.0,3312.5,5.0,5.0,54.0,13.0,1.0,3.0,4875.0,375.0,71100.0,5469.2307692307695,1.0,7.0,252.0,5.0,0.0,-3.0,236.0,-204.875,44600.0,2156.7307692307695,-4.0,2.0,198.0,1,1
92649,GO,SÃO LUIZ DO NORTE,7.0,1.0,5.0,2212.0,316.0,25000.0,3571.4285714285716,4.0,4.0,44.0,1.0,1.0,1.0,250.0,250.0,7000.0,7000.0,0.0,1.0,5.0,-6.0,0.0,-4.0,-1962.0,-66.0,-18000.0,3428.5714285714284,-4.0,-3.0,-39.0,1,1
92657,GO,BELA VISTA DE GOIÁS,18.0,1.0,8.0,5857.0,325.3888888888889,66150.0,3675.0,15.0,10.0,296.0,10.0,1.0,8.0,4073.0,407.3,62700.0,6270.0,1.0,9.0,51.0,-8.0,0.0,0.0,-1784.0,81.9111111111111,-3450.0,2595.0,-14.0,-1.0,-245.0,1,1
92665,GO,SÃO MIGUEL DO PASSA QUATRO,3.0,1.0,2.0,981.0,327.0,9500.0,3166.6666666666665,1.0,2.0,77.0,2.0,1.0,2.0,600.0,300.0,5500.0,2750.0,0.0,1.0,40.0,-1.0,0.0,0.0,-381.0,-27.0,-4000.0,-416.6666666666665,-1.0,-1.0,-37.0,1,1
92673,GO,BOM JARDIM DE GOIÁS,8.0,1.0,5.0,2952.0,369.0,26300.0,3287.5,6.0,4.0,122.0,13.0,1.0,7.0,4436.0,341.2307692307692,78200.0,6015.384615384615,5.0,6.0,200.0,5.0,0.0,2.0,1484.0,-27.769230769230774,51900.0,2727.8846153846152,-1.0,2.0,78.0,1,1
92681,TO,SÃO VALÉRIO DA NATIVIDADE,1.0,1.0,1.0,250.0,250.0,4000.0,4000.0,1.0,1.0,7.0,6.0,1.0,3.0,1364.0,227.33333333333334,13000.0,2166.6666666666665,1.0,4.0,115.0,5.0,0.0,2.0,1114.0,-22.666666666666657,9000.0,-1833.3333333333335,0.0,3.0,108.0,1,1
92690,GO,BOM JESUS DE GOIÁS,5.0,1.0,4.0,1793.0,358.6,13500.0,2700.0,5.0,5.0,17.0,7.0,1.0,5.0,2281.0,325.85714285714283,17500.0,2500.0,3.0,0.0,208.0,2.0,0.0,1.0,488.0,-32.74285714285719,4000.0,-200.0,-2.0,-5.0,191.0,1,1
92703,GO,SENADOR CANEDO,28.0,1.0,13.0,13747.0,490.9642857142857,163861.0,5852.178571428572,25.0,13.0,271.0,32.0,1.0,13.0,16102.0,503.1875,208100.0,6503.125,3.0,16.0,244.0,4.0,0.0,0.0,2355.0,12.223214285714278,44239.0,650.9464285714284,-22.0,3.0,-27.0,1,1
92711,GO,BRAZABRANTES,2.0,1.0,2.0,644.0,322.0,8000.0,4000.0,2.0,1.0,39.0,2.0,1.0,2.0,550.0,275.0,6000.0,3000.0,0.0,2.0,14.0,0.0,0.0,0.0,-94.0,-47.0,-2000.0,-1000.0,-2.0,1.0,-25.0,1,1
92720,GO,SIMOLÂNDIA,2.0,1.0,1.0,688.0,344.0,2650.0,1325.0,2.0,0.0,86.0,4.0,1.0,3.0,1165.0,291.25,22000.0,5500.0,0.0,2.0,79.0,2.0,0.0,2.0,477.0,-52.75,19350.0,4175.0,-2.0,2.0,-7.0,1,1
92738,TO,BREJINHO DE NAZARÉ,4.0,1.0,2.0,1260.0,315.0,12000.0,3000.0,4.0,4.0,27.0,7.0,1.0,3.0,1549.0,221.28571428571428,25750.0,3678.5714285714284,4.0,4.0,136.0,3.0,0.0,1.0,289.0,-93.71428571428572,13750.0,678.5714285714284,0.0,0.0,109.0,1,1
92754,GO,BRITÂNIA,1.0,1.0,1.0,402.0,402.0,3200.0,3200.0,0.0,1.0,15.0,7.0,1.0,7.0,2516.0,359.42857142857144,27100.0,3871.4285714285716,1.0,5.0,145.0,6.0,0.0,6.0,2114.0,-42.571428571428555,23900.0,671.4285714285716,1.0,4.0,130.0,1,1
92762,GO,TERESINA DE GOIÁS,0.0,0.0,0.0,0.0,,,,0.0,0.0,,3.0,1.0,3.0,964.0,321.3333333333333,11000.0,3666.6666666666665,2.0,0.0,165.0,3.0,1.0,3.0,964.0,,,,2.0,0.0,,0,1
92770,GO,BURITI ALEGRE,11.0,1.0,6.0,3402.0,309.27272727272725,51532.0,4684.727272727273,11.0,4.0,164.0,9.0,1.0,5.0,3027.0,336.3333333333333,35050.0,3894.4444444444443,4.0,4.0,275.0,-2.0,0.0,-1.0,-375.0,27.060606060606062,-16482.0,-790.2828282828286,-7.0,0.0,111.0,1,1
92789,GO,TROMBAS,3.0,1.0,3.0,904.0,301.3333333333333,6500.0,2166.6666666666665,2.0,2.0,36.0,1.0,1.0,1.0,300.0,300.0,4000.0,4000.0,0.0,0.0,32.0,-2.0,0.0,-2.0,-604.0,-1.3333333333333144,-2500.0,1833.3333333333335,-2.0,-2.0,-4.0,1,1
92797,GO,CABECEIRAS,3.0,1.0,2.0,900.0,300.0,6500.0,2166.6666666666665,2.0,0.0,113.0,0.0,0.0,0.0,0.0,,,,0.0,0.0,,-3.0,-1.0,-2.0,-900.0,,,,-2.0,0.0,,0,1
92800,GO,TURVELÂNDIA,6.0,1.0,5.0,1892.0,315.3333333333333,13150.0,2191.6666666666665,6.0,3.0,138.0,4.0,1.0,4.0,1250.0,312.5,20500.0,5125.0,3.0,1.0,177.0,-2.0,0.0,-1.0,-642.0,-2.8333333333333144,7350.0,2933.3333333333335,-3.0,-2.0,39.0,1,1
92819,GO,CACHOEIRA ALTA,8.0,1.0,6.0,2615.0,326.875,41700.0,5212.5,4.0,3.0,164.0,1.0,1.0,1.0,302.0,302.0,18000.0,18000.0,0.0,1.0,20.0,-7.0,0.0,-5.0,-2313.0,-24.875,-23700.0,12787.5,-4.0,-2.0,-144.0,1,1
92827,GO,RIO QUENTE,4.0,1.0,4.0,1267.0,316.75,10000.0,2500.0,3.0,3.0,141.0,2.0,1.0,1.0,600.0,300.0,6000.0,3000.0,0.0,1.0,78.0,-2.0,0.0,-3.0,-667.0,-16.75,-4000.0,500.0,-3.0,-2.0,-63.0,1,1
92851,GO,CAÇU,5.0,1.0,4.0,1733.0,346.6,18000.0,3600.0,1.0,3.0,79.0,5.0,1.0,4.0,1672.0,334.4,20800.0,4160.0,0.0,5.0,25.0,0.0,0.0,0.0,-61.0,-12.200000000000045,2800.0,560.0,-1.0,2.0,-54.0,1,1
92860,GO,GUARINOS,5.0,1.0,4.0,1540.0,308.0,19000.0,3800.0,4.0,3.0,39.0,1.0,1.0,1.0,250.0,250.0,3000.0,3000.0,0.0,1.0,30.0,-4.0,0.0,-3.0,-1290.0,-58.0,-16000.0,-800.0,-4.0,-2.0,-9.0,1,1
92878,GO,CAIAPÔNIA,12.0,1.0,5.0,4485.0,373.75,38900.0,3241.6666666666665,11.0,6.0,128.0,6.0,1.0,2.0,1972.0,328.6666666666667,16000.0,2666.6666666666665,6.0,2.0,130.0,-6.0,0.0,-3.0,-2513.0,-45.083333333333314,-22900.0,-575.0,-5.0,-4.0,2.0,1,1
92886,GO,COCALZINHO DE GOIÁS,3.0,1.0,1.0,903.0,301.0,6000.0,2000.0,3.0,0.0,141.0,0.0,0.0,0.0,0.0,,,,0.0,0.0,,-3.0,-1.0,-1.0,-903.0,,,,-3.0,0.0,,0,1
92894,GO,CALDAS NOVAS,17.0,1.0,11.0,7006.0,412.11764705882354,63640.0,3743.529411764706,14.0,11.0,177.0,23.0,1.0,12.0,10223.0,444.4782608695652,156560.0,6806.95652173913,3.0,7.0,234.0,6.0,0.0,1.0,3217.0,32.360613810741654,92920.0,3063.427109974424,-11.0,-4.0,57.0,1,1
92908,GO,SANTO ANTÔNIO DE GOIÁS,6.0,1.0,3.0,1718.0,286.3333333333333,10650.0,1775.0,6.0,1.0,278.0,5.0,1.0,4.0,1570.0,314.0,15950.0,3190.0,0.0,4.0,135.0,-1.0,0.0,1.0,-148.0,27.666666666666686,5300.0,1415.0,-6.0,3.0,-143.0,1,1
92916,GO,CAMPESTRE DE GOIÁS,3.0,1.0,2.0,928.0,309.3333333333333,7000.0,2333.3333333333335,2.0,1.0,193.0,6.0,1.0,4.0,1650.0,275.0,16000.0,2666.6666666666665,2.0,3.0,58.0,3.0,0.0,2.0,722.0,-34.333333333333314,9000.0,333.33333333333303,0.0,2.0,-135.0,1,1
92924,GO,CHAPADÃO DO CÉU,2.0,1.0,2.0,784.0,392.0,7000.0,3500.0,2.0,2.0,7.0,0.0,0.0,0.0,0.0,,,,0.0,0.0,,-2.0,-1.0,-2.0,-784.0,,,,-2.0,-2.0,,0,1
92932,GO,CAMPINORTE,4.0,1.0,3.0,2570.0,642.5,12000.0,3000.0,4.0,3.0,38.0,2.0,1.0,1.0,1147.0,573.5,4000.0,2000.0,0.0,1.0,82.0,-2.0,0.0,-2.0,-1423.0,-69.0,-8000.0,-1000.0,-4.0,-2.0,44.0,1,1
92940,GO,ALTO HORIZONTE,2.0,1.0,2.0,709.0,354.5,4500.0,2250.0,2.0,1.0,43.0,7.0,1.0,4.0,3092.0,441.7142857142857,23500.0,3357.1428571428573,0.0,5.0,87.0,5.0,0.0,2.0,2383.0,87.21428571428572,19000.0,1107.1428571428573,-2.0,4.0,44.0,1,1
92959,GO,CAMPO ALEGRE DE GOIÁS,1.0,1.0,1.0,301.0,301.0,12500.0,12500.0,0.0,1.0,16.0,1.0,1.0,1.0,250.0,250.0,5000.0,5000.0,0.0,1.0,10.0,0.0,0.0,0.0,-51.0,-51.0,-7500.0,-7500.0,0.0,0.0,-6.0,1,1
92967,GO,CASTELÂNDIA,7.0,1.0,6.0,2217.0,316.7142857142857,22000.0,3142.8571428571427,6.0,3.0,166.0,8.0,1.0,4.0,2755.0,344.375,21500.0,2687.5,4.0,2.0,198.0,1.0,0.0,-2.0,538.0,27.660714285714278,-500.0,-455.35714285714266,-2.0,-1.0,32.0,1,1
92975,GO,CAMPOS BELOS,7.0,1.0,4.0,2712.0,387.42857142857144,23500.0,3357.1428571428573,5.0,2.0,241.0,3.0,1.0,2.0,1150.0,383.3333333333333,19000.0,6333.333333333333,0.0,2.0,164.0,-4.0,0.0,-2.0,-1562.0,-4.09523809523813,-4500.0,2976.1904761904757,-5.0,0.0,-77.0,1,1
92983,GO,JESÚPOLIS,7.0,1.0,3.0,2143.0,306.14285714285717,16500.0,2357.1428571428573,4.0,3.0,138.0,0.0,0.0,0.0,0.0,,,,0.0,0.0,,-7.0,-1.0,-3.0,-2143.0,,,,-4.0,-3.0,,0,1
92991,GO,CARMO DO RIO VERDE,4.0,1.0,3.0,1695.0,423.75,11500.0,2875.0,2.0,2.0,47.0,4.0,1.0,3.0,1952.0,488.0,12420.0,3105.0,2.0,1.0,136.0,0.0,0.0,0.0,257.0,64.25,920.0,230.0,0.0,-1.0,89.0,1,1
93009,GO,APARECIDA DO RIO DOCE,3.0,1.0,2.0,809.0,269.6666666666667,5200.0,1733.3333333333333,3.0,1.0,88.0,1.0,1.0,1.0,300.0,300.0,2500.0,2500.0,0.0,0.0,73.0,-2.0,0.0,-1.0,-509.0,30.333333333333314,-2700.0,766.6666666666667,-3.0,-1.0,-15.0,1,1
93017,GO,CATALÃO,8.0,1.0,5.0,3842.0,480.25,27337.0,3417.125,6.0,2.0,114.0,26.0,1.0,10.0,10420.0,400.7692307692308,177900.0,6842.307692307692,5.0,8.0,263.0,18.0,0.0,5.0,6578.0,-79.48076923076923,150563.0,3425.1826923076924,-1.0,6.0,149.0,1,1
93025,GO,CIDADE OCIDENTAL,4.0,1.0,4.0,1913.0,478.25,20000.0,5000.0,4.0,1.0,71.0,3.0,1.0,3.0,1276.0,425.3333333333333,26500.0,8833.333333333334,0.0,2.0,207.0,-1.0,0.0,-1.0,-637.0,-52.916666666666686,6500.0,3833.333333333334,-4.0,1.0,136.0,1,1
93033,GO,CATURAÍ,4.0,1.0,2.0,1235.0,308.75,9650.0,2412.5,4.0,1.0,155.0,2.0,1.0,2.0,600.0,300.0,4500.0,2250.0,0.0,1.0,40.0,-2.0,0.0,0.0,-635.0,-8.75,-5150.0,-162.5,-4.0,0.0,-115.0,1,1
93041,GO,PROFESSOR JAMIL,2.0,1.0,1.0,648.0,324.0,4000.0,2000.0,2.0,1.0,164.0,2.0,1.0,1.0,600.0,300.0,5000.0,2500.0,0.0,0.0,73.0,0.0,0.0,0.0,-48.0,-24.0,1000.0,500.0,-2.0,-1.0,-91.0,1,1
93068,GO,PEROLÂNDIA,3.0,1.0,1.0,1023.0,341.0,12000.0,4000.0,2.0,1.0,73.0,1.0,1.0,1.0,250.0,250.0,2500.0,2500.0,1.0,0.0,55.0,-2.0,0.0,0.0,-773.0,-91.0,-9500.0,-1500.0,-1.0,-1.0,-18.0,1,1
93076,GO,CERES,6.0,1.0,6.0,2164.0,360.6666666666667,32500.0,5416.666666666667,2.0,5.0,37.0,7.0,1.0,6.0,2900.0,414.2857142857143,31300.0,4471.428571428572,2.0,7.0,17.0,1.0,0.0,0.0,736.0,53.61904761904759,-1200.0,-945.2380952380954,0.0,2.0,-20.0,1,1
93084,GO,NOVA IGUAÇU DE GOIÁS,1.0,1.0,1.0,362.0,362.0,2000.0,2000.0,1.0,0.0,44.0,1.0,1.0,1.0,253.0,253.0,1500.0,1500.0,0.0,0.0,83.0,0.0,0.0,0.0,-109.0,-109.0,-500.0,-500.0,-1.0,0.0,39.0,1,1
93092,GO,DIVINÓPOLIS DE GOIÁS,2.0,1.0,2.0,658.0,329.0,4500.0,2250.0,1.0,0.0,115.0,7.0,1.0,3.0,3491.0,498.7142857142857,35000.0,5000.0,0.0,2.0,86.0,5.0,0.0,1.0,2833.0,169.71428571428572,30500.0,2750.0,-1.0,2.0,-29.0,1,1
93106,GO,BURITI DE GOIÁS,5.0,1.0,2.0,1253.0,250.6,21000.0,4200.0,2.0,5.0,25.0,3.0,1.0,3.0,973.0,324.3333333333333,13500.0,4500.0,0.0,0.0,132.0,-2.0,0.0,1.0,-280.0,73.73333333333332,-7500.0,300.0,-2.0,-5.0,107.0,1,1
93114,TO,COLINAS DO TOCANTINS,5.0,1.0,4.0,2121.0,424.2,35000.0,7000.0,3.0,5.0,26.0,4.0,1.0,3.0,1530.0,382.5,13500.0,3375.0,2.0,3.0,59.0,-1.0,0.0,-1.0,-591.0,-41.69999999999999,-21500.0,-3625.0,-1.0,-2.0,33.0,1,1
93122,GO,CALDAZINHA,7.0,1.0,2.0,1992.0,284.57142857142856,21000.0,3000.0,7.0,2.0,258.0,1.0,1.0,1.0,300.0,300.0,5000.0,5000.0,0.0,0.0,42.0,-6.0,0.0,-1.0,-1692.0,15.428571428571445,-16000.0,2000.0,-7.0,-2.0,-216.0,1,1
93130,TO,CONCEIÇÃO DO TOCANTINS,0.0,0.0,0.0,0.0,,,,0.0,0.0,,4.0,1.0,3.0,900.0,225.0,16000.0,4000.0,2.0,3.0,86.0,4.0,1.0,3.0,900.0,,,,2.0,3.0,,0,1
93149,GO,GUARAÍTA,4.0,1.0,2.0,1125.0,281.25,5800.0,1450.0,3.0,1.0,79.0,4.0,1.0,2.0,1326.0,331.5,12500.0,3125.0,0.0,3.0,43.0,0.0,0.0,0.0,201.0,50.25,6700.0,1675.0,-3.0,2.0,-36.0,1,1
93157,GO,CÓRREGO DO OURO,5.0,1.0,3.0,1457.0,291.4,20000.0,4000.0,3.0,4.0,36.0,5.0,1.0,4.0,1671.0,334.2,18500.0,3700.0,2.0,2.0,184.0,0.0,0.0,1.0,214.0,42.80000000000001,-1500.0,-300.0,-1.0,-2.0,148.0,1,1
93165,GO,INACIOLÂNDIA,6.0,1.0,4.0,1715.0,285.8333333333333,24337.0,4056.1666666666665,5.0,3.0,154.0,0.0,0.0,0.0,0.0,,,,0.0,0.0,,-6.0,-1.0,-4.0,-1715.0,,,,-5.0,-3.0,,0,1
93173,GO,CORUMBÁ DE GOIÁS,4.0,1.0,3.0,1306.0,326.5,14000.0,3500.0,2.0,3.0,103.0,2.0,1.0,2.0,680.0,340.0,7500.0,3750.0,1.0,1.0,134.0,-2.0,0.0,-1.0,-626.0,13.5,-6500.0,250.0,-1.0,-2.0,31.0,1,1
93181,GO,MONTIVIDIU DO NORTE,1.0,1.0,1.0,306.0,306.0,2500.0,2500.0,1.0,1.0,26.0,4.0,1.0,3.0,1279.0,319.75,18000.0,4500.0,1.0,2.0,198.0,3.0,0.0,2.0,973.0,13.75,15500.0,2000.0,0.0,1.0,172.0,1,1
93190,GO,CORUMBAÍBA,11.0,1.0,7.0,3928.0,357.09090909090907,39958.0,3632.5454545454545,8.0,7.0,281.0,5.0,1.0,3.0,1565.0,313.0,28000.0,5600.0,1.0,3.0,165.0,-6.0,0.0,-4.0,-2363.0,-44.090909090909065,-11958.0,1967.4545454545455,-7.0,-4.0,-116.0,1,1
93203,GO,SANTO ANTÔNIO DA BARRA,5.0,1.0,5.0,1521.0,304.2,9500.0,1900.0,4.0,2.0,111.0,4.0,1.0,3.0,1100.0,275.0,14000.0,3500.0,1.0,3.0,210.0,-1.0,0.0,-2.0,-421.0,-29.19999999999999,4500.0,1600.0,-3.0,1.0,99.0,1,1
93211,TO,COUTO DE MAGALHÃES,4.0,1.0,3.0,1991.0,497.75,12000.0,3000.0,4.0,3.0,31.0,5.0,1.0,3.0,1075.0,215.0,25600.0,5120.0,2.0,3.0,40.0,1.0,0.0,0.0,-916.0,-282.75,13600.0,2120.0,-2.0,0.0,9.0,1,1
93220,GO,TEREZÓPOLIS DE GOIÁS,3.0,1.0,2.0,936.0,312.0,8000.0,2666.6666666666665,3.0,1.0,102.0,5.0,1.0,4.0,1656.0,331.2,24500.0,4900.0,1.0,3.0,69.0,2.0,0.0,2.0,720.0,19.19999999999999,16500.0,2233.3333333333335,-2.0,2.0,-33.0,1,1
93238,TO,CRISTALÂNDIA,4.0,1.0,3.0,1450.0,362.5,7500.0,1875.0,4.0,4.0,15.0,3.0,1.0,2.0,407.0,135.66666666666666,11500.0,3833.3333333333335,3.0,1.0,235.0,-1.0,0.0,-1.0,-1043.0,-226.83333333333334,4000.0,1958.3333333333335,-1.0,-3.0,220.0,1,1
93246,GO,UIRAPURU,1.0,1.0,1.0,335.0,335.0,2000.0,2000.0,1.0,1.0,29.0,1.0,1.0,1.0,300.0,300.0,3000.0,3000.0,0.0,0.0,179.0,0.0,0.0,0.0,-35.0,-35.0,1000.0,1000.0,-1.0,-1.0,150.0,1,1
93254,GO,CRISTALINA,8.0,1.0,7.0,3955.0,494.375,46245.0,5780.625,5.0,5.0,51.0,7.0,1.0,4.0,3105.0,443.57142857142856,52642.9,7520.414285714286,1.0,5.0,233.0,-1.0,0.0,-3.0,-850.0,-50.803571428571445,6397.9000000000015,1739.789285714286,-4.0,0.0,182.0,1,1
93262,GO,BURITINÓPOLIS,2.0,1.0,2.0,3787.0,1893.5,5000.0,2500.0,2.0,1.0,71.0,3.0,1.0,3.0,885.0,295.0,12500.0,4166.666666666667,0.0,2.0,95.0,1.0,0.0,1.0,-2902.0,-1598.5,7500.0,1666.666666666667,-2.0,1.0,24.0,1,1
93270,GO,CRISTIANÓPOLIS,13.0,1.0,6.0,4552.0,350.15384615384613,52650.0,4050.0,11.0,5.0,179.0,3.0,1.0,3.0,960.0,320.0,16500.0,5500.0,0.0,3.0,20.0,-10.0,0.0,-3.0,-3592.0,-30.153846153846132,-36150.0,1450.0,-11.0,-2.0,-159.0,1,1
93289,GO,VILA BOA,2.0,1.0,1.0,561.0,280.5,4000.0,2000.0,2.0,0.0,113.0,1.0,1.0,1.0,300.0,300.0,4000.0,4000.0,0.0,1.0,10.0,-1.0,0.0,0.0,-261.0,19.5,0.0,2000.0,-2.0,1.0,-103.0,1,1
93297,GO,CRIXÁS,5.0,1.0,4.0,1824.0,364.8,26500.0,5300.0,2.0,5.0,30.0,4.0,1.0,2.0,1460.0,365.0,13800.0,3450.0,1.0,1.0,205.0,-1.0,0.0,-2.0,-364.0,0.19999999999998863,-12700.0,-1850.0,-1.0,-4.0,175.0,1,1
93300,GO,VALPARAÍSO DE GOIÁS,9.0,1.0,7.0,5086.0,565.1111111111111,53100.0,5900.0,8.0,5.0,111.0,18.0,1.0,9.0,12963.0,720.1666666666666,185800.0,10322.222222222223,4.0,10.0,195.0,9.0,0.0,2.0,7877.0,155.05555555555554,132700.0,4422.222222222223,-4.0,5.0,84.0,1,1
93319,GO,CROMÍNIA,3.0,1.0,2.0,944.0,314.6666666666667,7000.0,2333.3333333333335,2.0,2.0,187.0,6.0,1.0,5.0,1819.0,303.1666666666667,31500.0,5250.0,0.0,4.0,73.0,3.0,0.0,3.0,875.0,-11.5,24500.0,2916.6666666666665,-2.0,2.0,-114.0,1,1
93327,GO,NOVO GAMA,5.0,1.0,2.0,2106.0,421.2,22000.0,4400.0,2.0,2.0,138.0,7.0,1.0,6.0,4443.0,634.7142857142857,79000.0,11285.714285714286,2.0,2.0,224.0,2.0,0.0,4.0,2337.0,213.51428571428568,57000.0,6885.714285714286,0.0,0.0,86.0,1,1
93335,GO,CUMARI,1.0,1.0,1.0,331.0,331.0,2000.0,2000.0,1.0,1.0,30.0,0.0,0.0,0.0,0.0,,,,0.0,0.0,,-1.0,-1.0,-1.0,-331.0,,,,-1.0,-1.0,,0,1
93343,GO,ÁGUAS LINDAS DE GOIÁS,10.0,1.0,5.0,5955.0,595.5,42500.0,4250.0,8.0,4.0,107.0,8.0,1.0,4.0,5602.0,700.25,82978.8,10372.35,4.0,2.0,197.0,-2.0,0.0,-1.0,-353.0,104.75,40478.8,6122.35,-4.0,-2.0,90.0,1,1
93351,GO,DAMIANÓPOLIS,1.0,1.0,1.0,346.0,346.0,2000.0,2000.0,1.0,1.0,29.0,2.0,1.0,2.0,673.0,336.5,11800.0,5900.0,0.0,2.0,11.0,1.0,0.0,1.0,327.0,-9.5,9800.0,3900.0,-1.0,1.0,-18.0,1,1
93360,GO,ABADIA DE GOIÁS,5.0,1.0,3.0,1652.0,330.4,17000.0,3400.0,3.0,2.0,269.0,0.0,0.0,0.0,0.0,,,,0.0,0.0,,-5.0,-1.0,-3.0,-1652.0,,,,-3.0,-2.0,,0,1
93378,GO,DAMOLÂNDIA,5.0,1.0,2.0,1469.0,293.8,11000.0,2200.0,5.0,2.0,269.0,0.0,0.0,0.0,0.0,,,,0.0,0.0,,-5.0,-1.0,-2.0,-1469.0,,,,-5.0,-2.0,,0,1
93386,GO,AMARALINA,2.0,1.0,2.0,643.0,321.5,4000.0,2000.0,2.0,0.0,116.0,4.0,1.0,2.0,1175.0,293.75,13800.0,3450.0,0.0,1.0,201.0,2.0,0.0,0.0,532.0,-27.75,9800.0,1450.0,-2.0,1.0,85.0,1,1
93394,GO,DAVINÓPOLIS,0.0,0.0,0.0,0.0,,,,0.0,0.0,,2.0,1.0,2.0,787.0,393.5,12000.0,6000.0,1.0,1.0,41.0,2.0,1.0,2.0,787.0,,,,1.0,1.0,,0,1
93408,GO,BONÓPOLIS,1.0,1.0,1.0,300.0,300.0,2000.0,2000.0,1.0,1.0,9.0,3.0,1.0,2.0,857.0,285.6666666666667,23000.0,7666.666666666667,1.0,2.0,38.0,2.0,0.0,1.0,557.0,-14.333333333333314,21000.0,5666.666666666667,0.0,1.0,29.0,1,1
93416,TO,DIANÓPOLIS,9.0,1.0,5.0,3350.0,372.22222222222223,49000.0,5444.444444444444,9.0,7.0,78.0,8.0,1.0,3.0,2641.0,330.125,21750.0,2718.75,3.0,2.0,112.0,-1.0,0.0,-2.0,-709.0,-42.09722222222223,-27250.0,-2725.6944444444443,-6.0,-5.0,34.0,1,1
93424,GO,PORTEIRÃO,8.0,1.0,7.0,2526.0,315.75,24650.0,3081.25,8.0,4.0,169.0,6.0,1.0,6.0,1918.0,319.6666666666667,27800.0,4633.333333333333,3.0,2.0,254.0,-2.0,0.0,-1.0,-608.0,3.9166666666666856,3150.0,1552.083333333333,-5.0,-2.0,85.0,1,1
93432,GO,DIORAMA,3.0,1.0,2.0,914.0,304.6666666666667,5500.0,1833.3333333333333,3.0,3.0,30.0,2.0,1.0,1.0,490.0,245.0,4000.0,2000.0,2.0,2.0,29.0,-1.0,0.0,-1.0,-424.0,-59.666666666666686,-1500.0,166.66666666666674,-1.0,-1.0,-1.0,1,1
93440,GO,SANTA RITA DO NOVO DESTINO,7.0,1.0,5.0,2437.0,348.14285714285717,34500.0,4928.571428571428,4.0,5.0,45.0,3.0,1.0,2.0,813.0,271.0,11500.0,3833.3333333333335,1.0,1.0,206.0,-4.0,0.0,-3.0,-1624.0,-77.14285714285717,-23000.0,-1095.238095238095,-3.0,-4.0,161.0,1,1
93459,TO,DOIS IRMÃOS DO TOCANTINS,6.0,1.0,3.0,1653.0,275.5,9000.0,1500.0,6.0,4.0,90.0,3.0,1.0,2.0,440.0,146.66666666666666,10000.0,3333.3333333333335,3.0,1.0,89.0,-3.0,0.0,-1.0,-1213.0,-128.83333333333334,1000.0,1833.3333333333335,-3.0,-3.0,-1.0,1,1
93475,TO,DUERÉ,2.0,1.0,2.0,580.0,290.0,6000.0,3000.0,2.0,2.0,8.0,2.0,1.0,1.0,400.0,200.0,3000.0,1500.0,0.0,2.0,16.0,0.0,0.0,-1.0,-180.0,-90.0,-3000.0,-1500.0,-2.0,0.0,8.0,1,1
93483,GO,SÃO PATRÍCIO,1.0,1.0,1.0,329.0,329.0,5000.0,5000.0,1.0,0.0,150.0,0.0,0.0,0.0,0.0,,,,0.0,0.0,,-1.0,-1.0,-1.0,-329.0,,,,-1.0,0.0,,0,1
93491,GO,EDÉIA,4.0,1.0,2.0,1315.0,328.75,8650.0,2162.5,4.0,0.0,288.0,4.0,1.0,2.0,1200.0,300.0,10500.0,2625.0,0.0,2.0,73.0,0.0,0.0,0.0,-115.0,-28.75,1850.0,462.5,-4.0,2.0,-215.0,1,1
93505,GO,VILA PROPÍCIO,1.0,1.0,1.0,357.0,357.0,2000.0,2000.0,1.0,0.0,45.0,0.0,0.0,0.0,0.0,,,,0.0,0.0,,-1.0,-1.0,-1.0,-357.0,,,,-1.0,0.0,,0,1
93513,GO,ESTRELA DO NORTE,3.0,1.0,3.0,959.0,319.6666666666667,6000.0,2000.0,3.0,1.0,39.0,0.0,0.0,0.0,0.0,,,,0.0,0.0,,-3.0,-1.0,-3.0,-959.0,,,,-3.0,-1.0,,0,1
93548,GO,IPIRANGA DE GOIÁS,2.0,1.0,2.0,645.0,322.5,4500.0,2250.0,2.0,1.0,35.0,5.0,1.0,1.0,1320.0,264.0,21000.0,4200.0,1.0,1.0,178.0,3.0,0.0,-1.0,675.0,-58.5,16500.0,1950.0,-1.0,0.0,143.0,1,1
93556,TO,FILADÉLFIA,0.0,0.0,0.0,0.0,,,,0.0,0.0,,5.0,1.0,4.0,1363.0,272.6,18600.0,3720.0,1.0,4.0,47.0,5.0,1.0,4.0,1363.0,,,,1.0,4.0,,0,1
93564,GO,GAMELEIRA DE GOIÁS,7.0,1.0,4.0,1951.0,278.7142857142857,16200.0,2314.285714285714,7.0,4.0,286.0,6.0,1.0,3.0,1901.0,316.8333333333333,33000.0,5500.0,1.0,4.0,162.0,-1.0,0.0,-1.0,-50.0,38.11904761904759,16800.0,3185.714285714286,-6.0,0.0,-124.0,1,1
93572,GO,FIRMINÓPOLIS,9.0,1.0,5.0,4380.0,486.6666666666667,24950.0,2772.222222222222,6.0,1.0,281.0,2.0,1.0,2.0,701.0,350.5,11000.0,5500.0,1.0,1.0,144.0,-7.0,0.0,-3.0,-3679.0,-136.16666666666669,-13950.0,2727.777777777778,-5.0,0.0,-137.0,1,1
93580,GO,CAMPO LIMPO DE GOIÁS,1.0,1.0,1.0,360.0,360.0,2000.0,2000.0,1.0,1.0,29.0,0.0,0.0,0.0,0.0,,,,0.0,0.0,,-1.0,-1.0,-1.0,-360.0,,,,-1.0,-1.0,,0,1
93599,GO,FLORES DE GOIÁS,2.0,1.0,1.0,667.0,333.5,4000.0,2000.0,2.0,0.0,116.0,1.0,1.0,1.0,301.0,301.0,3000.0,3000.0,0.0,0.0,109.0,-1.0,0.0,0.0,-366.0,-32.5,-1000.0,1000.0,-2.0,0.0,-7.0,1,1
93602,GO,LAGOA SANTA,0.0,0.0,0.0,0.0,,,,0.0,0.0,,2.0,1.0,2.0,600.0,300.0,9000.0,4500.0,1.0,2.0,16.0,2.0,1.0,2.0,600.0,,,,1.0,2.0,,0,1
93610,GO,FORMOSA,6.0,1.0,3.0,2649.0,441.5,17800.0,2966.6666666666665,5.0,2.0,152.0,12.0,1.0,7.0,6450.0,537.5,83190.0,6932.5,1.0,10.0,84.0,6.0,0.0,4.0,3801.0,96.0,65390.0,3965.8333333333335,-4.0,8.0,-68.0,1,1
93637,GO,FORMOSO,10.0,1.0,7.0,3219.0,321.9,25300.0,2530.0,6.0,6.0,72.0,4.0,1.0,4.0,1150.0,287.5,15000.0,3750.0,1.0,4.0,9.0,-6.0,0.0,-3.0,-2069.0,-34.39999999999998,-10300.0,1220.0,-5.0,-2.0,-63.0,1,1
93653,TO,FORMOSO DO ARAGUAIA,3.0,1.0,3.0,1100.0,366.6666666666667,10000.0,3333.3333333333335,3.0,3.0,17.0,2.0,1.0,1.0,400.0,200.0,3000.0,1500.0,0.0,2.0,16.0,-1.0,0.0,-2.0,-700.0,-166.66666666666669,-7000.0,-1833.3333333333335,-3.0,-1.0,-1.0,1,1
93670,GO,GOIANÁPOLIS,6.0,1.0,3.0,1864.0,310.6666666666667,18600.0,3100.0,5.0,2.0,286.0,2.0,1.0,2.0,800.0,400.0,4500.0,2250.0,2.0,1.0,197.0,-4.0,0.0,-1.0,-1064.0,89.33333333333331,-14100.0,-850.0,-3.0,-1.0,-89.0,1,1
93696,GO,GOIANDIRA,1.0,1.0,1.0,356.0,356.0,2000.0,2000.0,1.0,1.0,30.0,0.0,0.0,0.0,0.0,,,,0.0,0.0,,-1.0,-1.0,-1.0,-356.0,,,,-1.0,-1.0,,0,1
93718,GO,GOIANÉSIA,13.0,1.0,7.0,6243.0,480.2307692307692,47900.0,3684.6153846153848,6.0,8.0,66.0,14.0,1.0,7.0,5855.0,418.2142857142857,80015.0,5715.357142857143,3.0,5.0,199.0,1.0,0.0,0.0,-388.0,-62.016483516483504,32115.0,2030.7417582417584,-3.0,-3.0,133.0,1,1
93734,GO,GOIÂNIA,53.0,1.0,14.0,38530.0,726.9811320754717,834607.94,15747.319622641508,30.0,25.0,279.0,90.0,1.0,22.0,86664.0,962.9333333333333,1908420.2,21204.66888888889,28.0,30.0,261.0,37.0,0.0,8.0,48134.0,235.9522012578616,1073812.26,5457.349266247382,-2.0,5.0,-18.0,1,1
93750,GO,GOIANIRA,3.0,1.0,2.0,1217.0,405.6666666666667,5300.0,1766.6666666666667,3.0,1.0,86.0,4.0,1.0,3.0,1603.0,400.75,18000.0,4500.0,0.0,3.0,73.0,1.0,0.0,1.0,386.0,-4.916666666666686,12700.0,2733.333333333333,-3.0,2.0,-13.0,1,1
93777,GO,GOIÁS,4.0,1.0,2.0,1447.0,361.75,10650.0,2662.5,4.0,1.0,82.0,5.0,1.0,5.0,1751.0,350.2,22500.0,4500.0,1.0,2.0,133.0,1.0,0.0,3.0,304.0,-11.550000000000011,11850.0,1837.5,-3.0,1.0,51.0,1,1
93793,GO,GOIATUBA,10.0,1.0,4.0,3779.0,377.9,57000.0,5700.0,9.0,5.0,284.0,16.0,1.0,10.0,6400.0,400.0,108500.0,6781.25,3.0,9.0,185.0,6.0,0.0,6.0,2621.0,22.100000000000023,51500.0,1081.25,-6.0,4.0,-99.0,1,1
93815,GO,GUAPÓ,12.0,1.0,5.0,4422.0,368.5,40600.0,3383.3333333333335,9.0,5.0,197.0,5.0,1.0,4.0,1750.0,350.0,16000.0,3200.0,1.0,3.0,49.0,-7.0,0.0,-1.0,-2672.0,-18.5,-24600.0,-183.33333333333348,-8.0,-2.0,-148.0,1,1
93831,GO,GUARANI DE GOIÁS,4.0,1.0,3.0,1221.0,305.25,11000.0,2750.0,2.0,2.0,66.0,1.0,1.0,1.0,240.0,240.0,2000.0,2000.0,0.0,0.0,143.0,-3.0,0.0,-2.0,-981.0,-65.25,-9000.0,-750.0,-2.0,-2.0,77.0,1,1
93858,TO,GURUPI,29.0,1.0,15.0,16460.0,567.5862068965517,268994.0,9275.655172413793,23.0,25.0,38.0,24.0,1.0,12.0,16453.0,685.5416666666666,280142.83999999997,11672.618333333332,9.0,8.0,141.0,-5.0,0.0,-3.0,-7.0,117.95545977011489,11148.839999999967,2396.9631609195385,-14.0,-17.0,103.0,1,1
93874,GO,HEITORAÍ,2.0,1.0,1.0,646.0,323.0,4000.0,2000.0,2.0,0.0,103.0,3.0,1.0,3.0,1067.0,355.6666666666667,7500.0,2500.0,1.0,0.0,197.0,1.0,0.0,2.0,421.0,32.666666666666686,3500.0,500.0,-1.0,0.0,94.0,1,1
93890,GO,HIDROLÂNDIA,10.0,1.0,2.0,3009.0,300.9,31650.0,3165.0,10.0,2.0,271.0,3.0,1.0,2.0,1240.0,413.3333333333333,20365.0,6788.333333333333,0.0,1.0,244.0,-7.0,0.0,0.0,-1769.0,112.43333333333334,-11285.0,3623.333333333333,-10.0,-1.0,-27.0,1,1
93912,GO,HIDROLINA,2.0,1.0,2.0,651.0,325.5,4000.0,2000.0,1.0,1.0,40.0,0.0,0.0,0.0,0.0,,,,0.0,0.0,,-2.0,-1.0,-2.0,-651.0,,,,-1.0,-1.0,,0,1
93939,GO,IACIARA,1.0,1.0,1.0,370.0,370.0,2000.0,2000.0,1.0,0.0,40.0,3.0,1.0,1.0,1038.0,346.0,9000.0,3000.0,0.0,1.0,57.0,2.0,0.0,0.0,668.0,-24.0,7000.0,1000.0,-1.0,1.0,17.0,1,1
93955,GO,INHUMAS,7.0,1.0,4.0,2381.0,340.14285714285717,28060.0,4008.5714285714284,5.0,4.0,276.0,9.0,1.0,7.0,3453.0,383.6666666666667,52000.0,5777.777777777777,0.0,5.0,132.0,2.0,0.0,3.0,1072.0,43.52380952380952,23940.0,1769.206349206349,-5.0,1.0,-144.0,1,1
93971,GO,IPAMERI,11.0,1.0,7.0,8147.0,740.6363636363636,33650.0,3059.090909090909,5.0,6.0,157.0,9.0,1.0,5.0,3634.0,403.77777777777777,50974.4,5663.822222222222,5.0,5.0,198.0,-2.0,0.0,-2.0,-4513.0,-336.85858585858585,17324.4,2604.731313131313,0.0,-1.0,41.0,1,1
93998,GO,IPORÁ,9.0,1.0,6.0,3371.0,374.55555555555554,37000.0,4111.111111111111,8.0,6.0,42.0,12.0,1.0,8.0,5170.0,430.8333333333333,71000.0,5916.666666666667,4.0,9.0,196.0,3.0,0.0,2.0,1799.0,56.27777777777777,34000.0,1805.5555555555557,-4.0,3.0,154.0,1,1
94013,GO,ISRAELÂNDIA,7.0,1.0,4.0,2221.0,317.2857142857143,15500.0,2214.285714285714,7.0,5.0,122.0,0.0,0.0,0.0,0.0,,,,0.0,0.0,,-7.0,-1.0,-4.0,-2221.0,,,,-7.0,-5.0,,0,1
94030,GO,ITABERAÍ,10.0,1.0,8.0,3542.0,354.2,46000.0,4600.0,8.0,9.0,124.0,0.0,0.0,0.0,0.0,,,,0.0,0.0,,-10.0,-1.0,-8.0,-3542.0,,,,-8.0,-9.0,,0,1
94056,TO,ITACAJÁ,0.0,0.0,0.0,0.0,,,,0.0,0.0,,2.0,1.0,1.0,335.0,167.5,14000.0,7000.0,2.0,1.0,31.0,2.0,1.0,1.0,335.0,,,,2.0,1.0,,0,1
94072,GO,ITAGUARU,3.0,1.0,1.0,981.0,327.0,4650.0,1550.0,3.0,1.0,102.0,8.0,1.0,4.0,2800.0,350.0,21500.0,2687.5,1.0,4.0,177.0,5.0,0.0,3.0,1819.0,23.0,16850.0,1137.5,-2.0,3.0,75.0,1,1
94099,TO,ITAGUATINS,1.0,1.0,1.0,642.0,642.0,2500.0,2500.0,1.0,1.0,6.0,6.0,1.0,5.0,1434.0,239.0,28000.0,4666.666666666667,3.0,3.0,116.0,5.0,0.0,4.0,792.0,-403.0,25500.0,2166.666666666667,2.0,2.0,110.0,1,1
94110,GO,ITAJÁ,5.0,1.0,4.0,1526.0,305.2,19300.0,3860.0,3.0,2.0,44.0,1.0,1.0,1.0,300.0,300.0,5000.0,5000.0,0.0,1.0,6.0,-4.0,0.0,-3.0,-1226.0,-5.199999999999989,-14300.0,1140.0,-3.0,-1.0,-38.0,1,1
94137,GO,ITAPACI,4.0,1.0,3.0,1576.0,394.0,29000.0,7250.0,3.0,1.0,257.0,7.0,1.0,3.0,2710.0,387.14285714285717,30300.0,4328.571428571428,0.0,2.0,252.0,3.0,0.0,0.0,1134.0,-6.857142857142833,1300.0,-2921.4285714285716,-3.0,1.0,-5.0,1,1
94153,GO,ITAPIRAPUÃ,4.0,1.0,2.0,1440.0,360.0,17500.0,4375.0,0.0,2.0,39.0,10.0,1.0,6.0,3844.0,384.4,37300.0,3730.0,0.0,6.0,85.0,6.0,0.0,4.0,2404.0,24.399999999999977,19800.0,-645.0,0.0,4.0,46.0,1,1
94170,TO,ITAPORÃ DO TOCANTINS,1.0,1.0,1.0,250.0,250.0,5000.0,5000.0,1.0,1.0,8.0,3.0,1.0,2.0,710.0,236.66666666666666,7000.0,2333.3333333333335,1.0,2.0,31.0,2.0,0.0,1.0,460.0,-13.333333333333343,2000.0,-2666.6666666666665,0.0,1.0,23.0,1,1
94196,GO,ITAPURANGA,4.0,1.0,3.0,1374.0,343.5,11650.0,2912.5,3.0,1.0,115.0,3.0,1.0,3.0,1400.0,466.6666666666667,17200.0,5733.333333333333,0.0,3.0,9.0,-1.0,0.0,0.0,26.0,123.16666666666669,5550.0,2820.833333333333,-3.0,2.0,-106.0,1,1
94218,GO,ITARUMÃ,3.0,1.0,2.0,759.0,253.0,6000.0,2000.0,3.0,0.0,46.0,1.0,1.0,1.0,300.0,300.0,3000.0,3000.0,0.0,1.0,24.0,-2.0,0.0,-1.0,-459.0,47.0,-3000.0,1000.0,-3.0,1.0,-22.0,1,1
94234,GO,ITAUÇU,7.0,1.0,5.0,2448.0,349.7142857142857,31300.0,4471.428571428572,4.0,4.0,149.0,3.0,1.0,3.0,901.0,300.3333333333333,21700.0,7233.333333333333,1.0,1.0,202.0,-4.0,0.0,-2.0,-1547.0,-49.38095238095241,-9600.0,2761.9047619047615,-3.0,-3.0,53.0,1,1
94250,GO,ITUMBIARA,27.0,1.0,11.0,13016.0,482.0740740740741,164003.0,6074.185185185185,21.0,11.0,247.0,14.0,1.0,7.0,8058.0,575.5714285714286,93885.0,6706.071428571428,7.0,6.0,271.0,-13.0,0.0,-4.0,-4958.0,93.49735449735448,-70118.0,631.8862433862432,-14.0,-5.0,24.0,1,1
94277,GO,IVOLÂNDIA,2.0,1.0,1.0,709.0,354.5,6000.0,3000.0,2.0,2.0,11.0,0.0,0.0,0.0,0.0,,,,0.0,0.0,,-2.0,-1.0,-1.0,-709.0,,,,-2.0,-2.0,,0,1
94293,GO,JANDAIA,4.0,1.0,3.0,1353.0,338.25,10500.0,2625.0,3.0,3.0,151.0,8.0,1.0,4.0,2700.0,337.5,27500.0,3437.5,0.0,3.0,107.0,4.0,0.0,1.0,1347.0,-0.75,17000.0,812.5,-3.0,0.0,-44.0,1,1
94315,GO,JARAGUÁ,9.0,1.0,6.0,3468.0,385.3333333333333,32800.0,3644.4444444444443,3.0,6.0,148.0,2.0,1.0,1.0,800.0,400.0,16380.0,8190.0,0.0,1.0,44.0,-7.0,0.0,-5.0,-2668.0,14.666666666666686,-16420.0,4545.555555555556,-3.0,-5.0,-104.0,1,1
94331,GO,JATAÍ,9.0,1.0,6.0,3718.0,413.1111111111111,4025500.0,447277.77777777775,3.0,6.0,38.0,6.0,1.0,4.0,2482.0,413.6666666666667,65700.0,10950.0,0.0,5.0,38.0,-3.0,0.0,-2.0,-1236.0,0.5555555555555998,-3959800.0,-436327.77777777775,-3.0,-1.0,0.0,1,1
94358,GO,JAUPACI,5.0,1.0,3.0,1593.0,318.6,12500.0,2500.0,5.0,2.0,122.0,3.0,1.0,1.0,750.0,250.0,8000.0,2666.6666666666665,2.0,1.0,213.0,-2.0,0.0,-2.0,-843.0,-68.60000000000002,-4500.0,166.66666666666652,-3.0,-1.0,91.0,1,1
94374,GO,JOVIÂNIA,8.0,1.0,4.0,2426.0,303.25,37500.0,4687.5,7.0,3.0,78.0,10.0,1.0,8.0,3161.0,316.1,40500.0,4050.0,2.0,5.0,182.0,2.0,0.0,4.0,735.0,12.850000000000023,3000.0,-637.5,-5.0,2.0,104.0,1,1
94390,GO,JUSSARA,3.0,1.0,2.0,1200.0,400.0,12400.0,4133.333333333333,0.0,3.0,18.0,0.0,0.0,0.0,0.0,,,,0.0,0.0,,-3.0,-1.0,-2.0,-1200.0,,,,0.0,-3.0,,0,1
94439,GO,LEOPOLDO DE BULHÕES,6.0,1.0,3.0,1737.0,289.5,13500.0,2250.0,4.0,3.0,264.0,1.0,1.0,1.0,350.0,350.0,9500.0,9500.0,0.0,1.0,9.0,-5.0,0.0,-2.0,-1387.0,60.5,-4000.0,7250.0,-4.0,-2.0,-255.0,1,1
94455,GO,LUZIÂNIA,12.0,1.0,8.0,5701.0,475.0833333333333,47550.0,3962.5,9.0,6.0,105.0,7.0,1.0,4.0,4720.0,674.2857142857143,56000.0,8000.0,0.0,2.0,216.0,-5.0,0.0,-4.0,-981.0,199.20238095238102,8450.0,4037.5,-9.0,-4.0,111.0,1,1
94471,GO,MAIRIPOTABA,1.0,1.0,1.0,273.0,273.0,2000.0,2000.0,1.0,0.0,176.0,4.0,1.0,3.0,1238.0,309.5,13000.0,3250.0,0.0,0.0,204.0,3.0,0.0,2.0,965.0,36.5,11000.0,1250.0,-1.0,0.0,28.0,1,1
94498,GO,MAMBAÍ,4.0,1.0,4.0,1441.0,360.25,16000.0,4000.0,2.0,2.0,40.0,6.0,1.0,3.0,2082.0,347.0,28000.0,4666.666666666667,1.0,3.0,84.0,2.0,0.0,-1.0,641.0,-13.25,12000.0,666.666666666667,-1.0,1.0,44.0,1,1
94510,GO,MARA ROSA,8.0,1.0,7.0,2852.0,356.5,35500.0,4437.5,3.0,5.0,114.0,4.0,1.0,2.0,1808.0,452.0,13800.0,3450.0,0.0,1.0,202.0,-4.0,0.0,-5.0,-1044.0,95.5,-21700.0,-987.5,-3.0,-4.0,88.0,1,1
94536,GO,MARZAGÃO,4.0,1.0,3.0,1309.0,327.25,13000.0,3250.0,4.0,3.0,55.0,1.0,1.0,1.0,339.0,339.0,3000.0,3000.0,0.0,0.0,175.0,-3.0,0.0,-2.0,-970.0,11.75,-10000.0,-250.0,-4.0,-3.0,120.0,1,1
94552,GO,PARANAIGUARA,4.0,1.0,4.0,1628.0,407.0,19600.0,4900.0,2.0,2.0,137.0,2.0,1.0,1.0,618.0,309.0,16500.0,8250.0,0.0,1.0,74.0,-2.0,0.0,-3.0,-1010.0,-98.0,-3100.0,3350.0,-2.0,-1.0,-63.0,1,1
94579,GO,MAURILÂNDIA,2.0,1.0,2.0,596.0,298.0,9500.0,4750.0,2.0,1.0,37.0,6.0,1.0,4.0,1750.0,291.6666666666667,30000.0,5000.0,0.0,3.0,135.0,4.0,0.0,2.0,1154.0,-6.333333333333314,20500.0,250.0,-2.0,2.0,98.0,1,1
94595,GO,MINEIROS,11.0,1.0,4.0,4399.0,399.90909090909093,49000.0,4454.545454545455,4.0,9.0,57.0,7.0,1.0,4.0,2873.0,410.42857142857144,33000.0,4714.285714285715,3.0,1.0,248.0,-4.0,0.0,0.0,-1526.0,10.51948051948051,-16000.0,259.7402597402597,-1.0,-8.0,191.0,1,1
94617,TO,MIRACEMA DO TOCANTINS,10.0,1.0,5.0,4207.0,420.7,32400.0,3240.0,10.0,5.0,90.0,11.0,1.0,5.0,5140.0,467.27272727272725,53500.0,4863.636363636364,9.0,5.0,142.0,1.0,0.0,0.0,933.0,46.57272727272726,21100.0,1623.636363636364,-1.0,0.0,52.0,1,1
94633,TO,MIRANORTE,4.0,1.0,2.0,1500.0,375.0,23000.0,5750.0,4.0,3.0,255.0,9.0,1.0,5.0,2732.0,303.55555555555554,24406.760000000002,2711.8622222222225,3.0,5.0,157.0,5.0,0.0,3.0,1232.0,-71.44444444444446,1406.760000000002,-3038.1377777777775,-1.0,2.0,-98.0,1,1
94650,GO,MOIPORÁ,2.0,1.0,1.0,560.0,280.0,5000.0,2500.0,2.0,2.0,25.0,2.0,1.0,1.0,492.0,246.0,4000.0,2000.0,2.0,2.0,26.0,0.0,0.0,0.0,-68.0,-34.0,-1000.0,-500.0,0.0,0.0,1.0,1,1
94676,GO,MONTE ALEGRE DE GOIÁS,4.0,1.0,3.0,1508.0,377.0,15000.0,3750.0,3.0,1.0,41.0,2.0,1.0,1.0,550.0,275.0,10000.0,5000.0,1.0,1.0,241.0,-2.0,0.0,-2.0,-958.0,-102.0,-5000.0,1250.0,-2.0,0.0,200.0,1,1
94692,TO,MONTE DO CARMO,2.0,1.0,2.0,700.0,350.0,9000.0,4500.0,2.0,2.0,12.0,11.0,1.0,3.0,2376.0,216.0,46500.0,4227.272727272727,8.0,5.0,165.0,9.0,0.0,1.0,1676.0,-134.0,37500.0,-272.727272727273,6.0,3.0,153.0,1,1
94714,GO,MONTES CLAROS DE GOIÁS,5.0,1.0,4.0,1798.0,359.6,26000.0,5200.0,3.0,4.0,47.0,3.0,1.0,2.0,1094.0,364.6666666666667,22500.0,7500.0,0.0,3.0,19.0,-2.0,0.0,-2.0,-704.0,5.066666666666663,-3500.0,2300.0,-3.0,-1.0,-28.0,1,1
94730,GO,MORRINHOS,15.0,1.0,8.0,6875.0,458.3333333333333,81300.0,5420.0,11.0,11.0,250.0,11.0,1.0,5.0,4663.0,423.90909090909093,57000.0,5181.818181818182,0.0,6.0,72.0,-4.0,0.0,-3.0,-2212.0,-34.42424242424238,-24300.0,-238.18181818181802,-11.0,-5.0,-178.0,1,1
94757,GO,MOSSÂMEDES,1.0,1.0,1.0,300.0,300.0,2500.0,2500.0,0.0,1.0,19.0,5.0,1.0,4.0,1705.0,341.0,15500.0,3100.0,1.0,1.0,191.0,4.0,0.0,3.0,1405.0,41.0,13000.0,600.0,1.0,0.0,172.0,1,1
94773,GO,MOZARLÂNDIA,3.0,1.0,3.0,1250.0,416.6666666666667,5501.0,1833.6666666666667,2.0,3.0,12.0,4.0,1.0,4.0,1572.0,393.0,26800.0,6700.0,1.0,4.0,29.0,1.0,0.0,1.0,322.0,-23.666666666666686,21299.0,4866.333333333333,-1.0,1.0,17.0,1,1
94790,GO,MUTUNÓPOLIS,5.0,1.0,4.0,1605.0,321.0,16000.0,3200.0,4.0,3.0,88.0,4.0,1.0,3.0,1293.0,323.25,22000.0,5500.0,0.0,2.0,39.0,-1.0,0.0,-1.0,-312.0,2.25,6000.0,2300.0,-4.0,-1.0,-49.0,1,1
94811,TO,NATIVIDADE,7.0,1.0,4.0,1855.0,265.0,31500.0,4500.0,7.0,5.0,200.0,2.0,1.0,1.0,600.0,300.0,3000.0,1500.0,0.0,1.0,46.0,-5.0,0.0,-3.0,-1255.0,35.0,-28500.0,-3000.0,-7.0,-4.0,-154.0,1,1
94838,TO,NAZARÉ,0.0,0.0,0.0,0.0,,,,0.0,0.0,,4.0,1.0,4.0,960.0,240.0,15000.0,3750.0,2.0,4.0,16.0,4.0,1.0,4.0,960.0,,,,2.0,4.0,,0,1
94854,GO,NAZÁRIO,6.0,1.0,4.0,2022.0,337.0,14150.0,2358.3333333333335,4.0,3.0,151.0,6.0,1.0,4.0,2130.0,355.0,21000.0,3500.0,0.0,4.0,148.0,0.0,0.0,0.0,108.0,18.0,6850.0,1141.6666666666665,-4.0,1.0,-3.0,1,1
94870,GO,NERÓPOLIS,7.0,1.0,4.0,2447.0,349.57142857142856,21800.0,3114.285714285714,6.0,2.0,284.0,10.0,1.0,7.0,4402.0,440.2,34500.0,3450.0,4.0,3.0,240.0,3.0,0.0,3.0,1955.0,90.62857142857143,12700.0,335.7142857142858,-2.0,1.0,-44.0,1,1
94897,GO,NIQUELÂNDIA,4.0,1.0,4.0,3910.0,977.5,12500.0,3125.0,3.0,2.0,129.0,12.0,1.0,8.0,6094.0,507.8333333333333,57500.0,4791.666666666667,2.0,6.0,215.0,8.0,0.0,4.0,2184.0,-469.6666666666667,45000.0,1666.666666666667,-1.0,4.0,86.0,1,1
94919,GO,NOVA AMÉRICA,1.0,1.0,1.0,335.0,335.0,2000.0,2000.0,1.0,0.0,32.0,0.0,0.0,0.0,0.0,,,,0.0,0.0,,-1.0,-1.0,-1.0,-335.0,,,,-1.0,0.0,,0,1
94935,GO,NOVA AURORA,5.0,1.0,3.0,1208.0,241.6,13400.0,2680.0,3.0,3.0,34.0,0.0,0.0,0.0,0.0,,,,0.0,0.0,,-5.0,-1.0,-3.0,-1208.0,,,,-3.0,-3.0,,0,1
94951,GO,NOVA ROMA,1.0,1.0,1.0,343.0,343.0,2000.0,2000.0,1.0,0.0,38.0,0.0,0.0,0.0,0.0,,,,0.0,0.0,,-1.0,-1.0,-1.0,-343.0,,,,-1.0,0.0,,0,1
94978,GO,NOVA VENEZA,6.0,1.0,3.0,1706.0,284.3333333333333,13501.0,2250.1666666666665,5.0,2.0,271.0,2.0,1.0,2.0,595.0,297.5,14500.0,7250.0,0.0,1.0,42.0,-4.0,0.0,-1.0,-1111.0,13.166666666666686,999.0,4999.833333333334,-5.0,-1.0,-229.0,1,1
94994,TO,NOVO ACORDO,2.0,1.0,2.0,650.0,325.0,11000.0,5500.0,2.0,1.0,40.0,7.0,1.0,5.0,1385.0,197.85714285714286,20500.0,2928.5714285714284,4.0,4.0,111.0,5.0,0.0,3.0,735.0,-127.14285714285714,9500.0,-2571.4285714285716,2.0,3.0,71.0,1,1
95010,GO,NOVO BRASIL,1.0,1.0,1.0,300.0,300.0,5500.0,5500.0,0.0,1.0,6.0,1.0,1.0,1.0,450.0,450.0,2000.0,2000.0,0.0,1.0,5.0,0.0,0.0,0.0,150.0,150.0,-3500.0,-3500.0,0.0,0.0,-1.0,1,1
95036,GO,ORIZONA,3.0,1.0,3.0,1183.0,394.3333333333333,8800.0,2933.3333333333335,2.0,2.0,32.0,4.0,1.0,4.0,1398.0,349.5,27000.0,6750.0,1.0,3.0,50.0,1.0,0.0,1.0,215.0,-44.833333333333314,18200.0,3816.6666666666665,-1.0,1.0,18.0,1,1
95052,GO,OURO VERDE DE GOIÁS,3.0,1.0,2.0,937.0,312.3333333333333,8500.0,2833.3333333333335,2.0,1.0,124.0,1.0,1.0,1.0,301.0,301.0,5000.0,5000.0,1.0,0.0,166.0,-2.0,0.0,-1.0,-636.0,-11.333333333333314,-3500.0,2166.6666666666665,-1.0,-1.0,42.0,1,1
95079,GO,OUVIDOR,9.0,1.0,6.0,3044.0,338.22222222222223,22700.0,2522.222222222222,3.0,9.0,29.0,5.0,1.0,3.0,1608.0,321.6,26500.0,5300.0,3.0,3.0,96.0,-4.0,0.0,-3.0,-1436.0,-16.622222222222206,3800.0,2777.777777777778,0.0,-6.0,67.0,1,1
95095,GO,PADRE BERNARDO,3.0,1.0,2.0,1249.0,416.3333333333333,5650.0,1883.3333333333333,3.0,0.0,150.0,6.0,1.0,5.0,3416.0,569.3333333333334,53000.0,8833.333333333334,0.0,2.0,225.0,3.0,0.0,3.0,2167.0,153.00000000000006,47350.0,6950.000000000001,-3.0,2.0,75.0,1,1
95117,GO,PALMEIRAS DE GOIÁS,7.0,1.0,3.0,2411.0,344.42857142857144,18500.0,2642.8571428571427,4.0,5.0,192.0,10.0,1.0,8.0,3921.0,392.1,68948.4,6894.839999999999,3.0,6.0,179.0,3.0,0.0,5.0,1510.0,47.67142857142858,50448.399999999994,4251.982857142857,-1.0,1.0,-13.0,1,1
95133,GO,PALMELO,2.0,1.0,2.0,576.0,288.0,5000.0,2500.0,2.0,2.0,24.0,0.0,0.0,0.0,0.0,,,,0.0,0.0,,-2.0,-1.0,-2.0,-576.0,,,,-2.0,-2.0,,0,1
95150,GO,PALMINÓPOLIS,5.0,1.0,2.0,1479.0,295.8,8650.0,1730.0,5.0,1.0,158.0,0.0,0.0,0.0,0.0,,,,0.0,0.0,,-5.0,-1.0,-2.0,-1479.0,,,,-5.0,-1.0,,0,1
95176,GO,PANAMÁ,0.0,0.0,0.0,0.0,,,,0.0,0.0,,4.0,1.0,3.0,1222.0,305.5,14500.0,3625.0,2.0,3.0,85.0,4.0,1.0,3.0,1222.0,,,,2.0,3.0,,0,1
95192,TO,PARAÍSO DO TOCANTINS,12.0,1.0,4.0,7210.0,600.8333333333334,37750.0,3145.8333333333335,11.0,7.0,148.0,8.0,1.0,5.0,4610.0,576.25,87660.0,10957.5,6.0,2.0,153.0,-4.0,0.0,1.0,-2600.0,-24.58333333333337,49910.0,7811.666666666666,-5.0,-5.0,5.0,1,1
95214,TO,PARANÃ,10.0,1.0,6.0,3860.0,386.0,54000.0,5400.0,10.0,7.0,248.0,10.0,1.0,3.0,2528.0,252.8,41500.0,4150.0,4.0,3.0,153.0,0.0,0.0,-3.0,-1332.0,-133.2,-12500.0,-1250.0,-6.0,-4.0,-95.0,1,1
95230,GO,PARAÚNA,2.0,1.0,1.0,659.0,329.5,4000.0,2000.0,2.0,0.0,156.0,8.0,1.0,5.0,2542.0,317.75,49500.0,6187.5,0.0,4.0,47.0,6.0,0.0,4.0,1883.0,-11.75,45500.0,4187.5,-2.0,4.0,-109.0,1,1
95257,TO,PEDRO AFONSO,3.0,1.0,3.0,787.0,262.3333333333333,13000.0,4333.333333333333,2.0,2.0,35.0,5.0,1.0,3.0,1050.0,210.0,23500.0,4700.0,3.0,3.0,130.0,2.0,0.0,0.0,263.0,-52.333333333333314,10500.0,366.66666666666697,1.0,1.0,95.0,1,1
95273,TO,PEIXE,3.0,1.0,2.0,1050.0,350.0,25000.0,8333.333333333334,3.0,3.0,30.0,0.0,0.0,0.0,0.0,,,,0.0,0.0,,-3.0,-1.0,-2.0,-1050.0,,,,-3.0,-3.0,,0,1
95290,TO,COLMÉIA,2.0,1.0,2.0,675.0,337.5,13000.0,6500.0,1.0,2.0,8.0,5.0,1.0,2.0,1172.0,234.4,30000.0,6000.0,5.0,3.0,48.0,3.0,0.0,0.0,497.0,-103.1,17000.0,-500.0,4.0,1.0,40.0,1,1
95311,GO,PETROLINA DE GOIÁS,3.0,1.0,2.0,1046.0,348.6666666666667,4650.0,1550.0,2.0,0.0,87.0,2.0,1.0,2.0,650.0,325.0,5500.0,2750.0,1.0,1.0,44.0,-1.0,0.0,0.0,-396.0,-23.666666666666686,850.0,1200.0,-1.0,1.0,-43.0,1,1
95338,TO,GOIATINS,0.0,0.0,0.0,0.0,,,,0.0,0.0,,4.0,1.0,3.0,931.0,232.75,18500.0,4625.0,2.0,3.0,37.0,4.0,1.0,3.0,931.0,,,,2.0,3.0,,0,1
95354,GO,PILAR DE GOIÁS,4.0,1.0,3.0,1198.0,299.5,11000.0,2750.0,3.0,1.0,43.0,2.0,1.0,2.0,490.0,245.0,12000.0,6000.0,0.0,2.0,10.0,-2.0,0.0,-1.0,-708.0,-54.5,1000.0,3250.0,-3.0,1.0,-33.0,1,1
95370,TO,PINDORAMA DO TOCANTINS,3.0,1.0,2.0,900.0,300.0,11000.0,3666.6666666666665,3.0,2.0,54.0,3.0,1.0,1.0,1050.0,350.0,4400.0,1466.6666666666667,1.0,2.0,86.0,0.0,0.0,-1.0,150.0,50.0,-6600.0,-2200.0,-2.0,0.0,32.0,1,1
95397,GO,PIRACANJUBA,7.0,1.0,3.0,2554.0,364.85714285714283,18000.0,2571.4285714285716,7.0,1.0,156.0,12.0,1.0,5.0,3750.0,312.5,49500.0,4125.0,2.0,8.0,196.0,5.0,0.0,2.0,1196.0,-52.35714285714283,31500.0,1553.5714285714284,-5.0,7.0,40.0,1,1
95419,GO,PIRANHAS,12.0,1.0,6.0,4865.0,405.4166666666667,39800.0,3316.6666666666665,9.0,9.0,100.0,13.0,1.0,5.0,4228.0,325.2307692307692,51000.0,3923.076923076923,9.0,9.0,210.0,1.0,0.0,-1.0,-637.0,-80.18589743589746,11200.0,606.4102564102564,0.0,0.0,110.0,1,1
95435,GO,PIRENÓPOLIS,3.0,1.0,2.0,1058.0,352.6666666666667,5850.0,1950.0,2.0,1.0,94.0,1.0,1.0,1.0,378.0,378.0,10000.0,10000.0,0.0,1.0,5.0,-2.0,0.0,-1.0,-680.0,25.333333333333314,4150.0,8050.0,-2.0,0.0,-89.0,1,1
95451,GO,PIRES DO RIO,9.0,1.0,7.0,3495.0,388.3333333333333,37800.0,4200.0,6.0,5.0,104.0,5.0,1.0,5.0,1998.0,399.6,23650.0,4730.0,2.0,2.0,244.0,-4.0,0.0,-2.0,-1497.0,11.266666666666708,-14150.0,530.0,-4.0,-3.0,140.0,1,1
95478,TO,PIUM,1.0,1.0,1.0,200.0,200.0,2000.0,2000.0,1.0,0.0,106.0,1.0,1.0,1.0,300.0,300.0,5000.0,5000.0,1.0,0.0,34.0,0.0,0.0,0.0,100.0,100.0,3000.0,3000.0,0.0,0.0,-72.0,1,1
95494,GO,PONTALINA,7.0,1.0,4.0,2528.0,361.14285714285717,21000.0,3000.0,4.0,3.0,177.0,10.0,1.0,3.0,3293.0,329.3,31500.0,3150.0,5.0,3.0,229.0,3.0,0.0,-1.0,765.0,-31.842857142857156,10500.0,150.0,1.0,0.0,52.0,1,1
95532,TO,PONTE ALTA DO TOCANTINS,3.0,1.0,2.0,768.0,256.0,12000.0,4000.0,3.0,1.0,56.0,10.0,1.0,6.0,3208.0,320.8,33000.0,3300.0,5.0,4.0,157.0,7.0,0.0,4.0,2440.0,64.80000000000001,21000.0,-700.0,2.0,3.0,101.0,1,1
95559,GO,PORANGATU,16.0,1.0,13.0,6684.0,417.75,81850.0,5115.625,12.0,11.0,273.0,8.0,1.0,4.0,3383.0,422.875,66220.0,8277.5,3.0,4.0,214.0,-8.0,0.0,-9.0,-3301.0,5.125,-15630.0,3161.875,-9.0,-7.0,-59.0,1,1
95575,GO,PORTELÂNDIA,2.0,1.0,2.0,596.0,298.0,7000.0,3500.0,2.0,2.0,9.0,0.0,0.0,0.0,0.0,,,,0.0,0.0,,-2.0,-1.0,-2.0,-596.0,,,,-2.0,-2.0,,0,1
95591,TO,PORTO NACIONAL,18.0,1.0,8.0,8931.0,496.1666666666667,128400.0,7133.333333333333,16.0,14.0,216.0,20.0,1.0,10.0,12499.0,624.95,149580.0,7479.0,13.0,7.0,149.0,2.0,0.0,2.0,3568.0,128.78333333333336,21180.0,345.66666666666697,-3.0,-7.0,-67.0,1,1
95613,GO,POSSE,7.0,1.0,5.0,2542.0,363.14285714285717,29500.0,4214.285714285715,5.0,2.0,102.0,3.0,1.0,3.0,1312.0,437.3333333333333,23500.0,7833.333333333333,1.0,2.0,44.0,-4.0,0.0,-2.0,-1230.0,74.19047619047615,-6000.0,3619.0476190476184,-4.0,0.0,-58.0,1,1
95630,GO,QUIRINÓPOLIS,7.0,1.0,5.0,3077.0,439.57142857142856,18500.0,2642.8571428571427,3.0,5.0,36.0,6.0,1.0,5.0,2372.0,395.3333333333333,56100.0,9350.0,1.0,2.0,204.0,-1.0,0.0,0.0,-705.0,-44.23809523809524,37600.0,6707.142857142857,-2.0,-3.0,168.0,1,1
95656,GO,RIALMA,2.0,1.0,2.0,736.0,368.0,8500.0,4250.0,2.0,1.0,37.0,5.0,1.0,3.0,1650.0,330.0,25000.0,5000.0,0.0,4.0,42.0,3.0,0.0,1.0,914.0,-38.0,16500.0,750.0,-2.0,3.0,5.0,1,1
95672,GO,RIANÁPOLIS,3.0,1.0,2.0,925.0,308.3333333333333,7000.0,2333.3333333333335,2.0,2.0,107.0,1.0,1.0,1.0,250.0,250.0,3000.0,3000.0,0.0,0.0,100.0,-2.0,0.0,-1.0,-675.0,-58.333333333333314,-4000.0,666.6666666666665,-2.0,-2.0,-7.0,1,1
95710,GO,RIO VERDE,15.0,1.0,8.0,8733.0,582.2,52712.0,3514.133333333333,9.0,10.0,84.0,17.0,1.0,12.0,10307.0,606.2941176470588,189409.8,11141.75294117647,9.0,13.0,135.0,2.0,0.0,4.0,1574.0,24.094117647058738,136697.8,7627.619607843137,0.0,3.0,51.0,1,1
95737,GO,RUBIATABA,3.0,1.0,3.0,1438.0,479.3333333333333,8500.0,2833.3333333333335,3.0,1.0,45.0,6.0,1.0,4.0,3681.0,613.5,29000.0,4833.333333333333,1.0,4.0,46.0,3.0,0.0,1.0,2243.0,134.16666666666669,20500.0,1999.9999999999995,-2.0,3.0,1.0,1,1
95753,GO,SANCLERLÂNDIA,2.0,1.0,2.0,665.0,332.5,7000.0,3500.0,0.0,2.0,7.0,2.0,1.0,2.0,650.0,325.0,6500.0,3250.0,0.0,1.0,139.0,0.0,0.0,0.0,-15.0,-7.5,-500.0,-250.0,0.0,-1.0,132.0,1,1
95770,GO,SANTA BÁRBARA DE GOIÁS,3.0,1.0,1.0,946.0,315.3333333333333,4650.0,1550.0,3.0,0.0,149.0,0.0,0.0,0.0,0.0,,,,0.0,0.0,,-3.0,-1.0,-1.0,-946.0,,,,-3.0,0.0,,0,1
95796,GO,SANTA CRUZ DE GOIÁS,4.0,1.0,4.0,1246.0,311.5,11000.0,2750.0,2.0,1.0,99.0,1.0,1.0,1.0,350.0,350.0,5000.0,5000.0,0.0,1.0,17.0,-3.0,0.0,-3.0,-896.0,38.5,-6000.0,2250.0,-2.0,0.0,-82.0,1,1
95818,GO,SANTA HELENA DE GOIÁS,4.0,1.0,4.0,1558.0,389.5,11500.0,2875.0,2.0,2.0,39.0,9.0,1.0,5.0,4010.0,445.55555555555554,53500.0,5944.444444444444,2.0,4.0,197.0,5.0,0.0,1.0,2452.0,56.05555555555554,42000.0,3069.4444444444443,0.0,2.0,158.0,1,1
95834,GO,SANTA RITA DO ARAGUAIA,0.0,0.0,0.0,0.0,,,,0.0,0.0,,1.0,1.0,1.0,300.0,300.0,6000.0,6000.0,0.0,1.0,7.0,1.0,1.0,1.0,300.0,,,,0.0,1.0,,0,1
95850,GO,SANTA ROSA DE GOIÁS,5.0,1.0,3.0,1474.0,294.8,9500.0,1900.0,4.0,3.0,123.0,0.0,0.0,0.0,0.0,,,,0.0,0.0,,-5.0,-1.0,-3.0,-1474.0,,,,-4.0,-3.0,,0,1
95877,GO,SANTA TEREZA DE GOIÁS,2.0,1.0,2.0,640.0,320.0,6000.0,3000.0,2.0,0.0,89.0,3.0,1.0,2.0,900.0,300.0,13000.0,4333.333333333333,0.0,2.0,31.0,1.0,0.0,0.0,260.0,-20.0,7000.0,1333.333333333333,-2.0,2.0,-58.0,1,1
95893,GO,SANTA TEREZINHA DE GOIÁS,3.0,1.0,3.0,968.0,322.6666666666667,7000.0,2333.3333333333335,2.0,3.0,30.0,0.0,0.0,0.0,0.0,,,,0.0,0.0,,-3.0,-1.0,-3.0,-968.0,,,,-2.0,-3.0,,0,1
95915,GO,SÃO DOMINGOS,3.0,1.0,2.0,1099.0,366.3333333333333,9000.0,3000.0,2.0,1.0,64.0,3.0,1.0,2.0,1021.0,340.3333333333333,23000.0,7666.666666666667,2.0,2.0,43.0,0.0,0.0,0.0,-78.0,-26.0,14000.0,4666.666666666667,0.0,1.0,-21.0,1,1
95931,GO,SÃO FRANCISCO DE GOIÁS,7.0,1.0,4.0,2156.0,308.0,22500.0,3214.285714285714,6.0,5.0,142.0,3.0,1.0,3.0,947.0,315.6666666666667,19000.0,6333.333333333333,2.0,2.0,79.0,-4.0,0.0,-1.0,-1209.0,7.666666666666686,-3500.0,3119.047619047619,-4.0,-3.0,-63.0,1,1
95958,GO,PLANALTINA,7.0,1.0,2.0,3299.0,471.2857142857143,27300.0,3900.0,7.0,1.0,238.0,2.0,1.0,1.0,1029.0,514.5,24000.0,12000.0,1.0,0.0,198.0,-5.0,0.0,-1.0,-2270.0,43.21428571428572,-3300.0,8100.0,-6.0,-1.0,-40.0,1,1
95974,GO,SÃO JOÃO D'ALIANÇA,4.0,1.0,2.0,1303.0,325.75,8150.0,2037.5,2.0,1.0,82.0,2.0,1.0,1.0,600.0,300.0,7500.0,3750.0,0.0,1.0,93.0,-2.0,0.0,-1.0,-703.0,-25.75,-650.0,1712.5,-2.0,0.0,11.0,1,1
95990,GO,SÃO LUÍS DE MONTES BELOS,7.0,1.0,5.0,4335.0,619.2857142857143,15151.0,2164.4285714285716,7.0,4.0,156.0,9.0,1.0,5.0,4560.0,506.6666666666667,27000.0,3000.0,1.0,5.0,137.0,2.0,0.0,0.0,225.0,-112.61904761904765,11849.0,835.5714285714284,-6.0,1.0,-19.0,1,1
96016,GO,SÃO MIGUEL DO ARAGUAIA,1.0,1.0,1.0,379.0,379.0,2000.0,2000.0,1.0,0.0,31.0,5.0,1.0,4.0,2088.0,417.6,30000.0,6000.0,4.0,0.0,212.0,4.0,0.0,3.0,1709.0,38.60000000000002,28000.0,4000.0,3.0,0.0,181.0,1,1
96032,TO,SÃO SEBASTIÃO DO TOCANTINS,3.0,1.0,1.0,1962.0,654.0,8000.0,2666.6666666666665,3.0,2.0,59.0,1.0,1.0,1.0,300.0,300.0,2000.0,2000.0,0.0,1.0,25.0,-2.0,0.0,0.0,-1662.0,-354.0,-6000.0,-666.6666666666665,-3.0,-1.0,-34.0,1,1
96059,GO,SÃO SIMÃO,9.0,1.0,7.0,3018.0,335.3333333333333,51345.0,5705.0,7.0,6.0,43.0,5.0,1.0,5.0,1677.0,335.4,63000.0,12600.0,0.0,4.0,56.0,-4.0,0.0,-2.0,-1341.0,0.06666666666666288,11655.0,6895.0,-7.0,-2.0,13.0,1,1
96075,GO,SERRANÓPOLIS,1.0,1.0,1.0,375.0,375.0,3000.0,3000.0,1.0,0.0,56.0,2.0,1.0,1.0,560.0,280.0,7000.0,3500.0,0.0,1.0,44.0,1.0,0.0,0.0,185.0,-95.0,4000.0,500.0,-1.0,1.0,-12.0,1,1
96091,GO,SILVÂNIA,8.0,1.0,5.0,2629.0,328.625,27000.0,3375.0,6.0,3.0,277.0,11.0,1.0,6.0,4161.0,378.27272727272725,69900.0,6354.545454545455,1.0,8.0,239.0,3.0,0.0,1.0,1532.0,49.64772727272725,42900.0,2979.545454545455,-5.0,5.0,-38.0,1,1
96113,GO,SÍTIO D'ABADIA,1.0,1.0,1.0,339.0,339.0,2000.0,2000.0,1.0,0.0,36.0,0.0,0.0,0.0,0.0,,,,0.0,0.0,,-1.0,-1.0,-1.0,-339.0,,,,-1.0,0.0,,0,1
96130,TO,SÍTIO NOVO DO TOCANTINS,2.0,1.0,2.0,943.0,471.5,6500.0,3250.0,2.0,2.0,19.0,2.0,1.0,2.0,416.0,208.0,7500.0,3750.0,1.0,1.0,80.0,0.0,0.0,0.0,-527.0,-263.5,1000.0,500.0,-1.0,-1.0,61.0,1,1
96156,TO,TAGUATINGA,1.0,1.0,1.0,400.0,400.0,4000.0,4000.0,1.0,1.0,4.0,0.0,0.0,0.0,0.0,,,,0.0,0.0,,-1.0,-1.0,-1.0,-400.0,,,,-1.0,-1.0,,0,1
96172,GO,TAQUARAL DE GOIÁS,4.0,1.0,2.0,1404.0,351.0,18000.0,4500.0,3.0,2.0,110.0,10.0,1.0,5.0,3175.0,317.5,30500.0,3050.0,4.0,4.0,197.0,6.0,0.0,3.0,1771.0,-33.5,12500.0,-1450.0,1.0,2.0,87.0,1,1
96199,TO,TOCANTÍNIA,2.0,1.0,2.0,550.0,275.0,7000.0,3500.0,2.0,1.0,76.0,0.0,0.0,0.0,0.0,,,,0.0,0.0,,-2.0,-1.0,-2.0,-550.0,,,,-2.0,-1.0,,0,1
96210,TO,TOCANTINÓPOLIS,4.0,1.0,3.0,1450.0,362.5,26000.0,6500.0,4.0,4.0,30.0,5.0,1.0,2.0,1380.0,276.0,35000.0,7000.0,4.0,3.0,99.0,1.0,0.0,-1.0,-70.0,-86.5,9000.0,500.0,0.0,-1.0,69.0,1,1
96237,GO,TRÊS RANCHOS,2.0,1.0,2.0,607.0,303.5,4700.0,2350.0,2.0,1.0,37.0,2.0,1.0,1.0,710.0,355.0,6000.0,3000.0,0.0,0.0,156.0,0.0,0.0,-1.0,103.0,51.5,1300.0,650.0,-2.0,-1.0,119.0,1,1
96253,GO,TRINDADE,17.0,1.0,11.0,9053.0,532.5294117647059,81650.0,4802.941176470588,13.0,10.0,271.0,18.0,1.0,9.0,8911.0,495.05555555555554,149778.4,8321.022222222222,4.0,10.0,197.0,1.0,0.0,-2.0,-142.0,-37.47385620915031,68128.4,3518.0810457516336,-9.0,0.0,-74.0,1,1
96270,TO,GUARAÍ,2.0,1.0,2.0,695.0,347.5,10000.0,5000.0,2.0,2.0,18.0,8.0,1.0,3.0,2491.0,311.375,45000.0,5625.0,7.0,7.0,73.0,6.0,0.0,1.0,1796.0,-36.125,35000.0,625.0,5.0,5.0,55.0,1,1
96296,TO,PRESIDENTE KENNEDY,0.0,0.0,0.0,0.0,,,,0.0,0.0,,4.0,1.0,3.0,600.0,150.0,11000.0,2750.0,2.0,2.0,73.0,4.0,1.0,3.0,600.0,,,,2.0,2.0,,0,1
96318,GO,TURVÂNIA,3.0,1.0,1.0,964.0,321.3333333333333,4650.0,1550.0,3.0,0.0,155.0,1.0,1.0,1.0,350.0,350.0,8500.0,8500.0,0.0,0.0,142.0,-2.0,0.0,0.0,-614.0,28.666666666666686,3850.0,6950.0,-3.0,0.0,-13.0,1,1
96334,GO,URUAÇU,9.0,1.0,4.0,3923.0,435.8888888888889,48000.0,5333.333333333333,5.0,4.0,86.0,12.0,1.0,6.0,4828.0,402.3333333333333,98959.0,8246.583333333334,4.0,6.0,220.0,3.0,0.0,2.0,905.0,-33.5555555555556,50959.0,2913.250000000001,-1.0,2.0,134.0,1,1
96350,GO,URUANA,9.0,1.0,7.0,3761.0,417.8888888888889,25950.0,2883.3333333333335,6.0,6.0,83.0,1.0,1.0,1.0,350.0,350.0,7000.0,7000.0,0.0,1.0,27.0,-8.0,0.0,-6.0,-3411.0,-67.88888888888891,-18950.0,4116.666666666666,-6.0,-5.0,-56.0,1,1
96377,GO,URUTAÍ,2.0,1.0,2.0,598.0,299.0,7000.0,3500.0,2.0,0.0,70.0,3.0,1.0,3.0,776.0,258.6666666666667,11000.0,3666.6666666666665,0.0,1.0,49.0,1.0,0.0,1.0,178.0,-40.333333333333314,4000.0,166.66666666666652,-2.0,1.0,-21.0,1,1
96393,GO,VARJÃO,5.0,1.0,3.0,1458.0,291.6,10500.0,2100.0,5.0,3.0,180.0,8.0,1.0,6.0,2614.0,326.75,28000.0,3500.0,3.0,3.0,260.0,3.0,0.0,3.0,1156.0,35.14999999999998,17500.0,1400.0,-2.0,0.0,80.0,1,1
96415,GO,VIANÓPOLIS,8.0,1.0,5.0,2565.0,320.625,23500.0,2937.5,8.0,4.0,285.0,6.0,1.0,4.0,2168.0,361.3333333333333,50600.0,8433.333333333334,3.0,2.0,179.0,-2.0,0.0,-1.0,-397.0,40.708333333333314,27100.0,5495.833333333334,-5.0,-2.0,-106.0,1,1
96431,TO,XAMBIOÁ,7.0,1.0,4.0,1945.0,277.85714285714283,22500.0,3214.285714285714,7.0,5.0,75.0,2.0,1.0,2.0,360.0,180.0,6500.0,3250.0,1.0,1.0,93.0,-5.0,0.0,-2.0,-1585.0,-97.85714285714283,-16000.0,35.71428571428578,-6.0,-4.0,18.0,1,1
96458,GO,ACREÚNA,7.0,1.0,7.0,2478.0,354.0,22500.0,3214.285714285714,3.0,4.0,43.0,10.0,1.0,6.0,3591.0,359.1,43000.0,4300.0,3.0,3.0,167.0,3.0,0.0,-1.0,1113.0,5.100000000000023,20500.0,1085.7142857142858,0.0,-1.0,124.0,1,1
96474,GO,MINAÇU,4.0,1.0,3.0,1583.0,395.75,13000.0,3250.0,2.0,2.0,41.0,7.0,1.0,4.0,2937.0,419.57142857142856,53000.0,7571.428571428572,1.0,2.0,166.0,3.0,0.0,1.0,1354.0,23.821428571428555,40000.0,4321.428571428572,-1.0,0.0,125.0,1,1
96490,TO,PALMEIRÓPOLIS,1.0,1.0,1.0,350.0,350.0,4500.0,4500.0,1.0,1.0,9.0,1.0,1.0,1.0,250.0,250.0,4000.0,4000.0,1.0,0.0,33.0,0.0,0.0,0.0,-100.0,-100.0,-500.0,-500.0,0.0,-1.0,24.0,1,1
96512,GO,MUNDO NOVO,4.0,1.0,3.0,1400.0,350.0,12000.0,3000.0,2.0,2.0,50.0,3.0,1.0,3.0,913.0,304.3333333333333,15000.0,5000.0,1.0,2.0,33.0,-1.0,0.0,0.0,-487.0,-45.666666666666686,3000.0,2000.0,-1.0,0.0,-17.0,1,1
96539,GO,NOVA CRIXÁS,4.0,1.0,3.0,1509.0,377.25,13500.0,3375.0,2.0,4.0,29.0,4.0,1.0,4.0,1476.0,369.0,27000.0,6750.0,1.0,4.0,15.0,0.0,0.0,1.0,-33.0,-8.25,13500.0,3375.0,-1.0,0.0,-14.0,1,1
96555,GO,NOVA GLÓRIA,3.0,1.0,2.0,1036.0,345.3333333333333,15000.0,5000.0,2.0,2.0,38.0,0.0,0.0,0.0,0.0,,,,0.0,0.0,,-3.0,-1.0,-2.0,-1036.0,,,,-2.0,-2.0,,0,1
96571,GO,VICENTINÓPOLIS,1.0,1.0,1.0,361.0,361.0,3000.0,3000.0,1.0,1.0,10.0,3.0,1.0,3.0,1014.0,338.0,17000.0,5666.666666666667,0.0,2.0,173.0,2.0,0.0,2.0,653.0,-23.0,14000.0,2666.666666666667,-1.0,1.0,163.0,1,1
96598,TO,SILVANÓPOLIS,2.0,1.0,1.0,600.0,300.0,6000.0,3000.0,2.0,1.0,208.0,9.0,1.0,3.0,2022.0,224.66666666666666,34500.0,3833.3333333333335,7.0,3.0,184.0,7.0,0.0,2.0,1422.0,-75.33333333333334,28500.0,833.3333333333335,5.0,2.0,-24.0,1,1
96610,GO,AMERICANO DO BRASIL,4.0,1.0,2.0,1256.0,314.0,6650.0,1662.5,4.0,1.0,143.0,7.0,1.0,5.0,2220.0,317.14285714285717,26000.0,3714.285714285714,1.0,4.0,179.0,3.0,0.0,3.0,964.0,3.142857142857167,19350.0,2051.785714285714,-3.0,3.0,36.0,1,1
96636,TO,NOVA OLINDA,2.0,1.0,1.0,466.0,233.0,7000.0,3500.0,2.0,1.0,40.0,4.0,1.0,3.0,882.0,220.5,14000.0,3500.0,2.0,3.0,163.0,2.0,0.0,2.0,416.0,-12.5,7000.0,0.0,0.0,2.0,123.0,1,1
96652,TO,WANDERLÂNDIA,1.0,1.0,1.0,169.0,169.0,4000.0,4000.0,1.0,1.0,24.0,0.0,0.0,0.0,0.0,,,,0.0,0.0,,-1.0,-1.0,-1.0,-169.0,,,,-1.0,-1.0,,0,1
96679,TO,FIGUEIRÓPOLIS,2.0,1.0,2.0,540.0,270.0,11000.0,5500.0,2.0,2.0,6.0,7.0,1.0,4.0,1795.0,256.42857142857144,20000.0,2857.1428571428573,4.0,3.0,100.0,5.0,0.0,2.0,1255.0,-13.571428571428555,9000.0,-2642.8571428571427,2.0,1.0,94.0,1,1
96695,GO,ARAGUAPAZ,2.0,1.0,2.0,761.0,380.5,9500.0,4750.0,0.0,2.0,18.0,3.0,1.0,3.0,1100.0,366.6666666666667,8500.0,2833.3333333333335,0.0,2.0,33.0,1.0,0.0,1.0,339.0,-13.833333333333314,-1000.0,-1916.6666666666665,0.0,0.0,15.0,1,1
96717,GO,ARENÓPOLIS,8.0,1.0,4.0,2764.0,345.5,20500.0,2562.5,8.0,4.0,94.0,7.0,1.0,2.0,2008.0,286.85714285714283,20500.0,2928.5714285714284,5.0,1.0,220.0,-1.0,0.0,-2.0,-756.0,-58.64285714285717,0.0,366.07142857142844,-3.0,-3.0,126.0,1,1
96733,GO,CACHOEIRA DOURADA,4.0,1.0,3.0,1645.0,411.25,11800.0,2950.0,4.0,2.0,44.0,2.0,1.0,1.0,628.0,314.0,6500.0,3250.0,2.0,1.0,194.0,-2.0,0.0,-2.0,-1017.0,-97.25,-5300.0,300.0,-2.0,-1.0,150.0,1,1
96750,GO,DOVERLÂNDIA,5.0,1.0,2.0,1814.0,362.8,21000.0,4200.0,3.0,3.0,51.0,11.0,1.0,7.0,3588.0,326.1818181818182,36000.0,3272.7272727272725,6.0,5.0,179.0,6.0,0.0,5.0,1774.0,-36.618181818181824,15000.0,-927.2727272727275,3.0,2.0,128.0,1,1
96776,GO,SANTO ANTÔNIO DO DESCOBERTO,2.0,1.0,1.0,580.0,290.0,4000.0,2000.0,2.0,0.0,108.0,4.0,1.0,3.0,1974.0,493.5,18500.0,4625.0,1.0,3.0,177.0,2.0,0.0,2.0,1394.0,203.5,14500.0,2625.0,-1.0,3.0,69.0,1,1
96792,TO,RIO SONO,5.0,1.0,4.0,1414.0,282.8,21000.0,4200.0,5.0,2.0,302.0,5.0,1.0,3.0,1106.0,221.2,17067.940000000002,3413.5880000000006,3.0,2.0,213.0,0.0,0.0,-1.0,-308.0,-61.60000000000002,-3932.0599999999977,-786.4119999999994,-2.0,0.0,-89.0,1,1
96814,GO,INDIARA,7.0,1.0,3.0,2286.0,326.57142857142856,18000.0,2571.4285714285716,5.0,4.0,145.0,17.0,1.0,7.0,5648.0,332.2352941176471,92300.0,5429.411764705882,2.0,5.0,255.0,10.0,0.0,4.0,3362.0,5.663865546218517,74300.0,2857.9831932773104,-3.0,1.0,110.0,1,1
96830,TO,FÁTIMA,7.0,1.0,3.0,1940.0,277.14285714285717,15400.0,2200.0,7.0,5.0,88.0,3.0,1.0,3.0,630.0,210.0,12500.0,4166.666666666667,3.0,1.0,121.0,-4.0,0.0,0.0,-1310.0,-67.14285714285717,-2900.0,1966.666666666667,-4.0,-4.0,33.0,1,1
96857,TO,AUGUSTINÓPOLIS,2.0,1.0,2.0,661.0,330.5,7500.0,3750.0,2.0,2.0,17.0,9.0,1.0,4.0,2039.0,226.55555555555554,43500.0,4833.333333333333,7.0,3.0,110.0,7.0,0.0,2.0,1378.0,-103.94444444444446,36000.0,1083.333333333333,5.0,1.0,93.0,1,1
96873,GO,CAMPINAÇU,6.0,1.0,4.0,1783.0,297.1666666666667,22000.0,3666.6666666666665,5.0,3.0,39.0,3.0,1.0,3.0,870.0,290.0,8000.0,2666.6666666666665,1.0,3.0,30.0,-3.0,0.0,-1.0,-913.0,-7.166666666666686,-14000.0,-1000.0,-4.0,0.0,-9.0,1,1
96890,GO,SANTA ISABEL,0.0,0.0,0.0,0.0,,,,0.0,0.0,,4.0,1.0,3.0,1150.0,287.5,11500.0,2875.0,2.0,2.0,174.0,4.0,1.0,3.0,1150.0,,,,2.0,2.0,,0,1
96911,GO,ADELÂNDIA,5.0,1.0,3.0,1582.0,316.4,8450.0,1690.0,3.0,2.0,166.0,2.0,1.0,2.0,680.0,340.0,9500.0,4750.0,2.0,1.0,136.0,-3.0,0.0,-1.0,-902.0,23.600000000000023,1050.0,3060.0,-1.0,-1.0,-30.0,1,1
96938,GO,ÁGUA FRIA DE GOIÁS,2.0,1.0,1.0,640.0,320.0,4000.0,2000.0,2.0,0.0,124.0,1.0,1.0,1.0,300.0,300.0,5000.0,5000.0,0.0,1.0,6.0,-1.0,0.0,0.0,-340.0,-20.0,1000.0,3000.0,-2.0,1.0,-118.0,1,1
96954,TO,ALIANÇA DO TOCANTINS,0.0,0.0,0.0,0.0,,,,0.0,0.0,,5.0,1.0,4.0,1169.0,233.8,13000.0,2600.0,2.0,2.0,67.0,5.0,1.0,4.0,1169.0,,,,2.0,2.0,,0,1
96970,TO,APARECIDA DO RIO NEGRO,4.0,1.0,2.0,1000.0,250.0,20000.0,5000.0,4.0,3.0,40.0,8.0,1.0,7.0,2240.0,280.0,25914.5,3239.3125,6.0,3.0,135.0,4.0,0.0,5.0,1240.0,30.0,5914.5,-1760.6875,2.0,0.0,95.0,1,1
96997,TO,BARROLÂNDIA,1.0,1.0,1.0,300.0,300.0,1000.0,1000.0,1.0,0.0,86.0,5.0,1.0,2.0,1779.0,355.8,12000.0,2400.0,3.0,4.0,121.0,4.0,0.0,1.0,1479.0,55.80000000000001,11000.0,1400.0,2.0,4.0,35.0,1,1
98019,MS,BODOQUENA,1.0,1.0,1.0,225.0,225.0,6000.0,6000.0,1.0,1.0,13.0,4.0,1.0,3.0,1653.0,413.25,29000.0,7250.0,0.0,2.0,190.0,3.0,0.0,2.0,1428.0,188.25,23000.0,1250.0,-1.0,1.0,177.0,1,1
98035,MS,COSTA RICA,5.0,1.0,4.0,1800.0,360.0,36000.0,7200.0,3.0,4.0,207.0,2.0,1.0,1.0,800.0,400.0,12000.0,6000.0,0.0,2.0,13.0,-3.0,0.0,-3.0,-1000.0,40.0,-24000.0,-1200.0,-3.0,-2.0,-194.0,1,1
98051,MS,DOURADINA,2.0,1.0,1.0,420.0,210.0,12000.0,6000.0,2.0,1.0,78.0,4.0,1.0,2.0,1150.0,287.5,20000.0,5000.0,3.0,2.0,48.0,2.0,0.0,1.0,730.0,77.5,8000.0,-1000.0,1.0,1.0,-30.0,1,1
98078,MS,ITAQUIRAÍ,4.0,1.0,4.0,1359.0,339.75,30900.0,7725.0,1.0,4.0,26.0,1.0,1.0,1.0,600.0,600.0,6000.0,6000.0,0.0,1.0,7.0,-3.0,0.0,-3.0,-759.0,260.25,-24900.0,-1725.0,-1.0,-3.0,-19.0,1,1
98094,MS,SÃO GABRIEL DO OESTE,1.0,1.0,1.0,304.0,304.0,8000.0,8000.0,1.0,0.0,72.0,6.0,1.0,3.0,6106.0,1017.6666666666666,42000.0,7000.0,0.0,4.0,90.0,5.0,0.0,2.0,5802.0,713.6666666666666,34000.0,-1000.0,-1.0,4.0,18.0,1,1
98116,MS,SELVÍRIA,0.0,0.0,0.0,0.0,,,,0.0,0.0,,2.0,1.0,2.0,486.0,243.0,4600.0,2300.0,0.0,2.0,16.0,2.0,1.0,2.0,486.0,,,,0.0,2.0,,0,1
98132,MS,SETE QUEDAS,0.0,0.0,0.0,0.0,,,,0.0,0.0,,2.0,1.0,2.0,750.0,375.0,17000.0,8500.0,0.0,2.0,25.0,2.0,1.0,2.0,750.0,,,,0.0,2.0,,0,1
98159,MS,TACURU,2.0,1.0,1.0,608.0,304.0,12000.0,6000.0,2.0,1.0,301.0,0.0,0.0,0.0,0.0,,,,0.0,0.0,,-2.0,-1.0,-1.0,-608.0,,,,-2.0,-1.0,,0,1
98175,MS,TAQUARUSSU,4.0,1.0,1.0,1400.0,350.0,24000.0,6000.0,0.0,2.0,147.0,4.0,1.0,2.0,1500.0,375.0,19000.0,4750.0,0.0,1.0,188.0,0.0,0.0,1.0,100.0,25.0,-5000.0,-1250.0,0.0,-1.0,41.0,1,1
98191,MT,JUARA,1.0,1.0,1.0,300.0,300.0,5000.0,5000.0,1.0,1.0,7.0,0.0,0.0,0.0,0.0,,,,0.0,0.0,,-1.0,-1.0,-1.0,-300.0,,,,-1.0,-1.0,,0,1
98213,RS,TEUTÔNIA,4.0,1.0,3.0,1578.0,394.5,30900.0,7725.0,0.0,3.0,33.0,4.0,1.0,3.0,1579.0,394.75,56500.0,14125.0,0.0,3.0,40.0,0.0,0.0,0.0,1.0,0.25,25600.0,6400.0,0.0,0.0,7.0,1,1
98230,RS,BOM PRINCÍPIO,1.0,1.0,1.0,400.0,400.0,5500.0,5500.0,0.0,1.0,4.0,0.0,0.0,0.0,0.0,,,,0.0,0.0,,-1.0,-1.0,-1.0,-400.0,,,,0.0,-1.0,,0,1
98256,RS,PAROBÉ,1.0,1.0,1.0,400.0,400.0,6000.0,6000.0,0.0,1.0,22.0,2.0,1.0,2.0,700.0,350.0,43000.0,21500.0,0.0,2.0,7.0,1.0,0.0,1.0,300.0,-50.0,37000.0,15500.0,0.0,1.0,-15.0,1,1
98310,MT,JUÍNA,4.0,1.0,3.0,1900.0,475.0,23000.0,5750.0,2.0,4.0,27.0,1.0,1.0,1.0,460.0,460.0,4000.0,4000.0,0.0,1.0,10.0,-3.0,0.0,-2.0,-1440.0,-15.0,-19000.0,-1750.0,-2.0,-3.0,-17.0,1,1
98337,MT,DENISE,1.0,1.0,1.0,380.0,380.0,3500.0,3500.0,1.0,1.0,26.0,0.0,0.0,0.0,0.0,,,,0.0,0.0,,-1.0,-1.0,-1.0,-380.0,,,,-1.0,-1.0,,0,1
98353,AM,IRANDUBA,1.0,1.0,1.0,380.0,380.0,4000.0,4000.0,1.0,1.0,6.0,3.0,1.0,2.0,1215.0,405.0,15500.0,5166.666666666667,2.0,1.0,42.0,2.0,0.0,1.0,835.0,25.0,11500.0,1166.666666666667,1.0,0.0,36.0,1,1
98370,AM,ITAMARATI,1.0,1.0,1.0,350.0,350.0,13000.0,13000.0,1.0,0.0,77.0,1.0,1.0,1.0,360.0,360.0,12000.0,12000.0,1.0,0.0,246.0,0.0,0.0,0.0,10.0,10.0,-1000.0,-1000.0,0.0,0.0,169.0,1,1
98396,AM,MANAQUIRI,0.0,0.0,0.0,0.0,,,,0.0,0.0,,3.0,1.0,2.0,1704.0,568.0,14000.0,4666.666666666667,3.0,1.0,89.0,3.0,1.0,2.0,1704.0,,,,3.0,1.0,,0,1
98418,AM,PRESIDENTE FIGUEIREDO,4.0,1.0,2.0,1941.0,485.25,21500.0,5375.0,4.0,2.0,242.0,3.0,1.0,2.0,1285.0,428.3333333333333,21500.0,7166.666666666667,1.0,0.0,159.0,-1.0,0.0,0.0,-656.0,-56.916666666666686,0.0,1791.666666666667,-3.0,-2.0,-83.0,1,1
98434,AM,RIO PRETO DA EVA,1.0,1.0,1.0,300.0,300.0,7000.0,7000.0,1.0,1.0,17.0,4.0,1.0,2.0,1338.0,334.5,66000.0,16500.0,1.0,1.0,100.0,3.0,0.0,1.0,1038.0,34.5,59000.0,9500.0,0.0,0.0,83.0,1,1
98450,AM,SÃO SEBASTIÃO DO UATUMÃ,1.0,1.0,1.0,521.0,521.0,6000.0,6000.0,1.0,1.0,5.0,0.0,0.0,0.0,0.0,,,,0.0,0.0,,-1.0,-1.0,-1.0,-521.0,,,,-1.0,-1.0,,0,1
98477,AM,TABATINGA,0.0,0.0,0.0,0.0,,,,0.0,0.0,,1.0,1.0,1.0,380.0,380.0,6000.0,6000.0,1.0,1.0,8.0,1.0,1.0,1.0,380.0,,,,1.0,1.0,,0,1
98493,AM,UARINI,0.0,0.0,0.0,0.0,,,,0.0,0.0,,3.0,1.0,1.0,1108.0,369.3333333333333,21000.0,7000.0,3.0,1.0,171.0,3.0,1.0,1.0,1108.0,,,,3.0,1.0,,0,1
98590,MS,CORONEL SAPUCAIA,0.0,0.0,0.0,0.0,,,,0.0,0.0,,1.0,1.0,1.0,507.0,507.0,11000.0,11000.0,0.0,1.0,29.0,1.0,1.0,1.0,507.0,,,,0.0,1.0,,0,1
98612,MT,ALTO TAQUARI,0.0,0.0,0.0,0.0,,,,0.0,0.0,,1.0,1.0,1.0,367.0,367.0,3000.0,3000.0,0.0,0.0,125.0,1.0,1.0,1.0,367.0,,,,0.0,0.0,,0,1
98639,MT,ARAGUAIANA,1.0,1.0,1.0,343.0,343.0,5700.0,5700.0,0.0,0.0,40.0,1.0,1.0,1.0,343.0,343.0,6000.0,6000.0,0.0,1.0,16.0,0.0,0.0,0.0,0.0,0.0,300.0,300.0,0.0,1.0,-24.0,1,1
98655,MT,CAMPINÁPOLIS,1.0,1.0,1.0,388.0,388.0,5000.0,5000.0,0.0,1.0,29.0,0.0,0.0,0.0,0.0,,,,0.0,0.0,,-1.0,-1.0,-1.0,-388.0,,,,0.0,-1.0,,0,1
98671,MT,COCALINHO,2.0,1.0,2.0,700.0,350.0,6200.0,3100.0,1.0,2.0,8.0,2.0,1.0,2.0,620.0,310.0,12000.0,6000.0,0.0,2.0,15.0,0.0,0.0,0.0,-80.0,-40.0,5800.0,2900.0,-1.0,0.0,7.0,1,1
98698,MT,ITAÚBA,1.0,1.0,1.0,400.0,400.0,2000.0,2000.0,1.0,1.0,13.0,4.0,1.0,3.0,1319.0,329.75,16000.0,4000.0,1.0,2.0,197.0,3.0,0.0,2.0,919.0,-70.25,14000.0,2000.0,0.0,1.0,184.0,1,1
98736,MT,NOVA OLÍMPIA,0.0,0.0,0.0,0.0,,,,0.0,0.0,,1.0,1.0,1.0,500.0,500.0,16000.0,16000.0,1.0,1.0,6.0,1.0,1.0,1.0,500.0,,,,1.0,1.0,,0,1
98752,MT,NOVA CANAÃ DO NORTE,0.0,0.0,0.0,0.0,,,,0.0,0.0,,5.0,1.0,3.0,1332.0,266.4,24500.0,4900.0,1.0,0.0,113.0,5.0,1.0,3.0,1332.0,,,,1.0,0.0,,0,1
98779,MT,NOVO SÃO JOAQUIM,10.0,1.0,3.0,3820.0,382.0,49700.0,4970.0,4.0,4.0,271.0,3.0,1.0,1.0,980.0,326.6666666666667,15000.0,5000.0,0.0,1.0,134.0,-7.0,0.0,-2.0,-2840.0,-55.333333333333314,-34700.0,30.0,-4.0,-3.0,-137.0,1,1
98795,MT,NOVO HORIZONTE DO NORTE,1.0,1.0,1.0,343.0,343.0,4000.0,4000.0,1.0,1.0,15.0,2.0,1.0,2.0,407.0,203.5,15500.0,7750.0,0.0,2.0,5.0,1.0,0.0,1.0,64.0,-139.5,11500.0,3750.0,-1.0,1.0,-10.0,1,1
98817,MT,PEIXOTO DE AZEVEDO,3.0,1.0,2.0,908.0,302.6666666666667,16000.0,5333.333333333333,1.0,3.0,28.0,6.0,1.0,4.0,2457.0,409.5,64000.0,10666.666666666666,1.0,5.0,88.0,3.0,0.0,2.0,1549.0,106.83333333333331,48000.0,5333.333333333333,0.0,2.0,60.0,1,1
98833,MT,PARANAÍTA,0.0,0.0,0.0,0.0,,,,0.0,0.0,,5.0,1.0,1.0,1605.0,321.0,22000.0,4400.0,2.0,1.0,184.0,5.0,1.0,1.0,1605.0,,,,2.0,1.0,,0,1
98876,MT,PORTO ESPERIDIÃO,2.0,1.0,2.0,666.0,333.0,10000.0,5000.0,1.0,2.0,7.0,2.0,1.0,1.0,400.0,200.0,10000.0,5000.0,1.0,2.0,30.0,0.0,0.0,-1.0,-266.0,-133.0,0.0,0.0,0.0,0.0,23.0,1,1
98892,MT,PRIMAVERA DO LESTE,0.0,0.0,0.0,0.0,,,,0.0,0.0,,7.0,1.0,5.0,4388.0,626.8571428571429,95000.0,13571.42857142857,1.0,4.0,152.0,7.0,1.0,5.0,4388.0,,,,1.0,4.0,,0,1
98914,MT,RESERVA DO CABAÇAL,0.0,0.0,0.0,0.0,,,,0.0,0.0,,1.0,1.0,1.0,180.0,180.0,9000.0,9000.0,0.0,1.0,2.0,1.0,1.0,1.0,180.0,,,,0.0,1.0,,0,1
98930,MT,SORRISO,3.0,1.0,2.0,1300.0,433.3333333333333,15000.0,5000.0,1.0,3.0,14.0,7.0,1.0,6.0,4323.0,617.5714285714286,64000.0,9142.857142857143,2.0,5.0,221.0,4.0,0.0,4.0,3023.0,184.23809523809524,49000.0,4142.857142857143,1.0,2.0,207.0,1,1
98957,MT,TERRA NOVA DO NORTE,2.0,1.0,1.0,700.0,350.0,20000.0,10000.0,0.0,2.0,17.0,1.0,1.0,1.0,370.0,370.0,7000.0,7000.0,0.0,1.0,14.0,-1.0,0.0,0.0,-330.0,20.0,-13000.0,-3000.0,0.0,-1.0,-3.0,1,1
98973,MT,VERA,2.0,1.0,1.0,500.0,250.0,6000.0,3000.0,0.0,1.0,38.0,3.0,1.0,2.0,901.0,300.3333333333333,19000.0,6333.333333333333,0.0,2.0,49.0,1.0,0.0,1.0,401.0,50.333333333333314,13000.0,3333.333333333333,0.0,1.0,11.0,1,1
99015,MT,COMODORO,1.0,1.0,1.0,405.0,405.0,10000.0,10000.0,1.0,1.0,6.0,1.0,1.0,1.0,320.0,320.0,12000.0,12000.0,0.0,0.0,31.0,0.0,0.0,0.0,-85.0,-85.0,2000.0,2000.0,-1.0,-1.0,25.0,1,1
99031,MT,FIGUEIRÓPOLIS D'OESTE,2.0,1.0,2.0,684.0,342.0,7000.0,3500.0,1.0,2.0,25.0,2.0,1.0,2.0,438.0,219.0,12000.0,6000.0,1.0,1.0,32.0,0.0,0.0,0.0,-246.0,-123.0,5000.0,2500.0,0.0,-1.0,7.0,1,1
99058,MT,GUARANTÃ DO NORTE,2.0,1.0,1.0,600.0,300.0,6000.0,3000.0,0.0,1.0,31.0,2.0,1.0,2.0,650.0,325.0,9000.0,4500.0,0.0,2.0,16.0,0.0,0.0,1.0,50.0,25.0,3000.0,1500.0,0.0,1.0,-15.0,1,1
99074,MT,INDIAVAÍ,1.0,1.0,1.0,320.0,320.0,5000.0,5000.0,0.0,1.0,15.0,0.0,0.0,0.0,0.0,,,,0.0,0.0,,-1.0,-1.0,-1.0,-320.0,,,,0.0,-1.0,,0,1
