key,id_municipio,id_municipio_tse
RO|NOVA MAMORE,1100338,434
RO|PORTO VELHO,1100205,35
RO|ITAPUA DO OESTE,1101104,493
RO|CANDEIAS DO JAMARI,1100809,477
RO|CUJUBIM,1100940,680
RO|BURITIS,1100452,779
RO|CAMPO NOVO DE RONDONIA,1100700,671
RO|GUAJARA MIRIM,1100106,19
RO|COSTA MARQUES,1100080,213
RO|SAO FRANCISCO DO GUAPORE,1101492,795
RO|MONTE NEGRO,1101401,663
RO|CACAULANDIA,1100601,620
RO|ALTO PARAISO,1100403,639
RO|ARIQUEMES,1100023,78
RO|RIO CRESPO,1100262,647
RO|VALE DO ANARI,1101757,698
RO|MACHADINHO D OESTE,1100130,396
RO|JARU,1100114,159
RO|THEOBROMA,1101609,590
RO|GOVERNADOR JORGE TEIXEIRA,1101005,612
RO|VALE DO PARAISO,1101807,558
RO|TEIXEIROPOLIS,1101559,752
RO|NOVA UNIAO,1101435,744
RO|PRESIDENTE MEDICI,1100254,191
RO|JI PARANA,1100122,51
RO|MIRANTE DA SERRA,1101302,574
RO|OURO PRETO DO OESTE,1100155,175
RO|URUPA,1101708,566
RO|SAO MIGUEL DO GUAPORE,1100320,418
RO|SERINGUEIRAS,1101500,582
RO|ALVORADA D OESTE,1100346,337
RO|NOVA BRASILANDIA D OESTE,1100148,370
RO|CASTANHEIRAS,1100908,531
RO|MINISTRO ANDREAZZA,1101203,604
RO|SANTA LUZIA D OESTE,1100296,353
RO|NOVO HORIZONTE DO OESTE,1100502,515
RO|ALTO ALEGRE DOS PARECIS,1100379,736
RO|CACOAL,1100049,94
RO|ESPIGAO D OESTE,1100098,256
RO|ALTA FLORESTA D OESTE,1100015,310
RO|ROLIM DE MOURA,1100288,299
RO|PRIMAVERA DE RONDONIA,1101476,728
RO|PARECIS,1101450,701
RO|SAO FELIPE D OESTE,1101484,710
RO|PIMENTA BUENO,1100189,116
RO|CHUPINGUAIA,1100924,809
RO|VILHENA,1100304,132
RO|CABIXI,1100031,450
RO|PIMENTEIRAS DO OESTE,1101468,787
RO|CEREJEIRAS,1100056,272
RO|CORUMBIARA,1100072,655
RO|COLORADO DO OESTE,1100064,230
AC|PORTO WALTER,1200393,1066
AC|MANCIO LIMA,1200336,1090
AC|MARECHAL THAUMATURGO,1200351,1040
AC|RODRIGUES ALVES,1200427,1082
AC|CRUZEIRO DO SUL,1200203,1074
AC|TARAUACA,1200609,1473
AC|JORDAO,1200328,1104
AC|FEIJO,1200302,1139
AC|SANTA ROSA DO PURUS,1200435,1031
AC|SENA MADUREIRA,1200500,1457
AC|MANOEL URBANO,1200344,1554
AC|SENADOR GUIOMARD,1200450,1538
AC|PLACIDO DE CASTRO,1200385,1511
AC|BUJARI,1200138,1007
AC|CAPIXABA,1200179,1015
AC|RIO BRANCO,1200401,1392
AC|ACRELANDIA,1200013,1120
AC|PORTO ACRE,1200807,1023
AC|EPITACIOLANDIA,1200252,1112
AC|XAPURI,1200708,1490
AC|ASSIS BRASIL,1200054,1570
AC|BRASILEIA,1200104,1058
AM|SAO GABRIEL DA CACHOEIRA,1303809,2836
AM|SANTA ISABEL DO RIO NEGRO,1303601,2372
AM|BARCELOS,1300409,2097
AM|NOVO AIRAO,1303205,2011
AM|JAPURA,1302108,2453
AM|MARAA,1302801,2593
AM|JUTAI,1302306,2496
AM|FONTE BOA,1301605,2330
AM|TONANTINS,1304237,98515
AM|SANTO ANTONIO DO ICA,1303700,2739
AM|AMATURA,1300060,2917
AM|BENJAMIN CONSTANT,1300607,2135
AM|SAO PAULO DE OLIVENCA,1303908,2755
AM|ATALAIA DO NORTE,1300201,2054
AM|TABATINGA,1304062,98477
AM|CARAUARI,1301001,2216
AM|JURUA,1302207,2470
AM|EIRUNEPE,1301407,2291
AM|GUAJARA,1301654,2020
AM|ENVIRA,1301506,2313
AM|ITAMARATI,1301951,98370
AM|IPIXUNA,1301803,2399
AM|ALVARAES,1300029,2895
AM|TEFE,1304203,2810
AM|UARINI,1304260,98493
AM|CODAJAS,1301308,2275
AM|ANORI,1300102,2038
AM|COARI,1301209,2259
AM|BERURI,1300631,2950
AM|CAAPIRANGA,1300839,2992
AM|ANAMA,1300086,2933
AM|AUTAZES,1300300,2070
AM|CAREIRO,1301100,2232
AM|MANAQUIRI,1302553,98396
AM|IRANDUBA,1301852,98353
AM|MANAUS,1302603,2550
AM|CAREIRO DA VARZEA,1301159,2046
AM|MANACAPURU,1302504,2534
AM|PRESIDENTE FIGUEIREDO,1303536,98418
AM|RIO PRETO DA EVA,1303569,98434
AM|NOVA OLINDA DO NORTE,1303106,2658
AM|SILVES,1304005,2771
AM|URUCURITUBA,1304401,2879
AM|ITAPIRANGA,1302009,2437
AM|ITACOATIARA,1301902,2410
AM|PARINTINS,1303403,2690
AM|BARREIRINHA,1300508,2119
AM|NHAMUNDA,1303007,2631
AM|BOA VISTA DO RAMOS,1300680,2976
AM|MAUES,1302900,2615
AM|URUCARA,1304302,2852
AM|SAO SEBASTIAO DO UATUMA,1303957,98450
AM|PAUINI,1303502,2712
AM|BOCA DO ACRE,1300706,2151
AM|LABREA,1302405,2518
AM|CANUTAMA,1300904,2194
AM|TAPAUA,1304104,2798
AM|BORBA,1300805,2178
AM|APUI,1300144,2003
AM|MANICORE,1302702,2577
AM|HUMAITA,1301704,2356
AM|NOVO ARIPUANA,1303304,2674
RR|BOA VISTA,1400100,3018
RR|ALTO ALEGRE,1400050,3050
RR|PACARAIMA,1400456,3123
RR|AMAJARI,1400027,3042
RR|BONFIM,1400159,3077
RR|CANTA,1400175,3069
RR|UIRAMUTA,1400704,3107
RR|NORMANDIA,1400407,3115
RR|MUCAJAI,1400308,3093
RR|IRACEMA,1400282,3026
RR|CARACARAI,1400209,3034
RR|RORAINOPOLIS,1400472,3085
RR|SAO JOAO DA BALIZA,1400506,3131
RR|CAROEBE,1400233,3000
RR|SAO LUIZ,1400605,3158
PA|FARO,1503002,4596
PA|JURUTI,1503903,4774
PA|ORIXIMINA,1505304,5053
PA|TERRA SANTA,1507979,4367
PA|OBIDOS,1505106,5010
PA|ALENQUER,1500404,4073
PA|MONTE ALEGRE,1504802,4952
PA|SANTAREM,1506807,5355
PA|PRAINHA,1506005,5193
PA|MOJUI DOS CAMPOS,1504752,4863
PA|BELTERRA,1501451,4804
PA|PLACAS,1505650,4626
PA|CURUA,1502855,4740
PA|ALMEIRIM,1500503,4090
PA|PORTO DE MOZ,1505908,5177
PA|MELGACO,1504505,4898
PA|GURUPA,1503101,4618
PA|PORTEL,1505809,5150
PA|BAGRE,1501105,4219
PA|BREVES,1501808,4359
PA|AFUA,1500305,4057
PA|ANAJAS,1500701,4138
PA|CURRALINHO,1502806,4553
PA|SAO SEBASTIAO DA BOA VISTA,1507706,5533
PA|CHAVES,1502509,4499
PA|SALVATERRA,1506302,5258
PA|SANTA CRUZ DO ARARI,1506401,5274
PA|PONTA DE PEDRAS,1505700,5134
PA|CACHOEIRA DO ARARI,1502004,4391
PA|MUANA,1504901,4979
PA|SOURE,1507904,5576
PA|SANTA BARBARA DO PARA,1506351,4243
PA|BENEVIDES,1501501,4294
PA|BELEM,1501402,4278
PA|BARCARENA,1501303,4251
PA|ANANINDEUA,1500800,4154
PA|MARITUBA,1504422,4642
PA|SANTO ANTONIO DO TAUA,1507003,5398
PA|BUJARU,1501907,4375
PA|SANTA ISABEL DO PARA,1506500,5290
PA|CASTANHAL,1502400,4472
PA|INHANGAPI,1503408,4677
PA|COLARES,1502608,4510
PA|VIGIA,1508209,5630
PA|SAO CAETANO DE ODIVELAS,1507102,5410
PA|TERRA ALTA,1507961,4545
PA|CURUCA,1502905,4570
PA|MAGALHAES BARATA,1504109,4812
PA|SAO JOAO DA PONTA,1507466,4820
PA|MARAPANIM,1504406,4871
PA|MARACANA,1504307,4855
PA|SALINOPOLIS,1506203,5231
PA|SAO JOAO DE PIRABAS,1507474,4065
PA|SANTA MARIA DO PARA,1506609,5312
PA|SAO FRANCISCO DO PARA,1507409,5479
PA|IGARAPE ACU,1503200,4634
PA|TRACUATEUA,1508035,4669
PA|BRAGANCA,1501709,4332
PA|AUGUSTO CORREA,1500909,4170
PA|NOVA TIMBOTEUA,1505007,4995
PA|SANTAREM NOVO,1506906,5371
PA|CAPANEMA,1502202,4430
PA|PEIXE BOI,1505601,5118
PA|BONITO,1501600,4316
PA|PRIMAVERA,1506104,5215
PA|QUATIPURU,1506112,4685
PA|OEIRAS DO PARA,1505205,5037
PA|CAMETA,1502103,4413
PA|LIMOEIRO DO AJURU,1504000,4790
PA|MOCAJUBA,1504604,4910
PA|ABAETETUBA,1500107,4014
PA|IGARAPE MIRI,1503309,4650
PA|BAIAO,1501204,4235
PA|TOME ACU,1508001,5592
PA|ACARA,1500206,4030
PA|CONCORDIA DO PARA,1502756,5819
PA|MOJU,1504703,4936
PA|TAILANDIA,1507953,4022
PA|SAO DOMINGOS DO CAPIM,1507201,5436
PA|IRITUIA,1503507,4693
PA|SAO MIGUEL DO GUAMA,1507607,5517
PA|SANTA LUZIA DO PARA,1506559,4146
PA|CACHOEIRA DO PIRIA,1501956,4766
PA|VISEU,1508308,5657
PA|MAE DO RIO,1504059,4103
PA|IPIXUNA DO PARA,1503457,4189
PA|AURORA DO PARA,1500958,4340
PA|CAPITAO POCO,1502301,4456
PA|OUREM,1505403,5070
PA|NOVA ESPERANCA DO PIRIA,1504950,4480
PA|GARRAFAO DO NORTE,1503077,5878
PA|JACAREACANGA,1503754,4200
PA|ITAITUBA,1503606,4715
PA|NOVO PROGRESSO,1505031,4383
PA|TRAIRAO,1508050,4286
PA|AVEIRO,1501006,4197
PA|RUROPOLIS,1506195,5894
PA|PACAJA,1505486,5916
PA|ALTAMIRA,1500602,4111
PA|SENADOR JOSE PORFIRIO,1507805,5550
PA|BRASIL NOVO,1501725,4227
PA|MEDICILANDIA,1504455,5770
PA|URUARA,1508159,5754
PA|VITORIA DO XINGU,1508357,4405
PA|ANAPU,1500859,4723
PA|JACUNDA,1503804,4758
PA|ITUPIRANGA,1503705,4731
PA|NOVA IPIXUNA,1504976,4600
PA|NOVO REPARTIMENTO,1505064,4421
PA|BREU BRANCO,1501782,4448
PA|TUCURUI,1508100,5614
PA|ULIANOPOLIS,1508126,4324
PA|DOM ELISEU,1502939,5975
PA|PARAGOMINAS,1505502,5096
PA|RONDON DO PARA,1506187,5738
PA|ABEL FIGUEIREDO,1500131,4502
PA|BOM JESUS DO TOCANTINS,1501576,4049
PA|GOIANESIA DO PARA,1503093,4006
PA|BANNACH,1501253,4588
PA|CUMARU DO NORTE,1502764,4529
PA|TUCUMA,1508084,4081
PA|OURILANDIA DO NORTE,1505437,5959
PA|SAO FELIX DO XINGU,1507300,5452
PA|CURIONOPOLIS,1502772,5851
PA|CANAA DOS CARAJAS,1502152,4707
PA|PARAUAPEBAS,1505536,5835
PA|ELDORADO DO CARAJAS,1502954,4120
PA|AGUA AZUL DO NORTE,1500347,4260
PA|PALESTINA DO PARA,1505494,4162
PA|MARABA,1504208,4839
PA|BREJO GRANDE DO ARAGUAIA,1501758,5932
PA|SAO JOAO DO ARAGUAIA,1507508,5495
PA|SAO DOMINGOS DO ARAGUAIA,1507151,4464
PA|PICARRA,1505635,4782
PA|SAO GERALDO DO ARAGUAIA,1507458,5797
PA|REDENCAO,1506138,5673
PA|PAU D ARCO,1505551,4308
PA|SAPUCAIA,1507755,4847
PA|RIO MARIA,1506161,5690
PA|XINGUARA,1508407,5711
PA|SANTANA DO ARAGUAIA,1506708,5339
PA|SANTA MARIA DAS BARREIRAS,1506583,5991
PA|CONCEICAO DO ARAGUAIA,1502707,4537
PA|FLORESTA DO ARAGUAIA,1503044,4561
AP|OIAPOQUE,1600501,6092
AP|CALCOENE,1600204,6033
AP|TARTARUGALZINHO,1600709,6173
AP|AMAPA,1600105,6017
AP|PRACUUBA,1600550,6009
AP|ITAUBAL,1600253,6041
AP|MACAPA,1600303,6050
AP|SANTANA,1600600,6157
AP|CUTIAS,1600212,6068
AP|PEDRA BRANCA DO AMAPARI,1600154,6084
AP|FERREIRA GOMES,1600238,6114
AP|SERRA DO NAVIO,1600055,6106
AP|PORTO GRANDE,1600535,6025
AP|MAZAGAO,1600402,6076
AP|LARANJAL DO JARI,1600279,6130
AP|VITORIA DO JARI,1600808,6122
TO|DARCINOPOLIS,1706506,73032
TO|RIACHINHO,1718550,73024
TO|ANANAS,1701002,92193
TO|ANGICO,1701051,73075
TO|NAZARE,1714302,94838
TO|MAURILANDIA DO TOCANTINS,1712801,73059
TO|SANTA TEREZINHA DO TOCANTINS,1720002,73539
TO|TOCANTINOPOLIS,1721208,96210
TO|AGUIARNOPOLIS,1700301,73512
TO|CACHOEIRINHA,1703826,73067
TO|PALMEIRAS DO TOCANTINS,1713809,73040
TO|LUZINOPOLIS,1712454,73520
TO|AUGUSTINOPOLIS,1702554,96857
TO|ARAGUATINS,1702208,92436
TO|CARRASCO BONITO,1703891,73423
TO|SITIO NOVO DO TOCANTINS,1720804,96130
TO|PRAIA NORTE,1718303,92525
TO|SAO BENTO DO TOCANTINS,1720101,73288
TO|BURITI DO TOCANTINS,1703800,92045
TO|ESPERANTINA,1707405,73296
TO|AXIXA DO TOCANTINS,1702901,92576
TO|SAO SEBASTIAO DO TOCANTINS,1720309,96032
TO|ITAGUATINS,1710706,94099
TO|SAMPAIO,1718808,92541
TO|SAO MIGUEL DO TOCANTINS,1720200,73180
TO|PAU D ARCO,1716307,73261
TO|BABACULANDIA,1703008,92592
TO|ARAGUANA,1702158,73318
TO|PIRAQUE,1717206,73016
TO|ARAPOEMA,1702307,92452
TO|ARAGOMINAS,1701309,73334
TO|ARAGUAINA,1702109,92410
TO|NOVA OLINDA,1714880,96636
TO|CARMOLANDIA,1703883,73326
TO|FILADELFIA,1707702,93556
TO|XAMBIOA,1722107,96431
TO|WANDERLANDIA,1722081,96652
TO|SANTA FE DO ARAGUAIA,1718865,73350
TO|MURICILANDIA,1713957,73342
TO|PALMEIRANTE,1715705,73083
TO|BANDEIRANTES DO TOCANTINS,1703057,73580
TO|COLINAS DO TOCANTINS,1705508,93114
TO|BARROLANDIA,1703107,96997
TO|ABREULANDIA,1700251,73008
TO|DIVINOPOLIS DO TOCANTINS,1707108,92185
TO|ARAGUACEMA,1701903,92371
TO|CASEARA,1703909,92088
TO|MARIANOPOLIS DO TOCANTINS,1712504,92304
TO|MONTE SANTO DO TOCANTINS,1713700,73563
TO|RIO DOS BOIS,1718709,73415
TO|MIRACEMA DO TOCANTINS,1713205,94617
TO|DOIS IRMAOS DO TOCANTINS,1707207,93459
TO|MIRANORTE,1713304,94633
TO|GUARAI,1709302,96270
TO|GOIANORTE,1708304,92240
TO|COLMEIA,1716703,95290
TO|PEQUIZEIRO,1716653,92487
TO|COUTO MAGALHAES,1706001,93211
TO|PRESIDENTE KENNEDY,1718402,96296
TO|FORTALEZA DO TABOCAO,1708254,73199
TO|ITAPORA DO TOCANTINS,1711100,94170
TO|TUPIRAMA,1721257,73458
TO|BERNARDO SAYAO,1703206,92002
TO|BRASILANDIA DO TOCANTINS,1703602,73245
TO|TUPIRATINS,1721307,73237
TO|JUARINA,1711803,73253
TO|FATIMA,1707553,96830
TO|OLIVEIRA DE FATIMA,1715507,73466
TO|LAGOA DA CONFUSAO,1711902,73385
TO|NOVA ROSALANDIA,1715002,92401
TO|CHAPADA DE AREIA,1704600,73474
TO|PIUM,1717503,95478
TO|PUGMIL,1718451,73571
TO|CRISTALANDIA,1706100,93238
TO|PARAISO DO TOCANTINS,1716109,95192
TO|ARAGUACU,1702000,92398
TO|DUERE,1707306,93475
TO|FORMOSO DO ARAGUAIA,1708205,93653
TO|SANDOLANDIA,1718840,73156
TO|BREJINHO DE NAZARE,1703701,92738
TO|SANTA RITA DO TOCANTINS,1718899,73547
TO|GURUPI,1709500,93858
TO|PALMEIROPOLIS,1715754,96490
TO|CARIRI DO TOCANTINS,1703867,73300
TO|ALVORADA,1700707,92134
TO|ALIANCA DO TOCANTINS,1700350,96954
TO|CRIXAS DO TOCANTINS,1706258,73555
TO|FIGUEIROPOLIS,1707652,96679
TO|PEIXE,1716604,95273
TO|TALISMA,1720978,73504
TO|JAU DO TOCANTINS,1711506,73369
TO|SUCUPIRA,1720853,73377
TO|SAO SALVADOR DO TOCANTINS,1720259,73393
TO|APARECIDA DO RIO NEGRO,1701101,96970
TO|LAJEADO,1712009,73407
TO|PALMAS,1721000,73440
TO|SILVANOPOLIS,1720655,96598
TO|IPUEIRAS,1709807,73598
TO|MONTE DO CARMO,1713601,94692
TO|PORTO NACIONAL,1718204,95591
TO|TOCANTINIA,1721109,96199
TO|PEDRO AFONSO,1716505,95257
TO|SANTA MARIA DO TOCANTINS,1718881,73130
TO|BOM JESUS DO TOCANTINS,1703305,73121
TO|MATEIROS,1712702,73270
TO|LIZARDA,1712405,95699
TO|NOVO ACORDO,1715101,94994
TO|LAGOA DO TOCANTINS,1711951,73113
TO|RIO SONO,1718758,96792
TO|SAO FELIX DO TOCANTINS,1720150,73105
TO|SANTA TEREZA DO TOCANTINS,1719004,92606
TO|PONTE ALTA DO TOCANTINS,1717909,95532
TO|CAMPOS LINDOS,1703842,73091
TO|GOIATINS,1709005,95338
TO|BARRA DO OURO,1703073,73610
TO|RECURSOLANDIA,1718501,73229
TO|CENTENARIO,1704105,73210
TO|ITACAJA,1710508,94056
TO|ITAPIRATINS,1710904,73202
TO|PINDORAMA DO TOCANTINS,1717008,95370
TO|NATIVIDADE,1714203,94811
TO|CHAPADA DA NATIVIDADE,1705102,73482
TO|SANTA ROSA DO TOCANTINS,1718907,92584
TO|SAO VALERIO,1720499,92681
TO|PARANA,1716208,95214
TO|DIANOPOLIS,1707009,93416
TO|ALMAS,1700400,92070
TO|PORTO ALEGRE DO TOCANTINS,1718006,92509
TO|NOVO JARDIM,1715259,73172
TO|TAGUATINGA,1720903,96156
TO|CONCEICAO DO TOCANTINS,1705607,93130
TO|AURORA DO TOCANTINS,1702703,92533
TO|TAIPAS DO TOCANTINS,1720937,73164
TO|COMBINADO,1705557,92142
TO|ARRAIAS,1702406,92479
TO|RIO DA CONCEICAO,1718659,73431
TO|LAVANDEIRA,1712157,73601
TO|PONTE ALTA DO BOM JESUS,1717800,95516
TO|NOVO ALEGRE,1715150,73148
MA|ALCANTARA,2100204,7030
MA|BACURITUBA,2101350,7145
MA|BEQUIMAO,2101905,7374
MA|CAJAPIO,2102408,7455
MA|CENTRAL DO MARANHAO,2103125,7420
MA|SERRANO DO MARANHAO,2111789,8524
MA|PORTO RICO DO MARANHAO,2109056,8109
MA|CURURUPU,2103703,7714
MA|APICUM ACU,2100832,7064
MA|BACURI,2101301,7250
MA|MIRINZAL,2106805,8354
MA|CEDRAL,2103109,7595
MA|GUIMARAES,2104909,7951
MA|SAO JOSE DE RIBAMAR,2111201,8893
MA|SAO LUIS,2111300,9210
MA|RAPOSA,2109452,8168
MA|PACO DO LUMIAR,2107506,8494
MA|MORROS,2107100,8419
MA|ROSARIO,2109601,8915
MA|PRESIDENTE JUSCELINO,2109205,8818
MA|ICATU,2105104,7994
MA|CACHOEIRA GRANDE,2102374,7226
MA|BACABEIRA,2101251,7129
MA|SANTA RITA,2110203,9016
MA|AXIXA,2101103,7218
MA|PRIMEIRA CRUZ,2109403,8850
MA|BARREIRINHAS,2101707,7331
MA|SANTO AMARO DO MARANHAO,2110278,8249
MA|HUMBERTO DE CAMPOS,2105005,7978
MA|PAULINO NEVES,2108058,8044
MA|TUTOIA,2112506,9431
MA|PRESIDENTE SARNEY,2109270,8141
MA|SAO BENTO,2110500,9075
MA|PINHEIRO,2108603,8699
MA|SANTA HELENA,2109809,8958
MA|PEDRO DO ROSARIO,2108256,8060
MA|PERI MIRIM,2108405,8656
MA|PALMEIRANDIA,2107605,8516
MA|ANAJATUBA,2100709,7137
MA|ARARI,2101004,7196
MA|SAO JOAO BATISTA,2111003,9172
MA|OLINDA NOVA DO MARANHAO,2107456,8028
MA|PENALVA,2108306,8630
MA|SAO VICENTE FERRER,2111706,9270
MA|VIANA,2112803,9490
MA|MATINHA,2106508,8290
MA|CAJARI,2102507,7471
MA|VITORIA DO MEARIM,2112902,9512
MA|IGARAPE DO MEIO,2105153,7684
MA|BELA VISTA DO MARANHAO,2101772,7188
MA|MONCAO,2106904,8370
MA|CONCEICAO DO LAGO ACU,2103554,7501
MA|ITAPECURU MIRIM,2105401,8079
MA|MIRANDA DO NORTE,2106755,9695
MA|PRESIDENTE VARGAS,2109304,8834
MA|PIRAPEMAS,2108801,8737
MA|VARGEM GRANDE,2112704,9474
MA|CANTANHEDE,2102705,7510
MA|NINA RODRIGUES,2107209,8435
MA|MATOES DO NORTE,2106631,7943
MA|TURILANDIA,2112456,8605
MA|TURIACU,2112407,9415
MA|LUIS DOMINGUES,2106201,8230
MA|CARUTAPERA,2102903,7552
MA|GOVERNADOR NUNES FREIRE,2104677,7668
MA|BOA VISTA DO GURUPI,2101970,7323
MA|CENTRO NOVO DO MARANHAO,2103174,7463
MA|JUNCO DO MARANHAO,2105658,7781
MA|AMAPA DO MARANHAO,2100550,7080
MA|CANDIDO MENDES,2102606,7498
MA|GODOFREDO VIANA,2104305,7838
MA|CENTRO DO GUILHERME,2103158,7447
MA|MARACACUME,2106326,7889
MA|MARANHAOZINHO,2106375,7927
MA|ZE DOCA,2114007,9717
MA|SANTA INES,2109908,9571
MA|GOVERNADOR NEWTON BELLO,2104651,7641
MA|SAO JOAO DO CARU,2111029,8303
MA|ALTO ALEGRE DO PINDARE,2100477,7048
MA|NOVA OLINDA DO MARANHAO,2107357,8001
MA|PINDARE MIRIM,2108504,8672
MA|SANTA LUZIA,2110005,8974
MA|ARAGUANA,2100873,7102
MA|TUFILANDIA,2112274,8583
MA|BOM JARDIM,2102002,9555
MA|LAGOA GRANDE DO MARANHAO,2105963,7846
MA|VITORINO FREIRE,2113009,9539
MA|PAULO RAMOS,2108108,9598
MA|LAGO DA PEDRA,2105708,8133
MA|MARAJA DO SENA,2106359,7900
MA|BREJO DE AREIA,2102150,7307
MA|ALTAMIRA DO MARANHAO,2100402,7072
MA|SANTA LUZIA DO PARUA,2110039,9652
MA|PRESIDENTE MEDICI,2109239,8125
MA|BOM JESUS DAS SELVAS,2102036,7269
MA|BURITICUPU,2102325,7340
MA|CIDELANDIA,2103257,7480
MA|MONTES ALTOS,2107001,8397
MA|VILA NOVA DOS MARTIRIOS,2112852,8621
MA|SAO PEDRO DA AGUA BRANCA,2111532,8389
MA|LAJEADO NOVO,2105989,7862
MA|DAVINOPOLIS,2103752,7242
MA|BURITIRANA,2102358,7366
MA|RIBAMAR FIQUENE,2109551,8184
MA|AMARANTE DO MARANHAO,2100600,7110
MA|GOVERNADOR EDISON LOBAO,2104552,7609
MA|SENADOR LA ROCQUE,2111763,8508
MA|IMPERATRIZ,2105302,8036
MA|JOAO LISBOA,2105500,8095
MA|ITINGA DO MARANHAO,2105427,7722
MA|ACAILANDIA,2100055,9610
MA|SAO FRANCISCO DO BREJAO,2110856,8281
MA|PIO XII,2108702,8710
MA|BOM LUGAR,2102077,7285
MA|LAGO VERDE,2105906,8176
MA|SATUBINHA,2111722,8460
MA|OLHO D AGUA DAS CUNHAS,2107407,8478
MA|BACABAL,2101202,7234
MA|SAO MATEUS DO MARANHAO,2111508,9237
MA|SAO LUIS GONZAGA DO MARANHAO,2111409,8052
MA|BERNARDO DO MEARIM,2101939,7200
MA|LAGO DO JUNCO,2105807,8150
MA|LAGO DOS RODRIGUES,2105948,7803
MA|SAO ROBERTO,2111672,8443
MA|LIMA CAMPOS,2106003,8192
MA|TRIZIDELA DO VALE,2112233,8567
MA|PEDREIRAS,2108207,8613
MA|IGARAPE GRANDE,2105203,8010
MA|ESPERANTINOPOLIS,2104008,7773
MA|SAO RAIMUNDO DO DOCA BEZERRA,2111631,8427
MA|POCAO DE PEDRAS,2108900,8753
MA|SANTO ANTONIO DOS LOPES,2110302,9032
MA|JOSELANDIA,2105609,8117
MA|SANTA FILOMENA DO MARANHAO,2109759,8206
MA|TUNTUM,2112308,9393
MA|FORMOSA DA SERRA NEGRA,2104099,7560
MA|SITIO NOVO,2111805,9296
MA|FERNANDO FALCAO,2104081,7544
MA|BARRA DO CORDA,2101608,7315
MA|ITAIPAVA DO GRAJAU,2105351,7706
MA|GRAJAU,2104800,7935
MA|ARAME,2100956,9679
MA|JENIPAPO DOS VIEIRAS,2105476,7765
MA|PRESIDENTE DUTRA,2109106,8796
MA|GOVERNADOR EUGENIO BARROS,2104602,7897
MA|GONCALVES DIAS,2104404,7854
MA|GOVERNADOR ARCHER,2104503,7870
MA|GRACA ARANHA,2104701,7919
MA|SENADOR ALEXANDRE COSTA,2111748,8486
MA|FORTUNA,2104206,7811
MA|GOVERNADOR LUIZ ROCHA,2104628,7625
MA|DOM PEDRO,2103802,7730
MA|SAO JOSE DOS BASILIOS,2111250,8362
MA|SAO DOMINGOS DO MARANHAO,2110708,9113
MA|SANTA QUITERIA DO MARANHAO,2110104,8990
MA|MAGALHAES DE ALMEIDA,2106300,8257
MA|AGUA DOCE DO MARANHAO,2100154,7005
MA|SANTANA DO MARANHAO,2110237,8222
MA|SAO BERNARDO,2110609,9091
MA|ARAIOSES,2100907,7170
MA|BELAGUA,2101731,7161
MA|SAO BENEDITO DO RIO PRETO,2110401,9059
MA|CHAPADINHA,2103208,7617
MA|MILAGRES DO MARANHAO,2106672,7960
MA|URBANO SANTOS,2112605,9458
MA|BREJO,2102101,7390
MA|MATA ROMA,2106409,8273
MA|ANAPURUS,2100808,7153
MA|BURITI,2102200,7412
MA|ALTO ALEGRE DO MARANHAO,2100436,7021
MA|CAPINZAL DO NORTE,2102754,7404
MA|PERITORO,2108454,8087
MA|TIMBIRAS,2112100,9350
MA|CODO,2103307,7633
MA|COROATA,2103604,7692
MA|DUQUE BACELAR,2103901,7757
MA|COELHO NETO,2103406,7650
MA|AFONSO CUNHA,2100105,7013
MA|ALDEIAS ALTAS,2100303,7056
MA|SAO JOAO DO SOTER,2111078,8346
MA|CAXIAS,2103000,7579
MA|TIMON,2112209,9377
MA|MATOES,2106607,8311
MA|BURITI BRAVO,2102309,7439
MA|PARNARAMA,2107803,8559
MA|LAGOA DO MATO,2105922,7820
MA|PASTOS BONS,2108009,8591
MA|SAO FRANCISCO DO MARANHAO,2110906,9156
MA|BARAO DE GRAJAU,2101509,7293
MA|PASSAGEM FRANCA,2107902,8575
MA|SAO JOAO DOS PATOS,2111102,9199
MA|SUCUPIRA DO RIACHAO,2111953,8540
MA|NOVA IORQUE,2107308,8451
MA|PARAIBANO,2107704,8532
MA|SUCUPIRA DO NORTE,2111904,9318
MA|MIRADOR,2106706,8338
MA|JATOBA,2105450,7749
MA|COLINAS,2103505,7676
MA|CAMPESTRE DO MARANHAO,2102556,7382
MA|SAO JOAO DO PARAISO,2111052,8320
MA|ESTREITO,2104057,9636
MA|PORTO FRANCO,2109007,8770
MA|SAO PEDRO DOS CRENTES,2111573,8400
MA|CAROLINA,2102804,7536
MA|BALSAS,2101400,7277
MA|ALTO PARNAIBA,2100501,7099
MA|TASSO FRAGOSO,2112001,9334
MA|FEIRA NOVA DO MARANHAO,2104073,7528
MA|RIACHAO,2109502,8877
MA|SAO DOMINGOS DO AZEITAO,2110658,8265
MA|BENEDITO LEITE,2101806,7358
MA|SAO FELIX DE BALSAS,2110807,9130
MA|FORTALEZA DOS NOGUEIRAS,2104107,7790
MA|SAMBAIBA,2109700,8931
MA|SAO RAIMUNDO DAS MANGABEIRAS,2111607,9253
MA|LORETO,2106102,8214
MA|NOVA COLINAS,2107258,7986
PI|MIGUEL ALVES,2206209,11231
PI|CABECEIRAS DO PIAUI,2202059,10120
PI|BARRAS,2201200,10235
PI|CAMPO LARGO DO PIAUI,2202174,10740
PI|PORTO,2208502,11690
PI|BOA HORA,2201770,10669
PI|NOSSA SENHORA DOS REMEDIOS,2206803,11355
PI|PIRIPIRI,2208403,11673
PI|BRASILEIRA,2201960,10006
PI|JOCA MARQUES,2205458,12408
PI|LUZILANDIA,2205805,11150
PI|BATALHA,2201507,10294
PI|ESPERANTINA,2203701,10731
PI|JOAQUIM PIRES,2205409,11070
PI|MATIAS OLIMPIO,2206100,11215
PI|SAO JOAO DO ARRAIAL,2209971,10987
PI|MORRO DO CHAPEU DO PIAUI,2206670,12459
PI|MADEIRO,2205854,12440
PI|MURICI DOS PORTELAS,2206696,12475
PI|CAJUEIRO DA PRAIA,2202083,12572
PI|PARNAIBA,2207702,11533
PI|LUIS CORREIA,2205706,11134
PI|COCAL DOS ALVES,2202729,12696
PI|BURITI DOS LOPES,2202000,10391
PI|ILHA GRANDE,2204659,10820
PI|CARAUBAS DO PIAUI,2202539,12670
PI|BOM PRINCIPIO DO PIAUI,2201919,10065
PI|CAXINGO,2202653,12688
PI|COCAL,2202703,10537
PI|SAO JOAO DA FRONTEIRA,2209872,12009
PI|SAO JOSE DO DIVINO,2210052,10529
PI|PIRACURUCA,2208304,11657
PI|PAU D ARCO DO PIAUI,2207793,12718
PI|DEMERVAL LOBAO,2203305,10650
PI|NAZARIA,2206720,12726
PI|COIVARAS,2202737,10189
PI|LAGOA ALEGRE,2205557,10324
PI|MONSENHOR GIL,2206407,11274
PI|CURRALINHOS,2203255,12580
PI|BENEDITINOS,2201606,10316
PI|TERESINA,2211001,12190
PI|JOSE DE FREITAS,2205508,11096
PI|UNIAO,2211100,12211
PI|ALTOS,2200400,10073
PI|LAGOA DO PIAUI,2205581,12424
PI|MIGUEL LEAO,2206308,11258
PI|NOVO SANTO ANTONIO,2206951,10901
PI|ALTO LONGA,2200301,10057
PI|BURITI DOS MONTES,2202026,10103
PI|CAMPO MAIOR,2202208,10430
PI|NOSSA SENHORA DE NAZARE,2206753,10928
PI|ASSUNCAO DO PIAUI,2201051,12106
PI|SIGEFREDO PACHECO,2210656,10545
PI|CASTELO DO PIAUI,2202604,10510
PI|SAO MIGUEL DO TAPUIO,2210409,12076
PI|JATOBA DO PIAUI,2205276,12394
PI|BOQUEIRAO DO PIAUI,2201945,12149
PI|JUAZEIRO DO PIAUI,2205516,12416
PI|SAO JOAO DA SERRA,2209906,11975
PI|COCAL DE TELHA,2202711,12360
PI|LAGOA DE SAO FRANCISCO,2205573,10863
PI|MILTON BRANDAO,2206357,12246
PI|CAPITAO DE CAMPOS,2202406,10472
PI|PEDRO II,2207900,11576
PI|DOMINGOS MOURAO,2203420,11410
PI|JARDIM DO MULATO,2205250,10308
PI|OLHO D AGUA DO PIAUI,2207108,12483
PI|ANGICAL DO PIAUI,2200608,10111
PI|AMARANTE,2200509,10090
PI|SANTO ANTONIO DOS MILAGRES,2209450,12653
PI|SAO PEDRO DO PIAUI,2210508,12092
PI|PALMEIRAIS,2207504,11495
PI|LAGOINHA DO PIAUI,2205540,12432
PI|BARRO DURO,2201408,10278
PI|PASSAGEM FRANCA DO PIAUI,2207751,10405
PI|AGRICOLANDIA,2200103,10014
PI|HUGO NAPOLEAO,2204600,10910
PI|AGUA BRANCA,2200202,10030
PI|REGENERACAO,2208809,11754
PI|SAO GONCALO DO PIAUI,2209807,11959
PI|ARRAIAL,2201002,10197
PI|FRANCISCO AYRES,2204105,10812
PI|FRANCINOPOLIS,2204006,10790
PI|SAO FELIX DO PIAUI,2209609,11916
PI|PRATA DO PIAUI,2208601,11711
PI|SAO MIGUEL DA BAIXA GRANDE,2210383,12661
PI|VARZEA GRANDE,2211407,12270
PI|ELESBAO VELOSO,2203503,10693
PI|BARRA D ALCANTARA,2201176,10600
PI|LAGOA DO SITIO,2205599,12220
PI|INHUMA,2204709,10936
PI|VALENCA DO PIAUI,2211308,12254
PI|AROAZES,2200905,10170
PI|NOVO ORIENTE DO PIAUI,2206902,11371
PI|PIMENTEIRAS,2208106,11614
PI|SANTA CRUZ DOS MILAGRES,2209153,10448
PI|SANTA FILOMENA,2209203,11835
PI|RIBEIRO GONCALVES,2208908,11770
PI|BAIXA GRANDE DO RIBEIRO,2201150,10049
PI|URUCUI,2211209,12238
PI|COLONIA DO GURGUEIA,2202752,10200
PI|PORTO ALEGRE DO PIAUI,2208551,12599
PI|LANDRI SALES,2205607,11118
PI|MARCOS PARENTE,2206001,11193
PI|SEBASTIAO LEAL,2210631,12068
PI|MANOEL EMIDIO,2205904,11177
PI|ANTONIO ALMEIDA,2200806,10154
PI|BERTOLINIA,2201705,10332
PI|ELISEU MARTINS,2203602,10715
PI|SAO MIGUEL DO FIDALGO,2210391,12700
PI|ITAUEIRA,2205102,11010
PI|GUADALUPE,2204501,10898
PI|SAO FRANCISCO DO PIAUI,2209708,11932
PI|SAO JOSE DO PEIXE,2210102,12017
PI|CANAVIEIRA,2202251,10162
PI|FLORIANO,2203909,10774
PI|JERUMENHA,2205300,11053
PI|NAZARE DO PIAUI,2206704,11339
PI|PAVUSSU,2207850,12289
PI|FLORES DO PIAUI,2203800,10758
PI|RIO GRANDE DO PIAUI,2209005,11797
PI|SAO GONCALO DO GURGUEIA,2209757,12610
PI|GILBUES,2204402,10871
PI|MONTE ALEGRE DO PIAUI,2206605,11312
PI|BARREIRAS DO PIAUI,2201309,10251
PI|BOM JESUS,2201903,10375
PI|SANTA LUZ,2209302,11851
PI|REDENCAO DO GURGUEIA,2208700,11738
PI|PALMEIRA DO PIAUI,2207405,11479
PI|CRISTINO CASTRO,2203107,10618
PI|ALVORADA DO GURGUEIA,2200459,12084
PI|CURRAIS,2203230,10766
PI|CARACOL,2202505,10499
PI|JUREMA,2205532,10847
PI|GUARIBAS,2204550,10804
PI|DOM INOCENCIO,2203453,10685
PI|DIRCEU ARCOVERDE,2203354,12297
PI|VARZEA BRANCA,2211357,10588
PI|SAO LOURENCO DO PIAUI,2210359,10561
PI|SAO BRAZ DO PIAUI,2209559,10502
PI|CORONEL JOSE DIAS,2202851,10243
PI|SAO RAIMUNDO NONATO,2210607,12114
PI|BONFIM DO PIAUI,2201929,10081
PI|FARTURA DO PIAUI,2203750,10260
PI|ANISIO DE ABREU,2200707,10138
PI|BREJO DO PIAUI,2201988,10642
PI|PAJEU DO PIAUI,2207355,12262
PI|CANTO DO BURITI,2202307,10456
PI|TAMBORIL DO PIAUI,2210953,12530
PI|JULIO BORGES,2205524,12203
PI|CORRENTE,2202901,10570
PI|SEBASTIAO BARROS,2210623,12041
PI|RIACHO FRIO,2208858,12300
PI|CRISTALANDIA DO PIAUI,2203008,10596
PI|CURIMATA,2203206,10634
PI|MORRO CABECA NO TEMPO,2206654,10880
PI|PARNAGUA,2207603,11517
PI|AVELINO LOPES,2201101,10219
PI|IPIRANGA DO PIAUI,2204808,10952
PI|SAO JOAO DA CANABRAVA,2209856,11088
PI|DOM EXPEDITO LOPES,2203404,10677
PI|SANTANA DO PIAUI,2209351,10480
PI|SAO LUIS DO PIAUI,2210375,12629
PI|SANTA CRUZ DO PIAUI,2209104,11819
PI|GEMINIANO,2204352,10782
PI|PICOS,2208007,11592
PI|AROEIRAS DO ITAIM,2200954,12734
PI|BOCAINA,2201804,10359
PI|SUSSUAPARA,2210938,12513
PI|WALL FERRAZ,2211704,12564
PI|SAO JOSE DO PIAUI,2210201,12033
PI|PAQUETA,2207553,10944
PI|TANQUE DO PIAUI,2210979,12521
PI|COLONIA DO PIAUI,2202778,10227
PI|CAJAZEIRAS DO PIAUI,2202075,12343
PI|OEIRAS,2207009,11398
PI|SANTA ROSA DO PIAUI,2209377,10464
PI|SAO JOAO DA VARJOTA,2209955,12025
PI|SAO JULIAO,2210300,12050
PI|MONSENHOR HIPOLITO,2206506,11290
PI|FRANCISCO SANTOS,2204204,10839
PI|ALAGOINHA DO PIAUI,2200251,12319
PI|PIO IX,2208205,11630
PI|SANTO ANTONIO DE LISBOA,2209401,11878
PI|ALEGRETE DO PIAUI,2200277,10022
PI|CALDEIRAO GRANDE DO PIAUI,2202091,10146
PI|CAMPO GRANDE DO PIAUI,2202133,10723
PI|JAICOS,2205201,11037
PI|FRONTEIRAS,2204303,10855
PI|PADRE MARCOS,2207207,11436
PI|MASSAPE DO PIAUI,2206050,12467
PI|ISAIAS COELHO,2204907,10979
PI|ITAINOPOLIS,2205003,10995
PI|VERA MENDES,2211506,12556
PI|VILA NOVA DO PIAUI,2211605,12548
PI|FRANCISCO MACEDO,2204154,12378
PI|MARCOLANDIA,2205953,10367
PI|BELEM DO PIAUI,2201572,12335
PI|PAULISTANA,2207801,11550
PI|CARIDADE DO PIAUI,2202554,12165
PI|PATOS DO PIAUI,2207777,10383
PI|QUEIMADA NOVA,2208650,10421
PI|JACOBINA DO PIAUI,2205151,10286
PI|ACAUA,2200053,12327
PI|BETANIA DO PIAUI,2201739,12122
PI|SIMOES,2210706,12130
PI|CURRAL NOVO DO PIAUI,2203271,12181
PI|SANTO INACIO DO PIAUI,2209500,11894
PI|FLORESTA DO PIAUI,2203859,12637
PI|PAES LANDIM,2207306,11452
PI|SOCORRO DO PIAUI,2210904,12173
PI|SIMPLICIO MENDES,2210805,12157
PI|CONCEICAO DO CANINDE,2202802,10553
PI|CAMPINAS DO PIAUI,2202109,10413
PI|SAO FRANCISCO DE ASSIS DO PIAUI,2209658,12505
PI|BELA VISTA DO PIAUI,2201556,10626
PI|LAGOA DO BARRO DO PIAUI,2205565,10340
PI|SAO JOAO DO PIAUI,2210003,11991
PI|NOVA SANTA RITA,2207959,10960
PI|CAMPO ALEGRE DO FIDALGO,2202117,12351
PI|JOAO COSTA,2205359,12386
PI|PEDRO LAURENTINO,2207934,12491
PI|RIBEIRA DO PIAUI,2208874,12602
PI|CAPITAO GERVASIO OLIVEIRA,2202455,10707
CE|MORRINHOS,2308906,14796
CE|MARTINOPOLE,2307908,14591
CE|JIJOCA DE JERICOACOARA,2307254,13005
CE|ITAREMA,2306553,15954
CE|BELA CRUZ,2302305,13455
CE|ACARAU,2300200,13030
CE|MARCO,2307809,14575
CE|CRUZ,2304251,15890
CE|CHAVAL,2303907,13773
CE|GRANJA,2304707,13951
CE|BARROQUINHA,2302057,13404
CE|CAMOCIM,2302602,13510
CE|IBIAPINA,2305308,14079
CE|CARNAUBAL,2303402,13676
CE|UBAJARA,2313609,15733
CE|VICOSA DO CEARA,2314102,15830
CE|TIANGUA,2313401,15695
CE|SAO BENEDITO,2312304,15474
CE|GUARACIABA DO NORTE,2305001,14010
CE|CROATA,2304236,15881
CE|URUOCA,2313906,15792
CE|FRECHEIRINHA,2304509,13919
CE|COREAU,2304004,13811
CE|MORAUJO,2308807,14770
CE|MERUOCA,2308203,14656
CE|ALCANTARAS,2300507,13099
CE|MIRAIMA,2308377,14680
CE|IRAUCUBA,2306108,14230
CE|GRACA,2304657,13064
CE|SENADOR SA,2312809,15571
CE|MASSAPE,2308005,14613
CE|SANTANA DO ACARAU,2312007,15415
CE|SOBRAL,2312908,15598
CE|PACUJA,2309904,14990
CE|CARIRE,2303105,13617
CE|GROAIRAS,2304905,13994
CE|FORQUILHA,2304350,15911
CE|MUCAMBO,2309003,14818
CE|PORANGA,2311009,15210
CE|RERIUTABA,2311702,15350
CE|VARJOTA,2313955,98574
CE|IPUEIRAS,2305902,14192
CE|PIRES FERREIRA,2310951,13048
CE|IPU,2305803,14176
CE|SANTA QUITERIA,2312205,15458
CE|CATUNDA,2303659,13447
CE|HIDROLANDIA,2305209,14052
CE|ITAPIPOCA,2306405,14290
CE|TRAIRI,2313500,15717
CE|AMONTADA,2300754,15873
CE|PARAIPABA,2310258,15997
CE|PARACURU,2310209,15059
CE|SAO GONCALO DO AMARANTE,2312403,15490
CE|TURURU,2313559,13080
CE|URUBURETAMA,2313807,15776
CE|UMIRIM,2313757,98558
CE|ITAPAGE,2306306,14273
CE|SAO LUIS DO CURU,2312601,15539
CE|PENTECOSTE,2310704,15156
CE|TEJUCUOCA,2313351,13323
CE|GENERAL SAMPAIO,2304608,13935
CE|APUIARES,2300903,13170
CE|PARAMOTI,2310407,15091
CE|CARIDADE,2303006,13595
CE|ITATIRA,2306603,14338
CE|CANINDE,2302800,13552
CE|PALMACIA,2310100,15032
CE|ITAPIUNA,2306504,14311
CE|MULUNGU,2309102,14834
CE|ACARAPE,2300150,13145
CE|PACOTI,2309805,14974
CE|ARATUBA,2301406,13277
CE|REDENCAO,2311603,15334
CE|CAPISTRANO,2302909,13579
CE|ARACOIABA,2301208,13234
CE|GUARAMIRANGA,2305100,14036
CE|BATURITE,2302107,13412
CE|CHOROZINHO,2303956,13161
CE|OCARA,2309458,13307
CE|BARREIRA,2301950,13129
CE|PINDORETAMA,2310852,13285
CE|BEBERIBE,2302206,13439
CE|CASCAVEL,2303501,13692
CE|CAUCAIA,2303709,13730
CE|ITAITINGA,2306256,13480
CE|PACATUBA,2309706,14958
CE|FORTALEZA,2304400,13897
CE|MARACANAU,2307650,15857
CE|MARANGUAPE,2307700,14559
CE|GUAIUBA,2304954,13242
CE|AQUIRAZ,2301000,13196
CE|EUSEBIO,2304285,13226
CE|PACAJUS,2309607,14931
CE|HORIZONTE,2305233,13188
CE|TAMBORIL,2313203,15652
CE|NOVA RUSSAS,2309300,14877
CE|MONSENHOR TABOSA,2308609,14737
CE|NOVO ORIENTE,2309409,14893
CE|CRATEUS,2304103,13838
CE|IPAPORANGA,2305654,13340
CE|QUITERIANOPOLIS,2311264,13102
CE|ARARENDA,2301257,13420
CE|INDEPENDENCIA,2305605,14133
CE|BOA VIAGEM,2302404,13471
CE|MADALENA,2307635,13021
CE|CHORO,2303931,13463
CE|BANABUIU,2301851,13382
CE|QUIXERAMOBIM,2311405,15296
CE|QUIXADA,2311306,15270
CE|IBARETAMA,2305266,14060
CE|SABOEIRO,2311900,15393
CE|CATARINA,2303600,13714
CE|AIUABA,2300408,13072
CE|ARNEIROZ,2301505,13293
CE|PARAMBU,2310308,15075
CE|TAUA,2313302,15679
CE|MILHA,2308351,15970
CE|PEDRA BRANCA,2310506,15113
CE|SOLONOPOLE,2313005,15610
CE|SENADOR POMPEU,2312700,15555
CE|DEPUTADO IRAPUAN PINHEIRO,2304269,15989
CE|MOMBACA,2308500,14710
CE|PIQUET CARNEIRO,2310902,15199
CE|ACOPIARA,2300309,13056
CE|ICAPUI,2305357,15938
CE|FORTIM,2304459,13501
CE|ARACATI,2301109,13218
CE|ITAICABA,2306207,14257
CE|IBICUITINGA,2305332,15920
CE|ALTO SANTO,2300705,13137
CE|SAO JOAO DO JAGUARIBE,2312502,15512
CE|RUSSAS,2311801,15377
CE|TABULEIRO DO NORTE,2313104,15636
CE|QUIXERE,2311504,15318
CE|PALHANO,2310001,15016
CE|LIMOEIRO DO NORTE,2307601,14532
CE|MORADA NOVA,2308708,14753
CE|JAGUARUANA,2307007,14419
CE|JAGUARIBARA,2306801,14370
CE|JAGUARETAMA,2306702,14354
CE|JAGUARIBE,2306900,14397
CE|POTIRETAMA,2311231,13269
CE|IRACEMA,2306009,14214
CE|PEREIRO,2310803,15172
CE|ERERE,2304277,13200
CE|QUIXELO,2311355,98531
CE|CEDRO,2303808,13757
CE|IGUATU,2305506,14117
CE|OROS,2309508,14915
CE|ICO,2305407,14095
CE|CARIUS,2303303,13650
CE|JUCAS,2307403,14494
CE|TARRAFAS,2313252,13366
CE|ANTONINA DO NORTE,2300804,13153
CE|VARZEA ALEGRE,2314003,15814
CE|IPAUMIRIM,2305704,14150
CE|BAIXIO,2301802,13358
CE|UMARI,2313708,15750
CE|LAVRAS DA MANGABEIRA,2307502,14516
CE|SALITRE,2311959,15440
CE|POTENGI,2311207,15253
CE|CAMPOS SALES,2302701,13536
CE|ASSARE,2301604,13315
CE|ARARIPE,2301307,13250
CE|GRANJEIRO,2304806,13978
CE|FARIAS BRITO,2304301,13870
CE|ALTANEIRA,2300606,13110
CE|CARIRIACU,2303204,13633
CE|AURORA,2301703,13331
CE|BARRO,2302008,13390
CE|MAURITI,2308104,14630
CE|SANTANA DO CARIRI,2312106,15431
CE|MISSAO VELHA,2308401,14699
CE|JARDIM,2307106,14435
CE|CRATO,2304202,13854
CE|JUAZEIRO DO NORTE,2307304,14478
CE|BARBALHA,2301901,13374
CE|NOVA OLINDA,2309201,14850
CE|PORTEIRAS,2311108,15237
CE|MILAGRES,2308302,14672
CE|JATI,2307205,14451
CE|PENAFORTE,2310605,15130
CE|BREJO SANTO,2302503,13498
CE|ABAIARA,2300101,13013
RN|SERRA DO MEL,2413359,16020
RN|GROSSOS,2404408,16853
RN|MOSSORO,2408003,17590
RN|AREIA BRANCA,2401107,16217
RN|BARAUNA,2401453,30031
RN|TIBAU,2411056,16225
RN|GOVERNADOR DIX SEPT ROSADO,2404309,16837
RN|APODI,2401008,16195
RN|CARAUBAS,2402303,16454
RN|FELIPE GUERRA,2403707,16730
RN|JANDUIS,2405207,17019
RN|UPANEMA,2414605,18899
RN|CAMPO GRANDE,2401305,16250
RN|MESSIAS TARGINO,2407609,17213
RN|PARAU,2408706,17736
RN|TRIUNFO POTIGUAR,2414456,16128
RN|JUCURUTU,2406106,17191
RN|ACU,2400208,16039
RN|ITAJA,2404853,16080
RN|CARNAUBAIS,2402501,16497
RN|ALTO DO RODRIGUES,2400703,16136
RN|PENDENCIAS,2409902,17973
RN|PORTO DO MANGUE,2410256,16284
RN|SAO RAFAEL,2412807,18538
RN|IPANGUACU,2404705,16918
RN|AGUA NOVA,2400406,16071
RN|DOUTOR SEVERIANO,2403202,16632
RN|RIACHO DE SANTANA,2410801,18139
RN|SAO MIGUEL,2412500,18473
RN|MAJOR SALES,2407252,16160
RN|LUIS GOMES,2407005,17396
RN|ENCANTO,2403301,16659
RN|CORONEL JOAO PESSOA,2402907,16578
RN|VENHA VER,2414753,16187
RN|SEVERIANO MELO,2413607,18694
RN|RODOLFO FERNANDES,2411007,18171
RN|ITAU,2404903,16950
RN|PAU DOS FERROS,2409407,17876
RN|ALEXANDRIA,2400505,16098
RN|SAO FRANCISCO DO OESTE,2411908,18210
RN|JOSE DA PENHA,2406007,17175
RN|PARANA,2408607,17710
RN|TENENTE ANANIAS,2414100,18791
RN|TABOLEIRO GRANDE,2413805,18732
RN|RAFAEL FERNANDES,2410504,18090
RN|MARCELINO VIEIRA,2407302,17450
RN|FRANCISCO DANTAS,2403905,16772
RN|VICOSA,2414902,18970
RN|PILOES,2410009,17990
RN|PORTALEGRE,2410207,18031
RN|RIACHO DA CRUZ,2410702,18112
RN|ANTONIO MARTINS,2400901,16179
RN|FRUTUOSO GOMES,2404002,17515
RN|UMARIZAL,2414506,18872
RN|ALMINO AFONSO,2400604,16110
RN|OLHO D AGUA DO BORGES,2408409,17671
RN|RAFAEL GODEIRO,2410603,18937
RN|PATU,2409308,17850
RN|JOAO DIAS,2405900,17159
RN|LUCRECIA,2406908,17370
RN|MARTINS,2407401,17477
RN|SERRINHA DOS PINTOS,2413557,16209
RN|CAICARA DO NORTE,2401859,16047
RN|GALINHOS,2404101,16799
RN|SAO BENTO DO NORTE,2411601,18317
RN|MACAU,2407203,17434
RN|GUAMARE,2404507,16870
RN|PEDRO AVELINO,2409704,17930
RN|JARDIM DE ANGICOS,2405504,17078
RN|PEDRA PRETA,2409605,17914
RN|CAICARA DO RIO DO VENTO,2401909,16373
RN|AFONSO BEZERRA,2400307,16055
RN|ANGICOS,2400802,16152
RN|FERNANDO PEDROZA,2403756,16144
RN|LAJES,2406700,17337
RN|LAGOA NOVA,2406502,17299
RN|SAO VICENTE,2413003,18570
RN|TENENTE LAURENTINO CRUZ,2414159,16004
RN|CERRO CORA,2402709,16535
RN|BODO,2401651,16101
RN|FLORANIA,2403806,16756
RN|SANTANA DO MATOS,2411403,18279
RN|CAICO,2402006,16390
RN|JARDIM DE PIRANHAS,2405603,17094
RN|SAO JOAO DO SABUGI,2412104,18392
RN|IPUEIRA,2404804,16934
RN|SERRA NEGRA DO NORTE,2413409,18651
RN|SAO FERNANDO,2411809,18350
RN|TIMBAUBA DOS BATISTAS,2414308,18830
RN|SANTANA DO SERIDO,2411429,18252
RN|SAO JOSE DO SERIDO,2412401,18457
RN|PARELHAS,2408904,17779
RN|OURO BRANCO,2408508,17698
RN|CRUZETA,2403004,16594
RN|EQUADOR,2403400,16675
RN|JARDIM DO SERIDO,2405702,17116
RN|CARNAUBA DOS DANTAS,2402402,16470
RN|CURRAIS NOVOS,2403103,16616
RN|ACARI,2400109,16012
RN|POCO BRANCO,2410108,18015
RN|BENTO FERNANDES,2401602,16314
RN|JANDAIRA,2405108,16993
RN|PARAZINHO,2408805,17752
RN|JOAO CAMARA,2405801,17132
RN|SAO JOSE DO CAMPESTRE,2412302,18430
RN|MONTE DAS GAMELEIRAS,2407906,17574
RN|SERRA DE SAO BENTO,2413300,18635
RN|CORONEL EZEQUIEL,2402808,16551
RN|JAPI,2405405,17051
RN|SAO BENTO DO TRAIRI,2411700,18333
RN|JACANA,2405009,16977
RN|TANGARA,2414001,18775
RN|CAMPO REDONDO,2402105,16411
RN|SITIO NOVO,2413706,18716
RN|SANTA CRUZ,2411205,18236
RN|LAJES PINTADAS,2406809,17353
RN|BARCELONA,2401503,16292
RN|SAO TOME,2412906,18554
RN|LAGOA DE VELHOS,2406403,17272
RN|RUY BARBOSA,2411106,18198
RN|VERA CRUZ,2414803,18953
RN|MONTE ALEGRE,2407807,17558
RN|IELMO MARINHO,2404606,16896
RN|LAGOA SALGADA,2406601,17310
RN|BREJINHO,2401800,16357
RN|JUNDIA,2406155,16306
RN|BOM JESUS,2401701,16330
RN|PASSAGEM,2409209,17833
RN|PASSA E FICA,2409100,17817
RN|SERRA CAIADA,2410306,18058
RN|LAGOA DE PEDRAS,2406304,17256
RN|LAGOA D ANTA,2406205,17230
RN|SANTO ANTONIO,2411502,18295
RN|BOA SAUDE,2405306,17035
RN|NOVA CRUZ,2408300,17655
RN|SERRINHA,2413508,18678
RN|VARZEA,2414704,18910
RN|SENADOR ELOI DE SOUZA,2413102,18597
RN|RIACHUELO,2410900,18155
RN|SAO PEDRO,2412708,18511
RN|SANTA MARIA,2409332,16241
RN|SAO PAULO DO POTENGI,2412609,18490
RN|PUREZA,2410405,18074
RN|TAIPU,2413904,18759
RN|SAO MIGUEL DO GOSTOSO,2412559,16063
RN|TOUROS,2414407,18856
RN|MAXARANGUAPE,2407500,17493
RN|RIO DO FOGO,2408953,16268
RN|PEDRA GRANDE,2409506,17892
RN|NISIA FLORESTA,2408201,17639
RN|CEARA MIRIM,2402600,16519
RN|SAO GONCALO DO AMARANTE,2412005,18376
RN|MACAIBA,2407104,17418
RN|SAO JOSE DE MIPIBU,2412203,18414
RN|PARNAMIRIM,2403251,17795
RN|EXTREMOZ,2403608,16713
RN|NATAL,2408102,17612
RN|SENADOR GEORGINO AVELINO,2413201,18619
RN|PEDRO VELHO,2409803,17957
RN|BAIA FORMOSA,2401404,16276
RN|TIBAU DO SUL,2414209,18813
RN|VILA FLOR,2415008,18996
RN|ESPIRITO SANTO,2403509,16691
RN|ARES,2401206,16233
RN|GOIANINHA,2404200,16810
RN|MONTANHAS,2407708,17531
RN|CANGUARETAMA,2402204,16438
PB|CATOLE DO ROCHA,2504306,19879
PB|MATO GROSSO,2509370,19488
PB|RIACHO DOS CAVALOS,2512804,21571
PB|JERICO,2507408,20494
PB|BREJO DOS SANTOS,2502904,19593
PB|BELEM DO BREJO DO CRUZ,2502003,19410
PB|SAO BENTO,2513901,21792
PB|SAO JOSE DO BREJO DO CRUZ,2514651,19542
PB|BOM SUCESSO,2502300,19470
PB|BREJO DO CRUZ,2502805,19577
PB|LAGOA,2508109,20630
PB|JOCA CLAUDINO,2513653,19666
PB|BERNARDINO BATISTA,2502052,19500
PB|UIRAUNA,2516904,22390
PB|POCO DANTAS,2512036,19640
PB|POCO DE JOSE DE MOURA,2512077,19526
PB|SAO JOAO DO RIO DO PEIXE,2500700,19135
PB|CAJAZEIRAS,2503704,19755
PB|SAO JOSE DE PIRANHAS,2514503,21911
PB|CACHOEIRA DOS INDIOS,2503308,19674
PB|TRIUNFO,2516805,22373
PB|CARRAPATEIRA,2504108,19836
PB|BONITO DE SANTA FE,2502409,19496
PB|MONTE HOREBE,2509602,20931
PB|BOM JESUS,2502201,19453
PB|SANTA HELENA,2513307,21679
PB|VISTA SERRANA,2505501,20117
PB|MALTA,2508802,20770
PB|POMBAL,2512101,21431
PB|SAO BENTINHO,2513927,19402
PB|CONDADO,2504504,19917
PB|CAJAZEIRINHAS,2503753,19380
PB|PAULISTA,2510907,21199
PB|SAO DOMINGOS,2513968,19429
PB|SAO JOSE DA LAGOA TAPADA,2514206,21857
PB|SAO FRANCISCO,2513984,19860
PB|SOUSA,2516201,22250
PB|APARECIDA,2500775,19844
PB|NAZAREZINHO,2510006,21016
PB|MARIZOPOLIS,2509156,19461
PB|VIEIROPOLIS,2517209,19887
PB|LASTRO,2508406,20699
PB|SANTA CRUZ,2513208,21652
PB|SAO JOSE DO BONFIM,2514602,21938
PB|CACIMBA DE AREIA,2503407,19690
PB|PASSAGEM,2510709,21156
PB|SAO JOSE DE ESPINHARAS,2514404,21890
PB|AREIA DE BARAUNAS,2501153,19909
PB|MAE D AGUA,2508703,20753
PB|SANTA TERESINHA,2513802,21776
PB|QUIXABA,2512606,21539
PB|PATOS,2510808,21172
PB|EMAS,2505907,20192
PB|OLHO D AGUA,2510402,21091
PB|CATINGUEIRA,2504207,19852
PB|COREMAS,2504801,19976
PB|NOVA OLINDA,2510204,21059
PB|PIANCO,2511301,21270
PB|IGARACY,2502607,19534
PB|AGUIAR,2500205,19038
PB|SANTANA DOS GARROTES,2513604,21733
PB|ITAPORANGA,2507002,20419
PB|SANTA INES,2513356,19569
PB|IBIARA,2506608,20338
PB|SAO JOSE DE CAIANA,2514305,21873
PB|DIAMANTE,2505600,20133
PB|PEDRA BRANCA,2511004,21210
PB|SANTANA DE MANGUEIRA,2513505,21717
PB|CONCEICAO,2504405,19895
PB|BOA VENTURA,2502102,19437
PB|CURRAL VELHO,2505303,20079
PB|SERRA GRANDE,2515708,22152
PB|IMACULADA,2506707,20354
PB|MATUREIA,2509396,19984
PB|AGUA BRANCA,2500106,19011
PB|DESTERRO,2505402,20095
PB|TEIXEIRA,2516706,22357
PB|CACIMBAS,2503555,19364
PB|PRINCESA ISABEL,2512309,21474
PB|SAO JOSE DE PRINCESA,2514552,19445
PB|MANAIRA,2509008,20818
PB|TAVARES,2516607,22330
PB|JURU,2508000,20613
PB|JUNCO DO SERIDO,2507804,20575
PB|VARZEA,2517100,22438
PB|SALGADINHO,2513000,21610
PB|SANTA LUZIA,2513406,21695
PB|SAO JOSE DO SABUGI,2514701,21954
PB|SAO MAMEDE,2514909,21997
PB|CUBATI,2505006,20010
PB|SAO VICENTE DO SERIDO,2515401,22098
PB|TENORIO,2516755,19682
PB|JUAZEIRINHO,2507705,20559
PB|FREI MARTINHO,2506202,20257
PB|PEDRA LAVRADA,2511103,21237
PB|PICUI,2511400,21296
PB|NOVA PALMEIRA,2510303,21075
PB|BARAUNA,2501534,19305
PB|ASSUNCAO,2501351,19321
PB|TAPEROA,2516508,22314
PB|PRATA,2512200,21458
PB|SAO JOAO DO TIGRE,2514107,21830
PB|OURO VELHO,2510600,21130
PB|ZABELE,2517407,19348
PB|CAMALAU,2503902,19798
PB|MONTEIRO,2509701,20958
PB|SAO SEBASTIAO DO UMBUZEIRO,2515203,22055
PB|PARARI,2510659,19720
PB|AMPARO,2500734,19585
PB|LIVRAMENTO,2508505,20710
PB|COXIXOLA,2504850,19704
PB|SUME,2516300,22276
PB|SAO JOSE DOS CORDEIROS,2514800,21970
PB|SERRA BRANCA,2515500,22110
PB|CONGO,2504702,19950
PB|ALCANTIL,2500536,19763
PB|CATURITE,2504355,19801
PB|BARRA DE SAO MIGUEL,2501708,19356
PB|SAO DOMINGOS DO CARIRI,2513943,19224
PB|RIACHO DE SANTO ANTONIO,2512788,19828
PB|BARRA DE SANTANA,2501575,19780
PB|CABACEIRAS,2503100,19631
PB|SANTO ANDRE,2513851,19267
PB|CARAUBAS,2504074,19240
PB|GURJAO,2506509,20311
PB|BOQUEIRAO,2502508,19518
PB|SAO JOAO DO CARIRI,2514008,21814
PB|ARARA,2500908,19178
PB|OLIVEDOS,2510501,21113
PB|POCINHOS,2512002,21415
PB|REMIGIO,2512705,21555
PB|ALGODAO DE JANDAIRA,2500577,19925
PB|SOLEDADE,2516102,22233
PB|CUITE,2505105,20036
PB|DAMIAO,2505352,19275
PB|BARRA DE SANTA ROSA,2501609,19330
PB|NOVA FLORESTA,2510105,21032
PB|SOSSEGO,2516151,19283
PB|RIACHAO,2512747,19208
PB|DONA INES,2505709,20150
PB|TACIMA,2516409,22292
PB|CASSERENGUE,2504157,19607
PB|ARARUNA,2501005,19194
PB|SOLANEA,2516003,22217
PB|CACIMBA DE DENTRO,2503506,19712
PB|ESPERANCA,2506004,20214
PB|SAO SEBASTIAO DE LAGOA DE ROCA,2515104,22039
PB|AREIAL,2501203,19232
PB|MONTADAS,2509503,20915
PB|BANANEIRAS,2501500,19313
PB|PILOES,2511608,21334
PB|BORBOREMA,2502706,19550
PB|SERRARIA,2515906,22195
PB|AREIA,2501104,19216
PB|ALAGOA GRANDE,2500304,19054
PB|MATINHAS,2509339,19143
PB|ALAGOA NOVA,2500403,19070
PB|BELEM,2501906,19399
PB|LAGOA DE DENTRO,2508208,20656
PB|CAICARA,2503605,19739
PB|LOGRADOURO,2508554,19160
PB|CUITEGI,2505204,20052
PB|ALAGOINHA,2500502,19097
PB|ARACAGI,2500809,19151
PB|MULUNGU,2509800,20974
PB|SERTAOZINHO,2515930,19186
PB|PIRPIRITUBA,2511806,21377
PB|PILOEZINHOS,2511707,21350
PB|DUAS ESTRADAS,2505808,20176
PB|GUARABIRA,2506301,20273
PB|SERRA DA RAIZ,2515609,22136
PB|LAGOA SECA,2508307,20672
PB|FAGUNDES,2506103,20230
PB|SERRA REDONDA,2515807,22179
PB|MASSARANDUBA,2509206,20850
PB|PUXINANA,2512408,21490
PB|CAMPINA GRANDE,2504009,19810
PB|BOA VISTA,2502151,19941
PB|QUEIMADAS,2512507,21512
PB|GURINHEM,2506400,20290
PB|JUAREZ TAVORA,2507606,20532
PB|CALDAS BRANDAO,2503803,19771
PB|ITABAIANA,2506905,20397
PB|MOGEIRO,2509404,20893
PB|SALGADO DE SAO FELIX,2513109,21636
PB|INGA,2506806,20370
PB|RIACHAO DO BACAMARTE,2512754,19127
PB|ITATUBA,2507200,20451
PB|NATUBA,2509909,20990
PB|SANTA CECILIA,2513158,20001
PB|AROEIRAS,2501302,19259
PB|GADO BRAVO,2506251,19623
PB|UMBUZEIRO,2517001,22411
PB|CUITE DE MAMANGUAPE,2505238,19089
PB|CURRAL DE CIMA,2505279,19100
PB|JACARAU,2507309,20478
PB|CAPIM,2504033,19062
PB|PEDRO REGIS,2512721,19747
PB|RIO TINTO,2512903,21598
PB|BAIA DA TRAICAO,2501401,19291
PB|MAMANGUAPE,2508901,20796
PB|ITAPOROROCA,2507101,20435
PB|MARCACAO,2509057,19968
PB|MATARACA,2509305,20877
PB|PILAR,2511509,21318
PB|SAO MIGUEL DE TAIPU,2515005,22012
PB|MARI,2509107,20834
PB|SOBRADO,2515971,19020
PB|JURIPIRANGA,2507903,20591
PB|CRUZ DO ESPIRITO SANTO,2504900,19992
PB|SAPE,2515302,22071
PB|RIACHAO DO POCO,2512762,19003
PB|SAO JOSE DOS RAMOS,2514453,19046
PB|CONDE,2504603,19933
PB|BAYEUX,2501807,19372
PB|LUCENA,2508604,20737
PB|CABEDELO,2503209,19658
PB|JOAO PESSOA,2507507,20516
PB|SANTA RITA,2513703,21750
PB|PEDRAS DE FOGO,2511202,21253
PB|ALHANDRA,2500601,19119
PB|PITIMBU,2511905,21393
PB|CAAPORA,2503001,19615
PE|SANTA FILOMENA,2612554,23329
PE|IPUBI,2607307,24457
PE|MOREILANDIA,2614303,25852
PE|SANTA CRUZ,2612455,23108
PE|TRINDADE,2615607,26115
PE|EXU,2605301,24058
PE|OURICURI,2609907,24970
PE|BODOCO,2602001,23396
PE|GRANITO,2606309,24252
PE|ARARIPINA,2601102,23213
PE|SAO JOSE DO BELMONTE,2613503,25690
PE|MIRANDIBA,2609303,24856
PE|SERRITA,2614006,25798
PE|SALGUEIRO,2612208,25437
PE|CEDRO,2604304,23850
PE|PARNAMIRIM,2610400,25070
PE|VERDEJANTE,2616100,26212
PE|CALUMBI,2603405,23671
PE|TRIUNFO,2615706,26131
PE|SERRA TALHADA,2613909,25771
PE|FLORES,2605608,24112
PE|SANTA CRUZ DA BAIXA VERDE,2612471,23043
PE|CARNAIBA,2603900,23779
PE|ITAPETIM,2607703,24538
PE|AFOGADOS DA INGAZEIRA,2600104,23019
PE|SAO JOSE DO EGITO,2613602,25712
PE|SOLIDAO,2614402,25879
PE|INGAZEIRA,2607109,24414
PE|TUPARETAMA,2615904,26174
PE|BREJINHO,2602506,23493
PE|TABIRA,2614600,25917
PE|QUIXABA,2611533,23000
PE|SANTA TEREZINHA,2612802,25550
PE|IGUARACI,2606903,24376
PE|SERTANIA,2614105,25810
PE|ARCOVERDE,2601201,23230
PE|IBIMIRIM,2606606,24317
PE|INAJA,2607000,24392
PE|CUSTODIA,2605103,24015
PE|MANARI,2609154,23248
PE|BETANIA,2601805,23353
PE|LAGOA GRANDE,2608750,23183
PE|PETROLINA,2611101,25216
PE|OROCO,2609808,24953
PE|SANTA MARIA DA BOA VISTA,2612604,25518
PE|AFRANIO,2600203,23035
PE|DORMENTES,2605152,23140
PE|TERRA NOVA,2615201,26034
PE|CABROBO,2603009,23590
PE|PETROLANDIA,2611002,25194
PE|CARNAUBEIRA DA PENHA,2603926,23167
PE|TACARATU,2614808,25950
PE|FLORESTA,2605707,24139
PE|JATOBA,2608057,23264
PE|BELEM DO SAO FRANCISCO,2601607,23310
PE|ITACURUBA,2607406,24473
PE|AGUAS BELAS,2600500,23094
PE|VENTUROSA,2616001,26190
PE|PEDRA,2610806,25151
PE|BUIQUE,2602803,23558
PE|TUPANATINGA,2615805,26158
PE|ITAIBA,2607505,24490
PE|GRAVATA,2606408,24279
PE|CACHOEIRINHA,2603108,23612
PE|RIACHO DAS ALMAS,2611705,25330
PE|BREJO DA MADRE DE DEUS,2602605,23515
PE|JATAUBA,2608008,24597
PE|BEZERROS,2601904,23370
PE|CARUARU,2604106,23817
PE|SAO CAITANO,2613107,25615
PE|CAPOEIRAS,2603801,23752
PE|POCAO,2611200,25232
PE|ALAGOINHA,2600609,23116
PE|SANHARO,2612406,25470
PE|TACAIMBO,2614709,25933
PE|PESQUEIRA,2610905,25178
PE|SAO BENTO DO UNA,2613008,25593
PE|BELO JARDIM,2601706,23337
PE|CASINHAS,2604155,23221
PE|SURUBIM,2614501,25895
PE|FREI MIGUELINHO,2605806,24155
PE|SANTA MARIA DO CAMBUCA,2612703,25534
PE|VERTENTE DO LERIO,2616183,23086
PE|VERTENTES,2616209,26239
PE|TAQUARITINGA DO NORTE,2615003,25992
PE|SANTA CRUZ DO CAPIBARIBE,2612505,25496
PE|TORITAMA,2615409,26077
PE|SAO VICENTE FERRER,2613800,25755
PE|LIMOEIRO,2608909,24775
PE|PASSIRA,2610509,25097
PE|OROBO,2609709,24937
PE|JOAO ALFREDO,2608107,24619
PE|MACHADOS,2609105,24813
PE|FEIRA NOVA,2605400,24074
PE|SALGADINHO,2612109,25410
PE|BOM JARDIM,2602209,23434
PE|CUMARU,2604908,23973
PE|GARANHUNS,2606002,24198
PE|PALMEIRINA,2610103,25011
PE|TEREZINHA,2615102,26018
PE|CALCADO,2603306,23655
PE|JUREMA,2608404,24678
PE|JUCATI,2608255,23124
PE|SAO JOAO,2613206,25631
PE|ANGELIM,2601003,23191
PE|BREJAO,2602407,23477
PE|SALOA,2612307,25453
PE|CANHOTINHO,2603702,23736
PE|JUPI,2608305,24651
PE|IATI,2606507,24295
PE|BOM CONSELHO,2602100,23418
PE|CAETES,2603207,23639
PE|CORRENTES,2604700,23930
PE|LAJEDO,2608800,24759
PE|LAGOA DO OURO,2608602,24716
PE|PARANATAMA,2610301,25054
PE|IBIRAJUBA,2606705,24333
PE|BARRA DE GUABIRABA,2601300,23256
PE|BONITO,2602308,23450
PE|SAIRE,2612000,25399
PE|ALTINHO,2600807,23159
PE|SAO JOAQUIM DO MONTE,2613305,25658
PE|AGRESTINA,2600302,23051
PE|CUPIRA,2605004,23990
PE|PANELAS,2610202,25038
PE|CAMOCIM DE SAO FELIX,2603504,23698
PE|LAGOA DOS GATOS,2608701,24732
PE|PAUDALHO,2610608,25119
PE|ALIANCA,2600708,23132
PE|VICENCIA,2616308,26255
PE|CAMUTANGA,2603603,23710
PE|ITAMBE,2607653,25976
PE|CONDADO,2604601,23914
PE|GOIANA,2606200,24236
PE|MACAPARANA,2609006,24791
PE|FERREIROS,2605509,24090
PE|TIMBAUBA,2615300,26050
PE|ITAQUITINGA,2607802,24554
PE|NAZARE DA MATA,2609501,24899
PE|CARPINA,2604007,23795
PE|TRACUNHAEM,2615508,26093
PE|BUENOS AIRES,2602704,23531
PE|LAGOA DO CARRO,2608453,23027
PE|LAGOA DE ITAENGA,2608503,24694
PE|CHA DE ALEGRIA,2604403,23876
PE|VITORIA DE SANTO ANTAO,2616407,26271
PE|POMBOS,2611309,25259
PE|GLORIA DO GOITA,2606101,24210
PE|CHA GRANDE,2604502,23892
PE|BELEM DE MARIA,2601508,23299
PE|JOAQUIM NABUCO,2608206,24635
PE|XEXEU,2616506,23060
PE|CATENDE,2604205,23833
PE|AGUA PRETA,2600401,23078
PE|GAMELEIRA,2605905,24171
PE|MARAIAL,2609204,24830
PE|SAO BENEDITO DO SUL,2612901,25577
PE|PALMARES,2610004,24996
PE|JAQUEIRA,2607950,23302
PE|BARREIROS,2601409,23272
PE|TAMANDARE,2614857,23280
PE|SAO JOSE DA COROA GRANDE,2613404,25674
PE|RIO FORMOSO,2611903,25372
PE|SIRINHAEM,2614204,25836
PE|QUIPAPA,2611507,25291
PE|RIBEIRAO,2611804,25356
PE|PRIMAVERA,2611408,25275
PE|AMARAJI,2600906,23175
PE|CORTES,2604809,23957
PE|ESCADA,2605202,24031
PE|ARACOIABA,2601052,23205
PE|IGARASSU,2606804,24350
PE|ITAPISSUMA,2607752,26336
PE|ILHA DE ITAMARACA,2607604,24511
PE|RECIFE,2611606,25313
PE|ABREU E LIMA,2600054,26310
PE|JABOATAO DOS GUARARAPES,2607901,24570
PE|OLINDA,2609600,24910
PE|SAO LOURENCO DA MATA,2613701,25739
PE|PAULISTA,2610707,25135
PE|MORENO,2609402,24872
PE|CAMARAGIBE,2603454,26298
PE|CABO DE SANTO AGOSTINHO,2602902,23574
PE|IPOJUCA,2607208,24430
PE|FERNANDO DE NORONHA,2605459,30015
AL|MATA GRANDE,2705002,27995
AL|AGUA BRANCA,2700102,27014
AL|PARICONHA,2706422,27022
AL|INHAPI,2703304,27650
AL|CANAPI,2701605,27316
AL|OLHO D AGUA DO CASADO,2705804,28150
AL|DELMIRO GOUVEIA,2702405,27472
AL|PIRANHAS,2707107,28410
AL|CARNEIROS,2701803,27359
AL|POCO DAS TRINCHEIRAS,2707206,28436
AL|SENADOR RUI PALMEIRA,2708956,28916
AL|OURO BRANCO,2706109,28215
AL|SANTANA DO IPANEMA,2708006,28592
AL|DOIS RIACHOS,2702504,27499
AL|MARAVILHA,2704609,27910
AL|SAO JOSE DA TAPERA,2708402,28673
AL|PALESTINA,2706208,28231
AL|PAO DE ACUCAR,2706406,28274
AL|JARAMATAIA,2703700,27731
AL|MAJOR ISIDORO,2704401,27871
AL|OLIVENCA,2706000,28193
AL|BATALHA,2700706,27138
AL|OLHO D AGUA DAS FLORES,2705705,28134
AL|MONTEIROPOLIS,2705408,28070
AL|BELO MONTE,2700904,27170
AL|JACARE DOS HOMENS,2703403,27677
AL|MAR VERMELHO,2704906,27979
AL|TANQUE D ARCA,2709004,28797
AL|MARIBONDO,2704807,27952
AL|BELEM,2700805,27154
AL|PAULO JACINTO,2706604,28312
AL|CACIMBINHAS,2701209,27235
AL|QUEBRANGULO,2707602,28517
AL|MINADOR DO NEGRAO,2705309,28053
AL|PALMEIRA DOS INDIOS,2706307,28258
AL|ESTRELA DE ALAGOAS,2702553,27049
AL|IGACI,2703106,27618
AL|ARAPIRACA,2700300,27057
AL|TAQUARANA,2709103,28819
AL|GIRAU DO PONCIANO,2702900,27570
AL|CAMPO GRANDE,2701506,27294
AL|COITE DO NOIA,2702009,27391
AL|LAGOA DA CANOA,2704104,27812
AL|LIMOEIRO DE ANADIA,2704203,27839
AL|CRAIBAS,2702355,28894
AL|FEIRA GRANDE,2702603,27510
AL|SAO SEBASTIAO,2708808,28754
AL|SAO BRAS,2708204,28630
AL|OLHO D AGUA GRANDE,2705903,28177
AL|TRAIPU,2709202,28835
AL|IBATEGUARA,2703007,27596
AL|SANTANA DO MUNDAU,2708105,28614
AL|UNIAO DOS PALMARES,2709301,28851
AL|SAO JOSE DA LAJE,2708303,28657
AL|CHA PRETA,2701902,27375
AL|PINDOBA,2707008,28398
AL|VICOSA,2709400,28878
AL|MESSIAS,2705200,28037
AL|FLEXEIRAS,2702801,27553
AL|JOAQUIM GOMES,2703809,27758
AL|SAO LUIS DO QUITUNDE,2708501,28690
AL|NOVO LINO,2705606,28118
AL|PORTO CALVO,2707305,28452
AL|JUNDIA,2703908,27774
AL|MATRIZ DE CAMARAGIBE,2705101,28010
AL|COLONIA LEOPOLDINA,2702108,27413
AL|JACUIPE,2703502,27693
AL|CAMPESTRE,2701357,27081
AL|BRANQUINHA,2701100,27219
AL|MURICI,2705507,28096
AL|CAPELA,2701704,27332
AL|CAJUEIRO,2701308,27251
AL|ATALAIA,2700409,27073
AL|SAO MIGUEL DOS MILAGRES,2708709,28738
AL|MARAGOGI,2704500,27898
AL|JAPARATINGA,2703601,27715
AL|PASSO DE CAMARAGIBE,2706505,28290
AL|PORTO DE PEDRAS,2707404,28479
AL|MARECHAL DEODORO,2704708,27936
AL|PARIPUEIRA,2706448,27006
AL|COQUEIRO SECO,2702207,27430
AL|BARRA DE SANTO ANTONIO,2700508,27090
AL|SANTA LUZIA DO NORTE,2707909,28576
AL|MACEIO,2704302,27855
AL|SATUBA,2708907,28770
AL|RIO LARGO,2707701,28533
AL|BARRA DE SAO MIGUEL,2700607,27111
AL|PILAR,2706901,28371
AL|CORURIPE,2702306,27456
AL|BOCA DA MATA,2701001,27197
AL|ROTEIRO,2707800,28550
AL|CAMPO ALEGRE,2701407,27278
AL|JEQUIA DA PRAIA,2703759,27065
AL|ANADIA,2700201,27030
AL|SAO MIGUEL DOS CAMPOS,2708600,28711
AL|TEOTONIO VILELA,2709152,28932
AL|JUNQUEIRO,2704005,27790
AL|FELIZ DESERTO,2702702,27537
AL|IGREJA NOVA,2703205,27634
AL|PORTO REAL DO COLEGIO,2707503,28495
AL|PENEDO,2706703,28339
AL|PIACABUCU,2706802,28355
SE|GARARU,2802403,31496
SE|MONTE ALEGRE DE SERGIPE,2804201,31836
SE|NOSSA SENHORA DA GLORIA,2804508,31895
SE|PORTO DA FOLHA,2805604,32115
SE|GRACHO CARDOSO,2802601,31518
SE|ITABI,2803104,31615
SE|POCO REDONDO,2805406,32077
SE|CANINDE DE SAO FRANCISCO,2801207,31232
SE|FEIRA NOVA,2802205,31437
SE|NOSSA SENHORA APARECIDA,2804458,31356
SE|RIBEIROPOLIS,2806008,32190
SE|CARIRA,2801405,31275
SE|PEDRA MOLE,2805000,31992
SE|PINHAO,2805208,32034
SE|FREI PAULO,2802304,31453
SE|NOSSA SENHORA DAS DORES,2804607,31917
SE|CUMBE,2801900,31372
SE|MALHADA DOS BOIS,2803807,31755
SE|AQUIDABA,2800209,31038
SE|MURIBECA,2804300,31852
SE|SAO MIGUEL DO ALEIXO,2807006,32395
SE|ITABAIANA,2802908,31577
SE|SAO DOMINGOS,2806800,32352
SE|MOITA BONITA,2804102,31810
SE|MALHADOR,2803906,31771
SE|CAMPO DO BRITO,2801009,31194
SE|MACAMBIRA,2803708,31739
SE|AREIA BRANCA,2800506,31097
SE|POCO VERDE,2805505,32093
SE|TOBIAS BARRETO,2807402,32476
SE|SIMAO DIAS,2807105,32417
SE|LAGARTO,2803500,31690
SE|RIACHAO DO DANTAS,2805802,32158
SE|NEOPOLIS,2804409,31879
SE|CANHOBA,2801108,31216
SE|CEDRO DE SAO JOAO,2801603,31313
SE|SANTANA DO SAO FRANCISCO,2806404,31003
SE|TELHA,2807303,32450
SE|PROPRIA,2805703,32131
SE|BREJO GRANDE,2800704,31135
SE|AMPARO DE SAO FRANCISCO,2800100,31011
SE|ILHA DAS FLORES,2802700,31534
SE|NOSSA SENHORA DE LOURDES,2804706,31933
SE|CAPELA,2801306,31259
SE|DIVINA PASTORA,2802007,31399
SE|SANTA ROSA DE LIMA,2806503,32298
SE|SIRIRI,2807204,32433
SE|PIRAMBU,2805307,32050
SE|JAPARATUBA,2803302,31658
SE|PACATUBA,2804904,31976
SE|SAO FRANCISCO,2806909,32379
SE|JAPOATA,2803401,31674
SE|LARANJEIRAS,2803609,31712
SE|ROSARIO DO CATETE,2806107,32212
SE|GENERAL MAYNARD,2802502,31470
SE|CARMOPOLIS,2801504,31291
SE|RIACHUELO,2805901,32174
SE|MARUIM,2804003,31798
SE|SANTO AMARO DAS BROTAS,2806602,32310
SE|SAO CRISTOVAO,2806701,32336
SE|NOSSA SENHORA DO SOCORRO,2804805,31950
SE|ARACAJU,2800308,31054
SE|BARRA DOS COQUEIROS,2800605,31119
SE|CRISTINAPOLIS,2801702,31330
SE|UMBAUBA,2807600,32514
SE|BOQUIM,2800670,31151
SE|TOMAR DO GERU,2807501,32492
SE|ITABAIANINHA,2803005,31593
SE|PEDRINHAS,2805109,32018
SE|ARAUA,2800407,31070
SE|SALGADO,2806206,32239
SE|ITAPORANGA D AJUDA,2803203,31631
SE|INDIAROBA,2802809,31550
SE|ESTANCIA,2802106,31410
SE|SANTA LUZIA DO ITANHY,2806305,32255
BA|BARREIRAS,2903201,33634
BA|SAO DESIDERIO,2928901,38776
BA|BAIANOPOLIS,2902500,33499
BA|LUIS EDUARDO MAGALHAES,2919553,30007
BA|CATOLANDIA,2907400,34479
BA|FORMOSA DO RIO PRETO,2911105,35211
BA|RIACHAO DAS NEVES,2926202,38253
BA|COTEGIPE,2909406,34878
BA|SANTA RITA DE CASSIA,2928406,35491
BA|ANGICAL,2901403,33278
BA|TABOCAS DO BREJO VELHO,2930907,39179
BA|CRISTOPOLIS,2909703,34932
BA|BREJOLANDIA,2904407,33871
BA|WANDERLEY,2933455,39993
BA|MANSIDAO,2920452,39772
BA|SERRA DOURADA,2930303,39055
BA|SANTANA,2928208,38652
BA|CANAPOLIS,2906105,34215
BA|COCOS,2908101,34614
BA|JABORANDI,2917359,30678
BA|SAO FELIX DO CORIBE,2929057,38822
BA|SANTA MARIA DA VITORIA,2928109,38636
BA|CORRENTINA,2909307,34851
BA|CORIBE,2909109,34819
BA|CURACA,2909901,34975
BA|REMANSO,2926004,38210
BA|SOBRADINHO,2930774,39985
BA|CASA NOVA,2907202,34436
BA|CAMPO ALEGRE DE LOURDES,2905909,34177
BA|PILAO ARCADO,2924405,37893
BA|JUAZEIRO,2918407,36692
BA|SENTO SE,2930204,39039
BA|PAULO AFONSO,2924009,37818
BA|ABARE,2900207,33030
BA|RODELAS,2927101,38431
BA|MACURURE,2919900,36994
BA|CHORROCHO,2907707,34533
BA|GLORIA,2911402,35270
BA|ITAGUACU DA BAHIA,2915353,36080
BA|BURITIRAMA,2904753,30791
BA|IBOTIRAMA,2913200,35653
BA|BARRA,2902708,33537
BA|MUQUEM DE SAO FRANCISCO,2922250,37460
BA|XIQUE XIQUE,2933604,39713
BA|MORPARA,2921609,37338
BA|FEIRA DA MATA,2910776,35149
BA|CARINHANHA,2907103,34410
BA|BOM JESUS DA LAPA,2903904,33774
BA|SITIO DO MATO,2930758,39144
BA|SERRA DO RAMALHO,2930154,39047
BA|PARATINGA,2923704,37753
BA|PINDOBACU,2924603,37931
BA|ANTONIO GONCALVES,2901809,33359
BA|SENHOR DO BONFIM,2930105,39012
BA|CAMPO FORMOSO,2906006,34193
BA|ANDORINHA,2901353,33260
BA|JAGUARARI,2917706,36552
BA|ITIUBA,2917003,36412
BA|FILADELFIA,2910859,30910
BA|UMBURANAS,2932457,39489
BA|CENTRAL,2907608,34517
BA|JOAO DOURADO,2918357,30996
BA|LAPAO,2919157,39730
BA|IBITITA,2913101,35637
BA|BARRA DO MENDES,2903003,33596
BA|UIBAI,2932408,39470
BA|MULUNGU DO MORRO,2922052,37427
BA|BARRO ALTO,2903235,30759
BA|CANARANA,2906204,34231
BA|AMERICA DOURADA,2901155,30716
BA|CAFARNAUM,2905305,34053
BA|IRECE,2914604,35939
BA|IBIPEBA,2912400,35475
BA|SAO GABRIEL,2929255,39896
BA|PRESIDENTE DUTRA,2925600,38130
BA|JUSSARA,2918506,36714
BA|GENTIO DO OURO,2911303,35254
BA|SOUTO SOARES,2930808,39152
BA|IRAQUARA,2914406,35890
BA|MORRO DO CHAPEU,2921708,37354
BA|PONTO NOVO,2925253,38067
BA|PIRITIBA,2924801,37974
BA|OUROLANDIA,2923357,37680
BA|CAPIM GROSSO,2906873,30830
BA|SAUDE,2929800,38954
BA|MIGUEL CALMON,2921203,37257
BA|MIRANGABA,2921401,37290
BA|VARZEA DO POCO,2933109,39616
BA|SAO JOSE DO JACUIPE,2929370,38865
BA|QUIXABEIRA,2925931,39845
BA|JACOBINA,2917508,36510
BA|CAEM,2905107,34010
BA|CALDEIRAO GRANDE,2905503,34096
BA|VARZEA NOVA,2933158,39950
BA|SERROLANDIA,2930600,39110
BA|BAIXA GRANDE,2902609,33510
BA|MACAJUBA,2919603,36935
BA|MAIRI,2920106,37036
BA|VARZEA DA ROCA,2933059,39977
BA|MUNDO NOVO,2922102,37435
BA|TAPIRAMUTA,2931301,39250
BA|ITABERABA,2914703,35955
BA|RUY BARBOSA,2927200,38458
BA|IBIQUERA,2912608,35530
BA|LAJEDINHO,2919009,36811
BA|IACU,2911907,35378
BA|BOA VISTA DO TUPIM,2903805,33758
BA|PEDRAO,2924108,37834
BA|TEODORO SAMPAIO,2931400,39276
BA|ELISIO MEDRADO,2910305,35050
BA|ITATIM,2916856,36382
BA|SANTA TERESINHA,2928505,38695
BA|IRARA,2914505,35912
BA|SANTA BARBARA,2927507,38512
BA|SANTANOPOLIS,2928307,38679
BA|CONCEICAO DO JACUIPE,2908507,34690
BA|CONCEICAO DA FEIRA,2908200,34630
BA|ANGUERA,2901502,33294
BA|IPIRA,2914000,35815
BA|PINTADAS,2924652,39837
BA|RAFAEL JAMBEIRO,2925956,39853
BA|SANTO ESTEVAO,2928802,38750
BA|ANTONIO CARDOSO,2901700,33332
BA|SERRA PRETA,2930402,39071
BA|IPECAETA,2913804,35777
BA|FEIRA DE SANTANA,2910800,35157
BA|SAO GONCALO DOS CAMPOS,2929305,38857
BA|AGUA FRIA,2900405,33073
BA|OURICANGAS,2923308,37672
BA|TANQUINHO,2931103,39217
BA|CORACAO DE MARIA,2908903,34770
BA|SANTA BRIGIDA,2927606,38539
BA|SITIO DO QUINTO,2930766,39900
BA|CORONEL JOAO SA,2909208,34835
BA|JEREMOABO,2918100,36633
BA|PEDRO ALEXANDRE,2924207,37850
BA|UAUA,2932002,39390
BA|TUCANO,2931905,39373
BA|QUIJINGUE,2925907,38199
BA|CANSANCAO,2906808,34355
BA|CANUDOS,2906824,30856
BA|EUCLIDES DA CUNHA,2910701,35130
BA|MONTE SANTO,2921500,37311
BA|QUEIMADAS,2925808,38172
BA|NORDESTINA,2922656,39799
BA|ITAPICURU,2916500,36315
BA|CIPO,2907905,34576
BA|BANZAE,2902658,33529
BA|RIBEIRA DO AMPARO,2926509,38318
BA|OLINDINA,2923100,37630
BA|RIBEIRA DO POMBAL,2926608,38334
BA|NOVA SOURE,2922904,37591
BA|FATIMA,2910750,30899
BA|CICERO DANTAS,2907806,34550
BA|ADUSTINA,2900355,33065
BA|PARIPIRANGA,2923803,37770
BA|ANTAS,2901601,33316
BA|HELIOPOLIS,2911857,30970
BA|NOVO TRIUNFO,2923050,37621
BA|NOVA FATIMA,2922730,37567
BA|RIACHAO DO JACUIPE,2926301,38270
BA|ICHU,2913309,35670
BA|LAMARAO,2919108,36838
BA|CAPELA DO ALTO ALEGRE,2906857,30813
BA|CANDEAL,2906402,34274
BA|PE DE SERRA,2924058,39810
BA|GAVIAO,2911253,30937
BA|RETIROLANDIA,2926103,38237
BA|SANTALUZ,2928000,38610
BA|CONCEICAO DO COITE,2908408,34673
BA|SAO DOMINGOS,2928950,38806
BA|VALENTE,2933000,39594
BA|TEOFILANDIA,2931509,39292
BA|BIRITINGA,2903607,33715
BA|SERRINHA,2930501,39098
BA|BARROCAS,2903276,30775
BA|ARACI,2902104,33413
BA|ALAGOINHAS,2900702,33138
BA|APORA,2901908,33375
BA|ARAMARI,2902203,33430
BA|SATIRO DIAS,2929701,38938
BA|INHAMBUPE,2913705,35750
BA|CRISOPOLIS,2909604,34916
BA|ACAJUTIBA,2900306,33057
BA|ARACAS,2902054,33383
BA|RIO REAL,2927002,38415
BA|CARDEAL DA SILVA,2907004,34398
BA|ENTRE RIOS,2910503,35092
BA|JANDAIRA,2917904,36595
BA|ESPLANADA,2910602,35114
BA|CONDE,2908606,34711
BA|SAO SEBASTIAO DO PASSE,2929503,38890
BA|POJUCA,2925204,38059
BA|TERRA NOVA,2931707,39330
BA|MATA DE SAO JOAO,2921005,37214
BA|ITANAGRA,2915908,36196
BA|CATU,2907509,34495
BA|AMELIA RODRIGUES,2901106,33219
BA|SANTO AMARO,2928604,38717
BA|SAUBARA,2929750,38946
BA|DOM MACEDO COSTA,2910206,35033
BA|MUNIZ FERREIRA,2922201,37451
BA|SANTO ANTONIO DE JESUS,2928703,38733
BA|VARZEDO,2933174,39624
BA|MURITIBA,2922300,37478
BA|SAPEACU,2929602,38911
BA|CRUZ DAS ALMAS,2909802,34959
BA|SAO FELIX,2929008,38792
BA|SAO FELIPE,2929107,38814
BA|CACHOEIRA,2904902,33979
BA|GOVERNADOR MANGABEIRA,2911600,35319
BA|CONCEICAO DO ALMEIDA,2908309,34657
BA|CASTRO ALVES,2907301,34452
BA|CABACEIRAS DO PARAGUACU,2904852,33960
BA|ARATUIPE,2902302,33456
BA|NAZARE,2922508,37516
BA|MARAGOGIPE,2920601,37133
BA|SALINAS DA MARGARIDA,2927309,38474
BA|JAGUARIPE,2917805,36579
BA|MADRE DE DEUS,2919926,39748
BA|SALVADOR,2927408,38490
BA|DIAS D AVILA,2910057,30872
BA|CAMACARI,2905701,34134
BA|LAURO DE FREITAS,2919207,36854
BA|CANDEIAS,2906501,34290
BA|SIMOES FILHO,2930709,39136
BA|SAO FRANCISCO DO CONDE,2929206,38830
BA|ITAPARICA,2916104,36234
BA|VERA CRUZ,2933208,39632
BA|CATURAMA,2907558,34509
BA|BOTUPORA,2904209,33839
BA|TANQUE NOVO,2931053,39918
BA|IBIPITANGA,2912509,35513
BA|MACAUBAS,2919801,36978
BA|BOQUIRA,2904100,33812
BA|BROTAS DE MACAUBAS,2904506,33898
BA|OLIVEIRA DOS BREJINHOS,2923209,37656
BA|IPUPIARA,2914109,35831
BA|NOVO HORIZONTE,2923035,39942
BA|IBITIARA,2913002,35610
BA|CONTENDAS DO SINCORA,2908804,34754
BA|BARRA DA ESTIVA,2902807,33553
BA|IBICOARA,2912202,35432
BA|RIO DE CONTAS,2926707,38350
BA|ABAIRA,2900108,33014
BA|JUSSIAPE,2918605,36730
BA|BONITO,2904050,33804
BA|ITAETE,2915007,36013
BA|ANDARAI,2901304,33251
BA|NOVA REDENCAO,2922854,37583
BA|UTINGA,2932804,39551
BA|WAGNER,2933406,39675
BA|PIATA,2924306,37877
BA|BONINAL,2904001,33790
BA|SEABRA,2929909,38970
BA|MUCUGE,2921906,37397
BA|LENCOIS,2919306,36870
BA|PALMEIRAS,2923506,37710
BA|LAJE,2918803,36773
BA|JIQUIRICA,2918209,36650
BA|NOVA ITARANA,2922805,37575
BA|MUTUIPE,2922409,37494
BA|MILAGRES,2921302,37273
BA|BREJOES,2904308,33855
BA|UBAIRA,2932101,39411
BA|AMARGOSA,2901007,33197
BA|SAO MIGUEL DAS MATAS,2929404,38873
BA|IRAMAIA,2914307,35874
BA|APUAREMA,2901957,33405
BA|JITAUNA,2918308,36676
BA|JEQUIE,2918001,36617
BA|SANTA INES,2927903,38598
BA|IRAJUBA,2914208,35858
BA|LAFAIETE COUTINHO,2918704,36757
BA|AIQUARA,2900603,33111
BA|ITAGI,2915106,36030
BA|MARACAS,2920502,37117
BA|PLANALTINO,2924900,37990
BA|ITAQUARA,2916708,36358
BA|JAGUAQUARA,2917607,36536
BA|CRAVOLANDIA,2909505,34894
BA|LAJEDO DO TABOCAL,2919058,36820
BA|ITIRUCU,2916906,36390
BA|MARCIONILIO SOUZA,2920809,37176
BA|DOM BASILIO,2910107,35017
BA|PARAMIRIM,2923605,37737
BA|RIO DO PIRES,2926905,38393
BA|ERICO CARDOSO,2900504,33090
BA|LIVRAMENTO DE NOSSA SENHORA,2919504,36919
BA|CACULE,2905008,33995
BA|CAETITE,2905206,34037
BA|MORTUGABA,2921807,37370
BA|PALMAS DE MONTE ALTO,2923407,37699
BA|MATINA,2921054,37222
BA|MALHADA,2920205,37052
BA|IUIU,2917334,30660
BA|IGAPORA,2913408,35696
BA|GUANAMBI,2911709,35335
BA|SEBASTIAO LARANJEIRAS,2930006,38997
BA|IBIASSUCE,2912004,35394
BA|LICINIO DE ALMEIDA,2919405,36897
BA|JACARACI,2917409,36498
BA|URANDI,2932606,39519
BA|CANDIBA,2906600,34312
BA|LAGOA REAL,2918753,36765
BA|PINDAI,2924504,37915
BA|RIACHO DE SANTANA,2926400,38296
BA|TANHACU,2931004,39195
BA|ITUACU,2917201,36455
BA|PRESIDENTE JANIO QUADROS,2925709,38156
BA|CARAIBAS,2906899,34363
BA|MAETINGA,2919959,39756
BA|CONDEUBA,2908705,34738
BA|PIRIPA,2924702,37958
BA|TREMEDAL,2931806,39357
BA|CORDEIROS,2909000,34797
BA|MALHADA DE PEDRAS,2920304,37079
BA|ARACATU,2902005,33391
BA|BRUMADO,2904605,33910
BA|RIO DO ANTONIO,2926806,38377
BA|GUAJERU,2911659,30953
BA|IBICUI,2912301,35459
BA|BOA NOVA,2903706,33731
BA|ANAGE,2901205,33235
BA|NOVA CANAA,2922706,37559
BA|BOM JESUS DA SERRA,2903953,33782
BA|CAETANOS,2905156,34029
BA|CAATIBA,2904803,33952
BA|VITORIA DA CONQUISTA,2933307,39659
BA|MIRANTE,2921450,37303
BA|POCOES,2925105,38032
BA|CANDIDO SALES,2906709,34339
BA|IGUAI,2913507,35718
BA|BELO CAMPO,2903508,33693
BA|PLANALTO,2925006,38016
BA|BARRA DO CHOCA,2902906,33570
BA|MANOEL VITORINO,2920403,37095
BA|DARIO MEIRA,2910008,34991
BA|ENCRUZILHADA,2910404,35076
BA|RIBEIRAO DO LARGO,2926657,38342
BA|ITAMBE,2915809,36170
BA|ITORORO,2917102,36439
BA|ITAPETINGA,2916401,36293
BA|ITARANTIM,2916807,36374
BA|MAIQUINIQUE,2920007,37010
BA|POTIRAGUA,2925402,38091
BA|MACARANI,2919702,36951
BA|ITUBERA,2917300,36471
BA|CAMAMU,2905800,34150
BA|TAPEROA,2931202,39233
BA|CAIRU,2905404,34070
BA|NILO PECANHA,2922607,37532
BA|IGRAPIUNA,2913457,35700
BA|VALENCA,2932903,39578
BA|PRESIDENTE TANCREDO NEVES,2925758,38164
BA|MARAU,2920700,37150
BA|PIRAI DO NORTE,2924678,37940
BA|SAO JOSE DA VITORIA,2929354,39926
BA|IBICARAI,2912103,35416
BA|URUCUCA,2932705,39535
BA|ALMADINA,2900900,33170
BA|ITACARE,2914901,35998
BA|BARRO PRETO,2903300,33650
BA|BUERAREMA,2904704,33936
BA|ILHEUS,2913606,35734
BA|IBIRAPITANGA,2912707,35556
BA|AURELINO LEAL,2902401,33472
BA|ITAPITANGA,2916609,36331
BA|ITABUNA,2914802,35971
BA|UBAITABA,2932200,39438
BA|ITAJU DO COLONIA,2915403,36099
BA|SANTA CRUZ DA VITORIA,2927804,38571
BA|ITAPE,2916203,36250
BA|FLORESTA AZUL,2911006,35190
BA|FIRMINO ALVES,2910909,35173
BA|ITAJUIPE,2915502,36110
BA|COARACI,2908002,34592
BA|BELMONTE,2903409,33677
BA|ITAPEBI,2916302,36277
BA|JUSSARI,2918555,30694
BA|CAMACAN,2905602,34118
BA|SANTA LUZIA,2928059,39870
BA|UNA,2932507,39497
BA|ARATACA,2902252,30732
BA|CANAVIEIRAS,2906303,34258
BA|PAU BRASIL,2923902,37796
BA|MASCOTE,2920908,37192
BA|TEOLANDIA,2931608,39314
BA|IPIAU,2913903,35793
BA|IBIRATAIA,2912905,35599
BA|ITAMARI,2915700,36153
BA|GONGOGI,2911501,35297
BA|WENCESLAU GUIMARAES,2933505,39691
BA|GANDU,2911204,35238
BA|ITAGIBA,2915205,36056
BA|NOVA IBIA,2922755,39969
BA|BARRA DO ROCHA,2903102,33618
BA|UBATA,2932309,39454
BA|IBIRAPUA,2912806,35572
BA|VEREDA,2933257,39640
BA|ITANHEM,2916005,36218
BA|JUCURUCU,2918456,36706
BA|MUCURI,2922003,37419
BA|LAJEDAO,2918902,36790
BA|ALCOBACA,2900801,33154
BA|MEDEIROS NETO,2921104,37230
BA|NOVA VICOSA,2923001,37613
BA|ITAMARAJU,2915601,36137
BA|PRADO,2925501,38113
BA|CARAVELAS,2906907,34371
BA|TEIXEIRA DE FREITAS,2931350,39934
BA|GUARATINGA,2911808,35351
BA|PORTO SEGURO,2925303,38075
BA|ITABELA,2914653,35947
BA|SANTA CRUZ CABRALIA,2927705,38555
BA|EUNAPOLIS,2910727,30058
BA|ITAGIMIRIM,2915304,36072
MG|ARINOS,3104502,40894
MG|NATALANDIA,3144375,41106
MG|BONFINOPOLIS DE MINAS,3108206,41637
MG|DOM BOSCO,3122470,42048
MG|CABECEIRA GRANDE,3109451,41785
MG|FORMOSO,3126208,45233
MG|BURITIS,3109303,41858
MG|UNAI,3170404,54070
MG|URUANA DE MINAS,3170479,42463
MG|LAGAMAR,3137106,47414
MG|LAGOA GRANDE,3137536,40347
MG|PRESIDENTE OLEGARIO,3153400,50679
MG|JOAO PINHEIRO,3136306,47252
MG|SAO GONCALO DO ABAETE,3161700,52337
MG|PARACATU,3147006,49395
MG|VAZANTE,3171006,54194
MG|BRASILANDIA DE MINAS,3108552,40045
MG|GUARDA MOR,3128600,45713
MG|VARJAO DE MINAS,3170750,42501
MG|MATIAS CARDOSO,3140852,40444
MG|MIRAVANIA,3142254,41068
MG|MANGA,3139300,47856
MG|BONITO DE MINAS,3108255,41742
MG|SAO JOAO DAS MISSOES,3162450,41602
MG|JUVENILIA,3136959,40940
MG|JANUARIA,3135209,47031
MG|CONEGO MARINHO,3117836,41904
MG|ITACARAMBI,3132107,46418
MG|PEDRAS DE MARIA DA CRUZ,3149150,40541
MG|MONTALVANIA,3142700,48534
MG|SAO FRANCISCO,3161106,52213
MG|ICARAI DE MINAS,3130051,40240
MG|PINTOPOLIS,3150570,41386
MG|CHAPADA GAUCHA,3116159,41882
MG|URUCUIA,3170529,40886
MG|PORTEIRINHA,3152204,50431
MG|NOVA PORTEIRINHA,3145059,41165
MG|JANAUBA,3135100,47015
MG|RIACHO DOS MACHADOS,3154507,50890
MG|JAIBA,3135050,40282
MG|SERRANOPOLIS DE MINAS,3166956,42382
MG|PAI PEDRO,3146552,41289
MG|MATO VERDE,3141009,48194
MG|MAMONAS,3139250,40401
MG|CATUTI,3115474,41866
MG|MONTE AZUL,3142908,48577
MG|ESPINOSA,3124302,44857
MG|GAMELEIRAS,3127339,42102
MG|SANTA CRUZ DE SALINAS,3157377,41483
MG|BERIZAL,3106655,41726
MG|NOVORIZONTE,3145372,41181
MG|RUBELITA,3156502,51292
MG|TAIOBEIRAS,3168002,53597
MG|RIO PARDO DE MINAS,3155603,51110
MG|FRUTA DE LEITE,3127073,42080
MG|CURRAL DE DENTRO,3120870,42005
MG|SALINAS,3157005,51390
MG|NINHEIRA,3144656,41122
MG|SAO JOAO DO PARAISO,3162708,52531
MG|VARGEM GRANDE DO RIO PARDO,3170651,42480
MG|INDAIABIRA,3130655,42242
MG|SANTO ANTONIO DO RETIRO,3160454,41521
MG|MONTEZUMA,3143450,40460
MG|DIVISA ALEGRE,3122355,40126
MG|AGUAS VERMELHAS,3101003,40193
MG|JEQUITAI,3135605,47112
MG|LAGOA DOS PATOS,3137304,47457
MG|LASSANCE,3138104,47619
MG|PIRAPORA,3151206,50237
MG|IBIAI,3129608,45918
MG|SANTA FE DE MINAS,3157609,51519
MG|BURITIZEIRO,3109402,41874
MG|VARZEA DA PALMA,3170800,54151
MG|SAO ROMAO,3164209,52833
MG|RIACHINHO,3154457,40606
MG|IBIRACATU,3129657,42200
MG|LUISLANDIA,3138682,41009
MG|PATIS,3147956,41300
MG|CAMPO AZUL,3111150,41807
MG|CORACAO DE JESUS,3118809,43753
MG|CAPITAO ENEAS,3112703,42536
MG|SAO JOAO DA LAGOA,3162252,40703
MG|GLAUCILANDIA,3127354,42129
MG|JAPONVAR,3135357,42269
MG|LONTRA,3138658,40380
MG|MIRABELA,3142007,48399
MG|BRASILIA DE MINAS,3108602,41718
MG|CLARO DOS POCOES,3116506,43290
MG|SAO JOAO DA PONTE,3162401,52477
MG|JURAMENTO,3136801,47350
MG|VARZELANDIA,3170909,54178
MG|SAO JOAO DO PACUI,3162658,40762
MG|FRANCISCO SA,3126703,45330
MG|MONTES CLAROS,3143302,48658
MG|VERDELANDIA,3171030,42528
MG|PONTO CHIQUE,3152131,41408
MG|UBAI,3170008,53996
MG|BOTUMIRIM,3108503,41696
MG|GRAO MOGOL,3127800,45551
MG|CRISTALIA,3120300,44059
MG|ITACAMBIRA,3132008,46396
MG|JOSENOPOLIS,3136579,40924
MG|PADRE CARVALHO,3146255,41262
MG|ENGENHEIRO NAVARRO,3123809,44750
MG|BOCAIUVA,3107307,41459
MG|OLHOS D AGUA,3145455,41203
MG|GUARACIAMA,3128253,42188
MG|FRANCISCO DUMONT,3126604,45314
MG|PRESIDENTE KUBITSCHEK,3153301,50652
MG|FELICIO DOS SANTOS,3125408,45071
MG|SAO GONCALO DO RIO PRETO,3125507,45098
MG|DIAMANTINA,3121605,44318
MG|GOUVEIA,3127602,45519
MG|SENADOR MODESTINO GONCALVES,3165909,53171
MG|DATAS,3121001,44199
MG|COUTO DE MAGALHAES DE MINAS,3120102,44016
MG|CAPELINHA,3112307,42455
MG|ANGELANDIA,3102852,41688
MG|TURMALINA,3169703,53937
MG|LEME DO PRADO,3138351,40967
MG|CHAPADA DO NORTE,3116100,43214
MG|VEREDINHA,3171071,42544
MG|ARICANDUVA,3104452,41700
MG|ITAMARANDIBA,3132503,46493
MG|MINAS NOVAS,3141801,48356
MG|CARBONITA,3113503,42692
MG|BERILO,3106507,41297
MG|JOSE GONCALVES DE MINAS,3136520,42307
MG|JENIPAPO DE MINAS,3135456,42285
MG|FRANCISCO BADARO,3126505,45292
MG|PADRE PARAISO,3146305,49255
MG|CARAI,3113008,42595
MG|NOVO CRUZEIRO,3145307,49050
MG|PONTO DOS VOLANTES,3152170,40584
MG|VIRGEM DA LAPA,3171600,54330
MG|ARACUAI,3103405,40673
MG|ITINGA,3134004,46795
MG|CORONEL MURTA,3119500,43893
MG|ITAOBIM,3133303,46655
MG|MEDINA,3141405,48275
MG|COMERCINHO,3117009,43397
MG|PEDRA AZUL,3148707,49735
MG|CACHOEIRA DE PAJEU,3102704,40533
MG|MONTE FORMOSO,3143153,41084
MG|ALMENARA,3101706,40339
MG|JEQUITINHONHA,3135803,47155
MG|BANDEIRA,3105202,41033
MG|MATA VERDE,3140555,40428
MG|SANTO ANTONIO DO JACINTO,3160306,52051
MG|FELISBURGO,3125606,45110
MG|PALMOPOLIS,3146750,40525
MG|JORDANIA,3136504,47295
MG|SALTO DA DIVISA,3157104,51411
MG|JOAIMA,3136009,47198
MG|RIO DO PRADO,3155108,51012
MG|RUBIM,3156601,51314
MG|SANTA MARIA DO SALTO,3158102,51616
MG|JACINTO,3134707,46930
MG|DIVISOPOLIS,3122454,40142
MG|ITAIPE,3132305,46450
MG|FRANCISCOPOLIS,3126752,40223
MG|MALACACHETA,3139201,47830
MG|POTE,3152402,50474
MG|LADAINHA,3137007,47392
MG|OURO VERDE DE MINAS,3146206,49239
MG|ATALEIA,3104700,40932
MG|SETUBINHA,3165552,42404
MG|NOVO ORIENTE DE MINAS,3145356,40509
MG|TEOFILO OTONI,3168606,53716
MG|PAVAO,3148509,49697
MG|FREI GASPAR,3126802,45357
MG|CATUJI,3115458,40100
MG|NANUQUE,3144300,48852
MG|SERRA DOS AIMORES,3166709,53333
MG|CARLOS CHAGAS,3113701,42730
MG|SANTA HELENA DE MINAS,3157658,41505
MG|FRONTEIRA DOS VALES,3127057,49352
MG|MACHACALIS,3138906,47775
MG|BERTOPOLIS,3106606,41319
MG|AGUAS FORMOSAS,3100906,40177
MG|CRISOLITA,3120151,41963
MG|UMBURATIBA,3170305,54054
MG|CAPINOPOLIS,3112604,42510
MG|SANTA VITORIA,3159803,51950
MG|GURINHATA,3129103,45810
MG|ITUIUTABA,3134202,46833
MG|CACHOEIRA DOURADA,3109808,41955
MG|IPIACU,3131406,46272
MG|CASCALHO RICO,3115003,42994
MG|ARAPORA,3103751,40029
MG|MONTE ALEGRE DE MINAS,3142809,48550
MG|CENTRALINA,3115805,43150
MG|UBERLANDIA,3170206,54038
MG|CANAPOLIS,3111804,42358
MG|PRATA,3152808,50555
MG|TUPACIGUARA,3169604,53910
MG|ARAGUARI,3103504,40690
MG|INDIANOPOLIS,3130705,46132
MG|ESTRELA DO SUL,3124807,44954
MG|DOURADOQUARA,3123502,44695
MG|IRAI DE MINAS,3131604,46310
MG|GRUPIARA,3127909,45578
MG|ABADIA DOS DOURADOS,3100104,40010
MG|ROMARIA,3156403,51276
MG|MONTE CARMELO,3143104,48615
MG|PATROCINIO,3148103,49611
MG|COROMANDEL,3119302,43850
MG|CRUZEIRO DA FORTALEZA,3120706,44130
MG|SERRA DO SALITRE,3166808,53350
MG|SANTA ROSA DA SERRA,3159704,51934
MG|CARMO DO PARANAIBA,3114303,42854
MG|ARAPUA,3103801,40754
MG|LAGOA FORMOSA,3137502,47490
MG|RIO PARANAIBA,3155504,51098
MG|MATUTINA,3141207,48232
MG|TIROS,3168903,53775
MG|PATOS DE MINAS,3148004,49590
MG|SAO GOTARDO,3162104,52418
MG|GUIMARANIA,3128907,45772
MG|PIRAJUBA,3150703,50130
MG|FRUTAL,3127107,45411
MG|COMENDADOR GOMES,3116902,43370
MG|PLANURA,3151602,50318
MG|ITAPAGIPE,3133402,46671
MG|FRONTEIRA,3127008,45390
MG|UNIAO DE MINAS,3170438,42447
MG|LIMEIRA DO OESTE,3138625,40363
MG|SAO FRANCISCO DE SALES,3161304,52256
MG|ITURAMA,3134400,46876
MG|CARNEIRINHO,3114550,40088
MG|CAMPINA VERDE,3111101,42218
MG|VERISSIMO,3171105,54232
MG|DELTA,3121258,42021
MG|CONQUISTA,3118205,43630
MG|CAMPO FLORIDO,3111408,42277
MG|CONCEICAO DAS ALAGOAS,3117306,43451
MG|AGUA COMPRIDA,3100708,40134
MG|UBERABA,3170107,54011
MG|SACRAMENTO,3156908,51373
MG|NOVA PONTE,3145000,48992
MG|SANTA JULIANA,3157708,51535
MG|IBIA,3129509,45896
MG|PRATINHA,3153004,50598
MG|ARAXA,3104007,40797
MG|PERDIZES,3149804,49956
MG|CAMPOS ALTOS,3111507,42293
MG|TAPIRA,3168101,53619
MG|PEDRINOPOLIS,3149200,49832
MG|TRES MARIAS,3169356,41157
MG|POMPEU,3152006,50393
MG|CEDRO DO ABAETE,3115607,43117
MG|PAINEIRAS,3146404,49271
MG|BIQUINHAS,3107000,41394
MG|ABAETE,3100203,40037
MG|MORADA NOVA DE MINAS,3143500,48690
MG|FELIXLANDIA,3125705,45136
MG|AUGUSTO DE LIMA,3104809,40959
MG|MONJOLOS,3142502,48496
MG|CORINTO,3119104,43818
MG|SANTO HIPOLITO,3160603,52116
MG|MORRO DA GARCA,3143609,48712
MG|INIMUTABA,3131109,46213
MG|PRESIDENTE JUSCELINO,3153202,50636
MG|BUENOPOLIS,3109204,41831
MG|CURVELO,3120904,44172
MG|JOAQUIM FELICIO,3136405,47279
MG|LEANDRO FERREIRA,3138302,47651
MG|ARAUJOS,3103900,40770
MG|JAPARAIBA,3135308,47058
MG|LAGOA DA PRATA,3137205,47430
MG|BOM DESPACHO,3107406,41475
MG|QUARTEL GERAL,3153707,50733
MG|SERRA DA SAUDADE,3166600,53317
MG|DORES DO INDAIA,3123205,44636
MG|LUZ,3138807,47759
MG|MOEMA,3142403,48470
MG|MARTINHO CAMPOS,3140506,48097
MG|ESTRELA DO INDAIA,3124708,44938
MG|JABOTICATUBAS,3134608,46914
MG|ARACAI,3103207,40630
MG|MATOZINHOS,3141108,48216
MG|CAPIM BRANCO,3112505,42498
MG|SANTANA DO RIACHO,3159001,51799
MG|CACHOEIRA DA PRATA,3109600,41912
MG|FUNILANDIA,3127206,45438
MG|SETE LAGOAS,3167202,53430
MG|FORTUNA DE MINAS,3126406,45276
MG|JEQUITIBA,3135704,47139
MG|SANTANA DE PIRAPAMA,3158508,51691
MG|BALDIM,3105004,40991
MG|CORDISBURGO,3118908,43770
MG|PARAOPEBA,3147402,49476
MG|INHAUMA,3131000,46191
MG|CAETANOPOLIS,3109907,41971
MG|PRUDENTE DE MORAIS,3153608,50717
MG|PEQUI,3149606,49913
MG|MARAVILHAS,3139706,47937
MG|PAPAGAIOS,3146909,49379
MG|CONCEICAO DO MATO DENTRO,3117504,43494
MG|MORRO DO PILAR,3143708,48739
MG|CONGONHAS DO NORTE,3118106,43613
MG|ITAMBE DO MATO DENTRO,3132800,46558
MG|SANTO ANTONIO DO RIO ABAIXO,3160504,52094
MG|PASSABEM,3147501,49492
MG|SAO SEBASTIAO DO RIO PRETO,3164803,52957
MG|ALVORADA DE MINAS,3102407,40479
MG|SERRA AZUL DE MINAS,3166501,53295
MG|SERRO,3167103,53414
MG|SANTO ANTONIO DO ITAMBE,3160207,52035
MG|DOM JOAQUIM,3122603,44512
MG|RIO VERMELHO,3156007,51195
MG|FLORESTAL,3126000,45195
MG|PITANGUI,3151404,50270
MG|SAO JOSE DA VARGINHA,3163102,52612
MG|ONCA DE PITANGUI,3145802,49158
MG|PARA DE MINAS,3147105,49417
MG|SANTA LUZIA,3157807,51551
MG|RAPOSOS,3153905,50776
MG|LAGOA SANTA,3137601,47511
MG|SAO JOAQUIM DE BICAS,3162922,41629
MG|BELO HORIZONTE,3106200,41238
MG|MARIO CAMPOS,3140159,41025
MG|SARZEDO,3165537,40800
MG|RIBEIRAO DAS NEVES,3154606,50911
MG|NOVA LIMA,3144805,48950
MG|IBIRITE,3129806,45950
MG|CAETE,3110004,41998
MG|ESMERALDAS,3124104,44814
MG|PEDRO LEOPOLDO,3149309,49859
MG|SAO JOSE DA LAPA,3162955,40789
MG|CONTAGEM,3118601,43710
MG|IGARAPE,3130101,46019
MG|VESPASIANO,3171204,54259
MG|JUATUBA,3136652,40320
MG|RIO ACIMA,3154804,50954
MG|BETIM,3106705,41335
MG|CONFINS,3117876,41920
MG|MATEUS LEME,3140704,48135
MG|SABARA,3156700,51330
MG|BRUMADINHO,3109006,41793
MG|NOVA UNIAO,3136603,47317
MG|TAQUARACU DE MINAS,3168309,53651
MG|CATAS ALTAS,3115359,41840
MG|SANTA BARBARA,3157203,51438
MG|BARAO DE COCAIS,3105400,41076
MG|SANTA MARIA DE ITABIRA,3158003,51594
MG|ITABIRA,3131703,46337
MG|FERROS,3125903,45179
MG|BOM JESUS DO AMPARO,3107703,41530
MG|SAO JOSE DO GOIABAL,3163409,52671
MG|DIONISIO,3121803,44350
MG|BELA VISTA DE MINAS,3106002,41190
MG|SAO GONCALO DO RIO ABAIXO,3161908,52370
MG|NOVA ERA,3144706,48933
MG|RIO PIRACICABA,3155702,51136
MG|SAO DOMINGOS DO PRATA,3161007,52191
MG|JOAO MONLEVADE,3136207,47236
MG|ALVINOPOLIS,3102308,40452
MG|MOEDA,3142304,48453
MG|BELO VALE,3106408,41270
MG|JECEABA,3135407,47074
MG|ITATIAIUCU,3133709,46736
MG|RIO MANSO,3155306,51055
MG|ITAGUARA,3132206,46434
MG|CRUCILANDIA,3120607,44113
MG|BONFIM,3108107,41610
MG|PIEDADE DOS GERAIS,3150406,50075
MG|MARIANA,3140001,47996
MG|ITABIRITO,3131901,46370
MG|OURO PRETO,3146107,49212
MG|DIOGO DE VASCONCELOS,3121704,44334
MG|CONGONHAS,3118007,43591
MG|ITAVERAVA,3133907,46779
MG|CASA GRANDE,3114907,42978
MG|SAO BRAS DO SUACUI,3160900,52175
MG|QUELUZITO,3153806,50750
MG|DESTERRO DE ENTRE RIOS,3121407,44270
MG|OURO BRANCO,3145901,49174
MG|CONSELHEIRO LAFAIETE,3118304,43656
MG|CATAS ALTAS DA NORUEGA,3115409,43079
MG|CRISTIANO OTONI,3120409,44075
MG|ENTRE RIOS DE MINAS,3123908,44776
MG|SANTANA DOS MONTES,3159100,51810
MG|CARMESIA,3113800,42757
MG|GONZAGA,3127503,45497
MG|SARDOA,3165503,53090
MG|SANTA EFIGENIA DE MINAS,3157500,51497
MG|PAULISTAS,3148400,49670
MG|VIRGINOPOLIS,3171808,54372
MG|COLUNA,3116803,43354
MG|MATERLANDIA,3140605,48119
MG|SAO JOAO EVANGELISTA,3162807,52558
MG|SENHORA DO PORTO,3166105,53210
MG|GUANHAES,3128006,45594
MG|SABINOPOLIS,3156809,51357
MG|DORES DE GUANHAES,3123106,44610
MG|DIVINOLANDIA DE MINAS,3122207,44431
MG|BRAUNAS,3108800,41750
MG|AGUA BOA,3100609,40118
MG|SAO SEBASTIAO DO MARANHAO,3164506,52892
MG|SAO JOSE DO JACURI,3163508,52698
MG|JOSE RAYDAN,3136553,42323
MG|CANTAGALO,3112059,41823
MG|PECANHA,3148608,49719
MG|SAO PEDRO DO SUACUI,3164100,52817
MG|FREI LAGONEGRO,3126950,42064
MG|SANTA MARIA DO SUACUI,3158201,51632
MG|NOVA MODICA,3144904,48976
MG|PESCADOR,3150000,49999
MG|CAMPANARIO,3110806,42153
MG|SAO JOSE DO DIVINO,3163300,52655
MG|ITAMBACURI,3132701,46531
MG|TUMIRITINGA,3169505,53899
MG|GALILEIA,3127305,45454
MG|SAO GERALDO DA PIEDADE,3161601,52310
MG|SOBRALIA,3167707,53538
MG|ALPERCATA,3101805,40355
MG|JAMPRUCA,3135076,40304
MG|DIVINO DAS LARANJEIRAS,3122108,44415
MG|GOVERNADOR VALADARES,3127701,45535
MG|MATHIAS LOBATO,3171501,54313
MG|CAPITAO ANDRADE,3112653,40061
MG|FREI INOCENCIO,3126901,45373
MG|VIRGOLANDIA,3171907,54399
MG|ENGENHEIRO CALDAS,3123700,44733
MG|COROACI,3119203,43834
MG|MARILAC,3140100,48011
MG|SAO GERALDO DO BAIXIO,3161650,41580
MG|SAO JOSE DA SAFIRA,3163003,52590
MG|ITANHOMI,3133204,46639
MG|NACIP RAYDAN,3144201,48836
MG|FERNANDES TOURINHO,3125804,45152
MG|NOVA BELEM,3144672,41149
MG|MENDES PIMENTEL,3141504,48291
MG|SAO JOAO DO MANTENINHA,3162575,40746
MG|MANTENA,3139607,47910
MG|ITABIRINHA,3131802,46353
MG|CENTRAL DE MINAS,3115706,43133
MG|SAO FELIX DE MINAS,3161056,41564
MG|NAQUE,3144359,40487
MG|MESQUITA,3141702,48330
MG|SANTANA DO PARAISO,3158953,40681
MG|JAGUARACU,3135001,46990
MG|TIMOTEO,3168705,53732
MG|ANTONIO DIAS,3103009,40592
MG|BELO ORIENTE,3106309,41254
MG|PERIQUITO,3149952,40568
MG|ACUCENA,3100500,40096
MG|CORONEL FABRICIANO,3119401,43877
MG|JOANESIA,3136108,47210
MG|IPATINGA,3131307,46256
MG|MARLIERIA,3140308,48054
MG|TARUMIRIM,3168408,53678
MG|IPABA,3131158,40266
MG|IAPU,3129301,45853
MG|SAO JOAO DO ORIENTE,3162609,52515
MG|DOM CAVATI,3122504,44490
MG|BUGRE,3109253,41769
MG|PINGO D AGUA,3150539,41360
MG|INHAPIM,3130903,46175
MG|SANTA BARBARA DO LESTE,3157252,40649
MG|PIEDADE DE CARATINGA,3150158,41343
MG|VARGEM ALEGRE,3170578,40908
MG|BOM JESUS DO GALHO,3107802,41556
MG|SAO DOMINGOS DAS DORES,3160959,41548
MG|ENTRE FOLHAS,3123858,40185
MG|CORREGO NOVO,3120003,43990
MG|CARATINGA,3113404,42676
MG|UBAPORANGA,3170057,40860
MG|SANTA RITA DE MINAS,3159357,40665
MG|SAO SEBASTIAO DO ANTA,3164472,42366
MG|IMBE DE MINAS,3130556,42226
MG|CONSELHEIRO PENA,3118403,43672
MG|GOIABEIRA,3127370,42145
MG|ITUETA,3134103,46817
MG|CUPARAQUE,3120839,41980
MG|SANTA RITA DO ITUETO,3159506,51896
MG|AIMORES,3101102,40215
MG|RESPLENDOR,3154309,50857
MG|ALVARENGA,3102209,40436
MG|MUTUM,3144003,48798
MG|IPANEMA,3131208,46230
MG|POCRANE,3151909,50377
MG|TAPARUBA,3168051,42420
MG|CONCEICAO DE IPANEMA,3117405,43478
MG|DORESOPOLIS,3123403,44679
MG|VARGEM BONITA,3170602,54119
MG|SAO ROQUE DE MINAS,3164308,52850
MG|PIUMHI,3151503,50296
MG|MEDEIROS,3141306,48259
MG|IGUATAMA,3130309,46051
MG|BAMBUI,3105103,41017
MG|TAPIRAI,3168200,53635
MG|CORREGO DANTA,3119807,43958
MG|CLAUDIO,3116605,43311
MG|SAO SEBASTIAO DO OESTE,3164605,52914
MG|ITAUNA,3133808,46752
MG|CONCEICAO DO PARA,3117603,43516
MG|NOVA SERRANA,3145208,49034
MG|SAO GONCALO DO PARA,3161809,52353
MG|DIVINOPOLIS,3122306,44458
MG|SANTO ANTONIO DO MONTE,3160405,52078
MG|PERDIGAO,3149705,49930
MG|CARMO DO CAJURU,3114204,42838
MG|IGARATINGA,3130200,46035
MG|PEDRA DO INDAIA,3148905,49778
MG|CAMACHO,3110400,42072
MG|ITAPECERICA,3133501,46698
MG|PAINS,3146503,49298
MG|FORMIGA,3126109,45217
MG|PIMENTA,3150505,50091
MG|CORREGO FUNDO,3119955,41947
MG|ARCOS,3104205,40835
MG|PERDOES,3149903,49972
MG|CANA VERDE,3111903,42374
MG|CANDEIAS,3112000,42390
MG|CAMPO BELO,3111200,42234
MG|CRISTAIS,3120201,44032
MG|AGUANIL,3100807,40150
MG|SANTANA DO JACARE,3158805,51756
MG|SANTO ANTONIO DO AMPARO,3159902,51977
MG|BOM SUCESSO,3108008,41599
MG|IBITURUNA,3130002,45993
MG|CARMO DA MATA,3114006,42790
MG|SAO FRANCISCO DE PAULA,3161205,52230
MG|PIRACEMA,3150604,50113
MG|OLIVEIRA,3145604,49115
MG|PASSA TEMPO,3147709,49530
MG|CARMOPOLIS DE MINAS,3114501,42897
MG|PASSOS,3147907,49573
MG|PRATAPOLIS,3152907,50571
MG|ITAU DE MINAS,3133758,54453
MG|CASSIA,3115102,43010
MG|CLARAVAL,3116407,43273
MG|BOM JESUS DA PENHA,3107604,41513
MG|SAO JOAO BATISTA DO GLORIA,3162203,52434
MG|SAO JOSE DA BARRA,3162948,41645
MG|FORTALEZA DE MINAS,3126307,45250
MG|IBIRACI,3129707,45934
MG|CAPETINGA,3112406,42471
MG|DELFINOPOLIS,3121209,44237
MG|ALPINOPOLIS,3101904,40371
MG|CAPITOLIO,3112802,42552
MG|GUAXUPE,3128709,45730
MG|SAO PEDRO DA UNIAO,3163904,52779
MG|MUZAMBINHO,3144102,48810
MG|NOVA RESENDE,3145109,49018
MG|GUARANESIA,3128303,45659
MG|ARCEBURGO,3104106,40819
MG|JURUAIA,3136900,47376
MG|MONTE BELO,3143005,48593
MG|CABO VERDE,3109501,41890
MG|SAO TOMAS DE AQUINO,3165107,53015
MG|SAO SEBASTIAO DO PARAISO,3164704,52930
MG|ITAMOGI,3132909,46574
MG|MONTE SANTO DE MINAS,3143203,48631
MG|JACUI,3134806,46957
MG|CARMO DO RIO CLARO,3114402,42870
MG|MACHADO,3139003,47791
MG|FAMA,3125200,45039
MG|ALFENAS,3101607,40312
MG|CARVALHOPOLIS,3114709,42935
MG|AREADO,3104304,40851
MG|SERRANIA,3166907,53376
MG|POCO FUNDO,3151701,50334
MG|ALTEROSA,3102001,40398
MG|DIVISA NOVA,3122405,44474
MG|CONCEICAO DA APARECIDA,3117108,43419
MG|PARAGUACU,3147204,49433
MG|ELOI MENDES,3123601,44717
MG|MONSENHOR PAULO,3142601,48518
MG|VARGINHA,3170701,54135
MG|GUAPE,3128105,45616
MG|CAMPO DO MEIO,3111309,42250
MG|CAMPOS GERAIS,3111606,42315
MG|CARMO DA CACHOEIRA,3113909,42773
MG|SAO THOME DAS LETRAS,3165206,53031
MG|CAMPANHA,3110905,42170
MG|TRES CORACOES,3169307,53856
MG|SAO BENTO ABADE,3160801,52159
MG|BOA ESPERANCA,3107109,41416
MG|COQUEIRAL,3118700,43737
MG|SANTANA DA VARGEM,3158300,51659
MG|TRES PONTAS,3169406,53872
MG|ILICINEA,3130507,46094
MG|JACUTINGA,3134905,46973
MG|OURO FINO,3146008,49190
MG|INCONFIDENTES,3130606,46116
MG|ALBERTINA,3101409,40274
MG|MONTE SIAO,3143401,48674
MG|IBITIURA DE MINAS,3129905,45977
MG|CALDAS,3110301,42056
MG|BANDEIRA DO SUL,3105301,41050
MG|CAMPESTRE,3111002,42196
MG|SANTA RITA DE CALDAS,3159209,51837
MG|POCOS DE CALDAS,3151800,50350
MG|ANDRADAS,3102605,40517
MG|BOTELHOS,3108404,41670
MG|TOLEDO,3169109,53813
MG|CAMBUI,3110608,42110
MG|BORDA DA MATA,3108305,41653
MG|ITAPEVA,3133600,46710
MG|MUNHOZ,3143807,48755
MG|CAMANDUCAIA,3110509,42099
MG|ESTIVA,3124500,44890
MG|SENADOR AMARAL,3165578,40843
MG|TOCOS DO MOJI,3169059,42587
MG|ESPIRITO SANTO DO DOURADO,3124401,44873
MG|IPUIUNA,3131505,46299
MG|EXTREMA,3125101,45012
MG|POUSO ALEGRE,3152501,50490
MG|BUENO BRANDAO,3109105,41815
MG|BOM REPOUSO,3107901,41572
MG|CONGONHAL,3117900,43575
MG|CORREGO DO BOM JESUS,3119906,43974
MG|SENADOR JOSE BENTO,3165800,53155
MG|SAPUCAI MIRIM,3165404,53074
MG|GONCALVES,3127404,45470
MG|CORDISLANDIA,3119005,43796
MG|SAO GONCALO DO SAPUCAI,3162005,52396
MG|SILVIANOPOLIS,3167400,53473
MG|TURVOLANDIA,3169802,53953
MG|CACHOEIRA DE MINAS,3109709,41939
MG|NATERCIA,3144409,48879
MG|CONCEICAO DOS OUROS,3117801,43559
MG|SAO JOAO DA MATA,3162302,52450
MG|CAREACU,3113602,42714
MG|SAO SEBASTIAO DA BELA VISTA,3164407,52876
MG|SANTA RITA DO SAPUCAI,3159605,51918
MG|HELIODORA,3129202,45837
MG|PEDRALVA,3149101,49816
MG|CONCEICAO DAS PEDRAS,3117207,43435
MG|SAO JOSE DO ALEGRE,3163201,52639
MG|CAMBUQUIRA,3110707,42137
MG|JESUANIA,3135902,47171
MG|SAO SEBASTIAO DO RIO VERDE,3164902,52973
MG|POUSO ALTO,3152600,50512
MG|LAMBARI,3137809,47554
MG|SAO LOURENCO,3163706,52736
MG|OLIMPIO NORONHA,3145505,49093
MG|SOLEDADE DE MINAS,3167806,53554
MG|CARMO DE MINAS,3114105,42811
MG|PASSA QUATRO,3147600,49514
MG|CONCEICAO DO RIO VERDE,3117702,43532
MG|ALAGOA,3101300,40258
MG|ITAMONTE,3133006,46590
MG|ITANHANDU,3133105,46612
MG|CAXAMBU,3115508,43095
MG|BAEPENDI,3104908,40975
MG|LIBERDADE,3138500,47694
MG|ANDRELANDIA,3102803,40550
MG|ARANTINA,3103603,40711
MG|BOM JARDIM DE MINAS,3107505,41491
MG|BOCAINA DE MINAS,3107208,41432
MG|PASSA VINTE,3147808,49557
MG|SAO VICENTE DE MINAS,3165305,53058
MG|CARVALHOS,3114808,42951
MG|SERITINGA,3166402,53279
MG|AIURUOCA,3101201,40231
MG|SERRANOS,3167004,53392
MG|MINDURI,3141900,48372
MG|CRUZILIA,3120805,44156
MG|CONSOLACAO,3118502,43699
MG|WENCESLAU BRAZ,3172202,54216
MG|PIRANGUCU,3150901,50172
MG|MARIA DA FE,3139904,47970
MG|PIRANGUINHO,3151008,50199
MG|ITAJUBA,3132404,46477
MG|DELFIM MOREIRA,3121100,44210
MG|MARMELOPOLIS,3140407,48070
MG|PARAISOPOLIS,3147303,49450
MG|BRAZOPOLIS,3108909,41777
MG|VIRGINIA,3171709,54356
MG|CRISTINA,3120508,44091
MG|DOM VICOSO,3122801,44555
MG|CARRANCAS,3114600,42919
MG|LUMINARIAS,3138708,47732
MG|INGAI,3130804,46159
MG|ITUTINGA,3134509,46892
MG|RIBEIRAO VERMELHO,3154705,50938
MG|ITUMIRIM,3134301,46850
MG|LAVRAS,3138203,47635
MG|NEPOMUCENO,3144607,48917
MG|IJACI,3130408,46078
MG|DORES DE CAMPOS,3123007,44598
MG|SANTANA DO GARAMBEU,3158706,51730
MG|CORONEL XAVIER CHAVES,3119708,43931
MG|SANTA CRUZ DE MINAS,3157336,41467
MG|SAO JOAO DEL REI,3162500,52493
MG|RITAPOLIS,3156106,51217
MG|PRADOS,3152709,50539
MG|MADRE DE DEUS DE MINAS,3139102,47813
MG|TIRADENTES,3168804,53759
MG|CONCEICAO DA BARRA DE MINAS,3115201,43036
MG|LAGOA DOURADA,3137403,47473
MG|RESENDE COSTA,3154200,50830
MG|NAZARENO,3144508,48895
MG|SAO TIAGO,3165008,52990
MG|PIEDADE DO RIO GRANDE,3150307,50059
MG|SENHORA DOS REMEDIOS,3166204,53236
MG|ALFREDO VASCONCELOS,3101631,40002
MG|ANTONIO CARLOS,3102902,40576
MG|DESTERRO DO MELO,3121506,44296
MG|SANTA BARBARA DO TUGURIO,3157302,51454
MG|BARBACENA,3105608,41114
MG|IBERTIOGA,3129400,45870
MG|BARROSO,3105905,41173
MG|RESSAQUINHA,3154408,50873
MG|CARANAIBA,3113107,42617
MG|CARANDAI,3113206,42633
MG|CAPELA NOVA,3112208,42439
MG|RAUL SOARES,3154002,50792
MG|VERMELHO NOVO,3171154,42560
MG|PONTE NOVA,3152105,50415
MG|RIO CASCA,3154903,50970
MG|DOM SILVERIO,3122702,44539
MG|SERICITA,3166303,53252
MG|SEM PEIXE,3165560,40827
MG|ORATORIOS,3145851,41220
MG|BARRA LONGA,3105707,41130
MG|ACAIACA,3100401,40070
MG|GUARACIABA,3128204,45632
MG|SAO PEDRO DOS FERROS,3164001,52795
MG|PIEDADE DE PONTE NOVA,3150208,50032
MG|SANTO ANTONIO DO GRAMA,3160108,52019
MG|SANTA CRUZ DO ESCALVADO,3157401,51470
MG|RIO DOCE,3155009,50997
MG|JEQUERI,3135506,47090
MG|URUCANIA,3170503,54097
MG|ALTO JEQUITIBA,3153509,50695
MG|ALTO CAPARAO,3102050,41661
MG|ABRE CAMPO,3100302,40053
MG|DURANDE,3123528,40169
MG|MARTINS SOARES,3140530,41041
MG|LUISBURGO,3138674,40983
MG|CAPARAO,3112109,42412
MG|REDUTO,3154150,41424
MG|MANHUACU,3139409,47872
MG|LAJINHA,3137700,47538
MG|CHALE,3116001,43192
MG|SANTA MARGARIDA,3157906,51578
MG|SIMONESIA,3167608,53511
MG|MATIPO,3140902,48178
MG|SAO JOSE DO MANTIMENTO,3163607,52710
MG|CAPUTIRA,3112901,42579
MG|SANTANA DO MANHUACU,3158904,51772
MG|SAO JOAO DO MANHUACU,3162559,40720
MG|MANHUMIRIM,3139508,47899
MG|PEDRA BONITA,3148756,41327
MG|BRAS PIRES,3108701,41734
MG|AMPARO DO SERRA,3102506,40495
MG|COIMBRA,3116704,43338
MG|ERVALIA,3124005,44792
MG|PORTO FIRME,3152303,50458
MG|PRESIDENTE BERNARDES,3153103,50610
MG|VICOSA,3171303,54275
MG|SAO MIGUEL DO ANTA,3163805,52752
MG|CAJURI,3110202,42030
MG|TEIXEIRAS,3168507,53694
MG|CANAA,3111705,42331
MG|PEDRA DO ANTA,3148806,49751
MG|PAULA CANDIDO,3148301,49654
MG|ARAPONGA,3103702,40738
MG|ALTO RIO DOCE,3102100,40410
MG|CIPOTANEA,3116308,43257
MG|PIRANGA,3150802,50156
MG|RIO ESPERA,3155207,51039
MG|SENHORA DE OLIVEIRA,3166006,53198
MG|LAMIM,3137908,47570
MG|PATROCINIO DO MURIAE,3148202,49638
MG|EUGENOPOLIS,3124906,44970
MG|FERVEDOURO,3125952,40207
MG|ROSARIO DA LIMEIRA,3156452,40622
MG|BARAO DE MONTE ALTO,3105509,41092
MG|ANTONIO PRADO DE MINAS,3103108,40614
MG|MIRAI,3142205,48437
MG|VIEIRAS,3171402,54291
MG|MIRADOURO,3142106,48410
MG|SAO SEBASTIAO DA VARGEM ALEGRE,3164431,42340
MG|MURIAE,3143906,48771
MG|SAO FRANCISCO DO GLORIA,3161403,52272
MG|ORIZANIA,3145877,41246
MG|PEDRA DOURADA,3149002,49794
MG|DIVINO,3122009,44393
MG|ESPERA FELIZ,3124203,44830
MG|FARIA LEMOS,3125309,45055
MG|TOMBOS,3169208,53830
MG|CARANGOLA,3113305,42650
MG|CAIANA,3110103,42013
MG|PIRAUBA,3151305,50253
MG|DORES DO TURVO,3123304,44652
MG|RODEIRO,3156304,51250
MG|GUARANI,3128402,45675
MG|RIO POMBA,3155801,51152
MG|SAO GERALDO,3161502,52299
MG|SENADOR FIRMINO,3165701,53139
MG|UBA,3169901,53970
MG|DIVINESIA,3121902,44377
MG|GUIDOVAL,3128808,45756
MG|GUIRICEMA,3129004,45799
MG|TOCANTINS,3169000,53791
MG|VISCONDE DO RIO BRANCO,3172004,54410
MG|SILVEIRANIA,3167301,53457
MG|TABULEIRO,3167905,53570
MG|MERCES,3141603,48313
MG|ASTOLFO DUTRA,3104601,40916
MG|OLARIA,3145406,49077
MG|PIAU,3150109,50016
MG|PAIVA,3146602,49310
MG|BELMIRO BRAGA,3106101,41211
MG|RIO NOVO,3155405,51071
MG|CHACARA,3115904,43176
MG|CHIADOR,3116209,43230
MG|ARACITABA,3103306,40657
MG|JUIZ DE FORA,3136702,47333
MG|PEDRO TEIXEIRA,3149408,49875
MG|EWBANK DA CAMARA,3125002,44997
MG|GOIANA,3127388,42161
MG|SIMAO PEREIRA,3167509,53490
MG|CORONEL PACHECO,3119609,43915
MG|BIAS FORTES,3106804,41351
MG|SANTA BARBARA DO MONTE VERDE,3157278,41440
MG|SANTA RITA DE JACUTINGA,3159308,51853
MG|MATIAS BARBOSA,3140803,48151
MG|OLIVEIRA FORTES,3145703,49131
MG|RIO PRETO,3155900,51179
MG|LIMA DUARTE,3138609,47716
MG|SANTANA DO DESERTO,3158607,51713
MG|SANTOS DUMONT,3160702,52132
MG|MAR DE ESPANHA,3139805,47953
MG|GUARARA,3128501,45691
MG|MARIPA DE MINAS,3140209,48038
MG|ROCHEDO DE MINAS,3156205,51233
MG|DESCOBERTO,3121308,44253
MG|BICAS,3106903,41378
MG|SAO JOAO NEPOMUCENO,3162906,52574
MG|PEQUERI,3149507,49891
MG|SENADOR CORTES,3165602,53112
MG|SANTA RITA DE IBITIPOCA,3159407,51870
MG|LEOPOLDINA,3138401,47678
MG|RECREIO,3154101,50814
MG|PALMA,3146701,49336
MG|DONA EUSEBIA,3122900,44571
MG|ITAMARATI DE MINAS,3132602,46515
MG|CATAGUASES,3115300,43052
MG|LARANJAL,3138005,47597
MG|SANTANA DE CATAGUASES,3158409,51675
MG|ARGIRITA,3104403,40878
MG|VOLTA GRANDE,3172103,54437
MG|ESTRELA DALVA,3124609,44911
MG|SANTO ANTONIO DO AVENTUREIRO,3160009,51993
MG|PIRAPETINGA,3151107,50210
MG|ALEM PARAIBA,3101508,40290
ES|MANTENOPOLIS,3203304,56650
ES|ECOPORANGA,3202108,56413
ES|BARRA DE SAO FRANCISCO,3200904,56170
ES|AGUA DOCE DO NORTE,3200169,56022
ES|BOA ESPERANCA,3201001,56197
ES|SAO GABRIEL DA PALHA,3204708,56936
ES|AGUIA BRANCA,3200136,57991
ES|VILA VALERIO,3205176,56227
ES|NOVA VENECIA,3203908,56774
ES|VILA PAVAO,3205150,56081
ES|PANCAS,3204005,56790
ES|ALTO RIO NOVO,3200359,56065
ES|COLATINA,3201506,56294
ES|BAIXO GUANDU,3200805,56154
ES|GOVERNADOR LINDENBERG,3202256,56308
ES|MARILANDIA,3203353,57070
ES|SAO DOMINGOS DO NORTE,3204658,56006
ES|PONTO BELO,3204252,56200
ES|PINHEIROS,3204104,56812
ES|MUCURICI,3203601,56715
ES|MONTANHA,3203502,56693
ES|SAO MATEUS,3204906,56979
ES|PEDRO CANARIO,3204054,57150
ES|CONCEICAO DA BARRA,3201605,56316
ES|JAGUARE,3203056,57134
ES|FUNDAO,3202207,56430
ES|LINHARES,3203205,56634
ES|RIO BANANAL,3204351,57118
ES|JOAO NEIVA,3203130,56626
ES|SOORETAMA,3205010,56189
ES|ARACRUZ,3200607,56111
ES|IBIRACU,3202504,56499
ES|AFONSO CLAUDIO,3200102,56014
ES|CONCEICAO DO CASTELO,3201704,56332
ES|LARANJA DA TERRA,3203163,57916
ES|DOMINGOS MARTINS,3201902,56375
ES|MARECHAL FLORIANO,3203346,56103
ES|VENDA NOVA DO IMIGRANTE,3205069,57975
ES|BREJETUBA,3201159,56146
ES|ITARANA,3202900,56570
ES|SANTA TERESA,3204609,56910
ES|SANTA MARIA DE JETIBA,3204559,57932
ES|SANTA LEOPOLDINA,3204500,56898
ES|SAO ROQUE DO CANAA,3204955,56162
ES|ITAGUACU,3202702,56537
ES|VITORIA,3205309,57053
ES|VILA VELHA,3205200,57037
ES|VIANA,3205101,57010
ES|SERRA,3205002,56995
ES|CARIACICA,3201308,56251
ES|ALFREDO CHAVES,3200300,56057
ES|GUARAPARI,3202405,56472
ES|ANCHIETA,3200409,56073
ES|PIUMA,3204203,56839
ES|ICONHA,3202603,56510
ES|RIO NOVO DO SUL,3204401,56871
ES|IUNA,3203007,56596
ES|IRUPI,3202652,56049
ES|ALEGRE,3200201,56030
ES|DORES DO RIO PRETO,3202009,56391
ES|GUACUI,3202306,56456
ES|IBITIRAMA,3202553,56502
ES|IBATIBA,3202454,57096
ES|MUNIZ FREIRE,3203700,56731
ES|DIVINO DE SAO LOURENCO,3201803,56359
ES|MUQUI,3203809,56758
ES|VARGEM ALTA,3205036,57959
ES|JERONIMO MONTEIRO,3203106,56618
ES|ATILIO VIVACQUA,3200706,56138
ES|CASTELO,3201407,56278
ES|CACHOEIRO DE ITAPEMIRIM,3201209,56235
ES|MIMOSO DO SUL,3203403,56677
ES|SAO JOSE DO CALCADO,3204807,56952
ES|BOM JESUS DO NORTE,3201100,56219
ES|APIACA,3200508,56090
ES|PRESIDENTE KENNEDY,3204302,56855
ES|ITAPEMIRIM,3202801,56553
ES|MARATAIZES,3203320,56120
RJ|ITALVA,3302056,59293
RJ|VARRE SAI,3306156,58084
RJ|BOM JESUS DO ITABAPOANA,3300605,58114
RJ|NATIVIDADE,3303104,58610
RJ|ITAPERUNA,3302205,58432
RJ|PORCIUNCULA,3304102,58815
RJ|LAJE DO MURIAE,3302304,58459
RJ|SAO JOSE DE UBA,3305133,58343
RJ|APERIBE,3300159,58181
RJ|CAMBUCI,3300902,58173
RJ|SANTO ANTONIO DE PADUA,3304706,58939
RJ|ITAOCARA,3302106,58416
RJ|MIRACEMA,3303005,58599
RJ|CARDOSO MOREIRA,3301157,58068
RJ|SAO JOAO DA BARRA,3305000,58998
RJ|SAO FRANCISCO DE ITABAPOANA,3304755,58289
RJ|SAO FIDELIS,3304805,58955
RJ|CAMPOS DOS GOYTACAZES,3301009,58190
RJ|CONCEICAO DE MACABU,3301405,58270
RJ|MACAE,3302403,58475
RJ|QUISSAMA,3304151,58009
RJ|CARAPEBUS,3300936,58300
RJ|AREAL,3300225,58220
RJ|TRES RIOS,3306008,59196
RJ|COMENDADOR LEVY GASPARIAN,3300951,58165
RJ|PARAIBA DO SUL,3303708,58734
RJ|SAPUCAIA,3305406,59072
RJ|CORDEIRO,3301504,58297
RJ|CARMO,3301207,58238
RJ|CANTAGALO,3301108,58211
RJ|MACUCO,3302452,58386
RJ|DUAS BARRAS,3301603,58319
RJ|NOVA FRIBURGO,3303401,58670
RJ|SUMIDOURO,3305703,59137
RJ|BOM JARDIM,3300506,58092
RJ|TRAJANO DE MORAES,3305901,59170
RJ|SAO SEBASTIAO DO ALTO,3305307,59056
RJ|SANTA MARIA MADALENA,3304607,58912
RJ|SILVA JARDIM,3305604,59110
RJ|CASIMIRO DE ABREU,3301306,58254
RJ|RIO DAS OSTRAS,3304524,58203
RJ|SAQUAREMA,3305505,59099
RJ|SAO PEDRO DA ALDEIA,3305208,59030
RJ|IGUABA GRANDE,3301876,58262
RJ|ARRAIAL DO CABO,3300258,59277
RJ|ARMACAO DOS BUZIOS,3300233,58408
RJ|ARARUAMA,3300209,58033
RJ|CABO FRIO,3300704,58130
RJ|RIO CLARO,3304409,58874
RJ|VOLTA REDONDA,3306305,59250
RJ|BARRA MANSA,3300407,58076
RJ|PIRAI,3304003,58793
RJ|PINHEIRAL,3303955,58246
RJ|ITATIAIA,3302254,58440
RJ|QUATIS,3304128,58025
RJ|RESENDE,3304201,58831
RJ|PORTO REAL,3304110,58327
RJ|BARRA DO PIRAI,3300308,58050
RJ|RIO DAS FLORES,3304508,58890
RJ|VALENCA,3306107,59218
RJ|PARATY,3303807,58750
RJ|ANGRA DOS REIS,3300100,58017
RJ|PARACAMBI,3303609,58718
RJ|ENGENHEIRO PAULO DE FRONTIN,3301801,58351
RJ|MENDES,3302809,58556
RJ|PATY DO ALFERES,3303856,59315
RJ|MIGUEL PEREIRA,3302908,58572
RJ|VASSOURAS,3306206,59234
RJ|SAO JOSE DO VALE DO RIO PRETO,3305158,59331
RJ|PETROPOLIS,3303906,58777
RJ|TERESOPOLIS,3305802,59153
RJ|RIO BONITO,3304300,58858
RJ|CACHOEIRAS DE MACACU,3300803,58157
RJ|MANGARATIBA,3302601,58513
RJ|ITAGUAI,3302007,58394
RJ|SEROPEDICA,3305554,58424
RJ|NILOPOLIS,3303203,58637
RJ|BELFORD ROXO,3300456,58041
RJ|GUAPIMIRIM,3301850,58106
RJ|SAO JOAO DE MERITI,3305109,59013
RJ|QUEIMADOS,3304144,58122
RJ|NOVA IGUACU,3303500,58696
RJ|NITEROI,3303302,58653
RJ|TANGUA,3305752,58360
RJ|MESQUITA,3302858,58467
RJ|JAPERI,3302270,58149
RJ|DUQUE DE CAXIAS,3301702,58335
RJ|MAGE,3302502,58491
RJ|ITABORAI,3301900,58378
RJ|RIO DE JANEIRO,3304557,60011
RJ|MARICA,3302700,58530
RJ|SAO GONCALO,3304904,58971
SP|PALMEIRA D OESTE,3535200,68055
SP|SANTA SALETE,3547650,62200
SP|MARINOPOLIS,3529104,66834
SP|ASPASIA,3503950,61522
SP|DIRCE REIS,3513850,61123
SP|SANTA ALBERTINA,3545704,70157
SP|URANIA,3555802,72176
SP|VITORIA BRASIL,3556958,62227
SP|APARECIDA D OESTE,3502606,61514
SP|JALES,3524808,65978
SP|MESOPOLIS,3529658,61964
SP|POPULINA,3540408,69094
SP|SAO FRANCISCO,3549003,70815
SP|PARANAPUA,3535903,68195
SP|PONTALINDA,3540259,61808
SP|DOLCINOPOLIS,3514205,63851
SP|SANTANA DA PONTE PENSA,3547205,70459
SP|TRES FRONTEIRAS,3554904,71994
SP|NOVA CANAA PAULISTA,3532843,61425
SP|SANTA RITA D OESTE,3547403,70491
SP|SANTA CLARA D OESTE,3546108,70238
SP|SANTA FE DO SUL,3546603,70335
SP|RUBINEIA,3544509,69914
SP|TURMALINA,3555307,72079
SP|INDIAPORA,3520707,65153
SP|PEDRANOPOLIS,3536901,68390
SP|OUROESTE,3534757,62383
SP|MIRA ESTRELA,3530003,67016
SP|ESTRELA D OESTE,3515202,64050
SP|MACEDONIA,3528205,66656
SP|MERIDIANO,3529609,66931
SP|FERNANDOPOLIS,3515509,64114
SP|SAO JOAO DAS DUAS PONTES,3549201,70858
SP|GUARANI D OESTE,3518008,64610
SP|PARISI,3536257,61824
SP|AMERICO DE CAMPOS,3501806,61352
SP|VOTUPORANGA,3557105,72451
SP|CARDOSO,3510708,63150
SP|COSMORAMA,3512902,63592
SP|VALENTIM GENTIL,3556107,72230
SP|PONTES GESTAL,3540309,69078
SP|ALVARES FLORENCE,3501202,61239
SP|RIOLANDIA,3544202,69850
SP|ZACARIAS,3557154,61921
SP|MIRASSOLANDIA,3530409,67091
SP|CEDRAL,3511300,63274
SP|BALSAMO,3504800,61956
SP|PAULO DE FARIA,3536604,68330
SP|NOVA GRANADA,3533007,67610
SP|NOVA ALIANCA,3532801,67571
SP|POTIRENDABA,3540804,69175
SP|UBARANA,3555356,61468
SP|ONDA VERDE,3534005,67814
SP|ICEM,3519808,64971
SP|IPIGUA,3521150,62243
SP|JACI,3524501,65919
SP|MIRASSOL,3530300,67075
SP|ORINDIUVA,3534203,67857
SP|ADOLFO,3500204,61034
SP|ALTAIR,3500907,61174
SP|JOSE BONIFACIO,3525706,66150
SP|TANABI,3553401,71692
SP|BADY BASSITT,3504602,61913
SP|MENDONCA,3529500,66915
SP|SAO JOSE DO RIO PRETO,3549805,70971
SP|GUAPIACU,3517505,64513
SP|PLANALTO,3539608,68934
SP|IBIRA,3519402,64890
SP|PALESTINA,3535002,68012
SP|UCHOA,3555604,72133
SP|OLIMPIA,3533908,67792
SP|GUARACI,3517901,64599
SP|ARIRANHA,3503703,61735
SP|CATANDUVA,3511102,63231
SP|TABAPUA,3552601,71536
SP|EMBAUBA,3514957,61182
SP|ELISIARIO,3514924,61760
SP|PINDORAMA,3538105,68632
SP|PARAISO,3535705,68152
SP|NOVAIS,3533254,61409
SP|CATIGUA,3511201,63258
SP|SANTA ADELIA,3545605,70130
SP|PALMARES PAULISTA,3535101,68039
SP|SEVERINIA,3551900,71390
SP|CAJOBI,3509304,62871
SP|AURIFLAMA,3504206,61832
SP|MAGDA,3528304,66672
SP|NOVA CASTILHO,3532868,62367
SP|GASTAO VIDIGAL,3516804,64378
SP|GENERAL SALGADO,3516903,64394
SP|GUZOLANDIA,3518909,64793
SP|NOVA LUZITANIA,3533304,67679
SP|FLOREAL,3515905,64190
SP|SAO JOAO DE IRACEMA,3549250,61883
SP|MONCOES,3531001,67210
SP|MACAUBAL,3528106,66630
SP|NIPOA,3532702,67555
SP|MONTE APRAZIVEL,3531407,67296
SP|POLONI,3539905,68993
SP|UNIAO PAULISTA,3555703,72150
SP|NEVES PAULISTA,3532504,67512
SP|SEBASTIANOPOLIS DO SUL,3551306,71277
SP|NHANDEARA,3532603,67539
SP|SALES,3544806,69973
SP|IRAPUA,3521507,65315
SP|NOVO HORIZONTE,3533502,67717
SP|URUPES,3556008,72214
SP|MARAPOAMA,3528858,61867
SP|ITAJOBI,3521903,65390
SP|COLOMBIA,3512100,63436
SP|BARRETOS,3505500,62090
SP|COLINA,3512001,63410
SP|GUAIRA,3517406,64491
SP|JABORANDI,3524204,65854
SP|IPUA,3521309,65277
SP|NUPORANGA,3533601,67733
SP|SALES OLIVEIRA,3544905,69990
SP|ORLANDIA,3534302,67873
SP|MORRO AGUDO,3531902,67393
SP|SAO JOAQUIM DA BARRA,3549409,70890
SP|MIGUELOPOLIS,3529708,66958
SP|ARAMINA,3503000,61590
SP|ITUVERAVA,3524105,65838
SP|GUARA,3517703,64556
SP|IGARAPAVA,3520103,65030
SP|BURITIZAL,3508207,62650
SP|RIBEIRAO CORRENTE,3543105,69639
SP|PEDREGULHO,3537008,68411
SP|CRISTAIS PAULISTA,3513207,63657
SP|RESTINGA,3542701,69558
SP|FRANCA,3516200,64254
SP|SAO JOSE DA BELA VISTA,3549508,70912
SP|ITIRAPUA,3523701,65757
SP|JERIQUARA,3525409,66095
SP|PATROCINIO PAULISTA,3536307,68276
SP|RIFAINA,3543600,69736
SP|FERNANDO PRESTES,3515608,64130
SP|PIRANGI,3539004,68810
SP|VISTA ALEGRE DO ALTO,3556909,72419
SP|JABOTICABAL,3524303,65870
SP|PITANGUEIRAS,3539509,68918
SP|GUARIBA,3518602,64734
SP|SANTA ERNESTINA,3546504,70319
SP|MONTE ALTO,3531308,67270
SP|VIRADOURO,3556800,72397
SP|MONTE AZUL PAULISTA,3531506,67318
SP|BEBEDOURO,3506102,62219
SP|TAIUVA,3553203,71650
SP|TAIACU,3553104,71633
SP|TERRA ROXA,3554409,71897
SP|TAQUARAL,3553658,62260
SP|TAQUARITINGA,3553708,71757
SP|CANDIDO RODRIGUES,3510104,63037
SP|SAO SIMAO,3550902,71196
SP|SERRA AZUL,3551405,71293
SP|RIBEIRAO PRETO,3543402,69698
SP|DUMONT,3514601,63932
SP|CRAVINHOS,3513108,63630
SP|JARDINOPOLIS,3525102,66036
SP|SERRANA,3551504,71315
SP|SANTA ROSA DE VITERBO,3547601,70530
SP|BRODOWSKI,3507803,62570
SP|LUIS ANTONIO,3527603,66532
SP|SERTAOZINHO,3551702,71358
SP|PRADOPOLIS,3540903,69191
SP|PONTAL,3540200,69051
SP|BARRINHA,3505609,62111
SP|GUATAPARA,3518859,61107
SP|SANTA RITA DO PASSA QUATRO,3547502,70513
SP|CAJURU,3509403,62898
SP|SANTO ANTONIO DA ALEGRIA,3547908,70599
SP|ALTINOPOLIS,3501004,61190
SP|BATATAIS,3505906,62170
SP|CASSIA DOS COQUEIROS,3510906,63193
SP|SANTA CRUZ DA ESPERANCA,3546256,62189
SP|MURUTINGA DO SUL,3532108,67431
SP|ITAPURA,3523008,65617
SP|ANDRADINA,3502101,61417
SP|GUARACAI,3517802,64572
SP|CASTILHO,3511003,63215
SP|ILHA SOLTEIRA,3520442,61204
SP|PEREIRA BARRETO,3537404,68497
SP|MIRANDOPOLIS,3530102,67032
SP|SUD MENNUCCI,3552304,71471
SP|NOVA INDEPENDENCIA,3533205,67652
SP|SUZANAPOLIS,3552551,61301
SP|ARACATUBA,3502804,61557
SP|VALPARAISO,3556305,72273
SP|SANTO ANTONIO DO ARACANGUA,3548054,61328
SP|GUARARAPES,3518206,64653
SP|RUBIACEA,3544400,69892
SP|BENTO DE ABREU,3506201,62235
SP|LAVINIA,3526506,66311
SP|AVANHANDAVA,3504404,61875
SP|BREJO ALEGRE,3507753,62081
SP|SANTOPOLIS DO AGUAPEI,3548401,70696
SP|LOURDES,3527256,62022
SP|GABRIEL MONTEIRO,3516507,64319
SP|PIACATU,3537701,68551
SP|BARBOSA,3505104,61999
SP|COROADOS,3512506,63517
SP|BIRIGUI,3506508,62294
SP|PENAPOLIS,3537305,68470
SP|LUIZIANIA,3527702,66559
SP|CLEMENTINA,3511904,63398
SP|BURITAMA,3508108,62634
SP|ALTO ALEGRE,3501103,61212
SP|BILAC,3506409,62278
SP|BRAUNA,3507704,62553
SP|TURIUBA,3555208,72052
SP|GLICERIO,3517109,64432
SP|GUAICARA,3517208,64459
SP|PROMISSAO,3541604,69337
SP|LINS,3527108,66435
SP|SABINO,3544608,69930
SP|CAFELANDIA,3508801,62774
SP|GETULINA,3517000,64416
SP|GUAIMBE,3517307,64475
SP|JULIO MESQUITA,3525805,66176
SP|UBIRAJARA,3555505,72117
SP|AVAI,3504305,61859
SP|AREALVA,3503406,61670
SP|DUARTINA,3514502,63916
SP|BOREBI,3507456,61026
SP|LUCIANOPOLIS,3527504,66516
SP|IACANGA,3519105,64831
SP|REGINOPOLIS,3542503,69515
SP|AGUDOS,3500709,61131
SP|PIRATININGA,3539400,68896
SP|PRESIDENTE ALVES,3541109,69230
SP|LENCOIS PAULISTA,3526803,66370
SP|BAURU,3506003,62197
SP|PAULISTANIA,3536570,62405
SP|BALBINOS,3504701,61930
SP|CABRALIA PAULISTA,3508306,62677
SP|PIRAJUI,3538907,68799
SP|AREIOPOLIS,3503604,61719
SP|PONGAI,3540101,69035
SP|URU,3555901,72192
SP|GUARANTA,3518107,64637
SP|PEDERNEIRAS,3536703,68357
SP|MACATUBA,3528007,66613
SP|BOCAINA,3506805,62359
SP|BARIRI,3505203,62030
SP|DOIS CORREGOS,3514106,63835
SP|ITAJU,3522000,65412
SP|MINEIROS DO TIETE,3529807,66974
SP|BARRA BONITA,3505302,62057
SP|ITAPUI,3522901,65595
SP|BORACEIA,3507308,62456
SP|IGARACU DO TIETE,3520004,65013
SP|JAU,3525300,66079
SP|CERQUEIRA CESAR,3511409,63290
SP|IARAS,3519253,61085
SP|ARANDU,3503109,61611
SP|AVARE,3504503,61891
SP|AGUAS DE SANTA BARBARA,3500550,70190
SP|ITAI,3521804,65374
SP|PARANAPANEMA,3535804,68179
SP|ITATINGA,3523503,65714
SP|ANHEMBI,3502309,61450
SP|BOTUCATU,3507506,62499
SP|PARDINHO,3536109,68233
SP|SAO MANUEL,3550100,71030
SP|BOFETE,3506904,62375
SP|PRATANIA,3541059,62146
SP|CONCHAS,3512308,63479
SP|TRABIJU,3554755,62448
SP|MATAO,3529302,66877
SP|TABATINGA,3552700,71552
SP|BOA ESPERANCA DO SUL,3506706,62332
SP|DOBRADA,3514007,63819
SP|NOVA EUROPA,3532900,67598
SP|MOTUCA,3532058,61069
SP|SANTA LUCIA,3546900,70394
SP|AMERICO BRASILIENSE,3501707,61336
SP|GAVIAO PEIXOTO,3516853,62308
SP|IBITINGA,3519600,64939
SP|ITAPOLIS,3522703,65552
SP|ARARAQUARA,3503208,61638
SP|RINCAO,3543709,69752
SP|BORBOREMA,3507407,62472
SP|RIBEIRAO BONITO,3542909,69590
SP|IBATE,3519303,64874
SP|DESCALVADO,3513702,63754
SP|DOURADO,3514304,63878
SP|SAO CARLOS,3548906,70793
SP|ANALANDIA,3502002,61395
SP|TORRINHA,3554706,71951
SP|BROTAS,3507902,62596
SP|ITIRAPINA,3523602,65730
SP|CORUMBATAI,3512704,63550
SP|IPEUNA,3521101,65234
SP|RIO CLARO,3543907,69795
SP|CORDEIROPOLIS,3512407,63495
SP|IRACEMAPOLIS,3521408,65293
SP|LIMEIRA,3526902,66397
SP|LEME,3526704,66354
SP|SANTA CRUZ DA CONCEICAO,3546207,70254
SP|CONCHAL,3512209,63452
SP|ARARAS,3503307,61654
SP|SANTA GERTRUDES,3546702,70351
SP|TIETE,3554508,71919
SP|JUMIRIM,3525854,62324
SP|CAPIVARI,3510401,63096
SP|CHARQUEADA,3511706,63355
SP|AGUAS DE SAO PEDRO,3500600,61115
SP|SAO PEDRO,3550407,71099
SP|PIRACICABA,3538709,68756
SP|RIO DAS PEDRAS,3544004,69817
SP|SALTINHO,3545159,61441
SP|MOMBUCA,3530904,67199
SP|RAFARD,3542107,69434
SP|SANTA MARIA DA SERRA,3547007,70416
SP|PIRASSUNUNGA,3539301,68870
SP|PORTO FERREIRA,3540705,69159
SP|AGUAI,3500303,61050
SP|SANTA CRUZ DAS PALMEIRAS,3546306,70270
SP|SAO JOAO DA BOA VISTA,3549102,70831
SP|CASA BRANCA,3510807,63177
SP|AGUAS DA PRATA,3500402,61077
SP|ESPIRITO SANTO DO PINHAL,3515186,68659
SP|SANTO ANTONIO DO JARDIM,3548104,70637
SP|VARGEM GRANDE DO SUL,3556404,72311
SP|TAMBAU,3553302,71676
SP|MOCOCA,3530508,67113
SP|SAO JOSE DO RIO PARDO,3549706,70955
SP|TAPIRATIBA,3553609,71730
SP|DIVINOLANDIA,3513900,63797
SP|CACONDE,3508702,62758
SP|SAO SEBASTIAO DA GRAMA,3550803,71170
SP|ITOBI,3523800,65773
SP|ARTUR NOGUEIRA,3503802,61751
SP|SANTO ANTONIO DE POSSE,3548005,70610
SP|ENGENHEIRO COELHO,3515152,61689
SP|ESTIVA GERBI,3557303,61662
SP|MOGI GUACU,3530706,67156
SP|MOGI MIRIM,3530805,67172
SP|ITAPIRA,3522604,65536
SP|INDAIATUBA,3520509,65110
SP|COSMOPOLIS,3512803,63576
SP|JAGUARIUNA,3524709,65951
SP|HOLAMBRA,3519055,61743
SP|VINHEDO,3556701,72370
SP|SANTA BARBARA D OESTE,3545803,70173
SP|CAMPINAS,3509502,62910
SP|PEDREIRA,3537107,68438
SP|VALINHOS,3556206,72257
SP|MONTE MOR,3531803,67377
SP|AMERICANA,3501608,61310
SP|ELIAS FAUSTO,3514908,63991
SP|HORTOLANDIA,3519071,61727
SP|NOVA ODESSA,3533403,67695
SP|PAULINIA,3536505,68314
SP|SUMARE,3552403,71498
SP|SOCORRO,3552106,71439
SP|PEDRA BELA,3536802,68373
SP|PINHALZINHO,3538204,68675
SP|MONTE ALEGRE DO SUL,3531209,67253
SP|AGUAS DE LINDOIA,3500501,61093
SP|AMPARO,3501905,61379
SP|SERRA NEGRA,3551603,71331
SP|LINDOIA,3527009,66419
SP|MONTE CASTELO,3531605,67334
SP|TUPI PAULISTA,3555109,72036
SP|SAO JOAO DO PAU D ALHO,3549300,70874
SP|PAULICEIA,3536406,68292
SP|PANORAMA,3535408,68098
SP|JUNQUEIROPOLIS,3526001,66214
SP|DRACENA,3514403,63894
SP|NOVA GUATAPORANGA,3533106,67636
SP|OURO VERDE,3534807,67970
SP|SANTA MERCEDES,3547106,70432
SP|PARAPUA,3536000,68217
SP|RINOPOLIS,3543808,69779
SP|SALMOURAO,3545100,70033
SP|INUBIA PAULISTA,3520806,65170
SP|SAGRES,3544707,69957
SP|LUCELIA,3527405,66494
SP|PACAEMBU,3534906,67997
SP|PRACINHA,3540853,62120
SP|MARIAPOLIS,3528908,66796
SP|FLORIDA PAULISTA,3516002,64211
SP|ADAMANTINA,3500105,61018
SP|OSVALDO CRUZ,3534609,67938
SP|FLORA RICA,3515806,64173
SP|IRAPURU,3521606,65331
SP|MIRANTE DO PARANAPANEMA,3530201,67059
SP|SANDOVALINA,3545506,70114
SP|PIRAPOZINHO,3539202,68853
SP|RANCHARIA,3542206,69450
SP|NARANDIBA,3532207,67458
SP|PRESIDENTE BERNARDES,3541208,69256
SP|ROSANA,3544251,61166
SP|ANHUMAS,3502408,61476
SP|TACIBA,3552908,71595
SP|CAIABU,3508900,62790
SP|SANTO EXPEDITO,3548302,70670
SP|MARTINOPOLIS,3529203,66850
SP|TARABAI,3553906,71790
SP|RIBEIRAO DOS INDIOS,3543238,62421
SP|EUCLIDES DA CUNHA PAULISTA,3515350,61000
SP|EMILIANOPOLIS,3515129,61387
SP|PRESIDENTE PRUDENTE,3541406,69299
SP|ALFREDO MARCONDES,3500808,61158
SP|ESTRELA DO NORTE,3515301,64076
SP|JOAO RAMALHO,3525607,66133
SP|ALVARES MACHADO,3501301,61255
SP|INDIANA,3520608,65137
SP|REGENTE FEIJO,3542404,69493
SP|TEODORO SAMPAIO,3554300,71870
SP|SANTO ANASTACIO,3547700,70556
SP|PRESIDENTE VENCESLAU,3541505,69310
SP|MARABA PAULISTA,3528700,66753
SP|PRESIDENTE EPITACIO,3541307,69272
SP|CAIUA,3509106,62839
SP|PIQUEROBI,3538303,68691
SP|QUINTANA,3542008,69418
SP|TUPA,3555000,72010
SP|ARCO IRIS,3503356,62065
SP|IACRI,3519204,64858
SP|QUEIROZ,3541802,69370
SP|BASTOS,3505807,62154
SP|HERCULANDIA,3519006,64815
SP|ORIENTE,3534104,67830
SP|FERNAO,3515657,62286
SP|OCAUCU,3533700,67750
SP|LUPERCIO,3527801,66575
SP|OSCAR BRESSANE,3534500,67911
SP|GALIA,3516606,64335
SP|ALVARO DE CARVALHO,3501400,61271
SP|GARCA,3516705,64351
SP|POMPEIA,3540002,69019
SP|ALVINLANDIA,3501509,61298
SP|MARILIA,3529005,66818
SP|ECHAPORA,3514700,63959
SP|VERA CRUZ,3556602,72354
SP|CAMPOS NOVOS PAULISTA,3509809,62979
SP|CANDIDO MOTA,3510005,63010
SP|PARAGUACU PAULISTA,3535507,68110
SP|TARUMA,3553955,61042
SP|FLORINIA,3516101,64238
SP|BORA,3507209,62430
SP|PLATINA,3539707,68950
SP|ASSIS,3504008,61794
SP|CRUZALIA,3513306,63673
SP|MARACAI,3528809,66770
SP|LUTECIA,3527900,66591
SP|PEDRINHAS PAULISTA,3537156,61247
SP|PALMITAL,3535309,68071
SP|IBIRAREMA,3519501,64912
SP|NANTES,3532157,62340
SP|QUATA,3541703,69353
SP|IEPE,3519907,64998
SP|TAGUAI,3553005,71617
SP|MANDURI,3528601,66737
SP|OLEO,3533809,67776
SP|BERNARDINO DE CAMPOS,3506300,62251
SP|SANTA CRUZ DO RIO PARDO,3546405,70297
SP|CHAVANTES,3557204,63371
SP|RIBEIRAO DO SUL,3543204,69655
SP|OURINHOS,3534708,67954
SP|SAO PEDRO DO TURVO,3550506,71110
SP|CANITAR,3510153,61344
SP|IPAUSSU,3520905,65196
SP|SALTO GRANDE,3545407,70092
SP|ESPIRITO SANTO DO TURVO,3515194,61140
SP|SARUTAIA,3551207,71250
SP|TEJUPA,3554201,71854
SP|FARTURA,3515400,64092
SP|PIRAJU,3538808,68772
SP|TIMBURI,3554607,71935
SP|BURI,3508009,62618
SP|RIVERSUL,3543501,69710
SP|BOM SUCESSO DE ITARARE,3507159,61786
SP|ITARARE,3523206,65650
SP|ITAPEVA,3522406,65498
SP|ITAPORANGA,3522802,65579
SP|BARAO DE ANTONINA,3505005,62014
SP|ITABERA,3521705,65358
SP|NOVA CAMPINA,3532827,61980
SP|TAQUARIVAI,3553856,61840
SP|CORONEL MACEDO,3512605,63533
SP|TAQUARITUBA,3553807,71773
SP|ALAMBARI,3500758,61581
SP|CAMPINA DO MONTE ALEGRE,3509452,61506
SP|GUAREI,3518503,64718
SP|ANGATUBA,3502200,61433
SP|ITAPETININGA,3522307,65471
SP|BOITUVA,3507001,62391
SP|CERQUILHO,3511508,63312
SP|TORRE DE PEDRA,3554656,62049
SP|QUADRA,3541653,62162
SP|TATUI,3554003,71811
SP|PORANGABA,3540507,69116
SP|CESARIO LANGE,3511607,63339
SP|PEREIRAS,3537503,68519
SP|LARANJAL PAULISTA,3526407,66290
SP|RIBEIRA,3542800,69574
SP|CAPAO BONITO,3510203,63053
SP|RIBEIRAO BRANCO,3543006,69612
SP|RIBEIRAO GRANDE,3543253,61700
SP|BARRA DO CHAPEU,3505351,61360
SP|APIAI,3502705,61530
SP|ITAPIRAPUA PAULISTA,3522653,61948
SP|GUAPIARA,3517604,64530
SP|ITAOCA,3522158,61603
SP|IPORANGA,3521200,65250
SP|PIEDADE,3537800,68578
SP|TAPIRAI,3553500,71714
SP|IBIUNA,3519709,64955
SP|PILAR DO SUL,3537909,68594
SP|SAO MIGUEL ARCANJO,3550209,71056
SP|CAPELA DO ALTO,3510302,63070
SP|SAO ROQUE,3550605,71137
SP|SARAPUI,3551108,71234
SP|ARACOIABA DA SERRA,3502903,61573
SP|SOROCABA,3552205,71455
SP|MAIRINQUE,3528403,66699
SP|SALTO DE PIRAPORA,3545308,70076
SP|IPERO,3521002,65218
SP|ITU,3523909,65790
SP|VOTORANTIM,3557006,72435
SP|SALTO,3545209,70050
SP|ARACARIGUAMA,3502754,61263
SP|ALUMINIO,3501152,61220
SP|PORTO FELIZ,3540606,69132
SP|CABREUVA,3508405,62693
SP|CAMPO LIMPO PAULISTA,3509601,62936
SP|JUNDIAI,3525904,66192
SP|VARZEA PAULISTA,3556503,72338
SP|ITUPEVA,3524006,65811
SP|LOUVEIRA,3527306,66478
SP|JARINU,3525201,66052
SP|MORUNGABA,3532009,67415
SP|ITATIBA,3523404,65692
SP|BOM JESUS DOS PERDOES,3507100,62413
SP|VARGEM,3556354,61549
SP|JOANOPOLIS,3525508,66117
SP|NAZARE PAULISTA,3532405,67490
SP|TUIUTI,3554953,61620
SP|PIRACAIA,3538600,68730
SP|ATIBAIA,3504107,61816
SP|BRAGANCA PAULISTA,3507605,62510
SP|MONTEIRO LOBATO,3531704,67350
SP|SANTO ANTONIO DO PINHAL,3548203,70653
SP|SAO BENTO DO SAPUCAI,3548609,70734
SP|CAMPOS DO JORDAO,3509700,62952
SP|SAO JOSE DOS CAMPOS,3549904,70998
SP|IGARATA,3520202,65056
SP|JACAREI,3524402,65897
SP|CACAPAVA,3508504,62715
SP|SANTA BRANCA,3546009,70211
SP|TAUBATE,3554102,71838
SP|TREMEMBE,3554805,71978
SP|PINDAMONHANGABA,3538006,68616
SP|APARECIDA,3502507,61492
SP|ROSEIRA,3544301,69876
SP|CANAS,3509957,62103
SP|POTIM,3540754,61565
SP|PIQUETE,3538501,68713
SP|GUARATINGUETA,3518404,64696
SP|LORENA,3527207,66451
SP|CRUZEIRO,3513405,63690
SP|QUELUZ,3541901,69396
SP|CACHOEIRA PAULISTA,3508603,62731
SP|LAVRINHAS,3526605,66338
SP|ARAPEI,3503158,61646
SP|SILVEIRAS,3552007,71412
SP|BANANAL,3504909,61972
SP|SAO JOSE DO BARREIRO,3549607,70939
SP|AREIAS,3503505,61697
SP|JAMBEIRO,3524907,65994
SP|PARAIBUNA,3535606,68136
SP|SAO LUIS DO PARAITINGA,3550001,71013
SP|LAGOINHA,3526308,66273
SP|NATIVIDADE DA SERRA,3532306,67474
SP|REDENCAO DA SERRA,3542305,69477
SP|CUNHA,3513603,63738
SP|ILHABELA,3520400,65099
SP|UBATUBA,3555406,72095
SP|CARAGUATATUBA,3510500,63118
SP|SAO SEBASTIAO,3550704,71153
SP|JUQUIA,3526100,66230
SP|JACUPIRANGA,3524600,65935
SP|MIRACATU,3529906,66990
SP|CAJATI,3509254,61484
SP|SETE BARRAS,3551801,71374
SP|ILHA COMPRIDA,3520426,62006
SP|ELDORADO,3514809,63975
SP|REGISTRO,3542602,69531
SP|PARIQUERA ACU,3536208,68250
SP|BARRA DO TURVO,3505401,62073
SP|IGUAPE,3520301,65072
SP|CANANEIA,3509908,62995
SP|ITARIRI,3523305,65676
SP|PEDRO DE TOLEDO,3537206,68454
SP|ITANHAEM,3522109,65439
SP|PERUIBE,3537602,68535
SP|MONGAGUA,3531100,67237
SP|ITAPEVI,3522505,65510
SP|CAJAMAR,3509205,62855
SP|CARAPICUIBA,3510609,63134
SP|PIRAPORA DO BOM JESUS,3539103,68837
SP|SANTANA DE PARNAIBA,3547304,70475
SP|BARUERI,3505708,62138
SP|JANDIRA,3525003,66010
SP|OSASCO,3534401,67890
SP|MAIRIPORA,3528502,66710
SP|FRANCISCO MORATO,3516309,64270
SP|FRANCO DA ROCHA,3516408,64297
SP|CAIEIRAS,3509007,62812
SP|GUARULHOS,3518800,64777
SP|SANTA ISABEL,3546801,70378
SP|ARUJA,3503901,61778
SP|TABOAO DA SERRA,3552809,71579
SP|JUQUITIBA,3526209,66257
SP|VARGEM GRANDE PAULISTA,3556453,72737
SP|SAO LOURENCO DA SERRA,3549953,61905
SP|COTIA,3513009,63614
SP|EMBU GUACU,3515103,64033
SP|ITAPECERICA DA SERRA,3522208,65455
SP|EMBU DAS ARTES,3515004,64017
SP|SAO PAULO,3550308,71072
SP|DIADEMA,3513801,63770
SP|RIO GRANDE DA SERRA,3544103,69833
SP|SAO CAETANO DO SUL,3548807,70777
SP|SANTO ANDRE,3547809,70572
SP|SAO BERNARDO DO CAMPO,3548708,70750
SP|RIBEIRAO PIRES,3543303,69671
SP|MAUA,3529401,66893
SP|GUARAREMA,3518305,64670
SP|BIRITIBA MIRIM,3506607,62316
SP|ITAQUAQUECETUBA,3523107,65633
SP|SALESOPOLIS,3545001,70017
SP|MOGI DAS CRUZES,3530607,67130
SP|SUZANO,3552502,71510
SP|FERRAZ DE VASCONCELOS,3515707,64157
SP|POA,3539806,68977
SP|SAO VICENTE,3551009,71218
SP|PRAIA GRANDE,3541000,69213
SP|GUARUJA,3518701,64750
SP|BERTIOGA,3506359,61280
SP|SANTOS,3548500,70718
SP|CUBATAO,3513504,63711
PR|AMAPORA,4100905,74152
PR|NOVA ALIANCA DO IVAI,4116505,77151
PR|SANTO ANTONIO DO CAIUA,4124202,78611
PR|SAO CARLOS DO IVAI,4124608,78670
PR|PARANAVAI,4118402,77496
PR|GUAIRACA,4108908,75736
PR|NOVA LONDRINA,4117107,77259
PR|TERRA RICA,4127304,79197
PR|PARAISO DO NORTE,4118006,77410
PR|SAO JOAO DO CAIUA,4124905,78735
PR|ITAUNA DO SUL,4111308,76198
PR|TAMBOARA,4126702,79090
PR|DIAMANTE DO NORTE,4107108,75396
PR|MIRADOR,4115903,77038
PR|ALTO PARANA,4100608,74098
PR|PLANALTINA DO PARANA,4119707,77739
PR|MARILENA,4115002,79758
PR|CRUZEIRO DO SUL,4106704,75310
PR|JARDIM OLINDA,4112603,76457
PR|PARANACITY,4118105,77437
PR|INAJA,4110300,76015
PR|PARANAPOEMA,4118303,77470
PR|SANTA ISABEL DO IVAI,4123709,78492
PR|PORTO RICO,4120200,77836
PR|SAO PEDRO DO PARANA,4125902,78930
PR|QUERENCIA DO NORTE,4121000,77976
PR|SANTA CRUZ DE MONTE CASTELO,4123303,78433
PR|LOANDA,4113502,76635
PR|SANTA MONICA,4123956,74829
PR|ALTO PIQUIRI,4100707,74110
PR|CRUZEIRO DO OESTE,4106605,75299
PR|UMUARAMA,4128104,79359
PR|ICARAIMA,4109906,75930
PR|TAPIRA,4126900,79731
PR|SAO JORGE DO PATROCINIO,4125357,79995
PR|CAFEZAL DO SUL,4103479,74209
PR|MARIA HELENA,4114708,76856
PR|IVATE,4111555,74462
PR|ALTO PARAISO,4128625,74926
PR|XAMBRE,4128807,79499
PR|ALTONIA,4100509,79510
PR|BRASILANDIA DO SUL,4103370,74187
PR|IPORA,4110607,76058
PR|PEROBAL,4118857,75507
PR|ESPERANCA NOVA,4107520,75302
PR|NOVA OLIMPIA,4117206,79677
PR|FRANCISCO ALVES,4108320,79774
PR|PEROLA,4118907,79693
PR|MARILUZ,4115101,76899
PR|DOURADINA,4107256,84654
PR|CIDADE GAUCHA,4105607,75078
PR|TAPEJARA,4126801,79111
PR|JUSSARA,4113007,76538
PR|CIANORTE,4105508,75051
PR|JAPURA,4112405,76414
PR|SAO TOME,4126108,78972
PR|TUNEIRAS DO OESTE,4127908,79316
PR|SAO MANOEL DO PARANA,4125555,74845
PR|GUAPOREMA,4109104,75779
PR|RONDON,4122602,78298
PR|INDIANOPOLIS,4110409,79618
PR|JURANDA,4112959,84638
PR|NOVA CANTU,4116802,77194
PR|JANIOPOLIS,4112207,76376
PR|RANCHO ALEGRE D OESTE,4121356,74721
PR|CAMPINA DA LAGOA,4103909,74756
PR|BOA ESPERANCA,4103008,74578
PR|GOIOERE,4108601,75698
PR|QUARTO CENTENARIO,4120655,75582
PR|UBIRATA,4128005,79332
PR|ALTAMIRA DO PARANA,4100459,84557
PR|MOREIRA SALES,4116109,77070
PR|IRETAMA,4110805,76090
PR|FENIX,4107702,75515
PR|QUINTA DO SOL,4121109,77992
PR|RONCADOR,4122503,78271
PR|LUIZIANA,4113734,75809
PR|ENGENHEIRO BELTRAO,4107504,75477
PR|PEABIRU,4118808,77577
PR|BARBOSA FERRAZ,4102505,74470
PR|MAMBORE,4114005,76732
PR|CAMPO MOURAO,4104303,74837
PR|ARARUNA,4101705,74314
PR|CORUMBATAI DO SUL,4106555,75280
PR|FAROL,4107553,74306
PR|TERRA BOA,4127205,79170
PR|FLORIDA,4108106,75590
PR|ATALAIA,4102208,74411
PR|PRESIDENTE CASTELO BRANCO,4120408,77879
PR|IGUARACU,4110003,75957
PR|UNIFLOR,4128302,79391
PR|MANDAGUACU,4114104,76759
PR|MUNHOZ DE MELO,4116307,77119
PR|ANGULO,4101150,74128
PR|ASTORGA,4102109,74390
PR|SANTA FE,4123402,78450
PR|NOVA ESPERANCA,4116901,77216
PR|SANTA INES,4123600,78476
PR|NOSSA SENHORA DAS GRACAS,4116406,77135
PR|COLORADO,4105904,75159
PR|SANTO INACIO,4124509,78654
PR|LOBATO,4113601,76651
PR|ITAGUAJE,4110904,76112
PR|GUARACI,4109203,75795
PR|JAGUAPITA,4111902,76317
PR|CAFEARA,4103404,74659
PR|LUPIONOPOLIS,4113809,76694
PR|CENTENARIO DO SUL,4105102,74993
PR|ALVORADA DO SUL,4100806,74136
PR|BELA VISTA DO PARAISO,4102802,74535
PR|FLORESTOPOLIS,4108007,75574
PR|PRIMEIRO DE MAIO,4120507,77895
PR|SERTANOPOLIS,4126504,79057
PR|MIRASELVA,4116000,77054
PR|PORECATU,4120002,77798
PR|PRADO FERREIRA,4120333,75566
PR|OURIZONA,4117404,77291
PR|SAO JORGE DO IVAI,4125308,78794
PR|ITAMBE,4111100,76155
PR|DOUTOR CAMARGO,4107306,75434
PR|IVATUBA,4111605,76252
PR|FLORESTA,4107900,75558
PR|FLORAI,4107801,75531
PR|MANDAGUARI,4114203,76775
PR|PAICANDU,4117503,77313
PR|SARANDI,4126256,84611
PR|MARIALVA,4114807,76872
PR|MARINGA,4115200,76910
PR|ARAPONGAS,4101507,74276
PR|SABAUDIA,4122701,78310
PR|MAUA DA SERRA,4115754,74543
PR|CALIFORNIA,4103503,74675
PR|APUCARANA,4101408,74250
PR|JANDAIA DO SUL,4112108,76350
PR|MARILANDIA DO SUL,4114906,74330
PR|CAMBIRA,4103800,74730
PR|NOVO ITACOLOMI,4117297,74420
PR|CAMBE,4103701,74713
PR|TAMARANA,4126678,75663
PR|ROLANDIA,4122404,78255
PR|IBIPORA,4109807,75914
PR|PITANGUEIRAS,4119657,74667
PR|LONDRINA,4113700,76678
PR|MARUMBI,4115507,76970
PR|BOM SUCESSO,4103206,74616
PR|KALORE,4113106,76554
PR|BORRAZOPOLIS,4103305,74632
PR|RIO BOM,4122107,78190
PR|FAXINAL,4107603,75493
PR|CRUZMALTINA,4106852,75264
PR|NOVA TEBAS,4117271,75760
PR|SAO PEDRO DO IVAI,4125803,78913
PR|MANOEL RIBAS,4114500,76813
PR|SAO JOAO DO IVAI,4125001,78751
PR|IVAIPORA,4111506,76236
PR|GODOY MOREIRA,4108551,74004
PR|ROSARIO DO IVAI,4122651,75744
PR|ARIRANHA DO IVAI,4101853,75086
PR|LIDIANOPOLIS,4113429,74489
PR|JARDIM ALEGRE,4112504,76430
PR|GRANDES RIOS,4108700,79596
PR|CANDIDO DE ABREU,4104402,74853
PR|LUNARDELLI,4113759,84590
PR|RIO BRANCO DO IVAI,4122172,75620
PR|ARAPUA,4101655,75108
PR|ASSAI,4101903,74373
PR|JATAIZINHO,4112702,76473
PR|RANCHO ALEGRE,4121307,78034
PR|NOVA SANTA BARBARA,4117214,74608
PR|URAI,4128401,79413
PR|SAO SEBASTIAO DA AMOREIRA,4126009,78956
PR|SAO JERONIMO DA SERRA,4124707,78697
PR|SANTA CECILIA DO PAVAO,4123204,78417
PR|ANDIRA,4101101,74195
PR|ABATIA,4100103,74012
PR|RIBEIRAO DO PINHAL,4121901,78158
PR|SANTO ANTONIO DO PARAISO,4124301,78638
PR|NOVA AMERICA DA COLINA,4116604,77178
PR|CORNELIO PROCOPIO,4106407,75256
PR|SERTANEJA,4126405,79030
PR|BANDEIRANTES,4102406,74454
PR|ITAMBARACA,4111001,76139
PR|SANTA MARIANA,4123907,78530
PR|NOVA FATIMA,4117008,77232
PR|LEOPOLIS,4113403,76619
PR|CONGONHINHAS,4106001,75175
PR|SANTA AMELIA,4123105,78395
PR|RIBEIRAO CLARO,4121802,78131
PR|BARRA DO JACARE,4102703,74519
PR|CAMBARA,4103602,74691
PR|SANTO ANTONIO DA PLATINA,4124103,78590
PR|JACAREZINHO,4111803,76295
PR|JUNDIAI DO SUL,4112900,76511
PR|SAPOPEMA,4126207,78999
PR|CONSELHEIRO MAIRINCK,4106100,75191
PR|JAPIRA,4112306,76392
PR|PINHALAO,4119202,77631
PR|JABOTI,4111704,76279
PR|IBAITI,4109708,75892
PR|FIGUEIRA,4107751,84573
PR|CURIUVA,4107009,75370
PR|CARLOPOLIS,4104709,74918
PR|WENCESLAU BRAZ,4128500,79430
PR|JOAQUIM TAVORA,4112801,76490
PR|QUATIGUA,4120705,77933
PR|SAO JOSE DA BOA VISTA,4125407,78832
PR|SIQUEIRA CAMPOS,4126603,79073
PR|GUAPIRAMA,4109005,75752
PR|SANTANA DO ITARARE,4124004,78557
PR|SALTO DO ITARARE,4122909,78352
PR|TOMAZINA,4127809,79294
PR|VENTANIA,4128534,74900
PR|RESERVA,4121703,78115
PR|IMBAU,4110078,75442
PR|TELEMACO BORBA,4127106,79154
PR|ORTIGUEIRA,4117305,77275
PR|TIBAGI,4127502,79235
PR|SENGES,4126306,79014
PR|JAGUARIAIVA,4112009,76333
PR|PIRAI DO SUL,4119400,77674
PR|ARAPOTI,4101606,74292
PR|PALMEIRA,4117701,77356
PR|PONTA GROSSA,4119905,77771
PR|CARAMBEI,4104659,75221
PR|CASTRO,4104907,74950
PR|DIAMANTE D OESTE,4107157,75400
PR|TUPASSI,4127957,79936
PR|JESUITAS,4112751,79979
PR|PALOTINA,4117909,77399
PR|MARIPA,4115358,74500
PR|TERRA ROXA,4127403,79219
PR|SANTA HELENA,4123501,79715
PR|SAO JOSE DAS PALMEIRAS,4125456,84719
PR|GUAIRA,4108809,75710
PR|FORMOSA DO OESTE,4108205,75612
PR|OURO VERDE DO OESTE,4117453,74063
PR|ASSIS CHATEAUBRIAND,4102000,79537
PR|IRACEMA DO OESTE,4110656,74403
PR|TOLEDO,4127700,79278
PR|SAO PEDRO DO IGUACU,4125753,74861
PR|ENTRE RIOS DO OESTE,4107538,74284
PR|NOVA SANTA ROSA,4117222,79790
PR|MERCEDES,4115853,74560
PR|QUATRO PONTES,4120853,74683
PR|PATO BRAGADO,4118451,74624
PR|MARECHAL CANDIDO RONDON,4114609,76830
PR|BOA VISTA DA APARECIDA,4103057,79812
PR|CAPITAO LEONIDAS MARQUES,4104600,74896
PR|CORBELIA,4106308,75230
PR|IGUATU,4110052,74381
PR|BRAGANEY,4103354,79839
PR|TRES BARRAS DO PARANA,4127858,79871
PR|SANTA LUCIA,4123824,74764
PR|IBEMA,4109757,74020
PR|CATANDUVAS,4105003,74977
PR|NOVA AURORA,4116703,79650
PR|LINDOESTE,4113452,74047
PR|ANAHY,4101051,74101
PR|CAFELANDIA,4103453,79855
PR|CAMPO BONITO,4104055,74780
PR|SANTA TEREZA DO OESTE,4124020,74080
PR|GUARANIACU,4109302,75817
PR|DIAMANTE DO SUL,4107124,74268
PR|CASCAVEL,4104808,74934
PR|CEU AZUL,4105300,79570
PR|MATELANDIA,4115606,76996
PR|VERA CRUZ DO OESTE,4128559,79898
PR|RAMILANDIA,4121257,74705
PR|SAO MIGUEL DO IGUACU,4125704,78891
PR|ITAIPULANDIA,4110953,75000
PR|SANTA TEREZINHA DE ITAIPU,4124053,84670
PR|SERRANOPOLIS DO IGUACU,4126355,75647
PR|FOZ DO IGUACU,4108304,75639
PR|MEDIANEIRA,4115804,77011
PR|MISSAL,4116059,84697
PR|BELA VISTA DA CAROBA,4102752,75124
PR|CAPANEMA,4104501,74870
PR|PLANALTO,4119806,77755
PR|PRANCHITA,4120358,79910
PR|SANTA IZABEL DO OESTE,4123808,78514
PR|REALEZA,4121406,78050
PR|PEROLA D OESTE,4119004,77593
PR|AMPERE,4101002,74179
PR|MARMELEIRO,4115408,76953
PR|ENEAS MARQUES,4107405,75450
PR|MANFRINOPOLIS,4114351,75469
PR|SALGADO FILHO,4122800,78336
PR|VERE,4128609,79456
PR|SANTO ANTONIO DO SUDOESTE,4124400,78573
PR|RENASCENCA,4121604,78093
PR|BARRACAO,4102604,74497
PR|NOVA ESPERANCA DO SUDOESTE,4116950,75027
PR|FRANCISCO BELTRAO,4108403,75655
PR|BOM JESUS DO SUL,4103156,75167
PR|FLOR DA SERRA DO SUL,4107850,74349
PR|PINHAL DE SAO BENTO,4119251,74640
PR|SALTO DO LONTRA,4123006,78379
PR|BOA ESPERANCA DO IGUACU,4103024,74144
PR|SAO JORGE D OESTE,4125209,78816
PR|NOVA PRATA DO IGUACU,4117255,79952
PR|CRUZEIRO DO IGUACU,4106571,74241
PR|DOIS VIZINHOS,4107207,75418
PR|CORONEL VIVIDA,4106506,75272
PR|SULINA,4126652,75787
PR|BOM SUCESSO DO SUL,4103222,74160
PR|VITORINO,4128708,79472
PR|MARIOPOLIS,4115309,76937
PR|PATO BRANCO,4118501,77518
PR|ITAPEJARA D OESTE,4111209,76171
PR|SAUDADE DO IGUACU,4126272,75060
PR|SAO JOAO,4124806,78719
PR|CHOPINZINHO,4105409,75035
PR|LARANJAL,4113254,74985
PR|BOA VENTURA DE SAO ROQUE,4103040,75140
PR|PALMITAL,4117800,77372
PR|PITANGA,4119608,77712
PR|SANTA MARIA DO OESTE,4123857,74802
PR|MATO RICO,4115739,74527
PR|GUARAPUAVA,4109401,75833
PR|CANDOI,4104428,74225
PR|FOZ DO JORDAO,4108452,75361
PR|TURVO,4127965,84530
PR|PINHAO,4119301,77658
PR|INACIO MARTINS,4110201,75990
PR|CAMPINA DO SIMAO,4103958,75183
PR|RESERVA DO IGUACU,4121752,75604
PR|GOIOXIM,4108650,75388
PR|CANTAGALO,4104451,84514
PR|VIRMOND,4128658,74969
PR|NOVA LARANJEIRAS,4117057,74586
PR|MARQUINHO,4115457,75485
PR|PORTO BARREIRO,4120150,75540
PR|LARANJEIRAS DO SUL,4113304,76597
PR|ESPIGAO ALTO DO IGUACU,4107546,75329
PR|RIO BONITO DO IGUACU,4122156,74748
PR|QUEDAS DO IGUACU,4120903,79553
PR|HONORIO SERPA,4109658,74365
PR|PALMAS,4117602,77330
PR|CORONEL DOMINGOS SOARES,4106456,75248
PR|CLEVELANDIA,4105706,75094
PR|MANGUEIRINHA,4114401,75116
PR|PRUDENTOPOLIS,4120606,77917
PR|GUAMIRANGA,4108957,75426
PR|IVAI,4111407,76210
PR|IPIRANGA,4110508,76031
PR|TEIXEIRA SOARES,4127007,79138
PR|FERNANDES PINHEIRO,4107736,75345
PR|IMBITUVA,4110102,75973
PR|RIO AZUL,4122008,78174
PR|MALLET,4113908,76716
PR|REBOUCAS,4121505,78077
PR|IRATI,4110706,76074
PR|CRUZ MACHADO,4106803,75337
PR|BITURUNA,4102901,74551
PR|PAULO FRONTIN,4118709,77550
PR|PORTO VITORIA,4120309,77852
PR|PAULA FREITAS,4118600,77534
PR|UNIAO DA VITORIA,4128203,79375
PR|GENERAL CARNEIRO,4108502,75671
PR|SAO MATEUS DO SUL,4125605,78875
PR|ANTONIO OLINTO,4101309,74233
PR|SAO JOAO DO TRIUNFO,4125100,78778
PR|CERRO AZUL,4105201,75019
PR|ADRIANOPOLIS,4100202,74039
PR|DOUTOR ULYSSES,4128633,74942
PR|LAPA,4113205,76570
PR|PORTO AMAZONAS,4120101,77810
PR|FAZENDA RIO GRANDE,4107652,74322
PR|CAMPO MAGRO,4104253,75205
PR|CAMPINA GRANDE DO SUL,4104006,74772
PR|QUATRO BARRAS,4120804,77950
PR|CONTENDA,4106209,75213
PR|COLOMBO,4105805,75132
PR|BALSA NOVA,4102307,74438
PR|PIRAQUARA,4119509,77690
PR|ITAPERUCU,4111258,74446
PR|BOCAIUVA DO SUL,4103107,74594
PR|ALMIRANTE TAMANDARE,4100400,74071
PR|ARAUCARIA,4101804,74357
PR|TUNAS DO PARANA,4127882,74888
PR|CURITIBA,4106902,75353
PR|MANDIRITUBA,4114302,76791
PR|PINHAIS,4119152,75043
PR|RIO BRANCO DO SUL,4122206,78212
PR|CAMPO LARGO,4104204,74810
PR|SAO JOSE DOS PINHAIS,4125506,78859
PR|GUARAQUECABA,4109500,75850
PR|PARANAGUA,4118204,77453
PR|ANTONINA,4101200,74217
PR|GUARATUBA,4109609,75876
PR|MORRETES,4116208,77097
PR|MATINHOS,4115705,79634
PR|PONTAL DO PARANA,4119954,75523
PR|QUITANDINHA,4121208,78018
PR|RIO NEGRO,4122305,78239
PR|AGUDOS DO SUL,4100301,74055
PR|CAMPO DO TENENTE,4104105,74799
PR|PIEN,4119103,77615
PR|TIJUCAS DO SUL,4127601,79251
SC|RIQUEZA,4215075,80560
SC|MONDAI,4211009,82155
SC|PARAISO,4212239,80705
SC|GUARUJA DO SUL,4206603,81299
SC|SAO MIGUEL DO OESTE,4217204,83399
SC|DIONISIO CERQUEIRA,4205001,80977
SC|PALMA SOLA,4212007,82350
SC|SANTA HELENA,4215554,80721
SC|GUARACIABA,4206405,81256
SC|SAO JOSE DO CEDRO,4216701,83291
SC|SAO JOAO DO OESTE,4216255,80640
SC|ITAPIRANGA,4208401,81655
SC|IPORA DO OESTE,4207650,80020
SC|PRINCESA,4214151,81647
SC|ROMELANDIA,4215208,82996
SC|ANCHIETA,4200804,80152
SC|TUNAPOLIS,4218756,83682
SC|BANDEIRANTE,4202081,81582
SC|BELMONTE,4202156,80748
SC|BARRA BONITA,4202099,81760
SC|DESCANSO,4204905,80950
SC|CAXAMBU DO SUL,4204103,80799
SC|FORMOSA DO SUL,4205431,80888
SC|QUILOMBO,4214201,82791
SC|PLANALTO ALEGRE,4213153,80543
SC|CORONEL FREITAS,4204400,80853
SC|MODELO,4210902,82139
SC|PALMITOS,4212106,82376
SC|CORDILHEIRA ALTA,4204350,81043
SC|SANTIAGO DO SUL,4215695,81205
SC|AGUAS FRIAS,4200556,80500
SC|JARDINOPOLIS,4208955,81140
SC|UNIAO DO OESTE,4218855,80144
SC|CAIBI,4203105,80594
SC|GUATAMBU,4206652,80527
SC|SAUDADES,4217303,83410
SC|NOVA ITABERABA,4211454,80322
SC|SUL BRASIL,4217758,80446
SC|CHAPECO,4204202,80810
SC|NOVA ERECHIM,4211405,82236
SC|PINHALZINHO,4212908,82538
SC|SERRA ALTA,4217550,80284
SC|AGUAS DE CHAPECO,4200507,80098
SC|CUNHATAI,4204756,81620
SC|SAO CARLOS,4216008,83151
SC|IRATI,4207858,80861
SC|FLOR DO SERTAO,4205357,81604
SC|SALTINHO,4215356,81523
SC|SAO MIGUEL DA BOA VISTA,4217154,80780
SC|TIGRINHOS,4217956,81680
SC|BOM JESUS DO OESTE,4202578,81469
SC|SANTA TEREZINHA DO PROGRESSO,4215687,81507
SC|CUNHA PORA,4204707,80918
SC|MARAVILHA,4210506,82058
SC|IRACEMINHA,4207759,80187
SC|SAO LOURENCO DO OESTE,4216909,83330
SC|CAMPO ERE,4203501,80675
SC|SAO BERNARDINO,4215752,81485
SC|NOVO HORIZONTE,4211652,80764
SC|XAXIM,4219705,83879
SC|LAJEADO GRANDE,4209458,80586
SC|MAREMA,4210555,82066
SC|PASSOS MAIA,4212270,80624
SC|SAO DOMINGOS,4216107,83178
SC|PONTE SERRADA,4213401,82635
SC|VARGEAO,4219101,83755
SC|ABELARDO LUZ,4200101,80012
SC|FAXINAL DOS GUEDES,4205308,81035
SC|XANXERE,4219507,83836
SC|OURO VERDE,4211850,80845
SC|BOM JESUS,4202537,81388
SC|IPUACU,4207684,80829
SC|ENTRE RIOS,4205175,81426
SC|CORONEL MARTINS,4204459,81108
SC|GALVAO,4205605,81094
SC|JUPIA,4209177,81540
SC|AGUA DOCE,4200408,80071
SC|ERVAL VELHO,4205209,81019
SC|JABORA,4208609,81698
SC|TREZE TILIAS,4218509,83631
SC|LACERDOPOLIS,4209201,81817
SC|JOACABA,4209003,81779
SC|OURO,4211801,82317
SC|CATANDUVAS,4204004,80772
SC|HERVAL D OESTE,4206702,81310
SC|VARGEM BONITA,4219176,80969
SC|IBICARE,4206801,81337
SC|CAPINZAL,4203907,80756
SC|LUZERNA,4210035,81809
SC|CALMON,4203154,80667
SC|CACADOR,4203006,80578
SC|MATOS COSTA,4210704,82090
SC|LEBON REGIS,4209706,81914
SC|MACIEIRA,4210050,80900
SC|VIDEIRA,4219309,83798
SC|FRAIBURGO,4205506,81078
SC|ARROIO TRINTA,4201604,80314
SC|TANGARA,4217907,83534
SC|SALTO VELOSO,4215406,83038
SC|PINHEIRO PRETO,4213005,82554
SC|RIO DAS ANTAS,4214409,82830
SC|IOMERE,4207577,81361
SC|IBIAM,4206751,81400
SC|PAIAL,4211876,81442
SC|ARVOREDO,4201653,80802
SC|ALTO BELA VISTA,4200754,81302
SC|ITA,4208005,81574
SC|IPIRA,4207601,81493
SC|PIRATUBA,4213104,82570
SC|PERITIBA,4212601,82473
SC|LINDOIA DO SUL,4209854,80047
SC|IRANI,4207809,81531
SC|IPUMIRIM,4207700,81515
SC|ARABUTA,4201273,80489
SC|SEARA,4217501,83453
SC|CONCORDIA,4204301,80837
SC|PRESIDENTE CASTELLO BRANCO,4213906,82732
SC|XAVANTINA,4219606,83852
SC|TIMBO GRANDE,4218251,80209
SC|PAPANDUVA,4212205,82392
SC|MAJOR VIEIRA,4210308,82031
SC|BELA VISTA DO TOLDO,4202131,81221
SC|MONTE CASTELO,4211108,82171
SC|ITAIOPOLIS,4208104,81590
SC|PORTO UNIAO,4213609,82678
SC|MAFRA,4210100,81990
SC|CANOINHAS,4203808,80730
SC|IRINEOPOLIS,4207908,81558
SC|TRES BARRAS,4218301,83593
SC|SANTA TEREZINHA,4215679,80349
SC|SAO BENTO DO SUL,4215802,83119
SC|CAMPO ALEGRE,4203303,80632
SC|RIO NEGRINHO,4215000,82953
SC|MASSARANDUBA,4210605,82074
SC|GARUVA,4205803,81159
SC|ITAPOA,4208450,81663
SC|SCHROEDER,4217402,83437
SC|SAO FRANCISCO DO SUL,4216206,83194
SC|BALNEARIO BARRA DO SUL,4202057,80683
SC|ARAQUARI,4201307,80250
SC|JARAGUA DO SUL,4208906,81752
SC|JOINVILLE,4209102,81795
SC|GUARAMIRIM,4206504,81272
SC|CORUPA,4204509,80870
SC|PONTE ALTA,4213302,82619
SC|BRUNOPOLIS,4202875,81787
SC|SANTA CECILIA,4215505,83054
SC|PONTE ALTA DO NORTE,4213351,80926
SC|SAO CRISTOVAO DO SUL,4216057,80942
SC|CURITIBANOS,4204806,80934
SC|FREI ROGERIO,4205555,81329
SC|CAMPOS NOVOS,4203600,80691
SC|ZORTEA,4219853,81825
SC|VARGEM,4219150,80462
SC|ABDON BATISTA,4200051,80225
SC|MONTE CARLO,4211058,80004
SC|URUPEMA,4218954,80160
SC|URUBICI,4218905,83712
SC|BOCAINA DO SUL,4202438,81280
SC|CERRO NEGRO,4204178,80381
SC|ANITA GARIBALDI,4201000,80195
SC|PAINEL,4211892,81264
SC|SAO JOSE DO CERRITO,4216800,83313
SC|SAO JOAQUIM,4216503,83259
SC|CORREIA PINTO,4204558,83950
SC|LAGES,4209300,81833
SC|BOM JARDIM DA SERRA,4202503,83895
SC|BOM RETIRO,4202602,80497
SC|RIO RUFINO,4215059,80608
SC|CAMPO BELO DO SUL,4203402,80659
SC|OTACILIO COSTA,4211751,83976
SC|CAPAO ALTO,4203253,81248
SC|PALMEIRA,4212056,81566
SC|CELSO RAMOS,4204152,80268
SC|MIRIM DOCE,4210852,80365
SC|AURORA,4201901,80373
SC|RIO DO OESTE,4214607,82872
SC|TROMBUDO CENTRAL,4218608,83658
SC|RIO DO CAMPO,4214508,82856
SC|SALETE,4215307,83011
SC|LONTRAS,4209904,81957
SC|RIO DO SUL,4214805,82910
SC|AGRONOMICA,4200309,80055
SC|PRESIDENTE NEREU,4214102,82775
SC|LAURENTINO,4209508,81876
SC|TAIO,4217808,83518
SC|POUSO REDONDO,4213708,82694
SC|BRACO DO TROMBUDO,4202859,80420
SC|WITMARSUM,4219408,83810
SC|DONA EMMA,4205100,80993
SC|PRESIDENTE GETULIO,4214003,82759
SC|VITOR MEIRELES,4219358,80128
SC|JOSE BOITEUX,4209151,80101
SC|IBIRAMA,4206900,81353
SC|ASCURRA,4201703,80330
SC|INDAIAL,4207502,81477
SC|RIO DOS CEDROS,4214706,82899
SC|TIMBO,4218202,83577
SC|APIUNA,4201257,80063
SC|RODEIO,4215109,82970
SC|BLUMENAU,4202404,80470
SC|BENEDITO NOVO,4202206,80438
SC|POMERODE,4213203,82597
SC|GASPAR,4205902,81175
SC|DOUTOR PEDRINHO,4205159,80080
SC|LUIZ ALVES,4210001,81973
SC|GUABIRUBA,4206306,81230
SC|BOTUVERA,4202701,80519
SC|BRUSQUE,4202909,80551
SC|SAO JOAO DO ITAPERIU,4216354,81124
SC|ILHOTA,4207106,81396
SC|BOMBINHAS,4202453,80985
SC|BARRA VELHA,4202107,80411
SC|BALNEARIO PICARRAS,4212809,82511
SC|CAMBORIU,4203204,80616
SC|BALNEARIO CAMBORIU,4202008,80390
SC|ITAJAI,4208203,81612
SC|PENHA,4212502,82457
SC|ITAPEMA,4208302,81639
SC|PORTO BELO,4213500,82651
SC|NAVEGANTES,4211306,82210
SC|ATALANTA,4201802,80357
SC|AGROLANDIA,4200200,80039
SC|IMBUIA,4207403,81450
SC|VIDAL RAMOS,4219200,83771
SC|ITUPORANGA,4208500,81671
SC|CHAPADAO DO LAGEADO,4204194,81701
SC|PETROLANDIA,4212700,82490
SC|ANGELINA,4200903,80179
SC|TIJUCAS,4218004,83550
SC|NOVA TRENTO,4211504,82252
SC|SAO JOAO BATISTA,4216305,83216
SC|CANELINHA,4203709,80713
SC|MAJOR GERCINO,4210209,82015
SC|LEOBERTO LEAL,4209805,81930
SC|FLORIANOPOLIS,4205407,81051
SC|PAULO LOPES,4212304,82414
SC|ANTONIO CARLOS,4201208,80233
SC|SAO JOSE,4216602,83275
SC|SANTO AMARO DA IMPERATRIZ,4215703,83097
SC|GOVERNADOR CELSO RAMOS,4206009,81116
SC|BIGUACU,4202305,80454
SC|SAO PEDRO DE ALCANTARA,4217253,81183
SC|PALHOCA,4211900,82333
SC|RANCHO QUEIMADO,4214300,82813
SC|ALFREDO WAGNER,4200705,80136
SC|AGUAS MORNAS,4200606,80110
SC|SAO BONIFACIO,4215901,83135
SC|ANITAPOLIS,4201109,80217
SC|GAROPABA,4205704,81132
SC|IMBITUBA,4207304,81434
SC|ORLEANS,4211702,82295
SC|JAGUARUNA,4208807,81736
SC|GRAO PARA,4206108,81191
SC|PESCARIA BRAVA,4212650,83925
SC|SAO MARTINHO,4217105,83372
SC|CAPIVARI DE BAIXO,4203956,81027
SC|SANGAO,4215455,81000
SC|SAO LUDGERO,4217006,83356
SC|GRAVATAL,4206207,81213
SC|SANTA ROSA DE LIMA,4215604,83070
SC|PEDRAS GRANDES,4212403,82430
SC|TREZE DE MAIO,4218400,83615
SC|IMARUI,4207205,81418
SC|RIO FORTUNA,4214904,82937
SC|LAGUNA,4209409,81850
SC|ARMAZEM,4201505,80292
SC|TUBARAO,4218707,83674
SC|BRACO DO NORTE,4202800,80535
SC|COCAL DO SUL,4204251,80306
SC|BALNEARIO RINCAO,4220000,83909
SC|CRICIUMA,4204608,80896
SC|ICARA,4207007,81370
SC|URUSSANGA,4219002,83739
SC|TREVISO,4218350,81345
SC|FORQUILHINHA,4205456,81060
SC|NOVA VENEZA,4211603,82279
SC|LAURO MULLER,4209607,81892
SC|MORRO DA FUMACA,4211207,82198
SC|SIDEROPOLIS,4217600,83470
SC|MORRO GRANDE,4211256,81086
SC|PASSO DE TORRES,4212254,80403
SC|PRAIA GRANDE,4213807,82716
SC|SAO JOAO DO SUL,4216404,83232
SC|TIMBE DO SUL,4218103,83933
SC|BALNEARIO ARROIO DO SILVA,4201950,81728
SC|JACINTO MACHADO,4208708,81710
SC|MELEIRO,4210803,82112
SC|MARACAJA,4210407,83917
SC|SANTA ROSA DO SUL,4215653,80241
SC|TURVO,4218806,83690
SC|ERMO,4205191,81167
SC|ARARANGUA,4201406,80276
SC|SOMBRIO,4217709,83496
SC|BALNEARIO GAIVOTA,4202073,81744
RS|TUPARENDI,4322301,89494
RS|SANTO CRISTO,4317905,88617
RS|SANTA ROSA,4317202,88471
RS|ALECRIM,4300307,85057
RS|NOVO MACHADO,4313425,87289
RS|TUCUNDUVA,4322103,89451
RS|CANDIDO GODOI,4304309,85839
RS|PORTO MAUA,4315057,87467
RS|PORTO VERA CRUZ,4315073,87483
RS|PORTO LUCENA,4315008,88030
RS|INDEPENDENCIA,4310405,87092
RS|SAO JOSE DO INHACORA,4318499,87742
RS|TRES DE MAIO,4321808,89397
RS|TENENTE PORTELA,4321402,89311
RS|TRES PASSOS,4321907,89419
RS|CAMPO NOVO,4304002,85790
RS|HUMAITA,4309704,86959
RS|BARRA DO GUARITA,4301859,86363
RS|SAO MARTINHO,4319109,88854
RS|DERRUBADAS,4306320,86665
RS|VISTA GAUCHA,4323705,85847
RS|REDENTORA,4315404,88110
RS|BOM PROGRESSO,4302378,86444
RS|MIRAGUAI,4312302,87475
RS|ESPERANCA DO SUL,4307450,88285
RS|TIRADENTES DO SUL,4321477,87963
RS|BRAGA,4302600,85510
RS|SEDE NOVA,4320230,85707
RS|CRISSIUMAL,4306007,86177
RS|HORIZONTINA,4309605,86916
RS|DOUTOR MAURICIO CARDOSO,4306734,84883
RS|NOVA CANDELARIA,4313011,88226
RS|BOA VISTA DO BURICA,4302204,85430
RS|TRES PALMEIRAS,4321857,86142
RS|ENGENHO VELHO,4306924,86703
RS|NOVO XINGU,4313466,89320
RS|CONSTANTINA,4305801,86134
RS|RONDINHA,4316204,88277
RS|ERVAL SECO,4307302,86436
RS|VISTA ALEGRE,4323507,85600
RS|PINHEIRINHO DO VALE,4314498,87408
RS|PALMITINHO,4313805,87793
RS|LIBERATO SALZANO,4311601,87335
RS|AMETISTA DO SUL,4300646,86304
RS|NOVO TIRADENTES,4313441,87300
RS|VICENTE DUTRA,4323101,89656
RS|CRISTAL DO SUL,4306072,88528
RS|IRAI,4310504,87114
RS|SEBERI,4320206,89052
RS|TAQUARUCU DO SUL,4321329,85669
RS|FREDERICO WESTPHALEN,4308508,86673
RS|CAICARA,4303400,85677
RS|RODEIO BONITO,4315909,88218
RS|DOIS IRMAOS DAS MISSOES,4306429,86681
RS|NONOAI,4312708,87572
RS|RIO DOS INDIOS,4315552,87548
RS|TRINDADE DO SUL,4321956,85006
RS|PLANALTO,4314704,87971
RS|GRAMADO DOS LOUREIROS,4309126,86762
RS|ALPESTRE,4300505,85090
RS|AUREA,4301552,84735
RS|IPIRANGA DO SUL,4310462,85243
RS|ERECHIM,4307005,86371
RS|ITATIBA DO SUL,4310702,87157
RS|ARATIBA,4300901,85170
RS|FLORIANO PEIXOTO,4308250,88242
RS|GAURAMA,4308706,86711
RS|ESTACAO,4307559,85286
RS|GETULIO VARGAS,4308904,86770
RS|EREBANGO,4306973,85081
RS|BENJAMIN CONSTANT DO SUL,4302055,88420
RS|QUATRO IRMAOS,4315313,89389
RS|CRUZALTENSE,4306130,89206
RS|CARLOS GOMES,4304853,86525
RS|FAXINALZINHO,4308052,86029
RS|BARAO DE COTEGIPE,4301701,85332
RS|MARIANO MORO,4312005,87416
RS|CENTENARIO,4305116,86541
RS|SAO VALENTIM,4319703,88978
RS|SEVERIANO DE ALMEIDA,4320602,89133
RS|VIADUTOS,4322905,89613
RS|CAMPINAS DO SUL,4303806,85758
RS|PAULO BENTO,4314134,89346
RS|TRES ARROIOS,4321634,84743
RS|MARCELINO RAMOS,4311908,87394
RS|PONTE PRETA,4314787,87440
RS|JACUTINGA,4310900,87190
RS|ERVAL GRANDE,4307203,86410
RS|ENTRE RIOS DO SUL,4306957,85928
RS|BARRA DO RIO AZUL,4301925,86380
RS|IBIACA,4309803,86975
RS|PAIM FILHO,4313607,87750
RS|SAO JOAO DA URTIGA,4318424,84859
RS|SANTO EXPEDITO DO SUL,4317954,87688
RS|SANANDUVA,4316600,88358
RS|MAXIMILIANO DE ALMEIDA,4312203,87459
RS|CACIQUE DOBLE,4303202,85634
RS|BARRACAO,4301800,85359
RS|MACHADINHO,4311700,87351
RS|SAO JOSE DO OURO,4318606,88757
RS|TUPANCI DO SUL,4322186,88021
RS|CAMPINA DAS MISSOES,4303707,85731
RS|GUARANI DAS MISSOES,4309506,86894
RS|SETE DE SETEMBRO,4320578,88706
RS|CAIBATE,4303301,85650
RS|ROQUE GONZALES,4316303,88293
RS|MATO QUEIMADO,4312179,89303
RS|SAO PEDRO DO BUTIA,4319372,87823
RS|PORTO XAVIER,4315107,88056
RS|CERRO LARGO,4305207,86010
RS|SALVADOR DAS MISSOES,4316477,87580
RS|SAO PAULO DAS MISSOES,4319307,88897
RS|CATUIPE,4305009,85979
RS|SENADOR SALGADO FILHO,4320321,88765
RS|GIRUA,4309001,86797
RS|SAO MIGUEL DAS MISSOES,4319158,85480
RS|EUGENIO DE CASTRO,4307831,85448
RS|VITORIA DAS MISSOES,4323754,88129
RS|SANTO ANGELO,4317509,88536
RS|ENTRE IJUIS,4306932,85103
RS|SAO LUIZ GONZAGA,4318903,88811
RS|SAO NICOLAU,4319208,88870
RS|SANTO ANTONIO DAS MISSOES,4317707,88579
RS|ROLADOR,4315958,89400
RS|DEZESSEIS DE NOVEMBRO,4306353,85049
RS|BOSSOROCA,4302501,85499
RS|PIRAPO,4314555,84778
RS|UBIRETAMA,4322343,88609
RS|CORONEL BARROS,4305871,86622
RS|AUGUSTO PESTANA,4301503,85294
RS|SANTO AUGUSTO,4317806,88595
RS|BOZANO,4302584,89087
RS|PANAMBI,4313904,87815
RS|AJURICABA,4300208,85030
RS|CONDOR,4305702,86118
RS|SAO VALERIO DO SUL,4319737,87866
RS|CORONEL BICACO,4305900,86150
RS|CHIAPETTA,4305405,86053
RS|NOVA RAMADA,4313334,88560
RS|INHACORA,4310413,86827
RS|PEJUCARA,4314308,87890
RS|IJUI,4310207,87050
RS|ALEGRIA,4300455,85545
RS|BARRA FUNDA,4301958,86401
RS|COQUEIROS DO SUL,4305850,86606
RS|SANTO ANTONIO DO PLANALTO,4317756,87661
RS|NOVA BOA VISTA,4312955,87203
RS|ALMIRANTE TAMANDARE DO SUL,4300471,89001
RS|SARANDI,4320107,89036
RS|CARAZINHO,4304705,85910
RS|CHAPADA,4305306,86037
RS|BOA VISTA DAS MISSOES,4302154,86428
RS|JABOTICABA,4310850,84786
RS|PINHAL,4314456,85340
RS|SAO JOSE DAS MISSOES,4318457,87769
RS|PALMEIRA DAS MISSOES,4313706,87777
RS|CERRO GRANDE,4305157,85227
RS|NOVO BARREIRO,4313490,87262
RS|LAJEADO DO BUGRE,4311429,86860
RS|SAGRADA FAMILIA,4316428,87564
RS|SAO PEDRO DAS MISSOES,4319364,89486
RS|ERNESTINA,4307054,85022
RS|PONTAO,4314779,87424
RS|SERTAO,4320503,89117
RS|RONDA ALTA,4316105,88250
RS|MATO CASTELHANO,4312138,87025
RS|COXILHA,4305975,86649
RS|PASSO FUNDO,4314100,87858
RS|NICOLAU VERGUEIRO,4312674,87181
RS|MULITERNO,4312625,87165
RS|SAO DOMINGOS DO SUL,4318051,84832
RS|GENTIL,4308854,86746
RS|SANTO ANTONIO DO PALMA,4317558,87645
RS|VANINI,4322558,84913
RS|VILA MARIA,4323408,85642
RS|DAVID CANABARRO,4306304,86231
RS|CASCA,4304903,85952
RS|CAMARGO,4303558,85960
RS|CIRIACO,4305504,86070
RS|MARAU,4311809,87378
RS|AGUA SANTA,4300059,84948
RS|VILA LANGARO,4323358,88749
RS|TAPEJARA,4320909,89214
RS|CHARRUA,4305371,86568
RS|SANTA CECILIA DO SUL,4316733,89247
RS|CASEIROS,4304952,85880
RS|IBIRAIARAS,4309902,86991
RS|JOIA,4311155,98299
RS|ALTO ALEGRE,4300554,84808
RS|CAMPOS BORGES,4304101,85200
RS|ESPUMOSO,4307500,86479
RS|CRUZ ALTA,4306106,86193
RS|FORTALEZA DOS VALOS,4308458,98272
RS|BOA VISTA DO INCRA,4302238,89060
RS|BOA VISTA DO CADEADO,4302220,89044
RS|SANTA BARBARA DO SUL,4316709,88374
RS|SALTO DO JACUI,4316451,89753
RS|QUINZE DE NOVEMBRO,4315354,84875
RS|JACUIZINHO,4310876,89265
RS|IBIRUBA,4310009,87017
RS|SALDANHA MARINHO,4316436,85561
RS|TIO HUGO,4321469,89508
RS|LAGOA DOS TRES CANTOS,4311270,86886
RS|VICTOR GRAEFF,4323200,89699
RS|TAPERA,4321006,89230
RS|SELBACH,4320305,89079
RS|NAO ME TOQUE,4312658,87556
RS|COLORADO,4305603,86096
RS|SOLEDADE,4320800,89192
RS|FONTOURA XAVIER,4308300,86630
RS|MORMACO,4312427,87106
RS|IBIRAPUITA,4309951,84964
RS|SAO JOSE DO HERVAL,4318465,85588
RS|BARROS CASSAL,4302006,85391
RS|TUNAS,4322152,84840
RS|LAGOAO,4311254,85260
RS|NOVA ALVORADA,4312757,86169
RS|ARVOREZINHA,4301404,85278
RS|ITAPUCA,4310579,86843
RS|SAO VALENTIM DO SUL,4319711,87840
RS|SERAFINA CORREA,4320404,89095
RS|MONTAURI,4312351,85820
RS|PROTASIO ALVES,4315172,85405
RS|PARAI,4314001,87831
RS|NOVA ARACA,4312807,87599
RS|SAO JORGE,4318440,84794
RS|ANDRE DA ROCHA,4300661,86100
RS|DOIS LAJEADOS,4306452,84824
RS|UNIAO DA SERRA,4322350,88048
RS|NOVA PRATA,4313300,87696
RS|VISTA ALEGRE DO PRATA,4323606,85863
RS|GUAPORE,4309407,86878
RS|NOVA BASSANO,4312906,87610
RS|GUABIJU,4309258,84867
RS|PUTINGA,4315206,88072
RS|ILOPOLIS,4310306,87076
RS|ANTA GORDA,4300703,85138
RS|LAGOA VERMELHA,4311304,87270
RS|CAPAO BONITO DO SUL,4304622,89125
RS|CAMBARA DO SUL,4303608,85715
RS|SAO FRANCISCO DE PAULA,4318200,88676
RS|CAMPESTRE DA SERRA,4303673,86460
RS|IPE,4310439,84999
RS|JAQUIRANA,4311122,84905
RS|PINHAL DA SERRA,4314464,89362
RS|BOM JESUS,4302303,85456
RS|ESMERALDA,4307401,86452
RS|MONTE ALEGRE DOS CAMPOS,4312377,88803
RS|MUITOS CAPOES,4312617,88544
RS|VACARIA,4322509,89532
RS|SAO JOSE DOS AUSENTES,4318622,87726
RS|SAO MARCOS,4319000,88838
RS|CAXIAS DO SUL,4305108,85995
RS|NOVA PADUA,4313086,87220
RS|NOVA ROMA DO SUL,4313359,84751
RS|ANTONIO PRADO,4300802,85154
RS|FARROUPILHA,4307906,86550
RS|FLORES DA CUNHA,4308201,86614
RS|FAGUNDES VARELA,4307864,84930
RS|SANTA TEREZA,4317251,87629
RS|BENTO GONCALVES,4302105,85413
RS|VILA FLORES,4323309,86061
RS|VERANOPOLIS,4322806,89591
RS|CARLOS BARBOSA,4304804,85936
RS|MONTE BELO DO SUL,4312385,87084
RS|PINTO BANDEIRA,4314548,89540
RS|CORONEL PILAR,4305934,89184
RS|GARIBALDI,4308607,86690
RS|COTIPORA,4305959,89770
RS|BOA VISTA DO SUL,4302253,88161
RS|JULIO DE CASTILHOS,4311205,87254
RS|QUEVEDOS,4315321,87521
RS|JARI,4311130,88587
RS|PINHAL GRANDE,4314472,87386
RS|SANTIAGO,4317400,88510
RS|UNISTALDA,4322376,88480
RS|CAPAO DO CIPO,4304655,89141
RS|ITACURUBI,4310553,85901
RS|TUPANCIRETA,4322202,89478
RS|MATA,4312104,87432
RS|ITAARA,4310538,88382
RS|SANTA MARIA,4316907,88412
RS|CACEQUI,4302907,85570
RS|SAO VICENTE DO SUL,4319802,86754
RS|DILERMANDO DE AGUIAR,4306379,88188
RS|SAO MARTINHO DA SERRA,4319125,87785
RS|SAO PEDRO DO SUL,4319406,88919
RS|JAGUARI,4311106,87238
RS|TOROPI,4321493,88900
RS|SAO SEPE,4319604,88951
RS|VILA NOVA DO SUL,4323457,88102
RS|NOVA ESPERANCA DO SUL,4313037,85120
RS|SILVEIRA MARTINS,4320651,84956
RS|FORMIGUEIRO,4308409,86657
RS|NOVA PALMA,4313102,87653
RS|IVORA,4310751,85626
RS|DONA FRANCISCA,4306700,86312
RS|RESTINGA SECA,4315503,88137
RS|SAO JOAO DO POLESINE,4318432,87700
RS|FAXINAL DO SOTURNO,4308003,86576
RS|AGUDO,4300109,85014
RS|VALE DO SOL,4322533,88064
RS|CANDELARIA,4304200,85812
RS|MATO LEITAO,4312153,87041
RS|SINIMBU,4320677,87947
RS|VENANCIO AIRES,4322608,89559
RS|HERVEIRAS,4309571,88323
RS|SANTA CRUZ DO SUL,4316808,88390
RS|GRAMADO XAVIER,4309159,86789
RS|VERA CRUZ,4322707,89575
RS|ARROIO DO TIGRE,4301206,85235
RS|LAGOA BONITA DO SUL,4311239,89281
RS|SEGREDO,4320263,85529
RS|ESTRELA VELHA,4307815,88404
RS|SOBRADINHO,4320701,89176
RS|PASSA SETE,4314068,88889
RS|IBARAMA,4309753,84972
RS|BOQUEIRAO DO LEAO,4302451,84921
RS|CRUZEIRO DO SUL,4306205,86215
RS|TEUTONIA,4321451,98213
RS|WESTFALIA,4323770,89524
RS|SERIO,4320453,87904
RS|CAPITAO,4304697,86509
RS|BOM RETIRO DO SUL,4302402,85472
RS|PROGRESSO,4315156,84760
RS|COQUEIRO BAIXO,4305835,89168
RS|CANUDOS DO VALE,4304614,89109
RS|FAZENDA VILANOVA,4308078,88366
RS|COLINAS,4305587,86584
RS|LAJEADO,4311403,87297
RS|POUSO NOVO,4315131,85421
RS|SANTA CLARA DO SUL,4316758,87602
RS|MARQUES DE SOUZA,4312054,88820
RS|TAQUARI,4321303,89290
RS|TRAVESSEIRO,4321626,87980
RS|TABAI,4320859,88722
RS|ARROIO DO MEIO,4301008,85197
RS|IMIGRANTE,4310363,85782
RS|ESTRELA,4307807,86533
RS|FORQUETINHA,4308433,89222
RS|PAVERAMA,4314159,85146
RS|MUCUM,4312609,87530
RS|NOVA BRESCIA,4313003,87637
RS|RELVADO,4315453,85766
RS|ROCA SALES,4315800,88196
RS|VESPASIANO CORREA,4322855,88781
RS|DOUTOR RICARDO,4306759,88307
RS|ENCANTADO,4306809,86339
RS|CACHOEIRA DO SUL,4303004,85596
RS|CERRO BRANCO,4305132,86088
RS|PARAISO DO SUL,4314027,85987
RS|NOVO CABRAIS,4313391,88684
RS|PANTANO GRANDE,4313953,84980
RS|RIO PARDO,4315701,88170
RS|PASSO DO SOBRADO,4314076,87343
RS|CAPELA DE SANTANA,4304689,84891
RS|HARMONIA,4309555,85189
RS|SAO SEBASTIAO DO CAI,4319505,88935
RS|TUPANDI,4322251,85723
RS|BOM PRINCIPIO,4302352,98230
RS|PORTAO,4314803,87998
RS|SAO JOSE DO HORTENCIO,4318481,85324
RS|LINHA NOVA,4311643,86924
RS|SAO VENDELINO,4319752,85383
RS|SAO PEDRO DA SERRA,4319356,87807
RS|SAO JOSE DO SUL,4318614,89460
RS|MONTENEGRO,4312401,87491
RS|PARECI NOVO,4314035,87327
RS|MARATA,4311791,86983
RS|BROCHIER,4302659,85065
RS|SALVADOR DO SUL,4316501,88331
RS|ALTO FELIZ,4300570,86282
RS|VALE REAL,4322541,88080
RS|FELIZ,4308102,86592
RS|BARAO,4301651,86223
RS|POCO DAS ANTAS,4314753,86126
RS|MORRO REUTER,4312476,87149
RS|PRESIDENTE LUCENA,4315149,87505
RS|SANTA MARIA DO HERVAL,4316956,86207
RS|DOIS IRMAOS,4306403,86258
RS|IVOTI,4310801,87173
RS|LINDOLFO COLLOR,4311627,86908
RS|TAQUARA,4321204,89273
RS|RIOZINHO,4315750,85740
RS|TRES COROAS,4321709,89370
RS|IGREJINHA,4310108,87033
RS|ROLANTE,4316006,88234
RS|CANELA,4304408,85855
RS|NOVA PETROPOLIS,4313201,87670
RS|PICADA CAFE,4314423,87360
RS|GRAMADO,4309100,86819
RS|ARROIO DOS RATOS,4301107,85219
RS|BARAO DO TRIUNFO,4301750,86347
RS|BUTIA,4302709,85537
RS|CHARQUEADAS,4305355,86932
RS|SAO JERONIMO,4318408,88714
RS|GENERAL CAMARA,4308805,86738
RS|MINAS DO LEAO,4312252,87068
RS|TRIUNFO,4322004,89435
RS|VALE VERDE,4322525,88668
RS|NOVA SANTA RITA,4313375,87246
RS|GLORINHA,4309050,85502
RS|VIAMAO,4323002,89630
RS|GUAIBA,4309308,86851
RS|GRAVATAI,4309209,86835
RS|ELDORADO DO SUL,4306767,86240
RS|CACHOEIRINHA,4303103,85618
RS|MARIANA PIMENTEL,4311981,87009
RS|ALVORADA,4300604,85111
RS|ESTEIO,4307708,86517
RS|SERTAO SANTANA,4320552,87920
RS|PORTO ALEGRE,4314902,88013
RS|CANOAS,4304606,85898
RS|SAPUCAIA DO SUL,4320008,89010
RS|ARARICA,4300877,88862
RS|ESTANCIA VELHA,4307609,86495
RS|SAPIRANGA,4319901,88994
RS|NOVO HAMBURGO,4313409,87718
RS|SAO LEOPOLDO,4318705,88773
RS|CAMPO BOM,4303905,85774
RS|NOVA HARTZ,4313060,84816
RS|PAROBE,4314050,98256
RS|TAVARES,4321352,89710
RS|SANTO ANTONIO DA PATRULHA,4317608,88552
RS|PALMARES DO SUL,4313656,89672
RS|MOSTARDAS,4312500,87513
RS|CARAA,4304713,88340
RS|CAPIVARI DO SUL,4304671,88200
RS|OSORIO,4313508,87734
RS|BALNEARIO PINHAL,4301636,88927
RS|CIDREIRA,4305454,85804
RS|CAPAO DA CANOA,4304630,89150
RS|TERRA DE AREIA,4321436,85162
RS|XANGRI LA,4323804,88145
RS|ITATI,4310652,89249
RS|TRAMANDAI,4321600,89354
RS|IMBE,4310330,85685
RS|MAQUINE,4311775,86967
RS|TRES FORQUILHAS,4321832,88005
RS|ARROIO DO SAL,4301057,85308
RS|MAMPITUBA,4311734,88943
RS|TORRES,4321501,89338
RS|MORRINHOS DO SUL,4312443,87122
RS|DOM PEDRO DE ALCANTARA,4306551,88463
RS|TRES CACHOEIRAS,4321667,85367
RS|BARRA DO RIBEIRO,4301909,85375
RS|TAPES,4321105,89257
RS|SENTINELA DO SUL,4320354,87882
RS|DOM FELICIANO,4306502,86274
RS|ARAMBARE,4300851,86320
RS|CHUVISCA,4305447,88269
RS|CAMAQUA,4303509,85693
RS|CERRO GRANDE DO SUL,4305173,85944
RS|SAO FRANCISCO DE ASSIS,4318101,88650
RS|MANOEL VIANA,4311759,86940
RS|BARRA DO QUARAI,4301875,88625
RS|ALEGRETE,4300406,85073
RS|URUGUAIANA,4322400,89516
RS|QUARAI,4315305,88099
RS|ITAQUI,4310603,87130
RS|MACAMBARA,4311718,88447
RS|SAO BORJA,4318002,88633
RS|GARRUCHOS,4308656,86720
RS|SAO GABRIEL,4318309,88692
RS|SANTA MARGARIDA DO SUL,4316972,89443
RS|ROSARIO DO SUL,4316402,88315
RS|SANT ANA DO LIVRAMENTO,4317103,88455
RS|DOM PEDRITO,4306601,86290
RS|HULHA NEGRA,4309654,86800
RS|BAGE,4301602,85316
RS|ACEGUA,4300034,88986
RS|LAVRAS DO SUL,4311502,87319
RS|AMARAL FERRADOR,4300638,86045
RS|PIRATINI,4314605,87955
RS|CANDIOTA,4304358,86487
RS|PEDRAS ALTAS,4314175,89567
RS|PINHEIRO MACHADO,4314506,87939
RS|SANTANA DA BOA VISTA,4317004,88439
RS|CACAPAVA DO SUL,4302808,85553
RS|ENCRUZILHADA DO SUL,4306908,86355
RS|CRISTAL,4306056,85464
RS|TURUCU,4322327,88501
RS|SAO LOURENCO DO SUL,4318804,88790
RS|MORRO REDONDO,4312450,86185
RS|PELOTAS,4314407,87912
RS|CERRITO,4305124,88641
RS|PEDRO OSORIO,4314209,87874
RS|ARROIO DO PADRE,4301073,89028
RS|CANGUCU,4304507,85871
RS|CAPAO DO LEAO,4304663,89737
RS|ARROIO GRANDE,4301305,85251
RS|JAGUARAO,4311007,87211
RS|HERVAL,4307104,86398
RS|SANTA VITORIA DO PALMAR,4317301,88498
RS|SAO JOSE DO NORTE,4318507,88730
RS|CHUI,4305439,88846
RS|RIO GRANDE,4315602,88153
MS|CORUMBA,5003207,90638
MS|LADARIO,5005202,91030
MS|PORTO MURTINHO,5006903,91375
MS|DOIS IRMAOS DO BURITI,5003488,91804
MS|MIRANDA,5005608,91111
MS|AQUIDAUANA,5001102,90212
MS|ANASTACIO,5000708,90131
MS|CAMAPUA,5002605,90492
MS|SAO GABRIEL DO OESTE,5007695,98094
MS|COXIM,5003306,90654
MS|SONORA,5007935,91880
MS|ALCINOPOLIS,5000252,55018
MS|PEDRO GOMES,5006408,91278
MS|RIO VERDE DE MATO GROSSO,5007406,91472
MS|FIGUEIRAO,5003900,55069
MS|CAMPO GRANDE,5002704,90514
MS|SIDROLANDIA,5007901,91570
MS|JARAGUARI,5004908,90972
MS|ROCHEDO,5007505,91499
MS|TERENOS,5008008,91596
MS|RIO NEGRO,5007307,91456
MS|BANDEIRANTES,5001508,90298
MS|CORGUINHO,5003108,90611
MS|PARAISO DAS AGUAS,5006275,55050
MS|CASSILANDIA,5002902,90573
MS|CHAPADAO DO SUL,5002951,91782
MS|COSTA RICA,5003256,98035
MS|SELVIRIA,5007802,98116
MS|APARECIDA DO TABOADO,5001003,90190
MS|PARANAIBA,5006309,91251
MS|INOCENCIA,5004403,90875
MS|RIBAS DO RIO PARDO,5007109,91413
MS|SANTA RITA DO PARDO,5007554,91863
MS|TRES LAGOAS,5008305,91650
MS|AGUA CLARA,5000203,90034
MS|BRASILANDIA,5002308,90450
MS|BATAGUASSU,5001904,90379
MS|ANAURILANDIA,5000807,90158
MS|BATAYPORA,5002001,90395
MS|NOVA ANDRADINA,5006200,91235
MS|TAQUARUSSU,5007976,98175
MS|GUIA LOPES DA LAGUNA,5004106,90816
MS|BONITO,5002209,90433
MS|CARACOL,5002803,90530
MS|BELA VISTA,5002100,90417
MS|NIOAQUE,5005806,91154
MS|JARDIM,5005004,90999
MS|BODOQUENA,5002159,98019
MS|NOVA ALVORADA DO SUL,5006002,55000
MS|DOURADOS,5003702,90735
MS|JUTI,5005152,91820
MS|MARACAJU,5005400,91073
MS|CAARAPO,5002407,90557
MS|RIO BRILHANTE,5007208,91430
MS|VICENTINA,5008404,91901
MS|ITAPORA,5004502,90891
MS|FATIMA DO SUL,5003801,90751
MS|LAGUNA CARAPA,5005251,55026
MS|DOURADINA,5003504,98051
MS|PONTA PORA,5006606,91316
MS|ARAL MOREIRA,5001243,91715
MS|ANTONIO JOAO,5000906,90174
MS|AMAMBAI,5000609,90115
MS|GLORIA DE DOURADOS,5004007,90794
MS|JATEI,5005103,91014
MS|DEODAPOLIS,5003454,91758
MS|ITAQUIRAI,5004601,98078
MS|JAPORA,5004809,55034
MS|MUNDO NOVO,5005681,91790
MS|NAVIRAI,5005707,91138
MS|ELDORADO,5003751,91731
MS|IGUATEMI,5004304,90859
MS|NOVO HORIZONTE DO SUL,5006259,55042
MS|IVINHEMA,5004700,90930
MS|ANGELICA,5000856,91693
MS|SETE QUEDAS,5007703,98132
MS|TACURU,5007950,98159
MS|CORONEL SAPUCAIA,5003157,98590
MS|PARANHOS,5006358,91847
MT|BRASNORTE,5101902,90468
MT|JURUENA,5105176,90581
MT|JUINA,5105150,98310
MT|COTRIGUACU,5103379,90425
MT|ARIPUANA,5101407,90271
MT|CASTANHEIRA,5102850,90549
MT|COLNIZA,5103254,89788
MT|RONDOLANDIA,5107578,89960
MT|NOVA MONTE VERDE,5108956,90360
MT|CARLINDA,5102793,90760
MT|APIACAS,5100805,90263
MT|ALTA FLORESTA,5100250,89877
MT|NOVA BANDEIRANTES,5106158,90387
MT|PARANAITA,5106299,98833
MT|NOVA CANAA DO NORTE,5106216,98752
MT|NOVA GUARITA,5108808,90140
MT|COLIDER,5103205,89796
MT|TERRA NOVA DO NORTE,5108055,98957
MT|MATUPA,5105606,90620
MT|PEIXOTO DE AZEVEDO,5106422,98817
MT|NOVO MUNDO,5106265,90808
MT|GUARANTA DO NORTE,5104104,99058
MT|CAMPO NOVO DO PARECIS,5102637,90484
MT|SAPEZAL,5107875,90727
MT|DIAMANTINO,5103502,90697
MT|COMODORO,5103304,99015
MT|CAMPOS DE JULIO,5102686,90743
MT|NOVA MARINGA,5108907,90123
MT|SAO JOSE DO RIO CLARO,5107305,91995
MT|TABAPORA,5107941,90220
MT|PORTO DOS GAUCHOS,5106802,91359
MT|NOVO HORIZONTE DO NORTE,5106273,98795
MT|JUARA,5105101,98191
MT|NOBRES,5105903,91170
MT|LUCAS DO RIO VERDE,5105259,90603
MT|SANTA RITA DO TRIVELATO,5107768,91049
MT|ITANHANGA,5104542,91103
MT|NOVA MUTUM,5106224,90646
MT|NOVA UBIRATA,5106240,90883
MT|IPIRANGA DO NORTE,5104526,91081
MT|SORRISO,5107925,98930
MT|TAPURAH,5108006,90689
MT|SANTA CARMEM,5107248,90107
MT|FELIZ NATAL,5103700,90786
MT|CLAUDIA,5103056,90522
MT|SINOP,5107909,89850
MT|UNIAO DO SUL,5108303,90840
MT|NOVA SANTA HELENA,5106190,89826
MT|MARCELANDIA,5105580,98710
MT|ITAUBA,5104559,98698
MT|VERA,5108501,98973
MT|PLANALTO DA SERRA,5106455,90344
MT|NOVA BRASILANDIA,5106208,89818
MT|GAUCHA DO NORTE,5103858,90824
MT|PARANATINGA,5106307,89834
MT|PORTO ALEGRE DO NORTE,5106778,98850
MT|CANABRAVA DO NORTE,5102694,90085
MT|VILA RICA,5108600,98990
MT|SANTA CRUZ DO XINGU,5107743,90980
MT|SAO FELIX DO ARAGUAIA,5107859,91839
MT|BOM JESUS DO ARAGUAIA,5101852,90905
MT|LUCIARA,5105309,91057
MT|ALTO BOA VISTA,5100359,90042
MT|NOVO SANTO ANTONIO,5106315,90948
MT|SANTA TEREZINHA,5107776,91979
MT|CONFRESA,5103353,90280
MT|SAO JOSE DO XINGU,5107354,90247
MT|SERRA NOVA DOURADA,5107883,90921
MT|RIBEIRAO CASCALHEIRA,5107180,90662
MT|NOVA XAVANTINA,5106257,91952
MT|NOVO SAO JOAQUIM,5106281,98779
MT|QUERENCIA,5107065,90069
MT|AGUA BOA,5100201,91910
MT|CANARANA,5102702,91936
MT|NOVA NAZARE,5106174,90964
MT|CAMPINAPOLIS,5102603,98655
MT|SANTO ANTONIO DO LESTE,5107792,89843
MT|ARAGUAIANA,5101001,98639
MT|BARRA DO GARCAS,5101803,90352
MT|COCALINHO,5103106,98671
MT|CONQUISTA D OESTE,5103361,91006
MT|VALE DE SAO DOMINGOS,5108352,91022
MT|PONTES E LACERDA,5106752,89990
MT|NOVA LACERDA,5106182,90867
MT|VILA BELA DA SANTISSIMA TRINDADE,5105507,91090
MT|TANGARA DA SERRA,5107958,91855
MT|BARRA DO BUGRES,5101704,90336
MT|PORTO ESTRELA,5106851,90182
MT|DENISE,5103452,98337
MT|NOVA OLIMPIA,5106232,98736
MT|LAMBARI D OESTE,5105234,90301
MT|RIO BRANCO,5107206,89958
MT|SALTO DO CEU,5107750,89974
MT|RESERVA DO CABACAL,5107156,98914
MT|PORTO ESPERIDIAO,5106828,98876
MT|JAURU,5105002,89915
MT|FIGUEIROPOLIS D OESTE,5103809,99031
MT|SAO JOSE DOS QUATRO MARCOS,5107107,89931
MT|INDIAVAI,5104500,99074
MT|GLORIA D OESTE,5103957,90204
MT|ARAPUTANGA,5101258,89893
MT|MIRASSOL D OESTE,5105622,91774
MT|NORTELANDIA,5106000,91197
MT|NOVA MARILANDIA,5108857,90166
MT|SANTO AFONSO,5107263,90328
MT|ALTO PARAGUAI,5100508,90093
MT|ARENAPOLIS,5101308,90255
MT|ROSARIO OESTE,5107701,91537
MT|ACORIZAL,5100102,90018
MT|JANGADA,5104906,90565
MT|CUIABA,5103403,90670
MT|VARZEA GRANDE,5108402,91677
MT|CHAPADA DOS GUIMARAES,5103007,90590
MT|NOSSA SENHORA DO LIVRAMENTO,5106109,91219
MT|SANTO ANTONIO DO LEVERGER,5107800,91553
MT|BARAO DE MELGACO,5101605,90310
MT|POCONE,5106505,91294
MT|CACERES,5102504,90476
MT|CURVELANDIA,5103437,89800
MT|CAMPO VERDE,5102678,90506
MT|PRIMAVERA DO LESTE,5107040,98892
MT|GENERAL CARNEIRO,5103908,90778
MT|TORIXOREU,5108204,91634
MT|RIBEIRAOZINHO,5107198,90441
MT|PONTAL DO ARAGUAIA,5106653,90700
MT|PONTE BRANCA,5106703,91332
MT|GUIRATINGA,5104203,90832
MT|TESOURO,5108105,91618
MT|ARAGUAINHA,5101209,90239
MT|POXOREO,5107008,91391
MT|SAO JOSE DO POVO,5107297,90026
MT|PEDRA PRETA,5106372,91812
MT|RONDONOPOLIS,5107602,91510
MT|ITIQUIRA,5104609,90913
MT|JUSCIMEIRA,5105200,91898
MT|SAO PEDRO DA CIPA,5107404,90409
MT|DOM AQUINO,5103601,90719
MT|JACIARA,5104807,90956
MT|ALTO ARAGUAIA,5100300,90050
MT|ALTO GARCAS,5100409,90077
MT|ALTO TAQUARI,5100607,98612
GO|NOVA CRIXAS,5214838,96539
GO|MOZARLANDIA,5214002,94773
GO|NOVO PLANALTO,5215256,92444
GO|SAO MIGUEL DO ARAGUAIA,5220207,96016
GO|MUNDO NOVO,5214051,96512
GO|UIRAPURU,5221577,93246
GO|CRIXAS,5206404,93297
GO|MATRINCHA,5212956,92320
GO|ARUANA,5202502,92495
GO|GOIAS,5208905,93777
GO|FAINA,5207535,92223
GO|BRITANIA,5203807,92754
GO|SANTA FE DE GOIAS,5219258,92568
GO|ARAGUAPAZ,5202155,96695
GO|ITAPIRAPUA,5211008,94153
GO|JUSSARA,5212204,94390
GO|DIORAMA,5207105,93432
GO|ARENOPOLIS,5202353,96717
GO|PIRANHAS,5217203,95419
GO|MONTES CLAROS DE GOIAS,5213707,94714
GO|BOM JARDIM DE GOIAS,5203401,92673
GO|BALIZA,5203104,92614
GO|ARAGARCAS,5201702,92339
GO|CAMPINACU,5204656,96873
GO|MUTUNOPOLIS,5214101,94790
GO|MINACU,5213087,96474
GO|FORMOSO,5208103,93637
GO|MONTIVIDIU DO NORTE,5213772,93181
GO|SANTA TEREZA DE GOIAS,5219605,95877
GO|PORANGATU,5218003,95559
GO|ESTRELA DO NORTE,5207501,93513
GO|TROMBAS,5221452,92789
GO|BONOPOLIS,5203575,93408
GO|URUACU,5221601,96334
GO|ALTO HORIZONTE,5200555,92940
GO|NOVA IGUACU DE GOIAS,5214879,93084
GO|NIQUELANDIA,5214606,94897
GO|CAMPINORTE,5204706,92932
GO|AMARALINA,5200829,93386
GO|MARA ROSA,5212808,94510
GO|SANTA TEREZINHA DE GOIAS,5219704,95893
GO|CAMPOS VERDES,5204953,92061
GO|COLINAS DO SUL,5205521,92126
GO|MONTE ALEGRE DE GOIAS,5213509,94676
GO|NOVA ROMA,5214903,94951
GO|CAMPOS BELOS,5204904,92975
GO|CAVALCANTE,5205307,93050
GO|SAO JOAO D ALIANCA,5220009,95974
GO|ALTO PARAISO DE GOIAS,5200605,92118
GO|TERESINA DE GOIAS,5221080,92762
GO|GUARAITA,5209291,93149
GO|ITAPURANGA,5211206,94196
GO|SAO LUIZ DO NORTE,5220157,92649
GO|HIDROLINA,5209804,93912
GO|NOVA GLORIA,5214861,96555
GO|ITAPACI,5210901,94137
GO|RUBIATABA,5218904,95737
GO|NOVA AMERICA,5214705,94919
GO|SANTA ISABEL,5219357,96890
GO|PILAR DE GOIAS,5216908,95354
GO|SANTA RITA DO NOVO DESTINO,5219456,93440
GO|URUANA,5221700,96350
GO|IPIRANGA DE GOIAS,5210158,93548
GO|RIANAPOLIS,5218706,95672
GO|MORRO AGUDO DE GOIAS,5213855,92169
GO|CERES,5205406,93076
GO|BARRO ALTO,5203203,92630
GO|GUARINOS,5209457,92860
GO|CARMO DO RIO VERDE,5205000,92991
GO|RIALMA,5218607,95656
GO|SAO PATRICIO,5220280,93483
GO|GOIANESIA,5208608,93718
GO|BRAZABRANTES,5203609,92711
GO|NOVA VENEZA,5215009,94978
GO|CATURAI,5205208,93033
GO|JESUPOLIS,5212055,92983
GO|JARAGUA,5211800,94315
GO|SANTA ROSA DE GOIAS,5219506,95850
GO|CAMPO LIMPO DE GOIAS,5204854,93580
GO|SAO FRANCISCO DE GOIAS,5219902,95931
GO|PETROLINA DE GOIAS,5216809,95311
GO|OURO VERDE DE GOIAS,5215405,95052
GO|ANAPOLIS,5201108,92215
GO|INHUMAS,5210000,93955
GO|HEITORAI,5209606,93874
GO|ARACU,5201603,92312
GO|ITAGUARU,5210604,94072
GO|ITABERAI,5210406,94030
GO|DAMOLANDIA,5206800,93378
GO|ITAGUARI,5210562,92282
GO|ITAUCU,5211404,94234
GO|TAQUARAL DE GOIAS,5221007,96172
GO|NOVO BRASIL,5215207,95010
GO|IVOLANDIA,5211602,94277
GO|CACHOEIRA DE GOIAS,5204201,92835
GO|CORREGO DO OURO,5205703,93157
GO|FAZENDA NOVA,5207600,93530
GO|MOIPORA,5213400,94650
GO|AMORINOPOLIS,5200902,92177
GO|ISRAELANDIA,5210307,94013
GO|IPORA,5210208,93998
GO|JAUPACI,5212006,94358
GO|AVELINOPOLIS,5202809,92550
GO|ANICUNS,5201306,92258
GO|AMERICANO DO BRASIL,5200852,96610
GO|ADELANDIA,5200159,96911
GO|MOSSAMEDES,5213905,94757
GO|AURILANDIA,5202601,92517
GO|SANCLERLANDIA,5219001,95753
GO|SAO LUIS DE MONTES BELOS,5220108,95990
GO|BURITI DE GOIAS,5203939,93106
GO|NAZARIO,5214408,94854
GO|TURVANIA,5221502,96318
GO|SANTA BARBARA DE GOIAS,5219100,95770
GO|FIRMINOPOLIS,5207808,93572
GO|SANTO ANTONIO DE GOIAS,5219738,92908
GO|SENADOR CANEDO,5220454,92703
GO|APARECIDA DE GOIANIA,5201405,92274
GO|BONFINOPOLIS,5203559,92029
GO|BELA VISTA DE GOIAS,5203302,92657
GO|GOIANIRA,5208806,93750
GO|GUAPO,5209200,93815
GO|ABADIA DE GOIAS,5200050,93360
GO|TRINDADE,5221403,96253
GO|NEROPOLIS,5214507,94870
GO|TEREZOPOLIS DE GOIAS,5221197,93220
GO|HIDROLANDIA,5209705,93890
GO|ARAGOIANIA,5201801,92355
GO|CALDAZINHA,5204557,93122
GO|GOIANIA,5208707,93734
GO|LEOPOLDO DE BULHOES,5212303,94439
GO|GOIANAPOLIS,5208400,93670
GO|IACIARA,5209903,93939
GO|DIVINOPOLIS DE GOIAS,5208301,93092
GO|SIMOLANDIA,5220686,92720
GO|GUARANI DE GOIAS,5209408,93831
GO|SAO DOMINGOS,5219803,95915
GO|ALVORADA DO NORTE,5200803,92150
GO|BURITINOPOLIS,5203962,93262
GO|DAMIANOPOLIS,5206701,93351
GO|MAMBAI,5212709,94498
GO|SITIO D ABADIA,5220702,96113
GO|POSSE,5218300,95613
GO|FLORES DE GOIAS,5207907,93599
GO|ALEXANIA,5200308,92053
GO|PIRENOPOLIS,5217302,95435
GO|CORUMBA DE GOIAS,5205802,93173
GO|ABADIANIA,5200100,92010
GO|VILA PROPICIO,5222302,93505
GO|NOVO GAMA,5215231,93327
GO|VALPARAISO DE GOIAS,5221858,93300
GO|LUZIANIA,5212501,94455
GO|CIDADE OCIDENTAL,5205497,93025
GO|SANTO ANTONIO DO DESCOBERTO,5219753,96776
GO|CRISTALINA,5206206,93254
GO|CABECEIRAS,5204003,92797
GO|MIMOSO DE GOIAS,5213053,92347
GO|FORMOSA,5208004,93610
GO|AGUAS LINDAS DE GOIAS,5200258,93343
GO|COCALZINHO DE GOIAS,5205513,92886
GO|PADRE BERNARDO,5215603,95095
GO|PLANALTINA,5217609,95958
GO|VILA BOA,5222203,93289
GO|AGUA FRIA DE GOIAS,5200175,96938
GO|CASTELANDIA,5205059,92967
GO|SANTA HELENA DE GOIAS,5219308,95818
GO|MONTIVIDIU,5213756,92363
GO|RIO VERDE,5218805,95710
GO|APARECIDA DO RIO DOCE,5201454,93009
GO|MAURILANDIA,5213004,94579
GO|SANTO ANTONIO DA BARRA,5219712,93203
GO|PORTELANDIA,5218102,95575
GO|APORE,5201504,92290
GO|JATAI,5211909,94331
GO|SANTA RITA DO ARAGUAIA,5219407,95834
GO|PEROLANDIA,5216452,93068
GO|MINEIROS,5213103,94595
GO|CAIAPONIA,5204409,92878
GO|DOVERLANDIA,5207253,96750
GO|SERRANOPOLIS,5220504,96075
GO|CHAPADAO DO CEU,5205471,92924
GO|PALESTINA DE GOIAS,5215652,92460
GO|VARJAO,5221908,96393
GO|EDEALINA,5207352,92207
GO|TURVELANDIA,5221551,92800
GO|EDEIA,5207402,93491
GO|PALMINOPOLIS,5215900,95150
GO|CEZARINA,5205455,92100
GO|ACREUNA,5200134,96458
GO|PARAUNA,5216403,95230
GO|JANDAIA,5211701,94293
GO|PALMEIRAS DE GOIAS,5215702,95117
GO|CAMPESTRE DE GOIAS,5204607,92916
GO|INDIARA,5209952,96814
GO|SAO JOAO DA PARAUNA,5220058,92622
GO|ALOANDIA,5200506,92096
GO|BURITI ALEGRE,5203906,92770
GO|JOVIANIA,5212105,94374
GO|BOM JESUS DE GOIAS,5203500,92690
GO|PANAMA,5216007,95176
GO|GOIATUBA,5209101,93793
GO|CACHOEIRA DOURADA,5204250,96733
GO|ITUMBIARA,5211503,94250
GO|CALDAS NOVAS,5204508,92894
GO|AGUA LIMPA,5200209,92037
GO|MARZAGAO,5212907,94536
GO|RIO QUENTE,5218789,92827
GO|MORRINHOS,5213806,94730
GO|PIRACANJUBA,5217104,95397
GO|MAIRIPOTABA,5212600,94471
GO|PROFESSOR JAMIL,5218391,93041
GO|CROMINIA,5206503,93319
GO|PONTALINA,5217708,95494
GO|VICENTINOPOLIS,5222054,96571
GO|PORTEIRAO,5218052,93424
GO|INACIOLANDIA,5209937,93165
GO|SILVANIA,5220603,96091
GO|SAO MIGUEL DO PASSA QUATRO,5220264,92665
GO|GAMELEIRA DE GOIAS,5208152,93564
GO|VIANOPOLIS,5222005,96415
GO|SANTA CRUZ DE GOIAS,5219209,95796
GO|ORIZONA,5215306,95036
GO|PALMELO,5215801,95133
GO|URUTAI,5221809,96377
GO|PIRES DO RIO,5217401,95451
GO|CRISTIANOPOLIS,5206305,93270
GO|CAMPO ALEGRE DE GOIAS,5204805,92959
GO|GOIANDIRA,5208509,93696
GO|CUMARI,5206602,93335
GO|DAVINOPOLIS,5206909,93394
GO|NOVA AURORA,5214804,94935
GO|IPAMERI,5210109,93971
GO|TRES RANCHOS,5221304,96237
GO|CATALAO,5205109,93017
GO|ANHANGUERA,5201207,92231
GO|OUVIDOR,5215504,95079
GO|CORUMBAIBA,5205901,93190
GO|LAGOA SANTA,5212253,93602
GO|CACU,5204300,92851
GO|ITAJA,5210802,94110
GO|CACHOEIRA ALTA,5204102,92819
GO|ITARUMA,5211305,94218
GO|GOUVELANDIA,5209150,92266
GO|PARANAIGUARA,5216304,94552
GO|QUIRINOPOLIS,5218508,95630
GO|SAO SIMAO,5220405,96059
DF|BRASILIA,5300108,97012
BA|SANTA TEREZINHA,2928505,38695
CE|ITAPAJE,2306306,14273
MT|POXOREU,5107008,91391
PA|SANTA IZABEL DO PARA,1506500,5290
PE|IGUARACY,2606903,24376
PR|MUNHOZ DE MELLO,4116307,77119
RN|ASSU,2400208,16039
SE|GRACCHO CARDOSO,2802601,31518
SP|FLORINEA,3516101,64238
