pair_id,cod_classe,cod_assunto,classe,assunto,n_2020,n_2024,n_total,family_micro,fam_subst13,fam_subst11,fam_theme9,fam_theme7,fam_triad3,fam_fine8,fam_fine7,fam_fine7_archive,fam_fine7_literal
1849,11532,11618,REGISTRO DE CANDIDATURA,Registro de Candidatura - RRC - Candidato,542211,451833,994044,drop,drop,drop,drop,drop,drop,drop,drop,drop,drop
1648,12193,11638,PRESTAÇÃO DE CONTAS ELEITORAIS,Cargo - Vereador,503296,409874,913170,drop,drop,drop,drop,drop,drop,drop,drop,drop,drop
1660,12193,11767,PRESTAÇÃO DE CONTAS ELEITORAIS,Partido Político - Órgão de Direção Municipal,64081,58085,122166,drop,drop,drop,drop,drop,drop,drop,drop,drop,drop
1847,11532,12044,REGISTRO DE CANDIDATURA,Registro de Candidatura - DRAP Partido/Coligação,61458,56184,117642,drop,drop,drop,drop,drop,drop,drop,drop,drop,drop
457,12550,12566,COMPOSIÇÃO DE MESA RECEPTORA,Ausência ou Abandono aos Trabalhos Eleitorais,22331,14470,36801,drop,drop,drop,drop,drop,drop,drop,drop,drop,drop
1647,12193,11633,PRESTAÇÃO DE CONTAS ELEITORAIS,Cargo - Prefeito,18009,13796,31805,drop,drop,drop,drop,drop,drop,drop,drop,drop,drop
535,156,12366,CUMPRIMENTO DE SENTENÇA,Execução - Cumprimento de Sentença,6591,17488,24079,drop,drop,drop,drop,drop,drop,drop,drop,drop,drop
1662,12193,12046,PRESTAÇÃO DE CONTAS ELEITORAIS,Prestação de Contas - De Candidato,7384,6261,13645,drop,drop,drop,drop,drop,drop,drop,drop,drop,drop
1848,11532,11617,REGISTRO DE CANDIDATURA,Registro de Candidatura - Preenchimento de Vaga Remanescente,7070,4159,11229,drop,drop,drop,drop,drop,drop,drop,drop,drop,drop
1938,11541,11667,REPRESENTAÇÃO,Propaganda Política - Propaganda Eleitoral - Extemporânea/Antecipada,5195,5581,10776,prop_timing,prop_timing,illegal_advertisement,illegal_advertisement,illegal_advertisement,information_env,illegal_advertisement,propaganda,propaganda,propaganda
523,156,11638,CUMPRIMENTO DE SENTENÇA,Cargo - Vereador,2925,7230,10155,drop,drop,drop,drop,drop,drop,drop,drop,drop,drop
1937,11541,12635,REPRESENTAÇÃO,Propaganda Política - Propaganda Eleitoral - Divulgação de Notícia  Sabidamente Falsa,3473,5143,8616,content_disinfo,content_disinfo,content_disinfo,content_disinfo,content_disinfo,information_env,content_disinfo,propaganda,propaganda,propaganda
1852,11532,11621,REGISTRO DE CANDIDATURA,Registro de Candidatura - Substituição de Candidato - Por Cancelamento de Registro,3805,4260,8065,drop,drop,drop,drop,drop,drop,drop,drop,drop,drop
1833,11532,11616,REGISTRO DE CANDIDATURA,Impugnação ao Registro de Candidatura,4807,3098,7905,candidacy_challenge,candidacy_challenge,candidacy_challenge,candidacy,candidacy,strategic_attack,eligibility,eligibility,eligibility,eligibility
20,11530,11714,APURAÇÃO DE ELEIÇÃO,Apuração/Totalização de Votos,4025,3730,7755,drop,drop,drop,drop,drop,drop,drop,drop,drop,drop
1946,11541,11679,REPRESENTAÇÃO,Propaganda Política - Propaganda Eleitoral - Internet,3657,3199,6856,prop_placement,prop_placement,illegal_advertisement,illegal_advertisement,illegal_advertisement,information_env,illegal_advertisement,propaganda,propaganda,propaganda
1913,11541,11649,REPRESENTAÇÃO,Pesquisa Eleitoral - Divulgação de Pesquisa Eleitoral Fraudulenta,2952,3849,6801,electoral_polls,electoral_polls,electoral_polls,electoral_polls,electoral_polls,information_env,pesquisa,pesquisa,pesquisa,pesquisa
1951,11541,12637,REPRESENTAÇÃO,Propaganda Política - Propaganda Eleitoral - Redes Sociais,3408,3018,6426,prop_placement,prop_placement,illegal_advertisement,illegal_advertisement,illegal_advertisement,information_env,illegal_advertisement,propaganda,propaganda,propaganda
816,12554,12586,FILIAÇÃO PARTIDÁRIA,Filiação Partidária - Lista Especial,4845,1332,6177,drop,drop,drop,drop,drop,drop,drop,drop,drop,drop
1850,11532,11619,REGISTRO DE CANDIDATURA,Registro de Candidatura - RRCI - Candidato Individual,3772,1827,5599,drop,drop,drop,drop,drop,drop,drop,drop,drop,drop
2228,12633,11638,REQUERIMENTO DE REGULARIZAÇÃO DE OMISSÃO DE PRESTAÇÃO DE CONTAS ELEITORAIS,Cargo - Vereador,4670,832,5502,drop,drop,drop,drop,drop,drop,drop,drop,drop,drop
814,12554,11757,FILIAÇÃO PARTIDÁRIA,Filiação Partidária - Coexistência,2186,2922,5108,drop,drop,drop,drop,drop,drop,drop,drop,drop,drop
123,11527,11718,AÇÃO DE INVESTIGAÇÃO JUDICIAL ELEITORAL,Abuso - De Poder Econômico,2427,2365,4792,abuse_economic,abuse_economic,abuse_economic,abuse_power,abuse_power,strategic_attack,abuse,abuse,abuse,abuse
2235,12633,11767,REQUERIMENTO DE REGULARIZAÇÃO DE OMISSÃO DE PRESTAÇÃO DE CONTAS ELEITORAIS,Partido Político - Órgão de Direção Municipal,3253,1320,4573,drop,drop,drop,drop,drop,drop,drop,drop,drop,drop
813,12554,11756,FILIAÇÃO PARTIDÁRIA,Filiação Partidária - Cancelamento,2588,1820,4408,drop,drop,drop,drop,drop,drop,drop,drop,drop,drop
1920,11541,11654,REPRESENTAÇÃO,Propaganda Política - Propaganda Eleitoral - Alto-falante/Amplificador de Som,1975,1624,3599,prop_placement,prop_placement,illegal_advertisement,illegal_advertisement,illegal_advertisement,information_env,illegal_advertisement,propaganda,propaganda,propaganda
1665,12193,12069,PRESTAÇÃO DE CONTAS ELEITORAIS,Prestação de Contas - de Partido Político,2285,1254,3539,drop,drop,drop,drop,drop,drop,drop,drop,drop,drop
2243,12633,12598,REQUERIMENTO DE REGULARIZAÇÃO DE OMISSÃO DE PRESTAÇÃO DE CONTAS ELEITORAIS,Requerimento de Regularização da Situação de Inadimplência de Prestação de Contas,3102,410,3512,drop,drop,drop,drop,drop,drop,drop,drop,drop,drop
1879,11541,11633,REPRESENTAÇÃO,Cargo - Prefeito,2661,841,3502,drop,drop,drop,drop,drop,drop,drop,drop,drop,drop
124,11527,11719,AÇÃO DE INVESTIGAÇÃO JUDICIAL ELEITORAL,Abuso - De Poder Político/Autoridade,1661,1721,3382,abuse_political,abuse_political,abuse_political,abuse_power,abuse_power,strategic_attack,abuse,abuse,abuse,abuse
1653,12193,11698,PRESTAÇÃO DE CONTAS ELEITORAIS,Contas - Não Apresentação das Contas,2315,950,3265,drop,drop,drop,drop,drop,drop,drop,drop,drop,drop
1194,12561,11679,NOTÍCIA DE IRREGULARIDADE EM PROPAGANDA ELEITORAL,Propaganda Política - Propaganda Eleitoral - Internet,2897,277,3174,prop_placement,prop_placement,illegal_advertisement,illegal_advertisement,illegal_advertisement,information_env,illegal_advertisement,propaganda,propaganda,propaganda
1171,12561,11655,NOTÍCIA DE IRREGULARIDADE EM PROPAGANDA ELEITORAL,Propaganda Política - Propaganda Eleitoral - Banner/Cartaz/Faixa,1725,1424,3149,prop_placement,prop_placement,illegal_advertisement,illegal_advertisement,illegal_advertisement,information_env,illegal_advertisement,propaganda,propaganda,propaganda
1915,11541,11651,REPRESENTAÇÃO,Pesquisa Eleitoral - Registro de Pesquisa Eleitoral,1324,1810,3134,electoral_polls,electoral_polls,electoral_polls,electoral_polls,electoral_polls,information_env,pesquisa,pesquisa,pesquisa,pesquisa
2197,12630,11700,REPRESENTAÇÃO ESPECIAL,Doação de Recursos Acima do Limite Legal - Pessoa Física,1253,1671,2924,campaign_finance,campaign_finance,campaign_finance,campaign_finance,campaign_finance,strategic_attack,abuse,abuse,abuse,drop
1939,11541,11668,REPRESENTAÇÃO,Propaganda Política - Propaganda Eleitoral - Folhetos/Volantes/Santinhos/Impressos,1206,1692,2898,prop_placement,prop_placement,illegal_advertisement,illegal_advertisement,illegal_advertisement,information_env,illegal_advertisement,propaganda,propaganda,propaganda
2288,14208,11698,SUSPENSÃO DE ÓRGÃO PARTIDÁRIO,Contas - Não Apresentação das Contas,1130,1638,2768,drop,drop,drop,drop,drop,drop,drop,drop,drop,drop
2291,14208,11767,SUSPENSÃO DE ÓRGÃO PARTIDÁRIO,Partido Político - Órgão de Direção Municipal,1382,1365,2747,drop,drop,drop,drop,drop,drop,drop,drop,drop,drop
1614,241,11778,PETIÇÃO CÍVEL,Requerimento,1680,1062,2742,drop,drop,drop,drop,drop,drop,drop,drop,drop,drop
620,12625,12635,DIREITO DE RESPOSTA,Propaganda Política - Propaganda Eleitoral - Divulgação de Notícia  Sabidamente Falsa,1143,1586,2729,content_disinfo,content_disinfo,content_disinfo,content_disinfo,content_disinfo,information_env,content_disinfo,propaganda,propaganda,propaganda
1914,11541,11650,REPRESENTAÇÃO,Pesquisa Eleitoral - Divulgação de Pesquisa Eleitoral Sem Prévio Registro,1354,1339,2693,electoral_polls,electoral_polls,electoral_polls,electoral_polls,electoral_polls,information_env,pesquisa,pesquisa,pesquisa,pesquisa
1100,12560,10741,LISTA DE APOIAMENTO PARA CRIAÇÃO DE PARTIDO POLÍTICO,Criação do Partido Político,2340,343,2683,drop,drop,drop,drop,drop,drop,drop,drop,drop,drop
1646,12193,12601,PRESTAÇÃO DE CONTAS ELEITORAIS,Candidato Não-Eleito,1521,1118,2639,drop,drop,drop,drop,drop,drop,drop,drop,drop,drop
1922,11541,11655,REPRESENTAÇÃO,Propaganda Política - Propaganda Eleitoral - Banner/Cartaz/Faixa,1256,1249,2505,prop_placement,prop_placement,illegal_advertisement,illegal_advertisement,illegal_advertisement,information_env,illegal_advertisement,propaganda,propaganda,propaganda
1808,12557,12055,RECURSO/IMPUGNAÇÃO DE ALISTAMENTO ELEITORAL,Impugnação - Transferência de Domicílio Eleitoral,596,1805,2401,drop,drop,drop,drop,drop,drop,drop,drop,drop,drop
1919,11541,11653,REPRESENTAÇÃO,Propaganda Política - Propaganda Eleitoral - Adesivo,1285,923,2208,prop_placement,prop_placement,illegal_advertisement,illegal_advertisement,illegal_advertisement,information_env,illegal_advertisement,propaganda,propaganda,propaganda
129,11527,12597,AÇÃO DE INVESTIGAÇÃO JUDICIAL ELEITORAL,Candidatura Fictícia,740,1440,2180,candidatura_ficticia,candidatura_ficticia,candidatura_ficticia,candidacy,candidacy,strategic_attack,eligibility,eligibility,drop,abuse
821,12554,12585,FILIAÇÃO PARTIDÁRIA,Reversão de Desfiliação,1098,898,1996,drop,drop,drop,drop,drop,drop,drop,drop,drop,drop
1925,11541,11658,REPRESENTAÇÃO,Propaganda Política - Propaganda Eleitoral - Bem Público,915,1074,1989,prop_placement,prop_placement,illegal_advertisement,illegal_advertisement,illegal_advertisement,information_env,illegal_advertisement,propaganda,propaganda,propaganda
1930,11541,11662,REPRESENTAÇÃO,Propaganda Política - Propaganda Eleitoral - Comício/Showmício,1324,600,1924,prop_placement,prop_placement,illegal_advertisement,illegal_advertisement,illegal_advertisement,information_env,illegal_advertisement,propaganda,propaganda,propaganda
1921,11541,12639,REPRESENTAÇÃO,Propaganda Política - Propaganda Eleitoral - Aplicativo de Mensagem Instantânea,991,900,1891,prop_placement,prop_placement,illegal_advertisement,illegal_advertisement,illegal_advertisement,information_env,illegal_advertisement,propaganda,propaganda,propaganda
1615,241,12599,PETIÇÃO CÍVEL,Requerimento de Acesso ao Sistema Interno de Controle e Dados de Pesquisas Eleitorais,773,1107,1880,drop,drop,drop,drop,drop,drop,drop,drop,drop,drop
1616,241,12598,PETIÇÃO CÍVEL,Requerimento de Regularização da Situação de Inadimplência de Prestação de Contas,1607,166,1773,drop,drop,drop,drop,drop,drop,drop,drop,drop,drop
1168,12561,11653,NOTÍCIA DE IRREGULARIDADE EM PROPAGANDA ELEITORAL,Propaganda Política - Propaganda Eleitoral - Adesivo,1182,541,1723,prop_placement,prop_placement,illegal_advertisement,illegal_advertisement,illegal_advertisement,information_env,illegal_advertisement,propaganda,propaganda,propaganda
2194,12630,12063,REPRESENTAÇÃO ESPECIAL,Conduta Vedada ao Agente Público,544,1133,1677,abuse_political,abuse_political,abuse_political,abuse_power,abuse_power,strategic_attack,abuse,abuse,abuse,abuse
1186,12561,11667,NOTÍCIA DE IRREGULARIDADE EM PROPAGANDA ELEITORAL,Propaganda Política - Propaganda Eleitoral - Extemporânea/Antecipada,1474,172,1646,prop_timing,prop_timing,illegal_advertisement,illegal_advertisement,illegal_advertisement,information_env,illegal_advertisement,propaganda,propaganda,propaganda
1797,12557,11576,RECURSO/IMPUGNAÇÃO DE ALISTAMENTO ELEITORAL,Alistamento Eleitoral - Domicílio Eleitoral,686,935,1621,drop,drop,drop,drop,drop,drop,drop,drop,drop,drop
1402,241,12362,PETIÇÃO CÍVEL,Autorização de Divulgação de Publicidade Institucional,581,1008,1589,drop,drop,drop,drop,drop,drop,drop,drop,drop,drop
460,12550,11642,COMPOSIÇÃO DE MESA RECEPTORA,Eleições - 1° Turno,842,734,1576,drop,drop,drop,drop,drop,drop,drop,drop,drop,drop
1169,12561,11654,NOTÍCIA DE IRREGULARIDADE EM PROPAGANDA ELEITORAL,Propaganda Política - Propaganda Eleitoral - Alto-falante/Amplificador de Som,1093,470,1563,prop_placement,prop_placement,illegal_advertisement,illegal_advertisement,illegal_advertisement,information_env,illegal_advertisement,propaganda,propaganda,propaganda
1949,11541,11681,REPRESENTAÇÃO,Propaganda Política - Propaganda Eleitoral - Outdoors,677,837,1514,prop_placement,prop_placement,illegal_advertisement,illegal_advertisement,illegal_advertisement,information_env,illegal_advertisement,propaganda,propaganda,propaganda
1944,11541,12638,REPRESENTAÇÃO,Propaganda Política - Propaganda Eleitoral - Impulsionamento,790,724,1514,prop_placement,prop_placement,illegal_advertisement,illegal_advertisement,illegal_advertisement,information_env,illegal_advertisement,propaganda,propaganda,propaganda
376,261,11783,CARTA PRECATÓRIA CÍVEL,Citação,524,985,1509,drop,drop,drop,drop,drop,drop,drop,drop,drop,drop
2241,12633,12725,REQUERIMENTO DE REGULARIZAÇÃO DE OMISSÃO DE PRESTAÇÃO DE CONTAS ELEITORAIS,Regularização de Contas Eleitorais,1381,125,1506,drop,drop,drop,drop,drop,drop,drop,drop,drop,drop
1941,11541,11671,REPRESENTAÇÃO,Propaganda Política - Propaganda Eleitoral - Horário Eleitoral Gratuito/Inserções de Propaganda,852,628,1480,prop_regulatory,prop_regulatory,illegal_advertisement,illegal_advertisement,illegal_advertisement,information_env,illegal_advertisement,propaganda,propaganda,propaganda
1199,12561,12637,NOTÍCIA DE IRREGULARIDADE EM PROPAGANDA ELEITORAL,Propaganda Política - Propaganda Eleitoral - Redes Sociais,903,569,1472,prop_placement,prop_placement,illegal_advertisement,illegal_advertisement,illegal_advertisement,information_env,illegal_advertisement,propaganda,propaganda,propaganda
522,156,11633,CUMPRIMENTO DE SENTENÇA,Cargo - Prefeito,565,893,1458,drop,drop,drop,drop,drop,drop,drop,drop,drop,drop
151,11527,11596,AÇÃO DE INVESTIGAÇÃO JUDICIAL ELEITORAL,Inelegibilidade - Abuso do Poder Econômico ou Político,638,772,1410,abuse_economic,abuse_economic,abuse_economic,abuse_power,abuse_power,strategic_attack,abuse,abuse,abuse,eligibility
924,279,11501,INQUÉRITO POLICIAL,Corrupção Eleitoral,588,699,1287,crime_vote,crime_vote,crime_vote,crime_vote,criminal,criminal,vote_crime,vote_crime,vote_crime,vote_crime
1174,12561,11658,NOTÍCIA DE IRREGULARIDADE EM PROPAGANDA ELEITORAL,Propaganda Política - Propaganda Eleitoral - Bem Público,702,530,1232,prop_placement,prop_placement,illegal_advertisement,illegal_advertisement,illegal_advertisement,information_env,illegal_advertisement,propaganda,propaganda,propaganda
1890,11541,11593,REPRESENTAÇÃO,Direito de Resposta,717,444,1161,content_disinfo,content_disinfo,content_disinfo,content_disinfo,content_disinfo,information_env,reply,reply,reply,reply
2307,278,11513,TERMO CIRCUNSTANCIADO,Arregimentação de Eleitor ou Boca de Urna,827,292,1119,crime_vote,crime_vote,crime_vote,crime_vote,criminal,criminal,vote_crime,vote_crime,vote_crime,vote_crime
1931,11541,11663,REPRESENTAÇÃO,Propaganda Política - Propaganda Eleitoral - Conduta Vedada a Emissora de Rádio/Televisão na Programação Normal,674,432,1106,prop_regulatory,prop_regulatory,illegal_advertisement,illegal_advertisement,illegal_advertisement,information_env,illegal_advertisement,propaganda,propaganda,propaganda
1142,12561,11633,NOTÍCIA DE IRREGULARIDADE EM PROPAGANDA ELEITORAL,Cargo - Prefeito,946,141,1087,drop,drop,drop,drop,drop,drop,drop,drop,drop,drop
1948,11541,11680,REPRESENTAÇÃO,Propaganda Política - Propaganda Eleitoral - Omissão de Informações Obrigatórias,411,626,1037,prop_regulatory,prop_regulatory,illegal_advertisement,illegal_advertisement,illegal_advertisement,information_env,illegal_advertisement,propaganda,propaganda,propaganda
1172,12561,11656,NOTÍCIA DE IRREGULARIDADE EM PROPAGANDA ELEITORAL,Propaganda Política - Propaganda Eleitoral - Bem Particular,561,474,1035,prop_placement,prop_placement,illegal_advertisement,illegal_advertisement,illegal_advertisement,information_env,illegal_advertisement,propaganda,propaganda,propaganda
1957,11541,11723,REPRESENTAÇÃO,Propaganda Política - Propaganda Institucional,607,420,1027,prop_regulatory,prop_regulatory,illegal_advertisement,illegal_advertisement,illegal_advertisement,information_env,illegal_advertisement,propaganda,propaganda,abuse
1923,11541,11656,REPRESENTAÇÃO,Propaganda Política - Propaganda Eleitoral - Bem Particular,492,496,988,prop_placement,prop_placement,illegal_advertisement,illegal_advertisement,illegal_advertisement,information_env,illegal_advertisement,propaganda,propaganda,propaganda
1945,11541,11678,REPRESENTAÇÃO,Propaganda Política - Propaganda Eleitoral - Inobservância do Limite Legal,697,275,972,prop_regulatory,prop_regulatory,illegal_advertisement,illegal_advertisement,illegal_advertisement,information_env,illegal_advertisement,propaganda,propaganda,propaganda
468,12550,12568,COMPOSIÇÃO DE MESA RECEPTORA,Pedido de Dispensa de Convocação para Trabalhos Eleitorais,514,432,946,drop,drop,drop,drop,drop,drop,drop,drop,drop,drop
815,12554,11758,FILIAÇÃO PARTIDÁRIA,Filiação Partidária - Exclusão,669,274,943,drop,drop,drop,drop,drop,drop,drop,drop,drop,drop
598,12625,11633,DIREITO DE RESPOSTA,Cargo - Prefeito,445,496,941,drop,drop,drop,drop,drop,drop,drop,drop,drop,drop
629,12625,11679,DIREITO DE RESPOSTA,Propaganda Política - Propaganda Eleitoral - Internet,421,512,933,prop_placement,prop_placement,illegal_advertisement,illegal_advertisement,illegal_advertisement,information_env,illegal_advertisement,propaganda,propaganda,propaganda
1896,11541,11642,REPRESENTAÇÃO,Eleições - 1° Turno,675,258,933,drop,drop,drop,drop,drop,drop,drop,drop,drop,drop
1918,11541,11652,REPRESENTAÇÃO,Propaganda Política - Propaganda Eleitoral,40,886,926,prop_placement,prop_placement,illegal_advertisement,illegal_advertisement,illegal_advertisement,information_env,illegal_advertisement,propaganda,propaganda,propaganda
1906,11541,11596,REPRESENTAÇÃO,Inelegibilidade - Abuso do Poder Econômico ou Político,556,361,917,abuse_economic,abuse_economic,abuse_economic,abuse_power,abuse_power,strategic_attack,abuse,abuse,abuse,eligibility
1955,11541,11675,REPRESENTAÇÃO,Propaganda Política - Propaganda Eleitoral - Televisão,493,401,894,prop_placement,prop_placement,illegal_advertisement,illegal_advertisement,illegal_advertisement,information_env,illegal_advertisement,propaganda,propaganda,propaganda
1645,12193,12600,PRESTAÇÃO DE CONTAS ELEITORAIS,Candidato Eleito,653,216,869,drop,drop,drop,drop,drop,drop,drop,drop,drop,drop
1603,241,11618,PETIÇÃO CÍVEL,Registro de Candidatura - RRC - Candidato,616,250,866,drop,drop,drop,drop,drop,drop,drop,drop,drop,drop
1928,11541,15016,REPRESENTAÇÃO,Propaganda Política - Propaganda Eleitoral - Carreata/Caminhada/Passeata,7,850,857,prop_placement,prop_placement,illegal_advertisement,illegal_advertisement,illegal_advertisement,information_env,illegal_advertisement,propaganda,propaganda,propaganda
1932,11541,11664,REPRESENTAÇÃO,"Propaganda Política - Propaganda Eleitoral - Confecção, Utilização ou Distribuição de Brinde",422,431,853,prop_placement,prop_placement,illegal_advertisement,illegal_advertisement,illegal_advertisement,information_env,illegal_advertisement,propaganda,propaganda,propaganda
1181,12561,11664,NOTÍCIA DE IRREGULARIDADE EM PROPAGANDA ELEITORAL,"Propaganda Política - Propaganda Eleitoral - Confecção, Utilização ou Distribuição de Brinde",670,162,832,prop_placement,prop_placement,illegal_advertisement,illegal_advertisement,illegal_advertisement,information_env,illegal_advertisement,propaganda,propaganda,propaganda
1299,12562,12360,PET-ADM,Matéria Administrativa,799,0,799,drop,drop,drop,drop,drop,drop,drop,drop,drop,drop
978,279,11473,INQUÉRITO POLICIAL,Falsidade Ideológica,512,274,786,crime_speech,crime_speech,crime_speech,crime_speech,criminal,criminal,speech_crime,speech_crime,speech_crime,vote_crime
1880,11541,11638,REPRESENTAÇÃO,Cargo - Vereador,556,227,783,drop,drop,drop,drop,drop,drop,drop,drop,drop,drop
1764,1298,12360,PROCESSO ADMINISTRATIVO,Matéria Administrativa,341,433,774,drop,drop,drop,drop,drop,drop,drop,drop,drop,drop
1924,11541,11657,REPRESENTAÇÃO,Propaganda Política - Propaganda Eleitoral - Bem Particular de Uso Comum,409,364,773,prop_placement,prop_placement,illegal_advertisement,illegal_advertisement,illegal_advertisement,information_env,illegal_advertisement,propaganda,propaganda,propaganda
1187,12561,11668,NOTÍCIA DE IRREGULARIDADE EM PROPAGANDA ELEITORAL,Propaganda Política - Propaganda Eleitoral - Folhetos/Volantes/Santinhos/Impressos,520,226,746,prop_placement,prop_placement,illegal_advertisement,illegal_advertisement,illegal_advertisement,information_env,illegal_advertisement,propaganda,propaganda,propaganda
125,11527,11720,AÇÃO DE INVESTIGAÇÃO JUDICIAL ELEITORAL,Abuso - Uso Indevido de Meio de Comunicação Social,323,405,728,abuse_political,abuse_political,abuse_political,abuse_power,abuse_power,strategic_attack,abuse,abuse,abuse,abuse
1167,12561,11652,NOTÍCIA DE IRREGULARIDADE EM PROPAGANDA ELEITORAL,Propaganda Política - Propaganda Eleitoral,412,315,727,prop_placement,prop_placement,illegal_advertisement,illegal_advertisement,illegal_advertisement,information_env,illegal_advertisement,propaganda,propaganda,propaganda
1416,241,11638,PETIÇÃO CÍVEL,Cargo - Vereador,546,176,722,drop,drop,drop,drop,drop,drop,drop,drop,drop,drop
1952,11541,11673,REPRESENTAÇÃO,Propaganda Política - Propaganda Eleitoral - Rádio,354,366,720,prop_placement,prop_placement,illegal_advertisement,illegal_advertisement,illegal_advertisement,information_env,illegal_advertisement,propaganda,propaganda,propaganda
908,279,10751,INQUÉRITO POLICIAL,Captação ilícita de votos ou corrupção eleitoral,290,417,707,crime_vote,crime_vote,crime_vote,crime_vote,criminal,criminal,vote_crime,vote_crime,vote_crime,vote_crime
1576,241,11670,PETIÇÃO CÍVEL,Propaganda Política - Propaganda Eleitoral - Distribuição de Tempo de Propaganda,144,560,704,drop,drop,drop,drop,drop,drop,drop,drop,drop,propaganda
2002,272,11484,REPRESENTAÇÃO CRIMINAL/NOTÍCIA DE CRIME,Calúnia na Propaganda Eleitoral,414,284,698,crime_speech,crime_speech,crime_speech,crime_speech,criminal,criminal,speech_crime,speech_crime,speech_crime,speech_crime
1173,12561,11657,NOTÍCIA DE IRREGULARIDADE EM PROPAGANDA ELEITORAL,Propaganda Política - Propaganda Eleitoral - Bem Particular de Uso Comum,369,268,637,prop_placement,prop_placement,illegal_advertisement,illegal_advertisement,illegal_advertisement,information_env,illegal_advertisement,propaganda,propaganda,propaganda
383,261,11778,CARTA PRECATÓRIA CÍVEL,Requerimento,357,278,635,drop,drop,drop,drop,drop,drop,drop,drop,drop,drop
1145,12561,11638,NOTÍCIA DE IRREGULARIDADE EM PROPAGANDA ELEITORAL,Cargo - Vereador,567,60,627,drop,drop,drop,drop,drop,drop,drop,drop,drop,drop
380,261,11782,CARTA PRECATÓRIA CÍVEL,Intimação,290,331,621,drop,drop,drop,drop,drop,drop,drop,drop,drop,drop
1966,11541,11778,REPRESENTAÇÃO,Requerimento,460,159,619,drop,drop,drop,drop,drop,drop,drop,drop,drop,drop
634,12625,12637,DIREITO DE RESPOSTA,Propaganda Política - Propaganda Eleitoral - Redes Sociais,244,363,607,prop_placement,prop_placement,illegal_advertisement,illegal_advertisement,illegal_advertisement,information_env,illegal_advertisement,propaganda,propaganda,propaganda
1444,241,11753,PETIÇÃO CÍVEL,Convenção Partidária,393,205,598,drop,drop,drop,drop,drop,drop,drop,drop,drop,drop
1118,120,12592,MANDADO DE SEGURANÇA CÍVEL,Direito Líquido e Certo,352,228,580,drop,drop,drop,drop,drop,drop,drop,drop,drop,drop
1991,272,11513,REPRESENTAÇÃO CRIMINAL/NOTÍCIA DE CRIME,Arregimentação de Eleitor ou Boca de Urna,274,299,573,crime_vote,crime_vote,crime_vote,crime_vote,criminal,criminal,vote_crime,vote_crime,vote_crime,vote_crime
316,12549,11575,CANCELAMENTO DE INSCRIÇÃO ELEITORAL (CIE),Alistamento Eleitoral - Cancelamento,155,397,552,drop,drop,drop,drop,drop,drop,drop,drop,drop,drop
637,12625,11675,DIREITO DE RESPOSTA,Propaganda Política - Propaganda Eleitoral - Televisão,302,230,532,prop_placement,prop_placement,illegal_advertisement,illegal_advertisement,illegal_advertisement,information_env,illegal_advertisement,propaganda,propaganda,propaganda
624,12625,11671,DIREITO DE RESPOSTA,Propaganda Política - Propaganda Eleitoral - Horário Eleitoral Gratuito/Inserções de Propaganda,279,245,524,prop_regulatory,prop_regulatory,illegal_advertisement,illegal_advertisement,illegal_advertisement,information_env,illegal_advertisement,propaganda,propaganda,propaganda
205,11528,11501,AÇÃO PENAL ELEITORAL,Corrupção Eleitoral,353,170,523,crime_vote,crime_vote,crime_vote,crime_vote,criminal,criminal,vote_crime,vote_crime,vote_crime,vote_crime
1468,241,11642,PETIÇÃO CÍVEL,Eleições - 1° Turno,294,227,521,drop,drop,drop,drop,drop,drop,drop,drop,drop,drop
2312,278,10755,TERMO CIRCUNSTANCIADO,Boca de urna,166,330,496,crime_vote,crime_vote,crime_vote,crime_vote,criminal,criminal,vote_crime,vote_crime,vote_crime,drop
1571,241,11662,PETIÇÃO CÍVEL,Propaganda Política - Propaganda Eleitoral - Comício/Showmício,274,221,495,drop,drop,drop,drop,drop,drop,drop,drop,drop,propaganda
1436,241,11592,PETIÇÃO CÍVEL,Condição de Elegibilidade - Quitação Eleitoral,326,164,490,drop,drop,drop,drop,drop,drop,drop,drop,drop,eligibility
2190,12630,12062,REPRESENTAÇÃO ESPECIAL,Captação ou Gasto Ilícito de Recursos Financeiros de Campanha Eleitoral,347,135,482,campaign_finance,campaign_finance,campaign_finance,campaign_finance,campaign_finance,strategic_attack,abuse,abuse,abuse,abuse
1008,279,11438,INQUÉRITO POLICIAL,Inscrição Fraudulenta,160,321,481,crime_other,crime_other,crime_other,crime_other,criminal,criminal,vote_crime,vote_crime,drop,drop
1942,11541,11672,REPRESENTAÇÃO,Propaganda Política - Propaganda Eleitoral - Horário Eleitoral Gratuito/Programa em Bloco,293,180,473,prop_regulatory,prop_regulatory,illegal_advertisement,illegal_advertisement,illegal_advertisement,information_env,illegal_advertisement,propaganda,propaganda,propaganda
549,156,12046,CUMPRIMENTO DE SENTENÇA,Prestação de Contas - De Candidato,229,242,471,drop,drop,drop,drop,drop,drop,drop,drop,drop,drop
1554,241,11651,PETIÇÃO CÍVEL,Pesquisa Eleitoral - Registro de Pesquisa Eleitoral,178,291,469,drop,drop,drop,drop,drop,drop,drop,drop,drop,pesquisa
1409,241,12363,PETIÇÃO CÍVEL,Cancelamento de Registro de Candidatura,313,152,465,drop,drop,drop,drop,drop,drop,drop,drop,drop,drop
346,258,11782,CARTA DE ORDEM CÍVEL,Intimação,234,230,464,drop,drop,drop,drop,drop,drop,drop,drop,drop,drop
1936,11541,11670,REPRESENTAÇÃO,Propaganda Política - Propaganda Eleitoral - Distribuição de Tempo de Propaganda,397,66,463,prop_regulatory,prop_regulatory,illegal_advertisement,illegal_advertisement,illegal_advertisement,information_env,illegal_advertisement,propaganda,propaganda,propaganda
161,11527,11605,AÇÃO DE INVESTIGAÇÃO JUDICIAL ELEITORAL,Inelegibilidade - Representação ou Ação de Investigação Judicial Eleitoral Jugada Procedente pela Justiça Eleitoral,220,237,457,candidacy_challenge,candidacy_challenge,candidacy_challenge,candidacy,candidacy,strategic_attack,eligibility,eligibility,eligibility,eligibility
473,12550,14224,COMPOSIÇÃO DE MESA RECEPTORA,Requerimento de justificativa por ausência ou abandono dos trabalhos eleitorais,16,440,456,drop,drop,drop,drop,drop,drop,drop,drop,drop,drop
342,258,11783,CARTA DE ORDEM CÍVEL,Citação,152,303,455,drop,drop,drop,drop,drop,drop,drop,drop,drop,drop
187,11528,11513,AÇÃO PENAL ELEITORAL,Arregimentação de Eleitor ou Boca de Urna,291,163,454,crime_vote,crime_vote,crime_vote,crime_vote,criminal,criminal,vote_crime,vote_crime,vote_crime,vote_crime
2189,12630,11721,REPRESENTAÇÃO ESPECIAL,Captação Ilícita de Sufrágio,224,227,451,abuse_economic,abuse_economic,abuse_economic,abuse_power,abuse_power,strategic_attack,abuse,abuse,abuse,abuse
2236,12633,12046,REQUERIMENTO DE REGULARIZAÇÃO DE OMISSÃO DE PRESTAÇÃO DE CONTAS ELEITORAIS,Prestação de Contas - De Candidato,424,23,447,drop,drop,drop,drop,drop,drop,drop,drop,drop,drop
1414,241,11633,PETIÇÃO CÍVEL,Cargo - Prefeito,305,139,444,drop,drop,drop,drop,drop,drop,drop,drop,drop,drop
820,12554,11778,FILIAÇÃO PARTIDÁRIA,Requerimento,190,254,444,drop,drop,drop,drop,drop,drop,drop,drop,drop,drop
2020,272,11501,REPRESENTAÇÃO CRIMINAL/NOTÍCIA DE CRIME,Corrupção Eleitoral,199,245,444,crime_vote,crime_vote,crime_vote,crime_vote,criminal,criminal,vote_crime,vote_crime,vote_crime,vote_crime
1440,241,11695,PETIÇÃO CÍVEL,Contas - Aprovação das Contas,393,49,442,drop,drop,drop,drop,drop,drop,drop,drop,drop,drop
1933,11541,11665,REPRESENTAÇÃO,Propaganda Política - Propaganda Eleitoral - Contrariedade à Lei de Postura Municipal,401,30,431,prop_regulatory,prop_regulatory,illegal_advertisement,illegal_advertisement,illegal_advertisement,information_env,illegal_advertisement,propaganda,propaganda,propaganda
23,11530,11642,APURAÇÃO DE ELEIÇÃO,Eleições - 1° Turno,227,204,431,drop,drop,drop,drop,drop,drop,drop,drop,drop,drop
1956,11541,11683,REPRESENTAÇÃO,"Propaganda Política - Propaganda Eleitoral - Truncagem, Montagem, Utilização de Gravação Externa, Computação Gráfica, Desenho Animado ou Efeito Especial",228,199,427,content_disinfo,content_disinfo,content_disinfo,content_disinfo,content_disinfo,information_env,content_disinfo,propaganda,propaganda,propaganda
635,12625,11673,DIREITO DE RESPOSTA,Propaganda Política - Propaganda Eleitoral - Rádio,169,257,426,prop_placement,prop_placement,illegal_advertisement,illegal_advertisement,illegal_advertisement,information_env,illegal_advertisement,propaganda,propaganda,propaganda
2351,278,11514,TERMO CIRCUNSTANCIADO,Divulgação de Propaganda Eleitoral no Dia da Eleição,238,185,423,crime_other,crime_other,crime_other,crime_other,criminal,criminal,vote_crime,vote_crime,drop,vote_crime
2001,272,3395,REPRESENTAÇÃO CRIMINAL/NOTÍCIA DE CRIME,Calúnia,235,185,420,crime_speech,crime_speech,crime_speech,crime_speech,criminal,criminal,speech_crime,speech_crime,speech_crime,speech_crime
1498,241,11616,PETIÇÃO CÍVEL,Impugnação ao Registro de Candidatura,298,121,419,candidacy_challenge,candidacy_challenge,candidacy_challenge,candidacy,candidacy,strategic_attack,eligibility,eligibility,eligibility,eligibility
2231,12633,11698,REQUERIMENTO DE REGULARIZAÇÃO DE OMISSÃO DE PRESTAÇÃO DE CONTAS ELEITORAIS,Contas - Não Apresentação das Contas,386,25,411,drop,drop,drop,drop,drop,drop,drop,drop,drop,drop
354,355,11783,CARTA PRECATÓRIA CRIMINAL,Citação,219,190,409,drop,drop,drop,drop,drop,drop,drop,drop,drop,drop
1595,241,12463,PETIÇÃO CÍVEL,Providência,271,138,409,drop,drop,drop,drop,drop,drop,drop,drop,drop,drop
899,279,11513,INQUÉRITO POLICIAL,Arregimentação de Eleitor ou Boca de Urna,195,213,408,crime_vote,crime_vote,crime_vote,crime_vote,criminal,criminal,vote_crime,vote_crime,vote_crime,vote_crime
94,11526,12597,AÇÃO DE IMPUGNAÇÃO DE MANDATO ELETIVO,Candidatura Fictícia,243,161,404,candidatura_ficticia,candidatura_ficticia,candidatura_ficticia,candidacy,candidacy,strategic_attack,eligibility,eligibility,drop,abuse
907,279,11484,INQUÉRITO POLICIAL,Calúnia na Propaganda Eleitoral,226,177,403,crime_speech,crime_speech,crime_speech,crime_speech,criminal,criminal,speech_crime,speech_crime,speech_crime,speech_crime
1179,12561,11662,NOTÍCIA DE IRREGULARIDADE EM PROPAGANDA ELEITORAL,Propaganda Política - Propaganda Eleitoral - Comício/Showmício,331,70,401,prop_placement,prop_placement,illegal_advertisement,illegal_advertisement,illegal_advertisement,information_env,illegal_advertisement,propaganda,propaganda,propaganda
1912,11541,11648,REPRESENTAÇÃO,Pesquisa Eleitoral,1,388,389,electoral_polls,electoral_polls,electoral_polls,electoral_polls,electoral_polls,information_env,pesquisa,pesquisa,pesquisa,pesquisa
806,12554,11577,FILIAÇÃO PARTIDÁRIA,Alistamento Eleitoral - Duplicidade/Pluralidade,385,0,385,drop,drop,drop,drop,drop,drop,drop,drop,drop,drop
543,156,11767,CUMPRIMENTO DE SENTENÇA,Partido Político - Órgão de Direção Municipal,97,276,373,drop,drop,drop,drop,drop,drop,drop,drop,drop,drop
1894,11541,11700,REPRESENTAÇÃO,Doação de Recursos Acima do Limite Legal - Pessoa Física,301,58,359,campaign_finance,campaign_finance,campaign_finance,campaign_finance,campaign_finance,strategic_attack,abuse,abuse,abuse,drop
366,355,11782,CARTA PRECATÓRIA CRIMINAL,Intimação,202,148,350,drop,drop,drop,drop,drop,drop,drop,drop,drop,drop
1560,241,12642,PETIÇÃO CÍVEL,Processamento de Recurso Contra Expedição de Diploma,200,148,348,drop,drop,drop,drop,drop,drop,drop,drop,drop,drop
1170,12561,12639,NOTÍCIA DE IRREGULARIDADE EM PROPAGANDA ELEITORAL,Propaganda Política - Propaganda Eleitoral - Aplicativo de Mensagem Instantânea,250,95,345,prop_placement,prop_placement,illegal_advertisement,illegal_advertisement,illegal_advertisement,information_env,illegal_advertisement,propaganda,propaganda,propaganda
1433,241,11589,PETIÇÃO CÍVEL,Condição de Elegibilidade - Filiação Partidária,256,88,344,drop,drop,drop,drop,drop,drop,drop,drop,drop,eligibility
2060,272,11486,REPRESENTAÇÃO CRIMINAL/NOTÍCIA DE CRIME,Difamação na Propaganda Eleitoral,204,136,340,crime_speech,crime_speech,crime_speech,crime_speech,criminal,criminal,speech_crime,speech_crime,speech_crime,speech_crime
1156,12561,11642,NOTÍCIA DE IRREGULARIDADE EM PROPAGANDA ELEITORAL,Eleições - 1° Turno,317,18,335,drop,drop,drop,drop,drop,drop,drop,drop,drop,drop
1884,11541,12063,REPRESENTAÇÃO,Conduta Vedada ao Agente Público,260,72,332,abuse_political,abuse_political,abuse_political,abuse_power,abuse_power,strategic_attack,abuse,abuse,abuse,abuse
1068,279,11475,INQUÉRITO POLICIAL,Uso de Documento Falso para Fins Eleitorais,40,285,325,crime_other,crime_other,crime_other,crime_other,criminal,criminal,vote_crime,vote_crime,drop,drop
2064,272,11514,REPRESENTAÇÃO CRIMINAL/NOTÍCIA DE CRIME,Divulgação de Propaganda Eleitoral no Dia da Eleição,229,95,324,crime_other,crime_other,crime_other,crime_other,criminal,criminal,vote_crime,vote_crime,drop,vote_crime
1193,12561,11678,NOTÍCIA DE IRREGULARIDADE EM PROPAGANDA ELEITORAL,Propaganda Política - Propaganda Eleitoral - Inobservância do Limite Legal,271,49,320,prop_regulatory,prop_regulatory,illegal_advertisement,illegal_advertisement,illegal_advertisement,information_env,illegal_advertisement,propaganda,propaganda,propaganda
963,279,11486,INQUÉRITO POLICIAL,Difamação na Propaganda Eleitoral,141,178,319,crime_speech,crime_speech,crime_speech,crime_speech,criminal,criminal,speech_crime,speech_crime,speech_crime,speech_crime
1592,241,11723,PETIÇÃO CÍVEL,Propaganda Política - Propaganda Institucional,269,48,317,drop,drop,drop,drop,drop,drop,drop,drop,drop,abuse
1943,11541,11677,REPRESENTAÇÃO,Propaganda Política - Propaganda Eleitoral - Imprensa Escrita - Jornal/Revista/Tabloide,214,99,313,prop_placement,prop_placement,illegal_advertisement,illegal_advertisement,illegal_advertisement,information_env,illegal_advertisement,propaganda,propaganda,propaganda
1386,241,11718,PETIÇÃO CÍVEL,Abuso - De Poder Econômico,197,116,313,drop,drop,drop,drop,drop,drop,drop,drop,drop,abuse
89,11526,11718,AÇÃO DE IMPUGNAÇÃO DE MANDATO ELETIVO,Abuso - De Poder Econômico,173,136,309,abuse_economic,abuse_economic,abuse_economic,abuse_power,abuse_power,strategic_attack,abuse,abuse,abuse,abuse
786,12729,12731,EXECUÇÃO DE MEDIDAS ALTERNATIVAS NO JUÍZO COMUM,Transação Penal,152,149,301,drop,drop,drop,drop,drop,drop,drop,drop,drop,drop
714,12729,11513,EXECUÇÃO DE MEDIDAS ALTERNATIVAS NO JUÍZO COMUM,Arregimentação de Eleitor ou Boca de Urna,123,176,299,drop,drop,drop,drop,drop,drop,drop,drop,drop,vote_crime
1820,11532,11638,REGISTRO DE CANDIDATURA,Cargo - Vereador,265,32,297,drop,drop,drop,drop,drop,drop,drop,drop,drop,drop
1610,241,11627,PETIÇÃO CÍVEL,Registro de Candidatura - Substituição de Candidato - Por Renúncia,171,124,295,drop,drop,drop,drop,drop,drop,drop,drop,drop,drop
1959,11541,11773,REPRESENTAÇÃO,Propaganda Política - Propaganda Partidária,218,74,292,prop_placement,prop_placement,illegal_advertisement,illegal_advertisement,illegal_advertisement,information_env,illegal_advertisement,propaganda,propaganda,propaganda
2196,12630,11699,REPRESENTAÇÃO ESPECIAL,Doação de Recursos Acima do Limite Legal,113,170,283,campaign_finance,campaign_finance,campaign_finance,campaign_finance,campaign_finance,strategic_attack,abuse,abuse,abuse,drop
1197,12561,11681,NOTÍCIA DE IRREGULARIDADE EM PROPAGANDA ELEITORAL,Propaganda Política - Propaganda Eleitoral - Outdoors,137,138,275,prop_placement,prop_placement,illegal_advertisement,illegal_advertisement,illegal_advertisement,information_env,illegal_advertisement,propaganda,propaganda,propaganda
133,11527,11638,AÇÃO DE INVESTIGAÇÃO JUDICIAL ELEITORAL,Cargo - Vereador,124,144,268,drop,drop,drop,drop,drop,drop,drop,drop,drop,drop
1960,11541,15141,REPRESENTAÇÃO,Propaganda Política Irregular,0,264,264,prop_placement,prop_placement,illegal_advertisement,illegal_advertisement,illegal_advertisement,information_env,illegal_advertisement,propaganda,propaganda,propaganda
1796,12557,11575,RECURSO/IMPUGNAÇÃO DE ALISTAMENTO ELEITORAL,Alistamento Eleitoral - Cancelamento,115,149,264,drop,drop,drop,drop,drop,drop,drop,drop,drop,drop
1947,11541,11676,REPRESENTAÇÃO,Propaganda Política - Propaganda Eleitoral - Invasão de Horário Destinado a Outro Cargo/Partido/Coligação,116,147,263,prop_regulatory,prop_regulatory,illegal_advertisement,illegal_advertisement,illegal_advertisement,information_env,illegal_advertisement,propaganda,propaganda,propaganda
2342,278,11452,TERMO CIRCUNSTANCIADO,Desobediência a Ordens ou Instruções da Justiça Eleitoral,195,67,262,crime_other,crime_other,crime_other,crime_other,criminal,criminal,vote_crime,vote_crime,drop,drop
706,12729,15056,EXECUÇÃO DE MEDIDAS ALTERNATIVAS NO JUÍZO COMUM,Acordo de Não Persecução Penal,169,93,262,drop,drop,drop,drop,drop,drop,drop,drop,drop,drop
1861,11541,11717,REPRESENTAÇÃO,Abuso,0,260,260,abuse_political,abuse_political,abuse_political,abuse_power,abuse_power,strategic_attack,abuse,abuse,abuse,abuse
1192,12561,12638,NOTÍCIA DE IRREGULARIDADE EM PROPAGANDA ELEITORAL,Propaganda Política - Propaganda Eleitoral - Impulsionamento,203,54,257,prop_placement,prop_placement,illegal_advertisement,illegal_advertisement,illegal_advertisement,information_env,illegal_advertisement,propaganda,propaganda,propaganda
1486,241,11756,PETIÇÃO CÍVEL,Filiação Partidária - Cancelamento,164,92,256,drop,drop,drop,drop,drop,drop,drop,drop,drop,drop
1176,12561,11660,NOTÍCIA DE IRREGULARIDADE EM PROPAGANDA ELEITORAL,Propaganda Política - Propaganda Eleitoral - Boca de Urna,182,66,248,prop_timing,prop_timing,illegal_advertisement,illegal_advertisement,illegal_advertisement,information_env,illegal_advertisement,propaganda,propaganda,propaganda
1394,241,11579,PETIÇÃO CÍVEL,Alistamento Eleitoral - Inscrição Eleitoral,161,86,247,drop,drop,drop,drop,drop,drop,drop,drop,drop,drop
1770,1298,11778,PROCESSO ADMINISTRATIVO,Requerimento,119,128,247,drop,drop,drop,drop,drop,drop,drop,drop,drop,drop
2227,12633,11633,REQUERIMENTO DE REGULARIZAÇÃO DE OMISSÃO DE PRESTAÇÃO DE CONTAS ELEITORAIS,Cargo - Prefeito,230,16,246,drop,drop,drop,drop,drop,drop,drop,drop,drop,drop
465,12550,12053,COMPOSIÇÃO DE MESA RECEPTORA,Impugnação - Nomeação de Membro da Mesa Receptora,35,204,239,drop,drop,drop,drop,drop,drop,drop,drop,drop,drop
616,12625,11663,DIREITO DE RESPOSTA,Propaganda Política - Propaganda Eleitoral - Conduta Vedada a Emissora de Rádio/Televisão na Programação Normal,124,114,238,prop_regulatory,prop_regulatory,illegal_advertisement,illegal_advertisement,illegal_advertisement,information_env,illegal_advertisement,propaganda,propaganda,propaganda
241,11528,11473,AÇÃO PENAL ELEITORAL,Falsidade Ideológica,156,80,236,crime_speech,crime_speech,crime_speech,crime_speech,criminal,criminal,speech_crime,speech_crime,speech_crime,vote_crime
2059,272,3396,REPRESENTAÇÃO CRIMINAL/NOTÍCIA DE CRIME,Difamação,117,117,234,crime_speech,crime_speech,crime_speech,crime_speech,criminal,criminal,speech_crime,speech_crime,speech_crime,speech_crime
568,156,11667,CUMPRIMENTO DE SENTENÇA,Propaganda Política - Propaganda Eleitoral - Extemporânea/Antecipada,155,70,225,drop,drop,drop,drop,drop,drop,drop,drop,drop,propaganda
896,279,12634,INQUÉRITO POLICIAL,Apropriação Indébita Eleitoral,123,100,223,crime_other,crime_other,crime_other,crime_other,criminal,criminal,vote_crime,vote_crime,drop,drop
966,279,11483,INQUÉRITO POLICIAL,Divulgação de Fatos Inverídicos na Propaganda Eleitoral,75,147,222,crime_speech,crime_speech,crime_speech,crime_speech,criminal,criminal,speech_crime,speech_crime,speech_crime,speech_crime
2410,278,11508,TERMO CIRCUNSTANCIADO,Violação do Sigilo do Voto,118,104,222,crime_other,crime_other,crime_other,crime_other,criminal,criminal,vote_crime,vote_crime,drop,vote_crime
625,12625,11672,DIREITO DE RESPOSTA,Propaganda Política - Propaganda Eleitoral - Horário Eleitoral Gratuito/Programa em Bloco,145,77,222,prop_regulatory,prop_regulatory,illegal_advertisement,illegal_advertisement,illegal_advertisement,information_env,illegal_advertisement,propaganda,propaganda,propaganda
641,12625,11778,DIREITO DE RESPOSTA,Requerimento,164,55,219,drop,drop,drop,drop,drop,drop,drop,drop,drop,drop
472,12550,11778,COMPOSIÇÃO DE MESA RECEPTORA,Requerimento,204,11,215,drop,drop,drop,drop,drop,drop,drop,drop,drop,drop
1649,12193,11640,PRESTAÇÃO DE CONTAS ELEITORAIS,Cargo - Vice-Prefeito,187,26,213,drop,drop,drop,drop,drop,drop,drop,drop,drop,drop
872,12556,11778,IMPUGNAÇÃO PERANTE AS JUNTAS ELEITORAIS,Requerimento,200,11,211,drop,drop,drop,drop,drop,drop,drop,drop,drop,drop
542,156,,CUMPRIMENTO DE SENTENÇA,NI,86,122,208,drop,drop,drop,drop,drop,drop,drop,drop,drop,drop
1872,11541,12600,REPRESENTAÇÃO,Candidato Eleito,55,151,206,drop,drop,drop,drop,drop,drop,drop,drop,drop,drop
193,11528,11484,AÇÃO PENAL ELEITORAL,Calúnia na Propaganda Eleitoral,126,78,204,crime_speech,crime_speech,crime_speech,crime_speech,criminal,criminal,speech_crime,speech_crime,speech_crime,speech_crime
913,279,11502,INQUÉRITO POLICIAL,Coação Visando a Obtenção de Voto ou a sua Abstenção,83,118,201,crime_other,crime_other,crime_other,crime_other,criminal,criminal,vote_crime,vote_crime,drop,vote_crime
1459,241,11724,PETIÇÃO CÍVEL,Diplomação,89,108,197,drop,drop,drop,drop,drop,drop,drop,drop,drop,drop
967,279,11514,INQUÉRITO POLICIAL,Divulgação de Propaganda Eleitoral no Dia da Eleição,87,110,197,crime_other,crime_other,crime_other,crime_other,criminal,criminal,vote_crime,vote_crime,drop,vote_crime
1917,11541,11770,REPRESENTAÇÃO,Propaganda Política,0,196,196,prop_placement,prop_placement,illegal_advertisement,illegal_advertisement,illegal_advertisement,information_env,illegal_advertisement,propaganda,propaganda,propaganda
130,11527,11721,AÇÃO DE INVESTIGAÇÃO JUDICIAL ELEITORAL,Captação Ilícita de Sufrágio,6,189,195,abuse_economic,abuse_economic,abuse_economic,abuse_power,abuse_power,strategic_attack,abuse,abuse,abuse,abuse
1552,241,11649,PETIÇÃO CÍVEL,Pesquisa Eleitoral - Divulgação de Pesquisa Eleitoral Fraudulenta,119,74,193,drop,drop,drop,drop,drop,drop,drop,drop,drop,pesquisa
2063,272,11483,REPRESENTAÇÃO CRIMINAL/NOTÍCIA DE CRIME,Divulgação de Fatos Inverídicos na Propaganda Eleitoral,92,101,193,crime_speech,crime_speech,crime_speech,crime_speech,criminal,criminal,speech_crime,speech_crime,speech_crime,speech_crime
1934,11541,11666,REPRESENTAÇÃO,Propaganda Política - Propaganda Eleitoral - Debate Político,110,83,193,prop_regulatory,prop_regulatory,illegal_advertisement,illegal_advertisement,illegal_advertisement,information_env,illegal_advertisement,propaganda,propaganda,propaganda
2239,12633,12069,REQUERIMENTO DE REGULARIZAÇÃO DE OMISSÃO DE PRESTAÇÃO DE CONTAS ELEITORAIS,Prestação de Contas - de Partido Político,169,23,192,drop,drop,drop,drop,drop,drop,drop,drop,drop,drop
2075,272,11473,REPRESENTAÇÃO CRIMINAL/NOTÍCIA DE CRIME,Falsidade Ideológica,109,83,192,crime_speech,crime_speech,crime_speech,crime_speech,criminal,criminal,speech_crime,speech_crime,speech_crime,vote_crime
1564,241,11654,PETIÇÃO CÍVEL,Propaganda Política - Propaganda Eleitoral - Alto-falante/Amplificador de Som,101,90,191,drop,drop,drop,drop,drop,drop,drop,drop,drop,propaganda
1927,11541,11660,REPRESENTAÇÃO,Propaganda Política - Propaganda Eleitoral - Boca de Urna,98,92,190,prop_timing,prop_timing,illegal_advertisement,illegal_advertisement,illegal_advertisement,information_env,illegal_advertisement,propaganda,propaganda,propaganda
2205,12630,11596,REPRESENTAÇÃO ESPECIAL,Inelegibilidade - Abuso do Poder Econômico ou Político,68,120,188,abuse_economic,abuse_economic,abuse_economic,abuse_power,abuse_power,strategic_attack,abuse,abuse,abuse,eligibility
1387,241,11719,PETIÇÃO CÍVEL,Abuso - De Poder Político/Autoridade,112,73,185,drop,drop,drop,drop,drop,drop,drop,drop,drop,abuse
1547,241,11767,PETIÇÃO CÍVEL,Partido Político - Órgão de Direção Municipal,126,56,182,drop,drop,drop,drop,drop,drop,drop,drop,drop,drop
747,12729,11514,EXECUÇÃO DE MEDIDAS ALTERNATIVAS NO JUÍZO COMUM,Divulgação de Propaganda Eleitoral no Dia da Eleição,55,123,178,drop,drop,drop,drop,drop,drop,drop,drop,drop,vote_crime
348,258,11778,CARTA DE ORDEM CÍVEL,Requerimento,124,54,178,drop,drop,drop,drop,drop,drop,drop,drop,drop,drop
261,11528,11438,AÇÃO PENAL ELEITORAL,Inscrição Fraudulenta,89,86,175,crime_other,crime_other,crime_other,crime_other,criminal,criminal,vote_crime,vote_crime,drop,drop
1829,11532,11645,REGISTRO DE CANDIDATURA,Eleições - Eleição Majoritária,143,32,175,drop,drop,drop,drop,drop,drop,drop,drop,drop,drop
235,11528,11514,AÇÃO PENAL ELEITORAL,Divulgação de Propaganda Eleitoral no Dia da Eleição,107,68,175,crime_other,crime_other,crime_other,crime_other,criminal,criminal,vote_crime,vote_crime,drop,vote_crime
2348,278,11486,TERMO CIRCUNSTANCIADO,Difamação na Propaganda Eleitoral,87,86,173,crime_speech,crime_speech,crime_speech,crime_speech,criminal,criminal,speech_crime,speech_crime,speech_crime,speech_crime
1443,241,11698,PETIÇÃO CÍVEL,Contas - Não Apresentação das Contas,137,35,172,drop,drop,drop,drop,drop,drop,drop,drop,drop,drop
1185,12561,12635,NOTÍCIA DE IRREGULARIDADE EM PROPAGANDA ELEITORAL,Propaganda Política - Propaganda Eleitoral - Divulgação de Notícia  Sabidamente Falsa,95,73,168,content_disinfo,content_disinfo,content_disinfo,content_disinfo,content_disinfo,information_env,content_disinfo,propaganda,propaganda,propaganda
132,11527,11633,AÇÃO DE INVESTIGAÇÃO JUDICIAL ELEITORAL,Cargo - Prefeito,123,43,166,drop,drop,drop,drop,drop,drop,drop,drop,drop,drop
1533,241,11989,PETIÇÃO CÍVEL,Nulidade de ato administrativo,124,38,162,drop,drop,drop,drop,drop,drop,drop,drop,drop,drop
2314,278,11484,TERMO CIRCUNSTANCIADO,Calúnia na Propaganda Eleitoral,94,67,161,crime_speech,crime_speech,crime_speech,crime_speech,criminal,criminal,speech_crime,speech_crime,speech_crime,speech_crime
1182,12561,11665,NOTÍCIA DE IRREGULARIDADE EM PROPAGANDA ELEITORAL,Propaganda Política - Propaganda Eleitoral - Contrariedade à Lei de Postura Municipal,149,12,161,prop_regulatory,prop_regulatory,illegal_advertisement,illegal_advertisement,illegal_advertisement,information_env,illegal_advertisement,propaganda,propaganda,propaganda
1802,12557,11579,RECURSO/IMPUGNAÇÃO DE ALISTAMENTO ELEITORAL,Alistamento Eleitoral - Inscrição Eleitoral,135,25,160,drop,drop,drop,drop,drop,drop,drop,drop,drop,drop
1391,241,11576,PETIÇÃO CÍVEL,Alistamento Eleitoral - Domicílio Eleitoral,89,71,160,drop,drop,drop,drop,drop,drop,drop,drop,drop,drop
887,,11746,INCIDENTE DE IMPEDIMENTO / SUSPEIÇÃO,Exceção - De Suspeição,82,77,159,drop,drop,drop,drop,drop,drop,drop,drop,drop,drop
1575,241,11666,PETIÇÃO CÍVEL,Propaganda Política - Propaganda Eleitoral - Debate Político,80,76,156,drop,drop,drop,drop,drop,drop,drop,drop,drop,propaganda
2003,272,10751,REPRESENTAÇÃO CRIMINAL/NOTÍCIA DE CRIME,Captação ilícita de votos ou corrupção eleitoral,154,1,155,crime_vote,crime_vote,crime_vote,crime_vote,criminal,criminal,vote_crime,vote_crime,vote_crime,vote_crime
2102,272,11487,REPRESENTAÇÃO CRIMINAL/NOTÍCIA DE CRIME,Injúria na Propaganda Eleitoral,102,52,154,crime_speech,crime_speech,crime_speech,crime_speech,criminal,criminal,speech_crime,speech_crime,speech_crime,speech_crime
1583,241,11679,PETIÇÃO CÍVEL,Propaganda Política - Propaganda Eleitoral - Internet,84,70,154,drop,drop,drop,drop,drop,drop,drop,drop,drop,propaganda
1856,11532,11627,REGISTRO DE CANDIDATURA,Registro de Candidatura - Substituição de Candidato - Por Renúncia,71,83,154,drop,drop,drop,drop,drop,drop,drop,drop,drop,drop
370,355,11778,CARTA PRECATÓRIA CRIMINAL,Requerimento,126,25,151,drop,drop,drop,drop,drop,drop,drop,drop,drop,drop
1482,241,11731,PETIÇÃO CÍVEL,Execução - De Multa Eleitoral,91,59,150,drop,drop,drop,drop,drop,drop,drop,drop,drop,drop
593,157,12366,CUMPRIMENTO PROVISÓRIO DE SENTENÇA,Execução - Cumprimento de Sentença,28,122,150,drop,drop,drop,drop,drop,drop,drop,drop,drop,drop
1399,241,11714,PETIÇÃO CÍVEL,Apuração/Totalização de Votos,96,52,148,drop,drop,drop,drop,drop,drop,drop,drop,drop,drop
955,279,11455,INQUÉRITO POLICIAL,Descumprimento da Proibição de Fornecimento de Transporte ou Refeições a Eleitores,85,62,147,crime_other,crime_other,crime_other,crime_other,criminal,criminal,vote_crime,vote_crime,drop,drop
1388,241,11720,PETIÇÃO CÍVEL,Abuso - Uso Indevido de Meio de Comunicação Social,76,63,139,drop,drop,drop,drop,drop,drop,drop,drop,drop,abuse
575,156,11679,CUMPRIMENTO DE SENTENÇA,Propaganda Política - Propaganda Eleitoral - Internet,17,119,136,drop,drop,drop,drop,drop,drop,drop,drop,drop,propaganda
225,11528,11455,AÇÃO PENAL ELEITORAL,Descumprimento da Proibição de Fornecimento de Transporte ou Refeições a Eleitores,89,46,135,crime_other,crime_other,crime_other,crime_other,criminal,criminal,vote_crime,vote_crime,drop,drop
957,279,11452,INQUÉRITO POLICIAL,Desobediência a Ordens ou Instruções da Justiça Eleitoral,75,59,134,crime_other,crime_other,crime_other,crime_other,criminal,criminal,vote_crime,vote_crime,drop,drop
2024,272,12588,REPRESENTAÇÃO CRIMINAL/NOTÍCIA DE CRIME,Crimes Conexos,133,0,133,crime_other,crime_other,crime_other,crime_other,criminal,criminal,vote_crime,vote_crime,drop,drop
1874,11541,11584,REPRESENTAÇÃO,Candidatos,0,133,133,drop,drop,drop,drop,drop,drop,drop,drop,drop,drop
1545,241,11769,PETIÇÃO CÍVEL,Partido Político - Comissão Provisória,107,26,133,drop,drop,drop,drop,drop,drop,drop,drop,drop,drop
232,11528,11486,AÇÃO PENAL ELEITORAL,Difamação na Propaganda Eleitoral,66,67,133,crime_speech,crime_speech,crime_speech,crime_speech,criminal,criminal,speech_crime,speech_crime,speech_crime,speech_crime
1650,12193,11692,PRESTAÇÃO DE CONTAS ELEITORAIS,Contas,84,48,132,drop,drop,drop,drop,drop,drop,drop,drop,drop,drop
986,279,11472,INQUÉRITO POLICIAL,Falsificação ou Alteração de Documento Público para Fins Eleitorais,84,48,132,crime_other,crime_other,crime_other,crime_other,criminal,criminal,vote_crime,vote_crime,drop,drop
2171,272,11508,REPRESENTAÇÃO CRIMINAL/NOTÍCIA DE CRIME,Violação do Sigilo do Voto,67,64,131,crime_other,crime_other,crime_other,crime_other,criminal,criminal,vote_crime,vote_crime,drop,vote_crime
372,355,10630,CARTA PRECATÓRIA CRIMINAL,Transação,103,27,130,drop,drop,drop,drop,drop,drop,drop,drop,drop,drop
602,12625,11593,DIREITO DE RESPOSTA,Direito de Resposta,34,96,130,content_disinfo,content_disinfo,content_disinfo,content_disinfo,content_disinfo,information_env,reply,reply,reply,reply
2030,272,11482,REPRESENTAÇÃO CRIMINAL/NOTÍCIA DE CRIME,Crimes contra a Propaganda Eleitoral,1,128,129,crime_other,crime_other,crime_other,crime_other,criminal,criminal,vote_crime,vote_crime,drop,speech_crime
599,12625,11638,DIREITO DE RESPOSTA,Cargo - Vereador,70,59,129,drop,drop,drop,drop,drop,drop,drop,drop,drop,drop
227,11528,11452,AÇÃO PENAL ELEITORAL,Desobediência a Ordens ou Instruções da Justiça Eleitoral,88,38,126,crime_other,crime_other,crime_other,crime_other,criminal,criminal,vote_crime,vote_crime,drop,drop
1007,279,11487,INQUÉRITO POLICIAL,Injúria na Propaganda Eleitoral,60,64,124,crime_speech,crime_speech,crime_speech,crime_speech,criminal,criminal,speech_crime,speech_crime,speech_crime,speech_crime
122,11527,11717,AÇÃO DE INVESTIGAÇÃO JUDICIAL ELEITORAL,Abuso,0,124,124,abuse_political,abuse_political,abuse_political,abuse_power,abuse_power,strategic_attack,abuse,abuse,abuse,abuse
811,12554,11428,FILIAÇÃO PARTIDÁRIA,DIREITO ELEITORAL,123,0,123,drop,drop,drop,drop,drop,drop,drop,drop,drop,drop
356,355,10602,CARTA PRECATÓRIA CRIMINAL,Condicional do processo,92,28,120,drop,drop,drop,drop,drop,drop,drop,drop,drop,drop
1579,241,11671,PETIÇÃO CÍVEL,Propaganda Política - Propaganda Eleitoral - Horário Eleitoral Gratuito/Inserções de Propaganda,96,23,119,drop,drop,drop,drop,drop,drop,drop,drop,drop,propaganda
1428,241,11752,PETIÇÃO CÍVEL,Coligação Partidária - Proporcional,76,43,119,drop,drop,drop,drop,drop,drop,drop,drop,drop,drop
2534,12134,11736,TUTELA CAUTELAR ANTECEDENTE,Cautelar Inominada - De Produção Antecipada de Provas,57,61,118,drop,drop,drop,drop,drop,drop,drop,drop,drop,drop
1975,11541,11776,REPRESENTAÇÃO,Veiculação de Propaganda Partidária - Em Inserções,33,84,117,prop_regulatory,prop_regulatory,illegal_advertisement,illegal_advertisement,illegal_advertisement,information_env,illegal_advertisement,propaganda,propaganda,propaganda
1037,279,11495,INQUÉRITO POLICIAL,Pesquisa Fraudulenta,71,44,115,crime_other,crime_other,crime_other,crime_other,criminal,criminal,vote_crime,vote_crime,drop,speech_crime
906,279,3395,INQUÉRITO POLICIAL,Calúnia,48,67,115,crime_speech,crime_speech,crime_speech,crime_speech,criminal,criminal,speech_crime,speech_crime,speech_crime,speech_crime
1295,12562,11428,PET-ADM,DIREITO ELEITORAL,115,0,115,drop,drop,drop,drop,drop,drop,drop,drop,drop,drop
2290,14208,11766,SUSPENSÃO DE ÓRGÃO PARTIDÁRIO,Partido Político - Órgão de Direção Estadual,49,65,114,drop,drop,drop,drop,drop,drop,drop,drop,drop,drop
2191,12630,11633,REPRESENTAÇÃO ESPECIAL,Cargo - Prefeito,68,42,110,drop,drop,drop,drop,drop,drop,drop,drop,drop,drop
1196,12561,11680,NOTÍCIA DE IRREGULARIDADE EM PROPAGANDA ELEITORAL,Propaganda Política - Propaganda Eleitoral - Omissão de Informações Obrigatórias,73,36,109,prop_regulatory,prop_regulatory,illegal_advertisement,illegal_advertisement,illegal_advertisement,information_env,illegal_advertisement,propaganda,propaganda,propaganda
1390,241,11575,PETIÇÃO CÍVEL,Alistamento Eleitoral - Cancelamento,73,36,109,drop,drop,drop,drop,drop,drop,drop,drop,drop,drop
1964,11541,11684,REPRESENTAÇÃO,Recursos Financeiros de Campanha Eleitoral,40,69,109,campaign_finance,campaign_finance,campaign_finance,campaign_finance,campaign_finance,strategic_attack,abuse,abuse,abuse,drop
1830,11532,11646,REGISTRO DE CANDIDATURA,Eleições - Eleição Proporcional,109,0,109,drop,drop,drop,drop,drop,drop,drop,drop,drop,drop
2052,272,11452,REPRESENTAÇÃO CRIMINAL/NOTÍCIA DE CRIME,Desobediência a Ordens ou Instruções da Justiça Eleitoral,83,25,108,crime_other,crime_other,crime_other,crime_other,criminal,criminal,vote_crime,vote_crime,drop,drop
1523,241,11524,PETIÇÃO CÍVEL,Irregularidades dos Dados Publicados em Pesquisas Eleitorais,73,35,108,drop,drop,drop,drop,drop,drop,drop,drop,drop,drop
1487,241,11757,PETIÇÃO CÍVEL,Filiação Partidária - Coexistência,53,54,107,drop,drop,drop,drop,drop,drop,drop,drop,drop,drop
2533,12134,11735,TUTELA CAUTELAR ANTECEDENTE,Cautelar Inominada - De Busca e Apreensão,70,36,106,drop,drop,drop,drop,drop,drop,drop,drop,drop,drop
1686,1733,11501,PROCEDIMENTO INVESTIGATÓRIO CRIMINAL (PIC-MP),Corrupção Eleitoral,61,45,106,crime_vote,crime_vote,crime_vote,crime_vote,criminal,criminal,vote_crime,vote_crime,vote_crime,vote_crime
1929,11541,11661,REPRESENTAÇÃO,Propaganda Política - Propaganda Eleitoral - Cavalete,54,51,105,prop_placement,prop_placement,illegal_advertisement,illegal_advertisement,illegal_advertisement,information_env,illegal_advertisement,propaganda,propaganda,propaganda
2100,272,3397,REPRESENTAÇÃO CRIMINAL/NOTÍCIA DE CRIME,Injúria,52,52,104,crime_speech,crime_speech,crime_speech,crime_speech,criminal,criminal,speech_crime,speech_crime,speech_crime,speech_crime
1082,279,11503,INQUÉRITO POLICIAL,Violência ou Grave Ameaça Visando a Obtenção de Voto ou a sua Abstenção,42,61,103,crime_other,crime_other,crime_other,crime_other,criminal,criminal,vote_crime,vote_crime,drop,vote_crime
1063,279,11518,INQUÉRITO POLICIAL,Subscrição de Mais de Uma Ficha de Filiação Partidária,71,32,103,crime_other,crime_other,crime_other,crime_other,criminal,criminal,vote_crime,vote_crime,drop,drop
1472,241,11646,PETIÇÃO CÍVEL,Eleições - Eleição Proporcional,61,40,101,drop,drop,drop,drop,drop,drop,drop,drop,drop,drop
2516,12135,12416,TUTELA ANTECIPADA ANTECEDENTE,Tutela de Urgência,73,27,100,drop,drop,drop,drop,drop,drop,drop,drop,drop,drop
1873,11541,12601,REPRESENTAÇÃO,Candidato Não-Eleito,22,77,99,drop,drop,drop,drop,drop,drop,drop,drop,drop,drop
1875,11541,12597,REPRESENTAÇÃO,Candidatura Fictícia,15,83,98,candidatura_ficticia,candidatura_ficticia,candidatura_ficticia,candidacy,candidacy,strategic_attack,eligibility,eligibility,drop,abuse
1950,11541,11682,REPRESENTAÇÃO,Propaganda Política - Propaganda Eleitoral - Pintura em Muro,52,46,98,prop_placement,prop_placement,illegal_advertisement,illegal_advertisement,illegal_advertisement,information_env,illegal_advertisement,propaganda,propaganda,propaganda
536,156,11731,CUMPRIMENTO DE SENTENÇA,Execução - De Multa Eleitoral,21,76,97,drop,drop,drop,drop,drop,drop,drop,drop,drop,drop
725,12729,11501,EXECUÇÃO DE MEDIDAS ALTERNATIVAS NO JUÍZO COMUM,Corrupção Eleitoral,77,20,97,drop,drop,drop,drop,drop,drop,drop,drop,drop,vote_crime
603,12625,11642,DIREITO DE RESPOSTA,Eleições - 1° Turno,46,51,97,drop,drop,drop,drop,drop,drop,drop,drop,drop,drop
1881,11541,11640,REPRESENTAÇÃO,Cargo - Vice-Prefeito,72,24,96,drop,drop,drop,drop,drop,drop,drop,drop,drop,drop
142,11527,11722,AÇÃO DE INVESTIGAÇÃO JUDICIAL ELEITORAL,Corrupção ou Fraude,2,93,95,drop,drop,drop,drop,drop,drop,drop,drop,drop,abuse
379,261,11785,CARTA PRECATÓRIA CÍVEL,Diligências,35,60,95,drop,drop,drop,drop,drop,drop,drop,drop,drop,drop
626,12625,11677,DIREITO DE RESPOSTA,Propaganda Política - Propaganda Eleitoral - Imprensa Escrita - Jornal/Revista/Tabloide,52,43,95,prop_placement,prop_placement,illegal_advertisement,illegal_advertisement,illegal_advertisement,information_env,illegal_advertisement,propaganda,propaganda,propaganda
1293,12562,12612,PET-ADM,COVID-19,95,0,95,drop,drop,drop,drop,drop,drop,drop,drop,drop,drop
2536,12134,11738,TUTELA CAUTELAR ANTECEDENTE,Cautelar Inominada - Preparatória,41,53,94,drop,drop,drop,drop,drop,drop,drop,drop,drop,drop
931,279,12588,INQUÉRITO POLICIAL,Crimes Conexos,92,2,94,crime_other,crime_other,crime_other,crime_other,criminal,criminal,vote_crime,vote_crime,drop,drop
1455,241,11452,PETIÇÃO CÍVEL,Desobediência a Ordens ou Instruções da Justiça Eleitoral,77,17,94,drop,drop,drop,drop,drop,drop,drop,drop,drop,drop
1177,12561,15016,NOTÍCIA DE IRREGULARIDADE EM PROPAGANDA ELEITORAL,Propaganda Política - Propaganda Eleitoral - Carreata/Caminhada/Passeata,0,94,94,prop_placement,prop_placement,illegal_advertisement,illegal_advertisement,illegal_advertisement,information_env,illegal_advertisement,propaganda,propaganda,propaganda
1078,279,11508,INQUÉRITO POLICIAL,Violação do Sigilo do Voto,50,43,93,crime_other,crime_other,crime_other,crime_other,criminal,criminal,vote_crime,vote_crime,drop,vote_crime
985,279,14221,INQUÉRITO POLICIAL,Falsificação ou Alteração de Documento Particular para Fins Eleitorais,39,54,93,crime_other,crime_other,crime_other,crime_other,criminal,criminal,vote_crime,vote_crime,drop,drop
2388,278,11443,TERMO CIRCUNSTANCIADO,Promoção de Desordem nos Trabalhos Eleitorais,37,55,92,crime_other,crime_other,crime_other,crime_other,criminal,criminal,vote_crime,vote_crime,drop,drop
1970,11541,11716,REPRESENTAÇÃO,Transgressões Eleitorais,0,91,91,drop,drop,drop,drop,drop,drop,drop,drop,drop,abuse
799,1116,11731,EXECUÇÃO FISCAL,Execução - De Multa Eleitoral,38,53,91,drop,drop,drop,drop,drop,drop,drop,drop,drop,drop
2226,12633,12601,REQUERIMENTO DE REGULARIZAÇÃO DE OMISSÃO DE PRESTAÇÃO DE CONTAS ELEITORAIS,Candidato Não-Eleito,89,2,91,drop,drop,drop,drop,drop,drop,drop,drop,drop,drop
1452,241,11560,PETIÇÃO CÍVEL,Descumprimento de Prazos Eleitorais,59,31,90,drop,drop,drop,drop,drop,drop,drop,drop,drop,drop
1675,1733,12640,PROCEDIMENTO INVESTIGATÓRIO CRIMINAL (PIC-MP),Arquivamento de Procedimento Investigatório Criminal - PIC-MP,90,0,90,crime_other,crime_other,crime_other,crime_other,criminal,criminal,vote_crime,vote_crime,drop,drop
1893,11541,11699,REPRESENTAÇÃO,Doação de Recursos Acima do Limite Legal,69,21,90,campaign_finance,campaign_finance,campaign_finance,campaign_finance,campaign_finance,strategic_attack,abuse,abuse,abuse,drop
1854,11532,11625,REGISTRO DE CANDIDATURA,Registro de Candidatura - Substituição de Candidato - Por Indeferimento de Registro,52,37,89,drop,drop,drop,drop,drop,drop,drop,drop,drop,drop
1588,241,11673,PETIÇÃO CÍVEL,Propaganda Política - Propaganda Eleitoral - Rádio,38,51,89,drop,drop,drop,drop,drop,drop,drop,drop,drop,propaganda
1641,241,9026,PETIÇÃO CÍVEL,Vícios Formais da Sentença,60,29,89,drop,drop,drop,drop,drop,drop,drop,drop,drop,drop
2008,272,11502,REPRESENTAÇÃO CRIMINAL/NOTÍCIA DE CRIME,Coação Visando a Obtenção de Voto ou a sua Abstenção,49,40,89,crime_other,crime_other,crime_other,crime_other,criminal,criminal,vote_crime,vote_crime,drop,vote_crime
2062,272,11485,REPRESENTAÇÃO CRIMINAL/NOTÍCIA DE CRIME,Divulgação de Falsa Imputação,53,35,88,crime_other,crime_other,crime_other,crime_other,criminal,criminal,vote_crime,vote_crime,drop,speech_crime
1968,11541,12644,REPRESENTAÇÃO,Requerimentos Relativos ao Horário Eleitoral Gratuito,41,47,88,drop,drop,drop,drop,drop,drop,drop,drop,drop,propaganda
1474,241,8986,PETIÇÃO CÍVEL,Erro de Procedimento,71,16,87,drop,drop,drop,drop,drop,drop,drop,drop,drop,drop
26,11530,11645,APURAÇÃO DE ELEIÇÃO,Eleições - Eleição Majoritária,14,70,84,drop,drop,drop,drop,drop,drop,drop,drop,drop,drop
1407,241,12612,PETIÇÃO CÍVEL,COVID-19,83,0,83,drop,drop,drop,drop,drop,drop,drop,drop,drop,drop
1708,1733,11473,PROCEDIMENTO INVESTIGATÓRIO CRIMINAL (PIC-MP),Falsidade Ideológica,57,26,83,crime_speech,crime_speech,crime_speech,crime_speech,criminal,criminal,speech_crime,speech_crime,speech_crime,vote_crime
962,279,3396,INQUÉRITO POLICIAL,Difamação,35,48,83,crime_speech,crime_speech,crime_speech,crime_speech,criminal,criminal,speech_crime,speech_crime,speech_crime,speech_crime
611,12625,12639,DIREITO DE RESPOSTA,Propaganda Política - Propaganda Eleitoral - Aplicativo de Mensagem Instantânea,55,25,80,prop_placement,prop_placement,illegal_advertisement,illegal_advertisement,illegal_advertisement,information_env,illegal_advertisement,propaganda,propaganda,propaganda
1568,241,11658,PETIÇÃO CÍVEL,Propaganda Política - Propaganda Eleitoral - Bem Público,38,41,79,drop,drop,drop,drop,drop,drop,drop,drop,drop,propaganda
2330,278,11497,TERMO CIRCUNSTANCIADO,Crimes contra o Sigilo ou o Exercício do Voto,1,78,79,crime_other,crime_other,crime_other,crime_other,criminal,criminal,vote_crime,vote_crime,drop,vote_crime
1590,241,11675,PETIÇÃO CÍVEL,Propaganda Política - Propaganda Eleitoral - Televisão,58,21,79,drop,drop,drop,drop,drop,drop,drop,drop,drop,propaganda
2535,12134,11737,TUTELA CAUTELAR ANTECEDENTE,Cautelar Inominada - Incidental,54,24,78,drop,drop,drop,drop,drop,drop,drop,drop,drop,drop
1462,241,11727,PETIÇÃO CÍVEL,Direitos Políticos - Restabelecimento dos Direitos Políticos,34,44,78,drop,drop,drop,drop,drop,drop,drop,drop,drop,drop
1594,241,11773,PETIÇÃO CÍVEL,Propaganda Política - Propaganda Partidária,32,45,77,drop,drop,drop,drop,drop,drop,drop,drop,drop,propaganda
1191,12561,11677,NOTÍCIA DE IRREGULARIDADE EM PROPAGANDA ELEITORAL,Propaganda Política - Propaganda Eleitoral - Imprensa Escrita - Jornal/Revista/Tabloide,59,18,77,prop_placement,prop_placement,illegal_advertisement,illegal_advertisement,illegal_advertisement,information_env,illegal_advertisement,propaganda,propaganda,propaganda
595,157,11778,CUMPRIMENTO PROVISÓRIO DE SENTENÇA,Requerimento,19,58,77,drop,drop,drop,drop,drop,drop,drop,drop,drop,drop
1493,241,11490,PETIÇÃO CÍVEL,Impedimento do Exercício da Propaganda,41,35,76,drop,drop,drop,drop,drop,drop,drop,drop,drop,speech_crime
192,11528,3395,AÇÃO PENAL ELEITORAL,Calúnia,36,40,76,crime_speech,crime_speech,crime_speech,crime_speech,criminal,criminal,speech_crime,speech_crime,speech_crime,speech_crime
47,280,11501,AUTO DE PRISÃO EM FLAGRANTE,Corrupção Eleitoral,0,75,75,drop,drop,drop,drop,drop,drop,drop,drop,drop,vote_crime
127,11527,12600,AÇÃO DE INVESTIGAÇÃO JUDICIAL ELEITORAL,Candidato Eleito,13,62,75,drop,drop,drop,drop,drop,drop,drop,drop,drop,drop
1206,12561,11778,NOTÍCIA DE IRREGULARIDADE EM PROPAGANDA ELEITORAL,Requerimento,75,0,75,drop,drop,drop,drop,drop,drop,drop,drop,drop,drop
1807,12557,12051,RECURSO/IMPUGNAÇÃO DE ALISTAMENTO ELEITORAL,Impugnação - Inscrição Eleitoral,56,19,75,drop,drop,drop,drop,drop,drop,drop,drop,drop,drop
584,156,11778,CUMPRIMENTO DE SENTENÇA,Requerimento,52,22,74,drop,drop,drop,drop,drop,drop,drop,drop,drop,drop
1460,241,11593,PETIÇÃO CÍVEL,Direito de Resposta,34,40,74,drop,drop,drop,drop,drop,drop,drop,drop,drop,reply
1435,241,11591,PETIÇÃO CÍVEL,Condição de Elegibilidade - Pleno Exercício dos Direitos Políticos,48,25,73,drop,drop,drop,drop,drop,drop,drop,drop,drop,eligibility
1899,11541,11646,REPRESENTAÇÃO,Eleições - Eleição Proporcional,41,32,73,drop,drop,drop,drop,drop,drop,drop,drop,drop,drop
90,11526,11719,AÇÃO DE IMPUGNAÇÃO DE MANDATO ELETIVO,Abuso - De Poder Político/Autoridade,37,36,73,abuse_political,abuse_political,abuse_political,abuse_power,abuse_power,strategic_attack,abuse,abuse,abuse,abuse
2242,12633,11778,REQUERIMENTO DE REGULARIZAÇÃO DE OMISSÃO DE PRESTAÇÃO DE CONTAS ELEITORAIS,Requerimento,66,6,72,drop,drop,drop,drop,drop,drop,drop,drop,drop,drop
1305,12562,11778,PET-ADM,Requerimento,72,0,72,drop,drop,drop,drop,drop,drop,drop,drop,drop,drop
2083,272,14221,REPRESENTAÇÃO CRIMINAL/NOTÍCIA DE CRIME,Falsificação ou Alteração de Documento Particular para Fins Eleitorais,5,66,71,crime_other,crime_other,crime_other,crime_other,criminal,criminal,vote_crime,vote_crime,drop,drop
398,11955,10914,CAUTELAR INOMINADA CRIMINAL,Busca e Apreensão de Bens,71,0,71,drop,drop,drop,drop,drop,drop,drop,drop,drop,drop
2347,278,3396,TERMO CIRCUNSTANCIADO,Difamação,32,39,71,crime_speech,crime_speech,crime_speech,crime_speech,criminal,criminal,speech_crime,speech_crime,speech_crime,speech_crime
2222,12630,11778,REPRESENTAÇÃO ESPECIAL,Requerimento,33,37,70,drop,drop,drop,drop,drop,drop,drop,drop,drop,drop
1574,241,11665,PETIÇÃO CÍVEL,Propaganda Política - Propaganda Eleitoral - Contrariedade à Lei de Postura Municipal,59,10,69,drop,drop,drop,drop,drop,drop,drop,drop,drop,propaganda
938,279,11482,INQUÉRITO POLICIAL,Crimes contra a Propaganda Eleitoral,5,64,69,crime_other,crime_other,crime_other,crime_other,criminal,criminal,vote_crime,vote_crime,drop,speech_crime
1903,11541,11559,REPRESENTAÇÃO,Improbidade Administrativa,48,21,69,abuse_political,abuse_political,abuse_political,abuse_power,abuse_power,strategic_attack,abuse,abuse,abuse,drop
1180,12561,11663,NOTÍCIA DE IRREGULARIDADE EM PROPAGANDA ELEITORAL,Propaganda Política - Propaganda Eleitoral - Conduta Vedada a Emissora de Rádio/Televisão na Programação Normal,53,16,69,prop_regulatory,prop_regulatory,illegal_advertisement,illegal_advertisement,illegal_advertisement,information_env,illegal_advertisement,propaganda,propaganda,propaganda
2368,278,11487,TERMO CIRCUNSTANCIADO,Injúria na Propaganda Eleitoral,40,29,69,crime_speech,crime_speech,crime_speech,crime_speech,criminal,criminal,speech_crime,speech_crime,speech_crime,speech_crime
2464,12135,9196,TUTELA ANTECIPADA ANTECEDENTE,Liminar,34,35,69,drop,drop,drop,drop,drop,drop,drop,drop,drop,drop
1226,309,11501,PEDIDO DE BUSCA E APREENSÃO CRIMINAL,Corrupção Eleitoral,7,61,68,drop,drop,drop,drop,drop,drop,drop,drop,drop,vote_crime
2176,272,11503,REPRESENTAÇÃO CRIMINAL/NOTÍCIA DE CRIME,Violência ou Grave Ameaça Visando a Obtenção de Voto ou a sua Abstenção,44,24,68,crime_other,crime_other,crime_other,crime_other,criminal,criminal,vote_crime,vote_crime,drop,vote_crime
1536,241,11523,PETIÇÃO CÍVEL,Não-Acesso dos Partidos aos Dados Relativos às Pesquisas Eleitorais,35,33,68,drop,drop,drop,drop,drop,drop,drop,drop,drop,drop
1015,279,11489,INQUÉRITO POLICIAL,"Inutilização, Alteração ou Perturbação de Propaganda",52,16,68,crime_other,crime_other,crime_other,crime_other,criminal,criminal,vote_crime,vote_crime,drop,speech_crime
1320,1727,11501,PETIÇÃO CRIMINAL,Corrupção Eleitoral,17,50,67,drop,drop,drop,drop,drop,drop,drop,drop,drop,vote_crime
642,12625,12644,DIREITO DE RESPOSTA,Requerimentos Relativos ao Horário Eleitoral Gratuito,23,44,67,drop,drop,drop,drop,drop,drop,drop,drop,drop,propaganda
1819,11532,11633,REGISTRO DE CANDIDATURA,Cargo - Prefeito,51,16,67,drop,drop,drop,drop,drop,drop,drop,drop,drop,drop
194,11528,10751,AÇÃO PENAL ELEITORAL,Captação ilícita de votos ou corrupção eleitoral,58,8,66,crime_vote,crime_vote,crime_vote,crime_vote,criminal,criminal,vote_crime,vote_crime,vote_crime,vote_crime
365,355,,CARTA PRECATÓRIA CRIMINAL,Interrogatório,32,34,66,drop,drop,drop,drop,drop,drop,drop,drop,drop,drop
729,12729,11482,EXECUÇÃO DE MEDIDAS ALTERNATIVAS NO JUÍZO COMUM,Crimes contra a Propaganda Eleitoral,3,63,66,drop,drop,drop,drop,drop,drop,drop,drop,drop,speech_crime
1483,241,11732,PETIÇÃO CÍVEL,Execução de Julgado,32,33,65,drop,drop,drop,drop,drop,drop,drop,drop,drop,drop
1178,12561,11661,NOTÍCIA DE IRREGULARIDADE EM PROPAGANDA ELEITORAL,Propaganda Política - Propaganda Eleitoral - Cavalete,31,34,65,prop_placement,prop_placement,illegal_advertisement,illegal_advertisement,illegal_advertisement,information_env,illegal_advertisement,propaganda,propaganda,propaganda
260,11528,11487,AÇÃO PENAL ELEITORAL,Injúria na Propaganda Eleitoral,44,21,65,crime_speech,crime_speech,crime_speech,crime_speech,criminal,criminal,speech_crime,speech_crime,speech_crime,speech_crime
1531,241,11613,PETIÇÃO CÍVEL,Nome do Candidato - Variação Nominal,44,20,64,drop,drop,drop,drop,drop,drop,drop,drop,drop,drop
183,11528,12634,AÇÃO PENAL ELEITORAL,Apropriação Indébita Eleitoral,48,16,64,crime_other,crime_other,crime_other,crime_other,criminal,criminal,vote_crime,vote_crime,drop,drop
1582,241,11678,PETIÇÃO CÍVEL,Propaganda Política - Propaganda Eleitoral - Inobservância do Limite Legal,56,8,64,drop,drop,drop,drop,drop,drop,drop,drop,drop,propaganda
234,11528,11483,AÇÃO PENAL ELEITORAL,Divulgação de Fatos Inverídicos na Propaganda Eleitoral,30,34,64,crime_speech,crime_speech,crime_speech,crime_speech,criminal,criminal,speech_crime,speech_crime,speech_crime,speech_crime
894,279,11470,INQUÉRITO POLICIAL,Alteração do Resultado de Votação nos Mapas ou Boletins de Apuração,34,30,64,crime_other,crime_other,crime_other,crime_other,criminal,criminal,vote_crime,vote_crime,drop,drop
97,11526,11638,AÇÃO DE IMPUGNAÇÃO DE MANDATO ELETIVO,Cargo - Vereador,47,17,64,drop,drop,drop,drop,drop,drop,drop,drop,drop,drop
2230,12633,11692,REQUERIMENTO DE REGULARIZAÇÃO DE OMISSÃO DE PRESTAÇÃO DE CONTAS ELEITORAIS,Contas,57,6,63,drop,drop,drop,drop,drop,drop,drop,drop,drop,drop
358,355,11467,CARTA PRECATÓRIA CRIMINAL,Crimes contra a Fé Pública Eleitoral,28,35,63,drop,drop,drop,drop,drop,drop,drop,drop,drop,drop
1408,241,11484,PETIÇÃO CÍVEL,Calúnia na Propaganda Eleitoral,43,20,63,drop,drop,drop,drop,drop,drop,drop,drop,drop,speech_crime
979,279,11473,INQUÉRITO POLICIAL,Falsidade ideológica,18,44,62,crime_speech,crime_speech,crime_speech,crime_speech,criminal,criminal,speech_crime,speech_crime,speech_crime,vote_crime
719,12729,11484,EXECUÇÃO DE MEDIDAS ALTERNATIVAS NO JUÍZO COMUM,Calúnia na Propaganda Eleitoral,28,34,62,drop,drop,drop,drop,drop,drop,drop,drop,drop,speech_crime
320,12549,11578,CANCELAMENTO DE INSCRIÇÃO ELEITORAL (CIE),Alistamento Eleitoral - Exclusão,58,4,62,drop,drop,drop,drop,drop,drop,drop,drop,drop,drop
1058,279,11778,INQUÉRITO POLICIAL,Requerimento,25,36,61,crime_other,crime_other,crime_other,crime_other,criminal,criminal,vote_crime,vote_crime,drop,drop
1565,241,11655,PETIÇÃO CÍVEL,Propaganda Política - Propaganda Eleitoral - Banner/Cartaz/Faixa,28,33,61,drop,drop,drop,drop,drop,drop,drop,drop,drop,propaganda
552,156,12069,CUMPRIMENTO DE SENTENÇA,Prestação de Contas - de Partido Político,28,33,61,drop,drop,drop,drop,drop,drop,drop,drop,drop,drop
965,279,11485,INQUÉRITO POLICIAL,Divulgação de Falsa Imputação,24,36,60,crime_other,crime_other,crime_other,crime_other,criminal,criminal,vote_crime,vote_crime,drop,speech_crime
147,11527,11646,AÇÃO DE INVESTIGAÇÃO JUDICIAL ELEITORAL,Eleições - Eleição Proporcional,20,40,60,drop,drop,drop,drop,drop,drop,drop,drop,drop,drop
1442,241,11697,PETIÇÃO CÍVEL,Contas - Desaprovação/Rejeição das Contas,49,11,60,drop,drop,drop,drop,drop,drop,drop,drop,drop,drop
2579,12134,11662,TUTELA CAUTELAR ANTECEDENTE,Propaganda Política - Propaganda Eleitoral - Comício/Showmício,31,29,60,prop_placement,prop_placement,illegal_advertisement,illegal_advertisement,illegal_advertisement,information_env,illegal_advertisement,propaganda,propaganda,propaganda
1553,241,11650,PETIÇÃO CÍVEL,Pesquisa Eleitoral - Divulgação de Pesquisa Eleitoral Sem Prévio Registro,41,19,60,drop,drop,drop,drop,drop,drop,drop,drop,drop,pesquisa
2192,12630,11638,REPRESENTAÇÃO ESPECIAL,Cargo - Vereador,46,13,59,drop,drop,drop,drop,drop,drop,drop,drop,drop,drop
1909,11541,,REPRESENTAÇÃO,NI,29,30,59,drop,drop,drop,drop,drop,drop,drop,drop,drop,drop
2486,12135,11662,TUTELA ANTECIPADA ANTECEDENTE,Propaganda Política - Propaganda Eleitoral - Comício/Showmício,41,18,59,prop_placement,prop_placement,illegal_advertisement,illegal_advertisement,illegal_advertisement,information_env,illegal_advertisement,propaganda,propaganda,propaganda
1813,12557,11778,RECURSO/IMPUGNAÇÃO DE ALISTAMENTO ELEITORAL,Requerimento,50,8,58,drop,drop,drop,drop,drop,drop,drop,drop,drop,drop
1449,241,11428,PETIÇÃO CÍVEL,DIREITO ELEITORAL,58,0,58,drop,drop,drop,drop,drop,drop,drop,drop,drop,drop
347,258,11784,CARTA DE ORDEM CÍVEL,Oitiva,37,20,57,drop,drop,drop,drop,drop,drop,drop,drop,drop,drop
1423,241,11738,PETIÇÃO CÍVEL,Cautelar Inominada - Preparatória,41,16,57,drop,drop,drop,drop,drop,drop,drop,drop,drop,drop
309,11528,11508,AÇÃO PENAL ELEITORAL,Violação do Sigilo do Voto,30,27,57,crime_other,crime_other,crime_other,crime_other,criminal,criminal,vote_crime,vote_crime,drop,vote_crime
231,11528,3396,AÇÃO PENAL ELEITORAL,Difamação,19,38,57,crime_speech,crime_speech,crime_speech,crime_speech,criminal,criminal,speech_crime,speech_crime,speech_crime,speech_crime
382,261,11784,CARTA PRECATÓRIA CÍVEL,Oitiva,30,27,57,drop,drop,drop,drop,drop,drop,drop,drop,drop,drop
1041,279,11443,INQUÉRITO POLICIAL,Promoção de Desordem nos Trabalhos Eleitorais,20,36,56,crime_other,crime_other,crime_other,crime_other,criminal,criminal,vote_crime,vote_crime,drop,drop
2313,278,3395,TERMO CIRCUNSTANCIADO,Calúnia,25,31,56,crime_speech,crime_speech,crime_speech,crime_speech,criminal,criminal,speech_crime,speech_crime,speech_crime,speech_crime
2127,272,11495,REPRESENTAÇÃO CRIMINAL/NOTÍCIA DE CRIME,Pesquisa Fraudulenta,37,19,56,crime_other,crime_other,crime_other,crime_other,criminal,criminal,vote_crime,vote_crime,drop,speech_crime
349,355,15056,CARTA PRECATÓRIA CRIMINAL,Acordo de Não Persecução Penal,28,28,56,drop,drop,drop,drop,drop,drop,drop,drop,drop,drop
362,355,11785,CARTA PRECATÓRIA CRIMINAL,Diligências,25,30,55,drop,drop,drop,drop,drop,drop,drop,drop,drop,drop
2224,12633,14225,REQUERIMENTO DE REGULARIZAÇÃO DE OMISSÃO DE PRESTAÇÃO DE CONTAS ELEITORAIS,Apuração de indícios de irregularidades informados pela Administração Pública,51,4,55,drop,drop,drop,drop,drop,drop,drop,drop,drop,drop
2103,272,11438,REPRESENTAÇÃO CRIMINAL/NOTÍCIA DE CRIME,Inscrição Fraudulenta,24,31,55,crime_other,crime_other,crime_other,crime_other,criminal,criminal,vote_crime,vote_crime,drop,drop
935,279,11467,INQUÉRITO POLICIAL,Crimes contra a Fé Pública Eleitoral,17,38,55,crime_other,crime_other,crime_other,crime_other,criminal,criminal,vote_crime,vote_crime,drop,drop
893,279,10752,INQUÉRITO POLICIAL,Aliciamento eleitoral,49,6,55,crime_other,crime_other,crime_other,crime_other,criminal,criminal,vote_crime,vote_crime,drop,drop
1183,12561,11666,NOTÍCIA DE IRREGULARIDADE EM PROPAGANDA ELEITORAL,Propaganda Política - Propaganda Eleitoral - Debate Político,41,13,54,prop_regulatory,prop_regulatory,illegal_advertisement,illegal_advertisement,illegal_advertisement,information_env,illegal_advertisement,propaganda,propaganda,propaganda
1987,272,3402,REPRESENTAÇÃO CRIMINAL/NOTÍCIA DE CRIME,Ameaça,19,35,54,crime_other,crime_other,crime_other,crime_other,criminal,criminal,vote_crime,vote_crime,drop,drop
2034,272,11497,REPRESENTAÇÃO CRIMINAL/NOTÍCIA DE CRIME,Crimes contra o Sigilo ou o Exercício do Voto,2,52,54,crime_other,crime_other,crime_other,crime_other,criminal,criminal,vote_crime,vote_crime,drop,vote_crime
249,11528,11472,AÇÃO PENAL ELEITORAL,Falsificação ou Alteração de Documento Público para Fins Eleitorais,44,9,53,crime_other,crime_other,crime_other,crime_other,criminal,criminal,vote_crime,vote_crime,drop,drop
1081,279,15143,INQUÉRITO POLICIAL,Violência contra a Mulher Candidata ou no Exercício do Mandato Eletivo,2,51,53,crime_other,crime_other,crime_other,crime_other,criminal,criminal,vote_crime,vote_crime,drop,speech_crime
2530,12134,11633,TUTELA CAUTELAR ANTECEDENTE,Cargo - Prefeito,45,8,53,drop,drop,drop,drop,drop,drop,drop,drop,drop,drop
2294,14208,11778,SUSPENSÃO DE ÓRGÃO PARTIDÁRIO,Requerimento,2,51,53,drop,drop,drop,drop,drop,drop,drop,drop,drop,drop
2096,272,11499,REPRESENTAÇÃO CRIMINAL/NOTÍCIA DE CRIME,Impedimento ou Embaraço ao Exercício do Sufrágio,34,18,52,crime_other,crime_other,crime_other,crime_other,criminal,criminal,vote_crime,vote_crime,drop,vote_crime
743,12729,11486,EXECUÇÃO DE MEDIDAS ALTERNATIVAS NO JUÍZO COMUM,Difamação na Propaganda Eleitoral,18,34,52,drop,drop,drop,drop,drop,drop,drop,drop,drop,speech_crime
751,12729,11473,EXECUÇÃO DE MEDIDAS ALTERNATIVAS NO JUÍZO COMUM,Falsidade Ideológica,41,11,52,drop,drop,drop,drop,drop,drop,drop,drop,drop,vote_crime
1578,241,11668,PETIÇÃO CÍVEL,Propaganda Política - Propaganda Eleitoral - Folhetos/Volantes/Santinhos/Impressos,35,17,52,drop,drop,drop,drop,drop,drop,drop,drop,drop,propaganda
1566,241,11656,PETIÇÃO CÍVEL,Propaganda Política - Propaganda Eleitoral - Bem Particular,21,31,52,drop,drop,drop,drop,drop,drop,drop,drop,drop,propaganda
461,12550,11643,COMPOSIÇÃO DE MESA RECEPTORA,Eleições - 2° Turno,15,37,52,drop,drop,drop,drop,drop,drop,drop,drop,drop,drop
1198,12561,11682,NOTÍCIA DE IRREGULARIDADE EM PROPAGANDA ELEITORAL,Propaganda Política - Propaganda Eleitoral - Pintura em Muro,31,20,51,prop_placement,prop_placement,illegal_advertisement,illegal_advertisement,illegal_advertisement,information_env,illegal_advertisement,propaganda,propaganda,propaganda
1132,120,11778,MANDADO DE SEGURANÇA CÍVEL,Requerimento,26,25,51,drop,drop,drop,drop,drop,drop,drop,drop,drop,drop
793,12729,11508,EXECUÇÃO DE MEDIDAS ALTERNATIVAS NO JUÍZO COMUM,Violação do Sigilo do Voto,18,33,51,drop,drop,drop,drop,drop,drop,drop,drop,drop,vote_crime
2543,12134,12063,TUTELA CAUTELAR ANTECEDENTE,Conduta Vedada ao Agente Público,18,32,50,abuse_political,abuse_political,abuse_political,abuse_power,abuse_power,strategic_attack,abuse,abuse,abuse,abuse
860,12556,11642,IMPUGNAÇÃO PERANTE AS JUNTAS ELEITORAIS,Eleições - 1° Turno,2,48,50,drop,drop,drop,drop,drop,drop,drop,drop,drop,drop
607,12625,,DIREITO DE RESPOSTA,NI,27,23,50,drop,drop,drop,drop,drop,drop,drop,drop,drop,drop
1421,241,11736,PETIÇÃO CÍVEL,Cautelar Inominada - De Produção Antecipada de Provas,21,29,50,drop,drop,drop,drop,drop,drop,drop,drop,drop,drop
2328,278,11482,TERMO CIRCUNSTANCIADO,Crimes contra a Propaganda Eleitoral,2,47,49,crime_other,crime_other,crime_other,crime_other,criminal,criminal,vote_crime,vote_crime,drop,speech_crime
2322,278,11501,TERMO CIRCUNSTANCIADO,Corrupção Eleitoral,21,28,49,crime_vote,crime_vote,crime_vote,crime_vote,criminal,criminal,vote_crime,vote_crime,vote_crime,vote_crime
317,12549,11576,CANCELAMENTO DE INSCRIÇÃO ELEITORAL (CIE),Alistamento Eleitoral - Domicílio Eleitoral,15,34,49,drop,drop,drop,drop,drop,drop,drop,drop,drop,drop
197,11528,11502,AÇÃO PENAL ELEITORAL,Coação Visando a Obtenção de Voto ou a sua Abstenção,29,19,48,crime_other,crime_other,crime_other,crime_other,criminal,criminal,vote_crime,vote_crime,drop,vote_crime
1572,241,11663,PETIÇÃO CÍVEL,Propaganda Política - Propaganda Eleitoral - Conduta Vedada a Emissora de Rádio/Televisão na Programação Normal,23,25,48,drop,drop,drop,drop,drop,drop,drop,drop,drop,propaganda
1396,241,11748,PETIÇÃO CÍVEL,Alteração Estatutária de Partido Político em Matéria Administrativa,36,12,48,drop,drop,drop,drop,drop,drop,drop,drop,drop,drop
2434,12135,11737,TUTELA ANTECIPADA ANTECEDENTE,Cautelar Inominada - Incidental,36,12,48,drop,drop,drop,drop,drop,drop,drop,drop,drop,drop
321,12549,12564,CANCELAMENTO DE INSCRIÇÃO ELEITORAL (CIE),Alistamento Eleitoral - Fraude,6,41,47,drop,drop,drop,drop,drop,drop,drop,drop,drop,drop
1617,241,12644,PETIÇÃO CÍVEL,Requerimentos Relativos ao Horário Eleitoral Gratuito,38,9,47,drop,drop,drop,drop,drop,drop,drop,drop,drop,propaganda
337,335,11782,CARTA DE ORDEM CRIMINAL,Intimação,34,13,47,drop,drop,drop,drop,drop,drop,drop,drop,drop,drop
488,12121,11455,COMUNICADO DE MANDADO DE PRISÃO,Descumprimento da Proibição de Fornecimento de Transporte ou Refeições a Eleitores,47,0,47,drop,drop,drop,drop,drop,drop,drop,drop,drop,drop
1577,241,11667,PETIÇÃO CÍVEL,Propaganda Política - Propaganda Eleitoral - Extemporânea/Antecipada,24,22,46,drop,drop,drop,drop,drop,drop,drop,drop,drop,propaganda
2152,272,11778,REPRESENTAÇÃO CRIMINAL/NOTÍCIA DE CRIME,Requerimento,45,1,46,crime_other,crime_other,crime_other,crime_other,criminal,criminal,vote_crime,vote_crime,drop,drop
1123,120,9196,MANDADO DE SEGURANÇA CÍVEL,Liminar,21,25,46,drop,drop,drop,drop,drop,drop,drop,drop,drop,drop
784,12729,12732,EXECUÇÃO DE MEDIDAS ALTERNATIVAS NO JUÍZO COMUM,Suspensão Condicional de Processo,16,29,45,drop,drop,drop,drop,drop,drop,drop,drop,drop,drop
1420,241,11735,PETIÇÃO CÍVEL,Cautelar Inominada - De Busca e Apreensão,26,19,45,drop,drop,drop,drop,drop,drop,drop,drop,drop,drop
2095,272,11490,REPRESENTAÇÃO CRIMINAL/NOTÍCIA DE CRIME,Impedimento do Exercício da Propaganda,22,22,44,crime_other,crime_other,crime_other,crime_other,criminal,criminal,vote_crime,vote_crime,drop,speech_crime
1821,11532,11640,REGISTRO DE CANDIDATURA,Cargo - Vice-Prefeito,27,17,44,drop,drop,drop,drop,drop,drop,drop,drop,drop,drop
1958,11541,11771,REPRESENTAÇÃO,Propaganda Política - Propaganda Intrapartidária,28,16,44,prop_placement,prop_placement,illegal_advertisement,illegal_advertisement,illegal_advertisement,information_env,illegal_advertisement,propaganda,propaganda,propaganda
2562,12134,9196,TUTELA CAUTELAR ANTECEDENTE,Liminar,23,20,43,drop,drop,drop,drop,drop,drop,drop,drop,drop,drop
2428,12135,11633,TUTELA ANTECIPADA ANTECEDENTE,Cargo - Prefeito,35,8,43,drop,drop,drop,drop,drop,drop,drop,drop,drop,drop
1505,241,11600,PETIÇÃO CÍVEL,Inelegibilidade - Desincompatibilização,19,24,43,drop,drop,drop,drop,drop,drop,drop,drop,drop,eligibility
2050,272,11455,REPRESENTAÇÃO CRIMINAL/NOTÍCIA DE CRIME,Descumprimento da Proibição de Fornecimento de Transporte ou Refeições a Eleitores,31,12,43,crime_other,crime_other,crime_other,crime_other,criminal,criminal,vote_crime,vote_crime,drop,drop
579,156,12637,CUMPRIMENTO DE SENTENÇA,Propaganda Política - Propaganda Eleitoral - Redes Sociais,20,23,43,drop,drop,drop,drop,drop,drop,drop,drop,drop,propaganda
679,386,11732,EXECUÇÃO DA PENA,Execução de Julgado,35,7,42,drop,drop,drop,drop,drop,drop,drop,drop,drop,drop
2511,12135,11778,TUTELA ANTECIPADA ANTECEDENTE,Requerimento,33,9,42,drop,drop,drop,drop,drop,drop,drop,drop,drop,drop
1403,241,11494,PETIÇÃO CÍVEL,Autorização de Transmissão de Pessoa Não Detentora de Direitos Políticos em Atividades Partidárias e de Propaganda Eleitoral,23,19,42,drop,drop,drop,drop,drop,drop,drop,drop,drop,speech_crime
1563,241,11653,PETIÇÃO CÍVEL,Propaganda Política - Propaganda Eleitoral - Adesivo,24,18,42,drop,drop,drop,drop,drop,drop,drop,drop,drop,propaganda
155,11527,11600,AÇÃO DE INVESTIGAÇÃO JUDICIAL ELEITORAL,Inelegibilidade - Desincompatibilização,15,27,42,candidacy_challenge,candidacy_challenge,candidacy_challenge,candidacy,candidacy,strategic_attack,eligibility,eligibility,eligibility,eligibility
108,11526,11596,AÇÃO DE IMPUGNAÇÃO DE MANDATO ELETIVO,Inelegibilidade - Abuso do Poder Econômico ou Político,24,18,42,abuse_economic,abuse_economic,abuse_economic,abuse_power,abuse_power,strategic_attack,abuse,abuse,abuse,eligibility
2107,272,11489,REPRESENTAÇÃO CRIMINAL/NOTÍCIA DE CRIME,"Inutilização, Alteração ou Perturbação de Propaganda",24,17,41,crime_other,crime_other,crime_other,crime_other,criminal,criminal,vote_crime,vote_crime,drop,speech_crime
1747,1733,11475,PROCEDIMENTO INVESTIGATÓRIO CRIMINAL (PIC-MP),Uso de Documento Falso para Fins Eleitorais,6,35,41,crime_other,crime_other,crime_other,crime_other,criminal,criminal,vote_crime,vote_crime,drop,drop
2111,272,,REPRESENTAÇÃO CRIMINAL/NOTÍCIA DE CRIME,NI,39,2,41,crime_other,crime_other,crime_other,crime_other,criminal,criminal,vote_crime,vote_crime,drop,drop
941,279,11497,INQUÉRITO POLICIAL,Crimes contra o Sigilo ou o Exercício do Voto,6,35,41,crime_other,crime_other,crime_other,crime_other,criminal,criminal,vote_crime,vote_crime,drop,vote_crime
1569,241,11660,PETIÇÃO CÍVEL,Propaganda Política - Propaganda Eleitoral - Boca de Urna,21,20,41,drop,drop,drop,drop,drop,drop,drop,drop,drop,propaganda
2219,12630,11723,REPRESENTAÇÃO ESPECIAL,Propaganda Política - Propaganda Institucional,29,11,40,prop_regulatory,prop_regulatory,illegal_advertisement,illegal_advertisement,illegal_advertisement,information_env,illegal_advertisement,propaganda,propaganda,abuse
173,11527,11778,AÇÃO DE INVESTIGAÇÃO JUDICIAL ELEITORAL,Requerimento,22,18,40,drop,drop,drop,drop,drop,drop,drop,drop,drop,drop
300,11528,11475,AÇÃO PENAL ELEITORAL,Uso de Documento Falso para Fins Eleitorais,23,17,40,crime_other,crime_other,crime_other,crime_other,criminal,criminal,vote_crime,vote_crime,drop,drop
573,156,12638,CUMPRIMENTO DE SENTENÇA,Propaganda Política - Propaganda Eleitoral - Impulsionamento,7,33,40,drop,drop,drop,drop,drop,drop,drop,drop,drop,propaganda
2350,278,11483,TERMO CIRCUNSTANCIADO,Divulgação de Fatos Inverídicos na Propaganda Eleitoral,21,19,40,crime_speech,crime_speech,crime_speech,crime_speech,criminal,criminal,speech_crime,speech_crime,speech_crime,speech_crime
344,258,11785,CARTA DE ORDEM CÍVEL,Diligências,24,15,39,drop,drop,drop,drop,drop,drop,drop,drop,drop,drop
895,279,3402,INQUÉRITO POLICIAL,Ameaça,12,27,39,crime_other,crime_other,crime_other,crime_other,criminal,criminal,vote_crime,vote_crime,drop,drop
2054,272,10754,REPRESENTAÇÃO CRIMINAL/NOTÍCIA DE CRIME,Desobediência à determinações da Justiça Eleitoral,39,0,39,crime_other,crime_other,crime_other,crime_other,criminal,criminal,vote_crime,vote_crime,drop,drop
918,279,11504,INQUÉRITO POLICIAL,Concentração de Eleitores para Embaraçar ou Fraudar o Exercício do Voto,5,34,39,crime_other,crime_other,crime_other,crime_other,criminal,criminal,vote_crime,vote_crime,drop,vote_crime
1463,241,11728,PETIÇÃO CÍVEL,Direitos Políticos - Suspensão de Direitos Políticos,18,21,39,drop,drop,drop,drop,drop,drop,drop,drop,drop,drop
1205,12561,11773,NOTÍCIA DE IRREGULARIDADE EM PROPAGANDA ELEITORAL,Propaganda Política - Propaganda Partidária,37,1,38,prop_placement,prop_placement,illegal_advertisement,illegal_advertisement,illegal_advertisement,information_env,illegal_advertisement,propaganda,propaganda,propaganda
841,307,11705,HABEAS CORPUS CRIMINAL,Habeas Corpus - Preventivo,28,10,38,drop,drop,drop,drop,drop,drop,drop,drop,drop,drop
2485,12135,15016,TUTELA ANTECIPADA ANTECEDENTE,Propaganda Política - Propaganda Eleitoral - Carreata/Caminhada/Passeata,0,38,38,prop_placement,prop_placement,illegal_advertisement,illegal_advertisement,illegal_advertisement,information_env,illegal_advertisement,propaganda,propaganda,propaganda
2528,12134,11721,TUTELA CAUTELAR ANTECEDENTE,Captação Ilícita de Sufrágio,21,17,38,abuse_economic,abuse_economic,abuse_economic,abuse_power,abuse_power,strategic_attack,abuse,abuse,abuse,abuse
1437,241,12063,PETIÇÃO CÍVEL,Conduta Vedada ao Agente Público,38,0,38,drop,drop,drop,drop,drop,drop,drop,drop,drop,abuse
2605,12134,12416,TUTELA CAUTELAR ANTECEDENTE,Tutela de Urgência,27,11,38,drop,drop,drop,drop,drop,drop,drop,drop,drop,drop
1953,11541,11674,REPRESENTAÇÃO,Propaganda Política - Propaganda Eleitoral - Rádio Comunitária,28,10,38,prop_placement,prop_placement,illegal_advertisement,illegal_advertisement,illegal_advertisement,information_env,illegal_advertisement,propaganda,propaganda,propaganda
1189,12561,11671,NOTÍCIA DE IRREGULARIDADE EM PROPAGANDA ELEITORAL,Propaganda Política - Propaganda Eleitoral - Horário Eleitoral Gratuito/Inserções de Propaganda,32,6,38,prop_regulatory,prop_regulatory,illegal_advertisement,illegal_advertisement,illegal_advertisement,information_env,illegal_advertisement,propaganda,propaganda,propaganda
1432,241,11587,PETIÇÃO CÍVEL,Condição de Elegibilidade - Domicílio Eleitoral na Circunscrição,22,15,37,drop,drop,drop,drop,drop,drop,drop,drop,drop,eligibility
96,11526,11633,AÇÃO DE IMPUGNAÇÃO DE MANDATO ELETIVO,Cargo - Prefeito,32,5,37,drop,drop,drop,drop,drop,drop,drop,drop,drop,drop
1204,12561,11683,NOTÍCIA DE IRREGULARIDADE EM PROPAGANDA ELEITORAL,"Propaganda Política - Propaganda Eleitoral - Truncagem, Montagem, Utilização de Gravação Externa, Computação Gráfica, Desenho Animado ou Efeito Especial",24,13,37,content_disinfo,content_disinfo,content_disinfo,content_disinfo,content_disinfo,information_env,content_disinfo,propaganda,propaganda,propaganda
2433,12135,11736,TUTELA ANTECIPADA ANTECEDENTE,Cautelar Inominada - De Produção Antecipada de Provas,18,19,37,drop,drop,drop,drop,drop,drop,drop,drop,drop,drop
2557,12134,11596,TUTELA CAUTELAR ANTECEDENTE,Inelegibilidade - Abuso do Poder Econômico ou Político,13,24,37,abuse_economic,abuse_economic,abuse_economic,abuse_power,abuse_power,strategic_attack,abuse,abuse,abuse,eligibility
951,279,15020,INQUÉRITO POLICIAL,Denunciação Caluniosa para Fins Eleitorais,3,34,37,crime_other,crime_other,crime_other,crime_other,criminal,criminal,vote_crime,vote_crime,drop,drop
1467,241,11514,PETIÇÃO CÍVEL,Divulgação de Propaganda Eleitoral no Dia da Eleição,17,19,36,drop,drop,drop,drop,drop,drop,drop,drop,drop,vote_crime
2435,12135,11738,TUTELA ANTECIPADA ANTECEDENTE,Cautelar Inominada - Preparatória,29,7,36,drop,drop,drop,drop,drop,drop,drop,drop,drop,drop
567,156,12635,CUMPRIMENTO DE SENTENÇA,Propaganda Política - Propaganda Eleitoral - Divulgação de Notícia  Sabidamente Falsa,2,34,36,drop,drop,drop,drop,drop,drop,drop,drop,drop,propaganda
467,12550,,COMPOSIÇÃO DE MESA RECEPTORA,Mesário Não Convocado Pessoalmente,0,36,36,drop,drop,drop,drop,drop,drop,drop,drop,drop,drop
191,11528,10755,AÇÃO PENAL ELEITORAL,Boca de urna,31,5,36,crime_vote,crime_vote,crime_vote,crime_vote,criminal,criminal,vote_crime,vote_crime,vote_crime,drop
2432,12135,11735,TUTELA ANTECIPADA ANTECEDENTE,Cautelar Inominada - De Busca e Apreensão,28,8,36,drop,drop,drop,drop,drop,drop,drop,drop,drop,drop
1417,241,11640,PETIÇÃO CÍVEL,Cargo - Vice-Prefeito,23,13,36,drop,drop,drop,drop,drop,drop,drop,drop,drop,drop
2343,278,10754,TERMO CIRCUNSTANCIADO,Desobediência à determinações da Justiça Eleitoral,36,0,36,crime_other,crime_other,crime_other,crime_other,criminal,criminal,vote_crime,vote_crime,drop,drop
902,279,11494,INQUÉRITO POLICIAL,Autorização de Transmissão de Pessoa Não Detentora de Direitos Políticos em Atividades Partidárias e de Propaganda Eleitoral,16,20,36,crime_other,crime_other,crime_other,crime_other,criminal,criminal,vote_crime,vote_crime,drop,speech_crime
1602,241,11617,PETIÇÃO CÍVEL,Registro de Candidatura - Preenchimento de Vaga Remanescente,26,9,35,drop,drop,drop,drop,drop,drop,drop,drop,drop,drop
1988,272,12634,REPRESENTAÇÃO CRIMINAL/NOTÍCIA DE CRIME,Apropriação Indébita Eleitoral,17,18,35,crime_other,crime_other,crime_other,crime_other,criminal,criminal,vote_crime,vote_crime,drop,drop
1026,279,11476,INQUÉRITO POLICIAL,Obtenção de Documento Falso para Fins Eleitorais,16,19,35,crime_other,crime_other,crime_other,crime_other,criminal,criminal,vote_crime,vote_crime,drop,drop
1900,11541,11647,REPRESENTAÇÃO,Eleições - Eleição Suplementar,32,3,35,drop,drop,drop,drop,drop,drop,drop,drop,drop,drop
1886,11541,11428,REPRESENTAÇÃO,DIREITO ELEITORAL,35,0,35,drop,drop,drop,drop,drop,drop,drop,drop,drop,drop
2257,326,11501,RESTITUIÇÃO DE COISAS APREENDIDAS,Corrupção Eleitoral,11,24,35,drop,drop,drop,drop,drop,drop,drop,drop,drop,vote_crime
1524,241,11760,PETIÇÃO CÍVEL,Justificação de Desfiliação Partidária,12,23,35,drop,drop,drop,drop,drop,drop,drop,drop,drop,drop
740,12729,11452,EXECUÇÃO DE MEDIDAS ALTERNATIVAS NO JUÍZO COMUM,Desobediência a Ordens ou Instruções da Justiça Eleitoral,13,22,35,drop,drop,drop,drop,drop,drop,drop,drop,drop,drop
1135,120,12416,MANDADO DE SEGURANÇA CÍVEL,Tutela de Urgência,24,11,35,drop,drop,drop,drop,drop,drop,drop,drop,drop,drop
2028,272,11467,REPRESENTAÇÃO CRIMINAL/NOTÍCIA DE CRIME,Crimes contra a Fé Pública Eleitoral,4,30,34,crime_other,crime_other,crime_other,crime_other,criminal,criminal,vote_crime,vote_crime,drop,drop
2221,12630,11684,REPRESENTAÇÃO ESPECIAL,Recursos Financeiros de Campanha Eleitoral,2,32,34,campaign_finance,campaign_finance,campaign_finance,campaign_finance,campaign_finance,strategic_attack,abuse,abuse,abuse,drop
769,12729,,EXECUÇÃO DE MEDIDAS ALTERNATIVAS NO JUÍZO COMUM,NI,24,10,34,drop,drop,drop,drop,drop,drop,drop,drop,drop,drop
367,355,11784,CARTA PRECATÓRIA CRIMINAL,Oitiva,16,18,34,drop,drop,drop,drop,drop,drop,drop,drop,drop,drop
1999,272,10755,REPRESENTAÇÃO CRIMINAL/NOTÍCIA DE CRIME,Boca de urna,27,7,34,crime_vote,crime_vote,crime_vote,crime_vote,criminal,criminal,vote_crime,vote_crime,vote_crime,drop
1608,241,11625,PETIÇÃO CÍVEL,Registro de Candidatura - Substituição de Candidato - Por Indeferimento de Registro,19,14,33,drop,drop,drop,drop,drop,drop,drop,drop,drop,drop
904,279,10755,INQUÉRITO POLICIAL,Boca de urna,19,14,33,crime_vote,crime_vote,crime_vote,crime_vote,criminal,criminal,vote_crime,vote_crime,vote_crime,drop
1464,241,11765,PETIÇÃO CÍVEL,Dissolução de Órgão de Direção Partidária,13,20,33,drop,drop,drop,drop,drop,drop,drop,drop,drop,drop
1431,241,11586,PETIÇÃO CÍVEL,Condição de Elegibilidade - Alistamento Eleitoral,21,12,33,drop,drop,drop,drop,drop,drop,drop,drop,drop,eligibility
1488,241,11758,PETIÇÃO CÍVEL,Filiação Partidária - Exclusão,18,15,33,drop,drop,drop,drop,drop,drop,drop,drop,drop,drop
788,12729,11475,EXECUÇÃO DE MEDIDAS ALTERNATIVAS NO JUÍZO COMUM,Uso de Documento Falso para Fins Eleitorais,18,15,33,drop,drop,drop,drop,drop,drop,drop,drop,drop,drop
998,279,11499,INQUÉRITO POLICIAL,Impedimento ou Embaraço ao Exercício do Sufrágio,26,7,33,crime_other,crime_other,crime_other,crime_other,criminal,criminal,vote_crime,vote_crime,drop,vote_crime
2186,12630,12600,REPRESENTAÇÃO ESPECIAL,Candidato Eleito,10,23,33,drop,drop,drop,drop,drop,drop,drop,drop,drop,drop
286,11528,11443,AÇÃO PENAL ELEITORAL,Promoção de Desordem nos Trabalhos Eleitorais,11,22,33,crime_other,crime_other,crime_other,crime_other,criminal,criminal,vote_crime,vote_crime,drop,drop
2429,12135,11638,TUTELA ANTECIPADA ANTECEDENTE,Cargo - Vereador,27,6,33,drop,drop,drop,drop,drop,drop,drop,drop,drop,drop
1532,241,12413,PETIÇÃO CÍVEL,Nulidade - Execução Instaurada Antes de Condição ou Termo,26,7,33,drop,drop,drop,drop,drop,drop,drop,drop,drop,drop
1522,241,11489,PETIÇÃO CÍVEL,"Inutilização, Alteração ou Perturbação de Propaganda",17,16,33,drop,drop,drop,drop,drop,drop,drop,drop,drop,speech_crime
1312,1727,11513,PETIÇÃO CRIMINAL,Arregimentação de Eleitor ou Boca de Urna,16,17,33,drop,drop,drop,drop,drop,drop,drop,drop,drop,vote_crime
1102,12560,11778,LISTA DE APOIAMENTO PARA CRIAÇÃO DE PARTIDO POLÍTICO,Requerimento,5,27,32,drop,drop,drop,drop,drop,drop,drop,drop,drop,drop
1509,241,11604,PETIÇÃO CÍVEL,Inelegibilidade - Rejeição de Contas Públicas,18,14,32,drop,drop,drop,drop,drop,drop,drop,drop,drop,eligibility
609,12625,11653,DIREITO DE RESPOSTA,Propaganda Política - Propaganda Eleitoral - Adesivo,22,10,32,prop_placement,prop_placement,illegal_advertisement,illegal_advertisement,illegal_advertisement,information_env,illegal_advertisement,propaganda,propaganda,propaganda
1585,241,11680,PETIÇÃO CÍVEL,Propaganda Política - Propaganda Eleitoral - Omissão de Informações Obrigatórias,25,7,32,drop,drop,drop,drop,drop,drop,drop,drop,drop,propaganda
1551,241,11648,PETIÇÃO CÍVEL,Pesquisa Eleitoral,0,32,32,drop,drop,drop,drop,drop,drop,drop,drop,drop,pesquisa
2163,272,11496,REPRESENTAÇÃO CRIMINAL/NOTÍCIA DE CRIME,"Uso, na Propaganda Eleitoral, de Símbolo de Órgãos de Governo",20,12,32,crime_other,crime_other,crime_other,crime_other,criminal,criminal,vote_crime,vote_crime,drop,speech_crime
1422,241,11737,PETIÇÃO CÍVEL,Cautelar Inominada - Incidental,25,7,32,drop,drop,drop,drop,drop,drop,drop,drop,drop,drop
2366,278,3397,TERMO CIRCUNSTANCIADO,Injúria,19,13,32,crime_speech,crime_speech,crime_speech,crime_speech,criminal,criminal,speech_crime,speech_crime,speech_crime,speech_crime
1120,120,12593,MANDADO DE SEGURANÇA CÍVEL,Impugnação de Ato Judicial,19,13,32,drop,drop,drop,drop,drop,drop,drop,drop,drop,drop
1017,279,11524,INQUÉRITO POLICIAL,Irregularidades dos Dados Publicados em Pesquisas Eleitorais,20,11,31,crime_other,crime_other,crime_other,crime_other,criminal,criminal,vote_crime,vote_crime,drop,drop
1401,241,11513,PETIÇÃO CÍVEL,Arregimentação de Eleitor ou Boca de Urna,23,8,31,drop,drop,drop,drop,drop,drop,drop,drop,drop,vote_crime
1481,241,11730,PETIÇÃO CÍVEL,Execução - De Astreintes,29,2,31,drop,drop,drop,drop,drop,drop,drop,drop,drop,drop
997,279,11490,INQUÉRITO POLICIAL,Impedimento do Exercício da Propaganda,13,18,31,crime_other,crime_other,crime_other,crime_other,criminal,criminal,vote_crime,vote_crime,drop,speech_crime
569,156,11668,CUMPRIMENTO DE SENTENÇA,Propaganda Política - Propaganda Eleitoral - Folhetos/Volantes/Santinhos/Impressos,9,22,31,drop,drop,drop,drop,drop,drop,drop,drop,drop,propaganda
1619,241,11573,PETIÇÃO CÍVEL,Requisição de Força Federal,19,12,31,drop,drop,drop,drop,drop,drop,drop,drop,drop,drop
1676,1733,11513,PROCEDIMENTO INVESTIGATÓRIO CRIMINAL (PIC-MP),Arregimentação de Eleitor ou Boca de Urna,21,10,31,crime_vote,crime_vote,crime_vote,crime_vote,criminal,criminal,vote_crime,vote_crime,vote_crime,vote_crime
1,14678,15056,ACORDO DE NÃO PERSECUÇÃO PENAL,Acordo de Não Persecução Penal,7,24,31,drop,drop,drop,drop,drop,drop,drop,drop,drop,drop
374,261,11786,CARTA PRECATÓRIA CÍVEL,Atos executórios,31,0,31,drop,drop,drop,drop,drop,drop,drop,drop,drop,drop
5,14678,10751,ACORDO DE NÃO PERSECUÇÃO PENAL,Captação ilícita de votos ou corrupção eleitoral,25,6,31,drop,drop,drop,drop,drop,drop,drop,drop,drop,vote_crime
2444,12135,12063,TUTELA ANTECIPADA ANTECEDENTE,Conduta Vedada ao Agente Público,12,18,30,abuse_political,abuse_political,abuse_political,abuse_power,abuse_power,strategic_attack,abuse,abuse,abuse,abuse
2292,14208,15089,SUSPENSÃO DE ÓRGÃO PARTIDÁRIO,Partido Político - Órgão de Direção Zonal,10,20,30,drop,drop,drop,drop,drop,drop,drop,drop,drop,drop
2578,12134,15016,TUTELA CAUTELAR ANTECEDENTE,Propaganda Política - Propaganda Eleitoral - Carreata/Caminhada/Passeata,0,30,30,prop_placement,prop_placement,illegal_advertisement,illegal_advertisement,illegal_advertisement,information_env,illegal_advertisement,propaganda,propaganda,propaganda
2324,278,12588,TERMO CIRCUNSTANCIADO,Crimes Conexos,30,0,30,crime_other,crime_other,crime_other,crime_other,criminal,criminal,vote_crime,vote_crime,drop,drop
1465,241,11485,PETIÇÃO CÍVEL,Divulgação de Falsa Imputação,21,9,30,drop,drop,drop,drop,drop,drop,drop,drop,drop,speech_crime
1010,279,11519,INQUÉRITO POLICIAL,Inscrição Simultânea em Dois ou Mais Partidos,21,9,30,crime_other,crime_other,crime_other,crime_other,criminal,criminal,vote_crime,vote_crime,drop,drop
1876,11541,11721,REPRESENTAÇÃO,Captação Ilícita de Sufrágio,30,0,30,abuse_economic,abuse_economic,abuse_economic,abuse_power,abuse_power,strategic_attack,abuse,abuse,abuse,abuse
2101,272,11488,REPRESENTAÇÃO CRIMINAL/NOTÍCIA DE CRIME,Injúria Eleitoral Violenta,22,8,30,crime_speech,crime_speech,crime_speech,crime_speech,criminal,criminal,speech_crime,speech_crime,speech_crime,speech_crime
2502,12135,12637,TUTELA ANTECIPADA ANTECEDENTE,Propaganda Política - Propaganda Eleitoral - Redes Sociais,11,19,30,prop_placement,prop_placement,illegal_advertisement,illegal_advertisement,illegal_advertisement,information_env,illegal_advertisement,propaganda,propaganda,propaganda
608,12625,11652,DIREITO DE RESPOSTA,Propaganda Política - Propaganda Eleitoral,0,30,30,prop_placement,prop_placement,illegal_advertisement,illegal_advertisement,illegal_advertisement,information_env,illegal_advertisement,propaganda,propaganda,propaganda
1083,279,11507,INQUÉRITO POLICIAL,Votação Múltipla ou Realizada em Lugar de Outrem,18,12,30,crime_other,crime_other,crime_other,crime_other,criminal,criminal,vote_crime,vote_crime,drop,vote_crime
228,11528,10754,AÇÃO PENAL ELEITORAL,Desobediência à determinações da Justiça Eleitoral,30,0,30,crime_other,crime_other,crime_other,crime_other,criminal,criminal,vote_crime,vote_crime,drop,drop
213,11528,11482,AÇÃO PENAL ELEITORAL,Crimes contra a Propaganda Eleitoral,2,27,29,crime_other,crime_other,crime_other,crime_other,criminal,criminal,vote_crime,vote_crime,drop,speech_crime
2362,278,11490,TERMO CIRCUNSTANCIADO,Impedimento do Exercício da Propaganda,25,4,29,crime_other,crime_other,crime_other,crime_other,criminal,criminal,vote_crime,vote_crime,drop,speech_crime
2317,278,11502,TERMO CIRCUNSTANCIADO,Coação Visando a Obtenção de Voto ou a sua Abstenção,10,19,29,crime_other,crime_other,crime_other,crime_other,criminal,criminal,vote_crime,vote_crime,drop,vote_crime
2470,12135,11649,TUTELA ANTECIPADA ANTECEDENTE,Pesquisa Eleitoral - Divulgação de Pesquisa Eleitoral Fraudulenta,14,15,29,electoral_polls,electoral_polls,electoral_polls,electoral_polls,electoral_polls,information_env,pesquisa,pesquisa,pesquisa,pesquisa
411,11955,12588,CAUTELAR INOMINADA CRIMINAL,Crimes Conexos,29,0,29,drop,drop,drop,drop,drop,drop,drop,drop,drop,drop
174,11527,11716,AÇÃO DE INVESTIGAÇÃO JUDICIAL ELEITORAL,Transgressões Eleitorais,0,29,29,drop,drop,drop,drop,drop,drop,drop,drop,drop,abuse
1503,241,11598,PETIÇÃO CÍVEL,Inelegibilidade - Condenação Criminal por órgão colegiado ou Transitada em Julgado,17,11,28,drop,drop,drop,drop,drop,drop,drop,drop,drop,eligibility
410,11955,11501,CAUTELAR INOMINADA CRIMINAL,Corrupção Eleitoral,2,26,28,drop,drop,drop,drop,drop,drop,drop,drop,drop,vote_crime
81,12061,11738,AÇÃO CAUTELAR,Cautelar Inominada - Preparatória,28,0,28,drop,drop,drop,drop,drop,drop,drop,drop,drop,drop
1897,11541,11643,REPRESENTAÇÃO,Eleições - 2° Turno,26,2,28,drop,drop,drop,drop,drop,drop,drop,drop,drop,drop
1441,241,11696,PETIÇÃO CÍVEL,Contas - Aprovação das Contas com Ressalvas,25,3,28,drop,drop,drop,drop,drop,drop,drop,drop,drop,drop
2372,278,11489,TERMO CIRCUNSTANCIADO,"Inutilização, Alteração ou Perturbação de Propaganda",13,15,28,crime_other,crime_other,crime_other,crime_other,criminal,criminal,vote_crime,vote_crime,drop,speech_crime
746,12729,11483,EXECUÇÃO DE MEDIDAS ALTERNATIVAS NO JUÍZO COMUM,Divulgação de Fatos Inverídicos na Propaganda Eleitoral,12,16,28,drop,drop,drop,drop,drop,drop,drop,drop,drop,speech_crime
1838,11532,11600,REGISTRO DE CANDIDATURA,Inelegibilidade - Desincompatibilização,12,16,28,drop,drop,drop,drop,drop,drop,drop,drop,drop,eligibility
1986,272,11470,REPRESENTAÇÃO CRIMINAL/NOTÍCIA DE CRIME,Alteração do Resultado de Votação nos Mapas ou Boletins de Apuração,19,9,28,crime_other,crime_other,crime_other,crime_other,criminal,criminal,vote_crime,vote_crime,drop,drop
1458,241,11486,PETIÇÃO CÍVEL,Difamação na Propaganda Eleitoral,16,11,27,drop,drop,drop,drop,drop,drop,drop,drop,drop,speech_crime
2426,12135,11721,TUTELA ANTECIPADA ANTECEDENTE,Captação Ilícita de Sufrágio,13,14,27,abuse_economic,abuse_economic,abuse_economic,abuse_power,abuse_power,strategic_attack,abuse,abuse,abuse,abuse
1940,11541,11669,REPRESENTAÇÃO,Propaganda Política - Propaganda Eleitoral - Horário Eleitoral Gratuito,0,27,27,prop_regulatory,prop_regulatory,illegal_advertisement,illegal_advertisement,illegal_advertisement,information_env,illegal_advertisement,propaganda,propaganda,propaganda
604,12625,11643,DIREITO DE RESPOSTA,Eleições - 2° Turno,14,13,27,drop,drop,drop,drop,drop,drop,drop,drop,drop,drop
2304,278,3402,TERMO CIRCUNSTANCIADO,Ameaça,11,16,27,crime_other,crime_other,crime_other,crime_other,criminal,criminal,vote_crime,vote_crime,drop,drop
644,12625,11776,DIREITO DE RESPOSTA,Veiculação de Propaganda Partidária - Em Inserções,10,17,27,prop_regulatory,prop_regulatory,illegal_advertisement,illegal_advertisement,illegal_advertisement,information_env,illegal_advertisement,propaganda,propaganda,propaganda
2491,12135,12635,TUTELA ANTECIPADA ANTECEDENTE,Propaganda Política - Propaganda Eleitoral - Divulgação de Notícia  Sabidamente Falsa,17,10,27,content_disinfo,content_disinfo,content_disinfo,content_disinfo,content_disinfo,information_env,content_disinfo,propaganda,propaganda,propaganda
1203,12561,11675,NOTÍCIA DE IRREGULARIDADE EM PROPAGANDA ELEITORAL,Propaganda Política - Propaganda Eleitoral - Televisão,24,3,27,prop_placement,prop_placement,illegal_advertisement,illegal_advertisement,illegal_advertisement,information_env,illegal_advertisement,propaganda,propaganda,propaganda
2199,12630,11642,REPRESENTAÇÃO ESPECIAL,Eleições - 1° Turno,14,13,27,drop,drop,drop,drop,drop,drop,drop,drop,drop,drop
2420,12135,12363,TUTELA ANTECIPADA ANTECEDENTE,Cancelamento de Registro de Candidatura,19,8,27,candidacy_challenge,candidacy_challenge,candidacy_challenge,candidacy,candidacy,strategic_attack,eligibility,eligibility,eligibility,drop
145,11527,11642,AÇÃO DE INVESTIGAÇÃO JUDICIAL ELEITORAL,Eleições - 1° Turno,20,7,27,drop,drop,drop,drop,drop,drop,drop,drop,drop,drop
1314,1727,3395,PETIÇÃO CRIMINAL,Calúnia,6,20,26,drop,drop,drop,drop,drop,drop,drop,drop,drop,speech_crime
1673,1733,12634,PROCEDIMENTO INVESTIGATÓRIO CRIMINAL (PIC-MP),Apropriação Indébita Eleitoral,17,9,26,crime_other,crime_other,crime_other,crime_other,criminal,criminal,vote_crime,vote_crime,drop,drop
326,12549,12055,CANCELAMENTO DE INSCRIÇÃO ELEITORAL (CIE),Impugnação - Transferência de Domicílio Eleitoral,5,21,26,drop,drop,drop,drop,drop,drop,drop,drop,drop,drop
876,12555,11778,IMPUGNAÇÃO À COMPOSIÇÃO DE JUNTA ELEITORAL,Requerimento,26,0,26,drop,drop,drop,drop,drop,drop,drop,drop,drop,drop
776,12729,11495,EXECUÇÃO DE MEDIDAS ALTERNATIVAS NO JUÍZO COMUM,Pesquisa Fraudulenta,15,11,26,drop,drop,drop,drop,drop,drop,drop,drop,drop,speech_crime
2141,272,11668,REPRESENTAÇÃO CRIMINAL/NOTÍCIA DE CRIME,Propaganda Política - Propaganda Eleitoral - Folhetos/Volantes/Santinhos/Impressos,1,25,26,crime_other,crime_other,crime_other,crime_other,criminal,criminal,vote_crime,vote_crime,drop,propaganda
2084,272,11472,REPRESENTAÇÃO CRIMINAL/NOTÍCIA DE CRIME,Falsificação ou Alteração de Documento Público para Fins Eleitorais,22,4,26,crime_other,crime_other,crime_other,crime_other,criminal,criminal,vote_crime,vote_crime,drop,drop
2385,278,11495,TERMO CIRCUNSTANCIADO,Pesquisa Fraudulenta,15,11,26,crime_other,crime_other,crime_other,crime_other,criminal,criminal,vote_crime,vote_crime,drop,speech_crime
1255,12248,11778,PEDIDO DE COOPERAÇÃO JUDICIÁRIA,Requerimento,0,26,26,drop,drop,drop,drop,drop,drop,drop,drop,drop,drop
1265,310,11501,PEDIDO DE QUEBRA DE SIGILO DE DADOS E/OU TELEFÔNICO,Corrupção Eleitoral,7,19,26,drop,drop,drop,drop,drop,drop,drop,drop,drop,vote_crime
1005,279,3397,INQUÉRITO POLICIAL,Injúria,15,11,26,crime_speech,crime_speech,crime_speech,crime_speech,criminal,criminal,speech_crime,speech_crime,speech_crime,speech_crime
2133,272,11443,REPRESENTAÇÃO CRIMINAL/NOTÍCIA DE CRIME,Promoção de Desordem nos Trabalhos Eleitorais,10,16,26,crime_other,crime_other,crime_other,crime_other,criminal,criminal,vote_crime,vote_crime,drop,drop
638,12625,11683,DIREITO DE RESPOSTA,"Propaganda Política - Propaganda Eleitoral - Truncagem, Montagem, Utilização de Gravação Externa, Computação Gráfica, Desenho Animado ou Efeito Especial",13,13,26,content_disinfo,content_disinfo,content_disinfo,content_disinfo,content_disinfo,information_env,content_disinfo,propaganda,propaganda,propaganda
1567,241,11657,PETIÇÃO CÍVEL,Propaganda Política - Propaganda Eleitoral - Bem Particular de Uso Comum,11,15,26,drop,drop,drop,drop,drop,drop,drop,drop,drop,propaganda
1714,1733,14221,PROCEDIMENTO INVESTIGATÓRIO CRIMINAL (PIC-MP),Falsificação ou Alteração de Documento Particular para Fins Eleitorais,2,24,26,crime_other,crime_other,crime_other,crime_other,criminal,criminal,vote_crime,vote_crime,drop,drop
1492,241,11594,PETIÇÃO CÍVEL,Identificação Numérica de Candidato,20,6,26,drop,drop,drop,drop,drop,drop,drop,drop,drop,drop
1124,120,12360,MANDADO DE SEGURANÇA CÍVEL,Matéria Administrativa,13,13,26,drop,drop,drop,drop,drop,drop,drop,drop,drop,drop
2175,272,15143,REPRESENTAÇÃO CRIMINAL/NOTÍCIA DE CRIME,Violência contra a Mulher Candidata ou no Exercício do Mandato Eletivo,0,26,26,crime_other,crime_other,crime_other,crime_other,criminal,criminal,vote_crime,vote_crime,drop,speech_crime
480,12121,10751,COMUNICADO DE MANDADO DE PRISÃO,Captação ilícita de votos ou corrupção eleitoral,26,0,26,drop,drop,drop,drop,drop,drop,drop,drop,drop,vote_crime
1315,1727,11484,PETIÇÃO CRIMINAL,Calúnia na Propaganda Eleitoral,14,12,26,drop,drop,drop,drop,drop,drop,drop,drop,drop,speech_crime
694,386,7792,EXECUÇÃO DA PENA,Pena de Multa,15,11,26,drop,drop,drop,drop,drop,drop,drop,drop,drop,drop
2232,12633,14220,REQUERIMENTO DE REGULARIZAÇÃO DE OMISSÃO DE PRESTAÇÃO DE CONTAS ELEITORAIS,Contas-  Simplificada,23,2,25,drop,drop,drop,drop,drop,drop,drop,drop,drop,drop
79,12061,11736,AÇÃO CAUTELAR,Cautelar Inominada - De Produção Antecipada de Provas,25,0,25,drop,drop,drop,drop,drop,drop,drop,drop,drop,drop
619,12625,11670,DIREITO DE RESPOSTA,Propaganda Política - Propaganda Eleitoral - Distribuição de Tempo de Propaganda,11,14,25,prop_regulatory,prop_regulatory,illegal_advertisement,illegal_advertisement,illegal_advertisement,information_env,illegal_advertisement,propaganda,propaganda,propaganda
1728,1733,11438,PROCEDIMENTO INVESTIGATÓRIO CRIMINAL (PIC-MP),Inscrição Fraudulenta,10,15,25,crime_other,crime_other,crime_other,crime_other,criminal,criminal,vote_crime,vote_crime,drop,drop
665,386,11501,EXECUÇÃO DA PENA,Corrupção Eleitoral,24,1,25,drop,drop,drop,drop,drop,drop,drop,drop,drop,vote_crime
1580,241,11672,PETIÇÃO CÍVEL,Propaganda Política - Propaganda Eleitoral - Horário Eleitoral Gratuito/Programa em Bloco,16,9,25,drop,drop,drop,drop,drop,drop,drop,drop,drop,propaganda
32,11530,11778,APURAÇÃO DE ELEIÇÃO,Requerimento,18,7,25,drop,drop,drop,drop,drop,drop,drop,drop,drop,drop
2160,272,11475,REPRESENTAÇÃO CRIMINAL/NOTÍCIA DE CRIME,Uso de Documento Falso para Fins Eleitorais,16,9,25,crime_other,crime_other,crime_other,crime_other,criminal,criminal,vote_crime,vote_crime,drop,drop
765,12729,11438,EXECUÇÃO DE MEDIDAS ALTERNATIVAS NO JUÍZO COMUM,Inscrição Fraudulenta,13,12,25,drop,drop,drop,drop,drop,drop,drop,drop,drop,drop
1397,241,11470,PETIÇÃO CÍVEL,Alteração do Resultado de Votação nos Mapas ou Boletins de Apuração,20,5,25,drop,drop,drop,drop,drop,drop,drop,drop,drop,drop
577,156,11681,CUMPRIMENTO DE SENTENÇA,Propaganda Política - Propaganda Eleitoral - Outdoors,10,15,25,drop,drop,drop,drop,drop,drop,drop,drop,drop,propaganda
1080,279,,INQUÉRITO POLICIAL,"Violência Política de Gênero (art, 326-B do Código Eleitoral)",1,24,25,crime_other,crime_other,crime_other,crime_other,criminal,criminal,vote_crime,vote_crime,drop,drop
1380,1727,11508,PETIÇÃO CRIMINAL,Violação do Sigilo do Voto,8,17,25,drop,drop,drop,drop,drop,drop,drop,drop,drop,vote_crime
1159,12561,11646,NOTÍCIA DE IRREGULARIDADE EM PROPAGANDA ELEITORAL,Eleições - Eleição Proporcional,21,4,25,drop,drop,drop,drop,drop,drop,drop,drop,drop,drop
618,12625,11666,DIREITO DE RESPOSTA,Propaganda Política - Propaganda Eleitoral - Debate Político,10,14,24,prop_regulatory,prop_regulatory,illegal_advertisement,illegal_advertisement,illegal_advertisement,information_env,illegal_advertisement,propaganda,propaganda,propaganda
2529,12134,12062,TUTELA CAUTELAR ANTECEDENTE,Captação ou Gasto Ilícito de Recursos Financeiros de Campanha Eleitoral,11,13,24,campaign_finance,campaign_finance,campaign_finance,campaign_finance,campaign_finance,strategic_attack,abuse,abuse,abuse,abuse
1006,279,11488,INQUÉRITO POLICIAL,Injúria Eleitoral Violenta,13,11,24,crime_speech,crime_speech,crime_speech,crime_speech,criminal,criminal,speech_crime,speech_crime,speech_crime,speech_crime
54,280,11455,AUTO DE PRISÃO EM FLAGRANTE,Descumprimento da Proibição de Fornecimento de Transporte ou Refeições a Eleitores,3,21,24,drop,drop,drop,drop,drop,drop,drop,drop,drop,drop
111,11526,11600,AÇÃO DE IMPUGNAÇÃO DE MANDATO ELETIVO,Inelegibilidade - Desincompatibilização,21,3,24,candidacy_challenge,candidacy_challenge,candidacy_challenge,candidacy,candidacy,strategic_attack,eligibility,eligibility,eligibility,eligibility
600,12625,11640,DIREITO DE RESPOSTA,Cargo - Vice-Prefeito,11,13,24,drop,drop,drop,drop,drop,drop,drop,drop,drop,drop
2601,12134,11778,TUTELA CAUTELAR ANTECEDENTE,Requerimento,13,11,24,drop,drop,drop,drop,drop,drop,drop,drop,drop,drop
451,11955,11778,CAUTELAR INOMINADA CRIMINAL,Requerimento,24,0,24,drop,drop,drop,drop,drop,drop,drop,drop,drop,drop
496,12121,7929,COMUNICADO DE MANDADO DE PRISÃO,Prisão em flagrante,23,0,23,drop,drop,drop,drop,drop,drop,drop,drop,drop,drop
140,11527,12063,AÇÃO DE INVESTIGAÇÃO JUDICIAL ELEITORAL,Conduta Vedada ao Agente Público,5,18,23,abuse_political,abuse_political,abuse_political,abuse_power,abuse_power,strategic_attack,abuse,abuse,abuse,abuse
2178,272,11507,REPRESENTAÇÃO CRIMINAL/NOTÍCIA DE CRIME,Votação Múltipla ou Realizada em Lugar de Outrem,16,7,23,crime_other,crime_other,crime_other,crime_other,criminal,criminal,vote_crime,vote_crime,drop,vote_crime
764,12729,11487,EXECUÇÃO DE MEDIDAS ALTERNATIVAS NO JUÍZO COMUM,Injúria na Propaganda Eleitoral,15,8,23,drop,drop,drop,drop,drop,drop,drop,drop,drop,speech_crime
104,11526,11722,AÇÃO DE IMPUGNAÇÃO DE MANDATO ELETIVO,Corrupção ou Fraude,0,23,23,drop,drop,drop,drop,drop,drop,drop,drop,drop,abuse
1654,12193,14220,PRESTAÇÃO DE CONTAS ELEITORAIS,Contas-  Simplificada,14,9,23,drop,drop,drop,drop,drop,drop,drop,drop,drop,drop
1540,241,11445,PETIÇÃO CÍVEL,"Ocultação, Sonegação ou Recusa de Fornecimento de Utilidades, Alimentos e Transporte no Dia da Eleição",8,15,23,drop,drop,drop,drop,drop,drop,drop,drop,drop,drop
711,12729,12634,EXECUÇÃO DE MEDIDAS ALTERNATIVAS NO JUÍZO COMUM,Apropriação Indébita Eleitoral,20,3,23,drop,drop,drop,drop,drop,drop,drop,drop,drop,drop
1424,241,11480,PETIÇÃO CÍVEL,Cerceamento da Fiscalização Partidária,11,12,23,drop,drop,drop,drop,drop,drop,drop,drop,drop,drop
2413,278,11503,TERMO CIRCUNSTANCIADO,Violência ou Grave Ameaça Visando a Obtenção de Voto ou a sua Abstenção,17,6,23,crime_other,crime_other,crime_other,crime_other,criminal,criminal,vote_crime,vote_crime,drop,vote_crime
2585,12134,12635,TUTELA CAUTELAR ANTECEDENTE,Propaganda Política - Propaganda Eleitoral - Divulgação de Notícia  Sabidamente Falsa,13,10,23,content_disinfo,content_disinfo,content_disinfo,content_disinfo,content_disinfo,information_env,content_disinfo,propaganda,propaganda,propaganda
850,12077,11501,HOMOLOGAÇÃO EM ACORDO DE COLABORAÇÃO PREMIADA,Corrupção Eleitoral,23,0,23,drop,drop,drop,drop,drop,drop,drop,drop,drop,vote_crime
257,11528,3515,AÇÃO PENAL ELEITORAL,Infração de Medida Sanitária Preventiva,22,0,22,crime_other,crime_other,crime_other,crime_other,criminal,criminal,vote_crime,vote_crime,drop,drop
677,386,12366,EXECUÇÃO DA PENA,Execução - Cumprimento de Sentença,19,3,22,drop,drop,drop,drop,drop,drop,drop,drop,drop,drop
1954,11541,12636,REPRESENTAÇÃO,Propaganda Política - Propaganda Eleitoral - Telemarketing,5,17,22,prop_placement,prop_placement,illegal_advertisement,illegal_advertisement,illegal_advertisement,information_env,illegal_advertisement,propaganda,propaganda,propaganda
2469,12135,11648,TUTELA ANTECIPADA ANTECEDENTE,Pesquisa Eleitoral,15,7,22,electoral_polls,electoral_polls,electoral_polls,electoral_polls,electoral_polls,information_env,pesquisa,pesquisa,pesquisa,pesquisa
1559,241,11500,PETIÇÃO CÍVEL,"Prisão ou Detenção do Eleitor, Membro de Mesa Receptora, Fiscal, Delegado de Partido ou Candidato, Fora das Hipóteses Legais Permitidas",6,16,22,drop,drop,drop,drop,drop,drop,drop,drop,drop,vote_crime
1657,12193,12366,PRESTAÇÃO DE CONTAS ELEITORAIS,Execução - Cumprimento de Sentença,21,1,22,drop,drop,drop,drop,drop,drop,drop,drop,drop,drop
981,279,3532,INQUÉRITO POLICIAL,Falsificação de documento particular,7,15,22,crime_other,crime_other,crime_other,crime_other,criminal,criminal,vote_crime,vote_crime,drop,drop
554,156,11652,CUMPRIMENTO DE SENTENÇA,Propaganda Política - Propaganda Eleitoral,0,22,22,drop,drop,drop,drop,drop,drop,drop,drop,drop,propaganda
2396,278,11778,TERMO CIRCUNSTANCIADO,Requerimento,19,3,22,crime_other,crime_other,crime_other,crime_other,criminal,criminal,vote_crime,vote_crime,drop,drop
968,279,10820,INQUÉRITO POLICIAL,Divulgação de pesquisa de fraudulenta,17,5,22,crime_other,crime_other,crime_other,crime_other,criminal,criminal,vote_crime,vote_crime,drop,drop
258,11528,3397,AÇÃO PENAL ELEITORAL,Injúria,10,11,21,crime_speech,crime_speech,crime_speech,crime_speech,criminal,criminal,speech_crime,speech_crime,speech_crime,speech_crime
248,11528,14221,AÇÃO PENAL ELEITORAL,Falsificação ou Alteração de Documento Particular para Fins Eleitorais,11,10,21,crime_other,crime_other,crime_other,crime_other,criminal,criminal,vote_crime,vote_crime,drop,drop
484,12121,11501,COMUNICADO DE MANDADO DE PRISÃO,Corrupção Eleitoral,20,1,21,drop,drop,drop,drop,drop,drop,drop,drop,drop,vote_crime
1152,12561,11428,NOTÍCIA DE IRREGULARIDADE EM PROPAGANDA ELEITORAL,DIREITO ELEITORAL,21,0,21,drop,drop,drop,drop,drop,drop,drop,drop,drop,drop
1990,272,11522,REPRESENTAÇÃO CRIMINAL/NOTÍCIA DE CRIME,Arguição de Ineligibilidade Temerária ou de Má-Fé,11,10,21,crime_other,crime_other,crime_other,crime_other,criminal,criminal,vote_crime,vote_crime,drop,drop
1550,241,11761,PETIÇÃO CÍVEL,Perda de Cargo Eletivo por Desfiliação Partidária,14,7,21,drop,drop,drop,drop,drop,drop,drop,drop,drop,drop
658,386,11513,EXECUÇÃO DA PENA,Arregimentação de Eleitor ou Boca de Urna,18,3,21,drop,drop,drop,drop,drop,drop,drop,drop,drop,vote_crime
271,11528,,AÇÃO PENAL ELEITORAL,NI,11,10,21,crime_other,crime_other,crime_other,crime_other,criminal,criminal,vote_crime,vote_crime,drop,drop
2409,278,11509,TERMO CIRCUNSTANCIADO,Violação do Sigilo da Urna ou dos Invólucros,11,10,21,crime_other,crime_other,crime_other,crime_other,criminal,criminal,vote_crime,vote_crime,drop,vote_crime
1494,241,11499,PETIÇÃO CÍVEL,Impedimento ou Embaraço ao Exercício do Sufrágio,15,5,20,drop,drop,drop,drop,drop,drop,drop,drop,drop,vote_crime
509,,11778,CORREIÇÃO EM PRIMEIRO GRAU,Requerimento,20,0,20,drop,drop,drop,drop,drop,drop,drop,drop,drop,drop
275,11528,11476,AÇÃO PENAL ELEITORAL,Obtenção de Documento Falso para Fins Eleitorais,17,3,20,crime_other,crime_other,crime_other,crime_other,criminal,criminal,vote_crime,vote_crime,drop,drop
2195,12630,11722,REPRESENTAÇÃO ESPECIAL,Corrupção ou Fraude,15,5,20,drop,drop,drop,drop,drop,drop,drop,drop,drop,abuse
1072,279,11496,INQUÉRITO POLICIAL,"Uso, na Propaganda Eleitoral, de Símbolo de Órgãos de Governo",14,6,20,crime_other,crime_other,crime_other,crime_other,criminal,criminal,vote_crime,vote_crime,drop,speech_crime
1511,241,11605,PETIÇÃO CÍVEL,Inelegibilidade - Representação ou Ação de Investigação Judicial Eleitoral Jugada Procedente pela Justiça Eleitoral,11,9,20,drop,drop,drop,drop,drop,drop,drop,drop,drop,eligibility
476,12121,11513,COMUNICADO DE MANDADO DE PRISÃO,Arregimentação de Eleitor ou Boca de Urna,20,0,20,drop,drop,drop,drop,drop,drop,drop,drop,drop,vote_crime
1996,272,11494,REPRESENTAÇÃO CRIMINAL/NOTÍCIA DE CRIME,Autorização de Transmissão de Pessoa Não Detentora de Direitos Políticos em Atividades Partidárias e de Propaganda Eleitoral,16,4,20,crime_other,crime_other,crime_other,crime_other,criminal,criminal,vote_crime,vote_crime,drop,speech_crime
313,11528,11503,AÇÃO PENAL ELEITORAL,Violência ou Grave Ameaça Visando a Obtenção de Voto ou a sua Abstenção,9,11,20,crime_other,crime_other,crime_other,crime_other,criminal,criminal,vote_crime,vote_crime,drop,vote_crime
558,156,11655,CUMPRIMENTO DE SENTENÇA,Propaganda Política - Propaganda Eleitoral - Banner/Cartaz/Faixa,5,15,20,drop,drop,drop,drop,drop,drop,drop,drop,drop,propaganda
1765,1298,,PROCESSO ADMINISTRATIVO,NI,4,16,20,drop,drop,drop,drop,drop,drop,drop,drop,drop,drop
149,11527,11559,AÇÃO DE INVESTIGAÇÃO JUDICIAL ELEITORAL,Improbidade Administrativa,14,6,20,abuse_political,abuse_political,abuse_political,abuse_power,abuse_power,strategic_attack,abuse,abuse,abuse,drop
1466,241,11483,PETIÇÃO CÍVEL,Divulgação de Fatos Inverídicos na Propaganda Eleitoral,9,11,20,drop,drop,drop,drop,drop,drop,drop,drop,drop,speech_crime
1626,241,11518,PETIÇÃO CÍVEL,Subscrição de Mais de Uma Ficha de Filiação Partidária,15,5,20,drop,drop,drop,drop,drop,drop,drop,drop,drop,drop
589,10980,11778,CUMPRIMENTO PROVISÓRIO DE DECISÃO,Requerimento,10,10,20,drop,drop,drop,drop,drop,drop,drop,drop,drop,drop
2563,12134,11649,TUTELA CAUTELAR ANTECEDENTE,Pesquisa Eleitoral - Divulgação de Pesquisa Eleitoral Fraudulenta,11,9,20,electoral_polls,electoral_polls,electoral_polls,electoral_polls,electoral_polls,information_env,pesquisa,pesquisa,pesquisa,pesquisa
636,12625,11674,DIREITO DE RESPOSTA,Propaganda Política - Propaganda Eleitoral - Rádio Comunitária,13,6,19,prop_placement,prop_placement,illegal_advertisement,illegal_advertisement,illegal_advertisement,information_env,illegal_advertisement,propaganda,propaganda,propaganda
92,11526,12600,AÇÃO DE IMPUGNAÇÃO DE MANDATO ELETIVO,Candidato Eleito,2,17,19,drop,drop,drop,drop,drop,drop,drop,drop,drop,drop
1398,241,14225,PETIÇÃO CÍVEL,Apuração de indícios de irregularidades informados pela Administração Pública,10,9,19,drop,drop,drop,drop,drop,drop,drop,drop,drop,drop
281,11528,11495,AÇÃO PENAL ELEITORAL,Pesquisa Fraudulenta,12,7,19,crime_other,crime_other,crime_other,crime_other,criminal,criminal,vote_crime,vote_crime,drop,speech_crime
312,11528,15143,AÇÃO PENAL ELEITORAL,Violência contra a Mulher Candidata ou no Exercício do Mandato Eletivo,1,18,19,crime_other,crime_other,crime_other,crime_other,criminal,criminal,vote_crime,vote_crime,drop,speech_crime
1981,272,15056,REPRESENTAÇÃO CRIMINAL/NOTÍCIA DE CRIME,Acordo de Não Persecução Penal,19,0,19,crime_other,crime_other,crime_other,crime_other,criminal,criminal,vote_crime,vote_crime,drop,drop
2338,278,3573,TERMO CIRCUNSTANCIADO,Desacato,8,11,19,crime_other,crime_other,crime_other,crime_other,criminal,criminal,vote_crime,vote_crime,drop,drop
1555,241,11495,PETIÇÃO CÍVEL,Pesquisa Fraudulenta,13,6,19,drop,drop,drop,drop,drop,drop,drop,drop,drop,speech_crime
1490,241,11561,PETIÇÃO CÍVEL,Garantia de Autoridade de Decisão do Tribunal,11,8,19,drop,drop,drop,drop,drop,drop,drop,drop,drop,drop
2590,12134,11679,TUTELA CAUTELAR ANTECEDENTE,Propaganda Política - Propaganda Eleitoral - Internet,10,9,19,prop_placement,prop_placement,illegal_advertisement,illegal_advertisement,illegal_advertisement,information_env,illegal_advertisement,propaganda,propaganda,propaganda
1600,241,11449,PETIÇÃO CÍVEL,Recusa ou Abandono do Serviço Eleitoral,2,17,19,drop,drop,drop,drop,drop,drop,drop,drop,drop,drop
731,12729,11497,EXECUÇÃO DE MEDIDAS ALTERNATIVAS NO JUÍZO COMUM,Crimes contra o Sigilo ou o Exercício do Voto,2,17,19,drop,drop,drop,drop,drop,drop,drop,drop,drop,vote_crime
1661,12193,15089,PRESTAÇÃO DE CONTAS ELEITORAIS,Partido Político - Órgão de Direção Zonal,0,19,19,drop,drop,drop,drop,drop,drop,drop,drop,drop,drop
2164,272,11491,REPRESENTAÇÃO CRIMINAL/NOTÍCIA DE CRIME,Utilização de Organização Comercial para Propaganda ou Aliciamento de Eleitores,8,11,19,crime_other,crime_other,crime_other,crime_other,criminal,criminal,vote_crime,vote_crime,drop,speech_crime
128,11527,12601,AÇÃO DE INVESTIGAÇÃO JUDICIAL ELEITORAL,Candidato Não-Eleito,13,5,18,drop,drop,drop,drop,drop,drop,drop,drop,drop,drop
718,12729,3395,EXECUÇÃO DE MEDIDAS ALTERNATIVAS NO JUÍZO COMUM,Calúnia,8,10,18,drop,drop,drop,drop,drop,drop,drop,drop,drop,speech_crime
1604,241,11621,PETIÇÃO CÍVEL,Registro de Candidatura - Substituição de Candidato - Por Cancelamento de Registro,11,7,18,drop,drop,drop,drop,drop,drop,drop,drop,drop,drop
1584,241,11676,PETIÇÃO CÍVEL,Propaganda Política - Propaganda Eleitoral - Invasão de Horário Destinado a Outro Cargo/Partido/Coligação,5,13,18,drop,drop,drop,drop,drop,drop,drop,drop,drop,propaganda
113,11526,14936,AÇÃO DE IMPUGNAÇÃO DE MANDATO ELETIVO,Inelegibilidade - Perda de Mandato,0,18,18,candidacy_challenge,candidacy_challenge,candidacy_challenge,candidacy,candidacy,strategic_attack,eligibility,eligibility,eligibility,eligibility
1682,1733,11502,PROCEDIMENTO INVESTIGATÓRIO CRIMINAL (PIC-MP),Coação Visando a Obtenção de Voto ou a sua Abstenção,6,12,18,crime_other,crime_other,crime_other,crime_other,criminal,criminal,vote_crime,vote_crime,drop,vote_crime
1681,1733,10751,PROCEDIMENTO INVESTIGATÓRIO CRIMINAL (PIC-MP),Captação ilícita de votos ou corrupção eleitoral,17,1,18,crime_vote,crime_vote,crime_vote,crime_vote,criminal,criminal,vote_crime,vote_crime,vote_crime,vote_crime
2448,12135,11642,TUTELA ANTECIPADA ANTECEDENTE,Eleições - 1° Turno,7,11,18,drop,drop,drop,drop,drop,drop,drop,drop,drop,drop
1724,1733,3515,PROCEDIMENTO INVESTIGATÓRIO CRIMINAL (PIC-MP),Infração de Medida Sanitária Preventiva,18,0,18,crime_other,crime_other,crime_other,crime_other,criminal,criminal,vote_crime,vote_crime,drop,drop
2489,12135,11665,TUTELA ANTECIPADA ANTECEDENTE,Propaganda Política - Propaganda Eleitoral - Contrariedade à Lei de Postura Municipal,18,0,18,prop_regulatory,prop_regulatory,illegal_advertisement,illegal_advertisement,illegal_advertisement,information_env,illegal_advertisement,propaganda,propaganda,propaganda
1451,241,11455,PETIÇÃO CÍVEL,Descumprimento da Proibição de Fornecimento de Transporte ou Refeições a Eleitores,3,15,18,drop,drop,drop,drop,drop,drop,drop,drop,drop,drop
1573,241,11664,PETIÇÃO CÍVEL,"Propaganda Política - Propaganda Eleitoral - Confecção, Utilização ou Distribuição de Brinde",13,5,18,drop,drop,drop,drop,drop,drop,drop,drop,drop,propaganda
1801,12557,12564,RECURSO/IMPUGNAÇÃO DE ALISTAMENTO ELEITORAL,Alistamento Eleitoral - Fraude,3,15,18,drop,drop,drop,drop,drop,drop,drop,drop,drop,drop
1864,11541,11720,REPRESENTAÇÃO,Abuso - Uso Indevido de Meio de Comunicação Social,5,13,18,abuse_political,abuse_political,abuse_political,abuse_power,abuse_power,strategic_attack,abuse,abuse,abuse,abuse
1599,241,11715,PETIÇÃO CÍVEL,Quociente Eleitoral/Partidário,6,11,17,drop,drop,drop,drop,drop,drop,drop,drop,drop,drop
524,156,11628,CUMPRIMENTO DE SENTENÇA,Cargos,5,12,17,drop,drop,drop,drop,drop,drop,drop,drop,drop,drop
1589,241,11674,PETIÇÃO CÍVEL,Propaganda Política - Propaganda Eleitoral - Rádio Comunitária,12,5,17,drop,drop,drop,drop,drop,drop,drop,drop,drop,propaganda
80,12061,11737,AÇÃO CAUTELAR,Cautelar Inominada - Incidental,17,0,17,drop,drop,drop,drop,drop,drop,drop,drop,drop,drop
2187,12630,12601,REPRESENTAÇÃO ESPECIAL,Candidato Não-Eleito,9,8,17,drop,drop,drop,drop,drop,drop,drop,drop,drop,drop
328,12549,11778,CANCELAMENTO DE INSCRIÇÃO ELEITORAL (CIE),Requerimento,12,5,17,drop,drop,drop,drop,drop,drop,drop,drop,drop,drop
1878,11541,12062,REPRESENTAÇÃO,Captação ou Gasto Ilícito de Recursos Financeiros de Campanha Eleitoral,12,5,17,campaign_finance,campaign_finance,campaign_finance,campaign_finance,campaign_finance,strategic_attack,abuse,abuse,abuse,abuse
2182,12630,11719,REPRESENTAÇÃO ESPECIAL,Abuso - De Poder Político/Autoridade,2,15,17,abuse_political,abuse_political,abuse_political,abuse_power,abuse_power,strategic_attack,abuse,abuse,abuse,abuse
1911,11541,14941,REPRESENTAÇÃO,Percentual de Gênero,0,17,17,drop,drop,drop,drop,drop,drop,drop,drop,drop,drop
1974,11541,11775,REPRESENTAÇÃO,Veiculação de Propaganda Partidária - Em Bloco,15,2,17,prop_placement,prop_placement,illegal_advertisement,illegal_advertisement,illegal_advertisement,information_env,illegal_advertisement,propaganda,propaganda,propaganda
2473,12135,12046,TUTELA ANTECIPADA ANTECEDENTE,Prestação de Contas - De Candidato,15,2,17,drop,drop,drop,drop,drop,drop,drop,drop,drop,drop
2165,272,11451,REPRESENTAÇÃO CRIMINAL/NOTÍCIA DE CRIME,Utilização de Prédios ou Serviços de Repartições Públicas para Beneficiar Partido ou Organização de Caráter Político,9,8,17,crime_other,crime_other,crime_other,crime_other,criminal,criminal,vote_crime,vote_crime,drop,drop
1882,11541,11628,REPRESENTAÇÃO,Cargos,0,17,17,drop,drop,drop,drop,drop,drop,drop,drop,drop,drop
574,156,11678,CUMPRIMENTO DE SENTENÇA,Propaganda Política - Propaganda Eleitoral - Inobservância do Limite Legal,17,0,17,drop,drop,drop,drop,drop,drop,drop,drop,drop,propaganda
2587,12134,11668,TUTELA CAUTELAR ANTECEDENTE,Propaganda Política - Propaganda Eleitoral - Folhetos/Volantes/Santinhos/Impressos,9,7,16,prop_placement,prop_placement,illegal_advertisement,illegal_advertisement,illegal_advertisement,information_env,illegal_advertisement,propaganda,propaganda,propaganda
28,11530,11647,APURAÇÃO DE ELEIÇÃO,Eleições - Eleição Suplementar,9,7,16,drop,drop,drop,drop,drop,drop,drop,drop,drop,drop
254,11528,11499,AÇÃO PENAL ELEITORAL,Impedimento ou Embaraço ao Exercício do Sufrágio,10,6,16,crime_other,crime_other,crime_other,crime_other,criminal,criminal,vote_crime,vote_crime,drop,vote_crime
2181,12630,11718,REPRESENTAÇÃO ESPECIAL,Abuso - De Poder Econômico,3,13,16,abuse_economic,abuse_economic,abuse_economic,abuse_power,abuse_power,strategic_attack,abuse,abuse,abuse,abuse
2478,12135,11654,TUTELA ANTECIPADA ANTECEDENTE,Propaganda Política - Propaganda Eleitoral - Alto-falante/Amplificador de Som,9,7,16,prop_placement,prop_placement,illegal_advertisement,illegal_advertisement,illegal_advertisement,information_env,illegal_advertisement,propaganda,propaganda,propaganda
1109,120,12600,MANDADO DE SEGURANÇA CÍVEL,Candidato Eleito,3,13,16,drop,drop,drop,drop,drop,drop,drop,drop,drop,drop
2369,278,11438,TERMO CIRCUNSTANCIADO,Inscrição Fraudulenta,15,1,16,crime_other,crime_other,crime_other,crime_other,criminal,criminal,vote_crime,vote_crime,drop,drop
386,83,11778,CAUTELAR FISCAL,Requerimento,7,9,16,drop,drop,drop,drop,drop,drop,drop,drop,drop,drop
583,156,11684,CUMPRIMENTO DE SENTENÇA,Recursos Financeiros de Campanha Eleitoral,5,11,16,drop,drop,drop,drop,drop,drop,drop,drop,drop,drop
2209,12630,11652,REPRESENTAÇÃO ESPECIAL,Propaganda Política - Propaganda Eleitoral,0,16,16,prop_placement,prop_placement,illegal_advertisement,illegal_advertisement,illegal_advertisement,information_env,illegal_advertisement,propaganda,propaganda,propaganda
2065,272,10820,REPRESENTAÇÃO CRIMINAL/NOTÍCIA DE CRIME,Divulgação de pesquisa de fraudulenta,16,0,16,crime_other,crime_other,crime_other,crime_other,criminal,criminal,vote_crime,vote_crime,drop,drop
1476,241,,PETIÇÃO CÍVEL,Exceção - De Ilegitimidade de Parte,3,13,16,drop,drop,drop,drop,drop,drop,drop,drop,drop,drop
1073,279,11491,INQUÉRITO POLICIAL,Utilização de Organização Comercial para Propaganda ou Aliciamento de Eleitores,9,7,16,crime_other,crime_other,crime_other,crime_other,criminal,criminal,vote_crime,vote_crime,drop,speech_crime
563,156,11662,CUMPRIMENTO DE SENTENÇA,Propaganda Política - Propaganda Eleitoral - Comício/Showmício,12,4,16,drop,drop,drop,drop,drop,drop,drop,drop,drop,propaganda
1074,279,11451,INQUÉRITO POLICIAL,Utilização de Prédios ou Serviços de Repartições Públicas para Beneficiar Partido ou Organização de Caráter Político,9,7,16,crime_other,crime_other,crime_other,crime_other,criminal,criminal,vote_crime,vote_crime,drop,drop
2000,272,10914,REPRESENTAÇÃO CRIMINAL/NOTÍCIA DE CRIME,Busca e Apreensão de Bens,15,0,15,crime_other,crime_other,crime_other,crime_other,criminal,criminal,vote_crime,vote_crime,drop,drop
2151,272,3617,REPRESENTAÇÃO CRIMINAL/NOTÍCIA DE CRIME,Representação caluniosa,10,5,15,crime_other,crime_other,crime_other,crime_other,criminal,criminal,vote_crime,vote_crime,drop,drop
1530,241,11612,PETIÇÃO CÍVEL,Nome do Candidato - Homonímia,13,2,15,drop,drop,drop,drop,drop,drop,drop,drop,drop,drop
1851,11532,11620,REGISTRO DE CANDIDATURA,Registro de Candidatura - Substituição de Candidato,12,3,15,drop,drop,drop,drop,drop,drop,drop,drop,drop,drop
840,307,11704,HABEAS CORPUS CRIMINAL,Habeas Corpus - Liberatório,10,5,15,drop,drop,drop,drop,drop,drop,drop,drop,drop,drop
1337,1727,11486,PETIÇÃO CRIMINAL,Difamação na Propaganda Eleitoral,9,6,15,drop,drop,drop,drop,drop,drop,drop,drop,drop,speech_crime
1344,1727,11473,PETIÇÃO CRIMINAL,Falsidade Ideológica,6,9,15,drop,drop,drop,drop,drop,drop,drop,drop,drop,vote_crime
160,11527,11604,AÇÃO DE INVESTIGAÇÃO JUDICIAL ELEITORAL,Inelegibilidade - Rejeição de Contas Públicas,9,6,15,candidacy_challenge,candidacy_challenge,candidacy_challenge,candidacy,candidacy,strategic_attack,eligibility,eligibility,eligibility,eligibility
2531,12134,11638,TUTELA CAUTELAR ANTECEDENTE,Cargo - Vereador,9,6,15,drop,drop,drop,drop,drop,drop,drop,drop,drop,drop
2593,12134,12637,TUTELA CAUTELAR ANTECEDENTE,Propaganda Política - Propaganda Eleitoral - Redes Sociais,8,7,15,prop_placement,prop_placement,illegal_advertisement,illegal_advertisement,illegal_advertisement,information_env,illegal_advertisement,propaganda,propaganda,propaganda
2046,272,15020,REPRESENTAÇÃO CRIMINAL/NOTÍCIA DE CRIME,Denunciação Caluniosa para Fins Eleitorais,1,14,15,crime_other,crime_other,crime_other,crime_other,criminal,criminal,vote_crime,vote_crime,drop,drop
82,12061,11428,AÇÃO CAUTELAR,DIREITO ELEITORAL,15,0,15,drop,drop,drop,drop,drop,drop,drop,drop,drop,drop
311,11528,,AÇÃO PENAL ELEITORAL,"Violência Política de Gênero (art, 326-B do Código Eleitoral)",4,11,15,crime_other,crime_other,crime_other,crime_other,criminal,criminal,vote_crime,vote_crime,drop,drop
555,156,11653,CUMPRIMENTO DE SENTENÇA,Propaganda Política - Propaganda Eleitoral - Adesivo,9,6,15,drop,drop,drop,drop,drop,drop,drop,drop,drop,propaganda
1184,12561,11670,NOTÍCIA DE IRREGULARIDADE EM PROPAGANDA ELEITORAL,Propaganda Política - Propaganda Eleitoral - Distribuição de Tempo de Propaganda,10,5,15,prop_regulatory,prop_regulatory,illegal_advertisement,illegal_advertisement,illegal_advertisement,information_env,illegal_advertisement,propaganda,propaganda,propaganda
2458,12135,11596,TUTELA ANTECIPADA ANTECEDENTE,Inelegibilidade - Abuso do Poder Econômico ou Político,3,12,15,abuse_economic,abuse_economic,abuse_economic,abuse_power,abuse_power,strategic_attack,abuse,abuse,abuse,eligibility
1202,12561,12636,NOTÍCIA DE IRREGULARIDADE EM PROPAGANDA ELEITORAL,Propaganda Política - Propaganda Eleitoral - Telemarketing,12,3,15,prop_placement,prop_placement,illegal_advertisement,illegal_advertisement,illegal_advertisement,information_env,illegal_advertisement,propaganda,propaganda,propaganda
2206,12630,,REPRESENTAÇÃO ESPECIAL,NI,4,11,15,drop,drop,drop,drop,drop,drop,drop,drop,drop,drop
2315,278,10751,TERMO CIRCUNSTANCIADO,Captação ilícita de votos ou corrupção eleitoral,13,2,15,crime_vote,crime_vote,crime_vote,crime_vote,criminal,criminal,vote_crime,vote_crime,vote_crime,vote_crime
6,14678,11501,ACORDO DE NÃO PERSECUÇÃO PENAL,Corrupção Eleitoral,5,10,15,drop,drop,drop,drop,drop,drop,drop,drop,drop,vote_crime
2229,12633,11640,REQUERIMENTO DE REGULARIZAÇÃO DE OMISSÃO DE PRESTAÇÃO DE CONTAS ELEITORAIS,Cargo - Vice-Prefeito,6,9,15,drop,drop,drop,drop,drop,drop,drop,drop,drop,drop
1426,241,11502,PETIÇÃO CÍVEL,Coação Visando a Obtenção de Voto ou a sua Abstenção,5,10,15,drop,drop,drop,drop,drop,drop,drop,drop,drop,vote_crime
2180,12630,11717,REPRESENTAÇÃO ESPECIAL,Abuso,0,15,15,abuse_political,abuse_political,abuse_political,abuse_power,abuse_power,strategic_attack,abuse,abuse,abuse,abuse
1699,1733,11452,PROCEDIMENTO INVESTIGATÓRIO CRIMINAL (PIC-MP),Desobediência a Ordens ou Instruções da Justiça Eleitoral,9,6,15,crime_other,crime_other,crime_other,crime_other,criminal,criminal,vote_crime,vote_crime,drop,drop
648,,11778,EMBARGOS DE TERCEIRO CÍVEL,Requerimento,14,0,14,drop,drop,drop,drop,drop,drop,drop,drop,drop,drop
1869,11541,,REPRESENTAÇÃO,"Auxílio Emergencial (Lei 13,982/2020)",13,1,14,drop,drop,drop,drop,drop,drop,drop,drop,drop,drop
1507,241,11602,PETIÇÃO CÍVEL,Inelegibilidade - Parentesco,6,8,14,drop,drop,drop,drop,drop,drop,drop,drop,drop,eligibility
83,12061,9196,AÇÃO CAUTELAR,Liminar,14,0,14,drop,drop,drop,drop,drop,drop,drop,drop,drop,drop
1528,241,,PETIÇÃO CÍVEL,NI,11,3,14,drop,drop,drop,drop,drop,drop,drop,drop,drop,drop
2493,12135,11668,TUTELA ANTECIPADA ANTECEDENTE,Propaganda Política - Propaganda Eleitoral - Folhetos/Volantes/Santinhos/Impressos,7,7,14,prop_placement,prop_placement,illegal_advertisement,illegal_advertisement,illegal_advertisement,information_env,illegal_advertisement,propaganda,propaganda,propaganda
1635,241,11776,PETIÇÃO CÍVEL,Veiculação de Propaganda Partidária - Em Inserções,10,4,14,drop,drop,drop,drop,drop,drop,drop,drop,drop,propaganda
233,11528,11485,AÇÃO PENAL ELEITORAL,Divulgação de Falsa Imputação,9,5,14,crime_other,crime_other,crime_other,crime_other,criminal,criminal,vote_crime,vote_crime,drop,speech_crime
1862,11541,11718,REPRESENTAÇÃO,Abuso - De Poder Econômico,4,10,14,abuse_economic,abuse_economic,abuse_economic,abuse_power,abuse_power,strategic_attack,abuse,abuse,abuse,abuse
1705,1733,11483,PROCEDIMENTO INVESTIGATÓRIO CRIMINAL (PIC-MP),Divulgação de Fatos Inverídicos na Propaganda Eleitoral,8,6,14,crime_speech,crime_speech,crime_speech,crime_speech,criminal,criminal,speech_crime,speech_crime,speech_crime,speech_crime
1077,279,11509,INQUÉRITO POLICIAL,Violação do Sigilo da Urna ou dos Invólucros,4,10,14,crime_other,crime_other,crime_other,crime_other,criminal,criminal,vote_crime,vote_crime,drop,vote_crime
87,12061,12416,AÇÃO CAUTELAR,Tutela de Urgência,14,0,14,drop,drop,drop,drop,drop,drop,drop,drop,drop,drop
2581,12134,11664,TUTELA CAUTELAR ANTECEDENTE,"Propaganda Política - Propaganda Eleitoral - Confecção, Utilização ou Distribuição de Brinde",7,7,14,prop_placement,prop_placement,illegal_advertisement,illegal_advertisement,illegal_advertisement,information_env,illegal_advertisement,propaganda,propaganda,propaganda
1703,1733,11486,PROCEDIMENTO INVESTIGATÓRIO CRIMINAL (PIC-MP),Difamação na Propaganda Eleitoral,10,4,14,crime_speech,crime_speech,crime_speech,crime_speech,criminal,criminal,speech_crime,speech_crime,speech_crime,speech_crime
1539,241,11478,PETIÇÃO CÍVEL,Obtenção de Acesso a Sistema de Dados Eleitorais,7,7,14,drop,drop,drop,drop,drop,drop,drop,drop,drop,drop
621,12625,11667,DIREITO DE RESPOSTA,Propaganda Política - Propaganda Eleitoral - Extemporânea/Antecipada,2,12,14,prop_timing,prop_timing,illegal_advertisement,illegal_advertisement,illegal_advertisement,information_env,illegal_advertisement,propaganda,propaganda,propaganda
2422,12135,12601,TUTELA ANTECIPADA ANTECEDENTE,Candidato Não-Eleito,11,3,14,drop,drop,drop,drop,drop,drop,drop,drop,drop,drop
2013,272,11504,REPRESENTAÇÃO CRIMINAL/NOTÍCIA DE CRIME,Concentração de Eleitores para Embaraçar ou Fraudar o Exercício do Voto,5,9,14,crime_other,crime_other,crime_other,crime_other,criminal,criminal,vote_crime,vote_crime,drop,vote_crime
2522,12134,12363,TUTELA CAUTELAR ANTECEDENTE,Cancelamento de Registro de Candidatura,10,4,14,candidacy_challenge,candidacy_challenge,candidacy_challenge,candidacy,candidacy,strategic_attack,eligibility,eligibility,eligibility,drop
1885,11541,11722,REPRESENTAÇÃO,Corrupção ou Fraude,14,0,14,drop,drop,drop,drop,drop,drop,drop,drop,drop,abuse
364,355,14221,CARTA PRECATÓRIA CRIMINAL,Falsificação ou Alteração de Documento Particular para Fins Eleitorais,7,7,14,drop,drop,drop,drop,drop,drop,drop,drop,drop,drop
875,12555,12052,IMPUGNAÇÃO À COMPOSIÇÃO DE JUNTA ELEITORAL,Impugnação - Nomeação de Membro da Junta Eleitoral,0,14,14,drop,drop,drop,drop,drop,drop,drop,drop,drop,drop
1495,241,11559,PETIÇÃO CÍVEL,Improbidade Administrativa,6,8,14,drop,drop,drop,drop,drop,drop,drop,drop,drop,drop
209,11528,12588,AÇÃO PENAL ELEITORAL,Crimes Conexos,14,0,14,crime_other,crime_other,crime_other,crime_other,criminal,criminal,vote_crime,vote_crime,drop,drop
1022,279,11450,INQUÉRITO POLICIAL,Não Cumprimento dos Deveres Impostos pelo Código Eleitoral à Autoridade Judiciária e aos Funcionários da Justiça Eleitoral,12,2,14,crime_other,crime_other,crime_other,crime_other,criminal,criminal,vote_crime,vote_crime,drop,drop
531,156,15405,CUMPRIMENTO DE SENTENÇA,Desinformação sobre a Integridade do Processo Eleitoral,0,14,14,drop,drop,drop,drop,drop,drop,drop,drop,drop,propaganda
1200,12561,11673,NOTÍCIA DE IRREGULARIDADE EM PROPAGANDA ELEITORAL,Propaganda Política - Propaganda Eleitoral - Rádio,11,3,14,prop_placement,prop_placement,illegal_advertisement,illegal_advertisement,illegal_advertisement,information_env,illegal_advertisement,propaganda,propaganda,propaganda
1110,120,12601,MANDADO DE SEGURANÇA CÍVEL,Candidato Não-Eleito,4,10,14,drop,drop,drop,drop,drop,drop,drop,drop,drop,drop
165,11527,,AÇÃO DE INVESTIGAÇÃO JUDICIAL ELEITORAL,NI,7,7,14,drop,drop,drop,drop,drop,drop,drop,drop,drop,drop
2282,326,11778,RESTITUIÇÃO DE COISAS APREENDIDAS,Requerimento,13,0,13,drop,drop,drop,drop,drop,drop,drop,drop,drop,drop
1985,272,10752,REPRESENTAÇÃO CRIMINAL/NOTÍCIA DE CRIME,Aliciamento eleitoral,13,0,13,crime_other,crime_other,crime_other,crime_other,criminal,criminal,vote_crime,vote_crime,drop,drop
2499,12135,11679,TUTELA ANTECIPADA ANTECEDENTE,Propaganda Política - Propaganda Eleitoral - Internet,5,8,13,prop_placement,prop_placement,illegal_advertisement,illegal_advertisement,illegal_advertisement,information_env,illegal_advertisement,propaganda,propaganda,propaganda
1325,1727,11497,PETIÇÃO CRIMINAL,Crimes contra o Sigilo ou o Exercício do Voto,0,13,13,drop,drop,drop,drop,drop,drop,drop,drop,drop,vote_crime
2586,12134,11667,TUTELA CAUTELAR ANTECEDENTE,Propaganda Política - Propaganda Eleitoral - Extemporânea/Antecipada,6,7,13,prop_timing,prop_timing,illegal_advertisement,illegal_advertisement,illegal_advertisement,information_env,illegal_advertisement,propaganda,propaganda,propaganda
40,280,11513,AUTO DE PRISÃO EM FLAGRANTE,Arregimentação de Eleitor ou Boca de Urna,1,12,13,drop,drop,drop,drop,drop,drop,drop,drop,drop,vote_crime
1221,309,10751,PEDIDO DE BUSCA E APREENSÃO CRIMINAL,Captação ilícita de votos ou corrupção eleitoral,13,0,13,drop,drop,drop,drop,drop,drop,drop,drop,drop,vote_crime
2157,272,12731,REPRESENTAÇÃO CRIMINAL/NOTÍCIA DE CRIME,Transação Penal,13,0,13,crime_other,crime_other,crime_other,crime_other,criminal,criminal,vote_crime,vote_crime,drop,drop
1358,1727,11438,PETIÇÃO CRIMINAL,Inscrição Fraudulenta,2,11,13,drop,drop,drop,drop,drop,drop,drop,drop,drop,drop
818,12554,,FILIAÇÃO PARTIDÁRIA,NI,8,5,13,drop,drop,drop,drop,drop,drop,drop,drop,drop,drop
16,14678,11438,ACORDO DE NÃO PERSECUÇÃO PENAL,Inscrição Fraudulenta,0,13,13,drop,drop,drop,drop,drop,drop,drop,drop,drop,drop
1215,309,11513,PEDIDO DE BUSCA E APREENSÃO CRIMINAL,Arregimentação de Eleitor ou Boca de Urna,1,12,13,drop,drop,drop,drop,drop,drop,drop,drop,drop,vote_crime
181,11528,11470,AÇÃO PENAL ELEITORAL,Alteração do Resultado de Votação nos Mapas ou Boletins de Apuração,11,2,13,crime_other,crime_other,crime_other,crime_other,criminal,criminal,vote_crime,vote_crime,drop,drop
1671,1733,11470,PROCEDIMENTO INVESTIGATÓRIO CRIMINAL (PIC-MP),Alteração do Resultado de Votação nos Mapas ou Boletins de Apuração,9,4,13,crime_other,crime_other,crime_other,crime_other,criminal,criminal,vote_crime,vote_crime,drop,drop
106,11526,11646,AÇÃO DE IMPUGNAÇÃO DE MANDATO ELETIVO,Eleições - Eleição Proporcional,6,7,13,drop,drop,drop,drop,drop,drop,drop,drop,drop,drop
892,279,10819,INQUÉRITO POLICIAL,Aliciamento de eleitores,12,1,13,crime_other,crime_other,crime_other,crime_other,criminal,criminal,vote_crime,vote_crime,drop,drop
1773,193,11736,PRODUÇÃO ANTECIPADA DA PROVA,Cautelar Inominada - De Produção Antecipada de Provas,11,2,13,drop,drop,drop,drop,drop,drop,drop,drop,drop,drop
2443,12135,11592,TUTELA ANTECIPADA ANTECEDENTE,Condição de Elegibilidade - Quitação Eleitoral,9,4,13,candidacy_challenge,candidacy_challenge,candidacy_challenge,candidacy,candidacy,strategic_attack,eligibility,eligibility,eligibility,eligibility
2340,278,11455,TERMO CIRCUNSTANCIADO,Descumprimento da Proibição de Fornecimento de Transporte ou Refeições a Eleitores,10,3,13,crime_other,crime_other,crime_other,crime_other,criminal,criminal,vote_crime,vote_crime,drop,drop
782,12729,11778,EXECUÇÃO DE MEDIDAS ALTERNATIVAS NO JUÍZO COMUM,Requerimento,13,0,13,drop,drop,drop,drop,drop,drop,drop,drop,drop,drop
961,279,11510,INQUÉRITO POLICIAL,"Destruição, Supressão ou Ocultação de Urna Contendo Votos ou Documentos Eleitorais",4,9,13,crime_other,crime_other,crime_other,crime_other,criminal,criminal,vote_crime,vote_crime,drop,vote_crime
2363,278,11499,TERMO CIRCUNSTANCIADO,Impedimento ou Embaraço ao Exercício do Sufrágio,6,7,13,crime_other,crime_other,crime_other,crime_other,criminal,criminal,vote_crime,vote_crime,drop,vote_crime
1727,1733,11487,PROCEDIMENTO INVESTIGATÓRIO CRIMINAL (PIC-MP),Injúria na Propaganda Eleitoral,9,4,13,crime_speech,crime_speech,crime_speech,crime_speech,criminal,criminal,speech_crime,speech_crime,speech_crime,speech_crime
885,,11742,INCIDENTE DE IMPEDIMENTO / SUSPEIÇÃO,Exceção - De Impedimento,7,6,13,drop,drop,drop,drop,drop,drop,drop,drop,drop,drop
1706,1733,11514,PROCEDIMENTO INVESTIGATÓRIO CRIMINAL (PIC-MP),Divulgação de Propaganda Eleitoral no Dia da Eleição,11,2,13,crime_other,crime_other,crime_other,crime_other,criminal,criminal,vote_crime,vote_crime,drop,vote_crime
1905,11541,11595,REPRESENTAÇÃO,Inelegibilidade,0,13,13,candidacy_challenge,candidacy_challenge,candidacy_challenge,candidacy,candidacy,strategic_attack,eligibility,eligibility,eligibility,eligibility
1146,12561,11640,NOTÍCIA DE IRREGULARIDADE EM PROPAGANDA ELEITORAL,Cargo - Vice-Prefeito,11,2,13,drop,drop,drop,drop,drop,drop,drop,drop,drop,drop
295,11528,12732,AÇÃO PENAL ELEITORAL,Suspensão Condicional de Processo,13,0,13,crime_other,crime_other,crime_other,crime_other,criminal,criminal,vote_crime,vote_crime,drop,drop
1822,11532,11750,REGISTRO DE CANDIDATURA,Coligação Partidária - Majoritária,2,11,13,drop,drop,drop,drop,drop,drop,drop,drop,drop,drop
2401,278,12731,TERMO CIRCUNSTANCIADO,Transação Penal,11,1,12,crime_other,crime_other,crime_other,crime_other,criminal,criminal,vote_crime,vote_crime,drop,drop
2076,272,11473,REPRESENTAÇÃO CRIMINAL/NOTÍCIA DE CRIME,Falsidade ideológica,7,5,12,crime_speech,crime_speech,crime_speech,crime_speech,criminal,criminal,speech_crime,speech_crime,speech_crime,vote_crime
898,279,11522,INQUÉRITO POLICIAL,Arguição de Ineligibilidade Temerária ou de Má-Fé,4,8,12,crime_other,crime_other,crime_other,crime_other,criminal,criminal,vote_crime,vote_crime,drop,drop
580,156,11723,CUMPRIMENTO DE SENTENÇA,Propaganda Política - Propaganda Institucional,12,0,12,drop,drop,drop,drop,drop,drop,drop,drop,drop,abuse
1501,241,11596,PETIÇÃO CÍVEL,Inelegibilidade - Abuso do Poder Econômico ou Político,8,4,12,drop,drop,drop,drop,drop,drop,drop,drop,drop,eligibility
623,12625,11669,DIREITO DE RESPOSTA,Propaganda Política - Propaganda Eleitoral - Horário Eleitoral Gratuito,0,12,12,prop_regulatory,prop_regulatory,illegal_advertisement,illegal_advertisement,illegal_advertisement,information_env,illegal_advertisement,propaganda,propaganda,propaganda
2311,278,11494,TERMO CIRCUNSTANCIADO,Autorização de Transmissão de Pessoa Não Detentora de Direitos Políticos em Atividades Partidárias e de Propaganda Eleitoral,7,5,12,crime_other,crime_other,crime_other,crime_other,criminal,criminal,vote_crime,vote_crime,drop,speech_crime
78,12061,11735,AÇÃO CAUTELAR,Cautelar Inominada - De Busca e Apreensão,12,0,12,drop,drop,drop,drop,drop,drop,drop,drop,drop,drop
1473,241,11647,PETIÇÃO CÍVEL,Eleições - Eleição Suplementar,8,4,12,drop,drop,drop,drop,drop,drop,drop,drop,drop,drop
1633,241,11465,PETIÇÃO CÍVEL,Utilização de Veículos e Embarcações Públicas em Campanha Eleitoral,5,7,12,drop,drop,drop,drop,drop,drop,drop,drop,drop,drop
652,1118,9518,EMBARGOS À EXECUÇÃO FISCAL,Efeito Suspensivo / Impugnação / Embargos à Execução,10,2,12,drop,drop,drop,drop,drop,drop,drop,drop,drop,drop
158,11527,14936,AÇÃO DE INVESTIGAÇÃO JUDICIAL ELEITORAL,Inelegibilidade - Perda de Mandato,0,12,12,candidacy_challenge,candidacy_challenge,candidacy_challenge,candidacy,candidacy,strategic_attack,eligibility,eligibility,eligibility,eligibility
186,11528,11522,AÇÃO PENAL ELEITORAL,Arguição de Ineligibilidade Temerária ou de Má-Fé,11,1,12,crime_other,crime_other,crime_other,crime_other,criminal,criminal,vote_crime,vote_crime,drop,drop
2174,272,,REPRESENTAÇÃO CRIMINAL/NOTÍCIA DE CRIME,"Violência Política de Gênero (art, 326-B do Código Eleitoral)",0,12,12,crime_other,crime_other,crime_other,crime_other,criminal,criminal,vote_crime,vote_crime,drop,drop
2583,12134,11666,TUTELA CAUTELAR ANTECEDENTE,Propaganda Política - Propaganda Eleitoral - Debate Político,6,6,12,prop_regulatory,prop_regulatory,illegal_advertisement,illegal_advertisement,illegal_advertisement,information_env,illegal_advertisement,propaganda,propaganda,propaganda
1558,241,12048,PETIÇÃO CÍVEL,Prestação de Contas - De Exercício Financeiro,12,0,12,drop,drop,drop,drop,drop,drop,drop,drop,drop,drop
1680,1733,11484,PROCEDIMENTO INVESTIGATÓRIO CRIMINAL (PIC-MP),Calúnia na Propaganda Eleitoral,11,1,12,crime_speech,crime_speech,crime_speech,crime_speech,criminal,criminal,speech_crime,speech_crime,speech_crime,speech_crime
1430,241,11567,PETIÇÃO CÍVEL,Concurso Público,7,5,12,drop,drop,drop,drop,drop,drop,drop,drop,drop,drop
1024,279,11464,INQUÉRITO POLICIAL,Obstamento do Transporte e Fornecimento de Alimentos a Eleitores pela Justiça Eleitoral,1,11,12,crime_other,crime_other,crime_other,crime_other,criminal,criminal,vote_crime,vote_crime,drop,drop
463,12550,11647,COMPOSIÇÃO DE MESA RECEPTORA,Eleições - Eleição Suplementar,10,2,12,drop,drop,drop,drop,drop,drop,drop,drop,drop,drop
1816,11532,12363,REGISTRO DE CANDIDATURA,Cancelamento de Registro de Candidatura,10,2,12,drop,drop,drop,drop,drop,drop,drop,drop,drop,drop
1605,241,11622,PETIÇÃO CÍVEL,Registro de Candidatura - Substituição de Candidato - Por Cassação de Registro,5,7,12,drop,drop,drop,drop,drop,drop,drop,drop,drop,drop
1611,241,11690,PETIÇÃO CÍVEL,Registro de Comitê Financeiro - Eleição Proporcional,12,0,12,drop,drop,drop,drop,drop,drop,drop,drop,drop,drop
1445,241,11501,PETIÇÃO CÍVEL,Corrupção Eleitoral,5,7,12,drop,drop,drop,drop,drop,drop,drop,drop,drop,vote_crime
2131,272,11500,REPRESENTAÇÃO CRIMINAL/NOTÍCIA DE CRIME,"Prisão ou Detenção do Eleitor, Membro de Mesa Receptora, Fiscal, Delegado de Partido ou Candidato, Fora das Hipóteses Legais Permitidas",4,8,12,crime_other,crime_other,crime_other,crime_other,criminal,criminal,vote_crime,vote_crime,drop,vote_crime
2198,12630,11701,REPRESENTAÇÃO ESPECIAL,Doação de Recursos Acima do Limite Legal - Pessoa Jurídica,8,4,12,campaign_finance,campaign_finance,campaign_finance,campaign_finance,campaign_finance,strategic_attack,abuse,abuse,abuse,drop
2441,12135,11589,TUTELA ANTECIPADA ANTECEDENTE,Condição de Elegibilidade - Filiação Partidária,2,10,12,candidacy_challenge,candidacy_challenge,candidacy_challenge,candidacy,candidacy,strategic_attack,eligibility,eligibility,eligibility,eligibility
211,11528,11467,AÇÃO PENAL ELEITORAL,Crimes contra a Fé Pública Eleitoral,1,11,12,crime_other,crime_other,crime_other,crime_other,criminal,criminal,vote_crime,vote_crime,drop,drop
808,12554,12612,FILIAÇÃO PARTIDÁRIA,COVID-19,12,0,12,drop,drop,drop,drop,drop,drop,drop,drop,drop,drop
1870,11541,12612,REPRESENTAÇÃO,COVID-19,12,0,12,drop,drop,drop,drop,drop,drop,drop,drop,drop,drop
1634,241,11775,PETIÇÃO CÍVEL,Veiculação de Propaganda Partidária - Em Bloco,12,0,12,drop,drop,drop,drop,drop,drop,drop,drop,drop,propaganda
2571,12134,11654,TUTELA CAUTELAR ANTECEDENTE,Propaganda Política - Propaganda Eleitoral - Alto-falante/Amplificador de Som,5,7,12,prop_placement,prop_placement,illegal_advertisement,illegal_advertisement,illegal_advertisement,information_env,illegal_advertisement,propaganda,propaganda,propaganda
2565,12134,11651,TUTELA CAUTELAR ANTECEDENTE,Pesquisa Eleitoral - Registro de Pesquisa Eleitoral,6,6,12,electoral_polls,electoral_polls,electoral_polls,electoral_polls,electoral_polls,information_env,pesquisa,pesquisa,pesquisa,pesquisa
2483,12135,11658,TUTELA ANTECIPADA ANTECEDENTE,Propaganda Política - Propaganda Eleitoral - Bem Público,5,7,12,prop_placement,prop_placement,illegal_advertisement,illegal_advertisement,illegal_advertisement,information_env,illegal_advertisement,propaganda,propaganda,propaganda
1317,1727,11502,PETIÇÃO CRIMINAL,Coação Visando a Obtenção de Voto ou a sua Abstenção,9,2,11,drop,drop,drop,drop,drop,drop,drop,drop,drop,vote_crime
2352,278,10820,TERMO CIRCUNSTANCIADO,Divulgação de pesquisa de fraudulenta,10,1,11,crime_other,crime_other,crime_other,crime_other,criminal,criminal,vote_crime,vote_crime,drop,drop
2404,278,11496,TERMO CIRCUNSTANCIADO,"Uso, na Propaganda Eleitoral, de Símbolo de Órgãos de Governo",10,1,11,crime_other,crime_other,crime_other,crime_other,criminal,criminal,vote_crime,vote_crime,drop,speech_crime
1538,241,11464,PETIÇÃO CÍVEL,Obstamento do Transporte e Fornecimento de Alimentos a Eleitores pela Justiça Eleitoral,6,5,11,drop,drop,drop,drop,drop,drop,drop,drop,drop,drop
1028,279,11445,INQUÉRITO POLICIAL,"Ocultação, Sonegação ou Recusa de Fornecimento de Utilidades, Alimentos e Transporte no Dia da Eleição",2,9,11,crime_other,crime_other,crime_other,crime_other,criminal,criminal,vote_crime,vote_crime,drop,drop
1857,11532,11778,REGISTRO DE CANDIDATURA,Requerimento,8,3,11,drop,drop,drop,drop,drop,drop,drop,drop,drop,drop
72,280,11500,AUTO DE PRISÃO EM FLAGRANTE,"Prisão ou Detenção do Eleitor, Membro de Mesa Receptora, Fiscal, Delegado de Partido ou Candidato, Fora das Hipóteses Legais Permitidas",2,9,11,drop,drop,drop,drop,drop,drop,drop,drop,drop,vote_crime
516,156,12566,CUMPRIMENTO DE SENTENÇA,Ausência ou Abandono aos Trabalhos Eleitorais,11,0,11,drop,drop,drop,drop,drop,drop,drop,drop,drop,drop
2421,12135,12600,TUTELA ANTECIPADA ANTECEDENTE,Candidato Eleito,7,4,11,drop,drop,drop,drop,drop,drop,drop,drop,drop,drop
166,11527,,AÇÃO DE INVESTIGAÇÃO JUDICIAL ELEITORAL,Percentual de Candidaturas Femininas,0,11,11,drop,drop,drop,drop,drop,drop,drop,drop,drop,drop
339,335,11778,CARTA DE ORDEM CRIMINAL,Requerimento,9,2,11,drop,drop,drop,drop,drop,drop,drop,drop,drop,drop
2155,272,12544,REPRESENTAÇÃO CRIMINAL/NOTÍCIA DE CRIME,Simples,7,4,11,crime_other,crime_other,crime_other,crime_other,criminal,criminal,vote_crime,vote_crime,drop,drop
1330,1727,11455,PETIÇÃO CRIMINAL,Descumprimento da Proibição de Fornecimento de Transporte ou Refeições a Eleitores,5,6,11,drop,drop,drop,drop,drop,drop,drop,drop,drop,drop
866,12556,11710,IMPUGNAÇÃO PERANTE AS JUNTAS ELEITORAIS,Impugnação - Sistema Eletrônico de Votação,3,8,11,drop,drop,drop,drop,drop,drop,drop,drop,drop,drop
533,156,11700,CUMPRIMENTO DE SENTENÇA,Doação de Recursos Acima do Limite Legal - Pessoa Física,5,6,11,drop,drop,drop,drop,drop,drop,drop,drop,drop,drop
1372,1727,11778,PETIÇÃO CRIMINAL,Requerimento,10,1,11,drop,drop,drop,drop,drop,drop,drop,drop,drop,drop
31,11530,11715,APURAÇÃO DE ELEIÇÃO,Quociente Eleitoral/Partidário,4,7,11,drop,drop,drop,drop,drop,drop,drop,drop,drop,drop
1638,241,11503,PETIÇÃO CÍVEL,Violência ou Grave Ameaça Visando a Obtenção de Voto ou a sua Abstenção,3,8,11,drop,drop,drop,drop,drop,drop,drop,drop,drop,vote_crime
2431,12135,11734,TUTELA ANTECIPADA ANTECEDENTE,Cautelar Inominada,1,10,11,drop,drop,drop,drop,drop,drop,drop,drop,drop,drop
1332,1727,11452,PETIÇÃO CRIMINAL,Desobediência a Ordens ou Instruções da Justiça Eleitoral,6,5,11,drop,drop,drop,drop,drop,drop,drop,drop,drop,drop
1738,1733,11495,PROCEDIMENTO INVESTIGATÓRIO CRIMINAL (PIC-MP),Pesquisa Fraudulenta,7,4,11,crime_other,crime_other,crime_other,crime_other,criminal,criminal,vote_crime,vote_crime,drop,speech_crime
266,11528,11489,AÇÃO PENAL ELEITORAL,"Inutilização, Alteração ou Perturbação de Propaganda",8,3,11,crime_other,crime_other,crime_other,crime_other,criminal,criminal,vote_crime,vote_crime,drop,speech_crime
857,12556,11714,IMPUGNAÇÃO PERANTE AS JUNTAS ELEITORAIS,Apuração/Totalização de Votos,7,4,11,drop,drop,drop,drop,drop,drop,drop,drop,drop,drop
1863,11541,11719,REPRESENTAÇÃO,Abuso - De Poder Político/Autoridade,5,6,11,abuse_political,abuse_political,abuse_political,abuse_power,abuse_power,strategic_attack,abuse,abuse,abuse,abuse
30,11530,12360,APURAÇÃO DE ELEIÇÃO,Matéria Administrativa,3,8,11,drop,drop,drop,drop,drop,drop,drop,drop,drop,drop
777,12729,11443,EXECUÇÃO DE MEDIDAS ALTERNATIVAS NO JUÍZO COMUM,Promoção de Desordem nos Trabalhos Eleitorais,4,7,11,drop,drop,drop,drop,drop,drop,drop,drop,drop,drop
131,11527,12062,AÇÃO DE INVESTIGAÇÃO JUDICIAL ELEITORAL,Captação ou Gasto Ilícito de Recursos Financeiros de Campanha Eleitoral,1,10,11,campaign_finance,campaign_finance,campaign_finance,campaign_finance,campaign_finance,strategic_attack,abuse,abuse,abuse,abuse
322,12549,11579,CANCELAMENTO DE INSCRIÇÃO ELEITORAL (CIE),Alistamento Eleitoral - Inscrição Eleitoral,6,5,11,drop,drop,drop,drop,drop,drop,drop,drop,drop,drop
95,11526,11721,AÇÃO DE IMPUGNAÇÃO DE MANDATO ELETIVO,Captação Ilícita de Sufrágio,0,11,11,abuse_economic,abuse_economic,abuse_economic,abuse_power,abuse_power,strategic_attack,abuse,abuse,abuse,abuse
911,279,11480,INQUÉRITO POLICIAL,Cerceamento da Fiscalização Partidária,4,6,10,crime_other,crime_other,crime_other,crime_other,criminal,criminal,vote_crime,vote_crime,drop,drop
1926,11541,11659,REPRESENTAÇÃO,Propaganda Política - Propaganda Eleitoral - Bem Tombado,5,5,10,prop_placement,prop_placement,illegal_advertisement,illegal_advertisement,illegal_advertisement,information_env,illegal_advertisement,propaganda,propaganda,propaganda
259,11528,11488,AÇÃO PENAL ELEITORAL,Injúria Eleitoral Violenta,5,5,10,crime_speech,crime_speech,crime_speech,crime_speech,criminal,criminal,speech_crime,speech_crime,speech_crime,speech_crime
2576,12134,11658,TUTELA CAUTELAR ANTECEDENTE,Propaganda Política - Propaganda Eleitoral - Bem Público,6,4,10,prop_placement,prop_placement,illegal_advertisement,illegal_advertisement,illegal_advertisement,information_env,illegal_advertisement,propaganda,propaganda,propaganda
888,,11778,INCIDENTE DE IMPEDIMENTO / SUSPEIÇÃO,Requerimento,8,2,10,drop,drop,drop,drop,drop,drop,drop,drop,drop,drop
1517,241,11487,PETIÇÃO CÍVEL,Injúria na Propaganda Eleitoral,4,6,10,drop,drop,drop,drop,drop,drop,drop,drop,drop,speech_crime
582,156,15304,CUMPRIMENTO DE SENTENÇA,Recurso de Origem Não Identificada,0,10,10,drop,drop,drop,drop,drop,drop,drop,drop,drop,drop
1663,12193,12047,PRESTAÇÃO DE CONTAS ELEITORAIS,Prestação de Contas - De Comitê Financeiro,9,1,10,drop,drop,drop,drop,drop,drop,drop,drop,drop,drop
1836,11532,11598,REGISTRO DE CANDIDATURA,Inelegibilidade - Condenação Criminal por órgão colegiado ou Transitada em Julgado,3,7,10,drop,drop,drop,drop,drop,drop,drop,drop,drop,eligibility
742,12729,3396,EXECUÇÃO DE MEDIDAS ALTERNATIVAS NO JUÍZO COMUM,Difamação,0,10,10,drop,drop,drop,drop,drop,drop,drop,drop,drop,speech_crime
1693,1733,11497,PROCEDIMENTO INVESTIGATÓRIO CRIMINAL (PIC-MP),Crimes contra o Sigilo ou o Exercício do Voto,1,9,10,crime_other,crime_other,crime_other,crime_other,criminal,criminal,vote_crime,vote_crime,drop,vote_crime
1469,241,11643,PETIÇÃO CÍVEL,Eleições - 2° Turno,7,3,10,drop,drop,drop,drop,drop,drop,drop,drop,drop,drop
1223,309,11502,PEDIDO DE BUSCA E APREENSÃO CRIMINAL,Coação Visando a Obtenção de Voto ou a sua Abstenção,1,9,10,drop,drop,drop,drop,drop,drop,drop,drop,drop,vote_crime
2156,272,11518,REPRESENTAÇÃO CRIMINAL/NOTÍCIA DE CRIME,Subscrição de Mais de Uma Ficha de Filiação Partidária,7,3,10,crime_other,crime_other,crime_other,crime_other,criminal,criminal,vote_crime,vote_crime,drop,drop
1659,12193,,PRESTAÇÃO DE CONTAS ELEITORAIS,NI,6,4,10,drop,drop,drop,drop,drop,drop,drop,drop,drop,drop
1405,241,,PETIÇÃO CÍVEL,"Auxílio Emergencial (Lei 13,982/2020)",9,1,10,drop,drop,drop,drop,drop,drop,drop,drop,drop,drop
1612,241,11691,PETIÇÃO CÍVEL,Registro de Comitê Financeiro - Único,10,0,10,drop,drop,drop,drop,drop,drop,drop,drop,drop,drop
789,12729,11496,EXECUÇÃO DE MEDIDAS ALTERNATIVAS NO JUÍZO COMUM,"Uso, na Propaganda Eleitoral, de Símbolo de Órgãos de Governo",5,5,10,drop,drop,drop,drop,drop,drop,drop,drop,drop,speech_crime
134,11527,11640,AÇÃO DE INVESTIGAÇÃO JUDICIAL ELEITORAL,Cargo - Vice-Prefeito,5,5,10,drop,drop,drop,drop,drop,drop,drop,drop,drop,drop
1679,1733,3395,PROCEDIMENTO INVESTIGATÓRIO CRIMINAL (PIC-MP),Calúnia,6,4,10,crime_speech,crime_speech,crime_speech,crime_speech,criminal,criminal,speech_crime,speech_crime,speech_crime,speech_crime
336,335,,CARTA DE ORDEM CRIMINAL,Interrogatório,4,6,10,drop,drop,drop,drop,drop,drop,drop,drop,drop,drop
525,156,12063,CUMPRIMENTO DE SENTENÇA,Conduta Vedada ao Agente Público,6,4,10,drop,drop,drop,drop,drop,drop,drop,drop,drop,abuse
661,386,11484,EXECUÇÃO DA PENA,Calúnia na Propaganda Eleitoral,7,3,10,drop,drop,drop,drop,drop,drop,drop,drop,drop,speech_crime
1461,241,11726,PETIÇÃO CÍVEL,Direitos Políticos - Perda dos Direitos Políticos,7,3,10,drop,drop,drop,drop,drop,drop,drop,drop,drop,drop
2110,272,3386,REPRESENTAÇÃO CRIMINAL/NOTÍCIA DE CRIME,Leve,5,5,10,crime_other,crime_other,crime_other,crime_other,criminal,criminal,vote_crime,vote_crime,drop,drop
2498,12135,11678,TUTELA ANTECIPADA ANTECEDENTE,Propaganda Política - Propaganda Eleitoral - Inobservância do Limite Legal,10,0,10,prop_regulatory,prop_regulatory,illegal_advertisement,illegal_advertisement,illegal_advertisement,information_env,illegal_advertisement,propaganda,propaganda,propaganda
2302,278,10752,TERMO CIRCUNSTANCIADO,Aliciamento eleitoral,10,0,10,crime_other,crime_other,crime_other,crime_other,criminal,criminal,vote_crime,vote_crime,drop,drop
2427,12135,12062,TUTELA ANTECIPADA ANTECEDENTE,Captação ou Gasto Ilícito de Recursos Financeiros de Campanha Eleitoral,7,3,10,campaign_finance,campaign_finance,campaign_finance,campaign_finance,campaign_finance,strategic_attack,abuse,abuse,abuse,abuse
1787,426,11482,RECURSO EM SENTIDO ESTRITO,Crimes contra a Propaganda Eleitoral,0,10,10,drop,drop,drop,drop,drop,drop,drop,drop,drop,speech_crime
2109,272,11524,REPRESENTAÇÃO CRIMINAL/NOTÍCIA DE CRIME,Irregularidades dos Dados Publicados em Pesquisas Eleitorais,6,4,10,crime_other,crime_other,crime_other,crime_other,criminal,criminal,vote_crime,vote_crime,drop,drop
250,11528,10753,AÇÃO PENAL ELEITORAL,Falso eleitoral,10,0,10,crime_other,crime_other,crime_other,crime_other,criminal,criminal,vote_crime,vote_crime,drop,drop
2537,12134,11750,TUTELA CAUTELAR ANTECEDENTE,Coligação Partidária - Majoritária,5,5,10,drop,drop,drop,drop,drop,drop,drop,drop,drop,drop
2320,278,11504,TERMO CIRCUNSTANCIADO,Concentração de Eleitores para Embaraçar ou Fraudar o Exercício do Voto,4,6,10,crime_other,crime_other,crime_other,crime_other,criminal,criminal,vote_crime,vote_crime,drop,vote_crime
2170,272,11509,REPRESENTAÇÃO CRIMINAL/NOTÍCIA DE CRIME,Violação do Sigilo da Urna ou dos Invólucros,6,4,10,crime_other,crime_other,crime_other,crime_other,criminal,criminal,vote_crime,vote_crime,drop,vote_crime
1190,12561,11672,NOTÍCIA DE IRREGULARIDADE EM PROPAGANDA ELEITORAL,Propaganda Política - Propaganda Eleitoral - Horário Eleitoral Gratuito/Programa em Bloco,9,0,9,prop_regulatory,prop_regulatory,illegal_advertisement,illegal_advertisement,illegal_advertisement,information_env,illegal_advertisement,propaganda,propaganda,propaganda
1908,11541,11524,REPRESENTAÇÃO,Irregularidades dos Dados Publicados em Pesquisas Eleitorais,8,1,9,electoral_polls,electoral_polls,electoral_polls,electoral_polls,electoral_polls,information_env,pesquisa,pesquisa,pesquisa,drop
2492,12135,11667,TUTELA ANTECIPADA ANTECEDENTE,Propaganda Política - Propaganda Eleitoral - Extemporânea/Antecipada,8,1,9,prop_timing,prop_timing,illegal_advertisement,illegal_advertisement,illegal_advertisement,information_env,illegal_advertisement,propaganda,propaganda,propaganda
1011,279,11438,INQUÉRITO POLICIAL,Inscrição fraudulenta,7,2,9,crime_other,crime_other,crime_other,crime_other,criminal,criminal,vote_crime,vote_crime,drop,drop
2582,12134,11665,TUTELA CAUTELAR ANTECEDENTE,Propaganda Política - Propaganda Eleitoral - Contrariedade à Lei de Postura Municipal,9,0,9,prop_regulatory,prop_regulatory,illegal_advertisement,illegal_advertisement,illegal_advertisement,information_env,illegal_advertisement,propaganda,propaganda,propaganda
2490,12135,11666,TUTELA ANTECIPADA ANTECEDENTE,Propaganda Política - Propaganda Eleitoral - Debate Político,6,3,9,prop_regulatory,prop_regulatory,illegal_advertisement,illegal_advertisement,illegal_advertisement,information_env,illegal_advertisement,propaganda,propaganda,propaganda
2479,12135,12639,TUTELA ANTECIPADA ANTECEDENTE,Propaganda Política - Propaganda Eleitoral - Aplicativo de Mensagem Instantânea,4,5,9,prop_placement,prop_placement,illegal_advertisement,illegal_advertisement,illegal_advertisement,information_env,illegal_advertisement,propaganda,propaganda,propaganda
1020,279,11444,INQUÉRITO POLICIAL,Majoração de Preços de Utilidade e Serviços Necessários à Realização das Eleições,6,3,9,crime_other,crime_other,crime_other,crime_other,criminal,criminal,vote_crime,vote_crime,drop,drop
1075,279,11465,INQUÉRITO POLICIAL,Utilização de Veículos e Embarcações Públicas em Campanha Eleitoral,3,6,9,crime_other,crime_other,crime_other,crime_other,criminal,criminal,vote_crime,vote_crime,drop,drop
325,12549,12051,CANCELAMENTO DE INSCRIÇÃO ELEITORAL (CIE),Impugnação - Inscrição Eleitoral,3,6,9,drop,drop,drop,drop,drop,drop,drop,drop,drop,drop
1084,279,11434,INQUÉRITO POLICIAL,Votação de Eleitor na Seção Eleitoral na qual Não Está Inscrito ou Autorizado a Votar,4,5,9,crime_other,crime_other,crime_other,crime_other,criminal,criminal,vote_crime,vote_crime,drop,drop
545,156,11649,CUMPRIMENTO DE SENTENÇA,Pesquisa Eleitoral - Divulgação de Pesquisa Eleitoral Fraudulenta,7,2,9,drop,drop,drop,drop,drop,drop,drop,drop,drop,pesquisa
2094,272,,REPRESENTAÇÃO CRIMINAL/NOTÍCIA DE CRIME,Identidade de Gênero,0,9,9,crime_other,crime_other,crime_other,crime_other,criminal,criminal,vote_crime,vote_crime,drop,drop
1666,12193,11778,PRESTAÇÃO DE CONTAS ELEITORAIS,Requerimento,9,0,9,drop,drop,drop,drop,drop,drop,drop,drop,drop,drop
2202,12630,11646,REPRESENTAÇÃO ESPECIAL,Eleições - Eleição Proporcional,5,4,9,drop,drop,drop,drop,drop,drop,drop,drop,drop,drop
2566,12134,12046,TUTELA CAUTELAR ANTECEDENTE,Prestação de Contas - De Candidato,7,2,9,drop,drop,drop,drop,drop,drop,drop,drop,drop,drop
2548,12134,11642,TUTELA CAUTELAR ANTECEDENTE,Eleições - 1° Turno,8,1,9,drop,drop,drop,drop,drop,drop,drop,drop,drop,drop
2071,272,3585,REPRESENTAÇÃO CRIMINAL/NOTÍCIA DE CRIME,Exercício arbitrário ou abuso de poder,4,5,9,crime_other,crime_other,crime_other,crime_other,criminal,criminal,vote_crime,vote_crime,drop,drop
459,12550,11428,COMPOSIÇÃO DE MESA RECEPTORA,DIREITO ELEITORAL,9,0,9,drop,drop,drop,drop,drop,drop,drop,drop,drop,drop
2047,272,3576,REPRESENTAÇÃO CRIMINAL/NOTÍCIA DE CRIME,Denunciação caluniosa,9,0,9,crime_other,crime_other,crime_other,crime_other,criminal,criminal,vote_crime,vote_crime,drop,drop
2162,272,10823,REPRESENTAÇÃO CRIMINAL/NOTÍCIA DE CRIME,Uso de símbolos governamentais em propaganda eleitoral,9,0,9,crime_other,crime_other,crime_other,crime_other,criminal,criminal,vote_crime,vote_crime,drop,propaganda
862,12556,11646,IMPUGNAÇÃO PERANTE AS JUNTAS ELEITORAIS,Eleições - Eleição Proporcional,0,9,9,drop,drop,drop,drop,drop,drop,drop,drop,drop,drop
1715,1733,11472,PROCEDIMENTO INVESTIGATÓRIO CRIMINAL (PIC-MP),Falsificação ou Alteração de Documento Público para Fins Eleitorais,7,2,9,crime_other,crime_other,crime_other,crime_other,criminal,criminal,vote_crime,vote_crime,drop,drop
1596,241,11433,PETIÇÃO CÍVEL,Práticas Irregulares que Determinam a Anulação da Votação,5,4,9,drop,drop,drop,drop,drop,drop,drop,drop,drop,drop
797,1116,12366,EXECUÇÃO FISCAL,Execução - Cumprimento de Sentença,1,8,9,drop,drop,drop,drop,drop,drop,drop,drop,drop,drop
800,1116,11732,EXECUÇÃO FISCAL,Execução de Julgado,7,2,9,drop,drop,drop,drop,drop,drop,drop,drop,drop,drop
2395,278,11449,TERMO CIRCUNSTANCIADO,Recusa ou Abandono do Serviço Eleitoral,7,2,9,crime_other,crime_other,crime_other,crime_other,criminal,criminal,vote_crime,vote_crime,drop,drop
810,12554,11589,FILIAÇÃO PARTIDÁRIA,Condição de Elegibilidade - Filiação Partidária,9,0,9,drop,drop,drop,drop,drop,drop,drop,drop,drop,eligibility
1348,1727,11472,PETIÇÃO CRIMINAL,Falsificação ou Alteração de Documento Público para Fins Eleitorais,0,9,9,drop,drop,drop,drop,drop,drop,drop,drop,drop,drop
680,386,11473,EXECUÇÃO DA PENA,Falsidade Ideológica,6,3,9,drop,drop,drop,drop,drop,drop,drop,drop,drop,vote_crime
1439,241,11435,PETIÇÃO CÍVEL,Contagem de Votos de Eleitores em Relação aos quais Houve Impugnação,7,2,9,drop,drop,drop,drop,drop,drop,drop,drop,drop,drop
2265,326,11455,RESTITUIÇÃO DE COISAS APREENDIDAS,Descumprimento da Proibição de Fornecimento de Transporte ou Refeições a Eleitores,6,3,9,drop,drop,drop,drop,drop,drop,drop,drop,drop,drop
627,12625,12638,DIREITO DE RESPOSTA,Propaganda Política - Propaganda Eleitoral - Impulsionamento,2,7,9,prop_placement,prop_placement,illegal_advertisement,illegal_advertisement,illegal_advertisement,information_env,illegal_advertisement,propaganda,propaganda,propaganda
1484,241,11473,PETIÇÃO CÍVEL,Falsidade Ideológica,7,2,9,drop,drop,drop,drop,drop,drop,drop,drop,drop,vote_crime
2249,326,11513,RESTITUIÇÃO DE COISAS APREENDIDAS,Arregimentação de Eleitor ou Boca de Urna,4,5,9,drop,drop,drop,drop,drop,drop,drop,drop,drop,vote_crime
2048,272,3573,REPRESENTAÇÃO CRIMINAL/NOTÍCIA DE CRIME,Desacato,5,4,9,crime_other,crime_other,crime_other,crime_other,criminal,criminal,vote_crime,vote_crime,drop,drop
591,157,10880,CUMPRIMENTO PROVISÓRIO DE SENTENÇA,Cumprimento Provisório de Sentença,9,0,9,drop,drop,drop,drop,drop,drop,drop,drop,drop,drop
2520,12134,11714,TUTELA CAUTELAR ANTECEDENTE,Apuração/Totalização de Votos,5,3,8,drop,drop,drop,drop,drop,drop,drop,drop,drop,drop
556,156,11654,CUMPRIMENTO DE SENTENÇA,Propaganda Política - Propaganda Eleitoral - Alto-falante/Amplificador de Som,7,1,8,drop,drop,drop,drop,drop,drop,drop,drop,drop,propaganda
561,156,11658,CUMPRIMENTO DE SENTENÇA,Propaganda Política - Propaganda Eleitoral - Bem Público,2,6,8,drop,drop,drop,drop,drop,drop,drop,drop,drop,propaganda
2374,278,3386,TERMO CIRCUNSTANCIADO,Leve,2,6,8,crime_other,crime_other,crime_other,crime_other,criminal,criminal,vote_crime,vote_crime,drop,drop
755,12729,14221,EXECUÇÃO DE MEDIDAS ALTERNATIVAS NO JUÍZO COMUM,Falsificação ou Alteração de Documento Particular para Fins Eleitorais,4,4,8,drop,drop,drop,drop,drop,drop,drop,drop,drop,drop
1002,279,11439,INQUÉRITO POLICIAL,Induzimento à Inscrição de Eleitor em Infração às Normas Legais,2,6,8,crime_other,crime_other,crime_other,crime_other,criminal,criminal,vote_crime,vote_crime,drop,drop
182,11528,3402,AÇÃO PENAL ELEITORAL,Ameaça,2,6,8,crime_other,crime_other,crime_other,crime_other,criminal,criminal,vote_crime,vote_crime,drop,drop
1157,12561,11643,NOTÍCIA DE IRREGULARIDADE EM PROPAGANDA ELEITORAL,Eleições - 2° Turno,8,0,8,drop,drop,drop,drop,drop,drop,drop,drop,drop,drop
2149,272,11449,REPRESENTAÇÃO CRIMINAL/NOTÍCIA DE CRIME,Recusa ou Abandono do Serviço Eleitoral,3,5,8,crime_other,crime_other,crime_other,crime_other,criminal,criminal,vote_crime,vote_crime,drop,drop
115,11526,11604,AÇÃO DE IMPUGNAÇÃO DE MANDATO ELETIVO,Inelegibilidade - Rejeição de Contas Públicas,7,1,8,candidacy_challenge,candidacy_challenge,candidacy_challenge,candidacy,candidacy,strategic_attack,eligibility,eligibility,eligibility,eligibility
1561,241,11443,PETIÇÃO CÍVEL,Promoção de Desordem nos Trabalhos Eleitorais,4,4,8,drop,drop,drop,drop,drop,drop,drop,drop,drop,drop
988,279,3579,INQUÉRITO POLICIAL,Falso testemunho ou falsa perícia,2,6,8,crime_other,crime_other,crime_other,crime_other,criminal,criminal,vote_crime,vote_crime,drop,drop
987,279,10753,INQUÉRITO POLICIAL,Falso eleitoral,8,0,8,crime_other,crime_other,crime_other,crime_other,criminal,criminal,vote_crime,vote_crime,drop,drop
1222,309,11735,PEDIDO DE BUSCA E APREENSÃO CRIMINAL,Cautelar Inominada - De Busca e Apreensão,5,3,8,drop,drop,drop,drop,drop,drop,drop,drop,drop,drop
223,11528,3576,AÇÃO PENAL ELEITORAL,Denunciação caluniosa,6,2,8,crime_other,crime_other,crime_other,crime_other,criminal,criminal,vote_crime,vote_crime,drop,drop
1984,272,10819,REPRESENTAÇÃO CRIMINAL/NOTÍCIA DE CRIME,Aliciamento de eleitores,8,0,8,crime_other,crime_other,crime_other,crime_other,criminal,criminal,vote_crime,vote_crime,drop,drop
2472,12135,11651,TUTELA ANTECIPADA ANTECEDENTE,Pesquisa Eleitoral - Registro de Pesquisa Eleitoral,5,3,8,electoral_polls,electoral_polls,electoral_polls,electoral_polls,electoral_polls,information_env,pesquisa,pesquisa,pesquisa,pesquisa
510,1303,,CORREIÇÃO EXTRAORDINÁRIA,Correição extraordinária,8,0,8,drop,drop,drop,drop,drop,drop,drop,drop,drop,drop
631,12625,11680,DIREITO DE RESPOSTA,Propaganda Política - Propaganda Eleitoral - Omissão de Informações Obrigatórias,2,6,8,prop_regulatory,prop_regulatory,illegal_advertisement,illegal_advertisement,illegal_advertisement,information_env,illegal_advertisement,propaganda,propaganda,propaganda
649,172,9518,EMBARGOS À EXECUÇÃO,Efeito Suspensivo / Impugnação / Embargos à Execução,8,0,8,drop,drop,drop,drop,drop,drop,drop,drop,drop,drop
1470,241,11644,PETIÇÃO CÍVEL,Eleições - Anulação de Eleições,8,0,8,drop,drop,drop,drop,drop,drop,drop,drop,drop,drop
2554,12134,12586,TUTELA CAUTELAR ANTECEDENTE,Filiação Partidária - Lista Especial,4,4,8,drop,drop,drop,drop,drop,drop,drop,drop,drop,drop
672,386,11452,EXECUÇÃO DA PENA,Desobediência a Ordens ou Instruções da Justiça Eleitoral,7,1,8,drop,drop,drop,drop,drop,drop,drop,drop,drop,drop
2577,12134,11660,TUTELA CAUTELAR ANTECEDENTE,Propaganda Política - Propaganda Eleitoral - Boca de Urna,5,3,8,prop_timing,prop_timing,illegal_advertisement,illegal_advertisement,illegal_advertisement,information_env,illegal_advertisement,propaganda,propaganda,propaganda
91,11526,11720,AÇÃO DE IMPUGNAÇÃO DE MANDATO ELETIVO,Abuso - Uso Indevido de Meio de Comunicação Social,3,5,8,abuse_political,abuse_political,abuse_political,abuse_power,abuse_power,strategic_attack,abuse,abuse,abuse,abuse
1871,11541,11484,REPRESENTAÇÃO,Calúnia na Propaganda Eleitoral,7,1,8,content_disinfo,content_disinfo,content_disinfo,content_disinfo,content_disinfo,information_env,content_disinfo,propaganda,propaganda,speech_crime
222,11528,15020,AÇÃO PENAL ELEITORAL,Denunciação Caluniosa para Fins Eleitorais,2,6,8,crime_other,crime_other,crime_other,crime_other,criminal,criminal,vote_crime,vote_crime,drop,drop
101,11526,11591,AÇÃO DE IMPUGNAÇÃO DE MANDATO ELETIVO,Condição de Elegibilidade - Pleno Exercício dos Direitos Políticos,8,0,8,candidacy_challenge,candidacy_challenge,candidacy_challenge,candidacy,candidacy,strategic_attack,eligibility,eligibility,eligibility,eligibility
102,11526,11592,AÇÃO DE IMPUGNAÇÃO DE MANDATO ELETIVO,Condição de Elegibilidade - Quitação Eleitoral,8,0,8,candidacy_challenge,candidacy_challenge,candidacy_challenge,candidacy,candidacy,strategic_attack,eligibility,eligibility,eligibility,eligibility
294,11528,11518,AÇÃO PENAL ELEITORAL,Subscrição de Mais de Uma Ficha de Filiação Partidária,5,3,8,crime_other,crime_other,crime_other,crime_other,criminal,criminal,vote_crime,vote_crime,drop,drop
1098,305,12334,LIBERDADE PROVISÓRIA COM OU SEM FIANÇA,"Promoção, constituição, financiamento ou integração de Organização Criminosa",0,8,8,drop,drop,drop,drop,drop,drop,drop,drop,drop,drop
2580,12134,11663,TUTELA CAUTELAR ANTECEDENTE,Propaganda Política - Propaganda Eleitoral - Conduta Vedada a Emissora de Rádio/Televisão na Programação Normal,4,4,8,prop_regulatory,prop_regulatory,illegal_advertisement,illegal_advertisement,illegal_advertisement,information_env,illegal_advertisement,propaganda,propaganda,propaganda
737,12729,11455,EXECUÇÃO DE MEDIDAS ALTERNATIVAS NO JUÍZO COMUM,Descumprimento da Proibição de Fornecimento de Transporte ou Refeições a Eleitores,6,2,8,drop,drop,drop,drop,drop,drop,drop,drop,drop,drop
1521,241,10939,PETIÇÃO CÍVEL,Intimação / Notificação,6,2,8,drop,drop,drop,drop,drop,drop,drop,drop,drop,drop
2376,278,11450,TERMO CIRCUNSTANCIADO,Não Cumprimento dos Deveres Impostos pelo Código Eleitoral à Autoridade Judiciária e aos Funcionários da Justiça Eleitoral,2,6,8,crime_other,crime_other,crime_other,crime_other,criminal,criminal,vote_crime,vote_crime,drop,drop
2546,12134,11724,TUTELA CAUTELAR ANTECEDENTE,Diplomação,7,1,8,drop,drop,drop,drop,drop,drop,drop,drop,drop,drop
1809,12557,,RECURSO/IMPUGNAÇÃO DE ALISTAMENTO ELEITORAL,NI,8,0,8,drop,drop,drop,drop,drop,drop,drop,drop,drop,drop
399,11955,3395,CAUTELAR INOMINADA CRIMINAL,Calúnia,2,6,8,drop,drop,drop,drop,drop,drop,drop,drop,drop,speech_crime
1340,1727,11514,PETIÇÃO CRIMINAL,Divulgação de Propaganda Eleitoral no Dia da Eleição,4,4,8,drop,drop,drop,drop,drop,drop,drop,drop,drop,vote_crime
971,279,3431,INQUÉRITO POLICIAL,Estelionato,6,2,8,crime_other,crime_other,crime_other,crime_other,criminal,criminal,vote_crime,vote_crime,drop,drop
953,279,3573,INQUÉRITO POLICIAL,Desacato,2,6,8,crime_other,crime_other,crime_other,crime_other,criminal,criminal,vote_crime,vote_crime,drop,drop
959,279,10754,INQUÉRITO POLICIAL,Desobediência à determinações da Justiça Eleitoral,8,0,8,crime_other,crime_other,crime_other,crime_other,criminal,criminal,vote_crime,vote_crime,drop,drop
1812,12557,11618,RECURSO/IMPUGNAÇÃO DE ALISTAMENTO ELEITORAL,Registro de Candidatura - RRC - Candidato,8,0,8,drop,drop,drop,drop,drop,drop,drop,drop,drop,drop
940,279,11437,INQUÉRITO POLICIAL,Crimes contra o Serviço da Justiça Eleitoral,2,6,8,crime_other,crime_other,crime_other,crime_other,criminal,criminal,vote_crime,vote_crime,drop,drop
352,355,15040,CARTA PRECATÓRIA CRIMINAL,Busca e Apreensão,3,5,8,drop,drop,drop,drop,drop,drop,drop,drop,drop,drop
861,12556,11645,IMPUGNAÇÃO PERANTE AS JUNTAS ELEITORAIS,Eleições - Eleição Majoritária,0,8,8,drop,drop,drop,drop,drop,drop,drop,drop,drop,drop
1336,1727,3396,PETIÇÃO CRIMINAL,Difamação,4,4,8,drop,drop,drop,drop,drop,drop,drop,drop,drop,speech_crime
1704,1733,11485,PROCEDIMENTO INVESTIGATÓRIO CRIMINAL (PIC-MP),Divulgação de Falsa Imputação,6,1,7,crime_other,crime_other,crime_other,crime_other,criminal,criminal,vote_crime,vote_crime,drop,speech_crime
1175,12561,11659,NOTÍCIA DE IRREGULARIDADE EM PROPAGANDA ELEITORAL,Propaganda Política - Propaganda Eleitoral - Bem Tombado,6,1,7,prop_placement,prop_placement,illegal_advertisement,illegal_advertisement,illegal_advertisement,information_env,illegal_advertisement,propaganda,propaganda,propaganda
756,12729,11472,EXECUÇÃO DE MEDIDAS ALTERNATIVAS NO JUÍZO COMUM,Falsificação ou Alteração de Documento Público para Fins Eleitorais,6,1,7,drop,drop,drop,drop,drop,drop,drop,drop,drop,drop
1160,12561,11647,NOTÍCIA DE IRREGULARIDADE EM PROPAGANDA ELEITORAL,Eleições - Eleição Suplementar,7,0,7,drop,drop,drop,drop,drop,drop,drop,drop,drop,drop
933,279,,INQUÉRITO POLICIAL,Crimes Eleitorais,0,7,7,crime_other,crime_other,crime_other,crime_other,criminal,criminal,vote_crime,vote_crime,drop,drop
946,279,3633,INQUÉRITO POLICIAL,Crimes do Sistema Nacional de Armas,0,7,7,crime_other,crime_other,crime_other,crime_other,criminal,criminal,vote_crime,vote_crime,drop,drop
950,279,11466,INQUÉRITO POLICIAL,Dano a Equipamento Eleitoral,1,6,7,crime_other,crime_other,crime_other,crime_other,criminal,criminal,vote_crime,vote_crime,drop,drop
22,11530,11724,APURAÇÃO DE ELEIÇÃO,Diplomação,1,6,7,drop,drop,drop,drop,drop,drop,drop,drop,drop,drop
766,12729,11489,EXECUÇÃO DE MEDIDAS ALTERNATIVAS NO JUÍZO COMUM,"Inutilização, Alteração ou Perturbação de Propaganda",1,6,7,drop,drop,drop,drop,drop,drop,drop,drop,drop,speech_crime
1489,241,12586,PETIÇÃO CÍVEL,Filiação Partidária - Lista Especial,5,2,7,drop,drop,drop,drop,drop,drop,drop,drop,drop,drop
153,11527,11598,AÇÃO DE INVESTIGAÇÃO JUDICIAL ELEITORAL,Inelegibilidade - Condenação Criminal por órgão colegiado ou Transitada em Julgado,3,4,7,candidacy_challenge,candidacy_challenge,candidacy_challenge,candidacy,candidacy,strategic_attack,eligibility,eligibility,eligibility,eligibility
243,11528,11473,AÇÃO PENAL ELEITORAL,Falsidade ideológica,6,1,7,crime_speech,crime_speech,crime_speech,crime_speech,criminal,criminal,speech_crime,speech_crime,speech_crime,vote_crime
2358,278,11472,TERMO CIRCUNSTANCIADO,Falsificação ou Alteração de Documento Público para Fins Eleitorais,4,3,7,crime_other,crime_other,crime_other,crime_other,criminal,criminal,vote_crime,vote_crime,drop,drop
2450,12135,11645,TUTELA ANTECIPADA ANTECEDENTE,Eleições - Eleição Majoritária,6,1,7,drop,drop,drop,drop,drop,drop,drop,drop,drop,drop
2445,12135,11698,TUTELA ANTECIPADA ANTECEDENTE,Contas - Não Apresentação das Contas,6,1,7,drop,drop,drop,drop,drop,drop,drop,drop,drop,drop
162,11527,14939,AÇÃO DE INVESTIGAÇÃO JUDICIAL ELEITORAL,Inelegibilidade - Responsável por Doação Tida com Ilegal,0,7,7,candidacy_challenge,candidacy_challenge,candidacy_challenge,candidacy,candidacy,strategic_attack,eligibility,eligibility,eligibility,eligibility
2344,278,10815,TERMO CIRCUNSTANCIADO,Desordem eleitoral,7,0,7,crime_other,crime_other,crime_other,crime_other,criminal,criminal,vote_crime,vote_crime,drop,drop
110,11526,11598,AÇÃO DE IMPUGNAÇÃO DE MANDATO ELETIVO,Inelegibilidade - Condenação Criminal por órgão colegiado ou Transitada em Julgado,7,0,7,candidacy_challenge,candidacy_challenge,candidacy_challenge,candidacy,candidacy,strategic_attack,eligibility,eligibility,eligibility,eligibility
724,12729,11504,EXECUÇÃO DE MEDIDAS ALTERNATIVAS NO JUÍZO COMUM,Concentração de Eleitores para Embaraçar ou Fraudar o Exercício do Voto,1,6,7,drop,drop,drop,drop,drop,drop,drop,drop,drop,vote_crime
723,12729,11502,EXECUÇÃO DE MEDIDAS ALTERNATIVAS NO JUÍZO COMUM,Coação Visando a Obtenção de Voto ou a sua Abstenção,2,5,7,drop,drop,drop,drop,drop,drop,drop,drop,drop,vote_crime
628,12625,11678,DIREITO DE RESPOSTA,Propaganda Política - Propaganda Eleitoral - Inobservância do Limite Legal,4,3,7,prop_regulatory,prop_regulatory,illegal_advertisement,illegal_advertisement,illegal_advertisement,information_env,illegal_advertisement,propaganda,propaganda,propaganda
2303,278,11470,TERMO CIRCUNSTANCIADO,Alteração do Resultado de Votação nos Mapas ou Boletins de Apuração,6,1,7,crime_other,crime_other,crime_other,crime_other,criminal,criminal,vote_crime,vote_crime,drop,drop
1116,120,11428,MANDADO DE SEGURANÇA CÍVEL,DIREITO ELEITORAL,7,0,7,drop,drop,drop,drop,drop,drop,drop,drop,drop,drop
179,11528,10752,AÇÃO PENAL ELEITORAL,Aliciamento eleitoral,7,0,7,crime_other,crime_other,crime_other,crime_other,criminal,criminal,vote_crime,vote_crime,drop,drop
52,280,3633,AUTO DE PRISÃO EM FLAGRANTE,Crimes do Sistema Nacional de Armas,0,7,7,drop,drop,drop,drop,drop,drop,drop,drop,drop,drop
1637,241,11508,PETIÇÃO CÍVEL,Violação do Sigilo do Voto,5,2,7,drop,drop,drop,drop,drop,drop,drop,drop,drop,vote_crime
252,11528,,AÇÃO PENAL ELEITORAL,Identidade de Gênero,0,7,7,crime_other,crime_other,crime_other,crime_other,criminal,criminal,vote_crime,vote_crime,drop,drop
2104,272,11519,REPRESENTAÇÃO CRIMINAL/NOTÍCIA DE CRIME,Inscrição Simultânea em Dois ou Mais Partidos,6,1,7,crime_other,crime_other,crime_other,crime_other,criminal,criminal,vote_crime,vote_crime,drop,drop
253,11528,11490,AÇÃO PENAL ELEITORAL,Impedimento do Exercício da Propaganda,1,6,7,crime_other,crime_other,crime_other,crime_other,criminal,criminal,vote_crime,vote_crime,drop,speech_crime
2006,272,11480,REPRESENTAÇÃO CRIMINAL/NOTÍCIA DE CRIME,Cerceamento da Fiscalização Partidária,3,4,7,crime_other,crime_other,crime_other,crime_other,criminal,criminal,vote_crime,vote_crime,drop,drop
1518,241,11438,PETIÇÃO CÍVEL,Inscrição Fraudulenta,2,5,7,drop,drop,drop,drop,drop,drop,drop,drop,drop,drop
1639,241,11507,PETIÇÃO CÍVEL,Votação Múltipla ou Realizada em Lugar de Outrem,7,0,7,drop,drop,drop,drop,drop,drop,drop,drop,drop,vote_crime
671,386,11455,EXECUÇÃO DA PENA,Descumprimento da Proibição de Fornecimento de Transporte ou Refeições a Eleitores,5,2,7,drop,drop,drop,drop,drop,drop,drop,drop,drop,drop
557,156,12639,CUMPRIMENTO DE SENTENÇA,Propaganda Política - Propaganda Eleitoral - Aplicativo de Mensagem Instantânea,0,7,7,drop,drop,drop,drop,drop,drop,drop,drop,drop,propaganda
1475,241,11740,PETIÇÃO CÍVEL,Exceção - De Coisa Julgada,6,1,7,drop,drop,drop,drop,drop,drop,drop,drop,drop,drop
559,156,11656,CUMPRIMENTO DE SENTENÇA,Propaganda Política - Propaganda Eleitoral - Bem Particular,0,7,7,drop,drop,drop,drop,drop,drop,drop,drop,drop,propaganda
2116,272,11445,REPRESENTAÇÃO CRIMINAL/NOTÍCIA DE CRIME,"Ocultação, Sonegação ou Recusa de Fornecimento de Utilidades, Alimentos e Transporte no Dia da Eleição",5,2,7,crime_other,crime_other,crime_other,crime_other,criminal,criminal,vote_crime,vote_crime,drop,drop
676,386,11514,EXECUÇÃO DA PENA,Divulgação de Propaganda Eleitoral no Dia da Eleição,7,0,7,drop,drop,drop,drop,drop,drop,drop,drop,drop,vote_crime
1150,12561,11482,NOTÍCIA DE IRREGULARIDADE EM PROPAGANDA ELEITORAL,Crimes contra a Propaganda Eleitoral,1,6,7,prop_placement,prop_placement,illegal_advertisement,illegal_advertisement,illegal_advertisement,information_env,illegal_advertisement,propaganda,propaganda,speech_crime
956,279,3572,INQUÉRITO POLICIAL,Desobediência,4,3,7,crime_other,crime_other,crime_other,crime_other,criminal,criminal,vote_crime,vote_crime,drop,drop
1158,12561,11645,NOTÍCIA DE IRREGULARIDADE EM PROPAGANDA ELEITORAL,Eleições - Eleição Majoritária,2,5,7,drop,drop,drop,drop,drop,drop,drop,drop,drop,drop
678,386,11731,EXECUÇÃO DA PENA,Execução - De Multa Eleitoral,6,1,7,drop,drop,drop,drop,drop,drop,drop,drop,drop,drop
537,156,11732,CUMPRIMENTO DE SENTENÇA,Execução de Julgado,1,6,7,drop,drop,drop,drop,drop,drop,drop,drop,drop,drop
1702,1733,3396,PROCEDIMENTO INVESTIGATÓRIO CRIMINAL (PIC-MP),Difamação,1,6,7,crime_speech,crime_speech,crime_speech,crime_speech,criminal,criminal,speech_crime,speech_crime,speech_crime,speech_crime
2453,12135,11756,TUTELA ANTECIPADA ANTECEDENTE,Filiação Partidária - Cancelamento,4,3,7,drop,drop,drop,drop,drop,drop,drop,drop,drop,drop
2442,12135,11591,TUTELA ANTECIPADA ANTECEDENTE,Condição de Elegibilidade - Pleno Exercício dos Direitos Políticos,2,5,7,candidacy_challenge,candidacy_challenge,candidacy_challenge,candidacy,candidacy,strategic_attack,eligibility,eligibility,eligibility,eligibility
639,12625,11773,DIREITO DE RESPOSTA,Propaganda Política - Propaganda Partidária,0,7,7,prop_placement,prop_placement,illegal_advertisement,illegal_advertisement,illegal_advertisement,information_env,illegal_advertisement,propaganda,propaganda,propaganda
1012,279,3596,INQUÉRITO POLICIAL,Inserção de dados falsos em sistema de informações,0,7,7,crime_other,crime_other,crime_other,crime_other,criminal,criminal,vote_crime,vote_crime,drop,drop
1828,11532,11592,REGISTRO DE CANDIDATURA,Condição de Elegibilidade - Quitação Eleitoral,1,6,7,drop,drop,drop,drop,drop,drop,drop,drop,drop,eligibility
1393,241,11578,PETIÇÃO CÍVEL,Alistamento Eleitoral - Exclusão,6,1,7,drop,drop,drop,drop,drop,drop,drop,drop,drop,drop
67,280,11464,AUTO DE PRISÃO EM FLAGRANTE,Obstamento do Transporte e Fornecimento de Alimentos a Eleitores pela Justiça Eleitoral,0,7,7,drop,drop,drop,drop,drop,drop,drop,drop,drop,drop
2570,12134,11653,TUTELA CAUTELAR ANTECEDENTE,Propaganda Política - Propaganda Eleitoral - Adesivo,3,4,7,prop_placement,prop_placement,illegal_advertisement,illegal_advertisement,illegal_advertisement,information_env,illegal_advertisement,propaganda,propaganda,propaganda
1845,11532,,REGISTRO DE CANDIDATURA,NI,3,3,6,drop,drop,drop,drop,drop,drop,drop,drop,drop,drop
1651,12193,11695,PRESTAÇÃO DE CONTAS ELEITORAIS,Contas - Aprovação das Contas,6,0,6,drop,drop,drop,drop,drop,drop,drop,drop,drop,drop
2306,278,11522,TERMO CIRCUNSTANCIADO,Arguição de Ineligibilidade Temerária ou de Má-Fé,5,1,6,crime_other,crime_other,crime_other,crime_other,criminal,criminal,vote_crime,vote_crime,drop,drop
2457,12135,11616,TUTELA ANTECIPADA ANTECEDENTE,Impugnação ao Registro de Candidatura,3,3,6,candidacy_challenge,candidacy_challenge,candidacy_challenge,candidacy,candidacy,strategic_attack,eligibility,eligibility,eligibility,eligibility
2234,12633,,REQUERIMENTO DE REGULARIZAÇÃO DE OMISSÃO DE PRESTAÇÃO DE CONTAS ELEITORAIS,NI,6,0,6,drop,drop,drop,drop,drop,drop,drop,drop,drop,drop
504,221,12965,CONFLITO DE COMPETÊNCIA CÍVEL,Conflito de Competência,5,1,6,drop,drop,drop,drop,drop,drop,drop,drop,drop,drop
1746,1733,11518,PROCEDIMENTO INVESTIGATÓRIO CRIMINAL (PIC-MP),Subscrição de Mais de Uma Ficha de Filiação Partidária,4,2,6,crime_other,crime_other,crime_other,crime_other,criminal,criminal,vote_crime,vote_crime,drop,drop
1480,241,11746,PETIÇÃO CÍVEL,Exceção - De Suspeição,4,2,6,drop,drop,drop,drop,drop,drop,drop,drop,drop,drop
395,11955,5897,CAUTELAR INOMINADA CRIMINAL,Associação para a Produção e Tráfico e Condutas Afins,0,6,6,drop,drop,drop,drop,drop,drop,drop,drop,drop,drop
1817,11532,11584,REGISTRO DE CANDIDATURA,Candidatos,0,6,6,drop,drop,drop,drop,drop,drop,drop,drop,drop,drop
1137,12561,11513,NOTÍCIA DE IRREGULARIDADE EM PROPAGANDA ELEITORAL,Arregimentação de Eleitor ou Boca de Urna,3,3,6,drop,drop,drop,drop,drop,drop,drop,drop,drop,vote_crime
560,156,11657,CUMPRIMENTO DE SENTENÇA,Propaganda Política - Propaganda Eleitoral - Bem Particular de Uso Comum,1,5,6,drop,drop,drop,drop,drop,drop,drop,drop,drop,propaganda
564,156,11663,CUMPRIMENTO DE SENTENÇA,Propaganda Política - Propaganda Eleitoral - Conduta Vedada a Emissora de Rádio/Televisão na Programação Normal,5,1,6,drop,drop,drop,drop,drop,drop,drop,drop,drop,propaganda
268,11528,11524,AÇÃO PENAL ELEITORAL,Irregularidades dos Dados Publicados em Pesquisas Eleitorais,6,0,6,crime_other,crime_other,crime_other,crime_other,criminal,criminal,vote_crime,vote_crime,drop,drop
2477,12135,11653,TUTELA ANTECIPADA ANTECEDENTE,Propaganda Política - Propaganda Eleitoral - Adesivo,3,3,6,prop_placement,prop_placement,illegal_advertisement,illegal_advertisement,illegal_advertisement,information_env,illegal_advertisement,propaganda,propaganda,propaganda
2287,14208,11692,SUSPENSÃO DE ÓRGÃO PARTIDÁRIO,Contas,1,5,6,drop,drop,drop,drop,drop,drop,drop,drop,drop,drop
1691,1733,11482,PROCEDIMENTO INVESTIGATÓRIO CRIMINAL (PIC-MP),Crimes contra a Propaganda Eleitoral,2,4,6,crime_other,crime_other,crime_other,crime_other,criminal,criminal,vote_crime,vote_crime,drop,speech_crime
1294,12562,11753,PET-ADM,Convenção Partidária,6,0,6,drop,drop,drop,drop,drop,drop,drop,drop,drop,drop
914,279,10824,INQUÉRITO POLICIAL,Coação eleitoral,4,2,6,crime_other,crime_other,crime_other,crime_other,criminal,criminal,vote_crime,vote_crime,drop,drop
1831,11532,11647,REGISTRO DE CANDIDATURA,Eleições - Eleição Suplementar,6,0,6,drop,drop,drop,drop,drop,drop,drop,drop,drop,drop
2033,272,11437,REPRESENTAÇÃO CRIMINAL/NOTÍCIA DE CRIME,Crimes contra o Serviço da Justiça Eleitoral,0,6,6,crime_other,crime_other,crime_other,crime_other,criminal,criminal,vote_crime,vote_crime,drop,drop
71,280,7929,AUTO DE PRISÃO EM FLAGRANTE,Prisão em flagrante,0,6,6,drop,drop,drop,drop,drop,drop,drop,drop,drop,drop
528,156,11698,CUMPRIMENTO DE SENTENÇA,Contas - Não Apresentação das Contas,6,0,6,drop,drop,drop,drop,drop,drop,drop,drop,drop,drop
284,11528,7929,AÇÃO PENAL ELEITORAL,Prisão em flagrante,6,0,6,crime_other,crime_other,crime_other,crime_other,criminal,criminal,vote_crime,vote_crime,drop,drop
1485,241,11472,PETIÇÃO CÍVEL,Falsificação ou Alteração de Documento Público para Fins Eleitorais,4,2,6,drop,drop,drop,drop,drop,drop,drop,drop,drop,drop
615,12625,11662,DIREITO DE RESPOSTA,Propaganda Política - Propaganda Eleitoral - Comício/Showmício,1,5,6,prop_placement,prop_placement,illegal_advertisement,illegal_advertisement,illegal_advertisement,information_env,illegal_advertisement,propaganda,propaganda,propaganda
912,279,3535,INQUÉRITO POLICIAL,Certidão ou atestado ideologicamente falso,4,2,6,crime_other,crime_other,crime_other,crime_other,criminal,criminal,vote_crime,vote_crime,drop,drop
292,11528,11778,AÇÃO PENAL ELEITORAL,Requerimento,5,1,6,crime_other,crime_other,crime_other,crime_other,criminal,criminal,vote_crime,vote_crime,drop,drop
405,11955,11737,CAUTELAR INOMINADA CRIMINAL,Cautelar Inominada - Incidental,5,1,6,drop,drop,drop,drop,drop,drop,drop,drop,drop,drop
1656,12193,11647,PRESTAÇÃO DE CONTAS ELEITORAIS,Eleições - Eleição Suplementar,6,0,6,drop,drop,drop,drop,drop,drop,drop,drop,drop,drop
201,11528,11504,AÇÃO PENAL ELEITORAL,Concentração de Eleitores para Embaraçar ou Fraudar o Exercício do Voto,0,6,6,crime_other,crime_other,crime_other,crime_other,criminal,criminal,vote_crime,vote_crime,drop,vote_crime
1546,241,11766,PETIÇÃO CÍVEL,Partido Político - Órgão de Direção Estadual,4,2,6,drop,drop,drop,drop,drop,drop,drop,drop,drop,drop
2541,12134,11591,TUTELA CAUTELAR ANTECEDENTE,Condição de Elegibilidade - Pleno Exercício dos Direitos Políticos,5,1,6,candidacy_challenge,candidacy_challenge,candidacy_challenge,candidacy,candidacy,strategic_attack,eligibility,eligibility,eligibility,eligibility
2118,272,11493,REPRESENTAÇÃO CRIMINAL/NOTÍCIA DE CRIME,Participação de Pessoa Não Detentora de Direitos Políticos em Atividades Partidárias e de Propaganda Eleitoral,6,0,6,crime_other,crime_other,crime_other,crime_other,criminal,criminal,vote_crime,vote_crime,drop,speech_crime
2367,278,11488,TERMO CIRCUNSTANCIADO,Injúria Eleitoral Violenta,4,2,6,crime_speech,crime_speech,crime_speech,crime_speech,criminal,criminal,speech_crime,speech_crime,speech_crime,speech_crime
2349,278,11485,TERMO CIRCUNSTANCIADO,Divulgação de Falsa Imputação,4,2,6,crime_other,crime_other,crime_other,crime_other,criminal,criminal,vote_crime,vote_crime,drop,speech_crime
2123,272,14684,REPRESENTAÇÃO CRIMINAL/NOTÍCIA DE CRIME,Perseguição,1,5,6,crime_other,crime_other,crime_other,crime_other,criminal,criminal,vote_crime,vote_crime,drop,drop
745,12729,11485,EXECUÇÃO DE MEDIDAS ALTERNATIVAS NO JUÍZO COMUM,Divulgação de Falsa Imputação,3,3,6,drop,drop,drop,drop,drop,drop,drop,drop,drop,speech_crime
25,11530,11644,APURAÇÃO DE ELEIÇÃO,Eleições - Anulação de Eleições,6,0,6,drop,drop,drop,drop,drop,drop,drop,drop,drop,drop
1983,272,10826,REPRESENTAÇÃO CRIMINAL/NOTÍCIA DE CRIME,Aliciamento comercial de eleitores,6,0,6,crime_other,crime_other,crime_other,crime_other,criminal,criminal,vote_crime,vote_crime,drop,drop
109,11526,11597,AÇÃO DE IMPUGNAÇÃO DE MANDATO ELETIVO,Inelegibilidade - Analfabetismo,6,0,6,candidacy_challenge,candidacy_challenge,candidacy_challenge,candidacy,candidacy,strategic_attack,eligibility,eligibility,eligibility,eligibility
189,11528,11494,AÇÃO PENAL ELEITORAL,Autorização de Transmissão de Pessoa Não Detentora de Direitos Políticos em Atividades Partidárias e de Propaganda Eleitoral,5,1,6,crime_other,crime_other,crime_other,crime_other,criminal,criminal,vote_crime,vote_crime,drop,speech_crime
2524,12134,12601,TUTELA CAUTELAR ANTECEDENTE,Candidato Não-Eleito,5,1,6,drop,drop,drop,drop,drop,drop,drop,drop,drop,drop
1609,241,11626,PETIÇÃO CÍVEL,Registro de Candidatura - Substituição de Candidato - Por Ineligibilidade,1,5,6,drop,drop,drop,drop,drop,drop,drop,drop,drop,drop
864,12556,14223,IMPUGNAÇÃO PERANTE AS JUNTAS ELEITORAIS,Impugnação - Nomeação de Escrutinadores/Auxiliares Realizada pelo Presidente da Junta,1,5,6,drop,drop,drop,drop,drop,drop,drop,drop,drop,drop
863,12556,12050,IMPUGNAÇÃO PERANTE AS JUNTAS ELEITORAIS,Impugnação - Identidade de Eleitor Admitido a Votar,1,5,6,drop,drop,drop,drop,drop,drop,drop,drop,drop,drop
2573,12134,11655,TUTELA CAUTELAR ANTECEDENTE,Propaganda Política - Propaganda Eleitoral - Banner/Cartaz/Faixa,3,3,6,prop_placement,prop_placement,illegal_advertisement,illegal_advertisement,illegal_advertisement,information_env,illegal_advertisement,propaganda,propaganda,propaganda
2145,272,10822,REPRESENTAÇÃO CRIMINAL/NOTÍCIA DE CRIME,Publicação de pesquisa irregular,6,0,6,crime_other,crime_other,crime_other,crime_other,criminal,criminal,vote_crime,vote_crime,drop,drop
975,279,3585,INQUÉRITO POLICIAL,Exercício arbitrário ou abuso de poder,2,4,6,crime_other,crime_other,crime_other,crime_other,criminal,criminal,vote_crime,vote_crime,drop,drop
331,335,11783,CARTA DE ORDEM CRIMINAL,Citação,3,3,6,drop,drop,drop,drop,drop,drop,drop,drop,drop,drop
1240,309,11473,PEDIDO DE BUSCA E APREENSÃO CRIMINAL,Falsidade Ideológica,2,4,6,drop,drop,drop,drop,drop,drop,drop,drop,drop,vote_crime
481,12121,11502,COMUNICADO DE MANDADO DE PRISÃO,Coação Visando a Obtenção de Voto ou a sua Abstenção,6,0,6,drop,drop,drop,drop,drop,drop,drop,drop,drop,vote_crime
1244,309,11499,PEDIDO DE BUSCA E APREENSÃO CRIMINAL,Impedimento ou Embaraço ao Exercício do Sufrágio,2,4,6,drop,drop,drop,drop,drop,drop,drop,drop,drop,vote_crime
1316,1727,10751,PETIÇÃO CRIMINAL,Captação ilícita de votos ou corrupção eleitoral,6,0,6,drop,drop,drop,drop,drop,drop,drop,drop,drop,vote_crime
682,386,10816,EXECUÇÃO DA PENA,Falsificação de documento público para fins eleitorais,6,0,6,drop,drop,drop,drop,drop,drop,drop,drop,drop,drop
27,11530,11646,APURAÇÃO DE ELEIÇÃO,Eleições - Eleição Proporcional,3,3,6,drop,drop,drop,drop,drop,drop,drop,drop,drop,drop
1598,241,10608,PETIÇÃO CÍVEL,Quebra do Sigilo Fiscal,4,2,6,drop,drop,drop,drop,drop,drop,drop,drop,drop,drop
1371,1727,11449,PETIÇÃO CRIMINAL,Recusa ou Abandono do Serviço Eleitoral,0,6,6,drop,drop,drop,drop,drop,drop,drop,drop,drop,drop
215,11528,11497,AÇÃO PENAL ELEITORAL,Crimes contra o Sigilo ou o Exercício do Voto,0,6,6,crime_other,crime_other,crime_other,crime_other,criminal,criminal,vote_crime,vote_crime,drop,vote_crime
341,258,11786,CARTA DE ORDEM CÍVEL,Atos executórios,6,0,6,drop,drop,drop,drop,drop,drop,drop,drop,drop,drop
2523,12134,12600,TUTELA CAUTELAR ANTECEDENTE,Candidato Eleito,5,1,6,drop,drop,drop,drop,drop,drop,drop,drop,drop,drop
1195,12561,11676,NOTÍCIA DE IRREGULARIDADE EM PROPAGANDA ELEITORAL,Propaganda Política - Propaganda Eleitoral - Invasão de Horário Destinado a Outro Cargo/Partido/Coligação,3,3,6,prop_regulatory,prop_regulatory,illegal_advertisement,illegal_advertisement,illegal_advertisement,information_env,illegal_advertisement,propaganda,propaganda,propaganda
340,335,10630,CARTA DE ORDEM CRIMINAL,Transação,6,0,6,drop,drop,drop,drop,drop,drop,drop,drop,drop,drop
717,12729,10755,EXECUÇÃO DE MEDIDAS ALTERNATIVAS NO JUÍZO COMUM,Boca de urna,6,0,6,drop,drop,drop,drop,drop,drop,drop,drop,drop,drop
2341,278,3572,TERMO CIRCUNSTANCIADO,Desobediência,3,3,6,crime_other,crime_other,crime_other,crime_other,criminal,criminal,vote_crime,vote_crime,drop,drop
2115,272,11476,REPRESENTAÇÃO CRIMINAL/NOTÍCIA DE CRIME,Obtenção de Documento Falso para Fins Eleitorais,6,0,6,crime_other,crime_other,crime_other,crime_other,criminal,criminal,vote_crime,vote_crime,drop,drop
351,355,11786,CARTA PRECATÓRIA CRIMINAL,Atos executórios,6,0,6,drop,drop,drop,drop,drop,drop,drop,drop,drop,drop
1689,1733,11467,PROCEDIMENTO INVESTIGATÓRIO CRIMINAL (PIC-MP),Crimes contra a Fé Pública Eleitoral,1,4,5,crime_other,crime_other,crime_other,crime_other,criminal,criminal,vote_crime,vote_crime,drop,drop
2572,12134,12639,TUTELA CAUTELAR ANTECEDENTE,Propaganda Política - Propaganda Eleitoral - Aplicativo de Mensagem Instantânea,2,3,5,prop_placement,prop_placement,illegal_advertisement,illegal_advertisement,illegal_advertisement,information_env,illegal_advertisement,propaganda,propaganda,propaganda
1400,241,11522,PETIÇÃO CÍVEL,Arguição de Ineligibilidade Temerária ou de Má-Fé,4,1,5,drop,drop,drop,drop,drop,drop,drop,drop,drop,drop
1753,1733,11508,PROCEDIMENTO INVESTIGATÓRIO CRIMINAL (PIC-MP),Violação do Sigilo do Voto,4,1,5,crime_other,crime_other,crime_other,crime_other,criminal,criminal,vote_crime,vote_crime,drop,vote_crime
1513,241,11607,PETIÇÃO CÍVEL,Inelegibilidade - Vida Pregressa,2,3,5,drop,drop,drop,drop,drop,drop,drop,drop,drop,eligibility
68,280,11445,AUTO DE PRISÃO EM FLAGRANTE,"Ocultação, Sonegação ou Recusa de Fornecimento de Utilidades, Alimentos e Transporte no Dia da Eleição",0,5,5,drop,drop,drop,drop,drop,drop,drop,drop,drop,drop
1722,1733,11499,PROCEDIMENTO INVESTIGATÓRIO CRIMINAL (PIC-MP),Impedimento ou Embaraço ao Exercício do Sufrágio,4,1,5,crime_other,crime_other,crime_other,crime_other,criminal,criminal,vote_crime,vote_crime,drop,vote_crime
2515,12135,12417,TUTELA ANTECIPADA ANTECEDENTE,Tutela de Evidência,4,1,5,drop,drop,drop,drop,drop,drop,drop,drop,drop,drop
1311,1727,12634,PETIÇÃO CRIMINAL,Apropriação Indébita Eleitoral,1,4,5,drop,drop,drop,drop,drop,drop,drop,drop,drop,drop
1901,11541,12366,REPRESENTAÇÃO,Execução - Cumprimento de Sentença,1,4,5,drop,drop,drop,drop,drop,drop,drop,drop,drop,drop
1404,241,,PETIÇÃO CÍVEL,Autuação e Processamento,5,0,5,drop,drop,drop,drop,drop,drop,drop,drop,drop,drop
2505,12135,11723,TUTELA ANTECIPADA ANTECEDENTE,Propaganda Política - Propaganda Institucional,3,2,5,prop_regulatory,prop_regulatory,illegal_advertisement,illegal_advertisement,illegal_advertisement,information_env,illegal_advertisement,propaganda,propaganda,abuse
2500,12135,11676,TUTELA ANTECIPADA ANTECEDENTE,Propaganda Política - Propaganda Eleitoral - Invasão de Horário Destinado a Outro Cargo/Partido/Coligação,4,1,5,prop_regulatory,prop_regulatory,illegal_advertisement,illegal_advertisement,illegal_advertisement,information_env,illegal_advertisement,propaganda,propaganda,propaganda
1841,11532,11604,REGISTRO DE CANDIDATURA,Inelegibilidade - Rejeição de Contas Públicas,4,1,5,drop,drop,drop,drop,drop,drop,drop,drop,drop,eligibility
1698,1733,3572,PROCEDIMENTO INVESTIGATÓRIO CRIMINAL (PIC-MP),Desobediência,0,5,5,crime_other,crime_other,crime_other,crime_other,criminal,criminal,vote_crime,vote_crime,drop,drop
2497,12135,12638,TUTELA ANTECIPADA ANTECEDENTE,Propaganda Política - Propaganda Eleitoral - Impulsionamento,5,0,5,prop_placement,prop_placement,illegal_advertisement,illegal_advertisement,illegal_advertisement,information_env,illegal_advertisement,propaganda,propaganda,propaganda
1309,1727,3402,PETIÇÃO CRIMINAL,Ameaça,2,3,5,drop,drop,drop,drop,drop,drop,drop,drop,drop,drop
177,11528,15056,AÇÃO PENAL ELEITORAL,Acordo de Não Persecução Penal,5,0,5,crime_other,crime_other,crime_other,crime_other,criminal,criminal,vote_crime,vote_crime,drop,drop
1322,1727,12588,PETIÇÃO CRIMINAL,Crimes Conexos,4,1,5,drop,drop,drop,drop,drop,drop,drop,drop,drop,drop
2504,12135,11675,TUTELA ANTECIPADA ANTECEDENTE,Propaganda Política - Propaganda Eleitoral - Televisão,4,1,5,prop_placement,prop_placement,illegal_advertisement,illegal_advertisement,illegal_advertisement,information_env,illegal_advertisement,propaganda,propaganda,propaganda
2506,12135,11773,TUTELA ANTECIPADA ANTECEDENTE,Propaganda Política - Propaganda Partidária,5,0,5,prop_placement,prop_placement,illegal_advertisement,illegal_advertisement,illegal_advertisement,information_env,illegal_advertisement,propaganda,propaganda,propaganda
1251,309,11778,PEDIDO DE BUSCA E APREENSÃO CRIMINAL,Requerimento,5,0,5,drop,drop,drop,drop,drop,drop,drop,drop,drop,drop
1164,12561,,NOTÍCIA DE IRREGULARIDADE EM PROPAGANDA ELEITORAL,NI,5,0,5,drop,drop,drop,drop,drop,drop,drop,drop,drop,drop
1213,309,3402,PEDIDO DE BUSCA E APREENSÃO CRIMINAL,Ameaça,0,5,5,drop,drop,drop,drop,drop,drop,drop,drop,drop,drop
1218,309,10914,PEDIDO DE BUSCA E APREENSÃO CRIMINAL,Busca e Apreensão de Bens,4,1,5,drop,drop,drop,drop,drop,drop,drop,drop,drop,drop
1887,11541,15405,REPRESENTAÇÃO,Desinformação sobre a Integridade do Processo Eleitoral,0,5,5,drop,drop,drop,drop,drop,drop,drop,drop,drop,propaganda
1499,241,11763,PETIÇÃO CÍVEL,Incorporação de Partidos Políticos,2,3,5,drop,drop,drop,drop,drop,drop,drop,drop,drop,drop
2542,12134,11592,TUTELA CAUTELAR ANTECEDENTE,Condição de Elegibilidade - Quitação Eleitoral,2,3,5,candidacy_challenge,candidacy_challenge,candidacy_challenge,candidacy,candidacy,strategic_attack,eligibility,eligibility,eligibility,eligibility
1502,241,11597,PETIÇÃO CÍVEL,Inelegibilidade - Analfabetismo,4,1,5,drop,drop,drop,drop,drop,drop,drop,drop,drop,eligibility
2512,12135,12598,TUTELA ANTECIPADA ANTECEDENTE,Requerimento de Regularização da Situação de Inadimplência de Prestação de Contas,3,2,5,drop,drop,drop,drop,drop,drop,drop,drop,drop,drop
1287,310,11778,PEDIDO DE QUEBRA DE SIGILO DE DADOS E/OU TELEFÔNICO,Requerimento,5,0,5,drop,drop,drop,drop,drop,drop,drop,drop,drop,drop
1520,241,11431,PETIÇÃO CÍVEL,Intervenção Indevida de Autoridade Junto à Mesa Receptora,1,4,5,drop,drop,drop,drop,drop,drop,drop,drop,drop,drop
2487,12135,11663,TUTELA ANTECIPADA ANTECEDENTE,Propaganda Política - Propaganda Eleitoral - Conduta Vedada a Emissora de Rádio/Televisão na Programação Normal,3,2,5,prop_regulatory,prop_regulatory,illegal_advertisement,illegal_advertisement,illegal_advertisement,information_env,illegal_advertisement,propaganda,propaganda,propaganda
804,228,11778,EXIBIÇÃO DE DOCUMENTO OU COISA CÍVEL,Requerimento,2,3,5,drop,drop,drop,drop,drop,drop,drop,drop,drop,drop
1019,279,3386,INQUÉRITO POLICIAL,Leve,1,4,5,crime_other,crime_other,crime_other,crime_other,criminal,criminal,vote_crime,vote_crime,drop,drop
1021,279,,INQUÉRITO POLICIAL,NI,3,2,5,crime_other,crime_other,crime_other,crime_other,criminal,criminal,vote_crime,vote_crime,drop,drop
798,1116,11730,EXECUÇÃO FISCAL,Execução - De Astreintes,4,1,5,drop,drop,drop,drop,drop,drop,drop,drop,drop,drop
1025,279,11478,INQUÉRITO POLICIAL,Obtenção de Acesso a Sistema de Dados Eleitorais,3,2,5,crime_other,crime_other,crime_other,crime_other,criminal,criminal,vote_crime,vote_crime,drop,drop
1031,279,3548,INQUÉRITO POLICIAL,Peculato,3,2,5,crime_other,crime_other,crime_other,crime_other,criminal,criminal,vote_crime,vote_crime,drop,drop
1036,279,11442,INQUÉRITO POLICIAL,Perturbação ou Impedimento de Alistamento,1,4,5,crime_other,crime_other,crime_other,crime_other,criminal,criminal,vote_crime,vote_crime,drop,drop
781,12729,11449,EXECUÇÃO DE MEDIDAS ALTERNATIVAS NO JUÍZO COMUM,Recusa ou Abandono do Serviço Eleitoral,3,2,5,drop,drop,drop,drop,drop,drop,drop,drop,drop,drop
1040,279,11500,INQUÉRITO POLICIAL,"Prisão ou Detenção do Eleitor, Membro de Mesa Receptora, Fiscal, Delegado de Partido ou Candidato, Fora das Hipóteses Legais Permitidas",5,0,5,crime_other,crime_other,crime_other,crime_other,criminal,criminal,vote_crime,vote_crime,drop,vote_crime
1042,279,12334,INQUÉRITO POLICIAL,"Promoção, constituição, financiamento ou integração de Organização Criminosa",0,5,5,crime_other,crime_other,crime_other,crime_other,criminal,criminal,vote_crime,vote_crime,drop,drop
762,12729,3397,EXECUÇÃO DE MEDIDAS ALTERNATIVAS NO JUÍZO COMUM,Injúria,1,4,5,drop,drop,drop,drop,drop,drop,drop,drop,drop,speech_crime
2355,278,11473,TERMO CIRCUNSTANCIADO,Falsidade Ideológica,5,0,5,crime_speech,crime_speech,crime_speech,crime_speech,criminal,criminal,speech_crime,speech_crime,speech_crime,vote_crime
450,11955,10609,CAUTELAR INOMINADA CRIMINAL,Quebra do Sigilo Telefônico,5,0,5,drop,drop,drop,drop,drop,drop,drop,drop,drop,drop
1047,279,12635,INQUÉRITO POLICIAL,Propaganda Política - Propaganda Eleitoral - Divulgação de Notícia  Sabidamente Falsa,4,1,5,crime_speech,crime_speech,crime_speech,crime_speech,criminal,criminal,speech_crime,speech_crime,speech_crime,propaganda
2183,12630,14225,REPRESENTAÇÃO ESPECIAL,Apuração de indícios de irregularidades informados pela Administração Pública,0,5,5,drop,drop,drop,drop,drop,drop,drop,drop,drop,drop
1051,279,10822,INQUÉRITO POLICIAL,Publicação de pesquisa irregular,2,3,5,crime_other,crime_other,crime_other,crime_other,criminal,criminal,vote_crime,vote_crime,drop,drop
2447,12135,11724,TUTELA ANTECIPADA ANTECEDENTE,Diplomação,3,2,5,drop,drop,drop,drop,drop,drop,drop,drop,drop,drop
2595,12134,11675,TUTELA CAUTELAR ANTECEDENTE,Propaganda Política - Propaganda Eleitoral - Televisão,2,3,5,prop_placement,prop_placement,illegal_advertisement,illegal_advertisement,illegal_advertisement,information_env,illegal_advertisement,propaganda,propaganda,propaganda
2365,278,3515,TERMO CIRCUNSTANCIADO,Infração de Medida Sanitária Preventiva,5,0,5,crime_other,crime_other,crime_other,crime_other,criminal,criminal,vote_crime,vote_crime,drop,drop
830,307,11501,HABEAS CORPUS CRIMINAL,Corrupção Eleitoral,1,4,5,drop,drop,drop,drop,drop,drop,drop,drop,drop,vote_crime
1069,279,3539,INQUÉRITO POLICIAL,Uso de documento falso,1,4,5,crime_other,crime_other,crime_other,crime_other,criminal,criminal,vote_crime,vote_crime,drop,drop
2436,12135,11750,TUTELA ANTECIPADA ANTECEDENTE,Coligação Partidária - Majoritária,2,3,5,drop,drop,drop,drop,drop,drop,drop,drop,drop,drop
937,279,11430,INQUÉRITO POLICIAL,Crimes contra a Organização Administrativa da Justiça Eleitoral,4,1,5,crime_other,crime_other,crime_other,crime_other,criminal,criminal,vote_crime,vote_crime,drop,drop
942,279,11517,INQUÉRITO POLICIAL,Crimes contra os Partidos Políticos,0,5,5,crime_other,crime_other,crime_other,crime_other,criminal,criminal,vote_crime,vote_crime,drop,drop
1581,241,11677,PETIÇÃO CÍVEL,Propaganda Política - Propaganda Eleitoral - Imprensa Escrita - Jornal/Revista/Tabloide,4,1,5,drop,drop,drop,drop,drop,drop,drop,drop,drop,propaganda
915,279,,INQUÉRITO POLICIAL,Coação no curso do processo,0,5,5,crime_other,crime_other,crime_other,crime_other,criminal,criminal,vote_crime,vote_crime,drop,drop
909,279,11633,INQUÉRITO POLICIAL,Cargo - Prefeito,5,0,5,crime_other,crime_other,crime_other,crime_other,criminal,criminal,vote_crime,vote_crime,drop,drop
400,11955,11484,CAUTELAR INOMINADA CRIMINAL,Calúnia na Propaganda Eleitoral,1,4,5,drop,drop,drop,drop,drop,drop,drop,drop,drop,speech_crime
402,11955,10751,CAUTELAR INOMINADA CRIMINAL,Captação ilícita de votos ou corrupção eleitoral,5,0,5,drop,drop,drop,drop,drop,drop,drop,drop,drop,vote_crime
2407,278,11451,TERMO CIRCUNSTANCIADO,Utilização de Prédios ou Serviços de Repartições Públicas para Beneficiar Partido ou Organização de Caráter Político,2,3,5,crime_other,crime_other,crime_other,crime_other,criminal,criminal,vote_crime,vote_crime,drop,drop
406,11955,11738,CAUTELAR INOMINADA CRIMINAL,Cautelar Inominada - Preparatória,5,0,5,drop,drop,drop,drop,drop,drop,drop,drop,drop,drop
2019,272,,REPRESENTAÇÃO CRIMINAL/NOTÍCIA DE CRIME,Cor,1,4,5,crime_other,crime_other,crime_other,crime_other,criminal,criminal,vote_crime,vote_crime,drop,drop
2406,278,11491,TERMO CIRCUNSTANCIADO,Utilização de Organização Comercial para Propaganda ou Aliciamento de Eleitores,3,2,5,crime_other,crime_other,crime_other,crime_other,criminal,criminal,vote_crime,vote_crime,drop,speech_crime
2402,278,11512,TERMO CIRCUNSTANCIADO,Uso Proibido de Alto-Falantes,4,1,5,crime_other,crime_other,crime_other,crime_other,criminal,criminal,vote_crime,vote_crime,drop,vote_crime
29,11530,,APURAÇÃO DE ELEIÇÃO,Impugnação - Reclamação à Ata Geral de Eleição,0,5,5,drop,drop,drop,drop,drop,drop,drop,drop,drop,drop
2070,272,,REPRESENTAÇÃO CRIMINAL/NOTÍCIA DE CRIME,Etnia,0,5,5,crime_other,crime_other,crime_other,crime_other,criminal,criminal,vote_crime,vote_crime,drop,drop
859,12556,11724,IMPUGNAÇÃO PERANTE AS JUNTAS ELEITORAIS,Diplomação,4,1,5,drop,drop,drop,drop,drop,drop,drop,drop,drop,drop
2085,272,10753,REPRESENTAÇÃO CRIMINAL/NOTÍCIA DE CRIME,Falso eleitoral,5,0,5,crime_other,crime_other,crime_other,crime_other,criminal,criminal,vote_crime,vote_crime,drop,drop
2087,272,10952,REPRESENTAÇÃO CRIMINAL/NOTÍCIA DE CRIME,Fato Atípico,1,4,5,crime_other,crime_other,crime_other,crime_other,criminal,criminal,vote_crime,vote_crime,drop,drop
2596,12134,11723,TUTELA CAUTELAR ANTECEDENTE,Propaganda Política - Propaganda Institucional,3,2,5,prop_regulatory,prop_regulatory,illegal_advertisement,illegal_advertisement,illegal_advertisement,information_env,illegal_advertisement,propaganda,propaganda,abuse
2143,272,12340,REPRESENTAÇÃO CRIMINAL/NOTÍCIA DE CRIME,Provocação de tumulto ou conduta inconveniente,3,2,5,crime_other,crime_other,crime_other,crime_other,criminal,criminal,vote_crime,vote_crime,drop,drop
546,156,11650,CUMPRIMENTO DE SENTENÇA,Pesquisa Eleitoral - Divulgação de Pesquisa Eleitoral Sem Prévio Registro,3,2,5,drop,drop,drop,drop,drop,drop,drop,drop,drop,pesquisa
650,172,11778,EMBARGOS À EXECUÇÃO,Requerimento,5,0,5,drop,drop,drop,drop,drop,drop,drop,drop,drop,drop
2223,12630,11716,REPRESENTAÇÃO ESPECIAL,Transgressões Eleitorais,0,5,5,drop,drop,drop,drop,drop,drop,drop,drop,drop,abuse
1079,279,15154,INQUÉRITO POLICIAL,Violência Política,1,4,5,crime_other,crime_other,crime_other,crime_other,criminal,criminal,vote_crime,vote_crime,drop,drop
2476,12135,12069,TUTELA ANTECIPADA ANTECEDENTE,Prestação de Contas - de Partido Político,5,0,5,drop,drop,drop,drop,drop,drop,drop,drop,drop,drop
2484,12135,11660,TUTELA ANTECIPADA ANTECEDENTE,Propaganda Política - Propaganda Eleitoral - Boca de Urna,1,4,5,prop_timing,prop_timing,illegal_advertisement,illegal_advertisement,illegal_advertisement,information_env,illegal_advertisement,propaganda,propaganda,propaganda
596,12551,12360,DESCARTE DE MATERIAL,Matéria Administrativa,5,0,5,drop,drop,drop,drop,drop,drop,drop,drop,drop,drop
534,156,11642,CUMPRIMENTO DE SENTENÇA,Eleições - 1° Turno,5,0,5,drop,drop,drop,drop,drop,drop,drop,drop,drop,drop
548,156,12045,CUMPRIMENTO DE SENTENÇA,Prestação de Contas,5,0,5,drop,drop,drop,drop,drop,drop,drop,drop,drop,drop
302,11528,11496,AÇÃO PENAL ELEITORAL,"Uso, na Propaganda Eleitoral, de Símbolo de Órgãos de Governo",3,2,5,crime_other,crime_other,crime_other,crime_other,criminal,criminal,vote_crime,vote_crime,drop,speech_crime
2475,12135,12048,TUTELA ANTECIPADA ANTECEDENTE,Prestação de Contas - De Exercício Financeiro,1,4,5,drop,drop,drop,drop,drop,drop,drop,drop,drop,drop
610,12625,11654,DIREITO DE RESPOSTA,Propaganda Política - Propaganda Eleitoral - Alto-falante/Amplificador de Som,4,1,5,prop_placement,prop_placement,illegal_advertisement,illegal_advertisement,illegal_advertisement,information_env,illegal_advertisement,propaganda,propaganda,propaganda
605,12625,11646,DIREITO DE RESPOSTA,Eleições - Eleição Proporcional,2,3,5,drop,drop,drop,drop,drop,drop,drop,drop,drop,drop
2598,12134,12044,TUTELA CAUTELAR ANTECEDENTE,Registro de Candidatura - DRAP Partido/Coligação,3,2,5,drop,drop,drop,drop,drop,drop,drop,drop,drop,drop
308,11528,11509,AÇÃO PENAL ELEITORAL,Violação do Sigilo da Urna ou dos Invólucros,4,1,5,crime_other,crime_other,crime_other,crime_other,criminal,criminal,vote_crime,vote_crime,drop,vote_crime
2285,11546,12605,REVISÃO DE ELEITORADO,Revisão de Eleitorado - Depuração de Cadastro,2,3,5,drop,drop,drop,drop,drop,drop,drop,drop,drop,drop
2251,326,10914,RESTITUIÇÃO DE COISAS APREENDIDAS,Busca e Apreensão de Bens,4,0,4,drop,drop,drop,drop,drop,drop,drop,drop,drop,drop
1800,12557,11578,RECURSO/IMPUGNAÇÃO DE ALISTAMENTO ELEITORAL,Alistamento Eleitoral - Exclusão,3,1,4,drop,drop,drop,drop,drop,drop,drop,drop,drop,drop
1450,241,11454,PETIÇÃO CÍVEL,Desatendimento à Requisição de Veículo ou Embarcação,4,0,4,drop,drop,drop,drop,drop,drop,drop,drop,drop,drop
1593,241,11771,PETIÇÃO CÍVEL,Propaganda Política - Propaganda Intrapartidária,0,4,4,drop,drop,drop,drop,drop,drop,drop,drop,drop,propaganda
2078,272,3536,REPRESENTAÇÃO CRIMINAL/NOTÍCIA DE CRIME,Falsidade material de atestado ou certidão,1,3,4,crime_other,crime_other,crime_other,crime_other,criminal,criminal,vote_crime,vote_crime,drop,drop
2247,326,11470,RESTITUIÇÃO DE COISAS APREENDIDAS,Alteração do Resultado de Votação nos Mapas ou Boletins de Apuração,2,2,4,drop,drop,drop,drop,drop,drop,drop,drop,drop,drop
1688,1733,12588,PROCEDIMENTO INVESTIGATÓRIO CRIMINAL (PIC-MP),Crimes Conexos,4,0,4,crime_other,crime_other,crime_other,crime_other,criminal,criminal,vote_crime,vote_crime,drop,drop
1668,1733,15056,PROCEDIMENTO INVESTIGATÓRIO CRIMINAL (PIC-MP),Acordo de Não Persecução Penal,0,4,4,crime_other,crime_other,crime_other,crime_other,criminal,criminal,vote_crime,vote_crime,drop,drop
2293,14208,11684,SUSPENSÃO DE ÓRGÃO PARTIDÁRIO,Recursos Financeiros de Campanha Eleitoral,1,3,4,drop,drop,drop,drop,drop,drop,drop,drop,drop,drop
2089,272,3416,REPRESENTAÇÃO CRIMINAL/NOTÍCIA DE CRIME,Furto,3,1,4,crime_other,crime_other,crime_other,crime_other,criminal,criminal,vote_crime,vote_crime,drop,drop
1670,1733,10752,PROCEDIMENTO INVESTIGATÓRIO CRIMINAL (PIC-MP),Aliciamento eleitoral,4,0,4,crime_other,crime_other,crime_other,crime_other,criminal,criminal,vote_crime,vote_crime,drop,drop
421,11955,3396,CAUTELAR INOMINADA CRIMINAL,Difamação,2,2,4,drop,drop,drop,drop,drop,drop,drop,drop,drop,speech_crime
1804,12557,11428,RECURSO/IMPUGNAÇÃO DE ALISTAMENTO ELEITORAL,DIREITO ELEITORAL,4,0,4,drop,drop,drop,drop,drop,drop,drop,drop,drop,drop
1313,1727,10755,PETIÇÃO CRIMINAL,Boca de urna,4,0,4,drop,drop,drop,drop,drop,drop,drop,drop,drop,drop
1586,241,11681,PETIÇÃO CÍVEL,Propaganda Política - Propaganda Eleitoral - Outdoors,2,2,4,drop,drop,drop,drop,drop,drop,drop,drop,drop,propaganda
407,11955,11502,CAUTELAR INOMINADA CRIMINAL,Coação Visando a Obtenção de Voto ou a sua Abstenção,0,4,4,drop,drop,drop,drop,drop,drop,drop,drop,drop,vote_crime
926,279,3568,INQUÉRITO POLICIAL,Corrupção ativa,2,2,4,crime_other,crime_other,crime_other,crime_other,criminal,criminal,vote_crime,vote_crime,drop,drop
925,279,10991,INQUÉRITO POLICIAL,Corrupção Praticada por Prefeitos e Vereadores,1,3,4,crime_other,crime_other,crime_other,crime_other,criminal,criminal,vote_crime,vote_crime,drop,drop
391,11955,3402,CAUTELAR INOMINADA CRIMINAL,Ameaça,2,2,4,drop,drop,drop,drop,drop,drop,drop,drop,drop,drop
2045,272,11466,REPRESENTAÇÃO CRIMINAL/NOTÍCIA DE CRIME,Dano a Equipamento Eleitoral,0,4,4,crime_other,crime_other,crime_other,crime_other,criminal,criminal,vote_crime,vote_crime,drop,drop
920,279,3401,INQUÉRITO POLICIAL,Constrangimento ilegal,1,3,4,crime_other,crime_other,crime_other,crime_other,criminal,criminal,vote_crime,vote_crime,drop,drop
550,156,12047,CUMPRIMENTO DE SENTENÇA,Prestação de Contas - De Comitê Financeiro,4,0,4,drop,drop,drop,drop,drop,drop,drop,drop,drop,drop
551,156,12048,CUMPRIMENTO DE SENTENÇA,Prestação de Contas - De Exercício Financeiro,4,0,4,drop,drop,drop,drop,drop,drop,drop,drop,drop,drop
2414,278,11507,TERMO CIRCUNSTANCIADO,Votação Múltipla ou Realizada em Lugar de Outrem,4,0,4,crime_other,crime_other,crime_other,crime_other,criminal,criminal,vote_crime,vote_crime,drop,vote_crime
2267,326,11452,RESTITUIÇÃO DE COISAS APREENDIDAS,Desobediência a Ordens ou Instruções da Justiça Eleitoral,3,1,4,drop,drop,drop,drop,drop,drop,drop,drop,drop,drop
566,156,11665,CUMPRIMENTO DE SENTENÇA,Propaganda Política - Propaganda Eleitoral - Contrariedade à Lei de Postura Municipal,4,0,4,drop,drop,drop,drop,drop,drop,drop,drop,drop,propaganda
1302,12562,12048,PET-ADM,Prestação de Contas - De Exercício Financeiro,4,0,4,drop,drop,drop,drop,drop,drop,drop,drop,drop,drop
2279,326,,RESTITUIÇÃO DE COISAS APREENDIDAS,Perda de Bens e Valores,2,2,4,drop,drop,drop,drop,drop,drop,drop,drop,drop,drop
897,279,3436,INQUÉRITO POLICIAL,Apropriação indébita,4,0,4,crime_other,crime_other,crime_other,crime_other,criminal,criminal,vote_crime,vote_crime,drop,drop
1636,241,11509,PETIÇÃO CÍVEL,Violação do Sigilo da Urna ou dos Invólucros,3,1,4,drop,drop,drop,drop,drop,drop,drop,drop,drop,vote_crime
2098,272,11439,REPRESENTAÇÃO CRIMINAL/NOTÍCIA DE CRIME,Induzimento à Inscrição de Eleitor em Infração às Normas Legais,2,2,4,crime_other,crime_other,crime_other,crime_other,criminal,criminal,vote_crime,vote_crime,drop,drop
2097,272,5869,REPRESENTAÇÃO CRIMINAL/NOTÍCIA DE CRIME,Incitação ao Crime,3,1,4,crime_other,crime_other,crime_other,crime_other,criminal,criminal,vote_crime,vote_crime,drop,drop
1368,1727,11443,PETIÇÃO CRIMINAL,Promoção de Desordem nos Trabalhos Eleitorais,2,2,4,drop,drop,drop,drop,drop,drop,drop,drop,drop,drop
1353,1727,11490,PETIÇÃO CRIMINAL,Impedimento do Exercício da Propaganda,0,4,4,drop,drop,drop,drop,drop,drop,drop,drop,drop,speech_crime
1354,1727,11499,PETIÇÃO CRIMINAL,Impedimento ou Embaraço ao Exercício do Sufrágio,0,4,4,drop,drop,drop,drop,drop,drop,drop,drop,drop,vote_crime
659,386,10755,EXECUÇÃO DA PENA,Boca de urna,4,0,4,drop,drop,drop,drop,drop,drop,drop,drop,drop,drop
673,386,3396,EXECUÇÃO DA PENA,Difamação,4,0,4,drop,drop,drop,drop,drop,drop,drop,drop,drop,speech_crime
1412,241,12062,PETIÇÃO CÍVEL,Captação ou Gasto Ilícito de Recursos Financeiros de Campanha Eleitoral,4,0,4,drop,drop,drop,drop,drop,drop,drop,drop,drop,abuse
2594,12134,11673,TUTELA CAUTELAR ANTECEDENTE,Propaganda Política - Propaganda Eleitoral - Rádio,1,3,4,prop_placement,prop_placement,illegal_advertisement,illegal_advertisement,illegal_advertisement,information_env,illegal_advertisement,propaganda,propaganda,propaganda
674,386,11486,EXECUÇÃO DA PENA,Difamação na Propaganda Eleitoral,4,0,4,drop,drop,drop,drop,drop,drop,drop,drop,drop,speech_crime
2211,12630,11658,REPRESENTAÇÃO ESPECIAL,Propaganda Política - Propaganda Eleitoral - Bem Público,4,0,4,prop_placement,prop_placement,illegal_advertisement,illegal_advertisement,illegal_advertisement,information_env,illegal_advertisement,propaganda,propaganda,propaganda
1425,241,11783,PETIÇÃO CÍVEL,Citação,3,1,4,drop,drop,drop,drop,drop,drop,drop,drop,drop,drop
107,11526,11559,AÇÃO DE IMPUGNAÇÃO DE MANDATO ELETIVO,Improbidade Administrativa,4,0,4,abuse_political,abuse_political,abuse_political,abuse_power,abuse_power,strategic_attack,abuse,abuse,abuse,drop
1429,241,11504,PETIÇÃO CÍVEL,Concentração de Eleitores para Embaraçar ou Fraudar o Exercício do Voto,1,3,4,drop,drop,drop,drop,drop,drop,drop,drop,drop,vote_crime
686,386,3515,EXECUÇÃO DA PENA,Infração de Medida Sanitária Preventiva,4,0,4,drop,drop,drop,drop,drop,drop,drop,drop,drop,drop
687,386,11487,EXECUÇÃO DA PENA,Injúria na Propaganda Eleitoral,4,0,4,drop,drop,drop,drop,drop,drop,drop,drop,drop,speech_crime
2185,12630,,REPRESENTAÇÃO ESPECIAL,"Auxílio Emergencial (Lei 13,982/2020)",3,1,4,drop,drop,drop,drop,drop,drop,drop,drop,drop,drop
100,11526,11589,AÇÃO DE IMPUGNAÇÃO DE MANDATO ELETIVO,Condição de Elegibilidade - Filiação Partidária,4,0,4,candidacy_challenge,candidacy_challenge,candidacy_challenge,candidacy,candidacy,strategic_attack,eligibility,eligibility,eligibility,eligibility
688,386,11438,EXECUÇÃO DA PENA,Inscrição Fraudulenta,3,1,4,drop,drop,drop,drop,drop,drop,drop,drop,drop,drop
704,386,11475,EXECUÇÃO DA PENA,Uso de Documento Falso para Fins Eleitorais,4,0,4,drop,drop,drop,drop,drop,drop,drop,drop,drop,drop
1527,241,12360,PETIÇÃO CÍVEL,Matéria Administrativa,4,0,4,drop,drop,drop,drop,drop,drop,drop,drop,drop,drop
98,11526,11586,AÇÃO DE IMPUGNAÇÃO DE MANDATO ELETIVO,Condição de Elegibilidade - Alistamento Eleitoral,4,0,4,candidacy_challenge,candidacy_challenge,candidacy_challenge,candidacy,candidacy,strategic_attack,eligibility,eligibility,eligibility,eligibility
2037,272,,REPRESENTAÇÃO CRIMINAL/NOTÍCIA DE CRIME,Crimes de Abuso de Autoridade,0,4,4,crime_other,crime_other,crime_other,crime_other,criminal,criminal,vote_crime,vote_crime,drop,drop
120,11526,11778,AÇÃO DE IMPUGNAÇÃO DE MANDATO ELETIVO,Requerimento,3,1,4,drop,drop,drop,drop,drop,drop,drop,drop,drop,drop
2540,12134,11589,TUTELA CAUTELAR ANTECEDENTE,Condição de Elegibilidade - Filiação Partidária,2,2,4,candidacy_challenge,candidacy_challenge,candidacy_challenge,candidacy,candidacy,strategic_attack,eligibility,eligibility,eligibility,eligibility
2564,12134,11650,TUTELA CAUTELAR ANTECEDENTE,Pesquisa Eleitoral - Divulgação de Pesquisa Eleitoral Sem Prévio Registro,4,0,4,electoral_polls,electoral_polls,electoral_polls,electoral_polls,electoral_polls,information_env,pesquisa,pesquisa,pesquisa,pesquisa
2379,278,11445,TERMO CIRCUNSTANCIADO,"Ocultação, Sonegação ou Recusa de Fornecimento de Utilidades, Alimentos e Transporte no Dia da Eleição",3,1,4,crime_other,crime_other,crime_other,crime_other,criminal,criminal,vote_crime,vote_crime,drop,drop
2597,12134,11773,TUTELA CAUTELAR ANTECEDENTE,Propaganda Política - Propaganda Partidária,4,0,4,prop_placement,prop_placement,illegal_advertisement,illegal_advertisement,illegal_advertisement,information_env,illegal_advertisement,propaganda,propaganda,propaganda
435,11955,11499,CAUTELAR INOMINADA CRIMINAL,Impedimento ou Embaraço ao Exercício do Sufrágio,0,4,4,drop,drop,drop,drop,drop,drop,drop,drop,drop,vote_crime
805,12554,11575,FILIAÇÃO PARTIDÁRIA,Alistamento Eleitoral - Cancelamento,4,0,4,drop,drop,drop,drop,drop,drop,drop,drop,drop,drop
2297,278,10614,TERMO CIRCUNSTANCIADO,Abolitio Criminis,4,0,4,crime_other,crime_other,crime_other,crime_other,criminal,criminal,vote_crime,vote_crime,drop,drop
1379,1727,11509,PETIÇÃO CRIMINAL,Violação do Sigilo da Urna ou dos Invólucros,0,4,4,drop,drop,drop,drop,drop,drop,drop,drop,drop,vote_crime
622,12625,11668,DIREITO DE RESPOSTA,Propaganda Política - Propaganda Eleitoral - Folhetos/Volantes/Santinhos/Impressos,3,1,4,prop_placement,prop_placement,illegal_advertisement,illegal_advertisement,illegal_advertisement,information_env,illegal_advertisement,propaganda,propaganda,propaganda
1697,1733,11455,PROCEDIMENTO INVESTIGATÓRIO CRIMINAL (PIC-MP),Descumprimento da Proibição de Fornecimento de Transporte ou Refeições a Eleitores,2,2,4,crime_other,crime_other,crime_other,crime_other,criminal,criminal,vote_crime,vote_crime,drop,drop
2135,272,11652,REPRESENTAÇÃO CRIMINAL/NOTÍCIA DE CRIME,Propaganda Política - Propaganda Eleitoral,0,4,4,crime_other,crime_other,crime_other,crime_other,criminal,criminal,vote_crime,vote_crime,drop,propaganda
1725,1733,3397,PROCEDIMENTO INVESTIGATÓRIO CRIMINAL (PIC-MP),Injúria,0,4,4,crime_speech,crime_speech,crime_speech,crime_speech,criminal,criminal,speech_crime,speech_crime,speech_crime,speech_crime
499,12121,12334,COMUNICADO DE MANDADO DE PRISÃO,"Promoção, constituição, financiamento ou integração de Organização Criminosa",0,4,4,drop,drop,drop,drop,drop,drop,drop,drop,drop,drop
2538,12134,11751,TUTELA CAUTELAR ANTECEDENTE,Coligação Partidária - Majoritária e Proporcional,3,1,4,drop,drop,drop,drop,drop,drop,drop,drop,drop,drop
135,11527,11586,AÇÃO DE INVESTIGAÇÃO JUDICIAL ELEITORAL,Condição de Elegibilidade - Alistamento Eleitoral,1,3,4,candidacy_challenge,candidacy_challenge,candidacy_challenge,candidacy,candidacy,strategic_attack,eligibility,eligibility,eligibility,eligibility
2225,12633,12600,REQUERIMENTO DE REGULARIZAÇÃO DE OMISSÃO DE PRESTAÇÃO DE CONTAS ELEITORAIS,Candidato Eleito,4,0,4,drop,drop,drop,drop,drop,drop,drop,drop,drop,drop
1392,241,11577,PETIÇÃO CÍVEL,Alistamento Eleitoral - Duplicidade/Pluralidade,4,0,4,drop,drop,drop,drop,drop,drop,drop,drop,drop,drop
2364,278,11439,TERMO CIRCUNSTANCIADO,Induzimento à Inscrição de Eleitor em Infração às Normas Legais,2,2,4,crime_other,crime_other,crime_other,crime_other,criminal,criminal,vote_crime,vote_crime,drop,drop
2041,272,11428,REPRESENTAÇÃO CRIMINAL/NOTÍCIA DE CRIME,DIREITO ELEITORAL,4,0,4,crime_other,crime_other,crime_other,crime_other,criminal,criminal,vote_crime,vote_crime,drop,drop
1033,279,14941,INQUÉRITO POLICIAL,Percentual de Gênero,0,4,4,crime_other,crime_other,crime_other,crime_other,criminal,criminal,vote_crime,vote_crime,drop,drop
1254,309,11503,PEDIDO DE BUSCA E APREENSÃO CRIMINAL,Violência ou Grave Ameaça Visando a Obtenção de Voto ou a sua Abstenção,2,2,4,drop,drop,drop,drop,drop,drop,drop,drop,drop,vote_crime
1004,279,3515,INQUÉRITO POLICIAL,Infração de Medida Sanitária Preventiva,4,0,4,crime_other,crime_other,crime_other,crime_other,criminal,criminal,vote_crime,vote_crime,drop,drop
1898,11541,11645,REPRESENTAÇÃO,Eleições - Eleição Majoritária,2,2,4,drop,drop,drop,drop,drop,drop,drop,drop,drop,drop
2589,12134,11678,TUTELA CAUTELAR ANTECEDENTE,Propaganda Política - Propaganda Eleitoral - Inobservância do Limite Legal,3,1,4,prop_regulatory,prop_regulatory,illegal_advertisement,illegal_advertisement,illegal_advertisement,information_env,illegal_advertisement,propaganda,propaganda,propaganda
1166,12561,11495,NOTÍCIA DE IRREGULARIDADE EM PROPAGANDA ELEITORAL,Pesquisa Fraudulenta,0,4,4,electoral_polls,electoral_polls,electoral_polls,electoral_polls,electoral_polls,information_env,pesquisa,pesquisa,pesquisa,speech_crime
2455,12135,11758,TUTELA ANTECIPADA ANTECEDENTE,Filiação Partidária - Exclusão,0,4,4,drop,drop,drop,drop,drop,drop,drop,drop,drop,drop
2514,12135,12585,TUTELA ANTECIPADA ANTECEDENTE,Reversão de Desfiliação,0,4,4,drop,drop,drop,drop,drop,drop,drop,drop,drop,drop
2012,272,3577,REPRESENTAÇÃO CRIMINAL/NOTÍCIA DE CRIME,Comunicação falsa de crime ou de contravenção,2,2,4,crime_other,crime_other,crime_other,crime_other,criminal,criminal,vote_crime,vote_crime,drop,drop
298,11528,12731,AÇÃO PENAL ELEITORAL,Transação Penal,3,1,4,crime_other,crime_other,crime_other,crime_other,criminal,criminal,vote_crime,vote_crime,drop,drop
301,11528,3539,AÇÃO PENAL ELEITORAL,Uso de documento falso,4,0,4,crime_other,crime_other,crime_other,crime_other,criminal,criminal,vote_crime,vote_crime,drop,drop
2446,12135,11722,TUTELA ANTECIPADA ANTECEDENTE,Corrupção ou Fraude,2,2,4,drop,drop,drop,drop,drop,drop,drop,drop,drop,abuse
236,11528,10820,AÇÃO PENAL ELEITORAL,Divulgação de pesquisa de fraudulenta,4,0,4,crime_other,crime_other,crime_other,crime_other,criminal,criminal,vote_crime,vote_crime,drop,drop
977,279,3542,INQUÉRITO POLICIAL,Falsa identidade,0,4,4,crime_other,crime_other,crime_other,crime_other,criminal,criminal,vote_crime,vote_crime,drop,drop
2021,272,10991,REPRESENTAÇÃO CRIMINAL/NOTÍCIA DE CRIME,Corrupção Praticada por Prefeitos e Vereadores,1,3,4,crime_other,crime_other,crime_other,crime_other,criminal,criminal,vote_crime,vote_crime,drop,drop
2496,12135,11677,TUTELA ANTECIPADA ANTECEDENTE,Propaganda Política - Propaganda Eleitoral - Imprensa Escrita - Jornal/Revista/Tabloide,2,2,4,prop_placement,prop_placement,illegal_advertisement,illegal_advertisement,illegal_advertisement,information_env,illegal_advertisement,propaganda,propaganda,propaganda
982,279,3531,INQUÉRITO POLICIAL,Falsificação de documento público,2,2,4,crime_other,crime_other,crime_other,crime_other,criminal,criminal,vote_crime,vote_crime,drop,drop
1967,11541,12599,REPRESENTAÇÃO,Requerimento de Acesso ao Sistema Interno de Controle e Dados de Pesquisas Eleitorais,3,1,4,electoral_polls,electoral_polls,electoral_polls,electoral_polls,electoral_polls,information_env,pesquisa,pesquisa,pesquisa,drop
1060,279,11498,INQUÉRITO POLICIAL,Retenção de Título Eleitoral ou do Comprovante de Alistamento Eleitoral,2,2,4,crime_other,crime_other,crime_other,crime_other,criminal,criminal,vote_crime,vote_crime,drop,vote_crime
983,279,10816,INQUÉRITO POLICIAL,Falsificação de documento público para fins eleitorais,4,0,4,crime_other,crime_other,crime_other,crime_other,criminal,criminal,vote_crime,vote_crime,drop,drop
990,279,,INQUÉRITO POLICIAL,Fraude processual,1,3,4,crime_other,crime_other,crime_other,crime_other,criminal,criminal,vote_crime,vote_crime,drop,drop
226,11528,3572,AÇÃO PENAL ELEITORAL,Desobediência,3,1,4,crime_other,crime_other,crime_other,crime_other,criminal,criminal,vote_crime,vote_crime,drop,drop
1070,279,10823,INQUÉRITO POLICIAL,Uso de símbolos governamentais em propaganda eleitoral,4,0,4,crime_other,crime_other,crime_other,crime_other,criminal,criminal,vote_crime,vote_crime,drop,propaganda
219,11528,3633,AÇÃO PENAL ELEITORAL,Crimes do Sistema Nacional de Armas,1,3,4,crime_other,crime_other,crime_other,crime_other,criminal,criminal,vote_crime,vote_crime,drop,drop
2518,12134,11717,TUTELA CAUTELAR ANTECEDENTE,Abuso,0,4,4,abuse_political,abuse_political,abuse_political,abuse_power,abuse_power,strategic_attack,abuse,abuse,abuse,abuse
1029,279,11493,INQUÉRITO POLICIAL,Participação de Pessoa Não Detentora de Direitos Políticos em Atividades Partidárias e de Propaganda Eleitoral,3,1,4,crime_other,crime_other,crime_other,crime_other,criminal,criminal,vote_crime,vote_crime,drop,speech_crime
2437,12135,11751,TUTELA ANTECIPADA ANTECEDENTE,Coligação Partidária - Majoritária e Proporcional,3,1,4,drop,drop,drop,drop,drop,drop,drop,drop,drop,drop
274,11528,11464,AÇÃO PENAL ELEITORAL,Obstamento do Transporte e Fornecimento de Alimentos a Eleitores pela Justiça Eleitoral,1,3,4,crime_other,crime_other,crime_other,crime_other,criminal,criminal,vote_crime,vote_crime,drop,drop
1113,120,12965,MANDADO DE SEGURANÇA CÍVEL,Conflito de Competência,2,2,4,drop,drop,drop,drop,drop,drop,drop,drop,drop,drop
1835,11532,11597,REGISTRO DE CANDIDATURA,Inelegibilidade - Analfabetismo,3,1,4,drop,drop,drop,drop,drop,drop,drop,drop,drop,eligibility
1039,279,7929,INQUÉRITO POLICIAL,Prisão em flagrante,4,0,4,crime_other,crime_other,crime_other,crime_other,criminal,criminal,vote_crime,vote_crime,drop,drop
247,11528,10816,AÇÃO PENAL ELEITORAL,Falsificação de documento público para fins eleitorais,0,4,4,crime_other,crime_other,crime_other,crime_other,criminal,criminal,vote_crime,vote_crime,drop,drop
2509,12135,11618,TUTELA ANTECIPADA ANTECEDENTE,Registro de Candidatura - RRC - Candidato,4,0,4,drop,drop,drop,drop,drop,drop,drop,drop,drop,drop
172,11527,11684,AÇÃO DE INVESTIGAÇÃO JUDICIAL ELEITORAL,Recursos Financeiros de Campanha Eleitoral,0,4,4,campaign_finance,campaign_finance,campaign_finance,campaign_finance,campaign_finance,strategic_attack,abuse,abuse,abuse,drop
1212,309,11470,PEDIDO DE BUSCA E APREENSÃO CRIMINAL,Alteração do Resultado de Votação nos Mapas ou Boletins de Apuração,0,4,4,drop,drop,drop,drop,drop,drop,drop,drop,drop,drop
1979,272,10614,REPRESENTAÇÃO CRIMINAL/NOTÍCIA DE CRIME,Abolitio Criminis,3,1,4,crime_other,crime_other,crime_other,crime_other,criminal,criminal,vote_crime,vote_crime,drop,drop
263,11528,11519,AÇÃO PENAL ELEITORAL,Inscrição Simultânea em Dois ou Mais Partidos,4,0,4,crime_other,crime_other,crime_other,crime_other,criminal,criminal,vote_crime,vote_crime,drop,drop
1973,11541,11774,REPRESENTAÇÃO,Veiculação,0,4,4,drop,drop,drop,drop,drop,drop,drop,drop,drop,propaganda
256,11528,11439,AÇÃO PENAL ELEITORAL,Induzimento à Inscrição de Eleitor em Infração às Normas Legais,0,4,4,crime_other,crime_other,crime_other,crime_other,criminal,criminal,vote_crime,vote_crime,drop,drop
947,279,,INQUÉRITO POLICIAL,Crimes relacionados à Comissão Parlamentar de Inquérito,4,0,4,crime_other,crime_other,crime_other,crime_other,criminal,criminal,vote_crime,vote_crime,drop,drop
2418,12135,11714,TUTELA ANTECIPADA ANTECEDENTE,Apuração/Totalização de Votos,2,2,4,drop,drop,drop,drop,drop,drop,drop,drop,drop,drop
1054,279,11449,INQUÉRITO POLICIAL,Recusa ou Abandono do Serviço Eleitoral,2,1,3,crime_other,crime_other,crime_other,crime_other,criminal,criminal,vote_crime,vote_crime,drop,drop
475,12121,10752,COMUNICADO DE MANDADO DE PRISÃO,Aliciamento eleitoral,3,0,3,drop,drop,drop,drop,drop,drop,drop,drop,drop,drop
1207,12561,12644,NOTÍCIA DE IRREGULARIDADE EM PROPAGANDA ELEITORAL,Requerimentos Relativos ao Horário Eleitoral Gratuito,2,1,3,drop,drop,drop,drop,drop,drop,drop,drop,drop,propaganda
736,12729,3573,EXECUÇÃO DE MEDIDAS ALTERNATIVAS NO JUÍZO COMUM,Desacato,1,2,3,drop,drop,drop,drop,drop,drop,drop,drop,drop,drop
2501,12135,11681,TUTELA ANTECIPADA ANTECEDENTE,Propaganda Política - Propaganda Eleitoral - Outdoors,0,3,3,prop_placement,prop_placement,illegal_advertisement,illegal_advertisement,illegal_advertisement,information_env,illegal_advertisement,propaganda,propaganda,propaganda
2193,12630,11640,REPRESENTAÇÃO ESPECIAL,Cargo - Vice-Prefeito,1,2,3,drop,drop,drop,drop,drop,drop,drop,drop,drop,drop
2336,278,11466,TERMO CIRCUNSTANCIADO,Dano a Equipamento Eleitoral,3,0,3,crime_other,crime_other,crime_other,crime_other,criminal,criminal,vote_crime,vote_crime,drop,drop
478,12121,10755,COMUNICADO DE MANDADO DE PRISÃO,Boca de urna,3,0,3,drop,drop,drop,drop,drop,drop,drop,drop,drop,drop
314,11528,11507,AÇÃO PENAL ELEITORAL,Votação Múltipla ou Realizada em Lugar de Outrem,2,1,3,crime_other,crime_other,crime_other,crime_other,criminal,criminal,vote_crime,vote_crime,drop,vote_crime
693,386,,EXECUÇÃO DA PENA,Pena Restritiva de Direitos,3,0,3,drop,drop,drop,drop,drop,drop,drop,drop,drop,drop
216,11528,,AÇÃO PENAL ELEITORAL,"Crimes de ""Lavagem"" ou Ocultação de Bens, Direitos ou Valores",1,2,3,crime_other,crime_other,crime_other,crime_other,criminal,criminal,vote_crime,vote_crime,drop,drop
1411,241,11584,PETIÇÃO CÍVEL,Candidatos,0,3,3,drop,drop,drop,drop,drop,drop,drop,drop,drop,drop
1895,11541,11701,REPRESENTAÇÃO,Doação de Recursos Acima do Limite Legal - Pessoa Jurídica,0,3,3,campaign_finance,campaign_finance,campaign_finance,campaign_finance,campaign_finance,strategic_attack,abuse,abuse,abuse,drop
2454,12135,11757,TUTELA ANTECIPADA ANTECEDENTE,Filiação Partidária - Coexistência,0,3,3,drop,drop,drop,drop,drop,drop,drop,drop,drop,drop
1061,279,12544,INQUÉRITO POLICIAL,Simples,1,2,3,crime_other,crime_other,crime_other,crime_other,criminal,criminal,vote_crime,vote_crime,drop,drop
760,12729,11499,EXECUÇÃO DE MEDIDAS ALTERNATIVAS NO JUÍZO COMUM,Impedimento ou Embaraço ao Exercício do Sufrágio,1,2,3,drop,drop,drop,drop,drop,drop,drop,drop,drop,vote_crime
707,12729,11470,EXECUÇÃO DE MEDIDAS ALTERNATIVAS NO JUÍZO COMUM,Alteração do Resultado de Votação nos Mapas ou Boletins de Apuração,2,1,3,drop,drop,drop,drop,drop,drop,drop,drop,drop,drop
207,11528,3568,AÇÃO PENAL ELEITORAL,Corrupção ativa,3,0,3,crime_other,crime_other,crime_other,crime_other,criminal,criminal,vote_crime,vote_crime,drop,drop
734,12729,15020,EXECUÇÃO DE MEDIDAS ALTERNATIVAS NO JUÍZO COMUM,Denunciação Caluniosa para Fins Eleitorais,0,3,3,drop,drop,drop,drop,drop,drop,drop,drop,drop,drop
458,12550,,COMPOSIÇÃO DE MESA RECEPTORA,"Auxílio Emergencial (Lei 13,982/2020)",2,1,3,drop,drop,drop,drop,drop,drop,drop,drop,drop,drop
1048,279,12637,INQUÉRITO POLICIAL,Propaganda Política - Propaganda Eleitoral - Redes Sociais,3,0,3,crime_other,crime_other,crime_other,crime_other,criminal,criminal,vote_crime,vote_crime,drop,propaganda
748,12729,10820,EXECUÇÃO DE MEDIDAS ALTERNATIVAS NO JUÍZO COMUM,Divulgação de pesquisa de fraudulenta,3,0,3,drop,drop,drop,drop,drop,drop,drop,drop,drop,drop
204,11528,,AÇÃO PENAL ELEITORAL,Cor,0,3,3,crime_other,crime_other,crime_other,crime_other,criminal,criminal,vote_crime,vote_crime,drop,drop
2179,272,11434,REPRESENTAÇÃO CRIMINAL/NOTÍCIA DE CRIME,Votação de Eleitor na Seção Eleitoral na qual Não Está Inscrito ou Autorizado a Votar,3,0,3,crime_other,crime_other,crime_other,crime_other,criminal,criminal,vote_crime,vote_crime,drop,drop
1427,241,11520,PETIÇÃO CÍVEL,Coleta de Assinatura em Mais de Uma Ficha de Registro Partidário,2,1,3,drop,drop,drop,drop,drop,drop,drop,drop,drop,drop
1977,272,3561,REPRESENTAÇÃO CRIMINAL/NOTÍCIA DE CRIME,Abandono de função,2,1,3,crime_other,crime_other,crime_other,crime_other,criminal,criminal,vote_crime,vote_crime,drop,drop
114,11526,11603,AÇÃO DE IMPUGNAÇÃO DE MANDATO ELETIVO,Inelegibilidade - Reeleição,3,0,3,candidacy_challenge,candidacy_challenge,candidacy_challenge,candidacy,candidacy,strategic_attack,eligibility,eligibility,eligibility,eligibility
1716,1733,10753,PROCEDIMENTO INVESTIGATÓRIO CRIMINAL (PIC-MP),Falso eleitoral,3,0,3,crime_other,crime_other,crime_other,crime_other,criminal,criminal,vote_crime,vote_crime,drop,drop
1049,279,12340,INQUÉRITO POLICIAL,Provocação de tumulto ou conduta inconveniente,1,2,3,crime_other,crime_other,crime_other,crime_other,criminal,criminal,vote_crime,vote_crime,drop,drop
728,12729,11467,EXECUÇÃO DE MEDIDAS ALTERNATIVAS NO JUÍZO COMUM,Crimes contra a Fé Pública Eleitoral,1,2,3,drop,drop,drop,drop,drop,drop,drop,drop,drop,drop
726,12729,3568,EXECUÇÃO DE MEDIDAS ALTERNATIVAS NO JUÍZO COMUM,Corrupção ativa,1,2,3,drop,drop,drop,drop,drop,drop,drop,drop,drop,drop
105,11526,11642,AÇÃO DE IMPUGNAÇÃO DE MANDATO ELETIVO,Eleições - 1° Turno,1,2,3,drop,drop,drop,drop,drop,drop,drop,drop,drop,drop
1050,279,11433,INQUÉRITO POLICIAL,Práticas Irregulares que Determinam a Anulação da Votação,1,2,3,crime_other,crime_other,crime_other,crime_other,criminal,criminal,vote_crime,vote_crime,drop,drop
1710,1733,11473,PROCEDIMENTO INVESTIGATÓRIO CRIMINAL (PIC-MP),Falsidade ideológica,0,3,3,crime_speech,crime_speech,crime_speech,crime_speech,criminal,criminal,speech_crime,speech_crime,speech_crime,vote_crime
716,12729,11494,EXECUÇÃO DE MEDIDAS ALTERNATIVAS NO JUÍZO COMUM,Autorização de Transmissão de Pessoa Não Detentora de Direitos Políticos em Atividades Partidárias e de Propaganda Eleitoral,2,1,3,drop,drop,drop,drop,drop,drop,drop,drop,drop,speech_crime
1607,241,11624,PETIÇÃO CÍVEL,Registro de Candidatura - Substituição de Candidato - Por Falecimento,2,1,3,drop,drop,drop,drop,drop,drop,drop,drop,drop,drop
170,11527,11723,AÇÃO DE INVESTIGAÇÃO JUDICIAL ELEITORAL,Propaganda Política - Propaganda Institucional,0,3,3,prop_regulatory,prop_regulatory,illegal_advertisement,illegal_advertisement,illegal_advertisement,information_env,illegal_advertisement,propaganda,propaganda,abuse
304,11528,11491,AÇÃO PENAL ELEITORAL,Utilização de Organização Comercial para Propaganda ou Aliciamento de Eleitores,2,1,3,crime_other,crime_other,crime_other,crime_other,criminal,criminal,vote_crime,vote_crime,drop,speech_crime
221,11528,11466,AÇÃO PENAL ELEITORAL,Dano a Equipamento Eleitoral,3,0,3,crime_other,crime_other,crime_other,crime_other,criminal,criminal,vote_crime,vote_crime,drop,drop
2255,326,11502,RESTITUIÇÃO DE COISAS APREENDIDAS,Coação Visando a Obtenção de Voto ou a sua Abstenção,3,0,3,drop,drop,drop,drop,drop,drop,drop,drop,drop,vote_crime
1695,1733,15020,PROCEDIMENTO INVESTIGATÓRIO CRIMINAL (PIC-MP),Denunciação Caluniosa para Fins Eleitorais,1,2,3,crime_other,crime_other,crime_other,crime_other,criminal,criminal,vote_crime,vote_crime,drop,drop
606,12625,11647,DIREITO DE RESPOSTA,Eleições - Eleição Suplementar,2,1,3,drop,drop,drop,drop,drop,drop,drop,drop,drop,drop
519,156,12600,CUMPRIMENTO DE SENTENÇA,Candidato Eleito,3,0,3,drop,drop,drop,drop,drop,drop,drop,drop,drop,drop
290,11528,,AÇÃO PENAL ELEITORAL,Quadrilha ou Bando,2,1,3,crime_other,crime_other,crime_other,crime_other,criminal,criminal,vote_crime,vote_crime,drop,drop
285,11528,11500,AÇÃO PENAL ELEITORAL,"Prisão ou Detenção do Eleitor, Membro de Mesa Receptora, Fiscal, Delegado de Partido ou Candidato, Fora das Hipóteses Legais Permitidas",2,1,3,crime_other,crime_other,crime_other,crime_other,criminal,criminal,vote_crime,vote_crime,drop,vote_crime
1692,1733,11437,PROCEDIMENTO INVESTIGATÓRIO CRIMINAL (PIC-MP),Crimes contra o Serviço da Justiça Eleitoral,0,3,3,crime_other,crime_other,crime_other,crime_other,criminal,criminal,vote_crime,vote_crime,drop,drop
3,14678,11513,ACORDO DE NÃO PERSECUÇÃO PENAL,Arregimentação de Eleitor ou Boca de Urna,0,3,3,drop,drop,drop,drop,drop,drop,drop,drop,drop,vote_crime
1108,120,11717,MANDADO DE SEGURANÇA CÍVEL,Abuso,0,3,3,drop,drop,drop,drop,drop,drop,drop,drop,drop,abuse
1500,241,11595,PETIÇÃO CÍVEL,Inelegibilidade,1,2,3,drop,drop,drop,drop,drop,drop,drop,drop,drop,eligibility
587,10980,11730,CUMPRIMENTO PROVISÓRIO DE DECISÃO,Execução - De Astreintes,2,1,3,drop,drop,drop,drop,drop,drop,drop,drop,drop,drop
581,156,11773,CUMPRIMENTO DE SENTENÇA,Propaganda Política - Propaganda Partidária,3,0,3,drop,drop,drop,drop,drop,drop,drop,drop,drop,propaganda
2556,12134,11616,TUTELA CAUTELAR ANTECEDENTE,Impugnação ao Registro de Candidatura,0,3,3,candidacy_challenge,candidacy_challenge,candidacy_challenge,candidacy,candidacy,strategic_attack,eligibility,eligibility,eligibility,eligibility
2559,12134,11605,TUTELA CAUTELAR ANTECEDENTE,Inelegibilidade - Representação ou Ação de Investigação Judicial Eleitoral Jugada Procedente pela Justiça Eleitoral,2,1,3,candidacy_challenge,candidacy_challenge,candidacy_challenge,candidacy,candidacy,strategic_attack,eligibility,eligibility,eligibility,eligibility
576,156,11680,CUMPRIMENTO DE SENTENÇA,Propaganda Política - Propaganda Eleitoral - Omissão de Informações Obrigatórias,2,1,3,drop,drop,drop,drop,drop,drop,drop,drop,drop,propaganda
279,11528,3548,AÇÃO PENAL ELEITORAL,Peculato,2,1,3,crime_other,crime_other,crime_other,crime_other,criminal,criminal,vote_crime,vote_crime,drop,drop
245,11528,3532,AÇÃO PENAL ELEITORAL,Falsificação de documento particular,1,2,3,crime_other,crime_other,crime_other,crime_other,criminal,criminal,vote_crime,vote_crime,drop,drop
2488,12135,11664,TUTELA ANTECIPADA ANTECEDENTE,"Propaganda Política - Propaganda Eleitoral - Confecção, Utilização ou Distribuição de Brinde",0,3,3,prop_placement,prop_placement,illegal_advertisement,illegal_advertisement,illegal_advertisement,information_env,illegal_advertisement,propaganda,propaganda,propaganda
2480,12135,11655,TUTELA ANTECIPADA ANTECEDENTE,Propaganda Política - Propaganda Eleitoral - Banner/Cartaz/Faixa,2,1,3,prop_placement,prop_placement,illegal_advertisement,illegal_advertisement,illegal_advertisement,information_env,illegal_advertisement,propaganda,propaganda,propaganda
264,11528,11438,AÇÃO PENAL ELEITORAL,Inscrição fraudulenta,3,0,3,crime_other,crime_other,crime_other,crime_other,criminal,criminal,vote_crime,vote_crime,drop,drop
1516,241,11488,PETIÇÃO CÍVEL,Injúria Eleitoral Violenta,0,3,3,drop,drop,drop,drop,drop,drop,drop,drop,drop,speech_crime
2274,326,10913,RESTITUIÇÃO DE COISAS APREENDIDAS,Indisponibilidade / Seqüestro de Bens,3,0,3,drop,drop,drop,drop,drop,drop,drop,drop,drop,drop
547,156,11651,CUMPRIMENTO DE SENTENÇA,Pesquisa Eleitoral - Registro de Pesquisa Eleitoral,1,2,3,drop,drop,drop,drop,drop,drop,drop,drop,drop,pesquisa
1095,305,11501,LIBERDADE PROVISÓRIA COM OU SEM FIANÇA,Corrupção Eleitoral,1,2,3,drop,drop,drop,drop,drop,drop,drop,drop,drop,vote_crime
74,280,11475,AUTO DE PRISÃO EM FLAGRANTE,Uso de Documento Falso para Fins Eleitorais,0,3,3,drop,drop,drop,drop,drop,drop,drop,drop,drop,drop
44,280,11502,AUTO DE PRISÃO EM FLAGRANTE,Coação Visando a Obtenção de Voto ou a sua Abstenção,0,3,3,drop,drop,drop,drop,drop,drop,drop,drop,drop,vote_crime
2327,278,11430,TERMO CIRCUNSTANCIADO,Crimes contra a Organização Administrativa da Justiça Eleitoral,0,3,3,crime_other,crime_other,crime_other,crime_other,criminal,criminal,vote_crime,vote_crime,drop,drop
2213,12630,11663,REPRESENTAÇÃO ESPECIAL,Propaganda Política - Propaganda Eleitoral - Conduta Vedada a Emissora de Rádio/Televisão na Programação Normal,0,3,3,prop_regulatory,prop_regulatory,illegal_advertisement,illegal_advertisement,illegal_advertisement,information_env,illegal_advertisement,propaganda,propaganda,propaganda
224,11528,3573,AÇÃO PENAL ELEITORAL,Desacato,3,0,3,crime_other,crime_other,crime_other,crime_other,criminal,criminal,vote_crime,vote_crime,drop,drop
1620,241,11570,PETIÇÃO CÍVEL,Requisição de Servidor,3,0,3,drop,drop,drop,drop,drop,drop,drop,drop,drop,drop
85,12061,11778,AÇÃO CAUTELAR,Requerimento,3,0,3,drop,drop,drop,drop,drop,drop,drop,drop,drop,drop
2331,278,11517,TERMO CIRCUNSTANCIADO,Crimes contra os Partidos Políticos,0,3,3,crime_other,crime_other,crime_other,crime_other,criminal,criminal,vote_crime,vote_crime,drop,drop
666,386,11497,EXECUÇÃO DA PENA,Crimes contra o Sigilo ou o Exercício do Voto,1,2,3,drop,drop,drop,drop,drop,drop,drop,drop,drop,vote_crime
2329,278,11437,TERMO CIRCUNSTANCIADO,Crimes contra o Serviço da Justiça Eleitoral,0,3,3,crime_other,crime_other,crime_other,crime_other,criminal,criminal,vote_crime,vote_crime,drop,drop
2544,12134,11698,TUTELA CAUTELAR ANTECEDENTE,Contas - Não Apresentação das Contas,3,0,3,drop,drop,drop,drop,drop,drop,drop,drop,drop,drop
660,386,3395,EXECUÇÃO DA PENA,Calúnia,2,1,3,drop,drop,drop,drop,drop,drop,drop,drop,drop,speech_crime
1085,333,11513,INSANIDADE MENTAL DO ACUSADO,Arregimentação de Eleitor ou Boca de Urna,3,0,3,drop,drop,drop,drop,drop,drop,drop,drop,drop,vote_crime
1471,241,11645,PETIÇÃO CÍVEL,Eleições - Eleição Majoritária,3,0,3,drop,drop,drop,drop,drop,drop,drop,drop,drop,drop
75,280,15143,AUTO DE PRISÃO EM FLAGRANTE,Violência contra a Mulher Candidata ou no Exercício do Mandato Eletivo,0,3,3,drop,drop,drop,drop,drop,drop,drop,drop,drop,speech_crime
1623,241,11498,PETIÇÃO CÍVEL,Retenção de Título Eleitoral ou do Comprovante de Alistamento Eleitoral,0,3,3,drop,drop,drop,drop,drop,drop,drop,drop,drop,vote_crime
653,1118,11778,EMBARGOS À EXECUÇÃO FISCAL,Requerimento,2,1,3,drop,drop,drop,drop,drop,drop,drop,drop,drop,drop
1089,333,11473,INSANIDADE MENTAL DO ACUSADO,Falsidade Ideológica,2,1,3,drop,drop,drop,drop,drop,drop,drop,drop,drop,vote_crime
2316,278,11480,TERMO CIRCUNSTANCIADO,Cerceamento da Fiscalização Partidária,2,1,3,crime_other,crime_other,crime_other,crime_other,criminal,criminal,vote_crime,vote_crime,drop,drop
502,12121,11507,COMUNICADO DE MANDADO DE PRISÃO,Votação Múltipla ou Realizada em Lugar de Outrem,3,0,3,drop,drop,drop,drop,drop,drop,drop,drop,drop,vote_crime
2462,12135,11605,TUTELA ANTECIPADA ANTECEDENTE,Inelegibilidade - Representação ou Ação de Investigação Judicial Eleitoral Jugada Procedente pela Justiça Eleitoral,3,0,3,candidacy_challenge,candidacy_challenge,candidacy_challenge,candidacy,candidacy,strategic_attack,eligibility,eligibility,eligibility,eligibility
2602,12134,12598,TUTELA CAUTELAR ANTECEDENTE,Requerimento de Regularização da Situação de Inadimplência de Prestação de Contas,1,2,3,drop,drop,drop,drop,drop,drop,drop,drop,drop,drop
2555,12134,11559,TUTELA CAUTELAR ANTECEDENTE,Improbidade Administrativa,2,1,3,abuse_political,abuse_political,abuse_political,abuse_power,abuse_power,strategic_attack,abuse,abuse,abuse,drop
76,280,11507,AUTO DE PRISÃO EM FLAGRANTE,Votação Múltipla ou Realizada em Lugar de Outrem,0,3,3,drop,drop,drop,drop,drop,drop,drop,drop,drop,vote_crime
2604,12134,12417,TUTELA CAUTELAR ANTECEDENTE,Tutela de Evidência,2,1,3,drop,drop,drop,drop,drop,drop,drop,drop,drop,drop
60,280,11472,AUTO DE PRISÃO EM FLAGRANTE,Falsificação ou Alteração de Documento Público para Fins Eleitorais,0,3,3,drop,drop,drop,drop,drop,drop,drop,drop,drop,drop
2136,272,11653,REPRESENTAÇÃO CRIMINAL/NOTÍCIA DE CRIME,Propaganda Política - Propaganda Eleitoral - Adesivo,3,0,3,crime_other,crime_other,crime_other,crime_other,criminal,criminal,vote_crime,vote_crime,drop,propaganda
2357,278,14221,TERMO CIRCUNSTANCIADO,Falsificação ou Alteração de Documento Particular para Fins Eleitorais,1,2,3,crime_other,crime_other,crime_other,crime_other,criminal,criminal,vote_crime,vote_crime,drop,drop
148,11527,11647,AÇÃO DE INVESTIGAÇÃO JUDICIAL ELEITORAL,Eleições - Eleição Suplementar,3,0,3,drop,drop,drop,drop,drop,drop,drop,drop,drop,drop
2017,272,11435,REPRESENTAÇÃO CRIMINAL/NOTÍCIA DE CRIME,Contagem de Votos de Eleitores em Relação aos quais Houve Impugnação,2,1,3,crime_other,crime_other,crime_other,crime_other,criminal,criminal,vote_crime,vote_crime,drop,drop
373,355,12731,CARTA PRECATÓRIA CRIMINAL,Transação Penal,0,3,3,drop,drop,drop,drop,drop,drop,drop,drop,drop,drop
964,279,,INQUÉRITO POLICIAL,Difusão de doença ou praga,3,0,3,crime_other,crime_other,crime_other,crime_other,criminal,criminal,vote_crime,vote_crime,drop,drop
413,11955,11482,CAUTELAR INOMINADA CRIMINAL,Crimes contra a Propaganda Eleitoral,0,3,3,drop,drop,drop,drop,drop,drop,drop,drop,drop,speech_crime
150,11527,11595,AÇÃO DE INVESTIGAÇÃO JUDICIAL ELEITORAL,Inelegibilidade,0,3,3,candidacy_challenge,candidacy_challenge,candidacy_challenge,candidacy,candidacy,strategic_attack,eligibility,eligibility,eligibility,eligibility
881,332,14221,INCIDENTE DE FALSIDADE,Falsificação ou Alteração de Documento Particular para Fins Eleitorais,2,1,3,drop,drop,drop,drop,drop,drop,drop,drop,drop,drop
970,279,3552,INQUÉRITO POLICIAL,Emprego irregular de verbas ou rendas públicas,1,2,3,crime_other,crime_other,crime_other,crime_other,criminal,criminal,vote_crime,vote_crime,drop,drop
1323,1727,11467,PETIÇÃO CRIMINAL,Crimes contra a Fé Pública Eleitoral,0,3,3,drop,drop,drop,drop,drop,drop,drop,drop,drop,drop
1250,309,12334,PEDIDO DE BUSCA E APREENSÃO CRIMINAL,"Promoção, constituição, financiamento ou integração de Organização Criminosa",1,2,3,drop,drop,drop,drop,drop,drop,drop,drop,drop,drop
1548,241,11768,PETIÇÃO CÍVEL,Partido Político - Órgão de Direção Nacional,2,1,3,drop,drop,drop,drop,drop,drop,drop,drop,drop,drop
2010,272,,REPRESENTAÇÃO CRIMINAL/NOTÍCIA DE CRIME,Coação no curso do processo,1,2,3,crime_other,crime_other,crime_other,crime_other,criminal,criminal,vote_crime,vote_crime,drop,drop
2574,12134,11656,TUTELA CAUTELAR ANTECEDENTE,Propaganda Política - Propaganda Eleitoral - Bem Particular,0,3,3,prop_placement,prop_placement,illegal_advertisement,illegal_advertisement,illegal_advertisement,information_env,illegal_advertisement,propaganda,propaganda,propaganda
1769,1298,12463,PROCESSO ADMINISTRATIVO,Providência,3,0,3,drop,drop,drop,drop,drop,drop,drop,drop,drop,drop
24,11530,11643,APURAÇÃO DE ELEIÇÃO,Eleições - 2° Turno,3,0,3,drop,drop,drop,drop,drop,drop,drop,drop,drop,drop
2009,272,10824,REPRESENTAÇÃO CRIMINAL/NOTÍCIA DE CRIME,Coação eleitoral,3,0,3,crime_other,crime_other,crime_other,crime_other,criminal,criminal,vote_crime,vote_crime,drop,drop
1144,12561,11637,NOTÍCIA DE IRREGULARIDADE EM PROPAGANDA ELEITORAL,Cargo - Senador,3,0,3,drop,drop,drop,drop,drop,drop,drop,drop,drop,drop
854,12077,11472,HOMOLOGAÇÃO EM ACORDO DE COLABORAÇÃO PREMIADA,Falsificação ou Alteração de Documento Público para Fins Eleitorais,0,3,3,drop,drop,drop,drop,drop,drop,drop,drop,drop,drop
1868,11541,12362,REPRESENTAÇÃO,Autorização de Divulgação de Publicidade Institucional,0,3,3,drop,drop,drop,drop,drop,drop,drop,drop,drop,drop
355,355,,CARTA PRECATÓRIA CRIMINAL,Comunicação de Prisão - BNMP,3,0,3,drop,drop,drop,drop,drop,drop,drop,drop,drop,drop
1338,1727,11485,PETIÇÃO CRIMINAL,Divulgação de Falsa Imputação,0,3,3,drop,drop,drop,drop,drop,drop,drop,drop,drop,speech_crime
1339,1727,11483,PETIÇÃO CRIMINAL,Divulgação de Fatos Inverídicos na Propaganda Eleitoral,0,3,3,drop,drop,drop,drop,drop,drop,drop,drop,drop,speech_crime
2091,272,5556,REPRESENTAÇÃO CRIMINAL/NOTÍCIA DE CRIME,Grave,0,3,3,crime_other,crime_other,crime_other,crime_other,criminal,criminal,vote_crime,vote_crime,drop,drop
38,280,3402,AUTO DE PRISÃO EM FLAGRANTE,Ameaça,0,3,3,drop,drop,drop,drop,drop,drop,drop,drop,drop,drop
846,307,11778,HABEAS CORPUS CRIMINAL,Requerimento,2,1,3,drop,drop,drop,drop,drop,drop,drop,drop,drop,drop
1853,11532,11624,REGISTRO DE CANDIDATURA,Registro de Candidatura - Substituição de Candidato - Por Falecimento,1,2,3,drop,drop,drop,drop,drop,drop,drop,drop,drop,drop
2532,12134,11734,TUTELA CAUTELAR ANTECEDENTE,Cautelar Inominada,0,3,3,drop,drop,drop,drop,drop,drop,drop,drop,drop,drop
176,11528,10614,AÇÃO PENAL ELEITORAL,Abolitio Criminis,1,2,3,crime_other,crime_other,crime_other,crime_other,criminal,criminal,vote_crime,vote_crime,drop,drop
1261,310,11513,PEDIDO DE QUEBRA DE SIGILO DE DADOS E/OU TELEFÔNICO,Arregimentação de Eleitor ou Boca de Urna,1,2,3,drop,drop,drop,drop,drop,drop,drop,drop,drop,vote_crime
1827,11532,11589,REGISTRO DE CANDIDATURA,Condição de Elegibilidade - Filiação Partidária,0,3,3,drop,drop,drop,drop,drop,drop,drop,drop,drop,eligibility
51,280,11497,AUTO DE PRISÃO EM FLAGRANTE,Crimes contra o Sigilo ou o Exercício do Voto,0,3,3,drop,drop,drop,drop,drop,drop,drop,drop,drop,vote_crime
387,83,12416,CAUTELAR FISCAL,Tutela de Urgência,3,0,3,drop,drop,drop,drop,drop,drop,drop,drop,drop,drop
1824,11532,11752,REGISTRO DE CANDIDATURA,Coligação Partidária - Proporcional,3,0,3,drop,drop,drop,drop,drop,drop,drop,drop,drop,drop
171,11527,11433,AÇÃO DE INVESTIGAÇÃO JUDICIAL ELEITORAL,Práticas Irregulares que Determinam a Anulação da Votação,3,0,3,drop,drop,drop,drop,drop,drop,drop,drop,drop,drop
1273,310,11486,PEDIDO DE QUEBRA DE SIGILO DE DADOS E/OU TELEFÔNICO,Difamação na Propaganda Eleitoral,0,3,3,drop,drop,drop,drop,drop,drop,drop,drop,drop,speech_crime
1288,310,3641,PEDIDO DE QUEBRA DE SIGILO DE DADOS E/OU TELEFÔNICO,Sigilo Telefônico,1,2,3,drop,drop,drop,drop,drop,drop,drop,drop,drop,drop
922,279,,INQUÉRITO POLICIAL,Cor,0,3,3,crime_other,crime_other,crime_other,crime_other,criminal,criminal,vote_crime,vote_crime,drop,drop
2029,272,11430,REPRESENTAÇÃO CRIMINAL/NOTÍCIA DE CRIME,Crimes contra a Organização Administrativa da Justiça Eleitoral,1,2,3,crime_other,crime_other,crime_other,crime_other,criminal,criminal,vote_crime,vote_crime,drop,drop
392,11955,12634,CAUTELAR INOMINADA CRIMINAL,Apropriação Indébita Eleitoral,3,0,3,drop,drop,drop,drop,drop,drop,drop,drop,drop,drop
916,279,11520,INQUÉRITO POLICIAL,Coleta de Assinatura em Mais de Uma Ficha de Registro Partidário,1,2,3,crime_other,crime_other,crime_other,crime_other,criminal,criminal,vote_crime,vote_crime,drop,drop
163,11527,14938,AÇÃO DE INVESTIGAÇÃO JUDICIAL ELEITORAL,Inelegibilidade - Suspensão dos Direitos Políticos por Ato Doloso de Improbidade Administrativa,0,3,3,abuse_political,abuse_political,abuse_political,abuse_power,abuse_power,strategic_attack,abuse,abuse,abuse,eligibility
944,279,,INQUÉRITO POLICIAL,"Crimes de ""Lavagem"" ou Ocultação de Bens, Direitos ou Valores",1,2,3,crime_other,crime_other,crime_other,crime_other,criminal,criminal,vote_crime,vote_crime,drop,drop
945,279,,INQUÉRITO POLICIAL,Crimes de Abuso de Autoridade,1,2,3,crime_other,crime_other,crime_other,crime_other,criminal,criminal,vote_crime,vote_crime,drop,drop
1298,12562,12586,PET-ADM,Filiação Partidária - Lista Especial,3,0,3,drop,drop,drop,drop,drop,drop,drop,drop,drop,drop
159,11527,11603,AÇÃO DE INVESTIGAÇÃO JUDICIAL ELEITORAL,Inelegibilidade - Reeleição,2,1,3,candidacy_challenge,candidacy_challenge,candidacy_challenge,candidacy,candidacy,strategic_attack,eligibility,eligibility,eligibility,eligibility
394,11955,11513,CAUTELAR INOMINADA CRIMINAL,Arregimentação de Eleitor ou Boca de Urna,0,3,3,drop,drop,drop,drop,drop,drop,drop,drop,drop,vote_crime
1264,310,11502,PEDIDO DE QUEBRA DE SIGILO DE DADOS E/OU TELEFÔNICO,Coação Visando a Obtenção de Voto ou a sua Abstenção,1,2,3,drop,drop,drop,drop,drop,drop,drop,drop,drop,vote_crime
903,279,,INQUÉRITO POLICIAL,"Auxílio Emergencial (Lei 13,982/2020)",3,0,3,crime_other,crime_other,crime_other,crime_other,criminal,criminal,vote_crime,vote_crime,drop,drop
2,14678,12634,ACORDO DE NÃO PERSECUÇÃO PENAL,Apropriação Indébita Eleitoral,0,3,3,drop,drop,drop,drop,drop,drop,drop,drop,drop,drop
2408,278,12345,TERMO CIRCUNSTANCIADO,Vias de fato,0,3,3,crime_other,crime_other,crime_other,crime_other,criminal,criminal,vote_crime,vote_crime,drop,drop
157,11527,11602,AÇÃO DE INVESTIGAÇÃO JUDICIAL ELEITORAL,Inelegibilidade - Parentesco,1,2,3,candidacy_challenge,candidacy_challenge,candidacy_challenge,candidacy,candidacy,strategic_attack,eligibility,eligibility,eligibility,eligibility
156,11527,11601,AÇÃO DE INVESTIGAÇÃO JUDICIAL ELEITORAL,Inelegibilidade - Inalistável,3,0,3,candidacy_challenge,candidacy_challenge,candidacy_challenge,candidacy,candidacy,strategic_attack,eligibility,eligibility,eligibility,eligibility
1721,1733,11490,PROCEDIMENTO INVESTIGATÓRIO CRIMINAL (PIC-MP),Impedimento do Exercício da Propaganda,3,0,3,crime_other,crime_other,crime_other,crime_other,criminal,criminal,vote_crime,vote_crime,drop,speech_crime
350,355,15037,CARTA PRECATÓRIA CRIMINAL,Alvará de Soltura,2,1,3,drop,drop,drop,drop,drop,drop,drop,drop,drop,drop
334,335,11785,CARTA DE ORDEM CRIMINAL,Diligências,1,2,3,drop,drop,drop,drop,drop,drop,drop,drop,drop,drop
1389,241,11563,PETIÇÃO CÍVEL,Afastamento de Magistrado,2,1,3,drop,drop,drop,drop,drop,drop,drop,drop,drop,drop
1674,1733,11522,PROCEDIMENTO INVESTIGATÓRIO CRIMINAL (PIC-MP),Arguição de Ineligibilidade Temerária ou de Má-Fé,3,0,3,crime_other,crime_other,crime_other,crime_other,criminal,criminal,vote_crime,vote_crime,drop,drop
1229,309,11482,PEDIDO DE BUSCA E APREENSÃO CRIMINAL,Crimes contra a Propaganda Eleitoral,0,3,3,drop,drop,drop,drop,drop,drop,drop,drop,drop,speech_crime
1730,1733,11489,PROCEDIMENTO INVESTIGATÓRIO CRIMINAL (PIC-MP),"Inutilização, Alteração ou Perturbação de Propaganda",3,0,3,crime_other,crime_other,crime_other,crime_other,criminal,criminal,vote_crime,vote_crime,drop,speech_crime
333,335,10602,CARTA DE ORDEM CRIMINAL,Condicional do processo,3,0,3,drop,drop,drop,drop,drop,drop,drop,drop,drop,drop
2119,272,3550,REPRESENTAÇÃO CRIMINAL/NOTÍCIA DE CRIME,Peculato mediante erro de outrem,3,0,3,crime_other,crime_other,crime_other,crime_other,criminal,criminal,vote_crime,vote_crime,drop,drop
437,11955,11438,CAUTELAR INOMINADA CRIMINAL,Inscrição Fraudulenta,0,3,3,drop,drop,drop,drop,drop,drop,drop,drop,drop,drop
198,11528,10824,AÇÃO PENAL ELEITORAL,Coação eleitoral,2,1,3,crime_other,crime_other,crime_other,crime_other,criminal,criminal,vote_crime,vote_crime,drop,drop
1023,279,11523,INQUÉRITO POLICIAL,Não-Acesso dos Partidos aos Dados Relativos às Pesquisas Eleitorais,1,2,3,crime_other,crime_other,crime_other,crime_other,criminal,criminal,vote_crime,vote_crime,drop,drop
18,14678,11475,ACORDO DE NÃO PERSECUÇÃO PENAL,Uso de Documento Falso para Fins Eleitorais,0,3,3,drop,drop,drop,drop,drop,drop,drop,drop,drop,drop
2539,12134,11586,TUTELA CAUTELAR ANTECEDENTE,Condição de Elegibilidade - Alistamento Eleitoral,1,2,3,candidacy_challenge,candidacy_challenge,candidacy_challenge,candidacy,candidacy,strategic_attack,eligibility,eligibility,eligibility,eligibility
137,11527,11589,AÇÃO DE INVESTIGAÇÃO JUDICIAL ELEITORAL,Condição de Elegibilidade - Filiação Partidária,3,0,3,candidacy_challenge,candidacy_challenge,candidacy_challenge,candidacy,candidacy,strategic_attack,eligibility,eligibility,eligibility,eligibility
136,11527,11587,AÇÃO DE INVESTIGAÇÃO JUDICIAL ELEITORAL,Condição de Elegibilidade - Domicílio Eleitoral na Circunscrição,0,3,3,candidacy_challenge,candidacy_challenge,candidacy_challenge,candidacy,candidacy,strategic_attack,eligibility,eligibility,eligibility,eligibility
2370,278,11519,TERMO CIRCUNSTANCIADO,Inscrição Simultânea em Dois ou Mais Partidos,3,0,3,crime_other,crime_other,crime_other,crime_other,criminal,criminal,vote_crime,vote_crime,drop,drop
1220,309,11484,PEDIDO DE BUSCA E APREENSÃO CRIMINAL,Calúnia na Propaganda Eleitoral,1,2,3,drop,drop,drop,drop,drop,drop,drop,drop,drop,speech_crime
1889,11541,11486,REPRESENTAÇÃO,Difamação na Propaganda Eleitoral,3,0,3,content_disinfo,content_disinfo,content_disinfo,content_disinfo,content_disinfo,information_env,content_disinfo,propaganda,propaganda,speech_crime
2129,272,10838,REPRESENTAÇÃO CRIMINAL/NOTÍCIA DE CRIME,Prevaricação,1,2,3,crime_other,crime_other,crime_other,crime_other,criminal,criminal,vote_crime,vote_crime,drop,drop
794,12729,11507,EXECUÇÃO DE MEDIDAS ALTERNATIVAS NO JUÍZO COMUM,Votação Múltipla ou Realizada em Lugar de Outrem,3,0,3,drop,drop,drop,drop,drop,drop,drop,drop,drop,vote_crime
790,12729,11491,EXECUÇÃO DE MEDIDAS ALTERNATIVAS NO JUÍZO COMUM,Utilização de Organização Comercial para Propaganda ou Aliciamento de Eleitores,1,2,3,drop,drop,drop,drop,drop,drop,drop,drop,drop,speech_crime
787,12729,11512,EXECUÇÃO DE MEDIDAS ALTERNATIVAS NO JUÍZO COMUM,Uso Proibido de Alto-Falantes,3,0,3,drop,drop,drop,drop,drop,drop,drop,drop,drop,vote_crime
1279,310,11438,PEDIDO DE QUEBRA DE SIGILO DE DADOS E/OU TELEFÔNICO,Inscrição Fraudulenta,0,3,3,drop,drop,drop,drop,drop,drop,drop,drop,drop,drop
1891,11541,11485,REPRESENTAÇÃO,Divulgação de Falsa Imputação,2,1,3,content_disinfo,content_disinfo,content_disinfo,content_disinfo,content_disinfo,information_env,content_disinfo,propaganda,propaganda,speech_crime
2140,272,12635,REPRESENTAÇÃO CRIMINAL/NOTÍCIA DE CRIME,Propaganda Política - Propaganda Eleitoral - Divulgação de Notícia  Sabidamente Falsa,2,1,3,crime_speech,crime_speech,crime_speech,crime_speech,criminal,criminal,speech_crime,speech_crime,speech_crime,propaganda
1557,241,12046,PETIÇÃO CÍVEL,Prestação de Contas - De Candidato,3,0,3,drop,drop,drop,drop,drop,drop,drop,drop,drop,drop
2146,272,10609,REPRESENTAÇÃO CRIMINAL/NOTÍCIA DE CRIME,Quebra do Sigilo Telefônico,3,0,3,crime_other,crime_other,crime_other,crime_other,criminal,criminal,vote_crime,vote_crime,drop,drop
807,12554,11579,FILIAÇÃO PARTIDÁRIA,Alistamento Eleitoral - Inscrição Eleitoral,3,0,3,drop,drop,drop,drop,drop,drop,drop,drop,drop,drop
2082,272,10816,REPRESENTAÇÃO CRIMINAL/NOTÍCIA DE CRIME,Falsificação de documento público para fins eleitorais,3,0,3,crime_other,crime_other,crime_other,crime_other,criminal,criminal,vote_crime,vote_crime,drop,drop
1749,1733,11491,PROCEDIMENTO INVESTIGATÓRIO CRIMINAL (PIC-MP),Utilização de Organização Comercial para Propaganda ou Aliciamento de Eleitores,0,3,3,crime_other,crime_other,crime_other,crime_other,criminal,criminal,vote_crime,vote_crime,drop,speech_crime
1750,1733,11451,PROCEDIMENTO INVESTIGATÓRIO CRIMINAL (PIC-MP),Utilização de Prédios ou Serviços de Repartições Públicas para Beneficiar Partido ou Organização de Caráter Político,1,2,3,crime_other,crime_other,crime_other,crime_other,criminal,criminal,vote_crime,vote_crime,drop,drop
1356,1727,3397,PETIÇÃO CRIMINAL,Injúria,1,2,3,drop,drop,drop,drop,drop,drop,drop,drop,drop,speech_crime
1357,1727,11487,PETIÇÃO CRIMINAL,Injúria na Propaganda Eleitoral,0,3,3,drop,drop,drop,drop,drop,drop,drop,drop,drop,speech_crime
2383,278,12347,TERMO CIRCUNSTANCIADO,Perturbação do trabalho ou do sossego alheios,0,3,3,crime_other,crime_other,crime_other,crime_other,criminal,criminal,vote_crime,vote_crime,drop,drop
2105,272,15153,REPRESENTAÇÃO CRIMINAL/NOTÍCIA DE CRIME,Interrupção do Processo Eleitoral,0,3,3,crime_other,crime_other,crime_other,crime_other,criminal,criminal,vote_crime,vote_crime,drop,drop
1359,1727,11489,PETIÇÃO CRIMINAL,"Inutilização, Alteração ou Perturbação de Propaganda",2,1,3,drop,drop,drop,drop,drop,drop,drop,drop,drop,speech_crime
1570,241,11661,PETIÇÃO CÍVEL,Propaganda Política - Propaganda Eleitoral - Cavalete,1,2,3,drop,drop,drop,drop,drop,drop,drop,drop,drop,propaganda
1541,241,,PETIÇÃO CÍVEL,Omissão da Entrega do Boletim de Urna,3,0,3,drop,drop,drop,drop,drop,drop,drop,drop,drop,drop
426,11955,11473,CAUTELAR INOMINADA CRIMINAL,Falsidade Ideológica,0,3,3,drop,drop,drop,drop,drop,drop,drop,drop,drop,vote_crime
1751,1733,11465,PROCEDIMENTO INVESTIGATÓRIO CRIMINAL (PIC-MP),Utilização de Veículos e Embarcações Públicas em Campanha Eleitoral,3,0,3,crime_other,crime_other,crime_other,crime_other,criminal,criminal,vote_crime,vote_crime,drop,drop
996,279,,INQUÉRITO POLICIAL,Identidade de Gênero,0,3,3,crime_other,crime_other,crime_other,crime_other,criminal,criminal,vote_crime,vote_crime,drop,drop
1763,1298,11428,PROCESSO ADMINISTRATIVO,DIREITO ELEITORAL,3,0,3,drop,drop,drop,drop,drop,drop,drop,drop,drop,drop
2099,272,3515,REPRESENTAÇÃO CRIMINAL/NOTÍCIA DE CRIME,Infração de Medida Sanitária Preventiva,3,0,3,crime_other,crime_other,crime_other,crime_other,criminal,criminal,vote_crime,vote_crime,drop,drop
823,307,11470,HABEAS CORPUS CRIMINAL,Alteração do Resultado de Votação nos Mapas ou Boletins de Apuração,0,3,3,drop,drop,drop,drop,drop,drop,drop,drop,drop,drop
822,12554,11518,FILIAÇÃO PARTIDÁRIA,Subscrição de Mais de Uma Ficha de Filiação Partidária,3,0,3,drop,drop,drop,drop,drop,drop,drop,drop,drop,drop
838,307,11473,HABEAS CORPUS CRIMINAL,Falsidade Ideológica,1,2,3,drop,drop,drop,drop,drop,drop,drop,drop,drop,vote_crime
1232,309,3633,PEDIDO DE BUSCA E APREENSÃO CRIMINAL,Crimes do Sistema Nacional de Armas,3,0,3,drop,drop,drop,drop,drop,drop,drop,drop,drop,drop
1744,1733,11778,PROCEDIMENTO INVESTIGATÓRIO CRIMINAL (PIC-MP),Requerimento,3,0,3,crime_other,crime_other,crime_other,crime_other,criminal,criminal,vote_crime,vote_crime,drop,drop
1742,1733,11449,PROCEDIMENTO INVESTIGATÓRIO CRIMINAL (PIC-MP),Recusa ou Abandono do Serviço Eleitoral,1,2,3,crime_other,crime_other,crime_other,crime_other,criminal,criminal,vote_crime,vote_crime,drop,drop
2114,272,11464,REPRESENTAÇÃO CRIMINAL/NOTÍCIA DE CRIME,Obstamento do Transporte e Fornecimento de Alimentos a Eleitores pela Justiça Eleitoral,2,1,3,crime_other,crime_other,crime_other,crime_other,criminal,criminal,vote_crime,vote_crime,drop,drop
2599,12134,11618,TUTELA CAUTELAR ANTECEDENTE,Registro de Candidatura - RRC - Candidato,2,0,2,drop,drop,drop,drop,drop,drop,drop,drop,drop,drop
2588,12134,12638,TUTELA CAUTELAR ANTECEDENTE,Propaganda Política - Propaganda Eleitoral - Impulsionamento,1,1,2,prop_placement,prop_placement,illegal_advertisement,illegal_advertisement,illegal_advertisement,information_env,illegal_advertisement,propaganda,propaganda,propaganda
2575,12134,11657,TUTELA CAUTELAR ANTECEDENTE,Propaganda Política - Propaganda Eleitoral - Bem Particular de Uso Comum,0,2,2,prop_placement,prop_placement,illegal_advertisement,illegal_advertisement,illegal_advertisement,information_env,illegal_advertisement,propaganda,propaganda,propaganda
2568,12134,12048,TUTELA CAUTELAR ANTECEDENTE,Prestação de Contas - De Exercício Financeiro,1,1,2,drop,drop,drop,drop,drop,drop,drop,drop,drop,drop
1655,12193,11642,PRESTAÇÃO DE CONTAS ELEITORAIS,Eleições - 1° Turno,0,2,2,drop,drop,drop,drop,drop,drop,drop,drop,drop,drop
1664,12193,12048,PRESTAÇÃO DE CONTAS ELEITORAIS,Prestação de Contas - De Exercício Financeiro,2,0,2,drop,drop,drop,drop,drop,drop,drop,drop,drop,drop
1672,1733,3402,PROCEDIMENTO INVESTIGATÓRIO CRIMINAL (PIC-MP),Ameaça,0,2,2,crime_other,crime_other,crime_other,crime_other,criminal,criminal,vote_crime,vote_crime,drop,drop
2603,12134,12585,TUTELA CAUTELAR ANTECEDENTE,Reversão de Desfiliação,1,1,2,drop,drop,drop,drop,drop,drop,drop,drop,drop,drop
2584,12134,11670,TUTELA CAUTELAR ANTECEDENTE,Propaganda Política - Propaganda Eleitoral - Distribuição de Tempo de Propaganda,0,2,2,prop_regulatory,prop_regulatory,illegal_advertisement,illegal_advertisement,illegal_advertisement,information_env,illegal_advertisement,propaganda,propaganda,propaganda
2461,12135,11604,TUTELA ANTECIPADA ANTECEDENTE,Inelegibilidade - Rejeição de Contas Públicas,2,0,2,candidacy_challenge,candidacy_challenge,candidacy_challenge,candidacy,candidacy,strategic_attack,eligibility,eligibility,eligibility,eligibility
1683,1733,11504,PROCEDIMENTO INVESTIGATÓRIO CRIMINAL (PIC-MP),Concentração de Eleitores para Embaraçar ou Fraudar o Exercício do Voto,0,2,2,crime_other,crime_other,crime_other,crime_other,criminal,criminal,vote_crime,vote_crime,drop,vote_crime
2086,272,3579,REPRESENTAÇÃO CRIMINAL/NOTÍCIA DE CRIME,Falso testemunho ou falsa perícia,2,0,2,crime_other,crime_other,crime_other,crime_other,criminal,criminal,vote_crime,vote_crime,drop,drop
2169,272,3406,REPRESENTAÇÃO CRIMINAL/NOTÍCIA DE CRIME,Violação de domicílio,1,1,2,crime_other,crime_other,crime_other,crime_other,criminal,criminal,vote_crime,vote_crime,drop,drop
2161,272,3539,REPRESENTAÇÃO CRIMINAL/NOTÍCIA DE CRIME,Uso de documento falso,0,2,2,crime_other,crime_other,crime_other,crime_other,criminal,criminal,vote_crime,vote_crime,drop,drop
2159,272,11512,REPRESENTAÇÃO CRIMINAL/NOTÍCIA DE CRIME,Uso Proibido de Alto-Falantes,2,0,2,crime_other,crime_other,crime_other,crime_other,criminal,criminal,vote_crime,vote_crime,drop,vote_crime
2150,272,,REPRESENTAÇÃO CRIMINAL/NOTÍCIA DE CRIME,"Recusa ou omissão de dados cadastrais, registros, documentos e informações",2,0,2,crime_other,crime_other,crime_other,crime_other,criminal,criminal,vote_crime,vote_crime,drop,drop
2144,272,11433,REPRESENTAÇÃO CRIMINAL/NOTÍCIA DE CRIME,Práticas Irregulares que Determinam a Anulação da Votação,1,1,2,crime_other,crime_other,crime_other,crime_other,criminal,criminal,vote_crime,vote_crime,drop,drop
2361,278,,TERMO CIRCUNSTANCIADO,Identidade de Gênero,0,2,2,crime_other,crime_other,crime_other,crime_other,criminal,criminal,vote_crime,vote_crime,drop,drop
2128,272,12543,REPRESENTAÇÃO CRIMINAL/NOTÍCIA DE CRIME,Preconceituosa,2,0,2,crime_other,crime_other,crime_other,crime_other,criminal,criminal,vote_crime,vote_crime,drop,drop
2373,278,11524,TERMO CIRCUNSTANCIADO,Irregularidades dos Dados Publicados em Pesquisas Eleitorais,2,0,2,crime_other,crime_other,crime_other,crime_other,criminal,criminal,vote_crime,vote_crime,drop,drop
2113,272,11523,REPRESENTAÇÃO CRIMINAL/NOTÍCIA DE CRIME,Não-Acesso dos Partidos aos Dados Relativos às Pesquisas Eleitorais,0,2,2,crime_other,crime_other,crime_other,crime_other,criminal,criminal,vote_crime,vote_crime,drop,drop
2378,278,11523,TERMO CIRCUNSTANCIADO,Não-Acesso dos Partidos aos Dados Relativos às Pesquisas Eleitorais,2,0,2,crime_other,crime_other,crime_other,crime_other,criminal,criminal,vote_crime,vote_crime,drop,drop
2108,272,11978,REPRESENTAÇÃO CRIMINAL/NOTÍCIA DE CRIME,Invasão de Dispositivo Informático,1,1,2,crime_other,crime_other,crime_other,crime_other,criminal,criminal,vote_crime,vote_crime,drop,drop
2384,278,11442,TERMO CIRCUNSTANCIADO,Perturbação ou Impedimento de Alistamento,0,2,2,crime_other,crime_other,crime_other,crime_other,criminal,criminal,vote_crime,vote_crime,drop,drop
2081,272,3531,REPRESENTAÇÃO CRIMINAL/NOTÍCIA DE CRIME,Falsificação de documento público,0,2,2,crime_other,crime_other,crime_other,crime_other,criminal,criminal,vote_crime,vote_crime,drop,drop
2339,278,11454,TERMO CIRCUNSTANCIADO,Desatendimento à Requisição de Veículo ou Embarcação,2,0,2,crime_other,crime_other,crime_other,crime_other,criminal,criminal,vote_crime,vote_crime,drop,drop
2398,278,11498,TERMO CIRCUNSTANCIADO,Retenção de Título Eleitoral ou do Comprovante de Alistamento Eleitoral,2,0,2,crime_other,crime_other,crime_other,crime_other,criminal,criminal,vote_crime,vote_crime,drop,vote_crime
2077,272,10995,REPRESENTAÇÃO CRIMINAL/NOTÍCIA DE CRIME,Falsidade ideológica praticada por Funcionário Público,2,0,2,crime_speech,crime_speech,crime_speech,crime_speech,criminal,criminal,speech_crime,speech_crime,speech_crime,vote_crime
2399,278,12544,TERMO CIRCUNSTANCIADO,Simples,2,0,2,crime_other,crime_other,crime_other,crime_other,criminal,criminal,vote_crime,vote_crime,drop,drop
2074,272,3542,REPRESENTAÇÃO CRIMINAL/NOTÍCIA DE CRIME,Falsa identidade,1,1,2,crime_other,crime_other,crime_other,crime_other,criminal,criminal,vote_crime,vote_crime,drop,drop
2073,272,11436,REPRESENTAÇÃO CRIMINAL/NOTÍCIA DE CRIME,"Fabricação, Aquisição, Fornecimento, Subtração ou Guarda de Materiais de Uso da Justiça Eleitoral",1,1,2,crime_other,crime_other,crime_other,crime_other,criminal,criminal,vote_crime,vote_crime,drop,drop
2400,278,11518,TERMO CIRCUNSTANCIADO,Subscrição de Mais de Uma Ficha de Filiação Partidária,1,1,2,crime_other,crime_other,crime_other,crime_other,criminal,criminal,vote_crime,vote_crime,drop,drop
2072,272,3420,REPRESENTAÇÃO CRIMINAL/NOTÍCIA DE CRIME,Extorsão,0,2,2,crime_other,crime_other,crime_other,crime_other,criminal,criminal,vote_crime,vote_crime,drop,drop
2069,272,3431,REPRESENTAÇÃO CRIMINAL/NOTÍCIA DE CRIME,Estelionato,2,0,2,crime_other,crime_other,crime_other,crime_other,criminal,criminal,vote_crime,vote_crime,drop,drop
2058,272,11510,REPRESENTAÇÃO CRIMINAL/NOTÍCIA DE CRIME,"Destruição, Supressão ou Ocultação de Urna Contendo Votos ou Documentos Eleitorais",1,1,2,crime_other,crime_other,crime_other,crime_other,criminal,criminal,vote_crime,vote_crime,drop,vote_crime
2055,272,10815,REPRESENTAÇÃO CRIMINAL/NOTÍCIA DE CRIME,Desordem eleitoral,2,0,2,crime_other,crime_other,crime_other,crime_other,criminal,criminal,vote_crime,vote_crime,drop,drop
2053,272,3595,REPRESENTAÇÃO CRIMINAL/NOTÍCIA DE CRIME,Desobediência a decisão judicial sobre perda ou suspensão de direitos,2,0,2,crime_other,crime_other,crime_other,crime_other,criminal,criminal,vote_crime,vote_crime,drop,drop
2049,272,11454,REPRESENTAÇÃO CRIMINAL/NOTÍCIA DE CRIME,Desatendimento à Requisição de Veículo ou Embarcação,1,1,2,crime_other,crime_other,crime_other,crime_other,criminal,criminal,vote_crime,vote_crime,drop,drop
2173,272,15154,REPRESENTAÇÃO CRIMINAL/NOTÍCIA DE CRIME,Violência Política,0,2,2,crime_other,crime_other,crime_other,crime_other,criminal,criminal,vote_crime,vote_crime,drop,drop
2188,12630,11584,REPRESENTAÇÃO ESPECIAL,Candidatos,0,2,2,drop,drop,drop,drop,drop,drop,drop,drop,drop,drop
2416,12135,11717,TUTELA ANTECIPADA ANTECEDENTE,Abuso,0,2,2,abuse_political,abuse_political,abuse_political,abuse_power,abuse_power,strategic_attack,abuse,abuse,abuse,abuse
2238,12633,12048,REQUERIMENTO DE REGULARIZAÇÃO DE OMISSÃO DE PRESTAÇÃO DE CONTAS ELEITORAIS,Prestação de Contas - De Exercício Financeiro,2,0,2,drop,drop,drop,drop,drop,drop,drop,drop,drop,drop
2275,326,11489,RESTITUIÇÃO DE COISAS APREENDIDAS,"Inutilização, Alteração ou Perturbação de Propaganda",2,0,2,drop,drop,drop,drop,drop,drop,drop,drop,drop,speech_crime
2272,326,11490,RESTITUIÇÃO DE COISAS APREENDIDAS,Impedimento do Exercício da Propaganda,0,2,2,drop,drop,drop,drop,drop,drop,drop,drop,drop,speech_crime
2268,326,10754,RESTITUIÇÃO DE COISAS APREENDIDAS,Desobediência à determinações da Justiça Eleitoral,2,0,2,drop,drop,drop,drop,drop,drop,drop,drop,drop,drop
2263,326,,RESTITUIÇÃO DE COISAS APREENDIDAS,Crimes de Abuso de Autoridade,0,2,2,drop,drop,drop,drop,drop,drop,drop,drop,drop,drop
2262,326,,RESTITUIÇÃO DE COISAS APREENDIDAS,"Crimes de ""Lavagem"" ou Ocultação de Bens, Direitos ou Valores",1,1,2,drop,drop,drop,drop,drop,drop,drop,drop,drop,drop
2253,326,11735,RESTITUIÇÃO DE COISAS APREENDIDAS,Cautelar Inominada - De Busca e Apreensão,2,0,2,drop,drop,drop,drop,drop,drop,drop,drop,drop,drop
2289,14208,11642,SUSPENSÃO DE ÓRGÃO PARTIDÁRIO,Eleições - 1° Turno,2,0,2,drop,drop,drop,drop,drop,drop,drop,drop,drop,drop
2244,12633,11764,REQUERIMENTO DE REGULARIZAÇÃO DE OMISSÃO DE PRESTAÇÃO DE CONTAS ELEITORAIS,Órgão de Direção Partidária,2,0,2,drop,drop,drop,drop,drop,drop,drop,drop,drop,drop
2295,14208,11764,SUSPENSÃO DE ÓRGÃO PARTIDÁRIO,Órgão de Direção Partidária,0,2,2,drop,drop,drop,drop,drop,drop,drop,drop,drop,drop
2296,278,3561,TERMO CIRCUNSTANCIADO,Abandono de função,0,2,2,crime_other,crime_other,crime_other,crime_other,criminal,criminal,vote_crime,vote_crime,drop,drop
2298,278,15056,TERMO CIRCUNSTANCIADO,Acordo de Não Persecução Penal,2,0,2,crime_other,crime_other,crime_other,crime_other,criminal,criminal,vote_crime,vote_crime,drop,drop
2300,278,10826,TERMO CIRCUNSTANCIADO,Aliciamento comercial de eleitores,2,0,2,crime_other,crime_other,crime_other,crime_other,criminal,criminal,vote_crime,vote_crime,drop,drop
2237,12633,12047,REQUERIMENTO DE REGULARIZAÇÃO DE OMISSÃO DE PRESTAÇÃO DE CONTAS ELEITORAIS,Prestação de Contas - De Comitê Financeiro,2,0,2,drop,drop,drop,drop,drop,drop,drop,drop,drop,drop
2337,278,15020,TERMO CIRCUNSTANCIADO,Denunciação Caluniosa para Fins Eleitorais,0,2,2,crime_other,crime_other,crime_other,crime_other,criminal,criminal,vote_crime,vote_crime,drop,drop
2305,278,12634,TERMO CIRCUNSTANCIADO,Apropriação Indébita Eleitoral,1,1,2,crime_other,crime_other,crime_other,crime_other,criminal,criminal,vote_crime,vote_crime,drop,drop
2233,12633,11642,REQUERIMENTO DE REGULARIZAÇÃO DE OMISSÃO DE PRESTAÇÃO DE CONTAS ELEITORAIS,Eleições - 1° Turno,2,0,2,drop,drop,drop,drop,drop,drop,drop,drop,drop,drop
2326,278,11467,TERMO CIRCUNSTANCIADO,Crimes contra a Fé Pública Eleitoral,1,1,2,crime_other,crime_other,crime_other,crime_other,criminal,criminal,vote_crime,vote_crime,drop,drop
2217,12630,11679,REPRESENTAÇÃO ESPECIAL,Propaganda Política - Propaganda Eleitoral - Internet,2,0,2,prop_placement,prop_placement,illegal_advertisement,illegal_advertisement,illegal_advertisement,information_env,illegal_advertisement,propaganda,propaganda,propaganda
2216,12630,11678,REPRESENTAÇÃO ESPECIAL,Propaganda Política - Propaganda Eleitoral - Inobservância do Limite Legal,2,0,2,prop_regulatory,prop_regulatory,illegal_advertisement,illegal_advertisement,illegal_advertisement,information_env,illegal_advertisement,propaganda,propaganda,propaganda
2214,12630,11664,REPRESENTAÇÃO ESPECIAL,"Propaganda Política - Propaganda Eleitoral - Confecção, Utilização ou Distribuição de Brinde",2,0,2,prop_placement,prop_placement,illegal_advertisement,illegal_advertisement,illegal_advertisement,information_env,illegal_advertisement,propaganda,propaganda,propaganda
2210,12630,12639,REPRESENTAÇÃO ESPECIAL,Propaganda Política - Propaganda Eleitoral - Aplicativo de Mensagem Instantânea,2,0,2,prop_placement,prop_placement,illegal_advertisement,illegal_advertisement,illegal_advertisement,information_env,illegal_advertisement,propaganda,propaganda,propaganda
2207,12630,14941,REPRESENTAÇÃO ESPECIAL,Percentual de Gênero,0,2,2,drop,drop,drop,drop,drop,drop,drop,drop,drop,drop
2204,12630,11559,REPRESENTAÇÃO ESPECIAL,Improbidade Administrativa,2,0,2,abuse_political,abuse_political,abuse_political,abuse_power,abuse_power,strategic_attack,abuse,abuse,abuse,drop
2203,12630,11647,REPRESENTAÇÃO ESPECIAL,Eleições - Eleição Suplementar,1,1,2,drop,drop,drop,drop,drop,drop,drop,drop,drop,drop
2332,278,,TERMO CIRCUNSTANCIADO,Crimes de Trânsito,2,0,2,crime_other,crime_other,crime_other,crime_other,criminal,criminal,vote_crime,vote_crime,drop,drop
2333,278,3633,TERMO CIRCUNSTANCIADO,Crimes do Sistema Nacional de Armas,0,2,2,crime_other,crime_other,crime_other,crime_other,criminal,criminal,vote_crime,vote_crime,drop,drop
2036,272,11517,REPRESENTAÇÃO CRIMINAL/NOTÍCIA DE CRIME,Crimes contra os Partidos Políticos,0,2,2,crime_other,crime_other,crime_other,crime_other,criminal,criminal,vote_crime,vote_crime,drop,drop
2423,12135,11584,TUTELA ANTECIPADA ANTECEDENTE,Candidatos,0,2,2,drop,drop,drop,drop,drop,drop,drop,drop,drop,drop
1696,1733,3576,PROCEDIMENTO INVESTIGATÓRIO CRIMINAL (PIC-MP),Denunciação caluniosa,2,0,2,crime_other,crime_other,crime_other,crime_other,criminal,criminal,vote_crime,vote_crime,drop,drop
1748,1733,11496,PROCEDIMENTO INVESTIGATÓRIO CRIMINAL (PIC-MP),"Uso, na Propaganda Eleitoral, de Símbolo de Órgãos de Governo",2,0,2,crime_other,crime_other,crime_other,crime_other,criminal,criminal,vote_crime,vote_crime,drop,speech_crime
1805,12557,12049,RECURSO/IMPUGNAÇÃO DE ALISTAMENTO ELEITORAL,Impugnação,2,0,2,drop,drop,drop,drop,drop,drop,drop,drop,drop,drop
1798,12557,11577,RECURSO/IMPUGNAÇÃO DE ALISTAMENTO ELEITORAL,Alistamento Eleitoral - Duplicidade/Pluralidade,2,0,2,drop,drop,drop,drop,drop,drop,drop,drop,drop,drop
1793,426,12046,RECURSO EM SENTIDO ESTRITO,Prestação de Contas - De Candidato,2,0,2,drop,drop,drop,drop,drop,drop,drop,drop,drop,drop
1789,426,11486,RECURSO EM SENTIDO ESTRITO,Difamação na Propaganda Eleitoral,0,2,2,drop,drop,drop,drop,drop,drop,drop,drop,drop,speech_crime
1780,193,11778,PRODUÇÃO ANTECIPADA DA PROVA,Requerimento,2,0,2,drop,drop,drop,drop,drop,drop,drop,drop,drop,drop
1779,193,11679,PRODUÇÃO ANTECIPADA DA PROVA,Propaganda Política - Propaganda Eleitoral - Internet,0,2,2,drop,drop,drop,drop,drop,drop,drop,drop,drop,propaganda
1771,193,12601,PRODUÇÃO ANTECIPADA DA PROVA,Candidato Não-Eleito,2,0,2,drop,drop,drop,drop,drop,drop,drop,drop,drop,drop
1768,1298,11773,PROCESSO ADMINISTRATIVO,Propaganda Política - Propaganda Partidária,2,0,2,drop,drop,drop,drop,drop,drop,drop,drop,drop,propaganda
1758,1298,11748,PROCESSO ADMINISTRATIVO,Alteração Estatutária de Partido Político em Matéria Administrativa,2,0,2,drop,drop,drop,drop,drop,drop,drop,drop,drop,drop
1756,1733,11503,PROCEDIMENTO INVESTIGATÓRIO CRIMINAL (PIC-MP),Violência ou Grave Ameaça Visando a Obtenção de Voto ou a sua Abstenção,1,1,2,crime_other,crime_other,crime_other,crime_other,criminal,criminal,vote_crime,vote_crime,drop,vote_crime
1755,1733,15143,PROCEDIMENTO INVESTIGATÓRIO CRIMINAL (PIC-MP),Violência contra a Mulher Candidata ou no Exercício do Mandato Eletivo,0,2,2,crime_other,crime_other,crime_other,crime_other,criminal,criminal,vote_crime,vote_crime,drop,speech_crime
1754,1733,15154,PROCEDIMENTO INVESTIGATÓRIO CRIMINAL (PIC-MP),Violência Política,0,2,2,crime_other,crime_other,crime_other,crime_other,criminal,criminal,vote_crime,vote_crime,drop,drop
1739,1733,11443,PROCEDIMENTO INVESTIGATÓRIO CRIMINAL (PIC-MP),Promoção de Desordem nos Trabalhos Eleitorais,0,2,2,crime_other,crime_other,crime_other,crime_other,criminal,criminal,vote_crime,vote_crime,drop,drop
1811,12557,11679,RECURSO/IMPUGNAÇÃO DE ALISTAMENTO ELEITORAL,Propaganda Política - Propaganda Eleitoral - Internet,2,0,2,drop,drop,drop,drop,drop,drop,drop,drop,drop,propaganda
1734,1733,11445,PROCEDIMENTO INVESTIGATÓRIO CRIMINAL (PIC-MP),"Ocultação, Sonegação ou Recusa de Fornecimento de Utilidades, Alimentos e Transporte no Dia da Eleição",2,0,2,crime_other,crime_other,crime_other,crime_other,criminal,criminal,vote_crime,vote_crime,drop,drop
1732,1733,,PROCEDIMENTO INVESTIGATÓRIO CRIMINAL (PIC-MP),NI,1,1,2,crime_other,crime_other,crime_other,crime_other,criminal,criminal,vote_crime,vote_crime,drop,drop
1731,1733,11524,PROCEDIMENTO INVESTIGATÓRIO CRIMINAL (PIC-MP),Irregularidades dos Dados Publicados em Pesquisas Eleitorais,2,0,2,crime_other,crime_other,crime_other,crime_other,criminal,criminal,vote_crime,vote_crime,drop,drop
1729,1733,3596,PROCEDIMENTO INVESTIGATÓRIO CRIMINAL (PIC-MP),Inserção de dados falsos em sistema de informações,2,0,2,crime_other,crime_other,crime_other,crime_other,criminal,criminal,vote_crime,vote_crime,drop,drop
2545,12134,11722,TUTELA CAUTELAR ANTECEDENTE,Corrupção ou Fraude,2,0,2,drop,drop,drop,drop,drop,drop,drop,drop,drop,abuse
1717,1733,10952,PROCEDIMENTO INVESTIGATÓRIO CRIMINAL (PIC-MP),Fato Atípico,2,0,2,crime_other,crime_other,crime_other,crime_other,criminal,criminal,vote_crime,vote_crime,drop,drop
1713,1733,3532,PROCEDIMENTO INVESTIGATÓRIO CRIMINAL (PIC-MP),Falsificação de documento particular,1,1,2,crime_other,crime_other,crime_other,crime_other,criminal,criminal,vote_crime,vote_crime,drop,drop
1709,1733,,PROCEDIMENTO INVESTIGATÓRIO CRIMINAL (PIC-MP),Falsidade de atestado médico,0,2,2,crime_other,crime_other,crime_other,crime_other,criminal,criminal,vote_crime,vote_crime,drop,drop
2549,12134,11645,TUTELA CAUTELAR ANTECEDENTE,Eleições - Eleição Majoritária,1,1,2,drop,drop,drop,drop,drop,drop,drop,drop,drop,drop
2550,12134,11646,TUTELA CAUTELAR ANTECEDENTE,Eleições - Eleição Proporcional,2,0,2,drop,drop,drop,drop,drop,drop,drop,drop,drop,drop
2551,12134,11756,TUTELA CAUTELAR ANTECEDENTE,Filiação Partidária - Cancelamento,2,0,2,drop,drop,drop,drop,drop,drop,drop,drop,drop,drop
2553,12134,11758,TUTELA CAUTELAR ANTECEDENTE,Filiação Partidária - Exclusão,0,2,2,drop,drop,drop,drop,drop,drop,drop,drop,drop,drop
1810,12557,12635,RECURSO/IMPUGNAÇÃO DE ALISTAMENTO ELEITORAL,Propaganda Política - Propaganda Eleitoral - Divulgação de Notícia  Sabidamente Falsa,2,0,2,drop,drop,drop,drop,drop,drop,drop,drop,drop,propaganda
1815,11532,11579,REGISTRO DE CANDIDATURA,Alistamento Eleitoral - Inscrição Eleitoral,2,0,2,drop,drop,drop,drop,drop,drop,drop,drop,drop,drop
2424,12135,15018,TUTELA ANTECIPADA ANTECEDENTE,Candidatura Avulsa,0,2,2,drop,drop,drop,drop,drop,drop,drop,drop,drop,drop
1962,11541,11772,REPRESENTAÇÃO,Propaganda Política Partidária,0,2,2,prop_placement,prop_placement,illegal_advertisement,illegal_advertisement,illegal_advertisement,information_env,illegal_advertisement,propaganda,propaganda,propaganda
2425,12135,12597,TUTELA ANTECIPADA ANTECEDENTE,Candidatura Fictícia,0,2,2,candidatura_ficticia,candidatura_ficticia,candidatura_ficticia,candidacy,candidacy,strategic_attack,eligibility,eligibility,drop,abuse
2015,272,14104,REPRESENTAÇÃO CRIMINAL/NOTÍCIA DE CRIME,Condição de Pessoa Idosa,0,2,2,crime_other,crime_other,crime_other,crime_other,criminal,criminal,vote_crime,vote_crime,drop,drop
2014,272,,REPRESENTAÇÃO CRIMINAL/NOTÍCIA DE CRIME,Concussão,2,0,2,crime_other,crime_other,crime_other,crime_other,criminal,criminal,vote_crime,vote_crime,drop,drop
2430,12135,11640,TUTELA ANTECIPADA ANTECEDENTE,Cargo - Vice-Prefeito,1,1,2,drop,drop,drop,drop,drop,drop,drop,drop,drop,drop
2011,272,11520,REPRESENTAÇÃO CRIMINAL/NOTÍCIA DE CRIME,Coleta de Assinatura em Mais de Uma Ficha de Registro Partidário,1,1,2,crime_other,crime_other,crime_other,crime_other,criminal,criminal,vote_crime,vote_crime,drop,drop
2007,272,3535,REPRESENTAÇÃO CRIMINAL/NOTÍCIA DE CRIME,Certidão ou atestado ideologicamente falso,2,0,2,crime_other,crime_other,crime_other,crime_other,criminal,criminal,vote_crime,vote_crime,drop,drop
2005,272,11638,REPRESENTAÇÃO CRIMINAL/NOTÍCIA DE CRIME,Cargo - Vereador,1,1,2,crime_other,crime_other,crime_other,crime_other,criminal,criminal,vote_crime,vote_crime,drop,drop
2004,272,11633,REPRESENTAÇÃO CRIMINAL/NOTÍCIA DE CRIME,Cargo - Prefeito,2,0,2,crime_other,crime_other,crime_other,crime_other,criminal,criminal,vote_crime,vote_crime,drop,drop
2440,12135,11587,TUTELA ANTECIPADA ANTECEDENTE,Condição de Elegibilidade - Domicílio Eleitoral na Circunscrição,0,2,2,candidacy_challenge,candidacy_challenge,candidacy_challenge,candidacy,candidacy,strategic_attack,eligibility,eligibility,eligibility,eligibility
1993,272,5897,REPRESENTAÇÃO CRIMINAL/NOTÍCIA DE CRIME,Associação para a Produção e Tráfico e Condutas Afins,0,2,2,crime_other,crime_other,crime_other,crime_other,criminal,criminal,vote_crime,vote_crime,drop,drop
1982,272,,REPRESENTAÇÃO CRIMINAL/NOTÍCIA DE CRIME,Advocacia administrativa,2,0,2,crime_other,crime_other,crime_other,crime_other,criminal,criminal,vote_crime,vote_crime,drop,drop
1971,11541,12416,REPRESENTAÇÃO,Tutela de Urgência,2,0,2,drop,drop,drop,drop,drop,drop,drop,drop,drop,drop
2452,12135,11647,TUTELA ANTECIPADA ANTECEDENTE,Eleições - Eleição Suplementar,2,0,2,drop,drop,drop,drop,drop,drop,drop,drop,drop,drop
1825,11532,11586,REGISTRO DE CANDIDATURA,Condição de Elegibilidade - Alistamento Eleitoral,2,0,2,drop,drop,drop,drop,drop,drop,drop,drop,drop,eligibility
2456,12135,12586,TUTELA ANTECIPADA ANTECEDENTE,Filiação Partidária - Lista Especial,1,1,2,drop,drop,drop,drop,drop,drop,drop,drop,drop,drop
2467,12135,11613,TUTELA ANTECIPADA ANTECEDENTE,Nome do Candidato - Variação Nominal,0,2,2,drop,drop,drop,drop,drop,drop,drop,drop,drop,drop
2468,12135,14941,TUTELA ANTECIPADA ANTECEDENTE,Percentual de Gênero,0,2,2,drop,drop,drop,drop,drop,drop,drop,drop,drop,drop
2471,12135,11650,TUTELA ANTECIPADA ANTECEDENTE,Pesquisa Eleitoral - Divulgação de Pesquisa Eleitoral Sem Prévio Registro,0,2,2,electoral_polls,electoral_polls,electoral_polls,electoral_polls,electoral_polls,information_env,pesquisa,pesquisa,pesquisa,pesquisa
2474,12135,12047,TUTELA ANTECIPADA ANTECEDENTE,Prestação de Contas - De Comitê Financeiro,2,0,2,drop,drop,drop,drop,drop,drop,drop,drop,drop,drop
2494,12135,11671,TUTELA ANTECIPADA ANTECEDENTE,Propaganda Política - Propaganda Eleitoral - Horário Eleitoral Gratuito/Inserções de Propaganda,2,0,2,prop_regulatory,prop_regulatory,illegal_advertisement,illegal_advertisement,illegal_advertisement,information_env,illegal_advertisement,propaganda,propaganda,propaganda
2503,12135,11673,TUTELA ANTECIPADA ANTECEDENTE,Propaganda Política - Propaganda Eleitoral - Rádio,2,0,2,prop_placement,prop_placement,illegal_advertisement,illegal_advertisement,illegal_advertisement,information_env,illegal_advertisement,propaganda,propaganda,propaganda
2507,12135,12044,TUTELA ANTECIPADA ANTECEDENTE,Registro de Candidatura - DRAP Partido/Coligação,1,1,2,drop,drop,drop,drop,drop,drop,drop,drop,drop,drop
1892,11541,11483,REPRESENTAÇÃO,Divulgação de Fatos Inverídicos na Propaganda Eleitoral,2,0,2,content_disinfo,content_disinfo,content_disinfo,content_disinfo,content_disinfo,information_env,content_disinfo,propaganda,propaganda,speech_crime
1846,11532,11615,REGISTRO DE CANDIDATURA,Registro de Candidatura,1,1,2,drop,drop,drop,drop,drop,drop,drop,drop,drop,drop
1832,11532,12051,REGISTRO DE CANDIDATURA,Impugnação - Inscrição Eleitoral,2,0,2,drop,drop,drop,drop,drop,drop,drop,drop,drop,drop
1826,11532,11587,REGISTRO DE CANDIDATURA,Condição de Elegibilidade - Domicílio Eleitoral na Circunscrição,1,1,2,drop,drop,drop,drop,drop,drop,drop,drop,drop,eligibility
1642,12193,14225,PRESTAÇÃO DE CONTAS ELEITORAIS,Apuração de indícios de irregularidades informados pela Administração Pública,1,1,2,drop,drop,drop,drop,drop,drop,drop,drop,drop,drop
1304,12562,11723,PET-ADM,Propaganda Política - Propaganda Institucional,2,0,2,drop,drop,drop,drop,drop,drop,drop,drop,drop,abuse
1640,241,11434,PETIÇÃO CÍVEL,Votação de Eleitor na Seção Eleitoral na qual Não Está Inscrito ou Autorizado a Votar,1,1,2,drop,drop,drop,drop,drop,drop,drop,drop,drop,drop
1053,279,15304,INQUÉRITO POLICIAL,Recurso de Origem Não Identificada,0,2,2,crime_other,crime_other,crime_other,crime_other,criminal,criminal,vote_crime,vote_crime,drop,drop
901,279,,INQUÉRITO POLICIAL,Assédio Eleitoral,0,2,2,crime_other,crime_other,crime_other,crime_other,criminal,criminal,vote_crime,vote_crime,drop,drop
905,279,10914,INQUÉRITO POLICIAL,Busca e Apreensão de Bens,2,0,2,crime_other,crime_other,crime_other,crime_other,criminal,criminal,vote_crime,vote_crime,drop,drop
917,279,3577,INQUÉRITO POLICIAL,Comunicação falsa de crime ou de contravenção,1,1,2,crime_other,crime_other,crime_other,crime_other,criminal,criminal,vote_crime,vote_crime,drop,drop
930,279,,INQUÉRITO POLICIAL,"Crimes Cometidos por Meio de Marca, Título de Estabelecimento e Sinal de Propaganda",0,2,2,crime_other,crime_other,crime_other,crime_other,criminal,criminal,vote_crime,vote_crime,drop,propaganda
948,279,3426,INQUÉRITO POLICIAL,Dano,2,0,2,crime_other,crime_other,crime_other,crime_other,criminal,criminal,vote_crime,vote_crime,drop,drop
960,279,10815,INQUÉRITO POLICIAL,Desordem eleitoral,2,0,2,crime_other,crime_other,crime_other,crime_other,criminal,criminal,vote_crime,vote_crime,drop,drop
969,279,,INQUÉRITO POLICIAL,Divulgação de segredo,1,1,2,crime_other,crime_other,crime_other,crime_other,criminal,criminal,vote_crime,vote_crime,drop,drop
972,279,,INQUÉRITO POLICIAL,Estelionato Majorado,2,0,2,crime_other,crime_other,crime_other,crime_other,criminal,criminal,vote_crime,vote_crime,drop,drop
992,279,3416,INQUÉRITO POLICIAL,Furto,1,1,2,crime_other,crime_other,crime_other,crime_other,criminal,criminal,vote_crime,vote_crime,drop,drop
994,279,,INQUÉRITO POLICIAL,Homicídio Qualificado,1,1,2,crime_other,crime_other,crime_other,crime_other,criminal,criminal,vote_crime,vote_crime,drop,drop
995,279,3370,INQUÉRITO POLICIAL,Homicídio Simples,1,1,2,crime_other,crime_other,crime_other,crime_other,criminal,criminal,vote_crime,vote_crime,drop,drop
1000,279,5869,INQUÉRITO POLICIAL,Incitação ao Crime,0,2,2,crime_other,crime_other,crime_other,crime_other,criminal,criminal,vote_crime,vote_crime,drop,drop
1013,279,15153,INQUÉRITO POLICIAL,Interrupção do Processo Eleitoral,0,2,2,crime_other,crime_other,crime_other,crime_other,criminal,criminal,vote_crime,vote_crime,drop,drop
1038,279,,INQUÉRITO POLICIAL,Prestação de Garantia Graciosa,0,2,2,crime_other,crime_other,crime_other,crime_other,criminal,criminal,vote_crime,vote_crime,drop,drop
1044,279,12639,INQUÉRITO POLICIAL,Propaganda Política - Propaganda Eleitoral - Aplicativo de Mensagem Instantânea,2,0,2,crime_other,crime_other,crime_other,crime_other,criminal,criminal,vote_crime,vote_crime,drop,propaganda
900,279,14685,INQUÉRITO POLICIAL,Associação Criminosa,2,0,2,crime_other,crime_other,crime_other,crime_other,criminal,criminal,vote_crime,vote_crime,drop,drop
891,279,10826,INQUÉRITO POLICIAL,Aliciamento comercial de eleitores,2,0,2,crime_other,crime_other,crime_other,crime_other,criminal,criminal,vote_crime,vote_crime,drop,drop
889,279,3561,INQUÉRITO POLICIAL,Abandono de função,0,2,2,crime_other,crime_other,crime_other,crime_other,criminal,criminal,vote_crime,vote_crime,drop,drop
770,12729,11450,EXECUÇÃO DE MEDIDAS ALTERNATIVAS NO JUÍZO COMUM,Não Cumprimento dos Deveres Impostos pelo Código Eleitoral à Autoridade Judiciária e aos Funcionários da Justiça Eleitoral,1,1,2,drop,drop,drop,drop,drop,drop,drop,drop,drop,drop
713,12729,11522,EXECUÇÃO DE MEDIDAS ALTERNATIVAS NO JUÍZO COMUM,Arguição de Ineligibilidade Temerária ou de Má-Fé,2,0,2,drop,drop,drop,drop,drop,drop,drop,drop,drop,drop
732,12729,3633,EXECUÇÃO DE MEDIDAS ALTERNATIVAS NO JUÍZO COMUM,Crimes do Sistema Nacional de Armas,0,2,2,drop,drop,drop,drop,drop,drop,drop,drop,drop,drop
733,12729,11466,EXECUÇÃO DE MEDIDAS ALTERNATIVAS NO JUÍZO COMUM,Dano a Equipamento Eleitoral,1,1,2,drop,drop,drop,drop,drop,drop,drop,drop,drop,drop
738,12729,,EXECUÇÃO DE MEDIDAS ALTERNATIVAS NO JUÍZO COMUM,Descumprimento de determinação de sigilo,2,0,2,drop,drop,drop,drop,drop,drop,drop,drop,drop,drop
749,12729,3552,EXECUÇÃO DE MEDIDAS ALTERNATIVAS NO JUÍZO COMUM,Emprego irregular de verbas ou rendas públicas,2,0,2,drop,drop,drop,drop,drop,drop,drop,drop,drop,drop
752,12729,11473,EXECUÇÃO DE MEDIDAS ALTERNATIVAS NO JUÍZO COMUM,Falsidade ideológica,0,2,2,drop,drop,drop,drop,drop,drop,drop,drop,drop,vote_crime
817,12554,12360,FILIAÇÃO PARTIDÁRIA,Matéria Administrativa,2,0,2,drop,drop,drop,drop,drop,drop,drop,drop,drop,drop
886,,,INCIDENTE DE IMPEDIMENTO / SUSPEIÇÃO,Exceção - De Incompetência,2,0,2,drop,drop,drop,drop,drop,drop,drop,drop,drop,drop
828,307,3401,HABEAS CORPUS CRIMINAL,Constrangimento ilegal,0,2,2,drop,drop,drop,drop,drop,drop,drop,drop,drop,drop
831,307,11482,HABEAS CORPUS CRIMINAL,Crimes contra a Propaganda Eleitoral,0,2,2,drop,drop,drop,drop,drop,drop,drop,drop,drop,speech_crime
869,12556,12360,IMPUGNAÇÃO PERANTE AS JUNTAS ELEITORAIS,Matéria Administrativa,0,2,2,drop,drop,drop,drop,drop,drop,drop,drop,drop,drop
880,332,11473,INCIDENTE DE FALSIDADE,Falsidade Ideológica,0,2,2,drop,drop,drop,drop,drop,drop,drop,drop,drop,vote_crime
883,332,11778,INCIDENTE DE FALSIDADE,Requerimento,2,0,2,drop,drop,drop,drop,drop,drop,drop,drop,drop,drop
884,,12600,INCIDENTE DE IMPEDIMENTO / SUSPEIÇÃO,Candidato Eleito,2,0,2,drop,drop,drop,drop,drop,drop,drop,drop,drop,drop
1046,279,11660,INQUÉRITO POLICIAL,Propaganda Política - Propaganda Eleitoral - Boca de Urna,1,1,2,crime_vote,crime_vote,crime_vote,crime_vote,criminal,criminal,vote_crime,vote_crime,vote_crime,propaganda
1055,279,,INQUÉRITO POLICIAL,"Recusa ou omissão de dados cadastrais, registros, documentos e informações",2,0,2,crime_other,crime_other,crime_other,crime_other,criminal,criminal,vote_crime,vote_crime,drop,drop
1327,1727,,PETIÇÃO CRIMINAL,Crimes de Abuso de Autoridade,1,1,2,drop,drop,drop,drop,drop,drop,drop,drop,drop,drop
1059,279,,INQUÉRITO POLICIAL,Resistência,1,1,2,crime_other,crime_other,crime_other,crime_other,criminal,criminal,vote_crime,vote_crime,drop,drop
1235,309,3396,PEDIDO DE BUSCA E APREENSÃO CRIMINAL,Difamação,1,1,2,drop,drop,drop,drop,drop,drop,drop,drop,drop,speech_crime
1241,309,14221,PEDIDO DE BUSCA E APREENSÃO CRIMINAL,Falsificação ou Alteração de Documento Particular para Fins Eleitorais,0,2,2,drop,drop,drop,drop,drop,drop,drop,drop,drop,drop
1243,309,11490,PEDIDO DE BUSCA E APREENSÃO CRIMINAL,Impedimento do Exercício da Propaganda,2,0,2,drop,drop,drop,drop,drop,drop,drop,drop,drop,speech_crime
1249,309,12347,PEDIDO DE BUSCA E APREENSÃO CRIMINAL,Perturbação do trabalho ou do sossego alheios,2,0,2,drop,drop,drop,drop,drop,drop,drop,drop,drop,drop
1259,,12334,PEDIDO DE PRISÃO TEMPORÁRIA,"Promoção, constituição, financiamento ou integração de Organização Criminosa",0,2,2,drop,drop,drop,drop,drop,drop,drop,drop,drop,drop
1262,310,11484,PEDIDO DE QUEBRA DE SIGILO DE DADOS E/OU TELEFÔNICO,Calúnia na Propaganda Eleitoral,2,0,2,drop,drop,drop,drop,drop,drop,drop,drop,drop,speech_crime
1263,310,10751,PEDIDO DE QUEBRA DE SIGILO DE DADOS E/OU TELEFÔNICO,Captação ilícita de votos ou corrupção eleitoral,2,0,2,drop,drop,drop,drop,drop,drop,drop,drop,drop,vote_crime
1272,310,3396,PEDIDO DE QUEBRA DE SIGILO DE DADOS E/OU TELEFÔNICO,Difamação,1,1,2,drop,drop,drop,drop,drop,drop,drop,drop,drop,speech_crime
1274,310,11473,PEDIDO DE QUEBRA DE SIGILO DE DADOS E/OU TELEFÔNICO,Falsidade Ideológica,1,1,2,drop,drop,drop,drop,drop,drop,drop,drop,drop,vote_crime
1277,310,11488,PEDIDO DE QUEBRA DE SIGILO DE DADOS E/OU TELEFÔNICO,Injúria Eleitoral Violenta,1,1,2,drop,drop,drop,drop,drop,drop,drop,drop,drop,speech_crime
1278,310,11487,PEDIDO DE QUEBRA DE SIGILO DE DADOS E/OU TELEFÔNICO,Injúria na Propaganda Eleitoral,1,1,2,drop,drop,drop,drop,drop,drop,drop,drop,drop,speech_crime
1285,310,10609,PEDIDO DE QUEBRA DE SIGILO DE DADOS E/OU TELEFÔNICO,Quebra do Sigilo Telefônico,1,1,2,drop,drop,drop,drop,drop,drop,drop,drop,drop,drop
1292,12562,,PET-ADM,"Auxílio Emergencial (Lei 13,982/2020)",2,0,2,drop,drop,drop,drop,drop,drop,drop,drop,drop,drop
1300,12562,,PET-ADM,NI,2,0,2,drop,drop,drop,drop,drop,drop,drop,drop,drop,drop
1308,1727,11470,PETIÇÃO CRIMINAL,Alteração do Resultado de Votação nos Mapas ou Boletins de Apuração,2,0,2,drop,drop,drop,drop,drop,drop,drop,drop,drop,drop
1224,309,11504,PEDIDO DE BUSCA E APREENSÃO CRIMINAL,Concentração de Eleitores para Embaraçar ou Fraudar o Exercício do Voto,0,2,2,drop,drop,drop,drop,drop,drop,drop,drop,drop,vote_crime
1214,309,3436,PEDIDO DE BUSCA E APREENSÃO CRIMINAL,Apropriação indébita,0,2,2,drop,drop,drop,drop,drop,drop,drop,drop,drop,drop
1208,12561,11491,NOTÍCIA DE IRREGULARIDADE EM PROPAGANDA ELEITORAL,Utilização de Organização Comercial para Propaganda ou Aliciamento de Eleitores,0,2,2,prop_placement,prop_placement,illegal_advertisement,illegal_advertisement,illegal_advertisement,information_env,illegal_advertisement,propaganda,propaganda,speech_crime
1106,1710,11473,MANDADO DE SEGURANÇA CRIMINAL,Falsidade Ideológica,0,2,2,drop,drop,drop,drop,drop,drop,drop,drop,drop,vote_crime
1065,279,,INQUÉRITO POLICIAL,Supressão de documento,1,1,2,crime_other,crime_other,crime_other,crime_other,criminal,criminal,vote_crime,vote_crime,drop,drop
1086,333,11501,INSANIDADE MENTAL DO ACUSADO,Corrupção Eleitoral,1,1,2,drop,drop,drop,drop,drop,drop,drop,drop,drop,vote_crime
1093,305,11513,LIBERDADE PROVISÓRIA COM OU SEM FIANÇA,Arregimentação de Eleitor ou Boca de Urna,0,2,2,drop,drop,drop,drop,drop,drop,drop,drop,drop,vote_crime
1097,305,11500,LIBERDADE PROVISÓRIA COM OU SEM FIANÇA,"Prisão ou Detenção do Eleitor, Membro de Mesa Receptora, Fiscal, Delegado de Partido ou Candidato, Fora das Hipóteses Legais Permitidas",0,2,2,drop,drop,drop,drop,drop,drop,drop,drop,drop,vote_crime
1101,12560,11428,LISTA DE APOIAMENTO PARA CRIAÇÃO DE PARTIDO POLÍTICO,DIREITO ELEITORAL,2,0,2,drop,drop,drop,drop,drop,drop,drop,drop,drop,drop
1103,1710,11501,MANDADO DE SEGURANÇA CRIMINAL,Corrupção Eleitoral,1,1,2,drop,drop,drop,drop,drop,drop,drop,drop,drop,vote_crime
1119,120,,MANDADO DE SEGURANÇA CÍVEL,Dissidência Partidária ou Federativa,0,2,2,drop,drop,drop,drop,drop,drop,drop,drop,drop,drop
1201,12561,11674,NOTÍCIA DE IRREGULARIDADE EM PROPAGANDA ELEITORAL,Propaganda Política - Propaganda Eleitoral - Rádio Comunitária,1,1,2,prop_placement,prop_placement,illegal_advertisement,illegal_advertisement,illegal_advertisement,information_env,illegal_advertisement,propaganda,propaganda,propaganda
1128,120,15016,MANDADO DE SEGURANÇA CÍVEL,Propaganda Política - Propaganda Eleitoral - Carreata/Caminhada/Passeata,0,2,2,drop,drop,drop,drop,drop,drop,drop,drop,drop,propaganda
1138,12561,,NOTÍCIA DE IRREGULARIDADE EM PROPAGANDA ELEITORAL,"Auxílio Emergencial (Lei 13,982/2020)",2,0,2,drop,drop,drop,drop,drop,drop,drop,drop,drop,drop
1141,12561,11630,NOTÍCIA DE IRREGULARIDADE EM PROPAGANDA ELEITORAL,Cargo - Deputado Estadual,2,0,2,drop,drop,drop,drop,drop,drop,drop,drop,drop,drop
1149,12561,11501,NOTÍCIA DE IRREGULARIDADE EM PROPAGANDA ELEITORAL,Corrupção Eleitoral,1,1,2,drop,drop,drop,drop,drop,drop,drop,drop,drop,vote_crime
1161,12561,12365,NOTÍCIA DE IRREGULARIDADE EM PROPAGANDA ELEITORAL,Enquete,0,2,2,drop,drop,drop,drop,drop,drop,drop,drop,drop,drop
1188,12561,11669,NOTÍCIA DE IRREGULARIDADE EM PROPAGANDA ELEITORAL,Propaganda Política - Propaganda Eleitoral - Horário Eleitoral Gratuito,0,2,2,prop_regulatory,prop_regulatory,illegal_advertisement,illegal_advertisement,illegal_advertisement,information_env,illegal_advertisement,propaganda,propaganda,propaganda
712,12729,3436,EXECUÇÃO DE MEDIDAS ALTERNATIVAS NO JUÍZO COMUM,Apropriação indébita,1,1,2,drop,drop,drop,drop,drop,drop,drop,drop,drop,drop
709,12729,,EXECUÇÃO DE MEDIDAS ALTERNATIVAS NO JUÍZO COMUM,Anistia,2,0,2,drop,drop,drop,drop,drop,drop,drop,drop,drop,drop
700,386,11778,EXECUÇÃO DA PENA,Requerimento,1,1,2,drop,drop,drop,drop,drop,drop,drop,drop,drop,drop
697,386,11443,EXECUÇÃO DA PENA,Promoção de Desordem nos Trabalhos Eleitorais,1,1,2,drop,drop,drop,drop,drop,drop,drop,drop,drop,drop
218,11528,,AÇÃO PENAL ELEITORAL,Crimes de Responsabilidade,2,0,2,crime_other,crime_other,crime_other,crime_other,criminal,criminal,vote_crime,vote_crime,drop,drop
220,11528,3426,AÇÃO PENAL ELEITORAL,Dano,0,2,2,crime_other,crime_other,crime_other,crime_other,criminal,criminal,vote_crime,vote_crime,drop,drop
244,11528,3536,AÇÃO PENAL ELEITORAL,Falsidade material de atestado ou certidão,0,2,2,crime_other,crime_other,crime_other,crime_other,criminal,criminal,vote_crime,vote_crime,drop,drop
276,11528,11445,AÇÃO PENAL ELEITORAL,"Ocultação, Sonegação ou Recusa de Fornecimento de Utilidades, Alimentos e Transporte no Dia da Eleição",2,0,2,crime_other,crime_other,crime_other,crime_other,criminal,criminal,vote_crime,vote_crime,drop,drop
278,11528,11493,AÇÃO PENAL ELEITORAL,Participação de Pessoa Não Detentora de Direitos Políticos em Atividades Partidárias e de Propaganda Eleitoral,2,0,2,crime_other,crime_other,crime_other,crime_other,criminal,criminal,vote_crime,vote_crime,drop,speech_crime
293,11528,12544,AÇÃO PENAL ELEITORAL,Simples,2,0,2,crime_other,crime_other,crime_other,crime_other,criminal,criminal,vote_crime,vote_crime,drop,drop
296,11528,,AÇÃO PENAL ELEITORAL,Suspensão condicional da pena,2,0,2,crime_other,crime_other,crime_other,crime_other,criminal,criminal,vote_crime,vote_crime,drop,drop
305,11528,11451,AÇÃO PENAL ELEITORAL,Utilização de Prédios ou Serviços de Repartições Públicas para Beneficiar Partido ou Organização de Caráter Político,2,0,2,crime_other,crime_other,crime_other,crime_other,criminal,criminal,vote_crime,vote_crime,drop,drop
306,11528,11465,AÇÃO PENAL ELEITORAL,Utilização de Veículos e Embarcações Públicas em Campanha Eleitoral,1,1,2,crime_other,crime_other,crime_other,crime_other,criminal,criminal,vote_crime,vote_crime,drop,drop
310,11528,15154,AÇÃO PENAL ELEITORAL,Violência Política,1,1,2,crime_other,crime_other,crime_other,crime_other,criminal,criminal,vote_crime,vote_crime,drop,drop
319,12549,12563,CANCELAMENTO DE INSCRIÇÃO ELEITORAL (CIE),Alistamento Eleitoral - Estrangeiro,0,2,2,drop,drop,drop,drop,drop,drop,drop,drop,drop,drop
338,335,11784,CARTA DE ORDEM CRIMINAL,Oitiva,1,1,2,drop,drop,drop,drop,drop,drop,drop,drop,drop,drop
361,355,15405,CARTA PRECATÓRIA CRIMINAL,Desinformação sobre a Integridade do Processo Eleitoral,0,2,2,drop,drop,drop,drop,drop,drop,drop,drop,drop,propaganda
369,355,10632,CARTA PRECATÓRIA CRIMINAL,Prisão Temporária,1,1,2,drop,drop,drop,drop,drop,drop,drop,drop,drop,drop
377,261,11428,CARTA PRECATÓRIA CÍVEL,DIREITO ELEITORAL,2,0,2,drop,drop,drop,drop,drop,drop,drop,drop,drop,drop
217,11528,,AÇÃO PENAL ELEITORAL,Crimes de Abuso de Autoridade,1,1,2,crime_other,crime_other,crime_other,crime_other,criminal,criminal,vote_crime,vote_crime,drop,drop
214,11528,11437,AÇÃO PENAL ELEITORAL,Crimes contra o Serviço da Justiça Eleitoral,0,2,2,crime_other,crime_other,crime_other,crime_other,criminal,criminal,vote_crime,vote_crime,drop,drop
200,11528,3577,AÇÃO PENAL ELEITORAL,Comunicação falsa de crime ou de contravenção,1,1,2,crime_other,crime_other,crime_other,crime_other,criminal,criminal,vote_crime,vote_crime,drop,drop
99,11526,11587,AÇÃO DE IMPUGNAÇÃO DE MANDATO ELETIVO,Condição de Elegibilidade - Domicílio Eleitoral na Circunscrição,1,1,2,candidacy_challenge,candidacy_challenge,candidacy_challenge,candidacy,candidacy,strategic_attack,eligibility,eligibility,eligibility,eligibility
8,14678,11455,ACORDO DE NÃO PERSECUÇÃO PENAL,Descumprimento da Proibição de Fornecimento de Transporte ou Refeições a Eleitores,0,2,2,drop,drop,drop,drop,drop,drop,drop,drop,drop,drop
11,14678,11473,ACORDO DE NÃO PERSECUÇÃO PENAL,Falsidade Ideológica,1,1,2,drop,drop,drop,drop,drop,drop,drop,drop,drop,vote_crime
12,14678,11473,ACORDO DE NÃO PERSECUÇÃO PENAL,Falsidade ideológica,1,1,2,drop,drop,drop,drop,drop,drop,drop,drop,drop,vote_crime
45,280,11504,AUTO DE PRISÃO EM FLAGRANTE,Concentração de Eleitores para Embaraçar ou Fraudar o Exercício do Voto,0,2,2,drop,drop,drop,drop,drop,drop,drop,drop,drop,vote_crime
55,280,11452,AUTO DE PRISÃO EM FLAGRANTE,Desobediência a Ordens ou Instruções da Justiça Eleitoral,0,2,2,drop,drop,drop,drop,drop,drop,drop,drop,drop,drop
59,280,11473,AUTO DE PRISÃO EM FLAGRANTE,Falsidade Ideológica,0,2,2,drop,drop,drop,drop,drop,drop,drop,drop,drop,vote_crime
112,11526,11602,AÇÃO DE IMPUGNAÇÃO DE MANDATO ELETIVO,Inelegibilidade - Parentesco,1,1,2,candidacy_challenge,candidacy_challenge,candidacy_challenge,candidacy,candidacy,strategic_attack,eligibility,eligibility,eligibility,eligibility
199,11528,11520,AÇÃO PENAL ELEITORAL,Coleta de Assinatura em Mais de Uma Ficha de Registro Partidário,2,0,2,crime_other,crime_other,crime_other,crime_other,criminal,criminal,vote_crime,vote_crime,drop,drop
116,11526,12392,AÇÃO DE IMPUGNAÇÃO DE MANDATO ELETIVO,Inelegibilidade - Renúncia a cargo político na pendência de representação ou petição que possa levar a outra causa de inelegibilidade,1,1,2,candidacy_challenge,candidacy_challenge,candidacy_challenge,candidacy,candidacy,strategic_attack,eligibility,eligibility,eligibility,eligibility
139,11527,11592,AÇÃO DE INVESTIGAÇÃO JUDICIAL ELEITORAL,Condição de Elegibilidade - Quitação Eleitoral,0,2,2,candidacy_challenge,candidacy_challenge,candidacy_challenge,candidacy,candidacy,strategic_attack,eligibility,eligibility,eligibility,eligibility
146,11527,11643,AÇÃO DE INVESTIGAÇÃO JUDICIAL ELEITORAL,Eleições - 2° Turno,1,1,2,drop,drop,drop,drop,drop,drop,drop,drop,drop,drop
152,11527,11597,AÇÃO DE INVESTIGAÇÃO JUDICIAL ELEITORAL,Inelegibilidade - Analfabetismo,1,1,2,candidacy_challenge,candidacy_challenge,candidacy_challenge,candidacy,candidacy,strategic_attack,eligibility,eligibility,eligibility,eligibility
175,11528,3561,AÇÃO PENAL ELEITORAL,Abandono de função,1,1,2,crime_other,crime_other,crime_other,crime_other,criminal,criminal,vote_crime,vote_crime,drop,drop
195,11528,11480,AÇÃO PENAL ELEITORAL,Cerceamento da Fiscalização Partidária,2,0,2,crime_other,crime_other,crime_other,crime_other,criminal,criminal,vote_crime,vote_crime,drop,drop
378,261,15405,CARTA PRECATÓRIA CÍVEL,Desinformação sobre a Integridade do Processo Eleitoral,0,2,2,drop,drop,drop,drop,drop,drop,drop,drop,drop,propaganda
388,11955,10819,CAUTELAR INOMINADA CRIMINAL,Aliciamento de eleitores,2,0,2,drop,drop,drop,drop,drop,drop,drop,drop,drop,drop
389,11955,10752,CAUTELAR INOMINADA CRIMINAL,Aliciamento eleitoral,2,0,2,drop,drop,drop,drop,drop,drop,drop,drop,drop,drop
597,12625,11584,DIREITO DE RESPOSTA,Candidatos,0,2,2,drop,drop,drop,drop,drop,drop,drop,drop,drop,drop
514,156,11720,CUMPRIMENTO DE SENTENÇA,Abuso - Uso Indevido de Meio de Comunicação Social,2,0,2,drop,drop,drop,drop,drop,drop,drop,drop,drop,abuse
520,156,12601,CUMPRIMENTO DE SENTENÇA,Candidato Não-Eleito,2,0,2,drop,drop,drop,drop,drop,drop,drop,drop,drop,drop
527,156,11692,CUMPRIMENTO DE SENTENÇA,Contas,2,0,2,drop,drop,drop,drop,drop,drop,drop,drop,drop,drop
532,156,11593,CUMPRIMENTO DE SENTENÇA,Direito de Resposta,2,0,2,drop,drop,drop,drop,drop,drop,drop,drop,drop,reply
540,156,11596,CUMPRIMENTO DE SENTENÇA,Inelegibilidade - Abuso do Poder Econômico ou Político,0,2,2,drop,drop,drop,drop,drop,drop,drop,drop,drop,eligibility
588,10980,12637,CUMPRIMENTO PROVISÓRIO DE DECISÃO,Propaganda Política - Propaganda Eleitoral - Redes Sociais,2,0,2,drop,drop,drop,drop,drop,drop,drop,drop,drop,propaganda
613,12625,11657,DIREITO DE RESPOSTA,Propaganda Política - Propaganda Eleitoral - Bem Particular de Uso Comum,2,0,2,prop_placement,prop_placement,illegal_advertisement,illegal_advertisement,illegal_advertisement,information_env,illegal_advertisement,propaganda,propaganda,propaganda
506,325,11484,CONFLITO DE JURISDIÇÃO,Calúnia na Propaganda Eleitoral,2,0,2,drop,drop,drop,drop,drop,drop,drop,drop,drop,speech_crime
614,12625,11658,DIREITO DE RESPOSTA,Propaganda Política - Propaganda Eleitoral - Bem Público,1,1,2,prop_placement,prop_placement,illegal_advertisement,illegal_advertisement,illegal_advertisement,information_env,illegal_advertisement,propaganda,propaganda,propaganda
651,1118,,EMBARGOS À EXECUÇÃO FISCAL,Autuação e Processamento,1,1,2,drop,drop,drop,drop,drop,drop,drop,drop,drop,drop
657,386,12634,EXECUÇÃO DA PENA,Apropriação Indébita Eleitoral,2,0,2,drop,drop,drop,drop,drop,drop,drop,drop,drop,drop
662,386,10751,EXECUÇÃO DA PENA,Captação ilícita de votos ou corrupção eleitoral,2,0,2,drop,drop,drop,drop,drop,drop,drop,drop,drop,vote_crime
683,386,14221,EXECUÇÃO DA PENA,Falsificação ou Alteração de Documento Particular para Fins Eleitorais,2,0,2,drop,drop,drop,drop,drop,drop,drop,drop,drop,drop
695,386,11495,EXECUÇÃO DA PENA,Pesquisa Fraudulenta,1,1,2,drop,drop,drop,drop,drop,drop,drop,drop,drop,speech_crime
512,156,11718,CUMPRIMENTO DE SENTENÇA,Abuso - De Poder Econômico,2,0,2,drop,drop,drop,drop,drop,drop,drop,drop,drop,abuse
505,221,11778,CONFLITO DE COMPETÊNCIA CÍVEL,Requerimento,1,1,2,drop,drop,drop,drop,drop,drop,drop,drop,drop,drop
403,11955,11734,CAUTELAR INOMINADA CRIMINAL,Cautelar Inominada,0,2,2,drop,drop,drop,drop,drop,drop,drop,drop,drop,drop
436,11955,10913,CAUTELAR INOMINADA CRIMINAL,Indisponibilidade / Seqüestro de Bens,2,0,2,drop,drop,drop,drop,drop,drop,drop,drop,drop,drop
404,11955,11735,CAUTELAR INOMINADA CRIMINAL,Cautelar Inominada - De Busca e Apreensão,0,2,2,drop,drop,drop,drop,drop,drop,drop,drop,drop,drop
415,11955,,CAUTELAR INOMINADA CRIMINAL,"Crimes de ""Lavagem"" ou Ocultação de Bens, Direitos ou Valores",0,2,2,drop,drop,drop,drop,drop,drop,drop,drop,drop,drop
418,11955,11455,CAUTELAR INOMINADA CRIMINAL,Descumprimento da Proibição de Fornecimento de Transporte ou Refeições a Eleitores,1,1,2,drop,drop,drop,drop,drop,drop,drop,drop,drop,drop
420,11955,11452,CAUTELAR INOMINADA CRIMINAL,Desobediência a Ordens ou Instruções da Justiça Eleitoral,0,2,2,drop,drop,drop,drop,drop,drop,drop,drop,drop,drop
422,11955,11486,CAUTELAR INOMINADA CRIMINAL,Difamação na Propaganda Eleitoral,0,2,2,drop,drop,drop,drop,drop,drop,drop,drop,drop,speech_crime
427,11955,11473,CAUTELAR INOMINADA CRIMINAL,Falsidade ideológica,0,2,2,drop,drop,drop,drop,drop,drop,drop,drop,drop,vote_crime
443,11955,,CAUTELAR INOMINADA CRIMINAL,Perda de Bens e Valores,2,0,2,drop,drop,drop,drop,drop,drop,drop,drop,drop,drop
501,12121,11503,COMUNICADO DE MANDADO DE PRISÃO,Violência ou Grave Ameaça Visando a Obtenção de Voto ou a sua Abstenção,2,0,2,drop,drop,drop,drop,drop,drop,drop,drop,drop,vote_crime
446,11955,10632,CAUTELAR INOMINADA CRIMINAL,Prisão Temporária,2,0,2,drop,drop,drop,drop,drop,drop,drop,drop,drop,drop
452,11955,3641,CAUTELAR INOMINADA CRIMINAL,Sigilo Telefônico,0,2,2,drop,drop,drop,drop,drop,drop,drop,drop,drop,drop
474,12121,10819,COMUNICADO DE MANDADO DE PRISÃO,Aliciamento de eleitores,2,0,2,drop,drop,drop,drop,drop,drop,drop,drop,drop,drop
483,12121,11504,COMUNICADO DE MANDADO DE PRISÃO,Concentração de Eleitores para Embaraçar ou Fraudar o Exercício do Voto,2,0,2,drop,drop,drop,drop,drop,drop,drop,drop,drop,vote_crime
489,12121,11452,COMUNICADO DE MANDADO DE PRISÃO,Desobediência a Ordens ou Instruções da Justiça Eleitoral,2,0,2,drop,drop,drop,drop,drop,drop,drop,drop,drop,drop
491,12121,11514,COMUNICADO DE MANDADO DE PRISÃO,Divulgação de Propaganda Eleitoral no Dia da Eleição,2,0,2,drop,drop,drop,drop,drop,drop,drop,drop,drop,vote_crime
1324,1727,11482,PETIÇÃO CRIMINAL,Crimes contra a Propaganda Eleitoral,0,2,2,drop,drop,drop,drop,drop,drop,drop,drop,drop,speech_crime
2606,12134,11776,TUTELA CAUTELAR ANTECEDENTE,Veiculação de Propaganda Partidária - Em Inserções,1,1,2,prop_regulatory,prop_regulatory,illegal_advertisement,illegal_advertisement,illegal_advertisement,information_env,illegal_advertisement,propaganda,propaganda,propaganda
1419,241,11628,PETIÇÃO CÍVEL,Cargos,1,1,2,drop,drop,drop,drop,drop,drop,drop,drop,drop,drop
1630,241,11475,PETIÇÃO CÍVEL,Uso de Documento Falso para Fins Eleitorais,2,0,2,drop,drop,drop,drop,drop,drop,drop,drop,drop,drop
1453,241,11453,PETIÇÃO CÍVEL,"Descumprimento do Dever de Informar o Número, Espécie e Lotação de Veículos e Embarcações",1,1,2,drop,drop,drop,drop,drop,drop,drop,drop,drop,drop
1627,241,11716,PETIÇÃO CÍVEL,Transgressões Eleitorais,2,0,2,drop,drop,drop,drop,drop,drop,drop,drop,drop,abuse
1624,241,11515,PETIÇÃO CÍVEL,Retenção de Título ou Comprovante de Alistamento Eleitoral,1,1,2,drop,drop,drop,drop,drop,drop,drop,drop,drop,vote_crime
1621,241,11571,PETIÇÃO CÍVEL,Requisição de Servidor - Renovação de Requisição de Servidor,2,0,2,drop,drop,drop,drop,drop,drop,drop,drop,drop,drop
1454,241,11564,PETIÇÃO CÍVEL,Designação de Juiz Eleitoral,0,2,2,drop,drop,drop,drop,drop,drop,drop,drop,drop,drop
1456,241,11479,PETIÇÃO CÍVEL,Destruição de Dados Eleitorais,2,0,2,drop,drop,drop,drop,drop,drop,drop,drop,drop,drop
1606,241,11623,PETIÇÃO CÍVEL,Registro de Candidatura - Substituição de Candidato - Por Expulsão Partidária,2,0,2,drop,drop,drop,drop,drop,drop,drop,drop,drop,drop
1457,241,11510,PETIÇÃO CÍVEL,"Destruição, Supressão ou Ocultação de Urna Contendo Votos ou Documentos Eleitorais",2,0,2,drop,drop,drop,drop,drop,drop,drop,drop,drop,vote_crime
1384,1727,11507,PETIÇÃO CRIMINAL,Votação Múltipla ou Realizada em Lugar de Outrem,0,2,2,drop,drop,drop,drop,drop,drop,drop,drop,drop,vote_crime
1477,241,11742,PETIÇÃO CÍVEL,Exceção - De Impedimento,1,1,2,drop,drop,drop,drop,drop,drop,drop,drop,drop,drop
1491,241,11704,PETIÇÃO CÍVEL,Habeas Corpus - Liberatório,1,1,2,drop,drop,drop,drop,drop,drop,drop,drop,drop,drop
1350,1727,,PETIÇÃO CRIMINAL,Fornecimento ao Eleitor de Cédula Oficial Já Assinalada ou Marcada,0,2,2,drop,drop,drop,drop,drop,drop,drop,drop,drop,drop
1383,1727,15143,PETIÇÃO CRIMINAL,Violência contra a Mulher Candidata ou no Exercício do Mandato Eletivo,0,2,2,drop,drop,drop,drop,drop,drop,drop,drop,drop,speech_crime
1504,241,11599,PETIÇÃO CÍVEL,Inelegibilidade - Declaração de Indignidade ou de Incompatibilidade com o Oficialato,1,1,2,drop,drop,drop,drop,drop,drop,drop,drop,drop,eligibility
1378,1727,11451,PETIÇÃO CRIMINAL,Utilização de Prédios ou Serviços de Repartições Públicas para Beneficiar Partido ou Organização de Caráter Político,1,1,2,drop,drop,drop,drop,drop,drop,drop,drop,drop,drop
1375,1727,11512,PETIÇÃO CRIMINAL,Uso Proibido de Alto-Falantes,2,0,2,drop,drop,drop,drop,drop,drop,drop,drop,drop,vote_crime
1355,1727,3515,PETIÇÃO CRIMINAL,Infração de Medida Sanitária Preventiva,2,0,2,drop,drop,drop,drop,drop,drop,drop,drop,drop,drop
1506,241,11601,PETIÇÃO CÍVEL,Inelegibilidade - Inalistável,2,0,2,drop,drop,drop,drop,drop,drop,drop,drop,drop,eligibility
1508,241,11603,PETIÇÃO CÍVEL,Inelegibilidade - Reeleição,1,1,2,drop,drop,drop,drop,drop,drop,drop,drop,drop,eligibility
1363,1727,,PETIÇÃO CRIMINAL,NI,1,1,2,drop,drop,drop,drop,drop,drop,drop,drop,drop,drop
1366,1727,11495,PETIÇÃO CRIMINAL,Pesquisa Fraudulenta,1,1,2,drop,drop,drop,drop,drop,drop,drop,drop,drop,speech_crime
1335,1727,11510,PETIÇÃO CRIMINAL,"Destruição, Supressão ou Ocultação de Urna Contendo Votos ou Documentos Eleitorais",0,2,2,drop,drop,drop,drop,drop,drop,drop,drop,drop,vote_crime
1369,1727,12334,PETIÇÃO CRIMINAL,"Promoção, constituição, financiamento ou integração de Organização Criminosa",0,2,2,drop,drop,drop,drop,drop,drop,drop,drop,drop,drop
1438,241,12965,PETIÇÃO CÍVEL,Conflito de Competência,1,1,2,drop,drop,drop,drop,drop,drop,drop,drop,drop,drop
1415,241,11637,PETIÇÃO CÍVEL,Cargo - Senador,1,1,2,drop,drop,drop,drop,drop,drop,drop,drop,drop,drop
1333,1727,10754,PETIÇÃO CRIMINAL,Desobediência à determinações da Justiça Eleitoral,2,0,2,drop,drop,drop,drop,drop,drop,drop,drop,drop,drop
1632,241,11491,PETIÇÃO CÍVEL,Utilização de Organização Comercial para Propaganda ou Aliciamento de Eleitores,2,0,2,drop,drop,drop,drop,drop,drop,drop,drop,drop,speech_crime
655,386,11470,EXECUÇÃO DA PENA,Alteração do Resultado de Votação nos Mapas ou Boletins de Apuração,1,0,1,drop,drop,drop,drop,drop,drop,drop,drop,drop,drop
2346,278,11510,TERMO CIRCUNSTANCIADO,"Destruição, Supressão ou Ocultação de Urna Contendo Votos ou Documentos Eleitorais",1,0,1,crime_other,crime_other,crime_other,crime_other,criminal,criminal,vote_crime,vote_crime,drop,vote_crime
469,12550,11449,COMPOSIÇÃO DE MESA RECEPTORA,Recusa ou Abandono do Serviço Eleitoral,1,0,1,drop,drop,drop,drop,drop,drop,drop,drop,drop,drop
466,12550,12360,COMPOSIÇÃO DE MESA RECEPTORA,Matéria Administrativa,1,0,1,drop,drop,drop,drop,drop,drop,drop,drop,drop,drop
464,12550,12049,COMPOSIÇÃO DE MESA RECEPTORA,Impugnação,0,1,1,drop,drop,drop,drop,drop,drop,drop,drop,drop,drop
462,12550,11646,COMPOSIÇÃO DE MESA RECEPTORA,Eleições - Eleição Proporcional,1,0,1,drop,drop,drop,drop,drop,drop,drop,drop,drop,drop
456,12550,11719,COMPOSIÇÃO DE MESA RECEPTORA,Abuso - De Poder Político/Autoridade,1,0,1,drop,drop,drop,drop,drop,drop,drop,drop,drop,abuse
455,11955,11491,CAUTELAR INOMINADA CRIMINAL,Utilização de Organização Comercial para Propaganda ou Aliciamento de Eleitores,0,1,1,drop,drop,drop,drop,drop,drop,drop,drop,drop,speech_crime
2345,278,11511,TERMO CIRCUNSTANCIADO,Destruição de Relação de Candidatos,0,1,1,crime_other,crime_other,crime_other,crime_other,criminal,criminal,vote_crime,vote_crime,drop,vote_crime
454,11955,3539,CAUTELAR INOMINADA CRIMINAL,Uso de documento falso,1,0,1,drop,drop,drop,drop,drop,drop,drop,drop,drop,drop
471,12550,,COMPOSIÇÃO DE MESA RECEPTORA,Regularização de Histórico - Lançamento de Códigos de ASE,0,1,1,drop,drop,drop,drop,drop,drop,drop,drop,drop,drop
453,11955,11518,CAUTELAR INOMINADA CRIMINAL,Subscrição de Mais de Uma Ficha de Filiação Partidária,1,0,1,drop,drop,drop,drop,drop,drop,drop,drop,drop,drop
1690,1733,11430,PROCEDIMENTO INVESTIGATÓRIO CRIMINAL (PIC-MP),Crimes contra a Organização Administrativa da Justiça Eleitoral,1,0,1,crime_other,crime_other,crime_other,crime_other,criminal,criminal,vote_crime,vote_crime,drop,drop
449,11955,10608,CAUTELAR INOMINADA CRIMINAL,Quebra do Sigilo Fiscal,1,0,1,drop,drop,drop,drop,drop,drop,drop,drop,drop,drop
681,386,11473,EXECUÇÃO DA PENA,Falsidade ideológica,1,0,1,drop,drop,drop,drop,drop,drop,drop,drop,drop,vote_crime
448,11955,10607,CAUTELAR INOMINADA CRIMINAL,Quebra do Sigilo Bancário,1,0,1,drop,drop,drop,drop,drop,drop,drop,drop,drop,drop
447,11955,12334,CAUTELAR INOMINADA CRIMINAL,"Promoção, constituição, financiamento ou integração de Organização Criminosa",1,0,1,drop,drop,drop,drop,drop,drop,drop,drop,drop,drop
2353,278,3431,TERMO CIRCUNSTANCIADO,Estelionato,1,0,1,crime_other,crime_other,crime_other,crime_other,criminal,criminal,vote_crime,vote_crime,drop,drop
2354,278,3542,TERMO CIRCUNSTANCIADO,Falsa identidade,1,0,1,crime_other,crime_other,crime_other,crime_other,criminal,criminal,vote_crime,vote_crime,drop,drop
1711,1733,10995,PROCEDIMENTO INVESTIGATÓRIO CRIMINAL (PIC-MP),Falsidade ideológica praticada por Funcionário Público,0,1,1,crime_speech,crime_speech,crime_speech,crime_speech,criminal,criminal,speech_crime,speech_crime,speech_crime,vote_crime
470,12550,,COMPOSIÇÃO DE MESA RECEPTORA,Regularização de Histórico - Exclusão de Códigos de ASE,1,0,1,drop,drop,drop,drop,drop,drop,drop,drop,drop,drop
2212,12630,11662,REPRESENTAÇÃO ESPECIAL,Propaganda Política - Propaganda Eleitoral - Comício/Showmício,1,0,1,prop_placement,prop_placement,illegal_advertisement,illegal_advertisement,illegal_advertisement,information_env,illegal_advertisement,propaganda,propaganda,propaganda
2356,278,3536,TERMO CIRCUNSTANCIADO,Falsidade material de atestado ou certidão,0,1,1,crime_other,crime_other,crime_other,crime_other,criminal,criminal,vote_crime,vote_crime,drop,drop
2335,278,3426,TERMO CIRCUNSTANCIADO,Dano,0,1,1,crime_other,crime_other,crime_other,crime_other,criminal,criminal,vote_crime,vote_crime,drop,drop
493,12121,11499,COMUNICADO DE MANDADO DE PRISÃO,Impedimento ou Embaraço ao Exercício do Sufrágio,1,0,1,drop,drop,drop,drop,drop,drop,drop,drop,drop,vote_crime
2318,278,10824,TERMO CIRCUNSTANCIADO,Coação eleitoral,1,0,1,crime_other,crime_other,crime_other,crime_other,criminal,criminal,vote_crime,vote_crime,drop,drop
2319,278,3577,TERMO CIRCUNSTANCIADO,Comunicação falsa de crime ou de contravenção,0,1,1,crime_other,crime_other,crime_other,crime_other,criminal,criminal,vote_crime,vote_crime,drop,drop
492,12121,11473,COMUNICADO DE MANDADO DE PRISÃO,Falsidade Ideológica,1,0,1,drop,drop,drop,drop,drop,drop,drop,drop,drop,vote_crime
2321,278,3401,TERMO CIRCUNSTANCIADO,Constrangimento ilegal,1,0,1,crime_other,crime_other,crime_other,crime_other,criminal,criminal,vote_crime,vote_crime,drop,drop
1694,1733,3426,PROCEDIMENTO INVESTIGATÓRIO CRIMINAL (PIC-MP),Dano,0,1,1,crime_other,crime_other,crime_other,crime_other,criminal,criminal,vote_crime,vote_crime,drop,drop
2323,278,3568,TERMO CIRCUNSTANCIADO,Corrupção ativa,0,1,1,crime_other,crime_other,crime_other,crime_other,criminal,criminal,vote_crime,vote_crime,drop,drop
490,12121,10815,COMUNICADO DE MANDADO DE PRISÃO,Desordem eleitoral,1,0,1,drop,drop,drop,drop,drop,drop,drop,drop,drop,drop
2325,278,,TERMO CIRCUNSTANCIADO,Crimes Eleitorais,0,1,1,crime_other,crime_other,crime_other,crime_other,criminal,criminal,vote_crime,vote_crime,drop,drop
1496,241,12051,PETIÇÃO CÍVEL,Impugnação - Inscrição Eleitoral,1,0,1,drop,drop,drop,drop,drop,drop,drop,drop,drop,drop
487,12121,11454,COMUNICADO DE MANDADO DE PRISÃO,Desatendimento à Requisição de Veículo ou Embarcação,1,0,1,drop,drop,drop,drop,drop,drop,drop,drop,drop,drop
486,12121,3573,COMUNICADO DE MANDADO DE PRISÃO,Desacato,1,0,1,drop,drop,drop,drop,drop,drop,drop,drop,drop,drop
485,12121,3633,COMUNICADO DE MANDADO DE PRISÃO,Crimes do Sistema Nacional de Armas,1,0,1,drop,drop,drop,drop,drop,drop,drop,drop,drop,drop
1497,241,12052,PETIÇÃO CÍVEL,Impugnação - Nomeação de Membro da Junta Eleitoral,0,1,1,drop,drop,drop,drop,drop,drop,drop,drop,drop,drop
675,386,11483,EXECUÇÃO DA PENA,Divulgação de Fatos Inverídicos na Propaganda Eleitoral,1,0,1,drop,drop,drop,drop,drop,drop,drop,drop,drop,speech_crime
482,12121,10824,COMUNICADO DE MANDADO DE PRISÃO,Coação eleitoral,1,0,1,drop,drop,drop,drop,drop,drop,drop,drop,drop,drop
479,12121,3395,COMUNICADO DE MANDADO DE PRISÃO,Calúnia,1,0,1,drop,drop,drop,drop,drop,drop,drop,drop,drop,speech_crime
477,12121,11494,COMUNICADO DE MANDADO DE PRISÃO,Autorização de Transmissão de Pessoa Não Detentora de Direitos Políticos em Atividades Partidárias e de Propaganda Eleitoral,1,0,1,drop,drop,drop,drop,drop,drop,drop,drop,drop,speech_crime
2334,278,,TERMO CIRCUNSTANCIADO,Da Poluição,0,1,1,crime_other,crime_other,crime_other,crime_other,criminal,criminal,vote_crime,vote_crime,drop,drop
684,386,11490,EXECUÇÃO DA PENA,Impedimento do Exercício da Propaganda,0,1,1,drop,drop,drop,drop,drop,drop,drop,drop,drop,speech_crime
445,11955,4355,CAUTELAR INOMINADA CRIMINAL,Prisão Preventiva,1,0,1,drop,drop,drop,drop,drop,drop,drop,drop,drop,drop
495,12121,11464,COMUNICADO DE MANDADO DE PRISÃO,Obstamento do Transporte e Fornecimento de Alimentos a Eleitores pela Justiça Eleitoral,1,0,1,drop,drop,drop,drop,drop,drop,drop,drop,drop,drop
2389,278,11653,TERMO CIRCUNSTANCIADO,Propaganda Política - Propaganda Eleitoral - Adesivo,1,0,1,crime_other,crime_other,crime_other,crime_other,criminal,criminal,vote_crime,vote_crime,drop,propaganda
2381,278,11493,TERMO CIRCUNSTANCIADO,Participação de Pessoa Não Detentora de Direitos Políticos em Atividades Partidárias e de Propaganda Eleitoral,0,1,1,crime_other,crime_other,crime_other,crime_other,criminal,criminal,vote_crime,vote_crime,drop,speech_crime
2382,278,12354,TERMO CIRCUNSTANCIADO,Perturbação da tranquilidade,1,0,1,crime_other,crime_other,crime_other,crime_other,criminal,criminal,vote_crime,vote_crime,drop,drop
424,11955,10642,CAUTELAR INOMINADA CRIMINAL,Efeitos da Condenação,0,1,1,drop,drop,drop,drop,drop,drop,drop,drop,drop,drop
423,11955,5835,CAUTELAR INOMINADA CRIMINAL,Disposição de coisa alheia como própria,0,1,1,drop,drop,drop,drop,drop,drop,drop,drop,drop,drop
1685,1733,11435,PROCEDIMENTO INVESTIGATÓRIO CRIMINAL (PIC-MP),Contagem de Votos de Eleitores em Relação aos quais Houve Impugnação,1,0,1,crime_other,crime_other,crime_other,crime_other,criminal,criminal,vote_crime,vote_crime,drop,drop
2386,278,,TERMO CIRCUNSTANCIADO,Porte de arma (branca),0,1,1,crime_other,crime_other,crime_other,crime_other,criminal,criminal,vote_crime,vote_crime,drop,drop
2387,278,11500,TERMO CIRCUNSTANCIADO,"Prisão ou Detenção do Eleitor, Membro de Mesa Receptora, Fiscal, Delegado de Partido ou Candidato, Fora das Hipóteses Legais Permitidas",0,1,1,crime_other,crime_other,crime_other,crime_other,criminal,criminal,vote_crime,vote_crime,drop,vote_crime
1684,1733,,PROCEDIMENTO INVESTIGATÓRIO CRIMINAL (PIC-MP),Concussão,0,1,1,crime_other,crime_other,crime_other,crime_other,criminal,criminal,vote_crime,vote_crime,drop,drop
689,386,11438,EXECUÇÃO DA PENA,Inscrição fraudulenta,1,0,1,drop,drop,drop,drop,drop,drop,drop,drop,drop,drop
2390,278,11660,TERMO CIRCUNSTANCIADO,Propaganda Política - Propaganda Eleitoral - Boca de Urna,1,0,1,crime_vote,crime_vote,crime_vote,crime_vote,criminal,criminal,vote_crime,vote_crime,vote_crime,propaganda
444,11955,11495,CAUTELAR INOMINADA CRIMINAL,Pesquisa Fraudulenta,0,1,1,drop,drop,drop,drop,drop,drop,drop,drop,drop,speech_crime
2391,278,11668,TERMO CIRCUNSTANCIADO,Propaganda Política - Propaganda Eleitoral - Folhetos/Volantes/Santinhos/Impressos,1,0,1,crime_other,crime_other,crime_other,crime_other,criminal,criminal,vote_crime,vote_crime,drop,propaganda
2392,278,11679,TERMO CIRCUNSTANCIADO,Propaganda Política - Propaganda Eleitoral - Internet,1,0,1,crime_other,crime_other,crime_other,crime_other,criminal,criminal,vote_crime,vote_crime,drop,propaganda
2393,278,11433,TERMO CIRCUNSTANCIADO,Práticas Irregulares que Determinam a Anulação da Votação,0,1,1,crime_other,crime_other,crime_other,crime_other,criminal,criminal,vote_crime,vote_crime,drop,drop
2394,278,11492,TERMO CIRCUNSTANCIADO,Realização de Propaganda Eleitoral em Língua Estrangeira,1,0,1,crime_other,crime_other,crime_other,crime_other,criminal,criminal,vote_crime,vote_crime,drop,speech_crime
419,11955,3572,CAUTELAR INOMINADA CRIMINAL,Desobediência,0,1,1,drop,drop,drop,drop,drop,drop,drop,drop,drop,drop
1512,241,11606,PETIÇÃO CÍVEL,Inelegibilidade - Terceiro Mandato,1,0,1,drop,drop,drop,drop,drop,drop,drop,drop,drop,eligibility
2397,278,,TERMO CIRCUNSTANCIADO,Resistência,0,1,1,crime_other,crime_other,crime_other,crime_other,criminal,criminal,vote_crime,vote_crime,drop,drop
417,11955,3633,CAUTELAR INOMINADA CRIMINAL,Crimes do Sistema Nacional de Armas,0,1,1,drop,drop,drop,drop,drop,drop,drop,drop,drop,drop
416,11955,,CAUTELAR INOMINADA CRIMINAL,Crimes de Abuso de Autoridade,0,1,1,drop,drop,drop,drop,drop,drop,drop,drop,drop,drop
2380,278,,TERMO CIRCUNSTANCIADO,Orientação Sexual,0,1,1,crime_other,crime_other,crime_other,crime_other,criminal,criminal,vote_crime,vote_crime,drop,drop
425,11955,5862,CAUTELAR INOMINADA CRIMINAL,Fabrico / Fornecimento / Aquisição / Posse ou Transporte de Explosivos ou Gás Tóxico ou Asfixiante,0,1,1,drop,drop,drop,drop,drop,drop,drop,drop,drop,drop
1510,241,12392,PETIÇÃO CÍVEL,Inelegibilidade - Renúncia a cargo político na pendência de representação ou petição que possa levar a outra causa de inelegibilidade,0,1,1,drop,drop,drop,drop,drop,drop,drop,drop,drop,eligibility
2377,278,11432,TERMO CIRCUNSTANCIADO,Não Observância de Chamamento de Eleitores para Votar,1,0,1,crime_other,crime_other,crime_other,crime_other,criminal,criminal,vote_crime,vote_crime,drop,drop
2359,278,,TERMO CIRCUNSTANCIADO,Fraude processual,1,0,1,crime_other,crime_other,crime_other,crime_other,criminal,criminal,vote_crime,vote_crime,drop,drop
2360,278,3416,TERMO CIRCUNSTANCIADO,Furto,1,0,1,crime_other,crime_other,crime_other,crime_other,criminal,criminal,vote_crime,vote_crime,drop,drop
2208,12630,11770,REPRESENTAÇÃO ESPECIAL,Propaganda Política,0,1,1,prop_placement,prop_placement,illegal_advertisement,illegal_advertisement,illegal_advertisement,information_env,illegal_advertisement,propaganda,propaganda,propaganda
442,11955,3548,CAUTELAR INOMINADA CRIMINAL,Peculato,0,1,1,drop,drop,drop,drop,drop,drop,drop,drop,drop,drop
441,11955,11478,CAUTELAR INOMINADA CRIMINAL,Obtenção de Acesso a Sistema de Dados Eleitorais,0,1,1,drop,drop,drop,drop,drop,drop,drop,drop,drop,drop
440,11955,,CAUTELAR INOMINADA CRIMINAL,NI,0,1,1,drop,drop,drop,drop,drop,drop,drop,drop,drop,drop
439,11955,11444,CAUTELAR INOMINADA CRIMINAL,Majoração de Preços de Utilidade e Serviços Necessários à Realização das Eleições,0,1,1,drop,drop,drop,drop,drop,drop,drop,drop,drop,drop
438,11955,3386,CAUTELAR INOMINADA CRIMINAL,Leve,0,1,1,drop,drop,drop,drop,drop,drop,drop,drop,drop,drop
1687,1733,10991,PROCEDIMENTO INVESTIGATÓRIO CRIMINAL (PIC-MP),Corrupção Praticada por Prefeitos e Vereadores,0,1,1,crime_other,crime_other,crime_other,crime_other,criminal,criminal,vote_crime,vote_crime,drop,drop
434,11955,11490,CAUTELAR INOMINADA CRIMINAL,Impedimento do Exercício da Propaganda,0,1,1,drop,drop,drop,drop,drop,drop,drop,drop,drop,speech_crime
433,11955,3370,CAUTELAR INOMINADA CRIMINAL,Homicídio Simples,0,1,1,drop,drop,drop,drop,drop,drop,drop,drop,drop,drop
432,11955,5556,CAUTELAR INOMINADA CRIMINAL,Grave,0,1,1,drop,drop,drop,drop,drop,drop,drop,drop,drop,drop
2371,278,11431,TERMO CIRCUNSTANCIADO,Intervenção Indevida de Autoridade Junto à Mesa Receptora,1,0,1,crime_other,crime_other,crime_other,crime_other,criminal,criminal,vote_crime,vote_crime,drop,drop
431,11955,,CAUTELAR INOMINADA CRIMINAL,Favorecimento pessoal,0,1,1,drop,drop,drop,drop,drop,drop,drop,drop,drop,drop
685,386,11499,EXECUÇÃO DA PENA,Impedimento ou Embaraço ao Exercício do Sufrágio,0,1,1,drop,drop,drop,drop,drop,drop,drop,drop,drop,vote_crime
430,11955,10753,CAUTELAR INOMINADA CRIMINAL,Falso eleitoral,1,0,1,drop,drop,drop,drop,drop,drop,drop,drop,drop,drop
429,11955,11472,CAUTELAR INOMINADA CRIMINAL,Falsificação ou Alteração de Documento Público para Fins Eleitorais,0,1,1,drop,drop,drop,drop,drop,drop,drop,drop,drop,drop
2375,278,,TERMO CIRCUNSTANCIADO,NI,1,0,1,crime_other,crime_other,crime_other,crime_other,criminal,criminal,vote_crime,vote_crime,drop,drop
428,11955,14221,CAUTELAR INOMINADA CRIMINAL,Falsificação ou Alteração de Documento Particular para Fins Eleitorais,0,1,1,drop,drop,drop,drop,drop,drop,drop,drop,drop,drop
494,12121,11450,COMUNICADO DE MANDADO DE PRISÃO,Não Cumprimento dos Deveres Impostos pelo Código Eleitoral à Autoridade Judiciária e aos Funcionários da Justiça Eleitoral,1,0,1,drop,drop,drop,drop,drop,drop,drop,drop,drop,drop
498,12121,11443,COMUNICADO DE MANDADO DE PRISÃO,Promoção de Desordem nos Trabalhos Eleitorais,1,0,1,drop,drop,drop,drop,drop,drop,drop,drop,drop,drop
497,12121,11500,COMUNICADO DE MANDADO DE PRISÃO,"Prisão ou Detenção do Eleitor, Membro de Mesa Receptora, Fiscal, Delegado de Partido ou Candidato, Fora das Hipóteses Legais Permitidas",1,0,1,drop,drop,drop,drop,drop,drop,drop,drop,drop,vote_crime
663,386,14104,EXECUÇÃO DA PENA,Condição de Pessoa Idosa,1,0,1,drop,drop,drop,drop,drop,drop,drop,drop,drop,drop
2250,326,10755,RESTITUIÇÃO DE COISAS APREENDIDAS,Boca de urna,0,1,1,drop,drop,drop,drop,drop,drop,drop,drop,drop,drop
1434,241,,PETIÇÃO CÍVEL,Condição de Elegibilidade - Idade Mínima,1,0,1,drop,drop,drop,drop,drop,drop,drop,drop,drop,eligibility
2252,326,10751,RESTITUIÇÃO DE COISAS APREENDIDAS,Captação ilícita de votos ou corrupção eleitoral,1,0,1,drop,drop,drop,drop,drop,drop,drop,drop,drop,vote_crime
586,156,11764,CUMPRIMENTO DE SENTENÇA,Órgão de Direção Partidária,0,1,1,drop,drop,drop,drop,drop,drop,drop,drop,drop,drop
2254,326,3624,RESTITUIÇÃO DE COISAS APREENDIDAS,Caça,0,1,1,drop,drop,drop,drop,drop,drop,drop,drop,drop,drop
585,156,12598,CUMPRIMENTO DE SENTENÇA,Requerimento de Regularização da Situação de Inadimplência de Prestação de Contas,1,0,1,drop,drop,drop,drop,drop,drop,drop,drop,drop,drop
2256,326,11504,RESTITUIÇÃO DE COISAS APREENDIDAS,Concentração de Eleitores para Embaraçar ou Fraudar o Exercício do Voto,0,1,1,drop,drop,drop,drop,drop,drop,drop,drop,drop,vote_crime
578,156,11682,CUMPRIMENTO DE SENTENÇA,Propaganda Política - Propaganda Eleitoral - Pintura em Muro,1,0,1,drop,drop,drop,drop,drop,drop,drop,drop,drop,propaganda
2258,326,,RESTITUIÇÃO DE COISAS APREENDIDAS,Corrupção passiva,0,1,1,drop,drop,drop,drop,drop,drop,drop,drop,drop,drop
2259,326,11467,RESTITUIÇÃO DE COISAS APREENDIDAS,Crimes contra a Fé Pública Eleitoral,0,1,1,drop,drop,drop,drop,drop,drop,drop,drop,drop,drop
2269,326,11514,RESTITUIÇÃO DE COISAS APREENDIDAS,Divulgação de Propaganda Eleitoral no Dia da Eleição,1,0,1,drop,drop,drop,drop,drop,drop,drop,drop,drop,vote_crime
2260,326,11482,RESTITUIÇÃO DE COISAS APREENDIDAS,Crimes contra a Propaganda Eleitoral,0,1,1,drop,drop,drop,drop,drop,drop,drop,drop,drop,speech_crime
2261,326,11497,RESTITUIÇÃO DE COISAS APREENDIDAS,Crimes contra o Sigilo ou o Exercício do Voto,0,1,1,drop,drop,drop,drop,drop,drop,drop,drop,drop,vote_crime
572,156,11677,CUMPRIMENTO DE SENTENÇA,Propaganda Política - Propaganda Eleitoral - Imprensa Escrita - Jornal/Revista/Tabloide,0,1,1,drop,drop,drop,drop,drop,drop,drop,drop,drop,propaganda
571,156,11672,CUMPRIMENTO DE SENTENÇA,Propaganda Política - Propaganda Eleitoral - Horário Eleitoral Gratuito/Programa em Bloco,1,0,1,drop,drop,drop,drop,drop,drop,drop,drop,drop,propaganda
2264,326,11454,RESTITUIÇÃO DE COISAS APREENDIDAS,Desatendimento à Requisição de Veículo ou Embarcação,1,0,1,drop,drop,drop,drop,drop,drop,drop,drop,drop,drop
570,156,11671,CUMPRIMENTO DE SENTENÇA,Propaganda Política - Propaganda Eleitoral - Horário Eleitoral Gratuito/Inserções de Propaganda,1,0,1,drop,drop,drop,drop,drop,drop,drop,drop,drop,propaganda
2266,326,3572,RESTITUIÇÃO DE COISAS APREENDIDAS,Desobediência,0,1,1,drop,drop,drop,drop,drop,drop,drop,drop,drop,drop
565,156,11664,CUMPRIMENTO DE SENTENÇA,"Propaganda Política - Propaganda Eleitoral - Confecção, Utilização ou Distribuição de Brinde",1,0,1,drop,drop,drop,drop,drop,drop,drop,drop,drop,propaganda
562,156,11660,CUMPRIMENTO DE SENTENÇA,Propaganda Política - Propaganda Eleitoral - Boca de Urna,0,1,1,drop,drop,drop,drop,drop,drop,drop,drop,drop,propaganda
590,157,11721,CUMPRIMENTO PROVISÓRIO DE SENTENÇA,Captação Ilícita de Sufrágio,1,0,1,drop,drop,drop,drop,drop,drop,drop,drop,drop,abuse
2248,326,3402,RESTITUIÇÃO DE COISAS APREENDIDAS,Ameaça,0,1,1,drop,drop,drop,drop,drop,drop,drop,drop,drop,drop
592,157,11593,CUMPRIMENTO PROVISÓRIO DE SENTENÇA,Direito de Resposta,1,0,1,drop,drop,drop,drop,drop,drop,drop,drop,drop,reply
2246,326,10819,RESTITUIÇÃO DE COISAS APREENDIDAS,Aliciamento de eleitores,1,0,1,drop,drop,drop,drop,drop,drop,drop,drop,drop,drop
1446,241,11722,PETIÇÃO CÍVEL,Corrupção ou Fraude,1,0,1,drop,drop,drop,drop,drop,drop,drop,drop,drop,abuse
656,386,,EXECUÇÃO DA PENA,Aplicação da Pena,1,0,1,drop,drop,drop,drop,drop,drop,drop,drop,drop,drop
647,,12366,EMBARGOS DE TERCEIRO CÍVEL,Execução - Cumprimento de Sentença,1,0,1,drop,drop,drop,drop,drop,drop,drop,drop,drop,drop
646,,3548,EMBARGOS DE TERCEIRO CRIMINAL,Peculato,1,0,1,drop,drop,drop,drop,drop,drop,drop,drop,drop,drop
645,,,EMBARGOS DE TERCEIRO CRIMINAL,"Crimes de ""Lavagem"" ou Ocultação de Bens, Direitos ou Valores",0,1,1,drop,drop,drop,drop,drop,drop,drop,drop,drop,drop
643,12625,11775,DIREITO DE RESPOSTA,Veiculação de Propaganda Partidária - Em Bloco,1,0,1,prop_placement,prop_placement,illegal_advertisement,illegal_advertisement,illegal_advertisement,information_env,illegal_advertisement,propaganda,propaganda,propaganda
640,12625,12044,DIREITO DE RESPOSTA,Registro de Candidatura - DRAP Partido/Coligação,1,0,1,drop,drop,drop,drop,drop,drop,drop,drop,drop,drop
633,12625,11682,DIREITO DE RESPOSTA,Propaganda Política - Propaganda Eleitoral - Pintura em Muro,1,0,1,prop_placement,prop_placement,illegal_advertisement,illegal_advertisement,illegal_advertisement,information_env,illegal_advertisement,propaganda,propaganda,propaganda
632,12625,11681,DIREITO DE RESPOSTA,Propaganda Política - Propaganda Eleitoral - Outdoors,1,0,1,prop_placement,prop_placement,illegal_advertisement,illegal_advertisement,illegal_advertisement,information_env,illegal_advertisement,propaganda,propaganda,propaganda
630,12625,11676,DIREITO DE RESPOSTA,Propaganda Política - Propaganda Eleitoral - Invasão de Horário Destinado a Outro Cargo/Partido/Coligação,1,0,1,prop_regulatory,prop_regulatory,illegal_advertisement,illegal_advertisement,illegal_advertisement,information_env,illegal_advertisement,propaganda,propaganda,propaganda
617,12625,11665,DIREITO DE RESPOSTA,Propaganda Política - Propaganda Eleitoral - Contrariedade à Lei de Postura Municipal,1,0,1,prop_regulatory,prop_regulatory,illegal_advertisement,illegal_advertisement,illegal_advertisement,information_env,illegal_advertisement,propaganda,propaganda,propaganda
1707,1733,10820,PROCEDIMENTO INVESTIGATÓRIO CRIMINAL (PIC-MP),Divulgação de pesquisa de fraudulenta,1,0,1,crime_other,crime_other,crime_other,crime_other,criminal,criminal,vote_crime,vote_crime,drop,drop
1447,241,10741,PETIÇÃO CÍVEL,Criação do Partido Político,1,0,1,drop,drop,drop,drop,drop,drop,drop,drop,drop,drop
2240,12633,11684,REQUERIMENTO DE REGULARIZAÇÃO DE OMISSÃO DE PRESTAÇÃO DE CONTAS ELEITORAIS,Recursos Financeiros de Campanha Eleitoral,1,0,1,drop,drop,drop,drop,drop,drop,drop,drop,drop,drop
612,12625,11655,DIREITO DE RESPOSTA,Propaganda Política - Propaganda Eleitoral - Banner/Cartaz/Faixa,1,0,1,prop_placement,prop_placement,illegal_advertisement,illegal_advertisement,illegal_advertisement,information_env,illegal_advertisement,propaganda,propaganda,propaganda
601,12625,11737,DIREITO DE RESPOSTA,Cautelar Inominada - Incidental,1,0,1,drop,drop,drop,drop,drop,drop,drop,drop,drop,drop
1448,241,12588,PETIÇÃO CÍVEL,Crimes Conexos,1,0,1,drop,drop,drop,drop,drop,drop,drop,drop,drop,drop
594,157,11679,CUMPRIMENTO PROVISÓRIO DE SENTENÇA,Propaganda Política - Propaganda Eleitoral - Internet,1,0,1,drop,drop,drop,drop,drop,drop,drop,drop,drop,propaganda
2245,326,,RESTITUIÇÃO DE COISAS APREENDIDAS,Abandono Material,0,1,1,drop,drop,drop,drop,drop,drop,drop,drop,drop,drop
664,386,,EXECUÇÃO DA PENA,Cor,0,1,1,drop,drop,drop,drop,drop,drop,drop,drop,drop,drop
2270,326,,RESTITUIÇÃO DE COISAS APREENDIDAS,Exploração de prestígio,0,1,1,drop,drop,drop,drop,drop,drop,drop,drop,drop,drop
654,,11778,EXCEÇÃO DA VERDADE,Requerimento,1,0,1,drop,drop,drop,drop,drop,drop,drop,drop,drop,drop
511,1303,11778,CORREIÇÃO EXTRAORDINÁRIA,Requerimento,0,1,1,drop,drop,drop,drop,drop,drop,drop,drop,drop,drop
517,156,,CUMPRIMENTO DE SENTENÇA,"Auxílio Emergencial (Lei 13,982/2020)",0,1,1,drop,drop,drop,drop,drop,drop,drop,drop,drop,drop
2218,12630,11675,REPRESENTAÇÃO ESPECIAL,Propaganda Política - Propaganda Eleitoral - Televisão,1,0,1,prop_placement,prop_placement,illegal_advertisement,illegal_advertisement,illegal_advertisement,information_env,illegal_advertisement,propaganda,propaganda,propaganda
515,156,11513,CUMPRIMENTO DE SENTENÇA,Arregimentação de Eleitor ou Boca de Urna,1,0,1,drop,drop,drop,drop,drop,drop,drop,drop,drop,vote_crime
668,386,3633,EXECUÇÃO DA PENA,Crimes do Sistema Nacional de Armas,1,0,1,drop,drop,drop,drop,drop,drop,drop,drop,drop,drop
513,156,11719,CUMPRIMENTO DE SENTENÇA,Abuso - De Poder Político/Autoridade,1,0,1,drop,drop,drop,drop,drop,drop,drop,drop,drop,abuse
669,386,11466,EXECUÇÃO DA PENA,Dano a Equipamento Eleitoral,1,0,1,drop,drop,drop,drop,drop,drop,drop,drop,drop,drop
2299,278,,TERMO CIRCUNSTANCIADO,Advocacia administrativa,0,1,1,crime_other,crime_other,crime_other,crime_other,criminal,criminal,vote_crime,vote_crime,drop,drop
2215,12630,11667,REPRESENTAÇÃO ESPECIAL,Propaganda Política - Propaganda Eleitoral - Extemporânea/Antecipada,0,1,1,prop_timing,prop_timing,illegal_advertisement,illegal_advertisement,illegal_advertisement,information_env,illegal_advertisement,propaganda,propaganda,propaganda
1514,241,,PETIÇÃO CÍVEL,Inelegibilidade - Vínculo Afetivo,0,1,1,drop,drop,drop,drop,drop,drop,drop,drop,drop,eligibility
508,325,11487,CONFLITO DE JURISDIÇÃO,Injúria na Propaganda Eleitoral,1,0,1,drop,drop,drop,drop,drop,drop,drop,drop,drop,speech_crime
2271,326,10995,RESTITUIÇÃO DE COISAS APREENDIDAS,Falsidade ideológica praticada por Funcionário Público,0,1,1,drop,drop,drop,drop,drop,drop,drop,drop,drop,vote_crime
507,325,3396,CONFLITO DE JURISDIÇÃO,Difamação,1,0,1,drop,drop,drop,drop,drop,drop,drop,drop,drop,speech_crime
1478,241,,PETIÇÃO CÍVEL,Exceção - De Incompetência,1,0,1,drop,drop,drop,drop,drop,drop,drop,drop,drop,drop
1479,241,,PETIÇÃO CÍVEL,Exceção - De Litispendência,1,0,1,drop,drop,drop,drop,drop,drop,drop,drop,drop,drop
503,221,10654,CONFLITO DE COMPETÊNCIA CÍVEL,Competência da Justiça Estadual,0,1,1,drop,drop,drop,drop,drop,drop,drop,drop,drop,drop
2308,278,,TERMO CIRCUNSTANCIADO,Arremesso de projétil,1,0,1,crime_other,crime_other,crime_other,crime_other,criminal,criminal,vote_crime,vote_crime,drop,drop
2309,278,14685,TERMO CIRCUNSTANCIADO,Associação Criminosa,0,1,1,crime_other,crime_other,crime_other,crime_other,criminal,criminal,vote_crime,vote_crime,drop,drop
2310,278,,TERMO CIRCUNSTANCIADO,Ato Obsceno,0,1,1,crime_other,crime_other,crime_other,crime_other,criminal,criminal,vote_crime,vote_crime,drop,drop
670,386,3573,EXECUÇÃO DA PENA,Desacato,1,0,1,drop,drop,drop,drop,drop,drop,drop,drop,drop,drop
500,12121,11449,COMUNICADO DE MANDADO DE PRISÃO,Recusa ou Abandono do Serviço Eleitoral,1,0,1,drop,drop,drop,drop,drop,drop,drop,drop,drop,drop
518,156,12612,CUMPRIMENTO DE SENTENÇA,COVID-19,1,0,1,drop,drop,drop,drop,drop,drop,drop,drop,drop,drop
1700,1733,10754,PROCEDIMENTO INVESTIGATÓRIO CRIMINAL (PIC-MP),Desobediência à determinações da Justiça Eleitoral,1,0,1,crime_other,crime_other,crime_other,crime_other,criminal,criminal,vote_crime,vote_crime,drop,drop
521,156,12062,CUMPRIMENTO DE SENTENÇA,Captação ou Gasto Ilícito de Recursos Financeiros de Campanha Eleitoral,1,0,1,drop,drop,drop,drop,drop,drop,drop,drop,drop,abuse
526,156,12965,CUMPRIMENTO DE SENTENÇA,Conflito de Competência,1,0,1,drop,drop,drop,drop,drop,drop,drop,drop,drop,drop
553,156,11443,CUMPRIMENTO DE SENTENÇA,Promoção de Desordem nos Trabalhos Eleitorais,1,0,1,drop,drop,drop,drop,drop,drop,drop,drop,drop,drop
2220,12630,15142,REPRESENTAÇÃO ESPECIAL,Propaganda Política Irregular - Violência contra a Mulher,0,1,1,prop_placement,prop_placement,illegal_advertisement,illegal_advertisement,illegal_advertisement,information_env,illegal_advertisement,propaganda,propaganda,propaganda
2273,326,11499,RESTITUIÇÃO DE COISAS APREENDIDAS,Impedimento ou Embaraço ao Exercício do Sufrágio,0,1,1,drop,drop,drop,drop,drop,drop,drop,drop,drop,vote_crime
544,156,11648,CUMPRIMENTO DE SENTENÇA,Pesquisa Eleitoral,0,1,1,drop,drop,drop,drop,drop,drop,drop,drop,drop,pesquisa
541,156,11524,CUMPRIMENTO DE SENTENÇA,Irregularidades dos Dados Publicados em Pesquisas Eleitorais,0,1,1,drop,drop,drop,drop,drop,drop,drop,drop,drop,drop
2276,326,,RESTITUIÇÃO DE COISAS APREENDIDAS,NI,0,1,1,drop,drop,drop,drop,drop,drop,drop,drop,drop,drop
2277,326,11450,RESTITUIÇÃO DE COISAS APREENDIDAS,Não Cumprimento dos Deveres Impostos pelo Código Eleitoral à Autoridade Judiciária e aos Funcionários da Justiça Eleitoral,0,1,1,drop,drop,drop,drop,drop,drop,drop,drop,drop,drop
2278,326,11464,RESTITUIÇÃO DE COISAS APREENDIDAS,Obstamento do Transporte e Fornecimento de Alimentos a Eleitores pela Justiça Eleitoral,0,1,1,drop,drop,drop,drop,drop,drop,drop,drop,drop,drop
667,386,,EXECUÇÃO DA PENA,Crimes de Trânsito,1,0,1,drop,drop,drop,drop,drop,drop,drop,drop,drop,drop
2280,326,11656,RESTITUIÇÃO DE COISAS APREENDIDAS,Propaganda Política - Propaganda Eleitoral - Bem Particular,1,0,1,drop,drop,drop,drop,drop,drop,drop,drop,drop,propaganda
2281,326,11660,RESTITUIÇÃO DE COISAS APREENDIDAS,Propaganda Política - Propaganda Eleitoral - Boca de Urna,1,0,1,drop,drop,drop,drop,drop,drop,drop,drop,drop,propaganda
539,156,11616,CUMPRIMENTO DE SENTENÇA,Impugnação ao Registro de Candidatura,1,0,1,candidacy_challenge,candidacy_challenge,candidacy_challenge,candidacy,candidacy,strategic_attack,eligibility,eligibility,eligibility,eligibility
2283,326,11503,RESTITUIÇÃO DE COISAS APREENDIDAS,Violência ou Grave Ameaça Visando a Obtenção de Voto ou a sua Abstenção,0,1,1,drop,drop,drop,drop,drop,drop,drop,drop,drop,vote_crime
2284,11546,11778,REVISÃO DE ELEITORADO,Requerimento,0,1,1,drop,drop,drop,drop,drop,drop,drop,drop,drop,drop
538,156,,CUMPRIMENTO DE SENTENÇA,Fonte Vedada,1,0,1,drop,drop,drop,drop,drop,drop,drop,drop,drop,drop
2286,1308,11778,SINDICÂNCIA,Requerimento,1,0,1,drop,drop,drop,drop,drop,drop,drop,drop,drop,drop
530,156,11428,CUMPRIMENTO DE SENTENÇA,DIREITO ELEITORAL,1,0,1,drop,drop,drop,drop,drop,drop,drop,drop,drop,drop
529,156,14220,CUMPRIMENTO DE SENTENÇA,Contas-  Simplificada,1,0,1,drop,drop,drop,drop,drop,drop,drop,drop,drop,drop
1701,1733,10815,PROCEDIMENTO INVESTIGATÓRIO CRIMINAL (PIC-MP),Desordem eleitoral,1,0,1,crime_other,crime_other,crime_other,crime_other,criminal,criminal,vote_crime,vote_crime,drop,drop
2301,278,10819,TERMO CIRCUNSTANCIADO,Aliciamento de eleitores,1,0,1,crime_other,crime_other,crime_other,crime_other,criminal,criminal,vote_crime,vote_crime,drop,drop
408,11955,11504,CAUTELAR INOMINADA CRIMINAL,Concentração de Eleitores para Embaraçar ou Fraudar o Exercício do Voto,0,1,1,drop,drop,drop,drop,drop,drop,drop,drop,drop,vote_crime
414,11955,11497,CAUTELAR INOMINADA CRIMINAL,Crimes contra o Sigilo ou o Exercício do Voto,0,1,1,drop,drop,drop,drop,drop,drop,drop,drop,drop,vote_crime
121,11526,11716,AÇÃO DE IMPUGNAÇÃO DE MANDATO ELETIVO,Transgressões Eleitorais,0,1,1,drop,drop,drop,drop,drop,drop,drop,drop,drop,abuse
168,11527,11678,AÇÃO DE INVESTIGAÇÃO JUDICIAL ELEITORAL,Propaganda Política - Propaganda Eleitoral - Inobservância do Limite Legal,1,0,1,prop_regulatory,prop_regulatory,illegal_advertisement,illegal_advertisement,illegal_advertisement,information_env,illegal_advertisement,propaganda,propaganda,propaganda
167,11527,11663,AÇÃO DE INVESTIGAÇÃO JUDICIAL ELEITORAL,Propaganda Política - Propaganda Eleitoral - Conduta Vedada a Emissora de Rádio/Televisão na Programação Normal,1,0,1,prop_regulatory,prop_regulatory,illegal_advertisement,illegal_advertisement,illegal_advertisement,information_env,illegal_advertisement,propaganda,propaganda,propaganda
164,11527,11607,AÇÃO DE INVESTIGAÇÃO JUDICIAL ELEITORAL,Inelegibilidade - Vida Pregressa,1,0,1,candidacy_challenge,candidacy_challenge,candidacy_challenge,candidacy,candidacy,strategic_attack,eligibility,eligibility,eligibility,eligibility
154,11527,,AÇÃO DE INVESTIGAÇÃO JUDICIAL ELEITORAL,Inelegibilidade - Demissão do serviço público,0,1,1,candidacy_challenge,candidacy_challenge,candidacy_challenge,candidacy,candidacy,strategic_attack,eligibility,eligibility,eligibility,eligibility
1622,241,,PETIÇÃO CÍVEL,"Retardamento ou Não-Publicação de Decisões, Citações ou Intimações da Justiça Eleitoral",1,0,1,drop,drop,drop,drop,drop,drop,drop,drop,drop,drop
144,11527,11724,AÇÃO DE INVESTIGAÇÃO JUDICIAL ELEITORAL,Diplomação,1,0,1,drop,drop,drop,drop,drop,drop,drop,drop,drop,drop
143,11527,11428,AÇÃO DE INVESTIGAÇÃO JUDICIAL ELEITORAL,DIREITO ELEITORAL,1,0,1,drop,drop,drop,drop,drop,drop,drop,drop,drop,drop
141,11527,11501,AÇÃO DE INVESTIGAÇÃO JUDICIAL ELEITORAL,Corrupção Eleitoral,1,0,1,drop,drop,drop,drop,drop,drop,drop,drop,drop,vote_crime
138,11527,11591,AÇÃO DE INVESTIGAÇÃO JUDICIAL ELEITORAL,Condição de Elegibilidade - Pleno Exercício dos Direitos Políticos,0,1,1,candidacy_challenge,candidacy_challenge,candidacy_challenge,candidacy,candidacy,strategic_attack,eligibility,eligibility,eligibility,eligibility
126,11527,,AÇÃO DE INVESTIGAÇÃO JUDICIAL ELEITORAL,"Auxílio Emergencial (Lei 13,982/2020)",1,0,1,drop,drop,drop,drop,drop,drop,drop,drop,drop,drop
119,11526,11618,AÇÃO DE IMPUGNAÇÃO DE MANDATO ELETIVO,Registro de Candidatura - RRC - Candidato,1,0,1,drop,drop,drop,drop,drop,drop,drop,drop,drop,drop
412,11955,11430,CAUTELAR INOMINADA CRIMINAL,Crimes contra a Organização Administrativa da Justiça Eleitoral,0,1,1,drop,drop,drop,drop,drop,drop,drop,drop,drop,drop
118,11526,11607,AÇÃO DE IMPUGNAÇÃO DE MANDATO ELETIVO,Inelegibilidade - Vida Pregressa,1,0,1,candidacy_challenge,candidacy_challenge,candidacy_challenge,candidacy,candidacy,strategic_attack,eligibility,eligibility,eligibility,eligibility
117,11526,11605,AÇÃO DE IMPUGNAÇÃO DE MANDATO ELETIVO,Inelegibilidade - Representação ou Ação de Investigação Judicial Eleitoral Jugada Procedente pela Justiça Eleitoral,1,0,1,candidacy_challenge,candidacy_challenge,candidacy_challenge,candidacy,candidacy,strategic_attack,eligibility,eligibility,eligibility,eligibility
1652,12193,11697,PRESTAÇÃO DE CONTAS ELEITORAIS,Contas - Desaprovação/Rejeição das Contas,0,1,1,drop,drop,drop,drop,drop,drop,drop,drop,drop,drop
1625,241,12585,PETIÇÃO CÍVEL,Reversão de Desfiliação,0,1,1,drop,drop,drop,drop,drop,drop,drop,drop,drop,drop
2547,12134,11700,TUTELA CAUTELAR ANTECEDENTE,Doação de Recursos Acima do Limite Legal - Pessoa Física,0,1,1,campaign_finance,campaign_finance,campaign_finance,campaign_finance,campaign_finance,strategic_attack,abuse,abuse,abuse,drop
103,11526,12063,AÇÃO DE IMPUGNAÇÃO DE MANDATO ELETIVO,Conduta Vedada ao Agente Público,0,1,1,abuse_political,abuse_political,abuse_political,abuse_power,abuse_power,strategic_attack,abuse,abuse,abuse,abuse
93,11526,11584,AÇÃO DE IMPUGNAÇÃO DE MANDATO ELETIVO,Candidatos,0,1,1,drop,drop,drop,drop,drop,drop,drop,drop,drop,drop
88,11526,11717,AÇÃO DE IMPUGNAÇÃO DE MANDATO ELETIVO,Abuso,0,1,1,abuse_political,abuse_political,abuse_political,abuse_power,abuse_power,strategic_attack,abuse,abuse,abuse,abuse
2552,12134,11757,TUTELA CAUTELAR ANTECEDENTE,Filiação Partidária - Coexistência,0,1,1,drop,drop,drop,drop,drop,drop,drop,drop,drop,drop
86,12061,12417,AÇÃO CAUTELAR,Tutela de Evidência,1,0,1,drop,drop,drop,drop,drop,drop,drop,drop,drop,drop
169,11527,12637,AÇÃO DE INVESTIGAÇÃO JUDICIAL ELEITORAL,Propaganda Política - Propaganda Eleitoral - Redes Sociais,1,0,1,prop_placement,prop_placement,illegal_advertisement,illegal_advertisement,illegal_advertisement,information_env,illegal_advertisement,propaganda,propaganda,propaganda
2527,12134,12597,TUTELA CAUTELAR ANTECEDENTE,Candidatura Fictícia,0,1,1,candidatura_ficticia,candidatura_ficticia,candidatura_ficticia,candidacy,candidacy,strategic_attack,eligibility,eligibility,drop,abuse
2526,12134,15018,TUTELA CAUTELAR ANTECEDENTE,Candidatura Avulsa,0,1,1,drop,drop,drop,drop,drop,drop,drop,drop,drop,drop
2525,12134,11584,TUTELA CAUTELAR ANTECEDENTE,Candidatos,0,1,1,drop,drop,drop,drop,drop,drop,drop,drop,drop,drop
210,11528,3613,AÇÃO PENAL ELEITORAL,Crimes Resultante de Preconceito de Raça ou de Cor,0,1,1,crime_other,crime_other,crime_other,crime_other,criminal,criminal,vote_crime,vote_crime,drop,drop
208,11528,,AÇÃO PENAL ELEITORAL,"Crimes Cometidos por Meio de Marca, Título de Estabelecimento e Sinal de Propaganda",0,1,1,crime_other,crime_other,crime_other,crime_other,criminal,criminal,vote_crime,vote_crime,drop,propaganda
206,11528,10991,AÇÃO PENAL ELEITORAL,Corrupção Praticada por Prefeitos e Vereadores,1,0,1,crime_other,crime_other,crime_other,crime_other,criminal,criminal,vote_crime,vote_crime,drop,drop
203,11528,3401,AÇÃO PENAL ELEITORAL,Constrangimento ilegal,0,1,1,crime_other,crime_other,crime_other,crime_other,criminal,criminal,vote_crime,vote_crime,drop,drop
202,11528,14104,AÇÃO PENAL ELEITORAL,Condição de Pessoa Idosa,0,1,1,crime_other,crime_other,crime_other,crime_other,criminal,criminal,vote_crime,vote_crime,drop,drop
2508,12135,11617,TUTELA ANTECIPADA ANTECEDENTE,Registro de Candidatura - Preenchimento de Vaga Remanescente,1,0,1,drop,drop,drop,drop,drop,drop,drop,drop,drop,drop
2510,12135,11623,TUTELA ANTECIPADA ANTECEDENTE,Registro de Candidatura - Substituição de Candidato - Por Expulsão Partidária,1,0,1,drop,drop,drop,drop,drop,drop,drop,drop,drop,drop
1658,12193,11731,PRESTAÇÃO DE CONTAS ELEITORAIS,Execução - De Multa Eleitoral,1,0,1,drop,drop,drop,drop,drop,drop,drop,drop,drop,drop
196,11528,3535,AÇÃO PENAL ELEITORAL,Certidão ou atestado ideologicamente falso,1,0,1,crime_other,crime_other,crime_other,crime_other,criminal,criminal,vote_crime,vote_crime,drop,drop
2513,12135,12644,TUTELA ANTECIPADA ANTECEDENTE,Requerimentos Relativos ao Horário Eleitoral Gratuito,1,0,1,drop,drop,drop,drop,drop,drop,drop,drop,drop,propaganda
1613,241,11568,PETIÇÃO CÍVEL,Remoção de Servidor,0,1,1,drop,drop,drop,drop,drop,drop,drop,drop,drop,drop
190,11528,,AÇÃO PENAL ELEITORAL,"Auxílio Emergencial (Lei 13,982/2020)",1,0,1,crime_other,crime_other,crime_other,crime_other,criminal,criminal,vote_crime,vote_crime,drop,drop
188,11528,14685,AÇÃO PENAL ELEITORAL,Associação Criminosa,0,1,1,crime_other,crime_other,crime_other,crime_other,criminal,criminal,vote_crime,vote_crime,drop,drop
2517,12135,11776,TUTELA ANTECIPADA ANTECEDENTE,Veiculação de Propaganda Partidária - Em Inserções,0,1,1,prop_regulatory,prop_regulatory,illegal_advertisement,illegal_advertisement,illegal_advertisement,information_env,illegal_advertisement,propaganda,propaganda,propaganda
185,11528,,AÇÃO PENAL ELEITORAL,Apropriação indébita Previdenciária,1,0,1,crime_other,crime_other,crime_other,crime_other,criminal,criminal,vote_crime,vote_crime,drop,drop
2519,12134,11718,TUTELA CAUTELAR ANTECEDENTE,Abuso - De Poder Econômico,0,1,1,abuse_economic,abuse_economic,abuse_economic,abuse_power,abuse_power,strategic_attack,abuse,abuse,abuse,abuse
184,11528,3436,AÇÃO PENAL ELEITORAL,Apropriação indébita,0,1,1,crime_other,crime_other,crime_other,crime_other,criminal,criminal,vote_crime,vote_crime,drop,drop
2521,12134,10914,TUTELA CAUTELAR ANTECEDENTE,Busca e Apreensão de Bens,1,0,1,drop,drop,drop,drop,drop,drop,drop,drop,drop,drop
180,11528,,AÇÃO PENAL ELEITORAL,Aliciamento violento de eleitores,1,0,1,crime_other,crime_other,crime_other,crime_other,criminal,criminal,vote_crime,vote_crime,drop,drop
178,11528,10826,AÇÃO PENAL ELEITORAL,Aliciamento comercial de eleitores,1,0,1,crime_other,crime_other,crime_other,crime_other,criminal,criminal,vote_crime,vote_crime,drop,drop
1618,241,11569,PETIÇÃO CÍVEL,Requisição,1,0,1,drop,drop,drop,drop,drop,drop,drop,drop,drop,drop
84,12061,,AÇÃO CAUTELAR,NI,1,0,1,drop,drop,drop,drop,drop,drop,drop,drop,drop,drop
77,280,11434,AUTO DE PRISÃO EM FLAGRANTE,Votação de Eleitor na Seção Eleitoral na qual Não Está Inscrito ou Autorizado a Votar,0,1,1,drop,drop,drop,drop,drop,drop,drop,drop,drop,drop
73,280,11443,AUTO DE PRISÃO EM FLAGRANTE,Promoção de Desordem nos Trabalhos Eleitorais,0,1,1,drop,drop,drop,drop,drop,drop,drop,drop,drop,drop
42,280,11484,AUTO DE PRISÃO EM FLAGRANTE,Calúnia na Propaganda Eleitoral,1,0,1,drop,drop,drop,drop,drop,drop,drop,drop,drop,speech_crime
39,280,12634,AUTO DE PRISÃO EM FLAGRANTE,Apropriação Indébita Eleitoral,0,1,1,drop,drop,drop,drop,drop,drop,drop,drop,drop,drop
37,280,11470,AUTO DE PRISÃO EM FLAGRANTE,Alteração do Resultado de Votação nos Mapas ou Boletins de Apuração,0,1,1,drop,drop,drop,drop,drop,drop,drop,drop,drop,drop
36,330,,ARRESTO / HIPOTECA LEGAL,"Não Cumprimento, pela Autoridade Judiciária, do Dever de Representar Contra o Órgão do Ministério que Não Oferece Denúncia no Prazo Legal",0,1,1,drop,drop,drop,drop,drop,drop,drop,drop,drop,drop
35,330,11483,ARRESTO / HIPOTECA LEGAL,Divulgação de Fatos Inverídicos na Propaganda Eleitoral,0,1,1,drop,drop,drop,drop,drop,drop,drop,drop,drop,speech_crime
34,330,11452,ARRESTO / HIPOTECA LEGAL,Desobediência a Ordens ou Instruções da Justiça Eleitoral,0,1,1,drop,drop,drop,drop,drop,drop,drop,drop,drop,drop
33,11530,12598,APURAÇÃO DE ELEIÇÃO,Requerimento de Regularização da Situação de Inadimplência de Prestação de Contas,1,0,1,drop,drop,drop,drop,drop,drop,drop,drop,drop,drop
21,11530,11753,APURAÇÃO DE ELEIÇÃO,Convenção Partidária,0,1,1,drop,drop,drop,drop,drop,drop,drop,drop,drop,drop
2591,12134,11680,TUTELA CAUTELAR ANTECEDENTE,Propaganda Política - Propaganda Eleitoral - Omissão de Informações Obrigatórias,1,0,1,prop_regulatory,prop_regulatory,illegal_advertisement,illegal_advertisement,illegal_advertisement,information_env,illegal_advertisement,propaganda,propaganda,propaganda
2592,12134,11681,TUTELA CAUTELAR ANTECEDENTE,Propaganda Política - Propaganda Eleitoral - Outdoors,0,1,1,prop_placement,prop_placement,illegal_advertisement,illegal_advertisement,illegal_advertisement,information_env,illegal_advertisement,propaganda,propaganda,propaganda
19,14678,15143,ACORDO DE NÃO PERSECUÇÃO PENAL,Violência contra a Mulher Candidata ou no Exercício do Mandato Eletivo,0,1,1,drop,drop,drop,drop,drop,drop,drop,drop,drop,speech_crime
17,14678,11518,ACORDO DE NÃO PERSECUÇÃO PENAL,Subscrição de Mais de Uma Ficha de Filiação Partidária,1,0,1,drop,drop,drop,drop,drop,drop,drop,drop,drop,drop
15,14678,11439,ACORDO DE NÃO PERSECUÇÃO PENAL,Induzimento à Inscrição de Eleitor em Infração às Normas Legais,0,1,1,drop,drop,drop,drop,drop,drop,drop,drop,drop,drop
14,14678,11499,ACORDO DE NÃO PERSECUÇÃO PENAL,Impedimento ou Embaraço ao Exercício do Sufrágio,0,1,1,drop,drop,drop,drop,drop,drop,drop,drop,drop,vote_crime
13,14678,3532,ACORDO DE NÃO PERSECUÇÃO PENAL,Falsificação de documento particular,0,1,1,drop,drop,drop,drop,drop,drop,drop,drop,drop,drop
1631,241,11496,PETIÇÃO CÍVEL,"Uso, na Propaganda Eleitoral, de Símbolo de Órgãos de Governo",1,0,1,drop,drop,drop,drop,drop,drop,drop,drop,drop,speech_crime
2600,12134,11621,TUTELA CAUTELAR ANTECEDENTE,Registro de Candidatura - Substituição de Candidato - Por Cancelamento de Registro,0,1,1,drop,drop,drop,drop,drop,drop,drop,drop,drop,drop
10,14678,11514,ACORDO DE NÃO PERSECUÇÃO PENAL,Divulgação de Propaganda Eleitoral no Dia da Eleição,0,1,1,drop,drop,drop,drop,drop,drop,drop,drop,drop,vote_crime
9,14678,11485,ACORDO DE NÃO PERSECUÇÃO PENAL,Divulgação de Falsa Imputação,1,0,1,drop,drop,drop,drop,drop,drop,drop,drop,drop,speech_crime
1644,12193,12612,PRESTAÇÃO DE CONTAS ELEITORAIS,COVID-19,1,0,1,drop,drop,drop,drop,drop,drop,drop,drop,drop,drop
7,14678,11482,ACORDO DE NÃO PERSECUÇÃO PENAL,Crimes contra a Propaganda Eleitoral,0,1,1,drop,drop,drop,drop,drop,drop,drop,drop,drop,speech_crime
4,14678,3395,ACORDO DE NÃO PERSECUÇÃO PENAL,Calúnia,0,1,1,drop,drop,drop,drop,drop,drop,drop,drop,drop,speech_crime
41,280,3503,AUTO DE PRISÃO EM FLAGRANTE,Atentado contra a segurança de serviços de utilidade pública,0,1,1,drop,drop,drop,drop,drop,drop,drop,drop,drop,drop
43,280,10751,AUTO DE PRISÃO EM FLAGRANTE,Captação ilícita de votos ou corrupção eleitoral,0,1,1,drop,drop,drop,drop,drop,drop,drop,drop,drop,vote_crime
70,280,,AUTO DE PRISÃO EM FLAGRANTE,Porte de arma (branca),0,1,1,drop,drop,drop,drop,drop,drop,drop,drop,drop,drop
46,280,11435,AUTO DE PRISÃO EM FLAGRANTE,Contagem de Votos de Eleitores em Relação aos quais Houve Impugnação,0,1,1,drop,drop,drop,drop,drop,drop,drop,drop,drop,drop
2558,12134,11598,TUTELA CAUTELAR ANTECEDENTE,Inelegibilidade - Condenação Criminal por órgão colegiado ou Transitada em Julgado,1,0,1,candidacy_challenge,candidacy_challenge,candidacy_challenge,candidacy,candidacy,strategic_attack,eligibility,eligibility,eligibility,eligibility
69,280,3548,AUTO DE PRISÃO EM FLAGRANTE,Peculato,0,1,1,drop,drop,drop,drop,drop,drop,drop,drop,drop,drop
2560,12134,11607,TUTELA CAUTELAR ANTECEDENTE,Inelegibilidade - Vida Pregressa,1,0,1,candidacy_challenge,candidacy_challenge,candidacy_challenge,candidacy,candidacy,strategic_attack,eligibility,eligibility,eligibility,eligibility
2561,12134,11488,TUTELA CAUTELAR ANTECEDENTE,Injúria Eleitoral Violenta,1,0,1,drop,drop,drop,drop,drop,drop,drop,drop,drop,speech_crime
66,280,11438,AUTO DE PRISÃO EM FLAGRANTE,Inscrição Fraudulenta,0,1,1,drop,drop,drop,drop,drop,drop,drop,drop,drop,drop
65,280,11439,AUTO DE PRISÃO EM FLAGRANTE,Induzimento à Inscrição de Eleitor em Infração às Normas Legais,1,0,1,drop,drop,drop,drop,drop,drop,drop,drop,drop,drop
64,280,11499,AUTO DE PRISÃO EM FLAGRANTE,Impedimento ou Embaraço ao Exercício do Sufrágio,0,1,1,drop,drop,drop,drop,drop,drop,drop,drop,drop,vote_crime
63,280,,AUTO DE PRISÃO EM FLAGRANTE,Identidade de Gênero,0,1,1,drop,drop,drop,drop,drop,drop,drop,drop,drop,drop
62,280,,AUTO DE PRISÃO EM FLAGRANTE,Fornecimento ao Eleitor de Cédula Oficial Já Assinalada ou Marcada,0,1,1,drop,drop,drop,drop,drop,drop,drop,drop,drop,drop
2567,12134,12047,TUTELA CAUTELAR ANTECEDENTE,Prestação de Contas - De Comitê Financeiro,1,0,1,drop,drop,drop,drop,drop,drop,drop,drop,drop,drop
61,280,3579,AUTO DE PRISÃO EM FLAGRANTE,Falso testemunho ou falsa perícia,0,1,1,drop,drop,drop,drop,drop,drop,drop,drop,drop,drop
2569,12134,12642,TUTELA CAUTELAR ANTECEDENTE,Processamento de Recurso Contra Expedição de Diploma,1,0,1,drop,drop,drop,drop,drop,drop,drop,drop,drop,drop
1628,241,10796,PETIÇÃO CÍVEL,Transporte em dia de eleição,0,1,1,drop,drop,drop,drop,drop,drop,drop,drop,drop,drop
58,280,11436,AUTO DE PRISÃO EM FLAGRANTE,"Fabricação, Aquisição, Fornecimento, Subtração ou Guarda de Materiais de Uso da Justiça Eleitoral",0,1,1,drop,drop,drop,drop,drop,drop,drop,drop,drop,drop
57,280,11514,AUTO DE PRISÃO EM FLAGRANTE,Divulgação de Propaganda Eleitoral no Dia da Eleição,0,1,1,drop,drop,drop,drop,drop,drop,drop,drop,drop,vote_crime
56,280,11486,AUTO DE PRISÃO EM FLAGRANTE,Difamação na Propaganda Eleitoral,0,1,1,drop,drop,drop,drop,drop,drop,drop,drop,drop,speech_crime
1629,241,11512,PETIÇÃO CÍVEL,Uso Proibido de Alto-Falantes,1,0,1,drop,drop,drop,drop,drop,drop,drop,drop,drop,vote_crime
53,280,3573,AUTO DE PRISÃO EM FLAGRANTE,Desacato,0,1,1,drop,drop,drop,drop,drop,drop,drop,drop,drop,drop
50,280,11437,AUTO DE PRISÃO EM FLAGRANTE,Crimes contra o Serviço da Justiça Eleitoral,0,1,1,drop,drop,drop,drop,drop,drop,drop,drop,drop,drop
49,280,11482,AUTO DE PRISÃO EM FLAGRANTE,Crimes contra a Propaganda Eleitoral,0,1,1,drop,drop,drop,drop,drop,drop,drop,drop,drop,speech_crime
48,280,11467,AUTO DE PRISÃO EM FLAGRANTE,Crimes contra a Fé Pública Eleitoral,0,1,1,drop,drop,drop,drop,drop,drop,drop,drop,drop,drop
212,11528,11430,AÇÃO PENAL ELEITORAL,Crimes contra a Organização Administrativa da Justiça Eleitoral,0,1,1,crime_other,crime_other,crime_other,crime_other,criminal,criminal,vote_crime,vote_crime,drop,drop
1601,241,11615,PETIÇÃO CÍVEL,Registro de Candidatura,0,1,1,drop,drop,drop,drop,drop,drop,drop,drop,drop,drop
1597,241,10607,PETIÇÃO CÍVEL,Quebra do Sigilo Bancário,0,1,1,drop,drop,drop,drop,drop,drop,drop,drop,drop,drop
375,261,11484,CARTA PRECATÓRIA CÍVEL,Calúnia na Propaganda Eleitoral,0,1,1,drop,drop,drop,drop,drop,drop,drop,drop,drop,speech_crime
1529,241,11441,PETIÇÃO CÍVEL,Negativa ou Retardamento de Inscrição sem Fundamento Legal,1,0,1,drop,drop,drop,drop,drop,drop,drop,drop,drop,drop
368,355,,CARTA PRECATÓRIA CRIMINAL,Prestação de Serviços à Comunidade,0,1,1,drop,drop,drop,drop,drop,drop,drop,drop,drop,drop
363,355,,CARTA PRECATÓRIA CRIMINAL,Falsidade,1,0,1,drop,drop,drop,drop,drop,drop,drop,drop,drop,drop
1534,241,11450,PETIÇÃO CÍVEL,Não Cumprimento dos Deveres Impostos pelo Código Eleitoral à Autoridade Judiciária e aos Funcionários da Justiça Eleitoral,1,0,1,drop,drop,drop,drop,drop,drop,drop,drop,drop,drop
360,355,11455,CARTA PRECATÓRIA CRIMINAL,Descumprimento da Proibição de Fornecimento de Transporte ou Refeições a Eleitores,0,1,1,drop,drop,drop,drop,drop,drop,drop,drop,drop,drop
359,355,11428,CARTA PRECATÓRIA CRIMINAL,DIREITO ELEITORAL,1,0,1,drop,drop,drop,drop,drop,drop,drop,drop,drop,drop
357,355,11501,CARTA PRECATÓRIA CRIMINAL,Corrupção Eleitoral,0,1,1,drop,drop,drop,drop,drop,drop,drop,drop,drop,vote_crime
353,355,11484,CARTA PRECATÓRIA CRIMINAL,Calúnia na Propaganda Eleitoral,0,1,1,drop,drop,drop,drop,drop,drop,drop,drop,drop,speech_crime
345,258,,CARTA DE ORDEM CÍVEL,Fonte Vedada,1,0,1,drop,drop,drop,drop,drop,drop,drop,drop,drop,drop
343,258,11428,CARTA DE ORDEM CÍVEL,DIREITO ELEITORAL,1,0,1,drop,drop,drop,drop,drop,drop,drop,drop,drop,drop
2438,12135,11752,TUTELA ANTECIPADA ANTECEDENTE,Coligação Partidária - Proporcional,0,1,1,drop,drop,drop,drop,drop,drop,drop,drop,drop,drop
2439,12135,11586,TUTELA ANTECIPADA ANTECEDENTE,Condição de Elegibilidade - Alistamento Eleitoral,1,0,1,candidacy_challenge,candidacy_challenge,candidacy_challenge,candidacy,candidacy,strategic_attack,eligibility,eligibility,eligibility,eligibility
1535,241,11432,PETIÇÃO CÍVEL,Não Observância de Chamamento de Eleitores para Votar,1,0,1,drop,drop,drop,drop,drop,drop,drop,drop,drop,drop
335,335,14221,CARTA DE ORDEM CRIMINAL,Falsificação ou Alteração de Documento Particular para Fins Eleitorais,1,0,1,drop,drop,drop,drop,drop,drop,drop,drop,drop,drop
332,335,,CARTA DE ORDEM CRIMINAL,Comunicação de Prisão - BNMP,0,1,1,drop,drop,drop,drop,drop,drop,drop,drop,drop,drop
330,335,15037,CARTA DE ORDEM CRIMINAL,Alvará de Soltura,1,0,1,drop,drop,drop,drop,drop,drop,drop,drop,drop,drop
329,335,15056,CARTA DE ORDEM CRIMINAL,Acordo de Não Persecução Penal,0,1,1,drop,drop,drop,drop,drop,drop,drop,drop,drop,drop
327,12549,11627,CANCELAMENTO DE INSCRIÇÃO ELEITORAL (CIE),Registro de Candidatura - Substituição de Candidato - Por Renúncia,1,0,1,drop,drop,drop,drop,drop,drop,drop,drop,drop,drop
324,12549,12586,CANCELAMENTO DE INSCRIÇÃO ELEITORAL (CIE),Filiação Partidária - Lista Especial,1,0,1,drop,drop,drop,drop,drop,drop,drop,drop,drop,drop
323,12549,11756,CANCELAMENTO DE INSCRIÇÃO ELEITORAL (CIE),Filiação Partidária - Cancelamento,1,0,1,drop,drop,drop,drop,drop,drop,drop,drop,drop,drop
1537,241,11447,PETIÇÃO CÍVEL,Não-Apresentação de Denúncia ou Não Execução de Sentença Penal Condenatória no Prazo Legal,1,0,1,drop,drop,drop,drop,drop,drop,drop,drop,drop,drop
371,355,12732,CARTA PRECATÓRIA CRIMINAL,Suspensão Condicional de Processo,0,1,1,drop,drop,drop,drop,drop,drop,drop,drop,drop,drop
1526,241,11444,PETIÇÃO CÍVEL,Majoração de Preços de Utilidade e Serviços Necessários à Realização das Eleições,1,0,1,drop,drop,drop,drop,drop,drop,drop,drop,drop,drop
318,12549,11577,CANCELAMENTO DE INSCRIÇÃO ELEITORAL (CIE),Alistamento Eleitoral - Duplicidade/Pluralidade,1,0,1,drop,drop,drop,drop,drop,drop,drop,drop,drop,drop
1677,1733,,PROCEDIMENTO INVESTIGATÓRIO CRIMINAL (PIC-MP),Assédio Eleitoral,0,1,1,crime_other,crime_other,crime_other,crime_other,criminal,criminal,vote_crime,vote_crime,drop,drop
2403,278,10823,TERMO CIRCUNSTANCIADO,Uso de símbolos governamentais em propaganda eleitoral,1,0,1,crime_other,crime_other,crime_other,crime_other,criminal,criminal,vote_crime,vote_crime,drop,propaganda
409,11955,11435,CAUTELAR INOMINADA CRIMINAL,Contagem de Votos de Eleitores em Relação aos quais Houve Impugnação,0,1,1,drop,drop,drop,drop,drop,drop,drop,drop,drop,drop
2405,278,3565,TERMO CIRCUNSTANCIADO,Usurpação de função pública,0,1,1,crime_other,crime_other,crime_other,crime_other,criminal,criminal,vote_crime,vote_crime,drop,drop
691,386,,EXECUÇÃO DA PENA,NI,1,0,1,drop,drop,drop,drop,drop,drop,drop,drop,drop,drop
1515,241,,PETIÇÃO CÍVEL,Inelegibilidade - Vínculo Conjugal,1,0,1,drop,drop,drop,drop,drop,drop,drop,drop,drop,eligibility
1519,241,11519,PETIÇÃO CÍVEL,Inscrição Simultânea em Dois ou Mais Partidos,0,1,1,drop,drop,drop,drop,drop,drop,drop,drop,drop,drop
401,11955,11721,CAUTELAR INOMINADA CRIMINAL,Captação Ilícita de Sufrágio,0,1,1,drop,drop,drop,drop,drop,drop,drop,drop,drop,abuse
397,11955,11494,CAUTELAR INOMINADA CRIMINAL,Autorização de Transmissão de Pessoa Não Detentora de Direitos Políticos em Atividades Partidárias e de Propaganda Eleitoral,0,1,1,drop,drop,drop,drop,drop,drop,drop,drop,drop,speech_crime
2411,278,,TERMO CIRCUNSTANCIADO,"Violência Política de Gênero (art, 326-B do Código Eleitoral)",0,1,1,crime_other,crime_other,crime_other,crime_other,criminal,criminal,vote_crime,vote_crime,drop,drop
2412,278,15143,TERMO CIRCUNSTANCIADO,Violência contra a Mulher Candidata ou no Exercício do Mandato Eletivo,0,1,1,crime_other,crime_other,crime_other,crime_other,criminal,criminal,vote_crime,vote_crime,drop,speech_crime
396,11955,3503,CAUTELAR INOMINADA CRIMINAL,Atentado contra a segurança de serviços de utilidade pública,0,1,1,drop,drop,drop,drop,drop,drop,drop,drop,drop,drop
393,11955,,CAUTELAR INOMINADA CRIMINAL,Apropriação de Coisa Achada,0,1,1,drop,drop,drop,drop,drop,drop,drop,drop,drop,drop
2415,278,11434,TERMO CIRCUNSTANCIADO,Votação de Eleitor na Seção Eleitoral na qual Não Está Inscrito ou Autorizado a Votar,1,0,1,crime_other,crime_other,crime_other,crime_other,criminal,criminal,vote_crime,vote_crime,drop,drop
390,11955,11470,CAUTELAR INOMINADA CRIMINAL,Alteração do Resultado de Votação nos Mapas ou Boletins de Apuração,1,0,1,drop,drop,drop,drop,drop,drop,drop,drop,drop,drop
2417,12135,11718,TUTELA ANTECIPADA ANTECEDENTE,Abuso - De Poder Econômico,0,1,1,abuse_economic,abuse_economic,abuse_economic,abuse_power,abuse_power,strategic_attack,abuse,abuse,abuse,abuse
1525,241,9196,PETIÇÃO CÍVEL,Liminar,1,0,1,drop,drop,drop,drop,drop,drop,drop,drop,drop,drop
2419,12135,,TUTELA ANTECIPADA ANTECEDENTE,"Auxílio Emergencial (Lei 13,982/2020)",1,0,1,drop,drop,drop,drop,drop,drop,drop,drop,drop,drop
1678,1733,11494,PROCEDIMENTO INVESTIGATÓRIO CRIMINAL (PIC-MP),Autorização de Transmissão de Pessoa Não Detentora de Direitos Políticos em Atividades Partidárias e de Propaganda Eleitoral,1,0,1,crime_other,crime_other,crime_other,crime_other,criminal,criminal,vote_crime,vote_crime,drop,speech_crime
385,83,9196,CAUTELAR FISCAL,Liminar,1,0,1,drop,drop,drop,drop,drop,drop,drop,drop,drop,drop
384,,11783,CARTA ROGATÓRIA CÍVEL,Citação,0,1,1,drop,drop,drop,drop,drop,drop,drop,drop,drop,drop
381,261,,CARTA PRECATÓRIA CÍVEL,NI,1,0,1,drop,drop,drop,drop,drop,drop,drop,drop,drop,drop
2449,12135,11644,TUTELA ANTECIPADA ANTECEDENTE,Eleições - Anulação de Eleições,1,0,1,drop,drop,drop,drop,drop,drop,drop,drop,drop,drop
2451,12135,11646,TUTELA ANTECIPADA ANTECEDENTE,Eleições - Eleição Proporcional,1,0,1,drop,drop,drop,drop,drop,drop,drop,drop,drop,drop
1591,241,11683,PETIÇÃO CÍVEL,"Propaganda Política - Propaganda Eleitoral - Truncagem, Montagem, Utilização de Gravação Externa, Computação Gráfica, Desenho Animado ou Efeito Especial",1,0,1,drop,drop,drop,drop,drop,drop,drop,drop,drop,propaganda
1556,241,,PETIÇÃO CÍVEL,Pleito,0,1,1,drop,drop,drop,drop,drop,drop,drop,drop,drop,drop
272,11528,11450,AÇÃO PENAL ELEITORAL,Não Cumprimento dos Deveres Impostos pelo Código Eleitoral à Autoridade Judiciária e aos Funcionários da Justiça Eleitoral,1,0,1,crime_other,crime_other,crime_other,crime_other,criminal,criminal,vote_crime,vote_crime,drop,drop
270,11528,3386,AÇÃO PENAL ELEITORAL,Leve,1,0,1,crime_other,crime_other,crime_other,crime_other,criminal,criminal,vote_crime,vote_crime,drop,drop
269,11528,,AÇÃO PENAL ELEITORAL,Jogo do bicho,1,0,1,crime_other,crime_other,crime_other,crime_other,criminal,criminal,vote_crime,vote_crime,drop,drop
2481,12135,11656,TUTELA ANTECIPADA ANTECEDENTE,Propaganda Política - Propaganda Eleitoral - Bem Particular,1,0,1,prop_placement,prop_placement,illegal_advertisement,illegal_advertisement,illegal_advertisement,information_env,illegal_advertisement,propaganda,propaganda,propaganda
2482,12135,11657,TUTELA ANTECIPADA ANTECEDENTE,Propaganda Política - Propaganda Eleitoral - Bem Particular de Uso Comum,0,1,1,prop_placement,prop_placement,illegal_advertisement,illegal_advertisement,illegal_advertisement,information_env,illegal_advertisement,propaganda,propaganda,propaganda
267,11528,11978,AÇÃO PENAL ELEITORAL,Invasão de Dispositivo Informático,1,0,1,crime_other,crime_other,crime_other,crime_other,criminal,criminal,vote_crime,vote_crime,drop,drop
265,11528,15153,AÇÃO PENAL ELEITORAL,Interrupção do Processo Eleitoral,0,1,1,crime_other,crime_other,crime_other,crime_other,criminal,criminal,vote_crime,vote_crime,drop,drop
262,11528,11440,AÇÃO PENAL ELEITORAL,Inscrição Fraudulenta Efetivada pelo Juiz,1,0,1,crime_other,crime_other,crime_other,crime_other,criminal,criminal,vote_crime,vote_crime,drop,drop
255,11528,12337,AÇÃO PENAL ELEITORAL,Imputação falsa de prática de infração penal ou revelação inverídica sobre estrutura de organização criminal,1,0,1,crime_other,crime_other,crime_other,crime_other,criminal,criminal,vote_crime,vote_crime,drop,drop
251,11528,,AÇÃO PENAL ELEITORAL,Fornecimento ao Eleitor de Cédula Oficial Já Assinalada ou Marcada,0,1,1,crime_other,crime_other,crime_other,crime_other,criminal,criminal,vote_crime,vote_crime,drop,drop
246,11528,3531,AÇÃO PENAL ELEITORAL,Falsificação de documento público,1,0,1,crime_other,crime_other,crime_other,crime_other,criminal,criminal,vote_crime,vote_crime,drop,drop
1562,241,11652,PETIÇÃO CÍVEL,Propaganda Política - Propaganda Eleitoral,0,1,1,drop,drop,drop,drop,drop,drop,drop,drop,drop,propaganda
242,11528,,AÇÃO PENAL ELEITORAL,Falsidade de atestado médico,0,1,1,crime_other,crime_other,crime_other,crime_other,criminal,criminal,vote_crime,vote_crime,drop,drop
240,11528,3420,AÇÃO PENAL ELEITORAL,Extorsão,0,1,1,crime_other,crime_other,crime_other,crime_other,criminal,criminal,vote_crime,vote_crime,drop,drop
239,11528,3585,AÇÃO PENAL ELEITORAL,Exercício arbitrário ou abuso de poder,0,1,1,crime_other,crime_other,crime_other,crime_other,criminal,criminal,vote_crime,vote_crime,drop,drop
238,11528,3431,AÇÃO PENAL ELEITORAL,Estelionato,1,0,1,crime_other,crime_other,crime_other,crime_other,criminal,criminal,vote_crime,vote_crime,drop,drop
237,11528,11642,AÇÃO PENAL ELEITORAL,Eleições - 1° Turno,1,0,1,crime_other,crime_other,crime_other,crime_other,criminal,criminal,vote_crime,vote_crime,drop,drop
2495,12135,11672,TUTELA ANTECIPADA ANTECEDENTE,Propaganda Política - Propaganda Eleitoral - Horário Eleitoral Gratuito/Programa em Bloco,1,0,1,prop_regulatory,prop_regulatory,illegal_advertisement,illegal_advertisement,illegal_advertisement,information_env,illegal_advertisement,propaganda,propaganda,propaganda
230,11528,11510,AÇÃO PENAL ELEITORAL,"Destruição, Supressão ou Ocultação de Urna Contendo Votos ou Documentos Eleitorais",0,1,1,crime_other,crime_other,crime_other,crime_other,criminal,criminal,vote_crime,vote_crime,drop,vote_crime
229,11528,10815,AÇÃO PENAL ELEITORAL,Desordem eleitoral,1,0,1,crime_other,crime_other,crime_other,crime_other,criminal,criminal,vote_crime,vote_crime,drop,drop
1587,241,11682,PETIÇÃO CÍVEL,Propaganda Política - Propaganda Eleitoral - Pintura em Muro,0,1,1,drop,drop,drop,drop,drop,drop,drop,drop,drop,propaganda
273,11528,11523,AÇÃO PENAL ELEITORAL,Não-Acesso dos Partidos aos Dados Relativos às Pesquisas Eleitorais,0,1,1,crime_other,crime_other,crime_other,crime_other,criminal,criminal,vote_crime,vote_crime,drop,drop
277,11528,,AÇÃO PENAL ELEITORAL,Origem,0,1,1,crime_other,crime_other,crime_other,crime_other,criminal,criminal,vote_crime,vote_crime,drop,drop
315,1463,11442,BOLETIM DE OCORRÊNCIA CIRCUNSTANCIADA,Perturbação ou Impedimento de Alistamento,1,0,1,drop,drop,drop,drop,drop,drop,drop,drop,drop,drop
1549,241,12568,PETIÇÃO CÍVEL,Pedido de Dispensa de Convocação para Trabalhos Eleitorais,1,0,1,drop,drop,drop,drop,drop,drop,drop,drop,drop,drop
1542,241,,PETIÇÃO CÍVEL,Omissão na Expedição de Boletim de Apuração,1,0,1,drop,drop,drop,drop,drop,drop,drop,drop,drop,drop
307,11528,3406,AÇÃO PENAL ELEITORAL,Violação de domicílio,0,1,1,crime_other,crime_other,crime_other,crime_other,criminal,criminal,vote_crime,vote_crime,drop,drop
1543,241,,PETIÇÃO CÍVEL,"Omissão no Recebimento e Registro de Protestos, bem como, de sua Remessa à Instância Superior",1,0,1,drop,drop,drop,drop,drop,drop,drop,drop,drop,drop
1669,1733,,PROCEDIMENTO INVESTIGATÓRIO CRIMINAL (PIC-MP),Aliciamento de trabalhadores de um local para outro do território nacional,0,1,1,crime_other,crime_other,crime_other,crime_other,criminal,criminal,vote_crime,vote_crime,drop,drop
303,11528,3565,AÇÃO PENAL ELEITORAL,Usurpação de função pública,0,1,1,crime_other,crime_other,crime_other,crime_other,criminal,criminal,vote_crime,vote_crime,drop,drop
299,11528,11512,AÇÃO PENAL ELEITORAL,Uso Proibido de Alto-Falantes,0,1,1,crime_other,crime_other,crime_other,crime_other,criminal,criminal,vote_crime,vote_crime,drop,vote_crime
2459,12135,11598,TUTELA ANTECIPADA ANTECEDENTE,Inelegibilidade - Condenação Criminal por órgão colegiado ou Transitada em Julgado,0,1,1,candidacy_challenge,candidacy_challenge,candidacy_challenge,candidacy,candidacy,strategic_attack,eligibility,eligibility,eligibility,eligibility
2460,12135,14936,TUTELA ANTECIPADA ANTECEDENTE,Inelegibilidade - Perda de Mandato,1,0,1,candidacy_challenge,candidacy_challenge,candidacy_challenge,candidacy,candidacy,strategic_attack,eligibility,eligibility,eligibility,eligibility
297,11528,10630,AÇÃO PENAL ELEITORAL,Transação,1,0,1,crime_other,crime_other,crime_other,crime_other,criminal,criminal,vote_crime,vote_crime,drop,drop
1544,241,,PETIÇÃO CÍVEL,"Omissão no Recolhimento das Cédulas Apuradas, no Fechamento e Lacração da Urna",1,0,1,drop,drop,drop,drop,drop,drop,drop,drop,drop,drop
2463,12135,14938,TUTELA ANTECIPADA ANTECEDENTE,Inelegibilidade - Suspensão dos Direitos Políticos por Ato Doloso de Improbidade Administrativa,0,1,1,abuse_political,abuse_political,abuse_political,abuse_power,abuse_power,strategic_attack,abuse,abuse,abuse,eligibility
1667,12193,11764,PRESTAÇÃO DE CONTAS ELEITORAIS,Órgão de Direção Partidária,1,0,1,drop,drop,drop,drop,drop,drop,drop,drop,drop,drop
2465,12135,,TUTELA ANTECIPADA ANTECEDENTE,NI,1,0,1,drop,drop,drop,drop,drop,drop,drop,drop,drop,drop
2466,12135,11612,TUTELA ANTECIPADA ANTECEDENTE,Nome do Candidato - Homonímia,1,0,1,drop,drop,drop,drop,drop,drop,drop,drop,drop,drop
291,11528,11449,AÇÃO PENAL ELEITORAL,Recusa ou Abandono do Serviço Eleitoral,0,1,1,crime_other,crime_other,crime_other,crime_other,criminal,criminal,vote_crime,vote_crime,drop,drop
289,11528,11433,AÇÃO PENAL ELEITORAL,Práticas Irregulares que Determinam a Anulação da Votação,1,0,1,crime_other,crime_other,crime_other,crime_other,criminal,criminal,vote_crime,vote_crime,drop,drop
288,11528,11679,AÇÃO PENAL ELEITORAL,Propaganda Política - Propaganda Eleitoral - Internet,1,0,1,crime_other,crime_other,crime_other,crime_other,criminal,criminal,vote_crime,vote_crime,drop,propaganda
287,11528,12334,AÇÃO PENAL ELEITORAL,"Promoção, constituição, financiamento ou integração de Organização Criminosa",1,0,1,crime_other,crime_other,crime_other,crime_other,criminal,criminal,vote_crime,vote_crime,drop,drop
283,11528,10838,AÇÃO PENAL ELEITORAL,Prevaricação,0,1,1,crime_other,crime_other,crime_other,crime_other,criminal,criminal,vote_crime,vote_crime,drop,drop
282,11528,12543,AÇÃO PENAL ELEITORAL,Preconceituosa,1,0,1,crime_other,crime_other,crime_other,crime_other,criminal,criminal,vote_crime,vote_crime,drop,drop
280,11528,3550,AÇÃO PENAL ELEITORAL,Peculato mediante erro de outrem,0,1,1,crime_other,crime_other,crime_other,crime_other,criminal,criminal,vote_crime,vote_crime,drop,drop
690,386,11489,EXECUÇÃO DA PENA,"Inutilização, Alteração ou Perturbação de Propaganda",0,1,1,drop,drop,drop,drop,drop,drop,drop,drop,drop,speech_crime
1331,1727,3572,PETIÇÃO CRIMINAL,Desobediência,0,1,1,drop,drop,drop,drop,drop,drop,drop,drop,drop,drop
692,386,,EXECUÇÃO DA PENA,Orientação Sexual,0,1,1,drop,drop,drop,drop,drop,drop,drop,drop,drop,drop
1121,120,11600,MANDADO DE SEGURANÇA CÍVEL,Inelegibilidade - Desincompatibilização,0,1,1,drop,drop,drop,drop,drop,drop,drop,drop,drop,eligibility
1134,120,12417,MANDADO DE SEGURANÇA CÍVEL,Tutela de Evidência,1,0,1,drop,drop,drop,drop,drop,drop,drop,drop,drop,drop
1133,120,11716,MANDADO DE SEGURANÇA CÍVEL,Transgressões Eleitorais,0,1,1,drop,drop,drop,drop,drop,drop,drop,drop,drop,abuse
1131,120,11675,MANDADO DE SEGURANÇA CÍVEL,Propaganda Política - Propaganda Eleitoral - Televisão,0,1,1,drop,drop,drop,drop,drop,drop,drop,drop,drop,propaganda
1130,120,12638,MANDADO DE SEGURANÇA CÍVEL,Propaganda Política - Propaganda Eleitoral - Impulsionamento,0,1,1,drop,drop,drop,drop,drop,drop,drop,drop,drop,propaganda
1129,120,11662,MANDADO DE SEGURANÇA CÍVEL,Propaganda Política - Propaganda Eleitoral - Comício/Showmício,0,1,1,drop,drop,drop,drop,drop,drop,drop,drop,drop,propaganda
1762,1298,10751,PROCESSO ADMINISTRATIVO,Captação ilícita de votos ou corrupção eleitoral,1,0,1,drop,drop,drop,drop,drop,drop,drop,drop,drop,vote_crime
1127,120,11652,MANDADO DE SEGURANÇA CÍVEL,Propaganda Política - Propaganda Eleitoral,0,1,1,drop,drop,drop,drop,drop,drop,drop,drop,drop,propaganda
1126,120,11649,MANDADO DE SEGURANÇA CÍVEL,Pesquisa Eleitoral - Divulgação de Pesquisa Eleitoral Fraudulenta,0,1,1,drop,drop,drop,drop,drop,drop,drop,drop,drop,pesquisa
1125,120,,MANDADO DE SEGURANÇA CÍVEL,NI,1,0,1,drop,drop,drop,drop,drop,drop,drop,drop,drop,drop
1122,120,12594,MANDADO DE SEGURANÇA CÍVEL,Inviabilidade do Exercício dos Direitos e Liberdades Constitucionais,0,1,1,drop,drop,drop,drop,drop,drop,drop,drop,drop,drop
1761,1298,12612,PROCESSO ADMINISTRATIVO,COVID-19,1,0,1,drop,drop,drop,drop,drop,drop,drop,drop,drop,drop
1211,309,3561,PEDIDO DE BUSCA E APREENSÃO CRIMINAL,Abandono de função,0,1,1,drop,drop,drop,drop,drop,drop,drop,drop,drop,drop
1117,120,12364,MANDADO DE SEGURANÇA CÍVEL,Debate Eleitoral,0,1,1,drop,drop,drop,drop,drop,drop,drop,drop,drop,drop
1115,120,11753,MANDADO DE SEGURANÇA CÍVEL,Convenção Partidária,0,1,1,drop,drop,drop,drop,drop,drop,drop,drop,drop,drop
1114,120,,MANDADO DE SEGURANÇA CÍVEL,Contas - Aprovação,1,0,1,drop,drop,drop,drop,drop,drop,drop,drop,drop,drop
1935,11541,,REPRESENTAÇÃO,Propaganda Política - Propaganda Eleitoral - Deep Fake,0,1,1,content_disinfo,content_disinfo,content_disinfo,content_disinfo,content_disinfo,information_env,content_disinfo,propaganda,propaganda,propaganda
1112,120,12597,MANDADO DE SEGURANÇA CÍVEL,Candidatura Fictícia,0,1,1,drop,drop,drop,drop,drop,drop,drop,drop,drop,abuse
1111,120,11584,MANDADO DE SEGURANÇA CÍVEL,Candidatos,0,1,1,drop,drop,drop,drop,drop,drop,drop,drop,drop,drop
1107,1710,14221,MANDADO DE SEGURANÇA CRIMINAL,Falsificação ou Alteração de Documento Particular para Fins Eleitorais,0,1,1,drop,drop,drop,drop,drop,drop,drop,drop,drop,drop
1760,1298,,PROCESSO ADMINISTRATIVO,Autuação e Processamento,0,1,1,drop,drop,drop,drop,drop,drop,drop,drop,drop,drop
1105,1710,12592,MANDADO DE SEGURANÇA CRIMINAL,Direito Líquido e Certo,1,0,1,drop,drop,drop,drop,drop,drop,drop,drop,drop,drop
1104,1710,15020,MANDADO DE SEGURANÇA CRIMINAL,Denunciação Caluniosa para Fins Eleitorais,0,1,1,drop,drop,drop,drop,drop,drop,drop,drop,drop,drop
1136,,14685,MEDIDAS INVESTIGATÓRIAS SOBRE ORGANIZAÇÕES CRIMINOSAS,Associação Criminosa,1,0,1,drop,drop,drop,drop,drop,drop,drop,drop,drop,drop
1139,12561,3395,NOTÍCIA DE IRREGULARIDADE EM PROPAGANDA ELEITORAL,Calúnia,1,0,1,drop,drop,drop,drop,drop,drop,drop,drop,drop,speech_crime
1916,11541,11495,REPRESENTAÇÃO,Pesquisa Fraudulenta,1,0,1,electoral_polls,electoral_polls,electoral_polls,electoral_polls,electoral_polls,information_env,pesquisa,pesquisa,pesquisa,speech_crime
1140,12561,11629,NOTÍCIA DE IRREGULARIDADE EM PROPAGANDA ELEITORAL,Cargo - Deputado Distrital,1,0,1,drop,drop,drop,drop,drop,drop,drop,drop,drop,drop
1209,12561,11775,NOTÍCIA DE IRREGULARIDADE EM PROPAGANDA ELEITORAL,Veiculação de Propaganda Partidária - Em Bloco,1,0,1,prop_placement,prop_placement,illegal_advertisement,illegal_advertisement,illegal_advertisement,information_env,illegal_advertisement,propaganda,propaganda,propaganda
1345,1727,11473,PETIÇÃO CRIMINAL,Falsidade ideológica,0,1,1,drop,drop,drop,drop,drop,drop,drop,drop,drop,vote_crime
1346,1727,3532,PETIÇÃO CRIMINAL,Falsificação de documento particular,1,0,1,drop,drop,drop,drop,drop,drop,drop,drop,drop,drop
1767,1298,11671,PROCESSO ADMINISTRATIVO,Propaganda Política - Propaganda Eleitoral - Horário Eleitoral Gratuito/Inserções de Propaganda,1,0,1,drop,drop,drop,drop,drop,drop,drop,drop,drop,propaganda
1165,12561,11651,NOTÍCIA DE IRREGULARIDADE EM PROPAGANDA ELEITORAL,Pesquisa Eleitoral - Registro de Pesquisa Eleitoral,0,1,1,electoral_polls,electoral_polls,electoral_polls,electoral_polls,electoral_polls,information_env,pesquisa,pesquisa,pesquisa,pesquisa
1163,12561,11524,NOTÍCIA DE IRREGULARIDADE EM PROPAGANDA ELEITORAL,Irregularidades dos Dados Publicados em Pesquisas Eleitorais,0,1,1,electoral_polls,electoral_polls,electoral_polls,electoral_polls,electoral_polls,information_env,pesquisa,pesquisa,pesquisa,drop
1162,12561,11489,NOTÍCIA DE IRREGULARIDADE EM PROPAGANDA ELEITORAL,"Inutilização, Alteração ou Perturbação de Propaganda",0,1,1,prop_placement,prop_placement,illegal_advertisement,illegal_advertisement,illegal_advertisement,information_env,illegal_advertisement,propaganda,propaganda,speech_crime
1766,1298,11662,PROCESSO ADMINISTRATIVO,Propaganda Política - Propaganda Eleitoral - Comício/Showmício,1,0,1,drop,drop,drop,drop,drop,drop,drop,drop,drop,propaganda
1902,11541,11490,REPRESENTAÇÃO,Impedimento do Exercício da Propaganda,1,0,1,prop_placement,prop_placement,illegal_advertisement,illegal_advertisement,illegal_advertisement,information_env,illegal_advertisement,propaganda,propaganda,speech_crime
1155,12561,11483,NOTÍCIA DE IRREGULARIDADE EM PROPAGANDA ELEITORAL,Divulgação de Fatos Inverídicos na Propaganda Eleitoral,0,1,1,content_disinfo,content_disinfo,content_disinfo,content_disinfo,content_disinfo,information_env,content_disinfo,propaganda,propaganda,speech_crime
1904,11541,14223,REPRESENTAÇÃO,Impugnação - Nomeação de Escrutinadores/Auxiliares Realizada pelo Presidente da Junta,0,1,1,drop,drop,drop,drop,drop,drop,drop,drop,drop,drop
1154,12561,11485,NOTÍCIA DE IRREGULARIDADE EM PROPAGANDA ELEITORAL,Divulgação de Falsa Imputação,1,0,1,content_disinfo,content_disinfo,content_disinfo,content_disinfo,content_disinfo,information_env,content_disinfo,propaganda,propaganda,speech_crime
1153,12561,11455,NOTÍCIA DE IRREGULARIDADE EM PROPAGANDA ELEITORAL,Descumprimento da Proibição de Fornecimento de Transporte ou Refeições a Eleitores,1,0,1,drop,drop,drop,drop,drop,drop,drop,drop,drop,drop
1907,11541,11605,REPRESENTAÇÃO,Inelegibilidade - Representação ou Ação de Investigação Judicial Eleitoral Jugada Procedente pela Justiça Eleitoral,1,0,1,candidacy_challenge,candidacy_challenge,candidacy_challenge,candidacy,candidacy,strategic_attack,eligibility,eligibility,eligibility,eligibility
1151,12561,11437,NOTÍCIA DE IRREGULARIDADE EM PROPAGANDA ELEITORAL,Crimes contra o Serviço da Justiça Eleitoral,0,1,1,drop,drop,drop,drop,drop,drop,drop,drop,drop,drop
1347,1727,14221,PETIÇÃO CRIMINAL,Falsificação ou Alteração de Documento Particular para Fins Eleitorais,1,0,1,drop,drop,drop,drop,drop,drop,drop,drop,drop,drop
1910,11541,11523,REPRESENTAÇÃO,Não-Acesso dos Partidos aos Dados Relativos às Pesquisas Eleitorais,1,0,1,electoral_polls,electoral_polls,electoral_polls,electoral_polls,electoral_polls,information_env,pesquisa,pesquisa,pesquisa,drop
1148,12561,11480,NOTÍCIA DE IRREGULARIDADE EM PROPAGANDA ELEITORAL,Cerceamento da Fiscalização Partidária,0,1,1,drop,drop,drop,drop,drop,drop,drop,drop,drop,drop
1147,12561,11628,NOTÍCIA DE IRREGULARIDADE EM PROPAGANDA ELEITORAL,Cargos,0,1,1,drop,drop,drop,drop,drop,drop,drop,drop,drop,drop
1143,12561,,NOTÍCIA DE IRREGULARIDADE EM PROPAGANDA ELEITORAL,Cargo - Presidente da República,0,1,1,drop,drop,drop,drop,drop,drop,drop,drop,drop,drop
1349,1727,3579,PETIÇÃO CRIMINAL,Falso testemunho ou falsa perícia,0,1,1,drop,drop,drop,drop,drop,drop,drop,drop,drop,drop
1759,1298,11714,PROCESSO ADMINISTRATIVO,Apuração/Totalização de Votos,1,0,1,drop,drop,drop,drop,drop,drop,drop,drop,drop,drop
1351,1727,3416,PETIÇÃO CRIMINAL,Furto,0,1,1,drop,drop,drop,drop,drop,drop,drop,drop,drop,drop
1099,305,11778,LIBERDADE PROVISÓRIA COM OU SEM FIANÇA,Requerimento,1,0,1,drop,drop,drop,drop,drop,drop,drop,drop,drop,drop
1362,1727,3386,PETIÇÃO CRIMINAL,Leve,0,1,1,drop,drop,drop,drop,drop,drop,drop,drop,drop,drop
1972,11541,11491,REPRESENTAÇÃO,Utilização de Organização Comercial para Propaganda ou Aliciamento de Eleitores,1,0,1,prop_placement,prop_placement,illegal_advertisement,illegal_advertisement,illegal_advertisement,information_env,illegal_advertisement,propaganda,propaganda,speech_crime
1045,279,11655,INQUÉRITO POLICIAL,Propaganda Política - Propaganda Eleitoral - Banner/Cartaz/Faixa,0,1,1,crime_other,crime_other,crime_other,crime_other,criminal,criminal,vote_crime,vote_crime,drop,propaganda
1364,1727,11447,PETIÇÃO CRIMINAL,Não-Apresentação de Denúncia ou Não Execução de Sentença Penal Condenatória no Prazo Legal,0,1,1,drop,drop,drop,drop,drop,drop,drop,drop,drop,drop
1976,272,,REPRESENTAÇÃO CRIMINAL/NOTÍCIA DE CRIME,Abandono Intelectual,1,0,1,crime_other,crime_other,crime_other,crime_other,criminal,criminal,vote_crime,vote_crime,drop,drop
1043,279,11653,INQUÉRITO POLICIAL,Propaganda Política - Propaganda Eleitoral - Adesivo,1,0,1,crime_other,crime_other,crime_other,crime_other,criminal,criminal,vote_crime,vote_crime,drop,propaganda
1978,272,3391,REPRESENTAÇÃO CRIMINAL/NOTÍCIA DE CRIME,Abandono de incapaz,1,0,1,crime_other,crime_other,crime_other,crime_other,criminal,criminal,vote_crime,vote_crime,drop,drop
1365,1727,11476,PETIÇÃO CRIMINAL,Obtenção de Documento Falso para Fins Eleitorais,1,0,1,drop,drop,drop,drop,drop,drop,drop,drop,drop,drop
1980,272,11718,REPRESENTAÇÃO CRIMINAL/NOTÍCIA DE CRIME,Abuso - De Poder Econômico,1,0,1,crime_other,crime_other,crime_other,crime_other,criminal,criminal,vote_crime,vote_crime,drop,abuse
1035,279,14684,INQUÉRITO POLICIAL,Perseguição,0,1,1,crime_other,crime_other,crime_other,crime_other,criminal,criminal,vote_crime,vote_crime,drop,drop
1034,279,,INQUÉRITO POLICIAL,Perda de Bens e Valores,0,1,1,crime_other,crime_other,crime_other,crime_other,criminal,criminal,vote_crime,vote_crime,drop,drop
1032,279,3550,INQUÉRITO POLICIAL,Peculato mediante erro de outrem,0,1,1,crime_other,crime_other,crime_other,crime_other,criminal,criminal,vote_crime,vote_crime,drop,drop
1030,279,,INQUÉRITO POLICIAL,Patrocínio infiel,1,0,1,crime_other,crime_other,crime_other,crime_other,criminal,criminal,vote_crime,vote_crime,drop,drop
1027,279,,INQUÉRITO POLICIAL,Obtenção de documento falso,1,0,1,crime_other,crime_other,crime_other,crime_other,criminal,criminal,vote_crime,vote_crime,drop,drop
1018,279,,INQUÉRITO POLICIAL,Jogo do bicho,1,0,1,crime_other,crime_other,crime_other,crime_other,criminal,criminal,vote_crime,vote_crime,drop,drop
1016,279,11978,INQUÉRITO POLICIAL,Invasão de Dispositivo Informático,1,0,1,crime_other,crime_other,crime_other,crime_other,criminal,criminal,vote_crime,vote_crime,drop,drop
1014,279,11431,INQUÉRITO POLICIAL,Intervenção Indevida de Autoridade Junto à Mesa Receptora,1,0,1,crime_other,crime_other,crime_other,crime_other,criminal,criminal,vote_crime,vote_crime,drop,drop
1989,272,,REPRESENTAÇÃO CRIMINAL/NOTÍCIA DE CRIME,Apropriação de Coisa Achada,0,1,1,crime_other,crime_other,crime_other,crime_other,criminal,criminal,vote_crime,vote_crime,drop,drop
1009,279,11440,INQUÉRITO POLICIAL,Inscrição Fraudulenta Efetivada pelo Juiz,0,1,1,crime_other,crime_other,crime_other,crime_other,criminal,criminal,vote_crime,vote_crime,drop,drop
1992,272,14685,REPRESENTAÇÃO CRIMINAL/NOTÍCIA DE CRIME,Associação Criminosa,0,1,1,crime_other,crime_other,crime_other,crime_other,criminal,criminal,vote_crime,vote_crime,drop,drop
1003,279,11596,INQUÉRITO POLICIAL,Inelegibilidade - Abuso do Poder Econômico ou Político,0,1,1,crime_other,crime_other,crime_other,crime_other,criminal,criminal,vote_crime,vote_crime,drop,eligibility
1994,272,,REPRESENTAÇÃO CRIMINAL/NOTÍCIA DE CRIME,Assédio Sexual,0,1,1,crime_other,crime_other,crime_other,crime_other,criminal,criminal,vote_crime,vote_crime,drop,drop
1052,279,,INQUÉRITO POLICIAL,Quadrilha ou Bando,0,1,1,crime_other,crime_other,crime_other,crime_other,criminal,criminal,vote_crime,vote_crime,drop,drop
1969,11541,,REPRESENTAÇÃO,Revisão de Eleitorado - Cadastramento Biométrico,1,0,1,drop,drop,drop,drop,drop,drop,drop,drop,drop,drop
1757,1733,,PROCEDIMENTO INVESTIGATÓRIO CRIMINAL (PIC-MP),"\""Lavagem\"" ou Ocultação de Bens, Direitos ou Valores Oriundos de Corrupção",1,0,1,crime_other,crime_other,crime_other,crime_other,criminal,criminal,vote_crime,vote_crime,drop,drop
1752,1733,11509,PROCEDIMENTO INVESTIGATÓRIO CRIMINAL (PIC-MP),Violação do Sigilo da Urna ou dos Invólucros,0,1,1,crime_other,crime_other,crime_other,crime_other,criminal,criminal,vote_crime,vote_crime,drop,vote_crime
1096,305,3633,LIBERDADE PROVISÓRIA COM OU SEM FIANÇA,Crimes do Sistema Nacional de Armas,1,0,1,drop,drop,drop,drop,drop,drop,drop,drop,drop,drop
1094,305,5897,LIBERDADE PROVISÓRIA COM OU SEM FIANÇA,Associação para a Produção e Tráfico e Condutas Afins,0,1,1,drop,drop,drop,drop,drop,drop,drop,drop,drop,drop
1352,1727,,PETIÇÃO CRIMINAL,Identidade de Gênero,0,1,1,drop,drop,drop,drop,drop,drop,drop,drop,drop,drop
1092,305,10819,LIBERDADE PROVISÓRIA COM OU SEM FIANÇA,Aliciamento de eleitores,1,0,1,drop,drop,drop,drop,drop,drop,drop,drop,drop,drop
1091,333,11438,INSANIDADE MENTAL DO ACUSADO,Inscrição Fraudulenta,1,0,1,drop,drop,drop,drop,drop,drop,drop,drop,drop,drop
1090,333,11472,INSANIDADE MENTAL DO ACUSADO,Falsificação ou Alteração de Documento Público para Fins Eleitorais,1,0,1,drop,drop,drop,drop,drop,drop,drop,drop,drop,drop
1088,333,,INSANIDADE MENTAL DO ACUSADO,Excludentes,0,1,1,drop,drop,drop,drop,drop,drop,drop,drop,drop,drop
1087,333,11466,INSANIDADE MENTAL DO ACUSADO,Dano a Equipamento Eleitoral,1,0,1,drop,drop,drop,drop,drop,drop,drop,drop,drop,drop
1076,279,12345,INQUÉRITO POLICIAL,Vias de fato,0,1,1,crime_other,crime_other,crime_other,crime_other,criminal,criminal,vote_crime,vote_crime,drop,drop
1071,279,,INQUÉRITO POLICIAL,Uso ilegítimo de uniforme ou distintivo,1,0,1,crime_other,crime_other,crime_other,crime_other,criminal,criminal,vote_crime,vote_crime,drop,drop
1067,279,,INQUÉRITO POLICIAL,Tráfico de influência,0,1,1,crime_other,crime_other,crime_other,crime_other,criminal,criminal,vote_crime,vote_crime,drop,drop
1066,279,12731,INQUÉRITO POLICIAL,Transação Penal,1,0,1,crime_other,crime_other,crime_other,crime_other,criminal,criminal,vote_crime,vote_crime,drop,drop
1360,1727,11524,PETIÇÃO CRIMINAL,Irregularidades dos Dados Publicados em Pesquisas Eleitorais,0,1,1,drop,drop,drop,drop,drop,drop,drop,drop,drop,drop
1064,279,,INQUÉRITO POLICIAL,Subtração ou inutilização de livro ou documento,1,0,1,crime_other,crime_other,crime_other,crime_other,criminal,criminal,vote_crime,vote_crime,drop,drop
1961,11541,15142,REPRESENTAÇÃO,Propaganda Política Irregular - Violência contra a Mulher,0,1,1,prop_placement,prop_placement,illegal_advertisement,illegal_advertisement,illegal_advertisement,information_env,illegal_advertisement,propaganda,propaganda,propaganda
1062,279,,INQUÉRITO POLICIAL,Sonegação do Estado de Filiação,0,1,1,crime_other,crime_other,crime_other,crime_other,criminal,criminal,vote_crime,vote_crime,drop,drop
1963,11541,12463,REPRESENTAÇÃO,Providência,1,0,1,drop,drop,drop,drop,drop,drop,drop,drop,drop,drop
1361,1727,,PETIÇÃO CRIMINAL,Jogo do bicho,1,0,1,drop,drop,drop,drop,drop,drop,drop,drop,drop,drop
1965,11541,11618,REPRESENTAÇÃO,Registro de Candidatura - RRC - Candidato,1,0,1,drop,drop,drop,drop,drop,drop,drop,drop,drop,drop
1057,279,3617,INQUÉRITO POLICIAL,Representação caluniosa,0,1,1,crime_other,crime_other,crime_other,crime_other,criminal,criminal,vote_crime,vote_crime,drop,drop
1056,279,,INQUÉRITO POLICIAL,Registro de Nascimento Inexistente,0,1,1,crime_other,crime_other,crime_other,crime_other,criminal,criminal,vote_crime,vote_crime,drop,drop
1210,12561,11776,NOTÍCIA DE IRREGULARIDADE EM PROPAGANDA ELEITORAL,Veiculação de Propaganda Partidária - Em Inserções,0,1,1,prop_regulatory,prop_regulatory,illegal_advertisement,illegal_advertisement,illegal_advertisement,information_env,illegal_advertisement,propaganda,propaganda,propaganda
1343,1727,3542,PETIÇÃO CRIMINAL,Falsa identidade,0,1,1,drop,drop,drop,drop,drop,drop,drop,drop,drop,drop
1712,1733,,PROCEDIMENTO INVESTIGATÓRIO CRIMINAL (PIC-MP),Falsificação de documento Público praticada por Funcionário Público,1,0,1,crime_other,crime_other,crime_other,crime_other,criminal,criminal,vote_crime,vote_crime,drop,drop
1281,310,11445,PEDIDO DE QUEBRA DE SIGILO DE DADOS E/OU TELEFÔNICO,"Ocultação, Sonegação ou Recusa de Fornecimento de Utilidades, Alimentos e Transporte no Dia da Eleição",0,1,1,drop,drop,drop,drop,drop,drop,drop,drop,drop,drop
1291,12562,11576,PET-ADM,Alistamento Eleitoral - Domicílio Eleitoral,1,0,1,drop,drop,drop,drop,drop,drop,drop,drop,drop,drop
1818,11532,15018,REGISTRO DE CANDIDATURA,Candidatura Avulsa,0,1,1,drop,drop,drop,drop,drop,drop,drop,drop,drop,drop
1290,310,15143,PEDIDO DE QUEBRA DE SIGILO DE DADOS E/OU TELEFÔNICO,Violência contra a Mulher Candidata ou no Exercício do Mandato Eletivo,0,1,1,drop,drop,drop,drop,drop,drop,drop,drop,drop,speech_crime
1289,310,11475,PEDIDO DE QUEBRA DE SIGILO DE DADOS E/OU TELEFÔNICO,Uso de Documento Falso para Fins Eleitorais,0,1,1,drop,drop,drop,drop,drop,drop,drop,drop,drop,drop
1286,310,3617,PEDIDO DE QUEBRA DE SIGILO DE DADOS E/OU TELEFÔNICO,Representação caluniosa,0,1,1,drop,drop,drop,drop,drop,drop,drop,drop,drop,drop
1783,11793,11487,PRODUÇÃO ANTECIPADA DE PROVAS CRIMINAL,Injúria na Propaganda Eleitoral,1,0,1,drop,drop,drop,drop,drop,drop,drop,drop,drop,speech_crime
1823,11532,11751,REGISTRO DE CANDIDATURA,Coligação Partidária - Majoritária e Proporcional,1,0,1,drop,drop,drop,drop,drop,drop,drop,drop,drop,drop
1284,310,10607,PEDIDO DE QUEBRA DE SIGILO DE DADOS E/OU TELEFÔNICO,Quebra do Sigilo Bancário,1,0,1,drop,drop,drop,drop,drop,drop,drop,drop,drop,drop
1283,310,11670,PEDIDO DE QUEBRA DE SIGILO DE DADOS E/OU TELEFÔNICO,Propaganda Política - Propaganda Eleitoral - Distribuição de Tempo de Propaganda,1,0,1,drop,drop,drop,drop,drop,drop,drop,drop,drop,propaganda
1282,310,3548,PEDIDO DE QUEBRA DE SIGILO DE DADOS E/OU TELEFÔNICO,Peculato,1,0,1,drop,drop,drop,drop,drop,drop,drop,drop,drop,drop
1280,310,,PEDIDO DE QUEBRA DE SIGILO DE DADOS E/OU TELEFÔNICO,NI,1,0,1,drop,drop,drop,drop,drop,drop,drop,drop,drop,drop
1216,309,14685,PEDIDO DE BUSCA E APREENSÃO CRIMINAL,Associação Criminosa,0,1,1,drop,drop,drop,drop,drop,drop,drop,drop,drop,drop
1782,11793,11501,PRODUÇÃO ANTECIPADA DE PROVAS CRIMINAL,Corrupção Eleitoral,0,1,1,drop,drop,drop,drop,drop,drop,drop,drop,drop,vote_crime
1781,11793,10751,PRODUÇÃO ANTECIPADA DE PROVAS CRIMINAL,Captação ilícita de votos ou corrupção eleitoral,1,0,1,drop,drop,drop,drop,drop,drop,drop,drop,drop,vote_crime
1276,310,11472,PEDIDO DE QUEBRA DE SIGILO DE DADOS E/OU TELEFÔNICO,Falsificação ou Alteração de Documento Público para Fins Eleitorais,0,1,1,drop,drop,drop,drop,drop,drop,drop,drop,drop,drop
1275,310,14221,PEDIDO DE QUEBRA DE SIGILO DE DADOS E/OU TELEFÔNICO,Falsificação ou Alteração de Documento Particular para Fins Eleitorais,1,0,1,drop,drop,drop,drop,drop,drop,drop,drop,drop,drop
1334,1727,10815,PETIÇÃO CRIMINAL,Desordem eleitoral,1,0,1,drop,drop,drop,drop,drop,drop,drop,drop,drop,drop
1834,11532,11596,REGISTRO DE CANDIDATURA,Inelegibilidade - Abuso do Poder Econômico ou Político,1,0,1,drop,drop,drop,drop,drop,drop,drop,drop,drop,eligibility
1271,310,11455,PEDIDO DE QUEBRA DE SIGILO DE DADOS E/OU TELEFÔNICO,Descumprimento da Proibição de Fornecimento de Transporte ou Refeições a Eleitores,0,1,1,drop,drop,drop,drop,drop,drop,drop,drop,drop,drop
1837,11532,11599,REGISTRO DE CANDIDATURA,Inelegibilidade - Declaração de Indignidade ou de Incompatibilidade com o Oficialato,1,0,1,drop,drop,drop,drop,drop,drop,drop,drop,drop,eligibility
1270,310,3576,PEDIDO DE QUEBRA DE SIGILO DE DADOS E/OU TELEFÔNICO,Denunciação caluniosa,0,1,1,drop,drop,drop,drop,drop,drop,drop,drop,drop,drop
1839,11532,11602,REGISTRO DE CANDIDATURA,Inelegibilidade - Parentesco,0,1,1,drop,drop,drop,drop,drop,drop,drop,drop,drop,eligibility
1784,426,10751,RECURSO EM SENTIDO ESTRITO,Captação ilícita de votos ou corrupção eleitoral,0,1,1,drop,drop,drop,drop,drop,drop,drop,drop,drop,vote_crime
1296,12562,11593,PET-ADM,Direito de Resposta,1,0,1,drop,drop,drop,drop,drop,drop,drop,drop,drop,reply
1814,11532,11718,REGISTRO DE CANDIDATURA,Abuso - De Poder Econômico,1,0,1,drop,drop,drop,drop,drop,drop,drop,drop,drop,abuse
1297,12562,11757,PET-ADM,Filiação Partidária - Coexistência,1,0,1,drop,drop,drop,drop,drop,drop,drop,drop,drop,drop
1791,426,,RECURSO EM SENTIDO ESTRITO,NI,0,1,1,drop,drop,drop,drop,drop,drop,drop,drop,drop,drop
1792,426,11495,RECURSO EM SENTIDO ESTRITO,Pesquisa Fraudulenta,0,1,1,drop,drop,drop,drop,drop,drop,drop,drop,drop,speech_crime
1329,1727,3573,PETIÇÃO CRIMINAL,Desacato,1,0,1,drop,drop,drop,drop,drop,drop,drop,drop,drop,drop
1794,426,11492,RECURSO EM SENTIDO ESTRITO,Realização de Propaganda Eleitoral em Língua Estrangeira,0,1,1,drop,drop,drop,drop,drop,drop,drop,drop,drop,speech_crime
1795,426,11451,RECURSO EM SENTIDO ESTRITO,Utilização de Prédios ou Serviços de Repartições Públicas para Beneficiar Partido ou Organização de Caráter Político,0,1,1,drop,drop,drop,drop,drop,drop,drop,drop,drop,drop
1328,1727,15020,PETIÇÃO CRIMINAL,Denunciação Caluniosa para Fins Eleitorais,1,0,1,drop,drop,drop,drop,drop,drop,drop,drop,drop,drop
1788,426,3396,RECURSO EM SENTIDO ESTRITO,Difamação,1,0,1,drop,drop,drop,drop,drop,drop,drop,drop,drop,speech_crime
1326,1727,11517,PETIÇÃO CRIMINAL,Crimes contra os Partidos Políticos,0,1,1,drop,drop,drop,drop,drop,drop,drop,drop,drop,drop
1799,12557,12563,RECURSO/IMPUGNAÇÃO DE ALISTAMENTO ELEITORAL,Alistamento Eleitoral - Estrangeiro,0,1,1,drop,drop,drop,drop,drop,drop,drop,drop,drop,drop
1321,1727,10991,PETIÇÃO CRIMINAL,Corrupção Praticada por Prefeitos e Vereadores,0,1,1,drop,drop,drop,drop,drop,drop,drop,drop,drop,drop
1319,1727,14689,PETIÇÃO CRIMINAL,Constituição de Milícia Privada,0,1,1,drop,drop,drop,drop,drop,drop,drop,drop,drop,drop
1803,12557,11633,RECURSO/IMPUGNAÇÃO DE ALISTAMENTO ELEITORAL,Cargo - Prefeito,1,0,1,drop,drop,drop,drop,drop,drop,drop,drop,drop,drop
1318,1727,,PETIÇÃO CRIMINAL,Coação no curso do processo,0,1,1,drop,drop,drop,drop,drop,drop,drop,drop,drop,drop
1310,1727,,PETIÇÃO CRIMINAL,Aplicação da Pena,1,0,1,drop,drop,drop,drop,drop,drop,drop,drop,drop,drop
1806,12557,11580,RECURSO/IMPUGNAÇÃO DE ALISTAMENTO ELEITORAL,Impugnação - Alistamento Eleitoral,1,0,1,drop,drop,drop,drop,drop,drop,drop,drop,drop,drop
1786,426,,RECURSO EM SENTIDO ESTRITO,Concussão,0,1,1,drop,drop,drop,drop,drop,drop,drop,drop,drop,drop
1307,1727,3423,PETIÇÃO CRIMINAL,Alteração de limites,0,1,1,drop,drop,drop,drop,drop,drop,drop,drop,drop,drop
1306,1727,10819,PETIÇÃO CRIMINAL,Aliciamento de eleitores,1,0,1,drop,drop,drop,drop,drop,drop,drop,drop,drop,drop
1303,12562,12069,PET-ADM,Prestação de Contas - de Partido Político,1,0,1,drop,drop,drop,drop,drop,drop,drop,drop,drop,drop
1301,12562,11769,PET-ADM,Partido Político - Comissão Provisória,1,0,1,drop,drop,drop,drop,drop,drop,drop,drop,drop,drop
1785,426,11502,RECURSO EM SENTIDO ESTRITO,Coação Visando a Obtenção de Voto ou a sua Abstenção,0,1,1,drop,drop,drop,drop,drop,drop,drop,drop,drop,vote_crime
1840,11532,14936,REGISTRO DE CANDIDATURA,Inelegibilidade - Perda de Mandato,0,1,1,drop,drop,drop,drop,drop,drop,drop,drop,drop,eligibility
1269,310,,PEDIDO DE QUEBRA DE SIGILO DE DADOS E/OU TELEFÔNICO,"Crimes de ""Lavagem"" ou Ocultação de Bens, Direitos ou Valores",0,1,1,drop,drop,drop,drop,drop,drop,drop,drop,drop,drop
1842,11532,12392,REGISTRO DE CANDIDATURA,Inelegibilidade - Renúncia a cargo político na pendência de representação ou petição que possa levar a outra causa de inelegibilidade,0,1,1,drop,drop,drop,drop,drop,drop,drop,drop,drop,eligibility
1867,11541,11714,REPRESENTAÇÃO,Apuração/Totalização de Votos,1,0,1,drop,drop,drop,drop,drop,drop,drop,drop,drop,drop
1774,193,11722,PRODUÇÃO ANTECIPADA DA PROVA,Corrupção ou Fraude,1,0,1,drop,drop,drop,drop,drop,drop,drop,drop,drop,abuse
1242,309,11472,PEDIDO DE BUSCA E APREENSÃO CRIMINAL,Falsificação ou Alteração de Documento Público para Fins Eleitorais,0,1,1,drop,drop,drop,drop,drop,drop,drop,drop,drop,drop
1341,1727,3552,PETIÇÃO CRIMINAL,Emprego irregular de verbas ou rendas públicas,1,0,1,drop,drop,drop,drop,drop,drop,drop,drop,drop,drop
1239,309,3420,PEDIDO DE BUSCA E APREENSÃO CRIMINAL,Extorsão,0,1,1,drop,drop,drop,drop,drop,drop,drop,drop,drop,drop
1238,309,11514,PEDIDO DE BUSCA E APREENSÃO CRIMINAL,Divulgação de Propaganda Eleitoral no Dia da Eleição,0,1,1,drop,drop,drop,drop,drop,drop,drop,drop,drop,vote_crime
1237,309,11483,PEDIDO DE BUSCA E APREENSÃO CRIMINAL,Divulgação de Fatos Inverídicos na Propaganda Eleitoral,0,1,1,drop,drop,drop,drop,drop,drop,drop,drop,drop,speech_crime
1236,309,11485,PEDIDO DE BUSCA E APREENSÃO CRIMINAL,Divulgação de Falsa Imputação,1,0,1,drop,drop,drop,drop,drop,drop,drop,drop,drop,speech_crime
1772,193,11721,PRODUÇÃO ANTECIPADA DA PROVA,Captação Ilícita de Sufrágio,1,0,1,drop,drop,drop,drop,drop,drop,drop,drop,drop,abuse
1877,11541,10751,REPRESENTAÇÃO,Captação ilícita de votos ou corrupção eleitoral,1,0,1,abuse_economic,abuse_economic,abuse_economic,abuse_power,abuse_power,strategic_attack,abuse,abuse,abuse,vote_crime
1234,309,11452,PEDIDO DE BUSCA E APREENSÃO CRIMINAL,Desobediência a Ordens ou Instruções da Justiça Eleitoral,0,1,1,drop,drop,drop,drop,drop,drop,drop,drop,drop,drop
1233,309,11455,PEDIDO DE BUSCA E APREENSÃO CRIMINAL,Descumprimento da Proibição de Fornecimento de Transporte ou Refeições a Eleitores,1,0,1,drop,drop,drop,drop,drop,drop,drop,drop,drop,drop
1231,309,11497,PEDIDO DE BUSCA E APREENSÃO CRIMINAL,Crimes contra o Sigilo ou o Exercício do Voto,0,1,1,drop,drop,drop,drop,drop,drop,drop,drop,drop,vote_crime
1230,309,11437,PEDIDO DE BUSCA E APREENSÃO CRIMINAL,Crimes contra o Serviço da Justiça Eleitoral,0,1,1,drop,drop,drop,drop,drop,drop,drop,drop,drop,drop
1228,309,3637,PEDIDO DE BUSCA E APREENSÃO CRIMINAL,Crimes Previstos no Estatuto da criança e do adolescente,0,1,1,drop,drop,drop,drop,drop,drop,drop,drop,drop,drop
1883,11541,11736,REPRESENTAÇÃO,Cautelar Inominada - De Produção Antecipada de Provas,1,0,1,drop,drop,drop,drop,drop,drop,drop,drop,drop,drop
1227,309,12588,PEDIDO DE BUSCA E APREENSÃO CRIMINAL,Crimes Conexos,1,0,1,drop,drop,drop,drop,drop,drop,drop,drop,drop,drop
1225,309,5876,PEDIDO DE BUSCA E APREENSÃO CRIMINAL,Corrupção Ativa em Transação Comercial Internacional,0,1,1,drop,drop,drop,drop,drop,drop,drop,drop,drop,drop
1342,1727,3585,PETIÇÃO CRIMINAL,Exercício arbitrário ou abuso de poder,0,1,1,drop,drop,drop,drop,drop,drop,drop,drop,drop,drop
1219,309,3395,PEDIDO DE BUSCA E APREENSÃO CRIMINAL,Calúnia,1,0,1,drop,drop,drop,drop,drop,drop,drop,drop,drop,speech_crime
1888,11541,11452,REPRESENTAÇÃO,Desobediência a Ordens ou Instruções da Justiça Eleitoral,1,0,1,drop,drop,drop,drop,drop,drop,drop,drop,drop,drop
1217,309,10755,PEDIDO DE BUSCA E APREENSÃO CRIMINAL,Boca de urna,1,0,1,drop,drop,drop,drop,drop,drop,drop,drop,drop,drop
1245,309,11438,PEDIDO DE BUSCA E APREENSÃO CRIMINAL,Inscrição Fraudulenta,0,1,1,drop,drop,drop,drop,drop,drop,drop,drop,drop,drop
1866,11541,10752,REPRESENTAÇÃO,Aliciamento eleitoral,1,0,1,drop,drop,drop,drop,drop,drop,drop,drop,drop,drop
1843,11532,11605,REGISTRO DE CANDIDATURA,Inelegibilidade - Representação ou Ação de Investigação Judicial Eleitoral Jugada Procedente pela Justiça Eleitoral,0,1,1,drop,drop,drop,drop,drop,drop,drop,drop,drop,eligibility
1865,11541,10819,REPRESENTAÇÃO,Aliciamento de eleitores,1,0,1,drop,drop,drop,drop,drop,drop,drop,drop,drop,drop
1844,11532,11610,REGISTRO DE CANDIDATURA,Inelegibilidade - Vínculo em União Estável,0,1,1,drop,drop,drop,drop,drop,drop,drop,drop,drop,eligibility
1268,310,11482,PEDIDO DE QUEBRA DE SIGILO DE DADOS E/OU TELEFÔNICO,Crimes contra a Propaganda Eleitoral,0,1,1,drop,drop,drop,drop,drop,drop,drop,drop,drop,speech_crime
1267,310,12588,PEDIDO DE QUEBRA DE SIGILO DE DADOS E/OU TELEFÔNICO,Crimes Conexos,1,0,1,drop,drop,drop,drop,drop,drop,drop,drop,drop,drop
1266,310,,PEDIDO DE QUEBRA DE SIGILO DE DADOS E/OU TELEFÔNICO,Crime de Quebra de Sigilo Financeiro,1,0,1,drop,drop,drop,drop,drop,drop,drop,drop,drop,drop
1778,193,12635,PRODUÇÃO ANTECIPADA DA PROVA,Propaganda Política - Propaganda Eleitoral - Divulgação de Notícia  Sabidamente Falsa,1,0,1,drop,drop,drop,drop,drop,drop,drop,drop,drop,propaganda
1777,193,11663,PRODUÇÃO ANTECIPADA DA PROVA,Propaganda Política - Propaganda Eleitoral - Conduta Vedada a Emissora de Rádio/Televisão na Programação Normal,0,1,1,drop,drop,drop,drop,drop,drop,drop,drop,drop,propaganda
1260,310,11470,PEDIDO DE QUEBRA DE SIGILO DE DADOS E/OU TELEFÔNICO,Alteração do Resultado de Votação nos Mapas ou Boletins de Apuração,1,0,1,drop,drop,drop,drop,drop,drop,drop,drop,drop,drop
1776,193,12639,PRODUÇÃO ANTECIPADA DA PROVA,Propaganda Política - Propaganda Eleitoral - Aplicativo de Mensagem Instantânea,0,1,1,drop,drop,drop,drop,drop,drop,drop,drop,drop,propaganda
1258,,10751,PEDIDO DE PRISÃO TEMPORÁRIA,Captação ilícita de votos ou corrupção eleitoral,1,0,1,drop,drop,drop,drop,drop,drop,drop,drop,drop,vote_crime
1257,313,11500,PEDIDO DE PRISÃO PREVENTIVA,"Prisão ou Detenção do Eleitor, Membro de Mesa Receptora, Fiscal, Delegado de Partido ou Candidato, Fora das Hipóteses Legais Permitidas",1,0,1,drop,drop,drop,drop,drop,drop,drop,drop,drop,vote_crime
1256,313,11484,PEDIDO DE PRISÃO PREVENTIVA,Calúnia na Propaganda Eleitoral,0,1,1,drop,drop,drop,drop,drop,drop,drop,drop,drop,speech_crime
1855,11532,11626,REGISTRO DE CANDIDATURA,Registro de Candidatura - Substituição de Candidato - Por Ineligibilidade,1,0,1,drop,drop,drop,drop,drop,drop,drop,drop,drop,drop
1253,309,11451,PEDIDO DE BUSCA E APREENSÃO CRIMINAL,Utilização de Prédios ou Serviços de Repartições Públicas para Beneficiar Partido ou Organização de Caráter Político,1,0,1,drop,drop,drop,drop,drop,drop,drop,drop,drop,drop
1252,309,11475,PEDIDO DE BUSCA E APREENSÃO CRIMINAL,Uso de Documento Falso para Fins Eleitorais,0,1,1,drop,drop,drop,drop,drop,drop,drop,drop,drop,drop
1858,306,11455,RELAXAMENTO DE PRISÃO,Descumprimento da Proibição de Fornecimento de Transporte ou Refeições a Eleitores,1,0,1,drop,drop,drop,drop,drop,drop,drop,drop,drop,drop
1859,306,11679,RELAXAMENTO DE PRISÃO,Propaganda Política - Propaganda Eleitoral - Internet,1,0,1,drop,drop,drop,drop,drop,drop,drop,drop,drop,propaganda
1860,306,,RELAXAMENTO DE PRISÃO,"Violência Política de Gênero (art, 326-B do Código Eleitoral)",0,1,1,drop,drop,drop,drop,drop,drop,drop,drop,drop,drop
1775,193,11596,PRODUÇÃO ANTECIPADA DA PROVA,Inelegibilidade - Abuso do Poder Econômico ou Político,1,0,1,drop,drop,drop,drop,drop,drop,drop,drop,drop,eligibility
1248,309,12354,PEDIDO DE BUSCA E APREENSÃO CRIMINAL,Perturbação da tranquilidade,1,0,1,drop,drop,drop,drop,drop,drop,drop,drop,drop,drop
1247,309,11464,PEDIDO DE BUSCA E APREENSÃO CRIMINAL,Obstamento do Transporte e Fornecimento de Alimentos a Eleitores pela Justiça Eleitoral,0,1,1,drop,drop,drop,drop,drop,drop,drop,drop,drop,drop
1246,309,15153,PEDIDO DE BUSCA E APREENSÃO CRIMINAL,Interrupção do Processo Eleitoral,0,1,1,drop,drop,drop,drop,drop,drop,drop,drop,drop,drop
1995,272,3503,REPRESENTAÇÃO CRIMINAL/NOTÍCIA DE CRIME,Atentado contra a segurança de serviços de utilidade pública,0,1,1,crime_other,crime_other,crime_other,crime_other,criminal,criminal,vote_crime,vote_crime,drop,drop
1001,279,,INQUÉRITO POLICIAL,Incêndio,0,1,1,crime_other,crime_other,crime_other,crime_other,criminal,criminal,vote_crime,vote_crime,drop,drop
1997,272,,REPRESENTAÇÃO CRIMINAL/NOTÍCIA DE CRIME,Autuação e Processamento,0,1,1,crime_other,crime_other,crime_other,crime_other,criminal,criminal,vote_crime,vote_crime,drop,drop
2139,272,11664,REPRESENTAÇÃO CRIMINAL/NOTÍCIA DE CRIME,"Propaganda Política - Propaganda Eleitoral - Confecção, Utilização ou Distribuição de Brinde",1,0,1,crime_other,crime_other,crime_other,crime_other,criminal,criminal,vote_crime,vote_crime,drop,propaganda
795,12729,11434,EXECUÇÃO DE MEDIDAS ALTERNATIVAS NO JUÍZO COMUM,Votação de Eleitor na Seção Eleitoral na qual Não Está Inscrito ou Autorizado a Votar,0,1,1,drop,drop,drop,drop,drop,drop,drop,drop,drop,drop
2130,272,7929,REPRESENTAÇÃO CRIMINAL/NOTÍCIA DE CRIME,Prisão em flagrante,1,0,1,crime_other,crime_other,crime_other,crime_other,criminal,criminal,vote_crime,vote_crime,drop,drop
792,12729,11509,EXECUÇÃO DE MEDIDAS ALTERNATIVAS NO JUÍZO COMUM,Violação do Sigilo da Urna ou dos Invólucros,0,1,1,drop,drop,drop,drop,drop,drop,drop,drop,drop,vote_crime
2132,272,,REPRESENTAÇÃO CRIMINAL/NOTÍCIA DE CRIME,Privilegiada,0,1,1,crime_other,crime_other,crime_other,crime_other,criminal,criminal,vote_crime,vote_crime,drop,drop
791,12729,11451,EXECUÇÃO DE MEDIDAS ALTERNATIVAS NO JUÍZO COMUM,Utilização de Prédios ou Serviços de Repartições Públicas para Beneficiar Partido ou Organização de Caráter Político,0,1,1,drop,drop,drop,drop,drop,drop,drop,drop,drop,drop
2134,272,12334,REPRESENTAÇÃO CRIMINAL/NOTÍCIA DE CRIME,"Promoção, constituição, financiamento ou integração de Organização Criminosa",0,1,1,crime_other,crime_other,crime_other,crime_other,criminal,criminal,vote_crime,vote_crime,drop,drop
785,12729,,EXECUÇÃO DE MEDIDAS ALTERNATIVAS NO JUÍZO COMUM,Suspensão condicional da pena,1,0,1,drop,drop,drop,drop,drop,drop,drop,drop,drop,drop
783,12729,12544,EXECUÇÃO DE MEDIDAS ALTERNATIVAS NO JUÍZO COMUM,Simples,0,1,1,drop,drop,drop,drop,drop,drop,drop,drop,drop,drop
2137,272,12639,REPRESENTAÇÃO CRIMINAL/NOTÍCIA DE CRIME,Propaganda Política - Propaganda Eleitoral - Aplicativo de Mensagem Instantânea,1,0,1,crime_other,crime_other,crime_other,crime_other,criminal,criminal,vote_crime,vote_crime,drop,propaganda
2138,272,11660,REPRESENTAÇÃO CRIMINAL/NOTÍCIA DE CRIME,Propaganda Política - Propaganda Eleitoral - Boca de Urna,1,0,1,crime_vote,crime_vote,crime_vote,crime_vote,criminal,criminal,vote_crime,vote_crime,vote_crime,propaganda
780,12729,11492,EXECUÇÃO DE MEDIDAS ALTERNATIVAS NO JUÍZO COMUM,Realização de Propaganda Eleitoral em Língua Estrangeira,0,1,1,drop,drop,drop,drop,drop,drop,drop,drop,drop,speech_crime
1998,272,,REPRESENTAÇÃO CRIMINAL/NOTÍCIA DE CRIME,"Auxílio Emergencial (Lei 13,982/2020)",1,0,1,crime_other,crime_other,crime_other,crime_other,criminal,criminal,vote_crime,vote_crime,drop,drop
779,12729,10822,EXECUÇÃO DE MEDIDAS ALTERNATIVAS NO JUÍZO COMUM,Publicação de pesquisa irregular,1,0,1,drop,drop,drop,drop,drop,drop,drop,drop,drop,drop
2142,272,12637,REPRESENTAÇÃO CRIMINAL/NOTÍCIA DE CRIME,Propaganda Política - Propaganda Eleitoral - Redes Sociais,1,0,1,crime_other,crime_other,crime_other,crime_other,criminal,criminal,vote_crime,vote_crime,drop,propaganda
778,12729,12340,EXECUÇÃO DE MEDIDAS ALTERNATIVAS NO JUÍZO COMUM,Provocação de tumulto ou conduta inconveniente,0,1,1,drop,drop,drop,drop,drop,drop,drop,drop,drop,drop
775,12729,12347,EXECUÇÃO DE MEDIDAS ALTERNATIVAS NO JUÍZO COMUM,Perturbação do trabalho ou do sossego alheios,0,1,1,drop,drop,drop,drop,drop,drop,drop,drop,drop,drop
774,12729,11445,EXECUÇÃO DE MEDIDAS ALTERNATIVAS NO JUÍZO COMUM,"Ocultação, Sonegação ou Recusa de Fornecimento de Utilidades, Alimentos e Transporte no Dia da Eleição",0,1,1,drop,drop,drop,drop,drop,drop,drop,drop,drop,drop
773,12729,11476,EXECUÇÃO DE MEDIDAS ALTERNATIVAS NO JUÍZO COMUM,Obtenção de Documento Falso para Fins Eleitorais,0,1,1,drop,drop,drop,drop,drop,drop,drop,drop,drop,drop
2147,272,12542,REPRESENTAÇÃO CRIMINAL/NOTÍCIA DE CRIME,Real,1,0,1,crime_other,crime_other,crime_other,crime_other,criminal,criminal,vote_crime,vote_crime,drop,drop
2148,272,11492,REPRESENTAÇÃO CRIMINAL/NOTÍCIA DE CRIME,Realização de Propaganda Eleitoral em Língua Estrangeira,1,0,1,crime_other,crime_other,crime_other,crime_other,criminal,criminal,vote_crime,vote_crime,drop,speech_crime
772,12729,11447,EXECUÇÃO DE MEDIDAS ALTERNATIVAS NO JUÍZO COMUM,Não-Apresentação de Denúncia ou Não Execução de Sentença Penal Condenatória no Prazo Legal,1,0,1,drop,drop,drop,drop,drop,drop,drop,drop,drop,drop
771,12729,11523,EXECUÇÃO DE MEDIDAS ALTERNATIVAS NO JUÍZO COMUM,Não-Acesso dos Partidos aos Dados Relativos às Pesquisas Eleitorais,0,1,1,drop,drop,drop,drop,drop,drop,drop,drop,drop,drop
796,1116,11718,EXECUÇÃO FISCAL,Abuso - De Poder Econômico,1,0,1,drop,drop,drop,drop,drop,drop,drop,drop,drop,abuse
801,1116,,EXECUÇÃO FISCAL,NI,1,0,1,drop,drop,drop,drop,drop,drop,drop,drop,drop,drop
2126,272,11649,REPRESENTAÇÃO CRIMINAL/NOTÍCIA DE CRIME,Pesquisa Eleitoral - Divulgação de Pesquisa Eleitoral Fraudulenta,1,0,1,crime_other,crime_other,crime_other,crime_other,criminal,criminal,vote_crime,vote_crime,drop,pesquisa
2125,272,11442,REPRESENTAÇÃO CRIMINAL/NOTÍCIA DE CRIME,Perturbação ou Impedimento de Alistamento,0,1,1,crime_other,crime_other,crime_other,crime_other,criminal,criminal,vote_crime,vote_crime,drop,drop
833,307,,HABEAS CORPUS CRIMINAL,Crimes de Abuso de Autoridade,0,1,1,drop,drop,drop,drop,drop,drop,drop,drop,drop,drop
832,307,11437,HABEAS CORPUS CRIMINAL,Crimes contra o Serviço da Justiça Eleitoral,0,1,1,drop,drop,drop,drop,drop,drop,drop,drop,drop,drop
1726,1733,11488,PROCEDIMENTO INVESTIGATÓRIO CRIMINAL (PIC-MP),Injúria Eleitoral Violenta,1,0,1,crime_speech,crime_speech,crime_speech,crime_speech,criminal,criminal,speech_crime,speech_crime,speech_crime,speech_crime
2106,272,11431,REPRESENTAÇÃO CRIMINAL/NOTÍCIA DE CRIME,Intervenção Indevida de Autoridade Junto à Mesa Receptora,0,1,1,crime_other,crime_other,crime_other,crime_other,criminal,criminal,vote_crime,vote_crime,drop,drop
829,307,11435,HABEAS CORPUS CRIMINAL,Contagem de Votos de Eleitores em Relação aos quais Houve Impugnação,0,1,1,drop,drop,drop,drop,drop,drop,drop,drop,drop,drop
827,307,12965,HABEAS CORPUS CRIMINAL,Conflito de Competência,1,0,1,drop,drop,drop,drop,drop,drop,drop,drop,drop,drop
826,307,11504,HABEAS CORPUS CRIMINAL,Concentração de Eleitores para Embaraçar ou Fraudar o Exercício do Voto,0,1,1,drop,drop,drop,drop,drop,drop,drop,drop,drop,vote_crime
825,307,12612,HABEAS CORPUS CRIMINAL,COVID-19,1,0,1,drop,drop,drop,drop,drop,drop,drop,drop,drop,drop
2112,272,11450,REPRESENTAÇÃO CRIMINAL/NOTÍCIA DE CRIME,Não Cumprimento dos Deveres Impostos pelo Código Eleitoral à Autoridade Judiciária e aos Funcionários da Justiça Eleitoral,1,0,1,crime_other,crime_other,crime_other,crime_other,criminal,criminal,vote_crime,vote_crime,drop,drop
824,307,3402,HABEAS CORPUS CRIMINAL,Ameaça,0,1,1,drop,drop,drop,drop,drop,drop,drop,drop,drop,drop
819,12554,12046,FILIAÇÃO PARTIDÁRIA,Prestação de Contas - De Candidato,1,0,1,drop,drop,drop,drop,drop,drop,drop,drop,drop,drop
1385,241,11717,PETIÇÃO CÍVEL,Abuso,0,1,1,drop,drop,drop,drop,drop,drop,drop,drop,drop,abuse
812,12554,11727,FILIAÇÃO PARTIDÁRIA,Direitos Políticos - Restabelecimento dos Direitos Políticos,1,0,1,drop,drop,drop,drop,drop,drop,drop,drop,drop,drop
2117,272,,REPRESENTAÇÃO CRIMINAL/NOTÍCIA DE CRIME,Origem,0,1,1,crime_other,crime_other,crime_other,crime_other,criminal,criminal,vote_crime,vote_crime,drop,drop
809,12554,11736,FILIAÇÃO PARTIDÁRIA,Cautelar Inominada - De Produção Antecipada de Provas,1,0,1,drop,drop,drop,drop,drop,drop,drop,drop,drop,drop
803,1116,11778,EXECUÇÃO FISCAL,Requerimento,0,1,1,drop,drop,drop,drop,drop,drop,drop,drop,drop,drop
2120,272,,REPRESENTAÇÃO CRIMINAL/NOTÍCIA DE CRIME,Perda de Bens e Valores,1,0,1,crime_other,crime_other,crime_other,crime_other,criminal,criminal,vote_crime,vote_crime,drop,drop
2121,272,5911,REPRESENTAÇÃO CRIMINAL/NOTÍCIA DE CRIME,Perigo de Contágio Venéreo,1,0,1,crime_other,crime_other,crime_other,crime_other,criminal,criminal,vote_crime,vote_crime,drop,drop
2122,272,3389,REPRESENTAÇÃO CRIMINAL/NOTÍCIA DE CRIME,Perigo de contágio de moléstia grave,1,0,1,crime_other,crime_other,crime_other,crime_other,criminal,criminal,vote_crime,vote_crime,drop,drop
802,1116,12635,EXECUÇÃO FISCAL,Propaganda Política - Propaganda Eleitoral - Divulgação de Notícia  Sabidamente Falsa,1,0,1,drop,drop,drop,drop,drop,drop,drop,drop,drop,propaganda
1643,12193,,PRESTAÇÃO DE CONTAS ELEITORAIS,Ausência ou Irregularidade no CNPJ,0,1,1,drop,drop,drop,drop,drop,drop,drop,drop,drop,drop
1723,1733,11439,PROCEDIMENTO INVESTIGATÓRIO CRIMINAL (PIC-MP),Induzimento à Inscrição de Eleitor em Infração às Normas Legais,1,0,1,crime_other,crime_other,crime_other,crime_other,criminal,criminal,vote_crime,vote_crime,drop,drop
768,12729,3386,EXECUÇÃO DE MEDIDAS ALTERNATIVAS NO JUÍZO COMUM,Leve,0,1,1,drop,drop,drop,drop,drop,drop,drop,drop,drop,drop
2153,272,11498,REPRESENTAÇÃO CRIMINAL/NOTÍCIA DE CRIME,Retenção de Título Eleitoral ou do Comprovante de Alistamento Eleitoral,0,1,1,crime_other,crime_other,crime_other,crime_other,criminal,criminal,vote_crime,vote_crime,drop,vote_crime
1718,1733,,PROCEDIMENTO INVESTIGATÓRIO CRIMINAL (PIC-MP),Fraude processual,1,0,1,crime_other,crime_other,crime_other,crime_other,criminal,criminal,vote_crime,vote_crime,drop,drop
727,12729,,EXECUÇÃO DE MEDIDAS ALTERNATIVAS NO JUÍZO COMUM,"Crimes Cometidos por Meio de Marca, Título de Estabelecimento e Sinal de Propaganda",0,1,1,drop,drop,drop,drop,drop,drop,drop,drop,drop,propaganda
722,12729,3535,EXECUÇÃO DE MEDIDAS ALTERNATIVAS NO JUÍZO COMUM,Certidão ou atestado ideologicamente falso,1,0,1,drop,drop,drop,drop,drop,drop,drop,drop,drop,drop
721,12729,11480,EXECUÇÃO DE MEDIDAS ALTERNATIVAS NO JUÍZO COMUM,Cerceamento da Fiscalização Partidária,1,0,1,drop,drop,drop,drop,drop,drop,drop,drop,drop,drop
720,12729,11638,EXECUÇÃO DE MEDIDAS ALTERNATIVAS NO JUÍZO COMUM,Cargo - Vereador,1,0,1,drop,drop,drop,drop,drop,drop,drop,drop,drop,drop
2184,12630,12362,REPRESENTAÇÃO ESPECIAL,Autorização de Divulgação de Publicidade Institucional,0,1,1,drop,drop,drop,drop,drop,drop,drop,drop,drop,drop
715,12729,14685,EXECUÇÃO DE MEDIDAS ALTERNATIVAS NO JUÍZO COMUM,Associação Criminosa,1,0,1,drop,drop,drop,drop,drop,drop,drop,drop,drop,drop
1410,241,12601,PETIÇÃO CÍVEL,Candidato Não-Eleito,1,0,1,drop,drop,drop,drop,drop,drop,drop,drop,drop,drop
1413,241,11629,PETIÇÃO CÍVEL,Cargo - Deputado Distrital,1,0,1,drop,drop,drop,drop,drop,drop,drop,drop,drop,drop
710,12729,,EXECUÇÃO DE MEDIDAS ALTERNATIVAS NO JUÍZO COMUM,Apologia de Crime ou Criminoso,0,1,1,drop,drop,drop,drop,drop,drop,drop,drop,drop,drop
708,12729,3402,EXECUÇÃO DE MEDIDAS ALTERNATIVAS NO JUÍZO COMUM,Ameaça,0,1,1,drop,drop,drop,drop,drop,drop,drop,drop,drop,drop
705,386,11508,EXECUÇÃO DA PENA,Violação do Sigilo do Voto,1,0,1,drop,drop,drop,drop,drop,drop,drop,drop,drop,vote_crime
703,386,,EXECUÇÃO DA PENA,Suspensão condicional da pena,1,0,1,drop,drop,drop,drop,drop,drop,drop,drop,drop,drop
702,386,12732,EXECUÇÃO DA PENA,Suspensão Condicional de Processo,1,0,1,drop,drop,drop,drop,drop,drop,drop,drop,drop,drop
701,386,,EXECUÇÃO DA PENA,Substituição da Pena,1,0,1,drop,drop,drop,drop,drop,drop,drop,drop,drop,drop
1418,241,11641,PETIÇÃO CÍVEL,Cargo - Vice-Presidente da República,1,0,1,drop,drop,drop,drop,drop,drop,drop,drop,drop,drop
699,386,11449,EXECUÇÃO DA PENA,Recusa ou Abandono do Serviço Eleitoral,1,0,1,drop,drop,drop,drop,drop,drop,drop,drop,drop,drop
698,386,11654,EXECUÇÃO DA PENA,Propaganda Política - Propaganda Eleitoral - Alto-falante/Amplificador de Som,1,0,1,drop,drop,drop,drop,drop,drop,drop,drop,drop,propaganda
1790,426,3397,RECURSO EM SENTIDO ESTRITO,Injúria,1,0,1,drop,drop,drop,drop,drop,drop,drop,drop,drop,speech_crime
696,386,,EXECUÇÃO DA PENA,Prestação de Serviços à Comunidade,0,1,1,drop,drop,drop,drop,drop,drop,drop,drop,drop,drop
2200,12630,11643,REPRESENTAÇÃO ESPECIAL,Eleições - 2° Turno,0,1,1,drop,drop,drop,drop,drop,drop,drop,drop,drop,drop
2201,12630,11645,REPRESENTAÇÃO ESPECIAL,Eleições - Eleição Majoritária,0,1,1,drop,drop,drop,drop,drop,drop,drop,drop,drop,drop
730,12729,11437,EXECUÇÃO DE MEDIDAS ALTERNATIVAS NO JUÍZO COMUM,Crimes contra o Serviço da Justiça Eleitoral,0,1,1,drop,drop,drop,drop,drop,drop,drop,drop,drop,drop
2177,272,,REPRESENTAÇÃO CRIMINAL/NOTÍCIA DE CRIME,Violência ou fraude em arrematação judicial,1,0,1,crime_other,crime_other,crime_other,crime_other,criminal,criminal,vote_crime,vote_crime,drop,drop
2154,272,11515,REPRESENTAÇÃO CRIMINAL/NOTÍCIA DE CRIME,Retenção de Título ou Comprovante de Alistamento Eleitoral,0,1,1,crime_other,crime_other,crime_other,crime_other,criminal,criminal,vote_crime,vote_crime,drop,vote_crime
1719,1733,3416,PROCEDIMENTO INVESTIGATÓRIO CRIMINAL (PIC-MP),Furto,0,1,1,crime_other,crime_other,crime_other,crime_other,criminal,criminal,vote_crime,vote_crime,drop,drop
767,12729,11524,EXECUÇÃO DE MEDIDAS ALTERNATIVAS NO JUÍZO COMUM,Irregularidades dos Dados Publicados em Pesquisas Eleitorais,0,1,1,drop,drop,drop,drop,drop,drop,drop,drop,drop,drop
763,12729,11488,EXECUÇÃO DE MEDIDAS ALTERNATIVAS NO JUÍZO COMUM,Injúria Eleitoral Violenta,0,1,1,drop,drop,drop,drop,drop,drop,drop,drop,drop,speech_crime
761,12729,5869,EXECUÇÃO DE MEDIDAS ALTERNATIVAS NO JUÍZO COMUM,Incitação ao Crime,0,1,1,drop,drop,drop,drop,drop,drop,drop,drop,drop,drop
2158,272,,REPRESENTAÇÃO CRIMINAL/NOTÍCIA DE CRIME,Tráfico de influência,1,0,1,crime_other,crime_other,crime_other,crime_other,criminal,criminal,vote_crime,vote_crime,drop,drop
759,12729,11490,EXECUÇÃO DE MEDIDAS ALTERNATIVAS NO JUÍZO COMUM,Impedimento do Exercício da Propaganda,0,1,1,drop,drop,drop,drop,drop,drop,drop,drop,drop,speech_crime
758,12729,3417,EXECUÇÃO DE MEDIDAS ALTERNATIVAS NO JUÍZO COMUM,Furto Qualificado,0,1,1,drop,drop,drop,drop,drop,drop,drop,drop,drop,drop
757,12729,,EXECUÇÃO DE MEDIDAS ALTERNATIVAS NO JUÍZO COMUM,Fornecimento de Cédula Eleitoral Rubricada a Destempo,1,0,1,drop,drop,drop,drop,drop,drop,drop,drop,drop,drop
754,12729,3532,EXECUÇÃO DE MEDIDAS ALTERNATIVAS NO JUÍZO COMUM,Falsificação de documento particular,0,1,1,drop,drop,drop,drop,drop,drop,drop,drop,drop,drop
753,12729,10995,EXECUÇÃO DE MEDIDAS ALTERNATIVAS NO JUÍZO COMUM,Falsidade ideológica praticada por Funcionário Público,1,0,1,drop,drop,drop,drop,drop,drop,drop,drop,drop,vote_crime
1395,241,15308,PETIÇÃO CÍVEL,Alistamento Eleitoral - Registro no BPSPD - Duplicidade/Pluralidade,0,1,1,drop,drop,drop,drop,drop,drop,drop,drop,drop,drop
750,12729,11436,EXECUÇÃO DE MEDIDAS ALTERNATIVAS NO JUÍZO COMUM,"Fabricação, Aquisição, Fornecimento, Subtração ou Guarda de Materiais de Uso da Justiça Eleitoral",1,0,1,drop,drop,drop,drop,drop,drop,drop,drop,drop,drop
2166,272,12345,REPRESENTAÇÃO CRIMINAL/NOTÍCIA DE CRIME,Vias de fato,0,1,1,crime_other,crime_other,crime_other,crime_other,criminal,criminal,vote_crime,vote_crime,drop,drop
2167,272,3410,REPRESENTAÇÃO CRIMINAL/NOTÍCIA DE CRIME,"Violação de comunicação telegráfica, radioelétrica ou telefônica",0,1,1,crime_other,crime_other,crime_other,crime_other,criminal,criminal,vote_crime,vote_crime,drop,drop
2168,272,3408,REPRESENTAÇÃO CRIMINAL/NOTÍCIA DE CRIME,Violação de correspondência,1,0,1,crime_other,crime_other,crime_other,crime_other,criminal,criminal,vote_crime,vote_crime,drop,drop
1406,241,10755,PETIÇÃO CÍVEL,Boca de urna,1,0,1,drop,drop,drop,drop,drop,drop,drop,drop,drop,drop
744,12729,11726,EXECUÇÃO DE MEDIDAS ALTERNATIVAS NO JUÍZO COMUM,Direitos Políticos - Perda dos Direitos Políticos,0,1,1,drop,drop,drop,drop,drop,drop,drop,drop,drop,drop
741,12729,10754,EXECUÇÃO DE MEDIDAS ALTERNATIVAS NO JUÍZO COMUM,Desobediência à determinações da Justiça Eleitoral,1,0,1,drop,drop,drop,drop,drop,drop,drop,drop,drop,drop
2172,272,,REPRESENTAÇÃO CRIMINAL/NOTÍCIA DE CRIME,Violação do sigilo funcional,0,1,1,crime_other,crime_other,crime_other,crime_other,criminal,criminal,vote_crime,vote_crime,drop,drop
739,12729,3572,EXECUÇÃO DE MEDIDAS ALTERNATIVAS NO JUÍZO COMUM,Desobediência,0,1,1,drop,drop,drop,drop,drop,drop,drop,drop,drop,drop
1720,1733,,PROCEDIMENTO INVESTIGATÓRIO CRIMINAL (PIC-MP),Homicídio Qualificado,0,1,1,crime_other,crime_other,crime_other,crime_other,criminal,criminal,vote_crime,vote_crime,drop,drop
735,12729,3576,EXECUÇÃO DE MEDIDAS ALTERNATIVAS NO JUÍZO COMUM,Denunciação caluniosa,1,0,1,drop,drop,drop,drop,drop,drop,drop,drop,drop,drop
834,307,,HABEAS CORPUS CRIMINAL,Descumprimento de determinação de sigilo,0,1,1,drop,drop,drop,drop,drop,drop,drop,drop,drop,drop
835,307,3396,HABEAS CORPUS CRIMINAL,Difamação,0,1,1,drop,drop,drop,drop,drop,drop,drop,drop,drop,speech_crime
836,307,11514,HABEAS CORPUS CRIMINAL,Divulgação de Propaganda Eleitoral no Dia da Eleição,1,0,1,drop,drop,drop,drop,drop,drop,drop,drop,drop,vote_crime
2023,272,,REPRESENTAÇÃO CRIMINAL/NOTÍCIA DE CRIME,Crime de Descumprimento de Medida Protetiva  de Urgência,0,1,1,crime_other,crime_other,crime_other,crime_other,criminal,criminal,vote_crime,vote_crime,drop,drop
2025,272,,REPRESENTAÇÃO CRIMINAL/NOTÍCIA DE CRIME,Crimes Eleitorais,0,1,1,crime_other,crime_other,crime_other,crime_other,criminal,criminal,vote_crime,vote_crime,drop,drop
2026,272,3637,REPRESENTAÇÃO CRIMINAL/NOTÍCIA DE CRIME,Crimes Previstos no Estatuto da criança e do adolescente,0,1,1,crime_other,crime_other,crime_other,crime_other,criminal,criminal,vote_crime,vote_crime,drop,drop
2027,272,3613,REPRESENTAÇÃO CRIMINAL/NOTÍCIA DE CRIME,Crimes Resultante de Preconceito de Raça ou de Cor,0,1,1,crime_other,crime_other,crime_other,crime_other,criminal,criminal,vote_crime,vote_crime,drop,drop
939,279,,INQUÉRITO POLICIAL,"Crimes contra a Segurança Nacional, a Ordem Política e Social",1,0,1,crime_other,crime_other,crime_other,crime_other,criminal,criminal,vote_crime,vote_crime,drop,drop
936,279,,INQUÉRITO POLICIAL,Crimes contra a Ordem Tributária,1,0,1,crime_other,crime_other,crime_other,crime_other,criminal,criminal,vote_crime,vote_crime,drop,drop
934,279,3637,INQUÉRITO POLICIAL,Crimes Previstos no Estatuto da criança e do adolescente,0,1,1,crime_other,crime_other,crime_other,crime_other,criminal,criminal,vote_crime,vote_crime,drop,drop
2031,272,5880,REPRESENTAÇÃO CRIMINAL/NOTÍCIA DE CRIME,Crimes contra as Marcas,0,1,1,crime_other,crime_other,crime_other,crime_other,criminal,criminal,vote_crime,vote_crime,drop,drop
2032,272,3629,REPRESENTAÇÃO CRIMINAL/NOTÍCIA DE CRIME,Crimes contra as Telecomunicações,0,1,1,crime_other,crime_other,crime_other,crime_other,criminal,criminal,vote_crime,vote_crime,drop,drop
932,279,,INQUÉRITO POLICIAL,Crimes Contra o Estado de Filiação,0,1,1,crime_other,crime_other,crime_other,crime_other,criminal,criminal,vote_crime,vote_crime,drop,drop
1374,1727,11518,PETIÇÃO CRIMINAL,Subscrição de Mais de Uma Ficha de Filiação Partidária,1,0,1,drop,drop,drop,drop,drop,drop,drop,drop,drop,drop
2035,272,3612,REPRESENTAÇÃO CRIMINAL/NOTÍCIA DE CRIME,Crimes contra o Sistema Financeiro Nacional,1,0,1,crime_other,crime_other,crime_other,crime_other,criminal,criminal,vote_crime,vote_crime,drop,drop
929,279,11006,INQUÉRITO POLICIAL,Crime de Desvio e/ou Circulação de Moeda Não Autorizada,0,1,1,crime_other,crime_other,crime_other,crime_other,criminal,criminal,vote_crime,vote_crime,drop,drop
928,279,10741,INQUÉRITO POLICIAL,Criação do Partido Político,1,0,1,crime_other,crime_other,crime_other,crime_other,criminal,criminal,vote_crime,vote_crime,drop,drop
2038,272,,REPRESENTAÇÃO CRIMINAL/NOTÍCIA DE CRIME,Crimes de Tráfico Ilícito e Uso Indevido de Drogas,0,1,1,crime_other,crime_other,crime_other,crime_other,criminal,criminal,vote_crime,vote_crime,drop,drop
2039,272,3656,REPRESENTAÇÃO CRIMINAL/NOTÍCIA DE CRIME,Crimes do Código Brasileiro de Telecomunicações,1,0,1,crime_other,crime_other,crime_other,crime_other,criminal,criminal,vote_crime,vote_crime,drop,drop
2040,272,3633,REPRESENTAÇÃO CRIMINAL/NOTÍCIA DE CRIME,Crimes do Sistema Nacional de Armas,0,1,1,crime_other,crime_other,crime_other,crime_other,criminal,criminal,vote_crime,vote_crime,drop,drop
927,279,,INQUÉRITO POLICIAL,Corrupção passiva,0,1,1,crime_other,crime_other,crime_other,crime_other,criminal,criminal,vote_crime,vote_crime,drop,drop
2042,272,3426,REPRESENTAÇÃO CRIMINAL/NOTÍCIA DE CRIME,Dano,0,1,1,crime_other,crime_other,crime_other,crime_other,criminal,criminal,vote_crime,vote_crime,drop,drop
2043,272,5571,REPRESENTAÇÃO CRIMINAL/NOTÍCIA DE CRIME,Dano Qualificado,0,1,1,crime_other,crime_other,crime_other,crime_other,criminal,criminal,vote_crime,vote_crime,drop,drop
2044,272,14698,REPRESENTAÇÃO CRIMINAL/NOTÍCIA DE CRIME,Dano Qualificado contra a Administração Pública,0,1,1,crime_other,crime_other,crime_other,crime_other,criminal,criminal,vote_crime,vote_crime,drop,drop
923,279,5876,INQUÉRITO POLICIAL,Corrupção Ativa em Transação Comercial Internacional,0,1,1,crime_other,crime_other,crime_other,crime_other,criminal,criminal,vote_crime,vote_crime,drop,drop
943,279,,INQUÉRITO POLICIAL,Crimes da Lei de licitações,0,1,1,crime_other,crime_other,crime_other,crime_other,criminal,criminal,vote_crime,vote_crime,drop,drop
2022,272,3568,REPRESENTAÇÃO CRIMINAL/NOTÍCIA DE CRIME,Corrupção ativa,0,1,1,crime_other,crime_other,crime_other,crime_other,criminal,criminal,vote_crime,vote_crime,drop,drop
919,279,14104,INQUÉRITO POLICIAL,Condição de Pessoa Idosa,0,1,1,crime_other,crime_other,crime_other,crime_other,criminal,criminal,vote_crime,vote_crime,drop,drop
1373,1727,3419,PETIÇÃO CRIMINAL,Roubo,0,1,1,drop,drop,drop,drop,drop,drop,drop,drop,drop,drop
1367,1727,,PETIÇÃO CRIMINAL,Prescrição,1,0,1,drop,drop,drop,drop,drop,drop,drop,drop,drop,drop
999,279,,INQUÉRITO POLICIAL,Impedimento à fiscalização das pesquisas,1,0,1,crime_other,crime_other,crime_other,crime_other,criminal,criminal,vote_crime,vote_crime,drop,drop
1745,1733,11498,PROCEDIMENTO INVESTIGATÓRIO CRIMINAL (PIC-MP),Retenção de Título Eleitoral ou do Comprovante de Alistamento Eleitoral,1,0,1,crime_other,crime_other,crime_other,crime_other,criminal,criminal,vote_crime,vote_crime,drop,vote_crime
993,279,3417,INQUÉRITO POLICIAL,Furto Qualificado,0,1,1,crime_other,crime_other,crime_other,crime_other,criminal,criminal,vote_crime,vote_crime,drop,drop
1743,1733,,PROCEDIMENTO INVESTIGATÓRIO CRIMINAL (PIC-MP),"Recusa ou omissão de dados cadastrais, registros, documentos e informações",0,1,1,crime_other,crime_other,crime_other,crime_other,criminal,criminal,vote_crime,vote_crime,drop,drop
991,279,,INQUÉRITO POLICIAL,Fraudes em Certames de Interesse Público,0,1,1,crime_other,crime_other,crime_other,crime_other,criminal,criminal,vote_crime,vote_crime,drop,drop
989,279,,INQUÉRITO POLICIAL,Fornecimento ao Eleitor de Cédula Oficial Já Assinalada ou Marcada,0,1,1,crime_other,crime_other,crime_other,crime_other,criminal,criminal,vote_crime,vote_crime,drop,drop
984,279,3530,INQUÉRITO POLICIAL,Falsificação do selo ou sinal público,0,1,1,crime_other,crime_other,crime_other,crime_other,criminal,criminal,vote_crime,vote_crime,drop,drop
980,279,3536,INQUÉRITO POLICIAL,Falsidade material de atestado ou certidão,1,0,1,crime_other,crime_other,crime_other,crime_other,criminal,criminal,vote_crime,vote_crime,drop,drop
976,279,,INQUÉRITO POLICIAL,"Fabrico, comércio ou detenção de arma branca ou munição",0,1,1,crime_other,crime_other,crime_other,crime_other,criminal,criminal,vote_crime,vote_crime,drop,drop
974,279,,INQUÉRITO POLICIAL,Etnia,0,1,1,crime_other,crime_other,crime_other,crime_other,criminal,criminal,vote_crime,vote_crime,drop,drop
973,279,,INQUÉRITO POLICIAL,Estupro,0,1,1,crime_other,crime_other,crime_other,crime_other,criminal,criminal,vote_crime,vote_crime,drop,drop
1370,1727,,PETIÇÃO CRIMINAL,Quadrilha ou Bando,0,1,1,drop,drop,drop,drop,drop,drop,drop,drop,drop,drop
1741,1733,10822,PROCEDIMENTO INVESTIGATÓRIO CRIMINAL (PIC-MP),Publicação de pesquisa irregular,1,0,1,crime_other,crime_other,crime_other,crime_other,criminal,criminal,vote_crime,vote_crime,drop,drop
1740,1733,11433,PROCEDIMENTO INVESTIGATÓRIO CRIMINAL (PIC-MP),Práticas Irregulares que Determinam a Anulação da Votação,1,0,1,crime_other,crime_other,crime_other,crime_other,criminal,criminal,vote_crime,vote_crime,drop,drop
958,279,3595,INQUÉRITO POLICIAL,Desobediência a decisão judicial sobre perda ou suspensão de direitos,1,0,1,crime_other,crime_other,crime_other,crime_other,criminal,criminal,vote_crime,vote_crime,drop,drop
2016,272,3401,REPRESENTAÇÃO CRIMINAL/NOTÍCIA DE CRIME,Constrangimento ilegal,0,1,1,crime_other,crime_other,crime_other,crime_other,criminal,criminal,vote_crime,vote_crime,drop,drop
954,279,11454,INQUÉRITO POLICIAL,Desatendimento à Requisição de Veículo ou Embarcação,0,1,1,crime_other,crime_other,crime_other,crime_other,criminal,criminal,vote_crime,vote_crime,drop,drop
2018,272,12194,REPRESENTAÇÃO CRIMINAL/NOTÍCIA DE CRIME,Contra a Mulher,1,0,1,crime_other,crime_other,crime_other,crime_other,criminal,criminal,vote_crime,vote_crime,drop,drop
952,279,3576,INQUÉRITO POLICIAL,Denunciação caluniosa,1,0,1,crime_other,crime_other,crime_other,crime_other,criminal,criminal,vote_crime,vote_crime,drop,drop
949,279,14698,INQUÉRITO POLICIAL,Dano Qualificado contra a Administração Pública,0,1,1,crime_other,crime_other,crime_other,crime_other,criminal,criminal,vote_crime,vote_crime,drop,drop
921,279,11435,INQUÉRITO POLICIAL,Contagem de Votos de Eleitores em Relação aos quais Houve Impugnação,1,0,1,crime_other,crime_other,crime_other,crime_other,criminal,criminal,vote_crime,vote_crime,drop,drop
1737,1733,11442,PROCEDIMENTO INVESTIGATÓRIO CRIMINAL (PIC-MP),Perturbação ou Impedimento de Alistamento,1,0,1,crime_other,crime_other,crime_other,crime_other,criminal,criminal,vote_crime,vote_crime,drop,drop
837,307,3585,HABEAS CORPUS CRIMINAL,Exercício arbitrário ou abuso de poder,0,1,1,drop,drop,drop,drop,drop,drop,drop,drop,drop,drop
868,12556,11616,IMPUGNAÇÃO PERANTE AS JUNTAS ELEITORAIS,Impugnação ao Registro de Candidatura,1,0,1,candidacy_challenge,candidacy_challenge,candidacy_challenge,candidacy,candidacy,strategic_attack,eligibility,eligibility,eligibility,eligibility
865,12556,12053,IMPUGNAÇÃO PERANTE AS JUNTAS ELEITORAIS,Impugnação - Nomeação de Membro da Mesa Receptora,1,0,1,drop,drop,drop,drop,drop,drop,drop,drop,drop,drop
2079,272,,REPRESENTAÇÃO CRIMINAL/NOTÍCIA DE CRIME,Falsificação / Corrupção / Adulteração / Alteração de produto destinado a fins terapêuticos ou medicinais,0,1,1,crime_other,crime_other,crime_other,crime_other,criminal,criminal,vote_crime,vote_crime,drop,drop
2080,272,3532,REPRESENTAÇÃO CRIMINAL/NOTÍCIA DE CRIME,Falsificação de documento particular,0,1,1,crime_other,crime_other,crime_other,crime_other,criminal,criminal,vote_crime,vote_crime,drop,drop
858,12556,11428,IMPUGNAÇÃO PERANTE AS JUNTAS ELEITORAIS,DIREITO ELEITORAL,1,0,1,drop,drop,drop,drop,drop,drop,drop,drop,drop,drop
856,12077,11445,HOMOLOGAÇÃO EM ACORDO DE COLABORAÇÃO PREMIADA,"Ocultação, Sonegação ou Recusa de Fornecimento de Utilidades, Alimentos e Transporte no Dia da Eleição",0,1,1,drop,drop,drop,drop,drop,drop,drop,drop,drop,drop
855,12077,11438,HOMOLOGAÇÃO EM ACORDO DE COLABORAÇÃO PREMIADA,Inscrição Fraudulenta,1,0,1,drop,drop,drop,drop,drop,drop,drop,drop,drop,drop
853,12077,14221,HOMOLOGAÇÃO EM ACORDO DE COLABORAÇÃO PREMIADA,Falsificação ou Alteração de Documento Particular para Fins Eleitorais,1,0,1,drop,drop,drop,drop,drop,drop,drop,drop,drop,drop
852,12077,11430,HOMOLOGAÇÃO EM ACORDO DE COLABORAÇÃO PREMIADA,Crimes contra a Organização Administrativa da Justiça Eleitoral,1,0,1,drop,drop,drop,drop,drop,drop,drop,drop,drop,drop
851,12077,12588,HOMOLOGAÇÃO EM ACORDO DE COLABORAÇÃO PREMIADA,Crimes Conexos,1,0,1,drop,drop,drop,drop,drop,drop,drop,drop,drop,drop
849,12077,11470,HOMOLOGAÇÃO EM ACORDO DE COLABORAÇÃO PREMIADA,Alteração do Resultado de Votação nos Mapas ou Boletins de Apuração,1,0,1,drop,drop,drop,drop,drop,drop,drop,drop,drop,drop
2088,272,,REPRESENTAÇÃO CRIMINAL/NOTÍCIA DE CRIME,Frustração de direitos assegurados por lei trabalhista,1,0,1,crime_other,crime_other,crime_other,crime_other,criminal,criminal,vote_crime,vote_crime,drop,drop
848,110,,HABEAS DATA CÍVEL,Assegurar Conhecimento de Informações Relativas à Pessoa do Impetrante,1,0,1,drop,drop,drop,drop,drop,drop,drop,drop,drop,drop
2090,272,3418,REPRESENTAÇÃO CRIMINAL/NOTÍCIA DE CRIME,Furto de coisa comum,0,1,1,crime_other,crime_other,crime_other,crime_other,criminal,criminal,vote_crime,vote_crime,drop,drop
847,110,11522,HABEAS DATA CÍVEL,Arguição de Ineligibilidade Temerária ou de Má-Fé,1,0,1,drop,drop,drop,drop,drop,drop,drop,drop,drop,drop
2092,272,10840,REPRESENTAÇÃO CRIMINAL/NOTÍCIA DE CRIME,Homicídio,0,1,1,crime_other,crime_other,crime_other,crime_other,criminal,criminal,vote_crime,vote_crime,drop,drop
2093,272,3370,REPRESENTAÇÃO CRIMINAL/NOTÍCIA DE CRIME,Homicídio Simples,1,0,1,crime_other,crime_other,crime_other,crime_other,criminal,criminal,vote_crime,vote_crime,drop,drop
845,307,11433,HABEAS CORPUS CRIMINAL,Práticas Irregulares que Determinam a Anulação da Votação,0,1,1,drop,drop,drop,drop,drop,drop,drop,drop,drop,drop
844,307,11500,HABEAS CORPUS CRIMINAL,"Prisão ou Detenção do Eleitor, Membro de Mesa Receptora, Fiscal, Delegado de Partido ou Candidato, Fora das Hipóteses Legais Permitidas",0,1,1,drop,drop,drop,drop,drop,drop,drop,drop,drop,vote_crime
843,307,3433,HABEAS CORPUS CRIMINAL,Outras fraudes,0,1,1,drop,drop,drop,drop,drop,drop,drop,drop,drop,drop
842,307,11524,HABEAS CORPUS CRIMINAL,Irregularidades dos Dados Publicados em Pesquisas Eleitorais,0,1,1,drop,drop,drop,drop,drop,drop,drop,drop,drop,drop
839,307,14221,HABEAS CORPUS CRIMINAL,Falsificação ou Alteração de Documento Particular para Fins Eleitorais,1,0,1,drop,drop,drop,drop,drop,drop,drop,drop,drop,drop
867,12556,12055,IMPUGNAÇÃO PERANTE AS JUNTAS ELEITORAIS,Impugnação - Transferência de Domicílio Eleitoral,1,0,1,drop,drop,drop,drop,drop,drop,drop,drop,drop,drop
870,12556,,IMPUGNAÇÃO PERANTE AS JUNTAS ELEITORAIS,NI,1,0,1,drop,drop,drop,drop,drop,drop,drop,drop,drop,drop
910,279,11638,INQUÉRITO POLICIAL,Cargo - Vereador,1,0,1,crime_other,crime_other,crime_other,crime_other,criminal,criminal,vote_crime,vote_crime,drop,drop
871,12556,11715,IMPUGNAÇÃO PERANTE AS JUNTAS ELEITORAIS,Quociente Eleitoral/Partidário,0,1,1,drop,drop,drop,drop,drop,drop,drop,drop,drop,drop
1736,1733,11493,PROCEDIMENTO INVESTIGATÓRIO CRIMINAL (PIC-MP),Participação de Pessoa Não Detentora de Direitos Políticos em Atividades Partidárias e de Propaganda Eleitoral,1,0,1,crime_other,crime_other,crime_other,crime_other,criminal,criminal,vote_crime,vote_crime,drop,speech_crime
2051,272,3572,REPRESENTAÇÃO CRIMINAL/NOTÍCIA DE CRIME,Desobediência,0,1,1,crime_other,crime_other,crime_other,crime_other,criminal,criminal,vote_crime,vote_crime,drop,drop
1735,1733,3433,PROCEDIMENTO INVESTIGATÓRIO CRIMINAL (PIC-MP),Outras fraudes,1,0,1,crime_other,crime_other,crime_other,crime_other,criminal,criminal,vote_crime,vote_crime,drop,drop
1733,1733,11478,PROCEDIMENTO INVESTIGATÓRIO CRIMINAL (PIC-MP),Obtenção de Acesso a Sistema de Dados Eleitorais,1,0,1,crime_other,crime_other,crime_other,crime_other,criminal,criminal,vote_crime,vote_crime,drop,drop
890,279,11720,INQUÉRITO POLICIAL,Abuso - Uso Indevido de Meio de Comunicação Social,1,0,1,crime_other,crime_other,crime_other,crime_other,criminal,criminal,vote_crime,vote_crime,drop,abuse
2056,272,11479,REPRESENTAÇÃO CRIMINAL/NOTÍCIA DE CRIME,Destruição de Dados Eleitorais,0,1,1,crime_other,crime_other,crime_other,crime_other,criminal,criminal,vote_crime,vote_crime,drop,drop
2057,272,11511,REPRESENTAÇÃO CRIMINAL/NOTÍCIA DE CRIME,Destruição de Relação de Candidatos,1,0,1,crime_other,crime_other,crime_other,crime_other,criminal,criminal,vote_crime,vote_crime,drop,vote_crime
1376,1727,11496,PETIÇÃO CRIMINAL,"Uso, na Propaganda Eleitoral, de Símbolo de Órgãos de Governo",0,1,1,drop,drop,drop,drop,drop,drop,drop,drop,drop,speech_crime
1377,1727,3565,PETIÇÃO CRIMINAL,Usurpação de função pública,0,1,1,drop,drop,drop,drop,drop,drop,drop,drop,drop,drop
2061,272,11724,REPRESENTAÇÃO CRIMINAL/NOTÍCIA DE CRIME,Diplomação,1,0,1,crime_other,crime_other,crime_other,crime_other,criminal,criminal,vote_crime,vote_crime,drop,drop
1381,1727,15154,PETIÇÃO CRIMINAL,Violência Política,0,1,1,drop,drop,drop,drop,drop,drop,drop,drop,drop,drop
882,332,3579,INCIDENTE DE FALSIDADE,Falso testemunho ou falsa perícia,0,1,1,drop,drop,drop,drop,drop,drop,drop,drop,drop,drop
1382,1727,,PETIÇÃO CRIMINAL,"Violência Política de Gênero (art, 326-B do Código Eleitoral)",0,1,1,drop,drop,drop,drop,drop,drop,drop,drop,drop,drop
879,332,11485,INCIDENTE DE FALSIDADE,Divulgação de Falsa Imputação,0,1,1,drop,drop,drop,drop,drop,drop,drop,drop,drop,speech_crime
2066,272,11642,REPRESENTAÇÃO CRIMINAL/NOTÍCIA DE CRIME,Eleições - 1° Turno,1,0,1,crime_other,crime_other,crime_other,crime_other,criminal,criminal,vote_crime,vote_crime,drop,drop
2067,272,3552,REPRESENTAÇÃO CRIMINAL/NOTÍCIA DE CRIME,Emprego irregular de verbas ou rendas públicas,0,1,1,crime_other,crime_other,crime_other,crime_other,criminal,criminal,vote_crime,vote_crime,drop,drop
2068,272,3505,REPRESENTAÇÃO CRIMINAL/NOTÍCIA DE CRIME,Epidemia,1,0,1,crime_other,crime_other,crime_other,crime_other,criminal,criminal,vote_crime,vote_crime,drop,drop
878,332,11482,INCIDENTE DE FALSIDADE,Crimes contra a Propaganda Eleitoral,0,1,1,drop,drop,drop,drop,drop,drop,drop,drop,drop,speech_crime
877,332,12634,INCIDENTE DE FALSIDADE,Apropriação Indébita Eleitoral,1,0,1,drop,drop,drop,drop,drop,drop,drop,drop,drop,drop
874,12555,11642,IMPUGNAÇÃO À COMPOSIÇÃO DE JUNTA ELEITORAL,Eleições - 1° Turno,0,1,1,drop,drop,drop,drop,drop,drop,drop,drop,drop,drop
873,12555,11428,IMPUGNAÇÃO À COMPOSIÇÃO DE JUNTA ELEITORAL,DIREITO ELEITORAL,1,0,1,drop,drop,drop,drop,drop,drop,drop,drop,drop,drop
2124,272,12347,REPRESENTAÇÃO CRIMINAL/NOTÍCIA DE CRIME,Perturbação do trabalho ou do sossego alheios,0,1,1,crime_other,crime_other,crime_other,crime_other,criminal,criminal,vote_crime,vote_crime,drop,drop
