SG_UF,zona,nome_zona
AC,0,001ª ZONA ELEITORAL DE RIO BRANCO AC
AC,1,001ª ZONA ELEITORAL DE RIO BRANCO AC
AC,2,002ª ZONA ELEITORAL DE XAPURI AC
AC,3,003ª ZONA ELEITORAL DE SENA MADUREIRA AC
AC,4,004ª ZONA ELEITORAL DE CRUZEIRO DO SUL AC
AC,5,005ª ZONA ELEITORAL DE TARAUACÁ AC
AC,6,006ª ZONA ELEITORAL DE BRASILÉIA AC
AC,7,007ª ZONA ELEITORAL DE FEIJÓ AC
AC,8,008ª ZONA ELEITORAL DE SENADOR GUIOMARD AC
AC,9,009ª ZONA ELEITORAL DE RIO BRANCO AC
AC,509,004ª ZONA ELEITORAL DE CRUZEIRO DO SUL AC
AC,510,008ª ZONA ELEITORAL DE SENADOR GUIOMARD AC
AL,0,021ª ZONA ELEITORAL DE UNIÃO DOS PALMARES AL
AL,1,001ª ZONA ELEITORAL DE MACEIÓ AL
AL,2,002ª ZONA ELEITORAL DE MACEIÓ AL
AL,3,003ª ZONA ELEITORAL DE MACEIÓ AL
AL,5,005ª ZONA ELEITORAL DE VIÇOSA AL
AL,6,006ª ZONA ELEITORAL DE ATALAIA AL
AL,7,007ª ZONA ELEITORAL DE CORURIPE AL
AL,8,008ª ZONA ELEITORAL DE PILAR AL
AL,9,009ª ZONA ELEITORAL DE MURICI AL
AL,10,010ª ZONA ELEITORAL DE PALMEIRA DOS ÍNDIOS AL
AL,11,011ª ZONA ELEITORAL DE PÃO DE AÇÚCAR AL
AL,12,012ª ZONA ELEITORAL DE PASSO DE CAMARAGIBE AL
AL,13,013ª ZONA ELEITORAL DE PENEDO AL
AL,14,014ª ZONA ELEITORAL DE PORTO CALVO AL
AL,15,015ª ZONA ELEITORAL DE RIO LARGO AL
AL,16,016ª ZONA ELEITORAL DE SÃO JOSÉ DA LAJE AL
AL,17,017ª ZONA ELEITORAL DE SÃO LUÍS DO QUITUNDE AL
AL,18,018ª ZONA ELEITORAL DE SÃO MIGUEL DOS CAMPOS AL
AL,19,019ª ZONA ELEITORAL DE SANTANA DO IPANEMA AL
AL,20,020ª ZONA ELEITORAL DE TRAIPU AL
AL,21,021ª ZONA ELEITORAL DE UNIÃO DOS PALMARES AL
AL,22,022ª ZONA ELEITORAL DE ARAPIRACA AL
AL,26,026ª ZONA ELEITORAL DE MARECHAL DEODORO AL
AL,27,027ª ZONA ELEITORAL DE MATA GRANDE AL
AL,28,028ª ZONA ELEITORAL DE QUEBRANGULO AL
AL,29,029ª ZONA ELEITORAL DE BATALHA AL
AL,31,031ª ZONA ELEITORAL DE MAJOR ISIDORO AL
AL,33,033ª ZONA ELEITORAL DE MACEIÓ AL
AL,34,034ª ZONA ELEITORAL DE TEOTÔNIO VILELA AL
AL,37,037ª ZONA ELEITORAL DE PORTO REAL DO COLÉGIO AL
AL,39,039ª ZONA ELEITORAL DE ÁGUA BRANCA AL
AL,40,040ª ZONA ELEITORAL DE DELMIRO GOUVEIA AL
AL,44,044ª ZONA ELEITORAL DE GIRAU DO PONCIANO AL
AL,45,045ª ZONA ELEITORAL DE IGACI AL
AL,46,046ª ZONA ELEITORAL DE CACIMBINHAS AL
AL,47,047ª ZONA ELEITORAL DE CAMPO ALEGRE AL
AL,48,048ª ZONA ELEITORAL DE BOCA DA MATA AL
AL,49,049ª ZONA ELEITORAL DE SÃO SEBASTIÃO AL
AL,50,050ª ZONA ELEITORAL DE MARAVILHA AL
AL,51,051ª ZONA ELEITORAL DE SÃO JOSÉ DA TAPERA AL
AL,53,053ª ZONA ELEITORAL DE JOAQUIM GOMES AL
AL,54,054ª ZONA ELEITORAL DE MACEIÓ AL
AL,55,055ª ZONA ELEITORAL DE ARAPIRACA AL
AM,0,015ª ZONA ELEITORAL DE BORBA AM
AM,1,001ª ZONA ELEITORAL DE MANAUS AM
AM,2,002ª ZONA ELEITORAL DE MANAUS AM
AM,3,003ª ZONA ELEITORAL DE ITACOATIARA AM
AM,4,004ª ZONA ELEITORAL DE PARINTINS AM
AM,5,005ª ZONA ELEITORAL DE MAUÉS AM
AM,6,006ª ZONA ELEITORAL DE MANACAPURU AM
AM,7,007ª ZONA ELEITORAL DE CODAJÁS AM
AM,8,008ª ZONA ELEITORAL DE COARI AM
AM,9,009ª ZONA ELEITORAL DE TEFÉ AM
AM,10,010ª ZONA ELEITORAL DE FONTE BOA AM
AM,11,011ª ZONA ELEITORAL DE EIRUNEPÉ AM
AM,12,012ª ZONA ELEITORAL DE LÁBREA AM
AM,13,013ª ZONA ELEITORAL DE CANUTAMA AM
AM,14,014ª ZONA ELEITORAL DE BOCA DO ACRE AM
AM,15,015ª ZONA ELEITORAL DE BORBA AM
AM,16,016ª ZONA ELEITORAL DE MANICORÉ AM
AM,17,017ª ZONA ELEITORAL DE HUMAITÁ AM
AM,18,018ª ZONA ELEITORAL DE BARCELOS AM
AM,19,019ª ZONA ELEITORAL DE SÃO GABRIEL DA CACHOEIRA AM
AM,20,020ª ZONA ELEITORAL DE BENJAMIN CONSTANT AM
AM,21,021ª ZONA ELEITORAL DE CARAUARI AM
AM,22,022ª ZONA ELEITORAL DE SÃO PAULO DE OLIVENÇA AM
AM,23,023ª ZONA ELEITORAL DE CAREIRO AM
AM,24,024ª ZONA ELEITORAL DE ITAPIRANGA AM
AM,26,026ª ZONA ELEITORAL DE BARREIRINHA AM
AM,27,027ª ZONA ELEITORAL DE URUCARÁ AM
AM,29,029ª ZONA ELEITORAL DE NOVO ARIPUANÃ AM
AM,30,030ª ZONA ELEITORAL DE SANTA ISABEL DO RIO NEGRO AM
AM,31,031ª ZONA ELEITORAL DE MANAUS AM
AM,32,032ª ZONA ELEITORAL DE MANAUS AM
AM,33,033ª ZONA ELEITORAL DE ANORI AM
AM,34,034ª ZONA ELEITORAL DE NOVO AIRÃO AM
AM,35,035ª ZONA ELEITORAL DE AUTAZES AM
AM,36,036ª ZONA ELEITORAL DE TABATINGA AM
AM,37,037ª ZONA ELEITORAL DE MANAUS AM
AM,38,038ª ZONA ELEITORAL DE TAPAUÁ AM
AM,40,040ª ZONA ELEITORAL DE MANAUS AM
AM,41,041ª ZONA ELEITORAL DE JUTAÍ AM
AM,42,042ª ZONA ELEITORAL DE ATALAIA DO NORTE AM
AM,43,043ª ZONA ELEITORAL DE NHAMUNDÁ AM
AM,44,044ª ZONA ELEITORAL DE PAUINI AM
AM,45,045ª ZONA ELEITORAL DE GUAJARÁ AM
AM,46,046ª ZONA ELEITORAL DE ENVIRA AM
AM,47,047ª ZONA ELEITORAL DE SANTO ANTÔNIO DO IÇÁ AM
AM,48,048ª ZONA ELEITORAL DE JAPURÁ AM
AM,49,049ª ZONA ELEITORAL DE MARAÃ AM
AM,50,050ª ZONA ELEITORAL DE JURUÁ AM
AM,51,051ª ZONA ELEITORAL DE PRESIDENTE FIGUEIREDO AM
AM,54,054ª ZONA ELEITORAL DE BERURI AM
AM,56,056ª ZONA ELEITORAL DE IRANDUBA AM
AM,58,058ª ZONA ELEITORAL DE MANAUS AM
AM,59,059ª ZONA ELEITORAL DE MANAUS AM
AM,60,060ª ZONA ELEITORAL DE ALVARÃES AM
AM,62,062ª ZONA ELEITORAL DE MANAUS AM
AM,63,063ª ZONA ELEITORAL DE MANAUS AM
AM,65,065ª ZONA ELEITORAL DE MANAUS AM
AM,67,067ª ZONA ELEITORAL DE APUÍ AM
AM,68,068ª ZONA ELEITORAL DE MANAUS AM
AM,69,069ª ZONA ELEITORAL DE ITAMARATI AM
AM,70,070ª ZONA ELEITORAL DE MANAUS AM
AP,0,002ª ZONA ELEITORAL DE MACAPÁ AP
AP,1,001ª ZONA ELEITORAL DE AMAPÁ AP
AP,2,002ª ZONA ELEITORAL DE MACAPÁ AP
AP,4,004ª ZONA ELEITORAL DE OIAPOQUE AP
AP,5,005ª ZONA ELEITORAL DE MAZAGÃO AP
AP,6,006ª ZONA ELEITORAL DE SANTANA AP
AP,7,007ª ZONA ELEITORAL DE LARANJAL DO JARI AP
AP,8,008ª ZONA ELEITORAL DE TARTARUGALZINHO AP
AP,10,010ª ZONA ELEITORAL DE MACAPÁ AP
AP,11,011ª ZONA ELEITORAL DE PEDRA BRANCA DO AMAPARI AP
AP,12,012ª ZONA ELEITORAL DE PORTO GRANDE AP
AP,14,014ª ZONA ELEITORAL DE MACAPÁ AP
BA,0,007ª ZONA ELEITORAL DE SALVADOR BA
BA,1,001ª ZONA ELEITORAL DE SALVADOR BA
BA,2,002ª ZONA ELEITORAL DE SALVADOR BA
BA,3,003ª ZONA ELEITORAL DE SALVADOR BA
BA,4,004ª ZONA ELEITORAL DE SALVADOR BA
BA,5,005ª ZONA ELEITORAL DE SALVADOR BA
BA,6,006ª ZONA ELEITORAL DE SALVADOR BA
BA,7,007ª ZONA ELEITORAL DE SALVADOR BA
BA,8,008ª ZONA ELEITORAL DE SALVADOR BA
BA,9,009ª ZONA ELEITORAL DE SALVADOR BA
BA,10,010ª ZONA ELEITORAL DE SALVADOR BA
BA,11,011ª ZONA ELEITORAL DE SALVADOR BA
BA,12,012ª ZONA ELEITORAL DE SALVADOR BA
BA,13,013ª ZONA ELEITORAL DE SALVADOR BA
BA,14,014ª ZONA ELEITORAL DE SALVADOR BA
BA,15,015ª ZONA ELEITORAL DE SALVADOR BA
BA,16,016ª ZONA ELEITORAL DE SALVADOR BA
BA,17,017ª ZONA ELEITORAL DE SALVADOR BA
BA,18,018ª ZONA ELEITORAL DE SALVADOR BA
BA,19,014ª ZONA ELEITORAL DE SALVADOR BA
BA,21,021ª ZONA ELEITORAL DE ESPLANADA BA
BA,22,022ª ZONA ELEITORAL DE JEQUIÉ BA
BA,23,023ª ZONA ELEITORAL DE JEQUIÉ BA
BA,24,024ª ZONA ELEITORAL DE IPIAÚ BA
BA,25,025ª ZONA ELEITORAL DE ILHÉUS BA
BA,26,026ª ZONA ELEITORAL DE ILHÉUS BA
BA,27,027ª ZONA ELEITORAL DE ITABUNA BA
BA,28,028ª ZONA ELEITORAL DE ITABUNA BA
BA,29,029ª ZONA ELEITORAL DE IBICARAÍ BA
BA,30,030ª ZONA ELEITORAL DE NAZARÉ BA
BA,31,031ª ZONA ELEITORAL DE VALENÇA BA
BA,32,032ª ZONA ELEITORAL DE ITUBERÁ BA
BA,33,033ª ZONA ELEITORAL DE SIMÕES FILHO BA
BA,34,034ª ZONA ELEITORAL DE BELMONTE BA
BA,35,035ª ZONA ELEITORAL DE MUCURI BA
BA,36,036ª ZONA ELEITORAL DE AMARGOSA BA
BA,37,037ª ZONA ELEITORAL DE MARACÁS BA
BA,38,038ª ZONA ELEITORAL DE UBAÍRA BA
BA,39,039ª ZONA ELEITORAL DE VITÓRIA DA CONQUISTA BA
BA,40,040ª ZONA ELEITORAL DE VITÓRIA DA CONQUISTA BA
BA,41,041ª ZONA ELEITORAL DE VITÓRIA DA CONQUISTA BA
BA,42,042ª ZONA ELEITORAL DE ITABERABA BA
BA,43,043ª ZONA ELEITORAL DE CASTRO ALVES BA
BA,44,044ª ZONA ELEITORAL DE INHAMBUPE BA
BA,45,045ª ZONA ELEITORAL DE SENHOR DO BONFIM BA
BA,46,046ª ZONA ELEITORAL DE JACOBINA BA
BA,47,047ª ZONA ELEITORAL DE JUAZEIRO BA
BA,48,048ª ZONA ELEITORAL DE JUAZEIRO BA
BA,49,049ª ZONA ELEITORAL DE RIO REAL BA
BA,50,050ª ZONA ELEITORAL DE MONTE SANTO BA
BA,51,051ª ZONA ELEITORAL DE JEREMOABO BA
BA,52,052ª ZONA ELEITORAL DE PARIPIRANGA BA
BA,53,053ª ZONA ELEITORAL DE CAMPO FORMOSO BA
BA,54,054ª ZONA ELEITORAL DE MUNDO NOVO BA
BA,55,055ª ZONA ELEITORAL DE MORRO DO CHAPÉU BA
BA,56,056ª ZONA ELEITORAL DE SANTO ANTÔNIO DE JESUS BA
BA,58,058ª ZONA ELEITORAL DE ITUAÇU BA
BA,59,059ª ZONA ELEITORAL DE POÇÕES BA
BA,60,060ª ZONA ELEITORAL DE CONDEÚBA BA
BA,61,061ª ZONA ELEITORAL DE CORIBE BA
BA,62,062ª ZONA ELEITORAL DE IPIRÁ BA
BA,63,063ª ZONA ELEITORAL DE CAETITÉ BA
BA,64,064ª ZONA ELEITORAL DE GUANAMBI BA
BA,65,065ª ZONA ELEITORAL DE MACAÚBAS BA
BA,66,066ª ZONA ELEITORAL DE CASA NOVA BA
BA,67,067ª ZONA ELEITORAL DE REMANSO BA
BA,68,068ª ZONA ELEITORAL DE XIQUE-XIQUE BA
BA,69,069ª ZONA ELEITORAL DE UTINGA BA
BA,70,070ª ZONA ELEITORAL DE BARREIRAS BA
BA,71,071ª ZONA ELEITORAL DE BOM JESUS DA LAPA BA
BA,72,072ª ZONA ELEITORAL DE SANTA MARIA DA VITÓRIA BA
BA,73,073ª ZONA ELEITORAL DE UBAITABA BA
BA,74,074ª ZONA ELEITORAL DE IRARÁ BA
BA,75,075ª ZONA ELEITORAL DE BARREIRAS BA
BA,76,076ª ZONA ELEITORAL DE JAGUAQUARA BA
BA,77,077ª ZONA ELEITORAL DE BARRA BA
BA,78,078ª ZONA ELEITORAL DE CAMAMU BA
BA,79,079ª ZONA ELEITORAL DE NOVA SOURE BA
BA,80,080ª ZONA ELEITORAL DE TUCANO BA
BA,81,081ª ZONA ELEITORAL DE OLINDINA BA
BA,82,082ª ZONA ELEITORAL DE CÍCERO DANTAS BA
BA,83,083ª ZONA ELEITORAL DE UAUÁ BA
BA,84,084ª ZONA ELEITORAL DE PAULO AFONSO BA
BA,85,085ª ZONA ELEITORAL DE CURAÇÁ BA
BA,86,086ª ZONA ELEITORAL DE MAIRI BA
BA,87,087ª ZONA ELEITORAL DE RUY BARBOSA BA
BA,88,088ª ZONA ELEITORAL DE SEABRA BA
BA,89,089ª ZONA ELEITORAL DE LENÇÓIS BA
BA,90,090ª ZONA ELEITORAL DE BRUMADO BA
BA,91,091ª ZONA ELEITORAL DE MACARANI BA
BA,92,092ª ZONA ELEITORAL DE JACARACI BA
BA,93,093ª ZONA ELEITORAL DE CACULÉ BA
BA,94,094ª ZONA ELEITORAL DE OLIVEIRA DOS BREJINHOS BA
BA,95,095ª ZONA ELEITORAL DE IRECÊ BA
BA,96,096ª ZONA ELEITORAL DE SENTO SÉ BA
BA,97,097ª ZONA ELEITORAL DE SANTA RITA DE CÁSSIA BA
BA,98,098ª ZONA ELEITORAL DE COTEGIPE BA
BA,99,099ª ZONA ELEITORAL DE SANTANA BA
BA,100,100ª ZONA ELEITORAL DE SÃO DESIDÉRIO BA
BA,101,101ª ZONA ELEITORAL DE LIVRAMENTO DE NOSSA SENHORA BA
BA,102,102ª ZONA ELEITORAL DE EUCLIDES DA CUNHA BA
BA,103,103ª ZONA ELEITORAL DE MIGUEL CALMON BA
BA,104,104ª ZONA ELEITORAL DE LAPÃO BA
BA,105,105ª ZONA ELEITORAL DE PIATÃ BA
BA,106,106ª ZONA ELEITORAL DE QUEIMADAS BA
BA,107,107ª ZONA ELEITORAL DE SANTA TEREZINHA BA
BA,108,108ª ZONA ELEITORAL DE SÃO GONÇALO DOS CAMPOS BA
BA,109,109ª ZONA ELEITORAL DE MUTUÍPE BA
BA,110,110ª ZONA ELEITORAL DE RIBEIRA DO POMBAL BA
BA,111,111ª ZONA ELEITORAL DE PARAMIRIM BA
BA,112,112ª ZONA ELEITORAL DE PRADO BA
BA,113,113ª ZONA ELEITORAL DE RIACHO DE SANTANA BA
BA,114,114ª ZONA ELEITORAL DE RIACHÃO DO JACUÍPE BA
BA,115,115ª ZONA ELEITORAL DE SAÚDE BA
BA,116,116ª ZONA ELEITORAL DE CANAVIEIRAS BA
BA,117,117ª ZONA ELEITORAL DE URANDI BA
BA,118,118ª ZONA ELEITORAL DE CACHOEIRA BA
BA,119,119ª ZONA ELEITORAL DE ANDARAÍ BA
BA,120,120ª ZONA ELEITORAL DE VALENTE BA
BA,121,121ª ZONA ELEITORAL DE PORTO SEGURO BA
BA,122,122ª ZONA ELEITORAL DE PORTO SEGURO BA
BA,123,123ª ZONA ELEITORAL DE ARACI BA
BA,124,124ª ZONA ELEITORAL DE CORRENTINA BA
BA,125,125ª ZONA ELEITORAL DE CARINHANHA BA
BA,126,126ª ZONA ELEITORAL DE BAIANÓPOLIS BA
BA,127,127ª ZONA ELEITORAL DE CANDEIAS BA
BA,128,128ª ZONA ELEITORAL DE SÃO SEBASTIÃO DO PASSÉ BA
BA,129,129ª ZONA ELEITORAL DE CATU BA
BA,130,130ª ZONA ELEITORAL DE CORAÇÃO DE MARIA BA
BA,131,131ª ZONA ELEITORAL DE MURITIBA BA
BA,132,132ª ZONA ELEITORAL DE CONCEIÇÃO DO COITÉ BA
BA,133,133ª ZONA ELEITORAL DE CAMACAN BA
BA,134,134ª ZONA ELEITORAL DE UBATÃ BA
BA,135,135ª ZONA ELEITORAL DE COARACI BA
BA,136,136ª ZONA ELEITORAL DE ITAJUÍPE BA
BA,137,137ª ZONA ELEITORAL DE ITORORÓ BA
BA,138,138ª ZONA ELEITORAL DE ITARANTIM BA
BA,139,139ª ZONA ELEITORAL DE BARRA DO CHOÇA BA
BA,140,140ª ZONA ELEITORAL DE ITAPETINGA BA
BA,141,141ª ZONA ELEITORAL DE ITAPARICA BA
BA,142,142ª ZONA ELEITORAL DE CRUZ DAS ALMAS BA
BA,143,143ª ZONA ELEITORAL DE SANTO ESTEVÃO BA
BA,144,144ª ZONA ELEITORAL DE ENTRE RIOS BA
BA,145,145ª ZONA ELEITORAL DE SANTALUZ BA
BA,146,146ª ZONA ELEITORAL DE IGUAÍ BA
BA,147,147ª ZONA ELEITORAL DE ITAGIBÁ BA
BA,148,148ª ZONA ELEITORAL DE ITANHÉM BA
BA,149,149ª ZONA ELEITORAL DE ITIÚBA BA
BA,150,150ª ZONA ELEITORAL DE SERRINHA BA
BA,151,151ª ZONA ELEITORAL DE GANDU BA
BA,152,152ª ZONA ELEITORAL DE ENCRUZILHADA BA
BA,153,153ª ZONA ELEITORAL DE MEDEIROS NETO BA
BA,154,154ª ZONA ELEITORAL DE FEIRA DE SANTANA BA
BA,155,155ª ZONA ELEITORAL DE FEIRA DE SANTANA BA
BA,156,156ª ZONA ELEITORAL DE FEIRA DE SANTANA BA
BA,157,157ª ZONA ELEITORAL DE FEIRA DE SANTANA BA
BA,158,158ª ZONA ELEITORAL DE CHORROCHÓ BA
BA,159,159ª ZONA ELEITORAL DE CENTRAL BA
BA,160,160ª ZONA ELEITORAL DE SANTA BÁRBARA BA
BA,161,161ª ZONA ELEITORAL DE ANAGÉ BA
BA,162,162ª ZONA ELEITORAL DE SÃO FRANCISCO DO CONDE BA
BA,163,163ª ZONA ELEITORAL DE ALAGOINHAS BA
BA,166,166ª ZONA ELEITORAL DE BUERAREMA BA
BA,167,167ª ZONA ELEITORAL DE JACOBINA BA
BA,168,168ª ZONA ELEITORAL DE IGAPORÃ BA
BA,169,169ª ZONA ELEITORAL DE BARRA DA ESTIVA BA
BA,170,170ª ZONA ELEITORAL DE CAMAÇARI BA
BA,171,171ª ZONA ELEITORAL DE CAMAÇARI BA
BA,172,172ª ZONA ELEITORAL DE ITAMARAJU BA
BA,173,173ª ZONA ELEITORAL DE IBOTIRAMA BA
BA,174,174ª ZONA ELEITORAL DE CANARANA BA
BA,175,175ª ZONA ELEITORAL DE PALMAS DE MONTE ALTO BA
BA,176,176ª ZONA ELEITORAL DE BARRA DO MENDES BA
BA,177,177ª ZONA ELEITORAL DE TREMEDAL BA
BA,178,178ª ZONA ELEITORAL DE SANTO AMARO BA
BA,179,179ª ZONA ELEITORAL DE JAGUARARI BA
BA,180,180ª ZONA ELEITORAL DE LAURO DE FREITAS BA
BA,181,181ª ZONA ELEITORAL DE PAULO AFONSO BA
BA,182,182ª ZONA ELEITORAL DE RIACHÃO DAS NEVES BA
BA,183,183ª ZONA ELEITORAL DE TEIXEIRA DE FREITAS BA
BA,184,184ª ZONA ELEITORAL DE SÃO FELIPE BA
BA,185,185ª ZONA ELEITORAL DE MATA DE SÃO JOÃO BA
BA,186,186ª ZONA ELEITORAL DE DIAS D'ÁVILA BA
BA,187,187ª ZONA ELEITORAL DE FORMOSA DO RIO PRETO BA
BA,188,188ª ZONA ELEITORAL DE EUNÁPOLIS BA
BA,189,189ª ZONA ELEITORAL DE ITABELA BA
BA,190,190ª ZONA ELEITORAL DE SERRA DOURADA BA
BA,191,191ª ZONA ELEITORAL DE CAPIM GROSSO BA
BA,192,192ª ZONA ELEITORAL DE CONCEIÇÃO DO JACUÍPE BA
BA,193,193ª ZONA ELEITORAL DE IAÇU BA
BA,195,195ª ZONA ELEITORAL DE PILÃO ARCADO BA
BA,196,196ª ZONA ELEITORAL DE RETIROLÂNDIA BA
BA,197,197ª ZONA ELEITORAL DE WENCESLAU GUIMARÃES BA
BA,198,198ª ZONA ELEITORAL DE URUÇUCA BA
BA,199,199ª ZONA ELEITORAL DE JOÃO DOURADO BA
BA,200,200ª ZONA ELEITORAL DE POJUCA BA
BA,201,201ª ZONA ELEITORAL DE ITAMBÉ BA
BA,202,202ª ZONA ELEITORAL DE SANTO ANTÔNIO DE JESUS BA
BA,203,203ª ZONA ELEITORAL DE EUNÁPOLIS BA
BA,205,205ª ZONA ELEITORAL DE LUÍS EDUARDO MAGALHÃES BA
BA,705,019ª ZONA ELEITORAL DE SALVADOR BA
BA,706,180ª ZONA ELEITORAL DE LAURO DE FREITAS BA
BA,708,123ª ZONA ELEITORAL DE ARACI BA
BA,709,038ª ZONA ELEITORAL DE UBAÍRA BA
BA,711,027ª ZONA ELEITORAL DE ITABUNA BA
BA,718,146ª ZONA ELEITORAL DE IGUAÍ BA
CE,0,121ª ZONA ELEITORAL DE SOBRAL CE
CE,1,001ª ZONA ELEITORAL DE FORTALEZA CE
CE,2,002ª ZONA ELEITORAL DE FORTALEZA CE
CE,3,003ª ZONA ELEITORAL DE FORTALEZA CE
CE,4,004ª ZONA ELEITORAL DE MARANGUAPE CE
CE,5,005ª ZONA ELEITORAL DE BATURITÉ CE
CE,6,006ª ZONA ELEITORAL DE QUIXADÁ CE
CE,7,007ª ZONA ELEITORAL DE CASCAVEL CE
CE,8,008ª ZONA ELEITORAL DE ARACATI CE
CE,9,009ª ZONA ELEITORAL DE RUSSAS CE
CE,10,010ª ZONA ELEITORAL DE JAGUARIBE CE
CE,11,011ª ZONA ELEITORAL DE QUIXERAMOBIM CE
CE,12,012ª ZONA ELEITORAL DE SENADOR POMPEU CE
CE,13,013ª ZONA ELEITORAL DE IGUATU CE
CE,14,014ª ZONA ELEITORAL DE LAVRAS DA MANGABEIRA CE
CE,15,015ª ZONA ELEITORAL DE ICÓ CE
CE,16,016ª ZONA ELEITORAL DE MISSÃO VELHA CE
CE,17,017ª ZONA ELEITORAL DE ITAPIPOCA CE
CE,18,018ª ZONA ELEITORAL DE ASSARÉ CE
CE,19,019ª ZONA ELEITORAL DE TAUÁ CE
CE,20,020ª ZONA ELEITORAL DE CRATEÚS CE
CE,21,021ª ZONA ELEITORAL DE IPU CE
CE,22,022ª ZONA ELEITORAL DE SÃO BENEDITO CE
CE,23,023ª ZONA ELEITORAL DE URUBURETAMA CE
CE,24,024ª ZONA ELEITORAL DE SOBRAL CE
CE,25,025ª ZONA ELEITORAL DE GRANJA CE
CE,26,026ª ZONA ELEITORAL DE MILAGRES CE
CE,27,027ª ZONA ELEITORAL DE CRATO CE
CE,28,028ª ZONA ELEITORAL DE JUAZEIRO DO NORTE CE
CE,29,029ª ZONA ELEITORAL DE LIMOEIRO DO NORTE CE
CE,30,030ª ZONA ELEITORAL DE ACARAÚ CE
CE,31,031ª ZONA ELEITORAL DE BARBALHA CE
CE,32,032ª ZONA ELEITORAL DE CAMOCIM CE
CE,33,033ª ZONA ELEITORAL DE CANINDÉ CE
CE,35,035ª ZONA ELEITORAL DE VIÇOSA DO CEARÁ CE
CE,36,036ª ZONA ELEITORAL DE SÃO GONÇALO DO AMARANTE CE
CE,37,037ª ZONA ELEITORAL DE CAUCAIA CE
CE,38,038ª ZONA ELEITORAL DE CAMPOS SALES CE
CE,39,039ª ZONA ELEITORAL DE INDEPENDÊNCIA CE
CE,40,040ª ZONA ELEITORAL DE IPUEIRAS CE
CE,41,041ª ZONA ELEITORAL DE ITAPAJÉ CE
CE,43,043ª ZONA ELEITORAL DE JUCÁS CE
CE,44,044ª ZONA ELEITORAL DE SANTANA DO ACARAÚ CE
CE,45,045ª ZONA ELEITORAL DE MASSAPÊ CE
CE,46,046ª ZONA ELEITORAL DE MOMBAÇA CE
CE,47,047ª ZONA ELEITORAL DE MORADA NOVA CE
CE,48,048ª ZONA ELEITORAL DE NOVA RUSSAS CE
CE,49,049ª ZONA ELEITORAL DE PACAJUS CE
CE,50,050ª ZONA ELEITORAL DE PENTECOSTE CE
CE,52,052ª ZONA ELEITORAL DE REDENÇÃO CE
CE,53,053ª ZONA ELEITORAL DE NOVA OLINDA CE
CE,54,054ª ZONA ELEITORAL DE SANTA QUITÉRIA CE
CE,55,055ª ZONA ELEITORAL DE SOLONÓPOLE CE
CE,57,057ª ZONA ELEITORAL DE PACATUBA CE
CE,59,059ª ZONA ELEITORAL DE PEDRA BRANCA CE
CE,60,060ª ZONA ELEITORAL DE ACOPIARA CE
CE,61,061ª ZONA ELEITORAL DE TAMBORIL CE
CE,62,062ª ZONA ELEITORAL DE VÁRZEA ALEGRE CE
CE,63,063ª ZONA ELEITORAL DE BOA VIAGEM CE
CE,64,064ª ZONA ELEITORAL DE COREAÚ CE
CE,65,065ª ZONA ELEITORAL DE CARIRÉ CE
CE,66,066ª ZONA ELEITORAL DE AQUIRAZ CE
CE,67,067ª ZONA ELEITORAL DE ARACOIABA CE
CE,68,068ª ZONA ELEITORAL DE ARARIPE CE
CE,69,069ª ZONA ELEITORAL DE AURORA CE
CE,70,070ª ZONA ELEITORAL DE BREJO SANTO CE
CE,71,071ª ZONA ELEITORAL DE CARIRIAÇU CE
CE,72,072ª ZONA ELEITORAL DE JAGUARETAMA CE
CE,73,073ª ZONA ELEITORAL DE IBIAPINA CE
CE,74,074ª ZONA ELEITORAL DE GUARACIABA DO NORTE CE
CE,75,075ª ZONA ELEITORAL DE JAGUARUANA CE
CE,76,076ª ZONA ELEITORAL DE MAURITI CE
CE,78,078ª ZONA ELEITORAL DE HORIZONTE CE
CE,79,079ª ZONA ELEITORAL DE RERIUTABA CE
CE,80,080ª ZONA ELEITORAL DE FORTALEZA CE
CE,81,081ª ZONA ELEITORAL DE TIANGUÁ CE
CE,82,082ª ZONA ELEITORAL DE FORTALEZA CE
CE,83,083ª ZONA ELEITORAL DE FORTALEZA CE
CE,84,084ª ZONA ELEITORAL DE BEBERIBE CE
CE,85,085ª ZONA ELEITORAL DE FORTALEZA CE
CE,86,086ª ZONA ELEITORAL DE ALTO SANTO CE
CE,88,088ª ZONA ELEITORAL DE EUSÉBIO CE
CE,89,089ª ZONA ELEITORAL DE AMONTADA CE
CE,91,091ª ZONA ELEITORAL DE TABULEIRO DO NORTE CE
CE,92,092ª ZONA ELEITORAL DE BARRO CE
CE,93,093ª ZONA ELEITORAL DE FORTALEZA CE
CE,94,094ª ZONA ELEITORAL DE FORTALEZA CE
CE,95,095ª ZONA ELEITORAL DE FORTALEZA CE
CE,96,096ª ZONA ELEITORAL DE BELA CRUZ CE
CE,97,097ª ZONA ELEITORAL DE TRAIRI CE
CE,98,098ª ZONA ELEITORAL DE ITAREMA CE
CE,99,099ª ZONA ELEITORAL DE NOVO ORIENTE CE
CE,101,101ª ZONA ELEITORAL DE AIUABA CE
CE,104,104ª ZONA ELEITORAL DE MARACANAÚ CE
CE,105,105ª ZONA ELEITORAL DE CAPISTRANO CE
CE,108,108ª ZONA ELEITORAL DE CHAVAL CE
CE,109,109ª ZONA ELEITORAL DE PARACURU CE
CE,111,111ª ZONA ELEITORAL DE CARIDADE CE
CE,112,112ª ZONA ELEITORAL DE FORTALEZA CE
CE,113,113ª ZONA ELEITORAL DE FORTALEZA CE
CE,114,114ª ZONA ELEITORAL DE FORTALEZA CE
CE,115,115ª ZONA ELEITORAL DE FORTALEZA CE
CE,116,116ª ZONA ELEITORAL DE FORTALEZA CE
CE,117,117ª ZONA ELEITORAL DE FORTALEZA CE
CE,118,118ª ZONA ELEITORAL DE FORTALEZA CE
CE,119,119ª ZONA ELEITORAL DE JUAZEIRO DO NORTE CE
CE,120,120ª ZONA ELEITORAL DE CAUCAIA CE
CE,121,121ª ZONA ELEITORAL DE SOBRAL CE
CE,122,122ª ZONA ELEITORAL DE MARACANAÚ CE
CE,123,123ª ZONA ELEITORAL DE CAUCAIA CE
DF,0,001ª ZONA ELEITORAL DE BRASÍLIA DF
DF,1,001ª ZONA ELEITORAL DE BRASÍLIA DF
DF,2,002ª ZONA ELEITORAL DE BRASÍLIA DF
DF,3,003ª ZONA ELEITORAL DE BRASÍLIA DF
DF,4,004ª ZONA ELEITORAL DE BRASÍLIA DF
DF,5,005ª ZONA ELEITORAL DE BRASÍLIA DF
DF,6,006ª ZONA ELEITORAL DE BRASÍLIA DF
DF,8,008ª ZONA ELEITORAL DE BRASÍLIA DF
DF,9,009ª ZONA ELEITORAL DE BRASÍLIA DF
DF,10,010ª ZONA ELEITORAL DE BRASÍLIA DF
DF,11,011ª ZONA ELEITORAL DE BRASÍLIA DF
DF,13,013ª ZONA ELEITORAL DE BRASÍLIA DF
DF,14,014ª ZONA ELEITORAL DE BRASÍLIA DF
DF,15,015ª ZONA ELEITORAL DE BRASÍLIA DF
DF,16,016ª ZONA ELEITORAL DE BRASÍLIA DF
DF,17,017ª ZONA ELEITORAL DE BRASÍLIA DF
DF,18,018ª ZONA ELEITORAL DE BRASÍLIA DF
DF,19,019ª ZONA ELEITORAL DE BRASÍLIA DF
DF,20,020ª ZONA ELEITORAL DE BRASÍLIA DF
DF,21,021ª ZONA ELEITORAL DE BRASÍLIA DF
DF,50,JUÍZO DA ZONA ELEITORAL DO EXTERIOR - ZZ
ES,0,001ª ZONA ELEITORAL DE VITÓRIA ES
ES,1,001ª ZONA ELEITORAL DE VITÓRIA ES
ES,2,002ª ZONA ELEITORAL DE CACHOEIRO DE ITAPEMIRIM ES
ES,3,003ª ZONA ELEITORAL DE CASTELO ES
ES,4,004ª ZONA ELEITORAL DE ALEGRE ES
ES,5,005ª ZONA ELEITORAL DE MIMOSO DO SUL ES
ES,6,006ª ZONA ELEITORAL DE COLATINA ES
ES,7,007ª ZONA ELEITORAL DE BAIXO GUANDU ES
ES,8,008ª ZONA ELEITORAL DE AFONSO CLÁUDIO ES
ES,9,009ª ZONA ELEITORAL DE SANTA LEOPOLDINA ES
ES,10,010ª ZONA ELEITORAL DE IBATIBA ES
ES,11,011ª ZONA ELEITORAL DE SANTA TERESA ES
ES,12,012ª ZONA ELEITORAL DE ALFREDO CHAVES ES
ES,13,013ª ZONA ELEITORAL DE GUAÇUÍ ES
ES,14,014ª ZONA ELEITORAL DE IBIRAÇU ES
ES,15,015ª ZONA ELEITORAL DE DOMINGOS MARTINS ES
ES,16,016ª ZONA ELEITORAL DE ITAGUAÇU ES
ES,17,017ª ZONA ELEITORAL DE ANCHIETA ES
ES,18,018ª ZONA ELEITORAL DE IÚNA ES
ES,19,019ª ZONA ELEITORAL DE MUNIZ FREIRE ES
ES,20,020ª ZONA ELEITORAL DE ARACRUZ ES
ES,21,021ª ZONA ELEITORAL DE SÃO MATEUS ES
ES,22,022ª ZONA ELEITORAL DE ITAPEMIRIM ES
ES,23,023ª ZONA ELEITORAL DE BARRA DE SÃO FRANCISCO ES
ES,24,024ª ZONA ELEITORAL DE GUARAPARI ES
ES,25,025ª ZONA ELEITORAL DE LINHARES ES
ES,26,026ª ZONA ELEITORAL DE SERRA ES
ES,27,027ª ZONA ELEITORAL DE CONCEIÇÃO DA BARRA ES
ES,30,030ª ZONA ELEITORAL DE NOVA VENÉCIA ES
ES,32,032ª ZONA ELEITORAL DE VILA VELHA ES
ES,33,033ª ZONA ELEITORAL DE ECOPORANGA ES
ES,34,034ª ZONA ELEITORAL DE CARIACICA ES
ES,35,035ª ZONA ELEITORAL DE ICONHA ES
ES,36,036ª ZONA ELEITORAL DE PANCAS ES
ES,37,037ª ZONA ELEITORAL DE SÃO GABRIEL DA PALHA ES
ES,38,038ª ZONA ELEITORAL DE MONTANHA ES
ES,39,039ª ZONA ELEITORAL DE PINHEIROS ES
ES,40,040ª ZONA ELEITORAL DE VENDA NOVA DO IMIGRANTE ES
ES,41,041ª ZONA ELEITORAL DE JAGUARÉ ES
ES,43,043ª ZONA ELEITORAL DE MARATAÍZES ES
ES,44,044ª ZONA ELEITORAL DE BOM JESUS DO NORTE ES
ES,46,046ª ZONA ELEITORAL DE ÁGUIA BRANCA ES
ES,47,047ª ZONA ELEITORAL DE VIANA ES
ES,48,048ª ZONA ELEITORAL DE CACHOEIRO DE ITAPEMIRIM ES
ES,51,051ª ZONA ELEITORAL DE RIO BANANAL ES
ES,52,052ª ZONA ELEITORAL DE VITÓRIA ES
ES,53,053ª ZONA ELEITORAL DE SERRA ES
ES,54,054ª ZONA ELEITORAL DE CARIACICA ES
ES,55,055ª ZONA ELEITORAL DE VILA VELHA ES
ES,57,057ª ZONA ELEITORAL DE VILA VELHA ES
ES,59,059ª ZONA ELEITORAL DE SERRA ES
GO,0,133ª ZONA ELEITORAL DE GOIÂNIA GO
GO,1,001ª ZONA ELEITORAL DE GOIÂNIA GO
GO,2,002ª ZONA ELEITORAL DE GOIÂNIA GO
GO,3,003ª ZONA ELEITORAL DE ANÁPOLIS GO
GO,4,004ª ZONA ELEITORAL DE NOVO GAMA GO
GO,5,005ª ZONA ELEITORAL DE BURITI ALEGRE GO
GO,6,006ª ZONA ELEITORAL DE CAIAPÔNIA GO
GO,7,007ª ZONA ELEITORAL DE CALDAS NOVAS GO
GO,8,008ª ZONA ELEITORAL DE CATALÃO GO
GO,11,011ª ZONA ELEITORAL DE FORMOSA GO
GO,12,012ª ZONA ELEITORAL DE GOIÁS GO
GO,13,013ª ZONA ELEITORAL DE INHUMAS GO
GO,14,014ª ZONA ELEITORAL DE IPAMERI GO
GO,15,015ª ZONA ELEITORAL DE ITABERAÍ GO
GO,16,016ª ZONA ELEITORAL DE ITUMBIARA GO
GO,17,017ª ZONA ELEITORAL DE JARAGUÁ GO
GO,18,018ª ZONA ELEITORAL DE JATAÍ GO
GO,19,019ª ZONA ELEITORAL DE LUZIÂNIA GO
GO,20,020ª ZONA ELEITORAL DE PALMEIRAS DE GOIÁS GO
GO,21,021ª ZONA ELEITORAL DE MINEIROS GO
GO,22,022ª ZONA ELEITORAL DE MORRINHOS GO
GO,24,024ª ZONA ELEITORAL DE SANTO ANTÔNIO DO DESCOBERTO GO
GO,25,025ª ZONA ELEITORAL DE PIRACANJUBA GO
GO,26,026ª ZONA ELEITORAL DE PIRENÓPOLIS GO
GO,27,027ª ZONA ELEITORAL DE PIRES DO RIO GO
GO,28,028ª ZONA ELEITORAL DE ÁGUAS LINDAS DE GOIÁS GO
GO,29,029ª ZONA ELEITORAL DE POSSE GO
GO,30,030ª ZONA ELEITORAL DE RIO VERDE GO
GO,31,031ª ZONA ELEITORAL DE SILVÂNIA GO
GO,32,032ª ZONA ELEITORAL DE BELA VISTA DE GOIÁS GO
GO,33,033ª ZONA ELEITORAL DE VALPARAÍSO DE GOIÁS GO
GO,34,034ª ZONA ELEITORAL DE ANICUNS GO
GO,35,035ª ZONA ELEITORAL DE ARAGARÇAS GO
GO,36,036ª ZONA ELEITORAL DE CRISTALINA GO
GO,38,038ª ZONA ELEITORAL DE GOIATUBA GO
GO,39,039ª ZONA ELEITORAL DE ITAPACI GO
GO,40,040ª ZONA ELEITORAL DE SENADOR CANEDO GO
GO,41,041ª ZONA ELEITORAL DE NIQUELÂNDIA GO
GO,42,042ª ZONA ELEITORAL DE CIDADE OCIDENTAL GO
GO,43,043ª ZONA ELEITORAL DE PARAÚNA GO
GO,44,044ª ZONA ELEITORAL DE PLANALTINA GO
GO,45,045ª ZONA ELEITORAL DE PONTALINA GO
GO,46,046ª ZONA ELEITORAL DE QUIRINÓPOLIS GO
GO,47,047ª ZONA ELEITORAL DE SÃO DOMINGOS GO
GO,49,049ª ZONA ELEITORAL DE TRINDADE GO
GO,50,050ª ZONA ELEITORAL DE URUAÇU GO
GO,53,053ª ZONA ELEITORAL DE IPORÁ GO
GO,54,054ª ZONA ELEITORAL DE NERÓPOLIS GO
GO,55,055ª ZONA ELEITORAL DE PORANGATU GO
GO,56,056ª ZONA ELEITORAL DE GUAPÓ GO
GO,57,057ª ZONA ELEITORAL DE ITAUÇU GO
GO,63,063ª ZONA ELEITORAL DE FIRMINÓPOLIS GO
GO,66,066ª ZONA ELEITORAL DE SANTA HELENA DE GOIÁS GO
GO,68,068ª ZONA ELEITORAL DE EDÉIA GO
GO,72,072ª ZONA ELEITORAL DE CERES GO
GO,74,074ª ZONA ELEITORAL DE GOIANÉSIA GO
GO,76,076ª ZONA ELEITORAL DE RUBIATABA GO
GO,77,077ª ZONA ELEITORAL DE ITAPURANGA GO
GO,79,079ª ZONA ELEITORAL DE FAZENDA NOVA GO
GO,80,080ª ZONA ELEITORAL DE SÃO LUÍS DE MONTES BELOS GO
GO,85,085ª ZONA ELEITORAL DE CRIXÁS GO
GO,87,087ª ZONA ELEITORAL DE ALEXÂNIA GO
GO,88,088ª ZONA ELEITORAL DE MARA ROSA GO
GO,94,094ª ZONA ELEITORAL DE SÃO MIGUEL DO ARAGUAIA GO
GO,95,095ª ZONA ELEITORAL DE JUSSARA GO
GO,96,096ª ZONA ELEITORAL DE ITAJÁ GO
GO,97,097ª ZONA ELEITORAL DE CACHOEIRA ALTA GO
GO,99,099ª ZONA ELEITORAL DE CAVALCANTE GO
GO,101,101ª ZONA ELEITORAL DE GOIANIRA GO
GO,102,102ª ZONA ELEITORAL DE PIRANHAS GO
GO,105,105ª ZONA ELEITORAL DE CAMPOS BELOS GO
GO,106,106ª ZONA ELEITORAL DE CAÇU GO
GO,110,110ª ZONA ELEITORAL DE MOZARLÂNDIA GO
GO,119,119ª ZONA ELEITORAL DE APARECIDA DE GOIÂNIA GO
GO,123,123ª ZONA ELEITORAL DE ALVORADA DO NORTE GO
GO,124,124ª ZONA ELEITORAL DE BOM JESUS DE GOIÁS GO
GO,125,125ª ZONA ELEITORAL DE FORMOSO GO
GO,127,127ª ZONA ELEITORAL DE GOIÂNIA GO
GO,128,128ª ZONA ELEITORAL DE ACREÚNA GO
GO,130,130ª ZONA ELEITORAL DE MINAÇU GO
GO,131,131ª ZONA ELEITORAL DE PADRE BERNARDO GO
GO,132,132ª ZONA ELEITORAL DE APARECIDA DE GOIÂNIA GO
GO,133,133ª ZONA ELEITORAL DE GOIÂNIA GO
GO,134,134ª ZONA ELEITORAL DE GOIÂNIA GO
GO,135,135ª ZONA ELEITORAL DE GOIÂNIA GO
GO,136,136ª ZONA ELEITORAL DE GOIÂNIA GO
GO,140,140ª ZONA ELEITORAL DE RIO VERDE GO
GO,141,141ª ZONA ELEITORAL DE ANÁPOLIS GO
GO,143,143ª ZONA ELEITORAL DE ALTO PARAÍSO DE GOIÁS GO
GO,144,144ª ZONA ELEITORAL DE ANÁPOLIS GO
GO,145,145ª ZONA ELEITORAL DE APARECIDA DE GOIÂNIA GO
GO,146,146ª ZONA ELEITORAL DE GOIÂNIA GO
GO,147,147ª ZONA ELEITORAL DE GOIÂNIA GO
GO,647,128ª ZONA ELEITORAL DE ACREÚNA GO
MA,0,007ª ZONA ELEITORAL DE CODÓ MA
MA,1,001ª ZONA ELEITORAL DE SÃO LUÍS MA
MA,2,002ª ZONA ELEITORAL DE SÃO LUÍS MA
MA,3,003ª ZONA ELEITORAL DE SÃO LUÍS MA
MA,4,004ª ZONA ELEITORAL DE CAXIAS MA
MA,5,005ª ZONA ELEITORAL DE CAXIAS MA
MA,6,006ª ZONA ELEITORAL DE CAXIAS MA
MA,7,007ª ZONA ELEITORAL DE CODÓ MA
MA,8,008ª ZONA ELEITORAL DE COROATÁ MA
MA,9,009ª ZONA ELEITORAL DE PEDREIRAS MA
MA,10,010ª ZONA ELEITORAL DE SÃO LUÍS MA
MA,11,011ª ZONA ELEITORAL DE ALTO PARNAÍBA MA
MA,12,012ª ZONA ELEITORAL DE ARAIOSES MA
MA,13,013ª ZONA ELEITORAL DE BACABAL MA
MA,14,014ª ZONA ELEITORAL DE CURURUPU MA
MA,15,015ª ZONA ELEITORAL DE GRAJAÚ MA
MA,16,016ª ZONA ELEITORAL DE ITAPECURU MIRIM MA
MA,17,017ª ZONA ELEITORAL DE PASTOS BONS MA
MA,18,018ª ZONA ELEITORAL DE ROSÁRIO MA
MA,19,019ª ZONA ELEITORAL DE TIMON MA
MA,20,020ª ZONA ELEITORAL DE VIANA MA
MA,21,021ª ZONA ELEITORAL DE BARÃO DE GRAJAÚ MA
MA,22,022ª ZONA ELEITORAL DE BALSAS MA
MA,23,023ª ZONA ELEITORAL DE BARRA DO CORDA MA
MA,24,024ª ZONA ELEITORAL DE BREJO MA
MA,25,025ª ZONA ELEITORAL DE BURITI MA
MA,26,026ª ZONA ELEITORAL DE CAROLINA MA
MA,27,027ª ZONA ELEITORAL DE ARARI MA
MA,28,028ª ZONA ELEITORAL DE COELHO NETO MA
MA,29,029ª ZONA ELEITORAL DE COLINAS MA
MA,30,030ª ZONA ELEITORAL DE GUIMARÃES MA
MA,31,031ª ZONA ELEITORAL DE ICATU MA
MA,32,032ª ZONA ELEITORAL DE HUMBERTO DE CAMPOS MA
MA,33,033ª ZONA ELEITORAL DE IMPERATRIZ MA
MA,34,034ª ZONA ELEITORAL DE SÃO RAIMUNDO DAS MANGABEIRAS MA
MA,35,035ª ZONA ELEITORAL DE SÃO LUÍS GONZAGA DO MARANHÃO MA
MA,36,036ª ZONA ELEITORAL DE PARNARAMA MA
MA,37,037ª ZONA ELEITORAL DE PINHEIRO MA
MA,38,038ª ZONA ELEITORAL DE SÃO BENTO MA
MA,39,039ª ZONA ELEITORAL DE TURIAÇU MA
MA,40,040ª ZONA ELEITORAL DE TUTÓIA MA
MA,41,041ª ZONA ELEITORAL DE VITÓRIA DO MEARIM MA
MA,42,042ª ZONA ELEITORAL DE CHAPADINHA MA
MA,43,043ª ZONA ELEITORAL DE PINDARÉ-MIRIM MA
MA,44,044ª ZONA ELEITORAL DE PASSAGEM FRANCA MA
MA,45,045ª ZONA ELEITORAL DE PENALVA MA
MA,46,046ª ZONA ELEITORAL DE PORTO FRANCO MA
MA,47,047ª ZONA ELEITORAL DE SÃO JOSÉ DE RIBAMAR MA
MA,48,048ª ZONA ELEITORAL DE DOM PEDRO MA
MA,49,049ª ZONA ELEITORAL DE VITORINO FREIRE MA
MA,50,050ª ZONA ELEITORAL DE VARGEM GRANDE MA
MA,51,051ª ZONA ELEITORAL DE SÃO BERNARDO MA
MA,52,052ª ZONA ELEITORAL DE ALCÂNTARA MA
MA,53,053ª ZONA ELEITORAL DE SÃO JOÃO DOS PATOS MA
MA,54,054ª ZONA ELEITORAL DE PRESIDENTE DUTRA MA
MA,55,055ª ZONA ELEITORAL DE CARUTAPERA MA
MA,56,056ª ZONA ELEITORAL DE BARREIRINHAS MA
MA,57,057ª ZONA ELEITORAL DE SANTA INÊS MA
MA,58,058ª ZONA ELEITORAL DE JOÃO LISBOA MA
MA,60,060ª ZONA ELEITORAL DE SÃO DOMINGOS DO MARANHÃO MA
MA,61,061ª ZONA ELEITORAL DE ESPERANTINÓPOLIS MA
MA,62,062ª ZONA ELEITORAL DE LORETO MA
MA,63,063ª ZONA ELEITORAL DE SÃO JOÃO BATISTA MA
MA,64,064ª ZONA ELEITORAL DE CÂNDIDO MENDES MA
MA,65,065ª ZONA ELEITORAL DE IMPERATRIZ MA
MA,66,066ª ZONA ELEITORAL DE BACABAL MA
MA,67,067ª ZONA ELEITORAL DE PEDREIRAS MA
MA,68,068ª ZONA ELEITORAL DE CANTANHEDE MA
MA,69,069ª ZONA ELEITORAL DE SANTO ANTÔNIO DOS LOPES MA
MA,70,070ª ZONA ELEITORAL DE SANTA LUZIA MA
MA,71,071ª ZONA ELEITORAL DE AÇAILÂNDIA MA
MA,72,072ª ZONA ELEITORAL DE MIRADOR MA
MA,73,073ª ZONA ELEITORAL DE URBANO SANTOS MA
MA,74,074ª ZONA ELEITORAL DE LAGO DA PEDRA MA
MA,75,075ª ZONA ELEITORAL DE RIACHÃO MA
MA,76,076ª ZONA ELEITORAL DE SÃO LUÍS MA
MA,77,077ª ZONA ELEITORAL DE SANTA INÊS MA
MA,78,078ª ZONA ELEITORAL DE BOM JARDIM MA
MA,79,079ª ZONA ELEITORAL DE TUNTUM MA
MA,80,080ª ZONA ELEITORAL DE SANTA LUZIA DO PARUÁ MA
MA,81,081ª ZONA ELEITORAL DE MATÕES MA
MA,82,082ª ZONA ELEITORAL DE ESTREITO MA
MA,83,083ª ZONA ELEITORAL DE SANTA HELENA MA
MA,84,084ª ZONA ELEITORAL DE SÃO MATEUS DO MARANHÃO MA
MA,86,086ª ZONA ELEITORAL DE MATINHA MA
MA,87,087ª ZONA ELEITORAL DE OLHO D'ÁGUA DAS CUNHÃS MA
MA,89,089ª ZONA ELEITORAL DE SÃO LUÍS MA
MA,92,092ª ZONA ELEITORAL DE SÃO PEDRO DA ÁGUA BRANCA MA
MA,93,093ª ZONA ELEITORAL DE PAÇO DO LUMIAR MA
MA,95,095ª ZONA ELEITORAL DE BURITICUPU MA
MA,96,096ª ZONA ELEITORAL DE ZÉ DOCA MA
MA,97,097ª ZONA ELEITORAL DE BARRA DO CORDA MA
MA,98,098ª ZONA ELEITORAL DE AÇAILÂNDIA MA
MA,99,099ª ZONA ELEITORAL DE AMARANTE DO MARANHÃO MA
MA,100,100ª ZONA ELEITORAL DE MARACAÇUMÉ MA
MA,101,101ª ZONA ELEITORAL DE GOVERNADOR NUNES FREIRE MA
MA,102,102ª ZONA ELEITORAL DE PAULO RAMOS MA
MA,103,103ª ZONA ELEITORAL DE MONTES ALTOS MA
MA,104,104ª ZONA ELEITORAL DE ARAME MA
MA,105,105ª ZONA ELEITORAL DE BALSAS MA
MA,106,106ª ZONA ELEITORAL DE PINHEIRO MA
MA,107,107ª ZONA ELEITORAL DE BACURI MA
MA,108,108ª ZONA ELEITORAL DE GOVERNADOR EUGÊNIO BARROS MA
MA,109,109ª ZONA ELEITORAL DE ITAPECURU MIRIM MA
MA,110,110ª ZONA ELEITORAL DE MORROS MA
MA,111,111ª ZONA ELEITORAL DE BEQUIMÃO MA
MG,0,082ª ZONA ELEITORAL DE CONCEIÇÃO DAS ALAGOAS MG
MG,1,001ª ZONA ELEITORAL DE ABAETÉ MG
MG,2,002ª ZONA ELEITORAL DE ABRE CAMPO MG
MG,3,003ª ZONA ELEITORAL DE AÇUCENA MG
MG,4,004ª ZONA ELEITORAL DE ÁGUAS FORMOSAS MG
MG,5,005ª ZONA ELEITORAL DE AIMORÉS MG
MG,6,006ª ZONA ELEITORAL DE AIURUOCA MG
MG,7,007ª ZONA ELEITORAL DE ALÉM PARAÍBA MG
MG,8,008ª ZONA ELEITORAL DE ALFENAS MG
MG,9,009ª ZONA ELEITORAL DE ALMENARA MG
MG,10,010ª ZONA ELEITORAL DE ALPINÓPOLIS MG
MG,11,011ª ZONA ELEITORAL DE ALTO RIO DOCE MG
MG,12,012ª ZONA ELEITORAL DE ALVINÓPOLIS MG
MG,13,013ª ZONA ELEITORAL DE ANDRADAS MG
MG,14,014ª ZONA ELEITORAL DE ANDRELÂNDIA MG
MG,15,015ª ZONA ELEITORAL DE ARAÇUAÍ MG
MG,16,016ª ZONA ELEITORAL DE ARAGUARI MG
MG,17,017ª ZONA ELEITORAL DE ARAXÁ MG
MG,18,018ª ZONA ELEITORAL DE ARCOS MG
MG,19,019ª ZONA ELEITORAL DE AREADO MG
MG,21,021ª ZONA ELEITORAL DE BAMBUÍ MG
MG,22,022ª ZONA ELEITORAL DE BARÃO DE COCAIS MG
MG,23,023ª ZONA ELEITORAL DE BARBACENA MG
MG,24,024ª ZONA ELEITORAL DE BARBACENA MG
MG,25,025ª ZONA ELEITORAL DE BARBACENA MG
MG,26,026ª ZONA ELEITORAL DE BELO HORIZONTE MG
MG,27,027ª ZONA ELEITORAL DE BELO HORIZONTE MG
MG,28,028ª ZONA ELEITORAL DE BELO HORIZONTE MG
MG,29,029ª ZONA ELEITORAL DE BELO HORIZONTE MG
MG,30,030ª ZONA ELEITORAL DE BELO HORIZONTE MG
MG,31,031ª ZONA ELEITORAL DE BELO HORIZONTE MG
MG,32,032ª ZONA ELEITORAL DE BELO HORIZONTE MG
MG,33,033ª ZONA ELEITORAL DE BELO HORIZONTE MG
MG,34,034ª ZONA ELEITORAL DE BELO HORIZONTE MG
MG,35,035ª ZONA ELEITORAL DE BELO HORIZONTE MG
MG,36,036ª ZONA ELEITORAL DE BELO HORIZONTE MG
MG,37,037ª ZONA ELEITORAL DE BELO HORIZONTE MG
MG,38,038ª ZONA ELEITORAL DE BELO HORIZONTE MG
MG,39,039ª ZONA ELEITORAL DE BELO HORIZONTE MG
MG,41,041ª ZONA ELEITORAL DE IGARAPÉ MG
MG,42,042ª ZONA ELEITORAL DE BICAS MG
MG,43,043ª ZONA ELEITORAL DE BOA ESPERANÇA MG
MG,44,044ª ZONA ELEITORAL DE BOCAIÚVA MG
MG,45,045ª ZONA ELEITORAL DE BOM DESPACHO MG
MG,46,046ª ZONA ELEITORAL DE BOM SUCESSO MG
MG,47,047ª ZONA ELEITORAL DE BONFIM MG
MG,50,050ª ZONA ELEITORAL DE BRASÍLIA DE MINAS MG
MG,51,051ª ZONA ELEITORAL DE BRAZÓPOLIS MG
MG,52,052ª ZONA ELEITORAL DE BRUMADINHO MG
MG,54,054ª ZONA ELEITORAL DE BUENÓPOLIS MG
MG,55,055ª ZONA ELEITORAL DE BOTELHOS MG
MG,56,056ª ZONA ELEITORAL DE CAETÉ MG
MG,58,058ª ZONA ELEITORAL DE CAMANDUCAIA MG
MG,59,059ª ZONA ELEITORAL DE CAMBUÍ MG
MG,61,061ª ZONA ELEITORAL DE CAMPANHA MG
MG,63,063ª ZONA ELEITORAL DE JAÍBA MG
MG,64,064ª ZONA ELEITORAL DE CAMPO BELO MG
MG,65,065ª ZONA ELEITORAL DE CAMPOS GERAIS MG
MG,67,067ª ZONA ELEITORAL DE CAPELINHA MG
MG,68,068ª ZONA ELEITORAL DE CARANDAÍ MG
MG,69,069ª ZONA ELEITORAL DE CARANGOLA MG
MG,70,070ª ZONA ELEITORAL DE DIVINO MG
MG,71,071ª ZONA ELEITORAL DE CARATINGA MG
MG,72,072ª ZONA ELEITORAL DE CARATINGA MG
MG,73,073ª ZONA ELEITORAL DE CARLOS CHAGAS MG
MG,76,076ª ZONA ELEITORAL DE CARMO DO PARANAÍBA MG
MG,77,077ª ZONA ELEITORAL DE CARMO DO RIO CLARO MG
MG,78,078ª ZONA ELEITORAL DE CÁSSIA MG
MG,79,079ª ZONA ELEITORAL DE CATAGUASES MG
MG,80,080ª ZONA ELEITORAL DE CAXAMBU MG
MG,81,081ª ZONA ELEITORAL DE CLÁUDIO MG
MG,82,082ª ZONA ELEITORAL DE CONCEIÇÃO DAS ALAGOAS MG
MG,83,083ª ZONA ELEITORAL DE CONCEIÇÃO DO MATO DENTRO MG
MG,85,085ª ZONA ELEITORAL DE CONGONHAS MG
MG,87,087ª ZONA ELEITORAL DE CONSELHEIRO LAFAIETE MG
MG,88,088ª ZONA ELEITORAL DE CONSELHEIRO LAFAIETE MG
MG,89,089ª ZONA ELEITORAL DE CONSELHEIRO PENA MG
MG,90,090ª ZONA ELEITORAL DE CONTAGEM MG
MG,91,091ª ZONA ELEITORAL DE CONTAGEM MG
MG,93,093ª ZONA ELEITORAL DE CONTAGEM MG
MG,94,094ª ZONA ELEITORAL DE CORAÇÃO DE JESUS MG
MG,95,095ª ZONA ELEITORAL DE CORINTO MG
MG,96,096ª ZONA ELEITORAL DE COROMANDEL MG
MG,97,097ª ZONA ELEITORAL DE CORONEL FABRICIANO MG
MG,98,098ª ZONA ELEITORAL DE TIMÓTEO MG
MG,99,099ª ZONA ELEITORAL DE CRISTINA MG
MG,100,100ª ZONA ELEITORAL DE CURVELO MG
MG,101,101ª ZONA ELEITORAL DE DIAMANTINA MG
MG,102,102ª ZONA ELEITORAL DE DIVINÓPOLIS MG
MG,103,103ª ZONA ELEITORAL DE DIVINÓPOLIS MG
MG,104,104ª ZONA ELEITORAL DE DORES DO INDAIÁ MG
MG,106,106ª ZONA ELEITORAL DE ENTRE RIOS DE MINAS MG
MG,107,107ª ZONA ELEITORAL DE ERVÁLIA MG
MG,108,108ª ZONA ELEITORAL DE ESMERALDAS MG
MG,109,109ª ZONA ELEITORAL DE ESPINOSA MG
MG,110,110ª ZONA ELEITORAL DE ESTRELA DO SUL MG
MG,111,111ª ZONA ELEITORAL DE EUGENÓPOLIS MG
MG,112,112ª ZONA ELEITORAL DE EXTREMA MG
MG,113,113ª ZONA ELEITORAL DE FERROS MG
MG,114,114ª ZONA ELEITORAL DE FORMIGA MG
MG,115,115ª ZONA ELEITORAL DE FRANCISCO SÁ MG
MG,116,116ª ZONA ELEITORAL DE FRUTAL MG
MG,117,117ª ZONA ELEITORAL DE GALILÉIA MG
MG,118,118ª ZONA ELEITORAL DE GOVERNADOR VALADARES MG
MG,119,119ª ZONA ELEITORAL DE GOVERNADOR VALADARES MG
MG,120,120ª ZONA ELEITORAL DE GRÃO MOGOL MG
MG,121,121ª ZONA ELEITORAL DE GUANHÃES MG
MG,122,122ª ZONA ELEITORAL DE GUAPÉ MG
MG,125,125ª ZONA ELEITORAL DE GUAXUPÉ MG
MG,126,126ª ZONA ELEITORAL DE IBIÁ MG
MG,127,127ª ZONA ELEITORAL DE IBIRACI MG
MG,128,128ª ZONA ELEITORAL DE INHAPIM MG
MG,129,129ª ZONA ELEITORAL DE IPANEMA MG
MG,130,130ª ZONA ELEITORAL DE IPATINGA MG
MG,131,131ª ZONA ELEITORAL DE IPATINGA MG
MG,132,132ª ZONA ELEITORAL DE ITABIRA MG
MG,133,133ª ZONA ELEITORAL DE ITABIRITO MG
MG,134,134ª ZONA ELEITORAL DE ITAJUBÁ MG
MG,135,135ª ZONA ELEITORAL DE ITAMARANDIBA MG
MG,136,136ª ZONA ELEITORAL DE ITAMBACURI MG
MG,137,137ª ZONA ELEITORAL DE ITANHANDU MG
MG,138,138ª ZONA ELEITORAL DE ITANHOMI MG
MG,139,139ª ZONA ELEITORAL DE ITAPECERICA MG
MG,140,140ª ZONA ELEITORAL DE ITAÚNA MG
MG,141,141ª ZONA ELEITORAL DE ITUIUTABA MG
MG,142,142ª ZONA ELEITORAL DE ITURAMA MG
MG,143,143ª ZONA ELEITORAL DE JABOTICATUBAS MG
MG,144,144ª ZONA ELEITORAL DE JACINTO MG
MG,147,147ª ZONA ELEITORAL DE JANAÚBA MG
MG,148,148ª ZONA ELEITORAL DE JANUÁRIA MG
MG,149,149ª ZONA ELEITORAL DE JEQUITINHONHA MG
MG,150,150ª ZONA ELEITORAL DE JOÃO MONLEVADE MG
MG,151,151ª ZONA ELEITORAL DE JOÃO PINHEIRO MG
MG,152,152ª ZONA ELEITORAL DE JUIZ DE FORA MG
MG,153,153ª ZONA ELEITORAL DE JUIZ DE FORA MG
MG,156,156ª ZONA ELEITORAL DE LAGOA DA PRATA MG
MG,157,157ª ZONA ELEITORAL DE LAGOA SANTA MG
MG,158,158ª ZONA ELEITORAL DE LAJINHA MG
MG,159,159ª ZONA ELEITORAL DE LAMBARI MG
MG,160,160ª ZONA ELEITORAL DE LAVRAS MG
MG,161,161ª ZONA ELEITORAL DE LEOPOLDINA MG
MG,162,162ª ZONA ELEITORAL DE LIMA DUARTE MG
MG,163,163ª ZONA ELEITORAL DE LUZ MG
MG,164,164ª ZONA ELEITORAL DE MACHADO MG
MG,165,165ª ZONA ELEITORAL DE MALACACHETA MG
MG,166,166ª ZONA ELEITORAL DE MANGA MG
MG,167,167ª ZONA ELEITORAL DE MANHUAÇU MG
MG,168,168ª ZONA ELEITORAL DE MANHUMIRIM MG
MG,169,169ª ZONA ELEITORAL DE MANTENA MG
MG,170,170ª ZONA ELEITORAL DE MAR DE ESPANHA MG
MG,171,171ª ZONA ELEITORAL DE MARIANA MG
MG,172,172ª ZONA ELEITORAL DE MATEUS LEME MG
MG,173,173ª ZONA ELEITORAL DE MATIAS BARBOSA MG
MG,174,174ª ZONA ELEITORAL DE MATOZINHOS MG
MG,175,175ª ZONA ELEITORAL DE MEDINA MG
MG,176,176ª ZONA ELEITORAL DE MESQUITA MG
MG,177,177ª ZONA ELEITORAL DE MINAS NOVAS MG
MG,179,179ª ZONA ELEITORAL DE MONTE ALEGRE DE MINAS MG
MG,180,180ª ZONA ELEITORAL DE MONTE AZUL MG
MG,181,181ª ZONA ELEITORAL DE MONTE CARMELO MG
MG,182,182ª ZONA ELEITORAL DE MONTE SANTO DE MINAS MG
MG,183,183ª ZONA ELEITORAL DE MONTE SIÃO MG
MG,184,184ª ZONA ELEITORAL DE MONTES CLAROS MG
MG,185,185ª ZONA ELEITORAL DE MONTES CLAROS MG
MG,187,187ª ZONA ELEITORAL DE MURIAÉ MG
MG,188,188ª ZONA ELEITORAL DE MUTUM MG
MG,189,189ª ZONA ELEITORAL DE MUZAMBINHO MG
MG,190,190ª ZONA ELEITORAL DE NANUQUE MG
MG,192,192ª ZONA ELEITORAL DE NEPOMUCENO MG
MG,193,193ª ZONA ELEITORAL DE NOVA ERA MG
MG,194,194ª ZONA ELEITORAL DE NOVA LIMA MG
MG,195,195ª ZONA ELEITORAL DE NOVA RESENDE MG
MG,196,196ª ZONA ELEITORAL DE NOVO CRUZEIRO MG
MG,197,197ª ZONA ELEITORAL DE OLIVEIRA MG
MG,199,199ª ZONA ELEITORAL DE OURO FINO MG
MG,200,200ª ZONA ELEITORAL DE OURO PRETO MG
MG,201,201ª ZONA ELEITORAL DE PALMA MG
MG,202,202ª ZONA ELEITORAL DE PARÁ DE MINAS MG
MG,203,203ª ZONA ELEITORAL DE PARACATU MG
MG,205,205ª ZONA ELEITORAL DE PARAISÓPOLIS MG
MG,206,206ª ZONA ELEITORAL DE PARAOPEBA MG
MG,208,208ª ZONA ELEITORAL DE PASSA TEMPO MG
MG,209,209ª ZONA ELEITORAL DE PASSOS MG
MG,210,210ª ZONA ELEITORAL DE PATOS DE MINAS MG
MG,211,211ª ZONA ELEITORAL DE PATROCÍNIO MG
MG,212,212ª ZONA ELEITORAL DE PEÇANHA MG
MG,213,213ª ZONA ELEITORAL DE PEDRA AZUL MG
MG,215,215ª ZONA ELEITORAL DE PEDRO LEOPOLDO MG
MG,216,216ª ZONA ELEITORAL DE PERDÕES MG
MG,217,217ª ZONA ELEITORAL DE PIRANGA MG
MG,218,218ª ZONA ELEITORAL DE PIRAPORA MG
MG,219,219ª ZONA ELEITORAL DE PITANGUI MG
MG,220,220ª ZONA ELEITORAL DE PIUMHI MG
MG,222,222ª ZONA ELEITORAL DE POÇOS DE CALDAS MG
MG,223,223ª ZONA ELEITORAL DE POMPÉU MG
MG,224,224ª ZONA ELEITORAL DE PONTE NOVA MG
MG,225,225ª ZONA ELEITORAL DE PONTE NOVA MG
MG,226,226ª ZONA ELEITORAL DE PORTEIRINHA MG
MG,227,227ª ZONA ELEITORAL DE POUSO ALEGRE MG
MG,228,228ª ZONA ELEITORAL DE PRADOS MG
MG,229,229ª ZONA ELEITORAL DE PRATA MG
MG,230,230ª ZONA ELEITORAL DE PRESIDENTE OLEGÁRIO MG
MG,231,231ª ZONA ELEITORAL DE RAUL SOARES MG
MG,232,232ª ZONA ELEITORAL DE RESENDE COSTA MG
MG,233,233ª ZONA ELEITORAL DE RESPLENDOR MG
MG,234,234ª ZONA ELEITORAL DE RIO CASCA MG
MG,235,235ª ZONA ELEITORAL DE RIO NOVO MG
MG,237,237ª ZONA ELEITORAL DE RIO PARDO DE MINAS MG
MG,239,239ª ZONA ELEITORAL DE RIO POMBA MG
MG,240,240ª ZONA ELEITORAL DE RIO PRETO MG
MG,241,241ª ZONA ELEITORAL DE SABARÁ MG
MG,242,242ª ZONA ELEITORAL DE SABINÓPOLIS MG
MG,243,243ª ZONA ELEITORAL DE SACRAMENTO MG
MG,244,244ª ZONA ELEITORAL DE SALINAS MG
MG,245,245ª ZONA ELEITORAL DE SANTA BÁRBARA MG
MG,246,246ª ZONA ELEITORAL DE SANTA LUZIA MG
MG,247,247ª ZONA ELEITORAL DE SANTA MARIA DO SUAÇUÍ MG
MG,248,248ª ZONA ELEITORAL DE SANTA RITA DO SAPUCAÍ MG
MG,249,249ª ZONA ELEITORAL DE SANTO ANTÔNIO DO MONTE MG
MG,250,250ª ZONA ELEITORAL DE SANTOS DUMONT MG
MG,251,251ª ZONA ELEITORAL DE SÃO DOMINGOS DO PRATA MG
MG,252,252ª ZONA ELEITORAL DE SÃO FRANCISCO MG
MG,253,253ª ZONA ELEITORAL DE SÃO GONÇALO DO SAPUCAÍ MG
MG,254,254ª ZONA ELEITORAL DE SÃO GOTARDO MG
MG,255,255ª ZONA ELEITORAL DE SÃO JOÃO DA PONTE MG
MG,257,257ª ZONA ELEITORAL DE SÃO JOÃO EVANGELISTA MG
MG,258,258ª ZONA ELEITORAL DE SÃO JOÃO NEPOMUCENO MG
MG,259,259ª ZONA ELEITORAL DE SÃO LOURENÇO MG
MG,260,260ª ZONA ELEITORAL DE SÃO SEBASTIÃO DO PARAÍSO MG
MG,261,261ª ZONA ELEITORAL DE SENADOR FIRMINO MG
MG,262,262ª ZONA ELEITORAL DE SERRO MG
MG,263,263ª ZONA ELEITORAL DE SETE LAGOAS MG
MG,264,264ª ZONA ELEITORAL DE SETE LAGOAS MG
MG,266,266ª ZONA ELEITORAL DE TAIOBEIRAS MG
MG,267,267ª ZONA ELEITORAL DE TARUMIRIM MG
MG,268,268ª ZONA ELEITORAL DE TEIXEIRAS MG
MG,269,269ª ZONA ELEITORAL DE TEÓFILO OTONI MG
MG,270,270ª ZONA ELEITORAL DE TEÓFILO OTONI MG
MG,272,272ª ZONA ELEITORAL DE TRÊS CORAÇÕES MG
MG,273,273ª ZONA ELEITORAL DE TRÊS PONTAS MG
MG,274,274ª ZONA ELEITORAL DE TUPACIGUARA MG
MG,275,275ª ZONA ELEITORAL DE UBÁ MG
MG,276,276ª ZONA ELEITORAL DE UBERABA MG
MG,278,278ª ZONA ELEITORAL DE UBERLÂNDIA MG
MG,279,279ª ZONA ELEITORAL DE UBERLÂNDIA MG
MG,280,280ª ZONA ELEITORAL DE UNAÍ MG
MG,281,281ª ZONA ELEITORAL DE VARGINHA MG
MG,282,282ª ZONA ELEITORAL DE VIÇOSA MG
MG,283,283ª ZONA ELEITORAL DE VIRGINÓPOLIS MG
MG,284,284ª ZONA ELEITORAL DE VISCONDE DO RIO BRANCO MG
MG,285,285ª ZONA ELEITORAL DE SÃO ROMÃO MG
MG,286,286ª ZONA ELEITORAL DE RIBEIRÃO DAS NEVES MG
MG,287,287ª ZONA ELEITORAL DE CARMO DO CAJURU MG
MG,288,288ª ZONA ELEITORAL DE IBIRITÉ MG
MG,291,291ª ZONA ELEITORAL DE PERDIZES MG
MG,293,293ª ZONA ELEITORAL DE PRATÁPOLIS MG
MG,294,294ª ZONA ELEITORAL DE RIO VERMELHO MG
MG,295,295ª ZONA ELEITORAL DE VAZANTE MG
MG,296,296ª ZONA ELEITORAL DE CANDEIAS MG
MG,297,297ª ZONA ELEITORAL DE ITAPAGIPE MG
MG,298,298ª ZONA ELEITORAL DE NOVA SERRANA MG
MG,299,299ª ZONA ELEITORAL DE UBERLÂNDIA MG
MG,300,300ª ZONA ELEITORAL DE CACHOEIRA DE MINAS MG
MG,302,302ª ZONA ELEITORAL DE CAPINÓPOLIS MG
MG,303,303ª ZONA ELEITORAL DE ESPERA FELIZ MG
MG,306,306ª ZONA ELEITORAL DE ITAMONTE MG
MG,308,308ª ZONA ELEITORAL DE SANTA VITÓRIA MG
MG,309,309ª ZONA ELEITORAL DE TRÊS MARIAS MG
MG,310,310ª ZONA ELEITORAL DE VÁRZEA DA PALMA MG
MG,311,311ª ZONA ELEITORAL DE VESPASIANO MG
MG,312,312ª ZONA ELEITORAL DE SANTA LUZIA MG
MG,313,313ª ZONA ELEITORAL DE CONTAGEM MG
MG,314,314ª ZONA ELEITORAL DE UBERLÂNDIA MG
MG,315,315ª ZONA ELEITORAL DE JUIZ DE FORA MG
MG,316,316ª ZONA ELEITORAL DE BETIM MG
MG,317,317ª ZONA ELEITORAL DE MONTES CLAROS MG
MG,318,318ª ZONA ELEITORAL DE GOVERNADOR VALADARES MG
MG,319,319ª ZONA ELEITORAL DE BETIM MG
MG,320,320ª ZONA ELEITORAL DE ARINOS MG
MG,321,321ª ZONA ELEITORAL DE RIBEIRÃO DAS NEVES MG
MG,322,322ª ZONA ELEITORAL DE SETE LAGOAS MG
MG,324,324ª ZONA ELEITORAL DE BURITIS MG
MG,326,326ª ZONA ELEITORAL DE UBERABA MG
MG,327,327ª ZONA ELEITORAL DE CAMPOS ALTOS MG
MG,328,328ª ZONA ELEITORAL DE SÃO JOÃO DEL REI MG
MG,329,329ª ZONA ELEITORAL DE BONFINÓPOLIS DE MINAS MG
MG,330,330ª ZONA ELEITORAL DE PATOS DE MINAS MG
MG,331,331ª ZONA ELEITORAL DE BELO HORIZONTE MG
MG,332,332ª ZONA ELEITORAL DE BELO HORIZONTE MG
MG,333,333ª ZONA ELEITORAL DE BELO HORIZONTE MG
MG,334,334ª ZONA ELEITORAL DE BELO HORIZONTE MG
MG,335,335ª ZONA ELEITORAL DE UBERLÂNDIA MG
MG,336,336ª ZONA ELEITORAL DE TURMALINA MG
MG,338,338ª ZONA ELEITORAL DE BELO VALE MG
MG,339,339ª ZONA ELEITORAL DE JEQUERI MG
MG,340,340ª ZONA ELEITORAL DE NOVA PONTE MG
MG,341,341ª ZONA ELEITORAL DE EMBU DAS ARTES SP
MG,342,342ª ZONA ELEITORAL DE MONTALVÂNIA MG
MG,343,343ª ZONA ELEITORAL DE ITUMIRIM MG
MG,345,345ª ZONA ELEITORAL DE SANTA RITA DE CALDAS MG
MG,346,346ª ZONA ELEITORAL DE CRUZÍLIA MG
MG,347,347ª ZONA ELEITORAL DE UBERABA MG
MG,348,348ª ZONA ELEITORAL DE IPATINGA MG
MG,349,349ª ZONA ELEITORAL DE JUIZ DE FORA MG
MG,350,350ª ZONA ELEITORAL DE POÇOS DE CALDAS MG
MG,351,351ª ZONA ELEITORAL DE IBIRITÉ MG
MG,851,320ª ZONA ELEITORAL DE ARINOS MG
MG,855,108ª ZONA ELEITORAL DE ESMERALDAS MG
MG,859,013ª ZONA ELEITORAL DE ANDRADAS MG
MS,0,036ª ZONA ELEITORAL DE CAMPO GRANDE MS
MS,1,001ª ZONA ELEITORAL DE AMAMBAI MS
MS,2,002ª ZONA ELEITORAL DE NAVIRAÍ MS
MS,3,003ª ZONA ELEITORAL DE CASSILÂNDIA MS
MS,4,004ª ZONA ELEITORAL DE FÁTIMA DO SUL MS
MS,5,005ª ZONA ELEITORAL DE NOVA ANDRADINA MS
MS,6,006ª ZONA ELEITORAL DE BATAGUASSU MS
MS,7,007ª ZONA ELEITORAL DE CORUMBÁ MS
MS,8,008ª ZONA ELEITORAL DE CAMPO GRANDE MS
MS,9,009ª ZONA ELEITORAL DE TRÊS LAGOAS MS
MS,10,010ª ZONA ELEITORAL DE AQUIDAUANA MS
MS,11,011ª ZONA ELEITORAL DE RIO BRILHANTE MS
MS,12,012ª ZONA ELEITORAL DE COXIM MS
MS,13,013ª ZONA ELEITORAL DE PARANAÍBA MS
MS,14,014ª ZONA ELEITORAL DE CAMAPUÃ MS
MS,15,015ª ZONA ELEITORAL DE MIRANDA MS
MS,16,016ª ZONA ELEITORAL DE MARACAJU MS
MS,17,017ª ZONA ELEITORAL DE BELA VISTA MS
MS,18,018ª ZONA ELEITORAL DE DOURADOS MS
MS,19,019ª ZONA ELEITORAL DE PONTA PORÃ MS
MS,20,020ª ZONA ELEITORAL DE PORTO MURTINHO MS
MS,21,021ª ZONA ELEITORAL DE RIO VERDE DE MATO GROSSO MS
MS,22,022ª ZONA ELEITORAL DE JARDIM MS
MS,23,023ª ZONA ELEITORAL DE ÁGUA CLARA MS
MS,24,024ª ZONA ELEITORAL DE APARECIDA DO TABOADO MS
MS,25,025ª ZONA ELEITORAL DE ELDORADO MS
MS,26,026ª ZONA ELEITORAL DE SONORA MS
MS,27,027ª ZONA ELEITORAL DE IVINHEMA MS
MS,28,028ª ZONA ELEITORAL DE CAARAPÓ MS
MS,30,030ª ZONA ELEITORAL DE BONITO MS
MS,31,031ª ZONA ELEITORAL DE SIDROLÂNDIA MS
MS,32,032ª ZONA ELEITORAL DE RIBAS DO RIO PARDO MS
MS,33,033ª ZONA ELEITORAL DE MUNDO NOVO MS
MS,34,034ª ZONA ELEITORAL DE BANDEIRANTES MS
MS,35,035ª ZONA ELEITORAL DE CAMPO GRANDE MS
MS,36,036ª ZONA ELEITORAL DE CAMPO GRANDE MS
MS,38,038ª ZONA ELEITORAL DE COSTA RICA MS
MS,39,039ª ZONA ELEITORAL DE DEODÁPOLIS MS
MS,40,040ª ZONA ELEITORAL DE SÃO GABRIEL DO OESTE MS
MS,41,041ª ZONA ELEITORAL DE BRASILÂNDIA MS
MS,43,043ª ZONA ELEITORAL DE DOURADOS MS
MS,44,044ª ZONA ELEITORAL DE CAMPO GRANDE MS
MS,45,045ª ZONA ELEITORAL DE NIOAQUE MS
MS,48,048ª ZONA ELEITORAL DE CHAPADÃO DO SUL MS
MS,49,049ª ZONA ELEITORAL DE ANASTÁCIO MS
MS,50,050ª ZONA ELEITORAL DE CORUMBÁ MS
MS,51,051ª ZONA ELEITORAL DE TRÊS LAGOAS MS
MS,52,052ª ZONA ELEITORAL DE PONTA PORÃ MS
MS,53,053ª ZONA ELEITORAL DE CAMPO GRANDE MS
MS,54,054ª ZONA ELEITORAL DE CAMPO GRANDE MS
MS,549,036ª ZONA ELEITORAL DE CAMPO GRANDE MS
MS,550,010ª ZONA ELEITORAL DE AQUIDAUANA MS
MS,554,038ª ZONA ELEITORAL DE COSTA RICA MS
MT,0,004ª ZONA ELEITORAL DE POCONÉ MT
MT,1,001ª ZONA ELEITORAL DE CUIABÁ MT
MT,2,002ª ZONA ELEITORAL DE GUIRATINGA MT
MT,3,003ª ZONA ELEITORAL DE ROSÁRIO OESTE MT
MT,4,004ª ZONA ELEITORAL DE POCONÉ MT
MT,5,005ª ZONA ELEITORAL DE NOVA MUTUM MT
MT,6,006ª ZONA ELEITORAL DE CÁCERES MT
MT,7,007ª ZONA ELEITORAL DE DIAMANTINO MT
MT,8,008ª ZONA ELEITORAL DE ALTO ARAGUAIA MT
MT,9,009ª ZONA ELEITORAL DE BARRA DO GARÇAS MT
MT,10,010ª ZONA ELEITORAL DE RONDONÓPOLIS MT
MT,11,011ª ZONA ELEITORAL DE ARIPUANÃ MT
MT,12,012ª ZONA ELEITORAL DE CAMPO VERDE MT
MT,13,013ª ZONA ELEITORAL DE BARRA DO BUGRES MT
MT,14,014ª ZONA ELEITORAL DE JACIARA MT
MT,15,015ª ZONA ELEITORAL DE SÃO FÉLIX DO ARAGUAIA MT
MT,16,016ª ZONA ELEITORAL DE VILA RICA MT
MT,17,017ª ZONA ELEITORAL DE ARENÁPOLIS MT
MT,18,018ª ZONA ELEITORAL DE MIRASSOL D'OESTE MT
MT,19,019ª ZONA ELEITORAL DE TANGARÁ DA SERRA MT
MT,20,020ª ZONA ELEITORAL DE VÁRZEA GRANDE MT
MT,21,021ª ZONA ELEITORAL DE LUCAS DO RIO VERDE MT
MT,22,022ª ZONA ELEITORAL DE SINOP MT
MT,23,023ª ZONA ELEITORAL DE COLÍDER MT
MT,24,024ª ZONA ELEITORAL DE ALTA FLORESTA MT
MT,25,025ª ZONA ELEITORAL DE PONTES E LACERDA MT
MT,26,026ª ZONA ELEITORAL DE NOVA XAVANTINA MT
MT,27,027ª ZONA ELEITORAL DE JUARA MT
MT,28,028ª ZONA ELEITORAL DE PORTO ALEGRE DO NORTE MT
MT,29,029ª ZONA ELEITORAL DE SÃO JOSÉ DO RIO CLARO MT
MT,30,030ª ZONA ELEITORAL DE ÁGUA BOA MT
MT,31,031ª ZONA ELEITORAL DE CANARANA MT
MT,32,032ª ZONA ELEITORAL DE CLÁUDIA MT
MT,33,033ª ZONA ELEITORAL DE PEIXOTO DE AZEVEDO MT
MT,34,034ª ZONA ELEITORAL DE CHAPADA DOS GUIMARÃES MT
MT,35,035ª ZONA ELEITORAL DE JUÍNA MT
MT,36,036ª ZONA ELEITORAL DE VERA MT
MT,38,038ª ZONA ELEITORAL DE SANTO ANTÔNIO DO LEVERGER MT
MT,39,039ª ZONA ELEITORAL DE CUIABÁ MT
MT,40,040ª ZONA ELEITORAL DE PRIMAVERA DO LESTE MT
MT,41,041ª ZONA ELEITORAL DE ARAPUTANGA MT
MT,42,042ª ZONA ELEITORAL DE SAPEZAL MT
MT,43,043ª ZONA ELEITORAL DE SORRISO MT
MT,44,044ª ZONA ELEITORAL DE GUARANTÃ DO NORTE MT
MT,45,045ª ZONA ELEITORAL DE PEDRA PRETA MT
MT,46,046ª ZONA ELEITORAL DE RONDONÓPOLIS MT
MT,47,047ª ZONA ELEITORAL DE POXORÉU MT
MT,48,048ª ZONA ELEITORAL DE COTRIGUAÇU MT
MT,49,049ª ZONA ELEITORAL DE VÁRZEA GRANDE MT
MT,50,050ª ZONA ELEITORAL DE NOVA MONTE VERDE MT
MT,51,051ª ZONA ELEITORAL DE CUIABÁ MT
MT,52,052ª ZONA ELEITORAL DE SÃO JOSÉ DOS QUATRO MARCOS MT
MT,53,053ª ZONA ELEITORAL DE QUERÊNCIA MT
MT,55,055ª ZONA ELEITORAL DE CUIABÁ MT
MT,56,056ª ZONA ELEITORAL DE BRASNORTE MT
MT,57,057ª ZONA ELEITORAL DE PARANATINGA MT
MT,60,060ª ZONA ELEITORAL DE CAMPO NOVO DO PARECIS MT
MT,61,061ª ZONA ELEITORAL DE COMODORO MT
MT,561,051ª ZONA ELEITORAL DE CUIABÁ MT
MT,562,030ª ZONA ELEITORAL DE ÁGUA BOA MT
PA,0,078ª ZONA ELEITORAL DE MARITUBA PA
PA,1,001ª ZONA ELEITORAL DE BELÉM PA
PA,2,002ª ZONA ELEITORAL DE CACHOEIRA DO ARARI PA
PA,3,003ª ZONA ELEITORAL DE SOURE PA
PA,4,004ª ZONA ELEITORAL DE CASTANHAL PA
PA,5,005ª ZONA ELEITORAL DE IGARAPÉ-AÇU PA
PA,6,006ª ZONA ELEITORAL DE IGARAPÉ-MIRI PA
PA,7,007ª ZONA ELEITORAL DE ABAETETUBA PA
PA,8,008ª ZONA ELEITORAL DE VIGIA PA
PA,9,009ª ZONA ELEITORAL DE CURUÇÁ PA
PA,10,010ª ZONA ELEITORAL DE MUANÁ PA
PA,11,011ª ZONA ELEITORAL DE SÃO MIGUEL DO GUAMÁ PA
PA,12,012ª ZONA ELEITORAL DE CAMETÁ PA
PA,13,013ª ZONA ELEITORAL DE BRAGANÇA PA
PA,14,014ª ZONA ELEITORAL DE VISEU PA
PA,15,015ª ZONA ELEITORAL DE BREVES PA
PA,16,016ª ZONA ELEITORAL DE AFUÁ PA
PA,17,017ª ZONA ELEITORAL DE CHAVES PA
PA,18,018ª ZONA ELEITORAL DE ALTAMIRA PA
PA,19,019ª ZONA ELEITORAL DE MONTE ALEGRE PA
PA,20,020ª ZONA ELEITORAL DE SANTARÉM PA
PA,21,021ª ZONA ELEITORAL DE ALENQUER PA
PA,22,022ª ZONA ELEITORAL DE ÓBIDOS PA
PA,23,023ª ZONA ELEITORAL DE MARABÁ PA
PA,24,024ª ZONA ELEITORAL DE CONCEIÇÃO DO ARAGUAIA PA
PA,25,025ª ZONA ELEITORAL DE CAPANEMA PA
PA,26,026ª ZONA ELEITORAL DE GURUPÁ PA
PA,27,027ª ZONA ELEITORAL DE PONTA DE PEDRAS PA
PA,28,028ª ZONA ELEITORAL DE BELÉM PA
PA,29,029ª ZONA ELEITORAL DE BELÉM PA
PA,30,030ª ZONA ELEITORAL DE BELÉM PA
PA,31,031ª ZONA ELEITORAL DE MARACANÃ PA
PA,32,032ª ZONA ELEITORAL DE MARAPANIM PA
PA,33,033ª ZONA ELEITORAL DE NOVA TIMBOTEUA PA
PA,34,034ª ZONA ELEITORAL DE ITAITUBA PA
PA,35,035ª ZONA ELEITORAL DE BAIÃO PA
PA,36,036ª ZONA ELEITORAL DE SANTA IZABEL DO PARÁ PA
PA,37,037ª ZONA ELEITORAL DE MOJU PA
PA,38,038ª ZONA ELEITORAL DE ORIXIMINÁ PA
PA,39,039ª ZONA ELEITORAL DE TOMÉ-AÇU PA
PA,40,040ª ZONA ELEITORAL DE TUCURUÍ PA
PA,41,041ª ZONA ELEITORAL DE OURÉM PA
PA,42,042ª ZONA ELEITORAL DE PARAGOMINAS PA
PA,43,043ª ZONA ELEITORAL DE ANANINDEUA PA
PA,44,044ª ZONA ELEITORAL DE PORTEL PA
PA,45,045ª ZONA ELEITORAL DE OEIRAS DO PARÁ PA
PA,46,046ª ZONA ELEITORAL DE SANTANA DO ARAGUAIA PA
PA,48,048ª ZONA ELEITORAL DE SÃO SEBASTIÃO DA BOA VISTA PA
PA,49,049ª ZONA ELEITORAL DE MÃE DO RIO PA
PA,50,050ª ZONA ELEITORAL DE CASTANHAL PA
PA,51,051ª ZONA ELEITORAL DE RONDON DO PARÁ PA
PA,52,052ª ZONA ELEITORAL DE AUGUSTO CORRÊA PA
PA,53,053ª ZONA ELEITORAL DE SÃO FÉLIX DO XINGU PA
PA,54,054ª ZONA ELEITORAL DE SENADOR JOSÉ PORFÍRIO PA
PA,55,055ª ZONA ELEITORAL DE ALMEIRIM PA
PA,56,056ª ZONA ELEITORAL DE ITUPIRANGA PA
PA,57,057ª ZONA ELEITORAL DE SÃO JOÃO DO ARAGUAIA PA
PA,58,058ª ZONA ELEITORAL DE CURIONÓPOLIS PA
PA,59,059ª ZONA ELEITORAL DE REDENÇÃO PA
PA,60,060ª ZONA ELEITORAL DE RIO MARIA PA
PA,61,061ª ZONA ELEITORAL DE XINGUARA PA
PA,62,062ª ZONA ELEITORAL DE SÃO GERALDO DO ARAGUAIA PA
PA,64,064ª ZONA ELEITORAL DE SALINÓPOLIS PA
PA,65,065ª ZONA ELEITORAL DE BARCARENA PA
PA,68,068ª ZONA ELEITORAL DE RURÓPOLIS PA
PA,69,069ª ZONA ELEITORAL DE JACUNDÁ PA
PA,70,070ª ZONA ELEITORAL DE CAPITÃO POÇO PA
PA,72,072ª ZONA ELEITORAL DE ANANINDEUA PA
PA,73,073ª ZONA ELEITORAL DE BELÉM PA
PA,74,074ª ZONA ELEITORAL DE TUCUMÃ PA
PA,75,075ª ZONA ELEITORAL DE PARAUAPEBAS PA
PA,76,076ª ZONA ELEITORAL DE BELÉM PA
PA,78,078ª ZONA ELEITORAL DE MARITUBA PA
PA,79,079ª ZONA ELEITORAL DE URUARÁ PA
PA,80,080ª ZONA ELEITORAL DE PACAJÁ PA
PA,81,081ª ZONA ELEITORAL DE GARRAFÃO DO NORTE PA
PA,82,082ª ZONA ELEITORAL DE PORTO DE MOZ PA
PA,83,083ª ZONA ELEITORAL DE SANTARÉM PA
PA,84,084ª ZONA ELEITORAL DE DOM ELISEU PA
PA,85,085ª ZONA ELEITORAL DE MEDICILÂNDIA PA
PA,86,086ª ZONA ELEITORAL DE CURRALINHO PA
PA,87,087ª ZONA ELEITORAL DE CONCÓRDIA DO PARÁ PA
PA,88,088ª ZONA ELEITORAL DE LIMOEIRO DO AJURU PA
PA,89,089ª ZONA ELEITORAL DE TERRA SANTA PA
PA,90,090ª ZONA ELEITORAL DE ANAJÁS PA
PA,91,091ª ZONA ELEITORAL DE NOVO PROGRESSO PA
PA,92,092ª ZONA ELEITORAL DE PRAINHA PA
PA,93,093ª ZONA ELEITORAL DE TAILÂNDIA PA
PA,94,094ª ZONA ELEITORAL DE ACARÁ PA
PA,95,095ª ZONA ELEITORAL DE BELÉM PA
PA,96,096ª ZONA ELEITORAL DE BELÉM PA
PA,97,097ª ZONA ELEITORAL DE BELÉM PA
PA,98,098ª ZONA ELEITORAL DE BELÉM PA
PA,99,099ª ZONA ELEITORAL DE MELGAÇO PA
PA,100,100ª ZONA ELEITORAL DE MARABÁ PA
PA,101,101ª ZONA ELEITORAL DE NOVO REPARTIMENTO PA
PA,102,102ª ZONA ELEITORAL DE JACAREACANGA PA
PA,103,103ª ZONA ELEITORAL DE BREU BRANCO PA
PA,104,104ª ZONA ELEITORAL DE SANTARÉM PA
PA,105,105ª ZONA ELEITORAL DE JURUTI PA
PA,106,106ª ZONA ELEITORAL DE PARAUAPEBAS PA
PA,107,107ª ZONA ELEITORAL DE ANANINDEUA PA
PB,0,001ª ZONA ELEITORAL DE JOÃO PESSOA PB
PB,1,001ª ZONA ELEITORAL DE JOÃO PESSOA PB
PB,2,002ª ZONA ELEITORAL DE SANTA RITA PB
PB,3,003ª ZONA ELEITORAL DE SANTA RITA PB
PB,4,004ª ZONA ELEITORAL DE SAPÉ PB
PB,6,006ª ZONA ELEITORAL DE ITABAIANA PB
PB,7,007ª ZONA ELEITORAL DE MAMANGUAPE PB
PB,8,008ª ZONA ELEITORAL DE INGÁ PB
PB,9,009ª ZONA ELEITORAL DE ALAGOA GRANDE PB
PB,10,010ª ZONA ELEITORAL DE GUARABIRA PB
PB,11,011ª ZONA ELEITORAL DE AREIA PB
PB,13,013ª ZONA ELEITORAL DE ALAGOA NOVA PB
PB,14,014ª ZONA ELEITORAL DE BANANEIRAS PB
PB,16,016ª ZONA ELEITORAL DE CAMPINA GRANDE PB
PB,17,017ª ZONA ELEITORAL DE CAMPINA GRANDE PB
PB,18,018ª ZONA ELEITORAL DE UMBUZEIRO PB
PB,19,019ª ZONA ELEITORAL DE ESPERANÇA PB
PB,20,020ª ZONA ELEITORAL DE ARARUNA PB
PB,22,022ª ZONA ELEITORAL DE CAMPINA GRANDE PB
PB,23,023ª ZONA ELEITORAL DE SOLEDADE PB
PB,24,024ª ZONA ELEITORAL DE CUITÉ PB
PB,25,025ª ZONA ELEITORAL DE PICUÍ PB
PB,26,026ª ZONA ELEITORAL DE SANTA LUZIA PB
PB,27,027ª ZONA ELEITORAL DE TAPEROÁ PB
PB,28,028ª ZONA ELEITORAL DE PATOS PB
PB,29,029ª ZONA ELEITORAL DE MONTEIRO PB
PB,30,030ª ZONA ELEITORAL DE TEIXEIRA PB
PB,31,031ª ZONA ELEITORAL DE POMBAL PB
PB,32,032ª ZONA ELEITORAL DE PIANCÓ PB
PB,33,033ª ZONA ELEITORAL DE ITAPORANGA PB
PB,34,034ª ZONA ELEITORAL DE PRINCESA ISABEL PB
PB,35,035ª ZONA ELEITORAL DE SOUSA PB
PB,36,036ª ZONA ELEITORAL DE CATOLÉ DO ROCHA PB
PB,37,037ª ZONA ELEITORAL DE SÃO JOÃO DO RIO DO PEIXE PB
PB,38,038ª ZONA ELEITORAL DE CATOLÉ DO ROCHA PB
PB,40,040ª ZONA ELEITORAL DE SÃO JOSÉ DE PIRANHAS PB
PB,41,041ª ZONA ELEITORAL DE CONCEIÇÃO PB
PB,42,042ª ZONA ELEITORAL DE ITAPORANGA PB
PB,43,043ª ZONA ELEITORAL DE SUMÉ PB
PB,44,044ª ZONA ELEITORAL DE PEDRAS DE FOGO PB
PB,47,047ª ZONA ELEITORAL DE GUARABIRA PB
PB,48,048ª ZONA ELEITORAL DE SOLÂNEA PB
PB,49,049ª ZONA ELEITORAL DE QUEIMADAS PB
PB,50,050ª ZONA ELEITORAL DE POCINHOS PB
PB,51,051ª ZONA ELEITORAL DE PATOS PB
PB,52,052ª ZONA ELEITORAL DE COREMAS PB
PB,53,053ª ZONA ELEITORAL DE SÃO JOÃO DO RIO DO PEIXE PB
PB,55,055ª ZONA ELEITORAL DE RIO TINTO PB
PB,56,056ª ZONA ELEITORAL DE JUAZEIRINHO PB
PB,57,057ª ZONA ELEITORAL DE CABEDELO PB
PB,58,058ª ZONA ELEITORAL DE SERRA BRANCA PB
PB,59,059ª ZONA ELEITORAL DE QUEIMADAS PB
PB,60,060ª ZONA ELEITORAL DE JACARAÚ PB
PB,61,061ª ZONA ELEITORAL DE BAYEUX PB
PB,62,062ª ZONA ELEITORAL DE BOQUEIRÃO PB
PB,63,063ª ZONA ELEITORAL DE SOUSA PB
PB,64,064ª ZONA ELEITORAL DE JOÃO PESSOA PB
PB,65,065ª ZONA ELEITORAL DE PATOS PB
PB,66,066ª ZONA ELEITORAL DE PIANCÓ PB
PB,67,067ª ZONA ELEITORAL DE REMÍGIO PB
PB,68,068ª ZONA ELEITORAL DE CAJAZEIRAS PB
PB,69,069ª ZONA ELEITORAL DE SÃO BENTO PB
PB,70,070ª ZONA ELEITORAL DE JOÃO PESSOA PB
PB,72,072ª ZONA ELEITORAL DE CAMPINA GRANDE PB
PB,73,073ª ZONA ELEITORAL DE ALHANDRA PB
PB,74,074ª ZONA ELEITORAL DE ÁGUA BRANCA PB
PB,75,075ª ZONA ELEITORAL DE GURINHÉM PB
PB,76,076ª ZONA ELEITORAL DE JOÃO PESSOA PB
PB,77,077ª ZONA ELEITORAL DE JOÃO PESSOA PB
PB,577,050ª ZONA ELEITORAL DE POCINHOS PB
PE,0,001ª ZONA ELEITORAL DE CURITIBA PR
PE,1,001ª ZONA ELEITORAL DE CURITIBA PR
PE,2,002ª ZONA ELEITORAL DE CURITIBA PR
PE,3,003ª ZONA ELEITORAL DE CURITIBA PR
PE,4,004ª ZONA ELEITORAL DE CURITIBA PR
PE,5,005ª ZONA ELEITORAL DE PARANAGUÁ PR
PE,6,006ª ZONA ELEITORAL DE ANTONINA PR
PE,7,007ª ZONA ELEITORAL DE CERRO AZUL PR
PE,8,008ª ZONA ELEITORAL DE SÃO JOSÉ DOS PINHAIS PR
PE,9,009ª ZONA ELEITORAL DE CAMPO LARGO PR
PE,10,010ª ZONA ELEITORAL DE LAPA PR
PE,11,011ª ZONA ELEITORAL DE RIO NEGRO PR
PE,12,012ª ZONA ELEITORAL DE SÃO MATEUS DO SUL PR
PE,13,013ª ZONA ELEITORAL DE PALMEIRA PR
PE,14,014ª ZONA ELEITORAL DE PONTA GROSSA PR
PE,15,015ª ZONA ELEITORAL DE PONTA GROSSA PR
PE,16,016ª ZONA ELEITORAL DE CASTRO PR
PE,17,017ª ZONA ELEITORAL DE TIBAGI PR
PE,18,018ª ZONA ELEITORAL DE JAGUARIAÍVA PR
PE,19,019ª ZONA ELEITORAL DE TOMAZINA PR
PE,20,020ª ZONA ELEITORAL DE WENCESLAU BRAZ PR
PE,21,021ª ZONA ELEITORAL DE SIQUEIRA CAMPOS PR
PE,22,022ª ZONA ELEITORAL DE SANTO ANTÔNIO DA PLATINA PR
PE,23,023ª ZONA ELEITORAL DE RIBEIRÃO CLARO PR
PE,24,024ª ZONA ELEITORAL DE JACAREZINHO PR
PE,25,025ª ZONA ELEITORAL DE CAMBARÁ PR
PE,26,026ª ZONA ELEITORAL DE CORNÉLIO PROCÓPIO PR
PE,27,027ª ZONA ELEITORAL DE PIRAÍ DO SUL PR
PE,28,028ª ZONA ELEITORAL DE APUCARANA PR
PE,29,029ª ZONA ELEITORAL DE IMBITUVA PR
PE,30,030ª ZONA ELEITORAL DE PRUDENTÓPOLIS PR
PE,31,031ª ZONA ELEITORAL DE CAMPO MOURÃO PR
PE,32,032ª ZONA ELEITORAL DE PALMAS PR
PE,33,033ª ZONA ELEITORAL DE UNIÃO DA VITÓRIA PR
PE,34,034ª ZONA ELEITORAL DE IRATI PR
PE,35,035ª ZONA ELEITORAL DE ASSAÍ PR
PE,36,036ª ZONA ELEITORAL DE IPIRANGA PR
PE,37,037ª ZONA ELEITORAL DE MALLET PR
PE,38,038ª ZONA ELEITORAL DE PITANGA PR
PE,39,039ª ZONA ELEITORAL DE RESERVA PR
PE,40,040ª ZONA ELEITORAL DE SERTANÓPOLIS PR
PE,41,041ª ZONA ELEITORAL DE LONDRINA PR
PE,42,042ª ZONA ELEITORAL DE LONDRINA PR
PE,43,043ª ZONA ELEITORAL DE GUARAPUAVA PR
PE,44,044ª ZONA ELEITORAL DE GUARAPUAVA PR
PE,45,045ª ZONA ELEITORAL DE LARANJEIRAS DO SUL PR
PE,46,046ª ZONA ELEITORAL DE FOZ DO IGUAÇU PR
PE,47,047ª ZONA ELEITORAL DE CLEVELÂNDIA PR
PE,48,048ª ZONA ELEITORAL DE BOCAIÚVA DO SUL PR
PE,49,049ª ZONA ELEITORAL DE COLOMBO PR
PE,50,050ª ZONA ELEITORAL DE ARAUCÁRIA PR
PE,51,051ª ZONA ELEITORAL DE MORRETES PR
PE,52,052ª ZONA ELEITORAL DE SÃO JOÃO DO TRIUNFO PR
PE,53,053ª ZONA ELEITORAL DE TEIXEIRA SOARES PR
PE,54,054ª ZONA ELEITORAL DE SENGÉS PR
PE,55,055ª ZONA ELEITORAL DE JOAQUIM TÁVORA PR
PE,56,056ª ZONA ELEITORAL DE CARLÓPOLIS PR
PE,57,057ª ZONA ELEITORAL DE ANDIRÁ PR
PE,58,058ª ZONA ELEITORAL DE BANDEIRANTES PR
PE,59,059ª ZONA ELEITORAL DE ROLÂNDIA PR
PE,60,060ª ZONA ELEITORAL DE MANDAGUARI PR
PE,61,061ª ZONA ELEITORAL DE ARAPONGAS PR
PE,62,062ª ZONA ELEITORAL DE REBOUÇAS PR
PE,63,063ª ZONA ELEITORAL DE SÃO JERÔNIMO DA SERRA PR
PE,64,064ª ZONA ELEITORAL DE JAGUAPITÃ PR
PE,65,065ª ZONA ELEITORAL DE PORECATU PR
PE,66,066ª ZONA ELEITORAL DE MARINGÁ PR
PE,67,067ª ZONA ELEITORAL DE ASTORGA PR
PE,68,068ª ZONA ELEITORAL DE CASCAVEL PR
PE,69,069ª ZONA ELEITORAL DE FRANCISCO BELTRÃO PR
PE,70,070ª ZONA ELEITORAL DE JANDAIA DO SUL PR
PE,71,071ª ZONA ELEITORAL DE NOVA ESPERANÇA PR
PE,72,072ª ZONA ELEITORAL DE PARANAVAÍ PR
PE,73,073ª ZONA ELEITORAL DE PATO BRANCO PR
PE,74,074ª ZONA ELEITORAL DE PEABIRU PR
PE,75,075ª ZONA ELEITORAL DE TOLEDO PR
PE,76,076ª ZONA ELEITORAL DE MARILÂNDIA DO SUL PR
PE,77,077ª ZONA ELEITORAL DE BELA VISTA DO PARAÍSO PR
PE,78,078ª ZONA ELEITORAL DE CAMBÉ PR
PE,79,079ª ZONA ELEITORAL DE IBAITI PR
PE,80,080ª ZONA ELEITORAL DE IBIPORÃ PR
PE,81,081ª ZONA ELEITORAL DE MARIALVA PR
PE,82,082ª ZONA ELEITORAL DE RIBEIRÃO DO PINHAL PR
PE,83,083ª ZONA ELEITORAL DE SANTO ANTÔNIO DO SUDOESTE PR
PE,84,084ª ZONA ELEITORAL DE URAÍ PR
PE,85,085ª ZONA ELEITORAL DE LOANDA PR
PE,86,086ª ZONA ELEITORAL DE CRUZEIRO DO OESTE PR
PE,87,087ª ZONA ELEITORAL DE ALTO PARANÁ PR
PE,88,088ª ZONA ELEITORAL DE CIANORTE PR
PE,89,089ª ZONA ELEITORAL DE UMUARAMA PR
PE,90,090ª ZONA ELEITORAL DE GUAÍRA PR
PE,91,091ª ZONA ELEITORAL DE PARANACITY PR
PE,92,092ª ZONA ELEITORAL DE GOIOERÊ PR
PE,93,093ª ZONA ELEITORAL DE IVAIPORÃ PR
PE,94,094ª ZONA ELEITORAL DE SANTA ISABEL DO IVAÍ PR
PE,95,095ª ZONA ELEITORAL DE COLORADO PR
PE,96,096ª ZONA ELEITORAL DE NOVA LONDRINA PR
PE,97,097ª ZONA ELEITORAL DE IPORÃ PR
PE,98,098ª ZONA ELEITORAL DE UBIRATÃ PR
PE,99,099ª ZONA ELEITORAL DE CONGONHINHAS PR
PE,100,100ª ZONA ELEITORAL DE PARAÍSO DO NORTE PR
PE,101,101ª ZONA ELEITORAL DE CORONEL VIVIDA PR
PE,102,102ª ZONA ELEITORAL DE MANDAGUAÇU PR
PE,103,103ª ZONA ELEITORAL DE CHOPINZINHO PR
PE,104,104ª ZONA ELEITORAL DE FOZ DO IGUAÇU PR
PE,105,105ª ZONA ELEITORAL DE TERRA RICA PR
PE,106,106ª ZONA ELEITORAL DE CÂNDIDO DE ABREU PR
PE,107,107ª ZONA ELEITORAL DE CAPANEMA PR
PE,108,108ª ZONA ELEITORAL DE NOVA FÁTIMA PR
PE,109,109ª ZONA ELEITORAL DE SANTA MARIANA PR
PE,110,110ª ZONA ELEITORAL DE FAXINAL PR
PE,111,111ª ZONA ELEITORAL DE TELÊMACO BORBA PR
PE,112,112ª ZONA ELEITORAL DE GUARANIAÇU PR
PE,113,113ª ZONA ELEITORAL DE ASSIS CHATEAUBRIAND PR
PE,114,114ª ZONA ELEITORAL DE MEDIANEIRA PR
PE,115,115ª ZONA ELEITORAL DE DOIS VIZINHOS PR
PE,116,116ª ZONA ELEITORAL DE ENGENHEIRO BELTRÃO PR
PE,117,117ª ZONA ELEITORAL DE XAMBRÊ PR
PE,118,118ª ZONA ELEITORAL DE MATELÂNDIA PR
PE,119,119ª ZONA ELEITORAL DE CURIÚVA PR
PE,120,120ª ZONA ELEITORAL DE FORMOSA DO OESTE PR
PE,121,121ª ZONA ELEITORAL DE MARECHAL CÂNDIDO RONDON PR
PE,122,122ª ZONA ELEITORAL DE SÃO MIGUEL DO IGUAÇU PR
PE,123,123ª ZONA ELEITORAL DE ALTÔNIA PR
PE,124,124ª ZONA ELEITORAL DE PALOTINA PR
PE,125,125ª ZONA ELEITORAL DE TERRA ROXA PR
PE,126,126ª ZONA ELEITORAL DE CORBÉLIA PR
PE,127,127ª ZONA ELEITORAL DE CIDADE GAÚCHA PR
PE,128,128ª ZONA ELEITORAL DE ALTO PIQUIRI PR
PE,129,129ª ZONA ELEITORAL DE SANTA HELENA PR
PE,130,130ª ZONA ELEITORAL DE REALEZA PR
PE,131,131ª ZONA ELEITORAL DE BARRACÃO PR
PE,132,132ª ZONA ELEITORAL DE SÃO JOÃO DO IVAÍ PR
PE,133,133ª ZONA ELEITORAL DE BARBOSA FERRAZ PR
PE,134,134ª ZONA ELEITORAL DE PALMITAL PR
PE,135,135ª ZONA ELEITORAL DE PÉROLA PR
PE,136,136ª ZONA ELEITORAL DE GRANDES RIOS PR
PE,137,137ª ZONA ELEITORAL DE MARINGÁ PR
PE,139,139ª ZONA ELEITORAL DE PONTA GROSSA PR
PE,140,140ª ZONA ELEITORAL DE MARMELEIRO PR
PE,141,141ª ZONA ELEITORAL DE IRETAMA PR
PE,142,142ª ZONA ELEITORAL DE UMUARAMA PR
PE,143,143ª ZONA ELEITORAL DE CASCAVEL PR
PE,144,144ª ZONA ELEITORAL DE FAZENDA RIO GRANDE PR
PE,145,145ª ZONA ELEITORAL DE CURITIBA PR
PE,146,146ª ZONA ELEITORAL DE LONDRINA PR
PE,147,147ª ZONA ELEITORAL DE FOZ DO IGUAÇU PR
PE,148,148ª ZONA ELEITORAL DE TOLEDO PR
PE,149,149ª ZONA ELEITORAL DE CIANORTE PR
PE,150,150ª ZONA ELEITORAL DE SANTA FÉ PR
PE,151,151ª ZONA ELEITORAL DE SÃO JOÃO PR
PE,153,153ª ZONA ELEITORAL DE UNIÃO DA VITÓRIA PR
PE,154,154ª ZONA ELEITORAL DE PAIÇANDU PR
PE,155,155ª ZONA ELEITORAL DE PIRAQUARA PR
PE,156,156ª ZONA ELEITORAL DE RIO BRANCO DO SUL PR
PE,157,157ª ZONA ELEITORAL DE LONDRINA PR
PE,159,159ª ZONA ELEITORAL DE CENTENÁRIO DO SUL PR
PE,160,160ª ZONA ELEITORAL DE PINHÃO PR
PE,161,161ª ZONA ELEITORAL DE GUARATUBA PR
PE,162,162ª ZONA ELEITORAL DE SALTO DO LONTRA PR
PE,163,163ª ZONA ELEITORAL DE QUEDAS DO IGUAÇU PR
PE,164,164ª ZONA ELEITORAL DE ARAPOTI PR
PE,165,165ª ZONA ELEITORAL DE CAPITÃO LEÔNIDAS MARQUES PR
PE,166,166ª ZONA ELEITORAL DE CATANDUVAS PR
PE,167,167ª ZONA ELEITORAL DE ORTIGUEIRA PR
PE,168,168ª ZONA ELEITORAL DE MANGUEIRINHA PR
PE,169,169ª ZONA ELEITORAL DE CAMPINA DA LAGOA PR
PE,170,170ª ZONA ELEITORAL DE MAMBORÊ PR
PE,171,171ª ZONA ELEITORAL DE ALMIRANTE TAMANDARÉ PR
PE,172,172ª ZONA ELEITORAL DE ICARAÍMA PR
PE,173,173ª ZONA ELEITORAL DE TERRA BOA PR
PE,174,174ª ZONA ELEITORAL DE CURITIBA PR
PE,175,175ª ZONA ELEITORAL DE CURITIBA PR
PE,176,176ª ZONA ELEITORAL DE CURITIBA PR
PE,177,177ª ZONA ELEITORAL DE CURITIBA PR
PE,178,178ª ZONA ELEITORAL DE CURITIBA PR
PE,182,182ª ZONA ELEITORAL DE CAMPO LARGO PR
PE,183,183ª ZONA ELEITORAL DE CAMPO MOURÃO PR
PE,186,186ª ZONA ELEITORAL DE COLOMBO PR
PE,188,188ª ZONA ELEITORAL DE PINHAIS PR
PE,192,192ª ZONA ELEITORAL DE MARINGÁ PR
PE,194,194ª ZONA ELEITORAL DE MATINHOS PR
PE,195,195ª ZONA ELEITORAL DE CAMPINA GRANDE DO SUL PR
PE,196,196ª ZONA ELEITORAL DE MANOEL RIBAS PR
PE,199,199ª ZONA ELEITORAL DE SÃO JOSÉ DOS PINHAIS PR
PE,203,203ª ZONA ELEITORAL DE CANTAGALO PR
PE,206,206ª ZONA ELEITORAL DE SARANDI PR
PE,706,161ª ZONA ELEITORAL DE GUARATUBA PR
PE,707,005ª ZONA ELEITORAL DE PARANAGUÁ PR
PE,708,174ª ZONA ELEITORAL DE CURITIBA PR
PE,709,182ª ZONA ELEITORAL DE CAMPO LARGO PR
PE,710,014ª ZONA ELEITORAL DE PONTA GROSSA PR
PE,711,157ª ZONA ELEITORAL DE LONDRINA PR
PE,712,092ª ZONA ELEITORAL DE GOIOERÊ PR
PE,713,125ª ZONA ELEITORAL DE TERRA ROXA PR
PE,715,129ª ZONA ELEITORAL DE SANTA HELENA PR
PE,716,107ª ZONA ELEITORAL DE CAPANEMA PR
PE,717,047ª ZONA ELEITORAL DE CLEVELÂNDIA PR
PI,0,117ª ZONA ELEITORAL DE OLINDA PE
PI,1,001ª ZONA ELEITORAL DE RECIFE PE
PI,2,002ª ZONA ELEITORAL DE RECIFE PE
PI,3,003ª ZONA ELEITORAL DE RECIFE PE
PI,4,004ª ZONA ELEITORAL DE RECIFE PE
PI,5,005ª ZONA ELEITORAL DE RECIFE PE
PI,6,006ª ZONA ELEITORAL DE RECIFE PE
PI,7,007ª ZONA ELEITORAL DE RECIFE PE
PI,8,008ª ZONA ELEITORAL DE RECIFE PE
PI,9,009ª ZONA ELEITORAL DE RECIFE PE
PI,10,010ª ZONA ELEITORAL DE OLINDA PE
PI,11,011ª ZONA ELEITORAL DE JABOATÃO DOS GUARARAPES PE
PI,12,012ª ZONA ELEITORAL DE PAULISTA PE
PI,13,013ª ZONA ELEITORAL DE SÃO LOURENÇO DA MATA PE
PI,14,014ª ZONA ELEITORAL DE MORENO PE
PI,15,015ª ZONA ELEITORAL DE CABO DE SANTO AGOSTINHO PE
PI,16,016ª ZONA ELEITORAL DE IPOJUCA PE
PI,17,017ª ZONA ELEITORAL DE PAUDALHO PE
PI,18,018ª ZONA ELEITORAL DE VITÓRIA DE SANTO ANTÃO PE
PI,19,019ª ZONA ELEITORAL DE ESCADA PE
PI,20,020ª ZONA ELEITORAL DE CARPINA PE
PI,21,021ª ZONA ELEITORAL DE GLÓRIA DO GOITÁ PE
PI,23,023ª ZONA ELEITORAL DE NAZARÉ DA MATA PE
PI,24,024ª ZONA ELEITORAL DE LIMOEIRO PE
PI,25,025ª ZONA ELEITORAL DE GOIANA PE
PI,26,026ª ZONA ELEITORAL DE RIO FORMOSO PE
PI,27,027ª ZONA ELEITORAL DE ITAMBÉ PE
PI,28,028ª ZONA ELEITORAL DE RIBEIRÃO PE
PI,30,030ª ZONA ELEITORAL DE GRAVATÁ PE
PI,31,031ª ZONA ELEITORAL DE AMARAJI PE
PI,33,033ª ZONA ELEITORAL DE BOM JARDIM PE
PI,34,034ª ZONA ELEITORAL DE SURUBIM PE
PI,35,035ª ZONA ELEITORAL DE BEZERROS PE
PI,36,036ª ZONA ELEITORAL DE TIMBAÚBA PE
PI,37,037ª ZONA ELEITORAL DE PALMARES PE
PI,38,038ª ZONA ELEITORAL DE ÁGUA PRETA PE
PI,39,039ª ZONA ELEITORAL DE BONITO PE
PI,41,041ª ZONA ELEITORAL DE CARUARU PE
PI,42,042ª ZONA ELEITORAL DE BARREIROS PE
PI,43,043ª ZONA ELEITORAL DE CATENDE PE
PI,44,044ª ZONA ELEITORAL DE SÃO CAITANO PE
PI,45,045ª ZONA ELEITORAL DE BELO JARDIM PE
PI,46,046ª ZONA ELEITORAL DE VERTENTES PE
PI,47,047ª ZONA ELEITORAL DE QUIPAPÁ PE
PI,48,048ª ZONA ELEITORAL DE ALTINHO PE
PI,50,050ª ZONA ELEITORAL DE TABIRA PE
PI,51,051ª ZONA ELEITORAL DE TAQUARITINGA DO NORTE PE
PI,52,052ª ZONA ELEITORAL DE SÃO BENTO DO UNA PE
PI,54,054ª ZONA ELEITORAL DE BREJO DA MADRE DE DEUS PE
PI,55,055ª ZONA ELEITORAL DE PESQUEIRA PE
PI,56,056ª ZONA ELEITORAL DE GARANHUNS PE
PI,57,057ª ZONA ELEITORAL DE ARCOVERDE PE
PI,58,058ª ZONA ELEITORAL DE PEDRA PE
PI,59,059ª ZONA ELEITORAL DE CORRENTES PE
PI,60,060ª ZONA ELEITORAL DE BUÍQUE PE
PI,61,061ª ZONA ELEITORAL DE BOM CONSELHO PE
PI,62,062ª ZONA ELEITORAL DE SERTÂNIA PE
PI,63,063ª ZONA ELEITORAL DE INAJÁ PE
PI,64,064ª ZONA ELEITORAL DE ÁGUAS BELAS PE
PI,65,065ª ZONA ELEITORAL DE CUSTÓDIA PE
PI,66,066ª ZONA ELEITORAL DE AFOGADOS DA INGAZEIRA PE
PI,67,067ª ZONA ELEITORAL DE FLORES PE
PI,68,068ª ZONA ELEITORAL DE SÃO JOSÉ DO EGITO PE
PI,69,069ª ZONA ELEITORAL DE MIRANDIBA PE
PI,70,070ª ZONA ELEITORAL DE PETROLÂNDIA PE
PI,71,071ª ZONA ELEITORAL DE SERRA TALHADA PE
PI,72,072ª ZONA ELEITORAL DE FLORESTA PE
PI,73,073ª ZONA ELEITORAL DE BELÉM DO SÃO FRANCISCO PE
PI,74,074ª ZONA ELEITORAL DE SÃO JOSÉ DO BELMONTE PE
PI,75,075ª ZONA ELEITORAL DE SALGUEIRO PE
PI,76,076ª ZONA ELEITORAL DE SERRITA PE
PI,77,077ª ZONA ELEITORAL DE CABROBÓ PE
PI,78,078ª ZONA ELEITORAL DE PARNAMIRIM PE
PI,79,079ª ZONA ELEITORAL DE EXU PE
PI,80,080ª ZONA ELEITORAL DE BODOCÓ PE
PI,81,081ª ZONA ELEITORAL DE SANTA MARIA DA BOA VISTA PE
PI,82,082ª ZONA ELEITORAL DE OURICURI PE
PI,83,083ª ZONA ELEITORAL DE PETROLINA PE
PI,84,084ª ZONA ELEITORAL DE ARARIPINA PE
PI,85,085ª ZONA ELEITORAL DE IGARASSU PE
PI,86,086ª ZONA ELEITORAL DE AGRESTINA PE
PI,88,088ª ZONA ELEITORAL DE JOÃO ALFREDO PE
PI,89,089ª ZONA ELEITORAL DE TACARATU PE
PI,90,090ª ZONA ELEITORAL DE MACAPARANA PE
PI,91,091ª ZONA ELEITORAL DE PASSIRA PE
PI,92,092ª ZONA ELEITORAL DE GARANHUNS PE
PI,94,094ª ZONA ELEITORAL DE LAJEDO PE
PI,95,086ª ZONA ELEITORAL DE AGRESTINA PE
PI,98,098ª ZONA ELEITORAL DE CARNAÍBA PE
PI,99,099ª ZONA ELEITORAL DE ITAPETIM PE
PI,100,100ª ZONA ELEITORAL DE OLINDA PE
PI,101,101ª ZONA ELEITORAL DE JABOATÃO DOS GUARARAPES PE
PI,102,102ª ZONA ELEITORAL DE VITÓRIA DE SANTO ANTÃO PE
PI,105,105ª ZONA ELEITORAL DE CARUARU PE
PI,106,106ª ZONA ELEITORAL DE CARUARU PE
PI,107,107ª ZONA ELEITORAL DE AFRÂNIO PE
PI,108,108ª ZONA ELEITORAL DE BETÂNIA PE
PI,109,109ª ZONA ELEITORAL DE SANTA CRUZ DO CAPIBARIBE PE
PI,112,112ª ZONA ELEITORAL DE TORITAMA PE
PI,114,114ª ZONA ELEITORAL DE PAULISTA PE
PI,116,116ª ZONA ELEITORAL DE SÃO JOÃO PE
PI,117,117ª ZONA ELEITORAL DE OLINDA PE
PI,118,118ª ZONA ELEITORAL DE JABOATÃO DOS GUARARAPES PE
PI,119,119ª ZONA ELEITORAL DE ABREU E LIMA PE
PI,120,120ª ZONA ELEITORAL DE VENTUROSA PE
PI,121,121ª ZONA ELEITORAL DE CABO DE SANTO AGOSTINHO PE
PI,125,125ª ZONA ELEITORAL DE CONDADO PE
PI,127,127ª ZONA ELEITORAL DE CAMARAGIBE PE
PI,128,128ª ZONA ELEITORAL DE IBIMIRIM PE
PI,130,130ª ZONA ELEITORAL DE CAPOEIRAS PE
PI,131,131ª ZONA ELEITORAL DE ILHA DE ITAMARACÁ PE
PI,132,132ª ZONA ELEITORAL DE CAMOCIM DE SÃO FÉLIX PE
PI,133,133ª ZONA ELEITORAL DE TRINDADE PE
PI,135,135ª ZONA ELEITORAL DE FEIRA NOVA PE
PI,136,136ª ZONA ELEITORAL DE SALOÁ PE
PI,137,137ª ZONA ELEITORAL DE LAGOA GRANDE PE
PI,138,138ª ZONA ELEITORAL DE CAMARAGIBE PE
PI,143,143ª ZONA ELEITORAL DE ITAÍBA PE
PI,144,144ª ZONA ELEITORAL DE PETROLINA PE
PI,145,145ª ZONA ELEITORAL DE PETROLINA PE
PI,146,146ª ZONA ELEITORAL DE PAULISTA PE
PI,147,147ª ZONA ELEITORAL DE JABOATÃO DOS GUARARAPES PE
PI,149,149ª ZONA ELEITORAL DE RECIFE PE
PI,150,150ª ZONA ELEITORAL DE RECIFE PE
PR,0,004ª ZONA ELEITORAL DE COLINAS DO TOCANTINS TO
PR,1,001ª ZONA ELEITORAL DE ARAGUAÍNA TO
PR,2,002ª ZONA ELEITORAL DE GURUPI TO
PR,3,003ª ZONA ELEITORAL DE PORTO NACIONAL TO
PR,4,004ª ZONA ELEITORAL DE COLINAS DO TOCANTINS TO
PR,5,005ª ZONA ELEITORAL DE MIRACEMA DO TOCANTINS TO
PR,6,006ª ZONA ELEITORAL DE GUARAÍ TO
PR,7,007ª ZONA ELEITORAL DE PARAÍSO DO TOCANTINS TO
PR,8,008ª ZONA ELEITORAL DE FILADÉLFIA TO
PR,9,009ª ZONA ELEITORAL DE TOCANTINÓPOLIS TO
PR,10,010ª ZONA ELEITORAL DE ARAGUATINS TO
PR,11,011ª ZONA ELEITORAL DE ITAGUATINS TO
PR,12,012ª ZONA ELEITORAL DE XAMBIOÁ TO
PR,13,013ª ZONA ELEITORAL DE CRISTALÂNDIA TO
PR,14,014ª ZONA ELEITORAL DE ALVORADA TO
PR,15,015ª ZONA ELEITORAL DE FORMOSO DO ARAGUAIA TO
PR,16,016ª ZONA ELEITORAL DE COLMÉIA TO
PR,17,017ª ZONA ELEITORAL DE TAGUATINGA TO
PR,18,018ª ZONA ELEITORAL DE PARANÃ TO
PR,19,019ª ZONA ELEITORAL DE NATIVIDADE TO
PR,20,020ª ZONA ELEITORAL DE PEIXE TO
PR,21,021ª ZONA ELEITORAL DE AUGUSTINÓPOLIS TO
PR,22,022ª ZONA ELEITORAL DE ARRAIAS TO
PR,23,023ª ZONA ELEITORAL DE PEDRO AFONSO TO
PR,25,025ª ZONA ELEITORAL DE DIANÓPOLIS TO
PR,26,026ª ZONA ELEITORAL DE PONTE ALTA DO TOCANTINS TO
PR,27,027ª ZONA ELEITORAL DE WANDERLÂNDIA TO
PR,28,028ª ZONA ELEITORAL DE MIRANORTE TO
PR,29,029ª ZONA ELEITORAL DE PALMAS TO
PR,31,031ª ZONA ELEITORAL DE ARAPOEMA TO
PR,32,032ª ZONA ELEITORAL DE GOIATINS TO
PR,33,033ª ZONA ELEITORAL DE ITACAJÁ TO
PR,34,034ª ZONA ELEITORAL DE ARAGUAÍNA TO
PR,35,035ª ZONA ELEITORAL DE NOVO ACORDO TO
PR,537,008ª ZONA ELEITORAL DE FILADÉLFIA TO
PR,538,002ª ZONA ELEITORAL DE GURUPI TO
RJ,0,035ª ZONA ELEITORAL DE GILBUÉS PI
RJ,1,001ª ZONA ELEITORAL DE TERESINA PI
RJ,2,002ª ZONA ELEITORAL DE TERESINA PI
RJ,3,003ª ZONA ELEITORAL DE PARNAÍBA PI
RJ,4,004ª ZONA ELEITORAL DE PARNAÍBA PI
RJ,5,005ª ZONA ELEITORAL DE OEIRAS PI
RJ,6,006ª ZONA ELEITORAL DE BARRAS PI
RJ,7,007ª ZONA ELEITORAL DE CAMPO MAIOR PI
RJ,8,008ª ZONA ELEITORAL DE AMARANTE PI
RJ,9,009ª ZONA ELEITORAL DE FLORIANO PI
RJ,10,010ª ZONA ELEITORAL DE PICOS PI
RJ,11,011ª ZONA ELEITORAL DE PIRIPIRI PI
RJ,12,012ª ZONA ELEITORAL DE PEDRO II PI
RJ,13,013ª ZONA ELEITORAL DE SÃO RAIMUNDO NONATO PI
RJ,14,014ª ZONA ELEITORAL DE URUÇUÍ PI
RJ,15,015ª ZONA ELEITORAL DE BOM JESUS PI
RJ,16,016ª ZONA ELEITORAL DE UNIÃO PI
RJ,17,017ª ZONA ELEITORAL DE MIGUEL ALVES PI
RJ,18,018ª ZONA ELEITORAL DE VALENÇA DO PIAUÍ PI
RJ,19,019ª ZONA ELEITORAL DE JAICÓS PI
RJ,20,020ª ZONA ELEITORAL DE SÃO JOÃO DO PIAUÍ PI
RJ,21,021ª ZONA ELEITORAL DE PIRACURUCA PI
RJ,22,022ª ZONA ELEITORAL DE CORRENTE PI
RJ,24,024ª ZONA ELEITORAL DE JOSÉ DE FREITAS PI
RJ,25,025ª ZONA ELEITORAL DE JERUMENHA PI
RJ,26,026ª ZONA ELEITORAL DE PARNAGUÁ PI
RJ,27,027ª ZONA ELEITORAL DE LUZILÂNDIA PI
RJ,28,028ª ZONA ELEITORAL DE PICOS PI
RJ,29,029ª ZONA ELEITORAL DE PIO IX PI
RJ,30,030ª ZONA ELEITORAL DE SÃO PEDRO DO PIAUÍ PI
RJ,31,008ª ZONA ELEITORAL DE AMARANTE PI
RJ,32,032ª ZONA ELEITORAL DE ALTOS PI
RJ,33,033ª ZONA ELEITORAL DE BURITI DOS LOPES PI
RJ,34,034ª ZONA ELEITORAL DE CASTELO DO PIAUÍ PI
RJ,35,035ª ZONA ELEITORAL DE GILBUÉS PI
RJ,36,036ª ZONA ELEITORAL DE CANTO DO BURITI PI
RJ,37,037ª ZONA ELEITORAL DE SIMPLÍCIO MENDES PI
RJ,38,038ª ZONA ELEITORAL DE PAULISTANA PI
RJ,39,039ª ZONA ELEITORAL DE SÃO MIGUEL DO TAPUIO PI
RJ,40,040ª ZONA ELEITORAL DE FRONTEIRAS PI
RJ,41,041ª ZONA ELEITORAL DE ESPERANTINA PI
RJ,43,043ª ZONA ELEITORAL DE REGENERAÇÃO PI
RJ,44,044ª ZONA ELEITORAL DE RIBEIRO GONÇALVES PI
RJ,45,045ª ZONA ELEITORAL DE BATALHA PI
RJ,46,046ª ZONA ELEITORAL DE GUADALUPE PI
RJ,47,047ª ZONA ELEITORAL DE ALTOS PI
RJ,48,048ª ZONA ELEITORAL DE ELESBÃO VELOSO PI
RJ,49,049ª ZONA ELEITORAL DE PORTO PI
RJ,52,052ª ZONA ELEITORAL DE ÁGUA BRANCA PI
RJ,53,053ª ZONA ELEITORAL DE COCAL PI
RJ,54,054ª ZONA ELEITORAL DE DEMERVAL LOBÃO PI
RJ,56,056ª ZONA ELEITORAL DE SIMÕES PI
RJ,57,057ª ZONA ELEITORAL DE ITAINÓPOLIS PI
RJ,58,058ª ZONA ELEITORAL DE MONSENHOR GIL PI
RJ,59,059ª ZONA ELEITORAL DE CRISTINO CASTRO PI
RJ,61,061ª ZONA ELEITORAL DE FLORIANO PI
RJ,62,062ª ZONA ELEITORAL DE PICOS PI
RJ,63,063ª ZONA ELEITORAL DE TERESINA PI
RJ,64,064ª ZONA ELEITORAL DE INHUMA PI
RJ,67,067ª ZONA ELEITORAL DE MANOEL EMÍDIO PI
RJ,68,068ª ZONA ELEITORAL DE PADRE MARCOS PI
RJ,69,069ª ZONA ELEITORAL DE SÃO JOÃO DO PIAUÍ PI
RJ,71,071ª ZONA ELEITORAL DE CAPITÃO DE CAMPOS PI
RJ,72,072ª ZONA ELEITORAL DE ITAUEIRA PI
RJ,74,074ª ZONA ELEITORAL DE BARRO DURO PI
RJ,75,046ª ZONA ELEITORAL DE GUADALUPE PI
RJ,77,061ª ZONA ELEITORAL DE FLORIANO PI
RJ,79,079ª ZONA ELEITORAL DE CARACOL PI
RJ,80,080ª ZONA ELEITORAL DE MATIAS OLÍMPIO PI
RJ,81,090ª ZONA ELEITORAL DE SIMPLÍCIO MENDES PI
RJ,83,037ª ZONA ELEITORAL DE SIMPLÍCIO MENDES PI
RJ,84,043ª ZONA ELEITORAL DE REGENERAÇÃO PI
RJ,85,041ª ZONA ELEITORAL DE ESPERANTINA PI
RJ,88,088ª ZONA ELEITORAL DE AVELINO LOPES PI
RJ,89,089ª ZONA ELEITORAL DE VALENÇA DO PIAUÍ PI
RJ,90,090ª ZONA ELEITORAL DE SIMPLÍCIO MENDES PI
RJ,91,091ª ZONA ELEITORAL DE LUIS CORREIA PI
RJ,92,089ª ZONA ELEITORAL DE VALENÇA DO PIAUÍ PI
RJ,94,094ª ZONA ELEITORAL DE OEIRAS PI
RJ,95,095ª ZONA ELEITORAL DE SÃO RAIMUNDO NONATO PI
RJ,96,096ª ZONA ELEITORAL DE CAMPO MAIOR PI
RJ,97,097ª ZONA ELEITORAL DE TERESINA PI
RJ,98,098ª ZONA ELEITORAL DE TERESINA PI
RJ,585,098ª ZONA ELEITORAL DE TERESINA PI
RJ,586,027ª ZONA ELEITORAL DE LUZILÂNDIA PI
RJ,587,013ª ZONA ELEITORAL DE SÃO RAIMUNDO NONATO PI
RJ,588,010ª ZONA ELEITORAL DE PICOS PI
RJ,2306,095ª ZONA ELEITORAL DE SÃO RAIMUNDO NONATO PI
RN,0,183ª ZONA ELEITORAL DE PORTO REAL RJ
RN,4,004ª ZONA ELEITORAL DE RIO DE JANEIRO RJ
RN,5,005ª ZONA ELEITORAL DE RIO DE JANEIRO RJ
RN,7,007ª ZONA ELEITORAL DE RIO DE JANEIRO RJ
RN,8,008ª ZONA ELEITORAL DE RIO DE JANEIRO RJ
RN,9,009ª ZONA ELEITORAL DE RIO DE JANEIRO RJ
RN,10,010ª ZONA ELEITORAL DE RIO DE JANEIRO RJ
RN,14,014ª ZONA ELEITORAL DE RIO DE JANEIRO RJ
RN,16,016ª ZONA ELEITORAL DE RIO DE JANEIRO RJ
RN,17,017ª ZONA ELEITORAL DE RIO DE JANEIRO RJ
RN,21,021ª ZONA ELEITORAL DE RIO DE JANEIRO RJ
RN,22,022ª ZONA ELEITORAL DE RIO DE JANEIRO RJ
RN,23,023ª ZONA ELEITORAL DE RIO DE JANEIRO RJ
RN,24,024ª ZONA ELEITORAL DE RIO DE JANEIRO RJ
RN,25,025ª ZONA ELEITORAL DE RIO DE JANEIRO RJ
RN,26,026ª ZONA ELEITORAL DE NOVA FRIBURGO RJ
RN,27,027ª ZONA ELEITORAL DE NOVA IGUAÇU RJ
RN,28,028ª ZONA ELEITORAL DE PARAÍBA DO SUL RJ
RN,29,029ª ZONA ELEITORAL DE PETRÓPOLIS RJ
RN,30,030ª ZONA ELEITORAL DE PIRAÍ RJ
RN,31,031ª ZONA ELEITORAL DE RESENDE RJ
RN,32,032ª ZONA ELEITORAL DE RIO BONITO RJ
RN,34,034ª ZONA ELEITORAL DE SANTO ANTÔNIO DE PÁDUA RJ
RN,35,035ª ZONA ELEITORAL DE SÃO FIDÉLIS RJ
RN,36,036ª ZONA ELEITORAL DE SÃO GONÇALO RJ
RN,37,037ª ZONA ELEITORAL DE SÃO JOÃO DA BARRA RJ
RN,38,038ª ZONA ELEITORAL DE TERESÓPOLIS RJ
RN,40,040ª ZONA ELEITORAL DE TRÊS RIOS RJ
RN,41,041ª ZONA ELEITORAL DE VASSOURAS RJ
RN,42,042ª ZONA ELEITORAL DE BOM JARDIM RJ
RN,43,043ª ZONA ELEITORAL DE NATIVIDADE RJ
RN,45,045ª ZONA ELEITORAL DE PORCIÚNCULA RJ
RN,48,048ª ZONA ELEITORAL DE MIGUEL PEREIRA RJ
RN,49,049ª ZONA ELEITORAL DE CACHOEIRAS DE MACACU RJ
RN,50,050ª ZONA ELEITORAL DE CASIMIRO DE ABREU RJ
RN,51,051ª ZONA ELEITORAL DE CONCEIÇÃO DE MACABU RJ
RN,52,052ª ZONA ELEITORAL DE CORDEIRO RJ
RN,54,054ª ZONA ELEITORAL DE MANGARATIBA RJ
RN,55,055ª ZONA ELEITORAL DE MARICÁ RJ
RN,56,056ª ZONA ELEITORAL DE MENDES RJ
RN,57,057ª ZONA ELEITORAL DE PARATY RJ
RN,59,059ª ZONA ELEITORAL DE SÃO PEDRO DA ALDEIA RJ
RN,60,060ª ZONA ELEITORAL DE SÃO SEBASTIÃO DO ALTO RJ
RN,61,061ª ZONA ELEITORAL DE SAPUCAIA RJ
RN,62,062ª ZONA ELEITORAL DE SAQUAREMA RJ
RN,63,063ª ZONA ELEITORAL DE SILVA JARDIM RJ
RN,64,064ª ZONA ELEITORAL DE SUMIDOURO RJ
RN,65,065ª ZONA ELEITORAL DE PETRÓPOLIS RJ
RN,68,068ª ZONA ELEITORAL DE SÃO GONÇALO RJ
RN,69,069ª ZONA ELEITORAL DE SÃO GONÇALO RJ
RN,70,070ª ZONA ELEITORAL DE PARACAMBI RJ
RN,71,071ª ZONA ELEITORAL DE NITERÓI RJ
RN,72,072ª ZONA ELEITORAL DE NITERÓI RJ
RN,74,074ª ZONA ELEITORAL DE ENGENHEIRO PAULO DE FRONTIN RJ
RN,75,075ª ZONA ELEITORAL DE CAMPOS DOS GOYTACAZES RJ
RN,76,076ª ZONA ELEITORAL DE CAMPOS DOS GOYTACAZES RJ
RN,78,078ª ZONA ELEITORAL DE DUQUE DE CAXIAS RJ
RN,79,079ª ZONA ELEITORAL DE DUQUE DE CAXIAS RJ
RN,83,083ª ZONA ELEITORAL DE MESQUITA RJ
RN,84,084ª ZONA ELEITORAL DE NOVA IGUAÇU RJ
RN,87,087ª ZONA ELEITORAL DE SÃO GONÇALO RJ
RN,88,088ª ZONA ELEITORAL DE SÃO JOÃO DE MERITI RJ
RN,89,089ª ZONA ELEITORAL DE SÃO JOÃO DE MERITI RJ
RN,90,090ª ZONA ELEITORAL DE VOLTA REDONDA RJ
RN,91,091ª ZONA ELEITORAL DE BARRA MANSA RJ
RN,92,092ª ZONA ELEITORAL DE ARARUAMA RJ
RN,93,093ª ZONA ELEITORAL DE BARRA DO PIRAÍ RJ
RN,94,094ª ZONA ELEITORAL DE BARRA MANSA RJ
RN,95,095ª ZONA ELEITORAL DE BOM JESUS DO ITABAPOANA RJ
RN,96,096ª ZONA ELEITORAL DE CABO FRIO RJ
RN,97,097ª ZONA ELEITORAL DE CAMBUCI RJ
RN,98,098ª ZONA ELEITORAL DE CAMPOS DOS GOYTACAZES RJ
RN,101,101ª ZONA ELEITORAL DE CANTAGALO RJ
RN,102,102ª ZONA ELEITORAL DE CARMO RJ
RN,103,103ª ZONA ELEITORAL DE DUQUE DE CAXIAS RJ
RN,104,104ª ZONA ELEITORAL DE ITABORAÍ RJ
RN,105,105ª ZONA ELEITORAL DE ITAGUAÍ RJ
RN,106,106ª ZONA ELEITORAL DE ITAOCARA RJ
RN,107,107ª ZONA ELEITORAL DE ITAPERUNA RJ
RN,108,108ª ZONA ELEITORAL DE RIO CLARO RJ
RN,109,109ª ZONA ELEITORAL DE MACAÉ RJ
RN,110,110ª ZONA ELEITORAL DE MAGÉ RJ
RN,111,111ª ZONA ELEITORAL DE VALENÇA RJ
RN,112,112ª ZONA ELEITORAL DE MIRACEMA RJ
RN,116,116ª ZONA ELEITORAL DE ANGRA DOS REIS RJ
RN,118,118ª ZONA ELEITORAL DE RIO DE JANEIRO RJ
RN,119,119ª ZONA ELEITORAL DE RIO DE JANEIRO RJ
RN,120,120ª ZONA ELEITORAL DE RIO DE JANEIRO RJ
RN,122,122ª ZONA ELEITORAL DE RIO DE JANEIRO RJ
RN,123,123ª ZONA ELEITORAL DE RIO DE JANEIRO RJ
RN,125,125ª ZONA ELEITORAL DE RIO DE JANEIRO RJ
RN,126,126ª ZONA ELEITORAL DE DUQUE DE CAXIAS RJ
RN,127,127ª ZONA ELEITORAL DE DUQUE DE CAXIAS RJ
RN,128,128ª ZONA ELEITORAL DE DUQUE DE CAXIAS RJ
RN,129,129ª ZONA ELEITORAL DE CAMPOS DOS GOYTACAZES RJ
RN,130,130ª ZONA ELEITORAL DE SÃO FRANCISCO DE ITABAPOANA RJ
RN,131,131ª ZONA ELEITORAL DE VOLTA REDONDA RJ
RN,132,132ª ZONA ELEITORAL DE SÃO GONÇALO RJ
RN,133,133ª ZONA ELEITORAL DE SÃO GONÇALO RJ
RN,135,135ª ZONA ELEITORAL DE SÃO GONÇALO RJ
RN,138,138ª ZONA ELEITORAL DE QUEIMADOS RJ
RN,139,139ª ZONA ELEITORAL DE JAPERI RJ
RN,141,141ª ZONA ELEITORAL DE ITALVA RJ
RN,144,144ª ZONA ELEITORAL DE NITERÓI RJ
RN,146,146ª ZONA ELEITORAL DE ARRAIAL DO CABO RJ
RN,147,147ª ZONA ELEITORAL DE ANGRA DOS REIS RJ
RN,148,148ª ZONA ELEITORAL DE MAGÉ RJ
RN,149,149ª ZONA ELEITORAL DE GUAPIMIRIM RJ
RN,150,150ª ZONA ELEITORAL DE MESQUITA RJ
RN,151,151ª ZONA ELEITORAL DE ITABORAÍ RJ
RN,152,152ª ZONA ELEITORAL DE BELFORD ROXO RJ
RN,153,153ª ZONA ELEITORAL DE BELFORD ROXO RJ
RN,154,154ª ZONA ELEITORAL DE BELFORD ROXO RJ
RN,155,155ª ZONA ELEITORAL DE BELFORD ROXO RJ
RN,156,156ª ZONA ELEITORAL DE NOVA IGUAÇU RJ
RN,157,157ª ZONA ELEITORAL DE NOVA IGUAÇU RJ
RN,158,158ª ZONA ELEITORAL DE NOVA IGUAÇU RJ
RN,159,159ª ZONA ELEITORAL DE NOVA IGUAÇU RJ
RN,161,161ª ZONA ELEITORAL DE RIO DE JANEIRO RJ
RN,162,162ª ZONA ELEITORAL DE RIO DE JANEIRO RJ
RN,167,167ª ZONA ELEITORAL DE RIO DE JANEIRO RJ
RN,169,169ª ZONA ELEITORAL DE RIO DE JANEIRO RJ
RN,170,170ª ZONA ELEITORAL DE RIO DE JANEIRO RJ
RN,172,172ª ZONA ELEITORAL DE ARMAÇÃO DOS BÚZIOS RJ
RN,174,174ª ZONA ELEITORAL DE TRÊS RIOS RJ
RN,176,176ª ZONA ELEITORAL DE RIO DE JANEIRO RJ
RN,179,179ª ZONA ELEITORAL DE RIO DE JANEIRO RJ
RN,180,180ª ZONA ELEITORAL DE RIO DE JANEIRO RJ
RN,181,181ª ZONA ELEITORAL DE IGUABA GRANDE RJ
RN,182,182ª ZONA ELEITORAL DE RIO DE JANEIRO RJ
RN,183,183ª ZONA ELEITORAL DE PORTO REAL RJ
RN,184,184ª ZONA ELEITORAL DE RIO DAS OSTRAS RJ
RN,185,185ª ZONA ELEITORAL DE RIO DE JANEIRO RJ
RN,186,186ª ZONA ELEITORAL DE SÃO JOÃO DE MERITI RJ
RN,187,187ª ZONA ELEITORAL DE SÃO JOÃO DE MERITI RJ
RN,188,188ª ZONA ELEITORAL DE RIO DE JANEIRO RJ
RN,191,191ª ZONA ELEITORAL DE RIO DE JANEIRO RJ
RN,192,192ª ZONA ELEITORAL DE RIO DE JANEIRO RJ
RN,195,195ª ZONA ELEITORAL DE TERESÓPOLIS RJ
RN,196,196ª ZONA ELEITORAL DE SÃO JOSÉ DO VALE DO RIO PRETO RJ
RN,198,198ª ZONA ELEITORAL DE RESENDE RJ
RN,199,199ª ZONA ELEITORAL DE NITERÓI RJ
RN,200,200ª ZONA ELEITORAL DE DUQUE DE CAXIAS RJ
RN,201,201ª ZONA ELEITORAL DE NILÓPOLIS RJ
RN,204,204ª ZONA ELEITORAL DE RIO DE JANEIRO RJ
RN,211,211ª ZONA ELEITORAL DE RIO DE JANEIRO RJ
RN,214,214ª ZONA ELEITORAL DE RIO DE JANEIRO RJ
RN,216,216ª ZONA ELEITORAL DE RIO DE JANEIRO RJ
RN,218,218ª ZONA ELEITORAL DE RIO DE JANEIRO RJ
RN,219,219ª ZONA ELEITORAL DE RIO DE JANEIRO RJ
RN,221,221ª ZONA ELEITORAL DE NILÓPOLIS RJ
RN,222,222ª ZONA ELEITORAL DE NOVA FRIBURGO RJ
RN,225,225ª ZONA ELEITORAL DE SEROPÉDICA RJ
RN,229,229ª ZONA ELEITORAL DE RIO DE JANEIRO RJ
RN,230,230ª ZONA ELEITORAL DE RIO DE JANEIRO RJ
RN,233,233ª ZONA ELEITORAL DE RIO DE JANEIRO RJ
RN,234,234ª ZONA ELEITORAL DE RIO DE JANEIRO RJ
RN,238,238ª ZONA ELEITORAL DE RIO DE JANEIRO RJ
RN,241,241ª ZONA ELEITORAL DE RIO DE JANEIRO RJ
RN,242,242ª ZONA ELEITORAL DE RIO DE JANEIRO RJ
RN,243,243ª ZONA ELEITORAL DE RIO DE JANEIRO RJ
RN,245,245ª ZONA ELEITORAL DE RIO DE JANEIRO RJ
RN,246,246ª ZONA ELEITORAL DE RIO DE JANEIRO RJ
RN,254,254ª ZONA ELEITORAL DE MACAÉ RJ
RN,255,255ª ZONA ELEITORAL DE QUISSAMÃ RJ
RN,256,256ª ZONA ELEITORAL DE CABO FRIO RJ
RN,756,005ª ZONA ELEITORAL DE RIO DE JANEIRO RJ
RN,757,198ª ZONA ELEITORAL DE RESENDE RJ
RN,758,078ª ZONA ELEITORAL DE DUQUE DE CAXIAS RJ
RN,759,105ª ZONA ELEITORAL DE ITAGUAÍ RJ
RN,760,078ª ZONA ELEITORAL DE DUQUE DE CAXIAS RJ
RN,761,255ª ZONA ELEITORAL DE QUISSAMÃ RJ
RN,762,254ª ZONA ELEITORAL DE MACAÉ RJ
RN,764,043ª ZONA ELEITORAL DE NATIVIDADE RJ
RN,765,034ª ZONA ELEITORAL DE SANTO ANTÔNIO DE PÁDUA RJ
RN,766,060ª ZONA ELEITORAL DE SÃO SEBASTIÃO DO ALTO RJ
RN,767,091ª ZONA ELEITORAL DE BARRA MANSA RJ
RN,768,093ª ZONA ELEITORAL DE BARRA DO PIRAÍ RJ
RO,0,002ª ZONA ELEITORAL DE PORTO ALEGRE RS
RO,1,001ª ZONA ELEITORAL DE PORTO ALEGRE RS
RO,2,002ª ZONA ELEITORAL DE PORTO ALEGRE RS
RO,3,003ª ZONA ELEITORAL DE GAURAMA RS
RO,4,004ª ZONA ELEITORAL DE ESPUMOSO RS
RO,5,005ª ZONA ELEITORAL DE ALEGRETE RS
RO,6,006ª ZONA ELEITORAL DE ANTÔNIO PRADO RS
RO,7,007ª ZONA ELEITORAL DE BAGÉ RS
RO,8,008ª ZONA ELEITORAL DE BENTO GONÇALVES RS
RO,9,009ª ZONA ELEITORAL DE CAÇAPAVA DO SUL RS
RO,10,010ª ZONA ELEITORAL DE CACHOEIRA DO SUL RS
RO,11,011ª ZONA ELEITORAL DE SÃO SEBASTIÃO DO CAÍ RS
RO,12,012ª ZONA ELEITORAL DE CAMAQUÃ RS
RO,13,013ª ZONA ELEITORAL DE CANDELÁRIA RS
RO,14,014ª ZONA ELEITORAL DE CANGUÇU RS
RO,15,015ª ZONA ELEITORAL DE CARAZINHO RS
RO,16,016ª ZONA ELEITORAL DE CAXIAS DO SUL RS
RO,17,017ª ZONA ELEITORAL DE CRUZ ALTA RS
RO,18,018ª ZONA ELEITORAL DE DOM PEDRITO RS
RO,19,019ª ZONA ELEITORAL DE ENCRUZILHADA DO SUL RS
RO,20,020ª ZONA ELEITORAL DE ERECHIM RS
RO,21,021ª ZONA ELEITORAL DE ESTRELA RS
RO,22,022ª ZONA ELEITORAL DE GUAPORÉ RS
RO,23,023ª ZONA ELEITORAL DE IJUÍ RS
RO,24,024ª ZONA ELEITORAL DE ITAQUI RS
RO,25,025ª ZONA ELEITORAL DE JAGUARÃO RS
RO,26,026ª ZONA ELEITORAL DE JAGUARI RS
RO,27,027ª ZONA ELEITORAL DE JÚLIO DE CASTILHOS RS
RO,28,028ª ZONA ELEITORAL DE LAGOA VERMELHA RS
RO,29,029ª ZONA ELEITORAL DE LAJEADO RS
RO,30,030ª ZONA ELEITORAL DE SANT'ANA DO LIVRAMENTO RS
RO,31,031ª ZONA ELEITORAL DE MONTENEGRO RS
RO,32,032ª ZONA ELEITORAL DE PALMEIRA DAS MISSÕES RS
RO,33,033ª ZONA ELEITORAL DE PASSO FUNDO RS
RO,34,034ª ZONA ELEITORAL DE PELOTAS RS
RO,35,035ª ZONA ELEITORAL DE PINHEIRO MACHADO RS
RO,36,036ª ZONA ELEITORAL DE QUARAÍ RS
RO,37,037ª ZONA ELEITORAL DE RIO GRANDE RS
RO,38,038ª ZONA ELEITORAL DE RIO PARDO RS
RO,39,039ª ZONA ELEITORAL DE ROSÁRIO DO SUL RS
RO,40,040ª ZONA ELEITORAL DE SANTA CRUZ DO SUL RS
RO,41,041ª ZONA ELEITORAL DE SANTA MARIA RS
RO,42,042ª ZONA ELEITORAL DE SANTA ROSA RS
RO,43,043ª ZONA ELEITORAL DE SANTA VITÓRIA DO PALMAR RS
RO,44,044ª ZONA ELEITORAL DE SANTIAGO RS
RO,45,045ª ZONA ELEITORAL DE SANTO ÂNGELO RS
RO,46,046ª ZONA ELEITORAL DE SANTO ANTÔNIO DA PATRULHA RS
RO,47,047ª ZONA ELEITORAL DE SÃO BORJA RS
RO,48,048ª ZONA ELEITORAL DE SÃO FRANCISCO DE PAULA RS
RO,49,049ª ZONA ELEITORAL DE SÃO GABRIEL RS
RO,50,050ª ZONA ELEITORAL DE SÃO JERÔNIMO RS
RO,51,051ª ZONA ELEITORAL DE SÃO LEOPOLDO RS
RO,52,052ª ZONA ELEITORAL DE SÃO LUIZ GONZAGA RS
RO,53,053ª ZONA ELEITORAL DE SOBRADINHO RS
RO,54,054ª ZONA ELEITORAL DE SOLEDADE RS
RO,55,055ª ZONA ELEITORAL DE TAQUARA RS
RO,56,056ª ZONA ELEITORAL DE TAQUARI RS
RO,57,057ª ZONA ELEITORAL DE URUGUAIANA RS
RO,58,058ª ZONA ELEITORAL DE VACARIA RS
RO,59,059ª ZONA ELEITORAL DE VIAMÃO RS
RO,60,060ª ZONA ELEITORAL DE PELOTAS RS
RO,61,061ª ZONA ELEITORAL DE FARROUPILHA RS
RO,62,062ª ZONA ELEITORAL DE MARAU RS
RO,63,063ª ZONA ELEITORAL DE BOM JESUS RS
RO,64,064ª ZONA ELEITORAL DE RODEIO BONITO RS
RO,65,065ª ZONA ELEITORAL DE CANELA RS
RO,66,066ª ZONA ELEITORAL DE CANOAS RS
RO,67,067ª ZONA ELEITORAL DE ENCANTADO RS
RO,68,068ª ZONA ELEITORAL DE FLORES DA CUNHA RS
RO,69,069ª ZONA ELEITORAL DE SÃO VICENTE DO SUL RS
RO,70,070ª ZONA ELEITORAL DE GETÚLIO VARGAS RS
RO,71,071ª ZONA ELEITORAL DE GRAVATAÍ RS
RO,72,072ª ZONA ELEITORAL DE VIAMÃO RS
RO,73,073ª ZONA ELEITORAL DE SÃO LEOPOLDO RS
RO,74,074ª ZONA ELEITORAL DE ALVORADA RS
RO,75,075ª ZONA ELEITORAL DE NOVA PRATA RS
RO,76,076ª ZONA ELEITORAL DE NOVO HAMBURGO RS
RO,77,077ª ZONA ELEITORAL DE OSÓRIO RS
RO,78,078ª ZONA ELEITORAL DE PIRATINI RS
RO,79,079ª ZONA ELEITORAL DE SÃO FRANCISCO DE ASSIS RS
RO,80,080ª ZONA ELEITORAL DE SÃO LOURENÇO DO SUL RS
RO,81,081ª ZONA ELEITORAL DE SÃO PEDRO DO SUL RS
RO,82,082ª ZONA ELEITORAL DE SÃO SEPÉ RS
RO,83,083ª ZONA ELEITORAL DE SARANDI RS
RO,84,084ª ZONA ELEITORAL DE TAPES RS
RO,85,085ª ZONA ELEITORAL DE TORRES RS
RO,86,086ª ZONA ELEITORAL DE TRÊS PASSOS RS
RO,87,087ª ZONA ELEITORAL DE TUPANCIRETÃ RS
RO,88,088ª ZONA ELEITORAL DE VERANÓPOLIS RS
RO,89,089ª ZONA ELEITORAL DE TRÊS DE MAIO RS
RO,90,090ª ZONA ELEITORAL DE GUAÍBA RS
RO,91,091ª ZONA ELEITORAL DE CRISSIUMAL RS
RO,92,092ª ZONA ELEITORAL DE ARROIO GRANDE RS
RO,93,093ª ZONA ELEITORAL DE VENÂNCIO AIRES RS
RO,94,094ª ZONA ELEITORAL DE FREDERICO WESTPHALEN RS
RO,95,095ª ZONA ELEITORAL DE SANANDUVA RS
RO,96,096ª ZONA ELEITORAL DE CERRO LARGO RS
RO,97,097ª ZONA ELEITORAL DE ESTEIO RS
RO,98,098ª ZONA ELEITORAL DE GARIBALDI RS
RO,99,099ª ZONA ELEITORAL DE NONOAI RS
RO,100,100ª ZONA ELEITORAL DE TAPEJARA RS
RO,101,101ª ZONA ELEITORAL DE TENENTE PORTELA RS
RO,102,102ª ZONA ELEITORAL DE SANTO CRISTO RS
RO,103,103ª ZONA ELEITORAL DE SÃO JOSÉ DO OURO RS
RO,104,104ª ZONA ELEITORAL DE ARROIO DO MEIO RS
RO,105,105ª ZONA ELEITORAL DE CAMPO BOM RS
RO,107,107ª ZONA ELEITORAL DE SANTO AUGUSTO RS
RO,108,108ª ZONA ELEITORAL DE SAPUCAIA DO SUL RS
RO,110,110ª ZONA ELEITORAL DE TRAMANDAÍ RS
RO,111,111ª ZONA ELEITORAL DE PORTO ALEGRE RS
RO,112,112ª ZONA ELEITORAL DE PORTO ALEGRE RS
RO,113,113ª ZONA ELEITORAL DE PORTO ALEGRE RS
RO,114,114ª ZONA ELEITORAL DE PORTO ALEGRE RS
RO,115,115ª ZONA ELEITORAL DE PANAMBI RS
RO,116,116ª ZONA ELEITORAL DE BUTIÁ RS
RO,117,117ª ZONA ELEITORAL DE NÃO-ME-TOQUE RS
RO,118,118ª ZONA ELEITORAL DE ESTÂNCIA VELHA RS
RO,119,119ª ZONA ELEITORAL DE FAXINAL DO SOTURNO RS
RO,120,120ª ZONA ELEITORAL DE HORIZONTINA RS
RO,121,121ª ZONA ELEITORAL DE IBIRUBÁ RS
RO,122,122ª ZONA ELEITORAL DE MOSTARDAS RS
RO,123,123ª ZONA ELEITORAL DE PEDRO OSÓRIO RS
RO,124,124ª ZONA ELEITORAL DE ALVORADA RS
RO,125,125ª ZONA ELEITORAL DE TEUTÔNIA RS
RO,127,127ª ZONA ELEITORAL DE GIRUÁ RS
RO,128,128ª ZONA ELEITORAL DE PASSO FUNDO RS
RO,129,129ª ZONA ELEITORAL DE NOVA PETRÓPOLIS RS
RO,130,130ª ZONA ELEITORAL DE SÃO JOSÉ DO NORTE RS
RO,131,131ª ZONA ELEITORAL DE SAPIRANGA RS
RO,132,132ª ZONA ELEITORAL DE SEBERI RS
RO,133,133ª ZONA ELEITORAL DE TRIUNFO RS
RO,134,134ª ZONA ELEITORAL DE CANOAS RS
RO,135,135ª ZONA ELEITORAL DE SANTA MARIA RS
RO,136,136ª ZONA ELEITORAL DE CAXIAS DO SUL RS
RO,137,137ª ZONA ELEITORAL DE SÃO MARCOS RS
RO,138,138ª ZONA ELEITORAL DE CASCA RS
RO,140,140ª ZONA ELEITORAL DE CORONEL BICACO RS
RO,141,141ª ZONA ELEITORAL DE SANTO ANTÔNIO DAS MISSÕES RS
RO,142,142ª ZONA ELEITORAL DE BAGÉ RS
RO,143,143ª ZONA ELEITORAL DE CACHOEIRINHA RS
RO,144,144ª ZONA ELEITORAL DE PLANALTO RS
RO,145,145ª ZONA ELEITORAL DE ARVOREZINHA RS
RO,146,146ª ZONA ELEITORAL DE CONSTANTINA RS
RO,148,148ª ZONA ELEITORAL DE ERECHIM RS
RO,149,149ª ZONA ELEITORAL DE IGREJINHA RS
RO,150,150ª ZONA ELEITORAL DE CAPÃO DA CANOA RS
RO,151,151ª ZONA ELEITORAL DE BARRA DO RIBEIRO RS
RO,152,152ª ZONA ELEITORAL DE CARLOS BARBOSA RS
RO,153,153ª ZONA ELEITORAL DE DOIS IRMÃOS RS
RO,154,154ª ZONA ELEITORAL DE ARROIO DO TIGRE RS
RO,155,155ª ZONA ELEITORAL DE AUGUSTO PESTANA RS
RO,156,156ª ZONA ELEITORAL DE PALMARES DO SUL RS
RO,157,157ª ZONA ELEITORAL DE RESTINGA SÊCA RS
RO,158,158ª ZONA ELEITORAL DE PORTO ALEGRE RS
RO,159,159ª ZONA ELEITORAL DE PORTO ALEGRE RS
RO,160,160ª ZONA ELEITORAL DE PORTO ALEGRE RS
RO,161,161ª ZONA ELEITORAL DE PORTO ALEGRE RS
RO,162,162ª ZONA ELEITORAL DE SANTA CRUZ DO SUL RS
RO,163,163ª ZONA ELEITORAL DE RIO GRANDE RS
RO,164,164ª ZONA ELEITORAL DE PELOTAS RS
RO,165,165ª ZONA ELEITORAL DE FELIZ RS
RO,166,166ª ZONA ELEITORAL DE CAMPINA DAS MISSÕES RS
RO,168,168ª ZONA ELEITORAL DE SÃO VALENTIM RS
RO,169,169ª ZONA ELEITORAL DE CAXIAS DO SUL RS
RO,172,172ª ZONA ELEITORAL DE NOVO HAMBURGO RS
RO,173,173ª ZONA ELEITORAL DE GRAVATAÍ RS
RR,0,006ª ZONA ELEITORAL DE PORTO VELHO RO
RR,1,001ª ZONA ELEITORAL DE GUAJARÁ-MIRIM RO
RR,2,002ª ZONA ELEITORAL DE PORTO VELHO RO
RR,3,003ª ZONA ELEITORAL DE JI-PARANÁ RO
RR,4,004ª ZONA ELEITORAL DE VILHENA RO
RR,5,005ª ZONA ELEITORAL DE COSTA MARQUES RO
RR,6,006ª ZONA ELEITORAL DE PORTO VELHO RO
RR,7,007ª ZONA ELEITORAL DE ARIQUEMES RO
RR,8,008ª ZONA ELEITORAL DE COLORADO DO OESTE RO
RR,9,009ª ZONA ELEITORAL DE PIMENTA BUENO RO
RR,10,010ª ZONA ELEITORAL DE JARU RO
RR,11,011ª ZONA ELEITORAL DE CACOAL RO
RR,12,012ª ZONA ELEITORAL DE ESPIGÃO D'OESTE RO
RR,13,013ª ZONA ELEITORAL DE OURO PRETO DO OESTE RO
RR,15,015ª ZONA ELEITORAL DE ROLIM DE MOURA RO
RR,16,016ª ZONA ELEITORAL DE CEREJEIRAS RO
RR,17,017ª ZONA ELEITORAL DE ALTA FLORESTA D'OESTE
RR,18,018ª ZONA ELEITORAL DE ALVORADA D'OESTE RO
RR,19,019ª ZONA ELEITORAL DE SANTA LUZIA D'OESTE RO
RR,20,020ª ZONA ELEITORAL DE PORTO VELHO RO
RR,21,021ª ZONA ELEITORAL DE PORTO VELHO RO
RR,25,025ª ZONA ELEITORAL DE ARIQUEMES RO
RR,26,026ª ZONA ELEITORAL DE ARIQUEMES RO
RR,27,027ª ZONA ELEITORAL DE JARU RO
RR,28,028ª ZONA ELEITORAL DE OURO PRETO DO OESTE RO
RR,29,029ª ZONA ELEITORAL DE ROLIM DE MOURA RO
RR,30,030ª ZONA ELEITORAL DE JI-PARANÁ RO
RR,32,032ª ZONA ELEITORAL DE MACHADINHO D'OESTE RO
RR,34,034ª ZONA ELEITORAL DE BURITIS RO
RR,35,035ª ZONA ELEITORAL DE SÃO MIGUEL DO GUAPORÉ RO
RR,541,007ª ZONA ELEITORAL DE ARIQUEMES RO
RS,0,001ª ZONA ELEITORAL DE NATAL RN
RS,1,001ª ZONA ELEITORAL DE NATAL RN
RS,2,002ª ZONA ELEITORAL DE NATAL RN
RS,3,003ª ZONA ELEITORAL DE NATAL RN
RS,4,004ª ZONA ELEITORAL DE NATAL RN
RS,5,005ª ZONA ELEITORAL DE MACAÍBA RN
RS,6,006ª ZONA ELEITORAL DE CEARÁ-MIRIM RN
RS,7,007ª ZONA ELEITORAL DE SÃO JOSÉ DE MIPIBU RN
RS,8,008ª ZONA ELEITORAL DE SÃO PAULO DO POTENGI RN
RS,9,009ª ZONA ELEITORAL DE GOIANINHA RN
RS,10,010ª ZONA ELEITORAL DE JOÃO CÂMARA RN
RS,11,011ª ZONA ELEITORAL DE CANGUARETAMA RN
RS,12,012ª ZONA ELEITORAL DE NOVA CRUZ RN
RS,13,013ª ZONA ELEITORAL DE SANTO ANTÔNIO RN
RS,14,014ª ZONA ELEITORAL DE TOUROS RN
RS,15,015ª ZONA ELEITORAL DE SÃO JOSÉ DO CAMPESTRE RN
RS,16,016ª ZONA ELEITORAL DE SANTA CRUZ RN
RS,17,017ª ZONA ELEITORAL DE LAJES RN
RS,18,018ª ZONA ELEITORAL DE ANGICOS RN
RS,19,019ª ZONA ELEITORAL DE SÃO TOMÉ RN
RS,20,020ª ZONA ELEITORAL DE CURRAIS NOVOS RN
RS,21,021ª ZONA ELEITORAL DE FLORÂNIA RN
RS,22,022ª ZONA ELEITORAL DE ACARI RN
RS,23,023ª ZONA ELEITORAL DE CAICÓ RN
RS,24,024ª ZONA ELEITORAL DE PARELHAS RN
RS,25,025ª ZONA ELEITORAL DE CAICÓ RN
RS,26,026ª ZONA ELEITORAL DE CAICÓ RN
RS,27,027ª ZONA ELEITORAL DE JUCURUTU RN
RS,29,029ª ZONA ELEITORAL DE ASSÚ RN
RS,30,030ª ZONA ELEITORAL DE MACAU RN
RS,31,031ª ZONA ELEITORAL DE CAMPO GRANDE RN
RS,32,032ª ZONA ELEITORAL DE AREIA BRANCA RN
RS,33,033ª ZONA ELEITORAL DE MOSSORÓ RN
RS,34,034ª ZONA ELEITORAL DE MOSSORÓ RN
RS,35,035ª ZONA ELEITORAL DE APODI RN
RS,36,036ª ZONA ELEITORAL DE CARAÚBAS RN
RS,37,037ª ZONA ELEITORAL DE PATU RN
RS,38,038ª ZONA ELEITORAL DE MARTINS RN
RS,39,039ª ZONA ELEITORAL DE UMARIZAL RN
RS,40,040ª ZONA ELEITORAL DE PAU DOS FERROS RN
RS,41,041ª ZONA ELEITORAL DE ALEXANDRIA RN
RS,42,042ª ZONA ELEITORAL DE LUÍS GOMES RN
RS,43,043ª ZONA ELEITORAL DE SÃO MIGUEL RN
RS,44,044ª ZONA ELEITORAL DE MONTE ALEGRE RN
RS,45,045ª ZONA ELEITORAL DE APODI RN
RS,46,046ª ZONA ELEITORAL DE CEARÁ-MIRIM RN
RS,47,047ª ZONA ELEITORAL DE PENDÊNCIAS RN
RS,49,049ª ZONA ELEITORAL DE MOSSORÓ RN
RS,50,050ª ZONA ELEITORAL DE PARNAMIRIM RN
RS,51,051ª ZONA ELEITORAL DE SÃO GONÇALO DO AMARANTE RN
RS,52,052ª ZONA ELEITORAL DE SÃO BENTO DO NORTE RN
RS,53,053ª ZONA ELEITORAL DE TANGARÁ RN
RS,54,054ª ZONA ELEITORAL DE ASSÚ RN
RS,58,058ª ZONA ELEITORAL DE MOSSORÓ RN
RS,62,062ª ZONA ELEITORAL DE JOÃO CÂMARA RN
RS,63,063ª ZONA ELEITORAL DE PORTALEGRE RN
RS,64,064ª ZONA ELEITORAL DE EXTREMOZ RN
RS,65,065ª ZONA ELEITORAL DE PAU DOS FERROS RN
RS,67,067ª ZONA ELEITORAL DE NÍSIA FLORESTA RN
RS,68,068ª ZONA ELEITORAL DE SANTA CRUZ RN
RS,69,069ª ZONA ELEITORAL DE NATAL RN
SC,0,005ª ZONA ELEITORAL DE BOA VISTA RR
SC,1,001ª ZONA ELEITORAL DE BOA VISTA RR
SC,2,002ª ZONA ELEITORAL DE CARACARAÍ RR
SC,3,003ª ZONA ELEITORAL DE ALTO ALEGRE RR
SC,4,004ª ZONA ELEITORAL DE SÃO LUIZ RR
SC,5,005ª ZONA ELEITORAL DE BOA VISTA RR
SC,6,006ª ZONA ELEITORAL DE MUCAJAÍ RR
SC,7,007ª ZONA ELEITORAL DE PACARAIMA RR
SC,8,008ª ZONA ELEITORAL DE RORAINÓPOLIS RR
SE,0,012ª ZONA ELEITORAL DE LAGARTO SE
SE,1,001ª ZONA ELEITORAL DE ARACAJU SE
SE,2,002ª ZONA ELEITORAL DE ARACAJU SE
SE,3,003ª ZONA ELEITORAL DE AQUIDABÃ SE
SE,4,004ª ZONA ELEITORAL DE BOQUIM SE
SE,5,005ª ZONA ELEITORAL DE CAPELA SE
SE,6,006ª ZONA ELEITORAL DE ESTÂNCIA SE
SE,8,008ª ZONA ELEITORAL DE GARARU SE
SE,9,009ª ZONA ELEITORAL DE ITABAIANA SE
SE,11,011ª ZONA ELEITORAL DE JAPARATUBA SE
SE,12,012ª ZONA ELEITORAL DE LAGARTO SE
SE,13,013ª ZONA ELEITORAL DE LARANJEIRAS SE
SE,14,014ª ZONA ELEITORAL DE MARUIM SE
SE,15,015ª ZONA ELEITORAL DE NEÓPOLIS SE
SE,16,016ª ZONA ELEITORAL DE NOSSA SENHORA DAS DORES SE
SE,17,017ª ZONA ELEITORAL DE NOSSA SENHORA DA GLÓRIA SE
SE,18,018ª ZONA ELEITORAL DE PORTO DA FOLHA SE
SE,19,019ª ZONA ELEITORAL DE PROPRIÁ SE
SE,21,021ª ZONA ELEITORAL DE SÃO CRISTÓVÃO SE
SE,22,022ª ZONA ELEITORAL DE SIMÃO DIAS SE
SE,23,023ª ZONA ELEITORAL DE TOBIAS BARRETO SE
SE,24,024ª ZONA ELEITORAL DE CAMPO DO BRITO SE
SE,26,026ª ZONA ELEITORAL DE RIBEIRÓPOLIS SE
SE,27,027ª ZONA ELEITORAL DE ARACAJU SE
SE,28,028ª ZONA ELEITORAL DE CANINDÉ DE SÃO FRANCISCO SE
SE,29,029ª ZONA ELEITORAL DE CARIRA SE
SE,30,030ª ZONA ELEITORAL DE CRISTINÁPOLIS SE
SE,31,031ª ZONA ELEITORAL DE ITAPORANGA D'AJUDA SE
SE,34,034ª ZONA ELEITORAL DE NOSSA SENHORA DO SOCORRO SE
SE,35,035ª ZONA ELEITORAL DE UMBAÚBA SE
SE,536,002ª ZONA ELEITORAL DE ARACAJU SE
SE,538,004ª ZONA ELEITORAL DE BOQUIM SE
SE,544,012ª ZONA ELEITORAL DE LAGARTO SE
SE,545,013ª ZONA ELEITORAL DE LARANJEIRAS SE
SE,547,015ª ZONA ELEITORAL DE NEÓPOLIS SE
SE,552,021ª ZONA ELEITORAL DE SÃO CRISTÓVÃO SE
SE,555,024ª ZONA ELEITORAL DE CAMPO DO BRITO SE
SE,556,026ª ZONA ELEITORAL DE RIBEIRÓPOLIS SE
SE,557,002ª ZONA ELEITORAL DE ARACAJU SE
SE,558,028ª ZONA ELEITORAL DE CANINDÉ DE SÃO FRANCISCO SE
SE,562,034ª ZONA ELEITORAL DE NOSSA SENHORA DO SOCORRO SE
SP,0,084ª ZONA ELEITORAL DE SÃO JOSÉ SC
SP,1,001ª ZONA ELEITORAL DE ARARANGUÁ SC
SP,2,002ª ZONA ELEITORAL DE BIGUAÇU SC
SP,3,003ª ZONA ELEITORAL DE BLUMENAU SC
SP,4,004ª ZONA ELEITORAL DE BOM RETIRO SC
SP,5,005ª ZONA ELEITORAL DE BRUSQUE SC
SP,6,006ª ZONA ELEITORAL DE CAÇADOR SC
SP,7,007ª ZONA ELEITORAL DE CAMPOS NOVOS SC
SP,8,008ª ZONA ELEITORAL DE CANOINHAS SC
SP,9,009ª ZONA ELEITORAL DE CONCÓRDIA SC
SP,10,010ª ZONA ELEITORAL DE CRICIÚMA SC
SP,11,011ª ZONA ELEITORAL DE CURITIBANOS SC
SP,12,012ª ZONA ELEITORAL DE FLORIANÓPOLIS SC
SP,13,013ª ZONA ELEITORAL DE FLORIANÓPOLIS SC
SP,14,014ª ZONA ELEITORAL DE IBIRAMA SC
SP,15,015ª ZONA ELEITORAL DE INDAIAL SC
SP,16,016ª ZONA ELEITORAL DE ITAJAÍ SC
SP,17,017ª ZONA ELEITORAL DE JARAGUÁ DO SUL SC
SP,18,018ª ZONA ELEITORAL DE JOAÇABA SC
SP,19,019ª ZONA ELEITORAL DE JOINVILLE SC
SP,20,020ª ZONA ELEITORAL DE LAGUNA SC
SP,21,021ª ZONA ELEITORAL DE LAGES SC
SP,22,022ª ZONA ELEITORAL DE MAFRA SC
SP,23,023ª ZONA ELEITORAL DE ORLEANS SC
SP,24,024ª ZONA ELEITORAL DE PALHOÇA SC
SP,25,025ª ZONA ELEITORAL DE PORTO UNIÃO SC
SP,26,026ª ZONA ELEITORAL DE RIO DO SUL SC
SP,27,027ª ZONA ELEITORAL DE SÃO FRANCISCO DO SUL SC
SP,28,028ª ZONA ELEITORAL DE SÃO JOAQUIM SC
SP,29,029ª ZONA ELEITORAL DE SÃO JOSÉ SC
SP,30,030ª ZONA ELEITORAL DE SÃO BENTO DO SUL SC
SP,31,031ª ZONA ELEITORAL DE TIJUCAS SC
SP,32,032ª ZONA ELEITORAL DE TIMBÓ SC
SP,33,033ª ZONA ELEITORAL DE TUBARÃO SC
SP,34,034ª ZONA ELEITORAL DE URUSSANGA SC
SP,35,035ª ZONA ELEITORAL DE CHAPECÓ SC
SP,36,036ª ZONA ELEITORAL DE VIDEIRA SC
SP,37,037ª ZONA ELEITORAL DE CAPINZAL SC
SP,38,038ª ZONA ELEITORAL DE ITAIÓPOLIS SC
SP,39,039ª ZONA ELEITORAL DE ITUPORANGA SC
SP,41,041ª ZONA ELEITORAL DE PALMITOS SC
SP,42,042ª ZONA ELEITORAL DE TURVO SC
SP,43,043ª ZONA ELEITORAL DE XANXERÊ SC
SP,44,044ª ZONA ELEITORAL DE BRAÇO DO NORTE SC
SP,45,045ª ZONA ELEITORAL DE SÃO MIGUEL DO OESTE SC
SP,46,046ª ZONA ELEITORAL DE TAIÓ SC
SP,47,047ª ZONA ELEITORAL DE TANGARÁ SC
SP,48,048ª ZONA ELEITORAL DE XAXIM SC
SP,49,049ª ZONA ELEITORAL DE SÃO LOURENÇO DO OESTE SC
SP,50,050ª ZONA ELEITORAL DE DIONÍSIO CERQUEIRA SC
SP,51,051ª ZONA ELEITORAL DE SANTA CECÍLIA SC
SP,52,052ª ZONA ELEITORAL DE ANITA GARIBALDI SC
SP,53,053ª ZONA ELEITORAL DE SÃO JOÃO BATISTA SC
SP,54,054ª ZONA ELEITORAL DE SOMBRIO SC
SP,55,055ª ZONA ELEITORAL DE POMERODE SC
SP,56,056ª ZONA ELEITORAL DE BALNEÁRIO CAMBORIÚ SC
SP,57,057ª ZONA ELEITORAL DE TROMBUDO CENTRAL SC
SP,58,058ª ZONA ELEITORAL DE MARAVILHA SC
SP,60,060ª ZONA ELEITORAL DE GUARAMIRIM SC
SP,61,061ª ZONA ELEITORAL DE SEARA SC
SP,62,062ª ZONA ELEITORAL DE IMARUÍ SC
SP,63,063ª ZONA ELEITORAL DE PONTE SERRADA SC
SP,64,064ª ZONA ELEITORAL DE GASPAR SC
SP,65,065ª ZONA ELEITORAL DE ITAPIRANGA SC
SP,66,066ª ZONA ELEITORAL DE PINHALZINHO SC
SP,67,067ª ZONA ELEITORAL DE SANTO AMARO DA IMPERATRIZ SC
SP,68,068ª ZONA ELEITORAL DE BALNEÁRIO PIÇARRAS SC
SP,69,069ª ZONA ELEITORAL DE CAMPO ERÊ SC
SP,70,070ª ZONA ELEITORAL DE SÃO CARLOS SC
SP,71,071ª ZONA ELEITORAL DE ABELARDO LUZ SC
SP,73,073ª ZONA ELEITORAL DE IMBITUBA SC
SP,74,074ª ZONA ELEITORAL DE RIO NEGRINHO SC
SP,76,076ª ZONA ELEITORAL DE JOINVILLE SC
SP,77,077ª ZONA ELEITORAL DE FRAIBURGO SC
SP,78,078ª ZONA ELEITORAL DE QUILOMBO SC
SP,79,079ª ZONA ELEITORAL DE IÇARA SC
SP,81,081ª ZONA ELEITORAL DE PAPANDUVA SC
SP,82,082ª ZONA ELEITORAL DE SÃO MIGUEL DO OESTE SC
SP,83,083ª ZONA ELEITORAL DE MODELO SC
SP,84,084ª ZONA ELEITORAL DE SÃO JOSÉ SC
SP,85,085ª ZONA ELEITORAL DE JOAÇABA SC
SP,86,086ª ZONA ELEITORAL DE BRUSQUE SC
SP,87,087ª ZONA ELEITORAL DE JARAGUÁ DO SUL SC
SP,88,088ª ZONA ELEITORAL DE BLUMENAU SC
SP,90,090ª ZONA ELEITORAL DE CONCÓRDIA SC
SP,91,091ª ZONA ELEITORAL DE ITAPEMA SC
SP,92,092ª ZONA ELEITORAL DE CRICIÚMA SC
SP,93,093ª ZONA ELEITORAL DE LAGES SC
SP,94,094ª ZONA ELEITORAL DE CHAPECÓ SC
SP,95,095ª ZONA ELEITORAL DE JOINVILLE SC
SP,96,096ª ZONA ELEITORAL DE JOINVILLE SC
SP,97,097ª ZONA ELEITORAL DE ITAJAÍ SC
SP,98,098ª ZONA ELEITORAL DE CRICIÚMA SC
SP,99,099ª ZONA ELEITORAL DE TUBARÃO SC
SP,100,100ª ZONA ELEITORAL DE FLORIANÓPOLIS SC
SP,102,102ª ZONA ELEITORAL DE RIO DO SUL SC
SP,103,103ª ZONA ELEITORAL DE BALNEÁRIO CAMBORIÚ SC
SP,104,104ª ZONA ELEITORAL DE LAGES SC
SP,105,105ª ZONA ELEITORAL DE JOINVILLE SC
SP,106,106ª ZONA ELEITORAL DE NAVEGANTES SC
SP,107,107ª ZONA ELEITORAL DE PALHOÇA SC
SP,607,012ª ZONA ELEITORAL DE FLORIANÓPOLIS SC
SP,626,067ª ZONA ELEITORAL DE SANTO AMARO DA IMPERATRIZ SC
SP,627,023ª ZONA ELEITORAL DE ORLEANS SC
SP,628,044ª ZONA ELEITORAL DE BRAÇO DO NORTE SC
SP,630,054ª ZONA ELEITORAL DE SOMBRIO SC
SP,643,043ª ZONA ELEITORAL DE XANXERÊ SC
TO,0,002ª ZONA ELEITORAL DE SÃO PAULO SP
TO,1,001ª ZONA ELEITORAL DE SÃO PAULO SP
TO,2,002ª ZONA ELEITORAL DE SÃO PAULO SP
TO,3,003ª ZONA ELEITORAL DE SÃO PAULO SP
TO,4,004ª ZONA ELEITORAL DE SÃO PAULO SP
TO,5,005ª ZONA ELEITORAL DE SÃO PAULO SP
TO,6,006ª ZONA ELEITORAL DE SÃO PAULO SP
TO,7,007ª ZONA ELEITORAL DE AGUDOS SP
TO,8,008ª ZONA ELEITORAL DE AMPARO SP
TO,9,009ª ZONA ELEITORAL DE ANDRADINA SP
TO,10,010ª ZONA ELEITORAL DE APIAÍ SP
TO,11,011ª ZONA ELEITORAL DE ARAÇATUBA SP
TO,12,012ª ZONA ELEITORAL DE PARAGUAÇU PAULISTA SP
TO,13,013ª ZONA ELEITORAL DE ARARAQUARA SP
TO,14,014ª ZONA ELEITORAL DE ARARAS SP
TO,15,015ª ZONA ELEITORAL DE ASSIS SP
TO,16,016ª ZONA ELEITORAL DE ATIBAIA SP
TO,17,017ª ZONA ELEITORAL DE AVARÉ SP
TO,18,018ª ZONA ELEITORAL DE BANANAL SP
TO,19,019ª ZONA ELEITORAL DE BARIRI SP
TO,20,020ª ZONA ELEITORAL DE SÃO PAULO SP
TO,21,021ª ZONA ELEITORAL DE BARRETOS SP
TO,22,022ª ZONA ELEITORAL DE BATATAIS SP
TO,23,023ª ZONA ELEITORAL DE BAURU SP
TO,24,024ª ZONA ELEITORAL DE BEBEDOURO SP
TO,25,025ª ZONA ELEITORAL DE BIRIGUI SP
TO,26,026ª ZONA ELEITORAL DE BOTUCATU SP
TO,27,027ª ZONA ELEITORAL DE BRAGANÇA PAULISTA SP
TO,28,028ª ZONA ELEITORAL DE BROTAS SP
TO,29,029ª ZONA ELEITORAL DE CAÇAPAVA SP
TO,30,030ª ZONA ELEITORAL DE CACONDE SP
TO,31,031ª ZONA ELEITORAL DE CAFELÂNDIA SP
TO,32,032ª ZONA ELEITORAL DE CAJURU SP
TO,33,033ª ZONA ELEITORAL DE CAMPINAS SP
TO,34,034ª ZONA ELEITORAL DE VALINHOS SP
TO,35,035ª ZONA ELEITORAL DE CAMPOS DO JORDÃO SP
TO,36,036ª ZONA ELEITORAL DE CANANÉIA SP
TO,37,037ª ZONA ELEITORAL DE CAPÃO BONITO SP
TO,38,038ª ZONA ELEITORAL DE CAPIVARI SP
TO,39,039ª ZONA ELEITORAL DE CASA BRANCA SP
TO,40,040ª ZONA ELEITORAL DE CATANDUVA SP
TO,41,041ª ZONA ELEITORAL DE CONCHAS SP
TO,42,042ª ZONA ELEITORAL DE CRUZEIRO SP
TO,43,043ª ZONA ELEITORAL DE CUNHA SP
TO,44,044ª ZONA ELEITORAL DE DESCALVADO SP
TO,46,046ª ZONA ELEITORAL DE FRANCA SP
TO,47,047ª ZONA ELEITORAL DE GARÇA SP
TO,48,048ª ZONA ELEITORAL DE GUARATINGUETÁ SP
TO,49,049ª ZONA ELEITORAL DE IBITINGA SP
TO,50,050ª ZONA ELEITORAL DE IGARAPAVA SP
TO,51,051ª ZONA ELEITORAL DE IGUAPE SP
TO,52,052ª ZONA ELEITORAL DE ITAPETININGA SP
TO,53,053ª ZONA ELEITORAL DE ITAPEVA SP
TO,54,054ª ZONA ELEITORAL DE ITAPIRA SP
TO,55,055ª ZONA ELEITORAL DE ITÁPOLIS SP
TO,56,056ª ZONA ELEITORAL DE ITAPORANGA SP
TO,57,057ª ZONA ELEITORAL DE ITARARÉ SP
TO,58,058ª ZONA ELEITORAL DE ITATIBA SP
TO,59,059ª ZONA ELEITORAL DE ITU SP
TO,60,060ª ZONA ELEITORAL DE ITUVERAVA SP
TO,61,061ª ZONA ELEITORAL DE JABOTICABAL SP
TO,62,062ª ZONA ELEITORAL DE JACAREÍ SP
TO,63,063ª ZONA ELEITORAL DE JAÚ SP
TO,64,064ª ZONA ELEITORAL DE JOSÉ BONIFÁCIO SP
TO,65,065ª ZONA ELEITORAL DE JUNDIAÍ SP
TO,66,066ª ZONA ELEITORAL DE LIMEIRA SP
TO,67,067ª ZONA ELEITORAL DE LINS SP
TO,68,068ª ZONA ELEITORAL DE LORENA SP
TO,69,069ª ZONA ELEITORAL DE LUCÉLIA SP
TO,70,070ª ZONA ELEITORAL DE MARÍLIA SP
TO,71,071ª ZONA ELEITORAL DE MARTINÓPOLIS SP
TO,72,072ª ZONA ELEITORAL DE MIRASSOL SP
TO,73,073ª ZONA ELEITORAL DE MOCOCA SP
TO,74,074ª ZONA ELEITORAL DE MOGI DAS CRUZES SP
TO,75,075ª ZONA ELEITORAL DE MOGI MIRIM SP
TO,76,076ª ZONA ELEITORAL DE MONTE ALTO SP
TO,77,077ª ZONA ELEITORAL DE MONTE APRAZÍVEL SP
TO,78,078ª ZONA ELEITORAL DE NOVA GRANADA SP
TO,79,079ª ZONA ELEITORAL DE NOVO HORIZONTE SP
TO,80,080ª ZONA ELEITORAL DE OLÍMPIA SP
TO,81,081ª ZONA ELEITORAL DE ORLÂNDIA SP
TO,82,082ª ZONA ELEITORAL DE OURINHOS SP
TO,83,083ª ZONA ELEITORAL DE PALMITAL SP
TO,84,084ª ZONA ELEITORAL DE PARAIBUNA SP
TO,86,086ª ZONA ELEITORAL DE PEDERNEIRAS SP
TO,87,087ª ZONA ELEITORAL DE PENÁPOLIS SP
TO,88,088ª ZONA ELEITORAL DE PEREIRA BARRETO SP
TO,89,089ª ZONA ELEITORAL DE PIEDADE SP
TO,90,090ª ZONA ELEITORAL DE PINDAMONHANGABA SP
TO,91,091ª ZONA ELEITORAL DE ESPÍRITO SANTO DO PINHAL SP
TO,92,092ª ZONA ELEITORAL DE PIRACAIA SP
TO,93,093ª ZONA ELEITORAL DE PIRACICABA SP
TO,94,094ª ZONA ELEITORAL DE PIRAJU SP
TO,95,095ª ZONA ELEITORAL DE PIRAJUÍ SP
TO,96,096ª ZONA ELEITORAL DE PIRASSUNUNGA SP
TO,98,098ª ZONA ELEITORAL DE PITANGUEIRAS SP
TO,99,099ª ZONA ELEITORAL DE POMPÉIA SP
TO,100,100ª ZONA ELEITORAL DE PORTO FELIZ SP
TO,101,101ª ZONA ELEITORAL DE PRESIDENTE PRUDENTE SP
TO,102,102ª ZONA ELEITORAL DE PRESIDENTE VENCESLAU SP
TO,103,103ª ZONA ELEITORAL DE PROMISSÃO SP
TO,106,106ª ZONA ELEITORAL DE RANCHARIA SP
TO,107,107ª ZONA ELEITORAL DE RIBEIRÃO BONITO SP
TO,108,108ª ZONA ELEITORAL DE RIBEIRÃO PRETO SP
TO,109,109ª ZONA ELEITORAL DE SERRANA SP
TO,110,110ª ZONA ELEITORAL DE RIO CLARO SP
TO,111,111ª ZONA ELEITORAL DE SANTA ADÉLIA SP
TO,112,112ª ZONA ELEITORAL DE SANTA BRANCA SP
TO,114,114ª ZONA ELEITORAL DE SANTA CRUZ DO RIO PARDO SP
TO,115,115ª ZONA ELEITORAL DE SANTA ISABEL SP
TO,116,116ª ZONA ELEITORAL DE SANTA RITA DO PASSA QUATRO SP
TO,117,117ª ZONA ELEITORAL DE SANTO ANASTÁCIO SP
TO,118,118ª ZONA ELEITORAL DE SANTOS SP
TO,119,119ª ZONA ELEITORAL DE CUBATÃO SP
TO,121,121ª ZONA ELEITORAL DE SÃO CARLOS SP
TO,122,122ª ZONA ELEITORAL DE SÃO JOÃO DA BOA VISTA SP
TO,123,123ª ZONA ELEITORAL DE SÃO JOAQUIM DA BARRA SP
TO,124,124ª ZONA ELEITORAL DE SÃO JOSÉ DO RIO PARDO SP
TO,125,125ª ZONA ELEITORAL DE SÃO JOSÉ DO RIO PRETO SP
TO,126,126ª ZONA ELEITORAL DE SÃO JOSÉ DO RIO PRETO SP
TO,127,127ª ZONA ELEITORAL DE SÃO JOSÉ DOS CAMPOS SP
TO,128,128ª ZONA ELEITORAL DE SÃO LUÍS DO PARAITINGA SP
TO,129,129ª ZONA ELEITORAL DE SÃO MANUEL SP
TO,130,130ª ZONA ELEITORAL DE SÃO PEDRO SP
TO,131,131ª ZONA ELEITORAL DE SÃO ROQUE SP
TO,132,132ª ZONA ELEITORAL DE SÃO SEBASTIÃO SP
TO,133,133ª ZONA ELEITORAL DE SÃO SIMÃO SP
TO,134,134ª ZONA ELEITORAL DE SERRA NEGRA SP
TO,135,135ª ZONA ELEITORAL DE SERTÃOZINHO SP
TO,136,136ª ZONA ELEITORAL DE SOCORRO SP
TO,137,137ª ZONA ELEITORAL DE SOROCABA SP
TO,138,138ª ZONA ELEITORAL DE TANABI SP
TO,139,139ª ZONA ELEITORAL DE TAQUARITINGA SP
TO,140,140ª ZONA ELEITORAL DE TATUÍ SP
TO,141,141ª ZONA ELEITORAL DE TAUBATÉ SP
TO,142,142ª ZONA ELEITORAL DE TIETÊ SP
TO,143,143ª ZONA ELEITORAL DE TUPÃ SP
TO,144,144ª ZONA ELEITORAL DE UBATUBA SP
TO,145,145ª ZONA ELEITORAL DE CACHOEIRA PAULISTA SP
TO,146,146ª ZONA ELEITORAL DE VALPARAÍSO SP
TO,147,147ª ZONA ELEITORAL DE VOTUPORANGA SP
TO,148,148ª ZONA ELEITORAL DE ELDORADO SP
TO,149,149ª ZONA ELEITORAL DE DRACENA SP
TO,150,150ª ZONA ELEITORAL DE FERNANDÓPOLIS SP
TO,151,151ª ZONA ELEITORAL DE GUARARAPES SP
TO,152,152ª ZONA ELEITORAL DE JALES SP
TO,153,153ª ZONA ELEITORAL DE MIRANDÓPOLIS SP
TO,155,155ª ZONA ELEITORAL DE PEDREGULHO SP
TO,156,156ª ZONA ELEITORAL DE SANTO ANDRÉ SP
TO,157,157ª ZONA ELEITORAL DE ADAMANTINA SP
TO,158,158ª ZONA ELEITORAL DE AMERICANA SP
TO,159,159ª ZONA ELEITORAL DE DUARTINA SP
TO,161,161ª ZONA ELEITORAL DE LENÇÓIS PAULISTA SP
TO,162,162ª ZONA ELEITORAL DE NHANDEARA SP
TO,163,163ª ZONA ELEITORAL DE OSVALDO CRUZ SP
TO,164,164ª ZONA ELEITORAL DE PAULO DE FARIA SP
TO,165,165ª ZONA ELEITORAL DE PRESIDENTE BERNARDES SP
TO,166,166ª ZONA ELEITORAL DE SÃO CAETANO DO SUL SP
TO,167,167ª ZONA ELEITORAL DE REGENTE FEIJÓ SP
TO,169,169ª ZONA ELEITORAL DE GUAÍRA SP
TO,170,170ª ZONA ELEITORAL DE MATÃO SP
TO,171,171ª ZONA ELEITORAL DE MONTE AZUL PAULISTA SP
TO,172,172ª ZONA ELEITORAL DE REGISTRO SP
TO,174,174ª ZONA ELEITORAL DE SÃO BERNARDO DO CAMPO SP
TO,175,175ª ZONA ELEITORAL DE TUPI PAULISTA SP
TO,176,176ª ZONA ELEITORAL DE GUARULHOS SP
TO,177,177ª ZONA ELEITORAL DE SÃO VICENTE SP
TO,178,178ª ZONA ELEITORAL DE COLINA SP
TO,179,179ª ZONA ELEITORAL DE CATANDUVA SP
TO,180,180ª ZONA ELEITORAL DE MARÍLIA SP
TO,181,181ª ZONA ELEITORAL DE SUZANO SP
TO,182,182ª ZONA ELEITORAL DE PRESIDENTE PRUDENTE SP
TO,183,183ª ZONA ELEITORAL DE RIBEIRÃO PIRES SP
TO,184,184ª ZONA ELEITORAL DE TUPÃ SP
TO,185,185ª ZONA ELEITORAL DE GUARULHOS SP
TO,186,186ª ZONA ELEITORAL DE SANTA BÁRBARA D'OESTE SP
TO,187,187ª ZONA ELEITORAL DE SANTA FÉ DO SUL SP
TO,188,188ª ZONA ELEITORAL DE LEME SP
TO,189,189ª ZONA ELEITORAL DE ITANHAÉM SP
TO,190,190ª ZONA ELEITORAL DE APARECIDA SP
TO,191,191ª ZONA ELEITORAL DE IBIÚNA SP
TO,192,192ª ZONA ELEITORAL DE FRANCO DA ROCHA SP
TO,194,194ª ZONA ELEITORAL DE PORTO FERREIRA SP
TO,195,195ª ZONA ELEITORAL DE PRESIDENTE EPITÁCIO SP
TO,196,196ª ZONA ELEITORAL DE JUNQUEIRÓPOLIS SP
TO,197,197ª ZONA ELEITORAL DE GUARIBA SP
TO,199,199ª ZONA ELEITORAL DE BARUERI SP
TO,200,200ª ZONA ELEITORAL DE BARRA BONITA SP
TO,201,201ª ZONA ELEITORAL DE ITAPECERICA DA SERRA SP
TO,202,202ª ZONA ELEITORAL DE ALTINÓPOLIS SP
TO,204,204ª ZONA ELEITORAL DE JARDINÓPOLIS SP
TO,205,205ª ZONA ELEITORAL DE CERQUEIRA CÉSAR SP
TO,206,206ª ZONA ELEITORAL DE CARAGUATATUBA SP
TO,207,207ª ZONA ELEITORAL DE URUPÊS SP
TO,208,208ª ZONA ELEITORAL DE MIGUELÓPOLIS SP
TO,210,210ª ZONA ELEITORAL DE BILAC SP
TO,211,211ª ZONA ELEITORAL DE INDAIATUBA SP
TO,212,212ª ZONA ELEITORAL DE GUARUJÁ SP
TO,213,213ª ZONA ELEITORAL DE OSASCO SP
TO,214,214ª ZONA ELEITORAL DE BURITAMA SP
TO,215,215ª ZONA ELEITORAL DE ANGATUBA SP
TO,216,216ª ZONA ELEITORAL DE MOGI GUAÇU SP
TO,217,217ª ZONA ELEITORAL DE MAUÁ SP
TO,218,218ª ZONA ELEITORAL DE MIRACATU SP
TO,219,219ª ZONA ELEITORAL DE POÁ SP
TO,220,220ª ZONA ELEITORAL DE VOTORANTIM SP
TO,221,221ª ZONA ELEITORAL DE SALTO SP
TO,222,222ª ZONA ELEITORAL DE DIADEMA SP
TO,223,223ª ZONA ELEITORAL DE JUQUIÁ SP
TO,224,224ª ZONA ELEITORAL DE CARDOSO SP
TO,225,225ª ZONA ELEITORAL DE AURIFLAMA SP
TO,226,226ª ZONA ELEITORAL DE CÂNDIDO MOTA SP
TO,227,227ª ZONA ELEITORAL DE COTIA SP
TO,228,228ª ZONA ELEITORAL DE JACUPIRANGA SP
TO,229,229ª ZONA ELEITORAL DE VARGEM GRANDE DO SUL SP
TO,230,230ª ZONA ELEITORAL DE SUMARÉ SP
TO,232,232ª ZONA ELEITORAL DE PALMEIRA D'OESTE SP
TO,233,233ª ZONA ELEITORAL DE ESTRELA D'OESTE SP
TO,234,234ª ZONA ELEITORAL DE FARTURA SP
TO,236,236ª ZONA ELEITORAL DE TAQUARITUBA SP
TO,237,237ª ZONA ELEITORAL DE MAIRIPORÃ SP
TO,239,239ª ZONA ELEITORAL DE AMÉRICO BRASILIENSE SP
TO,240,240ª ZONA ELEITORAL DE FRANCA SP
TO,241,241ª ZONA ELEITORAL DE DOIS CÓRREGOS SP
TO,242,242ª ZONA ELEITORAL DE VÁRZEA PAULISTA SP
TO,243,243ª ZONA ELEITORAL DE CORDEIRÓPOLIS SP
TO,244,244ª ZONA ELEITORAL DE PIRACICABA SP
TO,245,245ª ZONA ELEITORAL DE RIO CLARO SP
TO,246,246ª ZONA ELEITORAL DE SÃO PAULO SP
TO,247,247ª ZONA ELEITORAL DE SÃO PAULO SP
TO,248,248ª ZONA ELEITORAL DE SÃO PAULO SP
TO,249,249ª ZONA ELEITORAL DE SÃO PAULO SP
TO,250,250ª ZONA ELEITORAL DE SÃO PAULO SP
TO,251,251ª ZONA ELEITORAL DE SÃO PAULO SP
TO,252,252ª ZONA ELEITORAL DE SÃO PAULO SP
TO,253,253ª ZONA ELEITORAL DE SÃO PAULO SP
TO,254,254ª ZONA ELEITORAL DE SÃO PAULO SP
TO,255,255ª ZONA ELEITORAL DE SÃO PAULO SP
TO,256,256ª ZONA ELEITORAL DE SÃO PAULO SP
TO,257,257ª ZONA ELEITORAL DE SÃO PAULO SP
TO,258,258ª ZONA ELEITORAL DE SÃO PAULO SP
TO,259,259ª ZONA ELEITORAL DE SÃO PAULO SP
TO,260,260ª ZONA ELEITORAL DE SÃO PAULO SP
TO,261,261ª ZONA ELEITORAL DE PIRAPOZINHO SP
TO,263,263ª ZONA ELEITORAL DE SANTO ANDRÉ SP
TO,264,264ª ZONA ELEITORAL DE SANTO ANDRÉ SP
TO,265,265ª ZONA ELEITORAL DE RIBEIRÃO PRETO SP
TO,266,266ª ZONA ELEITORAL DE RIBEIRÃO PRETO SP
TO,267,267ª ZONA ELEITORAL DE SÃO JOSÉ DO RIO PRETO SP
TO,268,268ª ZONA ELEITORAL DE SÃO JOSÉ DO RIO PRETO SP
TO,269,269ª ZONA ELEITORAL DE SÃO CAETANO DO SUL SP
TO,270,270ª ZONA ELEITORAL DE PIRACICABA SP
TO,271,271ª ZONA ELEITORAL DE SOROCABA SP
TO,272,272ª ZONA ELEITORAL DE SANTOS SP
TO,273,273ª ZONA ELEITORAL DE SANTOS SP
TO,274,274ª ZONA ELEITORAL DE CAMPINAS SP
TO,275,275ª ZONA ELEITORAL DE CAMPINAS SP
TO,276,276ª ZONA ELEITORAL DE OSASCO SP
TO,277,277ª ZONA ELEITORAL DE OSASCO SP
TO,278,278ª ZONA ELEITORAL DE GUARULHOS SP
TO,279,279ª ZONA ELEITORAL DE GUARULHOS SP
TO,280,280ª ZONA ELEITORAL DE SÃO PAULO SP
TO,281,281ª ZONA ELEITORAL DE JUNDIAÍ SP
TO,282,282ª ZONA ELEITORAL DE SÃO JOSÉ DOS CAMPOS SP
TO,283,283ª ZONA ELEITORAL DE SÃO BERNARDO DO CAMPO SP
TO,284,284ª ZONA ELEITORAL DE SÃO BERNARDO DO CAMPO SP
TO,286,286ª ZONA ELEITORAL DE COTIA SP
TO,287,287ª ZONA ELEITORAL DE MOGI DAS CRUZES SP
TO,288,288ª ZONA ELEITORAL DE RIO CLARO SP
TO,289,289ª ZONA ELEITORAL DE PENÁPOLIS SP
TO,290,290ª ZONA ELEITORAL DE ASSIS SP
TO,291,291ª ZONA ELEITORAL DE FRANCA SP
TO,292,292ª ZONA ELEITORAL DE NOVA ODESSA SP
TO,293,293ª ZONA ELEITORAL DE RIBEIRÃO PRETO SP
TO,294,294ª ZONA ELEITORAL DE SOROCABA SP
TO,295,295ª ZONA ELEITORAL DE PERUÍBE SP
TO,296,296ª ZONA ELEITORAL DE SÃO BERNARDO DO CAMPO SP
TO,297,297ª ZONA ELEITORAL DE LINS SP
TO,298,298ª ZONA ELEITORAL DE BRAGANÇA PAULISTA SP
TO,299,299ª ZONA ELEITORAL DE ARAÇATUBA SP
TO,300,300ª ZONA ELEITORAL DE BAURU SP
TO,301,301ª ZONA ELEITORAL DE AVARÉ SP
TO,302,302ª ZONA ELEITORAL DE FERNANDÓPOLIS SP
TO,303,303ª ZONA ELEITORAL DE CARAPICUÍBA SP
TO,304,304ª ZONA ELEITORAL DE JANDIRA SP
TO,305,305ª ZONA ELEITORAL DE RIBEIRÃO PRETO SP
TO,306,306ª ZONA ELEITORAL DE SANTO ANDRÉ SP
TO,307,307ª ZONA ELEITORAL DE SANTO ANDRÉ SP
TO,310,310ª ZONA ELEITORAL DE GUARUJÁ SP
TO,312,312ª ZONA ELEITORAL DE SÃO JOSÉ DO RIO PRETO SP
TO,313,313ª ZONA ELEITORAL DE OURINHOS SP
TO,314,314ª ZONA ELEITORAL DE TREMEMBÉ SP
TO,315,315ª ZONA ELEITORAL DE OSASCO SP
TO,317,317ª ZONA ELEITORAL DE PRAIA GRANDE SP
TO,318,318ª ZONA ELEITORAL DE SÃO MIGUEL ARCANJO SP
TO,319,319ª ZONA ELEITORAL DE MOGI DAS CRUZES SP
TO,320,320ª ZONA ELEITORAL DE SÃO PAULO SP
TO,323,323ª ZONA ELEITORAL DE PAULÍNIA SP
TO,324,324ª ZONA ELEITORAL DE TABOÃO DA SERRA SP
TO,325,325ª ZONA ELEITORAL DE SÃO PAULO SP
TO,326,326ª ZONA ELEITORAL DE SÃO PAULO SP
TO,327,327ª ZONA ELEITORAL DE SÃO PAULO SP
TO,328,328ª ZONA ELEITORAL DE SÃO PAULO SP
TO,329,329ª ZONA ELEITORAL DE DIADEMA SP
TO,330,330ª ZONA ELEITORAL DE TEODORO SAMPAIO SP
TO,331,331ª ZONA ELEITORAL DE OSASCO SP
TO,332,332ª ZONA ELEITORAL DE OSASCO SP
TO,333,333ª ZONA ELEITORAL DE PEDREIRA SP
TO,335,335ª ZONA ELEITORAL DE ARUJÁ SP
TO,336,336ª ZONA ELEITORAL DE MORRO AGUDO SP
TO,339,339ª ZONA ELEITORAL DE MAUÁ SP
TO,340,340ª ZONA ELEITORAL DE SÃO VICENTE SP
TO,341,341ª ZONA ELEITORAL DE EMBU DAS ARTES SP
TO,342,342ª ZONA ELEITORAL DE SOROCABA SP
TO,343,343ª ZONA ELEITORAL DE SOROCABA SP
TO,344,344ª ZONA ELEITORAL DE CAMPO LIMPO PAULISTA SP
TO,345,345ª ZONA ELEITORAL DE VINHEDO SP
TO,346,346ª ZONA ELEITORAL DE SÃO PAULO SP
TO,347,347ª ZONA ELEITORAL DE SÃO PAULO SP
TO,348,348ª ZONA ELEITORAL DE SÃO PAULO SP
TO,349,349ª ZONA ELEITORAL DE SÃO PAULO SP
TO,350,350ª ZONA ELEITORAL DE SÃO PAULO SP
TO,351,351ª ZONA ELEITORAL DE SÃO PAULO SP
TO,352,352ª ZONA ELEITORAL DE SÃO PAULO SP
TO,353,353ª ZONA ELEITORAL DE SÃO PAULO SP
TO,354,354ª ZONA ELEITORAL DE CAJAMAR SP
TO,355,355ª ZONA ELEITORAL DE CERQUILHO SP
TO,356,356ª ZONA ELEITORAL DE SOROCABA SP
TO,358,358ª ZONA ELEITORAL DE MONTE MOR SP
TO,359,359ª ZONA ELEITORAL DE ITAPEVI SP
TO,360,360ª ZONA ELEITORAL DE COSMÓPOLIS SP
TO,361,361ª ZONA ELEITORAL DE HORTOLÂNDIA SP
TO,362,362ª ZONA ELEITORAL DE SUMARÉ SP
TO,365,365ª ZONA ELEITORAL DE MAUÁ SP
TO,367,367ª ZONA ELEITORAL DE FRANCISCO MORATO SP
TO,368,368ª ZONA ELEITORAL DE ILHA SOLTEIRA SP
TO,369,369ª ZONA ELEITORAL DE BOITUVA SP
TO,370,370ª ZONA ELEITORAL DE EMBU-GUAÇU SP
TO,371,371ª ZONA ELEITORAL DE SÃO PAULO SP
TO,372,372ª ZONA ELEITORAL DE SÃO PAULO SP
TO,373,373ª ZONA ELEITORAL DE SÃO PAULO SP
TO,374,374ª ZONA ELEITORAL DE SÃO PAULO SP
TO,375,375ª ZONA ELEITORAL DE SÃO PAULO SP
TO,376,376ª ZONA ELEITORAL DE SÃO PAULO SP
TO,377,377ª ZONA ELEITORAL DE ITAQUAQUECETUBA SP
TO,378,378ª ZONA ELEITORAL DE CAMPINAS SP
TO,379,379ª ZONA ELEITORAL DE CAMPINAS SP
TO,380,380ª ZONA ELEITORAL DE CAMPINAS SP
TO,381,381ª ZONA ELEITORAL DE SÃO PAULO SP
TO,382,382ª ZONA ELEITORAL DE RIBEIRÃO PIRES SP
TO,383,383ª ZONA ELEITORAL DE SANTO ANDRÉ SP
TO,384,384ª ZONA ELEITORAL DE AMERICANA SP
TO,385,385ª ZONA ELEITORAL DE ARARAQUARA SP
TO,386,386ª ZONA ELEITORAL DE BARUERI SP
TO,387,387ª ZONA ELEITORAL DE BAURU SP
TO,388,388ª ZONA ELEITORAL DE CARAPICUÍBA SP
TO,389,389ª ZONA ELEITORAL DE SÃO PAULO SP
TO,390,390ª ZONA ELEITORAL DE SÃO PAULO SP
TO,391,391ª ZONA ELEITORAL DE EMBU DAS ARTES SP
TO,392,392ª ZONA ELEITORAL DE SÃO PAULO SP
TO,393,393ª ZONA ELEITORAL DE GUARULHOS SP
TO,394,394ª ZONA ELEITORAL DE GUARULHOS SP
TO,395,395ª ZONA ELEITORAL DE GUARULHOS SP
TO,396,396ª ZONA ELEITORAL DE JACAREÍ SP
TO,397,397ª ZONA ELEITORAL DE SÃO PAULO SP
TO,398,247ª ZONA ELEITORAL DE SÃO PAULO SP
TO,399,399ª ZONA ELEITORAL DE LIMEIRA SP
TO,400,400ª ZONA ELEITORAL DE MARÍLIA SP
TO,401,401ª ZONA ELEITORAL DE FERRAZ DE VASCONCELOS SP
TO,402,402ª ZONA ELEITORAL DE PRESIDENTE PRUDENTE SP
TO,403,403ª ZONA ELEITORAL DE SÃO PAULO SP
TO,404,404ª ZONA ELEITORAL DE SÃO PAULO SP
TO,405,405ª ZONA ELEITORAL DE SÃO PAULO SP
TO,406,406ª ZONA ELEITORAL DE PRAIA GRANDE SP
TO,407,407ª ZONA ELEITORAL DE TAUBATÉ SP
TO,408,408ª ZONA ELEITORAL DE SÃO PAULO SP
TO,409,409ª ZONA ELEITORAL DE SÃO BERNARDO DO CAMPO SP
TO,410,410ª ZONA ELEITORAL DE SÃO CARLOS SP
TO,411,411ª ZONA ELEITORAL DE SÃO JOSÉ DOS CAMPOS SP
TO,412,412ª ZONA ELEITORAL DE SÃO JOSÉ DOS CAMPOS SP
TO,413,413ª ZONA ELEITORAL DE SÃO PAULO SP
TO,414,414ª ZONA ELEITORAL DE SÃO BERNARDO DO CAMPO SP
TO,415,415ª ZONA ELEITORAL DE SUZANO SP
TO,416,416ª ZONA ELEITORAL DE TABOÃO DA SERRA SP
TO,417,417ª ZONA ELEITORAL DE SÃO PAULO SP
TO,418,418ª ZONA ELEITORAL DE SÃO PAULO SP
TO,419,419ª ZONA ELEITORAL DE ITAQUAQUECETUBA SP
TO,420,420ª ZONA ELEITORAL DE SÃO PAULO SP
TO,421,421ª ZONA ELEITORAL DE SÃO PAULO SP
TO,422,422ª ZONA ELEITORAL DE SÃO PAULO SP
TO,423,423ª ZONA ELEITORAL DE CAMPINAS SP
TO,424,424ª ZONA ELEITORAL DE JUNDIAÍ SP
TO,426,426ª ZONA ELEITORAL DE DIADEMA SP
TO,427,427ª ZONA ELEITORAL DE JALES SP
TO,428,428ª ZONA ELEITORAL DE SANTANA DO PARNAÍBA SP
TO,928,346ª ZONA ELEITORAL DE SÃO PAULO SP
TO,931,246ª ZONA ELEITORAL DE SÃO PAULO SP
TO,932,304ª ZONA ELEITORAL DE JANDIRA SP
TO,933,370ª ZONA ELEITORAL DE EMBU-GUAÇU SP
TO,934,273ª ZONA ELEITORAL DE SANTOS SP
TO,935,118ª ZONA ELEITORAL DE SANTOS SP
TO,936,190ª ZONA ELEITORAL DE APARECIDA SP
TO,937,282ª ZONA ELEITORAL DE SÃO JOSÉ DOS CAMPOS SP
TO,938,058ª ZONA ELEITORAL DE ITATIBA SP
TO,940,155ª ZONA ELEITORAL DE PEDREGULHO SP
TO,943,159ª ZONA ELEITORAL DE DUARTINA SP
TO,944,267ª ZONA ELEITORAL DE SÃO JOSÉ DO RIO PRETO SP
TO,945,146ª ZONA ELEITORAL DE VALPARAÍSO SP
TO,946,102ª ZONA ELEITORAL DE PRESIDENTE VENCESLAU SP
TO,947,165ª ZONA ELEITORAL DE PRESIDENTE BERNARDES SP
TSE,0,032ª ZONA ELEITORAL DE AREIA BRANCA RN
