cod_item,nome,cod_item_pai,depth,path_codes,path_names,descricao,norma,artigo,justica_eleitoral_zonas,justica_eleitoral_tre,justica_eleitoral_tse,situacao,in_panel,anc1_code,anc1_nome,anc2_code,anc2_nome,anc3_code,anc3_nome,anc4_code,anc4_nome,anc5_code,anc5_nome,anc6_code,anc6_nome
10739,DIREITO ELEITORAL E PROCESSO ELEITORAL DO STF,,1,10739,DIREITO ELEITORAL E PROCESSO ELEITORAL DO STF,,,,N,N,N,A,False,10739,DIREITO ELEITORAL E PROCESSO ELEITORAL DO STF,10739,DIREITO ELEITORAL E PROCESSO ELEITORAL DO STF,10739,DIREITO ELEITORAL E PROCESSO ELEITORAL DO STF,10739,DIREITO ELEITORAL E PROCESSO ELEITORAL DO STF,10739,DIREITO ELEITORAL E PROCESSO ELEITORAL DO STF,10739,DIREITO ELEITORAL E PROCESSO ELEITORAL DO STF
11428,DIREITO ELEITORAL,,1,11428,DIREITO ELEITORAL,,,,S,S,S,A,True,11428,DIREITO ELEITORAL,11428,DIREITO ELEITORAL,11428,DIREITO ELEITORAL,11428,DIREITO ELEITORAL,11428,DIREITO ELEITORAL,11428,DIREITO ELEITORAL
1209,DIREITO PROCESSUAL PENAL,,1,1209,DIREITO PROCESSUAL PENAL,,,,N,N,N,A,False,1209,DIREITO PROCESSUAL PENAL,1209,DIREITO PROCESSUAL PENAL,1209,DIREITO PROCESSUAL PENAL,1209,DIREITO PROCESSUAL PENAL,1209,DIREITO PROCESSUAL PENAL,1209,DIREITO PROCESSUAL PENAL
12467,"QUESTÕES DE ALTA COMPLEXIDADE, GRANDE IMPACTO E REPERCUSSÃO",,1,12467,"QUESTÕES DE ALTA COMPLEXIDADE, GRANDE IMPACTO E REPERCUSSÃO","Assunto pai, dos quais derivará temas de alta compexidade, grande impacto e/ou repercussão social a serem cadastrados complementarmente quando da autuação das demandas envolvendo tais situações, de forma a permitir o correto cumprimento dos objetivos do Observatório Nacional sobre Questões Ambientais, Econômicas e Sociais de Alta Complexidade e Ato Impacto e Repercurssão, instituído pela Portaria Conjunta CNJ e CNMP nº 1/2019. Art. 2º Caberá ao Observatório: I – promover o levantamento de dados estatísticos relativos ao número, à tramitação, às sanções impostas e outros dados relevantes sobre medidas extrajudiciais e judiciais de grande repercussão. II – monitorar o andamento e a solução das medidas extrajudiciais e das ações judiciais de grande impacto e repercussão; III – propor medidas concretas e normativas para o aperfeiçoamento de procedimentos extrajudiciais e o reforço à efetividade dos processos judiciais relativos a fatos de grande impacto e repercussão, incluindo a implantação e modernização de rotinas, prioridades, organização, especialização e estruturação dos órgãos competentes do Poder Judiciário e do Ministério Público; IV – organizar a integração entre membros do Poder Judiciário e do Ministério Público, com a participação de outros segmentos do poder público, da sociedade civil, das comunidades e outros interessados, para a discussão de temas incluídos nas atividades do Observatório; V – coordenar e realizar o estudo e a proposição de outras medidas para monitoramento das demandas de alta repercussão ambiental, econômica e social;",Portaria Conjunta CNJ e CNMP nº 1/2019,"2º, I a V",S,S,S,A,False,12467,"QUESTÕES DE ALTA COMPLEXIDADE, GRANDE IMPACTO E REPERCUSSÃO",12467,"QUESTÕES DE ALTA COMPLEXIDADE, GRANDE IMPACTO E REPERCUSSÃO",12467,"QUESTÕES DE ALTA COMPLEXIDADE, GRANDE IMPACTO E REPERCUSSÃO",12467,"QUESTÕES DE ALTA COMPLEXIDADE, GRANDE IMPACTO E REPERCUSSÃO",12467,"QUESTÕES DE ALTA COMPLEXIDADE, GRANDE IMPACTO E REPERCUSSÃO",12467,"QUESTÕES DE ALTA COMPLEXIDADE, GRANDE IMPACTO E REPERCUSSÃO"
12734,DIREITO ASSISTENCIAL,,1,12734,DIREITO ASSISTENCIAL,,,,N,N,N,A,False,12734,DIREITO ASSISTENCIAL,12734,DIREITO ASSISTENCIAL,12734,DIREITO ASSISTENCIAL,12734,DIREITO ASSISTENCIAL,12734,DIREITO ASSISTENCIAL,12734,DIREITO ASSISTENCIAL
287,DIREITO PENAL,,1,287,DIREITO PENAL,,,,S,S,S,A,False,287,DIREITO PENAL,287,DIREITO PENAL,287,DIREITO PENAL,287,DIREITO PENAL,287,DIREITO PENAL,287,DIREITO PENAL
8826,DIREITO PROCESSUAL CIVIL E DO TRABALHO,,1,8826,DIREITO PROCESSUAL CIVIL E DO TRABALHO,,,,N,N,N,A,False,8826,DIREITO PROCESSUAL CIVIL E DO TRABALHO,8826,DIREITO PROCESSUAL CIVIL E DO TRABALHO,8826,DIREITO PROCESSUAL CIVIL E DO TRABALHO,8826,DIREITO PROCESSUAL CIVIL E DO TRABALHO,8826,DIREITO PROCESSUAL CIVIL E DO TRABALHO,8826,DIREITO PROCESSUAL CIVIL E DO TRABALHO
9985,DIREITO ADMINISTRATIVO E OUTRAS MATÉRIAS DE DIREITO PÚBLICO,,1,9985,DIREITO ADMINISTRATIVO E OUTRAS MATÉRIAS DE DIREITO PÚBLICO,,,,N,N,N,A,False,9985,DIREITO ADMINISTRATIVO E OUTRAS MATÉRIAS DE DIREITO PÚBLICO,9985,DIREITO ADMINISTRATIVO E OUTRAS MATÉRIAS DE DIREITO PÚBLICO,9985,DIREITO ADMINISTRATIVO E OUTRAS MATÉRIAS DE DIREITO PÚBLICO,9985,DIREITO ADMINISTRATIVO E OUTRAS MATÉRIAS DE DIREITO PÚBLICO,9985,DIREITO ADMINISTRATIVO E OUTRAS MATÉRIAS DE DIREITO PÚBLICO,9985,DIREITO ADMINISTRATIVO E OUTRAS MATÉRIAS DE DIREITO PÚBLICO
10740,Partido Político,10739.0,2,10739/10740,DIREITO ELEITORAL E PROCESSO ELEITORAL DO STF > Partido Político,,,,N,N,N,A,False,10739,DIREITO ELEITORAL E PROCESSO ELEITORAL DO STF,10740,Partido Político,10740,Partido Político,10740,Partido Político,10740,Partido Político,10740,Partido Político
10763,Eleição,10739.0,2,10739/10763,DIREITO ELEITORAL E PROCESSO ELEITORAL DO STF > Eleição,,,,N,N,N,A,False,10739,DIREITO ELEITORAL E PROCESSO ELEITORAL DO STF,10763,Eleição,10763,Eleição,10763,Eleição,10763,Eleição,10763,Eleição
11429,Crimes Eleitorais,11428.0,2,11428/11429,DIREITO ELEITORAL > Crimes Eleitorais,,,,S,S,S,A,False,11428,DIREITO ELEITORAL,11429,Crimes Eleitorais,11429,Crimes Eleitorais,11429,Crimes Eleitorais,11429,Crimes Eleitorais,11429,Crimes Eleitorais
11557,Administração da Justiça Eleitoral,11428.0,2,11428/11557,DIREITO ELEITORAL > Administração da Justiça Eleitoral,,,,S,S,S,A,False,11428,DIREITO ELEITORAL,11557,Administração da Justiça Eleitoral,11557,Administração da Justiça Eleitoral,11557,Administração da Justiça Eleitoral,11557,Administração da Justiça Eleitoral,11557,Administração da Justiça Eleitoral
11574,Alistamento Eleitoral,11428.0,2,11428/11574,DIREITO ELEITORAL > Alistamento Eleitoral,,,,S,S,S,A,False,11428,DIREITO ELEITORAL,11574,Alistamento Eleitoral,11574,Alistamento Eleitoral,11574,Alistamento Eleitoral,11574,Alistamento Eleitoral,11574,Alistamento Eleitoral
11583,Eleições,11428.0,2,11428/11583,DIREITO ELEITORAL > Eleições,,,,S,S,S,A,False,11428,DIREITO ELEITORAL,11583,Eleições,11583,Eleições,11583,Eleições,11583,Eleições,11583,Eleições
11724,Diplomação,11428.0,2,11428/11724,DIREITO ELEITORAL > Diplomação,"Ato pelo qual a Justiça Eleitoral atesta quem são, efetivamente, os eleitos e os suplentes com a entrega do diploma devidamente assinado. Prescreve, ainda,o art. 215, do Código Eleitoral, que os candidatos eleitos, assim como os suplentes, receberão o diploma assina pelo Presidente do Tribunal Superior, do Tribunal Regional ou da Junta, conforme o caso. CE: ""Art. 215. Os candidatos eleitos, assim como os suplentes, receberão diploma assinado pelo Presidente do Tribunal Regional ou da Junta Eleitoral, conforme o caso. Parágrafo único. Do diploma deverá constar o nome do candidato, a indicação da legenda sob a qual concorreu, o cargo para o qual foi eleito ou a sua classificação como suplente, e, facultativamente, outros dados a critério do juiz ou do Tribunal.""",Código Eleitoral,215,S,S,S,A,True,11428,DIREITO ELEITORAL,11724,Diplomação,11724,Diplomação,11724,Diplomação,11724,Diplomação,11724,Diplomação
11725,Direitos Políticos,11428.0,2,11428/11725,DIREITO ELEITORAL > Direitos Políticos,,,,S,S,S,A,False,11428,DIREITO ELEITORAL,11725,Direitos Políticos,11725,Direitos Políticos,11725,Direitos Políticos,11725,Direitos Políticos,11725,Direitos Políticos
11729,Execução,11428.0,2,11428/11729,DIREITO ELEITORAL > Execução,,,,S,S,S,A,False,11428,DIREITO ELEITORAL,11729,Execução,11729,Execução,11729,Execução,11729,Execução,11729,Execução
11733,Garantias Processuais,11428.0,2,11428/11733,DIREITO ELEITORAL > Garantias Processuais,,,,S,S,S,A,False,11428,DIREITO ELEITORAL,11733,Garantias Processuais,11733,Garantias Processuais,11733,Garantias Processuais,11733,Garantias Processuais,11733,Garantias Processuais
11747,Partidos Políticos,11428.0,2,11428/11747,DIREITO ELEITORAL > Partidos Políticos,,,,S,S,S,A,False,11428,DIREITO ELEITORAL,11747,Partidos Políticos,11747,Partidos Políticos,11747,Partidos Políticos,11747,Partidos Políticos,11747,Partidos Políticos
11778,Requerimento,11428.0,2,11428/11778,DIREITO ELEITORAL > Requerimento,"Art. 5º Todos são iguais perante a lei, sem distinção de qualquer natureza, garantindo-se aos brasileiros e aos estrangeiros residentes no País a inviolabilidade do direito à vida, à liberdade, à igualdade, à segurança e à propriedade, nos termos seguintes: ............................................................... XXXIV - são a todos assegurados, independentemente do pagamento de taxas: a) o direito de petição aos Poderes Públicos em defesa de direitos ou contra ilegalidade ou abuso de poder; b) a obtenção de certidões em repartições públicas, para defesa de direitos e esclarecimento de situações de interesse pessoal;",Constituição Federal,"5°, XXXIV",S,S,S,A,True,11428,DIREITO ELEITORAL,11778,Requerimento,11778,Requerimento,11778,Requerimento,11778,Requerimento,11778,Requerimento
12598,Requerimento de Regularização da Situação de Inadimplência de Prestação de Contas,11428.0,2,11428/12598,DIREITO ELEITORAL > Requerimento de Regularização da Situação de Inadimplência de Prestação de Contas,,,,S,S,S,A,True,11428,DIREITO ELEITORAL,12598,Requerimento de Regularização da Situação de Inadimplência de Prestação de Contas,12598,Requerimento de Regularização da Situação de Inadimplência de Prestação de Contas,12598,Requerimento de Regularização da Situação de Inadimplência de Prestação de Contas,12598,Requerimento de Regularização da Situação de Inadimplência de Prestação de Contas,12598,Requerimento de Regularização da Situação de Inadimplência de Prestação de Contas
12599,Requerimento de Acesso ao Sistema Interno de Controle e Dados de Pesquisas Eleitorais,11428.0,2,11428/12599,DIREITO ELEITORAL > Requerimento de Acesso ao Sistema Interno de Controle e Dados de Pesquisas Eleitorais,,,,S,S,S,A,True,11428,DIREITO ELEITORAL,12599,Requerimento de Acesso ao Sistema Interno de Controle e Dados de Pesquisas Eleitorais,12599,Requerimento de Acesso ao Sistema Interno de Controle e Dados de Pesquisas Eleitorais,12599,Requerimento de Acesso ao Sistema Interno de Controle e Dados de Pesquisas Eleitorais,12599,Requerimento de Acesso ao Sistema Interno de Controle e Dados de Pesquisas Eleitorais,12599,Requerimento de Acesso ao Sistema Interno de Controle e Dados de Pesquisas Eleitorais
12603,Revisão de Eleitorado,11428.0,2,11428/12603,DIREITO ELEITORAL > Revisão de Eleitorado,,,,S,S,S,A,False,11428,DIREITO ELEITORAL,12603,Revisão de Eleitorado,12603,Revisão de Eleitorado,12603,Revisão de Eleitorado,12603,Revisão de Eleitorado,12603,Revisão de Eleitorado
14224,Requerimento de justificativa por ausência ou abandono dos trabalhos eleitorais,11428.0,2,11428/14224,DIREITO ELEITORAL > Requerimento de justificativa por ausência ou abandono dos trabalhos eleitorais,,,,S,S,S,A,True,11428,DIREITO ELEITORAL,14224,Requerimento de justificativa por ausência ou abandono dos trabalhos eleitorais,14224,Requerimento de justificativa por ausência ou abandono dos trabalhos eleitorais,14224,Requerimento de justificativa por ausência ou abandono dos trabalhos eleitorais,14224,Requerimento de justificativa por ausência ou abandono dos trabalhos eleitorais,14224,Requerimento de justificativa por ausência ou abandono dos trabalhos eleitorais
10604,Investigação Penal,1209.0,2,1209/10604,DIREITO PROCESSUAL PENAL > Investigação Penal,,,,N,N,N,A,False,1209,DIREITO PROCESSUAL PENAL,10604,Investigação Penal,10604,Investigação Penal,10604,Investigação Penal,10604,Investigação Penal,10604,Investigação Penal
10632,Prisão Temporária,1209.0,2,1209/10632,DIREITO PROCESSUAL PENAL > Prisão Temporária,"Art. 2.º A prisão temporária será decretada pelo Juiz, em face da representação da autoridade policial ou de requerimento do Ministério Público, e terá o prazo de 5 (cinco) dias, prorrogável por igual período em caso de extrema e comprovada necessidade.",Lei 7.960/89,2º,S,S,S,A,True,1209,DIREITO PROCESSUAL PENAL,10632,Prisão Temporária,10632,Prisão Temporária,10632,Prisão Temporária,10632,Prisão Temporária,10632,Prisão Temporária
10912,Medidas Assecuratórias,1209.0,2,1209/10912,DIREITO PROCESSUAL PENAL > Medidas Assecuratórias,"São providências cautelares de natureza processual, urgentes e provisórias, determinadas com o fim de assegurar a eficácia de uma futura decisão judicial, seja quanto à reparação do dano decorrente do crime seja para a efetiva execução da pena a ser imposta",,,N,N,N,A,False,1209,DIREITO PROCESSUAL PENAL,10912,Medidas Assecuratórias,10912,Medidas Assecuratórias,10912,Medidas Assecuratórias,10912,Medidas Assecuratórias,10912,Medidas Assecuratórias
11703,Habeas Corpus,1209.0,2,1209/11703,DIREITO PROCESSUAL PENAL > Habeas Corpus,,,,S,S,S,A,False,1209,DIREITO PROCESSUAL PENAL,11703,Habeas Corpus,11703,Habeas Corpus,11703,Habeas Corpus,11703,Habeas Corpus,11703,Habeas Corpus
15033,Objetos de Cartas Precatórias Criminais,1209.0,2,1209/15033,DIREITO PROCESSUAL PENAL > Objetos de Cartas Precatórias Criminais,Assunto a ser vinculado às cartas precatórias criminais.,DL 3.689/1941 (CPP),"174, 177, 222, 289, 353, 473",S,S,N,A,False,1209,DIREITO PROCESSUAL PENAL,15033,Objetos de Cartas Precatórias Criminais,15033,Objetos de Cartas Precatórias Criminais,15033,Objetos de Cartas Precatórias Criminais,15033,Objetos de Cartas Precatórias Criminais,15033,Objetos de Cartas Precatórias Criminais
15056,Acordo de Não Persecução Penal,1209.0,2,1209/15056,DIREITO PROCESSUAL PENAL > Acordo de Não Persecução Penal,"“Assunto a ser utilizado para o acompanhamento da execução do acordo de não persecução penal. Art. 28- A. Não sendo caso de arquivamento e tendo o investigado confessado formal e circunstancialmente a prática de infração penal sem violência ou grave ameaça e com pena mínima inferior a 4 (quatro) anos, o Ministério Público poderá propor acordo de não persecução penal, desde que necessário e suficiente para reprovação e prevenção do crime, mediante as seguintes condições ajustadas cumulativa e alternativamente: I - reparar o dano ou restituir a coisa à vítima, exceto na impossibilidade de fazê-lo; II - renunciar voluntariamente a bens e direitos indicados pelo Ministério Público como instrumentos, produto ou proveito do crime; III - prestar serviço à comunidade ou a entidades públicas por período correspondente à pena mínima cominada ao delito diminuída de um a dois terços, em local a ser indicado pelo juízo da execução, na forma do art. 46 do Decreto-Lei nº 2.848, de 7 de dezembro de 1940 (Código Penal); IV - pagar prestação pecuniária, a ser estipulada nos termos do art. 45 do Decreto-Lei nº 2.848, de 7 de dezembro de 1940 (Código Penal), a entidade pública ou de interesse social, a ser indicada pelo juízo da execução, que tenha, preferencialmente, como função proteger bens jurídicos iguais ou semelhantes aos aparentemente lesados pelo delito; ou V - cumprir, por prazo determinado, outra condição indicada pelo Ministério Público, desde que proporcional e compatível com a infração penal imputada. § 1º Para aferição da pena mínima cominada ao delito a que se refere o caput deste artigo, serão consideradas as causas de aumento e diminuição aplicáveis ao caso concreto. § 2º O disposto no caput deste artigo não se aplica nas seguintes hipóteses: I - se for cabível transação penal de competência dos Juizados Especiais Criminais, nos termos da lei; II - se o investigado for reincidente ou se houver elementos probatórios que indiquem conduta criminal habitual, reiterada ou profissional, exceto se insignificantes as infrações penais pretéritas; 11 III - ter sido o agente beneficiado nos 5 (cinco) anos anteriores ao cometimento da infração, em acordo de não persecução penal, transação penal ou suspensão condicional do processo; e IV - nos crimes praticados no âmbito de violência doméstica ou familiar, ou praticados contra a mulher por razões da condição de sexo feminino, em favor do agressor. § 3º O acordo de não persecução penal será formalizado por escrito e será firmado pelo membro do Ministério Público, pelo investigado e por seu defensor. § 4º Para a homologação do acordo de não persecução penal, será realizada audiência na qual o juiz deverá verificar a sua voluntariedade, por meio da oitiva do investigado na presença do seu defensor, e sua legalidade. § 5º Se o juiz considerar inadequadas, insuficientes ou abusivas as condições dispostas no acordo de não persecução penal, devolverá os autos ao Ministério Público para que seja reformulada a proposta de acordo, com concordância do investigado e seu defensor. § 6º Homologado judicialmente o acordo de não persecução penal, o juiz devolverá os autos ao Ministério Público para que inicie sua execução perante o juízo de execução penal. § 7º O juiz poderá recusar homologação à proposta que não atender aos requisitos legais ou quando não for realizada a adequação a que se refere o § 5º deste artigo. § 8º Recusada a homologação, o juiz devolverá os autos ao Ministério Público para a análise da necessidade de complementação das investigações ou o oferecimento da denúncia. § 9º A vítima será intimada da homologação do acordo de não persecução penal e de seu descumprimento. § 10. Descumpridas quaisquer das condições estipuladas no acordo de não persecução penal, o Ministério Público deverá comunicar ao juízo, para fins de sua rescisão e posterior oferecimento de denúncia. § 11. O descumprimento do acordo de não persecução penal pelo investigado também poderá ser utilizado pelo Ministério Público como justificativa para o eventual não oferecimento de suspensão condicional do processo. § 12. A celebração e o cumprimento do acordo de não persecução penal não constarão de certidão de antecedentes criminais, exceto para os fins previstos no inciso III do § 2º deste artigo. § 13. Cumprido integralmente o acordo de não persecução penal, o juízo competente decretará a extinção de punibilidade. § 14. No caso de recusa, por parte do Ministério Público, em propor o acordo de não persecução penal, o investigado poderá requerer a remessa dos autos a órgão superior, na forma do art. 28 deste Código.",CPP,"28-A, § 6º",S,S,S,A,True,1209,DIREITO PROCESSUAL PENAL,15056,Acordo de Não Persecução Penal,15056,Acordo de Não Persecução Penal,15056,Acordo de Não Persecução Penal,15056,Acordo de Não Persecução Penal,15056,Acordo de Não Persecução Penal
4263,Ação Penal,1209.0,2,1209/4263,DIREITO PROCESSUAL PENAL > Ação Penal,,,,S,S,S,A,False,1209,DIREITO PROCESSUAL PENAL,4263,Ação Penal,4263,Ação Penal,4263,Ação Penal,4263,Ação Penal,4263,Ação Penal
4355,Prisão Preventiva,1209.0,2,1209/4355,DIREITO PROCESSUAL PENAL > Prisão Preventiva,"CPP Art. 311. Em qualquer fase do inquérito policial ou da instrução criminal, caberá a prisão preventiva decretada pelo juiz, de ofício, a requerimento do Ministério Público, ou do querelante, ou mediante representação da autoridade policial. CPPM Competência e requisitos para a decretação Art 254. A prisão preventiva pode ser decretada pelo auditor ou pelo Conselho de Justiça, de ofício, a requerimento do Ministério Público ou mediante representação da autoridade encarregada do inquérito policial-militar, em qualquer fase dêste ou do processo, concorrendo os requisitos seguintes: a) prova do fato delituoso; b) indícios suficientes de autoria. No Superior Tribunal Militar Parágrafo único. Durante a instrução de processo originário do Superior Tribunal Militar, a decretação compete ao relator.",CPP; CPPM,311; 254,S,S,S,A,True,1209,DIREITO PROCESSUAL PENAL,4355,Prisão Preventiva,4355,Prisão Preventiva,4355,Prisão Preventiva,4355,Prisão Preventiva,4355,Prisão Preventiva
7929,Prisão em flagrante,1209.0,2,1209/7929,DIREITO PROCESSUAL PENAL > Prisão em flagrante,"CPP Art. 301. Qualquer do povo poderá e as autoridades policiais e seus agentes deverão prender quem quer que seja encontrado em flagrante delito. CPPM Pessoas que efetuam prisão em flagrante Art. 243. Qualquer pessoa poderá e os militares deverão prender quem fôr insubmisso ou desertor, ou seja encontrado em flagrante delito.",CPP; CPPM,301; 243,S,S,S,A,True,1209,DIREITO PROCESSUAL PENAL,7929,Prisão em flagrante,7929,Prisão em flagrante,7929,Prisão em flagrante,7929,Prisão em flagrante,7929,Prisão em flagrante
7942,Execução Penal e de Medidas Alternativas,1209.0,2,1209/7942,DIREITO PROCESSUAL PENAL > Execução Penal e de Medidas Alternativas,,,,N,N,N,A,False,1209,DIREITO PROCESSUAL PENAL,7942,Execução Penal e de Medidas Alternativas,7942,Execução Penal e de Medidas Alternativas,7942,Execução Penal e de Medidas Alternativas,7942,Execução Penal e de Medidas Alternativas,7942,Execução Penal e de Medidas Alternativas
12612,COVID-19,12467.0,2,12467/12612,"QUESTÕES DE ALTA COMPLEXIDADE, GRANDE IMPACTO E REPERCUSSÃO > COVID-19","Assunto complementar a ser marcado em todas as demandas derivadas da pandemia de COVID-19. As demandas antigas devem ter suas autuações devidamento atualizadas com este assunto complementar. Art. 2º Caberá ao Observatório: I – promover o levantamento de dados estatísticos relativos ao número, à tramitação, às sanções impostas e outros dados relevantes sobre medidas extrajudiciais e judiciais de grande repercussão. II – monitorar o andamento e a solução das medidas extrajudiciais e das ações judiciais de grande impacto e repercussão; III – propor medidas concretas e normativas para o aperfeiçoamento de procedimentos extrajudiciais e o reforço à efetividade dos processos judiciais relativos a fatos de grande impacto e repercussão, incluindo a implantação e modernização de rotinas, prioridades, organização, especialização e estruturação dos órgãos competentes do Poder Judiciário e do Ministério Público; IV – organizar a integração entre membros do Poder Judiciário e do Ministério Público, com a participação de outros segmentos do poder público, da sociedade civil, das comunidades e outros interessados, para a discussão de temas incluídos nas atividades do Observatório; V – coordenar e realizar o estudo e a proposição de outras medidas para monitoramento das demandas de alta repercussão ambiental, econômica e social;",Portaria Conjunta CNJ e CNMP nº 1/2019,"2º, I a V",S,S,S,A,True,12467,"QUESTÕES DE ALTA COMPLEXIDADE, GRANDE IMPACTO E REPERCUSSÃO",12612,COVID-19,12612,COVID-19,12612,COVID-19,12612,COVID-19,12612,COVID-19
12754,Auxílio Emergencial (Lei 13.982/2020),12734.0,2,12734/12754,DIREITO ASSISTENCIAL > Auxílio Emergencial (Lei 13.982/2020),"Auxílio emergencial no valor de R$ 600,00 (seiscentos reais) concedido durante o período de enfrentamento da emergência de saúde pública de importância internacional da Covid-19. Utilizar com o assunto complementar ""12612 - COVID-19",Lei 13.982/2020,2º,N,N,N,A,True,12734,DIREITO ASSISTENCIAL,12754,Auxílio Emergencial (Lei 13.982/2020),12754,Auxílio Emergencial (Lei 13.982/2020),12754,Auxílio Emergencial (Lei 13.982/2020),12754,Auxílio Emergencial (Lei 13.982/2020),12754,Auxílio Emergencial (Lei 13.982/2020)
10620,Parte Geral,287.0,2,287/10620,DIREITO PENAL > Parte Geral,"Assuntos facultativos para o 2º grau de jurisdição e STJ, geralmente suscitados em recurso.",CP,,S,S,S,A,False,287,DIREITO PENAL,10620,Parte Geral,10620,Parte Geral,10620,Parte Geral,10620,Parte Geral,10620,Parte Geral
10952,Fato Atípico,287.0,2,287/10952,DIREITO PENAL > Fato Atípico,"Para registro das hipóteses (morte acidental, suicídio etc.) em que são instaurados inquéritos mas não há indiciamento, em razão da atipicidade penal do fato.",,,S,S,S,A,True,287,DIREITO PENAL,10952,Fato Atípico,10952,Fato Atípico,10952,Fato Atípico,10952,Fato Atípico,10952,Fato Atípico
12333,Crimes previstos na Lei da Organização Criminosa,287.0,2,287/12333,DIREITO PENAL > Crimes previstos na Lei da Organização Criminosa,Assunto referente aos crimes previstos na Lei 12.850/2013,Lei 12.850,1º,S,S,S,A,False,287,DIREITO PENAL,12333,Crimes previstos na Lei da Organização Criminosa,12333,Crimes previstos na Lei da Organização Criminosa,12333,Crimes previstos na Lei da Organização Criminosa,12333,Crimes previstos na Lei da Organização Criminosa,12333,Crimes previstos na Lei da Organização Criminosa
12588,Crimes Conexos,287.0,2,287/12588,DIREITO PENAL > Crimes Conexos,,,,S,S,S,A,True,287,DIREITO PENAL,12588,Crimes Conexos,12588,Crimes Conexos,12588,Crimes Conexos,12588,Crimes Conexos,12588,Crimes Conexos
15147,Crimes contra o Estado Democrático de Direito,287.0,2,287/15147,DIREITO PENAL > Crimes contra o Estado Democrático de Direito,Asssunto pai que possui como filhos os crimes definidos no Título XII do Código Penal.,Código Penal,359-I a 359-P,S,S,S,A,False,287,DIREITO PENAL,15147,Crimes contra o Estado Democrático de Direito,15147,Crimes contra o Estado Democrático de Direito,15147,Crimes contra o Estado Democrático de Direito,15147,Crimes contra o Estado Democrático de Direito,15147,Crimes contra o Estado Democrático de Direito
3369,Crimes contra a vida,287.0,2,287/3369,DIREITO PENAL > Crimes contra a vida,,,,S,S,S,A,False,287,DIREITO PENAL,3369,Crimes contra a vida,3369,Crimes contra a vida,3369,Crimes contra a vida,3369,Crimes contra a vida,3369,Crimes contra a vida
3385,Lesão Corporal,287.0,2,287/3385,DIREITO PENAL > Lesão Corporal,,,,S,S,S,A,False,287,DIREITO PENAL,3385,Lesão Corporal,3385,Lesão Corporal,3385,Lesão Corporal,3385,Lesão Corporal,3385,Lesão Corporal
3388,Periclitação da Vida e da Saúde,287.0,2,287/3388,DIREITO PENAL > Periclitação da Vida e da Saúde,,,,S,S,S,A,False,287,DIREITO PENAL,3388,Periclitação da Vida e da Saúde,3388,Periclitação da Vida e da Saúde,3388,Periclitação da Vida e da Saúde,3388,Periclitação da Vida e da Saúde,3388,Periclitação da Vida e da Saúde
3394,Crimes contra a Honra,287.0,2,287/3394,DIREITO PENAL > Crimes contra a Honra,,,,S,S,S,A,False,287,DIREITO PENAL,3394,Crimes contra a Honra,3394,Crimes contra a Honra,3394,Crimes contra a Honra,3394,Crimes contra a Honra,3394,Crimes contra a Honra
3400,Crimes contra a liberdade pessoal,287.0,2,287/3400,DIREITO PENAL > Crimes contra a liberdade pessoal,,,,S,S,S,A,False,287,DIREITO PENAL,3400,Crimes contra a liberdade pessoal,3400,Crimes contra a liberdade pessoal,3400,Crimes contra a liberdade pessoal,3400,Crimes contra a liberdade pessoal,3400,Crimes contra a liberdade pessoal
3405,Crimes contra a inviolabilidade de domicílio,287.0,2,287/3405,DIREITO PENAL > Crimes contra a inviolabilidade de domicílio,,,,S,S,S,A,False,287,DIREITO PENAL,3405,Crimes contra a inviolabilidade de domicílio,3405,Crimes contra a inviolabilidade de domicílio,3405,Crimes contra a inviolabilidade de domicílio,3405,Crimes contra a inviolabilidade de domicílio,3405,Crimes contra a inviolabilidade de domicílio
3407,Crimes contra a inviolabilidade de correspondência,287.0,2,287/3407,DIREITO PENAL > Crimes contra a inviolabilidade de correspondência,,,,S,S,S,A,False,287,DIREITO PENAL,3407,Crimes contra a inviolabilidade de correspondência,3407,Crimes contra a inviolabilidade de correspondência,3407,Crimes contra a inviolabilidade de correspondência,3407,Crimes contra a inviolabilidade de correspondência,3407,Crimes contra a inviolabilidade de correspondência
3412,Crimes contra a inviolabilidade de segredo,287.0,2,287/3412,DIREITO PENAL > Crimes contra a inviolabilidade de segredo,,,,S,S,S,A,False,287,DIREITO PENAL,3412,Crimes contra a inviolabilidade de segredo,3412,Crimes contra a inviolabilidade de segredo,3412,Crimes contra a inviolabilidade de segredo,3412,Crimes contra a inviolabilidade de segredo,3412,Crimes contra a inviolabilidade de segredo
3415,Crimes contra o Patrimônio,287.0,2,287/3415,DIREITO PENAL > Crimes contra o Patrimônio,,,,S,S,S,A,False,287,DIREITO PENAL,3415,Crimes contra o Patrimônio,3415,Crimes contra o Patrimônio,3415,Crimes contra o Patrimônio,3415,Crimes contra o Patrimônio,3415,Crimes contra o Patrimônio
3491,Crimes contra a Incolumidade Pública,287.0,2,287/3491,DIREITO PENAL > Crimes contra a Incolumidade Pública,,,,S,S,S,A,False,287,DIREITO PENAL,3491,Crimes contra a Incolumidade Pública,3491,Crimes contra a Incolumidade Pública,3491,Crimes contra a Incolumidade Pública,3491,Crimes contra a Incolumidade Pública,3491,Crimes contra a Incolumidade Pública
3520,Crimes contra a Paz Pública,287.0,2,287/3520,DIREITO PENAL > Crimes contra a Paz Pública,,,,S,S,S,A,False,287,DIREITO PENAL,3520,Crimes contra a Paz Pública,3520,Crimes contra a Paz Pública,3520,Crimes contra a Paz Pública,3520,Crimes contra a Paz Pública,3520,Crimes contra a Paz Pública
3523,Crimes contra a Fé Pública,287.0,2,287/3523,DIREITO PENAL > Crimes contra a Fé Pública,"Art. 287 - Fazer, publicamente, apologia de fato criminoso ou de autor de crime: Pena - detenção, de três a seis meses, ou multa.",CP,287,S,S,S,A,False,287,DIREITO PENAL,3523,Crimes contra a Fé Pública,3523,Crimes contra a Fé Pública,3523,Crimes contra a Fé Pública,3523,Crimes contra a Fé Pública,3523,Crimes contra a Fé Pública
3547,Crimes Praticados por Funcionários Públicos Contra a Administração em Geral,287.0,2,287/3547,DIREITO PENAL > Crimes Praticados por Funcionários Públicos Contra a Administração em Geral,,,,S,S,S,A,False,287,DIREITO PENAL,3547,Crimes Praticados por Funcionários Públicos Contra a Administração em Geral,3547,Crimes Praticados por Funcionários Públicos Contra a Administração em Geral,3547,Crimes Praticados por Funcionários Públicos Contra a Administração em Geral,3547,Crimes Praticados por Funcionários Públicos Contra a Administração em Geral,3547,Crimes Praticados por Funcionários Públicos Contra a Administração em Geral
3603,Crimes Previstos na Legislação Extravagante,287.0,2,287/3603,DIREITO PENAL > Crimes Previstos na Legislação Extravagante,,,,S,S,S,A,False,287,DIREITO PENAL,3603,Crimes Previstos na Legislação Extravagante,3603,Crimes Previstos na Legislação Extravagante,3603,Crimes Previstos na Legislação Extravagante,3603,Crimes Previstos na Legislação Extravagante,3603,Crimes Previstos na Legislação Extravagante
3692,Contravenções Penais,287.0,2,287/3692,DIREITO PENAL > Contravenções Penais,"Abrange todas as contravenções penais, ainda que previstas em leis extravagantes.",DL 3688/41,arts. 18 a 70,S,S,S,A,False,287,DIREITO PENAL,3692,Contravenções Penais,3692,Contravenções Penais,3692,Contravenções Penais,3692,Contravenções Penais,3692,Contravenções Penais
5872,Crimes Praticados por Particular Contra a Administração em Geral,287.0,2,287/5872,DIREITO PENAL > Crimes Praticados por Particular Contra a Administração em Geral,"Art. 1º Ocultar ou dissimular a natureza, origem, localização, disposição, movimentação ou propriedade de bens, direitos ou valores provenientes, direta ou indiretamente, de crime: ............................................................... V - contra a Administração Pública, inclusive a exigência, para si ou para outrem, direta ou indiretamente, de qualquer vantagem, como condição ou preço para a prática ou omissão de atos administrativos; ...............................................................",Lei 6.453/77,1°,S,S,S,A,False,287,DIREITO PENAL,5872,Crimes Praticados por Particular Contra a Administração em Geral,5872,Crimes Praticados por Particular Contra a Administração em Geral,5872,Crimes Praticados por Particular Contra a Administração em Geral,5872,Crimes Praticados por Particular Contra a Administração em Geral,5872,Crimes Praticados por Particular Contra a Administração em Geral
5873,Crimes Praticados por Particular Contra a Administração Pública Estrangeira,287.0,2,287/5873,DIREITO PENAL > Crimes Praticados por Particular Contra a Administração Pública Estrangeira,Processos referentes aos crimes de corrupção ativa ou tráfico de influência praticados por particular contra a Administração Pública Estrangeira.,CP,arts. 337-B a 337-D,S,S,S,A,False,287,DIREITO PENAL,5873,Crimes Praticados por Particular Contra a Administração Pública Estrangeira,5873,Crimes Praticados por Particular Contra a Administração Pública Estrangeira,5873,Crimes Praticados por Particular Contra a Administração Pública Estrangeira,5873,Crimes Praticados por Particular Contra a Administração Pública Estrangeira,5873,Crimes Praticados por Particular Contra a Administração Pública Estrangeira
5874,Crimes Contra a Administração da Justiça,287.0,2,287/5874,DIREITO PENAL > Crimes Contra a Administração da Justiça,,,,S,S,S,A,False,287,DIREITO PENAL,5874,Crimes Contra a Administração da Justiça,5874,Crimes Contra a Administração da Justiça,5874,Crimes Contra a Administração da Justiça,5874,Crimes Contra a Administração da Justiça,5874,Crimes Contra a Administração da Justiça
5875,Crimes Contra as Finanças Públicas,287.0,2,287/5875,DIREITO PENAL > Crimes Contra as Finanças Públicas,,CP,359-A a 359-H,S,S,S,A,False,287,DIREITO PENAL,5875,Crimes Contra as Finanças Públicas,5875,Crimes Contra as Finanças Públicas,5875,Crimes Contra as Finanças Públicas,5875,Crimes Contra as Finanças Públicas,5875,Crimes Contra as Finanças Públicas
11781,Objetos de cartas precatórias cíveis/de ordem,8826.0,2,8826/11781,DIREITO PROCESSUAL CIVIL E DO TRABALHO > Objetos de cartas precatórias cíveis/de ordem,,,,S,S,S,A,False,8826,DIREITO PROCESSUAL CIVIL E DO TRABALHO,11781,Objetos de cartas precatórias cíveis/de ordem,11781,Objetos de cartas precatórias cíveis/de ordem,11781,Objetos de cartas precatórias cíveis/de ordem,11781,Objetos de cartas precatórias cíveis/de ordem,11781,Objetos de cartas precatórias cíveis/de ordem
8828,Jurisdição e Competência,8826.0,2,8826/8828,DIREITO PROCESSUAL CIVIL E DO TRABALHO > Jurisdição e Competência,,,,N,N,N,A,False,8826,DIREITO PROCESSUAL CIVIL E DO TRABALHO,8828,Jurisdição e Competência,8828,Jurisdição e Competência,8828,Jurisdição e Competência,8828,Jurisdição e Competência,8828,Jurisdição e Competência
8893,Atos Processuais,8826.0,2,8826/8893,DIREITO PROCESSUAL CIVIL E DO TRABALHO > Atos Processuais,,,,N,N,N,A,False,8826,DIREITO PROCESSUAL CIVIL E DO TRABALHO,8893,Atos Processuais,8893,Atos Processuais,8893,Atos Processuais,8893,Atos Processuais,8893,Atos Processuais
8960,Processo e Procedimento,8826.0,2,8826/8960,DIREITO PROCESSUAL CIVIL E DO TRABALHO > Processo e Procedimento,,,,N,N,N,A,False,8826,DIREITO PROCESSUAL CIVIL E DO TRABALHO,8960,Processo e Procedimento,8960,Processo e Procedimento,8960,Processo e Procedimento,8960,Processo e Procedimento,8960,Processo e Procedimento
9148,Liquidação / Cumprimento / Execução,8826.0,2,8826/9148,DIREITO PROCESSUAL CIVIL E DO TRABALHO > Liquidação / Cumprimento / Execução,"Os assuntos deste tópico são típicos de embargos à execução e impugnação ao cumprimento de sentença, pelo que também devem figurar na tabela de primeiro grau.",,,N,N,N,A,False,8826,DIREITO PROCESSUAL CIVIL E DO TRABALHO,9148,Liquidação / Cumprimento / Execução,9148,Liquidação / Cumprimento / Execução,9148,Liquidação / Cumprimento / Execução,9148,Liquidação / Cumprimento / Execução,9148,Liquidação / Cumprimento / Execução
9192,Tutela Provisória,8826.0,2,8826/9192,DIREITO PROCESSUAL CIVIL E DO TRABALHO > Tutela Provisória,,,,N,N,N,A,False,8826,DIREITO PROCESSUAL CIVIL E DO TRABALHO,9192,Tutela Provisória,9192,Tutela Provisória,9192,Tutela Provisória,9192,Tutela Provisória,9192,Tutela Provisória
9997,Atos Administrativos,9985.0,2,9985/9997,DIREITO ADMINISTRATIVO E OUTRAS MATÉRIAS DE DIREITO PÚBLICO > Atos Administrativos,"Tema relativo às discussões sobre atos administrativos, em todas as suas espécies, e sobre os respectivos efeitos e validade.",,,S,S,S,A,False,9985,DIREITO ADMINISTRATIVO E OUTRAS MATÉRIAS DE DIREITO PÚBLICO,9997,Atos Administrativos,9997,Atos Administrativos,9997,Atos Administrativos,9997,Atos Administrativos,9997,Atos Administrativos
10741,Criação do Partido Político,10740.0,3,10739/10740/10741,DIREITO ELEITORAL E PROCESSO ELEITORAL DO STF > Partido Político > Criação do Partido Político,,,,S,S,S,A,True,10739,DIREITO ELEITORAL E PROCESSO ELEITORAL DO STF,10740,Partido Político,10741,Criação do Partido Político,10741,Criação do Partido Político,10741,Criação do Partido Político,10741,Criação do Partido Político
10769,Pleito,10763.0,3,10739/10763/10769,DIREITO ELEITORAL E PROCESSO ELEITORAL DO STF > Eleição > Pleito,,,,N,N,N,A,False,10739,DIREITO ELEITORAL E PROCESSO ELEITORAL DO STF,10763,Eleição,10769,Pleito,10769,Pleito,10769,Pleito,10769,Pleito
11430,Crimes contra a Organização Administrativa da Justiça Eleitoral,11429.0,3,11428/11429/11430,DIREITO ELEITORAL > Crimes Eleitorais > Crimes contra a Organização Administrativa da Justiça Eleitoral,,,,S,S,S,A,True,11428,DIREITO ELEITORAL,11429,Crimes Eleitorais,11430,Crimes contra a Organização Administrativa da Justiça Eleitoral,11430,Crimes contra a Organização Administrativa da Justiça Eleitoral,11430,Crimes contra a Organização Administrativa da Justiça Eleitoral,11430,Crimes contra a Organização Administrativa da Justiça Eleitoral
11437,Crimes contra o Serviço da Justiça Eleitoral,11429.0,3,11428/11429/11437,DIREITO ELEITORAL > Crimes Eleitorais > Crimes contra o Serviço da Justiça Eleitoral,,,,S,S,S,A,True,11428,DIREITO ELEITORAL,11429,Crimes Eleitorais,11437,Crimes contra o Serviço da Justiça Eleitoral,11437,Crimes contra o Serviço da Justiça Eleitoral,11437,Crimes contra o Serviço da Justiça Eleitoral,11437,Crimes contra o Serviço da Justiça Eleitoral
11467,Crimes contra a Fé Pública Eleitoral,11429.0,3,11428/11429/11467,DIREITO ELEITORAL > Crimes Eleitorais > Crimes contra a Fé Pública Eleitoral,,,,S,S,S,A,True,11428,DIREITO ELEITORAL,11429,Crimes Eleitorais,11467,Crimes contra a Fé Pública Eleitoral,11467,Crimes contra a Fé Pública Eleitoral,11467,Crimes contra a Fé Pública Eleitoral,11467,Crimes contra a Fé Pública Eleitoral
11482,Crimes contra a Propaganda Eleitoral,11429.0,3,11428/11429/11482,DIREITO ELEITORAL > Crimes Eleitorais > Crimes contra a Propaganda Eleitoral,,,,S,S,S,A,True,11428,DIREITO ELEITORAL,11429,Crimes Eleitorais,11482,Crimes contra a Propaganda Eleitoral,11482,Crimes contra a Propaganda Eleitoral,11482,Crimes contra a Propaganda Eleitoral,11482,Crimes contra a Propaganda Eleitoral
11497,Crimes contra o Sigilo ou o Exercício do Voto,11429.0,3,11428/11429/11497,DIREITO ELEITORAL > Crimes Eleitorais > Crimes contra o Sigilo ou o Exercício do Voto,,,,S,S,S,A,True,11428,DIREITO ELEITORAL,11429,Crimes Eleitorais,11497,Crimes contra o Sigilo ou o Exercício do Voto,11497,Crimes contra o Sigilo ou o Exercício do Voto,11497,Crimes contra o Sigilo ou o Exercício do Voto,11497,Crimes contra o Sigilo ou o Exercício do Voto
11517,Crimes contra os Partidos Políticos,11429.0,3,11428/11429/11517,DIREITO ELEITORAL > Crimes Eleitorais > Crimes contra os Partidos Políticos,,,,S,S,S,A,True,11428,DIREITO ELEITORAL,11429,Crimes Eleitorais,11517,Crimes contra os Partidos Políticos,11517,Crimes contra os Partidos Políticos,11517,Crimes contra os Partidos Políticos,11517,Crimes contra os Partidos Políticos
15537,Violência Política de Gênero (art. 326-B do Código Eleitoral),11429.0,3,11428/11429/15537,DIREITO ELEITORAL > Crimes Eleitorais > Violência Política de Gênero (art. 326-B do Código Eleitoral),"Art. 326-B. Assediar, constranger, humilhar, perseguir ou ameaçar, por qualquer meio, candidata a cargo eletivo ou detentora de mandato eletivo, utilizando-se de menosprezo ou discriminação à condição de mulher ou à sua cor, raça ou etnia, com a finalidade de impedir ou de dificultar a sua campanha eleitoral ou o desempenho de seu mandato eletivo. Pena - reclusão, de 1 (um) a 4 (quatro) anos, e multa. Parágrafo único. Aumenta-se a pena em 1/3 (um terço), se o crime é cometido contra mulher: I - gestante; II - maior de 60 (sessenta) anos; III - com deficiência.",Código Eleitoral,326-B,S,S,S,A,True,11428,DIREITO ELEITORAL,11429,Crimes Eleitorais,15537,Violência Política de Gênero (art. 326-B do Código Eleitoral),15537,Violência Política de Gênero (art. 326-B do Código Eleitoral),15537,Violência Política de Gênero (art. 326-B do Código Eleitoral),15537,Violência Política de Gênero (art. 326-B do Código Eleitoral)
11559,Improbidade Administrativa,11557.0,3,11428/11557/11559,DIREITO ELEITORAL > Administração da Justiça Eleitoral > Improbidade Administrativa,"Art. 1° Os atos de improbidade praticados por qualquer agente público, servidor ou não, contra a administração direta, indireta ou fundacional de qualquer dos Poderes da União, dos Estados, do Distrito Federal, dos Municípios, de Território, de empresa incorporada ao patrimônio público ou de entidade para cuja criação ou custeio o erário haja concorrido ou concorra com mais de cinqüenta por cento do patrimônio ou da receita anual, serão punidos na forma desta lei. Parágrafo único. Estão também sujeitos às penalidades desta lei os atos de improbidade praticados contra o patrimônio de entidade que receba subvenção, benefício ou incentivo, fiscal ou creditício, de órgão público bem como daquelas para cuja criação ou custeio o erário haja concorrido ou concorra com menos de cinqüenta por cento do patrimônio ou da receita anual, limitando-se, nestes casos, a sanção patrimonial à repercussão do ilícito sobre a contribuição dos cofres públicos.",Lei N. 8.429/92,1°,N,S,S,A,True,11428,DIREITO ELEITORAL,11557,Administração da Justiça Eleitoral,11559,Improbidade Administrativa,11559,Improbidade Administrativa,11559,Improbidade Administrativa,11559,Improbidade Administrativa
11560,Descumprimento de Prazos Eleitorais,11557.0,3,11428/11557/11560,DIREITO ELEITORAL > Administração da Justiça Eleitoral > Descumprimento de Prazos Eleitorais,"Art. 194. Apurada a falta, o juiz mandará instaurar procedimento administrativo, na forma da Lei de Organização Judiciária. Art. 198. Qualquer das partes ou o órgão do Ministério Público poderá representar ao presidente do Tribunal de Justiça contra o juiz que excedeu os prazos previstos em lei. Distribuída a representação ao órgão competente, instaurar-se-á procedimento para apuração da responsabilidade. O relator, conforme as circunstâncias, poderá avocar os autos em que ocorreu excesso de prazo, designando outro juiz para decidir a causa.",Código de Processo Civil,194 e 198,S,S,S,A,True,11428,DIREITO ELEITORAL,11557,Administração da Justiça Eleitoral,11560,Descumprimento de Prazos Eleitorais,11560,Descumprimento de Prazos Eleitorais,11560,Descumprimento de Prazos Eleitorais,11560,Descumprimento de Prazos Eleitorais
11561,Garantia de Autoridade de Decisão do Tribunal,11557.0,3,11428/11557/11561,DIREITO ELEITORAL > Administração da Justiça Eleitoral > Garantia de Autoridade de Decisão do Tribunal,"CF/88: ""Art. 102 Compete ao Supremo Tribunal Federal, precipuamente, a guarda da Constituição, cabendo-lhe: I - I - processar e julgar, originariamente: ............................................................... l) a reclamação para a preservação de sua competência e garantia da autoridade de suas decisões;"" RITSE: ""Art. 15. O registro far-se-á em numeração contínua e seriada adotando-se, também, a numeração geral em cada uma das classes seguintes: Denominação da Classe Sigla Código Ação de impugnação de mandato .............................. AIM ........................ 1 Ação rescisória ......................................................... AR ....................... 34 Agravo de instrumento .............................................. Ag .......................... 2 Apuração de eleição presidencial ............................... AEP ........................ 3 Cancelamento de partido .......................................... C P ....................... 32 Conflito de competência ............................................ C C ......................... 4 Consulta ................................................................... Cta ........................ 5 Criação de zona eleitoral........................................... Cze ........................ 6 Encaminhamento de lista tríplice ............................... ELT......................... 7 Exceção de suspeição ............................................... ExSusp................... 8 Habeas corpus .......................................................... HC ......................... 9 Habeas data ............................................................. HD ....................... 10 Inquérito .................................................................. Inq ....................... 11 Instrução .................................................................. Inst ...................... 12 Mandado de injunção ................................................MI ........................ 13 Mandado de segurança .............................................MS ....................... 14 Medida cautelar ........................................................MC ....................... 15 Notícia-crime ............................................................ NC ....................... 16 Pedido de desaforamento .......................................... PDsf ..................... 17 Petição ..................................................................... Pet ....................... 18 Processo administrativo ............................................ PA ........................ 19 Reclamação .............................................................. Rcl ....................... 20 Recurso contra expedição de diploma ........................ RCEd ................... 21 Recurso especial eleitoral .......................................... REspe .................. 22 Recurso em habeas corpus ....................................... RHC ..................... 23 Recurso em habeas data ........................................... RHD ..................... 24 Recurso em mandado de injunção ............................. RMI ...................... 25 Recurso em mandado de segurança .......................... RMS ..................... 26 Recurso ordinário ...................................................... RO ....................... 27 Registro de partido ................................................... RgP ...................... 28 Reg. cand. presidência e vice-presidência.................. RCPr .................... 29 Representação .......................................................... Rp ........................ 30 Revisão de eleitorado................................................ RvE ...................... 33 Suspensão de segurança........................................... SS ....................... 31 Parágrafo único O presidente resolverá, mediante instrução normativa, as dúvidas que se suscitarem na classificação dos feitos; observando-se as seguintes normas: ............................................................... V a reclamação é cabível para preservar a competência do Tribunal ou garantir a autoridade das suas decisões;""",Contituição Federal e Regimento Interno do TSE  (RITSE),"102, I, l da CF/88 e 15, parágrafo único, V do RITSE",N,S,S,A,True,11428,DIREITO ELEITORAL,11557,Administração da Justiça Eleitoral,11561,Garantia de Autoridade de Decisão do Tribunal,11561,Garantia de Autoridade de Decisão do Tribunal,11561,Garantia de Autoridade de Decisão do Tribunal,11561,Garantia de Autoridade de Decisão do Tribunal
11562,Magistrado,11557.0,3,11428/11557/11562,DIREITO ELEITORAL > Administração da Justiça Eleitoral > Magistrado,,,,N,S,S,A,False,11428,DIREITO ELEITORAL,11557,Administração da Justiça Eleitoral,11562,Magistrado,11562,Magistrado,11562,Magistrado,11562,Magistrado
11566,Servidor,11557.0,3,11428/11557/11566,DIREITO ELEITORAL > Administração da Justiça Eleitoral > Servidor,,,,N,S,S,A,False,11428,DIREITO ELEITORAL,11557,Administração da Justiça Eleitoral,11566,Servidor,11566,Servidor,11566,Servidor,11566,Servidor
11573,Requisição de Força Federal,11557.0,3,11428/11557/11573,DIREITO ELEITORAL > Administração da Justiça Eleitoral > Requisição de Força Federal,"Art. 30. Compete, ainda, privativamente, aos Tribunais Regionais: ............................................................... XII - requisitar a força necessária ao cumprimento de suas decisões solicitar ao Tribunal Superior a requisição de força federal;",Lei N. 4.737/65,"30, XII",N,S,S,A,True,11428,DIREITO ELEITORAL,11557,Administração da Justiça Eleitoral,11573,Requisição de Força Federal,11573,Requisição de Força Federal,11573,Requisição de Força Federal,11573,Requisição de Força Federal
12360,Matéria Administrativa,11557.0,3,11428/11557/12360,DIREITO ELEITORAL > Administração da Justiça Eleitoral > Matéria Administrativa,"Art. 23 - Compete, ainda, privativamente, ao Tribunal Superior: ............................................................... XI - enviar ao Presidente da República a lista tríplice organizada pelos Tribunais de Justiça nos termos do art. 25; ............................................................... Art. 25. Os Tribunais Regionais Eleitorais compor-se-ão: (Redação dada pela Lei nº 7.191, de 4.6.1984) I - mediante eleição, pelo voto secreto:(Redação dada pela Lei nº 7.191, de 4.6.1984) a) de dois juizes, dentre os desembargadores do Tribunal de Justiça; (Redação dada pela Lei nº 7.191, de 4.6.1984) b) de dois juizes de direito, escolhidos pelo Tribunal de Justiça; (Redação dada pela Lei nº 7.191, de 4.6.1984) II - do juiz federal e, havendo mais de um, do que for escolhido pelo Tribunal Federal de Recursos; e (Redação dada pela Lei nº 7.191, de 4.6.1984) III - por nomeação do Presidente da República de dois dentre seis cidadãos de notável saber jurídico e idoneidade moral, indicados pelo Tribunal de Justiça. § 1º A lista tríplice organizada pelo Tribunal de Justiça será enviada ao Tribunal Superior Eleitoral. § 2º A lista não poderá conter nome de magistrado aposentado ou de membro do Ministério Público. (Redação dada pela Lei nº 4.961, de 4.5.1966) § 3º Recebidas as indicações o Tribunal Superior divulgará a lista através de edital, podendo os partidos, no prazo de cinco dias, impugná-la com fundamento em incompatibilidade. § 4º Se a impugnação for julgada procedente quanto a qualquer dos indicados, a lista será devolvida ao Tribunal de origem para complementação. § 5º Não havendo impugnação, ou desprezada esta, o Tribunal Superior encaminhará a lista ao Poder Executivo para a nomeação. 6º Não podem fazer parte do Tribunal Regional pessoas que tenham entre si parentesco, ainda que por afinidade, até o 4º grau, seja o vínculo legítimo ou ilegítimo, excluindo-se neste caso a que tiver sido escolhida por último. (§ 8º renumerado pelo Decreto-lei nº 441, de 29.1.1969)",,,S,S,S,A,True,11428,DIREITO ELEITORAL,11557,Administração da Justiça Eleitoral,12360,Matéria Administrativa,12360,Matéria Administrativa,12360,Matéria Administrativa,12360,Matéria Administrativa
12642,Processamento de Recurso Contra Expedição de Diploma,11557.0,3,11428/11557/12642,DIREITO ELEITORAL > Administração da Justiça Eleitoral > Processamento de Recurso Contra Expedição de Diploma,"Art. 262. O recurso contra expedição de diploma caberá somente nos casos de inelegibilidade superveniente ou de natureza constitucional e de falta de condição de elegibilidade. (Redação dada pela Lei nº 12.891, de 2013) I - ( revogado ); (Redação dada pela Lei nº 12.891, de 2013) II - ( revogado ); (Redação dada pela Lei nº 12.891, de 2013) III - ( revogado ); (Redação dada pela Lei nº 12.891, de 2013) IV - ( revogado ); (Redação dada pela Lei nº 12.891, de 2013) § 1º A inelegibilidade superveniente que atrai restrição à candidatura, se formulada no âmbito do processo de registro, não poderá ser deduzida no recurso contra expedição de diploma. (Incluído pela Lei nº 13.877, de 2019) § 2º A inelegibilidade superveniente apta a viabilizar o recurso contra a expedição de diploma, decorrente de alterações fáticas ou jurídicas, deverá ocorrer até a data fixada para que os partidos políticos e as coligações apresentem os seus requerimentos de registros de candidatos. (Incluído pela Lei nº 13.877, de 2019) § 3º O recurso de que trata este artigo deverá ser interposto no prazo de 3 (três) dias após o último dia limite fixado para a diplomação e será suspenso no período compreendido entre os dias 20 de dezembro e 20 de janeiro, a partir do qual retomará seu cômputo. (Incluído pela Lei nº 13.877, de 2019)",Código Eleitoral,262,S,S,N,A,True,11428,DIREITO ELEITORAL,11557,Administração da Justiça Eleitoral,12642,Processamento de Recurso Contra Expedição de Diploma,12642,Processamento de Recurso Contra Expedição de Diploma,12642,Processamento de Recurso Contra Expedição de Diploma,12642,Processamento de Recurso Contra Expedição de Diploma
11575,Alistamento Eleitoral - Cancelamento,11574.0,3,11428/11574/11575,DIREITO ELEITORAL > Alistamento Eleitoral > Alistamento Eleitoral - Cancelamento,"Art. 71. São causas de cancelamento: I - a infração dos artigos 5º e 42; II - a suspensão ou perda dos direitos políticos; III - a pluralidade de inscrição; IV - o falecimento do eleitos; V - deixar de votar em 3 (três) eleições consecutivas. OBSERVAÇÃO Art. 5º Não podem alistar-se eleitores: I - REVOGADO II - os que não saibam exprimir-se na língua nacional; III - os que estejam privados, temporária ou definitivamente dos direitos políticos. Parágrafo único - Os militares são alistáveis, desde que oficiais, aspirantes a oficiais, guardas-marinha, subtenentes ou suboficiais, sargentos ou alunos das escolas militares de ensino superior para formação de oficiais. ............................................................... Art. 42. O alistamento se faz mediante a qualificação e inscrição do eleitor. Parágrafo único. Para o efeito da inscrição, é domicílio eleitoral o lugar de residência ou moradia do requerente, e, verificado ter o alistando mais de uma, considerar-se-á domicílio qualquer delas.",Código Eleitoral,71,S,S,S,A,True,11428,DIREITO ELEITORAL,11574,Alistamento Eleitoral,11575,Alistamento Eleitoral - Cancelamento,11575,Alistamento Eleitoral - Cancelamento,11575,Alistamento Eleitoral - Cancelamento,11575,Alistamento Eleitoral - Cancelamento
11576,Alistamento Eleitoral - Domicílio Eleitoral,11574.0,3,11428/11574/11576,DIREITO ELEITORAL > Alistamento Eleitoral > Alistamento Eleitoral - Domicílio Eleitoral,"Art. 42. O alistamento se faz mediante a qualificação e inscrição do eleitor. Parágrafo único. Para o efeito da inscrição, é domicílio eleitoral o lugar de residência ou moradia do requerente, e, verificado ter o alistando mais de uma, considerar-se-á domicílio qualquer delas.",Código Eleitoral,"42, parágrafo único",S,S,S,A,True,11428,DIREITO ELEITORAL,11574,Alistamento Eleitoral,11576,Alistamento Eleitoral - Domicílio Eleitoral,11576,Alistamento Eleitoral - Domicílio Eleitoral,11576,Alistamento Eleitoral - Domicílio Eleitoral,11576,Alistamento Eleitoral - Domicílio Eleitoral
11577,Alistamento Eleitoral - Duplicidade/Pluralidade,11574.0,3,11428/11574/11577,DIREITO ELEITORAL > Alistamento Eleitoral > Alistamento Eleitoral - Duplicidade/Pluralidade,Art. 71. São causas de cancelamento: ............................................................... III - a pluralidade de inscrição;,Código Eleitoral,"71, III",S,S,S,A,True,11428,DIREITO ELEITORAL,11574,Alistamento Eleitoral,11577,Alistamento Eleitoral - Duplicidade/Pluralidade,11577,Alistamento Eleitoral - Duplicidade/Pluralidade,11577,Alistamento Eleitoral - Duplicidade/Pluralidade,11577,Alistamento Eleitoral - Duplicidade/Pluralidade
11578,Alistamento Eleitoral - Exclusão,11574.0,3,11428/11574/11578,DIREITO ELEITORAL > Alistamento Eleitoral > Alistamento Eleitoral - Exclusão,"Art. 74. A exclusão será mandada processar ""ex officio"" pelo juiz eleitoral, sempre que tiver conhecimento de alguma das causas do cancelamento.",Código Eleitoral,74,S,S,S,A,True,11428,DIREITO ELEITORAL,11574,Alistamento Eleitoral,11578,Alistamento Eleitoral - Exclusão,11578,Alistamento Eleitoral - Exclusão,11578,Alistamento Eleitoral - Exclusão,11578,Alistamento Eleitoral - Exclusão
11579,Alistamento Eleitoral - Inscrição Eleitoral,11574.0,3,11428/11574/11579,DIREITO ELEITORAL > Alistamento Eleitoral > Alistamento Eleitoral - Inscrição Eleitoral,Art. 42. O alistamento se faz mediante a qualificação e inscrição do eleitor.,Código Eleitoral,42,S,S,S,A,True,11428,DIREITO ELEITORAL,11574,Alistamento Eleitoral,11579,Alistamento Eleitoral - Inscrição Eleitoral,11579,Alistamento Eleitoral - Inscrição Eleitoral,11579,Alistamento Eleitoral - Inscrição Eleitoral,11579,Alistamento Eleitoral - Inscrição Eleitoral
11580,Impugnação - Alistamento Eleitoral,11574.0,3,11428/11574/11580,DIREITO ELEITORAL > Alistamento Eleitoral > Impugnação - Alistamento Eleitoral,,,,S,S,N,I,True,11428,DIREITO ELEITORAL,11574,Alistamento Eleitoral,11580,Impugnação - Alistamento Eleitoral,11580,Impugnação - Alistamento Eleitoral,11580,Impugnação - Alistamento Eleitoral,11580,Impugnação - Alistamento Eleitoral
12563,Alistamento Eleitoral - Estrangeiro,11574.0,3,11428/11574/12563,DIREITO ELEITORAL > Alistamento Eleitoral > Alistamento Eleitoral - Estrangeiro,,,,S,S,S,A,True,11428,DIREITO ELEITORAL,11574,Alistamento Eleitoral,12563,Alistamento Eleitoral - Estrangeiro,12563,Alistamento Eleitoral - Estrangeiro,12563,Alistamento Eleitoral - Estrangeiro,12563,Alistamento Eleitoral - Estrangeiro
12564,Alistamento Eleitoral - Fraude,11574.0,3,11428/11574/12564,DIREITO ELEITORAL > Alistamento Eleitoral > Alistamento Eleitoral - Fraude,,,,S,S,S,A,True,11428,DIREITO ELEITORAL,11574,Alistamento Eleitoral,12564,Alistamento Eleitoral - Fraude,12564,Alistamento Eleitoral - Fraude,12564,Alistamento Eleitoral - Fraude,12564,Alistamento Eleitoral - Fraude
15308,Alistamento Eleitoral - Registro no BPSPD - Duplicidade/Pluralidade,11574.0,3,11428/11574/15308,DIREITO ELEITORAL > Alistamento Eleitoral > Alistamento Eleitoral - Registro no BPSPD - Duplicidade/Pluralidade,Res. TSE nº 23.659/2021. Uso das Corregedoria na classe Duplicidade/Pluralidade de Inscrições Eleitorais.,Resolução TSE n. 23.659/2021,92,S,S,S,A,True,11428,DIREITO ELEITORAL,11574,Alistamento Eleitoral,15308,Alistamento Eleitoral - Registro no BPSPD - Duplicidade/Pluralidade,15308,Alistamento Eleitoral - Registro no BPSPD - Duplicidade/Pluralidade,15308,Alistamento Eleitoral - Registro no BPSPD - Duplicidade/Pluralidade,15308,Alistamento Eleitoral - Registro no BPSPD - Duplicidade/Pluralidade
11584,Candidatos,11583.0,3,11428/11583/11584,DIREITO ELEITORAL > Eleições > Candidatos,,,,S,S,S,A,True,11428,DIREITO ELEITORAL,11583,Eleições,11584,Candidatos,11584,Candidatos,11584,Candidatos,11584,Candidatos
11628,Cargos,11583.0,3,11428/11583/11628,DIREITO ELEITORAL > Eleições > Cargos,,,,S,S,S,A,True,11428,DIREITO ELEITORAL,11583,Eleições,11628,Cargos,11628,Cargos,11628,Cargos,11628,Cargos
11642,Eleições - 1° Turno,11583.0,3,11428/11583/11642,DIREITO ELEITORAL > Eleições > Eleições - 1° Turno,"Art 1º As eleições para Presidente e Vice-Presidente da República, Governador e Vice-Governador de Estado e do Distrito Federal, Prefeito e Vice-Prefeito, Senador, Deputado Federal, Deputado Estadual, Deputado Distrital e Vereador dar-se-ão, em todo o País, no primeiro domingo de outubro do ano respectivo. Parágrafo único. Serão realizadas simultaneamente as eleições: I - para Presidente e Vice-Presidente da República, Governador e Vice-Governador de Estado e do Distrito Federal, Senador, Deputado Federal, Deputado Estadual e Deputado Distrital; II - para Prefeito, Vice-Prefeito e Vereador.",Lei N. 9.504/97,1°,S,S,S,A,True,11428,DIREITO ELEITORAL,11583,Eleições,11642,Eleições - 1° Turno,11642,Eleições - 1° Turno,11642,Eleições - 1° Turno,11642,Eleições - 1° Turno
11643,Eleições - 2° Turno,11583.0,3,11428/11583/11643,DIREITO ELEITORAL > Eleições > Eleições - 2° Turno,"Art. 2º Será considerado eleito o candidato a Presidente ou a Governador que obtiver a maioria absoluta de votos, não computados os em branco e os nulos. § 1º Se nenhum candidato alcançar maioria absoluta na primeira votação, far-se-á nova eleição no último domingo de outubro, concorrendo os dois candidatos mais votados, e considerando-se eleito o que obtiver a maioria dos votos válidos.",Lei N. 9.504/97,"2°, §1°",S,S,S,A,True,11428,DIREITO ELEITORAL,11583,Eleições,11643,Eleições - 2° Turno,11643,Eleições - 2° Turno,11643,Eleições - 2° Turno,11643,Eleições - 2° Turno
11644,Eleições - Anulação de Eleições,11583.0,3,11428/11583/11644,DIREITO ELEITORAL > Eleições > Eleições - Anulação de Eleições,"Art. 224. Se a nulidade atingir a mais de metade dos votos do país nas eleições presidenciais, do Estado nas eleições federais e estaduais ou do município nas eleições municipais, julgar-se-ão prejudicadas as demais votações e o Tribunal marcará dia para nova eleição dentro do prazo de 20 (vinte) a 40 (quarenta) dias.",Código Eleitoral,224,S,S,S,A,True,11428,DIREITO ELEITORAL,11583,Eleições,11644,Eleições - Anulação de Eleições,11644,Eleições - Anulação de Eleições,11644,Eleições - Anulação de Eleições,11644,Eleições - Anulação de Eleições
11645,Eleições - Eleição Majoritária,11583.0,3,11428/11583/11645,DIREITO ELEITORAL > Eleições > Eleições - Eleição Majoritária,"Art. 2º Será considerado eleito o candidato a Presidente ou a Governador que obtiver a maioria absoluta de votos, não computados os em branco e os nulos. Art. 3º Será considerado eleito Prefeito o candidato que obtiver a maioria dos votos, não computados os em branco e os nulos. ............................................................... § 2º Nos Municípios com mais de duzentos mil eleitores, aplicar-se-ão as regras estabelecidas nos §§ 1º a 3º do artigo anterior.",Lei N. 9.504/97,"2° e 3°, caput e §2°",S,S,S,A,True,11428,DIREITO ELEITORAL,11583,Eleições,11645,Eleições - Eleição Majoritária,11645,Eleições - Eleição Majoritária,11645,Eleições - Eleição Majoritária,11645,Eleições - Eleição Majoritária
11646,Eleições - Eleição Proporcional,11583.0,3,11428/11583/11646,DIREITO ELEITORAL > Eleições > Eleições - Eleição Proporcional,"Art. 5º Nas eleições proporcionais, contam-se como válidos apenas os votos dados a candidatos regularmente inscritos e às legendas partidárias.",Lei N. 9.504/97,5°,S,S,S,A,True,11428,DIREITO ELEITORAL,11583,Eleições,11646,Eleições - Eleição Proporcional,11646,Eleições - Eleição Proporcional,11646,Eleições - Eleição Proporcional,11646,Eleições - Eleição Proporcional
11647,Eleições - Eleição Suplementar,11583.0,3,11428/11583/11647,DIREITO ELEITORAL > Eleições > Eleições - Eleição Suplementar,"Eleições Suplementares na Zona Eleitoral CE: ""Art. 187. Verificando a Junta Apuradora que os votos das seções anuladas e daquelas cujos eleitores foram impedidos de votar, poderão alterar a representação de qualquer partido ou classificação de candidato eleito pelo princípio majoritário, nas eleições municipais, fará imediata comunicação do fato ao Tribunal Regional, que marcará, se fôr o caso, dia para a renovação da votação naquelas seções. § 1º Nas eleições suplementares municipais observar-se-á, no que couber, o disposto no Art. 210. § 2º Essas eleições serão realizadas perante novas mesas receptoras, nomeadas pelo juiz eleitoral, e apuradas pela própria Junta que, considerando os anteriores e os novos resultados, confirmará ou invalidará os diplomas que houver expedido. § 3º Havendo renovação de eleições para os cargos de prefeito e vice-prefeito, os diplomas somente serão expedidos depois de apuradas as eleições suplementares. § 4º Nas eleições suplementares, quando ser referirem a mandatos de representação proporcional, a votação e a apuração far-se-ão exclusivamente para as legendas registradas."" Eleições Suplementares no TRE CE: ""Art. 201. De posse do relatório referido no artigo anterior, reunir-se-á o Tribunal, no dia seguinte, para o conhecimento do total dos votos apurados, e, em seguida, se verificar que os votos das seções anuladas e daquelas cujos eleitores foram impedidos de votar, poderão alterar a representação de candidato eleito pelo princípio majoritário, ordenará a realização de novas eleições. Parágrafo único. As novas eleições obedecerão às seguintes normas: I - o Presidente do Tribunal fixará, imediatamente, a data, para que se realizem dentro de 15 (quinze) dias, no mínimo, e de 30 (trinta) dias no máximo, a contar do despacho que a fixar, desde que não tenha havido recurso contra a anulação das seções; II - somente serão admitidos a votar os eleitores da seção, que hajam comparecido a eleição anulada, e os de outras seções que ali houverem votado; III - nos casos de coação que haja impedido o comparecimento dos eleitores às urnas, no de encerramento da votação antes da hora legal, e quando a votação tiver sido realizada em dia, hora e lugar diferentes dos designados, poderão votar todos os eleitores da seção e somente estes; IV - nas zonas onde apenas uma seção fôr anulada, o juiz eleitoral respectivo presidirá a mesa receptora; se houver mais de uma seção anulada, o presidente do Tribunal Regional designará os juizes presidentes das respectivas mesas receptoras. V - as eleições realizar-se-ão nos mesmos locais anteriormente designados, servindo os mesários e secretários que pelo juiz forem nomeados, com a antecedência de, pelo menos, cinco dias, salvo se a anulação fôr decretada por infração dos §§ 4º e 5º do Art. 135; VI - as eleições assim realizadas serãoapuradas pelo Tribunal Regional."" Eleições Suplementares no TSE CE: ""Art. 212. Verificando que os votos das seções anuladas e daquelas cujos eleitores foram impedidos de votar, em todo o país, poderão alterar a classificação de candidato, ordenará o Tribunal Superior a realização de novas eleições. § 1º Essas eleições serão marcadas desde logo pelo Presidente do Tribunal Superior e terão lugar no primeiro domingo ou feriado que ocorrer após o 15º (décimo quinto) dia a contar da data do despacho, devendo ser observado o disposto nos números II a VI do parágrafo único do Art. 201. § 2º Os candidatos a presidente e vice-presidente da República somente serão diplomados depois de realizadas as eleições suplementares referentes a esses cargos. Art. 217. Apuradas as eleições suplementares o juiz ou o Tribunal reverá a apuração anterior, confirmando ou invalidando os diplomas que houver expedido. Parágrafo único. No caso de provimento, após a diplomação, de recurso contra o registro de candidato ou de recurso parcial, será também revista a apuração anterior, para confirmação ou invalidação de diplomas, observado o disposto no § 3º do Art. 261. OBSERVAÇÃO: CE: ""Art. 135. Funcionarão as mesas receptoras nos lugares designados pelos juizes eleitorais 60 (sessenta) dias antes da eleição, publicando-se a designação. ............................................................... § 4º É expressamente vedado uso de propriedade pertencente a candidato, membro do diretório de partido, delegado de partido ou autoridade policial, bem como dos respectivos cônjuges e parentes, consangüíneos ou afins, até o 2º grau, inclusive. § 5º Não poderão ser localizadas seções eleitorais em fazenda sítio ou qualquer propriedade rural privada, mesmo existindo no local prédio público, incorrendo o juiz nas penas do Art. 312, em caso de infringência. (Redação dada pela Lei nº 4.961, de 4.5.1966) ............................................................... Art. 210. Os mapas gerais de todas as circunscrições com as impugnações, se houver, e a folha de apuração final levantada pela secretaria, serão autuados e distribuídos a um relator geral, designado pelo Presidente. Parágrafo único. Recebidos os autos, após a audiência do Procurador Geral, o relator, dentro de 48 (quarenta e oito) horas, resolverá as impugnações relativas aos erros de conta ou de cálculo, mandando fazer as correções, se fôr o caso, e apresentará, a seguir, o relatório final com os nomes dos candidatos que deverão ser proclamados eleitos e os dos demais candidatos, na ordem decrescente das votações. ............................................................... Art. 261. Os recursos parciais, entre os quais não se incluem os que versarem matéria referente ao registro de candidatos, interpostos para os Tribunais Regionais no caso de eleições municipais, e para o Tribunal Superior no caso de eleições estaduais ou federais, serão julgados à medida que derem entrada nas respectivas Secretarias. ............................................................... § 3º Se os recursos de um mesmo município ou Estado deram entrada em datas diversas, sendo julgados separadamente, o juiz eleitoral ou o presidente do Tribunal Regional, aguardará a comunicação de todas as decisões para cumpri-las, salvo se o julgamento dos demais importar em alteração do resultado do pleito que não tenha relação com o recurso já julgado. ............................................................... Art. 312. Violar ou tentar violar o sigilo do voto: Pena - detenção até dois anos.""",Código Eleitoral,"187, 201, 212, 217",S,S,S,A,True,11428,DIREITO ELEITORAL,11583,Eleições,11647,Eleições - Eleição Suplementar,11647,Eleições - Eleição Suplementar,11647,Eleições - Eleição Suplementar,11647,Eleições - Eleição Suplementar
11648,Pesquisa Eleitoral,11583.0,3,11428/11583/11648,DIREITO ELEITORAL > Eleições > Pesquisa Eleitoral,,,,S,S,S,A,True,11428,DIREITO ELEITORAL,11583,Eleições,11648,Pesquisa Eleitoral,11648,Pesquisa Eleitoral,11648,Pesquisa Eleitoral,11648,Pesquisa Eleitoral
11652,Propaganda Política - Propaganda Eleitoral,11583.0,3,11428/11583/11652,DIREITO ELEITORAL > Eleições > Propaganda Política - Propaganda Eleitoral,,,,S,S,S,A,True,11428,DIREITO ELEITORAL,11583,Eleições,11652,Propaganda Política - Propaganda Eleitoral,11652,Propaganda Política - Propaganda Eleitoral,11652,Propaganda Política - Propaganda Eleitoral,11652,Propaganda Política - Propaganda Eleitoral
11684,Recursos Financeiros de Campanha Eleitoral,11583.0,3,11428/11583/11684,DIREITO ELEITORAL > Eleições > Recursos Financeiros de Campanha Eleitoral,,,,S,S,S,A,True,11428,DIREITO ELEITORAL,11583,Eleições,11684,Recursos Financeiros de Campanha Eleitoral,11684,Recursos Financeiros de Campanha Eleitoral,11684,Recursos Financeiros de Campanha Eleitoral,11684,Recursos Financeiros de Campanha Eleitoral
11702,Garantias Eleitorais,11583.0,3,11428/11583/11702,DIREITO ELEITORAL > Eleições > Garantias Eleitorais,,,,S,S,S,A,False,11428,DIREITO ELEITORAL,11583,Eleições,11702,Garantias Eleitorais,11702,Garantias Eleitorais,11702,Garantias Eleitorais,11702,Garantias Eleitorais
11713,Resultados,11583.0,3,11428/11583/11713,DIREITO ELEITORAL > Eleições > Resultados,,,,S,S,S,A,False,11428,DIREITO ELEITORAL,11583,Eleições,11713,Resultados,11713,Resultados,11713,Resultados,11713,Resultados
11716,Transgressões Eleitorais,11583.0,3,11428/11583/11716,DIREITO ELEITORAL > Eleições > Transgressões Eleitorais,,,,S,S,S,A,True,11428,DIREITO ELEITORAL,11583,Eleições,11716,Transgressões Eleitorais,11716,Transgressões Eleitorais,11716,Transgressões Eleitorais,11716,Transgressões Eleitorais
12045,Prestação de Contas,11583.0,3,11428/11583/12045,DIREITO ELEITORAL > Eleições > Prestação de Contas,,,,N,N,N,A,True,11428,DIREITO ELEITORAL,11583,Eleições,12045,Prestação de Contas,12045,Prestação de Contas,12045,Prestação de Contas,12045,Prestação de Contas
12049,Impugnação,11583.0,3,11428/11583/12049,DIREITO ELEITORAL > Eleições > Impugnação,,,,S,S,S,A,True,11428,DIREITO ELEITORAL,11583,Eleições,12049,Impugnação,12049,Impugnação,12049,Impugnação,12049,Impugnação
12362,Autorização de Divulgação de Publicidade Institucional,11583.0,3,11428/11583/12362,DIREITO ELEITORAL > Eleições > Autorização de Divulgação de Publicidade Institucional,,,,S,S,S,A,True,11428,DIREITO ELEITORAL,11583,Eleições,12362,Autorização de Divulgação de Publicidade Institucional,12362,Autorização de Divulgação de Publicidade Institucional,12362,Autorização de Divulgação de Publicidade Institucional,12362,Autorização de Divulgação de Publicidade Institucional
12364,Debate Eleitoral,11583.0,3,11428/11583/12364,DIREITO ELEITORAL > Eleições > Debate Eleitoral,,,,S,S,S,A,True,11428,DIREITO ELEITORAL,11583,Eleições,12364,Debate Eleitoral,12364,Debate Eleitoral,12364,Debate Eleitoral,12364,Debate Eleitoral
12365,Enquete,11583.0,3,11428/11583/12365,DIREITO ELEITORAL > Eleições > Enquete,,,,S,S,S,A,True,11428,DIREITO ELEITORAL,11583,Eleições,12365,Enquete,12365,Enquete,12365,Enquete,12365,Enquete
12566,Ausência ou Abandono aos Trabalhos Eleitorais,11583.0,3,11428/11583/12566,DIREITO ELEITORAL > Eleições > Ausência ou Abandono aos Trabalhos Eleitorais,,,,S,S,S,A,True,11428,DIREITO ELEITORAL,11583,Eleições,12566,Ausência ou Abandono aos Trabalhos Eleitorais,12566,Ausência ou Abandono aos Trabalhos Eleitorais,12566,Ausência ou Abandono aos Trabalhos Eleitorais,12566,Ausência ou Abandono aos Trabalhos Eleitorais
12568,Pedido de Dispensa de Convocação para Trabalhos Eleitorais,11583.0,3,11428/11583/12568,DIREITO ELEITORAL > Eleições > Pedido de Dispensa de Convocação para Trabalhos Eleitorais,,,,S,S,S,A,True,11428,DIREITO ELEITORAL,11583,Eleições,12568,Pedido de Dispensa de Convocação para Trabalhos Eleitorais,12568,Pedido de Dispensa de Convocação para Trabalhos Eleitorais,12568,Pedido de Dispensa de Convocação para Trabalhos Eleitorais,12568,Pedido de Dispensa de Convocação para Trabalhos Eleitorais
11726,Direitos Políticos - Perda dos Direitos Políticos,11725.0,3,11428/11725/11726,DIREITO ELEITORAL > Direitos Políticos > Direitos Políticos - Perda dos Direitos Políticos,"Art. 15. É vedada a cassação de direitos políticos, cuja perda ou suspensão só se dará nos casos de: I - cancelamento da naturalização por sentença transitada em julgado; II - incapacidade civil absoluta; III - condenação criminal transitada em julgado, enquanto durarem seus efeitos; IV - recusa de cumprir obrigação a todos imposta ou prestação alternativa, nos termos do art. 5º, VIII; V - improbidade administrativa, nos termos do art. 37, § 4º. OBSERVAÇÃO: Art. 37. A administração pública direta e indireta de qualquer dos Poderes da União, dos Estados, do Distrito Federal e dos Municípios obedecerá aos princípios de legalidade, impessoalidade, moralidade, publicidade e eficiência e, também, ao seguinte: (Redação dada pela Emenda Constitucional nº 19, de 1998) I - os cargos, empregos e funções públicas são acessíveis aos brasileiros que preencham os requisitos estabelecidos em lei, assim como aos estrangeiros, na forma da lei; (Redação dada pela Emenda Constitucional nº 19, de 1998) II - a investidura em cargo ou emprego público depende de aprovação prévia em concurso público de provas ou de provas e títulos, de acordo com a natureza e a complexidade do cargo ou emprego, na forma prevista em lei, ressalvadas as nomeações para cargo em comissão declarado em lei de livre nomeação e exoneração; (Redação dada pela Emenda Constitucional nº 19, de 1998) III - o prazo de validade do concurso público será de até dois anos, prorrogável uma vez, por igual período; IV - durante o prazo improrrogável previsto no edital de convocação, aquele aprovado em concurso público de provas ou de provas e títulos será convocado com prioridade sobre novos concursados para assumir cargo ou emprego, na carreira; V - as funções de confiança, exercidas exclusivamente por servidores ocupantes de cargo efetivo, e os cargos em comissão, a serem preenchidos por servidores de carreira nos casos, condições e percentuais mínimos previstos em lei, destinam-se apenas às atribuições de direção, chefia e assessoramento; (Redação dada pela Emenda Constitucional nº 19, de 1998) VI - é garantido ao servidor público civil o direito à livre associação sindical; VII - o direito de greve será exercido nos termos e nos limites definidos em lei específica; (Redação dada pela Emenda Constitucional nº 19, de 1998) VIII - a lei reservará percentual dos cargos e empregos públicos para as pessoas portadoras de deficiência e definirá os critérios de sua admissão; IX - a lei estabelecerá os casos de contratação por tempo determinado para atender a necessidade temporária de excepcional interesse público; X - a remuneração dos servidores públicos e o subsídio de que trata o § 4º do art. 39 somente poderão ser fixados ou alterados por lei específica, observada a iniciativa privativa em cada caso, assegurada revisão geral anual, sempre na mesma data e sem distinção de índices; (Redação dada pela Emenda Constitucional nº 19, de 1998) (Regulamento) XI - a remuneração e o subsídio dos ocupantes de cargos, funções e empregos públicos da administração direta, autárquica e fundacional, dos membros de qualquer dos Poderes da União, dos Estados, do Distrito Federal e dos Municípios, dos detentores de mandato eletivo e dos demais agentes políticos e os proventos, pensões ou outra espécie remuneratória, percebidos cumulativamente ou não, incluídas as vantagens pessoais ou de qualquer outra natureza, não poderão exceder o subsídio mensal, em espécie, dos Ministros do Supremo Tribunal Federal, aplicando-se como li-mite, nos Municípios, o subsídio do Prefeito, e nos Estados e no Distrito Federal, o subsídio mensal do Governador no âmbito do Poder Executivo, o subsídio dos Deputados Estaduais e Distritais no âmbito do Poder Legislativo e o sub-sídio dos Desembargadores do Tribunal de Justiça, limitado a noventa inteiros e vinte e cinco centésimos por cento do subsídio mensal, em espécie, dos Ministros do Supremo Tri-bunal Federal, no âmbito do Poder Judiciário, aplicável este limite aos membros do Ministério Público, aos Procuradores e aos Defensores Públicos; (Redação dada pela Emenda Constitucional nº 41, 19.12.2003) XII - os vencimentos dos cargos do Poder Legislativo e do Poder Judiciário não poderão ser superiores aos pagos pelo Poder Executivo; XIII - é vedada a vinculação ou equiparação de quaisquer espécies remuneratórias para o efeito de remuneração de pessoal do serviço público; (Redação dada pela Emenda Constitucional nº 19, de 1998) XIV - os acréscimos pecuniários percebidos por servidor público não serão computados nem acumulados para fins de concessão de acréscimos ulteriores; (Redação dada pela Emenda Constitucional nº 19, de 1998) XV - o subsídio e os vencimentos dos ocupantes de cargos e empregos públicos são irredutíveis, ressalvado o disposto nos incisos XI e XIV deste artigo e nos arts. 39, § 4º, 150, II, 153, III, e 153, § 2º, I; (Redação dada pela Emenda Constitucional nº 19, de 1998) XVI - é vedada a acumulação remunerada de cargos públicos, exceto, quando houver compatibilidade de horários, observado em qualquer caso o disposto no inciso XI. (Redação dada pela Emenda Constitucional nº 19, de 1998) a) a de dois cargos de professor; (Incluída pela Emenda Constitucional nº 19, de 1998) b) a de um cargo de professor com outro técnico ou científico; (Incluída pela Emenda Constitucional nº 19, de 1998) c) a de dois cargos privativos de médico; (Incluída pela Emenda Constitucional nº 19, de 1998) c) a de dois cargos ou empregos privativos de profissionais de saúde, com profissões regulamentadas; (Redação dada pela Emenda Constitucional nº 34, de 2001) XVII - a proibição de acumular estende-se a empregos e funções e abrange autarquias, fundações, empresas públicas, sociedades de economia mista, suas subsidiárias, e sociedades controladas, direta ou indiretamente, pelo poder público; (Redação dada pela Emenda Constitucional nº 19, de 1998) XVIII - a administração fazendária e seus servidores fiscais terão, dentro de suas áreas de competência e jurisdição, precedência sobre os demais setores administrativos, na forma da lei; XIX - somente por lei específica poderá ser criada autarquia e autorizada a instituição de empresa pública, de sociedade de economia mista e de fundação, cabendo à lei complementar, neste último caso, definir as áreas de sua atuação; (Redação dada pela Emenda Constitucional nº 19, de 1998) XX - depende de autorização legislativa, em cada caso, a criação de subsidiárias das entidades mencionadas no inciso anterior, assim como a participação de qualquer delas em empresa privada; XXI - ressalvados os casos especificados na legislação, as obras, serviços, compras e alienações serão contratados mediante processo de licitação pública que assegure igualdade de condições a todos os concorrentes, com cláusulas que estabeleçam obrigações de pagamento, mantidas as condições efetivas da proposta, nos termos da lei, o qual somente permitirá as exigências de qualificação técnica e econômica indispensáveis à garantia do cumprimento das obrigações. (Regulamento) XXII - as administrações tributárias da União, dos Estados, do Distrito Federal e dos Municípios, atividades essenciais ao funcionamento do Estado, exercidas por servidores de carreiras específicas, terão recursos prioritários para a realização de suas atividades e atuarão de forma integrada, inclusive com o compartilhamento de cadastros e de informações fiscais, na forma da lei ou convênio. (Incluído pela Emenda Constitucional nº 42, de 19.12.2003) ............................................................... § 4º - Os atos de improbidade administrativa importarão a suspensão dos direitos políticos, a perda da função pública, a indisponibilidade dos bens e o ressarcimento ao erário, na forma e gradação previstas em lei, sem prejuízo da ação penal cabível.",Constituição Federal,15,S,S,S,A,True,11428,DIREITO ELEITORAL,11725,Direitos Políticos,11726,Direitos Políticos - Perda dos Direitos Políticos,11726,Direitos Políticos - Perda dos Direitos Políticos,11726,Direitos Políticos - Perda dos Direitos Políticos,11726,Direitos Políticos - Perda dos Direitos Políticos
11727,Direitos Políticos - Restabelecimento dos Direitos Políticos,11725.0,3,11428/11725/11727,DIREITO ELEITORAL > Direitos Políticos > Direitos Políticos - Restabelecimento dos Direitos Políticos,"Dar-se-á quando cessadas as causas de perda/suspensão dos direitos políticos insertas no art. 15 da Constituição Federal. CF/88: ""Art. 15. É vedada a cassação de direitos políticos, cuja perda ou suspensão só se dará nos casos de: I - cancelamento da naturalização por sentença transitada em julgado; II - incapacidade civil absoluta; III - condenação criminal transitada em julgado, enquanto durarem seus efeitos; IV - recusa de cumprir obrigação a todos imposta ou prestação alternativa, nos termos do art. 5º, VIII; V - improbidade administrativa, nos termos do art. 37, § 4º. OBSERVAÇÃO: Art. 37. A administração pública direta e indireta de qualquer dos Poderes da União, dos Estados, do Distrito Federal e dos Municípios obedecerá aos princípios de legalidade, impessoalidade, moralidade, publicidade e eficiência e, também, ao seguinte: (Redação dada pela Emenda Constitucional nº 19, de 1998) I - os cargos, empregos e funções públicas são acessíveis aos brasileiros que preencham os requisitos estabelecidos em lei, assim como aos estrangeiros, na forma da lei; (Redação dada pela Emenda Constitucional nº 19, de 1998) II - a investidura em cargo ou emprego público depende de aprovação prévia em concurso público de provas ou de provas e títulos, de acordo com a natureza e a complexidade do cargo ou emprego, na forma prevista em lei, ressalvadas as nomeações para cargo em comissão declarado em lei de livre nomeação e exoneração; (Redação dada pela Emenda Constitucional nº 19, de 1998) III - o prazo de validade do concurso público será de até dois anos, prorrogável uma vez, por igual período; IV - durante o prazo improrrogável previsto no edital de convocação, aquele aprovado em concurso público de provas ou de provas e títulos será convocado com prioridade sobre novos concursados para assumir cargo ou emprego, na carreira; V - as funções de confiança, exercidas exclusivamente por servidores ocupantes de cargo efetivo, e os cargos em comissão, a serem preenchidos por servidores de carreira nos casos, condições e percentuais mínimos previstos em lei, destinam-se apenas às atribuições de direção, chefia e assessoramento; (Redação dada pela Emenda Constitucional nº 19, de 1998) VI - é garantido ao servidor público civil o direito à livre associação sindical; VII - o direito de greve será exercido nos termos e nos limites definidos em lei específica; (Redação dada pela Emenda Constitucional nº 19, de 1998) VIII - a lei reservará percentual dos cargos e empregos públicos para as pessoas portadoras de deficiência e definirá os critérios de sua admissão; IX - a lei estabelecerá os casos de contratação por tempo determinado para atender a necessidade temporária de excepcional interesse público; X - a remuneração dos servidores públicos e o subsídio de que trata o § 4º do art. 39 somente poderão ser fixados ou alterados por lei específica, observada a iniciativa privativa em cada caso, assegurada revisão geral anual, sempre na mesma data e sem distinção de índices; (Redação dada pela Emenda Constitucional nº 19, de 1998) (Regulamento) XI - a remuneração e o subsídio dos ocupantes de cargos, funções e empregos públicos da administração direta, autárquica e fundacional, dos membros de qualquer dos Poderes da União, dos Estados, do Distrito Federal e dos Municípios, dos detentores de mandato eletivo e dos demais agentes políticos e os proventos, pensões ou outra espécie remuneratória, percebidos cumulativamente ou não, incluídas as vantagens pessoais ou de qualquer outra natureza, não poderão exceder o subsídio mensal, em espécie, dos Ministros do Supremo Tribunal Federal, aplicando-se como li-mite, nos Municípios, o subsídio do Prefeito, e nos Estados e no Distrito Federal, o subsídio mensal do Governador no âmbito do Poder Executivo, o subsídio dos Deputados Estaduais e Distritais no âmbito do Poder Legislativo e o sub-sídio dos Desembargadores do Tribunal de Justiça, limitado a noventa inteiros e vinte e cinco centésimos por cento do subsídio mensal, em espécie, dos Ministros do Supremo Tri-bunal Federal, no âmbito do Poder Judiciário, aplicável este limite aos membros do Ministério Público, aos Procuradores e aos Defensores Públicos; (Redação dada pela Emenda Constitucional nº 41, 19.12.2003) XII - os vencimentos dos cargos do Poder Legislativo e do Poder Judiciário não poderão ser superiores aos pagos pelo Poder Executivo; XIII - é vedada a vinculação ou equiparação de quaisquer espécies remuneratórias para o efeito de remuneração de pessoal do serviço público; (Redação dada pela Emenda Constitucional nº 19, de 1998) XIV - os acréscimos pecuniários percebidos por servidor público não serão computados nem acumulados para fins de concessão de acréscimos ulteriores; (Redação dada pela Emenda Constitucional nº 19, de 1998) XV - o subsídio e os vencimentos dos ocupantes de cargos e empregos públicos são irredutíveis, ressalvado o disposto nos incisos XI e XIV deste artigo e nos arts. 39, § 4º, 150, II, 153, III, e 153, § 2º, I; (Redação dada pela Emenda Constitucional nº 19, de 1998) XVI - é vedada a acumulação remunerada de cargos públicos, exceto, quando houver compatibilidade de horários, observado em qualquer caso o disposto no inciso XI. (Redação dada pela Emenda Constitucional nº 19, de 1998) a) a de dois cargos de professor; (Incluída pela Emenda Constitucional nº 19, de 1998) b) a de um cargo de professor com outro técnico ou científico; (Incluída pela Emenda Constitucional nº 19, de 1998) c) a de dois cargos privativos de médico; (Incluída pela Emenda Constitucional nº 19, de 1998) c) a de dois cargos ou empregos privativos de profissionais de saúde, com profissões regulamentadas; (Redação dada pela Emenda Constitucional nº 34, de 2001) XVII - a proibição de acumular estende-se a empregos e funções e abrange autarquias, fundações, empresas públicas, sociedades de economia mista, suas subsidiárias, e sociedades controladas, direta ou indiretamente, pelo poder público; (Redação dada pela Emenda Constitucional nº 19, de 1998) XVIII - a administração fazendária e seus servidores fiscais terão, dentro de suas áreas de competência e jurisdição, precedência sobre os demais setores administrativos, na forma da lei; XIX - somente por lei específica poderá ser criada autarquia e autorizada a instituição de empresa pública, de sociedade de economia mista e de fundação, cabendo à lei complementar, neste último caso, definir as áreas de sua atuação; (Redação dada pela Emenda Constitucional nº 19, de 1998) XX - depende de autorização legislativa, em cada caso, a criação de subsidiárias das entidades mencionadas no inciso anterior, assim como a participação de qualquer delas em empresa privada; XXI - ressalvados os casos especificados na legislação, as obras, serviços, compras e alienações serão contratados mediante processo de licitação pública que assegure igualdade de condições a todos os concorrentes, com cláusulas que estabeleçam obrigações de pagamento, mantidas as condições efetivas da proposta, nos termos da lei, o qual somente permitirá as exigências de qualificação técnica e econômica indispensáveis à garantia do cumprimento das obrigações. (Regulamento) XXII - as administrações tributárias da União, dos Estados, do Distrito Federal e dos Municípios, atividades essenciais ao funcionamento do Estado, exercidas por servidores de carreiras específicas, terão recursos prioritários para a realização de suas atividades e atuarão de forma integrada, inclusive com o compartilhamento de cadastros e de informações fiscais, na forma da lei ou convênio. (Incluído pela Emenda Constitucional nº 42, de 19.12.2003) ............................................................... § 4º - Os atos de improbidade administrativa importarão a suspensão dos direitos políticos, a perda da função pública, a indisponibilidade dos bens e o ressarcimento ao erário, na forma e gradação previstas em lei, sem prejuízo da ação penal cabível.""",Constituição Federal,15 - a contrario sensu,S,S,S,A,True,11428,DIREITO ELEITORAL,11725,Direitos Políticos,11727,Direitos Políticos - Restabelecimento dos Direitos Políticos,11727,Direitos Políticos - Restabelecimento dos Direitos Políticos,11727,Direitos Políticos - Restabelecimento dos Direitos Políticos,11727,Direitos Políticos - Restabelecimento dos Direitos Políticos
11728,Direitos Políticos - Suspensão de Direitos Políticos,11725.0,3,11428/11725/11728,DIREITO ELEITORAL > Direitos Políticos > Direitos Políticos - Suspensão de Direitos Políticos,"Art. 15. É vedada a cassação de direitos políticos, cuja perda ou suspensão só se dará nos casos de: I - cancelamento da naturalização por sentença transitada em julgado; II - incapacidade civil absoluta; III - condenação criminal transitada em julgado, enquanto durarem seus efeitos; IV - recusa de cumprir obrigação a todos imposta ou prestação alternativa, nos termos do art. 5º, VIII; V - improbidade administrativa, nos termos do art. 37, § 4º. OBSERVAÇÃO: Art. 37. A administração pública direta e indireta de qualquer dos Poderes da União, dos Estados, do Distrito Federal e dos Municípios obedecerá aos princípios de legalidade, impessoalidade, moralidade, publicidade e eficiência e, também, ao seguinte: (Redação dada pela Emenda Constitucional nº 19, de 1998) I - os cargos, empregos e funções públicas são acessíveis aos brasileiros que preencham os requisitos estabelecidos em lei, assim como aos estrangeiros, na forma da lei; (Redação dada pela Emenda Constitucional nº 19, de 1998) II - a investidura em cargo ou emprego público depende de aprovação prévia em concurso público de provas ou de provas e títulos, de acordo com a natureza e a complexidade do cargo ou emprego, na forma prevista em lei, ressalvadas as nomeações para cargo em comissão declarado em lei de livre nomeação e exoneração; (Redação dada pela Emenda Constitucional nº 19, de 1998) III - o prazo de validade do concurso público será de até dois anos, prorrogável uma vez, por igual período; IV - durante o prazo improrrogável previsto no edital de convocação, aquele aprovado em concurso público de provas ou de provas e títulos será convocado com prioridade sobre novos concursados para assumir cargo ou emprego, na carreira; V - as funções de confiança, exercidas exclusivamente por servidores ocupantes de cargo efetivo, e os cargos em comissão, a serem preenchidos por servidores de carreira nos casos, condições e percentuais mínimos previstos em lei, destinam-se apenas às atribuições de direção, chefia e assessoramento; (Redação dada pela Emenda Constitucional nº 19, de 1998) VI - é garantido ao servidor público civil o direito à livre associação sindical; VII - o direito de greve será exercido nos termos e nos limites definidos em lei específica; (Redação dada pela Emenda Constitucional nº 19, de 1998) VIII - a lei reservará percentual dos cargos e empregos públicos para as pessoas portadoras de deficiência e definirá os critérios de sua admissão; IX - a lei estabelecerá os casos de contratação por tempo determinado para atender a necessidade temporária de excepcional interesse público; X - a remuneração dos servidores públicos e o subsídio de que trata o § 4º do art. 39 somente poderão ser fixados ou alterados por lei específica, observada a iniciativa privativa em cada caso, assegurada revisão geral anual, sempre na mesma data e sem distinção de índices; (Redação dada pela Emenda Constitucional nº 19, de 1998) (Regulamento) XI - a remuneração e o subsídio dos ocupantes de cargos, funções e empregos públicos da administração direta, autárquica e fundacional, dos membros de qualquer dos Poderes da União, dos Estados, do Distrito Federal e dos Municípios, dos detentores de mandato eletivo e dos demais agentes políticos e os proventos, pensões ou outra espécie remuneratória, percebidos cumulativamente ou não, incluídas as vantagens pessoais ou de qualquer outra natureza, não poderão exceder o subsídio mensal, em espécie, dos Ministros do Supremo Tribunal Federal, aplicando-se como li-mite, nos Municípios, o subsídio do Prefeito, e nos Estados e no Distrito Federal, o subsídio mensal do Governador no âmbito do Poder Executivo, o subsídio dos Deputados Estaduais e Distritais no âmbito do Poder Legislativo e o sub-sídio dos Desembargadores do Tribunal de Justiça, limitado a noventa inteiros e vinte e cinco centésimos por cento do subsídio mensal, em espécie, dos Ministros do Supremo Tri-bunal Federal, no âmbito do Poder Judiciário, aplicável este limite aos membros do Ministério Público, aos Procuradores e aos Defensores Públicos; (Redação dada pela Emenda Constitucional nº 41, 19.12.2003) XII - os vencimentos dos cargos do Poder Legislativo e do Poder Judiciário não poderão ser superiores aos pagos pelo Poder Executivo; XIII - é vedada a vinculação ou equiparação de quaisquer espécies remuneratórias para o efeito de remuneração de pessoal do serviço público; (Redação dada pela Emenda Constitucional nº 19, de 1998) XIV - os acréscimos pecuniários percebidos por servidor público não serão computados nem acumulados para fins de concessão de acréscimos ulteriores; (Redação dada pela Emenda Constitucional nº 19, de 1998) XV - o subsídio e os vencimentos dos ocupantes de cargos e empregos públicos são irredutíveis, ressalvado o disposto nos incisos XI e XIV deste artigo e nos arts. 39, § 4º, 150, II, 153, III, e 153, § 2º, I; (Redação dada pela Emenda Constitucional nº 19, de 1998) XVI - é vedada a acumulação remunerada de cargos públicos, exceto, quando houver compatibilidade de horários, observado em qualquer caso o disposto no inciso XI. (Redação dada pela Emenda Constitucional nº 19, de 1998) a) a de dois cargos de professor; (Incluída pela Emenda Constitucional nº 19, de 1998) b) a de um cargo de professor com outro técnico ou científico; (Incluída pela Emenda Constitucional nº 19, de 1998) c) a de dois cargos privativos de médico; (Incluída pela Emenda Constitucional nº 19, de 1998) c) a de dois cargos ou empregos privativos de profissionais de saúde, com profissões regulamentadas; (Redação dada pela Emenda Constitucional nº 34, de 2001) XVII - a proibição de acumular estende-se a empregos e funções e abrange autarquias, fundações, empresas públicas, sociedades de economia mista, suas subsidiárias, e sociedades controladas, direta ou indiretamente, pelo poder público; (Redação dada pela Emenda Constitucional nº 19, de 1998) XVIII - a administração fazendária e seus servidores fiscais terão, dentro de suas áreas de competência e jurisdição, precedência sobre os demais setores administrativos, na forma da lei; XIX - somente por lei específica poderá ser criada autarquia e autorizada a instituição de empresa pública, de sociedade de economia mista e de fundação, cabendo à lei complementar, neste último caso, definir as áreas de sua atuação; (Redação dada pela Emenda Constitucional nº 19, de 1998) XX - depende de autorização legislativa, em cada caso, a criação de subsidiárias das entidades mencionadas no inciso anterior, assim como a participação de qualquer delas em empresa privada; XXI - ressalvados os casos especificados na legislação, as obras, serviços, compras e alienações serão contratados mediante processo de licitação pública que assegure igualdade de condições a todos os concorrentes, com cláusulas que estabeleçam obrigações de pagamento, mantidas as condições efetivas da proposta, nos termos da lei, o qual somente permitirá as exigências de qualificação técnica e econômica indispensáveis à garantia do cumprimento das obrigações. (Regulamento) XXII - as administrações tributárias da União, dos Estados, do Distrito Federal e dos Municípios, atividades essenciais ao funcionamento do Estado, exercidas por servidores de carreiras específicas, terão recursos prioritários para a realização de suas atividades e atuarão de forma integrada, inclusive com o compartilhamento de cadastros e de informações fiscais, na forma da lei ou convênio. (Incluído pela Emenda Constitucional nº 42, de 19.12.2003) ............................................................... § 4º - Os atos de improbidade administrativa importarão a suspensão dos direitos políticos, a perda da função pública, a indisponibilidade dos bens e o ressarcimento ao erário, na forma e gradação previstas em lei, sem prejuízo da ação penal cabível.",Constituição Federal,15,S,S,S,A,True,11428,DIREITO ELEITORAL,11725,Direitos Políticos,11728,Direitos Políticos - Suspensão de Direitos Políticos,11728,Direitos Políticos - Suspensão de Direitos Políticos,11728,Direitos Políticos - Suspensão de Direitos Políticos,11728,Direitos Políticos - Suspensão de Direitos Políticos
11730,Execução - De Astreintes,11729.0,3,11428/11729/11730,DIREITO ELEITORAL > Execução > Execução - De Astreintes,"Art. 14. São deveres das partes e de todos aqueles que de qualquer forma participam do processo: ............................................................... V - cumprir com exatidão os provimentos mandamentais e não criar embaraços à efetivação de provimentos judiciais, de natureza antecipatória ou final. Parágrafo único. Ressalvados os advogados que se sujeitam exclusivamente aos estatutos da OAB, a violação do disposto no inciso V deste artigo constitui ato atentatório ao exercício da jurisdição, podendo o juiz, sem prejuízo das sanções criminais, civis e processuais cabíveis, aplicar ao responsável multa em montante a ser fixado de acordo com a gravidade da conduta e não superior a vinte por cento do valor da causa; não sendo paga no prazo estabelecido, contado do trânsito em julgado da decisão final da causa, a multa será inscrita sempre como dívida ativa da União ou do Estado",Código de Processo Civil,"14, V e parágrafo único",S,S,S,A,True,11428,DIREITO ELEITORAL,11729,Execução,11730,Execução - De Astreintes,11730,Execução - De Astreintes,11730,Execução - De Astreintes,11730,Execução - De Astreintes
11731,Execução - De Multa Eleitoral,11729.0,3,11428/11729/11731,DIREITO ELEITORAL > Execução > Execução - De Multa Eleitoral,"Art. 367 A imposição e a cobrança de qualquer multa, salvo no caso das condenações criminais, obedecerão às seguintes normas: ............................................................... IV - A cobrança judicial da dívida será feita por ação executiva na forma prevista para a cobrança da dívida ativa da Fazenda Pública, correndo a ação perante os juízos eleitorais;",Código Eleitoral,"367, IV",S,S,S,A,True,11428,DIREITO ELEITORAL,11729,Execução,11731,Execução - De Multa Eleitoral,11731,Execução - De Multa Eleitoral,11731,Execução - De Multa Eleitoral,11731,Execução - De Multa Eleitoral
11732,Execução de Julgado,11729.0,3,11428/11729/11732,DIREITO ELEITORAL > Execução > Execução de Julgado,"Art. 475-I. O cumprimento da sentença far-se-á conforme os arts. 461 e 461-A desta Lei ou, tratando-se de obrigação por quantia certa, por execução, nos termos dos demais artigos deste Capítulo. (Incluído pela Lei nº 11.232, de 2005); § 1o É definitiva a execução da sentença transitada em julgado e provisória quando se tratar de sentença impugnada mediante recurso ao qual não foi atribuído efeito suspensivo. (Incluído pela Lei nº 11.232, de 2005) OBSERVAÇÃO Art. 287. Se o autor pedir que seja imposta ao réu a abstenção da prática de algum ato, tolerar alguma atividade, prestar ato ou entregar coisa, poderá requerer cominação de pena pecuniária para o caso de descumprimento da sentença ou da decisão antecipatória de tutela (arts. 461, § 4o, e 461-A).(Redação dada pela Lei nº 10.444, de 7.5.2002) ............................................................... Art. 461. Na ação que tenha por objeto o cumprimento de obrigação de fazer ou não fazer, o juiz concederá a tutela específica da obrigação ou, se procedente o pedido, determinará providências que assegurem o resultado prático equivalente ao do adimplemento. (Redação dada pela Lei nº 8.952, de 13.12.1994) § 1o A obrigação somente se converterá em perdas e danos se o autor o requerer ou se impossível a tutela específica ou a obtenção do resultado prático correspondente. (Incluído pela Lei nº 8.952, de 13.12.1994) § 2o A indenização por perdas e danos dar-se-á sem prejuízo da multa (art. 287). (Incluído pela Lei nº 8.952, de 13.12.1994) § 3o Sendo relevante o fundamento da demanda e havendo justificado receio de ineficácia do provimento final, é lícito ao juiz conceder a tutela liminarmente ou mediante justificação prévia, citado o réu. A medida liminar poderá ser revogada ou modificada, a qualquer tempo, em decisão fundamentada. (Incluído pela Lei nº 8.952, de 13.12.1994) § 4o O juiz poderá, na hipótese do parágrafo anterior ou na sentença, impor multa diária ao réu, independentemente de pedido do autor, se for suficiente ou compatível com a obrigação, fixando-lhe prazo razoável para o cumprimento do preceito. (Incluído pela Lei nº 8.952, de 13.12.1994) § 5o Para a efetivação da tutela específica ou a obtenção do resultado prático equivalente, poderá o juiz, de ofício ou a requerimento, determinar as medidas necessárias, tais como a imposição de multa por tempo de atraso, busca e apreensão, remoção de pessoas e coisas, desfazimento de obras e impedimento de atividade nociva, se necessário com requisição de força policial. (Redação dada pela Lei nº 10.444, de 7.5.2002) § 6o O juiz poderá, de ofício, modificar o valor ou a periodicidade da multa, caso verifique que se tornou insuficiente ou excessiva. (Incluído pela Lei nº 10.444, de 7.5.2002) Art. 461-A. Na ação que tenha por objeto a entrega de coisa, o juiz, ao conceder a tutela específica, fixará o prazo para o cumprimento da obrigação. (Incluído pela Lei nº 10.444, de 7.5.2002) § 1o Tratando-se de entrega de coisa determinada pelo gênero e quantidade, o credor a individualizará na petição inicial, se lhe couber a escolha; cabendo ao devedor escolher, este a entregará individualizada, no prazo fixado pelo juiz. (Incluído pela Lei nº 10.444, de 7.5.2002) § 2o Não cumprida a obrigação no prazo estabelecido, expedir-se-á em favor do credor mandado de busca e apreensão ou de imissão na posse, conforme se tratar de coisa móvel ou imóvel. (Incluído pela Lei nº 10.444, de 7.5.2002) § 3o Aplica-se à ação prevista neste artigo o disposto nos §§ 1o a 6o do art. 461.(Incluído pela Lei nº 10.444, de 7.5.2002)",Código de Processo Civil,"475-I, §1°",S,S,S,A,True,11428,DIREITO ELEITORAL,11729,Execução,11732,Execução de Julgado,11732,Execução de Julgado,11732,Execução de Julgado,11732,Execução de Julgado
12366,Execução - Cumprimento de Sentença,11729.0,3,11428/11729/12366,DIREITO ELEITORAL > Execução > Execução - Cumprimento de Sentença,,,,S,S,S,A,True,11428,DIREITO ELEITORAL,11729,Execução,12366,Execução - Cumprimento de Sentença,12366,Execução - Cumprimento de Sentença,12366,Execução - Cumprimento de Sentença,12366,Execução - Cumprimento de Sentença
11734,Cautelar Inominada,11733.0,3,11428/11733/11734,DIREITO ELEITORAL > Garantias Processuais > Cautelar Inominada,,,,S,S,S,A,True,11428,DIREITO ELEITORAL,11733,Garantias Processuais,11734,Cautelar Inominada,11734,Cautelar Inominada,11734,Cautelar Inominada,11734,Cautelar Inominada
11739,Exceção,11733.0,3,11428/11733/11739,DIREITO ELEITORAL > Garantias Processuais > Exceção,,,,S,S,S,A,False,11428,DIREITO ELEITORAL,11733,Garantias Processuais,11739,Exceção,11739,Exceção,11739,Exceção,11739,Exceção
11748,Alteração Estatutária de Partido Político em Matéria Administrativa,11747.0,3,11428/11747/11748,DIREITO ELEITORAL > Partidos Políticos > Alteração Estatutária de Partido Político em Matéria Administrativa,"Art. 10. As alterações programáticas ou estatutárias, após registradas no Ofício Civil competente, devem ser encaminhadas, para o mesmo fim, ao Tribunal Superior Eleitoral.",Lei N. 9.096/95,"10, caput",S,S,S,A,True,11428,DIREITO ELEITORAL,11747,Partidos Políticos,11748,Alteração Estatutária de Partido Político em Matéria Administrativa,11748,Alteração Estatutária de Partido Político em Matéria Administrativa,11748,Alteração Estatutária de Partido Político em Matéria Administrativa,11748,Alteração Estatutária de Partido Político em Matéria Administrativa
11749,Coligação Partidária,11747.0,3,11428/11747/11749,DIREITO ELEITORAL > Partidos Políticos > Coligação Partidária,,,,S,S,S,A,False,11428,DIREITO ELEITORAL,11747,Partidos Políticos,11749,Coligação Partidária,11749,Coligação Partidária,11749,Coligação Partidária,11749,Coligação Partidária
11753,Convenção Partidária,11747.0,3,11428/11747/11753,DIREITO ELEITORAL > Partidos Políticos > Convenção Partidária,"Art. 8º A escolha dos candidatos pelos partidos e a deliberação sobre coligações deverão ser feitas no período de 10 a 30 de junho do ano em que se realizarem as eleições, lavrando-se a respectiva ata em livro aberto e rubricado pela Justiça Eleitoral.",Lei N. 9.504/97,8°,S,S,S,A,True,11428,DIREITO ELEITORAL,11747,Partidos Políticos,11753,Convenção Partidária,11753,Convenção Partidária,11753,Convenção Partidária,11753,Convenção Partidária
11754,Filiação/Desfiliação,11747.0,3,11428/11747/11754,DIREITO ELEITORAL > Partidos Políticos > Filiação/Desfiliação,,,,S,S,S,A,False,11428,DIREITO ELEITORAL,11747,Partidos Políticos,11754,Filiação/Desfiliação,11754,Filiação/Desfiliação,11754,Filiação/Desfiliação,11754,Filiação/Desfiliação
11763,Incorporação de Partidos Políticos,11747.0,3,11428/11747/11763,DIREITO ELEITORAL > Partidos Políticos > Incorporação de Partidos Políticos,"Art. 29. Por decisão de seus órgãos nacionais de deliberação, dois ou mais partidos poderão fundir-se num só ou incorporar-se um ao outro. ............................................................... § 2º No caso de incorporação, observada a lei civil, caberá ao partido incorporando deliberar por maioria absoluta de votos, em seu órgão nacional de deliberação, sobre a adoção do estatuto e do programa de outra agremiação. § 3º Adotados o estatuto e o programa do partido incorporador, realizar-se-á, em reunião conjunta dos órgãos nacionais de deliberação, a eleição do novo órgão de direção nacional. ............................................................... § 6º Havendo fusão ou incorporação de partidos, os votos obtidos por eles, na última eleição geral para a Câmara dos Deputados, devem ser somados para efeito do funcionamento parlamentar, nos termos do art. 13, da distribuição dos recursos do Fundo Partidário e do acesso gratuito ao rádio e à televisão. § 7º O novo estatuto ou instrumento de incorporação deve ser levado a registro e averbado, respectivamente, no Ofício Civil e no Tribunal Superior Eleitoral. OBSERVAÇÃO Art. 13. Tem direito a funcionamento parlamentar, em todas as Casas Legislativas para as quais tenha elegido representante, o partido que, em cada eleição para a Câmara dos Deputados obtenha o apoio de, no mínimo, cinco por cento dos votos apurados, não computados os brancos e os nulos, distribuídos em, pelo menos, um terço dos Estados, com um mínimo de dois por cento do total de cada um deles. (Vide Adins nºs 1.351-3 e 1.354-8)",Lei N. 9.096/95,"29, §§ 2º, 3º, 6° e 7°",N,N,S,A,True,11428,DIREITO ELEITORAL,11747,Partidos Políticos,11763,Incorporação de Partidos Políticos,11763,Incorporação de Partidos Políticos,11763,Incorporação de Partidos Políticos,11763,Incorporação de Partidos Políticos
11764,Órgão de Direção Partidária,11747.0,3,11428/11747/11764,DIREITO ELEITORAL > Partidos Políticos > Órgão de Direção Partidária,,,,S,S,S,A,True,11428,DIREITO ELEITORAL,11747,Partidos Políticos,11764,Órgão de Direção Partidária,11764,Órgão de Direção Partidária,11764,Órgão de Direção Partidária,11764,Órgão de Direção Partidária
11769,Partido Político - Comissão Provisória,11747.0,3,11428/11747/11769,DIREITO ELEITORAL > Partidos Políticos > Partido Político - Comissão Provisória,"Art. 3º É assegurada, ao partido político, autonomia para definir sua estrutura interna, organização e funcionamento.",Lei N. 9.096/95,3°,S,S,S,A,True,11428,DIREITO ELEITORAL,11747,Partidos Políticos,11769,Partido Político - Comissão Provisória,11769,Partido Político - Comissão Provisória,11769,Partido Político - Comissão Provisória,11769,Partido Político - Comissão Provisória
11770,Propaganda Política,11747.0,3,11428/11747/11770,DIREITO ELEITORAL > Partidos Políticos > Propaganda Política,,,,S,S,S,A,True,11428,DIREITO ELEITORAL,11747,Partidos Políticos,11770,Propaganda Política,11770,Propaganda Política,11770,Propaganda Política,11770,Propaganda Política
12048,Prestação de Contas - De Exercício Financeiro,11747.0,3,11428/11747/12048,DIREITO ELEITORAL > Partidos Políticos > Prestação de Contas - De Exercício Financeiro,,,,S,S,S,A,True,11428,DIREITO ELEITORAL,11747,Partidos Políticos,12048,Prestação de Contas - De Exercício Financeiro,12048,Prestação de Contas - De Exercício Financeiro,12048,Prestação de Contas - De Exercício Financeiro,12048,Prestação de Contas - De Exercício Financeiro
12069,Prestação de Contas - de Partido Político,11747.0,3,11428/11747/12069,DIREITO ELEITORAL > Partidos Políticos > Prestação de Contas - de Partido Político,"Art. 30. A Justiça Eleitoral verificará a regularidade das contas de campanha, decidindo: ............................................................... III - pela desaprovação, quando verificadas falhas que lhes comprometam a regularidade;",,,S,S,S,A,True,11428,DIREITO ELEITORAL,11747,Partidos Políticos,12069,Prestação de Contas - de Partido Político,12069,Prestação de Contas - de Partido Político,12069,Prestação de Contas - de Partido Político,12069,Prestação de Contas - de Partido Político
12605,Revisão de Eleitorado - Depuração de Cadastro,12603.0,3,11428/12603/12605,DIREITO ELEITORAL > Revisão de Eleitorado > Revisão de Eleitorado - Depuração de Cadastro,,,,S,S,S,A,True,11428,DIREITO ELEITORAL,12603,Revisão de Eleitorado,12605,Revisão de Eleitorado - Depuração de Cadastro,12605,Revisão de Eleitorado - Depuração de Cadastro,12605,Revisão de Eleitorado - Depuração de Cadastro,12605,Revisão de Eleitorado - Depuração de Cadastro
10607,Quebra do Sigilo Bancário,10604.0,3,1209/10604/10607,DIREITO PROCESSUAL PENAL > Investigação Penal > Quebra do Sigilo Bancário,"A quebra do sigilo bancário e fiscal decorre e visa instruir procedimento investigatório civil, tributário ou policial já em andamento. CF Art. 5.º (...) XII - é inviolável o sigilo da correspondência e das comunicações telegráficas, de dados e das comunicações telefônicas, salvo, no último caso, por ordem judicial, nas hipóteses e na forma que a lei estabelecer para fins de investigação criminal ou instrução processual penal; (...) LC 105/2001",CF; LC 105/2001,"5.º, XII",S,S,S,A,True,1209,DIREITO PROCESSUAL PENAL,10604,Investigação Penal,10607,Quebra do Sigilo Bancário,10607,Quebra do Sigilo Bancário,10607,Quebra do Sigilo Bancário,10607,Quebra do Sigilo Bancário
10608,Quebra do Sigilo Fiscal,10604.0,3,1209/10604/10608,DIREITO PROCESSUAL PENAL > Investigação Penal > Quebra do Sigilo Fiscal,"A quebra do sigilo bancário e fiscal decorre e visa instruir procedimento investigatório civil, tributário ou policial já em andamento. CF Art. 5.º (...) X - são invioláveis a intimidade, a vida privada, a honra e a imagem das pessoas, assegurado o direito a indenização pelo dano material ou moral decorrente de sua violação; XII - é inviolável o sigilo da correspondência e das comunicações telegráficas, de dados e das comunicações telefônicas, salvo, no último caso, por ordem judicial, nas hipóteses e na forma que a lei estabelecer para fins de investigação criminal ou instrução processual penal; (...)",CF,"5.º, X e XII",S,S,S,A,True,1209,DIREITO PROCESSUAL PENAL,10604,Investigação Penal,10608,Quebra do Sigilo Fiscal,10608,Quebra do Sigilo Fiscal,10608,Quebra do Sigilo Fiscal,10608,Quebra do Sigilo Fiscal
10609,Quebra do Sigilo Telefônico,10604.0,3,1209/10604/10609,DIREITO PROCESSUAL PENAL > Investigação Penal > Quebra do Sigilo Telefônico,"A interceptação de comunicações telefônicas, de qualquer natureza, para prova em investigação criminal e em instrução processual penal, observará o disposto nesta Lei e dependerá de ordem do juiz competente da ação principal, sob segredo de justiça.",Lei 9.296/96,1º,S,S,S,A,True,1209,DIREITO PROCESSUAL PENAL,10604,Investigação Penal,10609,Quebra do Sigilo Telefônico,10609,Quebra do Sigilo Telefônico,10609,Quebra do Sigilo Telefônico,10609,Quebra do Sigilo Telefônico
12640,Arquivamento de Procedimento Investigatório Criminal - PIC-MP,10604.0,3,1209/10604/12640,DIREITO PROCESSUAL PENAL > Investigação Penal > Arquivamento de Procedimento Investigatório Criminal - PIC-MP,Assunto usado tanto para se solicitar o arquivamento quanto para questioná-lo.,,,S,S,S,A,True,1209,DIREITO PROCESSUAL PENAL,10604,Investigação Penal,12640,Arquivamento de Procedimento Investigatório Criminal - PIC-MP,12640,Arquivamento de Procedimento Investigatório Criminal - PIC-MP,12640,Arquivamento de Procedimento Investigatório Criminal - PIC-MP,12640,Arquivamento de Procedimento Investigatório Criminal - PIC-MP
10913,Indisponibilidade / Seqüestro de Bens,10912.0,3,1209/10912/10913,DIREITO PROCESSUAL PENAL > Medidas Assecuratórias > Indisponibilidade / Seqüestro de Bens,"Discussões sobre a validade e cabimento de medida judicial de indisponibilidade ou seqüestro de bens, determinada no curso de ação penal ou investigação penal CPP Art. 125. Caberá o seqüestro dos bens imóveis, adquiridos pelo indiciado com os proventos da infração, ainda que já tenham sido transferidos a terceiro. CPPM Bens sujeitos a seqüestro Art. 199. Estão sujeitos a seqüestro os bens adquiridos com os proventos da infração penal, quando desta haja resultado, de qualquer modo, lesão a patrimônio sob administração militar, ainda que já tenham sido transferidos a terceiros por qualquer forma de alienação, ou por abandono ou renúncia.",CPP; CPPM,125; 199 e ss,N,N,N,A,True,1209,DIREITO PROCESSUAL PENAL,10912,Medidas Assecuratórias,10913,Indisponibilidade / Seqüestro de Bens,10913,Indisponibilidade / Seqüestro de Bens,10913,Indisponibilidade / Seqüestro de Bens,10913,Indisponibilidade / Seqüestro de Bens
10914,Busca e Apreensão de Bens,10912.0,3,1209/10912/10914,DIREITO PROCESSUAL PENAL > Medidas Assecuratórias > Busca e Apreensão de Bens,Discussões sobre a validade de busca e apreensão de bens no curso de processo penal ou de investigação penal CPP Art. 240. A busca será domiciliar ou pessoal. CPPM Espécies de busca Art. 170. A busca poderá ser domiciliar ou pessoal.,CPP; CPPM,240; 170,N,N,N,A,True,1209,DIREITO PROCESSUAL PENAL,10912,Medidas Assecuratórias,10914,Busca e Apreensão de Bens,10914,Busca e Apreensão de Bens,10914,Busca e Apreensão de Bens,10914,Busca e Apreensão de Bens
11704,Habeas Corpus - Liberatório,11703.0,3,1209/11703/11704,DIREITO PROCESSUAL PENAL > Habeas Corpus > Habeas Corpus - Liberatório,"Art. 5º Todos são iguais perante a lei, sem distinção de qualquer natureza, garantindo-se aos brasileiros e aos estrangeiros residentes no País a inviolabilidade do direito à vida, à liberdade, à igualdade, à segurança e à propriedade, nos termos seguintes: ............................................................... LXVIII - conceder-se-á ""habeas-corpus"" sempre que alguém sofrer ou se achar ameaçado de sofrer violência ou coação em sua liberdade de locomoção, por ilegalidade ou abuso de poder;",Constituição Federal,"5º, LXVIII",S,S,S,A,True,1209,DIREITO PROCESSUAL PENAL,11703,Habeas Corpus,11704,Habeas Corpus - Liberatório,11704,Habeas Corpus - Liberatório,11704,Habeas Corpus - Liberatório,11704,Habeas Corpus - Liberatório
11705,Habeas Corpus - Preventivo,11703.0,3,1209/11703/11705,DIREITO PROCESSUAL PENAL > Habeas Corpus > Habeas Corpus - Preventivo,"Art. 5º Todos são iguais perante a lei, sem distinção de qualquer natureza, garantindo-se aos brasileiros e aos estrangeiros residentes no País a inviolabilidade do direito à vida, à liberdade, à igualdade, à segurança e à propriedade, nos termos seguintes: ............................................................... LXVIII - conceder-se-á ""habeas-corpus"" sempre que alguém sofrer ou se achar ameaçado de sofrer violência ou coação em sua liberdade de locomoção, por ilegalidade ou abuso de poder;",Constituição Federal,"5°, LXVIII",S,S,S,A,True,1209,DIREITO PROCESSUAL PENAL,11703,Habeas Corpus,11705,Habeas Corpus - Preventivo,11705,Habeas Corpus - Preventivo,11705,Habeas Corpus - Preventivo,11705,Habeas Corpus - Preventivo
15037,Alvará de Soltura,15033.0,3,1209/15033/15037,DIREITO PROCESSUAL PENAL > Objetos de Cartas Precatórias Criminais > Alvará de Soltura,Assunto a ser vinculado às cartas precatórias criminais cujo objeto seja alvará soltura.,DL 3689/1941 - CPP,,S,S,S,A,True,1209,DIREITO PROCESSUAL PENAL,15033,Objetos de Cartas Precatórias Criminais,15037,Alvará de Soltura,15037,Alvará de Soltura,15037,Alvará de Soltura,15037,Alvará de Soltura
15040,Busca e Apreensão,15033.0,3,1209/15033/15040,DIREITO PROCESSUAL PENAL > Objetos de Cartas Precatórias Criminais > Busca e Apreensão,Assunto a ser vinculado às cartas precatórias criminais cujo objeto seja busca e apreensão.,DL 3689 - CPP,,S,S,N,A,True,1209,DIREITO PROCESSUAL PENAL,15033,Objetos de Cartas Precatórias Criminais,15040,Busca e Apreensão,15040,Busca e Apreensão,15040,Busca e Apreensão,15040,Busca e Apreensão
15042,Interrogatório,15033.0,3,1209/15033/15042,DIREITO PROCESSUAL PENAL > Objetos de Cartas Precatórias Criminais > Interrogatório,Assunto a ser utilizado para registro de cartas precatórias cujo objeto seja interrogatório do acusado.,DL 3689/1941 - CPP,,S,S,N,A,True,1209,DIREITO PROCESSUAL PENAL,15033,Objetos de Cartas Precatórias Criminais,15042,Interrogatório,15042,Interrogatório,15042,Interrogatório,15042,Interrogatório
10630,Transação,4263.0,3,1209/4263/10630,DIREITO PROCESSUAL PENAL > Ação Penal > Transação,"Art. 76. Havendo representação ou tratando-se de crime de ação penal pública incondicionada, não sendo caso de arquivamento, o Ministério Público poderá propor a aplicação imediata de pena restritiva de direitos ou multas, a ser especificada na proposta.",9099/95,76,S,S,S,A,True,1209,DIREITO PROCESSUAL PENAL,4263,Ação Penal,10630,Transação,10630,Transação,10630,Transação,10630,Transação
4271,Suspensão,4263.0,3,1209/4263/4271,DIREITO PROCESSUAL PENAL > Ação Penal > Suspensão,,,,S,S,S,A,False,1209,DIREITO PROCESSUAL PENAL,4263,Ação Penal,4271,Suspensão,4271,Suspensão,4271,Suspensão,4271,Suspensão
12731,Transação Penal,7942.0,3,1209/7942/12731,DIREITO PROCESSUAL PENAL > Execução Penal e de Medidas Alternativas > Transação Penal,"Assunto a ser utilizado para a fiscalização do cumprimento da transação penal. Art. 76. Havendo representação ou tratando-se de crime de ação penal pública incondicionada, não sendo caso de arquivamento, o Ministério Público poderá propor a aplicação imediata de pena restritiva de direitos ou multas, a ser especificada na proposta.","Lei 9,099/1995",76,S,S,S,A,True,1209,DIREITO PROCESSUAL PENAL,7942,Execução Penal e de Medidas Alternativas,12731,Transação Penal,12731,Transação Penal,12731,Transação Penal,12731,Transação Penal
12732,Suspensão Condicional de Processo,7942.0,3,1209/7942/12732,DIREITO PROCESSUAL PENAL > Execução Penal e de Medidas Alternativas > Suspensão Condicional de Processo,"Assunto a ser utilizado para a fiscalização do cumprimento da suspensão condicional do processo. Art. 89. Nos crimes em que a pena mínima cominada for igual ou inferior a um ano, abrangidas ou não por esta Lei, o Ministério Público, ao oferecer a denúncia, poderá propor a suspensão do processo, por dois a quatro anos, desde que o acusado não esteja sendo processado ou não tenha sido condenado por outro crime, presentes os demais requisitos que autorizariam a suspensão condicional da pena (art. 77 do Código Penal).",Lei 9.099,89,S,S,S,A,True,1209,DIREITO PROCESSUAL PENAL,7942,Execução Penal e de Medidas Alternativas,12732,Suspensão Condicional de Processo,12732,Suspensão Condicional de Processo,12732,Suspensão Condicional de Processo,12732,Suspensão Condicional de Processo
7792,Pena de Multa,7942.0,3,1209/7942/7792,DIREITO PROCESSUAL PENAL > Execução Penal e de Medidas Alternativas > Pena de Multa,"A pena de multa consiste no pagamento ao fundo penitenciário da quantia fixada na sentença e calculada em dias-multa. Será, no mínimo, de 10 (dez) e, no máximo, de 360 (trezentos e sessenta) dias-multa",CP,49,S,S,S,A,True,1209,DIREITO PROCESSUAL PENAL,7942,Execução Penal e de Medidas Alternativas,7792,Pena de Multa,7792,Pena de Multa,7792,Pena de Multa,7792,Pena de Multa
10612,Tipicidade,10620.0,3,287/10620/10612,DIREITO PENAL > Parte Geral > Tipicidade,,,,S,S,S,A,False,287,DIREITO PENAL,10620,Parte Geral,10612,Tipicidade,10612,Tipicidade,10612,Tipicidade,10612,Tipicidade
10642,Efeitos da Condenação,10620.0,3,287/10620/10642,DIREITO PENAL > Parte Geral > Efeitos da Condenação,,CP,91 e 92,S,S,S,A,True,287,DIREITO PENAL,10620,Parte Geral,10642,Efeitos da Condenação,10642,Efeitos da Condenação,10642,Efeitos da Condenação,10642,Efeitos da Condenação
12334,"Promoção, constituição, financiamento ou integração de Organização Criminosa",12333.0,3,287/12333/12334,"DIREITO PENAL > Crimes previstos na Lei da Organização Criminosa > Promoção, constituição, financiamento ou integração de Organização Criminosa","Art. 2 o Promover, constituir, financiar ou integrar, pessoalmente ou por interposta pessoa, organização criminosa: Pena - reclusão, de 3 (três) a 8 (oito) anos, e multa, sem prejuízo das penas correspondentes às demais infrações penais praticadas. § 1 o Nas mesmas penas incorre quem impede ou, de qualquer forma, embaraça a investigação de infração penal que envolva organização criminosa. § 2 o As penas aumentam-se até a metade se na atuação da organização criminosa houver emprego de arma de fogo. § 3 o A pena é agravada para quem exerce o comando, individual ou coletivo, da organização criminosa, ainda que não pratique pessoalmente atos de execução. § 4 o A pena é aumentada de 1/6 (um sexto) a 2/3 (dois terços): I - se há participação de criança ou adolescente; II - se há concurso de funcionário público, valendo-se a organização criminosa dessa condição para a prática de infração penal; III - se o produto ou proveito da infração penal destinar-se, no todo ou em parte, ao exterior; IV - se a organização criminosa mantém conexão com outras organizações criminosas independentes; V - se as circunstâncias do fato evidenciarem a transnacionalidade da organização. § 5 o Se houver indícios suficientes de que o funcionário público integra organização criminosa, poderá o juiz determinar seu afastamento cautelar do cargo, emprego ou função, sem prejuízo da remuneração, quando a medida se fizer necessária à investigação ou instrução processual. § 6 o A condenação com trânsito em julgado acarretará ao funcionário público a perda do cargo, função, emprego ou mandato eletivo e a interdição para o exercício de função ou cargo público pelo prazo de 8 (oito) anos subsequentes ao cumprimento da pena. § 7 o Se houver indícios de participação de policial nos crimes de que trata esta Lei, a Corregedoria de Polícia instaurará inquérito policial e comunicará ao Ministério Público, que designará membro para acompanhar o feito até a sua conclusão.",Lei 12.850/2013,2º,S,S,S,A,True,287,DIREITO PENAL,12333,Crimes previstos na Lei da Organização Criminosa,12334,"Promoção, constituição, financiamento ou integração de Organização Criminosa",12334,"Promoção, constituição, financiamento ou integração de Organização Criminosa",12334,"Promoção, constituição, financiamento ou integração de Organização Criminosa",12334,"Promoção, constituição, financiamento ou integração de Organização Criminosa"
12335,Crimes ocorridos na investigação da prova,12333.0,3,287/12333/12335,DIREITO PENAL > Crimes previstos na Lei da Organização Criminosa > Crimes ocorridos na investigação da prova,Assuntos referentes a Seção V da Lei 12.850/2013,Lei 12.850,18 a 21,S,S,S,A,False,287,DIREITO PENAL,12333,Crimes previstos na Lei da Organização Criminosa,12335,Crimes ocorridos na investigação da prova,12335,Crimes ocorridos na investigação da prova,12335,Crimes ocorridos na investigação da prova,12335,Crimes ocorridos na investigação da prova
15153,Interrupção do Processo Eleitoral,15147.0,3,287/15147/15153,DIREITO PENAL > Crimes contra o Estado Democrático de Direito > Interrupção do Processo Eleitoral,Art. 359-N do Código Penal.,Código Penal,359-N,S,S,S,A,True,287,DIREITO PENAL,15147,Crimes contra o Estado Democrático de Direito,15153,Interrupção do Processo Eleitoral,15153,Interrupção do Processo Eleitoral,15153,Interrupção do Processo Eleitoral,15153,Interrupção do Processo Eleitoral
15154,Violência Política,15147.0,3,287/15147/15154,DIREITO PENAL > Crimes contra o Estado Democrático de Direito > Violência Política,Art. 359-P do Código Penal.,Código Penal,359-P,S,S,S,A,True,287,DIREITO PENAL,15147,Crimes contra o Estado Democrático de Direito,15154,Violência Política,15154,Violência Política,15154,Violência Política,15154,Violência Política
3370,Homicídio Simples,3369.0,3,287/3369/3370,DIREITO PENAL > Crimes contra a vida > Homicídio Simples,"Art 121. Matar alguem: Pena - reclusão, de seis a vinte anos",CP,"121, caput",S,S,S,A,True,287,DIREITO PENAL,3369,Crimes contra a vida,3370,Homicídio Simples,3370,Homicídio Simples,3370,Homicídio Simples,3370,Homicídio Simples
3386,Leve,3385.0,3,287/3385/3386,DIREITO PENAL > Lesão Corporal > Leve,"Art. 129. Ofender a integridade corporal ou a saúde de outrem: Pena - detenção, de três meses a um ano.",CP,"129, caput",S,S,S,A,True,287,DIREITO PENAL,3385,Lesão Corporal,3386,Leve,3386,Leve,3386,Leve,3386,Leve
5556,Grave,3385.0,3,287/3385/5556,DIREITO PENAL > Lesão Corporal > Grave,"Art. 129. Ofender a integridade corporal ou a saúde de outrem: § 1º Se resulta: I - Incapacidade para as ocupações habituais, por mais de trinta dias; II - perigo de vida; III - debilidade permanente de membro, sentido ou função; IV - aceleração de parto: Pena - reclusão, de um a cinco anos.",CP,"129, § 1º",S,S,S,A,True,287,DIREITO PENAL,3385,Lesão Corporal,5556,Grave,5556,Grave,5556,Grave,5556,Grave
5560,Decorrente de Violência Doméstica,3385.0,3,287/3385/5560,DIREITO PENAL > Lesão Corporal > Decorrente de Violência Doméstica,"Art. 129. Ofender a integridade corporal ou a saúde de outrem: Pena - detenção, de três meses a um ano. § 9o Se a lesão for praticada contra ascendente, descendente, irmão, cônjuge ou companheiro, ou com quem conviva ou tenha convivido, ou, ainda, prevalecendo-se o agente das relações domésticas, de coabitação ou de hospitalidade: (Redação dada pela Lei nº 11.340, de 2006) Pena - detenção, de 3 (três) meses a 3 (três) anos. (Redação dada pela Lei nº 11.340, de 2006) § 11. Na hipótese do § 9o deste artigo, a pena será aumentada de um terço se o crime for cometido contra pessoa portadora de deficiência. (Incluído pela Lei nº 11.340, de 2006)",CP,"129, § 9º e 11",S,S,S,A,False,287,DIREITO PENAL,3385,Lesão Corporal,5560,Decorrente de Violência Doméstica,5560,Decorrente de Violência Doméstica,5560,Decorrente de Violência Doméstica,5560,Decorrente de Violência Doméstica
3389,Perigo de contágio de moléstia grave,3388.0,3,287/3388/3389,DIREITO PENAL > Periclitação da Vida e da Saúde > Perigo de contágio de moléstia grave,"Art. 131 - Praticar, com o fim de transmitir a outrem moléstia grave de que está contaminado, ato capaz de produzir o contágio: Pena - reclusão, de um a quatro anos, e multa.",CP,131,S,S,S,A,True,287,DIREITO PENAL,3388,Periclitação da Vida e da Saúde,3389,Perigo de contágio de moléstia grave,3389,Perigo de contágio de moléstia grave,3389,Perigo de contágio de moléstia grave,3389,Perigo de contágio de moléstia grave
3391,Abandono de incapaz,3388.0,3,287/3388/3391,DIREITO PENAL > Periclitação da Vida e da Saúde > Abandono de incapaz,"Abandono de incapaz Art. 133 - Abandonar pessoa que está sob seu cuidado, guarda, vigilância ou autoridade, e, por qualquer motivo, incapaz de defender-se dos riscos resultantes do abandono: Pena - detenção, de seis meses a três anos. § 1º - Se do abandono resulta lesão corporal de natureza grave: Pena - reclusão, de um a cinco anos. § 2º - Se resulta a morte: Pena - reclusão, de quatro a doze anos. Aumento de pena § 3º - As penas cominadas neste artigo aumentam-se de um terço: I - se o abandono ocorre em lugar ermo; II - se o agente é ascendente ou descendente, cônjuge, irmão, tutor ou curador da vítima. III ? se a vítima é maior de 60 (sessenta) anos (Incluído pela Lei nº 10.741, de 2003)",CP,133,S,S,S,A,True,287,DIREITO PENAL,3388,Periclitação da Vida e da Saúde,3391,Abandono de incapaz,3391,Abandono de incapaz,3391,Abandono de incapaz,3391,Abandono de incapaz
5911,Perigo de Contágio Venéreo,3388.0,3,287/3388/5911,DIREITO PENAL > Periclitação da Vida e da Saúde > Perigo de Contágio Venéreo,"Art. 130 - Expor alguém, por meio de relações sexuais ou qualquer ato libidinoso, a contágio de moléstia venérea, de que sabe ou deve saber que está contaminado: Pena - detenção, de três meses a um ano, ou multa. § 1º - Se é intenção do agente transmitir a moléstia: Pena - reclusão, de um a quatro anos, e multa. § 2º - Somente se procede mediante representação.",CP,130,S,S,S,A,True,287,DIREITO PENAL,3388,Periclitação da Vida e da Saúde,5911,Perigo de Contágio Venéreo,5911,Perigo de Contágio Venéreo,5911,Perigo de Contágio Venéreo,5911,Perigo de Contágio Venéreo
3395,Calúnia,3394.0,3,287/3394/3395,DIREITO PENAL > Crimes contra a Honra > Calúnia,"Calúnia Art. 138 - Caluniar alguém, imputando-lhe falsamente fato definido como crime: Pena - detenção, de seis meses a dois anos, e multa. § 1º - Na mesma pena incorre quem, sabendo falsa a imputação, a propala ou divulga. § 2º - É punível a calúnia contra os mortos. Exceção da verdade § 3º - Admite-se a prova da verdade, salvo: I - se, constituindo o fato imputado crime de ação privada, o ofendido não foi condenado por sentença irrecorrível; II - se o fato é imputado a qualquer das pessoas indicadas no nº I do art. 141; III - se do crime imputado, embora de ação pública, o ofendido foi absolvido por sentença irrecorrível.",CP,138,S,S,S,A,True,287,DIREITO PENAL,3394,Crimes contra a Honra,3395,Calúnia,3395,Calúnia,3395,Calúnia,3395,Calúnia
3396,Difamação,3394.0,3,287/3394/3396,DIREITO PENAL > Crimes contra a Honra > Difamação,"Difamação Art. 139 - Difamar alguém, imputando-lhe fato ofensivo à sua reputação: Pena - detenção, de três meses a um ano, e multa. Exceção da verdade Parágrafo único - A exceção da verdade somente se admite se o ofendido é funcionário público e a ofensa é relativa ao exercício de suas funções.",CP,139,S,S,S,A,True,287,DIREITO PENAL,3394,Crimes contra a Honra,3396,Difamação,3396,Difamação,3396,Difamação,3396,Difamação
3397,Injúria,3394.0,3,287/3394/3397,DIREITO PENAL > Crimes contra a Honra > Injúria,,,,S,S,S,A,True,287,DIREITO PENAL,3394,Crimes contra a Honra,3397,Injúria,3397,Injúria,3397,Injúria,3397,Injúria
14684,Perseguição,3400.0,3,287/3400/14684,DIREITO PENAL > Crimes contra a liberdade pessoal > Perseguição,"Perseguição Art. 147-A. Perseguir alguém, reiteradamente e por qualquer meio, ameaçando-lhe a integridade física ou psicológica, restringindo-lhe a capacidade de locomoção ou, de qualquer forma, invadindo ou perturbando sua esfera de liberdade ou privacidade. Pena %u2013 reclusão, de 6 (seis) meses a 2 (dois) anos, e multa. § 1º A pena é aumentada de metade se o crime é cometido: I %u2013 contra criança, adolescente ou idoso; II %u2013 contra mulher por razões da condição de sexo feminino, nos termos do § 2º-A do art. 121 deste Código; III %u2013 mediante concurso de 2 (duas) ou mais pessoas ou com o emprego de arma. § 2º As penas deste artigo são aplicáveis sem prejuízo das correspondentes à violência. § 3º Somente se procede mediante representação.",CP,147-A,N,N,N,A,True,287,DIREITO PENAL,3400,Crimes contra a liberdade pessoal,14684,Perseguição,14684,Perseguição,14684,Perseguição,14684,Perseguição
3401,Constrangimento ilegal ,3400.0,3,287/3400/3401,DIREITO PENAL > Crimes contra a liberdade pessoal > Constrangimento ilegal ,"Constrangimento ilegal Art. 146 - Constranger alguém, mediante violência ou grave ameaça, ou depois de lhe haver reduzido, por qualquer outro meio, a capacidade de resistência, a não fazer o que a lei permite, ou a fazer o que ela não manda: Pena - detenção, de três meses a um ano, ou multa. Aumento de pena § 1º - As penas aplicam-se cumulativamente e em dobro, quando, para a execução do crime, se reúnem mais de três pessoas, ou há emprego de armas. § 2º - Além das penas cominadas, aplicam-se as correspondentes à violência. § 3º - Não se compreendem na disposição deste artigo: I - a intervenção médica ou cirúrgica, sem o consentimento do paciente ou de seu representante legal, se justificada por iminente perigo de vida; II - a coação exercida para impedir suicídio.",CP,146,S,S,S,A,True,287,DIREITO PENAL,3400,Crimes contra a liberdade pessoal,3401,Constrangimento ilegal ,3401,Constrangimento ilegal ,3401,Constrangimento ilegal ,3401,Constrangimento ilegal 
3402,Ameaça ,3400.0,3,287/3400/3402,DIREITO PENAL > Crimes contra a liberdade pessoal > Ameaça ,"Ameaça Art. 147 - Ameaçar alguém, por palavra, escrito ou gesto, ou qualquer outro meio simbólico, de causar-lhe mal injusto e grave: Pena - detenção, de um a seis meses, ou multa. Parágrafo único - Somente se procede mediante representação.",CP,147,S,S,S,A,True,287,DIREITO PENAL,3400,Crimes contra a liberdade pessoal,3402,Ameaça ,3402,Ameaça ,3402,Ameaça ,3402,Ameaça 
3406,Violação de domicílio ,3405.0,3,287/3405/3406,DIREITO PENAL > Crimes contra a inviolabilidade de domicílio > Violação de domicílio ,"Art. 150 - Entrar ou permanecer, clandestina ou astuciosamente, ou contra a vontade expressa ou tácita de quem de direito, em casa alheia ou em suas dependências: Pena - detenção, de um a três meses, ou multa. § 1º - Se o crime é cometido durante a noite, ou em lugar ermo, ou com o emprego de violência ou de arma, ou por duas ou mais pessoas: Pena - detenção, de seis meses a dois anos, além da pena correspondente à violência. § 2º - Aumenta-se a pena de um terço, se o fato é cometido por funcionário público, fora dos casos legais, ou com inobservância das formalidades estabelecidas em lei, ou com abuso do poder. § 3º - Não constitui crime a entrada ou permanência em casa alheia ou em suas dependências: I - durante o dia, com observância das formalidades legais, para efetuar prisão ou outra diligência; II - a qualquer hora do dia ou da noite, quando algum crime está sendo ali praticado ou na iminência de o ser. § 4º - A expressão casa compreende: I - qualquer compartimento habitado; II - aposento ocupado de habitação coletiva; III - compartimento não aberto ao público, onde alguém exerce profissão ou atividade. § 5º - Não se compreendem na expressão casa: I - hospedaria, estalagem ou qualquer outra habitação coletiva, enquanto aberta, salvo a restrição do n.º II do parágrafo anterior; II - taverna, casa de jogo e outras do mesmo gênero.",CP,150,S,S,S,A,True,287,DIREITO PENAL,3405,Crimes contra a inviolabilidade de domicílio,3406,Violação de domicílio ,3406,Violação de domicílio ,3406,Violação de domicílio ,3406,Violação de domicílio 
3408,Violação de correspondência ,3407.0,3,287/3407/3408,DIREITO PENAL > Crimes contra a inviolabilidade de correspondência > Violação de correspondência ,"Violação de correspondência Art. 151 - Devassar indevidamente o conteúdo de correspondência fechada, dirigida a outrem: Pena - detenção, de um a seis meses, ou multa.",CP,"151, caput",S,S,S,A,True,287,DIREITO PENAL,3407,Crimes contra a inviolabilidade de correspondência,3408,Violação de correspondência ,3408,Violação de correspondência ,3408,Violação de correspondência ,3408,Violação de correspondência 
3410,"Violação de comunicação telegráfica, radioelétrica ou telefônica ",3407.0,3,287/3407/3410,"DIREITO PENAL > Crimes contra a inviolabilidade de correspondência > Violação de comunicação telegráfica, radioelétrica ou telefônica ","Violação de correspondência Art. 151 - Devassar indevidamente o conteúdo de correspondência fechada, dirigida a outrem: Pena - detenção, de um a seis meses, ou multa. Sonegação ou destruição de correspondência § 1º - Na mesma pena incorre: Violação de comunicação telegráfica, radioelétrica ou telefônica II - quem indevidamente divulga, transmite a outrem ou utiliza abusivamente comunicação telegráfica ou radioelétrica dirigida a terceiro, ou conversação telefônica entre outras pessoas; III - quem impede a comunicação ou a conversação referidas no número anterior; IV - quem instala ou utiliza estação ou aparelho radioelétrico, sem observância de disposição legal.",CP,"art. 151, § 1º, II, III e IV",S,S,S,A,True,287,DIREITO PENAL,3407,Crimes contra a inviolabilidade de correspondência,3410,"Violação de comunicação telegráfica, radioelétrica ou telefônica ",3410,"Violação de comunicação telegráfica, radioelétrica ou telefônica ",3410,"Violação de comunicação telegráfica, radioelétrica ou telefônica ",3410,"Violação de comunicação telegráfica, radioelétrica ou telefônica "
11978,Invasão de Dispositivo Informático,3412.0,3,287/3412/11978,DIREITO PENAL > Crimes contra a inviolabilidade de segredo > Invasão de Dispositivo Informático,"Art. 154-A. Invadir dispositivo informático alheio, conectado ou não à rede de computadores, mediante violação indevida de mecanismo de segurança e com o fim de obter, adulterar ou destruir dados ou informações sem autorização expressa ou tácita do titular do dispositivo ou instalar vulnerabilidades para obter vantagem ilícita: Pena - detenção, de 3 (três) meses a 1 (um) ano, e multa. § 1o Na mesma pena incorre quem produz, oferece, distribui, vende ou difunde dispositivo ou programa de computador com o intuito de permitir a prática da conduta definida no caput. § 2o Aumenta-se a pena de um sexto a um terço se da invasão resulta prejuízo econômico. § 3o Se da invasão resultar a obtenção de conteúdo de comunicações eletrônicas privadas, segredos comerciais ou industriais, informações sigilosas, assim definidas em lei, ou o controle remoto não autorizado do dispositivo invadido: Pena - reclusão, de 6 (seis) meses a 2 (dois) anos, e multa, se a conduta não constitui crime mais grave. § 4o Na hipótese do § 3o, aumenta-se a pena de um a dois terços se houver divulgação, comercialização ou transmissão a terceiro, a qualquer título, dos dados ou informações obtidos. § 5o Aumenta-se a pena de um terço à metade se o crime for praticado contra: I - Presidente da República, governadores e prefeitos; II - Presidente do Supremo Tribunal Federal; III - Presidente da Câmara dos Deputados, do Senado Federal, de Assembleia Legislativa de Estado, da Câmara Legislativa do Distrito Federal ou de Câmara Municipal; ou IV - dirigente máximo da administração direta e indireta federal, estadual, municipal ou do Distrito Federal.",CP,154-A,S,S,S,A,True,287,DIREITO PENAL,3412,Crimes contra a inviolabilidade de segredo,11978,Invasão de Dispositivo Informático,11978,Invasão de Dispositivo Informático,11978,Invasão de Dispositivo Informático,11978,Invasão de Dispositivo Informático
14698,Dano Qualificado contra a Administração Pública,3415.0,3,287/3415/14698,DIREITO PENAL > Crimes contra o Patrimônio > Dano Qualificado contra a Administração Pública,"Art. 163. - Destruir, inutilizar ou deteriorar coisa alheia: Pena - detenção, de um a seis meses, ou multa. Parágrafo único - Se o crime é cometido: (...) III - contra o patrimônio da União, de Estado, do Distrito Federal, de Município ou de autarquia, fundação pública, empresa pública, sociedade de economia mista ou empresa concessionária de serviços públicos; (Redação dada pela Lei nº 13.531, de 2017) (...) Pena - detenção, de seis meses a três anos, e multa, além da pena correspondente à violência.",CP,"163, parágrafo único, III",N,N,N,A,True,287,DIREITO PENAL,3415,Crimes contra o Patrimônio,14698,Dano Qualificado contra a Administração Pública,14698,Dano Qualificado contra a Administração Pública,14698,Dano Qualificado contra a Administração Pública,14698,Dano Qualificado contra a Administração Pública
3416,Furto ,3415.0,3,287/3415/3416,DIREITO PENAL > Crimes contra o Patrimônio > Furto ,"Furto Art. 155 - Subtrair, para si ou para outrem, coisa alheia móvel: Pena - reclusão, de um a quatro anos, e multa. § 1º - A pena aumenta-se de um terço, se o crime é praticado durante o repouso noturno. § 2º - Se o criminoso é primário, e é de pequeno valor a coisa furtada, o juiz pode substituir a pena de reclusão pela de detenção, diminuí-la de um a dois terços, ou aplicar somente a pena de multa. § 3º - Equipara-se à coisa móvel a energia elétrica ou qualquer outra que tenha valor econômico. Furto qualificado § 4º - A pena é de reclusão de dois a oito anos, e multa, se o crime é cometido: I - com destruição ou rompimento de obstáculo à subtração da coisa; II - com abuso de confiança, ou mediante fraude, escalada ou destreza; III - com emprego de chave falsa; IV - mediante concurso de duas ou mais pessoas. § 5º - A pena é de reclusão de 3 (três) a 8 (oito) anos, se a subtração for de veículo automotor que venha a ser transportado para outro Estado ou para o exterior. (Incluído pela Lei nº 9.426, de 1996)",CP,155,S,S,S,A,True,287,DIREITO PENAL,3415,Crimes contra o Patrimônio,3416,Furto ,3416,Furto ,3416,Furto ,3416,Furto 
3417,Furto Qualificado ,3415.0,3,287/3415/3417,DIREITO PENAL > Crimes contra o Patrimônio > Furto Qualificado ,"Art. 155 - Subtrair, para si ou para outrem, coisa alheia móvel: Pena - reclusão, de um a quatro anos, e multa § 4º - A pena é de reclusão de dois a oito anos, e multa, se o crime é cometido: I - com destruição ou rompimento de obstáculo à subtração da coisa; II - com abuso de confiança, ou mediante fraude, escalada ou destreza; III - com emprego de chave falsa; IV - mediante concurso de duas ou mais pessoas. § 5º - A pena é de reclusão de 3 (três) a 8 (oito) anos, se a subtração for de veículo automotor que venha a ser transportado para outro Estado ou para o exterior.",CP,"155, § 4o.",S,S,S,A,True,287,DIREITO PENAL,3415,Crimes contra o Patrimônio,3417,Furto Qualificado ,3417,Furto Qualificado ,3417,Furto Qualificado ,3417,Furto Qualificado 
3418,Furto de coisa comum ,3415.0,3,287/3415/3418,DIREITO PENAL > Crimes contra o Patrimônio > Furto de coisa comum ,"Furto de coisa comum Art. 156 - Subtrair o condômino, co-herdeiro ou sócio, para si ou para outrem, a quem legitimamente a detém, a coisa comum: Pena - detenção, de seis meses a dois anos, ou multa. § 1º - Somente se procede mediante representação. § 2º - Não é punível a subtração de coisa comum fungível, cujo valor não excede a quota a que tem direito o agente.",CP,156,S,S,S,A,True,287,DIREITO PENAL,3415,Crimes contra o Patrimônio,3418,Furto de coisa comum ,3418,Furto de coisa comum ,3418,Furto de coisa comum ,3418,Furto de coisa comum 
3419,Roubo ,3415.0,3,287/3415/3419,DIREITO PENAL > Crimes contra o Patrimônio > Roubo ,"Roubo Art. 157 - Subtrair coisa móvel alheia, para si ou para outrem, mediante grave ameaça ou violência a pessoa, ou depois de havê-la, por qualquer meio, reduzido à impossibilidade de resistência: Pena - reclusão, de quatro a dez anos, e multa. § 1º - Na mesma pena incorre quem, logo depois de subtraída a coisa, emprega violência contra pessoa ou grave ameaça, a fim de assegurar a impunidade do crime ou a detenção da coisa para si ou para terceiro.",CP,"157, caput ",S,S,S,A,True,287,DIREITO PENAL,3415,Crimes contra o Patrimônio,3419,Roubo ,3419,Roubo ,3419,Roubo ,3419,Roubo 
3420,Extorsão ,3415.0,3,287/3415/3420,DIREITO PENAL > Crimes contra o Patrimônio > Extorsão ,"Extorsão Art. 158 - Constranger alguém, mediante violência ou grave ameaça, e com o intuito de obter para si ou para outrem indevida vantagem econômica, a fazer, tolerar que se faça ou deixar fazer alguma coisa: Pena - reclusão, de quatro a dez anos, e multa. § 1º - Se o crime é cometido por duas ou mais pessoas, ou com emprego de arma, aumenta-se a pena de um terço até metade. § 2º - Aplica-se à extorsão praticada mediante violência o disposto no § 3º do artigo anterior. Vide Lei nº 8.072, de 25.7.90",CP,158,S,S,S,A,True,287,DIREITO PENAL,3415,Crimes contra o Patrimônio,3420,Extorsão ,3420,Extorsão ,3420,Extorsão ,3420,Extorsão 
3423,Alteração de limites ,3415.0,3,287/3415/3423,DIREITO PENAL > Crimes contra o Patrimônio > Alteração de limites ,"Alteração de limites Art. 161 - Suprimir ou deslocar tapume, marco, ou qualquer outro sinal indicativo de linha divisória, para apropriar-se, no todo ou em parte, de coisa imóvel alheia: Pena - detenção, de um a seis meses, e multa.",CP,"161, caput",S,S,S,A,True,287,DIREITO PENAL,3415,Crimes contra o Patrimônio,3423,Alteração de limites ,3423,Alteração de limites ,3423,Alteração de limites ,3423,Alteração de limites 
3426,Dano,3415.0,3,287/3415/3426,DIREITO PENAL > Crimes contra o Patrimônio > Dano,"Dano Art. 163 - Destruir, inutilizar ou deteriorar coisa alheia: Pena - detenção, de um a seis meses, ou multa. Dano qualificado Parágrafo único - Se o crime é cometido: I - com violência à pessoa ou grave ameaça; II - com emprego de substância inflamável ou explosiva, se o fato não constitui crime mais gr III - contra o patrimônio da União, Estado, Município, empresa concessionária de serviços públicos ou sociedade de economia mista; (Redação dada pela Lei nº 5.346, de 3.11.1967) IV - por motivo egoístico ou com prejuízo considerável para a vítima: Pena - detenção, de seis meses a três anos, e multa, além da pena correspondente à violência.",CP,163,S,S,S,A,True,287,DIREITO PENAL,3415,Crimes contra o Patrimônio,3426,Dano,3426,Dano,3426,Dano,3426,Dano
3431,Estelionato,3415.0,3,287/3415/3431,DIREITO PENAL > Crimes contra o Patrimônio > Estelionato,"Assunto a ser utilizado quando o crime imputado é o estelionato ordinário de que trata o Código Penal, art. 171, ou seja, o estelionato previsto no caput e em seu § 2°. Os estelionatos majorados ou qualificados devem ser registrados com os assuntos específicos",CP,171,S,S,S,A,True,287,DIREITO PENAL,3415,Crimes contra o Patrimônio,3431,Estelionato,3431,Estelionato,3431,Estelionato,3431,Estelionato
3433,Outras fraudes,3415.0,3,287/3415/3433,DIREITO PENAL > Crimes contra o Patrimônio > Outras fraudes,"Art. 176 - Tomar refeição em restaurante, alojar-se em hotel ou utilizar-se de meio de transporte sem dispor de recursos para efetuar o pagamento: Pena - detenção, de quinze dias a dois meses, ou multa. Parágrafo único - Somente se procede mediante representação, e o juiz pode, conforme as circunstâncias, deixar de aplicar a pena.",CP,176,S,S,S,A,True,287,DIREITO PENAL,3415,Crimes contra o Patrimônio,3433,Outras fraudes,3433,Outras fraudes,3433,Outras fraudes,3433,Outras fraudes
3436,Apropriação indébita,3415.0,3,287/3415/3436,DIREITO PENAL > Crimes contra o Patrimônio > Apropriação indébita,"Apropriação indébita Art. 168 - Apropriar-se de coisa alheia móvel, de que tem a posse ou a detenção: Pena - reclusão, de um a quatro anos, e multa.",CP,"168, caput",S,S,S,A,True,287,DIREITO PENAL,3415,Crimes contra o Patrimônio,3436,Apropriação indébita,3436,Apropriação indébita,3436,Apropriação indébita,3436,Apropriação indébita
5571,Dano Qualificado,3415.0,3,287/3415/5571,DIREITO PENAL > Crimes contra o Patrimônio > Dano Qualificado,"Art. 163 - Destruir, inutilizar ou deteriorar coisa alheia: Pena - detenção, de um a seis meses, ou multa. Parágrafo único - Se o crime é cometido: I - com violência à pessoa ou grave ameaça; II - com emprego de substância inflamável ou explosiva, se o fato não constitui crime mais grave III - contra o patrimônio da União, Estado, Município, empresa concessionária de serviços públicos ou sociedade de economia mista; (Redação dada pela Lei nº 5.346, de 3.11.1967) IV - por motivo egoístico ou com prejuízo considerável para a vítima: Pena - detenção, de seis meses a três anos, e multa, além da pena correspondente à violência.",CP,"163, parágrafo único",S,S,S,A,True,287,DIREITO PENAL,3415,Crimes contra o Patrimônio,5571,Dano Qualificado,5571,Dano Qualificado,5571,Dano Qualificado,5571,Dano Qualificado
5835,Disposição de coisa alheia como própria,3415.0,3,287/3415/5835,DIREITO PENAL > Crimes contra o Patrimônio > Disposição de coisa alheia como própria,"Art. 171 - Obter, para si ou para outrem, vantagem ilícita, em prejuízo alheio, induzindo ou mantendo alguém em erro, mediante artifício, ardil, ou qualquer outro meio fraudulento: Pena - reclusão, de um a cinco anos, e multa. § 2º - Nas mesmas penas incorre quem: I - vende, permuta, dá em pagamento, em locação ou em garantia coisa alheia como própria;",CP,"171, § 2º, I",S,S,S,A,True,287,DIREITO PENAL,3415,Crimes contra o Patrimônio,5835,Disposição de coisa alheia como própria,5835,Disposição de coisa alheia como própria,5835,Disposição de coisa alheia como própria,5835,Disposição de coisa alheia como própria
3503,Atentado contra a segurança de serviços de utilidade pública ,3491.0,3,287/3491/3503,DIREITO PENAL > Crimes contra a Incolumidade Pública > Atentado contra a segurança de serviços de utilidade pública ,"Atentado contra a segurança de serviço de utilidade pública Art. 265 - Atentar contra a segurança ou o funcionamento de serviço de água, luz, força ou calor, ou qualquer outro de utilidade pública: Pena - reclusão, de um a cinco anos, e multa. Parágrafo único - Aumentar-se-á a pena de 1/3 (um terço) até a metade, se o dano ocorrer em virtude de subtração de material essencial ao funcionamento dos serviços. (Incluído pela Lei nº 5.346, de 3.11.1967)",CP,265,S,S,S,A,True,287,DIREITO PENAL,3491,Crimes contra a Incolumidade Pública,3503,Atentado contra a segurança de serviços de utilidade pública ,3503,Atentado contra a segurança de serviços de utilidade pública ,3503,Atentado contra a segurança de serviços de utilidade pública ,3503,Atentado contra a segurança de serviços de utilidade pública 
3505,Epidemia ,3491.0,3,287/3491/3505,DIREITO PENAL > Crimes contra a Incolumidade Pública > Epidemia ,"Epidemia Art. 267 - Causar epidemia, mediante a propagação de germes patogênicos: Pena - reclusão, de dez a quinze anos. (Redação dada pela Lei nº 8.072, de 25.7.1990) § 1º - Se do fato resulta morte, a pena é aplicada em dobro. § 2º - No caso de culpa, a pena é de detenção, de um a dois anos, ou, se resulta morte, de dois a quatro anos.",CP,267,S,S,S,A,True,287,DIREITO PENAL,3491,Crimes contra a Incolumidade Pública,3505,Epidemia ,3505,Epidemia ,3505,Epidemia ,3505,Epidemia 
3515,Infração de Medida Sanitária Preventiva,3491.0,3,287/3491/3515,DIREITO PENAL > Crimes contra a Incolumidade Pública > Infração de Medida Sanitária Preventiva,"Art. 268 - Infringir determinação do poder público, destinada a impedir introdução ou propagação de doença contagiosa: Pena - detenção, de um mês a um ano, e multa. Parágrafo único - A pena é aumentada de um terço, se o agente é funcionário da saúde pública ou exerce a profissão de médico, farmacêutico, dentista ou enfermeiro.",CP,268,S,S,S,A,True,287,DIREITO PENAL,3491,Crimes contra a Incolumidade Pública,3515,Infração de Medida Sanitária Preventiva,3515,Infração de Medida Sanitária Preventiva,3515,Infração de Medida Sanitária Preventiva,3515,Infração de Medida Sanitária Preventiva
5862,Fabrico / Fornecimento / Aquisição / Posse ou Transporte de Explosivos ou Gás Tóxico ou Asfixiante,3491.0,3,287/3491/5862,DIREITO PENAL > Crimes contra a Incolumidade Pública > Fabrico / Fornecimento / Aquisição / Posse ou Transporte de Explosivos ou Gás Tóxico ou Asfixiante,"Art. 253 - Fabricar, fornecer, adquirir, possuir ou transportar, sem licença da autoridade, substância ou engenho explosivo, gás tóxico ou asfixiante, ou material destinado à sua fabricação: Pena - detenção, de seis meses a dois anos, e multa.",CP,253,S,S,S,A,True,287,DIREITO PENAL,3491,Crimes contra a Incolumidade Pública,5862,Fabrico / Fornecimento / Aquisição / Posse ou Transporte de Explosivos ou Gás Tóxico ou Asfixiante,5862,Fabrico / Fornecimento / Aquisição / Posse ou Transporte de Explosivos ou Gás Tóxico ou Asfixiante,5862,Fabrico / Fornecimento / Aquisição / Posse ou Transporte de Explosivos ou Gás Tóxico ou Asfixiante,5862,Fabrico / Fornecimento / Aquisição / Posse ou Transporte de Explosivos ou Gás Tóxico ou Asfixiante
14685,Associação Criminosa,3520.0,3,287/3520/14685,DIREITO PENAL > Crimes contra a Paz Pública > Associação Criminosa,"Art. 288. Associarem-se 3 (três) ou mais pessoas, para o fim específico de cometer crimes: (Redação dada pela Lei nº 12.850, de 2013) (Vigência) Pena - reclusão, de 1 (um) a 3 (três) anos. (Redação dada pela Lei nº 12.850, de 2013) (Vigência) Parágrafo único. A pena aumenta-se até a metade se a associação é armada ou se houver a participação de criança ou adolescente. (Redação dada pela Lei nº 12.850, de 2013) (Vigência)",CP,288,S,S,S,A,True,287,DIREITO PENAL,3520,Crimes contra a Paz Pública,14685,Associação Criminosa,14685,Associação Criminosa,14685,Associação Criminosa,14685,Associação Criminosa
14689,Constituição de Milícia Privada,3520.0,3,287/3520/14689,DIREITO PENAL > Crimes contra a Paz Pública > Constituição de Milícia Privada,"Constituição de milícia privada (Incluído dada pela Lei nº 12.720, de 2012) Art. 288-A. Constituir, organizar, integrar, manter ou custear organização paramilitar, milícia particular, grupo ou esquadrão com a finalidade de praticar qualquer dos crimes previstos neste Código: (Incluído dada pela Lei nº 12.720, de 2012) Pena - reclusão, de 4 (quatro) a 8 (oito) anos. (Incluído dada pela Lei nº 12.720, de 2012)",CP,288-A,S,S,N,A,True,287,DIREITO PENAL,3520,Crimes contra a Paz Pública,14689,Constituição de Milícia Privada,14689,Constituição de Milícia Privada,14689,Constituição de Milícia Privada,14689,Constituição de Milícia Privada
5869,Incitação ao Crime,3520.0,3,287/3520/5869,DIREITO PENAL > Crimes contra a Paz Pública > Incitação ao Crime,"Art. 286 - Incitar, publicamente, a prática de crime: Pena - detenção, de três a seis meses, ou multa.",CP,286,S,S,S,A,True,287,DIREITO PENAL,3520,Crimes contra a Paz Pública,5869,Incitação ao Crime,5869,Incitação ao Crime,5869,Incitação ao Crime,5869,Incitação ao Crime
10995,Falsidade ideológica praticada por Funcionário Público,3523.0,3,287/3523/10995,DIREITO PENAL > Crimes contra a Fé Pública > Falsidade ideológica praticada por Funcionário Público,"Falsidade ideológica Art. 299 - Omitir, em documento público ou particular, declaração que dele devia constar, ou nele inserir ou fazer inserir declaração falsa ou diversa da que devia ser escrita, com o fim de prejudicar direito, criar obrigação ou alterar a verdade sobre fato juridicamente relevante: Pena - reclusão, de 1 (um) a 5 (cinco) anos, e multa, se o documento é público, e reclusão de 1 (um) a 3 (três) anos, e multa, se o documento é particular. Parágrafo único - Se o agente é funcionário público, e comete o crime prevalecendo-se do cargo, ou se a falsificação ou alteração é de assentamento de registro civil, aumenta-se a pena de sexta parte.",CP,299,S,S,S,A,True,287,DIREITO PENAL,3523,Crimes contra a Fé Pública,10995,Falsidade ideológica praticada por Funcionário Público,10995,Falsidade ideológica praticada por Funcionário Público,10995,Falsidade ideológica praticada por Funcionário Público,10995,Falsidade ideológica praticada por Funcionário Público
11006,Crime de Desvio e/ou Circulação de Moeda Não Autorizada,3523.0,3,287/3523/11006,DIREITO PENAL > Crimes contra a Fé Pública > Crime de Desvio e/ou Circulação de Moeda Não Autorizada,"............................................................... Art. 289 - Falsificar, fabricando-a ou alterando-a, moeda metálica ou papel-moeda de curso legal no país ou no estrangeiro: Pena - reclusão, de 3 (três) a 12 (doze) anos, e multa. .............................................................. § 4º - Nas mesmas penas incorre quem desvia e faz circular moeda, cuja circulação não estava ainda autorizada. ...............................................................",Código Penal,289,S,S,S,A,True,287,DIREITO PENAL,3523,Crimes contra a Fé Pública,11006,Crime de Desvio e/ou Circulação de Moeda Não Autorizada,11006,Crime de Desvio e/ou Circulação de Moeda Não Autorizada,11006,Crime de Desvio e/ou Circulação de Moeda Não Autorizada,11006,Crime de Desvio e/ou Circulação de Moeda Não Autorizada
3530,Falsificação do selo ou sinal público ,3523.0,3,287/3523/3530,DIREITO PENAL > Crimes contra a Fé Pública > Falsificação do selo ou sinal público ,"Falsificação do selo ou sinal público Art. 296 - Falsificar, fabricando-os ou alterando-os: I - selo público destinado a autenticar atos oficiais da União, de Estado ou de Município; II - selo ou sinal atribuído por lei a entidade de direito público, ou a autoridade, ou sinal público de tabelião: Pena - reclusão, de dois a seis anos, e multa. § 1º - Incorre nas mesmas penas: I - quem faz uso do selo ou sinal falsificado; II - quem utiliza indevidamente o selo ou sinal verdadeiro em prejuízo de outrem ou em proveito próprio ou alheio. III - quem altera, falsifica ou faz uso indevido de marcas, logotipos, siglas ou quaisquer outros símbolos utilizados ou identificadores de órgãos ou entidades da Administração Pública. (Incluído pela Lei nº 9.983, de 2000) § 2º - Se o agente é funcionário público, e comete o crime prevalecendo-se do cargo, aumenta-se a pena de sexta parte.",CP,296,S,S,S,A,True,287,DIREITO PENAL,3523,Crimes contra a Fé Pública,3530,Falsificação do selo ou sinal público ,3530,Falsificação do selo ou sinal público ,3530,Falsificação do selo ou sinal público ,3530,Falsificação do selo ou sinal público 
3531,Falsificação de documento público,3523.0,3,287/3523/3531,DIREITO PENAL > Crimes contra a Fé Pública > Falsificação de documento público,"Art. 297 - Falsificar, no todo ou em parte, documento público, ou alterar documento público verdadeiro: Pena - reclusão, de dois a seis anos, e multa. § 1º - Se o agente é funcionário público, e comete o crime prevalecendo-se do cargo, aumenta-se a pena de sexta parte. § 2º - Para os efeitos penais, equiparam-se a documento público o emanado de entidade paraestatal, o título ao portador ou transmissível por endosso, as ações de sociedade comercial, os livros mercantis e o testamento particular. § 3o Nas mesmas penas incorre quem insere ou faz inserir: (Incluído pela Lei nº 9.983, de 2000) I - na folha de pagamento ou em documento de informações que seja destinado a fazer prova perante a previdência social, pessoa que não possua a qualidade de segurado obrigatório;(Incluído pela Lei nº 9.983, de 2000) II - na Carteira de Trabalho e Previdência Social do empregado ou em documento que deva produzir efeito perante a previdência social, declaração falsa ou diversa da que deveria ter sido escrita; (Incluído pela Lei nº 9.983, de 2000) III - em documento contábil ou em qualquer outro documento relacionado com as obrigações da empresa perante a previdência social, declaração falsa ou diversa da que deveria ter constado. (Incluído pela Lei nº 9.983, de 2000) § 4o Nas mesmas penas incorre quem omite, nos documentos mencionados no § 3o, nome do segurado e seus dados pessoais, a remuneração, a vigência do contrato de trabalho ou de prestação de serviços.(Incluído pela Lei nº 9.983, de 2000)",CP,297,S,S,S,A,True,287,DIREITO PENAL,3523,Crimes contra a Fé Pública,3531,Falsificação de documento público,3531,Falsificação de documento público,3531,Falsificação de documento público,3531,Falsificação de documento público
3532,Falsificação de documento particular ,3523.0,3,287/3523/3532,DIREITO PENAL > Crimes contra a Fé Pública > Falsificação de documento particular ,"Falsificação de documento particular Art. 298 - Falsificar, no todo ou em parte, documento particular ou alterar documento particular verdadeiro: Pena - reclusão, de um a cinco anos, e multa.",CP,298,S,S,S,A,True,287,DIREITO PENAL,3523,Crimes contra a Fé Pública,3532,Falsificação de documento particular ,3532,Falsificação de documento particular ,3532,Falsificação de documento particular ,3532,Falsificação de documento particular 
3533,Falsidade ideológica ,3523.0,3,287/3523/3533,DIREITO PENAL > Crimes contra a Fé Pública > Falsidade ideológica ,"Falsidade ideológica Art. 299 - Omitir, em documento público ou particular, declaração que dele devia constar, ou nele inserir ou fazer inserir declaração falsa ou diversa da que devia ser escrita, com o fim de prejudicar direito, criar obrigação ou alterar a verdade sobre fato juridicamente relevante: Pena - reclusão, de um a cinco anos, e multa, se o documento é público, e reclusão de um a três anos, e multa, se o documento é particular. Parágrafo único - Se o agente é funcionário público, e comete o crime prevalecendo-se do cargo, ou se a falsificação ou alteração é de assentamento de registro civil, aumenta-se a pena de sexta parte.",CP,299,S,S,S,A,True,287,DIREITO PENAL,3523,Crimes contra a Fé Pública,3533,Falsidade ideológica ,3533,Falsidade ideológica ,3533,Falsidade ideológica ,3533,Falsidade ideológica 
3535,Certidão ou atestado ideologicamente falso ,3523.0,3,287/3523/3535,DIREITO PENAL > Crimes contra a Fé Pública > Certidão ou atestado ideologicamente falso ,"Certidão ou atestado ideologicamente falso Art. 301 - Atestar ou certificar falsamente, em razão de função pública, fato ou circunstância que habilite alguém a obter cargo público, isenção de ônus ou de serviço de caráter público, ou qualquer outra vantagem: Pena - detenção, de dois meses a um ano.",CP,"301, caput",S,S,S,A,True,287,DIREITO PENAL,3523,Crimes contra a Fé Pública,3535,Certidão ou atestado ideologicamente falso ,3535,Certidão ou atestado ideologicamente falso ,3535,Certidão ou atestado ideologicamente falso ,3535,Certidão ou atestado ideologicamente falso 
3536,Falsidade material de atestado ou certidão ,3523.0,3,287/3523/3536,DIREITO PENAL > Crimes contra a Fé Pública > Falsidade material de atestado ou certidão ,"Certidão ou atestado ideologicamente falso Art. 301 - Atestar ou certificar falsamente, em razão de função pública, fato ou circunstância que habilite alguém a obter cargo público, isenção de ônus ou de serviço de caráter público, ou qualquer outra vantagem: Pena - detenção, de dois meses a um ano. Falsidade material de atestado ou certidão § 1º - Falsificar, no todo ou em parte, atestado ou certidão, ou alterar o teor de certidão ou de atestado verdadeiro, para prova de fato ou circunstância que habilite alguém a obter cargo público, isenção de ônus ou de serviço de caráter público, ou qualquer outra vantagem: Pena - detenção, de três meses a dois anos.",CP,"art. 301, § 1º",S,S,S,A,True,287,DIREITO PENAL,3523,Crimes contra a Fé Pública,3536,Falsidade material de atestado ou certidão ,3536,Falsidade material de atestado ou certidão ,3536,Falsidade material de atestado ou certidão ,3536,Falsidade material de atestado ou certidão 
3539,Uso de documento falso ,3523.0,3,287/3523/3539,DIREITO PENAL > Crimes contra a Fé Pública > Uso de documento falso ,"Uso de documento falso Art. 304 - Fazer uso de qualquer dos papéis falsificados ou alterados, a que se referem os arts. 297 a 302: Pena - a cominada à falsificação ou à alteração.",CP,304,S,S,S,A,True,287,DIREITO PENAL,3523,Crimes contra a Fé Pública,3539,Uso de documento falso ,3539,Uso de documento falso ,3539,Uso de documento falso ,3539,Uso de documento falso 
3542,Falsa identidade ,3523.0,3,287/3523/3542,DIREITO PENAL > Crimes contra a Fé Pública > Falsa identidade ,"Art. 307 - Atribuir-se ou atribuir a terceiro falsa identidade para obter vantagem, em proveito próprio ou alheio, ou para causar dano a outrem: Pena - detenção, de três meses a um ano, ou multa, se o fato não constitui elemento de crime mais grave. Art. 308 - Usar, como próprio, passaporte, título de eleitor, caderneta de reservista ou qualquer documento de identidade alheia ou ceder a outrem, para que dele se utilize, documento dessa natureza, próprio ou de terceiro: Pena - detenção, de quatro meses a dois anos, e multa, se o fato não constitui elemento de crime mais grave.",CP,307 e 308,S,S,S,A,True,287,DIREITO PENAL,3523,Crimes contra a Fé Pública,3542,Falsa identidade ,3542,Falsa identidade ,3542,Falsa identidade ,3542,Falsa identidade 
3548,Peculato,3547.0,3,287/3547/3548,DIREITO PENAL > Crimes Praticados por Funcionários Públicos Contra a Administração em Geral > Peculato,"Peculato Art. 312 - Apropriar-se o funcionário público de dinheiro, valor ou qualquer outro bem móvel, público ou particular, de que tem a posse em razão do cargo, ou desviá-lo, em proveito próprio ou alheio: Pena - reclusão, de dois a doze anos, e multa. § 1º - Aplica-se a mesma pena, se o funcionário público, embora não tendo a posse do dinheiro, valor ou bem, o subtrai, ou concorre para que seja subtraído, em proveito próprio ou alheio, valendo-se de facilidade que lhe proporciona a qualidade de funcionário.",CP,"art. 312, caput e § 1º",S,S,S,A,True,287,DIREITO PENAL,3547,Crimes Praticados por Funcionários Públicos Contra a Administração em Geral,3548,Peculato,3548,Peculato,3548,Peculato,3548,Peculato
3550,Peculato mediante erro de outrem,3547.0,3,287/3547/3550,DIREITO PENAL > Crimes Praticados por Funcionários Públicos Contra a Administração em Geral > Peculato mediante erro de outrem,"Peculato mediante erro de outrem Art. 313 - Apropriar-se de dinheiro ou qualquer utilidade que, no exercício do cargo, recebeu por erro de outrem: Pena - reclusão, de um a quatro anos, e multa. Inserção de dados falsos em sistema de informações (Incluído pela Lei nº 9.983, de 2000) Art. 313-A. Inserir ou facilitar, o funcionário autorizado, a inserção de dados falsos, alterar ou excluir indevidamente dados corretos nos sistemas informatizados ou bancos de dados da Administração Pública com o fim de obter vantagem indevida para si ou para outrem ou para causar dano: (Incluído pela Lei nº 9.983, de 2000)) Pena ? reclusão, de 2 (dois) a 12 (doze) anos, e multa. (Incluído pela Lei nº 9.983, de 2000) Modificação ou alteração não autorizada de sistema de informações (Incluído pela Lei nº 9.983, de 2000) Art. 313-B. Modificar ou alterar, o funcionário, sistema de informações ou programa de informática sem autorização ou solicitação de autoridade competente: (Incluído pela Lei nº 9.983, de 2000) Pena ? detenção, de 3 (três) meses a 2 (dois) anos, e multa. (Incluído pela Lei nº 9.983, de 2000) Parágrafo único. As penas são aumentadas de um terço até a metade se da modificação ou alteração resulta dano para a Administração Pública Ou para o administrado.(Incluído pela Lei nº 9.983, de 2000)",CP,313,S,S,S,A,True,287,DIREITO PENAL,3547,Crimes Praticados por Funcionários Públicos Contra a Administração em Geral,3550,Peculato mediante erro de outrem,3550,Peculato mediante erro de outrem,3550,Peculato mediante erro de outrem,3550,Peculato mediante erro de outrem
3552,Emprego irregular de verbas ou rendas públicas ,3547.0,3,287/3547/3552,DIREITO PENAL > Crimes Praticados por Funcionários Públicos Contra a Administração em Geral > Emprego irregular de verbas ou rendas públicas ,"Emprego irregular de verbas ou rendas públicas Art. 315 - Dar às verbas ou rendas públicas aplicação diversa da estabelecida em lei: Pena - detenção, de um a três meses, ou multa.",CP,315,S,S,S,A,True,287,DIREITO PENAL,3547,Crimes Praticados por Funcionários Públicos Contra a Administração em Geral,3552,Emprego irregular de verbas ou rendas públicas ,3552,Emprego irregular de verbas ou rendas públicas ,3552,Emprego irregular de verbas ou rendas públicas ,3552,Emprego irregular de verbas ou rendas públicas 
3557,Prevaricação,3547.0,3,287/3547/3557,DIREITO PENAL > Crimes Praticados por Funcionários Públicos Contra a Administração em Geral > Prevaricação,"Prevaricação Art. 319 - Retardar ou deixar de praticar, indevidamente, ato de ofício, ou praticá-lo contra disposição expressa de lei, para satisfazer interesse ou sentimento pessoal: Pena - detenção, de três meses a um ano, e multa. Art. 319-A. Deixar o Diretor de Penitenciária e/ou agente público, de cumprir seu dever de vedar ao preso o acesso a aparelho telefônico, de rádio ou similar, que permita a comunicação com outros presos ou com o ambiente externo: (Incluído pela Lei nº 11.466, de 2007). Pena: detenção, de 3 (três) meses a 1 (um) ano.",CP,319 e 319-A,S,S,S,A,True,287,DIREITO PENAL,3547,Crimes Praticados por Funcionários Públicos Contra a Administração em Geral,3557,Prevaricação,3557,Prevaricação,3557,Prevaricação,3557,Prevaricação
3561,Abandono de função ,3547.0,3,287/3547/3561,DIREITO PENAL > Crimes Praticados por Funcionários Públicos Contra a Administração em Geral > Abandono de função ,"Abandono de função Art. 323 - Abandonar cargo público, fora dos casos permitidos em lei: Pena - detenção, de quinze dias a um mês, ou multa. § 1º - Se do fato resulta prejuízo público: Pena - detenção, de três meses a um ano, e multa. § 2º - Se o fato ocorre em lugar compreendido na faixa de fronteira: Pena - detenção, de um a três anos, e multa.",CP,323,S,S,S,A,True,287,DIREITO PENAL,3547,Crimes Praticados por Funcionários Públicos Contra a Administração em Geral,3561,Abandono de função ,3561,Abandono de função ,3561,Abandono de função ,3561,Abandono de função 
3596,Inserção de dados falsos em sistema de informações ,3547.0,3,287/3547/3596,DIREITO PENAL > Crimes Praticados por Funcionários Públicos Contra a Administração em Geral > Inserção de dados falsos em sistema de informações ,"Inserção de dados falsos em sistema de informações (Incluído pela Lei nº 9.983, de 2000) Art. 313-A. Inserir ou facilitar, o funcionário autorizado, a inserção de dados falsos, alterar ou excluir indevidamente dados corretos nos sistemas informatizados ou bancos de dados da Administração Pública com o fim de obter vantagem indevida para si ou para outrem ou para causar dano: (Incluído pela Lei nº 9.983, de 2000)) Pena ? reclusão, de 2 (dois) a 12 (doze) anos, e multa. (Incluído pela Lei nº 9.983, de 2000)",CP,313-A,S,S,S,A,True,287,DIREITO PENAL,3547,Crimes Praticados por Funcionários Públicos Contra a Administração em Geral,3596,Inserção de dados falsos em sistema de informações ,3596,Inserção de dados falsos em sistema de informações ,3596,Inserção de dados falsos em sistema de informações ,3596,Inserção de dados falsos em sistema de informações 
3438,Crimes contra a Propriedade Industrial,3603.0,3,287/3603/3438,DIREITO PENAL > Crimes Previstos na Legislação Extravagante > Crimes contra a Propriedade Industrial,,Lei 9.279-96,,S,S,S,A,False,287,DIREITO PENAL,3603,Crimes Previstos na Legislação Extravagante,3438,Crimes contra a Propriedade Industrial,3438,Crimes contra a Propriedade Industrial,3438,Crimes contra a Propriedade Industrial,3438,Crimes contra a Propriedade Industrial
3604,Crimes de Responsabilidade,3603.0,3,287/3603/3604,DIREITO PENAL > Crimes Previstos na Legislação Extravagante > Crimes de Responsabilidade,DL 201/67 - Prefeitos e vereadores Lei 1.079/50 - Define os crimes de responsabilidade,DL 201/67 e Lei 1.079/50 ,art. 1º,S,S,S,A,True,287,DIREITO PENAL,3603,Crimes Previstos na Legislação Extravagante,3604,Crimes de Responsabilidade,3604,Crimes de Responsabilidade,3604,Crimes de Responsabilidade,3604,Crimes de Responsabilidade
3606,Crimes de Abuso de Autoridade (Lei 4.898/1965),3603.0,3,287/3603/3606,DIREITO PENAL > Crimes Previstos na Legislação Extravagante > Crimes de Abuso de Autoridade (Lei 4.898/1965),"Processos relativos aos crimes de abuso de autoridade cometidos por autoridades públicas até o dia 3 de janeiro de 2020. Para crimes de abuso de autoridade cometido após esta data, deve-se usar o assunto ""15397 - Crimes de Abuso de Autoridade (Lei 13.689/2019)"".",Lei 4.898/65,arts. 3º e 4º,S,S,S,A,True,287,DIREITO PENAL,3603,Crimes Previstos na Legislação Extravagante,3606,Crimes de Abuso de Autoridade (Lei 4.898/1965),3606,Crimes de Abuso de Autoridade (Lei 4.898/1965),3606,Crimes de Abuso de Autoridade (Lei 4.898/1965),3606,Crimes de Abuso de Autoridade (Lei 4.898/1965)
3607,Crimes de Tráfico Ilícito e Uso Indevido de Drogas,3603.0,3,287/3603/3607,DIREITO PENAL > Crimes Previstos na Legislação Extravagante > Crimes de Tráfico Ilícito e Uso Indevido de Drogas,,Lei 11.343/06,,S,S,S,A,False,287,DIREITO PENAL,3603,Crimes Previstos na Legislação Extravagante,3607,Crimes de Tráfico Ilícito e Uso Indevido de Drogas,3607,Crimes de Tráfico Ilícito e Uso Indevido de Drogas,3607,Crimes de Tráfico Ilícito e Uso Indevido de Drogas,3607,Crimes de Tráfico Ilícito e Uso Indevido de Drogas
3612,Crimes contra o Sistema Financeiro Nacional,3603.0,3,287/3603/3612,DIREITO PENAL > Crimes Previstos na Legislação Extravagante > Crimes contra o Sistema Financeiro Nacional,"Art. 2º Imprimir, reproduzir ou, de qualquer modo, fabricar ou pôr em circulação, sem autorização escrita da sociedade emissora, certificado, cautela ou outro documento representativo de título ou valor mobiliário: Pena - Reclusão, de 2 (dois) a 8 (oito) anos, e multa. Parágrafo único. Incorre na mesma pena quem imprime, fabrica, divulga, distribui ou faz distribuir prospecto ou material de propaganda relativo aos papéis referidos neste artigo. Art. 3º Divulgar informação falsa ou prejudicialmente incompleta sobre instituição financeira: Pena - Reclusão, de 2 (dois) a 6 (seis) anos, e multa. Art. 4º Gerir fraudulentamente instituição financeira: Pena - Reclusão, de 3 (três) a 12 (doze) anos, e multa. Parágrafo único. Se a gestão é temerária: Pena - Reclusão, de 2 (dois) a 8 (oito) anos, e multa. Art. 5º Apropriar-se, quaisquer das pessoas mencionadas no art. 25 desta lei, de dinheiro, título, valor ou qualquer outro bem móvel de que tem a posse, ou desviá-lo em proveito próprio ou alheio: Pena - Reclusão, de 2 (dois) a 6 (seis) anos, e multa. Parágrafo único. Incorre na mesma pena qualquer das pessoas mencionadas no art. 25 desta lei, que negociar direito, título ou qualquer outro bem móvel ou imóvel de que tem a posse, sem autorização de quem de direito. Art. 6º Induzir ou manter em erro, sócio, investidor ou repartição pública competente, relativamente a operação ou situação financeira, sonegando-lhe informação ou prestando-a falsamente: Pena - Reclusão, de 2 (dois) a 6 (seis) anos, e multa. Art. 7º Emitir, oferecer ou negociar, de qualquer modo, títulos ou valores mobiliários: I - falsos ou falsificados; II - sem registro prévio de emissão junto à autoridade competente, em condições divergentes das constantes do registro ou irregularmente registrados; III - sem lastro ou garantia suficientes, nos termos da legislação; IV - sem autorização prévia da autoridade competente, quando legalmente exigida: Pena - Reclusão, de 2 (dois) a 8 (oito) anos, e multa. Art. 8º Exigir, em desacordo com a legislação (Vetado), juro, comissão ou qualquer tipo de remuneração sobre operação de crédito ou de seguro, administração de fundo mútuo ou fiscal ou de consórcio, serviço de corretagem ou distribuição de títulos ou valores mobiliários: Pena - Reclusão, de 1 (um) a 4 (quatro) anos, e multa. Art. 9º Fraudar a fiscalização ou o investidor, inserindo ou fazendo inserir, em documento comprobatório de investimento em títulos ou valores mobiliários, declaração falsa ou diversa da que dele deveria constar: Pena - Reclusão, de 1 (um) a 5 (cinco) anos, e multa. Art. 10. Fazer inserir elemento falso ou omitir elemento exigido pela legislação, em demonstrativos contábeis de instituição financeira, seguradora ou instituição integrante do sistema de distribuição de títulos de valores mobiliários: Pena - Reclusão, de 1 (um) a 5 (cinco) anos, e multa. Art. 11. Manter ou movimentar recurso ou valor paralelamente à contabilidade exigida pela legislação: Pena - Reclusão, de 1 (um) a 5 (cinco) anos, e multa. Art. 12. Deixar, o ex-administrador de instituição financeira, de apresentar, ao interventor, liqüidante, ou síndico, nos prazos e condições estabelecidas em lei as informações, declarações ou documentos de sua responsabilidade: Pena - Reclusão, de 1 (um) a 4 (quatro) anos, e multa. Art. 13. Desviar (Vetado) bem alcançado pela indisponibilidade legal resultante de intervenção, liqüidação extrajudicial ou falência de instituição financeira. Pena - Reclusão, de 2 (dois) a 6 (seis) anos, e multa. Parágrafo único. Na mesma pena incorra o interventor, o liqüidante ou o síndico que se apropriar de bem abrangido pelo caput deste artigo, ou desviá-lo em proveito próprio ou alheio. Art. 14. Apresentar, em liquidação extrajudicial, ou em falência de instituição financeira, declaração de crédito ou reclamação falsa, ou juntar a elas título falso ou simulado: Pena - Reclusão, de 2 (dois) a 8 (oito) anos, e multa. Parágrafo único. Na mesma pena incorre o ex-administrador ou falido que reconhecer, como verdadeiro, crédito que não o seja. Art. 15. Manifestar-se falsamente o interventor, o liqüidante ou o síndico, (Vetado) à respeito de assunto relativo a intervenção, liquidação extrajudicial ou falência de instituição financeira: Pena - Reclusão, de 2 (dois) a 8 (oito) anos, e multa. Art. 16. Fazer operar, sem a devida autorização, ou com autorização obtida mediante declaração (Vetado) falsa, instituição financeira, inclusive de distribuição de valores mobiliários ou de câmbio: Pena - Reclusão, de 1 (um) a 4 (quatro) anos, e multa. Art. 17. Tomar ou receber, qualquer das pessoas mencionadas no art. 25 desta lei, direta ou indiretamente, empréstimo ou adiantamento, ou deferi-lo a controlador, a administrador, a membro de conselho estatutário, aos respectivos cônjuges, aos ascendentes ou descendentes, a parentes na linha colateral até o 2º grau, consangüíneos ou afins, ou a sociedade cujo controle seja por ela exercido, direta ou indiretamente, ou por qualquer dessas pessoas: Pena - Reclusão, de 2 (dois) a 6 (seis) anos, e multa. Parágrafo único. Incorre na mesma pena quem: I - em nome próprio, como controlador ou na condição de administrador da sociedade, conceder ou receber adiantamento de honorários, remuneração, salário ou qualquer outro pagamento, nas condições referidas neste artigo; II - de forma disfarçada, promover a distribuição ou receber lucros de instituição financeira. Art. 18. Violar sigilo de operação ou de serviço prestado por instituição financeira ou integrante do sistema de distribuição de títulos mobiliários de que tenha conhecimento, em razão de ofício: Pena - Reclusão, de 1 (um) a 4 (quatro) anos, e multa. Art. 19. Obter, mediante fraude, financiamento em instituição financeira: Pena - Reclusão, de 2 (dois) a 6 (seis) anos, e multa. Parágrafo único. A pena é aumentada de 1/3 (um terço) se o crime é cometido em detrimento de instituição financeira oficial ou por ela credenciada para o repasse de financiamento. Art. 20. Aplicar, em finalidade diversa da prevista em lei ou contrato, recursos provenientes de financiamento concedido por instituição financeira oficial ou por instituição credenciada para repassá-lo: Pena - Reclusão, de 2 (dois) a 6 (seis) anos, e multa. Art. 21. Atribuir-se, ou atribuir a terceiro, falsa identidade, para realização de operação de câmbio: Pena - Detenção, de 1 (um) a 4 (quatro) anos, e multa. Parágrafo único. Incorre na mesma pena quem, para o mesmo fim, sonega informação que devia prestar ou presta informação falsa. Art. 22. Efetuar operação de câmbio não autorizada, com o fim de promover evasão de divisas do País: Pena - Reclusão, de 2 (dois) a 6 (seis) anos, e multa. Parágrafo único. Incorre na mesma pena quem, a qualquer título, promove, sem autorização legal, a saída de moeda ou divisa para o exterior, ou nele mantiver depósitos não declarados à repartição federal competente. Art. 23. Omitir, retardar ou praticar, o funcionário público, contra disposição expressa de lei, ato de ofício necessário ao regular funcionamento do sistema financeiro nacional, bem como a preservação dos interesses e valores da ordem econômico-financeira: Pena - Reclusão, de 1 (um) a 4 (quatro) anos, e multa.",Lei 7.492/86,Arts. 2º a 23,S,S,S,A,True,287,DIREITO PENAL,3603,Crimes Previstos na Legislação Extravagante,3612,Crimes contra o Sistema Financeiro Nacional,3612,Crimes contra o Sistema Financeiro Nacional,3612,Crimes contra o Sistema Financeiro Nacional,3612,Crimes contra o Sistema Financeiro Nacional
3613,Crimes Resultante de Preconceito de Raça ou de Cor,3603.0,3,287/3603/3613,DIREITO PENAL > Crimes Previstos na Legislação Extravagante > Crimes Resultante de Preconceito de Raça ou de Cor,"Art. 2º (Vetado). Art. 3º Impedir ou obstar o acesso de alguém, devidamente habilitado, a qualquer cargo da Administração Direta ou Indireta, bem como das concessionárias de serviços públicos. Pena: reclusão de dois a cinco anos. Art. 4º Negar ou obstar emprego em empresa privada. Pena: reclusão de dois a cinco anos. Art. 5º Recusar ou impedir acesso a estabelecimento comercial, negando-se a servir, atender ou receber cliente ou comprador. Pena: reclusão de um a três anos. Art. 6º Recusar, negar ou impedir a inscrição ou ingresso de aluno em estabelecimento de ensino público ou privado de qualquer grau. Pena: reclusão de três a cinco anos. Parágrafo único. Se o crime for praticado contra menor de dezoito anos a pena é agravada de 1/3 (um terço). Art. 7º Impedir o acesso ou recusar hospedagem em hotel, pensão, estalagem, ou qualquer estabelecimento similar. Pena: reclusão de três a cinco anos. Art. 8º Impedir o acesso ou recusar atendimento em restaurantes, bares, confeitarias, ou locais semelhantes abertos ao público. Pena: reclusão de um a três anos. Art. 9º Impedir o acesso ou recusar atendimento em estabelecimentos esportivos, casas de diversões, ou clubes sociais abertos ao público. Pena: reclusão de um a três anos. Art. 10. Impedir o acesso ou recusar atendimento em salões de cabelereiros, barbearias, termas ou casas de massagem ou estabelecimento com as mesmas finalidades. Pena: reclusão de um a três anos. Art. 11. Impedir o acesso às entradas sociais em edifícios públicos ou residenciais e elevadores ou escada de acesso aos mesmos: Pena: reclusão de um a três anos. Art. 12. Impedir o acesso ou uso de transportes públicos, como aviões, navios barcas, barcos, ônibus, trens, metrô ou qualquer outro meio de transporte concedido. Pena: reclusão de um a três anos. Art. 13. Impedir ou obstar o acesso de alguém ao serviço em qualquer ramo das Forças Armadas. Pena: reclusão de dois a quatro anos. Art. 14. Impedir ou obstar, por qualquer meio ou forma, o casamento ou convivência familiar e social. Pena: reclusão de dois a quatro anos. Art. 15. (Vetado). Art. 16. Constitui efeito da condenação a perda do cargo ou função pública, para o servidor público, e a suspensão do funcionamento do estabelecimento particular por prazo não superior a três meses. Art. 17. (Vetado). Art. 18. Os efeitos de que tratam os arts. 16 e 17 desta Lei não são automáticos, devendo ser motivadamente declarados na sentença. Art. 19. (Vetado). Art. 20. Praticar, induzir ou incitar a discriminação ou preconceito de raça, cor, etnia, religião ou procedência nacional. (Redação dada pela Lei nº 9.459, de 15/05/97) Pena: reclusão de um a três anos e multa. § 1º Fabricar, comercializar, distribuir ou veicular símbolos, emblemas, ornamentos, distintivos ou propaganda que utilizem a cruz suástica ou gamada, para fins de divulgação do nazismo. (Redação dada pela Lei nº 9.459, de 15/05/97) Pena: reclusão de dois a cinco anos e multa. § 2º Se qualquer dos crimes previstos no caput é cometido por intermédio dos meios de comunicação social ou publicação de qualquer natureza: (Redação dada pela Lei nº 9.459, de 15/05/97) Pena: reclusão de dois a cinco anos e multa. § 3º No caso do parágrafo anterior, o juiz poderá determinar, ouvido o Ministério Público ou a pedido deste, ainda antes do inquérito policial, sob pena de desobediência: (Redação dada pela Lei nº 9.459, de 15/05/97) I - o recolhimento imediato ou a busca e apreensão dos exemplares do material respectivo; II - a cessação das respectivas transmissões radiofônicas ou televisivas. § 4º Na hipótese do § 2º, constitui efeito da condenação, após o trânsito em julgado da decisão, a destruição do material apreendido. (Parágrafo incluído pela Lei nº 9.459, de 15/05/97)",Lei 7.716/89,Arts. 2º a 20,S,S,S,I,True,287,DIREITO PENAL,3603,Crimes Previstos na Legislação Extravagante,3613,Crimes Resultante de Preconceito de Raça ou de Cor,3613,Crimes Resultante de Preconceito de Raça ou de Cor,3613,Crimes Resultante de Preconceito de Raça ou de Cor,3613,Crimes Resultante de Preconceito de Raça ou de Cor
3617,Representação caluniosa,3603.0,3,287/3603/3617,DIREITO PENAL > Crimes Previstos na Legislação Extravagante > Representação caluniosa,"Art. 19. Constitui crime a representação por ato de improbidade contra agente público ou terceiro beneficiário quando o autor da denúncia o sabe inocente. Pena - detenção de 6 (seis) a 10 (dez) meses e multa. Parágrafo único. Além da sanção penal, o denunciante está sujeito a indenizar o denunciado pelos danos materiais, morais ou à imagem que houver provocado.",Lei 8.429-92,Art. 19,S,S,S,A,True,287,DIREITO PENAL,3603,Crimes Previstos na Legislação Extravagante,3617,Representação caluniosa,3617,Representação caluniosa,3617,Representação caluniosa,3617,Representação caluniosa
3618,Crimes contra o Meio Ambiente e o Patrimônio Genético,3603.0,3,287/3603/3618,DIREITO PENAL > Crimes Previstos na Legislação Extravagante > Crimes contra o Meio Ambiente e o Patrimônio Genético,,Lei 9.605/98,Arts. 29 a 69A,S,S,S,A,False,287,DIREITO PENAL,3603,Crimes Previstos na Legislação Extravagante,3618,Crimes contra o Meio Ambiente e o Patrimônio Genético,3618,Crimes contra o Meio Ambiente e o Patrimônio Genético,3618,Crimes contra o Meio Ambiente e o Patrimônio Genético,3618,Crimes contra o Meio Ambiente e o Patrimônio Genético
3628,"Crimes de &quot;Lavagem&quot; ou Ocultação de Bens, Direitos ou Valores",3603.0,3,287/3603/3628,"DIREITO PENAL > Crimes Previstos na Legislação Extravagante > Crimes de &quot;Lavagem&quot; ou Ocultação de Bens, Direitos ou Valores","Art. 1º Ocultar ou dissimular a natureza, origem, localização, disposição, movimentação ou propriedade de bens, direitos ou valores provenientes, direta ou indiretamente, de crime: I - de tráfico ilícito de substâncias entorpecentes ou drogas afins; II - de terrorismo e seu financiamento; (Redação dada pela Lei nº 10.701, de 9.7.2003) III - de contrabando ou tráfico de armas, munições ou material destinado à sua produção; IV - de extorsão mediante seqüestro; V - contra a Administração Pública, inclusive a exigência, para si ou para outrem, direta ou indiretamente, de qualquer vantagem, como condição ou preço para a prática ou omissão de atos administrativos; VI - contra o sistema financeiro nacional; VII - praticado por organização criminosa. VIII - praticado por particular contra a administração pública estrangeira (arts. 337-B, 337-C e 337-D do Decreto-Lei no 2.848, de 7 de dezembro de 1940 %u2013 Código Penal). (Inciso incluído pela Lei nº 10.467, de 11.6.2002) Pena: reclusão de três a dez anos e multa. § 1º Incorre na mesma pena quem, para ocultar ou dissimular a utilização de bens, direitos ou valores provenientes de qualquer dos crimes antecedentes referidos neste artigo: I - os converte em ativos lícitos; II - os adquire, recebe, troca, negocia, dá ou recebe em garantia, guarda, tem em depósito, movimenta ou transfere; III - importa ou exporta bens com valores não correspondentes aos verdadeiros. § 2º Incorre, ainda, na mesma pena quem: I - utiliza, na atividade econômica ou financeira, bens, direitos ou valores que sabe serem provenientes de qualquer dos crimes antecedentes referidos neste artigo; II - participa de grupo, associação ou escritório tendo conhecimento de que sua atividade principal ou secundária é dirigida à prática de crimes previstos nesta Lei. § 3º A tentativa é punida nos termos do parágrafo único do art. 14 do Código Penal. § 4º A pena será aumentada de um a dois terços, nos casos previstos nos incisos I a VI do caput deste artigo, se o crime for cometido de forma habitual ou por intermédio de organização criminosa. § 5º A pena será reduzida de um a dois terços e começará a ser cumprida em regime aberto, podendo o juiz deixar de aplicá-la ou substituí-la por pena restritiva de direitos, se o autor, co-autor ou partícipe colaborar espontaneamente com as autoridades, prestando esclarecimentos que conduzam à apuração das infrações penais e de sua autoria ou à localização dos bens, direitos ou valores objeto do crime.",Lei 9.613/98,Art. 1º,S,S,S,A,True,287,DIREITO PENAL,3603,Crimes Previstos na Legislação Extravagante,3628,"Crimes de &quot;Lavagem&quot; ou Ocultação de Bens, Direitos ou Valores",3628,"Crimes de &quot;Lavagem&quot; ou Ocultação de Bens, Direitos ou Valores",3628,"Crimes de &quot;Lavagem&quot; ou Ocultação de Bens, Direitos ou Valores",3628,"Crimes de &quot;Lavagem&quot; ou Ocultação de Bens, Direitos ou Valores"
3629,Crimes contra as Telecomunicações,3603.0,3,287/3603/3629,DIREITO PENAL > Crimes Previstos na Legislação Extravagante > Crimes contra as Telecomunicações,"Art. 183. Desenvolver clandestinamente atividades de telecomunicação: Pena - detenção de dois a quatro anos, aumentada da metade se houver dano a terceiro, e multa de R$ 10.000,00 (dez mil reais). Parágrafo único. Incorre na mesma pena quem, direta ou indiretamente, concorrer para o crime.",Lei 9.472/97,Art. 183,S,S,S,A,True,287,DIREITO PENAL,3603,Crimes Previstos na Legislação Extravagante,3629,Crimes contra as Telecomunicações,3629,Crimes contra as Telecomunicações,3629,Crimes contra as Telecomunicações,3629,Crimes contra as Telecomunicações
3633,Crimes do Sistema Nacional de Armas,3603.0,3,287/3603/3633,DIREITO PENAL > Crimes Previstos na Legislação Extravagante > Crimes do Sistema Nacional de Armas,"Art. 12. Possuir ou manter sob sua guarda arma de fogo, acessório ou munição, de uso permitido, em desacordo com determinação legal ou regulamentar, no interior de sua residência ou dependência desta, ou, ainda no seu local de trabalho, desde que seja o titular ou o responsável legal do estabelecimento ou empresa: Pena %u2013 detenção, de 1 (um) a 3 (três) anos, e multa. Omissão de cautela Art. 13. Deixar de observar as cautelas necessárias para impedir que menor de 18 (dezoito) anos ou pessoa portadora de deficiência mental se apodere de arma de fogo que esteja sob sua posse ou que seja de sua propriedade: Pena %u2013 detenção, de 1 (um) a 2 (dois) anos, e multa. Parágrafo único. Nas mesmas penas incorrem o proprietário ou diretor responsável de empresa de segurança e transporte de valores que deixarem de registrar ocorrência policial e de comunicar à Polícia Federal perda, furto, roubo ou outras formas de extravio de arma de fogo, acessório ou munição que estejam sob sua guarda, nas primeiras 24 (vinte quatro) horas depois de ocorrido o fato. Porte ilegal de arma de fogo de uso permitido Art. 14. Portar, deter, adquirir, fornecer, receber, ter em depósito, transportar, ceder, ainda que gratuitamente, emprestar, remeter, empregar, manter sob guarda ou ocultar arma de fogo, acessório ou munição, de uso permitido, sem autorização e em desacordo com determinação legal ou regulamentar: Pena %u2013 reclusão, de 2 (dois) a 4 (quatro) anos, e multa. Parágrafo único. O crime previsto neste artigo é inafiançável, salvo quando a arma de fogo estiver registrada em nome do agente. Disparo de arma de fogo Art. 15. Disparar arma de fogo ou acionar munição em lugar habitado ou em suas adjacências, em via pública ou em direção a ela, desde que essa conduta não tenha como finalidade a prática de outro crime: Pena %u2013 reclusão, de 2 (dois) a 4 (quatro) anos, e multa. Parágrafo único. O crime previsto neste artigo é inafiançável. Posse ou porte ilegal de arma de fogo de uso restrito Art. 16. Possuir, deter, portar, adquirir, fornecer, receber, ter em depósito, transportar, ceder, ainda que gratuitamente, emprestar, remeter, empregar, manter sob sua guarda ou ocultar arma de fogo, acessório ou munição de uso proibido ou restrito, sem autorização e em desacordo com determinação legal ou regulamentar: Pena %u2013 reclusão, de 3 (três) a 6 (seis) anos, e multa. Parágrafo único. Nas mesmas penas incorre quem: I %u2013 suprimir ou alterar marca, numeração ou qualquer sinal de identificação de arma de fogo ou artefato; II %u2013 modificar as características de arma de fogo, de forma a torná-la equivalente a arma de fogo de uso proibido ou restrito ou para fins de dificultar ou de qualquer modo induzir a erro autoridade policial, perito ou juiz; III %u2013 possuir, detiver, fabricar ou empregar artefato explosivo ou incendiário, sem autorização ou em desacordo com determinação legal ou regulamentar; IV %u2013 portar, possuir, adquirir, transportar ou fornecer arma de fogo com numeração, marca ou qualquer outro sinal de identificação raspado, suprimido ou adulterado; V %u2013 vender, entregar ou fornecer, ainda que gratuitamente, arma de fogo, acessório, munição ou explosivo a criança ou adolescente; e VI %u2013 produzir, recarregar ou reciclar, sem autorização legal, ou adulterar, de qualquer forma, munição ou explosivo. Comércio ilegal de arma de fogo Art. 17. Adquirir, alugar, receber, transportar, conduzir, ocultar, ter em depósito, desmontar, montar, remontar, adulterar, vender, expor à venda, ou de qualquer forma utilizar, em proveito próprio ou alheio, no exercício de atividade comercial ou industrial, arma de fogo, acessório ou munição, sem autorização ou em desacordo com determinação legal ou regulamentar: Pena %u2013 reclusão, de 4 (quatro) a 8 (oito) anos, e multa. Parágrafo único. Equipara-se à atividade comercial ou industrial, para efeito deste artigo, qualquer forma de prestação de serviços, fabricação ou comércio irregular ou clandestino, inclusive o exercido em residência. Tráfico internacional de arma de fogo Art. 18. Importar, exportar, favorecer a entrada ou saída do território nacional, a qualquer título, de arma de fogo, acessório ou munição, sem autorização da autoridade competente: Pena %u2013 reclusão de 4 (quatro) a 8 (oito) anos, e multa.",Lei 10.826/03,Arts. 12 a 18,S,S,S,A,True,287,DIREITO PENAL,3603,Crimes Previstos na Legislação Extravagante,3633,Crimes do Sistema Nacional de Armas,3633,Crimes do Sistema Nacional de Armas,3633,Crimes do Sistema Nacional de Armas,3633,Crimes do Sistema Nacional de Armas
3637,Crimes Previstos no Estatuto da criança e do adolescente,3603.0,3,287/3603/3637,DIREITO PENAL > Crimes Previstos na Legislação Extravagante > Crimes Previstos no Estatuto da criança e do adolescente,Assunto pai para organizar os assuntos referentes aos tipos penais previstos no Estatuto da Criança e do Adolescente,ECA,228 a 244-C,N,N,N,A,True,287,DIREITO PENAL,3603,Crimes Previstos na Legislação Extravagante,3637,Crimes Previstos no Estatuto da criança e do adolescente,3637,Crimes Previstos no Estatuto da criança e do adolescente,3637,Crimes Previstos no Estatuto da criança e do adolescente,3637,Crimes Previstos no Estatuto da criança e do adolescente
3641,Sigilo Telefônico,3603.0,3,287/3603/3641,DIREITO PENAL > Crimes Previstos na Legislação Extravagante > Sigilo Telefônico,"Art. 10. Constitui crime realizar interceptação de comunicações telefônicas, de informática ou telemática, ou quebrar segredo da Justiça, sem autorização judicial ou com objetivos não autorizados em lei. Pena: reclusão, de dois a quatro anos, e multa.",Lei 9.296/96,Art. 10,S,S,S,A,True,287,DIREITO PENAL,3603,Crimes Previstos na Legislação Extravagante,3641,Sigilo Telefônico,3641,Sigilo Telefônico,3641,Sigilo Telefônico,3641,Sigilo Telefônico
3654,Crimes Eleitorais,3603.0,3,287/3603/3654,DIREITO PENAL > Crimes Previstos na Legislação Extravagante > Crimes Eleitorais,"Código 3654 e seus filhos desabilitados para todos os ramos de Justiça, exceto STF e STJ, em razão da criação do item 11429. Art. 289. Inscrever-se fraudulentamente eleitor: Pena - Reclusão até cinco anos e pagamento de cinco a 15 dias-multa. Art. 290 Induzir alguém a se inscrever eleitor com infração de qualquer dispositivo dêste Código. Pena - Reclusão até 2 anos e pagamento de 15 a 30 dias-multa. Art. 291. Efetuar o juiz, fraudulentamente, a inscrição de alistando. Pena - Reclusão até 5 anos e pagamento de cinco a quinze dias-multa. Art. 292. Negar ou retardar a autoridade judiciária, sem fundamento legal, a inscrição requerida: Pena - Pagamento de 30 a 60 dias-multa. Art. 293. Perturbar ou impedir de qualquer forma o alistamento: Pena - Detenção de 15 dias a seis meses ou pagamento de 30 a 60 dias-multa. Art. 295. Reter título eleitoral contra a vontade do eleitor: Pena - Detenção até dois meses ou pagamento de 30 a 60 dias-multa. Art. 296. Promover desordem que prejudique os trabalhos eleitorais; Pena - Detenção até dois meses e pagamento de 60 a 90 dias-multa. Art. 297. Impedir ou embaraçar o exercício do sufrágio: Pena - Detenção até seis meses e pagamento de 60 a 100 dias-multa. Art. 298. Prender ou deter eleitor, membro de mesa receptora, fiscal, delegado de partido ou candidato, com violação do disposto no Art. 236: Pena - Reclusão até quatro anos. Art. 299. Dar, oferecer, prometer, solicitar ou receber, para si ou para outrem, dinheiro, dádiva, ou qualquer outra vantagem, para obter ou dar voto e para conseguir ou prometer abstenção, ainda que a oferta não seja aceita: Pena - reclusão até quatro anos e pagamento de cinco a quinze dias-multa. Art. 300. Valer-se o servidor público da sua autoridade para coagir alguém a votar ou não votar em determinado candidato ou partido: Pena - detenção até seis meses e pagamento de 60 a 100 dias-multa. Parágrafo único. Se o agente é membro ou funcionário da Justiça Eleitoral e comete o crime prevalecendo-se do cargo a pena é agravada. Art. 301. Usar de violência ou grave ameaça para coagir alguém a votar, ou não votar, em determinado candidato ou partido, ainda que os fins visados não sejam conseguidos: Pena - reclusão até quatro anos e pagamento de cinco a quinze dias-multa. Art. 302. Promover, no dia da eleição, com o fim de impedir, embaraçar ou fraudar o exercício do voto a concentração de eleitores, sob qualquer forma, inclusive o fornecimento gratuito de alimento e transporte coletivo: (Redação dada pelo Decreto-Lei nº 1.064, de 24.10.1969) Pena - reclusão de quatro (4) a seis (6) anos e pagamento de 200 a 300 dias-multa. ((Redação dada pelo Decreto-Lei nº 1.064, de 24.10.1969) Art. 303. Majorar os preços de utilidades e serviços necessários à realização de eleições, tais como transporte e alimentação de eleitores, impressão, publicidade e divulgação de matéria eleitoral. Pena - pagamento de 250 a 300 dias-multa. Art. 304. Ocultar, sonegar açambarcar ou recusar no dia da eleição o fornecimento, normalmente a todos, de utilidades, alimentação e meios de transporte, ou conceder exclusividade dos mesmos a determinado partido ou candidato: Pena - pagamento de 250 a 300 dias-multa. Art. 305. Intervir autoridade estranha à mesa receptora, salvo o juiz eleitoral, no seu funcionamento sob qualquer pretexto: Pena - detenção até seis meses e pagamento de 60 a 90 dias-multa. Art. 306. Não observar a ordem em que os eleitores devem ser chamados a votar: Pena - pagamento de 15 a 30 dias-multa. Art. 307. Fornecer ao eleitor cédula oficial já assinalada ou por qualquer forma marcada: Pena - reclusão até cinco anos e pagamento de 5 a 15 dias-multa. Art. 308. Rubricar e fornecer a cédula oficial em outra oportunidade que não a de entrega da mesma ao eleitor. Pena - reclusão até cinco anos e pagamento de 60 a 90 dias-multa. Art. 309. Votar ou tentar votar mais de uma vez, ou em lugar de outrem: Pena - reclusão até três anos. Art. 310. Praticar, ou permitir membro da mesa receptora que seja praticada, qualquer irregularidade que determine a anulação de votação, salvo no caso do Art. 311: Pena - detenção até seis meses ou pagamento de 90 a 120 dias-multa. Art. 311. Votar em seção eleitoral em que não está inscrito, salvo nos casos expressamente previstos, e permitir, o presidente da mesa receptora, que o voto seja admitido: Pena - detenção até um mês ou pagamento de 5 a 15 dias-multa para o eleitor e de 20 a 30 dias-multa para o presidente da mesa. Art. 312. Violar ou tentar violar o sigilo do voto: Pena - detenção até dois anos. Art. 313. Deixar o juiz e os membros da Junta de expedir o boletim de apuração imediatamente após a apuração de cada urna e antes de passar à subseqüente, sob qualquer pretexto e ainda que dispensada a expedição pelos fiscais, delegados ou candidatos presentes: Pena - pagamento de 90 a 120 dias-multa. Parágrafo único. Nas seções eleitorais em que a contagem fôr procedida pela mesa receptora incorrerão na mesma pena o presidente e os mesários que não expedirem imediatamente o respectivo boletim. Art. 314. Deixar o juiz e os membros da Junta de recolher as cédulas apuradas na respectiva urna, fechá-la e lacrá-la, assim que terminar a apuração de cada seção e antes de passar à subseqüente, sob qualquer pretexto e ainda que dispensada a providencia pelos fiscais, delegados ou candidatos presentes: Pena - detenção até dois meses ou pagamento de 90 a 120 dias-multa. Parágrafo único. Nas seções eleitorais em que a contagem dos votos fôr procedida pela mesa receptora incorrerão na mesma pena o presidente e os mesários que não fecharem e lacrarem a urna após a contagem. Art. 315. Alterar nos mapas ou nos boletins de apuração a votação obtida por qualquer candidato ou lançar nesses documentos votação que não corresponda às cédulas apuradas: Pena - reclusão até cinco anos e pagamento de 5 a 15 dias-multa. Art. 316. Não receber ou não mencionar nas atas da eleição ou da apuração os protestos devidamente formulados ou deixar de remetê-los à instância superior: Pena - reclusão até cinco anos e pagamento de 5 a 15 dias-multa. Art. 317. Violar ou tentar violar o sigilo da urna ou dos invólucros. Pena - reclusão de três a cinco anos. Art. 318. Efetuar a mesa receptora a contagem dos votos da urna quando qualquer eleitor houver votado sob impugnação (art. 190): Pena - detenção até um mês ou pagamento de 30 a 60 dias-multa. Art. 319. Subscrever o eleitor mais de uma ficha de registro de um ou mais partidos: Pena - detenção até 1 mês ou pagamento de 10 a 30 dias-multa. Art. 320. Inscrever-se o eleitor, simultaneamente, em dois ou mais partidos: Pena - pagamento de 10 a 20 dias-multa. Art. 321. Colher a assinatura do eleitor em mais de uma ficha de registro de partido: Pena - detenção até dois meses ou pagamento de 20 a 40 dias-multa. Art. 323. Divulgar, na propaganda, fatos que sabe inveridicos, em relação a partidos ou candidatos e capazes de exercerem influência perante o eleitorado: Pena - detenção de dois meses a um ano, ou pagamento de 120 a 150 dias-multa. Parágrafo único. A pena é agravada se o crime é cometido pela imprensa, rádio ou televisão. Art. 324. Caluniar alguém, na propaganda eleitoral, ou visando fins de propaganda, imputando-lhe falsamente fato definido como crime: Pena - detenção de seis meses a dois anos, e pagamento de 10 a 40 dias-multa. § 1° Nas mesmas penas incorre quem, sabendo falsa a imputação, a propala ou divulga. § 2º A prova da verdade do fato imputado exclui o crime, mas não é admitida: I - se, constituindo o fato imputado crime de ação privada, o ofendido, não foi condenado por sentença irrecorrível; II - se o fato é imputado ao Presidente da República ou chefe de governo estrangeiro; III - se do crime imputado, embora de ação pública, o ofendido foi absolvido por sentença irrecorrível. Art. 325. Difamar alguém, na propaganda eleitoral, ou visando a fins de propaganda, imputando-lhe fato ofensivo à sua reputação: Pena - detenção de três meses a um ano, e pagamento de 5 a 30 dias-multa. Parágrafo único. A exceção da verdade somente se admite se ofendido é funcionário público e a ofensa é relativa ao exercício de suas funções. Art. 326. Injuriar alguém, na propaganda eleitoral, ou visando a fins de propaganda, ofendendo-lhe a dignidade ou o decôro: Pena - detenção até seis meses, ou pagamento de 30 a 60 dias-multa. § 1º O juiz pode deixar de aplicar a pena: I - se o ofendido, de forma reprovável, provocou diretamente a injúria; II - no caso de retorsão imediata, que consista em outra injúria. § 2º Se a injúria consiste em violência ou vias de fato, que, por sua natureza ou meio empregado, se considerem aviltantes: Pena - detenção de três meses a um ano e pagamento de 5 a 20 dias-multa, além das penas correspondentes à violência prevista no Código Penal. Art. 327. As penas cominadas nos artigos. 324, 325 e 326, aumentam-se de um terço, se qualquer dos crimes é cometido: I - contra o Presidente da República ou chefe de governo estrangeiro; II - contra funcionário público, em razão de suas funções; III - na presença de várias pessoas, ou por meio que facilite a divulgação da ofensa. Art. 330. Nos casos dos artigos. 328 e 329 se o agente repara o dano antes da sentença final, o juiz pode reduzir a pena. Art. 331. Inutilizar, alterar ou perturbar meio de propaganda devidamente empregado: Pena - detenção até seis meses ou pagamento de 90 a 120 dias-multa. Art. 332. Impedir o exercício de propaganda: Pena - detenção até seis meses e pagamento de 30 a 60 dias-multa. Art. 334. Utilizar organização comercial de vendas, distribuição de mercadorias, prêmios e sorteios para propaganda ou aliciamento de eleitores: Pena - detenção de seis meses a um ano e cassação do registro se o responsável fôr candidato. Art. 335. Fazer propaganda, qualquer que seja a sua forma, em língua estrangeira: Pena - detenção de três a seis meses e pagamento de 30 a 60 dias-multa. Parágrafo único. Além da pena cominada, a infração ao presente artigo importa na apreensão e perda do material utilizado na propaganda. Art. 336. Na sentença que julgar ação penal pela infração de qualquer dos artigos. 322, 323, 324, 325, 326,328, 329, 331, 332, 333, 334 e 335, deve o juiz verificar, de acôrdo com o seu livre convencionamento, se diretório local do partido, por qualquer dos seus membros, concorreu para a prática de delito, ou dela se beneficiou conscientemente. Parágrafo único. Nesse caso, imporá o juiz ao diretório responsável pena de suspensão de sua atividade eleitoral por prazo de 6 a 12 meses, agravada até o dôbro nas reincidências. Ar. 337. Participar, o estrangeiro ou brasileiro que não estiver no gôzo dos seus direitos políticos, de atividades partidárias inclusive comícios e atos de propaganda em recintos fechados ou abertos: Pena - detenção até seis meses e pagamento de 90 a 120 dias-multa. Parágrafo único. Na mesma pena incorrerá o responsável pelas emissoras de rádio ou televisão que autorizar transmissões de que participem os mencionados neste artigo, bem como o diretor de jornal que lhes divulgar os pronunciamentos. Art. 338. Não assegurar o funcionário postal a prioridade prevista no Art. 239: Pena - Pagamento de 30 a 60 dias-multa. Art. 339 - Destruir, suprimir ou ocultar urna contendo votos, ou documentos relativos à eleição: Pena - reclusão de dois a seis anos e pagamento de 5 a 15 dias-multa. Parágrafo único. Se o agente é membro ou funcionário da Justiça Eleitoral e comete o crime prevalecendo-se do cargo, a pena é agravada. Art. 340. Fabricar, mandar fabricar, adquirir, fornecer, ainda que gratuitamente, subtrair ou guardar urnas, objetos, mapas, cédulas ou papéis de uso exclusivo da Justiça Eleitoral: Pena - reclusão até três anos e pagamento de 3 a 15 dias-multa. Parágrafo único. Se o agente é membro ou funcionário da Justiça Eleitoral e comete o crime prevalecendo-se do cargo, a pena é agravada. Art. 341. Retardar a publicação ou não publicar, o diretor ou qualquer outro funcionário de órgão oficial federal, estadual, ou municipal, as decisões, citações ou intimações da Justiça Eleitoral: Pena - detenção até um mês ou pagamento de 30 a 60 dias-multa. Art. 342. Não apresentar o órgão do Ministério Público, no prazo legal, denúncia ou deixar de promover a execução de sentença condenatória: Pena - detenção até dois meses ou pagamento de 60 a 90 dias-multa. Art. 343. Não cumprir o juiz o disposto no § 3º do Art. 357: Pena - detenção até dois meses ou pagamento de 60 a 90 dias-multa. Art. 344. Recusar ou abandonar o serviço eleitoral sem justa causa: Pena - detenção até dois meses ou pagamento de 90 a 120 dias-multa. Art. 345. Não cumprir a autoridade judiciária, ou qualquer funcionário dos órgãos da Justiça Eleitoral, nos prazos legais, os deveres impostos por êste Código, se a infração não estiver sujeita a outra penalidade: (Redação dada pela Lei nº 4.961, de 4.5.1966) Pena - pagamento de trinta a noventa dias-multa.(Redação dada pela Lei nº 4.961, de 4.5.1966) Art. 346. Violar o disposto no Art. 377: Pena - detenção até seis meses e pagamento de 30 a 60 dias-multa. Parágrafo único. Incorrerão na pena, além da autoridade responsável, os servidores que prestarem serviços e os candidatos, membros ou diretores de partido que derem causa à infração. Art. 347. Recusar alguém cumprimento ou obediência a diligências, ordens ou instruções da Justiça Eleitoral ou opor embaraços à sua execução: Pena - detenção de três meses a um ano e pagamento de 10 a 20 dias-multa. Art. 348. Falsificar, no todo ou em parte, documento público, ou alterar documento público verdadeiro, para fins eleitorais: Pena - reclusão de dois a seis anos e pagamento de 15 a 30 dias-multa. § 1º Se o agente é funcionário público e comete o crime prevalecendo-se do cargo, a pena é agravada. § 2º Para os efeitos penais, equipara-se a documento público o emanado de entidade paraestatal inclusive Fundação do Estado. Ar. 349. Falsificar, no todo ou em parte, documento particular ou alterar documento particular verdadeiro, para fins eleitorais: Pena - reclusão até cinco anos e pagamento de 3 a 10 dias-multa. Art. 350. Omitir, em documento público ou particular, declaração que dêle devia constar, ou nele inserir ou fazer inserir declaração falsa ou diversa da que devia ser escrita, para fins eleitorais: Pena - reclusão até cinco anos e pagamento de 5 a 15 dias-multa, se o documento é público, e reclusão até três anos e pagamento de 3 a 10 dias-multa se o documento é particular. Parágrafo único. Se o agente da falsidade documental é funcionário público e comete o crime prevalecendo-se do cargo ou se a falsificação ou alteração é de assentamentos de registro civil, a pena é agravada. Art. 351. Equipara-se a documento (348,349 e 350) para os efeitos penais, a fotografia, o filme cinematográfico, o disco fonográfico ou fita de ditafone a que se incorpore declaração ou imagem destinada à prova de fato juridicamente relevante. Ar. 352. Reconhecer, como verdadeira, no exercício da função pública, firma ou letra que o não seja, para fins eleitorais: Pena - reclusão até cinco anos e pagamento de 5 a 15 dias-multa se o documento é público, e reclusão até três anos e pagamento de 3 a 10 dias-multa se o documento é particular. Art. 353. Fazer uso de qualquer dos documentos falsificados ou alterados, a que se referem os artigos. 348 a 352: Pena - a cominada à falsificação ou à alteração. Art. 354. Obter, para uso próprio ou de outrem, documento público ou particular, material ou ideologicamente falso para fins eleitorais: Pena - a cominada à falsificação ou à alteração.",Lei 4.737/65,Arts. 289 a 354,S,S,S,A,False,287,DIREITO PENAL,3603,Crimes Previstos na Legislação Extravagante,3654,Crimes Eleitorais,3654,Crimes Eleitorais,3654,Crimes Eleitorais,3654,Crimes Eleitorais
3656,Crimes do Código Brasileiro de Telecomunicações,3603.0,3,287/3603/3656,DIREITO PENAL > Crimes Previstos na Legislação Extravagante > Crimes do Código Brasileiro de Telecomunicações,"Art. 56. Pratica crime de violação de telecomunicação quem, transgredindo lei ou regulamento, exiba autógrafo ou qualquer documento do arquivo, divulgue ou comunique, informe ou capte, transmita a outrem ou utilize o conteúdo, resumo, significado, interpretação, indicação ou efeito de qualquer comunicação dirigida a terceiro. § 1º Pratica, também, crime de violação de telecomunicações quem ilegalmente receber, divulgar ou utilizar, telecomunicação interceptada. § 2º Sòmente os serviços fiscais das estações e postos oficiais poderão interceptar telecomunicação. I - A recepção de telecomunicação dirigida por quem diretamente ou como cooperação esteja legalmente autorizado; II - O conhecimento dado: a) ao destinatário da telecomunicação ou a seu representante legal; b) aos intervenientes necessários ao curso da telecomunicação; c) ao comandante ou chefe, sob cujas ordens imediatas estiver servindo; d) aos fiscais do Govêrno junto aos concessionários ou permissionários; e) ao juiz competente, mediante requisição ou intimação dêste. Parágrafo único. Não estão compreendidas nas proibições contidas nesta lei as radiocomunicações destinadas a ser livremente recebidas, as de amadores, as relativas a navios e aeronaves em perigo, ou as transmitidas nos casos de calamidade pública. Art. 70. Constitui crime punível com a pena de detenção de 1 (um) a 2 (dois) anos, aumentada da metade se houver dano a terceiro, a instalação ou utilização de telecomunicações, sem observância do disposto nesta Lei e nos regulamentos. (Substituído pelo Decreto-lei nº 236, de 28.2.1967) Parágrafo único. Precedendo ao processo penal, para os efeitos referidos neste artigo, será liminarmente procedida a busca e apreensão da estação ou aparelho ilegal. Art. 72. A autoridade que impedir ou embaraçar a liberdade da radiodifusão ou da televisão fora dos casos autorizados em lei, incidirá no que couber, na sanção do artigo 322 do Código Penal. (Substituído pelo Decreto-lei nº 236, de 28.2.1967)",Lei 4.117/62,"Arts. 56, 70, 72",S,S,S,A,True,287,DIREITO PENAL,3603,Crimes Previstos na Legislação Extravagante,3656,Crimes do Código Brasileiro de Telecomunicações,3656,Crimes do Código Brasileiro de Telecomunicações,3656,Crimes do Código Brasileiro de Telecomunicações,3656,Crimes do Código Brasileiro de Telecomunicações
3664,Crimes Militares,3603.0,3,287/3603/3664,DIREITO PENAL > Crimes Previstos na Legislação Extravagante > Crimes Militares,"Processos relativos aos crimes militares. Desabilitados o código 3664 e seus filhos para todos os ramos de Justiça, exceto STF, em razão da criação de árvore própria do DIREITO PENAL MILITAR.",CPM (Lei 1.101/69),arts. 136 a 408,S,S,S,I,False,287,DIREITO PENAL,3603,Crimes Previstos na Legislação Extravagante,3664,Crimes Militares,3664,Crimes Militares,3664,Crimes Militares,3664,Crimes Militares
12340,Provocação de tumulto ou conduta inconveniente,3692.0,3,287/3692/12340,DIREITO PENAL > Contravenções Penais > Provocação de tumulto ou conduta inconveniente,"Provocar tumulto ou portar-se de modo inconveniente ou desrespeitoso, em solenidade ou ato oficial, em assembléia ou espetáculo público, se o fato não constituir infração penal mais grave: Pena - prisão simples, de quine dias a seis meses, ou multa, de duzentos mil réis a dois contos de réis",DL 3688/41,40,S,S,S,A,True,287,DIREITO PENAL,3692,Contravenções Penais,12340,Provocação de tumulto ou conduta inconveniente,12340,Provocação de tumulto ou conduta inconveniente,12340,Provocação de tumulto ou conduta inconveniente,12340,Provocação de tumulto ou conduta inconveniente
12345,Vias de fato,3692.0,3,287/3692/12345,DIREITO PENAL > Contravenções Penais > Vias de fato,"Art. 21. Praticar vias de fato contra alguém: Pena %u2013 prisão simples, de quinze dias a três meses, ou multa, de cem mil réis a um conto de réis, se o fato não constitui crime. Parágrafo único. Aumenta-se a pena de 1/3 (um terço) até a metade se a vítima é maior de 60 (sessenta) anos.",DL 3688/1941,21,S,S,S,A,True,287,DIREITO PENAL,3692,Contravenções Penais,12345,Vias de fato,12345,Vias de fato,12345,Vias de fato,12345,Vias de fato
12347,Perturbação do trabalho ou do sossego alheios,3692.0,3,287/3692/12347,DIREITO PENAL > Contravenções Penais > Perturbação do trabalho ou do sossego alheios,"Art. 42. Perturbar alguém o trabalho ou o sossego alheios: I %u2013 com gritaria ou algazarra; II %u2013 exercendo profissão incômoda ou ruidosa, em desacordo com as prescrições legais; III %u2013 abusando de instrumentos sonoros ou sinais acústicos; IV %u2013 provocando ou não procurando impedir barulho produzido por animal de que tem a guarda: Pena %u2013 prisão simples, de quinze dias a três meses, ou multa, de duzentos mil réis a dois contos de réis.",DL 3688/1941,42,S,S,S,A,True,287,DIREITO PENAL,3692,Contravenções Penais,12347,Perturbação do trabalho ou do sossego alheios,12347,Perturbação do trabalho ou do sossego alheios,12347,Perturbação do trabalho ou do sossego alheios,12347,Perturbação do trabalho ou do sossego alheios
12354,Perturbação da tranquilidade,3692.0,3,287/3692/12354,DIREITO PENAL > Contravenções Penais > Perturbação da tranquilidade,"Art. 65. Molestar alguém ou perturbar-lhe a tranquilidade, por acinte ou por motivo reprovável: Pena %u2013 prisão simples, de quinze dias a dois meses, ou multa, de duzentos mil réis a dois contos de réis",DL 3688/1941,65,S,S,S,A,True,287,DIREITO PENAL,3692,Contravenções Penais,12354,Perturbação da tranquilidade,12354,Perturbação da tranquilidade,12354,Perturbação da tranquilidade,12354,Perturbação da tranquilidade
3565,Usurpação de função pública ,5872.0,3,287/5872/3565,DIREITO PENAL > Crimes Praticados por Particular Contra a Administração em Geral > Usurpação de função pública ,"Usurpação de função pública Art. 328 - Usurpar o exercício de função pública: Pena - detenção, de três meses a dois anos, e multa. Parágrafo único - Se do fato o agente aufere vantagem: Pena - reclusão, de dois a cinco anos, e multa.",CP,art 328,S,S,S,A,True,287,DIREITO PENAL,5872,Crimes Praticados por Particular Contra a Administração em Geral,3565,Usurpação de função pública ,3565,Usurpação de função pública ,3565,Usurpação de função pública ,3565,Usurpação de função pública 
3568,Corrupção ativa ,5872.0,3,287/5872/3568,DIREITO PENAL > Crimes Praticados por Particular Contra a Administração em Geral > Corrupção ativa ,"Corrupção ativa Art. 333 - Oferecer ou prometer vantagem indevida a funcionário público, para determiná-lo a praticar, omitir ou retardar ato de ofício: Pena ? reclusão, de 2 (dois) a 12 (doze) anos, e multa. (Redação dada pela Lei nº 10.763, de 12.11.2003) Parágrafo único - A pena é aumentada de um terço, se, em razão da vantagem ou promessa, o funcionário retarda ou omite ato de ofício, ou o pratica infringindo dever funcional.",CP,333,S,S,S,A,True,287,DIREITO PENAL,5872,Crimes Praticados por Particular Contra a Administração em Geral,3568,Corrupção ativa ,3568,Corrupção ativa ,3568,Corrupção ativa ,3568,Corrupção ativa 
3572,Desobediência ,5872.0,3,287/5872/3572,DIREITO PENAL > Crimes Praticados por Particular Contra a Administração em Geral > Desobediência ,"Desobediência Art. 330 - Desobedecer a ordem legal de funcionário público: Pena - detenção, de quinze dias a seis meses, e multa.",CP,330,S,S,S,A,True,287,DIREITO PENAL,5872,Crimes Praticados por Particular Contra a Administração em Geral,3572,Desobediência ,3572,Desobediência ,3572,Desobediência ,3572,Desobediência 
3573,Desacato ,5872.0,3,287/5872/3573,DIREITO PENAL > Crimes Praticados por Particular Contra a Administração em Geral > Desacato ,"Desacato Art. 331 - Desacatar funcionário público no exercício da função ou em razão dela: Pena - detenção, de seis meses a dois anos, ou multa.",CP,331,S,S,S,A,True,287,DIREITO PENAL,5872,Crimes Praticados por Particular Contra a Administração em Geral,3573,Desacato ,3573,Desacato ,3573,Desacato ,3573,Desacato 
5876,Corrupção Ativa em Transação Comercial Internacional,5873.0,3,287/5873/5876,DIREITO PENAL > Crimes Praticados por Particular Contra a Administração Pública Estrangeira > Corrupção Ativa em Transação Comercial Internacional,"Art. 337-B. Prometer, oferecer ou dar, direta ou indiretamente, vantagem indevida a funcionário público estrangeiro, ou a terceira pessoa, para determiná-lo a praticar, omitir ou retardar ato de ofício relacionado à transação comercial internacional: (Incluído pela Lei nº 10467, de 11.6.2002) Pena - reclusão, de 1 (um) a 8 (oito) anos, e multa. (Incluído pela Lei nº 10467, de 11.6.2002) Parágrafo único. A pena é aumentada de 1/3 (um terço), se, em razão da vantagem ou promessa, o funcionário público estrangeiro retarda ou omite o ato de ofício, ou o pratica infringindo dever funcional. (Incluído pela Lei nº 10467, de 11.6.2002)",CP,337-B,S,S,S,A,True,287,DIREITO PENAL,5873,Crimes Praticados por Particular Contra a Administração Pública Estrangeira,5876,Corrupção Ativa em Transação Comercial Internacional,5876,Corrupção Ativa em Transação Comercial Internacional,5876,Corrupção Ativa em Transação Comercial Internacional,5876,Corrupção Ativa em Transação Comercial Internacional
3576,Denunciação caluniosa ,5874.0,3,287/5874/3576,DIREITO PENAL > Crimes Contra a Administração da Justiça > Denunciação caluniosa ,"Denunciação caluniosa Art. 339. Dar causa à instauração de investigação policial, de processo judicial, instauração de investigação administrativa, inquérito civil ou ação de improbidade administrativa contra alguém, imputando-lhe crime de que o sabe inocente: (Redação dada pela Lei nº 10.028, de 2000) Pena - reclusão, de dois a oito anos, e multa. § 1º - A pena é aumentada de sexta parte, se o agente se serve de anonimato ou de nome suposto. § 2º - A pena é diminuída de metade, se a imputação é de prática de contravenção.",CP,339,S,S,S,A,True,287,DIREITO PENAL,5874,Crimes Contra a Administração da Justiça,3576,Denunciação caluniosa ,3576,Denunciação caluniosa ,3576,Denunciação caluniosa ,3576,Denunciação caluniosa 
3577,Comunicação falsa de crime ou de contravenção ,5874.0,3,287/5874/3577,DIREITO PENAL > Crimes Contra a Administração da Justiça > Comunicação falsa de crime ou de contravenção ,"Comunicação falsa de crime ou de contravenção Art. 340 - Provocar a ação de autoridade, comunicando-lhe a ocorrência de crime ou de contravenção que sabe não se ter verificado: Pena - detenção, de um a seis meses, ou multa.",CP,340,S,S,S,A,True,287,DIREITO PENAL,5874,Crimes Contra a Administração da Justiça,3577,Comunicação falsa de crime ou de contravenção ,3577,Comunicação falsa de crime ou de contravenção ,3577,Comunicação falsa de crime ou de contravenção ,3577,Comunicação falsa de crime ou de contravenção 
3579,Falso testemunho ou falsa perícia ,5874.0,3,287/5874/3579,DIREITO PENAL > Crimes Contra a Administração da Justiça > Falso testemunho ou falsa perícia ,"o art. 343 do CP, apesar de estar dentro do mesmo enunciado do art. 342 (Falso testemunho ou falsa perícia), tipifica, na verdade, a corrupção ativa de testemunha ou perito.",CP,342 e 343,S,S,S,A,True,287,DIREITO PENAL,5874,Crimes Contra a Administração da Justiça,3579,Falso testemunho ou falsa perícia ,3579,Falso testemunho ou falsa perícia ,3579,Falso testemunho ou falsa perícia ,3579,Falso testemunho ou falsa perícia 
3585,Exercício arbitrário ou abuso de poder ,5874.0,3,287/5874/3585,DIREITO PENAL > Crimes Contra a Administração da Justiça > Exercício arbitrário ou abuso de poder ,"Exercício arbitrário ou abuso de poder Art. 350 - Ordenar ou executar medida privativa de liberdade individual, sem as formalidades legais ou com abuso de poder: Pena - detenção, de um mês a um ano. Parágrafo único - Na mesma pena incorre o funcionário que: I - ilegalmente recebe e recolhe alguém a prisão, ou a estabelecimento destinado a execução de pena privativa de liberdade ou de medida de segurança; II - prolonga a execução de pena ou de medida de segurança, deixando de expedir em tempo oportuno ou de executar imediatamente a ordem de liberdade; III - submete pessoa que está sob sua guarda ou custódia a vexame ou a constrangimento não autorizado em lei; IV - efetua, com abuso de poder, qualquer diligência.",CP,350,S,S,S,A,True,287,DIREITO PENAL,5874,Crimes Contra a Administração da Justiça,3585,Exercício arbitrário ou abuso de poder ,3585,Exercício arbitrário ou abuso de poder ,3585,Exercício arbitrário ou abuso de poder ,3585,Exercício arbitrário ou abuso de poder 
3595,Desobediência a decisão judicial sobre perda ou suspensão de direitos ,5874.0,3,287/5874/3595,DIREITO PENAL > Crimes Contra a Administração da Justiça > Desobediência a decisão judicial sobre perda ou suspensão de direitos ,"A Lei 10.028 de 19.10.2000, acrescentou a este título, o capítulo IV Dos Crimes contra as Finanças Públicas art. 359-A ao 359-H.",CP,359,S,S,S,A,True,287,DIREITO PENAL,5874,Crimes Contra a Administração da Justiça,3595,Desobediência a decisão judicial sobre perda ou suspensão de direitos ,3595,Desobediência a decisão judicial sobre perda ou suspensão de direitos ,3595,Desobediência a decisão judicial sobre perda ou suspensão de direitos ,3595,Desobediência a decisão judicial sobre perda ou suspensão de direitos 
10991,Corrupção Praticada por Prefeitos e Vereadores,5875.0,3,287/5875/10991,DIREITO PENAL > Crimes Contra as Finanças Públicas > Corrupção Praticada por Prefeitos e Vereadores,"Art. 1º São crimes de responsabilidade dos Prefeitos Municipal, sujeitos ao julgamento do Poder Judiciário, independentemente do pronunciamento da Câmara dos Vereadores: I - apropriar-se de bens ou rendas públicas, ou desviá-los em proveito próprio ou alheio; II - utilizar-se, indevidamente, em proveito próprio ou alheio, de bens, rendas ou serviços públicos; ...............................................................",DL 201/1967,1°,S,S,S,A,True,287,DIREITO PENAL,5875,Crimes Contra as Finanças Públicas,10991,Corrupção Praticada por Prefeitos e Vereadores,10991,Corrupção Praticada por Prefeitos e Vereadores,10991,Corrupção Praticada por Prefeitos e Vereadores,10991,Corrupção Praticada por Prefeitos e Vereadores
11782,Intimação,11781.0,3,8826/11781/11782,DIREITO PROCESSUAL CIVIL E DO TRABALHO > Objetos de cartas precatórias cíveis/de ordem > Intimação,"Assunto a ser vinculado às cartas precatórias e de ordem. Pode ser vinculado, também, às cartas rogatórias. Pode ser vinculado a qualquer classe processual de cartas, exceto criminais, sejam cíveis, eleitorais, do trabalho, infracionais etc. Art. 232. Nos atos de comunicação por carta precatória, rogatória ou de ordem, a realização da citação ou da intimação será imediatamente informada, por meio eletrônico, pelo juiz deprecado ao juiz deprecante.",CPC,232,S,S,S,A,True,8826,DIREITO PROCESSUAL CIVIL E DO TRABALHO,11781,Objetos de cartas precatórias cíveis/de ordem,11782,Intimação,11782,Intimação,11782,Intimação,11782,Intimação
11783,Citação,11781.0,3,8826/11781/11783,DIREITO PROCESSUAL CIVIL E DO TRABALHO > Objetos de cartas precatórias cíveis/de ordem > Citação,"Assunto a ser vinculado às cartas precatórias e de ordem. Pode ser vinculado, também, às cartas rogatórias. Pode ser vinculado a qualquer classe processual de cartas, exceto criminais, sejam cíveis, eleitorais, do trabalho, infracionais etc. Art. 232. Nos atos de comunicação por carta precatória, rogatória ou de ordem, a realização da citação ou da intimação será imediatamente informada, por meio eletrônico, pelo juiz deprecado ao juiz deprecante.",CPC,232,S,S,S,A,True,8826,DIREITO PROCESSUAL CIVIL E DO TRABALHO,11781,Objetos de cartas precatórias cíveis/de ordem,11783,Citação,11783,Citação,11783,Citação,11783,Citação
11784,Oitiva,11781.0,3,8826/11781/11784,DIREITO PROCESSUAL CIVIL E DO TRABALHO > Objetos de cartas precatórias cíveis/de ordem > Oitiva,"Assunto a ser vinculado às cartas precatórias e de ordem. Pode ser vinculado, também, às cartas rogatórias. Pode ser vinculado a qualquer classe processual de cartas, exceto criminais, sejam cíveis, eleitorais, do trabalho, infracionais etc. Art. 453. As testemunhas depõem, na audiência de instrução e julgamento, perante o juiz da causa, exceto: ............................................................................... II - as que são inquiridas por carta.",CPC,"453, II",S,S,S,A,True,8826,DIREITO PROCESSUAL CIVIL E DO TRABALHO,11781,Objetos de cartas precatórias cíveis/de ordem,11784,Oitiva,11784,Oitiva,11784,Oitiva,11784,Oitiva
11785,Diligências,11781.0,3,8826/11781/11785,DIREITO PROCESSUAL CIVIL E DO TRABALHO > Objetos de cartas precatórias cíveis/de ordem > Diligências,"Assunto a ser vinculado às cartas precatórias e de ordem. Pode ser vinculado, também, às cartas rogatórias. Pode ser vinculado a qualquer classe processual de cartas, exceto criminais, sejam cíveis, eleitorais, do trabalho, infracionais etc. Art. 261. Em todas as cartas o juiz fixará o prazo para cumprimento, atendendo à facilidade das comunicações e à natureza da diligência. § 1 o As partes deverão ser intimadas pelo juiz do ato de expedição da carta. § 2 o Expedida a carta, as partes acompanharão o cumprimento da diligência perante o juízo destinatário, ao qual compete a prática dos atos de comunicação. § 3 o A parte a quem interessar o cumprimento da diligência cooperará para que o prazo a que se refere o caput seja cumprido.",CPC,261,S,S,S,A,True,8826,DIREITO PROCESSUAL CIVIL E DO TRABALHO,11781,Objetos de cartas precatórias cíveis/de ordem,11785,Diligências,11785,Diligências,11785,Diligências,11785,Diligências
11786,Atos executórios,11781.0,3,8826/11781/11786,DIREITO PROCESSUAL CIVIL E DO TRABALHO > Objetos de cartas precatórias cíveis/de ordem > Atos executórios,"Assunto a ser vinculado às cartas precatórias e de ordem. Pode ser vinculado, também, às cartas rogatórias. Pode ser vinculado a qualquer classe processual de cartas, exceto criminais, sejam cíveis eleitorais, do trabalho, infracionais etc. Deve ser utilizado na hipótese de ter sido deprecada a prática de qualquer ato executório (execução cível, criminal ou infracional). Art. 914. .............................................................. ............................................................................... § 2 o Na execução por carta, os embargos serão oferecidos no juízo deprecante ou no juízo deprecado, mas a competência para julgá-los é do juízo deprecante, salvo se versarem unicamente sobre vícios ou defeitos da penhora, da avaliação ou da alienação dos bens efetuadas no juízo deprecado. Art. 915. .......................................................... .............................................................................. § 2 o Nas execuções por carta, o prazo para embargos será contado: I - da juntada, na carta, da certificação da citação, quando versarem unicamente sobre vícios ou defeitos da penhora, da avaliação ou da alienação dos bens; II - da juntada, nos autos de origem, do comunicado de que trata o § 4 o deste artigo ou, não havendo este, da juntada da carta devidamente cumprida, quando versarem sobre questões diversas da prevista no inciso I deste parágrafo. ............................................................... § 4 o Nos atos de comunicação por carta precatória, rogatória ou de ordem, a realização da citação será imediatamente informada, por meio eletrônico, pelo juiz deprecado ao juiz deprecante.",CPC,"914, § 2º; 915, §§ 2º e 4º",S,S,S,A,True,8826,DIREITO PROCESSUAL CIVIL E DO TRABALHO,11781,Objetos de cartas precatórias cíveis/de ordem,11786,Atos executórios,11786,Atos executórios,11786,Atos executórios,11786,Atos executórios
12965,Conflito de Competência ,8828.0,3,8826/8828/12965,DIREITO PROCESSUAL CIVIL E DO TRABALHO > Jurisdição e Competência > Conflito de Competência ,"Envolve discussões sobre fixação ou alteração de competência em razão de prerrogativa de função. Também denominado foro privilegiado. CF Art. 102. Compete ao Supremo Tribunal Federal, precipuamente, a guarda da Constituição, cabendo-lhe: I - processar e julgar, originariamente: ............................................................................................. c) nas infrações penais comuns e nos crimes de responsabilidade, os Ministros de Estado e os Comandantes da Marinha, do Exército e da Aeronáutica, ressalvado o disposto no art. 52, I, os membros dos Tribunais Superiores, os do Tribunal de Contas da União e os chefes de missão diplomática de caráter permanente; (Redação dada pela Emenda Constitucional nº 23, de 1999) d) o habeas corpus , sendo paciente qualquer das pessoas referidas nas alíneas anteriores; o mandado de segurança e o habeas data contra atos do Presidente da República, das Mesas da Câmara dos Deputados e do Senado Federal, do Tribunal de Contas da União, do Procurador-Geral da República e do próprio Supremo Tribunal Federal; ....................................................................................... Art. 105. Compete ao Superior Tribunal de Justiça: I - processar e julgar, originariamente: a) nos crimes comuns, os Governadores dos Estados e do Distrito Federal, e, nestes e nos de responsabilidade, os desembargadores dos Tribunais de Justiça dos Estados e do Distrito Federal, os membros dos Tribunais de Contas dos Estados e do Distrito Federal, os dos Tribunais Regionais Federais, dos Tribunais Regionais Eleitorais e do Trabalho, os membros dos Conselhos ou Tribunais de Contas dos Municípios e os do Ministério Público da União que oficiem perante tribunais; ...................................................................................... Art. 108. Compete aos Tribunais Regionais Federais: I - processar e julgar, originariamente: a) os juízes federais da área de sua jurisdição, incluídos os da Justiça Militar e da Justiça do Trabalho, nos crimes comuns e de responsabilidade, e os membros do Ministério Público da União, ressalvada a competência da Justiça Eleitoral; ....................................................................................... Art. 125 ......................................................................... § 1º A competência dos tribunais será definida na Constituição do Estado, sendo a lei de organização judiciária de iniciativa do Tribunal de Justiça.",,,S,S,S,A,True,8826,DIREITO PROCESSUAL CIVIL E DO TRABALHO,8828,Jurisdição e Competência,12965,Conflito de Competência ,12965,Conflito de Competência ,12965,Conflito de Competência ,12965,Conflito de Competência 
8829,Competência ,8828.0,3,8826/8828/8829,DIREITO PROCESSUAL CIVIL E DO TRABALHO > Jurisdição e Competência > Competência ,"Abrange as alegações de incompetência (material, funcional, territorial etc), como também as questões referentes à modificação de competência, como conexão, continência e prevenção.",CPC,Arts. 86 a 124,N,N,N,A,False,8826,DIREITO PROCESSUAL CIVIL E DO TRABALHO,8828,Jurisdição e Competência,8829,Competência ,8829,Competência ,8829,Competência ,8829,Competência 
10939,Intimação / Notificação,8893.0,3,8826/8893/10939,DIREITO PROCESSUAL CIVIL E DO TRABALHO > Atos Processuais > Intimação / Notificação,"Art. 269. Intimação é o ato pelo qual se dá ciência a alguém dos atos e dos termos do processo. § 1 o É facultado aos advogados promover a intimação do advogado da outra parte por meio do correio, juntando aos autos, a seguir, cópia do ofício de intimação e do aviso de recebimento. § 2 o O ofício de intimação deverá ser instruído com cópia do despacho, da decisão ou da sentença. § 3 o A intimação da União, dos Estados, do Distrito Federal, dos Municípios e de suas respectivas autarquias e fundações de direito público será realizada perante o órgão de Advocacia Pública responsável por sua representação judicial. Art. 270. As intimações realizam-se, sempre que possível, por meio eletrônico, na forma da lei. Parágrafo único. Aplica-se ao Ministério Público, à Defensoria Pública e à Advocacia Pública o disposto no § 1 o do art. 246 . Art. 271. O juiz determinará de ofício as intimações em processos pendentes, salvo disposição em contrário. Art. 272. Quando não realizadas por meio eletrônico, consideram-se feitas as intimações pela publicação dos atos no órgão oficial. § 1 o Os advogados poderão requerer que, na intimação a eles dirigida, figure apenas o nome da sociedade a que pertençam, desde que devidamente registrada na Ordem dos Advogados do Brasil. § 2 o Sob pena de nulidade, é indispensável que da publicação constem os nomes das partes e de seus advogados, com o respectivo número de inscrição na Ordem dos Advogados do Brasil, ou, se assim requerido, da sociedade de advogados. § 3 o A grafia dos nomes das partes não deve conter abreviaturas. § 4 o A grafia dos nomes dos advogados deve corresponder ao nome completo e ser a mesma que constar da procuração ou que estiver registrada na Ordem dos Advogados do Brasil. § 5 o Constando dos autos pedido expresso para que as comunicações dos atos processuais sejam feitas em nome dos advogados indicados, o seu desatendimento implicará nulidade. § 6 o A retirada dos autos do cartório ou da secretaria em carga pelo advogado, por pessoa credenciada a pedido do advogado ou da sociedade de advogados, pela Advocacia Pública, pela Defensoria Pública ou pelo Ministério Público implicará intimação de qualquer decisão contida no processo retirado, ainda que pendente de publicação. § 7 o O advogado e a sociedade de advogados deverão requerer o respectivo credenciamento para a retirada de autos por preposto. § 8 o A parte arguirá a nulidade da intimação em capítulo preliminar do próprio ato que lhe caiba praticar, o qual será tido por tempestivo se o vício for reconhecido. § 9 o Não sendo possível a prática imediata do ato diante da necessidade de acesso prévio aos autos, a parte limitar-se-á a arguir a nulidade da intimação, caso em que o prazo será contado da intimação da decisão que a reconheça. Art. 273. Se inviável a intimação por meio eletrônico e não houver na localidade publicação em órgão oficial, incumbirá ao escrivão ou chefe de secretaria intimar de todos os atos do processo os advogados das partes: I - pessoalmente, se tiverem domicílio na sede do juízo; II - por carta registrada, com aviso de recebimento, quando forem domiciliados fora do juízo. Art. 274. Não dispondo a lei de outro modo, as intimações serão feitas às partes, aos seus representantes legais, aos advogados e aos demais sujeitos do processo pelo correio ou, se presentes em cartório, diretamente pelo escrivão ou chefe de secretaria. Parágrafo único. Presumem-se válidas as intimações dirigidas ao endereço constante dos autos, ainda que não recebidas pessoalmente pelo interessado, se a modificação temporária ou definitiva não tiver sido devidamente comunicada ao juízo, fluindo os prazos a partir da juntada aos autos do comprovante de entrega da correspondência no primitivo endereço. Art. 275. A intimação será feita por oficial de justiça quando frustrada a realização por meio eletrônico ou pelo correio. § 1 o A certidão de intimação deve conter: I - a indicação do lugar e a descrição da pessoa intimada, mencionando, quando possível, o número de seu documento de identidade e o órgão que o expediu; II - a declaração de entrega da contrafé; III - a nota de ciente ou a certidão de que o interessado não a apôs no mandado. § 2 o Caso necessário, a intimação poderá ser efetuada com hora certa ou por edital.",CPC,269 a 275,S,S,S,A,True,8826,DIREITO PROCESSUAL CIVIL E DO TRABALHO,8893,Atos Processuais,10939,Intimação / Notificação,10939,Intimação / Notificação,10939,Intimação / Notificação,10939,Intimação / Notificação
8919,Nulidade,8893.0,3,8826/8893/8919,DIREITO PROCESSUAL CIVIL E DO TRABALHO > Atos Processuais > Nulidade,"Assunto geralmente complementar a ser cadastrado após o assunto principal. Art. 276. Quando a lei prescrever determinada forma sob pena de nulidade, a decretação desta não pode ser requerida pela parte que lhe deu causa. Art. 277. Quando a lei prescrever determinada forma, o juiz considerará válido o ato se, realizado de outro modo, lhe alcançar a finalidade. Art. 278. A nulidade dos atos deve ser alegada na primeira oportunidade em que couber à parte falar nos autos, sob pena de preclusão. Parágrafo único. Não se aplica o disposto no caput às nulidades que o juiz deva decretar de ofício, nem prevalece a preclusão provando a parte legítimo impedimento. Art. 279. É nulo o processo quando o membro do Ministério Público não for intimado a acompanhar o feito em que deva intervir. § 1 o Se o processo tiver tramitado sem conhecimento do membro do Ministério Público, o juiz invalidará os atos praticados a partir do momento em que ele deveria ter sido intimado. § 2 o A nulidade só pode ser decretada após a intimação do Ministério Público, que se manifestará sobre a existência ou a inexistência de prejuízo. Art. 280. As citações e as intimações serão nulas quando feitas sem observância das prescrições legais. Art. 281. Anulado o ato, consideram-se de nenhum efeito todos os subsequentes que dele dependam, todavia, a nulidade de uma parte do ato não prejudicará as outras que dela sejam independentes. Art. 282. Ao pronunciar a nulidade, o juiz declarará que atos são atingidos e ordenará as providências necessárias a fim de que sejam repetidos ou retificados. § 1 o O ato não será repetido nem sua falta será suprida quando não prejudicar a parte. § 2 o Quando puder decidir o mérito a favor da parte a quem aproveite a decretação da nulidade, o juiz não a pronunciará nem mandará repetir o ato ou suprir-lhe a falta. Art. 283. O erro de forma do processo acarreta unicamente a anulação dos atos que não possam ser aproveitados, devendo ser praticados os que forem necessários a fim de se observarem as prescrições legais. Parágrafo único. Dar-se-á o aproveitamento dos atos praticados desde que não resulte prejuízo à defesa de qualquer parte.",CPC,276 a 283,S,S,S,A,False,8826,DIREITO PROCESSUAL CIVIL E DO TRABALHO,8893,Atos Processuais,8919,Nulidade,8919,Nulidade,8919,Nulidade,8919,Nulidade
8986,Erro de Procedimento,8960.0,3,8826/8960/8986,DIREITO PROCESSUAL CIVIL E DO TRABALHO > Processo e Procedimento > Erro de Procedimento,"Para as discussões sobre a correção ou não do procedimento adotado (ordinário, sumário ou especial). Art. 283. O erro de forma do processo acarreta unicamente a anulação dos atos que não possam ser aproveitados, devendo ser praticados os que forem necessários a fim de se observarem as prescrições legais. Parágrafo único. Dar-se-á o aproveitamento dos atos praticados desde que não resulte prejuízo à defesa de qualquer parte.",CPC,283,S,S,S,A,True,8826,DIREITO PROCESSUAL CIVIL E DO TRABALHO,8960,Processo e Procedimento,8986,Erro de Procedimento,8986,Erro de Procedimento,8986,Erro de Procedimento,8986,Erro de Procedimento
9026,Vícios Formais da Sentença,8960.0,3,8826/8960/9026,DIREITO PROCESSUAL CIVIL E DO TRABALHO > Processo e Procedimento > Vícios Formais da Sentença,"Abrange as discussões referentes aos vícios formais da sentença, como julgamento extra petita, ausência de fundamentação etc. Art. 489. São elementos essenciais da sentença: I - o relatório, que conterá os nomes das partes, a identificação do caso, com a suma do pedido e da contestação, e o registro das principais ocorrências havidas no andamento do processo; II - os fundamentos, em que o juiz analisará as questões de fato e de direito; III - o dispositivo, em que o juiz resolverá as questões principais que as partes lhe submeterem. § 1 o Não se considera fundamentada qualquer decisão judicial, seja ela interlocutória, sentença ou acórdão, que: I - se limitar à indicação, à reprodução ou à paráfrase de ato normativo, sem explicar sua relação com a causa ou a questão decidida; II - empregar conceitos jurídicos indeterminados, sem explicar o motivo concreto de sua incidência no caso; III - invocar motivos que se prestariam a justificar qualquer outra decisão; IV - não enfrentar todos os argumentos deduzidos no processo capazes de, em tese, infirmar a conclusão adotada pelo julgador; V - se limitar a invocar precedente ou enunciado de súmula, sem identificar seus fundamentos determinantes nem demonstrar que o caso sob julgamento se ajusta àqueles fundamentos; VI - deixar de seguir enunciado de súmula, jurisprudência ou precedente invocado pela parte, sem demonstrar a existência de distinção no caso em julgamento ou a superação do entendimento. § 2 o No caso de colisão entre normas, o juiz deve justificar o objeto e os critérios gerais da ponderação efetuada, enunciando as razões que autorizam a interferência na norma afastada e as premissas fáticas que fundamentam a conclusão. § 3 o A decisão judicial deve ser interpretada a partir da conjugação de todos os seus elementos e em conformidade com o princípio da boa-fé. Art. 490. O juiz resolverá o mérito acolhendo ou rejeitando, no todo ou em parte, os pedidos formulados pelas partes. Art. 491. Na ação relativa à obrigação de pagar quantia, ainda que formulado pedido genérico, a decisão definirá desde logo a extensão da obrigação, o índice de correção monetária, a taxa de juros, o termo inicial de ambos e a periodicidade da capitalização dos juros, se for o caso, salvo quando: I - não for possível determinar, de modo definitivo, o montante devido; II - a apuração do valor devido depender da produção de prova de realização demorada ou excessivamente dispendiosa, assim reconhecida na sentença. § 1 o Nos casos previstos neste artigo, seguir-se-á a apuração do valor devido por liquidação. § 2 o O disposto no caput também se aplica quando o acórdão alterar a sentença. Art. 492. É vedado ao juiz proferir decisão de natureza diversa da pedida, bem como condenar a parte em quantidade superior ou em objeto diverso do que lhe foi demandado. Parágrafo único. A decisão deve ser certa, ainda que resolva relação jurídica condicional. Art. 493. Se, depois da propositura da ação, algum fato constitutivo, modificativo ou extintivo do direito influir no julgamento do mérito, caberá ao juiz tomá-lo em consideração, de ofício ou a requerimento da parte, no momento de proferir a decisão. Parágrafo único. Se constatar de ofício o fato novo, o juiz ouvirá as partes sobre ele antes de decidir. Art. 494. Publicada a sentença, o juiz só poderá alterá-la: I - para corrigir-lhe, de ofício ou a requerimento da parte, inexatidões materiais ou erros de cálculo; II - por meio de embargos de declaração. Art. 495. A decisão que condenar o réu ao pagamento de prestação consistente em dinheiro e a que determinar a conversão de prestação de fazer, de não fazer ou de dar coisa em prestação pecuniária valerão como título constitutivo de hipoteca judiciária. § 1 o A decisão produz a hipoteca judiciária: I - embora a condenação seja genérica; II - ainda que o credor possa promover o cumprimento provisório da sentença ou esteja pendente arresto sobre bem do devedor; III - mesmo que impugnada por recurso dotado de efeito suspensivo. § 2 o A hipoteca judiciária poderá ser realizada mediante apresentação de cópia da sentença perante o cartório de registro imobiliário, independentemente de ordem judicial, de declaração expressa do juiz ou de demonstração de urgência. § 3 o No prazo de até 15 (quinze) dias da data de realização da hipoteca, a parte informá-la-á ao juízo da causa, que determinará a intimação da outra parte para que tome ciência do ato. § 4 o A hipoteca judiciária, uma vez constituída, implicará, para o credor hipotecário, o direito de preferência, quanto ao pagamento, em relação a outros credores, observada a prioridade no registro. § 5 o Sobrevindo a reforma ou a invalidação da decisão que impôs o pagamento de quantia, a parte responderá, independentemente de culpa, pelos danos que a outra parte tiver sofrido em razão da constituição da garantia, devendo o valor da indenização ser liquidado e executado nos próprios autos.",CPC,489 a 495,S,S,S,A,True,8826,DIREITO PROCESSUAL CIVIL E DO TRABALHO,8960,Processo e Procedimento,9026,Vícios Formais da Sentença,9026,Vícios Formais da Sentença,9026,Vícios Formais da Sentença,9026,Vícios Formais da Sentença
10880,Cumprimento Provisório de Sentença,9148.0,3,8826/9148/10880,DIREITO PROCESSUAL CIVIL E DO TRABALHO > Liquidação / Cumprimento / Execução > Cumprimento Provisório de Sentença,"Abrange todas as discussões referentes a o cumprimento provisório de sentença. Art. 520. O cumprimento provisório da sentença impugnada por recurso desprovido de efeito suspensivo será realizado da mesma forma que o cumprimento definitivo, sujeitando-se ao seguinte regime: I - corre por iniciativa e responsabilidade do exequente, que se obriga, se a sentença for reformada, a reparar os danos que o executado haja sofrido; II - fica sem efeito, sobrevindo decisão que modifique ou anule a sentença objeto da execução, restituindo-se as partes ao estado anterior e liquidando-se eventuais prejuízos nos mesmos autos; III - se a sentença objeto de cumprimento provisório for modificada ou anulada apenas em parte, somente nesta ficará sem efeito a execução; IV - o levantamento de depósito em dinheiro e a prática de atos que importem transferência de posse ou alienação de propriedade ou de outro direito real, ou dos quais possa resultar grave dano ao executado, dependem de caução suficiente e idônea, arbitrada de plano pelo juiz e prestada nos próprios autos. § 1 o No cumprimento provisório da sentença, o executado poderá apresentar impugnação, se quiser, nos termos do art. 525 . § 2 o A multa e os honorários a que se refere o § 1 o do art. 523 são devidos no cumprimento provisório de sentença condenatória ao pagamento de quantia certa. § 3 o Se o executado comparecer tempestivamente e depositar o valor, com a finalidade de isentar-se da multa, o ato não será havido como incompatível com o recurso por ele interposto. § 4 o A restituição ao estado anterior a que se refere o inciso II não implica o desfazimento da transferência de posse ou da alienação de propriedade ou de outro direito real eventualmente já realizada, ressalvado, sempre, o direito à reparação dos prejuízos causados ao executado. § 5 o Ao cumprimento provisório de sentença que reconheça obrigação de fazer, de não fazer ou de dar coisa aplica-se, no que couber, o disposto neste Capítulo. Art. 521. A caução prevista no inciso IV do art. 520 poderá ser dispensada nos casos em que: I - o crédito for de natureza alimentar, independentemente de sua origem; II - o credor demonstrar situação de necessidade; III - pender o agravo fundado nos incisos II e III do art. 1.042 ; III – pender o agravo do art. 1.042; (Redação dada pela Lei nº 13.256, de 2016) (Vigência) IV - a sentença a ser provisoriamente cumprida estiver em consonância com súmula da jurisprudência do Supremo Tribunal Federal ou do Superior Tribunal de Justiça ou em conformidade com acórdão proferido no julgamento de casos repetitivos. Parágrafo único. A exigência de caução será mantida quando da dispensa possa resultar manifesto risco de grave dano de difícil ou incerta reparação. Art. 522. O cumprimento provisório da sentença será requerido por petição dirigida ao juízo competente. Parágrafo único. Não sendo eletrônicos os autos, a petição será acompanhada de cópias das seguintes peças do processo, cuja autenticidade poderá ser certificada pelo próprio advogado, sob sua responsabilidade pessoal: I - decisão exequenda; II - certidão de interposição do recurso não dotado de efeito suspensivo; III - procurações outorgadas pelas partes; IV - decisão de habilitação, se for o caso; V - facultativamente, outras peças processuais consideradas necessárias para demonstrar a existência do crédito. ............................................................... Art. 527. Aplicam-se as disposições deste Capítulo ao cumprimento provisório da sentença, no que couber. ................................................................ Art. 537 .................................................. ................................................................ § 3 º A decisão que fixa a multa é passível de cumprimento provisório, devendo ser depositada em juízo, permitido o levantamento do valor após o trânsito em julgado da sentença favorável à parte. (Redação dada pela Lei nº 13.256, de 2016) (Vigência) ............................................................... Art. 1.012 ............................................... § 1 o Além de outras hipóteses previstas em lei, começa a produzir efeitos imediatamente após a sua publicação a sentença que: I - homologa divisão ou demarcação de terras; II - condena a pagar alimentos; III - extingue sem resolução do mérito ou julga improcedentes os embargos do executado; IV - julga procedente o pedido de instituição de arbitragem; V - confirma, concede ou revoga tutela provisória; VI - decreta a interdição. § 2 o Nos casos do § 1 o , o apelado poderá promover o pedido de cumprimento provisório depois de publicada a sentença.",CPC,"520 a 522; 527; 537, § 3º; 1.012, §§ 1º e 2º",S,S,S,A,True,8826,DIREITO PROCESSUAL CIVIL E DO TRABALHO,9148,Liquidação / Cumprimento / Execução,10880,Cumprimento Provisório de Sentença,10880,Cumprimento Provisório de Sentença,10880,Cumprimento Provisório de Sentença,10880,Cumprimento Provisório de Sentença
9518,Efeito Suspensivo / Impugnação / Embargos à Execução,9148.0,3,8826/9148/9518,DIREITO PROCESSUAL CIVIL E DO TRABALHO > Liquidação / Cumprimento / Execução > Efeito Suspensivo / Impugnação / Embargos à Execução,"Art. 525. Transcorrido o prazo previsto no art. 523 sem o pagamento voluntário, inicia-se o prazo de 15 (quinze) dias para que o executado, independentemente de penhora ou nova intimação, apresente, nos próprios autos, sua impugnação. § 1 o Na impugnação, o executado poderá alegar: I - falta ou nulidade da citação se, na fase de conhecimento, o processo correu à revelia; II - ilegitimidade de parte; III - inexequibilidade do título ou inexigibilidade da obrigação; IV - penhora incorreta ou avaliação errônea; V - excesso de execução ou cumulação indevida de execuções; VI - incompetência absoluta ou relativa do juízo da execução; VII - qualquer causa modificativa ou extintiva da obrigação, como pagamento, novação, compensação, transação ou prescrição, desde que supervenientes à sentença. § 2 o A alegação de impedimento ou suspeição observará o disposto nos arts. 146 e 148 . § 3 o Aplica-se à impugnação o disposto no art. 229. § 4 o Quando o executado alegar que o exequente, em excesso de execução, pleiteia quantia superior à resultante da sentença, cumprir-lhe-á declarar de imediato o valor que entende correto, apresentando demonstrativo discriminado e atualizado de seu cálculo. § 5 o Na hipótese do § 4 o , não apontado o valor correto ou não apresentado o demonstrativo, a impugnação será liminarmente rejeitada, se o excesso de execução for o seu único fundamento, ou, se houver outro, a impugnação será processada, mas o juiz não examinará a alegação de excesso de execução. § 6 o A apresentação de impugnação não impede a prática dos atos executivos, inclusive os de expropriação, podendo o juiz, a requerimento do executado e desde que garantido o juízo com penhora, caução ou depósito suficientes, atribuir-lhe efeito suspensivo, se seus fundamentos forem relevantes e se o prosseguimento da execução for manifestamente suscetível de causar ao executado grave dano de difícil ou incerta reparação. § 7 o A concessão de efeito suspensivo a que se refere o § 6 o não impedirá a efetivação dos atos de substituição, de reforço ou de redução da penhora e de avaliação dos bens § 8 o Quando o efeito suspensivo atribuído à impugnação disser respeito apenas a parte do objeto da execução, esta prosseguirá quanto à parte restante. § 9 o A concessão de efeito suspensivo à impugnação deduzida por um dos executados não suspenderá a execução contra os que não impugnaram, quando o respectivo fundamento disser respeito exclusivamente ao impugnante. § 10. Ainda que atribuído efeito suspensivo à impugnação, é lícito ao exequente requerer o prosseguimento da execução, oferecendo e prestando, nos próprios autos, caução suficiente e idônea a ser arbitrada pelo juiz. § 11. As questões relativas a fato superveniente ao término do prazo para apresentação da impugnação, assim como aquelas relativas à validade e à adequação da penhora, da avaliação e dos atos executivos subsequentes, podem ser arguidas por simples petição, tendo o executado, em qualquer dos casos, o prazo de 15 (quinze) dias para formular esta arguição, contado da comprovada ciência do fato ou da intimação do ato. § 12. Para efeito do disposto no inciso III do § 1 o deste artigo, considera-se também inexigível a obrigação reconhecida em título executivo judicial fundado em lei ou ato normativo considerado inconstitucional pelo Supremo Tribunal Federal, ou fundado em aplicação ou interpretação da lei ou do ato normativo tido pelo Supremo Tribunal Federal como incompatível com a Constituição Federal , em controle de constitucionalidade concentrado ou difuso. § 13. No caso do § 12, os efeitos da decisão do Supremo Tribunal Federal poderão ser modulados no tempo, em atenção à segurança jurídica. § 14. A decisão do Supremo Tribunal Federal referida no § 12 deve ser anterior ao trânsito em julgado da decisão exequenda. § 15. Se a decisão referida no § 12 for proferida após o trânsito em julgado da decisão exequenda, caberá ação rescisória, cujo prazo será contado do trânsito em julgado da decisão proferida pelo Supremo Tribunal Federal. .............................................................. Art. 914. O executado, independentemente de penhora, depósito ou caução, poderá se opor à execução por meio de embargos. § 1 o Os embargos à execução serão distribuídos por dependência, autuados em apartado e instruídos com cópias das peças processuais relevantes, que poderão ser declaradas autênticas pelo próprio advogado, sob sua responsabilidade pessoal. § 2 o Na execução por carta, os embargos serão oferecidos no juízo deprecante ou no juízo deprecado, mas a competência para julgá-los é do juízo deprecante, salvo se versarem unicamente sobre vícios ou defeitos da penhora, da avaliação ou da alienação dos bens efetuadas no juízo deprecado. Art. 915. Os embargos serão oferecidos no prazo de 15 (quinze) dias, contado, conforme o caso, na forma do art. 231 . § 1 o Quando houver mais de um executado, o prazo para cada um deles embargar conta-se a partir da juntada do respectivo comprovante da citação, salvo no caso de cônjuges ou de companheiros, quando será contado a partir da juntada do último. § 2 o Nas execuções por carta, o prazo para embargos será contado: I - da juntada, na carta, da certificação da citação, quando versarem unicamente sobre vícios ou defeitos da penhora, da avaliação ou da alienação dos bens; II - da juntada, nos autos de origem, do comunicado de que trata o § 4 o deste artigo ou, não havendo este, da juntada da carta devidamente cumprida, quando versarem sobre questões diversas da prevista no inciso I deste parágrafo. § 3 o Em relação ao prazo para oferecimento dos embargos à execução, não se aplica o disposto no art. 229 . § 4 o Nos atos de comunicação por carta precatória, rogatória ou de ordem, a realização da citação será imediatamente informada, por meio eletrônico, pelo juiz deprecado ao juiz deprecante. Art. 916. No prazo para embargos, reconhecendo o crédito do exequente e comprovando o depósito de trinta por cento do valor em execução, acrescido de custas e de honorários de advogado, o executado poderá requerer que lhe seja permitido pagar o restante em até 6 (seis) parcelas mensais, acrescidas de correção monetária e de juros de um por cento ao mês. § 1 o O exequente será intimado para manifestar-se sobre o preenchimento dos pressupostos do caput, e o juiz decidirá o requerimento em 5 (cinco) dias. § 2 o Enquanto não apreciado o requerimento, o executado terá de depositar as parcelas vincendas, facultado ao exequente seu levantamento. § 3 o Deferida a proposta, o exequente levantará a quantia depositada, e serão suspensos os atos executivos. § 4 o Indeferida a proposta, seguir-se-ão os atos executivos, mantido o depósito, que será convertido em penhora. § 5 o O não pagamento de qualquer das prestações acarretará cumulativamente: I - o vencimento das prestações subsequentes e o prosseguimento do processo, com o imediato reinício dos atos executivos; II - a imposição ao executado de multa de dez por cento sobre o valor das prestações não pagas. § 6 o A opção pelo parcelamento de que trata este artigo importa renúncia ao direito de opor embargos § 7 o O disposto neste artigo não se aplica ao cumprimento da sentença. Art. 917. Nos embargos à execução, o executado poderá alegar: I - inexequibilidade do título ou inexigibilidade da obrigação; II - penhora incorreta ou avaliação errônea; III - excesso de execução ou cumulação indevida de execuções; IV - retenção por benfeitorias necessárias ou úteis, nos casos de execução para entrega de coisa certa; V - incompetência absoluta ou relativa do juízo da execução; VI - qualquer matéria que lhe seria lícito deduzir como defesa em processo de conhecimento. § 1 o A incorreção da penhora ou da avaliação poderá ser impugnada por simples petição, no prazo de 15 (quinze) dias, contado da ciência do ato. § 2 o Há excesso de execução quando: I - o exequente pleiteia quantia superior à do título; II - ela recai sobre coisa diversa daquela declarada no título; III - ela se processa de modo diferente do que foi determinado no título; IV - o exequente, sem cumprir a prestação que lhe corresponde, exige o adimplemento da prestação do executado; V - o exequente não prova que a condição se realizou. § 3 o Quando alegar que o exequente, em excesso de execução, pleiteia quantia superior à do título, o embargante declarará na petição inicial o valor que entende correto, apresentando demonstrativo discriminado e atualizado de seu cálculo. § 4 o Não apontado o valor correto ou não apresentado o demonstrativo, os embargos à execução: I - serão liminarmente rejeitados, sem resolução de mérito, se o excesso de execução for o seu único fundamento; II - serão processados, se houver outro fundamento, mas o juiz não examinará a alegação de excesso de execução. § 5 o Nos embargos de retenção por benfeitorias, o exequente poderá requerer a compensação de seu valor com o dos frutos ou dos danos considerados devidos pelo executado, cumprindo ao juiz, para a apuração dos respectivos valores, nomear perito, observando-se, então, o art. 464 . § 6 o O exequente poderá a qualquer tempo ser imitido na posse da coisa, prestando caução ou depositando o valor devido pelas benfeitorias ou resultante da compensação. § 7 o A arguição de impedimento e suspeição observará o disposto nos arts. 146 e 148 . Art. 918. O juiz rejeitará liminarmente os embargos: I - quando intempestivos; II - nos casos de indeferimento da petição inicial e de improcedência liminar do pedido; III - manifestamente protelatórios. Parágrafo único. Considera-se conduta atentatória à dignidade da justiça o oferecimento de embargos manifestamente protelatórios. Art. 919. Os embargos à execução não terão efeito suspensivo. § 1 o O juiz poderá, a requerimento do embargante, atribuir efeito suspensivo aos embargos quando verificados os requisitos para a concessão da tutela provisória e desde que a execução já esteja garantida por penhora, depósito ou caução suficientes. § 2 o Cessando as circunstâncias que a motivaram, a decisão relativa aos efeitos dos embargos poderá, a requerimento da parte, ser modificada ou revogada a qualquer tempo, em decisão fundamentada. § 3 o Quando o efeito suspensivo atribuído aos embargos disser respeito apenas a parte do objeto da execução, esta prosseguirá quanto à parte restante. § 4 o A concessão de efeito suspensivo aos embargos oferecidos por um dos executados não suspenderá a execução contra os que não embargaram quando o respectivo fundamento disser respeito exclusivamente ao embargante. § 5 o A concessão de efeito suspensivo não impedirá a efetivação dos atos de substituição, de reforço ou de redução da penhora e de avaliação dos bens. Art. 920. Recebidos os embargos: I - o exequente será ouvido no prazo de 15 (quinze) dias; II - a seguir, o juiz julgará imediatamente o pedido ou designará audiência; III - encerrada a instrução, o juiz proferirá sentença.",CPC,525 a 920,N,N,N,A,True,8826,DIREITO PROCESSUAL CIVIL E DO TRABALHO,9148,Liquidação / Cumprimento / Execução,9518,Efeito Suspensivo / Impugnação / Embargos à Execução,9518,Efeito Suspensivo / Impugnação / Embargos à Execução,9518,Efeito Suspensivo / Impugnação / Embargos à Execução,9518,Efeito Suspensivo / Impugnação / Embargos à Execução
12416,Tutela de Urgência,9192.0,3,8826/9192/12416,DIREITO PROCESSUAL CIVIL E DO TRABALHO > Tutela Provisória > Tutela de Urgência,"Art. 294. A tutela provisória pode fundamentar-se em urgência ou evidência. Parágrafo único. A tutela provisória de urgência, cautelar ou antecipada, pode ser concedida em caráter antecedente ou incidental. Art. 295. A tutela provisória requerida em caráter incidental independe do pagamento de custas. Art. 296. A tutela provisória conserva sua eficácia na pendência do processo, mas pode, a qualquer tempo, ser revogada ou modificada. Parágrafo único. Salvo decisão judicial em contrário, a tutela provisória conservará a eficácia durante o período de suspensão do processo. Art. 297. O juiz poderá determinar as medidas que considerar adequadas para efetivação da tutela provisória. Parágrafo único. A efetivação da tutela provisória observará as normas referentes ao cumprimento provisório da sentença, no que couber. Art. 298. Na decisão que conceder, negar, modificar ou revogar a tutela provisória, o juiz motivará seu convencimento de modo claro e preciso. Art. 299. A tutela provisória será requerida ao juízo da causa e, quando antecedente, ao juízo competente para conhecer do pedido principal. Parágrafo único. Ressalvada disposição especial, na ação de competência originária de tribunal e nos recursos a tutela provisória será requerida ao órgão jurisdicional competente para apreciar o mérito. TÍTULO II DA TUTELA DE URGÊNCIA CAPÍTULO I DISPOSIÇÕES GERAIS Art. 300. A tutela de urgência será concedida quando houver elementos que evidenciem a probabilidade do direito e o perigo de dano ou o risco ao resultado útil do processo. § 1 o Para a concessão da tutela de urgência, o juiz pode, conforme o caso, exigir caução real ou fidejussória idônea para ressarcir os danos que a outra parte possa vir a sofrer, podendo a caução ser dispensada se a parte economicamente hipossuficiente não puder oferecê-la. § 2 o A tutela de urgência pode ser concedida liminarmente ou após justificação prévia. § 3 o A tutela de urgência de natureza antecipada não será concedida quando houver perigo de irreversibilidade dos efeitos da decisão. Art. 301. A tutela de urgência de natureza cautelar pode ser efetivada mediante arresto, sequestro, arrolamento de bens, registro de protesto contra alienação de bem e qualquer outra medida idônea para asseguração do direito. Art. 302. Independentemente da reparação por dano processual, a parte responde pelo prejuízo que a efetivação da tutela de urgência causar à parte adversa, se: I - a sentença lhe for desfavorável; II - obtida liminarmente a tutela em caráter antecedente, não fornecer os meios necessários para a citação do requerido no prazo de 5 (cinco) dias; III - ocorrer a cessação da eficácia da medida em qualquer hipótese legal; IV - o juiz acolher a alegação de decadência ou prescrição da pretensão do autor. Parágrafo único. A indenização será liquidada nos autos em que a medida tiver sido concedida, sempre que possível. CAPÍTULO II DO PROCEDIMENTO DA TUTELA ANTECIPADA REQUERIDA EM CARÁTER ANTECEDENTE Art. 303. Nos casos em que a urgência for contemporânea à propositura da ação, a petição inicial pode limitar-se ao requerimento da tutela antecipada e à indicação do pedido de tutela final, com a exposição da lide, do direito que se busca realizar e do perigo de dano ou do risco ao resultado útil do processo. § 1 o Concedida a tutela antecipada a que se refere o caput deste artigo: I - o autor deverá aditar a petição inicial, com a complementação de sua argumentação, a juntada de novos documentos e a confirmação do pedido de tutela final, em 15 (quinze) dias ou em outro prazo maior que o juiz fixar; II - o réu será citado e intimado para a audiência de conciliação ou de mediação na forma do art. 334 ; III - não havendo autocomposição, o prazo para contestação será contado na forma do art. 335 . § 2 o Não realizado o aditamento a que se refere o inciso I do § 1 o deste artigo, o processo será extinto sem resolução do mérito. § 3 o O aditamento a que se refere o inciso I do § 1 o deste artigo dar-se-á nos mesmos autos, sem incidência de novas custas processuais. § 4 o Na petição inicial a que se refere o caput deste artigo, o autor terá de indicar o valor da causa, que deve levar em consideração o pedido de tutela final. § 5 o O autor indicará na petição inicial, ainda, que pretende valer-se do benefício previsto no caput deste artigo. § 6 o Caso entenda que não há elementos para a concessão de tutela antecipada, o órgão jurisdicional determinará a emenda da petição inicial em até 5 (cinco) dias, sob pena de ser indeferida e de o processo ser extinto sem resolução de mérito. Art. 304. A tutela antecipada, concedida nos termos do art. 303 , torna-se estável se da decisão que a conceder não for interposto o respectivo recurso. § 1 o No caso previsto no caput, o processo será extinto. ................................................................... CAPÍTULO III DO PROCEDIMENTO DA TUTELA CAUTELAR REQUERIDA EM CARÁTER ANTECEDENTE Art. 305. A petição inicial da ação que visa à prestação de tutela cautelar em caráter antecedente indicará a lide e seu fundamento, a exposição sumária do direito que se objetiva assegurar e o perigo de dano ou o risco ao resultado útil do processo. Parágrafo único. Caso entenda que o pedido a que se refere o caput tem natureza antecipada, o juiz observará o disposto no art. 303 . Art. 306. O réu será citado para, no prazo de 5 (cinco) dias, contestar o pedido e indicar as provas que pretende produzir. Art. 307. Não sendo contestado o pedido, os fatos alegados pelo autor presumir-se-ão aceitos pelo réu como ocorridos, caso em que o juiz decidirá dentro de 5 (cinco) dias. Parágrafo único. Contestado o pedido no prazo legal, observar-se-á o procedimento comum. Art. 308. Efetivada a tutela cautelar, o pedido principal terá de ser formulado pelo autor no prazo de 30 (trinta) dias, caso em que será apresentado nos mesmos autos em que deduzido o pedido de tutela cautelar, não dependendo do adiantamento de novas custas processuais. § 1 o O pedido principal pode ser formulado conjuntamente com o pedido de tutela cautelar. § 2 o A causa de pedir poderá ser aditada no momento de formulação do pedido principal. § 3 o Apresentado o pedido principal, as partes serão intimadas para a audiência de conciliação ou de mediação, na forma do art. 334 , por seus advogados ou pessoalmente, sem necessidade de nova citação do réu. § 4 o Não havendo autocomposição, o prazo para contestação será contado na forma do art. 335 . Art. 309. Cessa a eficácia da tutela concedida em caráter antecedente, se: I - o autor não deduzir o pedido principal no prazo legal; II - não for efetivada dentro de 30 (trinta) dias; III - o juiz julgar improcedente o pedido principal formulado pelo autor ou extinguir o processo sem resolução de mérito. Parágrafo único. Se por qualquer motivo cessar a eficácia da tutela cautelar, é vedado à parte renovar o pedido, salvo sob novo fundamento. Art. 310. O indeferimento da tutela cautelar não obsta a que a parte formule o pedido principal, nem influi no julgamento desse, salvo se o motivo do indeferimento for o reconhecimento de decadência ou de prescrição.",CPC,"294 a 304, § 1º e 305 a 310",S,S,S,A,True,8826,DIREITO PROCESSUAL CIVIL E DO TRABALHO,9192,Tutela Provisória,12416,Tutela de Urgência,12416,Tutela de Urgência,12416,Tutela de Urgência,12416,Tutela de Urgência
12417,Tutela de Evidência,9192.0,3,8826/9192/12417,DIREITO PROCESSUAL CIVIL E DO TRABALHO > Tutela Provisória > Tutela de Evidência,"Art. 294. A tutela provisória pode fundamentar-se em urgência ou evidência. Parágrafo único. A tutela provisória de urgência, cautelar ou antecipada, pode ser concedida em caráter antecedente ou incidental. Art. 295. A tutela provisória requerida em caráter incidental independe do pagamento de custas. Art. 296. A tutela provisória conserva sua eficácia na pendência do processo, mas pode, a qualquer tempo, ser revogada ou modificada. Parágrafo único. Salvo decisão judicial em contrário, a tutela provisória conservará a eficácia durante o período de suspensão do processo. Art. 297. O juiz poderá determinar as medidas que considerar adequadas para efetivação da tutela provisória. Parágrafo único. A efetivação da tutela provisória observará as normas referentes ao cumprimento provisório da sentença, no que couber. Art. 298. Na decisão que conceder, negar, modificar ou revogar a tutela provisória, o juiz motivará seu convencimento de modo claro e preciso. Art. 299. A tutela provisória será requerida ao juízo da causa e, quando antecedente, ao juízo competente para conhecer do pedido principal. Parágrafo único. Ressalvada disposição especial, na ação de competência originária de tribunal e nos recursos a tutela provisória será requerida ao órgão jurisdicional competente para apreciar o mérito. .............................................................. Art. 311. A tutela da evidência será concedida, independentemente da demonstração de perigo de dano ou de risco ao resultado útil do processo, quando: I - ficar caracterizado o abuso do direito de defesa ou o manifesto propósito protelatório da parte; II - as alegações de fato puderem ser comprovadas apenas documentalmente e houver tese firmada em julgamento de casos repetitivos ou em súmula vinculante; III - se tratar de pedido reipersecutório fundado em prova documental adequada do contrato de depósito, caso em que será decretada a ordem de entrega do objeto custodiado, sob cominação de multa; IV - a petição inicial for instruída com prova documental suficiente dos fatos constitutivos do direito do autor, a que o réu não oponha prova capaz de gerar dúvida razoável. Parágrafo único. Nas hipóteses dos incisos II e III, o juiz poderá decidir liminarmente.",CPC,294 a 299 e 311,S,S,S,A,True,8826,DIREITO PROCESSUAL CIVIL E DO TRABALHO,9192,Tutela Provisória,12417,Tutela de Evidência,12417,Tutela de Evidência,12417,Tutela de Evidência,12417,Tutela de Evidência
9196,Liminar ,9192.0,3,8826/9192/9196,DIREITO PROCESSUAL CIVIL E DO TRABALHO > Tutela Provisória > Liminar ,Art. 300. ............................................................. .................................................................................. § 2 o A tutela de urgência pode ser concedida liminarmente ou após justificação prévia.,CPC,"300, § 2º",N,N,N,A,True,8826,DIREITO PROCESSUAL CIVIL E DO TRABALHO,9192,Tutela Provisória,9196,Liminar ,9196,Liminar ,9196,Liminar ,9196,Liminar 
11989,Nulidade de ato administrativo,9997.0,3,9985/9997/11989,DIREITO ADMINISTRATIVO E OUTRAS MATÉRIAS DE DIREITO PÚBLICO > Atos Administrativos > Nulidade de ato administrativo,,,,S,S,S,A,True,9985,DIREITO ADMINISTRATIVO E OUTRAS MATÉRIAS DE DIREITO PÚBLICO,9997,Atos Administrativos,11989,Nulidade de ato administrativo,11989,Nulidade de ato administrativo,11989,Nulidade de ato administrativo,11989,Nulidade de ato administrativo
12463,Providência,9997.0,3,9985/9997/12463,DIREITO ADMINISTRATIVO E OUTRAS MATÉRIAS DE DIREITO PÚBLICO > Atos Administrativos > Providência,"Tema relativo às discussões sobre atos administrativos, em todas as suas espécies, e sobre os respectivos efeitos e validade.",,,S,S,S,A,True,9985,DIREITO ADMINISTRATIVO E OUTRAS MATÉRIAS DE DIREITO PÚBLICO,9997,Atos Administrativos,12463,Providência,12463,Providência,12463,Providência,12463,Providência
10796,Transporte em dia de eleição,10769.0,4,10739/10763/10769/10796,DIREITO ELEITORAL E PROCESSO ELEITORAL DO STF > Eleição > Pleito > Transporte em dia de eleição,,,,N,N,N,A,True,10739,DIREITO ELEITORAL E PROCESSO ELEITORAL DO STF,10763,Eleição,10769,Pleito,10796,Transporte em dia de eleição,10796,Transporte em dia de eleição,10796,Transporte em dia de eleição
11431,Intervenção Indevida de Autoridade Junto à Mesa Receptora,11430.0,4,11428/11429/11430/11431,DIREITO ELEITORAL > Crimes Eleitorais > Crimes contra a Organização Administrativa da Justiça Eleitoral > Intervenção Indevida de Autoridade Junto à Mesa Receptora,"Art. 305. Intervir autoridade estranha à mesa receptora, salvo o juiz eleitoral, no seu funcionamento sob qualquer pretexto: Pena - detenção até seis meses e pagamento de 60 a 90 dias-multa.",Código Eleitoral,305,S,S,S,A,True,11428,DIREITO ELEITORAL,11429,Crimes Eleitorais,11430,Crimes contra a Organização Administrativa da Justiça Eleitoral,11431,Intervenção Indevida de Autoridade Junto à Mesa Receptora,11431,Intervenção Indevida de Autoridade Junto à Mesa Receptora,11431,Intervenção Indevida de Autoridade Junto à Mesa Receptora
11432,Não Observância de Chamamento de Eleitores para Votar,11430.0,4,11428/11429/11430/11432,DIREITO ELEITORAL > Crimes Eleitorais > Crimes contra a Organização Administrativa da Justiça Eleitoral > Não Observância de Chamamento de Eleitores para Votar,Art. 306. Não observar a ordem em que os eleitores devem ser chamados a votar: Pena - pagamento de 15 a 30 dias-multa.,Código Eleitoral,306,S,S,S,A,True,11428,DIREITO ELEITORAL,11429,Crimes Eleitorais,11430,Crimes contra a Organização Administrativa da Justiça Eleitoral,11432,Não Observância de Chamamento de Eleitores para Votar,11432,Não Observância de Chamamento de Eleitores para Votar,11432,Não Observância de Chamamento de Eleitores para Votar
11433,Práticas Irregulares que Determinam a Anulação da Votação,11430.0,4,11428/11429/11430/11433,DIREITO ELEITORAL > Crimes Eleitorais > Crimes contra a Organização Administrativa da Justiça Eleitoral > Práticas Irregulares que Determinam a Anulação da Votação,"Art. 310. Praticar, ou permitir membro da mesa receptora que seja praticada, qualquer irregularidade que determine a anulação de votação, salvo no caso do Art. 311: Pena - detenção até seis meses ou pagamento de 90 a 120 dias-multa.",Código Eleitoral,310,S,S,S,A,True,11428,DIREITO ELEITORAL,11429,Crimes Eleitorais,11430,Crimes contra a Organização Administrativa da Justiça Eleitoral,11433,Práticas Irregulares que Determinam a Anulação da Votação,11433,Práticas Irregulares que Determinam a Anulação da Votação,11433,Práticas Irregulares que Determinam a Anulação da Votação
11434,Votação de Eleitor na Seção Eleitoral na qual Não Está Inscrito ou Autorizado a Votar ,11430.0,4,11428/11429/11430/11434,DIREITO ELEITORAL > Crimes Eleitorais > Crimes contra a Organização Administrativa da Justiça Eleitoral > Votação de Eleitor na Seção Eleitoral na qual Não Está Inscrito ou Autorizado a Votar ,"Art. 311. Votar em seção eleitoral em que não está inscrito, salvo nos casos expressamente previstos, e permitir, o presidente da mesa receptora, que o voto seja admitido: Pena - detenção até um mês ou pagamento de 5 a 15 dias-multa para o eleitor e de 20 a 30 dias-multa para o presidente da mesa",Código Eleitoral,311,S,S,S,A,True,11428,DIREITO ELEITORAL,11429,Crimes Eleitorais,11430,Crimes contra a Organização Administrativa da Justiça Eleitoral,11434,Votação de Eleitor na Seção Eleitoral na qual Não Está Inscrito ou Autorizado a Votar ,11434,Votação de Eleitor na Seção Eleitoral na qual Não Está Inscrito ou Autorizado a Votar ,11434,Votação de Eleitor na Seção Eleitoral na qual Não Está Inscrito ou Autorizado a Votar 
11435,Contagem de Votos de Eleitores em Relação aos quais Houve Impugnação,11430.0,4,11428/11429/11430/11435,DIREITO ELEITORAL > Crimes Eleitorais > Crimes contra a Organização Administrativa da Justiça Eleitoral > Contagem de Votos de Eleitores em Relação aos quais Houve Impugnação,"Art. 318. Efetuar a mesa receptora a contagem dos votos da urna quando qualquer eleitor houver votado sob impugnação (art. 190): Pena - detenção até um mês ou pagamento de 30 a 60 dias-multa. Art. 190. Não será efetuada a contagem dos votos pela mesa se esta não se julgar suficientemente garantida, ou se qualquer eleitor houver votado sob impugnação, devendo a mesa, em um ou outro caso, proceder na forma determinada para as demais, das zonas em que a contagem não foi autorizada.",Código Eleitoral,318,S,S,S,A,True,11428,DIREITO ELEITORAL,11429,Crimes Eleitorais,11430,Crimes contra a Organização Administrativa da Justiça Eleitoral,11435,Contagem de Votos de Eleitores em Relação aos quais Houve Impugnação,11435,Contagem de Votos de Eleitores em Relação aos quais Houve Impugnação,11435,Contagem de Votos de Eleitores em Relação aos quais Houve Impugnação
11436,"Fabricação, Aquisição, Fornecimento, Subtração ou Guarda de Materiais de Uso da Justiça Eleitoral",11430.0,4,11428/11429/11430/11436,"DIREITO ELEITORAL > Crimes Eleitorais > Crimes contra a Organização Administrativa da Justiça Eleitoral > Fabricação, Aquisição, Fornecimento, Subtração ou Guarda de Materiais de Uso da Justiça Eleitoral","fornecer, ainda que gratuitamente, subtrair ou guardar urnas, objetos, mapas, cédulas ou papéis de uso exclusivo da Justiça Eleitoral: Pena - reclusão até três anos e pagamento de 3 a 15 dias-multa. Parágrafo único. Se o agente é membro ou funcionário da Justiça Eleitoral e comete o crime prevalecendo-se do cargo, a pena é agravada.",Código Eleitoral,340,S,S,S,A,True,11428,DIREITO ELEITORAL,11429,Crimes Eleitorais,11430,Crimes contra a Organização Administrativa da Justiça Eleitoral,11436,"Fabricação, Aquisição, Fornecimento, Subtração ou Guarda de Materiais de Uso da Justiça Eleitoral",11436,"Fabricação, Aquisição, Fornecimento, Subtração ou Guarda de Materiais de Uso da Justiça Eleitoral",11436,"Fabricação, Aquisição, Fornecimento, Subtração ou Guarda de Materiais de Uso da Justiça Eleitoral"
11438,Inscrição Fraudulenta,11437.0,4,11428/11429/11437/11438,DIREITO ELEITORAL > Crimes Eleitorais > Crimes contra o Serviço da Justiça Eleitoral > Inscrição Fraudulenta,Art. 289. Inscrever-se fraudulentamente eleitor: Pena - Reclusão até cinco anos e pagamento de cinco a 15 dias-multa.,Código Eleitoral,289,S,S,S,A,True,11428,DIREITO ELEITORAL,11429,Crimes Eleitorais,11437,Crimes contra o Serviço da Justiça Eleitoral,11438,Inscrição Fraudulenta,11438,Inscrição Fraudulenta,11438,Inscrição Fraudulenta
11439,Induzimento à Inscrição de Eleitor em Infração às Normas Legais,11437.0,4,11428/11429/11437/11439,DIREITO ELEITORAL > Crimes Eleitorais > Crimes contra o Serviço da Justiça Eleitoral > Induzimento à Inscrição de Eleitor em Infração às Normas Legais,com infração de qualquer dispositivo dêste Código. Pena - Reclusão até 2 anos e pagamento de 15 a 30 dias-multa.,Código Eleitoral,290,S,S,S,A,True,11428,DIREITO ELEITORAL,11429,Crimes Eleitorais,11437,Crimes contra o Serviço da Justiça Eleitoral,11439,Induzimento à Inscrição de Eleitor em Infração às Normas Legais,11439,Induzimento à Inscrição de Eleitor em Infração às Normas Legais,11439,Induzimento à Inscrição de Eleitor em Infração às Normas Legais
11440,Inscrição Fraudulenta Efetivada pelo Juiz,11437.0,4,11428/11429/11437/11440,DIREITO ELEITORAL > Crimes Eleitorais > Crimes contra o Serviço da Justiça Eleitoral > Inscrição Fraudulenta Efetivada pelo Juiz,"Art. 291. Efetuar o juiz, fraudulentamente, a inscrição de alistando. Pena - Reclusão até 5 anos e pagamento de cinco a quinze dias-multa.",Código Eleitoral,291,S,S,S,A,True,11428,DIREITO ELEITORAL,11429,Crimes Eleitorais,11437,Crimes contra o Serviço da Justiça Eleitoral,11440,Inscrição Fraudulenta Efetivada pelo Juiz,11440,Inscrição Fraudulenta Efetivada pelo Juiz,11440,Inscrição Fraudulenta Efetivada pelo Juiz
11441,Negativa ou Retardamento de Inscrição sem Fundamento Legal,11437.0,4,11428/11429/11437/11441,DIREITO ELEITORAL > Crimes Eleitorais > Crimes contra o Serviço da Justiça Eleitoral > Negativa ou Retardamento de Inscrição sem Fundamento Legal,"Art. 292. Negar ou retardar a autoridade judiciária, sem fundamento legal, a inscrição requerida: Pena - Pagamento de 30 a 60 dias-multa.",Código Eleitoral,292,S,S,S,A,True,11428,DIREITO ELEITORAL,11429,Crimes Eleitorais,11437,Crimes contra o Serviço da Justiça Eleitoral,11441,Negativa ou Retardamento de Inscrição sem Fundamento Legal,11441,Negativa ou Retardamento de Inscrição sem Fundamento Legal,11441,Negativa ou Retardamento de Inscrição sem Fundamento Legal
11442,Perturbação ou Impedimento de Alistamento,11437.0,4,11428/11429/11437/11442,DIREITO ELEITORAL > Crimes Eleitorais > Crimes contra o Serviço da Justiça Eleitoral > Perturbação ou Impedimento de Alistamento,Art. 293. Perturbar ou impedir de qualquer forma o alistamento: Pena - Detenção de 15 dias a seis meses ou pagamento de 30 a 60 dias-multa.,Código Eleitoral,293,S,S,S,A,True,11428,DIREITO ELEITORAL,11429,Crimes Eleitorais,11437,Crimes contra o Serviço da Justiça Eleitoral,11442,Perturbação ou Impedimento de Alistamento,11442,Perturbação ou Impedimento de Alistamento,11442,Perturbação ou Impedimento de Alistamento
11443,Promoção de Desordem nos Trabalhos Eleitorais,11437.0,4,11428/11429/11437/11443,DIREITO ELEITORAL > Crimes Eleitorais > Crimes contra o Serviço da Justiça Eleitoral > Promoção de Desordem nos Trabalhos Eleitorais,Art. 296. Promover desordem que prejudique os trabalhos eleitorais; Pena - Detenção até dois meses e pagamento de 60 a 90 dias-multa.,Código Eleitoral,296,S,S,S,A,True,11428,DIREITO ELEITORAL,11429,Crimes Eleitorais,11437,Crimes contra o Serviço da Justiça Eleitoral,11443,Promoção de Desordem nos Trabalhos Eleitorais,11443,Promoção de Desordem nos Trabalhos Eleitorais,11443,Promoção de Desordem nos Trabalhos Eleitorais
11444,Majoração de Preços de Utilidade e Serviços Necessários à Realização das Eleições,11437.0,4,11428/11429/11437/11444,DIREITO ELEITORAL > Crimes Eleitorais > Crimes contra o Serviço da Justiça Eleitoral > Majoração de Preços de Utilidade e Serviços Necessários à Realização das Eleições,"Art. 303. Majorar os preços de utilidades e serviços necessários à realização de eleições, tais como transporte e alimentação de eleitores, impressão, publicidade e divulgação de matéria eleitoral. Pena - pagamento de 250 a 300 dias-multa",Código Eleitoral,303,S,S,S,A,True,11428,DIREITO ELEITORAL,11429,Crimes Eleitorais,11437,Crimes contra o Serviço da Justiça Eleitoral,11444,Majoração de Preços de Utilidade e Serviços Necessários à Realização das Eleições,11444,Majoração de Preços de Utilidade e Serviços Necessários à Realização das Eleições,11444,Majoração de Preços de Utilidade e Serviços Necessários à Realização das Eleições
11445,"Ocultação, Sonegação ou Recusa de Fornecimento de Utilidades, Alimentos e Transporte no Dia da Eleição ",11437.0,4,11428/11429/11437/11445,"DIREITO ELEITORAL > Crimes Eleitorais > Crimes contra o Serviço da Justiça Eleitoral > Ocultação, Sonegação ou Recusa de Fornecimento de Utilidades, Alimentos e Transporte no Dia da Eleição ","Art. 304. Ocultar, sonegar açambarcar ou recusar no dia da eleição o fornecimento, normalmente a todos, de utilidades, alimentação e meios de transporte, ou conceder exclusividade dos mesmos a determinado partido ou candidato: Pena - pagamento de 250 a 300 dias-multa",Código Eleitoral,304,S,S,S,A,True,11428,DIREITO ELEITORAL,11429,Crimes Eleitorais,11437,Crimes contra o Serviço da Justiça Eleitoral,11445,"Ocultação, Sonegação ou Recusa de Fornecimento de Utilidades, Alimentos e Transporte no Dia da Eleição ",11445,"Ocultação, Sonegação ou Recusa de Fornecimento de Utilidades, Alimentos e Transporte no Dia da Eleição ",11445,"Ocultação, Sonegação ou Recusa de Fornecimento de Utilidades, Alimentos e Transporte no Dia da Eleição "
11447,Não-Apresentação de Denúncia ou Não Execução de Sentença Penal Condenatória no Prazo Legal  ,11437.0,4,11428/11429/11437/11447,DIREITO ELEITORAL > Crimes Eleitorais > Crimes contra o Serviço da Justiça Eleitoral > Não-Apresentação de Denúncia ou Não Execução de Sentença Penal Condenatória no Prazo Legal  ,"Art. 342. Não apresentar o órgão do Ministério Público, no prazo legal, denúncia ou deixar de promover a execução de sentença condenatória: Pena - detenção até dois meses ou pagamento de 60 a 90 dias-multa.",Código Eleitoral,342,S,S,S,A,True,11428,DIREITO ELEITORAL,11429,Crimes Eleitorais,11437,Crimes contra o Serviço da Justiça Eleitoral,11447,Não-Apresentação de Denúncia ou Não Execução de Sentença Penal Condenatória no Prazo Legal  ,11447,Não-Apresentação de Denúncia ou Não Execução de Sentença Penal Condenatória no Prazo Legal  ,11447,Não-Apresentação de Denúncia ou Não Execução de Sentença Penal Condenatória no Prazo Legal  
11449,Recusa ou Abandono do Serviço Eleitoral,11437.0,4,11428/11429/11437/11449,DIREITO ELEITORAL > Crimes Eleitorais > Crimes contra o Serviço da Justiça Eleitoral > Recusa ou Abandono do Serviço Eleitoral,Art. 344. Recusar ou abandonar o serviço eleitoral sem justa causa: Pena - detenção até dois meses ou pagamento de 90 a 120 dias-multa.,Código Eleitoral,344,S,S,S,A,True,11428,DIREITO ELEITORAL,11429,Crimes Eleitorais,11437,Crimes contra o Serviço da Justiça Eleitoral,11449,Recusa ou Abandono do Serviço Eleitoral,11449,Recusa ou Abandono do Serviço Eleitoral,11449,Recusa ou Abandono do Serviço Eleitoral
11450,Não Cumprimento dos Deveres Impostos pelo Código Eleitoral à Autoridade Judiciária e aos Funcionários da Justiça Eleitoral ,11437.0,4,11428/11429/11437/11450,DIREITO ELEITORAL > Crimes Eleitorais > Crimes contra o Serviço da Justiça Eleitoral > Não Cumprimento dos Deveres Impostos pelo Código Eleitoral à Autoridade Judiciária e aos Funcionários da Justiça Eleitoral ,"Art. 345. Não cumprir a autoridade judiciária, ou qualquer funcionário dos órgãos da Justiça Eleitoral, nos prazos legais, os deveres impostos por êste Código, se a infração não estiver sujeita a outra penalidade: (Redação dada pela Lei nº 4.961, de 4.5.1966) Pena - pagamento de trinta a noventa dias-multa.(Redação dada pela Lei nº 4.961, de 4.5.1966)",Código Eleitoral,345,S,S,S,A,True,11428,DIREITO ELEITORAL,11429,Crimes Eleitorais,11437,Crimes contra o Serviço da Justiça Eleitoral,11450,Não Cumprimento dos Deveres Impostos pelo Código Eleitoral à Autoridade Judiciária e aos Funcionários da Justiça Eleitoral ,11450,Não Cumprimento dos Deveres Impostos pelo Código Eleitoral à Autoridade Judiciária e aos Funcionários da Justiça Eleitoral ,11450,Não Cumprimento dos Deveres Impostos pelo Código Eleitoral à Autoridade Judiciária e aos Funcionários da Justiça Eleitoral 
11451,Utilização de Prédios ou Serviços de Repartições Públicas para Beneficiar Partido ou Organização de Caráter Político ,11437.0,4,11428/11429/11437/11451,DIREITO ELEITORAL > Crimes Eleitorais > Crimes contra o Serviço da Justiça Eleitoral > Utilização de Prédios ou Serviços de Repartições Públicas para Beneficiar Partido ou Organização de Caráter Político ,"Art. 346 . Violar o disposto no Art. 377: Pena - detenção até seis meses e pagamento de 30 a 60 dias-multa. Parágrafo único. Incorrerão na pena, além da autoridade responsável, os servidores que prestarem serviços e os candidatos, membros ou diretores de partido que derem causa à infração. Art. 377. O serviço de qualquer repartição, federal, estadual, municipal, autarquia, fundação do Estado, sociedade de economia mista, entidade mantida ou subvencionada pelo poder público, ou que realiza contrato com este, inclusive o respectivo prédio e suas dependências não poderá ser utilizado para beneficiar partido ou organização de caráter político. Parágrafo único. O disposto neste artigo será tornado efetivo, a qualquer tempo, pelo órgão competente da Justiça Eleitoral, conforme o âmbito nacional, regional ou municipal do órgão infrator mediante representação fundamentada partidário, ou de qualquer eleitor.",Código Eleitoral,346,S,S,S,A,True,11428,DIREITO ELEITORAL,11429,Crimes Eleitorais,11437,Crimes contra o Serviço da Justiça Eleitoral,11451,Utilização de Prédios ou Serviços de Repartições Públicas para Beneficiar Partido ou Organização de Caráter Político ,11451,Utilização de Prédios ou Serviços de Repartições Públicas para Beneficiar Partido ou Organização de Caráter Político ,11451,Utilização de Prédios ou Serviços de Repartições Públicas para Beneficiar Partido ou Organização de Caráter Político 
11452,Desobediência a Ordens ou Instruções da Justiça Eleitoral ,11437.0,4,11428/11429/11437/11452,DIREITO ELEITORAL > Crimes Eleitorais > Crimes contra o Serviço da Justiça Eleitoral > Desobediência a Ordens ou Instruções da Justiça Eleitoral ,"Art. 347. Recusar alguém cumprimento ou obediência a diligências, ordens ou instruções da Justiça Eleitoral ou opor embaraços à sua execução: Pena - detenção de três meses a um ano e pagamento de 10 a 20 dias-multa.",Código Eleitoral,347,S,S,S,A,True,11428,DIREITO ELEITORAL,11429,Crimes Eleitorais,11437,Crimes contra o Serviço da Justiça Eleitoral,11452,Desobediência a Ordens ou Instruções da Justiça Eleitoral ,11452,Desobediência a Ordens ou Instruções da Justiça Eleitoral ,11452,Desobediência a Ordens ou Instruções da Justiça Eleitoral 
11453,"Descumprimento do Dever de Informar o Número, Espécie e Lotação de Veículos e Embarcações ",11437.0,4,11428/11429/11437/11453,"DIREITO ELEITORAL > Crimes Eleitorais > Crimes contra o Serviço da Justiça Eleitoral > Descumprimento do Dever de Informar o Número, Espécie e Lotação de Veículos e Embarcações ","Art. 3º - Até cinqüenta dias antes da data do pleito, os responsáveis por todas as repartições, órgãos e unidades do serviço público federal, estadual e municipal oficiarão à Justiça Eleitoral, informando o número, a espécie e lotação dos veículos e embarcações de sua propriedade, e justificando, se for o caso, a ocorrência da exceção prevista no § 1º do Art. 1º desta Lei. § 1º - Os veículos e embarcações à disposição da Justiça Eleitoral deverão, mediante comunicação expressa de seus proprietários, estar em condições de ser utilizados, pelo menos, vinte e quatro horas antes das eleições e circularão exibindo de modo bem visível, dístico em letras garrafais, com a frase: \\\""A serviço da Justiça Eleitoral\\\"". § 2º - A Justiça Eleitoral, à vista das informações recebidas, planejará a execução do serviço de transporte de eleitores e requisitará aos responsáveis pelas repartições, órgãos ou unidades, até trinta dias antes do pleito, os veículos e embarcações necessários. ............................................................... Art. 11 - Constitui crime eleitoral: I - descumprir, o responsável por órgão, repartição ou unidade do serviço público, o dever imposto no Art. 3, ou prestar informação inexata que vise a elidir, total ou parcialmente, a contribuição de que ele trata: Pena - detenção de quinze dias a seis meses e pagamento de 60 a 100 dias-multa; OBSERVAÇÃO: Art. 1º - Os veículos e embarcações, devidamente abastecidos e tripulados, pertencentes à União, Estados, Territórios e Municípios e suas respectivas autarquias e sociedades de economia mista, excluídos os de uso militar, ficarão à disposição da Justiça Eleitoral para o transporte gratuito de eleitores em zonas rurais, em dias de eleição. § 1º - Excetuam-se do disposto neste artigo os veículos e embarcações em número justificadamente indispensável ao funcionamento de serviço público insusceptível de interrupção.",Lei 6.091/74,"3° e 11, I",S,S,S,A,True,11428,DIREITO ELEITORAL,11429,Crimes Eleitorais,11437,Crimes contra o Serviço da Justiça Eleitoral,11453,"Descumprimento do Dever de Informar o Número, Espécie e Lotação de Veículos e Embarcações ",11453,"Descumprimento do Dever de Informar o Número, Espécie e Lotação de Veículos e Embarcações ",11453,"Descumprimento do Dever de Informar o Número, Espécie e Lotação de Veículos e Embarcações "
11454,Desatendimento à Requisição de Veículo ou Embarcação  ,11437.0,4,11428/11429/11437/11454,DIREITO ELEITORAL > Crimes Eleitorais > Crimes contra o Serviço da Justiça Eleitoral > Desatendimento à Requisição de Veículo ou Embarcação  ,"Art. 2º - Se a utilização de veículos pertencentes às entidades previstas no Art. 1º não for suficiente para atender ao disposto nesta Lei, a Justiça Eleitoral requisitará veículos e embarcações a particulares, de preferência os de aluguel. Parágrafo único. Os serviços requisitados serão pagos, até trinta dias depois do pleito, a preços que correspondam aos critérios da localidade. A despesa correrá por conta do Fundo Partidário ............................................................... Art. 11 - Constitui crime eleitoral: .............................................................. II - desatender à requisição de que trata o Art. 2: Pena - pagamento de 200 a 300 dias-multa, além da apreensão do veículo para o fim OBSERVAÇÃO: Art. 1º - Os veículos e embarcações, devidamente abastecidos e tripulados, pertencentes à União, Estados, Territórios e Municípios e suas respectivas autarquias e sociedades de economia mista, excluídos os de uso militar, ficarão à disposição da Justiça Eleitoral para o transporte gratuito de eleitores em zonas rurais, em dias de eleição. § 1º - Excetuam-se do disposto neste artigo os veículos e embarcações em número justificadamente indispensável ao funcionamento de serviço público insusceptível de interrupção. § 2º - Até quinze dias antes das eleições, a Justiça Eleitoral requisitará dos órgãos da administração direta ou indireta da União, dos Estados, Territórios, Distrito Federal e Municípios os funcionários e as instalações de que necessitar para possibilitar a execução dos serviços de transporte e alimentação de eleitores previstos nesta Lei.",Lei 6.091/74,"2° e 11, II",S,S,S,A,True,11428,DIREITO ELEITORAL,11429,Crimes Eleitorais,11437,Crimes contra o Serviço da Justiça Eleitoral,11454,Desatendimento à Requisição de Veículo ou Embarcação  ,11454,Desatendimento à Requisição de Veículo ou Embarcação  ,11454,Desatendimento à Requisição de Veículo ou Embarcação  
11455,Descumprimento da Proibição de Fornecimento de Transporte ou Refeições a Eleitores,11437.0,4,11428/11429/11437/11455,DIREITO ELEITORAL > Crimes Eleitorais > Crimes contra o Serviço da Justiça Eleitoral > Descumprimento da Proibição de Fornecimento de Transporte ou Refeições a Eleitores,"Art. 5º - Nenhum veículo ou embarcação poderá fazer transporte de eleitores desde o dia anterior até o posterior à eleição, salvo: I - a serviço da Justiça Eleitoral; II - coletivos de linhas regulares e não fretados; III - de uso individual do proprietário, para o exercício do próprio voto e dos membros da sua família; ............................................................... Art. 8º - Somente a Justiça Eleitoral poderá, quando imprescindível, em face da absoluta carência de recursos de eleitores da zona rural, fornecer-lhes refeições, correndo, nesta hipótese, as despesas por conta do Fundo Partidário. ............................................................... Art. 10 - É vedado aos candidatos ou órgãos partidários, ou a qualquer pessoa, o fornecimento de transporte ou refeições aos eleitores da zona urbana. ............................................................... IV - o serviço normal, sem finalidade eleitoral, de veículos de aluguel não atingidos pela requisição de que trata o Art. 2. Art. 11 - Constitui crime eleitoral: ............................................................... III - descumprir a proibição dos artigos 5, 8 e 10: Pena - reclusão de quatro a seis anos e pagamento de 200 a 300 dias multa (Art. 302 do Código Eleitoral); OBSERVAÇÃO: Art. 2º - Se a utilização de veículos pertencentes às entidades previstas no Art. 1º não for suficiente para atender ao disposto nesta Lei, a Justiça Eleitoral requisitará veículos e embarcações a particulares, de preferência os de aluguel. Parágrafo único. Os serviços requisitados serão pagos, até trinta dias depois do pleito, a preços que correspondam aos critérios da localidade. A despesa correrá por conta do Fundo Partidário.",Lei 6.091/74,"5°, 8°, 10 e 11, III",S,S,S,A,True,11428,DIREITO ELEITORAL,11429,Crimes Eleitorais,11437,Crimes contra o Serviço da Justiça Eleitoral,11455,Descumprimento da Proibição de Fornecimento de Transporte ou Refeições a Eleitores,11455,Descumprimento da Proibição de Fornecimento de Transporte ou Refeições a Eleitores,11455,Descumprimento da Proibição de Fornecimento de Transporte ou Refeições a Eleitores
11464,Obstamento do Transporte e Fornecimento de Alimentos a Eleitores pela Justiça Eleitoral,11437.0,4,11428/11429/11437/11464,DIREITO ELEITORAL > Crimes Eleitorais > Crimes contra o Serviço da Justiça Eleitoral > Obstamento do Transporte e Fornecimento de Alimentos a Eleitores pela Justiça Eleitoral,"Art. 4º - Quinze dias antes do pleito, a Justiça Eleitoral divulgará, pelo órgão competente, o quadro geral de percursos e horários programados para o transporte de eleitores, dele fornecendo cópias aos partidos políticos. § 1º - O transporte de eleitores somente será feito dentro dos limites territoriais do respectivo município e quando das zonas rurais para as mesas receptoras distar pelo menos dois quilômetros. § 2º - Os partidos políticos, os candidatos, ou eleitores em número de vinte, pelo menos, poderão oferecer reclamações em três dias contados da divulgação do quadro. § 3º - As reclamações serão apreciadas nos três dias subseqüentes, delas cabendo recurso sem efeito suspensivo. § 4º - Decididas as reclamações, a Justiça Eleitoral divulgará, pelos meios disponíveis, o quadro definitivo. ............................................................... Art. 8º - Somente a Justiça Eleitoral poderá, quando imprescindível, em face da absoluta carência de recursos de eleitores da zona rural, fornecer-lhes refeições, correndo, nesta hipótese, as despesas por conta do Fundo Partidário. ............................................................... Art. 11 - Constitui crime eleitoral: ............................................................... IV - obstar, por qualquer forma, a prestação dos serviços previstos nos artigos 4 e 8 desta Lei, atribuídos à Justiça Eleitoral: Pena - reclusão de 2 (dois) a 4 (quatro) anos;",Lei 6.091/74,"4°, 8° e 11, IV",S,S,S,A,True,11428,DIREITO ELEITORAL,11429,Crimes Eleitorais,11437,Crimes contra o Serviço da Justiça Eleitoral,11464,Obstamento do Transporte e Fornecimento de Alimentos a Eleitores pela Justiça Eleitoral,11464,Obstamento do Transporte e Fornecimento de Alimentos a Eleitores pela Justiça Eleitoral,11464,Obstamento do Transporte e Fornecimento de Alimentos a Eleitores pela Justiça Eleitoral
11465,Utilização de Veículos e Embarcações Públicas em Campanha Eleitoral,11437.0,4,11428/11429/11437/11465,DIREITO ELEITORAL > Crimes Eleitorais > Crimes contra o Serviço da Justiça Eleitoral > Utilização de Veículos e Embarcações Públicas em Campanha Eleitoral,"Art. 11 - Constitui crime eleitoral: ............................................................... V - utilizar em campanha eleitoral, no decurso dos 90 (noventa) dias que antecedem o pleito, veículos e embarcações pertencentes à União, Estados, Territórios, Municípios e respectivas autarquias e sociedades de economia mista: Pena - cancelamento do registro do candidato ou de seu diploma, se já houver sido proclamado eleito. Parágrafo único. O responsável, pela guarda do veículo ou da embarcação, será punido com a pena de detenção, de 15 (quinze) dias a 6 (seis) meses, e pagamento de 60 (sessenta) a 100 (cem) dias-multa.",Lei 6.091/74,"11, V e Parágrafo Único",S,S,S,A,True,11428,DIREITO ELEITORAL,11429,Crimes Eleitorais,11437,Crimes contra o Serviço da Justiça Eleitoral,11465,Utilização de Veículos e Embarcações Públicas em Campanha Eleitoral,11465,Utilização de Veículos e Embarcações Públicas em Campanha Eleitoral,11465,Utilização de Veículos e Embarcações Públicas em Campanha Eleitoral
11466,Dano a Equipamento Eleitoral,11437.0,4,11428/11429/11437/11466,DIREITO ELEITORAL > Crimes Eleitorais > Crimes contra o Serviço da Justiça Eleitoral > Dano a Equipamento Eleitoral,"Art. 72. Constituem crimes, puníveis com reclusão, de cinco a dez anos: ............................................................... III - causar, propositadamente, dano físico ao equipamento usado na votação ou na totalização de votos ou a suas partes.",Lei 9.504/97,"72,III",S,S,S,A,True,11428,DIREITO ELEITORAL,11429,Crimes Eleitorais,11437,Crimes contra o Serviço da Justiça Eleitoral,11466,Dano a Equipamento Eleitoral,11466,Dano a Equipamento Eleitoral,11466,Dano a Equipamento Eleitoral
11470,Alteração do Resultado de Votação nos Mapas ou Boletins de Apuração,11467.0,4,11428/11429/11467/11470,DIREITO ELEITORAL > Crimes Eleitorais > Crimes contra a Fé Pública Eleitoral > Alteração do Resultado de Votação nos Mapas ou Boletins de Apuração,Art. 315. Alterar nos mapas ou nos boletins de apuração a votação obtida por qualquer candidato ou lançar nesses documentos votação que não corresponda às cédulas apuradas: Pena - reclusão até cinco anos e pagamento de 5 a 15 dias-multa.,Código Eleitoral,315,S,S,S,A,True,11428,DIREITO ELEITORAL,11429,Crimes Eleitorais,11467,Crimes contra a Fé Pública Eleitoral,11470,Alteração do Resultado de Votação nos Mapas ou Boletins de Apuração,11470,Alteração do Resultado de Votação nos Mapas ou Boletins de Apuração,11470,Alteração do Resultado de Votação nos Mapas ou Boletins de Apuração
11472,Falsificação ou Alteração de Documento Público para Fins Eleitorais,11467.0,4,11428/11429/11467/11472,DIREITO ELEITORAL > Crimes Eleitorais > Crimes contra a Fé Pública Eleitoral > Falsificação ou Alteração de Documento Público para Fins Eleitorais,"Art. 348. Falsificar, no todo ou em parte, documento público, ou alterar documento público verdadeiro, para fins eleitorais: Pena - reclusão de dois a seis anos e pagamento de 15 a 30 dias-multa. § 1º Se o agente é funcionário público e comete o crime prevalecendo-se do cargo, a pena é agravada. § 2º Para os efeitos penais, equipara-se a documento público o emanado de entidade paraestatal inclusive Fundação do Estado. OBSERVAÇÃO: Art. 351. Equipara-se a documento (348,349 e 350) para os efeitos penais, a fotografia, o filme cinematográfico, o disco fonográfico ou fita de ditafone a que se incorpore declaração ou imagem destinada à prova de fato juridicamente relevante.",Código Eleitoral,348,S,S,S,A,True,11428,DIREITO ELEITORAL,11429,Crimes Eleitorais,11467,Crimes contra a Fé Pública Eleitoral,11472,Falsificação ou Alteração de Documento Público para Fins Eleitorais,11472,Falsificação ou Alteração de Documento Público para Fins Eleitorais,11472,Falsificação ou Alteração de Documento Público para Fins Eleitorais
11473,Falsidade Ideológica,11467.0,4,11428/11429/11467/11473,DIREITO ELEITORAL > Crimes Eleitorais > Crimes contra a Fé Pública Eleitoral > Falsidade Ideológica,"Art. 350. Omitir, em documento público ou particular, declaração que dêle devia constar, ou nele inserir ou fazer inserir declaração falsa ou diversa da que devia ser escrita, para fins eleitorais: Pena - reclusão até cinco anos e pagamento de 5 a 15 dias-multa, se o documento é público, e reclusão até três anos e pagamento de 3 a 10 dias-multa se o documento é particular. Parágrafo único. Se o agente da falsidade documental é funcionário público e comete o crime prevalecendo-se do cargo ou se a falsificação ou alteração é de assentamentos de registro civil, a pena é agravada. OBSERVAÇÃO: Art. 351. Equipara-se a documento (348,349 e 350) para os efeitos penais, a fotografia, o filme cinematográfico, o disco fonográfico ou fita de ditafone a que se incorpore declaração ou imagem destinada à prova de fato juridicamente relevante.",Código Eleitoral,350,S,S,S,A,True,11428,DIREITO ELEITORAL,11429,Crimes Eleitorais,11467,Crimes contra a Fé Pública Eleitoral,11473,Falsidade Ideológica,11473,Falsidade Ideológica,11473,Falsidade Ideológica
11475,Uso de Documento Falso para Fins Eleitorais,11467.0,4,11428/11429/11467/11475,DIREITO ELEITORAL > Crimes Eleitorais > Crimes contra a Fé Pública Eleitoral > Uso de Documento Falso para Fins Eleitorais,"Art. 353. Fazer uso de qualquer dos documentos falsificados ou alterados, a que se referem os artigos. 348 a 352: Pena - a cominada à falsificação ou à alteração.",Código Eleitoral,353,S,S,S,A,True,11428,DIREITO ELEITORAL,11429,Crimes Eleitorais,11467,Crimes contra a Fé Pública Eleitoral,11475,Uso de Documento Falso para Fins Eleitorais,11475,Uso de Documento Falso para Fins Eleitorais,11475,Uso de Documento Falso para Fins Eleitorais
11476,Obtenção de Documento Falso para Fins Eleitorais,11467.0,4,11428/11429/11467/11476,DIREITO ELEITORAL > Crimes Eleitorais > Crimes contra a Fé Pública Eleitoral > Obtenção de Documento Falso para Fins Eleitorais,"Art. 354. Obter, para uso próprio ou de outrem, documento público ou particular, material ou ideologicamente falso para fins eleitorais: Pena - a cominada à falsificação ou à alteração.",Código Eleitoral,354,S,S,S,A,True,11428,DIREITO ELEITORAL,11429,Crimes Eleitorais,11467,Crimes contra a Fé Pública Eleitoral,11476,Obtenção de Documento Falso para Fins Eleitorais,11476,Obtenção de Documento Falso para Fins Eleitorais,11476,Obtenção de Documento Falso para Fins Eleitorais
11478,Obtenção de Acesso a Sistema de Dados Eleitorais,11467.0,4,11428/11429/11467/11478,DIREITO ELEITORAL > Crimes Eleitorais > Crimes contra a Fé Pública Eleitoral > Obtenção de Acesso a Sistema de Dados Eleitorais,"Art. 72. Constituem crimes, puníveis com reclusão, de cinco a dez anos: I - obter acesso a sistema de tratamento automático de dados usado pelo serviço eleitoral, a fim de alterar a apuração ou a contagem de votos;",Lei 9.504/97,"72, I",S,S,S,A,True,11428,DIREITO ELEITORAL,11429,Crimes Eleitorais,11467,Crimes contra a Fé Pública Eleitoral,11478,Obtenção de Acesso a Sistema de Dados Eleitorais,11478,Obtenção de Acesso a Sistema de Dados Eleitorais,11478,Obtenção de Acesso a Sistema de Dados Eleitorais
11479,Destruição de Dados Eleitorais,11467.0,4,11428/11429/11467/11479,DIREITO ELEITORAL > Crimes Eleitorais > Crimes contra a Fé Pública Eleitoral > Destruição de Dados Eleitorais,"Art. 72. Constituem crimes, puníveis com reclusão, de cinco a dez anos: ............................................................... II - desenvolver ou introduzir comando, instrução, ou programa de computador capaz de destruir, apagar, eliminar, alterar, gravar ou transmitir dado, instrução ou programa ou provocar qualquer outro resultado diverso do esperado em sistema de tratamento automático de dados usados pelo serviço eleitoral;",Lei N. 9.504/97,"72, II",S,S,S,A,True,11428,DIREITO ELEITORAL,11429,Crimes Eleitorais,11467,Crimes contra a Fé Pública Eleitoral,11479,Destruição de Dados Eleitorais,11479,Destruição de Dados Eleitorais,11479,Destruição de Dados Eleitorais
11480,Cerceamento da Fiscalização Partidária,11467.0,4,11428/11429/11467/11480,DIREITO ELEITORAL > Crimes Eleitorais > Crimes contra a Fé Pública Eleitoral > Cerceamento da Fiscalização Partidária,"Art. 87. Na apuração, será garantido aos fiscais e delegados dos partidos e coligações o direito de observar diretamente, a distância não superior a um metro da mesa, a abertura da urna, a abertura e a contagem das cédulas e o preenchimento do boletim .",Lei N. 9.504/97,87,N,N,N,A,True,11428,DIREITO ELEITORAL,11429,Crimes Eleitorais,11467,Crimes contra a Fé Pública Eleitoral,11480,Cerceamento da Fiscalização Partidária,11480,Cerceamento da Fiscalização Partidária,11480,Cerceamento da Fiscalização Partidária
12634,Apropriação Indébita Eleitoral,11467.0,4,11428/11429/11467/12634,DIREITO ELEITORAL > Crimes Eleitorais > Crimes contra a Fé Pública Eleitoral > Apropriação Indébita Eleitoral,"Art. 354-A. Apropriar-se o candidato, o administrador financeiro da campanha, ou quem de fato exerça essa função, de bens, recursos ou valores destinados ao financiamento eleitoral, em proveito próprio ou alheio: (Incluído pela Lei nº 13.488, de 2017) Pena - reclusão, de dois a seis anos, e multa. (Incluído pela Lei nº 13.488, de 2017)",Código Eleitoral,354-A,S,S,S,A,True,11428,DIREITO ELEITORAL,11429,Crimes Eleitorais,11467,Crimes contra a Fé Pública Eleitoral,12634,Apropriação Indébita Eleitoral,12634,Apropriação Indébita Eleitoral,12634,Apropriação Indébita Eleitoral
14221,Falsificação ou Alteração de Documento Particular para Fins Eleitorais,11467.0,4,11428/11429/11467/14221,DIREITO ELEITORAL > Crimes Eleitorais > Crimes contra a Fé Pública Eleitoral > Falsificação ou Alteração de Documento Particular para Fins Eleitorais,,Código Eleitoral,349,S,S,S,A,True,11428,DIREITO ELEITORAL,11429,Crimes Eleitorais,11467,Crimes contra a Fé Pública Eleitoral,14221,Falsificação ou Alteração de Documento Particular para Fins Eleitorais,14221,Falsificação ou Alteração de Documento Particular para Fins Eleitorais,14221,Falsificação ou Alteração de Documento Particular para Fins Eleitorais
15020,Denunciação Caluniosa para Fins Eleitorais,11467.0,4,11428/11429/11467/15020,DIREITO ELEITORAL > Crimes Eleitorais > Crimes contra a Fé Pública Eleitoral > Denunciação Caluniosa para Fins Eleitorais,"Art. 326-A. Dar causa à instauração de investigação policial, de processo judicial, de investigação administrativa, de inquérito civil ou ação de improbidade administrativa, atribuindo a alguém a prática de crime ou ato infracional de que o sabe inocente, com finalidade eleitoral: Pena - reclusão, de 2 (dois) a 8 (oito) anos, e multa. § 1º A pena é aumentada de sexta parte, se o agente se serve do anonimato ou de nome suposto. § 2º A pena é diminuída de metade, se a imputação é de prática de contravenção. § 3º Incorrerá nas mesmas penas deste artigo quem, comprovadamente ciente da inocência do denunciado e com finalidade eleitoral, divulga ou propala, por qualquer meio ou forma, o ato ou o fato que lhe foi falsamente atribuído","Lei nº 4.737, de 15 de julho de 1965 - Código Eleitoral",326-A,S,S,S,A,True,11428,DIREITO ELEITORAL,11429,Crimes Eleitorais,11467,Crimes contra a Fé Pública Eleitoral,15020,Denunciação Caluniosa para Fins Eleitorais,15020,Denunciação Caluniosa para Fins Eleitorais,15020,Denunciação Caluniosa para Fins Eleitorais
11483,Divulgação de Fatos Inverídicos na Propaganda Eleitoral,11482.0,4,11428/11429/11482/11483,DIREITO ELEITORAL > Crimes Eleitorais > Crimes contra a Propaganda Eleitoral > Divulgação de Fatos Inverídicos na Propaganda Eleitoral,"Art. 323. Divulgar, na propaganda, fatos que sabe inveridicos, em relação a partidos ou candidatos e capazes de exercerem influência perante o eleitorado: Pena - detenção de dois meses a um ano, ou pagamento de 120 a 150 dias-multa. Parágrafo único. A pena é agravada se o crime é cometido pela imprensa, rádio ou televisão.",Código Eleitoral,323,S,S,S,A,True,11428,DIREITO ELEITORAL,11429,Crimes Eleitorais,11482,Crimes contra a Propaganda Eleitoral,11483,Divulgação de Fatos Inverídicos na Propaganda Eleitoral,11483,Divulgação de Fatos Inverídicos na Propaganda Eleitoral,11483,Divulgação de Fatos Inverídicos na Propaganda Eleitoral
11484,Calúnia na Propaganda Eleitoral,11482.0,4,11428/11429/11482/11484,DIREITO ELEITORAL > Crimes Eleitorais > Crimes contra a Propaganda Eleitoral > Calúnia na Propaganda Eleitoral,"Art. 324. Caluniar alguém, na propaganda eleitoral, ou visando fins de propaganda, imputando-lhe falsamente fato definido como crime: Pena - detenção de seis meses a dois anos, e pagamento de 10 a 40 dias-multa.",Código Eleitoral,324,S,S,S,A,True,11428,DIREITO ELEITORAL,11429,Crimes Eleitorais,11482,Crimes contra a Propaganda Eleitoral,11484,Calúnia na Propaganda Eleitoral,11484,Calúnia na Propaganda Eleitoral,11484,Calúnia na Propaganda Eleitoral
11485,Divulgação de Falsa Imputação,11482.0,4,11428/11429/11482/11485,DIREITO ELEITORAL > Crimes Eleitorais > Crimes contra a Propaganda Eleitoral > Divulgação de Falsa Imputação,"Art. 324. Caluniar alguém, na propaganda eleitoral, ou visando fins de propaganda, imputando-lhe falsamente fato definido como crime: Pena - detenção de seis meses a dois anos, e pagamento de 10 a 40 dias-multa. § 1° Nas mesmas penas incorre quem, sabendo falsa a imputação, a propala ou divulga. § 2º A prova da verdade do fato imputado exclui o crime, mas não é admitida: I - se, constituindo o fato imputado crime de ação privada, o ofendido, não foi condenado por sentença irrecorrível; II - se o fato é imputado ao Presidente da República ou chefe de governo estrangeiro; III - se do crime imputado, embora de ação pública, o ofendido foi absolvido por sentença irrecorrível.",Código Eleitoral,324,S,S,S,A,True,11428,DIREITO ELEITORAL,11429,Crimes Eleitorais,11482,Crimes contra a Propaganda Eleitoral,11485,Divulgação de Falsa Imputação,11485,Divulgação de Falsa Imputação,11485,Divulgação de Falsa Imputação
11486,Difamação na Propaganda Eleitoral,11482.0,4,11428/11429/11482/11486,DIREITO ELEITORAL > Crimes Eleitorais > Crimes contra a Propaganda Eleitoral > Difamação na Propaganda Eleitoral,"Art. 325. Difamar alguém, na propaganda eleitoral, ou visando a fins de propaganda, imputando-lhe fato ofensivo à sua reputação: Pena - detenção de três meses a um ano, e pagamento de 5 a 30 dias-multa. Parágrafo único. A exceção da verdade somente se admite se ofendido é funcionário público e a ofensa é relativa ao exercício de suas funções.",Código Eleitoral,325,S,S,S,A,True,11428,DIREITO ELEITORAL,11429,Crimes Eleitorais,11482,Crimes contra a Propaganda Eleitoral,11486,Difamação na Propaganda Eleitoral,11486,Difamação na Propaganda Eleitoral,11486,Difamação na Propaganda Eleitoral
11487,Injúria na Propaganda Eleitoral,11482.0,4,11428/11429/11482/11487,DIREITO ELEITORAL > Crimes Eleitorais > Crimes contra a Propaganda Eleitoral > Injúria na Propaganda Eleitoral,"Art. 326. Injuriar alguém, na propaganda eleitoral, ou visando a fins de propaganda, ofendendo-lhe a dignidade ou o decôro: Pena - detenção até seis meses, ou pagamento de 30 a 60 dias-multa. § 1º O juiz pode deixar de aplicar a pena: I - se o ofendido, de forma reprovável, provocou diretamente a injúria; II - no caso de retorsão imediata, que consista em outra injúria. § 2º Se a injúria consiste em violência ou vias de fato, que, por sua natureza ou meio empregado, se considerem aviltantes: Pena - detenção de três meses a um ano e pagamento de 5 a 20 dias-multa, além das penas correspondentes à violência prevista no Código Penal.",Código Eleitoral,326,S,S,S,A,True,11428,DIREITO ELEITORAL,11429,Crimes Eleitorais,11482,Crimes contra a Propaganda Eleitoral,11487,Injúria na Propaganda Eleitoral,11487,Injúria na Propaganda Eleitoral,11487,Injúria na Propaganda Eleitoral
11488,Injúria Eleitoral Violenta,11482.0,4,11428/11429/11482/11488,DIREITO ELEITORAL > Crimes Eleitorais > Crimes contra a Propaganda Eleitoral > Injúria Eleitoral Violenta,"Art. 326. Injuriar alguém, na propaganda eleitoral, ou visando a fins de propaganda, ofendendo-lhe a dignidade ou o decôro: ............................................................... § 2º Se a injúria consiste em violência ou vias de fato, que, por sua natureza ou meio empregado, se considerem aviltantes: Pena - detenção de três meses a um ano e pagamento de 5 a 20 dias-multa, além das penas correspondentes à violência prevista no Código Penal.",Código Eleitoral,"326, par. 2°",S,S,S,A,True,11428,DIREITO ELEITORAL,11429,Crimes Eleitorais,11482,Crimes contra a Propaganda Eleitoral,11488,Injúria Eleitoral Violenta,11488,Injúria Eleitoral Violenta,11488,Injúria Eleitoral Violenta
11489,"Inutilização, Alteração ou Perturbação de Propaganda",11482.0,4,11428/11429/11482/11489,"DIREITO ELEITORAL > Crimes Eleitorais > Crimes contra a Propaganda Eleitoral > Inutilização, Alteração ou Perturbação de Propaganda","Art. 331. Inutilizar, alterar ou perturbar meio de propaganda devidamente empregado: Pena - detenção até seis meses ou pagamento de 90 a 120 dias-multa.",Código Eleitoral,331,S,S,S,A,True,11428,DIREITO ELEITORAL,11429,Crimes Eleitorais,11482,Crimes contra a Propaganda Eleitoral,11489,"Inutilização, Alteração ou Perturbação de Propaganda",11489,"Inutilização, Alteração ou Perturbação de Propaganda",11489,"Inutilização, Alteração ou Perturbação de Propaganda"
11490,Impedimento do Exercício da Propaganda,11482.0,4,11428/11429/11482/11490,DIREITO ELEITORAL > Crimes Eleitorais > Crimes contra a Propaganda Eleitoral > Impedimento do Exercício da Propaganda,Art. 332. Impedir o exercício de propaganda: Pena - detenção até seis meses e pagamento de 30 a 60 dias-multa.,Código Eleitoral,332,S,S,S,A,True,11428,DIREITO ELEITORAL,11429,Crimes Eleitorais,11482,Crimes contra a Propaganda Eleitoral,11490,Impedimento do Exercício da Propaganda,11490,Impedimento do Exercício da Propaganda,11490,Impedimento do Exercício da Propaganda
11491,Utilização de Organização Comercial para Propaganda ou Aliciamento de Eleitores,11482.0,4,11428/11429/11482/11491,DIREITO ELEITORAL > Crimes Eleitorais > Crimes contra a Propaganda Eleitoral > Utilização de Organização Comercial para Propaganda ou Aliciamento de Eleitores,"Art. 334. Utilizar organização comercial de vendas, distribuição de mercadorias, prêmios e sorteios para propaganda ou aliciamento de eleitores: Pena - detenção de seis meses a um ano e cassação do registro se o responsável for candidato.",Código Eleitoral,334,S,S,S,A,True,11428,DIREITO ELEITORAL,11429,Crimes Eleitorais,11482,Crimes contra a Propaganda Eleitoral,11491,Utilização de Organização Comercial para Propaganda ou Aliciamento de Eleitores,11491,Utilização de Organização Comercial para Propaganda ou Aliciamento de Eleitores,11491,Utilização de Organização Comercial para Propaganda ou Aliciamento de Eleitores
11492,Realização de Propaganda Eleitoral em Língua Estrangeira,11482.0,4,11428/11429/11482/11492,DIREITO ELEITORAL > Crimes Eleitorais > Crimes contra a Propaganda Eleitoral > Realização de Propaganda Eleitoral em Língua Estrangeira,"Art. 335. Fazer propaganda, qualquer que seja a sua forma, em língua estrangeira: Pena - detenção de três a seis meses e pagamento de 30 a 60 dias-multa. Parágrafo único. Além da pena cominada, a infração ao presente artigo importa na apreensão e perda do material utilizado na propaganda.",Código Eleitoral,335,S,S,S,A,True,11428,DIREITO ELEITORAL,11429,Crimes Eleitorais,11482,Crimes contra a Propaganda Eleitoral,11492,Realização de Propaganda Eleitoral em Língua Estrangeira,11492,Realização de Propaganda Eleitoral em Língua Estrangeira,11492,Realização de Propaganda Eleitoral em Língua Estrangeira
11493,Participação de Pessoa Não Detentora de Direitos Políticos em Atividades Partidárias e de Propaganda Eleitoral ,11482.0,4,11428/11429/11482/11493,DIREITO ELEITORAL > Crimes Eleitorais > Crimes contra a Propaganda Eleitoral > Participação de Pessoa Não Detentora de Direitos Políticos em Atividades Partidárias e de Propaganda Eleitoral ,"Art. 337. Participar, o estrangeiro ou brasileiro que não estiver no gôzo dos seus direitos políticos, de atividades partidárias inclusive comícios e atos de propaganda em recintos fechados ou abertos: Pena - detenção até seis meses e pagamento de 90 a 120 dias-multa. Parágrafo único. Na mesma pena incorrerá o responsável pelas emissoras de rádio ou televisão que autorizar transmissões de que participem os mencionados neste artigo, bem como o diretor de jornal que lhes divulgar os pronunciamentos.",Código Eleitoral,337,S,S,S,A,True,11428,DIREITO ELEITORAL,11429,Crimes Eleitorais,11482,Crimes contra a Propaganda Eleitoral,11493,Participação de Pessoa Não Detentora de Direitos Políticos em Atividades Partidárias e de Propaganda Eleitoral ,11493,Participação de Pessoa Não Detentora de Direitos Políticos em Atividades Partidárias e de Propaganda Eleitoral ,11493,Participação de Pessoa Não Detentora de Direitos Políticos em Atividades Partidárias e de Propaganda Eleitoral 
11494,Autorização de Transmissão de Pessoa Não Detentora de Direitos Políticos em Atividades Partidárias e de Propaganda Eleitoral ,11482.0,4,11428/11429/11482/11494,DIREITO ELEITORAL > Crimes Eleitorais > Crimes contra a Propaganda Eleitoral > Autorização de Transmissão de Pessoa Não Detentora de Direitos Políticos em Atividades Partidárias e de Propaganda Eleitoral ,"Art. 337. Participar, o estrangeiro ou brasileiro que não estiver no gôzo dos seus direitos políticos, de atividades partidárias inclusive comícios e atos de propaganda em recintos fechados ou abertos: Pena - detenção até seis meses e pagamento de 90 a 120 dias-multa. Parágrafo único. Na mesma pena incorrerá o responsável pelas emissoras de rádio ou televisão que autorizar transmissões de que participem os mencionados neste artigo, bem como o diretor de jornal que lhes divulgar os pronunciamentos.",Código Eleitoral,337,S,S,S,A,True,11428,DIREITO ELEITORAL,11429,Crimes Eleitorais,11482,Crimes contra a Propaganda Eleitoral,11494,Autorização de Transmissão de Pessoa Não Detentora de Direitos Políticos em Atividades Partidárias e de Propaganda Eleitoral ,11494,Autorização de Transmissão de Pessoa Não Detentora de Direitos Políticos em Atividades Partidárias e de Propaganda Eleitoral ,11494,Autorização de Transmissão de Pessoa Não Detentora de Direitos Políticos em Atividades Partidárias e de Propaganda Eleitoral 
11495,Pesquisa Fraudulenta,11482.0,4,11428/11429/11482/11495,DIREITO ELEITORAL > Crimes Eleitorais > Crimes contra a Propaganda Eleitoral > Pesquisa Fraudulenta,"Art. 33 (caput) § 4º A divulgação de pesquisa fraudulenta constitui crime, punível com detenção de seis meses a um ano e multa no valor de cinqüenta mil a cem mil UFIR",Lei N. 9.504/97,"33, parágrafo 4°",S,S,S,A,True,11428,DIREITO ELEITORAL,11429,Crimes Eleitorais,11482,Crimes contra a Propaganda Eleitoral,11495,Pesquisa Fraudulenta,11495,Pesquisa Fraudulenta,11495,Pesquisa Fraudulenta
11496,"Uso, na Propaganda Eleitoral, de Símbolo de Órgãos de Governo",11482.0,4,11428/11429/11482/11496,"DIREITO ELEITORAL > Crimes Eleitorais > Crimes contra a Propaganda Eleitoral > Uso, na Propaganda Eleitoral, de Símbolo de Órgãos de Governo","Art. 40. O uso, na propaganda eleitoral, de símbolos, frases ou imagens, associadas ou semelhantes às empregadas por órgão de governo, empresa pública ou sociedade de economia mista constitui crime, punível com detenção, de seis meses a um ano, com a alternativa de prestação de serviços à comunidade pelo mesmo período, e multa no valor de dez mil a vinte mil UFIR.",Lei N. 9.504/97,40,S,S,S,A,True,11428,DIREITO ELEITORAL,11429,Crimes Eleitorais,11482,Crimes contra a Propaganda Eleitoral,11496,"Uso, na Propaganda Eleitoral, de Símbolo de Órgãos de Governo",11496,"Uso, na Propaganda Eleitoral, de Símbolo de Órgãos de Governo",11496,"Uso, na Propaganda Eleitoral, de Símbolo de Órgãos de Governo"
15143,Violência contra a Mulher Candidata ou no Exercício do Mandato Eletivo,11482.0,4,11428/11429/11482/15143,DIREITO ELEITORAL > Crimes Eleitorais > Crimes contra a Propaganda Eleitoral > Violência contra a Mulher Candidata ou no Exercício do Mandato Eletivo,"Art. 326-B, do Código Eleitoral.",Código Eleitoral,326-B,S,S,S,I,True,11428,DIREITO ELEITORAL,11429,Crimes Eleitorais,11482,Crimes contra a Propaganda Eleitoral,15143,Violência contra a Mulher Candidata ou no Exercício do Mandato Eletivo,15143,Violência contra a Mulher Candidata ou no Exercício do Mandato Eletivo,15143,Violência contra a Mulher Candidata ou no Exercício do Mandato Eletivo
11498,Retenção de Título Eleitoral ou do Comprovante de Alistamento Eleitoral,11497.0,4,11428/11429/11497/11498,DIREITO ELEITORAL > Crimes Eleitorais > Crimes contra o Sigilo ou o Exercício do Voto > Retenção de Título Eleitoral ou do Comprovante de Alistamento Eleitoral,Art. 295. Reter título eleitoral contra a vontade do eleitor: Pena - Detenção até dois meses ou pagamento de 30 a 60 dias-multa.,Código Eleitoral,295,S,S,S,A,True,11428,DIREITO ELEITORAL,11429,Crimes Eleitorais,11497,Crimes contra o Sigilo ou o Exercício do Voto,11498,Retenção de Título Eleitoral ou do Comprovante de Alistamento Eleitoral,11498,Retenção de Título Eleitoral ou do Comprovante de Alistamento Eleitoral,11498,Retenção de Título Eleitoral ou do Comprovante de Alistamento Eleitoral
11499,Impedimento ou Embaraço ao Exercício do Sufrágio,11497.0,4,11428/11429/11497/11499,DIREITO ELEITORAL > Crimes Eleitorais > Crimes contra o Sigilo ou o Exercício do Voto > Impedimento ou Embaraço ao Exercício do Sufrágio,Art. 297. Impedir ou embaraçar o exercício do sufrágio: Pena - Detenção até seis meses e pagamento de 60 a 100 dias-multa.,Código Eleitoral,297,S,S,S,A,True,11428,DIREITO ELEITORAL,11429,Crimes Eleitorais,11497,Crimes contra o Sigilo ou o Exercício do Voto,11499,Impedimento ou Embaraço ao Exercício do Sufrágio,11499,Impedimento ou Embaraço ao Exercício do Sufrágio,11499,Impedimento ou Embaraço ao Exercício do Sufrágio
11500,"Prisão ou Detenção do Eleitor, Membro de Mesa Receptora, Fiscal, Delegado de Partido ou Candidato, Fora das Hipóteses Legais Permitidas ",11497.0,4,11428/11429/11497/11500,"DIREITO ELEITORAL > Crimes Eleitorais > Crimes contra o Sigilo ou o Exercício do Voto > Prisão ou Detenção do Eleitor, Membro de Mesa Receptora, Fiscal, Delegado de Partido ou Candidato, Fora das Hipóteses Legais Permitidas ","Art. 298. Prender ou deter eleitor, membro de mesa receptora, fiscal, delegado de partido ou candidato, com violação do disposto no Art. 236: Pena - Reclusão até quatro anos. OBSERVAÇÃO: Art. 236. Nenhuma autoridade poderá, desde 5 (cinco) dias antes e até 48 (quarenta e oito) horas depois do encerramento da eleição, prender ou deter qualquer eleitor, salvo em flagrante delito ou em virtude de sentença criminal condenatória por crime inafiançável, ou, ainda, por desrespeito a salvo-conduto.",Código Eleitoral ,298,S,S,S,A,True,11428,DIREITO ELEITORAL,11429,Crimes Eleitorais,11497,Crimes contra o Sigilo ou o Exercício do Voto,11500,"Prisão ou Detenção do Eleitor, Membro de Mesa Receptora, Fiscal, Delegado de Partido ou Candidato, Fora das Hipóteses Legais Permitidas ",11500,"Prisão ou Detenção do Eleitor, Membro de Mesa Receptora, Fiscal, Delegado de Partido ou Candidato, Fora das Hipóteses Legais Permitidas ",11500,"Prisão ou Detenção do Eleitor, Membro de Mesa Receptora, Fiscal, Delegado de Partido ou Candidato, Fora das Hipóteses Legais Permitidas "
11501,Corrupção Eleitoral,11497.0,4,11428/11429/11497/11501,DIREITO ELEITORAL > Crimes Eleitorais > Crimes contra o Sigilo ou o Exercício do Voto > Corrupção Eleitoral,"Art. 299. Dar, oferecer, prometer, solicitar ou receber, para si ou para outrem, dinheiro, dádiva, ou qualquer outra vantagem, para obter ou dar voto e para conseguir ou prometer abstenção, ainda que a oferta não seja aceita: Pena - reclusão até quatro anos e pagamento de cinco a quinze dias-multa.",Código Eleitoral,299,S,S,S,A,True,11428,DIREITO ELEITORAL,11429,Crimes Eleitorais,11497,Crimes contra o Sigilo ou o Exercício do Voto,11501,Corrupção Eleitoral,11501,Corrupção Eleitoral,11501,Corrupção Eleitoral
11502,Coação Visando a Obtenção de Voto ou a sua Abstenção,11497.0,4,11428/11429/11497/11502,DIREITO ELEITORAL > Crimes Eleitorais > Crimes contra o Sigilo ou o Exercício do Voto > Coação Visando a Obtenção de Voto ou a sua Abstenção,Art. 300. Valer-se o servidor público da sua autoridade para coagir alguém a votar ou não votar em determinado candidato ou partido: Pena - detenção até seis meses e pagamento de 60 a 100 dias-multa. Parágrafo único. Se o agente é membro ou funcionário da Justiça Eleitoral e comete o crime prevalecendo-se do cargo a pena é agravada.,Código Eleitoral,300,S,S,S,A,True,11428,DIREITO ELEITORAL,11429,Crimes Eleitorais,11497,Crimes contra o Sigilo ou o Exercício do Voto,11502,Coação Visando a Obtenção de Voto ou a sua Abstenção,11502,Coação Visando a Obtenção de Voto ou a sua Abstenção,11502,Coação Visando a Obtenção de Voto ou a sua Abstenção
11503,Violência ou Grave Ameaça Visando a Obtenção de Voto ou a sua Abstenção,11497.0,4,11428/11429/11497/11503,DIREITO ELEITORAL > Crimes Eleitorais > Crimes contra o Sigilo ou o Exercício do Voto > Violência ou Grave Ameaça Visando a Obtenção de Voto ou a sua Abstenção,"Art. 301. Usar de violência ou grave ameaça para coagir alguém a votar, ou não votar, em determinado candidato ou partido, ainda que os fins visados não sejam conseguidos: Pena - reclusão até quatro anos e pagamento de cinco a quinze dias-multa.",Código Eleitoral,301,S,S,S,A,True,11428,DIREITO ELEITORAL,11429,Crimes Eleitorais,11497,Crimes contra o Sigilo ou o Exercício do Voto,11503,Violência ou Grave Ameaça Visando a Obtenção de Voto ou a sua Abstenção,11503,Violência ou Grave Ameaça Visando a Obtenção de Voto ou a sua Abstenção,11503,Violência ou Grave Ameaça Visando a Obtenção de Voto ou a sua Abstenção
11504,Concentração de Eleitores para Embaraçar ou Fraudar o Exercício do Voto,11497.0,4,11428/11429/11497/11504,DIREITO ELEITORAL > Crimes Eleitorais > Crimes contra o Sigilo ou o Exercício do Voto > Concentração de Eleitores para Embaraçar ou Fraudar o Exercício do Voto,"Art. 302. Promover, no dia da eleição, com o fim de impedir, embaraçar ou fraudar o exercício do voto a concentração de eleitores, sob qualquer forma, inclusive o fornecimento gratuito de alimento e transporte coletivo: (Redação dada pelo Decreto-Lei nº 1.064, de 24.10.1969) Pena - reclusão de quatro (4) a seis (6) anos e pagamento de 200 a 300 dias-multa. ((Redação dada pelo Decreto-Lei nº 1.064, de 24.10.1969)",Código Eleitoral,302,S,S,S,A,True,11428,DIREITO ELEITORAL,11429,Crimes Eleitorais,11497,Crimes contra o Sigilo ou o Exercício do Voto,11504,Concentração de Eleitores para Embaraçar ou Fraudar o Exercício do Voto,11504,Concentração de Eleitores para Embaraçar ou Fraudar o Exercício do Voto,11504,Concentração de Eleitores para Embaraçar ou Fraudar o Exercício do Voto
11507,Votação Múltipla ou Realizada em Lugar de Outrem,11497.0,4,11428/11429/11497/11507,DIREITO ELEITORAL > Crimes Eleitorais > Crimes contra o Sigilo ou o Exercício do Voto > Votação Múltipla ou Realizada em Lugar de Outrem,"Art. 309. Votar ou tentar votar mais de uma vez, ou em lugar de outrem: Pena - reclusão até três anos.",Código Eleitoral,309,S,S,S,A,True,11428,DIREITO ELEITORAL,11429,Crimes Eleitorais,11497,Crimes contra o Sigilo ou o Exercício do Voto,11507,Votação Múltipla ou Realizada em Lugar de Outrem,11507,Votação Múltipla ou Realizada em Lugar de Outrem,11507,Votação Múltipla ou Realizada em Lugar de Outrem
11508,Violação do Sigilo do Voto,11497.0,4,11428/11429/11497/11508,DIREITO ELEITORAL > Crimes Eleitorais > Crimes contra o Sigilo ou o Exercício do Voto > Violação do Sigilo do Voto,Art. 312. Violar ou tentar violar o sigilo do voto: Pena - detenção até dois anos.,Código Eleitoral,312,S,S,S,A,True,11428,DIREITO ELEITORAL,11429,Crimes Eleitorais,11497,Crimes contra o Sigilo ou o Exercício do Voto,11508,Violação do Sigilo do Voto,11508,Violação do Sigilo do Voto,11508,Violação do Sigilo do Voto
11509,Violação do Sigilo da Urna ou dos Invólucros,11497.0,4,11428/11429/11497/11509,DIREITO ELEITORAL > Crimes Eleitorais > Crimes contra o Sigilo ou o Exercício do Voto > Violação do Sigilo da Urna ou dos Invólucros,Art. 317. Violar ou tentar violar o sigilo da urna ou dos invólucros. Pena - reclusão de três a cinco anos.,Código Eleitoral,317,S,S,S,A,True,11428,DIREITO ELEITORAL,11429,Crimes Eleitorais,11497,Crimes contra o Sigilo ou o Exercício do Voto,11509,Violação do Sigilo da Urna ou dos Invólucros,11509,Violação do Sigilo da Urna ou dos Invólucros,11509,Violação do Sigilo da Urna ou dos Invólucros
11510,"Destruição, Supressão ou Ocultação de Urna Contendo Votos ou Documentos Eleitorais ",11497.0,4,11428/11429/11497/11510,"DIREITO ELEITORAL > Crimes Eleitorais > Crimes contra o Sigilo ou o Exercício do Voto > Destruição, Supressão ou Ocultação de Urna Contendo Votos ou Documentos Eleitorais ","Art. 339 - Destruir, suprimir ou ocultar urna contendo votos, ou documentos relativos à eleição: Pena - reclusão de dois a seis anos e pagamento de 5 a 15 dias-multa. Parágrafo único. Se o agente é membro ou funcionário da Justiça Eleitoral e comete o crime prevalecendo-se do cargo, a pena é agravada.",Código Eleitoral,339,S,S,S,A,True,11428,DIREITO ELEITORAL,11429,Crimes Eleitorais,11497,Crimes contra o Sigilo ou o Exercício do Voto,11510,"Destruição, Supressão ou Ocultação de Urna Contendo Votos ou Documentos Eleitorais ",11510,"Destruição, Supressão ou Ocultação de Urna Contendo Votos ou Documentos Eleitorais ",11510,"Destruição, Supressão ou Ocultação de Urna Contendo Votos ou Documentos Eleitorais "
11511,Destruição de Relação de Candidatos,11497.0,4,11428/11429/11497/11511,DIREITO ELEITORAL > Crimes Eleitorais > Crimes contra o Sigilo ou o Exercício do Voto > Destruição de Relação de Candidatos,"Art. 5º - Constitui crime eleitoral destruir, suprimir ou, de qualquer modo, danificar relação de candidatos afixada na cabina indevassável. Pena - detenção, até seis meses, e pagamento de sessenta a cem dias-multa.",Lei N. 7.021/82,5°,S,S,S,A,True,11428,DIREITO ELEITORAL,11429,Crimes Eleitorais,11497,Crimes contra o Sigilo ou o Exercício do Voto,11511,Destruição de Relação de Candidatos,11511,Destruição de Relação de Candidatos,11511,Destruição de Relação de Candidatos
11512,Uso Proibido de Alto-Falantes,11497.0,4,11428/11429/11497/11512,DIREITO ELEITORAL > Crimes Eleitorais > Crimes contra o Sigilo ou o Exercício do Voto > Uso Proibido de Alto-Falantes,"Art. 39. ................................................... § 5º Constituem crimes, no dia da eleição, puníveis com detenção, de seis meses a um ano, com a alternativa de prestação de serviços à comunidade pelo mesmo período, e multa no valor de cinco mil a quinze mil UFIR: I - o uso de alto-falantes e amplificadores de som ou a promoção de comício ou carreata;",Lei 9.504/97,"39, parágrafo 5º, I",S,S,S,A,True,11428,DIREITO ELEITORAL,11429,Crimes Eleitorais,11497,Crimes contra o Sigilo ou o Exercício do Voto,11512,Uso Proibido de Alto-Falantes,11512,Uso Proibido de Alto-Falantes,11512,Uso Proibido de Alto-Falantes
11513,Arregimentação de Eleitor ou Boca de Urna,11497.0,4,11428/11429/11497/11513,DIREITO ELEITORAL > Crimes Eleitorais > Crimes contra o Sigilo ou o Exercício do Voto > Arregimentação de Eleitor ou Boca de Urna,"Art. 39. ................................................... § 5º Constituem crimes, no dia da eleição, puníveis com detenção, de seis meses a um ano, com a alternativa de prestação de serviços à comunidade pelo mesmo período, e multa no valor de cinco mil a quinze mil UFIR: ............................................................... II - a arregimentação de eleitor ou a propaganda de boca de urna; (Redação dada pela Lei nº 11.300, de 2006)",Lei N. 9.504/97,"39, parágrafo 5°, II",S,S,S,A,True,11428,DIREITO ELEITORAL,11429,Crimes Eleitorais,11497,Crimes contra o Sigilo ou o Exercício do Voto,11513,Arregimentação de Eleitor ou Boca de Urna,11513,Arregimentação de Eleitor ou Boca de Urna,11513,Arregimentação de Eleitor ou Boca de Urna
11514,Divulgação de Propaganda Eleitoral no Dia da Eleição,11497.0,4,11428/11429/11497/11514,DIREITO ELEITORAL > Crimes Eleitorais > Crimes contra o Sigilo ou o Exercício do Voto > Divulgação de Propaganda Eleitoral no Dia da Eleição,"Art. 39. ................................................... § 5º Constituem crimes, no dia da eleição, puníveis com detenção, de seis meses a um ano, com a alternativa de prestação de serviços à comunidade pelo mesmo período, e multa no valor de cinco mil a quinze mil UFIR: ............................................................... III - a divulgação de qualquer espécie de propaganda de partidos políticos ou de seus candidatos. (Redação dada pela Lei nº 12.034, de 2009)",Lei N. 9.504/97,"39, parágrafo 5°, III",S,S,S,A,True,11428,DIREITO ELEITORAL,11429,Crimes Eleitorais,11497,Crimes contra o Sigilo ou o Exercício do Voto,11514,Divulgação de Propaganda Eleitoral no Dia da Eleição,11514,Divulgação de Propaganda Eleitoral no Dia da Eleição,11514,Divulgação de Propaganda Eleitoral no Dia da Eleição
11515,Retenção de Título ou Comprovante de Alistamento Eleitoral,11497.0,4,11428/11429/11497/11515,DIREITO ELEITORAL > Crimes Eleitorais > Crimes contra o Sigilo ou o Exercício do Voto > Retenção de Título ou Comprovante de Alistamento Eleitoral,"Art. 91. ................................................... Parágrafo único. A retenção de título eleitoral ou do comprovante de alistamento eleitoral constitui crime, punível com detenção, de um a três meses, com a alternativa de prestação de serviços à comunidade por igual período, e multa no valor de cinco mil a dez mil UFIR.",Lei N. 9.504/97,"91, parágrafo único",S,S,S,A,True,11428,DIREITO ELEITORAL,11429,Crimes Eleitorais,11497,Crimes contra o Sigilo ou o Exercício do Voto,11515,Retenção de Título ou Comprovante de Alistamento Eleitoral,11515,Retenção de Título ou Comprovante de Alistamento Eleitoral,11515,Retenção de Título ou Comprovante de Alistamento Eleitoral
11518,Subscrição de Mais de Uma Ficha de Filiação Partidária,11517.0,4,11428/11429/11517/11518,DIREITO ELEITORAL > Crimes Eleitorais > Crimes contra os Partidos Políticos > Subscrição de Mais de Uma Ficha de Filiação Partidária,Art. 319. Subscrever o eleitor mais de uma ficha de registro de um ou mais partidos: Pena - detenção até 1 mês ou pagamento de 10 a 30 dias-multa.,Código Eleitoral,319,S,S,S,A,True,11428,DIREITO ELEITORAL,11429,Crimes Eleitorais,11517,Crimes contra os Partidos Políticos,11518,Subscrição de Mais de Uma Ficha de Filiação Partidária,11518,Subscrição de Mais de Uma Ficha de Filiação Partidária,11518,Subscrição de Mais de Uma Ficha de Filiação Partidária
11519,Inscrição Simultânea em Dois ou Mais Partidos,11517.0,4,11428/11429/11517/11519,DIREITO ELEITORAL > Crimes Eleitorais > Crimes contra os Partidos Políticos > Inscrição Simultânea em Dois ou Mais Partidos,"Art. 320. Inscrever-se o eleitor, simultaneamente, em dois ou mais partidos: Pena - pagamento de 10 a 20 dias-multa.",Código Eleitoral,320,S,S,S,A,True,11428,DIREITO ELEITORAL,11429,Crimes Eleitorais,11517,Crimes contra os Partidos Políticos,11519,Inscrição Simultânea em Dois ou Mais Partidos,11519,Inscrição Simultânea em Dois ou Mais Partidos,11519,Inscrição Simultânea em Dois ou Mais Partidos
11520,Coleta de Assinatura em Mais de Uma Ficha de Registro Partidário,11517.0,4,11428/11429/11517/11520,DIREITO ELEITORAL > Crimes Eleitorais > Crimes contra os Partidos Políticos > Coleta de Assinatura em Mais de Uma Ficha de Registro Partidário,Art. 321. Colher a assinatura do eleitor em mais de uma ficha de registro de partido: Pena - detenção até dois meses ou pagamento de 20 a 40 dias-multa.,Código Eleitoral ,321,S,S,S,A,True,11428,DIREITO ELEITORAL,11429,Crimes Eleitorais,11517,Crimes contra os Partidos Políticos,11520,Coleta de Assinatura em Mais de Uma Ficha de Registro Partidário,11520,Coleta de Assinatura em Mais de Uma Ficha de Registro Partidário,11520,Coleta de Assinatura em Mais de Uma Ficha de Registro Partidário
11522,Arguição de Ineligibilidade Temerária ou de Má-Fé,11517.0,4,11428/11429/11517/11522,DIREITO ELEITORAL > Crimes Eleitorais > Crimes contra os Partidos Políticos > Arguição de Ineligibilidade Temerária ou de Má-Fé,"Art. 25. Constitui crime eleitoral a argüição de inelegibilidade, ou a impugnação de registro de candidato feito por interferência do poder econômico, desvio ou abuso do poder de autoridade, deduzida de forma temerária ou de manifesta má-fé: Pena: detenção de 6 (seis) meses a 2 (dois) anos, e multa de 20 (vinte) a 50 (cinqüenta) vezes o valor do Bônus do Tesouro Nacional (BTN) e, no caso de sua extinção, de título público que o substitua.",Lei Complementar N. 64/90,25,S,S,S,A,True,11428,DIREITO ELEITORAL,11429,Crimes Eleitorais,11517,Crimes contra os Partidos Políticos,11522,Arguição de Ineligibilidade Temerária ou de Má-Fé,11522,Arguição de Ineligibilidade Temerária ou de Má-Fé,11522,Arguição de Ineligibilidade Temerária ou de Má-Fé
11523,Não-Acesso dos Partidos aos Dados Relativos às Pesquisas Eleitorais,11517.0,4,11428/11429/11517/11523,DIREITO ELEITORAL > Crimes Eleitorais > Crimes contra os Partidos Políticos > Não-Acesso dos Partidos aos Dados Relativos às Pesquisas Eleitorais,"Art. 34. (VETADO) § 1º Mediante requerimento à Justiça Eleitoral, os partidos poderão ter acesso ao sistema interno de controle, verificação e fiscalização da coleta de dados das entidades que divulgaram pesquisas de opinião relativas às eleições, incluídos os referentes à identificação dos entrevistadores e, por meio de escolha livre e aleatória de planilhas individuais, mapas ou equivalentes, confrontar e conferir os dados publicados, preservada a identidade dos respondentes. § 2º O não-cumprimento do disposto neste artigo ou qualquer ato que vise a retardar, impedir ou dificultar a ação fiscalizadora dos partidos constitui crime, punível com detenção, de seis meses a um ano, com a alternativa de prestação de serviços à comunidade pelo mesmo prazo, e multa no valor de dez mil a vinte mil UFIR.",Lei N. 9.504/97,"34, parágrafos 1° e 2°",S,S,S,A,True,11428,DIREITO ELEITORAL,11429,Crimes Eleitorais,11517,Crimes contra os Partidos Políticos,11523,Não-Acesso dos Partidos aos Dados Relativos às Pesquisas Eleitorais,11523,Não-Acesso dos Partidos aos Dados Relativos às Pesquisas Eleitorais,11523,Não-Acesso dos Partidos aos Dados Relativos às Pesquisas Eleitorais
11524,Irregularidades dos Dados Publicados em Pesquisas Eleitorais,11517.0,4,11428/11429/11517/11524,DIREITO ELEITORAL > Crimes Eleitorais > Crimes contra os Partidos Políticos > Irregularidades dos Dados Publicados em Pesquisas Eleitorais,"Art. 34. (VETADO) § 1º Mediante requerimento à Justiça Eleitoral, os partidos poderão ter acesso ao sistema interno de controle, verificação e fiscalização da coleta de dados das entidades que divulgaram pesquisas de opinião relativas às eleições, incluídos os referentes à identificação dos entrevistadores e, por meio de escolha livre e aleatória de planilhas individuais, mapas ou equivalentes, confrontar e conferir os dados publicados, preservada a identidade dos respondentes. § 2º O não-cumprimento do disposto neste artigo ou qualquer ato que vise a retardar, impedir ou dificultar a ação fiscalizadora dos partidos constitui crime, punível com detenção, de seis meses a um ano, com a alternativa de prestação de serviços à comunidade pelo mesmo prazo, e multa no valor de dez mil a vinte mil UFIR. § 3º A comprovação de irregularidade nos dados publicados sujeita os responsáveis às penas mencionadas no parágrafo anterior, sem prejuízo da obrigatoriedade da veiculação dos dados corretos no mesmo espaço, local, horário, página, caracteres e outros elementos de destaque, de acordo com o veículo usado.",Lei N. 9.504/97,"Art. 34, parágrafos 1°, 2° e 3°",S,S,S,A,True,11428,DIREITO ELEITORAL,11429,Crimes Eleitorais,11517,Crimes contra os Partidos Políticos,11524,Irregularidades dos Dados Publicados em Pesquisas Eleitorais,11524,Irregularidades dos Dados Publicados em Pesquisas Eleitorais,11524,Irregularidades dos Dados Publicados em Pesquisas Eleitorais
11563,Afastamento de Magistrado,11562.0,4,11428/11557/11562/11563,DIREITO ELEITORAL > Administração da Justiça Eleitoral > Magistrado > Afastamento de Magistrado,"Art. 72 - Sem prejuízo do vencimento, remuneração ou de qualquer direito ou vantagem legal, o magistrado poderá afastar-se de suas funções até oito dias consecutivos por motivo de: I - casamento; II - falecimento de cônjuge, ascendente, descendente ou irmão. Art. 73 - Conceder-se-á afastamento ao magistrado, sem prejuízo de seus vencimentos e vantagens: I - para freqüência a cursos ou seminários de aperfeiçoamento e estudos, a critério do Tribunal ou de seu órgão especial, pelo prazo máximo de dois anos; II - para a prestação de serviços, exclusivamente à Justiça Eleitoral. III - para exercer a presidência de associação de classe.",Lei Complementar N. 35/79,72 e 73,N,N,S,A,True,11428,DIREITO ELEITORAL,11557,Administração da Justiça Eleitoral,11562,Magistrado,11563,Afastamento de Magistrado,11563,Afastamento de Magistrado,11563,Afastamento de Magistrado
11564,Designação de Juiz Eleitoral,11562.0,4,11428/11557/11562/11564,DIREITO ELEITORAL > Administração da Justiça Eleitoral > Magistrado > Designação de Juiz Eleitoral,"Art. 32. Cabe a jurisdição de cada uma das zonas eleitorais a um juiz de direito em efetivo exercício e, na falta deste, ao seu substituto legal que goze das prerrogativas do Art. 95 da Constituição. Parágrafo único. Onde houver mais de uma vara o Tribunal Regional designara aquela ou aquelas, a que incumbe o serviço eleitoral.",Código Eleitoral,32,N,S,N,A,True,11428,DIREITO ELEITORAL,11557,Administração da Justiça Eleitoral,11562,Magistrado,11564,Designação de Juiz Eleitoral,11564,Designação de Juiz Eleitoral,11564,Designação de Juiz Eleitoral
11567,Concurso Público,11566.0,4,11428/11557/11566/11567,DIREITO ELEITORAL > Administração da Justiça Eleitoral > Servidor > Concurso Público,"Art. 11. O concurso será de provas ou de provas e títulos, podendo ser realizado em duas etapas, conforme dispuserem a lei e o regulamento do respectivo plano de carreira, condicionada a inscrição do candidato ao pagamento do valor fixado no edital, quando indispensável ao seu custeio, e ressalvadas as hipóteses de isenção nele expressamente previstas. Art. 12. O concurso público terá validade de até 2 (dois ) anos, podendo ser prorrogado uma única vez, por igual período. § 1o O prazo de validade do concurso e as condições de sua realização serão fixados em edital, que será publicado no Diário Oficial da União e em jornal diário de grande circulação. § 2o Não se abrirá novo concurso enquanto houver candidato aprovado em concurso anterior com prazo de validade não expirado.",Lei N. 8.112/90,11 e 12,N,S,S,A,True,11428,DIREITO ELEITORAL,11557,Administração da Justiça Eleitoral,11566,Servidor,11567,Concurso Público,11567,Concurso Público,11567,Concurso Público
11568,Remoção de Servidor,11566.0,4,11428/11557/11566/11568,DIREITO ELEITORAL > Administração da Justiça Eleitoral > Servidor > Remoção de Servidor,"Art. 36. Remoção é o deslocamento do servidor, a pedido ou de ofício, no âmbito do mesmo quadro, com ou sem mudança de sede. Parágrafo único. Para fins do disposto neste artigo, entende-se por modalidades de remoção: I - de ofício, no interesse da Administração; II - a pedido, a critério da Administração; III - a pedido, para outra localidade, independentemente do interesse da Administração: a) para acompanhar cônjuge ou companheiro, também servidor público civil ou militar, de qualquer dos Poderes da União, dos Estados, do Distrito Federal e dos Municípios, que foi deslocado no interesse da Administração; b) por motivo de saúde do servidor, cônjuge, companheiro ou dependente que viva às suas expensas e conste do seu assentamento funcional, condicionada à comprovação por junta médica oficial; c) em virtude de processo seletivo promovido, na hipótese em que o número de interessados for superior ao número de vagas, de acordo com normas preestabelecidas pelo órgão ou entidade em que aqueles estejam lotados.",Lei N. 8.112/90,36,N,S,S,A,True,11428,DIREITO ELEITORAL,11557,Administração da Justiça Eleitoral,11566,Servidor,11568,Remoção de Servidor,11568,Remoção de Servidor,11568,Remoção de Servidor
11569,Requisição,11566.0,4,11428/11557/11566/11569,DIREITO ELEITORAL > Administração da Justiça Eleitoral > Servidor > Requisição,,,,N,S,S,A,True,11428,DIREITO ELEITORAL,11557,Administração da Justiça Eleitoral,11566,Servidor,11569,Requisição,11569,Requisição,11569,Requisição
11581,Impugnação - Inscrição Eleitoral,11580.0,4,11428/11574/11580/11581,DIREITO ELEITORAL > Alistamento Eleitoral > Impugnação - Alistamento Eleitoral > Impugnação - Inscrição Eleitoral,"Art. 45. O escrivão, o funcionário ou o preparador recebendo a fórmula e documentos determinará que o alistando date e assine a petição e em ato contínuo atestará terem sido a data e a assinatura lançados na sua presença; em seguida, tomará a assinatura do requerente na folha individual de votação"" e nas duas vias do título eleitoral, dando recibo da petição e do documento. ............................................................... § 7º Do despacho que indeferir o requerimento de inscrição caberá recurso interposto pelo alistando, e do que o deferir poderá recorrer qualquer delegado de partido",Código Eleitoral,"45, § 7º",S,S,N,I,True,11428,DIREITO ELEITORAL,11574,Alistamento Eleitoral,11580,Impugnação - Alistamento Eleitoral,11581,Impugnação - Inscrição Eleitoral,11581,Impugnação - Inscrição Eleitoral,11581,Impugnação - Inscrição Eleitoral
11582,Impugnação - Transferência de Domicílio Eleitoral,11580.0,4,11428/11574/11580/11582,DIREITO ELEITORAL > Alistamento Eleitoral > Impugnação - Alistamento Eleitoral > Impugnação - Transferência de Domicílio Eleitoral,"Art. 57. O requerimento de transferência de domicílio eleitoral será imediatamente publicado na imprensa oficial na Capital, e em cartório nas demais localidades, podendo os interessados impugná-lo no prazo de dez dias.",Código Eleitoral,57,S,S,N,I,True,11428,DIREITO ELEITORAL,11574,Alistamento Eleitoral,11580,Impugnação - Alistamento Eleitoral,11582,Impugnação - Transferência de Domicílio Eleitoral,11582,Impugnação - Transferência de Domicílio Eleitoral,11582,Impugnação - Transferência de Domicílio Eleitoral
11585,Condição de Elegibilidade,11584.0,4,11428/11583/11584/11585,DIREITO ELEITORAL > Eleições > Candidatos > Condição de Elegibilidade,,,,S,S,S,A,False,11428,DIREITO ELEITORAL,11583,Eleições,11584,Candidatos,11585,Condição de Elegibilidade,11585,Condição de Elegibilidade,11585,Condição de Elegibilidade
11593,Direito de Resposta,11584.0,4,11428/11583/11584/11593,DIREITO ELEITORAL > Eleições > Candidatos > Direito de Resposta,"Art. 58. A partir da escolha de candidatos em convenção, é assegurado o direito de resposta a candidato, partido ou coligação atingidos, ainda que de forma indireta, por conceito, imagem ou afirmação caluniosa, difamatória, injuriosa ou sabidamente inverídica, difundidos por qualquer veículo de comunicação social.",Lei N. 9.504/97,58,S,S,S,A,True,11428,DIREITO ELEITORAL,11583,Eleições,11584,Candidatos,11593,Direito de Resposta,11593,Direito de Resposta,11593,Direito de Resposta
11594,Identificação Numérica de Candidato,11584.0,4,11428/11583/11584/11594,DIREITO ELEITORAL > Eleições > Candidatos > Identificação Numérica de Candidato,"Art. 15. A identificação numérica dos candidatos se dará mediante a observação dos seguintes critérios: I - os candidatos aos cargos majoritários concorrerão com o número identificador do partido ao qual estiverem filiados; II - os candidatos à Câmara dos Deputados concorrerão com o número do partido ao qual estiverem filiados, acrescido de dois algarismos à direita; III - os candidatos às Assembléias Legislativas e à Câmara Distrital concorrerão com o número do partido ao qual estiverem filiados acrescido de três algarismos à direita; IV - o Tribunal Superior Eleitoral baixará resolução sobre a numeração dos candidatos concorrentes às eleições municipais. § lº Aos partidos fica assegurado o direito de manter os números atribuídos à sua legenda na eleição anterior, e aos candidatos, nesta hipótese, o direito de manter os números que lhes foram atribuídos na eleição anterior para o mesmo cargo. § 2º Aos candidatos a que se refere o § 1º do art. 8º, é permitido requerer novo número ao órgão de direção de seu partido, independentemente do sorteio a que se refere o § 2º do art. 100 da Lei nº 4.737, de 15 de julho de 1965 - Código Eleitoral. § 3º Os candidatos de coligações, nas eleições majoritárias, serão registrados com o número de legenda do respectivo partido e, nas eleições proporcionais, com o número de legenda do respectivo partido acrescido do número que lhes couber, observado o disposto no parágrafo anterior.",Lei N. 9.504/97,15,S,S,S,A,True,11428,DIREITO ELEITORAL,11583,Eleições,11584,Candidatos,11594,Identificação Numérica de Candidato,11594,Identificação Numérica de Candidato,11594,Identificação Numérica de Candidato
11595,Inelegibilidade,11584.0,4,11428/11583/11584/11595,DIREITO ELEITORAL > Eleições > Candidatos > Inelegibilidade,"Corrigido o nome Ineligibilidade para Inelegibilidade deste item e de todos os seus filhos em 02/02/2012, durante reunião do comitê gestor das tabelas do Ministério Público.",,,S,S,S,A,True,11428,DIREITO ELEITORAL,11583,Eleições,11584,Candidatos,11595,Inelegibilidade,11595,Inelegibilidade,11595,Inelegibilidade
11611,Nome do Candidato,11584.0,4,11428/11583/11584/11611,DIREITO ELEITORAL > Eleições > Candidatos > Nome do Candidato,,,,S,S,S,A,False,11428,DIREITO ELEITORAL,11583,Eleições,11584,Candidatos,11611,Nome do Candidato,11611,Nome do Candidato,11611,Nome do Candidato
11615,Registro de Candidatura,11584.0,4,11428/11583/11584/11615,DIREITO ELEITORAL > Eleições > Candidatos > Registro de Candidatura,,,,S,S,S,A,True,11428,DIREITO ELEITORAL,11583,Eleições,11584,Candidatos,11615,Registro de Candidatura,11615,Registro de Candidatura,11615,Registro de Candidatura
12600,Candidato Eleito,11584.0,4,11428/11583/11584/12600,DIREITO ELEITORAL > Eleições > Candidatos > Candidato Eleito,,,,S,S,S,A,True,11428,DIREITO ELEITORAL,11583,Eleições,11584,Candidatos,12600,Candidato Eleito,12600,Candidato Eleito,12600,Candidato Eleito
12601,Candidato Não-Eleito,11584.0,4,11428/11583/11584/12601,DIREITO ELEITORAL > Eleições > Candidatos > Candidato Não-Eleito,,,,S,S,S,A,True,11428,DIREITO ELEITORAL,11583,Eleições,11584,Candidatos,12601,Candidato Não-Eleito,12601,Candidato Não-Eleito,12601,Candidato Não-Eleito
11629,Cargo - Deputado Distrital,11628.0,4,11428/11583/11628/11629,DIREITO ELEITORAL > Eleições > Cargos > Cargo - Deputado Distrital,"Art 1º As eleições para Presidente e Vice-Presidente da República, Governador e Vice-Governador de Estado e do Distrito Federal, Prefeito e Vice-Prefeito, Senador, Deputado Federal, Deputado Estadual, Deputado Distrital e Vereador dar-se-ão, em todo o País, no primeiro domingo de outubro do ano respectivo. Parágrafo único. Serão realizadas simultaneamente as eleições: I - para Presidente e Vice-Presidente da República, Governador e Vice-Governador de Estado e do Distrito Federal, Senador, Deputado Federal, Deputado Estadual e Deputado Distrital;",Lei N. 9.504/97,"1°, parágrafo único, I",N,S,S,A,True,11428,DIREITO ELEITORAL,11583,Eleições,11628,Cargos,11629,Cargo - Deputado Distrital,11629,Cargo - Deputado Distrital,11629,Cargo - Deputado Distrital
11630,Cargo - Deputado Estadual,11628.0,4,11428/11583/11628/11630,DIREITO ELEITORAL > Eleições > Cargos > Cargo - Deputado Estadual,"CE: ""Art. 85. A eleição para deputados federais, senadores e suplentes, presidente e vice-presidente da República, governadores, vice-governadores e deputados estaduais far-se-á, simultâneamente, em todo o País."" Lei n. 9.504/97: ""Art 1º As eleições para Presidente e VicePresidente da República, Governador e Vice-Governador de Estado e do Distrito Federal, Prefeito e Vice-Prefeito, Senador, Deputado Federal, Deputado Estadual, Deputado Distrital e Vereador dar-se-ão, em todo o País, no primeiro domingo de outubro do ano respectivo. Parágrafo único. Serão realizadas simultaneamente as eleições: I - para Presidente e Vice-Presidente da República, Governador e Vice-Governador de Estado e do Distrito Federal, Senador, Deputado Federal, Deputado Estadual e Deputado Distrital;""",Código Eleitoral e Lei N. 9.504/97,"85 do Código Eleleitoral e 1°, parágrafo único, I da Lei N. 9.504/97",N,S,S,A,True,11428,DIREITO ELEITORAL,11583,Eleições,11628,Cargos,11630,Cargo - Deputado Estadual,11630,Cargo - Deputado Estadual,11630,Cargo - Deputado Estadual
11631,Cargo - Deputado Federal,11628.0,4,11428/11583/11628/11631,DIREITO ELEITORAL > Eleições > Cargos > Cargo - Deputado Federal,"CE: ""Art. 85. A eleição para deputados federais, senadores e suplentes, presidente e vice-presidente da República, governadores, vice-governadores e deputados estaduais far-se-á, simultâneamente, em todo o País."" Lei n. 9.504/97: ""Art 1º As eleições para Presidente e Vice-Presidente da República, Governador e Vice-Governador de Estado e do Distrito Federal, Prefeito e Vice-Prefeito, Senador, Deputado Federal, Deputado Estadual, Deputado Distrital e Vereador dar-se-ão, em todo o País, no primeiro domingo de outubro do ano respectivo. Parágrafo único. Serão realizadas simultaneamente as eleições: I - para Presidente e Vice-Presidente da República, Governador e Vice-Governador de Estado e do Distrito Federal, Senador, Deputado Federal, Deputado Estadual e Deputado Distrital;""",Código Eleitoral e Lei N. 9.504/97,"85 do CE e 1°, parágrafo único, I da Lei N. 9.504/97",N,S,S,A,True,11428,DIREITO ELEITORAL,11583,Eleições,11628,Cargos,11631,Cargo - Deputado Federal,11631,Cargo - Deputado Federal,11631,Cargo - Deputado Federal
11632,Cargo - Governador,11628.0,4,11428/11583/11628/11632,DIREITO ELEITORAL > Eleições > Cargos > Cargo - Governador,"CE: ""Art. 85. A eleição para deputados federais, senadores e suplentes, presidente e vice-presidente da República, governadores, vice-governadores e deputados estaduais far-se-á, simultâneamente, em todo o País."" Lei n. 9.504/97: ""Art 1º As eleições para Presidente e Vice-Presidente da República, Governador e Vice-Governador de Estado e do Distrito Federal, Prefeito e Vice-Prefeito, Senador, Deputado Federal, Deputado Estadual, Deputado Distrital e Vereador dar-se-ão, em todo o País, no primeiro domingo de outubro do ano respectivo. Parágrafo único. Serão realizadas simultaneamente as eleições: I - para Presidente e Vice-Presidente da República, Governador e Vice-Governador de Estado e do Distrito Federal, Senador, Deputado Federal, Deputado Estadual e Deputado Distrital; ............................................................... Art. 2º Será considerado eleito o candidato a Presidente ou a Governador que obtiver a maioria absoluta de votos, não computados os em branco e os nulos.""",Código Eleitoral e Lei N. 9.504/97,"85 do CE e 1°, parágrafo único, I e 2° da Lei N. 9.504/97",N,S,S,A,True,11428,DIREITO ELEITORAL,11583,Eleições,11628,Cargos,11632,Cargo - Governador,11632,Cargo - Governador,11632,Cargo - Governador
11633,Cargo - Prefeito,11628.0,4,11428/11583/11628/11633,DIREITO ELEITORAL > Eleições > Cargos > Cargo - Prefeito,"CE: ""Art. 83. Na eleição direta para o Senado Federal, para Prefeito e Vice-Prefeito, adotar-se-á o princípio majoritário."" Lei n. 9.504/97: ""Art 1º As eleições para Presidente e Vice-Presidente da República, Governador e Vice-Governador de Estado e do Distrito Federal, Prefeito e Vice-Prefeito, Senador, Deputado Federal, Deputado Estadual, Deputado Distrital e Vereador dar-se-ão, em todo o País, no primeiro domingo de outubro do ano respectivo. Parágrafo único. Serão realizadas simultaneamente as eleições: ............................................................... II - para Prefeito, Vice-Prefeito e Vereador.""",Código Eleitoral e Lei N. 9.504/97,"83 do CE e 1°, parágrafo único, II da Lei N. 9.504/97",S,S,S,A,True,11428,DIREITO ELEITORAL,11583,Eleições,11628,Cargos,11633,Cargo - Prefeito,11633,Cargo - Prefeito,11633,Cargo - Prefeito
11634,Cargo - Presidente da República,11628.0,4,11428/11583/11628/11634,DIREITO ELEITORAL > Eleições > Cargos > Cargo - Presidente da República,"CE: ""Art. 85. A eleição para deputados federais, senadores e suplentes, presidente e vice-presidente da República, governadores, vice-governadores e deputados estaduais far-se-á, simultâneamente, em todo o País."" Lei N. 9.504/97: ""Art 1º As eleições para Presidente e Vice-Presidente da República, Governador e Vice-Governador de Estado e do Distrito Federal, Prefeito e Vice-Prefeito, Senador, Deputado Federal, Deputado Estadual, Deputado Distrital e Vereador dar-se-ão, em todo o País, no primeiro domingo de outubro do ano respectivo. Parágrafo único. Serão realizadas simultaneamente as eleições: I - para Presidente e Vice-Presidente da República, Governador e Vice-Governador de Estado e do Distrito Federal, Senador, Deputado Federal, Deputado Estadual e Deputado Distrital; ............................................................... Art. 2º Será considerado eleito o candidato a Presidente ou a Governador que obtiver a maioria absoluta de votos, não computados os em branco e os nulos.",Código Eleitoral e Lei N. 9.504/97,"85 do CE e 1°, parágrafo único, I e 2° da Lei N. 9.504/97",S,S,S,A,True,11428,DIREITO ELEITORAL,11583,Eleições,11628,Cargos,11634,Cargo - Presidente da República,11634,Cargo - Presidente da República,11634,Cargo - Presidente da República
11637,Cargo - Senador,11628.0,4,11428/11583/11628/11637,DIREITO ELEITORAL > Eleições > Cargos > Cargo - Senador,"CE: ""Art. 85. A eleição para deputados federais, senadores e suplentes, presidente e vice-presidente da República, governadores, vice-governadores e deputados estaduais far-se-á, simultâneamente, em todo o País."" Lei n. 9.504/97: ""Art 1º As eleições para Presidente e Vice-Presidente da República, Governador e Vice-Governador de Estado e do Distrito Federal, Prefeito e Vice-Prefeito, Senador, Deputado Federal, Deputado Estadual, Deputado Distrital e Vereador dar-se-ão, em todo o País, no primeiro domingo de outubro do ano respectivo. Parágrafo único. Serão realizadas simultaneamente as eleições: I - para Presidente e Vice-Presidente da República, Governador e Vice-Governador de Estado e do Distrito Federal, Senador, Deputado Federal, Deputado Estadual e Deputado Distrital;""",Código Eleitoral e Lei N. 9.504/97,"85 do CE e 1°, parágrafo único, I da Lei N. 9.504/97",N,S,S,A,True,11428,DIREITO ELEITORAL,11583,Eleições,11628,Cargos,11637,Cargo - Senador,11637,Cargo - Senador,11637,Cargo - Senador
11638,Cargo - Vereador,11628.0,4,11428/11583/11628/11638,DIREITO ELEITORAL > Eleições > Cargos > Cargo - Vereador,"CE: ""Art. 83. Na eleição direta para o Senado Federal, para Prefeito e Vice-Prefeito, adotar-se-á o princípio majoritário."" Lei n. 9.504/97: ""Art 1º As eleições para Presidente e Vice-Presidente da República, Governador e Vice-Governador de Estado e do Distrito Federal, Prefeito e Vice-Prefeito, Senador, Deputado Federal, Deputado Estadual, Deputado Distrital e Vereador dar-se-ão, em todo o País, no primeiro domingo de outubro do ano respectivo. Parágrafo único. Serão realizadas simultaneamente as eleições: ............................................................... II - para Prefeito, Vice-Prefeito e Vereador.""",Código Eleitoral e Lei N. 9.504/97,"83 do CE e 1°, parágrafo único, II da Lei N. 9.504/97",S,S,S,A,True,11428,DIREITO ELEITORAL,11583,Eleições,11628,Cargos,11638,Cargo - Vereador,11638,Cargo - Vereador,11638,Cargo - Vereador
11640,Cargo - Vice-Prefeito,11628.0,4,11428/11583/11628/11640,DIREITO ELEITORAL > Eleições > Cargos > Cargo - Vice-Prefeito,"CE: ""Art. 83. Na eleição direta para o Senado Federal, para Prefeito e Vice-Prefeito, adotar-se-á o princípio majoritário."" Lei n. 9.504/97: ""Art 1º As eleições para Presidente e Vice-Presidente da República, Governador e Vice-Governador de Estado e do Distrito Federal, Prefeito e Vice-Prefeito, Senador, Deputado Federal, Deputado Estadual, Deputado Distrital e Vereador dar-se-ão, em todo o País, no primeiro domingo de outubro do ano respectivo. Parágrafo único. Serão realizadas simultaneamente as eleições: ............................................................... II - para Prefeito, Vice-Prefeito e Vereador.""",Código Eleitoral e Lei N. 9.504/97,"83 do CE e 1°, parágrafo único, II da Lei N. 9.504/97",S,S,S,A,True,11428,DIREITO ELEITORAL,11583,Eleições,11628,Cargos,11640,Cargo - Vice-Prefeito,11640,Cargo - Vice-Prefeito,11640,Cargo - Vice-Prefeito
11641,Cargo - Vice-Presidente da República,11628.0,4,11428/11583/11628/11641,DIREITO ELEITORAL > Eleições > Cargos > Cargo - Vice-Presidente da República,"CE: ""Art. 85. A eleição para deputados federais, senadores e suplentes, presidente e vice-presidente da República, governadores, vice-governadores e deputados estaduais far-se-á, simultâneamente, em todo o País."" Lei N. 9.504/97: ""Art 1º As eleições para Presidente e Vice-Presidente da República, Governador e Vice-Governador de Estado e do Distrito Federal, Prefeito e Vice-Prefeito, Senador, Deputado Federal, Deputado Estadual, Deputado Distrital e Vereador dar-se-ão, em todo o País, no primeiro domingo de outubro do ano respectivo. Parágrafo único. Serão realizadas simultaneamente as eleições: I - para Presidente e Vice-Presidente da República, Governador e Vice-Governador de Estado e do Distrito Federal, Senador, Deputado Federal, Deputado Estadual e Deputado Distrital;""",Código Eleitoral e Lei N. 9.504/97,"85 do CE e 1°, parágrafo único, I da Lei N. 9.504/97",N,N,S,A,True,11428,DIREITO ELEITORAL,11583,Eleições,11628,Cargos,11641,Cargo - Vice-Presidente da República,11641,Cargo - Vice-Presidente da República,11641,Cargo - Vice-Presidente da República
11649,Pesquisa Eleitoral - Divulgação de Pesquisa Eleitoral Fraudulenta,11648.0,4,11428/11583/11648/11649,DIREITO ELEITORAL > Eleições > Pesquisa Eleitoral > Pesquisa Eleitoral - Divulgação de Pesquisa Eleitoral Fraudulenta,"Art. 33. As entidades e empresas que realizarem pesquisas de opinião pública relativas às eleições ou aos candidatos, para conhecimento público, são obrigadas, para cada pesquisa, a registrar, junto à Justiça Eleitoral, até cinco dias antes da divulgação, as seguintes informações: I - quem contratou a pesquisa; II - valor e origem dos recursos despendidos no trabalho; III - metodologia e período de realização da pesquisa; IV - plano amostral e ponderação quanto a sexo, idade, grau de instrução, nível econômico e área física de realização do trabalho, intervalo de confiança e margem de erro; V - sistema interno de controle e verificação, conferência e fiscalização da coleta de dados e do trabalho de campo; VI - questionário completo aplicado ou a ser aplicado; VII - o nome de quem pagou pela realização do trabalho. ............................................................... § 4º A divulgação de pesquisa fraudulenta constitui crime, punível com detenção de seis meses a um ano e multa no valor de cinqüenta mil a cem mil UFIR.",Lei N. 9.504/97,"33, § 4°",S,S,S,A,True,11428,DIREITO ELEITORAL,11583,Eleições,11648,Pesquisa Eleitoral,11649,Pesquisa Eleitoral - Divulgação de Pesquisa Eleitoral Fraudulenta,11649,Pesquisa Eleitoral - Divulgação de Pesquisa Eleitoral Fraudulenta,11649,Pesquisa Eleitoral - Divulgação de Pesquisa Eleitoral Fraudulenta
11650,Pesquisa Eleitoral - Divulgação de Pesquisa Eleitoral Sem Prévio Registro,11648.0,4,11428/11583/11648/11650,DIREITO ELEITORAL > Eleições > Pesquisa Eleitoral > Pesquisa Eleitoral - Divulgação de Pesquisa Eleitoral Sem Prévio Registro,"Art. 33. As entidades e empresas que realizarem pesquisas de opinião pública relativas às eleições ou aos candidatos, para conhecimento público, são obrigadas, para cada pesquisa, a registrar, junto à Justiça Eleitoral, até cinco dias antes da divulgação, as seguintes informações: I - quem contratou a pesquisa; II - valor e origem dos recursos despendidos no trabalho; III - metodologia e período de realização da pesquisa; IV - plano amostral e ponderação quanto a sexo, idade, grau de instrução, nível econômico e área física de realização do trabalho, intervalo de confiança e margem de erro; V - sistema interno de controle e verificação, conferência e fiscalização da coleta de dados e do trabalho de campo; VI - questionário completo aplicado ou a ser aplicado; VII - o nome de quem pagou pela realização do trabalho. ............................................................... § 3º A divulgação de pesquisa sem o prévio registro das informações de que trata este artigo sujeita os responsáveis a multa no valor de cinqüenta mil a cem mil UFIR.",Lei N. 9.04/97,"33, § 3°",S,S,S,A,True,11428,DIREITO ELEITORAL,11583,Eleições,11648,Pesquisa Eleitoral,11650,Pesquisa Eleitoral - Divulgação de Pesquisa Eleitoral Sem Prévio Registro,11650,Pesquisa Eleitoral - Divulgação de Pesquisa Eleitoral Sem Prévio Registro,11650,Pesquisa Eleitoral - Divulgação de Pesquisa Eleitoral Sem Prévio Registro
11651,Pesquisa Eleitoral - Registro de Pesquisa Eleitoral,11648.0,4,11428/11583/11648/11651,DIREITO ELEITORAL > Eleições > Pesquisa Eleitoral > Pesquisa Eleitoral - Registro de Pesquisa Eleitoral,"Art. 33. As entidades e empresas que realizarem pesquisas de opinião pública relativas às eleições ou aos candidatos, para conhecimento público, são obrigadas, para cada pesquisa, a registrar, junto à Justiça Eleitoral, até cinco dias antes da divulgação, as seguintes informações: I - quem contratou a pesquisa; II - valor e origem dos recursos despendidos no trabalho; III - metodologia e período de realização da pesquisa; IV - plano amostral e ponderação quanto a sexo, idade, grau de instrução, nível econômico e área física de realização do trabalho, intervalo de confiança e margem de erro; V - sistema interno de controle e verificação, conferência e fiscalização da coleta de dados e do trabalho de campo; VI - questionário completo aplicado ou a ser aplicado; VII - o nome de quem pagou pela realização do trabalho. § lº As informações relativas às pesquisas serão registradas nos órgãos da Justiça Eleitoral aos quais compete fazer o registro dos candidatos.",Lei N. 9.504/97,"33, caput e § 1°",S,S,S,A,True,11428,DIREITO ELEITORAL,11583,Eleições,11648,Pesquisa Eleitoral,11651,Pesquisa Eleitoral - Registro de Pesquisa Eleitoral,11651,Pesquisa Eleitoral - Registro de Pesquisa Eleitoral,11651,Pesquisa Eleitoral - Registro de Pesquisa Eleitoral
11653,Propaganda Política - Propaganda Eleitoral - Adesivo,11652.0,4,11428/11583/11652/11653,DIREITO ELEITORAL > Eleições > Propaganda Política - Propaganda Eleitoral > Propaganda Política - Propaganda Eleitoral - Adesivo,"Art. 39-A. É permitida, no dia das eleições, a manifestação individual e silenciosa da preferência do eleitor por partido político, coligação ou candidato, revelada exclusivamente pelo uso de bandeiras, broches, dísticos e adesivos. (Incluído pela Lei nº 12.034, de 2009) § 1o É vedada, no dia do pleito, até o término do horário de votação, a aglomeração de pessoas portando vestuário padronizado, bem como os instrumentos de propaganda referidos no caput, de modo a caracterizar manifestação coletiva, com ou sem utilização de veículos. (Incluído pela Lei nº 12.034, de 2009) § 2o No recinto das seções eleitorais e juntas apuradoras, é proibido aos servidores da Justiça Eleitoral, aos mesários e aos escrutinadores o uso de vestuário ou objeto que contenha qualquer propaganda de partido político, de coligação ou de candidato. (Incluído pela Lei nº 12.034, de 2009) § 3o Aos fiscais partidários, nos trabalhos de votação, só é permitido que, em seus crachás, constem o nome e a sigla do partido político ou coligação a que sirvam, vedada a padronização do vestuário. (Incluído pela Lei nº 12.034, de 2009) § 4o No dia do pleito, serão afixadas cópias deste artigo em lugares visíveis nas partes interna e externa das seções eleitorais. (Incluído pela Lei nº 12.034, de 2009)",Lei N. 9.504/97,39-A,S,S,S,A,True,11428,DIREITO ELEITORAL,11583,Eleições,11652,Propaganda Política - Propaganda Eleitoral,11653,Propaganda Política - Propaganda Eleitoral - Adesivo,11653,Propaganda Política - Propaganda Eleitoral - Adesivo,11653,Propaganda Política - Propaganda Eleitoral - Adesivo
11654,Propaganda Política - Propaganda Eleitoral - Alto-falante/Amplificador de Som,11652.0,4,11428/11583/11652/11654,DIREITO ELEITORAL > Eleições > Propaganda Política - Propaganda Eleitoral > Propaganda Política - Propaganda Eleitoral - Alto-falante/Amplificador de Som,"Art. 39. A realização de qualquer ato de propaganda partidária ou eleitoral, em recinto aberto ou fechado, não depende de licença da polícia. ............................................................... § 3º O funcionamento de alto-falantes ou amplificadores de som, ressalvada a hipótese contemplada no parágrafo seguinte, somente é permitido entre as oito e as vinte e duas horas, sendo vedados a instalação e o uso daqueles equipamentos em distância inferior a duzentos metros: I - das sedes dos Poderes Executivo e Legislativo da União, dos Estados, do Distrito Federal e dos Municípios, das sedes dos Tribunais Judiciais, e dos quartéis e outros estabelecimentos militares; II - dos hospitais e casas de saúde; III - das escolas, bibliotecas públicas, igrejas e teatros, quando em funcionamento.",Lei N. 9.504/97,"39, §3°",S,S,S,A,True,11428,DIREITO ELEITORAL,11583,Eleições,11652,Propaganda Política - Propaganda Eleitoral,11654,Propaganda Política - Propaganda Eleitoral - Alto-falante/Amplificador de Som,11654,Propaganda Política - Propaganda Eleitoral - Alto-falante/Amplificador de Som,11654,Propaganda Política - Propaganda Eleitoral - Alto-falante/Amplificador de Som
11655,Propaganda Política - Propaganda Eleitoral - Banner/Cartaz/Faixa,11652.0,4,11428/11583/11652/11655,DIREITO ELEITORAL > Eleições > Propaganda Política - Propaganda Eleitoral > Propaganda Política - Propaganda Eleitoral - Banner/Cartaz/Faixa,"Art. 37. Nos bens cujo uso dependa de cessão ou permissão do Poder Público, ou que a ele pertençam, e nos de uso comum, inclusive postes de iluminação pública e sinalização de tráfego, viadutos, passarelas, pontes, paradas de ônibus e outros equipamentos urbanos, é vedada a veiculação de propaganda de qualquer natureza, inclusive pichação, inscrição a tinta, fixação de placas, estandartes, faixas e assemelhados.(Redação dada pela Lei nº 11.300, de 2006) ............................................................... 2o Em bens particulares, independe de obtenção de licença municipal e de autorização da Justiça Eleitoral a veiculação de propaganda eleitoral por meio da fixação de faixas, placas, cartazes, pinturas ou inscrições, desde que não excedam a 4m² (quatro metros quadrados) e que não contrariem a legislação eleitoral, sujeitando-se o infrator às penalidades previstas no § 1o. (Redação dada pela Lei nº 12.034, de 2009) OBSERVAÇÃO § 1o A veiculação de propaganda em desacordo com o disposto no caput deste artigo sujeita o responsável, após a notificação e comprovação, à restauração do bem e, caso não cumprida no prazo, a multa no valor de R$ 2.000,00 (dois mil reais) a R$ 8.000,00 (oito mil reais). (Redação dada pela Lei nº 11.300, de 2006)",Lei N. 9.504/97,"37, caput e §2°",S,S,S,A,True,11428,DIREITO ELEITORAL,11583,Eleições,11652,Propaganda Política - Propaganda Eleitoral,11655,Propaganda Política - Propaganda Eleitoral - Banner/Cartaz/Faixa,11655,Propaganda Política - Propaganda Eleitoral - Banner/Cartaz/Faixa,11655,Propaganda Política - Propaganda Eleitoral - Banner/Cartaz/Faixa
11656,Propaganda Política - Propaganda Eleitoral - Bem Particular,11652.0,4,11428/11583/11652/11656,DIREITO ELEITORAL > Eleições > Propaganda Política - Propaganda Eleitoral > Propaganda Política - Propaganda Eleitoral - Bem Particular,"Art. 37. Nos bens cujo uso dependa de cessão ou permissão do Poder Público, ou que a ele pertençam, e nos de uso comum, inclusive postes de iluminação pública e sinalização de tráfego, viadutos, passarelas, pontes, paradas de ônibus e outros equipamentos urbanos, é vedada a veiculação de propaganda de qualquer natureza, inclusive pichação, inscrição a tinta, fixação de placas, estandartes, faixas e assemelhados.(Redação dada pela Lei nº 11.300, de 2006) ............................................................... § 2o Em bens particulares, independe de obtenção de licença municipal e de autorização da Justiça Eleitoral a veiculação de propaganda eleitoral por meio da fixação de faixas, placas, cartazes, pinturas ou inscrições, desde que não excedam a 4m² (quatro metros quadrados) e que não contrariem a legislação eleitoral, sujeitando-se o infrator às penalidades previstas no § 1o. (Redação dada pela Lei nº 12.034, de 2009) OBSERVAÇÃO § 1o A veiculação de propaganda em desacordo com o disposto no caput deste artigo sujeita o responsável, após a notificação e comprovação, à restauração do bem e, caso não cumprida no prazo, a multa no valor de R$ 2.000,00 (dois mil reais) a R$ 8.000,00 (oito mil reais). (Redação dada pela Lei nº 11.300, de 2006)",Lei N. 9.504/97,"37, §2º",S,S,S,A,True,11428,DIREITO ELEITORAL,11583,Eleições,11652,Propaganda Política - Propaganda Eleitoral,11656,Propaganda Política - Propaganda Eleitoral - Bem Particular,11656,Propaganda Política - Propaganda Eleitoral - Bem Particular,11656,Propaganda Política - Propaganda Eleitoral - Bem Particular
11657,Propaganda Política - Propaganda Eleitoral - Bem Particular de Uso Comum,11652.0,4,11428/11583/11652/11657,DIREITO ELEITORAL > Eleições > Propaganda Política - Propaganda Eleitoral > Propaganda Política - Propaganda Eleitoral - Bem Particular de Uso Comum,"Art. 37. Nos bens cujo uso dependa de cessão ou permissão do Poder Público, ou que a ele pertençam, e nos de uso comum, inclusive postes de iluminação pública e sinalização de tráfego, viadutos, passarelas, pontes, paradas de ônibus e outros equipamentos urbanos, é vedada a veiculação de propaganda de qualquer natureza, inclusive pichação, inscrição a tinta, fixação de placas, estandartes, faixas e assemelhados.(Redação dada pela Lei nº 11.300, de 2006) ............................................................... § 2o Em bens particulares, independe de obtenção de licença municipal e de autorização da Justiça Eleitoral a veiculação de propaganda eleitoral por meio da fixação de faixas, placas, cartazes, pinturas ou inscrições, desde que não excedam a 4m² (quatro metros quadrados) e que não contrariem a legislação eleitoral, sujeitando-se o infrator às penalidades previstas no § 1o. (Redação dada pela Lei nº 12.034, de 2009) OBSERVAÇÃO § 1o A veiculação de propaganda em desacordo com o disposto no caput deste artigo sujeita o responsável, após a notificação e comprovação, à restauração do bem e, caso não cumprida no prazo, a multa no valor de R$ 2.000,00 (dois mil reais) a R$ 8.000,00 (oito mil reais). (Redação dada pela Lei nº 11.300, de 2006)",Lei N. 9.504/97,"37, caput e §2°",S,S,S,A,True,11428,DIREITO ELEITORAL,11583,Eleições,11652,Propaganda Política - Propaganda Eleitoral,11657,Propaganda Política - Propaganda Eleitoral - Bem Particular de Uso Comum,11657,Propaganda Política - Propaganda Eleitoral - Bem Particular de Uso Comum,11657,Propaganda Política - Propaganda Eleitoral - Bem Particular de Uso Comum
11658,Propaganda Política - Propaganda Eleitoral - Bem Público,11652.0,4,11428/11583/11652/11658,DIREITO ELEITORAL > Eleições > Propaganda Política - Propaganda Eleitoral > Propaganda Política - Propaganda Eleitoral - Bem Público,"Art. 37. Nos bens cujo uso dependa de cessão ou permissão do Poder Público, ou que a ele pertençam, e nos de uso comum, inclusive postes de iluminação pública e sinalização de tráfego, viadutos, passarelas, pontes, paradas de ônibus e outros equipamentos urbanos, é vedada a veiculação de propaganda de qualquer natureza, inclusive pichação, inscrição a tinta, fixação de placas, estandartes, faixas e assemelhados.(Redação dada pela Lei nº 11.300, de 2006) § 1o A veiculação de propaganda em desacordo com o disposto no caput deste artigo sujeita o responsável, após a notificação e comprovação, à restauração do bem e, caso não cumprida no prazo, a multa no valor de R$ 2.000,00 (dois mil reais) a R$ 8.000,00 (oito mil reais). (Redação dada pela Lei nº 11.300, de 2006) § 2o Em bens particulares, independe de obtenção de licença municipal e de autorização da Justiça Eleitoral a veiculação de propaganda eleitoral por meio da fixação de faixas, placas, cartazes, pinturas ou inscrições, desde que não excedam a 4m² (quatro metros quadrados) e que não contrariem a legislação eleitoral, sujeitando-se o infrator às penalidades previstas no § 1o. (Redação dada pela Lei nº 12.034, de 2009) § 3º Nas dependências do Poder Legislativo, a veiculação de propaganda eleitoral fica a critério da Mesa Diretora. § 4o Bens de uso comum, para fins eleitorais, são os assim definidos pela Lei no 10.406, de 10 de janeiro de 2002 - Código Civil e também aqueles a que a população em geral tem acesso, tais como cinemas, clubes, lojas, centros comerciais, templos, ginásios, estádios, ainda que de propriedade privada. (Incluído pela Lei nº 12.034, de 2009) § 5o Nas árvores e nos jardins localizados em áreas públicas, bem como em muros, cercas e tapumes divisórios, não é permitida a colocação de propaganda eleitoral de qualquer natureza, mesmo que não lhes cause dano. (Incluído pela Lei nº 12.034, de 2009) § 6o É permitida a colocação de cavaletes, bonecos, cartazes, mesas para distribuição de material de campanha e bandeiras ao longo das vias públicas, desde que móveis e que não dificultem o bom andamento do trânsito de pessoas e veículos. (Incluído pela Lei nº 12.034, de 2009) § 7o A mobilidade referida no § 6o estará caracterizada com a colocação e a retirada dos meios de propaganda entre as seis horas e as vinte e duas horas. (Incluído pela Lei nº 12.034, de 2009) § 8o A veiculação de propaganda eleitoral em bens particulares deve ser espontânea e gratuita, sendo vedado qualquer tipo de pagamento em troca de espaço para esta finalidade. (Incluído pela Lei nº 12.034, de 2009)",Lei N. 9.504/97,37,S,S,S,A,True,11428,DIREITO ELEITORAL,11583,Eleições,11652,Propaganda Política - Propaganda Eleitoral,11658,Propaganda Política - Propaganda Eleitoral - Bem Público,11658,Propaganda Política - Propaganda Eleitoral - Bem Público,11658,Propaganda Política - Propaganda Eleitoral - Bem Público
11659,Propaganda Política - Propaganda Eleitoral - Bem Tombado,11652.0,4,11428/11583/11652/11659,DIREITO ELEITORAL > Eleições > Propaganda Política - Propaganda Eleitoral > Propaganda Política - Propaganda Eleitoral - Bem Tombado,"Art. 63. Alterar o aspecto ou estrutura de edificação ou local especialmente protegido por lei, ato administrativo ou decisão judicial, em razão de seu valor paisagístico, ecológico, turístico, artístico, histórico, cultural, religioso, arqueológico, etnográfico ou monumental, sem autorização da autoridade competente ou em desacordo com a concedida: Pena - reclusão, de um a três anos, e multa.",Lei N. 9.608/98,63,S,S,S,A,True,11428,DIREITO ELEITORAL,11583,Eleições,11652,Propaganda Política - Propaganda Eleitoral,11659,Propaganda Política - Propaganda Eleitoral - Bem Tombado,11659,Propaganda Política - Propaganda Eleitoral - Bem Tombado,11659,Propaganda Política - Propaganda Eleitoral - Bem Tombado
11660,Propaganda Política - Propaganda Eleitoral - Boca de Urna,11652.0,4,11428/11583/11652/11660,DIREITO ELEITORAL > Eleições > Propaganda Política - Propaganda Eleitoral > Propaganda Política - Propaganda Eleitoral - Boca de Urna,"Art. 39. A realização de qualquer ato de propaganda partidária ou eleitoral, em recinto aberto ou fechado, não depende de licença da polícia. ............................................................... § 5º Constituem crimes, no dia da eleição, puníveis com detenção, de seis meses a um ano, com a alternativa de prestação de serviços à comunidade pelo mesmo período, e multa no valor de cinco mil a quinze mil UFIR: ............................................................... II - a arregimentação de eleitor ou a propaganda de boca de urna; (Redação dada pela Lei nº 11.300, de 2006)",Lei N. 9.504/97,"39, §5°, II",S,S,S,A,True,11428,DIREITO ELEITORAL,11583,Eleições,11652,Propaganda Política - Propaganda Eleitoral,11660,Propaganda Política - Propaganda Eleitoral - Boca de Urna,11660,Propaganda Política - Propaganda Eleitoral - Boca de Urna,11660,Propaganda Política - Propaganda Eleitoral - Boca de Urna
11661,Propaganda Política - Propaganda Eleitoral - Cavalete,11652.0,4,11428/11583/11652/11661,DIREITO ELEITORAL > Eleições > Propaganda Política - Propaganda Eleitoral > Propaganda Política - Propaganda Eleitoral - Cavalete,"Art. 37. Nos bens cujo uso dependa de cessão ou permissão do Poder Público, ou que a ele pertençam, e nos de uso comum, inclusive postes de iluminação pública e sinalização de tráfego, viadutos, passarelas, pontes, paradas de ônibus e outros equipamentos urbanos, é vedada a veiculação de propaganda de qualquer natureza, inclusive pichação, inscrição a tinta, fixação de placas, estandartes, faixas e assemelhados.(Redação dada pela Lei nº 11.300, de 2006) ............................................................... § 6o É permitida a colocação de cavaletes, bonecos, cartazes, mesas para distribuição de material de campanha e bandeiras ao longo das vias públicas, desde que móveis e que não dificultem o bom andamento do trânsito de pessoas e veículos. (Incluído pela Lei nº 12.034, de 2009)",Lei N. 9.504/97,"37, §6°",S,S,S,A,True,11428,DIREITO ELEITORAL,11583,Eleições,11652,Propaganda Política - Propaganda Eleitoral,11661,Propaganda Política - Propaganda Eleitoral - Cavalete,11661,Propaganda Política - Propaganda Eleitoral - Cavalete,11661,Propaganda Política - Propaganda Eleitoral - Cavalete
11662,Propaganda Política - Propaganda Eleitoral - Comício/Showmício,11652.0,4,11428/11583/11652/11662,DIREITO ELEITORAL > Eleições > Propaganda Política - Propaganda Eleitoral > Propaganda Política - Propaganda Eleitoral - Comício/Showmício,"Art. 39. A realização de qualquer ato de propaganda partidária ou eleitoral, em recinto aberto ou fechado, não depende de licença da polícia. ............................................................... § 4o A realização de comícios e a utilização de aparelhagem de sonorização fixa são permitidas no horário compreendido entre as 8 (oito) e as 24 (vinte e quatro) horas. (Redação dada pela Lei nº 11.300, de 2006) ............................................................... § 7o É proibida a realização de showmício e de evento assemelhado para promoção de candidatos, bem como a apresentação, remunerada ou não, de artistas com a finalidade de animar comício e reunião eleitoral. (Incluído pela Lei nº 11.300, de 2006)",Lei N. 9.504/97,"39, §§ 4° e 7°",S,S,S,A,True,11428,DIREITO ELEITORAL,11583,Eleições,11652,Propaganda Política - Propaganda Eleitoral,11662,Propaganda Política - Propaganda Eleitoral - Comício/Showmício,11662,Propaganda Política - Propaganda Eleitoral - Comício/Showmício,11662,Propaganda Política - Propaganda Eleitoral - Comício/Showmício
11663,Propaganda Política - Propaganda Eleitoral - Conduta Vedada a Emissora de Rádio/Televisão na Programação Normal,11652.0,4,11428/11583/11652/11663,DIREITO ELEITORAL > Eleições > Propaganda Política - Propaganda Eleitoral > Propaganda Política - Propaganda Eleitoral - Conduta Vedada a Emissora de Rádio/Televisão na Programação Normal,"Art. 56. A requerimento de partido, coligação ou candidato, a Justiça Eleitoral poderá determinar a suspensão, por vinte e quatro horas, da programação normal de emissora que deixar de cumprir as disposições desta Lei sobre propaganda. § 1º No período de suspensão a que se refere este artigo, a emissora transmitirá a cada quinze minutos a informação de que se encontra fora do ar por ter desobedecido à lei eleitoral. § 2º Em cada reiteração de conduta, o período de suspensão será duplicado.",Lei N. 9.504/97,56,S,S,S,A,True,11428,DIREITO ELEITORAL,11583,Eleições,11652,Propaganda Política - Propaganda Eleitoral,11663,Propaganda Política - Propaganda Eleitoral - Conduta Vedada a Emissora de Rádio/Televisão na Programação Normal,11663,Propaganda Política - Propaganda Eleitoral - Conduta Vedada a Emissora de Rádio/Televisão na Programação Normal,11663,Propaganda Política - Propaganda Eleitoral - Conduta Vedada a Emissora de Rádio/Televisão na Programação Normal
11664,"Propaganda Política - Propaganda Eleitoral - Confecção, Utilização ou Distribuição de Brinde",11652.0,4,11428/11583/11652/11664,"DIREITO ELEITORAL > Eleições > Propaganda Política - Propaganda Eleitoral > Propaganda Política - Propaganda Eleitoral - Confecção, Utilização ou Distribuição de Brinde","Art. 39. A realização de qualquer ato de propaganda partidária ou eleitoral, em recinto aberto ou fechado, não depende de licença da polícia. ............................................................... § 6o É vedada na campanha eleitoral a confecção, utilização, distribuição por comitê, candidato, ou com a sua autorização, de camisetas, chaveiros, bonés, canetas, brindes, cestas básicas ou quaisquer outros bens ou materiais que possam proporcionar vantagem ao eleitor. (Incluído pela Lei nº 11.300, de 2006)",Lei N. 9.504/97,"39, §6º",S,S,S,A,True,11428,DIREITO ELEITORAL,11583,Eleições,11652,Propaganda Política - Propaganda Eleitoral,11664,"Propaganda Política - Propaganda Eleitoral - Confecção, Utilização ou Distribuição de Brinde",11664,"Propaganda Política - Propaganda Eleitoral - Confecção, Utilização ou Distribuição de Brinde",11664,"Propaganda Política - Propaganda Eleitoral - Confecção, Utilização ou Distribuição de Brinde"
11665,Propaganda Política - Propaganda Eleitoral - Contrariedade à Lei de Postura Municipal,11652.0,4,11428/11583/11652/11665,DIREITO ELEITORAL > Eleições > Propaganda Política - Propaganda Eleitoral > Propaganda Política - Propaganda Eleitoral - Contrariedade à Lei de Postura Municipal,"CE: ""Art. 243. Não será tolerada propaganda: ............................................................... VIII - que prejudique a higiene e a estética urbana ou contravenha a posturas municiais ou a outra qualquer restrição de direito;"" Lei N. 9.504/97: ""Art. 41. A propaganda exercida nos termos da legislação eleitoral não poderá ser objeto de multa nem cerceada sob alegação do exercício do poder de polícia ou de violação de postura municipal, casos em que se deve proceder na forma prevista no art. 40"" OBSERVAÇÃO: Lei N. 9.504/97: "" Art. 40. O uso, na propaganda eleitoral, de símbolos, frases ou imagens, associadas ou semelhantes às empregadas por órgão de governo, empresa pública ou sociedade de economia mista constitui crime, punível com detenção, de seis meses a um ano, com a alternativa de prestação de serviços à comunidade pelo mesmo período, e multa no valor de dez mil a vinte mil UFIR.""",Código Eleitoral e Lei N. 9.504/97,"243, VIII do CE e 41 da Lei N. 9.504/97",S,S,S,A,True,11428,DIREITO ELEITORAL,11583,Eleições,11652,Propaganda Política - Propaganda Eleitoral,11665,Propaganda Política - Propaganda Eleitoral - Contrariedade à Lei de Postura Municipal,11665,Propaganda Política - Propaganda Eleitoral - Contrariedade à Lei de Postura Municipal,11665,Propaganda Política - Propaganda Eleitoral - Contrariedade à Lei de Postura Municipal
11666,Propaganda Política - Propaganda Eleitoral - Debate Político,11652.0,4,11428/11583/11652/11666,DIREITO ELEITORAL > Eleições > Propaganda Política - Propaganda Eleitoral > Propaganda Política - Propaganda Eleitoral - Debate Político,"Art 46. Independentemente da veiculação de propaganda eleitoral gratuita no horário definido nesta Lei, é facultada a transmissão, por emissora de rádio ou televisão, de debates sobre as eleições majoritária ou proporcional, sendo assegurada a participação de candidatos dos partidos com representação na Câmara dos Deputados, e facultada a dos demais, observado o seguinte: I - nas eleições majoritárias, a apresentação dos debates poderá ser feita: a) em conjunto, estando presentes todos os candidatos a um mesmo cargo eletivo; b) em grupos, estando presentes, no mínimo, três candidatos; II - nas eleições proporcionais, os debates deverão ser organizados de modo que assegurem a presença de número equivalente de candidatos de todos os partidos e coligações a um mesmo cargo eletivo, podendo desdobrar-se em mais de um dia; III - os debates deverão ser parte de programação previamente estabelecida e divulgada pela emissora, fazendo-se mediante sorteio a escolha do dia e da ordem de fala de cada candidato, salvo se celebrado acordo em outro sentido entre os partidos e coligações interessados. § 1º Será admitida a realização de debate sem a presença de candidato de algum partido, desde que o veículo de comunicação responsável comprove havê-lo convidado com a antecedência mínima de setenta e duas horas da realização do debate. § 2º É vedada a presença de um mesmo candidato a eleição proporcional em mais de um debate da mesma emissora. § 3º O descumprimento do disposto neste artigo sujeita a empresa infratora às penalidades previstas no art. 56. § 4o O debate será realizado segundo as regras estabelecidas em acordo celebrado entre os partidos políticos e a pessoa jurídica interessada na realização do evento, dando-se ciência à Justiça Eleitoral. (Incluído pela Lei nº 12.034, de 2009) § 5o Para os debates que se realizarem no primeiro turno das eleições, serão consideradas aprovadas as regras que obtiverem a concordância de pelo menos 2/3 (dois terços) dos candidatos aptos no caso de eleição majoritária, e de pelo menos 2/3 (dois terços) dos partidos ou coligações com candidatos aptos, no caso de eleição proporcional. (Incluído pela Lei nº 12.034, de 2009)",Lei N. 9.504/97,46,S,S,S,A,True,11428,DIREITO ELEITORAL,11583,Eleições,11652,Propaganda Política - Propaganda Eleitoral,11666,Propaganda Política - Propaganda Eleitoral - Debate Político,11666,Propaganda Política - Propaganda Eleitoral - Debate Político,11666,Propaganda Política - Propaganda Eleitoral - Debate Político
11667,Propaganda Política - Propaganda Eleitoral - Extemporânea/Antecipada,11652.0,4,11428/11583/11652/11667,DIREITO ELEITORAL > Eleições > Propaganda Política - Propaganda Eleitoral > Propaganda Política - Propaganda Eleitoral - Extemporânea/Antecipada,"Art. 36. A propaganda eleitoral somente é permitida após o dia 5 de julho do ano da eleição. ............................................................... § 3o A violação do disposto neste artigo sujeitará o responsável pela divulgação da propaganda e, quando comprovado o seu prévio conhecimento, o beneficiário à multa no valor de R$ 5.000,00 (cinco mil reais) a R$ 25.000,00 (vinte e cinco mil reais), ou ao equivalente ao custo da propaganda, se este for maior. (Redação dada pela Lei nº 12.034, de 2009) ............................................................... Art. 36-A. Não será considerada propaganda eleitoral antecipada: (Incluído pela Lei nº 12.034, de 2009) I - a participação de filiados a partidos políticos ou de pré-candidatos em entrevistas, programas, encontros ou debates no rádio, na televisão e na internet, inclusive com a exposição de plataformas e projetos políticos, desde que não haja pedido de votos, observado pelas emissoras de rádio e de televisão o dever de conferir tratamento isonômico; (Incluído pela Lei nº 12.034, de 2009) II - a realização de encontros, seminários ou congressos, em ambiente fechado e a expensas dos partidos políticos, para tratar da organização dos processos eleitorais, planos de governos ou alianças partidárias visando às eleições; (Incluído pela Lei nº 12.034, de 2009) III - a realização de prévias partidárias e sua divulgação pelos instrumentos de comunicação intrapartidária; ou (Incluído pela Lei nº 12.034, de 2009) IV - a divulgação de atos de parlamentares e debates legislativos, desde que não se mencione a possível candidatura, ou se faça pedido de votos ou de apoio eleitoral. (Incluído pela Lei nº 12.034, de 2009)",Lei N. 9.504/97,"36, §3° e 36-A",S,S,S,A,True,11428,DIREITO ELEITORAL,11583,Eleições,11652,Propaganda Política - Propaganda Eleitoral,11667,Propaganda Política - Propaganda Eleitoral - Extemporânea/Antecipada,11667,Propaganda Política - Propaganda Eleitoral - Extemporânea/Antecipada,11667,Propaganda Política - Propaganda Eleitoral - Extemporânea/Antecipada
11668,Propaganda Política - Propaganda Eleitoral - Folhetos/Volantes/Santinhos/Impressos,11652.0,4,11428/11583/11652/11668,DIREITO ELEITORAL > Eleições > Propaganda Política - Propaganda Eleitoral > Propaganda Política - Propaganda Eleitoral - Folhetos/Volantes/Santinhos/Impressos,"Art. 38. Independe da obtenção de licença municipal e de autorização da Justiça Eleitoral a veiculação de propaganda eleitoral pela distribuição de folhetos, volantes e outros impressos, os quais devem ser editados sob a responsabilidade do partido, coligação ou candidato.",Lei N. 9.504/97,38,S,S,S,A,True,11428,DIREITO ELEITORAL,11583,Eleições,11652,Propaganda Política - Propaganda Eleitoral,11668,Propaganda Política - Propaganda Eleitoral - Folhetos/Volantes/Santinhos/Impressos,11668,Propaganda Política - Propaganda Eleitoral - Folhetos/Volantes/Santinhos/Impressos,11668,Propaganda Política - Propaganda Eleitoral - Folhetos/Volantes/Santinhos/Impressos
11669,Propaganda Política - Propaganda Eleitoral - Horário Eleitoral Gratuito,11652.0,4,11428/11583/11652/11669,DIREITO ELEITORAL > Eleições > Propaganda Política - Propaganda Eleitoral > Propaganda Política - Propaganda Eleitoral - Horário Eleitoral Gratuito,,,,S,S,S,A,True,11428,DIREITO ELEITORAL,11583,Eleições,11652,Propaganda Política - Propaganda Eleitoral,11669,Propaganda Política - Propaganda Eleitoral - Horário Eleitoral Gratuito,11669,Propaganda Política - Propaganda Eleitoral - Horário Eleitoral Gratuito,11669,Propaganda Política - Propaganda Eleitoral - Horário Eleitoral Gratuito
11677,Propaganda Política - Propaganda Eleitoral - Imprensa Escrita - Jornal/Revista/Tabloide,11652.0,4,11428/11583/11652/11677,DIREITO ELEITORAL > Eleições > Propaganda Política - Propaganda Eleitoral > Propaganda Política - Propaganda Eleitoral - Imprensa Escrita - Jornal/Revista/Tabloide,"Art. 43. São permitidas, até a antevéspera das eleições, a divulgação paga, na imprensa escrita, e a reprodução na internet do jornal impresso, de até 10 (dez) anúncios de propaganda eleitoral, por veículo, em datas diversas, para cada candidato, no espaço máximo, por edição, de 1/8 (um oitavo) de página de jornal padrão e de 1/4 (um quarto) de página de revista ou tabloide. § 1o Deverá constar do anúncio, de forma visível, o valor pago pela inserção. § 2o A inobservância do disposto neste artigo sujeita os responsáveis pelos veículos de divulgação e os partidos, coligações ou candidatos beneficiados a multa no valor de R$ 1.000,00 (mil reais) a R$ 10.000,00 (dez mil reais) ou equivalente ao da divulgação da propaganda paga, se este for maior.",Lei N. 9.504/97,43,S,S,S,A,True,11428,DIREITO ELEITORAL,11583,Eleições,11652,Propaganda Política - Propaganda Eleitoral,11677,Propaganda Política - Propaganda Eleitoral - Imprensa Escrita - Jornal/Revista/Tabloide,11677,Propaganda Política - Propaganda Eleitoral - Imprensa Escrita - Jornal/Revista/Tabloide,11677,Propaganda Política - Propaganda Eleitoral - Imprensa Escrita - Jornal/Revista/Tabloide
11678,Propaganda Política - Propaganda Eleitoral - Inobservância do Limite Legal,11652.0,4,11428/11583/11652/11678,DIREITO ELEITORAL > Eleições > Propaganda Política - Propaganda Eleitoral > Propaganda Política - Propaganda Eleitoral - Inobservância do Limite Legal,"Art. 43. São permitidas, até a antevéspera das eleições, a divulgação paga, na imprensa escrita, e a reprodução na internet do jornal impresso, de até 10 (dez) anúncios de propaganda eleitoral, por veículo, em datas diversas, para cada candidato, no espaço máximo, por edição, de 1/8 (um oitavo) de página de jornal padrão e de 1/4 (um quarto) de página de revista ou tabloide. (Redação dada pela Lei nº 12.034, de 2009) § 1o Deverá constar do anúncio, de forma visível, o valor pago pela inserção. (Incluído pela Lei nº 12.034, de 2009) § 2o A inobservância do disposto neste artigo sujeita os responsáveis pelos veículos de divulgação e os partidos, coligações ou candidatos beneficiados a multa no valor de R$ 1.000,00 (mil reais) a R$ 10.000,00 (dez mil reais) ou equivalente ao da divulgação da propaganda paga, se este for maior. (renumerado do parágrafo único pela Lei nº 12.034, de 2009)",Lei N. 9.504/97,43,S,S,S,A,True,11428,DIREITO ELEITORAL,11583,Eleições,11652,Propaganda Política - Propaganda Eleitoral,11678,Propaganda Política - Propaganda Eleitoral - Inobservância do Limite Legal,11678,Propaganda Política - Propaganda Eleitoral - Inobservância do Limite Legal,11678,Propaganda Política - Propaganda Eleitoral - Inobservância do Limite Legal
11679,Propaganda Política - Propaganda Eleitoral - Internet,11652.0,4,11428/11583/11652/11679,DIREITO ELEITORAL > Eleições > Propaganda Política - Propaganda Eleitoral > Propaganda Política - Propaganda Eleitoral - Internet,"Art. 57-A. É permitida a propaganda eleitoral na internet, nos termos desta Lei, após o dia 5 de julho do ano da eleição. Art. 57-B. A propaganda eleitoral na internet poderá ser realizada nas seguintes formas: I - em sítio do candidato, com endereço eletrônico comunicado à Justiça Eleitoral e hospedado, direta ou indiretamente, em provedor de serviço de internet estabelecido no País; II - em sítio do partido ou da coligação, com endereço eletrônico comunicado à Justiça Eleitoral e hospedado, direta ou indiretamente, em provedor de serviço de internet estabelecido no País; III - por meio de mensagem eletrônica para endereços cadastrados gratuitamente pelo candidato, partido ou coligação; IV - por meio de blogs, redes sociais, sítios de mensagens instantâneas e assemelhados, cujo conteúdo seja gerado ou editado por candidatos, partidos ou coligações ou de iniciativa de qualquer pessoa natural. Art. 57-C. Na internet, é vedada a veiculação de qualquer tipo de propaganda eleitoral paga. § 1o É vedada, ainda que gratuitamente, a veiculação de propaganda eleitoral na internet, em sítios: I - de pessoas jurídicas, com ou sem fins lucrativos; II - oficiais ou hospedados por órgãos ou entidades da administração pública direta ou indireta da União, dos Estados, do Distrito Federal e dos Municípios. § 2o A violação do disposto neste artigo sujeita o responsável pela divulgação da propaganda e, quando comprovado seu prévio conhecimento, o beneficiário à multa no valor de R$ 5.000,00 (cinco mil reais) a R$ 30.000,00 (trinta mil reais). Art. 57-D. É livre a manifestação do pensamento, vedado o anonimato durante a campanha eleitoral, por meio da rede mundial de computadores - internet, assegurado o direito de resposta, nos termos das alíneas a, b e c do inciso IV do § 3o do art. 58 e do 58-A, e por outros meios de comunicação interpessoal mediante mensagem eletrônica. § 1o (VETADO) § 2o A violação do disposto neste artigo sujeitará o responsável pela divulgação da propaganda e, quando comprovado seu prévio conhecimento, o beneficiário à multa no valor de R$ 5.000,00 (cinco mil reais) a R$ 30.000,00 (trinta mil reais). Art. 57-E. São vedadas às pessoas relacionadas no art. 24 a utilização, doação ou cessão de cadastro eletrônico de seus clientes, em favor de candidatos, partidos ou coligações § 1o É proibida a venda de cadastro de endereços eletrônicos. § 2o A violação do disposto neste artigo sujeita o responsável pela divulgação da propaganda e, quando comprovado seu prévio conhecimento, o beneficiário à multa no valor de R$ 5.000,00 (cinco mil reais) a R$ 30.000,00 (trinta mil reais). Art. 57-F. Aplicam-se ao provedor de conteúdo e de serviços multimídia que hospeda a divulgação da propaganda eleitoral de candidato, de partido ou de coligação as penalidades previstas nesta Lei, se, no prazo determinado pela Justiça Eleitoral, contado a partir da notificação de decisão sobre a existência de propaganda irregular, não tomar providências para a cessação dessa divulgação. Parágrafo único. O provedor de conteúdo ou de serviços multimídia só será considerado responsável pela divulgação da propaganda se a publicação do material for comprovadamente de seu prévio conhecimento. Art. 57-G. As mensagens eletrônicas enviadas por candidato, partido ou coligação, por qualquer meio, deverão dispor de mecanismo que permita seu descadastramento pelo destinatário, obrigado o remetente a providenciá-lo no prazo de quarenta e oito horas. Parágrafo único. Mensagens eletrônicas enviadas após o término do prazo previsto no caput sujeitam os responsáveis ao pagamento de multa no valor de R$ 100,00 (cem reais), por mensagem. Art. 57-H. Sem prejuízo das demais sanções legais cabíveis, será punido, com multa de R$ 5.000,00 (cinco mil reais) a R$ 30.000,00 (trinta mil reais), quem realizar propaganda eleitoral na internet, atribuindo indevidamente sua autoria a terceiro, inclusive a candidato, partido ou coligação. Art. 57-I. A requerimento de candidato, partido ou coligação, observado o rito previsto no art. 96, a Justiça Eleitoral poderá determinar a suspensão, por vinte e quatro horas, do acesso a todo conteúdo informativo dos sítios da internet que deixarem de cumprir as disposições desta Lei. § 1o A cada reiteração de conduta, será duplicado o período de suspensão. § 2o No período de suspensão a que se refere este artigo, a empresa informará, a todos os usuários que tentarem acessar seus serviços, que se encontra temporariamente inoperante por desobediência à legislação eleitoral. OBSERVAÇÃO Art. 24. É vedado, a partido e candidato, receber direta ou indiretamente doação em dinheiro ou estimável em dinheiro, inclusive por meio de publicidade de qualquer espécie, procedente de: I - entidade ou governo estrangeiro; II - órgão da administração pública direta e indireta ou fundação mantida com recursos provenientes do Poder Público; III - concessionário ou permissionário de serviço público; IV - entidade de direito privado que receba, na condição de beneficiária, contribuição compulsória em virtude de disposição legal; V - entidade de utilidade pública; VI - entidade de classe ou sindical; VII - pessoa jurídica sem fins lucrativos que receba recursos do exterior. VIII - entidades beneficentes e religiosas; (Incluído pela Lei nº 11.300, de 2006) IX - entidades esportivas; (Redação dada pela Lei nº 12.034, de 2009) X - organizações não-governamentais que recebam recursos públicos; (Incluído pela Lei nº 11.300, de 2006) XI - organizações da sociedade civil de interesse público. (Incluído pela Lei nº 11.300, de 2006) Parágrafo único. Não se incluem nas vedações de que trata este artigo as cooperativas cujos cooperados não sejam concessionários ou permissionários de serviços públicos, desde que não estejam sendo beneficiadas com recursos públicos, observado o disposto no art. 81. (Incluído pela Lei nº 12.034, de 2009) ............................................................... Art. 58. A partir da escolha de candidatos em convenção, é assegurado o direito de resposta a candidato, partido ou coligação atingidos, ainda que de forma indireta, por conceito, imagem ou afirmação caluniosa, difamatória, injuriosa ou sabidamente inverídica, difundidos por qualquer veículo de comunicação social. ............................................................... § 3º Observar-se-ão, ainda, as seguintes regras no caso de pedido de resposta relativo a ofensa veiculada: ............................................................... IV - em propaganda eleitoral na internet: (Incluído pela Lei nº 12.034, de 2009) a) deferido o pedido, a divulgação da resposta dar-se-á no mesmo veículo, espaço, local, horário, página eletrônica, tamanho, caracteres e outros elementos de realce usados na ofensa, em até quarenta e oito horas após a entrega da mídia física com a resposta do ofendido; (Incluído pela Lei nº 12.034, de 2009) b) a resposta ficará disponível para acesso pelos usuários do serviço de internet por tempo não inferior ao dobro em que esteve disponível a mensagem considerada ofensiva; (Incluído pela Lei nº 12.034, de 2009) c) os custos de veiculação da resposta correrão por conta do responsável pela propaganda original. (Incluído pela Lei nº 12.034, de 2009) ............................................................... Art. 96. Salvo disposições específicas em contrário desta Lei, as reclamações ou representações relativas ao seu descumprimento podem ser feitas por qualquer partido político, coligação ou candidato, e devem dirigir-se: I - aos Juízes Eleitorais, nas eleições municipais; II - aos Tribunais Regionais Eleitorais, nas eleições federais, estaduais e distritais; III - ao Tribunal Superior Eleitoral, na eleição presidencial. § 1º As reclamações e representações devem relatar fatos, indicando provas, indícios e circunstâncias. § 2º Nas eleições municipais, quando a circunscrição abranger mais de uma Zona Eleitoral, o Tribunal Regional designará um Juiz para apreciar as reclamações ou representações. § 3º Os Tribunais Eleitorais designarão três juízes auxiliares para a apreciação das reclamações ou representações que lhes forem dirigidas. § 4º Os recursos contra as decisões dos juízes auxiliares serão julgados pelo Plenário do Tribunal. § 5º Recebida a reclamação ou representação, a Justiça Eleitoral notificará imediatamente o reclamado ou representado para, querendo, apresentar defesa em quarenta e oito horas. § 6º REVOGADO § 7º Transcorrido o prazo previsto no § 5º, apresentada ou não a defesa, o órgão competente da Justiça Eleitoral decidirá e fará publicar a decisão em vinte e quatro horas. § 8º Quando cabível recurso contra a decisão, este deverá ser apresentado no prazo de vinte e quatro horas da publicação da decisão em cartório ou sessão, assegurado ao recorrido o oferecimento de contra-razões, em igual prazo, a contar da sua notificação. § 9º Os Tribunais julgarão o recurso no prazo de quarenta e oito horas. § 10. Não sendo o feito julgado nos prazos fixados, o pedido pode ser dirigido ao órgão superior, devendo a decisão ocorrer de acordo com o rito definido neste artigo.",Lei N. 9.504/97,57-A a 57-I,S,S,S,A,True,11428,DIREITO ELEITORAL,11583,Eleições,11652,Propaganda Política - Propaganda Eleitoral,11679,Propaganda Política - Propaganda Eleitoral - Internet,11679,Propaganda Política - Propaganda Eleitoral - Internet,11679,Propaganda Política - Propaganda Eleitoral - Internet
11680,Propaganda Política - Propaganda Eleitoral - Omissão de Informações Obrigatórias,11652.0,4,11428/11583/11652/11680,DIREITO ELEITORAL > Eleições > Propaganda Política - Propaganda Eleitoral > Propaganda Política - Propaganda Eleitoral - Omissão de Informações Obrigatórias,"Art. 242. A propaganda, qualquer que seja a sua forma ou modalidade, mencionará sempre a legenda partidária e só poderá ser feita em língua nacional, não devendo empregar meios publicitários destinados a criar, artificialmente, na opinião pública, estados mentais, emocionais ou passionais. Parágrafo único. Sem prejuízo do processo e das penas cominadas, a Justiça Eleitoral adotará medidas para fazer impedir ou cessar imediatamente a propaganda realizada com infração do disposto neste artigo.",Código Eleitoral,242,S,S,S,A,True,11428,DIREITO ELEITORAL,11583,Eleições,11652,Propaganda Política - Propaganda Eleitoral,11680,Propaganda Política - Propaganda Eleitoral - Omissão de Informações Obrigatórias,11680,Propaganda Política - Propaganda Eleitoral - Omissão de Informações Obrigatórias,11680,Propaganda Política - Propaganda Eleitoral - Omissão de Informações Obrigatórias
11681,Propaganda Política - Propaganda Eleitoral - Outdoors,11652.0,4,11428/11583/11652/11681,DIREITO ELEITORAL > Eleições > Propaganda Política - Propaganda Eleitoral > Propaganda Política - Propaganda Eleitoral - Outdoors,"Art. 39. A realização de qualquer ato de propaganda partidária ou eleitoral, em recinto aberto ou fechado, não depende de licença da polícia. ............................................................... § 8o É vedada a propaganda eleitoral mediante outdoors, sujeitando-se a empresa responsável, os partidos, coligações e candidatos à imediata retirada da propaganda irregular e ao pagamento de multa no valor de 5.000 (cinco mil) a 15.000 (quinze mil) UFIRs. (Incluído pela Lei nº 11.300, de 2006)",Lei N. 9.504/97,"39, §8º",S,S,S,A,True,11428,DIREITO ELEITORAL,11583,Eleições,11652,Propaganda Política - Propaganda Eleitoral,11681,Propaganda Política - Propaganda Eleitoral - Outdoors,11681,Propaganda Política - Propaganda Eleitoral - Outdoors,11681,Propaganda Política - Propaganda Eleitoral - Outdoors
11682,Propaganda Política - Propaganda Eleitoral - Pintura em Muro,11652.0,4,11428/11583/11652/11682,DIREITO ELEITORAL > Eleições > Propaganda Política - Propaganda Eleitoral > Propaganda Política - Propaganda Eleitoral - Pintura em Muro,"Art. 37. Nos bens cujo uso dependa de cessão ou permissão do Poder Público, ou que a ele pertençam, e nos de uso comum, inclusive postes de iluminação pública e sinalização de tráfego, viadutos, passarelas, pontes, paradas de ônibus e outros equipamentos urbanos, é vedada a veiculação de propaganda de qualquer natureza, inclusive pichação, inscrição a tinta, fixação de placas, estandartes, faixas e assemelhados. ............................................................... § 2o Em bens particulares, independe de obtenção de licença municipal e de autorização da Justiça Eleitoral a veiculação de propaganda eleitoral por meio da fixação de faixas, placas, cartazes, pinturas ou inscrições, desde que não excedam a 4m² (quatro metros quadrados) e que não contrariem a legislação eleitoral, sujeitando-se o infrator às penalidades previstas no § 1o. OBSERVAÇÃO § 1o A veiculação de propaganda em desacordo com o disposto no caput deste artigo sujeita o responsável, após a notificação e comprovação, à restauração do bem e, caso não cumprida no prazo, a multa no valor de R$ 2.000,00 (dois mil reais) a R$ 8.000,00 (oito mil reais). (Redação dada pela Lei nº 11.300, de 2006)",Lei N. 9.504/97,"37, caput e § 2º",S,S,S,A,True,11428,DIREITO ELEITORAL,11583,Eleições,11652,Propaganda Política - Propaganda Eleitoral,11682,Propaganda Política - Propaganda Eleitoral - Pintura em Muro,11682,Propaganda Política - Propaganda Eleitoral - Pintura em Muro,11682,Propaganda Política - Propaganda Eleitoral - Pintura em Muro
11683,"Propaganda Política - Propaganda Eleitoral - Truncagem, Montagem, Utilização de Gravação Externa, Computação Gráfica, Desenho Animado ou Efeito Especial",11652.0,4,11428/11583/11652/11683,"DIREITO ELEITORAL > Eleições > Propaganda Política - Propaganda Eleitoral > Propaganda Política - Propaganda Eleitoral - Truncagem, Montagem, Utilização de Gravação Externa, Computação Gráfica, Desenho Animado ou Efeito Especial","Art. 45. A partir de 1º de julho do ano da eleição, é vedado às emissoras de rádio e televisão, em sua programação normal e noticiário: ............................................................... II - usar trucagem, montagem ou outro recurso de áudio ou vídeo que, de qualquer forma, degradem ou ridicularizem candidato, partido ou coligação, ou produzir ou veicular programa com esse efeito; ............................................................... § 4o Entende-se por trucagem todo e qualquer efeito realizado em áudio ou vídeo que degradar ou ridicularizar candidato, partido político ou coligação, ou que desvirtuar a realidade e beneficiar ou prejudicar qualquer candidato, partido político ou coligação.",Lei N. 9.504/97,"45, II e § 4°",S,S,S,A,True,11428,DIREITO ELEITORAL,11583,Eleições,11652,Propaganda Política - Propaganda Eleitoral,11683,"Propaganda Política - Propaganda Eleitoral - Truncagem, Montagem, Utilização de Gravação Externa, Computação Gráfica, Desenho Animado ou Efeito Especial",11683,"Propaganda Política - Propaganda Eleitoral - Truncagem, Montagem, Utilização de Gravação Externa, Computação Gráfica, Desenho Animado ou Efeito Especial",11683,"Propaganda Política - Propaganda Eleitoral - Truncagem, Montagem, Utilização de Gravação Externa, Computação Gráfica, Desenho Animado ou Efeito Especial"
12635,Propaganda Política - Propaganda Eleitoral - Divulgação de Notícia  Sabidamente Falsa,11652.0,4,11428/11583/11652/12635,DIREITO ELEITORAL > Eleições > Propaganda Política - Propaganda Eleitoral > Propaganda Política - Propaganda Eleitoral - Divulgação de Notícia  Sabidamente Falsa,,,,S,S,S,A,True,11428,DIREITO ELEITORAL,11583,Eleições,11652,Propaganda Política - Propaganda Eleitoral,12635,Propaganda Política - Propaganda Eleitoral - Divulgação de Notícia  Sabidamente Falsa,12635,Propaganda Política - Propaganda Eleitoral - Divulgação de Notícia  Sabidamente Falsa,12635,Propaganda Política - Propaganda Eleitoral - Divulgação de Notícia  Sabidamente Falsa
12636,Propaganda Política - Propaganda Eleitoral - Telemarketing,11652.0,4,11428/11583/11652/12636,DIREITO ELEITORAL > Eleições > Propaganda Política - Propaganda Eleitoral > Propaganda Política - Propaganda Eleitoral - Telemarketing,,,,S,S,S,A,True,11428,DIREITO ELEITORAL,11583,Eleições,11652,Propaganda Política - Propaganda Eleitoral,12636,Propaganda Política - Propaganda Eleitoral - Telemarketing,12636,Propaganda Política - Propaganda Eleitoral - Telemarketing,12636,Propaganda Política - Propaganda Eleitoral - Telemarketing
12637,Propaganda Política - Propaganda Eleitoral - Redes Sociais,11652.0,4,11428/11583/11652/12637,DIREITO ELEITORAL > Eleições > Propaganda Política - Propaganda Eleitoral > Propaganda Política - Propaganda Eleitoral - Redes Sociais,,,,S,S,S,A,True,11428,DIREITO ELEITORAL,11583,Eleições,11652,Propaganda Política - Propaganda Eleitoral,12637,Propaganda Política - Propaganda Eleitoral - Redes Sociais,12637,Propaganda Política - Propaganda Eleitoral - Redes Sociais,12637,Propaganda Política - Propaganda Eleitoral - Redes Sociais
12638,Propaganda Política - Propaganda Eleitoral - Impulsionamento,11652.0,4,11428/11583/11652/12638,DIREITO ELEITORAL > Eleições > Propaganda Política - Propaganda Eleitoral > Propaganda Política - Propaganda Eleitoral - Impulsionamento,,,,S,S,S,A,True,11428,DIREITO ELEITORAL,11583,Eleições,11652,Propaganda Política - Propaganda Eleitoral,12638,Propaganda Política - Propaganda Eleitoral - Impulsionamento,12638,Propaganda Política - Propaganda Eleitoral - Impulsionamento,12638,Propaganda Política - Propaganda Eleitoral - Impulsionamento
12639,Propaganda Política - Propaganda Eleitoral - Aplicativo de Mensagem Instantânea,11652.0,4,11428/11583/11652/12639,DIREITO ELEITORAL > Eleições > Propaganda Política - Propaganda Eleitoral > Propaganda Política - Propaganda Eleitoral - Aplicativo de Mensagem Instantânea,,,,S,S,S,A,True,11428,DIREITO ELEITORAL,11583,Eleições,11652,Propaganda Política - Propaganda Eleitoral,12639,Propaganda Política - Propaganda Eleitoral - Aplicativo de Mensagem Instantânea,12639,Propaganda Política - Propaganda Eleitoral - Aplicativo de Mensagem Instantânea,12639,Propaganda Política - Propaganda Eleitoral - Aplicativo de Mensagem Instantânea
15016,Propaganda Política - Propaganda Eleitoral - Carreata/Caminhada/Passeata,11652.0,4,11428/11583/11652/15016,DIREITO ELEITORAL > Eleições > Propaganda Política - Propaganda Eleitoral > Propaganda Política - Propaganda Eleitoral - Carreata/Caminhada/Passeata,"Art. 39 ........................................................................ .................................................................................... § 9 o Até as vinte e duas horas do dia que antecede a eleição, serão permitidos distribuição de material gráfico, caminhada, carreata, passeata ou carro de som que transite pela cidade divulgando jingles ou mensagens de candidatos.",Lei 9.504/1997,"39, § 9º",S,S,S,A,True,11428,DIREITO ELEITORAL,11583,Eleições,11652,Propaganda Política - Propaganda Eleitoral,15016,Propaganda Política - Propaganda Eleitoral - Carreata/Caminhada/Passeata,15016,Propaganda Política - Propaganda Eleitoral - Carreata/Caminhada/Passeata,15016,Propaganda Política - Propaganda Eleitoral - Carreata/Caminhada/Passeata
15405,Desinformação sobre a Integridade do Processo Eleitoral,11652.0,4,11428/11583/11652/15405,DIREITO ELEITORAL > Eleições > Propaganda Política - Propaganda Eleitoral > Desinformação sobre a Integridade do Processo Eleitoral,"Res.TSE nº 23.610/2019: Art. 9º-C É vedada a utilização, na propaganda eleitoral, qualquer que seja sua forma ou modalidade, de conteúdo fabricado ou manipulado para difundir fatos notoriamente inverídicos ou descontextualizados com potencial para causar danos ao equilíbrio do pleito ou à integridade do processo eleitoral. [...] § 2º O descumprimento do previsto no caput e no § 1º deste artigo configura abuso do poder político e uso indevido dos meios de comunicação social, acarretando a cassação do registro ou do mandato, e impõe apuração das responsabilidades nos termos do § 1º do art. 323 do Código Eleitoral, sem prejuízo de aplicação de outras medidas cabíveis quanto à irregularidade da propaganda e à ilicitude do conteúdo. Art. 9º-D. É dever do provedor de aplicação de internet, que permita a veiculação de conteúdo político-eleitoral, a adoção e a publicização de medidas para impedir ou diminuir a circulação de fatos notoriamente inverídicos ou gravemente descontextualizados que possam atingir a integridade do processo eleitoral, incluindo: I - a elaboração e a aplicação de termos de uso e de políticas de conteúdo compatíveis com esse objetivo; II - a implementação de instrumentos eficazes de notificação e de canais de denúncia, acessíveis às pessoas usuárias e a instituições e entidades públicas e privadas; III – o planejamento e a execução de ações corretivas e preventivas, incluindo o aprimoramento de seus sistemas de recomendação de conteúdo; IV - a transparência dos resultados alcançados pelas ações mencionadas no inciso III do caput deste artigo; V – a elaboração, em ano eleitoral, de avaliação de impacto de seus serviços sobre a integridade do processo eleitoral, a fim de implementar medidas eficazes e proporcionais para mitigar os riscos identificados, incluindo quanto à violência política de gênero, e a implementação das medidas previstas neste artigo. VI – o aprimoramento de suas capacidades tecnológicas e operacionais, com priorização de ferramentas e funcionalidades que contribuam para o alcance do objetivo previsto no caput deste artigo. § 1º É vedado ao provedor de aplicação, que comercialize qualquer modalidade de impulsionamento de conteúdo, inclusive sob a forma de priorização de resultado de busca, disponibilizar esse serviço para veiculação de fato notoriamente inverídico ou gravemente descontextualizado que possa atingir a integridade do processo eleitoral. § 2º O provedor de aplicação, que detectar conteúdo ilícito de que trata o caput deste artigo ou for notificado de sua circulação pelas pessoas usuárias, deverá adotar providências imediatas e eficazes para fazer cessar o impulsionamento, a monetização e o acesso ao conteúdo e promoverá a apuração interna do fato e de perfis e contas envolvidos para impedir nova circulação do conteúdo e inibir comportamentos ilícitos, inclusive pela indisponibilização de serviço de impulsionamento ou monetização. § 3º A Justiça Eleitoral poderá determinar que o provedor de aplicação veicule, por impulsionamento e sem custos, o conteúdo informativo que elucide fato notoriamente inverídico ou gravemente descontextualizado antes impulsionado de forma irregular, nos mesmos moldes e alcance da contratação. § 4º As providências mencionadas no caput e nos § 1º e 2º deste artigo decorrem da função social e do dever de cuidado dos provedores de aplicação, que orientam seus termos de uso e a prevenção para evitar ou minimizar o uso de seus serviços na prática de ilícitos eleitorais, e não dependem de notificação da autoridade judicial. § 5º As ordens para remoção de conteúdo, suspensão de perfis, fornecimento de dados ou outras medidas determinadas pelas autoridades judiciárias, no exercício do poder de polícia ou nas ações eleitorais, observarão o disposto nesta Resolução e na Res.-TSE nº 23.608/2019, cabendo aos provedores de aplicação cumpri-las e, se o integral atendimento da ordem depender de dados complementares, informar, com objetividade, no prazo de cumprimento, quais dados devem ser fornecidos. Art. 9º-E. Os provedores de aplicação serão solidariamente responsáveis, civil e administrativamente, quando não promoverem a indisponibilização imediata de conteúdos e contas, durante o período eleitoral, nos seguintes casos de risco: [...] II – de divulgação ou compartilhamento de fatos notoriamente inverídicos ou gravemente descontextualizados que atinjam a integridade do processo eleitoral, inclusive os processos de votação, apuração e totalização de votos; III – de grave ameaça, direta e imediata, de violência ou incitação à violência contra a integridade física de membros e servidores da Justiça eleitoral e Ministério Público eleitoral ou contra a infraestrutura física do Poder Judiciário para restringir ou impedir o exercício dos poderes constitucionais ou a abolição violenta do Estado Democrático de Direito; [...] Art. 9º-F. No caso de a propaganda eleitoral na internet veicular fatos notoriamente inverídicos ou gravemente descontextualizados sobre o sistema eletrônico de votação, o processo eleitoral ou a Justiça Eleitoral, as juízas e os juízes mencionados no art. 8º desta Resolução ficarão vinculados, no exercício do poder de polícia e nas representações, às decisões colegiadas do Tribunal Superior Eleitoral sobre a mesma matéria, nas quais tenha sido determinada a remoção ou a manutenção de conteúdos idênticos. § 1º Aplica-se o disposto no caput deste artigo aos casos em que, a despeito de edição, reestruturação, alterações de palavras ou outros artifícios, métodos ou técnicas para burlar sistemas automáticos de detecção de conteúdo duplicado ou para dificultar a verificação humana, haja similitude substancial entre o conteúdo removido por determinação do Tribunal Superior Eleitoral e o veiculado na propaganda regional ou municipal. § 2º Para o cumprimento ao disposto no caput deste artigo, as juízas e os juízes eleitorais deverão consultar repositório de decisões colegiadas, que será disponibilizado pelo Tribunal Superior Eleitoral pelo sistema de que trata o art. 9º-G desta Resolução. § 3º A ordem de remoção de conteúdo expedida nos termos deste artigo poderá estabelecer prazo inferior a 24 (vinte e quatro) horas para cumprimento da decisão, considerando a gravidade da veiculação e as peculiaridades do processo eleitoral e da eleição em curso ou a se realizar, e observará os demais requisitos constantes do § 4º do art. 38 desta Resolução. § 4º O exercício do poder de polícia que contrarie ou exorbite o previsto no § 1º deste artigo permitirá o uso da reclamação administrativa eleitoral, observado o disposto nos arts . 29 e 30 da Res.-TSE n º 23.608/2019. Art. 9º-G. As decisões do Tribunal Superior Eleitoral que determinem a remoção de conteúdos que veiculem fatos notoriamente inverídicos ou gravemente descontextualizados que atinjam a integridade do processo eleitoral serão incluídas em repositório disponibilizado para consulta pública. § 1º O repositório conterá o número do processo e a íntegra da decisão, da qual serão destacados, para inclusão em campo próprio a cargo da Secretaria Judiciária, o endereço eletrônico em que hospedado o conteúdo a ser removido e a descrição de seus elementos essenciais. § 2º As ordens de remoção de que trata este artigo serão dirigidas aos provedores de aplicação, que, no prazo designado para cumprimento, deverão, por meio de acesso identificado no sistema, informar o cumprimento da ordem e, desde que determinado, alimentar o repositório com: I - o arquivo de texto, imagem, áudio ou vídeo objeto da ordem de remoção; II – capturas de tela contendo todos os comentários disponíveis no local de hospedagem do conteúdo, se existentes; III – os metadados relativos ao acesso, como IP, porta, data e horário da publicação; IV – os metadados relativos ao engajamento da publicação no momento de sua remoção. § 3º As informações relativas ao número do processo, ao teor das decisões do Tribunal Superior Eleitoral, à data de remoção, à descrição dos elementos essenciais e aos metadados mencionados no inciso IV do § 2º deste artigo ficarão disponíveis para consulta pública, ressalvadas as hipóteses legais de sigilo. <div class=""OutlineElement Ltr SCXW259185229 BCX8"" style=""-webkit-user-drag: none; -webkit-tap-highlight-color: transparent; margin: 0px; padding: 0px; user-select: text; clear: both; cursor: text; overflow: visible",Resolução TSE nº 23.610/2019,"9º-C, 9º-D, 9º-E, 9º-F, 9º-G e 10, § 1º-A",S,S,S,A,True,11428,DIREITO ELEITORAL,11583,Eleições,11652,Propaganda Política - Propaganda Eleitoral,15405,Desinformação sobre a Integridade do Processo Eleitoral,15405,Desinformação sobre a Integridade do Processo Eleitoral,15405,Desinformação sobre a Integridade do Processo Eleitoral
11686,Comitê Financeiro,11684.0,4,11428/11583/11684/11686,DIREITO ELEITORAL > Eleições > Recursos Financeiros de Campanha Eleitoral > Comitê Financeiro,,,,S,S,S,A,False,11428,DIREITO ELEITORAL,11583,Eleições,11684,Recursos Financeiros de Campanha Eleitoral,11686,Comitê Financeiro,11686,Comitê Financeiro,11686,Comitê Financeiro
11692,Contas,11684.0,4,11428/11583/11684/11692,DIREITO ELEITORAL > Eleições > Recursos Financeiros de Campanha Eleitoral > Contas,,,,N,S,S,A,True,11428,DIREITO ELEITORAL,11583,Eleições,11684,Recursos Financeiros de Campanha Eleitoral,11692,Contas,11692,Contas,11692,Contas
11699,Doação de Recursos Acima do Limite Legal,11684.0,4,11428/11583/11684/11699,DIREITO ELEITORAL > Eleições > Recursos Financeiros de Campanha Eleitoral > Doação de Recursos Acima do Limite Legal,,,,S,S,S,A,True,11428,DIREITO ELEITORAL,11583,Eleições,11684,Recursos Financeiros de Campanha Eleitoral,11699,Doação de Recursos Acima do Limite Legal,11699,Doação de Recursos Acima do Limite Legal,11699,Doação de Recursos Acima do Limite Legal
14225,Apuração de indícios de irregularidades informados pela Administração Pública,11684.0,4,11428/11583/11684/14225,DIREITO ELEITORAL > Eleições > Recursos Financeiros de Campanha Eleitoral > Apuração de indícios de irregularidades informados pela Administração Pública,,Resolução TSE 23607/2019,91 e ss,S,S,S,A,True,11428,DIREITO ELEITORAL,11583,Eleições,11684,Recursos Financeiros de Campanha Eleitoral,14225,Apuração de indícios de irregularidades informados pela Administração Pública,14225,Apuração de indícios de irregularidades informados pela Administração Pública,14225,Apuração de indícios de irregularidades informados pela Administração Pública
15304,Recurso de Origem Não Identificada,11684.0,4,11428/11583/11684/15304,DIREITO ELEITORAL > Eleições > Recursos Financeiros de Campanha Eleitoral > Recurso de Origem Não Identificada,"Art. 36, I, da Lei 9096/99 e art. 24, §4º, da Lei 9504/97.",Lei n. 9.096/1999 e Lei n. 9.504/1997,"36, I e 24, § 4º",S,S,S,A,True,11428,DIREITO ELEITORAL,11583,Eleições,11684,Recursos Financeiros de Campanha Eleitoral,15304,Recurso de Origem Não Identificada,15304,Recurso de Origem Não Identificada,15304,Recurso de Origem Não Identificada
11706,Impugnação,11702.0,4,11428/11583/11702/11706,DIREITO ELEITORAL > Eleições > Garantias Eleitorais > Impugnação,,,,S,S,N,I,False,11428,DIREITO ELEITORAL,11583,Eleições,11702,Garantias Eleitorais,11706,Impugnação,11706,Impugnação,11706,Impugnação
12592,Direito Líquido e Certo,11702.0,4,11428/11583/11702/12592,DIREITO ELEITORAL > Eleições > Garantias Eleitorais > Direito Líquido e Certo,,,,S,S,S,A,True,11428,DIREITO ELEITORAL,11583,Eleições,11702,Garantias Eleitorais,12592,Direito Líquido e Certo,12592,Direito Líquido e Certo,12592,Direito Líquido e Certo
12593,Impugnação de Ato Judicial,11702.0,4,11428/11583/11702/12593,DIREITO ELEITORAL > Eleições > Garantias Eleitorais > Impugnação de Ato Judicial,,,,S,S,S,A,True,11428,DIREITO ELEITORAL,11583,Eleições,11702,Garantias Eleitorais,12593,Impugnação de Ato Judicial,12593,Impugnação de Ato Judicial,12593,Impugnação de Ato Judicial
12594,Inviabilidade do Exercício dos Direitos e Liberdades Constitucionais,11702.0,4,11428/11583/11702/12594,DIREITO ELEITORAL > Eleições > Garantias Eleitorais > Inviabilidade do Exercício dos Direitos e Liberdades Constitucionais,,,,S,S,S,A,True,11428,DIREITO ELEITORAL,11583,Eleições,11702,Garantias Eleitorais,12594,Inviabilidade do Exercício dos Direitos e Liberdades Constitucionais,12594,Inviabilidade do Exercício dos Direitos e Liberdades Constitucionais,12594,Inviabilidade do Exercício dos Direitos e Liberdades Constitucionais
11714,Apuração/Totalização de Votos,11713.0,4,11428/11583/11713/11714,DIREITO ELEITORAL > Eleições > Resultados > Apuração/Totalização de Votos,"Art. 158. A apuração compete: I - às Juntas Eleitorais quanto às eleições realizadas na zona sob sua jurisdição; II - aos Tribunais Regionais a referente às eleições para governador, vice-governador, senador, deputado federal e estadual, de acôrdo com os resultados parciais enviados pelas Junta Eleitorais; III - ao Tribunal Superior Eleitoral nas eleições para presidente e vice-presidente da República, pelos resultados parciais remetidos pelos Tribunais Regionais.",Código Eleitoral,158,S,S,S,A,True,11428,DIREITO ELEITORAL,11583,Eleições,11713,Resultados,11714,Apuração/Totalização de Votos,11714,Apuração/Totalização de Votos,11714,Apuração/Totalização de Votos
11715,Quociente Eleitoral/Partidário,11713.0,4,11428/11583/11713/11715,DIREITO ELEITORAL > Eleições > Resultados > Quociente Eleitoral/Partidário,"Art. 106. Determina-se o quociente eleitoral dividindo-se o número de votos válidos apurados pelo de lugares a preencher em cada circunscrição eleitoral, desprezada a fração se igual ou inferior a meio, equivalente a um, se superior. Art. 107 - Determina-se para cada Partido ou coligação o quociente partidário, dividindo-se pelo quociente eleitoral o número de votos válidos dados sob a mesma legenda ou coligação de legendas, desprezada a fração.",Código Eleitoral,106 e 107,S,S,S,A,True,11428,DIREITO ELEITORAL,11583,Eleições,11713,Resultados,11715,Quociente Eleitoral/Partidário,11715,Quociente Eleitoral/Partidário,11715,Quociente Eleitoral/Partidário
11717,Abuso,11716.0,4,11428/11583/11716/11717,DIREITO ELEITORAL > Eleições > Transgressões Eleitorais > Abuso,,,,S,S,S,A,True,11428,DIREITO ELEITORAL,11583,Eleições,11716,Transgressões Eleitorais,11717,Abuso,11717,Abuso,11717,Abuso
11721,Captação Ilícita de Sufrágio,11716.0,4,11428/11583/11716/11721,DIREITO ELEITORAL > Eleições > Transgressões Eleitorais > Captação Ilícita de Sufrágio,"Art. 41-A. Ressalvado o disposto no art. 26 e seus incisos, constitui captação de sufrágio, vedada por esta Lei, o candidato doar, oferecer, prometer, ou entregar, ao eleitor, com o fim de obter-lhe o voto, bem ou vantagem pessoal de qualquer natureza, inclusive emprego ou função pública, desde o registro da candidatura até o dia da eleição, inclusive, sob pena de multa de mil a cinqüenta mil Ufir, e cassação do registro ou do diploma, observado o procedimento previsto no art. 22 da Lei Complementar no 64, de 18 de maio de 1990. OBSERVAÇÃO Lei N. 9.504/97: "" Art. 26. São considerados gastos eleitorais, sujeitos a registro e aos limites fixados nesta Lei: (Redação dada pela Lei nº 11.300, de 2006) I - confecção de material impresso de qualquer natureza e tamanho; II - propaganda e publicidade direta ou indireta, por qualquer meio de divulgação, destinada a conquistar votos; III - aluguel de locais para a promoção de atos de campanha eleitoral; IV - despesas com transporte ou deslocamento de candidato e de pessoal a serviço das candidaturas; (Redação dada pela Lei nº 11.300, de 2006) V - correspondência e despesas postais; VI - despesas de instalação, organização e funcionamento de Comitês e serviços necessários às eleições; VII - remuneração ou gratificação de qualquer espécie a pessoal que preste serviços às candidaturas ou aos comitês eleitorais; VIII - montagem e operação de carros de som, de propaganda e assemelhados; IX - a realização de comícios ou eventos destinados à promoção de candidatura; (Redação dada pela Lei nº 11.300, de 2006) X - produção de programas de rádio, televisão ou vídeo, inclusive os destinados à propaganda gratuita; XII - realização de pesquisas ou testes pré-eleitorais; XIV - aluguel de bens particulares para veiculação, por qualquer meio, de propaganda eleitoral; XV - custos com a criação e inclusão de sítios na Internet; XVI - multas aplicadas aos partidos ou candidatos por infração do disposto na legislação eleitoral. XVII - produção de jingles, vinhetas e slogans para propaganda eleitoral. (Incluído pela Lei nº 11.300, de 2006)"" Lei Complementar N. 64/90:""Art. 22. Qualquer partido político, coligação, candidato ou Ministério Público Eleitoral poderá representar à Justiça Eleitoral, diretamente ao Corregedor-Geral ou Regional, relatando fatos e indicando provas, indícios e circunstâncias e pedir abertura de investigação judicial para apurar uso indevido, desvio ou abuso do poder econômico ou do poder de autoridade, ou utilização indevida de veículos ou meios de comunicação social, em benefício de candidato ou de partido político, obedecido o seguinte rito: I - o Corregedor, que terá as mesmas atribuições do Relator em processos judiciais, ao despachar a inicial, adotará as seguintes providências: a) ordenará que se notifique o representado do conteúdo da petição, entregando-se-lhe a segunda via apresentada pelo representante com as cópias dos documentos, a fim de que, no prazo de 5 (cinco) dias, ofereça ampla defesa, juntada de documentos e rol de testemunhas, se cabível; b) determinará que se suspenda o ato que deu motivo à representação, quando for relevante o fundamento e do ato impugnado puder resultar a ineficiência da medida, caso seja julgada procedente; c) indeferirá desde logo a inicial, quando não for caso de representação ou lhe faltar algum requisito desta lei complementar; II - no caso do Corregedor indeferir a reclamação ou representação, ou retardar-lhe a solução, poderá o interessado renová-la perante o Tribunal, que resolverá dentro de 24 (vinte e quatro) horas; III - o interessado, quando for atendido ou ocorrer demora, poderá levar o fato ao conhecimento do Tribunal Superior Eleitoral, a fim de que sejam tomadas as providências necessárias; IV - feita a notificação, a Secretaria do Tribunal juntará aos autos cópia autêntica do ofício endereçado ao representado, bem como a prova da entrega ou da sua recusa em aceitá-la ou dar recibo; V - findo o prazo da notificação, com ou sem defesa, abrir-se-á prazo de 5 (cinco) dias para inquirição, em uma só assentada, de testemunhas arroladas pelo representante e pelo representado, até o máximo de 6 (seis) para cada um, as quais comparecerão independentemente de intimação; VI - nos 3 (três) dias subseqüentes, o Corregedor procederá a todas as diligências que determinar, ex officio ou a requerimento das partes; VII - no prazo da alínea anterior, o Corregedor poderá ouvir terceiros, referidos pelas partes, ou testemunhas, como conhecedores dos fatos e circunstâncias que possam influir na decisão do feito; VIII - quando qualquer documento necessário à formação da prova se achar em poder de terceiro, inclusive estabelecimento de crédito, oficial ou privado, o Corregedor poderá, ainda, no mesmo prazo, ordenar o respectivo depósito ou requisitar cópias; IX - se o terceiro, sem justa causa, não exibir o documento, ou não comparecer a juízo, o Juiz poderá expedir contra ele mandado de prisão e instaurar processo s por crime de desobediência; X - encerrado o prazo da dilação probatória, as partes, inclusive o Ministério Público, poderão apresentar alegações no prazo comum de 2 (dois) dias; XI - terminado o prazo para alegações, os autos serão conclusos ao Corregedor, no dia imediato, para apresentação de relatório conclusivo sobre o que houver sido apurado; XII - o relatório do Corregedor, que será assentado em 3 (três) dias, e os autos da representação serão encaminhados ao Tribunal competente, no dia imediato, com pedido de inclusão incontinenti do feito em pauta, para julgamento na primeira sessão subseqüente; XIII - no Tribunal, o Procurador-Geral ou Regional Eleitoral terá vista dos autos por 48 (quarenta e oito) horas, para se pronunciar sobre as imputações e conclusões do Relatório; XIV - julgada procedente a representação, o Tribunal declarará a inelegibilidade do representado e de quantos hajam contribuído para a prática do ato, cominando-lhes sanção de inelegibilidade para as eleições a se realizarem nos 3 (três) anos subseqüentes à eleição em que se verificou, além da cassação do registro do candidato diretamente beneficiado pela interferência do poder econômico e pelo desvio ou abuso do poder de autoridade, determinando a remessa dos autos ao Ministério Público Eleitoral, para instauração de processo disciplinar, se for o caso, e processo-crime, ordenando quaisquer outras providências que a espécie comportar; XV - se a representação for julgada procedente após a eleição do candidato serão remetidas cópias de todo o processo ao Ministério Público Eleitoral, para os fins previstos no art. 14, §§ 10 e 11 da Constituição Federal, e art. 262, inciso IV, do Código Eleitoral. Parágrafo único. O recurso contra a diplomação, interposto pelo representante, não impede a atuação do Ministério Público no mesmo sentido."" CF/88: ""Art. 14. A soberania popular será exercida pelo sufrágio universal e pelo voto direto e secreto, com valor igual para todos, e, nos termos da lei, mediante: I - plebiscito; II - referendo; III - iniciativa popular. ............................................................... § 10 - O mandato eletivo poderá ser impugnado ante a Justiça Eleitoral no prazo de quinze dias contados da diplomação, instruída a ação com provas de abuso do poder econômico, corrupção ou fraude. § 11 - A ação de impugnação de mandato tramitará em segredo de justiça, respondendo o autor, na forma da lei, se temerária ou de manifesta má-fé."" CE: ""Art. 222. É também anulável a votação, quando viciada de falsidade, fraude, coação, uso de meios de que trata o Art. 237, ou emprego de processo de propaganda ou captação de sufrágios vedado por lei. ............................................................... Art. 237. A interferência do poder econômico e o desvio ou abuso do poder de autoridade, em desfavor da liberdade do voto, serão coibidos e punidos. § 1º O eleitor é parte legítima para denunciar os culpados e promover-lhes a responsabilidade, e a nenhum servidor público. Inclusive de autarquia, de entidade paraestatal e de sociedade de economia mista, será lícito negar ou retardar ato de ofício tendente a esse fim. § 2º Qualquer eleitor ou partido político poderá se dirigir ao Corregedor Geral ou Regional, relatando fatos e indicando provas, e pedir abertura de investigação para apurar uso indevido do poder econômico, desvio ou abuso do poder de autoridade, em benefício de candidato ou de partido político. § 3º O Corregedor, verificada a seriedade da denúncia procederá ou mandará proceder a investigações, regendo-se estas, no que lhes fôr aplicável, pela Lei nº 1579 de 18/03/1952. ............................................................... Art. 262. O recurso contra expedição de diploma caberá somente nos seguintes casos: ............................................................... IV - concessão ou denegação do diploma em manifesta contradição com a prova dos autos, nas hipóteses do art. 222 desta Lei, e do art. 41-A da Lei no 9.504, de 30 de setembro de 1997. (Redação dada pela Lei n 9.840, de 28.9.1999)",Lei N. 9.504/97,41-A,S,S,S,A,True,11428,DIREITO ELEITORAL,11583,Eleições,11716,Transgressões Eleitorais,11721,Captação Ilícita de Sufrágio,11721,Captação Ilícita de Sufrágio,11721,Captação Ilícita de Sufrágio
11722,Corrupção ou Fraude,11716.0,4,11428/11583/11716/11722,DIREITO ELEITORAL > Eleições > Transgressões Eleitorais > Corrupção ou Fraude,"Art. 14. A soberania popular será exercida pelo sufrágio universal e pelo voto direto e secreto, com valor igual para todos, e, nos termos da lei, mediante: I - plebiscito; II - referendo; III - iniciativa popular. ............................................................... § 10 - O mandato eletivo poderá ser impugnado ante a Justiça Eleitoral no prazo de quinze dias contados da diplomação, instruída a ação com provas de abuso do poder econômico, corrupção ou fraude.",Constituição Federal,"14, §10",S,S,S,A,True,11428,DIREITO ELEITORAL,11583,Eleições,11716,Transgressões Eleitorais,11722,Corrupção ou Fraude,11722,Corrupção ou Fraude,11722,Corrupção ou Fraude
11723,Propaganda Política - Propaganda Institucional,11716.0,4,11428/11583/11716/11723,DIREITO ELEITORAL > Eleições > Transgressões Eleitorais > Propaganda Política - Propaganda Institucional,"Art. 73. São proibidas aos agentes públicos, servidores ou não, as seguintes condutas tendentes a afetar a igualdade de oportunidades entre candidatos nos pleitos eleitorais: ............................................................... VI - nos três meses que antecedem o pleito: ............................................................... b) com exceção da propaganda de produtos e serviços que tenham concorrência no mercado, autorizar publicidade institucional dos atos, programas, obras, serviços e campanhas dos órgãos públicos federais, estaduais ou municipais, ou das respectivas entidades da administração indireta, salvo em caso de grave e urgente necessidade pública, assim reconhecida pela Justiça Eleitoral;",Lei N. 9.504/97,"73, VI, b",S,S,S,A,True,11428,DIREITO ELEITORAL,11583,Eleições,11716,Transgressões Eleitorais,11723,Propaganda Política - Propaganda Institucional,11723,Propaganda Política - Propaganda Institucional,11723,Propaganda Política - Propaganda Institucional
12062,Captação ou Gasto Ilícito de Recursos Financeiros de Campanha Eleitoral,11716.0,4,11428/11583/11716/12062,DIREITO ELEITORAL > Eleições > Transgressões Eleitorais > Captação ou Gasto Ilícito de Recursos Financeiros de Campanha Eleitoral,,,,S,S,S,A,True,11428,DIREITO ELEITORAL,11583,Eleições,11716,Transgressões Eleitorais,12062,Captação ou Gasto Ilícito de Recursos Financeiros de Campanha Eleitoral,12062,Captação ou Gasto Ilícito de Recursos Financeiros de Campanha Eleitoral,12062,Captação ou Gasto Ilícito de Recursos Financeiros de Campanha Eleitoral
12063,Conduta Vedada ao Agente Público,11716.0,4,11428/11583/11716/12063,DIREITO ELEITORAL > Eleições > Transgressões Eleitorais > Conduta Vedada ao Agente Público,"Art. 73. São proibidas aos agentes públicos, servidores ou não, as seguintes condutas tendentes a afetar a igualdade de oportunidades entre candidatos nos pleitos eleitorais: I - ceder ou usar, em benefício de candidato, partido político ou coligação, bens móveis ou imóveis pertencentes à administração direta ou indireta da União, dos Estados, do Distrito Federal, dos Territórios e dos Municípios, ressalvada a realização de convenção partidária; II - usar materiais ou serviços, custeados pelos Governos ou Casas Legislativas, que excedam as prerrogativas consignadas nos regimentos e normas dos órgãos que integram; III - ceder servidor público ou empregado da administração direta ou indireta federal, estadual ou municipal do Poder Executivo, ou usar de seus serviços, para comitês de campanha eleitoral de candidato, partido político ou coligação, durante o horário de expediente normal, salvo se o servidor ou empregado estiver licenciado; IV - fazer ou permitir uso promocional em favor de candidato, partido político ou coligação, de distribuição gratuita de bens e serviços de caráter social custeados ou subvencionados pelo Poder Público; V - nomear, contratar ou de qualquer forma admitir, demitir sem justa causa, suprimir ou readaptar vantagens ou por outros meios dificultar ou impedir o exercício funcional e, ainda, ex officio, remover, transferir ou exonerar servidor público, na circunscrição do pleito, nos três meses que o antecedem e até a posse dos eleitos, sob pena de nulidade de pleno direito, ressalvados: a) a nomeação ou exoneração de cargos em comissão e designação ou dispensa de funções de confiança; b) a nomeação para cargos do Poder Judiciário, do Ministério Público, dos Tribunais ou Conselhos de Contas e dos órgãos da Presidência da República; c) a nomeação dos aprovados em concursos públicos homologados até o início daquele prazo; d) a nomeação ou contratação necessária à instalação ou ao funcionamento inadiável de serviços públicos essenciais, com prévia e expressa autorização do Chefe do Poder Executivo; e) a transferência ou remoção ex officio de militares, policiais civis e de agentes penitenciários; VI - nos três meses que antecedem o pleito: a) realizar transferência voluntária de recursos da União aos Estados e Municípios, e dos Estados aos Municípios, sob pena de nulidade de pleno direito, ressalvados os recursos destinados a cumprir obrigação formal preexistente para execução de obra ou serviço em andamento e com cronograma prefixado, e os destinados a atender situações de emergência e de calamidade pública; b) com exceção da propaganda de produtos e serviços que tenham concorrência no mercado, autorizar publicidade institucional dos atos, programas, obras, serviços e campanhas dos órgãos públicos federais, estaduais ou municipais, ou das respectivas entidades da administração indireta, salvo em caso de grave e urgente necessidade pública, assim reconhecida pela Justiça Eleitoral; c) fazer pronunciamento em cadeia de rádio e televisão, fora do horário eleitoral gratuito, salvo quando, a critério da Justiça Eleitoral, tratar-se de matéria urgente, relevante e característica das funções de governo; VII - realizar, em ano de eleição, antes do prazo fixado no inciso anterior, despesas com publicidade dos órgãos públicos federais, estaduais ou municipais, ou das respectivas entidades da administração indireta, que excedam a média dos gastos nos três últimos anos que antecedem o pleito ou do último ano imediatamente anterior à eleição. VIII - fazer, na circunscrição do pleito, revisão geral da remuneração dos servidores públicos que exceda a recomposição da perda de seu poder aquisitivo ao longo do ano da eleição, a partir do início do prazo estabelecido no art. 7º desta Lei e até a posse dos eleitos. § 1º Reputa-se agente público, para os efeitos deste artigo, quem exerce, ainda que transitoriamente ou sem remuneração, por eleição, nomeação, designação, contratação ou qualquer outra forma de investidura ou vínculo, mandato, cargo, emprego ou função nos órgãos ou entidades da administração pública direta, indireta, ou fundacional. § 2º A vedação do inciso I do caput não se aplica ao uso, em campanha, de transporte oficial pelo Presidente da República, obedecido o disposto no art. 76, nem ao uso, em campanha, pelos candidatos a reeleição de Presidente e Vice-Presidente da República, Governador e Vice-Governador de Estado e do Distrito Federal, Prefeito e Vice-Prefeito, de suas residências oficiais para realização de contatos, encontros e reuniões pertinentes à própria campanha, desde que não tenham caráter de ato público. § 3º As vedações do inciso VI do caput, alíneas b e c, aplicam-se apenas aos agentes públicos das esferas administrativas cujos cargos estejam em disputa na eleição. § 4º O descumprimento do disposto neste artigo acarretará a suspensão imediata da conduta vedada, quando for o caso, e sujeitará os responsáveis a multa no valor de cinco a cem mil UFIR. § 5o Nos casos de descumprimento do disposto nos incisos do caput e no § 10, sem prejuízo do disposto no § 4o, o candidato beneficiado, agente público ou não, ficará sujeito à cassação do registro ou do diploma. § 6º As multas de que trata este artigo serão duplicadas a cada reincidência. § 7º As condutas enumeradas no caput caracterizam, ainda, atos de improbidade administrativa, a que se refere o art. 11, inciso I, da Lei nº 8.429, de 2 de junho de 1992, e sujeitam-se às disposições daquele diploma legal, em especial às cominações do art. 12, inciso III. § 8º Aplicam-se as sanções do § 4º aos agentes públicos responsáveis pelas condutas vedadas e aos partidos, coligações e candidatos que delas se beneficiarem. § 9º Na distribuição dos recursos do Fundo Partidário (Lei nº 9.096, de 19 de setembro de 1995) oriundos da aplicação do disposto no § 4º, deverão ser excluídos os partidos beneficiados pelos atos que originaram as multas. § 10. No ano em que se realizar eleição, fica proibida a distribuição gratuita de bens, valores ou benefícios por parte da Administração Pública, exceto nos casos de calamidade pública, de estado de emergência ou de programas sociais autorizados em lei e já em execução orçamentária no exercício anterior, casos em que o Ministério Público poderá promover o acompanhamento de sua execução financeira e administrativa. § 11. Nos anos eleitorais, os programas sociais de que trata o § 10 não poderão ser executados por entidade nominalmente vinculada a candidato ou por esse mantida. (Incluído pela Lei nº 12.034, de 2009) § 12. A representação contra a não observância do disposto neste artigo observará o rito do art. 22 da Lei Complementar no 64, de 18 de maio de 1990, e poderá ser ajuizada até a data da diplomação. § 13. O prazo de recurso contra decisões proferidas com base neste artigo será de 3 (três) dias, a contar da data da publicação do julgamento no Diário Oficial. Art. 74. Configura abuso de autoridade, para os fins do disposto no art. 22 da Lei Complementar nº 64, de 18 de maio de 1990, a infringência do disposto no § 1º do art. 37 da Constituição Federal, ficando o responsável, se candidato, sujeito ao cancelamento do registro ou do diploma. Art. 75. Nos três meses que antecederem as eleições, na realização de inaugurações é vedada a contratação de shows artísticos pagos com recursos públicos. Parágrafo único. Nos casos de descumprimento do disposto neste artigo, sem prejuízo da suspensão imediata da conduta, o candidato beneficiado, agente público ou não, ficará sujeito à cassação do registro ou do diploma. Art. 76. O ressarcimento das despesas com o uso de transporte oficial pelo Presidente da República e sua comitiva em campanha eleitoral será de responsabilidade do partido político ou coligação a que esteja vinculado. § 1º O ressarcimento de que trata este artigo terá por base o tipo de transporte usado e a respectiva tarifa de mercado cobrada no trecho correspondente, ressalvado o uso do avião presidencial, cujo ressarcimento corresponderá ao aluguel de uma aeronave de propulsão a jato do tipo táxi aéreo. § 2º No prazo de dez dias úteis da realização do pleito, em primeiro turno, ou segundo, se houver, o órgão competente de controle interno procederá ex officio à cobrança dos valores devidos nos termos dos parágrafos anteriores. § 3º A falta do ressarcimento, no prazo estipulado, implicará a comunicação do fato ao Ministério Público Eleitoral, pelo órgão de controle interno. § 4º Recebida a denúncia do Ministério Público, a Justiça Eleitoral apreciará o feito no prazo de trinta dias, aplicando aos infratores pena de multa correspondente ao dobro das despesas, duplicada a cada reiteração de conduta. Art. 77. É proibido a qualquer candidato comparecer, nos 3 (três) meses que precedem o pleito, a inaugurações de obras públicas. Parágrafo único. A inobservância do disposto neste artigo sujeita o infrator à cassação do registro ou do diploma. Art. 78. A aplicação das sanções cominadas no art. 73, §§ 4º e 5º, dar-se-á sem prejuízo de outras de caráter constitucional, administrativo ou disciplinar fixadas pelas demais leis vigentes.",Lei 9.504/1997,73 a 78,S,S,S,A,True,11428,DIREITO ELEITORAL,11583,Eleições,11716,Transgressões Eleitorais,12063,Conduta Vedada ao Agente Público,12063,Conduta Vedada ao Agente Público,12063,Conduta Vedada ao Agente Público
12597,Candidatura Fictícia,11716.0,4,11428/11583/11716/12597,DIREITO ELEITORAL > Eleições > Transgressões Eleitorais > Candidatura Fictícia,,,,S,S,S,A,True,11428,DIREITO ELEITORAL,11583,Eleições,11716,Transgressões Eleitorais,12597,Candidatura Fictícia,12597,Candidatura Fictícia,12597,Candidatura Fictícia
12046,Prestação de Contas - De Candidato,12045.0,4,11428/11583/12045/12046,DIREITO ELEITORAL > Eleições > Prestação de Contas > Prestação de Contas - De Candidato,,,,S,S,S,A,True,11428,DIREITO ELEITORAL,11583,Eleições,12045,Prestação de Contas,12046,Prestação de Contas - De Candidato,12046,Prestação de Contas - De Candidato,12046,Prestação de Contas - De Candidato
12047,Prestação de Contas - De Comitê Financeiro,12045.0,4,11428/11583/12045/12047,DIREITO ELEITORAL > Eleições > Prestação de Contas > Prestação de Contas - De Comitê Financeiro,,,,S,S,S,A,True,11428,DIREITO ELEITORAL,11583,Eleições,12045,Prestação de Contas,12047,Prestação de Contas - De Comitê Financeiro,12047,Prestação de Contas - De Comitê Financeiro,12047,Prestação de Contas - De Comitê Financeiro
12602,Prestação de Contas - de Partido Político,12045.0,4,11428/11583/12045/12602,DIREITO ELEITORAL > Eleições > Prestação de Contas > Prestação de Contas - de Partido Político,,,,S,S,S,A,True,11428,DIREITO ELEITORAL,11583,Eleições,12045,Prestação de Contas,12602,Prestação de Contas - de Partido Político,12602,Prestação de Contas - de Partido Político,12602,Prestação de Contas - de Partido Político
12050,Impugnação - Identidade de Eleitor Admitido a Votar,12049.0,4,11428/11583/12049/12050,DIREITO ELEITORAL > Eleições > Impugnação > Impugnação - Identidade de Eleitor Admitido a Votar,,,,S,N,N,A,True,11428,DIREITO ELEITORAL,11583,Eleições,12049,Impugnação,12050,Impugnação - Identidade de Eleitor Admitido a Votar,12050,Impugnação - Identidade de Eleitor Admitido a Votar,12050,Impugnação - Identidade de Eleitor Admitido a Votar
12051,Impugnação - Inscrição Eleitoral,12049.0,4,11428/11583/12049/12051,DIREITO ELEITORAL > Eleições > Impugnação > Impugnação - Inscrição Eleitoral,,,,S,N,N,A,True,11428,DIREITO ELEITORAL,11583,Eleições,12049,Impugnação,12051,Impugnação - Inscrição Eleitoral,12051,Impugnação - Inscrição Eleitoral,12051,Impugnação - Inscrição Eleitoral
12052,Impugnação - Nomeação de Membro da Junta Eleitoral,12049.0,4,11428/11583/12049/12052,DIREITO ELEITORAL > Eleições > Impugnação > Impugnação - Nomeação de Membro da Junta Eleitoral,,,,S,S,N,A,True,11428,DIREITO ELEITORAL,11583,Eleições,12049,Impugnação,12052,Impugnação - Nomeação de Membro da Junta Eleitoral,12052,Impugnação - Nomeação de Membro da Junta Eleitoral,12052,Impugnação - Nomeação de Membro da Junta Eleitoral
12053,Impugnação - Nomeação de Membro da Mesa Receptora,12049.0,4,11428/11583/12049/12053,DIREITO ELEITORAL > Eleições > Impugnação > Impugnação - Nomeação de Membro da Mesa Receptora,,,,S,N,N,A,True,11428,DIREITO ELEITORAL,11583,Eleições,12049,Impugnação,12053,Impugnação - Nomeação de Membro da Mesa Receptora,12053,Impugnação - Nomeação de Membro da Mesa Receptora,12053,Impugnação - Nomeação de Membro da Mesa Receptora
12054,Impugnação - Sistema Eletrônico de Votação,12049.0,4,11428/11583/12049/12054,DIREITO ELEITORAL > Eleições > Impugnação > Impugnação - Sistema Eletrônico de Votação,,,,S,N,N,A,True,11428,DIREITO ELEITORAL,11583,Eleições,12049,Impugnação,12054,Impugnação - Sistema Eletrônico de Votação,12054,Impugnação - Sistema Eletrônico de Votação,12054,Impugnação - Sistema Eletrônico de Votação
12055,Impugnação - Transferência de Domicílio Eleitoral,12049.0,4,11428/11583/12049/12055,DIREITO ELEITORAL > Eleições > Impugnação > Impugnação - Transferência de Domicílio Eleitoral,,,,S,S,S,A,True,11428,DIREITO ELEITORAL,11583,Eleições,12049,Impugnação,12055,Impugnação - Transferência de Domicílio Eleitoral,12055,Impugnação - Transferência de Domicílio Eleitoral,12055,Impugnação - Transferência de Domicílio Eleitoral
14223,Impugnação - Nomeação de Escrutinadores/Auxiliares Realizada pelo Presidente da Junta,12049.0,4,11428/11583/12049/14223,DIREITO ELEITORAL > Eleições > Impugnação > Impugnação - Nomeação de Escrutinadores/Auxiliares Realizada pelo Presidente da Junta,,,,S,S,S,A,True,11428,DIREITO ELEITORAL,11583,Eleições,12049,Impugnação,14223,Impugnação - Nomeação de Escrutinadores/Auxiliares Realizada pelo Presidente da Junta,14223,Impugnação - Nomeação de Escrutinadores/Auxiliares Realizada pelo Presidente da Junta,14223,Impugnação - Nomeação de Escrutinadores/Auxiliares Realizada pelo Presidente da Junta
11735,Cautelar Inominada - De Busca e Apreensão,11734.0,4,11428/11733/11734/11735,DIREITO ELEITORAL > Garantias Processuais > Cautelar Inominada > Cautelar Inominada - De Busca e Apreensão,Art. 839. O juiz pode decretar a busca e apreensão de pessoas ou de coisas.,Código de Processo Civil,839,S,S,S,A,True,11428,DIREITO ELEITORAL,11733,Garantias Processuais,11734,Cautelar Inominada,11735,Cautelar Inominada - De Busca e Apreensão,11735,Cautelar Inominada - De Busca e Apreensão,11735,Cautelar Inominada - De Busca e Apreensão
11736,Cautelar Inominada - De Produção Antecipada de Provas,11734.0,4,11428/11733/11734/11736,DIREITO ELEITORAL > Garantias Processuais > Cautelar Inominada > Cautelar Inominada - De Produção Antecipada de Provas,"Art. 846. A produção antecipada da prova pode consistir em interrogatório da parte, inquirição de testemunhas e exame pericial. ............................................................... Art. 848. O requerente justificará sumariamente a necessidade da antecipação e mencionará com precisão os fatos sobre que há de recair a prova.",Código de Processo Civil,846 e 848,S,S,S,A,True,11428,DIREITO ELEITORAL,11733,Garantias Processuais,11734,Cautelar Inominada,11736,Cautelar Inominada - De Produção Antecipada de Provas,11736,Cautelar Inominada - De Produção Antecipada de Provas,11736,Cautelar Inominada - De Produção Antecipada de Provas
11737,Cautelar Inominada - Incidental,11734.0,4,11428/11733/11734/11737,DIREITO ELEITORAL > Garantias Processuais > Cautelar Inominada > Cautelar Inominada - Incidental,Art. 796. O procedimento cautelar pode ser instaurado antes ou no curso do processo principal e deste é sempre dependente.,Código de Processo Civil,796,S,S,S,A,True,11428,DIREITO ELEITORAL,11733,Garantias Processuais,11734,Cautelar Inominada,11737,Cautelar Inominada - Incidental,11737,Cautelar Inominada - Incidental,11737,Cautelar Inominada - Incidental
11738,Cautelar Inominada - Preparatória,11734.0,4,11428/11733/11734/11738,DIREITO ELEITORAL > Garantias Processuais > Cautelar Inominada > Cautelar Inominada - Preparatória,"Art. 800. As medidas cautelares serão requeridas ao juiz da causa; e, quando preparatórias, ao juiz competente para conhecer da ação principal.",Código de Processo Civil,800,S,S,S,A,True,11428,DIREITO ELEITORAL,11733,Garantias Processuais,11734,Cautelar Inominada,11738,Cautelar Inominada - Preparatória,11738,Cautelar Inominada - Preparatória,11738,Cautelar Inominada - Preparatória
11740,Exceção - De Coisa Julgada,11739.0,4,11428/11733/11739/11740,DIREITO ELEITORAL > Garantias Processuais > Exceção > Exceção - De Coisa Julgada,"Art. 301. Compete-lhe, porém, antes de discutir o mérito, alegar: .............................................................. Vl - coisa julgada; ............................................................... § 1o Verifica-se a litispendência ou a coisa julgada, quando se reproduz ação anteriormente ajuizada. ............................................................... § 3o Há litispendência, quando se repete ação, que está em curso; há coisa julgada, quando se repete ação que já foi decidida por sentença, de que não caiba recurso.",Código de Processo Civil,"301, VI e §§ 1° e 3°",S,S,S,A,True,11428,DIREITO ELEITORAL,11733,Garantias Processuais,11739,Exceção,11740,Exceção - De Coisa Julgada,11740,Exceção - De Coisa Julgada,11740,Exceção - De Coisa Julgada
11742,Exceção - De Impedimento,11739.0,4,11428/11733/11739/11742,DIREITO ELEITORAL > Garantias Processuais > Exceção > Exceção - De Impedimento,"Art. 134. É defeso ao juiz exercer as suas funções no processo contencioso ou voluntário: I - de que for parte; II - em que interveio como mandatário da parte, oficiou como perito, funcionou como órgão do Ministério Público, ou prestou depoimento como testemunha; III - que conheceu em primeiro grau de jurisdição, tendo-lhe proferido sentença ou decisão; IV - quando nele estiver postulando, como advogado da parte, o seu cônjuge ou qualquer parente seu, consangüíneo ou afim, em linha reta; ou na linha colateral até o segundo grau; V - quando cônjuge, parente, consangüíneo ou afim, de alguma das partes, em linha reta ou, na colateral, até o terceiro grau; VI - quando for órgão de direção ou de administração de pessoa jurídica, parte na causa. Parágrafo único. No caso do no IV, o impedimento só se verifica quando o advogado já estava exercendo o patrocínio da causa; é, porém, vedado ao advogado pleitear no processo, a fim de criar o impedimento do juiz. ............................................................... Art. 136. Quando dois ou mais juízes forem parentes, consangüíneos ou afins, em linha reta e no segundo grau na linha colateral, o primeiro, que conhecer da causa no tribunal, impede que o outro participe do julgamento; caso em que o segundo se escusará, remetendo o processo ao seu substituto legal.",Código de Processo Civil,134 e 136,S,S,S,A,True,11428,DIREITO ELEITORAL,11733,Garantias Processuais,11739,Exceção,11742,Exceção - De Impedimento,11742,Exceção - De Impedimento,11742,Exceção - De Impedimento
11746,Exceção - De Suspeição,11739.0,4,11428/11733/11739/11746,DIREITO ELEITORAL > Garantias Processuais > Exceção > Exceção - De Suspeição,"Art. 135. Reputa-se fundada a suspeição de parcialidade do juiz, quando: I - amigo íntimo ou inimigo capital de qualquer das partes; II - alguma das partes for credora ou devedora do juiz, de seu cônjuge ou de parentes destes, em linha reta ou na colateral até o terceiro grau; III - herdeiro presuntivo, donatário ou empregador de alguma das partes; IV - receber dádivas antes ou depois de iniciado o processo; aconselhar alguma das partes acerca do objeto da causa, ou subministrar meios para atender às despesas do litígio; V - interessado no julgamento da causa em favor de uma das partes. Parágrafo único. Poderá ainda o juiz declarar-se suspeito por motivo íntimo.",Código de Processo Civil,135,S,S,S,A,True,11428,DIREITO ELEITORAL,11733,Garantias Processuais,11739,Exceção,11746,Exceção - De Suspeição,11746,Exceção - De Suspeição,11746,Exceção - De Suspeição
11750,Coligação Partidária - Majoritária,11749.0,4,11428/11747/11749/11750,DIREITO ELEITORAL > Partidos Políticos > Coligação Partidária > Coligação Partidária - Majoritária,"Art. 6º É facultado aos partidos políticos, dentro da mesma circunscrição, celebrar coligações para eleição majoritária, proporcional, ou para ambas, podendo, neste último caso, formar-se mais de uma coligação para a eleição proporcional dentre os partidos que integram a coligação para o pleito majoritário.",Lei N. 9.504/97,6°,S,S,S,A,True,11428,DIREITO ELEITORAL,11747,Partidos Políticos,11749,Coligação Partidária,11750,Coligação Partidária - Majoritária,11750,Coligação Partidária - Majoritária,11750,Coligação Partidária - Majoritária
11751,Coligação Partidária - Majoritária e Proporcional,11749.0,4,11428/11747/11749/11751,DIREITO ELEITORAL > Partidos Políticos > Coligação Partidária > Coligação Partidária - Majoritária e Proporcional,"Art. 6º É facultado aos partidos políticos, dentro da mesma circunscrição, celebrar coligações para eleição majoritária, proporcional, ou para ambas, podendo, neste último caso, formar-se mais de uma coligação para a eleição proporcional dentre os partidos que integram a coligação para o pleito majoritário.",Lei N. 9.504/97,6°,S,S,S,A,True,11428,DIREITO ELEITORAL,11747,Partidos Políticos,11749,Coligação Partidária,11751,Coligação Partidária - Majoritária e Proporcional,11751,Coligação Partidária - Majoritária e Proporcional,11751,Coligação Partidária - Majoritária e Proporcional
11752,Coligação Partidária - Proporcional,11749.0,4,11428/11747/11749/11752,DIREITO ELEITORAL > Partidos Políticos > Coligação Partidária > Coligação Partidária - Proporcional,"Art. 6º É facultado aos partidos políticos, dentro da mesma circunscrição, celebrar coligações para eleição majoritária, proporcional, ou para ambas, podendo, neste último caso, formar-se mais de uma coligação para a eleição proporcional dentre os partidos que integram a coligação para o pleito majoritário.",Lei N. 9.504/97,6°,S,S,S,A,True,11428,DIREITO ELEITORAL,11747,Partidos Políticos,11749,Coligação Partidária,11752,Coligação Partidária - Proporcional,11752,Coligação Partidária - Proporcional,11752,Coligação Partidária - Proporcional
11755,Filiação Partidária,11754.0,4,11428/11747/11754/11755,DIREITO ELEITORAL > Partidos Políticos > Filiação/Desfiliação > Filiação Partidária,,,,S,S,S,A,False,11428,DIREITO ELEITORAL,11747,Partidos Políticos,11754,Filiação/Desfiliação,11755,Filiação Partidária,11755,Filiação Partidária,11755,Filiação Partidária
11759,Desfiliação Partidária,11754.0,4,11428/11747/11754/11759,DIREITO ELEITORAL > Partidos Políticos > Filiação/Desfiliação > Desfiliação Partidária,,,,N,S,S,A,False,11428,DIREITO ELEITORAL,11747,Partidos Políticos,11754,Filiação/Desfiliação,11759,Desfiliação Partidária,11759,Desfiliação Partidária,11759,Desfiliação Partidária
11765,Dissolução de Órgão de Direção Partidária,11764.0,4,11428/11747/11764/11765,DIREITO ELEITORAL > Partidos Políticos > Órgão de Direção Partidária > Dissolução de Órgão de Direção Partidária,"Art. 17 É livre a criação, fusão, incorporação e extinção de partidos políticos, resguardados a soberania nacional, o regime democrático, o pluripartidarismo, os direitos fundamentais da pessoa humana e observados os seguintes preceitos: I - caráter nacional; II - proibição de recebimento de recursos financeiros de entidade ou governo estrangeiros ou de subordinação a estes; III - prestação de contas à Justiça Eleitoral; IV - funcionamento parlamentar de acordo com a lei. § 1º É assegurada aos partidos políticos autonomia para definir sua estrutura interna, organização e funcionamento e para adotar os critérios de escolha e o regime de suas coligações eleitorais, sem obrigatoriedade de vinculação entre as candidaturas em âmbito nacional, estadual, distrital ou municipal, devendo seus estatutos estabelecer normas de disciplina e fidelidade partidária.",Constituição Federal,"17, § 1°",N,S,S,A,True,11428,DIREITO ELEITORAL,11747,Partidos Políticos,11764,Órgão de Direção Partidária,11765,Dissolução de Órgão de Direção Partidária,11765,Dissolução de Órgão de Direção Partidária,11765,Dissolução de Órgão de Direção Partidária
11766,Partido Político - Órgão de Direção Estadual,11764.0,4,11428/11747/11764/11766,DIREITO ELEITORAL > Partidos Políticos > Órgão de Direção Partidária > Partido Político - Órgão de Direção Estadual,"Art. 10. As alterações programáticas ou estatutárias, após registradas no Ofício Civil competente, devem ser encaminhadas, para o mesmo fim, ao Tribunal Superior Eleitoral. Parágrafo único. O Partido comunica à Justiça Eleitoral a constituição de seus órgãos de direção e os nomes dos respectivos integrantes, bem como as alterações que forem promovidas, para anotação: ............................................................... II - nos Tribunais Regionais Eleitorais, dos integrantes dos órgãos de âmbito estadual, municipal ou zonal.",Lei N. 9.096/95,"10, parágrafo único II",S,S,S,A,True,11428,DIREITO ELEITORAL,11747,Partidos Políticos,11764,Órgão de Direção Partidária,11766,Partido Político - Órgão de Direção Estadual,11766,Partido Político - Órgão de Direção Estadual,11766,Partido Político - Órgão de Direção Estadual
11767,Partido Político - Órgão de Direção Municipal,11764.0,4,11428/11747/11764/11767,DIREITO ELEITORAL > Partidos Políticos > Órgão de Direção Partidária > Partido Político - Órgão de Direção Municipal,"Art. 10. As alterações programáticas ou estatutárias, após registradas no Ofício Civil competente, devem ser encaminhadas, para o mesmo fim, ao Tribunal Superior Eleitoral. Parágrafo único. O Partido comunica à Justiça Eleitoral a constituição de seus órgãos de direção e os nomes dos respectivos integrantes, bem como as alterações que forem promovidas, para anotação: ............................................................... II - nos Tribunais Regionais Eleitorais, dos integrantes dos órgãos de âmbito estadual, municipal ou zonal.",Lei N. 9.096/95,"10, parágrafo único, II",S,S,S,A,True,11428,DIREITO ELEITORAL,11747,Partidos Políticos,11764,Órgão de Direção Partidária,11767,Partido Político - Órgão de Direção Municipal,11767,Partido Político - Órgão de Direção Municipal,11767,Partido Político - Órgão de Direção Municipal
11768,Partido Político - Órgão de Direção Nacional,11764.0,4,11428/11747/11764/11768,DIREITO ELEITORAL > Partidos Políticos > Órgão de Direção Partidária > Partido Político - Órgão de Direção Nacional,"Art. 10. As alterações programáticas ou estatutárias, após registradas no Ofício Civil competente, devem ser encaminhadas, para o mesmo fim, ao Tribunal Superior Eleitoral. Parágrafo único. O Partido comunica à Justiça Eleitoral a constituição de seus órgãos de direção e os nomes dos respectivos integrantes, bem como as alterações que forem promovidas, para anotação: (Incluído pela Lei nº 9.259, de 1996) I - no Tribunal Superior Eleitoral, dos integrantes dos órgãos de âmbito nacional; (Incluído pela Lei nº 9.259, de 1996)",Lei N. 9.096/95,"10, parágrafo único, I",S,S,S,A,True,11428,DIREITO ELEITORAL,11747,Partidos Políticos,11764,Órgão de Direção Partidária,11768,Partido Político - Órgão de Direção Nacional,11768,Partido Político - Órgão de Direção Nacional,11768,Partido Político - Órgão de Direção Nacional
15089,Partido Político - Órgão de Direção Zonal,11764.0,4,11428/11747/11764/15089,DIREITO ELEITORAL > Partidos Políticos > Órgão de Direção Partidária > Partido Político - Órgão de Direção Zonal,"Art. 10. As alterações programáticas ou estatutárias, após registradas no Ofício Civil competente, devem ser encaminhadas, para o mesmo fim, ao Tribunal Superior Eleitoral. Parágrafo único. O Partido comunica à Justiça Eleitoral a constituição de seus órgãos de direção e os nomes dos respectivos integrantes, bem como as alterações que forem promovidas, para anotação: (Incluído pela Lei nº 9.259, de 1996) § 1º. O Partido comunica à Justiça Eleitoral a constituição de seus órgãos de direção e os nomes dos respectivos integrantes, bem como as alterações que forem promovidas, para anotação: (Incluído pela Lei nº 9.259, de 1996) (Renumerado pela Lei nº 13.877, de 2019) I - no Tribunal Superior Eleitoral, dos integrantes dos órgãos de âmbito nacional; (Incluído pela Lei nº 9.259, de 1996) (Renumerado pela Lei nº 13.877, de 2019) II - nos Tribunais Regionais Eleitorais, dos integrantes dos órgãos de âmbito estadual, municipal ou zonal.",Lei n. 9.096/1999,10,S,S,S,A,True,11428,DIREITO ELEITORAL,11747,Partidos Políticos,11764,Órgão de Direção Partidária,15089,Partido Político - Órgão de Direção Zonal,15089,Partido Político - Órgão de Direção Zonal,15089,Partido Político - Órgão de Direção Zonal
11771,Propaganda Política - Propaganda Intrapartidária,11770.0,4,11428/11747/11770/11771,DIREITO ELEITORAL > Partidos Políticos > Propaganda Política > Propaganda Política - Propaganda Intrapartidária,"Art. 36. A propaganda eleitoral somente é permitida após o dia 5 de julho do ano da eleição. § 1º Ao postulante a candidatura a cargo eletivo é permitida a realização, na quinzena anterior à escolha pelo partido, de propaganda intrapartidária com vista à indicação de seu nome, vedado o uso de rádio, televisão e outdoor.",Lei N. 9.504/97,"36, § 1°",S,S,S,A,True,11428,DIREITO ELEITORAL,11747,Partidos Políticos,11770,Propaganda Política,11771,Propaganda Política - Propaganda Intrapartidária,11771,Propaganda Política - Propaganda Intrapartidária,11771,Propaganda Política - Propaganda Intrapartidária
11772,Propaganda Política Partidária,11770.0,4,11428/11747/11770/11772,DIREITO ELEITORAL > Partidos Políticos > Propaganda Política > Propaganda Política Partidária,,,,S,S,S,A,True,11428,DIREITO ELEITORAL,11747,Partidos Políticos,11770,Propaganda Política,11772,Propaganda Política Partidária,11772,Propaganda Política Partidária,11772,Propaganda Política Partidária
10602,Condicional do processo,4271.0,4,1209/4263/4271/10602,DIREITO PROCESSUAL PENAL > Ação Penal > Suspensão > Condicional do processo,"Nos crimes em que a pena mínima cominada for igual ou inferior a um ano, abrangidas ou não por esta Lei, o Ministério Público, ao oferecer a denúncia, poderá propor a suspensão do processo, por dois a quatro anos, desde que o acusado não esteja sendo processado ou não tenha sido condenado por outro crime, presentes os demais requisitos que autorizariam a suspensão condicional da pena",Lei nº 9099,89,S,S,S,A,True,1209,DIREITO PROCESSUAL PENAL,4263,Ação Penal,4271,Suspensão,10602,Condicional do processo,10602,Condicional do processo,10602,Condicional do processo
10614,Abolitio Criminis,10612.0,4,287/10620/10612/10614,DIREITO PENAL > Parte Geral > Tipicidade > Abolitio Criminis,"é uma forma de tornar atípica penalmente uma conduta até então proibida pela lei penal- gera como consequência a cessação imediata da execução e dos efeitos penais da sentença condenatória. Ocorre quando uma nova lei penal descriminaliza determinado fato assim enquadrado por uma lei anterior, ou seja, quando a lei que tipifica criminalmenmte o fato é revogada.",,,S,S,S,A,True,287,DIREITO PENAL,10620,Parte Geral,10612,Tipicidade,10614,Abolitio Criminis,10614,Abolitio Criminis,10614,Abolitio Criminis
12337,Imputação falsa de prática de infração penal ou revelação inverídica sobre estrutura de organização criminal,12335.0,4,287/12333/12335/12337,DIREITO PENAL > Crimes previstos na Lei da Organização Criminosa > Crimes ocorridos na investigação da prova > Imputação falsa de prática de infração penal ou revelação inverídica sobre estrutura de organização criminal,"Art. 19. Imputar falsamente, sob pretexto de colaboração com a Justiça, a prática de infração penal a pessoa que sabe ser inocente, ou revelar informações sobre a estrutura de organização criminosa que sabe inverídicas: Pena - reclusão, de 1 (um) a 4 (quatro) anos, e multa.",Lei 12850/2013,19,S,S,S,A,True,287,DIREITO PENAL,12333,Crimes previstos na Lei da Organização Criminosa,12335,Crimes ocorridos na investigação da prova,12337,Imputação falsa de prática de infração penal ou revelação inverídica sobre estrutura de organização criminal,12337,Imputação falsa de prática de infração penal ou revelação inverídica sobre estrutura de organização criminal,12337,Imputação falsa de prática de infração penal ou revelação inverídica sobre estrutura de organização criminal
12339,"Recusa ou omissão de dados cadastrais, registros, documentos e informações",12335.0,4,287/12333/12335/12339,"DIREITO PENAL > Crimes previstos na Lei da Organização Criminosa > Crimes ocorridos na investigação da prova > Recusa ou omissão de dados cadastrais, registros, documentos e informações","Art. 21. Recusar ou omitir dados cadastrais, registros, documentos e informações requisitadas pelo juiz, Ministério Público ou delegado de polícia, no curso de investigação ou do processo: Pena - reclusão, de 6 (seis) meses a 2 (dois) anos, e multa. Parágrafo único. Na mesma pena incorre quem, de forma indevida, se apossa, propala, divulga ou faz uso dos dados cadastrais de que trata esta Lei.",Lei 12.850/2013,21,S,S,S,A,True,287,DIREITO PENAL,12333,Crimes previstos na Lei da Organização Criminosa,12335,Crimes ocorridos na investigação da prova,12339,"Recusa ou omissão de dados cadastrais, registros, documentos e informações",12339,"Recusa ou omissão de dados cadastrais, registros, documentos e informações",12339,"Recusa ou omissão de dados cadastrais, registros, documentos e informações"
12194,Contra a Mulher,5560.0,4,287/3385/5560/12194,DIREITO PENAL > Lesão Corporal > Decorrente de Violência Doméstica > Contra a Mulher,"Art. 129. Ofender a integridade corporal ou a saúde de outrem: Pena - detenção, de três meses a um ano. § 9o Se a lesão for praticada contra ascendente, descendente, irmão, cônjuge ou companheiro, ou com quem conviva ou tenha convivido, ou, ainda, prevalecendo-se o agente das relações domésticas, de coabitação ou de hospitalidade: (Redação dada pela Lei nº 11.340, de 2006) Pena - detenção, de 3 (três) meses a 3 (três) anos. (Redação dada pela Lei nº 11.340, de 2006) § 11. Na hipótese do § 9o deste artigo, a pena será aumentada de um terço se o crime for cometido contra pessoa portadora de deficiência. (Incluído pela Lei nº 11.340, de 2006) Este assunto deve ser utilizado quando a vítima da agressão se identificar como mulher.",CP,"129, § 9º e 11",S,S,S,A,True,287,DIREITO PENAL,3385,Lesão Corporal,5560,Decorrente de Violência Doméstica,12194,Contra a Mulher,12194,Contra a Mulher,12194,Contra a Mulher
12542,Real,3397.0,4,287/3394/3397/12542,DIREITO PENAL > Crimes contra a Honra > Injúria > Real,"Art. 140 - Injuriar alguém, ofendendo-lhe a dignidade ou o decoro: Pena - detenção, de um a seis meses, ou multa. § 2º - Se a injúria consiste em violência ou vias de fato, que, por sua natureza ou pelo meio empregado, se considerem aviltantes: Pena - detenção, de três meses a um ano, e multa, além da pena correspondente à violência.",CP,"140, §2º",S,S,S,A,True,287,DIREITO PENAL,3394,Crimes contra a Honra,3397,Injúria,12542,Real,12542,Real,12542,Real
12543,Preconceituosa,3397.0,4,287/3394/3397/12543,DIREITO PENAL > Crimes contra a Honra > Injúria > Preconceituosa,"Art. 140 - Injuriar alguém, ofendendo-lhe a dignidade ou o decoro: Pena - detenção, de um a seis meses, ou multa. § 3o Se a injúria consiste na utilização de elementos referentes a raça, cor, etnia, religião, origem ou a condição de pessoa idosa ou portadora de deficiência: (Redação dada pela Lei nº 10.741, de 2003) Pena - reclusão de um a três anos e multa. (Incluído pela Lei nº 9.459, de 1997)",CP,"140, §3º",S,S,S,A,True,287,DIREITO PENAL,3394,Crimes contra a Honra,3397,Injúria,12543,Preconceituosa,12543,Preconceituosa,12543,Preconceituosa
12544,Simples,3397.0,4,287/3394/3397/12544,DIREITO PENAL > Crimes contra a Honra > Injúria > Simples,"Injúria Art. 140 - Injuriar alguém, ofendendo-lhe a dignidade ou o decoro: Pena - detenção, de um a seis meses, ou multa. § 1º - O juiz pode deixar de aplicar a pena: I - quando o ofendido, de forma reprovável, provocou diretamente a injúria; II - no caso de retorsão imediata, que consista em outra injúria.",CP,"140, caput",S,S,S,A,True,287,DIREITO PENAL,3394,Crimes contra a Honra,3397,Injúria,12544,Simples,12544,Simples,12544,Simples
5880,Crimes contra as Marcas,3438.0,4,287/3603/3438/5880,DIREITO PENAL > Crimes Previstos na Legislação Extravagante > Crimes contra a Propriedade Industrial > Crimes contra as Marcas,"Art. 189. Comete crime contra registro de marca quem: I - reproduz, sem autorização do titular, no todo ou em parte, marca registrada, ou imita-a de modo que possa induzir confusão; ou II - altera marca registrada de outrem já aposta em produto colocado no mercado. Pena - detenção, de 3 (três) meses a 1 (um) ano, ou multa. Art. 190. Comete crime contra registro de marca quem importa, exporta, vende, oferece ou expõe à venda, oculta ou tem em estoque: I - produto assinalado com marca ilicitamente reproduzida ou imitada, de outrem, no todo ou em parte; ou II - produto de sua indústria ou comércio, contido em vasilhame, recipiente ou embalagem que contenha marca legítima de outrem. Pena - detenção, de 1 (um) a 3 (três) meses, ou multa.",Lei 9.279/96,Art 189 a 190,S,S,S,A,True,287,DIREITO PENAL,3603,Crimes Previstos na Legislação Extravagante,3438,Crimes contra a Propriedade Industrial,5880,Crimes contra as Marcas,5880,Crimes contra as Marcas,5880,Crimes contra as Marcas
5897,Associação para a Produção e Tráfico e Condutas Afins,3607.0,4,287/3603/3607/5897,DIREITO PENAL > Crimes Previstos na Legislação Extravagante > Crimes de Tráfico Ilícito e Uso Indevido de Drogas > Associação para a Produção e Tráfico e Condutas Afins,"Art. 35. Associarem-se duas ou mais pessoas para o fim de praticar, reiteradamente ou não, qualquer dos crimes previstos nos arts. 33, caput e § 1o, e 34 desta Lei: Pena - reclusão, de 3 (três) a 10 (dez) anos, e pagamento de 700 (setecentos) a 1.200 (mil e duzentos) dias-multa. Parágrafo único. Nas mesmas penas do caput deste artigo incorre quem se associa para a prática reiterada do crime definido no art. 36 desta Lei. Art. 36. Financiar ou custear a prática de qualquer dos crimes previstos nos arts. 33, caput e § 1o, e 34 desta Lei: Pena - reclusão, de 8 (oito) a 20 (vinte) anos, e pagamento de 1.500 (mil e quinhentos) a 4.000 (quatro mil) dias-multa. Art. 37. Colaborar, como informante, com grupo, organização ou associação destinados à prática de qualquer dos crimes previstos nos arts. 33, caput e § 1o, e 34 desta Lei: Pena - reclusão, de 2 (dois) a 6 (seis) anos, e pagamento de 300 (trezentos) a 700 (setecentos) dias-multa.",Lei 11.343/06,35,S,S,S,A,True,287,DIREITO PENAL,3603,Crimes Previstos na Legislação Extravagante,3607,Crimes de Tráfico Ilícito e Uso Indevido de Drogas,5897,Associação para a Produção e Tráfico e Condutas Afins,5897,Associação para a Produção e Tráfico e Condutas Afins,5897,Associação para a Produção e Tráfico e Condutas Afins
3621,Poluição,3618.0,4,287/3603/3618/3621,DIREITO PENAL > Crimes Previstos na Legislação Extravagante > Crimes contra o Meio Ambiente e o Patrimônio Genético > Poluição,"Art. 54. Causar poluição de qualquer natureza em níveis tais que resultem ou possam resultar em danos à saúde humana, ou que provoquem a mortandade de animais ou a destruição significativa da flora: Pena - reclusão, de um a quatro anos, e multa. § 1º Se o crime é culposo: Pena - detenção, de seis meses a um ano, e multa. § 2º Se o crime: I - tornar uma área, urbana ou rural, imprópria para a ocupação humana; II - causar poluição atmosférica que provoque a retirada, ainda que momentânea, dos habitantes das áreas afetadas, ou que cause danos diretos à saúde da população; III - causar poluição hídrica que torne necessária a interrupção do abastecimento público de água de uma comunidade; IV - dificultar ou impedir o uso público das praias; V - ocorrer por lançamento de resíduos sólidos, líquidos ou gasosos, ou detritos, óleos ou substâncias oleosas, em desacordo com as exigências estabelecidas em leis ou regulamentos: Pena - reclusão, de um a cinco anos. § 3º Incorre nas mesmas penas previstas no parágrafo anterior quem deixar de adotar, quando assim o exigir a autoridade competente, medidas de precaução em caso de risco de dano ambiental grave ou irreversível. Art. 55. Executar pesquisa, lavra ou extração de recursos minerais sem a competente autorização, permissão, concessão ou licença, ou em desacordo com a obtida: Pena - detenção, de seis meses a um ano, e multa. Parágrafo único. Nas mesmas penas incorre quem deixa de recuperar a área pesquisada ou explorada, nos termos da autorização, permissão, licença, concessão ou determinação do órgão competente. Art. 56. Produzir, processar, embalar, importar, exportar, comercializar, fornecer, transportar, armazenar, guardar, ter em depósito ou usar produto ou substância tóxica, perigosa ou nociva à saúde humana ou ao meio ambiente, em desacordo com as exigências estabelecidas em leis ou nos seus regulamentos: Pena - reclusão, de um a quatro anos, e multa. § 1º Nas mesmas penas incorre quem abandona os produtos ou substâncias referidos no caput, ou os utiliza em desacordo com as normas de segurança. § 2º Se o produto ou a substância for nuclear ou radioativa, a pena é aumentada de um sexto a um terço. § 3º Se o crime é culposo: Pena - detenção, de seis meses a um ano, e multa. Art. 58. Nos crimes dolosos previstos nesta Seção, as penas serão aumentadas: I - de um sexto a um terço, se resulta dano irreversível à flora ou ao meio ambiente em geral; II - de um terço até a metade, se resulta lesão corporal de natureza grave em outrem; III - até o dobro, se resultar a morte de outrem. Parágrafo único. As penalidades previstas neste artigo somente serão aplicadas se do fato não resultar crime mais grave. Art. 60. Construir, reformar, ampliar, instalar ou fazer funcionar, em qualquer parte do território nacional, estabelecimentos, obras ou serviços potencialmente poluidores, sem licença ou autorização dos órgãos ambientais competentes, ou contrariando as normas legais e regulamentares pertinentes: Pena - detenção, de um a seis meses, ou multa, ou ambas as penas cumulativamente. Art. 61. Disseminar doença ou praga ou espécies que possam causar dano à agricultura, à pecuária, à fauna, à flora ou aos ecossistemas: Pena - reclusão, de um a quatro anos, e multa.",Lei 9.605/98,Art. 54 a 61,N,N,N,A,True,287,DIREITO PENAL,3603,Crimes Previstos na Legislação Extravagante,3618,Crimes contra o Meio Ambiente e o Patrimônio Genético,3621,Poluição,3621,Poluição,3621,Poluição
3624,Caça ,3618.0,4,287/3603/3618/3624,DIREITO PENAL > Crimes Previstos na Legislação Extravagante > Crimes contra o Meio Ambiente e o Patrimônio Genético > Caça ,"Art. 29. Matar, perseguir, caçar, apanhar, utilizar espécimes da fauna silvestre, nativos ou em rota migratória, sem a devida permissão, licença ou autorização da autoridade competente, ou em desacordo com a obtida: Pena - detenção de seis meses a um ano, e multa. § 1º Incorre nas mesmas penas: I - quem impede a procriação da fauna, sem licença, autorização ou em desacordo com a obtida; II - quem modifica, danifica ou destrói ninho, abrigo ou criadouro natural; III - quem vende, expõe à venda, exporta ou adquire, guarda, tem em cativeiro ou depósito, utiliza ou transporta ovos, larvas ou espécimes da fauna silvestre, nativa ou em rota migratória, bem como produtos e objetos dela oriundos, provenientes de criadouros não autorizados ou sem a devida permissão, licença ou autorização da autoridade competente. § 2º No caso de guarda doméstica de espécie silvestre não considerada ameaçada de extinção, pode o juiz, considerando as circunstâncias, deixar de aplicar a pena. § 3° São espécimes da fauna silvestre todos aqueles pertencentes às espécies nativas, migratórias e quaisquer outras, aquáticas ou terrestres, que tenham todo ou parte de seu ciclo de vida ocorrendo dentro dos limites do território brasileiro, ou águas jurisdicionais brasileiras. § 4º A pena é aumentada de metade, se o crime é praticado: I - contra espécie rara ou considerada ameaçada de extinção, ainda que somente no local da infração; II - em período proibido à caça; III - durante a noite; IV - com abuso de licença; V - em unidade de conservação; VI - com emprego de métodos ou instrumentos capazes de provocar destruição em massa. § 5º A pena é aumentada até o triplo, se o crime decorre do exercício de caça profissional. § 6º As disposições deste artigo não se aplicam aos atos de pesca.",Lei 6.453/77,art. 29,S,S,S,I,True,287,DIREITO PENAL,3603,Crimes Previstos na Legislação Extravagante,3618,Crimes contra o Meio Ambiente e o Patrimônio Genético,3624,Caça ,3624,Caça ,3624,Caça 
10747,Inscrição fraudulenta ,3654.0,4,287/3603/3654/10747,DIREITO PENAL > Crimes Previstos na Legislação Extravagante > Crimes Eleitorais > Inscrição fraudulenta ,Art. 289. Inscrever-se fraudulentamente eleitor: Pena - Reclusão até cinco anos e pagamento de cinco a 15 dias-multa.,Código Eleitoral,art. 289,S,S,S,A,True,287,DIREITO PENAL,3603,Crimes Previstos na Legislação Extravagante,3654,Crimes Eleitorais,10747,Inscrição fraudulenta ,10747,Inscrição fraudulenta ,10747,Inscrição fraudulenta 
10748,Calúnia,3654.0,4,287/3603/3654/10748,DIREITO PENAL > Crimes Previstos na Legislação Extravagante > Crimes Eleitorais > Calúnia,"Caluniar alguém, na propaganda eleitoral, ou visando fins de propaganda, imputando-lhe falsamente fato definido como crime: Pena - detenção de seis meses a dois anos, e pagamento de 10 a 40 dias-multa. § 1° Nas mesmas penas incorre quem, sabendo falsa a imputação, a propala ou divulga. § 2º A prova da verdade do fato imputado exclui o crime, mas não é admitida: I - se, constituindo o fato imputado crime de ação privada, o ofendido, não foi condenado por sentença irrecorrível; II - se o fato é imputado ao Presidente da República ou chefe de governo estrangeiro; III - se do crime imputado, embora de ação pública, o ofendido foi absolvido por sentença irrecorrível.",Código Eleitoral,art. 324,S,S,S,A,True,287,DIREITO PENAL,3603,Crimes Previstos na Legislação Extravagante,3654,Crimes Eleitorais,10748,Calúnia,10748,Calúnia,10748,Calúnia
10749,Difamação,3654.0,4,287/3603/3654/10749,DIREITO PENAL > Crimes Previstos na Legislação Extravagante > Crimes Eleitorais > Difamação,"Difamar alguém, na propaganda eleitoral, ou visando a fins de propaganda, imputando-lhe fato ofensivo à sua reputação: Pena - detenção de três meses a um ano, e pagamento de 5 a 30 dias-multa. Parágrafo único. A exceção da verdade somente se admite se ofendido é funcionário público e a ofensa é relativa ao exercício de suas funçõ",Código Eleitoral,art. 325,S,S,S,A,True,287,DIREITO PENAL,3603,Crimes Previstos na Legislação Extravagante,3654,Crimes Eleitorais,10749,Difamação,10749,Difamação,10749,Difamação
10750,Injúria,3654.0,4,287/3603/3654/10750,DIREITO PENAL > Crimes Previstos na Legislação Extravagante > Crimes Eleitorais > Injúria,"Art. 326. Injuriar alguém, na propaganda eleitoral, ou visando a fins de propaganda, ofendendo-lhe a dignidade ou o decôro: Pena - detenção até seis meses, ou pagamento de 30 a 60 dias-multa. § 1º O juiz pode deixar de aplicar a pena: I - se o ofendido, de forma reprovável, provocou diretamente a injúria; II - no caso de retorsão imediata, que consista em outra injúria. § 2º Se a injúria consiste em violência ou vias de fato, que, por sua natureza ou meio empregado, se considerem aviltantes: Pena - detenção de três meses a um ano e pagamento de 5 a 20 dias-multa, além das penas correspondentes à violência prevista no Código Pena",Código Eleitoral,art. 326,S,S,S,A,True,287,DIREITO PENAL,3603,Crimes Previstos na Legislação Extravagante,3654,Crimes Eleitorais,10750,Injúria,10750,Injúria,10750,Injúria
10751,Captação ilícita de votos ou corrupção eleitoral,3654.0,4,287/3603/3654/10751,DIREITO PENAL > Crimes Previstos na Legislação Extravagante > Crimes Eleitorais > Captação ilícita de votos ou corrupção eleitoral,"Art. 299. Dar, oferecer, prometer, solicitar ou receber, para si ou para outrem, dinheiro, dádiva, ou qualquer outra vantagem, para obter ou dar voto e para conseguir ou prometer abstenção, ainda que a oferta não seja aceita: Pena - reclusão até quatro anos e pagamento de cinco a quinze dias-multa. Art. 41-A. Ressalvado o disposto no art. 26 e seus incisos, constitui captação de sufrágio, vedada por esta Lei, o candidato doar, oferecer, prometer, ou entregar, ao eleitor, com o fim de obter-lhe o voto, bem ou vantagem pessoal de qualquer natureza, inclusive emprego ou função pública, desde o registro da candidatura até o dia da eleição, inclusive, sob pena de multa de mil a cinqüenta mil Ufir, e cassação do registro ou do diploma, observado o procedimento previsto no",Código Eleitoral; Lei 9.504/97,art. 299; art. 41-A,S,S,S,A,True,287,DIREITO PENAL,3603,Crimes Previstos na Legislação Extravagante,3654,Crimes Eleitorais,10751,Captação ilícita de votos ou corrupção eleitoral,10751,Captação ilícita de votos ou corrupção eleitoral,10751,Captação ilícita de votos ou corrupção eleitoral
10752,Aliciamento eleitoral,3654.0,4,287/3603/3654/10752,DIREITO PENAL > Crimes Previstos na Legislação Extravagante > Crimes Eleitorais > Aliciamento eleitoral,"Art. 302. Promover, no dia da eleição, com o fim de impedir, embaraçar ou fraudar o exercício do voto a concentração de eleitores, sob qualquer forma, inclusive o fornecimento gratuito de alimento e transporte coletivo:",Código Eleitoral,art. 302,S,S,S,A,True,287,DIREITO PENAL,3603,Crimes Previstos na Legislação Extravagante,3654,Crimes Eleitorais,10752,Aliciamento eleitoral,10752,Aliciamento eleitoral,10752,Aliciamento eleitoral
10753,Falso eleitoral,3654.0,4,287/3603/3654/10753,DIREITO PENAL > Crimes Previstos na Legislação Extravagante > Crimes Eleitorais > Falso eleitoral,"Art. 350. Omitir, em documento público ou particular, declaração que dêle devia constar, ou nele inserir ou fazer inserir declaração falsa ou diversa da que devia ser escrita, para fins eleitorais: Pena - reclusão até cinco anos e pagamento de 5 a 15 dias-multa, se o documento é público, e reclusão até três anos e pagamento de 3 a 10 dias-multa se o documento é particular. Parágrafo único. Se o agente da falsidade documental é funcionário público e comete o crime prevalecendo-se do cargo ou se a falsificação ou alteração é de assentamentos de registro civil, a pena é agravada.",Código Eleitoral,art. 350,S,S,S,A,True,287,DIREITO PENAL,3603,Crimes Previstos na Legislação Extravagante,3654,Crimes Eleitorais,10753,Falso eleitoral,10753,Falso eleitoral,10753,Falso eleitoral
10754,Desobediência à determinações da Justiça Eleitoral,3654.0,4,287/3603/3654/10754,DIREITO PENAL > Crimes Previstos na Legislação Extravagante > Crimes Eleitorais > Desobediência à determinações da Justiça Eleitoral,"Recusar alguém cumprimento ou obediência a diligências, ordens ou instruções da Justiça Eleitoral ou opor embaraços à sua execução: Pena - detenção de três meses a um ano e pagamento de 10 a 20 dias-multa.",Código Eleitoral,art. 347,S,S,S,A,True,287,DIREITO PENAL,3603,Crimes Previstos na Legislação Extravagante,3654,Crimes Eleitorais,10754,Desobediência à determinações da Justiça Eleitoral,10754,Desobediência à determinações da Justiça Eleitoral,10754,Desobediência à determinações da Justiça Eleitoral
10755,Boca de urna,3654.0,4,287/3603/3654/10755,DIREITO PENAL > Crimes Previstos na Legislação Extravagante > Crimes Eleitorais > Boca de urna,"§ 5º Constituem crimes, no dia da eleição, puníveis com detenção, de seis meses a um ano, com a alternativa de prestação de serviços à comunidade pelo mesmo período, e multa no valor de cinco mil a quinze mil UFIR: I - o uso de alto-falantes e amplificadores de som ou a promoção de comício ou carreata; II - a arregimentação de eleitor ou a propaganda de boca de urna; (Redação dada pela Lei nº 11.300, de 2006) III - a divulgação de qualquer espécie de propaganda de partidos políticos ou de seus candidatos, mediante publicações, cartazes, camisas, bonés, broches ou dísticos em vestuário",Lei 9504/97,"art. 39, § 5º",S,S,S,A,True,287,DIREITO PENAL,3603,Crimes Previstos na Legislação Extravagante,3654,Crimes Eleitorais,10755,Boca de urna,10755,Boca de urna,10755,Boca de urna
10815,Desordem eleitoral,3654.0,4,287/3603/3654/10815,DIREITO PENAL > Crimes Previstos na Legislação Extravagante > Crimes Eleitorais > Desordem eleitoral,Promover desordem que prejudique os trabalhos eleitorais; Pena - Detenção até dois meses e pagamento de 60 a 90 dias-multa,Código Eleitoral,art. 296,S,S,S,A,True,287,DIREITO PENAL,3603,Crimes Previstos na Legislação Extravagante,3654,Crimes Eleitorais,10815,Desordem eleitoral,10815,Desordem eleitoral,10815,Desordem eleitoral
10816,Falsificação de documento público para fins eleitorais,3654.0,4,287/3603/3654/10816,DIREITO PENAL > Crimes Previstos na Legislação Extravagante > Crimes Eleitorais > Falsificação de documento público para fins eleitorais,"Art. 348. Falsificar, no todo ou em parte, documento público, ou alterar documento público verdadeiro, para fins eleitorais: Pena - reclusão de dois a seis anos e pagamento de 15 a 30 dias-multa. § 1º Se o agente é funcionário público e comete o crime prevalecendo-se do cargo, a pena é agravada. § 2º Para os efeitos penais, equipara-se a documento público o emanado de entidade paraestatal inclusive Fundação do Estado.",Código Eleitoral,artigo 348,S,S,S,A,True,287,DIREITO PENAL,3603,Crimes Previstos na Legislação Extravagante,3654,Crimes Eleitorais,10816,Falsificação de documento público para fins eleitorais,10816,Falsificação de documento público para fins eleitorais,10816,Falsificação de documento público para fins eleitorais
10819,Aliciamento de eleitores,3654.0,4,287/3603/3654/10819,DIREITO PENAL > Crimes Previstos na Legislação Extravagante > Crimes Eleitorais > Aliciamento de eleitores,"III - descumprir a proibição dos artigos 5, 8 e 10: Pena - reclusão de quatro a seis anos e pagamento de 200 a 300 dias multa (Art. 302 do Código Eleitoral);",Lei 6091/74,"artigo 11, III",S,S,S,A,True,287,DIREITO PENAL,3603,Crimes Previstos na Legislação Extravagante,3654,Crimes Eleitorais,10819,Aliciamento de eleitores,10819,Aliciamento de eleitores,10819,Aliciamento de eleitores
10820,Divulgação de pesquisa de fraudulenta,3654.0,4,287/3603/3654/10820,DIREITO PENAL > Crimes Previstos na Legislação Extravagante > Crimes Eleitorais > Divulgação de pesquisa de fraudulenta,"Art. 33. As entidades e empresas que realizarem pesquisas de opinião pública relativas às eleições ou aos candidatos, para conhecimento público, são obrigadas, para cada pesquisa, a registrar, junto à Justiça Eleitoral, até cinco dias antes da divulgação, as seguintes informações: § 4º A divulgação de pesquisa fraudulenta constitui crime, punível com detenção de seis meses a um ano e multa no valor de cinqüenta mil a cem mil UFIR.",Lei 9504/97,"artigo 33, § 4º",S,S,S,A,True,287,DIREITO PENAL,3603,Crimes Previstos na Legislação Extravagante,3654,Crimes Eleitorais,10820,Divulgação de pesquisa de fraudulenta,10820,Divulgação de pesquisa de fraudulenta,10820,Divulgação de pesquisa de fraudulenta
10822,Publicação de pesquisa irregular,3654.0,4,287/3603/3654/10822,DIREITO PENAL > Crimes Previstos na Legislação Extravagante > Crimes Eleitorais > Publicação de pesquisa irregular,"§ 3º A comprovação de irregularidade nos dados publicados sujeita os responsáveis às penas mencionadas no parágrafo anterior, sem prejuízo da obrigatoriedade da veiculação dos dados corretos no mesmo espaço, local, horário, página, caracteres e outros elementos de destaque, de acordo com o veículo usado",Lei 9504/97,"art. 34, § 3º",S,S,S,A,True,287,DIREITO PENAL,3603,Crimes Previstos na Legislação Extravagante,3654,Crimes Eleitorais,10822,Publicação de pesquisa irregular,10822,Publicação de pesquisa irregular,10822,Publicação de pesquisa irregular
10823,Uso de símbolos governamentais em propaganda eleitoral,3654.0,4,287/3603/3654/10823,DIREITO PENAL > Crimes Previstos na Legislação Extravagante > Crimes Eleitorais > Uso de símbolos governamentais em propaganda eleitoral,"Art. 40. O uso, na propaganda eleitoral, de símbolos, frases ou imagens, associadas ou semelhantes às empregadas por órgão de governo, empresa pública ou sociedade de economia mista constitui crime, punível com detenção, de seis meses a um ano, com a alternativa de prestação de serviços à comunidade pelo mesmo período, e multa no valor de dez mil a vinte mil UFIR.",Lei 9504/97,art. 40,S,S,S,A,True,287,DIREITO PENAL,3603,Crimes Previstos na Legislação Extravagante,3654,Crimes Eleitorais,10823,Uso de símbolos governamentais em propaganda eleitoral,10823,Uso de símbolos governamentais em propaganda eleitoral,10823,Uso de símbolos governamentais em propaganda eleitoral
10824,Coação eleitoral,3654.0,4,287/3603/3654/10824,DIREITO PENAL > Crimes Previstos na Legislação Extravagante > Crimes Eleitorais > Coação eleitoral,Valer-se o servidor público da sua autoridade para coagir alguém a votar ou não votar em determinado candidato ou partido: Pena - detenção até seis meses e pagamento de 60 a 100 dias-multa. Parágrafo único. Se o agente é membro ou funcionário da Justiça Eleitoral e comete o crime prevalecendo-se do cargo a pena é agravada.,Código Eleitoral,art. 300,S,S,S,A,True,287,DIREITO PENAL,3603,Crimes Previstos na Legislação Extravagante,3654,Crimes Eleitorais,10824,Coação eleitoral,10824,Coação eleitoral,10824,Coação eleitoral
10826,Aliciamento comercial de eleitores,3654.0,4,287/3603/3654/10826,DIREITO PENAL > Crimes Previstos na Legislação Extravagante > Crimes Eleitorais > Aliciamento comercial de eleitores,"Art. 334. Utilizar organização comercial de vendas, distribuição de mercadorias, prêmios e sorteios para propaganda ou aliciamento de eleitores: Pena - detenção de seis meses a um ano e cassação do registro se o responsável fôr candidato.",Código Eleitoral,art. 334,S,S,S,A,True,287,DIREITO PENAL,3603,Crimes Previstos na Legislação Extravagante,3654,Crimes Eleitorais,10826,Aliciamento comercial de eleitores,10826,Aliciamento comercial de eleitores,10826,Aliciamento comercial de eleitores
10838,Prevaricação,3664.0,4,287/3603/3664/10838,DIREITO PENAL > Crimes Previstos na Legislação Extravagante > Crimes Militares > Prevaricação,"Art. 319. Retardar ou deixar de praticar, indevidamente, ato de ofício, ou praticá-lo contra expressa disposição de lei, para satisfazer interêsse ou sentimento pessoal: Pena - detenção, de seis meses a dois anos. Violação do dever funcional com o fim de lucro",CPM (Lei 1.001/69),319,S,S,S,I,True,287,DIREITO PENAL,3603,Crimes Previstos na Legislação Extravagante,3664,Crimes Militares,10838,Prevaricação,10838,Prevaricação,10838,Prevaricação
10840,Homicídio,3664.0,4,287/3603/3664/10840,DIREITO PENAL > Crimes Previstos na Legislação Extravagante > Crimes Militares > Homicídio,,,,S,S,S,I,True,287,DIREITO PENAL,3603,Crimes Previstos na Legislação Extravagante,3664,Crimes Militares,10840,Homicídio,10840,Homicídio,10840,Homicídio
10843,Difamação,3664.0,4,287/3603/3664/10843,DIREITO PENAL > Crimes Previstos na Legislação Extravagante > Crimes Militares > Difamação,"Art. 215. Difamar alguém, imputando-lhe fato ofensivo à sua reputação: Pena - detenção, de três meses a um ano. Parágrafo único. A exceção da verdade sòmente se admite se a ofensa é relativa ao exercício da função pública, militar ou civil, do ofendido.",CPM (1.001/69),215,S,S,S,I,True,287,DIREITO PENAL,3603,Crimes Previstos na Legislação Extravagante,3664,Crimes Militares,10843,Difamação,10843,Difamação,10843,Difamação
10654,Competência da Justiça Estadual,8829.0,4,8826/8828/8829/10654,DIREITO PROCESSUAL CIVIL E DO TRABALHO > Jurisdição e Competência > Competência  > Competência da Justiça Estadual,"A competência da Justiça Estadual é residual, ou seja, a competência deste ramo abarca tudo o que não for de competência dos demais ramos. Art. 102. Compete ao Supremo Tribunal Federal, precipuamente, a guarda da Constituição, cabendo-lhe: I - processar e julgar, originariamente: a) a ação direta de inconstitucionalidade de lei ou ato normativo federal ou estadual e a ação declaratória de constitucionalidade de lei ou ato normativo federal; (Redação dada pela Emenda Constitucional nº 3, de 1993) b) nas infrações penais comuns, o Presidente da República, o Vice-Presidente, os membros do Congresso Nacional, seus próprios Ministros e o Procurador-Geral da República; c) nas infrações penais comuns e nos crimes de responsabilidade, os Ministros de Estado e os Comandantes da Marinha, do Exército e da Aeronáutica, ressalvado o disposto no art. 52, I, os membros dos Tribunais Superiores, os do Tribunal de Contas da União e os chefes de missão diplomática de caráter permanente; (Redação dada pela Emenda Constitucional nº 23, de 1999) d) o habeas corpus , sendo paciente qualquer das pessoas referidas nas alíneas anteriores; o mandado de segurança e o habeas data contra atos do Presidente da República, das Mesas da Câmara dos Deputados e do Senado Federal, do Tribunal de Contas da União, do Procurador-Geral da República e do próprio Supremo Tribunal Federal; e) o litígio entre Estado estrangeiro ou organismo internacional e a União, o Estado, o Distrito Federal ou o Território; f) as causas e os conflitos entre a União e os Estados, a União e o Distrito Federal, ou entre uns e outros, inclusive as respectivas entidades da administração indireta; g) a extradição solicitada por Estado estrangeiro; h) (Revogado pela Emenda Constitucional nº 45, de 2004) i) o habeas corpus , quando o coator for Tribunal Superior ou quando o coator ou o paciente for autoridade ou funcionário cujos atos estejam sujeitos diretamente à jurisdição do Supremo Tribunal Federal, ou se trate de crime sujeito à mesma jurisdição em uma única instância; (Redação dada pela Emenda Constitucional nº 22, de 1999) j) a revisão criminal e a ação rescisória de seus julgados; l) a reclamação para a preservação de sua competência e garantia da autoridade de suas decisões; m) a execução de sentença nas causas de sua competência originária, facultada a delegação de atribuições para a prática de atos processuais; n) a ação em que todos os membros da magistratura sejam direta ou indiretamente interessados, e aquela em que mais da metade dos membros do tribunal de origem estejam impedidos ou sejam direta ou indiretamente interessados; o) os conflitos de competência entre o Superior Tribunal de Justiça e quaisquer tribunais, entre Tribunais Superiores, ou entre estes e qualquer outro tribunal; p) o pedido de medida cautelar das ações diretas de inconstitucionalidade; q) o mandado de injunção, quando a elaboração da norma regulamentadora for atribuição do Presidente da República, do Congresso Nacional, da Câmara dos Deputados, do Senado Federal, das Mesas de uma dessas Casas Legislativas, do Tribunal de Contas da União, de um dos Tribunais Superiores, ou do próprio Supremo Tribunal Federal; r) as ações contra o Conselho Nacional de Justiça e contra o Conselho Nacional do Ministério Público; (Incluída pela Emenda Constitucional nº 45, de 2004) II - julgar, em recurso ordinário: a) o habeas corpus , o mandado de segurança, o habeas data e o mandado de injunção decididos em única instância pelos Tribunais Superiores, se denegatória a decisão; b) o crime político; III - julgar, mediante recurso extraordinário, as causas decididas em única ou última instância, quando a decisão recorrida: a) contrariar dispositivo desta Constituição; b) declarar a inconstitucionalidade de tratado ou lei federal; c) julgar válida lei ou ato de governo local contestado em face desta Constituição. d) julgar válida lei local contestada em face de lei federal. (Incluída pela Emenda Constitucional nº 45, de 2004) § 1º A argüição de descumprimento de preceito fundamental, decorrente desta Constituição, será apreciada pelo Supremo Tribunal Federal, na forma da lei. (Transformado em § 1º pela Emenda Constitucional nº 3, de 17/03/93) § 2º As decisões definitivas de mérito, proferidas pelo Supremo Tribunal Federal, nas ações diretas de inconstitucionalidade e nas ações declaratórias de constitucionalidade produzirão eficácia contra todos e efeito vinculante, relativamente aos demais órgãos do Poder Judiciário e à administração pública direta e indireta, nas esferas federal, estadual e municipal. (Redação dada pela Emenda Constitucional nº 45, de 2004) § 3º No recurso extraordinário o recorrente deverá demonstrar a repercussão geral das questões constitucionais discutidas no caso, nos termos da lei, a fim de que o Tribunal examine a admissão do recurso, somente podendo recusá-lo pela manifestação de dois terços de seus membros. (Incluída pela Emenda Constitucional nº 45, de 2004) ................................................................................... Art. 105. Compete ao Superior Tribunal de Justiça: I - processar e julgar, originariamente: a) nos crimes comuns, os Governadores dos Estados e do Distrito Federal, e, nestes e nos de responsabilidade, os desembargadores dos Tribunais de Justiça dos Estados e do Distrito Federal, os membros dos Tribunais de Contas dos Estados e do Distrito Federal, os dos Tribunais Regionais Federais, dos Tribunais Regionais Eleitorais e do Trabalho, os membros dos Conselhos ou Tribunais de Contas dos Municípios e os do Ministério Público da União que oficiem perante tribunais; b) os mandados de segurança e os habeas data contra ato de Ministro de Estado, dos Comandantes da Marinha, do Exército e da Aeronáutica ou do próprio Tribunal; (Redação dada pela Emenda Constitucional nº 23, de 1999) c) os habeas corpus , quando o coator ou paciente for qualquer das pessoas mencionadas na alínea ""a"", ou quando o coator for tribunal sujeito à sua jurisdição, Ministro de Estado ou Comandante da Marinha, do Exército ou da Aeronáutica, ressalvada a competência da Justiça Eleitoral; (Redação dada pela Emenda Constitucional nº 23, de 1999) d) os conflitos de competência entre quaisquer tribunais, ressalvado o disposto no art. 102, I, ""o"", bem como entre tribunal e juízes a ele não vinculados e entre juízes vinculados a tribunais diversos; e) as revisões criminais e as ações rescisórias de seus julgados; f) a reclamação para a preservação de sua competência e garantia da autoridade de suas decisões; g) os conflitos de atribuições entre autoridades administrativas e judiciárias da União, ou entre autoridades judiciárias de um Estado e administrativas de outro ou do Distrito Federal, ou entre as deste e da União; h) o mandado de injunção, quando a elaboração da norma regulamentadora for atribuição de órgão, entidade ou autoridade federal, da administração direta ou indireta, excetuados os casos de competência do Supremo Tribunal Federal e dos órgãos da Justiça Militar, da Justiça Eleitoral, da Justiça do Trabalho e da Justiça Federal; i) a homologação de sentenças estrangeiras e a concessão de exequatur às cartas rogatórias; (Incluída pela Emenda Constitucional nº 45, de 2004) II - julgar, em recurso ordinário: a) os habeas corpus decididos em única ou última instância pelos Tribunais Regionais Federais ou pelos tribunais dos Estados, do Distrito Federal e Territórios, quando a decisão for denegatória; b) os mandados de segurança decididos em única instância pelos Tribunais Regionais Federais ou pelos tribunais dos Estados, do Distrito Federal e Territórios, quando denegatória a decisão; c) as causas em que forem partes Estado estrangeiro ou organismo internacional, de um lado, e, do outro, Município ou pessoa residente ou domiciliada no País; III - julgar, em recurso especial, as causas decididas, em única ou última instância, pelos Tribunais Regionais Federais ou pelos tribunais dos Estados, do Distrito Federal e Territórios, quando a decisão recorrida: a) contrariar tratado ou lei federal, ou negar-lhes vigência; b) julgar válido ato de governo local contestado em face de lei federal; (Redação dada pela Emenda Constitucional nº 45, de 2004) c) der a lei federal interpretação divergente da que lhe haja atribuído outro tribunal. Parágrafo único. Funcionarão junto ao Superior Tribunal de Justiça: (Redação dada pela Emenda Constitucional nº 45, de 2004) I - a Escola Nacional de Formação e Aperfeiçoamento de Magistrados, cabendo-lhe, dentre outras funções, regulamentar os cursos oficiais para o ingresso e promoção na carreira; (Incluído pela Emenda Constitucional nº 45, de 2004) II - o Conselho da Justiça Federal, cabendo-lhe exercer, na forma da lei, a supervisão administrativa e orçamentária da Justiça Federal de primeiro e segundo graus, como órgão central do sistema e com poderes correicionais, cujas decisões terão caráter vinculante. (Incluído pela Emenda Constitucional nº 45, de 2004) ....................................................................................... Art. 108. Compete aos Tribunais Regionais Federais: I - processar e julgar, originariamente: a) os juízes federais da área de sua jurisdição, incluídos os da Justiça Militar e da Justiça do Trabalho, nos crimes comuns e de responsabilidade, e os membros do Ministério Público da União, ressalvada a competência da Justiça Eleitoral; b) as revisões criminais e as ações rescisórias de julgados seus ou dos juízes federais da região; c) os mandados de segurança e os habeas data contra ato do próprio Tribunal ou de juiz federal; d) os habeas corpus, quando a autoridade coatora for juiz federal; e) os conflitos de competência entre juízes federais vinculados ao Tribunal; II - julgar, em grau de recurso, as causas decididas pelos juízes federais e pelos juízes estaduais no exercício da competência federal da área de sua jurisdição. Art. 109. Aos juízes federais compete processar e julgar: I - as causas em que a União, entidade autárquica ou empresa pública federal forem interessadas na condição de autoras, rés, assistentes ou oponentes, exceto as de falência, as de acidentes de trabalho e as sujeitas à Justiça Eleitoral e à Justiça do Trabalho; II - as causas entre Estado estrangeiro ou organismo internacional e Município ou pessoa domiciliada ou residente no País; III - as causas fundadas em tratado ou contrato da União com Estado estrangeiro ou organismo internacional; IV - os crimes políticos e as infrações penais praticadas em detrimento de bens, serviços ou interesse da União ou de suas entidades autárquicas ou empresas públicas, excluídas as contravenções e ressalvada a competência da Justiça Militar e da Justiça Eleitoral; V - os crimes previstos em tratado ou convenção internacional, quando, iniciada a execução no País, o resultado tenha ou devesse ter ocorrido no estrangeiro, ou reciprocamente; V-A as causas relativas a direitos humanos a que se refere o § 5º deste artigo; (Incluído pela Emenda Constitucional nº 45, de 2004) VI - os crimes contra a organização do trabalho e, nos casos determinados por lei, contra o sistema financeiro e a ordem econômico-financeira; VII - os habeas corpus , em matéria criminal de sua competência ou quando o constrangimento provier de autoridade cujos atos não estejam diretamente sujeitos a outra jurisdição; VIII - os mandados de segurança e os habeas data contra ato de autoridade federal, excetuados os casos de competência dos tribunais federais; IX - os crimes cometidos a bordo de navios ou aeronaves, ressalvada a competência da Justiça Militar; X - os crimes de ingresso ou permanência irregular de estrangeiro, a execução de carta rogatória, após o ""exequatur"", e de sentença estrangeira, após a homologação, as causas referentes à nacionalidade, inclusive a respectiva opção, e à naturalização; XI - a disputa sobre direitos indígenas. § 1º As causas em que a União for autora serão aforadas na seção judiciária onde tiver domicílio a outra parte. § 2º As causas intentadas contra a União poderão ser aforadas na seção judiciária em que for domiciliado o autor, naquela onde houver ocorrido o ato ou fato que deu origem à demanda ou onde esteja situada a coisa, ou, ainda, no Distrito Federal. § 3º Serão processadas e julgadas na justiça estadual, no foro do domicílio dos segurados ou beneficiários, as causas em que forem parte instituição de previdência social e segurado, sempre que a comarca não seja sede de vara do juízo federal, e, se verificada essa condição, a lei poderá permitir que outras causas sejam também processadas e julgadas pela justiça estadual. § 4º Na hipótese do parágrafo anterior, o recurso cabível será sempre para o Tribunal Regional Federal na área de jurisdição do juiz de primeiro grau. § 5º Nas hipóteses de grave violação de direitos humanos, o Procurador-Geral da República, com a finalidade de assegurar o cumprimento de obrigações decorrentes de tratados internacionais de direitos humanos dos quais o Brasil seja parte, poderá suscitar, perante o Superior Tribunal de Justiça, em qualquer fase do inquérito ou processo, incidente de deslocamento de competência para a Justiça Federal. (Incluído pela Emenda Constitucional nº 45, de 2004) ....................................................................................... Art. 114. Compete à Justiça do Trabalho processar e julgar: (Redação dada pela Emenda Constitucional nº 45, de 2004) I as ações oriundas da relação de trabalho, abrangidos os entes de direito público externo e da administração pública direta e indireta da União, dos Estados, do Distrito Federal e dos Municípios; (Incluído pela Emenda Constitucional nº 45, de 2004) II as ações que envolvam exercício do direito de greve; (Incluído pela Emenda Constitucional nº 45, de 2004) III as ações sobre representação sindical, entre sindicatos, entre sindicatos e trabalhadores, e entre sindicatos e empregadores; (Incluído pela Emenda Constitucional nº 45, de 2004) IV os mandados de segurança, habeas corpus e habeas data , quando o ato questionado envolver matéria sujeita à sua jurisdição; (Incluído pela Emenda Constitucional nº 45, de 2004) V os conflitos de competência entre órgãos com jurisdição trabalhista, ressalvado o disposto no art. 102, I, o; (Incluído pela Emenda Constitucional nº 45, de 2004) VI as ações de indenização por dano moral ou patrimonial, decorrentes da relação de trabalho; (Incluído pela Emenda Constitucional nº 45, de 2004) VII as ações relativas às penalidades administrativas impostas aos empregadores pelos órgãos de fiscalização das relações de trabalho; (Incluído pela Emenda Constitucional nº 45, de 2004) VIII a execução, de ofício, das contribuições sociais previstas no art. 195, I, a , e II, e seus acréscimos legais, decorrentes das sentenças que proferir; (Incluído pela Emenda Constitucional nº 45, de 2004) IX outras controvérsias decorrentes da relação de trabalho, na forma da lei. (Incluído pela Emenda Constitucional nº 45, de 2004) § 1º Frustrada a negociação coletiva, as partes poderão eleger árbitros. § 2º Recusando-se qualquer das partes à negociação coletiva ou à arbitragem, é facultado às mesmas, de comum acordo, ajuizar dissídio coletivo de natureza econômica, podendo a Justiça do Trabalho decidir o conflito, respeitadas as disposições mínimas legais de proteção ao trabalho, bem como as convencionadas anteriormente. (Redação dada pela Emenda Constitucional nº 45, de 2004) § 3º Em caso de greve em atividade essencial, com possibilidade de lesão do interesse público, o Ministério Público do Trabalho poderá ajuizar dissídio coletivo, competindo à Justiça do Trabalho decidir o conflito. (Redação dada pela Emenda Constitucional nº 45, de 2004) ....................................................................................... Art. 124. À Justiça Militar compete processar e julgar os crimes militares definidos em lei. Parágrafo único. A lei disporá sobre a organização, o funcionamento e a competência da Justiça Militar. Art. 125.......................................................................... ....................................................................................... § 4º Compete à Justiça Militar estadual processar e julgar os militares dos Estados, nos crimes militares definidos em lei e as ações judiciais contra atos disciplinares militares, ressalvada a competência do júri quando a vítima for civil, cabendo ao tribunal competente decidir sobre a perda do posto e da patente dos oficiais e da graduação das praças. (Redação dada pela Emenda Constitucional nº 45, de 2004) § 5º Compete aos juízes de direito do juízo militar processar e julgar, singularmente, os crimes militares cometidos contra civis e as ações judiciais contra atos disciplinares militares, cabendo ao Conselho de Justiça, sob a presidência de juiz de direito, processar e julgar os demais crimes militares. (Incluído pela Emenda Constitucional nº 45, de 2004) Cósigo Eleitoral Art. 22. Compete ao Tribunal Superior: I - Processar e julgar originariamente: a) o registro e a cassação de registro de partidos políticos, dos seus diretórios nacionais e de candidatos à Presidência e vice-presidência da República; b) os conflitos de jurisdição entre Tribunais Regionais e juizes eleitorais de Estados diferentes; c) a suspeição ou impedimento aos seus membros, ao Procurador Geral e aos funcionários da sua Secretaria; d) os crimes eleitorais e os comuns que lhes forem conexos cometidos pelos seus próprios juizes e pelos juizes dos Tribunais Regionais; e) o habeas corpus ou mandado de segurança, em matéria eleitoral, relativos a atos do Presidente da República, dos Ministros de Estado e dos Tribunais Regionais; ou, ainda, o habeas corpus, quando houver perigo de se consumar a violência antes que o juiz competente possa prover sobre a impetração; (Vide suspensão de execução pela RSF nº 132, de 1984) f) as reclamações relativas a obrigações impostas por lei aos partidos políticos, quanto à sua contabilidade e à apuração da origem dos seus recursos; g) as impugnações á apuração do resultado geral, proclamação dos eleitos e expedição de diploma na eleição de Presidente e Vice-Presidente da República; h) os pedidos de desaforamento dos feitos não decididos nos Tribunais Regionais dentro de trinta dias da conclusão ao relator, formulados por partido, candidato, Ministério Público ou parte legitimamente interessada. (Redação dada pela Lei nº 4.961, de 1966) i) as reclamações contra os seus próprios juizes que, no prazo de trinta dias a contar da conclusão, não houverem julgado os feitos a eles distribuídos. (Incluído pela Lei nº 4.961, de 1966) j) a ação rescisória, nos casos de inelegibilidade, desde que intentada dentro de cento e vinte dias de decisão irrecorrível, possibilitando-se o exercício do mandato eletivo até o seu trânsito em julgado. (Incluído pela LCP nº 86, de 1996 ) (Produção de efeito) II - julgar os recursos interpostos das decisões dos Tribunais Regionais nos termos do Art. 276 inclusive os que versarem matéria administrativa. Parágrafo único. As decisões do Tribunal Superior são irrecorrível, salvo nos casos do Art. 281. ................................................................................ Art. 29. Compete aos Tribunais Regionais: I - processar e julgar originariamente: a) o registro e o cancelamento do registro dos diretórios estaduais e municipais de partidos políticos, bem como de candidatos a Governador, Vice-Governadores, e membro do Congresso Nacional e das Assembléias Legislativas; b) os conflitos de jurisdição entre juizes eleitorais do respectivo Estado; c) a suspeição ou impedimentos aos seus membros ao Procurador Regional e aos funcionários da sua Secretaria assim como aos juizes e escrivães eleitorais; d) os crimes eleitorais cometidos pelos juizes eleitorais; e) o habeas corpus ou mandado de segurança, em matéria eleitoral, contra ato de autoridades que respondam perante os Tribunais de Justiça por crime de responsabilidade e, em grau de recurso, os denegados ou concedidos pelos juizes eleitorais; ou, ainda, o habeas corpus quando houver perigo de se consumar a violência antes que o juiz competente possa prover sobre a impetração; f) as reclamações relativas a obrigações impostas por lei aos partidos políticos, quanto a sua contabilidade e à apuração da origem dos seus recursos; g) os pedidos de desaforamento dos feitos não decididos pelos juizes eleitorais em trinta dias da sua conclusão para julgamento, formulados por partido candidato Ministério Público ou parte legitimamente interessada sem prejuízo das sanções decorrentes do excesso de prazo. (Redação dada pela Lei nº 4.961, de 1966) II - julgar os recursos interpostos: a) dos atos e das decisões proferidas pelos juizes e juntas eleitorais. b) das decisões dos juizes eleitorais que concederem ou denegarem habeas corpus ou mandado de segurança. Parágrafo único. As decisões dos Tribunais Regionais são irrecorríveis, salvo nos casos do Art. 276. ................................................................................ Art. 35. Compete aos juizes: I - cumprir e fazer cumprir as decisões e determinações do Tribunal Superior e do Regional; II - processar e julgar os crimes eleitorais e os comuns que lhe forem conexos, ressalvada a competência originária do Tribunal Superior e dos Tribunais Regionais; III - decidir habeas corpus e mandado de segurança, em matéria eleitoral, desde que essa competência não esteja atribuída privativamente a instância superior. IV - fazer as diligências que julgar necessárias a ordem e presteza do serviço eleitoral; V - tomar conhecimento das reclamações que lhe forem feitas verbalmente ou por escrito, reduzindo-as a termo, e determinando as providências que cada caso exigir; VI - indicar, para aprovação do Tribunal Regional, a serventia de justiça que deve ter o anexo da escrivania eleitoral; VII- (Revogado pela Lei nº 8.868, de 1994) VIII - dirigir os processos eleitorais e determinar a inscrição e a exclusão de eleitores; IX- expedir títulos eleitorais e conceder transferência de eleitor; X - dividir a zona em seções eleitorais; XI mandar organizar, em ordem alfabética, relação dos eleitores de cada seção, para remessa a mesa receptora, juntamente com a pasta das folhas individuais de votação; XII - ordenar o registro e cassação do registro dos candidatos aos cargos eletivos municiais e comunicá-los ao Tribunal Regional; XIII - designar, até 60 (sessenta) dias antes das eleições os locais das seções; XIV - nomear, 60 (sessenta) dias antes da eleição, em audiência pública anunciada com pelo menos 5 (cinco) dias de antecedência, os membros das mesas receptoras; XV - instruir os membros das mesas receptoras sobre as suas funções; XVI - providenciar para a solução das ocorrências que se verificarem nas mesas receptoras; XVII - tomar todas as providências ao seu alcance para evitar os atos viciosos das eleições; XVIII -fornecer aos que não votaram por motivo justificado e aos não alistados, por dispensados do alistamento, um certificado que os isente das sanções legais; XIX - comunicar, até às 12 horas do dia seguinte a realização da eleição, ao Tribunal Regional e aos delegados de partidos credenciados, o número de eleitores que votarem em cada uma das seções da zona sob sua jurisdição, bem como o total de votantes da zona.",Constituição Federal e Código Eleitoral,"102, 105, 108, 109, 114, 124 e 125, §§ 4º e 5º (CF); 22, 29, 35 (Código Eleitoral)",N,N,N,A,True,8826,DIREITO PROCESSUAL CIVIL E DO TRABALHO,8828,Jurisdição e Competência,8829,Competência ,10654,Competência da Justiça Estadual,10654,Competência da Justiça Estadual,10654,Competência da Justiça Estadual
12413,Nulidade - Execução Instaurada Antes de Condição ou Termo,8919.0,4,8826/8893/8919/12413,DIREITO PROCESSUAL CIVIL E DO TRABALHO > Atos Processuais > Nulidade > Nulidade - Execução Instaurada Antes de Condição ou Termo,"Assunto geralmente complementar a ser cadastrado após o assunto principal. Art. 803. É nula a execução se: ................................................................................ III - for instaurada antes de se verificar a condição ou de ocorrer o termo. Parágrafo único. A nulidade de que cuida este artigo será pronunciada pelo juiz, de ofício ou a requerimento da parte, independentemente de embargos à execução.",CPC,"803, III, parágrafo único",N,N,N,A,True,8826,DIREITO PROCESSUAL CIVIL E DO TRABALHO,8893,Atos Processuais,8919,Nulidade,12413,Nulidade - Execução Instaurada Antes de Condição ou Termo,12413,Nulidade - Execução Instaurada Antes de Condição ou Termo,12413,Nulidade - Execução Instaurada Antes de Condição ou Termo
11570,Requisição de Servidor,11569.0,5,11428/11557/11566/11569/11570,DIREITO ELEITORAL > Administração da Justiça Eleitoral > Servidor > Requisição > Requisição de Servidor,"Art . 1º - O afastamento de servidores públicos da União, dos Estados, do Distrito Federal, dos Territórios, dos Municípios e das autarquias, para prestar serviços à Justiça Eleitoral, dar-se-á na forma estabelecias por esta Lei.",Lei N. 6.999/82,1°,N,S,S,A,True,11428,DIREITO ELEITORAL,11557,Administração da Justiça Eleitoral,11566,Servidor,11569,Requisição,11570,Requisição de Servidor,11570,Requisição de Servidor
11571,Requisição de Servidor - Renovação de Requisição de Servidor,11569.0,5,11428/11557/11566/11569/11571,DIREITO ELEITORAL > Administração da Justiça Eleitoral > Servidor > Requisição > Requisição de Servidor - Renovação de Requisição de Servidor,"Art . 2º - As requisições para os Cartórios Eleitorais deverão recair em servidor lotado na área de jurisdição do respectivo Juízo Eleitoral, salvo em casos especiais, a critério do Tribunal Superior Eleitoral. § 1º - As requisições serão feitas pelo prazo de 1 (um) ano, prorrogável, e não excederão a 1 (um) servidor por 10.000 (dez mil) ou fração superior a 5.000 (cinco mil) eleitores inscritos na Zona Eleitoral.",Lei N. 6.999/82,"2°, § 1°",N,S,S,A,True,11428,DIREITO ELEITORAL,11557,Administração da Justiça Eleitoral,11566,Servidor,11569,Requisição,11571,Requisição de Servidor - Renovação de Requisição de Servidor,11571,Requisição de Servidor - Renovação de Requisição de Servidor
11586,Condição de Elegibilidade - Alistamento Eleitoral,11585.0,5,11428/11583/11584/11585/11586,DIREITO ELEITORAL > Eleições > Candidatos > Condição de Elegibilidade > Condição de Elegibilidade - Alistamento Eleitoral,"CF/88: ""Art. 14. A soberania popular será exercida pelo sufrágio universal e pelo voto direto e secreto, com valor igual para todos, e, nos termos da lei, mediante: I - plebiscito; II - referendo; III - iniciativa popular. ............................................................... § 1º - O alistamento eleitoral e o voto são: I - obrigatórios para os maiores de dezoito anos; II - facultativos para: a) os analfabetos; b) os maiores de setenta anos; c) os maiores de dezesseis e menores de dezoito anos. § 2º - Não podem alistar-se como eleitores os estrangeiros e, durante o período do serviço militar obrigatório, os conscritos."" CE: ""Art. 42. O alistamento se faz mediante a qualificação e inscrição do eleitor.""",Constituição Federal e Código Eleitoral,"14, §§ 1° e 2° da CF/88 e 42 do CE",S,S,S,A,True,11428,DIREITO ELEITORAL,11583,Eleições,11584,Candidatos,11585,Condição de Elegibilidade,11586,Condição de Elegibilidade - Alistamento Eleitoral,11586,Condição de Elegibilidade - Alistamento Eleitoral
11587,Condição de Elegibilidade - Domicílio Eleitoral na Circunscrição,11585.0,5,11428/11583/11584/11585/11587,DIREITO ELEITORAL > Eleições > Candidatos > Condição de Elegibilidade > Condição de Elegibilidade - Domicílio Eleitoral na Circunscrição,"Art. 9º Para concorrer às eleições, o candidato deverá possuir domicílio eleitoral na respectiva circunscrição pelo prazo de, pelo menos, um ano antes do pleito e estar com a filiação deferida pelo partido no mesmo prazo.",Lei N. 9.504/97,9°,S,S,S,A,True,11428,DIREITO ELEITORAL,11583,Eleições,11584,Candidatos,11585,Condição de Elegibilidade,11587,Condição de Elegibilidade - Domicílio Eleitoral na Circunscrição,11587,Condição de Elegibilidade - Domicílio Eleitoral na Circunscrição
11589,Condição de Elegibilidade - Filiação Partidária,11585.0,5,11428/11583/11584/11585/11589,DIREITO ELEITORAL > Eleições > Candidatos > Condição de Elegibilidade > Condição de Elegibilidade - Filiação Partidária,"Art. 9º Para concorrer às eleições, o candidato deverá possuir domicílio eleitoral na respectiva circunscrição pelo prazo de, pelo menos, um ano antes do pleito e estar com a filiação deferida pelo partido no mesmo prazo.",Lei N. 9.504/97,9°,S,S,S,A,True,11428,DIREITO ELEITORAL,11583,Eleições,11584,Candidatos,11585,Condição de Elegibilidade,11589,Condição de Elegibilidade - Filiação Partidária,11589,Condição de Elegibilidade - Filiação Partidária
11591,Condição de Elegibilidade - Pleno Exercício dos Direitos Políticos,11585.0,5,11428/11583/11584/11585/11591,DIREITO ELEITORAL > Eleições > Candidatos > Condição de Elegibilidade > Condição de Elegibilidade - Pleno Exercício dos Direitos Políticos,"Art. 14. A soberania popular será exercida pelo sufrágio universal e pelo voto direto e secreto, com valor igual para todos, e, nos termos da lei, mediante: I - plebiscito; II - referendo; III - iniciativa popular. ............................................................... § 3º - São condições de elegibilidade, na forma da lei ............................................................... II - o pleno exercício dos direitos políticos;",Constituição Federal,"14, § 3°, II",S,S,S,A,True,11428,DIREITO ELEITORAL,11583,Eleições,11584,Candidatos,11585,Condição de Elegibilidade,11591,Condição de Elegibilidade - Pleno Exercício dos Direitos Políticos,11591,Condição de Elegibilidade - Pleno Exercício dos Direitos Políticos
11592,Condição de Elegibilidade - Quitação Eleitoral,11585.0,5,11428/11583/11584/11585/11592,DIREITO ELEITORAL > Eleições > Candidatos > Condição de Elegibilidade > Condição de Elegibilidade - Quitação Eleitoral,"Art. 11. Os partidos e coligações solicitarão à Justiça Eleitoral o registro de seus candidatos até as dezenove horas do dia 5 de julho do ano em que se realizarem as eleições. ............................................................... §7o. A certidão de quitação eleitoral abrangerá exclusivamente a plenitude do gozo dos direitos políticos, o regular exercício do voto, o atendimento a convocações da Justiça Eleitoral para auxiliar os trabalhos relativos ao pleito, a inexistência de multas aplicadas, em caráter definitivo, pela Justiça Eleitoral e não remitidas, e a apresentação de contas de campanha eleitoral.",Lei N. 9.504/97,"11, § 7°",S,S,S,A,True,11428,DIREITO ELEITORAL,11583,Eleições,11584,Candidatos,11585,Condição de Elegibilidade,11592,Condição de Elegibilidade - Quitação Eleitoral,11592,Condição de Elegibilidade - Quitação Eleitoral
11596,Inelegibilidade - Abuso do Poder Econômico ou Político,11595.0,5,11428/11583/11584/11595/11596,DIREITO ELEITORAL > Eleições > Candidatos > Inelegibilidade > Inelegibilidade - Abuso do Poder Econômico ou Político,"Art. 1º São inelegíveis: I - para qualquer cargo: ............................................................... d) os que tenham contra sua pessoa representação julgada procedente pela Justiça Eleitoral, transitada em julgado, em processo de apuração de abuso do poder econômico ou político, para a eleição na qual concorrem ou tenham sido diplomados, bem como para as que se realizarem 3 (três) anos seguintes;",Lei Complementar N. 64/90,"1°, I, d",S,S,S,A,True,11428,DIREITO ELEITORAL,11583,Eleições,11584,Candidatos,11595,Inelegibilidade,11596,Inelegibilidade - Abuso do Poder Econômico ou Político,11596,Inelegibilidade - Abuso do Poder Econômico ou Político
11597,Inelegibilidade - Analfabetismo,11595.0,5,11428/11583/11584/11595/11597,DIREITO ELEITORAL > Eleições > Candidatos > Inelegibilidade > Inelegibilidade - Analfabetismo,"CF/88: ""Art. 14. A soberania popular será exercida pelo sufrágio universal e pelo voto direto e secreto, com valor igual para todos, e, nos termos da lei, mediante: I - plebiscito; II - referendo; III - iniciativa popular. ............................................................... § 4º - São inelegíveis os inalistáveis e os analfabetos."" Lei Complementar N. 64/90: ""Art. 1º São inelegíveis: I - para qualquer cargo: a) os inalistáveis e os analfabetos;""",Constituição Federal e Lei Complementar N. 64/90,"14, § 4° da CF e 1°, I, a da Lei Complementar N. 64/90",S,S,S,A,True,11428,DIREITO ELEITORAL,11583,Eleições,11584,Candidatos,11595,Inelegibilidade,11597,Inelegibilidade - Analfabetismo,11597,Inelegibilidade - Analfabetismo
11598,Inelegibilidade - Condenação Criminal por órgão colegiado ou Transitada em Julgado,11595.0,5,11428/11583/11584/11595/11598,DIREITO ELEITORAL > Eleições > Candidatos > Inelegibilidade > Inelegibilidade - Condenação Criminal por órgão colegiado ou Transitada em Julgado,"Art. 1º São inelegíveis: I - para qualquer cargo: ............................................................... e) os que forem condenados criminalmente, com sentença transitada em julgado, pela prática de crime contra a economia popular, a fé pública, a administração pública, o patrimônio público, o mercado financeiro, pelo tráfico de entorpecentes e por crimes eleitorais, pelo prazo de 3 (três) anos, após o cumprimento da pena;",Lei Complementar N. 64/90,"1°, I, e",S,S,S,A,True,11428,DIREITO ELEITORAL,11583,Eleições,11584,Candidatos,11595,Inelegibilidade,11598,Inelegibilidade - Condenação Criminal por órgão colegiado ou Transitada em Julgado,11598,Inelegibilidade - Condenação Criminal por órgão colegiado ou Transitada em Julgado
11599,Inelegibilidade - Declaração de Indignidade ou de Incompatibilidade com o Oficialato,11595.0,5,11428/11583/11584/11595/11599,DIREITO ELEITORAL > Eleições > Candidatos > Inelegibilidade > Inelegibilidade - Declaração de Indignidade ou de Incompatibilidade com o Oficialato,"Art. 1º São inelegíveis: I - para qualquer cargo: ............................................................... f) os que forem declarados indignos do oficialato, ou com ele incompatíveis, pelo prazo de 4 (quatro) anos;",Lei Complementar N. 64/90,"1°, I, f",S,S,S,A,True,11428,DIREITO ELEITORAL,11583,Eleições,11584,Candidatos,11595,Inelegibilidade,11599,Inelegibilidade - Declaração de Indignidade ou de Incompatibilidade com o Oficialato,11599,Inelegibilidade - Declaração de Indignidade ou de Incompatibilidade com o Oficialato
11600,Inelegibilidade - Desincompatibilização,11595.0,5,11428/11583/11584/11595/11600,DIREITO ELEITORAL > Eleições > Candidatos > Inelegibilidade > Inelegibilidade - Desincompatibilização,"Art. 1º São inelegíveis: ............................................................... II - para Presidente e Vice-Presidente da República: a) até 6 (seis) meses depois de afastados definitivamente de seus cargos e funções: 1. os Ministros de Estado: 2. os chefes dos órgãos de assessoramento direto, civil e militar, da Presidência da República; 3. o chefe do órgão de assessoramento de informações da Presidência da República; 4. o chefe do Estado-Maior das Forças Armadas; 5. o Advogado-Geral da União e o Consultor-Geral da República; 6. os chefes do Estado-Maior da Marinha, do Exército e da Aeronáutica; 7. os Comandantes do Exército, Marinha e Aeronáutica; 8. os Magistrados; 9. os Presidentes, Diretores e Superintendentes de autarquias, empresas públicas, sociedades de economia mista e fundações públicas e as mantidas pelo poder público; 10. os Governadores de Estado, do Distrito Federal e de Territórios; 11. os Interventores Federais; 12. os Secretários de Estado; 13. os Prefeitos Municipais; 14. os membros do Tribunal de Contas da União, dos Estados e do Distrito Federal; 15. o Diretor-Geral do Departamento de Polícia Federal; 16. os Secretários-Gerais, os Secretários-Executivos, os Secretários Nacionais, os Secretários Federais dos Ministérios e as pessoas que ocupem cargos equivalentes; b) os que tenham exercido, nos 6 (seis) meses anteriores à eleição, nos Estados, no Distrito Federal, Territórios e em qualquer dos poderes da União, cargo ou função, de nomeação pelo Presidente da República, sujeito à aprovação prévia do Senado Federal; c) (Vetado); d) os que, até 6 (seis) meses antes da eleição, tiverem competência ou interesse, direta, indireta ou eventual, no lançamento, arrecadação ou fiscalização de impostos, taxas e contribuições de caráter obrigatório, inclusive parafiscais, ou para aplicar multas relacionadas com essas atividades; e) os que, até 6 (seis) meses antes da eleição, tenham exercido cargo ou função de direção, administração ou representação nas empresas de que tratam os arts. 3° e 5° da Lei n° 4.137, de 10 de setembro de 1962, quando, pelo âmbito e natureza de suas atividades, possam tais empresas influir na economia nacional; f) os que, detendo o controle de empresas ou grupo de empresas que atuem no Brasil, nas condições monopolísticas previstas no parágrafo único do art. 5° da lei citada na alínea anterior, não apresentarem à Justiça Eleitoral, até 6 (seis) meses antes do pleito, a prova de que fizeram cessar o abuso apurado, do poder econômico, ou de que transferiram, por força regular, o controle de referidas empresas ou grupo de empresas; g) os que tenham, dentro dos 4 (quatro) meses anteriores ao pleito, ocupado cargo ou função de direção, administração ou representação em entidades representativas de classe, mantidas, total ou parcialmente, por contribuições impostas pelo poder Público ou com recursos arrecadados e repassados pela Previdência Social; h) os que, até 6 (seis) meses depois de afastados das funções, tenham exercido cargo de Presidente, Diretor ou Superintendente de sociedades com objetivos exclusivos de operações financeiras e façam publicamente apelo à poupança e ao crédito, inclusive através de cooperativas e da empresa ou estabelecimentos que gozem, sob qualquer forma, de vantagens asseguradas pelo poder público, salvo se decorrentes de contratos que obedeçam a cláusulas uniformes; i) os que, dentro de 6 (seis) meses anteriores ao pleito, hajam exercido cargo ou função de direção, administração ou representação em pessoa jurídica ou em empresa que mantenha contrato de execução de obras, de prestação de serviços ou de fornecimento de bens com órgão do Poder Público ou sob seu controle, salvo no caso de contrato que obedeça a cláusulas uniformes; j) os que, membros do Ministério Público, não se tenham afastado das suas funções até 6 (seis)) meses anteriores ao pleito; I) os que, servidores públicos, estatutários ou não,»dos órgãos ou entidades da Administração direta ou indireta da União, dos Estados, do Distrito Federal, dos Municípios e dos Territórios, inclusive das fundações mantidas pelo Poder Público, não se afastarem até 3 (três) meses anteriores ao pleito, garantido o direito à percepção dos seus vencimentos integrais; III - para Governador e Vice-Governador de Estado e do Distrito Federal; a) os inelegíveis para os cargos de Presidente e Vice-Presidente da República especificados na alínea a do inciso II deste artigo e, no tocante às demais alíneas, quando se tratar de repartição pública, associação ou empresas que operem no território do Estado ou do Distrito Federal, observados os mesmos prazos; b) até 6 (seis) meses depois de afastados definitivamente de seus cargos ou funções: 1. os chefes dos Gabinetes Civil e Militar do Governador do Estado ou do Distrito Federal; 2. os comandantes do Distrito Naval, Região Militar e Zona Aérea; 3. os diretores de órgãos estaduais ou sociedades de assistência aos Municípios; 4. os secretários da administração municipal ou membros de órgãos congêneres; IV - para Prefeito e Vice-Prefeito: a) no que lhes for aplicável, por identidade de situações, os inelegíveis para os cargos de Presidente e Vice-Presidente da República, Governador e Vice-Governador de Estado e do Distrito Federal, observado o prazo de 4 (quatro) meses para a desincompatibilização; b) os membros do Ministério Público e Defensoria Pública em exercício na Comarca, nos 4 (quatro) meses anteriores ao pleito, sem prejuízo dos vencimentos integrais; c) as autoridades policiais, civis ou militares, com exercício no Município, nos 4 (quatro) meses anteriores ao pleito; V - para o Senado Federal: a) os inelegíveis para os cargos de Presidente e Vice-Presidente da República especificados na alínea a do inciso II deste artigo e, no tocante às demais alíneas, quando se tratar de repartição pública, associação ou empresa que opere no território do Estado, observados os mesmos prazos; b) em cada Estado e no Distrito Federal, os inelegíveis para os cargos de Governador e Vice-Governador, nas mesmas condições estabelecidas, observados os mesmos prazos; VI - para a Câmara dos Deputados, Assembléia Legislativa e Câmara Legislativa, no que lhes for aplicável, por identidade de situações, os inelegíveis para o Senado Federal, nas mesmas condições estabelecidas, observados os mesmos prazos; VII - para a Câmara Municipal: a) no que lhes for aplicável, por identidade de situações, os inelegíveis para o Senado Federal e para a Câmara dos Deputados, observado o prazo de 6 (seis) meses para a desincompatibilização; b) em cada Município, os inelegíveis para os cargos de Prefeito e Vice-Prefeito, observado o prazo de 6 (seis) meses para a desincompatibilização . § 1° Para concorrência a outros cargos, o Presidente da República, os Governadores de Estado e do Distrito Federal e os Prefeitos devem renunciar aos respectivos mandatos até 6 (seis) meses antes do pleito. § 2° O Vice-Presidente, o Vice-Governador e o Vice-Prefeito poderão candidatar-se a outros cargos, preservando os seus mandatos respectivos, desde que, nos últimos 6 (seis) meses anteriores ao pleito, não tenham sucedido ou substituído o titular.",Lei Complementar N. 64/90,"1°, II a VII e §§ 1º e 2º",S,S,S,A,True,11428,DIREITO ELEITORAL,11583,Eleições,11584,Candidatos,11595,Inelegibilidade,11600,Inelegibilidade - Desincompatibilização,11600,Inelegibilidade - Desincompatibilização
11601,Inelegibilidade - Inalistável,11595.0,5,11428/11583/11584/11595/11601,DIREITO ELEITORAL > Eleições > Candidatos > Inelegibilidade > Inelegibilidade - Inalistável,"CF/88: ""Art. 14. A soberania popular será exercida pelo sufrágio universal e pelo voto direto e secreto, com valor igual para todos, e, nos termos da lei, mediante: I - plebiscito; II - referendo; III - iniciativa popular. ............................................................... § 2º - Não podem alistar-se como eleitores os estrangeiros e, durante o período do serviço militar obrigatório, os conscritos. ............................................................... § 4º - São inelegíveis os inalistáveis e os analfabetos."" CE: "" Art. 5º Não podem alistar-se eleitores: ............................................................... II - os que não saibam exprimir-se na língua nacional;"" Lei Complementar N. 64/90: "" Art. 1º São inelegíveis: I - para qualquer cargo: a) os inalistáveis e os analfabetos;""","Constituição Federal, Código Eleitoral e Lei Complementar N. 64/90","14, §§ 2º e 4º da CF/88; 5°, II do CE e 1°, I, a da Lei Complementar N. 64/90",S,S,S,A,True,11428,DIREITO ELEITORAL,11583,Eleições,11584,Candidatos,11595,Inelegibilidade,11601,Inelegibilidade - Inalistável,11601,Inelegibilidade - Inalistável
11602,Inelegibilidade - Parentesco,11595.0,5,11428/11583/11584/11595/11602,DIREITO ELEITORAL > Eleições > Candidatos > Inelegibilidade > Inelegibilidade - Parentesco,"CF/88: ""Art. 14. A soberania popular será exercida pelo sufrágio universal e pelo voto direto e secreto, com valor igual para todos, e, nos termos da lei, mediante: I - plebiscito; II - referendo; III - iniciativa popular. ............................................................... § 7º - São inelegíveis, no território de jurisdição do titular, o cônjuge e os parentes consangüíneos ou afins, até o segundo grau ou por adoção, do Presidente da República, de Governador de Estado ou Território, do Distrito Federal, de Prefeito ou de quem os haja substituído dentro dos seis meses anteriores ao pleito, salvo se já titular de mandato eletivo e candidato à reeleição."" Lei Complementar N. 64/90: ""Art. 1º São inelegíveis: I - para qualquer cargo: a) os inalistáveis e os analfabetos; b) os membros do Congresso Nacional, das Assembléias Legislativas, da Câmara Legislativa e das Câmaras Municipais, que hajam perdido os respectivos mandatos por infringência do disposto nos incisos I e II do art. 55 da Constituição Federal, dos dispositivos equivalentes sobre perda de mandato das Constituições Estaduais e Leis Orgânicas dos Municípios e do Distrito Federal, para as eleições que se realizarem durante o período remanescente do mandato para o qual foram eleitos e nos oito anos subseqüentes ao término da legislatura; (Redação dada pela LCP 81, de 13/04/94) c) o Governador e o Vice-Governador de Estado e do Distrito Federal, o Prefeito e o Vice-Prefeito que perderem seus cargos eletivos por infringência a dispositivo da Constituição Estadual da Lei Orgânica do Distrito Federal ou da Lei Orgânica do Município, para as eleições que se realizarem durante o período remanescente e nos 3 (três) anos subseqüentes ao término do mandato para o qual tenham sido eleitos; d) os que tenham contra sua pessoa representação julgada procedente pela Justiça Eleitoral, transitada em julgado, em processo de apuração de abuso do poder econômico ou político, para a eleição na qual concorrem ou tenham sido diplomados, bem como para as que se realizarem 3 (três) anos seguintes; e) os que forem condenados criminalmente, com sentença transitada em julgado, pela prática de crime contra a economia popular, a fé pública, a administração pública, o patrimônio público, o mercado financeiro, pelo tráfico de entorpecentes e por crimes eleitorais, pelo prazo de 3 (três) anos, após o cumprimento da pena; f) os que forem declarados indignos do oficialato, ou com ele incompatíveis, pelo prazo de 4 (quatro) anos; g) os que tiverem suas contas relativas ao exercício de cargos ou funções públicas rejeitadas por irregularidade insanável e por decisão irrecorrível do órgão competente, salvo se a questão houver sido ou estiver sendo submetida à apreciação do Poder Judiciário, para as eleições que se realizarem nos 5 (cinco) anos seguintes, contados a partir da data da decisão; h) os detentores de cargo na administração pública direta, indireta ou fundacional, que beneficiarem a si ou a terceiros, pelo abuso do poder econômico ou político apurado em processo, com sentença transitada em julgado, para as eleições que se realizarem nos 3 (três) anos seguintes ao término do seu mandato ou do período de sua permanência no cargo; i) os que, em estabelecimentos de crédito, financiamento ou seguro, que tenham sido ou estejam sendo objeto de processo de liquidação judicial ou extrajudicial, hajam exercido, nos 12 (doze) meses anteriores à respectiva decretação, cargo ou função de direção, administração ou representação, enquanto não forem exonerados de qualquer responsabilidade; II - para Presidente e Vice-Presidente da República: a) até 6 (seis) meses depois de afastados definitivamente de seus cargos e funções: 1. os Ministros de Estado: 2. os chefes dos órgãos de assessoramento direto, civil e militar, da Presidência da República; 3. o chefe do órgão de assessoramento de informações da Presidência da República; 4. o chefe do Estado-Maior das Forças Armadas; 5. o Advogado-Geral da União e o Consultor-Geral da República; 6. os chefes do Estado-Maior da Marinha, do Exército e da Aeronáutica; 7. os Comandantes do Exército, Marinha e Aeronáutica; 8. os Magistrados; 9. os Presidentes, Diretores e Superintendentes de autarquias, empresas públicas, sociedades de economia mista e fundações públicas e as mantidas pelo poder público; 10. os Governadores de Estado, do Distrito Federal e de Territórios; 11. os Interventores Federais; 12, os Secretários de Estado; 13. os Prefeitos Municipais; 14. os membros do Tribunal de Contas da União, dos Estados e do Distrito Federal; 15. o Diretor-Geral do Departamento de Polícia Federal; 16. os Secretários-Gerais, os Secretários-Executivos, os Secretários Nacionais, os Secretários Federais dos Ministérios e as pessoas que ocupem cargos equivalentes; b) os que tenham exercido, nos 6 (seis) meses anteriores à eleição, nos Estados, no Distrito Federal, Territórios e em qualquer dos poderes da União, cargo ou função, de nomeação pelo Presidente da República, sujeito à aprovação prévia do Senado Federal; c) (Vetado); d) os que, até 6 (seis) meses antes da eleição, tiverem competência ou interesse, direta, indireta ou eventual, no lançamento, arrecadação ou fiscalização de impostos, taxas e contribuições de caráter obrigatório, inclusive parafiscais, ou para aplicar multas relacionadas com essas atividades; e) os que, até 6 (seis) meses antes da eleição, tenham exercido cargo ou função de direção, administração ou representação nas empresas de que tratam os arts. 3° e 5° da Lei n° 4.137, de 10 de setembro de 1962, quando, pelo âmbito e natureza de suas atividades, possam tais empresas influir na economia nacional; f) os que, detendo o controle de empresas ou grupo de empresas que atuem no Brasil, nas condições monopolísticas previstas no parágrafo único do art. 5° da lei citada na alínea anterior, não apresentarem à Justiça Eleitoral, até 6 (seis) meses antes do pleito, a prova de que fizeram cessar o abuso apurado, do poder econômico, ou de que transferiram, por força regular, o controle de referidas empresas ou grupo de empresas; g) os que tenham, dentro dos 4 (quatro) meses anteriores ao pleito, ocupado cargo ou função de direção, administração ou representação em entidades representativas de classe, mantidas, total ou parcialmente, por contribuições impostas pelo poder Público ou com recursos arrecadados e repassados pela Previdência Social; h) os que, até 6 (seis) meses depois de afastados das funções, tenham exercido cargo de Presidente, Diretor ou Superintendente de sociedades com objetivos exclusivos de operações financeiras e façam publicamente apelo à poupança e ao crédito, inclusive através de cooperativas e da empresa ou estabelecimentos que gozem, sob qualquer forma, de vantagens asseguradas pelo poder público, salvo se decorrentes de contratos que obedeçam a cláusulas uniformes; i) os que, dentro de 6 (seis) meses anteriores ao pleito, hajam exercido cargo ou função de direção, administração ou representação em pessoa jurídica ou em empresa que mantenha contrato de execução de obras, de prestação de serviços ou de fornecimento de bens com órgão do Poder Público ou sob seu controle, salvo no caso de contrato que obedeça a cláusulas uniformes; j) os que, membros do Ministério Público, não se tenham afastado das suas funções até 6 (seis)) meses anteriores ao pleito; I) os que, servidores públicos, estatutários ou não,»dos órgãos ou entidades da Administração direta ou indireta da União, dos Estados, do Distrito Federal, dos Municípios e dos Territórios, inclusive das fundações mantidas pelo Poder Público, não se afastarem até 3 (três) meses anteriores ao pleito, garantido o direito à percepção dos seus vencimentos integrais; III - para Governador e Vice-Governador de Estado e do Distrito Federal; a) os inelegíveis para os cargos de Presidente e Vice-Presidente da República especificados na alínea a do inciso II deste artigo e, no tocante às demais alíneas, quando se tratar de repartição pública, associação ou empresas que operem no território do Estado ou do Distrito Federal, observados os mesmos prazos; b) até 6 (seis) meses depois de afastados definitivamente de seus cargos ou funções: 1. os chefes dos Gabinetes Civil e Militar do Governador do Estado ou do Distrito Federal; 2. os comandantes do Distrito Naval, Região Militar e Zona Aérea; 3. os diretores de órgãos estaduais ou sociedades de assistência aos Municípios; 4. os secretários da administração municipal ou membros de órgãos congêneres; IV - para Prefeito e Vice-Prefeito: a) no que lhes for aplicável, por identidade de situações, os inelegíveis para os cargos de Presidente e Vice-Presidente da República, Governador e Vice-Governador de Estado e do Distrito Federal, observado o prazo de 4 (quatro) meses para a desincompatibilização; b) os membros do Ministério Público e Defensoria Pública em exercício na Comarca, nos 4 (quatro) meses anteriores ao pleito, sem prejuízo dos vencimentos integrais; c) as autoridades policiais, civis ou militares, com exercício no Município, nos 4 (quatro) meses anteriores ao pleito; V - para o Senado Federal: a) os inelegíveis para os cargos de Presidente e Vice-Presidente da República especificados na alínea a do inciso II deste artigo e, no tocante às demais alíneas, quando se tratar de repartição pública, associação ou empresa que opere no território do Estado, observados os mesmos prazos; b) em cada Estado e no Distrito Federal, os inelegíveis para os cargos de Governador e Vice-Governador, nas mesmas condições estabelecidas, observados os mesmos prazos; VI - para a Câmara dos Deputados, Assembléia Legislativa e Câmara Legislativa, no que lhes for aplicável, por identidade de situações, os inelegíveis para o Senado Federal, nas mesmas condições estabelecidas, observados os mesmos prazos; VII - para a Câmara Municipal: a) no que lhes for aplicável, por identidade de situações, os inelegíveis para o Senado Federal e para a Câmara dos Deputados, observado o prazo de 6 (seis) meses para a desincompatibilização; b) em cada Município, os inelegíveis para os cargos de Prefeito e Vice-Prefeito, observado o prazo de 6 (seis) meses para a desincompatibilização . ............................................................... § 3° São inelegíveis, no território de jurisdição do titular, o cônjuge e os parentes, consangüíneos ou afins, até o segundo grau ou por adoção, do Presidente da República, de Governador de Estado ou Território, do Distrito Federal, de Prefeito ou de quem os haja substituído dentro dos 6 (seis) meses anteriores ao pleito, salvo se já titular de mandato eletivo e candidato à reeleição.""",Constituição Federal e Lei Complementar N. 64/90,"14, § 7º da CF/88 e 1°, § 3º da Lei Complementar N. 64/90",S,S,S,A,True,11428,DIREITO ELEITORAL,11583,Eleições,11584,Candidatos,11595,Inelegibilidade,11602,Inelegibilidade - Parentesco,11602,Inelegibilidade - Parentesco
11603,Inelegibilidade - Reeleição,11595.0,5,11428/11583/11584/11595/11603,DIREITO ELEITORAL > Eleições > Candidatos > Inelegibilidade > Inelegibilidade - Reeleição,"Art. 14. A soberania popular será exercida pelo sufrágio universal e pelo voto direto e secreto, com valor igual para todos, e, nos termos da lei, mediante: I - plebiscito; II - referendo; III - iniciativa popular. ............................................................... § 5º O Presidente da República, os Governadores de Estado e do Distrito Federal, os Prefeitos e quem os houver sucedido, ou substituído no curso dos mandatos poderão ser reeleitos para um único período subseqüente.",Constituição Federal,"14, § 5º",S,S,S,A,True,11428,DIREITO ELEITORAL,11583,Eleições,11584,Candidatos,11595,Inelegibilidade,11603,Inelegibilidade - Reeleição,11603,Inelegibilidade - Reeleição
11604,Inelegibilidade - Rejeição de Contas Públicas,11595.0,5,11428/11583/11584/11595/11604,DIREITO ELEITORAL > Eleições > Candidatos > Inelegibilidade > Inelegibilidade - Rejeição de Contas Públicas,"Art. 1º São inelegíveis: I - para qualquer cargo: ............................................................... g) os que tiverem suas contas relativas ao exercício de cargos ou funções públicas rejeitadas por irregularidade insanável e por decisão irrecorrível do órgão competente, salvo se a questão houver sido ou estiver sendo submetida à apreciação do Poder Judiciário, para as eleições que se realizarem nos 5 (cinco) anos seguintes, contados a partir da data da decisão;",Lei Complementar N. 64/90,"1°, I, g",S,S,S,A,True,11428,DIREITO ELEITORAL,11583,Eleições,11584,Candidatos,11595,Inelegibilidade,11604,Inelegibilidade - Rejeição de Contas Públicas,11604,Inelegibilidade - Rejeição de Contas Públicas
11605,Inelegibilidade - Representação ou Ação de Investigação Judicial Eleitoral Jugada Procedente pela Justiça Eleitoral,11595.0,5,11428/11583/11584/11595/11605,DIREITO ELEITORAL > Eleições > Candidatos > Inelegibilidade > Inelegibilidade - Representação ou Ação de Investigação Judicial Eleitoral Jugada Procedente pela Justiça Eleitoral,"Art. 22. Qualquer partido político, coligação, candidato ou Ministério Público Eleitoral poderá representar à Justiça Eleitoral, diretamente ao Corregedor-Geral ou Regional, relatando fatos e indicando provas, indícios e circunstâncias e pedir abertura de investigação judicial para apurar uso indevido, desvio ou abuso do poder econômico ou do poder de autoridade, ou utilização indevida de veículos ou meios de comunicação social, em benefício de candidato ou de partido político, obedecido o seguinte rito: ............................................................... XIV - julgada procedente a representação, o Tribunal declarará a inelegibilidade do representado e de quantos hajam contribuído para a prática do ato, cominando-lhes sanção de inelegibilidade para as eleições a se realizarem nos 3 (três) anos subseqüentes à eleição em que se verificou, além da cassação do registro do candidato diretamente beneficiado pela interferência do poder econômico e pelo desvio ou abuso do poder de autoridade, determinando a remessa dos autos ao Ministério Público Eleitoral, para instauração de processo disciplinar, se for o caso, e processo-crime, ordenando quaisquer outras providências que a espécie comportar;",Lei Complementar N. 64/90,"22, XIV",S,S,S,A,True,11428,DIREITO ELEITORAL,11583,Eleições,11584,Candidatos,11595,Inelegibilidade,11605,Inelegibilidade - Representação ou Ação de Investigação Judicial Eleitoral Jugada Procedente pela Justiça Eleitoral,11605,Inelegibilidade - Representação ou Ação de Investigação Judicial Eleitoral Jugada Procedente pela Justiça Eleitoral
11606,Inelegibilidade - Terceiro Mandato,11595.0,5,11428/11583/11584/11595/11606,DIREITO ELEITORAL > Eleições > Candidatos > Inelegibilidade > Inelegibilidade - Terceiro Mandato,"Art. 14. A soberania popular será exercida pelo sufrágio universal e pelo voto direto e secreto, com valor igual para todos, e, nos termos da lei, mediante: I - plebiscito; II - referendo; III - iniciativa popular. ............................................................... § 5º O Presidente da República, os Governadores de Estado e do Distrito Federal, os Prefeitos e quem os houver sucedido, ou substituído no curso dos mandatos poderão ser reeleitos para um único período subseqüente.",Constituição Federal,"14, § 5º",S,S,S,A,True,11428,DIREITO ELEITORAL,11583,Eleições,11584,Candidatos,11595,Inelegibilidade,11606,Inelegibilidade - Terceiro Mandato,11606,Inelegibilidade - Terceiro Mandato
11607,Inelegibilidade - Vida Pregressa,11595.0,5,11428/11583/11584/11595/11607,DIREITO ELEITORAL > Eleições > Candidatos > Inelegibilidade > Inelegibilidade - Vida Pregressa,"Art. 14. A soberania popular será exercida pelo sufrágio universal e pelo voto direto e secreto, com valor igual para todos, e, nos termos da lei, mediante: I - plebiscito; II - referendo; III - iniciativa popular. ............................................................... § 9º Lei complementar estabelecerá outros casos de inelegibilidade e os prazos de sua cessação, a fim de proteger a probidade administrativa, a moralidade para exercício de mandato considerada vida pregressa do candidato, e a normalidade e legitimidade das eleições contra a influência do poder econômico ou o abuso do exercício de função, cargo ou emprego na administração direta ou indireta.",Constituição Federal,"14, § 9º",S,S,S,A,True,11428,DIREITO ELEITORAL,11583,Eleições,11584,Candidatos,11595,Inelegibilidade,11607,Inelegibilidade - Vida Pregressa,11607,Inelegibilidade - Vida Pregressa
11610,Inelegibilidade - Vínculo em União Estável ,11595.0,5,11428/11583/11584/11595/11610,DIREITO ELEITORAL > Eleições > Candidatos > Inelegibilidade > Inelegibilidade - Vínculo em União Estável ,"A jurisprudência do TSE aplica ao caso a mesma regra do art. 14, § 7º, CF/88. CF/88: ""Art. 14. A soberania popular será exercida pelo sufrágio universal e pelo voto direto e secreto, com valor igual para todos, e, nos termos da lei, mediante: I - plebiscito; II - referendo; III - iniciativa popular. ............................................................... § 7º - São inelegíveis, no território de jurisdição do titular, o cônjuge e os parentes consangüíneos ou afins, até o segundo grau ou por adoção, do Presidente da República, de Governador de Estado ou Território, do Distrito Federal, de Prefeito ou de quem os haja substituído dentro dos seis meses anteriores ao pleito, salvo se já titular de mandato eletivo e candidato à reeleição.""",Constituição Federal,"14, § 7º",S,S,S,A,True,11428,DIREITO ELEITORAL,11583,Eleições,11584,Candidatos,11595,Inelegibilidade,11610,Inelegibilidade - Vínculo em União Estável ,11610,Inelegibilidade - Vínculo em União Estável 
12392,Inelegibilidade - Renúncia a cargo político na pendência de representação ou petição que possa levar a outra causa de inelegibilidade,11595.0,5,11428/11583/11584/11595/12392,DIREITO ELEITORAL > Eleições > Candidatos > Inelegibilidade > Inelegibilidade - Renúncia a cargo político na pendência de representação ou petição que possa levar a outra causa de inelegibilidade,"Art. 1º São inelegíveis: I - para qualuqer cargo: (...) k) o Presidente da República, o Governador de Estado e do Distrito Federal, o Prefeito, os membros do Congresso Nacional, das Assembleias Legislativas, da Câmara Legislativa, das Câmaras Municipais, que renunciarem a seus mandatos desde o oferecimento de representação ou petição capaz de autorizar a abertura de processo por infringência a dispositivo da Constituição Federal, da Constituição Estadual, da Lei Orgânica do Distrito Federal ou da Lei Orgânica do Município, para as eleições que se realizarem durante o período remanescente do mandato para o qual foram eleitos e nos 8 (oito) anos subsequentes ao término da legislatura;",LC 64/1990,"Art. 1º , I, alínea k",S,S,S,A,True,11428,DIREITO ELEITORAL,11583,Eleições,11584,Candidatos,11595,Inelegibilidade,12392,Inelegibilidade - Renúncia a cargo político na pendência de representação ou petição que possa levar a outra causa de inelegibilidade,12392,Inelegibilidade - Renúncia a cargo político na pendência de representação ou petição que possa levar a outra causa de inelegibilidade
14936,Inelegibilidade - Perda de Mandato,11595.0,5,11428/11583/11584/11595/14936,DIREITO ELEITORAL > Eleições > Candidatos > Inelegibilidade > Inelegibilidade - Perda de Mandato,"Art. 1º São inelegíveis: I - para qualquer cargo: ................................................................... b) os membros do Congresso Nacional, das Assembléias Legislativas, da Câmara Legislativa e das Câmaras Municipais, que hajam perdido os respectivos mandatos por infringência do disposto nos incisos I e II do art. 55 da Constituição Federal , dos dispositivos equivalentes sobre perda de mandato das Constituições Estaduais e Leis Orgânicas dos Municípios e do Distrito Federal, para as eleições que se realizarem durante o período remanescente do mandato para o qual foram eleitos e nos oito anos subseqüentes ao término da legislatura; (Redação dada pela LCP 81, de 13/04/94) (Vide ADIN 4089) c) o Governador e o Vice-Governador de Estado e do Distrito Federal e o Prefeito e o Vice-Prefeito que perderem seus cargos eletivos por infringência a dispositivo da Constituição Estadual , da Lei Orgânica do Distrito Federal ou da Lei Orgânica do Município, para as eleições que se realizarem durante o período remanescente e nos 8 (oito) anos subsequentes ao término do mandato para o qual tenham sido eleitos; ( Redação dada pela Lei Complementar nº 135, de 2010 )",LC 64/1990,"1º, I, ""b e ""c""",S,S,S,A,True,11428,DIREITO ELEITORAL,11583,Eleições,11584,Candidatos,11595,Inelegibilidade,14936,Inelegibilidade - Perda de Mandato,14936,Inelegibilidade - Perda de Mandato
14938,Inelegibilidade - Suspensão dos Direitos Políticos por Ato Doloso de Improbidade Administrativa,11595.0,5,11428/11583/11584/11595/14938,DIREITO ELEITORAL > Eleições > Candidatos > Inelegibilidade > Inelegibilidade - Suspensão dos Direitos Políticos por Ato Doloso de Improbidade Administrativa,"Art. 1º São inelegíveis: I - para qualquer cargo: ................................................................... l) os que forem condenados à suspensão dos direitos políticos, em decisão transitada em julgado ou proferida por órgão judicial colegiado, por ato doloso de improbidade administrativa que importe lesão ao patrimônio público e enriquecimento ilícito, desde a condenação ou o trânsito em julgado até o transcurso do prazo de 8 (oito) anos após o cumprimento da pena; ( Incluído pela Lei Complementar nº 135, de 2010 )",Lei Complementar 64/1990,"1º, I, l",S,S,S,A,True,11428,DIREITO ELEITORAL,11583,Eleições,11584,Candidatos,11595,Inelegibilidade,14938,Inelegibilidade - Suspensão dos Direitos Políticos por Ato Doloso de Improbidade Administrativa,14938,Inelegibilidade - Suspensão dos Direitos Políticos por Ato Doloso de Improbidade Administrativa
14939,Inelegibilidade - Responsável por Doação Tida com Ilegal,11595.0,5,11428/11583/11584/11595/14939,DIREITO ELEITORAL > Eleições > Candidatos > Inelegibilidade > Inelegibilidade - Responsável por Doação Tida com Ilegal,"Art. 1º São inelegíveis: I - para qualquer cargo: ................................................................................. p) a pessoa física e os dirigentes de pessoas jurídicas responsáveis por doações eleitorais tidas por ilegais por decisão transitada em julgado ou proferida por órgão colegiado da Justiça Eleitoral, pelo prazo de 8 (oito) anos após a decisão, observando-se o procedimento previsto no art. 22; ( Incluído pela Lei Complementar nº 135, de 2010 ) .",Lei Complementar 64/1990,"1º, I, p",S,S,S,A,True,11428,DIREITO ELEITORAL,11583,Eleições,11584,Candidatos,11595,Inelegibilidade,14939,Inelegibilidade - Responsável por Doação Tida com Ilegal,14939,Inelegibilidade - Responsável por Doação Tida com Ilegal
11612,Nome do Candidato - Homonímia,11611.0,5,11428/11583/11584/11611/11612,DIREITO ELEITORAL > Eleições > Candidatos > Nome do Candidato > Nome do Candidato - Homonímia,"Art. 12. O candidato às eleições proporcionais indicará, no pedido de registro, além de seu nome completo, as variações nominais com que deseja ser registrado, até o máximo de três opções, que poderão ser o prenome, sobrenome, cognome, nome abreviado, apelido ou nome pelo qual é mais conhecido, desde que não se estabeleça dúvida quanto à sua identidade, não atente contra o pudor e não seja ridículo ou irreverente, mencionando em que ordem de preferência deseja registrar-se. § 1º Verificada a ocorrência de homonímia, a Justiça Eleitoral procederá atendendo ao seguinte: I - havendo dúvida, poderá exigir do candidato prova de que é conhecido por dada opção de nome, indicada no pedido de registro; II - ao candidato que, na data máxima prevista para o registro, esteja exercendo mandato eletivo ou o tenha exercido nos últimos quatro anos, ou que nesse mesmo prazo se tenha candidatado com um dos nomes que indicou, será deferido o seu uso no registro, ficando outros candidatos impedidos de fazer propaganda com esse mesmo nome; III - ao candidato que, pela sua vida política, social ou profissional, seja identificado por um dado nome que tenha indicado, será deferido o registro com esse nome, observado o disposto na parte final do inciso anterior; IV - tratando-se de candidatos cuja homonímia não se resolva pelas regras dos dois incisos anteriores, a Justiça Eleitoral deverá notificá-los para que, em dois dias, cheguem a acordo sobre os respectivos nomes a serem usados; V - não havendo acordo no caso do inciso anterior, a Justiça Eleitoral registrará cada candidato com o nome e sobrenome constantes do pedido de registro, observada a ordem de preferência ali definida.",Lei N. 9.504/97,"12, § 1°",S,S,S,A,True,11428,DIREITO ELEITORAL,11583,Eleições,11584,Candidatos,11611,Nome do Candidato,11612,Nome do Candidato - Homonímia,11612,Nome do Candidato - Homonímia
11613,Nome do Candidato - Variação Nominal,11611.0,5,11428/11583/11584/11611/11613,DIREITO ELEITORAL > Eleições > Candidatos > Nome do Candidato > Nome do Candidato - Variação Nominal,"Art. 12. O candidato às eleições proporcionais indicará, no pedido de registro, além de seu nome completo, as variações nominais com que deseja ser registrado, até o máximo de três opções, que poderão ser o prenome, sobrenome, cognome, nome abreviado, apelido ou nome pelo qual é mais conhecido, desde que não se estabeleça dúvida quanto à sua identidade, não atente contra o pudor e não seja ridículo ou irreverente, mencionando em que ordem de preferência deseja registrar-se. § 1º Verificada a ocorrência de homonímia, a Justiça Eleitoral procederá atendendo ao seguinte: I - havendo dúvida, poderá exigir do candidato prova de que é conhecido por dada opção de nome, indicada no pedido de registro; II - ao candidato que, na data máxima prevista para o registro, esteja exercendo mandato eletivo ou o tenha exercido nos últimos quatro anos, ou que nesse mesmo prazo se tenha candidatado com um dos nomes que indicou, será deferido o seu uso no registro, ficando outros candidatos impedidos de fazer propaganda com esse mesmo nome; III - ao candidato que, pela sua vida política, social ou profissional, seja identificado por um dado nome que tenha indicado, será deferido o registro com esse nome, observado o disposto na parte final do inciso anterior; IV - tratando-se de candidatos cuja homonímia não se resolva pelas regras dos dois incisos anteriores, a Justiça Eleitoral deverá notificá-los para que, em dois dias, cheguem a acordo sobre os respectivos nomes a serem usados; V - não havendo acordo no caso do inciso anterior, a Justiça Eleitoral registrará cada candidato com o nome e sobrenome constantes do pedido de registro, observada a ordem de preferência ali definida. § 2º A Justiça Eleitoral poderá exigir do candidato prova de que é conhecido por determinada opção de nome por ele indicado, quando seu uso puder confundir o eleitor. § 3º A Justiça Eleitoral indeferirá todo pedido de variação de nome coincidente com nome de candidato a eleição majoritária, salvo para candidato que esteja exercendo mandato eletivo ou o tenha exercido nos últimos quatro anos, ou que, nesse mesmo prazo, tenha concorrido em eleição com o nome coincidente. § 4º Ao decidir sobre os pedidos de registro, a Justiça Eleitoral publicará as variações de nome deferidas aos candidatos. § 5º A Justiça Eleitoral organizará e publicará, até trinta dias antes da eleição, as seguintes relações, para uso na votação e apuração: I - a primeira, ordenada por partidos, com a lista dos respectivos candidatos em ordem numérica, com as três variações de nome correspondentes a cada um, na ordem escolhida pelo candidato; II - a segunda, com o índice onomástico e organizada em ordem alfabética, nela constando o nome completo de cada candidato e cada variação de nome, também em ordem alfabética, seguidos da respectiva legenda e número.",Lei N. 9.504/97,12,S,S,S,A,True,11428,DIREITO ELEITORAL,11583,Eleições,11584,Candidatos,11611,Nome do Candidato,11613,Nome do Candidato - Variação Nominal,11613,Nome do Candidato - Variação Nominal
11616,Impugnação ao Registro de Candidatura,11615.0,5,11428/11583/11584/11615/11616,DIREITO ELEITORAL > Eleições > Candidatos > Registro de Candidatura > Impugnação ao Registro de Candidatura,"Art. 3° Caberá a qualquer candidato, a partido político, coligação ou ao Ministério Público, no prazo de 5 (cinco) dias, contados da publicação do pedido de registro do candidato, impugná-lo em petição fundamentada. § 1° A impugnação, por parte do candidato, partido político ou coligação, não impede a ação do Ministério Público no mesmo sentido. § 2° Não poderá impugnar o registro de candidato o representante do Ministério Público que, nos 4 (quatro) anos anteriores, tenha disputado cargo eletivo, integrado diretório de partido ou exercido atividade político-partidária. § 3° O impugnante especificará, desde logo, os meios de prova com que pretende demonstrar a veracidade do alegado, arrolando testemunhas, se for o caso, no máximo de 6 (seis).",Lei Complementar N. 64/90,3º,S,S,S,A,True,11428,DIREITO ELEITORAL,11583,Eleições,11584,Candidatos,11615,Registro de Candidatura,11616,Impugnação ao Registro de Candidatura,11616,Impugnação ao Registro de Candidatura
11617,Registro de Candidatura - Preenchimento de Vaga Remanescente,11615.0,5,11428/11583/11584/11615/11617,DIREITO ELEITORAL > Eleições > Candidatos > Registro de Candidatura > Registro de Candidatura - Preenchimento de Vaga Remanescente,"Art. 10. Cada partido poderá registrar candidatos para a Câmara dos Deputados, Câmara Legislativa, Assembléias Legislativas e Câmaras Municipais, até cento e cinqüenta por cento do número de lugares a preencher. ............................................................... § 5º No caso de as convenções para a escolha de candidatos não indicarem o número máximo de candidatos previsto no caput e nos §§ 1º e 2º deste artigo, os órgãos de direção dos partidos respectivos poderão preencher as vagas remanescentes até sessenta dias antes do pleito. OBSERVAÇÃO: § 1º No caso de coligação para as eleições proporcionais, independentemente do número de partidos que a integrem, poderão ser registrados candidatos até o dobro do número de lugares a preencher. § 2º Nas unidades da Federação em que o número de lugares a preencher para a Câmara dos Deputados não exceder de vinte, cada partido poderá registrar candidatos a Deputado Federal e a Deputado Estadual ou Distrital até o dobro das respectivas vagas; havendo coligação, estes números poderão ser acrescidos de até mais cinqüenta por cento.",Lei N. 9.504/97,"10, § 5º",S,S,S,A,True,11428,DIREITO ELEITORAL,11583,Eleições,11584,Candidatos,11615,Registro de Candidatura,11617,Registro de Candidatura - Preenchimento de Vaga Remanescente,11617,Registro de Candidatura - Preenchimento de Vaga Remanescente
11618,Registro de Candidatura - RRC - Candidato,11615.0,5,11428/11583/11584/11615/11618,DIREITO ELEITORAL > Eleições > Candidatos > Registro de Candidatura > Registro de Candidatura - RRC - Candidato,"Art. 11. Os partidos e coligações solicitarão à Justiça Eleitoral o registro de seus candidatos até as dezenove horas do dia 5 de julho do ano em que se realizarem as eleições. § 1º O pedido de registro deve ser instruído com os seguintes documentos: I - cópia da ata a que se refere o art. 8º; II - autorização do candidato, por escrito; III - prova de filiação partidária; IV - declaração de bens, assinada pelo candidato; V - cópia do título eleitoral ou certidão, fornecida pelo cartório eleitoral, de que o candidato é eleitor na circunscrição ou requereu sua inscrição ou transferência de domicílio no prazo previsto no art. 9º; VI - certidão de quitação eleitoral; VII - certidões criminais fornecidas pelos órgãos de distribuição da Justiça Eleitoral, Federal e Estadual; VIII - fotografia do candidato, nas dimensões estabelecidas em instrução da Justiça Eleitoral, para efeito do disposto no § 1º do art. 59. IX - propostas defendidas pelo candidato a Prefeito, a Governador de Estado e a Presidente da República OBSERVAÇÃO ""Art. 8º A escolha dos candidatos pelos partidos e a deliberação sobre coligações deverão ser feitas no período de 10 a 30 de junho do ano em que se realizarem as eleições, lavrando-se a respectiva ata em livro aberto e rubricado pela Justiça Eleitoral. § 1º Aos detentores de mandato de Deputado Federal, Estadual ou Distrital, ou de Vereador, e aos que tenham exercido esses cargos em qualquer período da legislatura que estiver em curso, é assegurado o registro de candidatura para o mesmo cargo pelo partido a que estejam filiados. (Vide ADIN - 2.530-9) § 2º Para a realização das convenções de escolha de candidatos, os partidos políticos poderão usar gratuitamente prédios públicos, responsabilizando-se por danos causados com a realização do evento. Art. 9º Para concorrer às eleições, o candidato deverá possuir domicílio eleitoral na respectiva circunscrição pelo prazo de, pelo menos, um ano antes do pleito e estar com a filiação deferida pelo partido no mesmo prazo. Parágrafo único. Havendo fusão ou incorporação de partidos após o prazo estipulado no caput, será considerada, para efeito de filiação partidária, a data de filiação do candidato ao partido de origem. ............................................................... Art. 59. A votação e a totalização dos votos serão feitas por sistema eletrônico, podendo o Tribunal Superior Eleitoral autorizar, em caráter excepcional, a aplicação das regras fixadas nos arts. 83 a 89. § 1º A votação eletrônica será feita no número do candidato ou da legenda partidária, devendo o nome e fotografia do candidato e o nome do partido ou a legenda partidária aparecer no painel da urna eletrônica, com a expressão designadora do cargo disputado no masculino ou feminino, conforme o caso. ............................................................... Art. 83. As cédulas oficiais serão confeccionadas pela Justiça Eleitoral, que as imprimirá com exclusividade para distribuição às Mesas Receptoras, sendo sua impressão feita em papel opaco, com tinta preta e em tipos uniformes de letras e números, identificando o gênero na denominação dos cargos em disputa. § 1º Haverá duas cédulas distintas, uma para as eleições majoritárias e outra para as proporcionais, a serem confeccionadas segundo modelos determinados pela Justiça Eleitoral. § 2º Os candidatos à eleição majoritária serão identificados pelo nome indicado no pedido de registro e pela sigla adotada pelo partido a que pertencem e deverão figurar na ordem determinada por sorteio. § 3º Para as eleições realizadas pelo sistema proporcional, a cédula terá espaços para que o eleitor escreva o nome ou o número do candidato escolhido, ou a sigla ou o número do partido de sua preferência. § 4º No prazo de quinze dias após a realização do sorteio a que se refere o § 2º, os Tribunais Regionais Eleitorais divulgarão o modelo da cédula completa com os nomes dos candidatos majoritários na ordem já definida. § 5° Às eleições em segundo turno aplica-se o disposto no § 2º, devendo o sorteio verificar-se até quarenta e oito horas após a proclamação do resultado do primeiro turno e a divulgação do modelo da cédula nas vinte e quatro horas seguintes. Art. 84. No momento da votação, o eleitor dirigir-se-á à cabina duas vezes, sendo a primeira para o preenchimento da cédula destinada às eleições proporcionais, de cor branca, e a segunda para o preenchimento da cédula destinada às eleições majoritárias, de cor amarela. Parágrafo único. A Justiça Eleitoral fixará o tempo de votação e o número de eleitores por seção, para garantir o pleno exercício do direito de voto. Art. 85. Em caso de dúvida na apuração de votos dados a homônimos, prevalecerá o número sobre o nome do candidato. Art. 86. No sistema de votação convencional considerar-se-á voto de legenda quando o eleitor assinalar o número do partido no local exato reservado para o cargo respectivo e somente para este será computado. Art. 87. Na apuração, será garantido aos fiscais e delegados dos partidos e coligações o direito de observar diretamente, a distância não superior a um metro da mesa, a abertura da urna, a abertura e a contagem das cédulas e o preenchimento do boletim . § 1º O não-atendimento ao disposto no caput enseja a impugnação do resultado da urna, desde que apresentada antes da divulgação do boletim. § 2º Ao final da transcrição dos resultados apurados no boletim, o Presidente da Junta Eleitoral é obrigado a entregar cópia deste aos partidos e coligações concorrentes ao pleito cujos representantes o requeiram até uma hora após sua expedição. § 3º Para os fins do disposto no parágrafo anterior, cada partido ou coligação poderá credenciar até três fiscais perante a Junta Eleitoral, funcionando um de cada vez. § 4º O descumprimento de qualquer das disposições deste artigo constitui crime, punível com detenção de um a três meses, com a alternativa de prestação de serviços à comunidade pelo mesmo período e multa, no valor de um mil a cinco mil UFIR. § 5º O rascunho ou qualquer outro tipo de anotação fora dos boletins de urna, usados no momento da apuração dos votos, não poderão servir de prova posterior perante a Junta apuradora ou totalizadora. § 6º O boletim mencionado no § 2º deverá conter o nome e o número dos candidatos nas primeiras colunas, que precederão aquelas onde serão designados os votos e o partido ou coligação. Art. 88. O Juiz Presidente da Junta Eleitoral é obrigado a recontar a urna, quando: I - o boletim apresentar resultado não-coincidente com o número de votantes ou discrepante dos dados obtidos no momento da apuração; II - ficar evidenciada a atribuição de votos a candidatos inexistentes, o não-fechamento da contabilidade da urna ou a apresentação de totais de votos nulos, brancos ou válidos destoantes da média geral das demais Seções do mesmo Município, Zona Eleitoral. Art. 89. Será permitido o uso de instrumentos que auxiliem o eleitor analfabeto a votar, não sendo a Justiça Eleitoral obrigada a fornecê-los.""",Lei N. 9.504/97,11,S,S,S,A,True,11428,DIREITO ELEITORAL,11583,Eleições,11584,Candidatos,11615,Registro de Candidatura,11618,Registro de Candidatura - RRC - Candidato,11618,Registro de Candidatura - RRC - Candidato
11619,Registro de Candidatura - RRCI - Candidato Individual,11615.0,5,11428/11583/11584/11615/11619,DIREITO ELEITORAL > Eleições > Candidatos > Registro de Candidatura > Registro de Candidatura - RRCI - Candidato Individual,"Art. 11. Os partidos e coligações solicitarão à Justiça Eleitoral o registro de seus candidatos até as dezenove horas do dia 5 de julho do ano em que se realizarem as eleições. ............................................................... § 4o Na hipótese de o partido ou coligação não requerer o registro de seus candidatos, estes poderão fazê-lo perante a Justiça Eleitoral, observado o prazo máximo de quarenta e oito horas seguintes à publicação da lista dos candidatos pela Justiça Eleitoral.",Lei N. 9.504/97,"11, § 4º",S,S,S,A,True,11428,DIREITO ELEITORAL,11583,Eleições,11584,Candidatos,11615,Registro de Candidatura,11619,Registro de Candidatura - RRCI - Candidato Individual,11619,Registro de Candidatura - RRCI - Candidato Individual
11620,Registro de Candidatura - Substituição de Candidato,11615.0,5,11428/11583/11584/11615/11620,DIREITO ELEITORAL > Eleições > Candidatos > Registro de Candidatura > Registro de Candidatura - Substituição de Candidato,,,,S,S,S,A,True,11428,DIREITO ELEITORAL,11583,Eleições,11584,Candidatos,11615,Registro de Candidatura,11620,Registro de Candidatura - Substituição de Candidato,11620,Registro de Candidatura - Substituição de Candidato
12044,Registro de Candidatura - DRAP Partido/Coligação,11615.0,5,11428/11583/11584/11615/12044,DIREITO ELEITORAL > Eleições > Candidatos > Registro de Candidatura > Registro de Candidatura - DRAP Partido/Coligação,"Documento que contém os dados dos partidos políticos e coligações entregue à Justiça Eleitoral para efetuar o registro de candidaturas. Inclui também a data da convenção, os cargos a que o partido ou coligação concorre, a relação de candidatos e delegados.",Resolução - TSE 22.717/2008,26,S,S,S,A,True,11428,DIREITO ELEITORAL,11583,Eleições,11584,Candidatos,11615,Registro de Candidatura,12044,Registro de Candidatura - DRAP Partido/Coligação,12044,Registro de Candidatura - DRAP Partido/Coligação
12363,Cancelamento de Registro de Candidatura,11615.0,5,11428/11583/11584/11615/12363,DIREITO ELEITORAL > Eleições > Candidatos > Registro de Candidatura > Cancelamento de Registro de Candidatura,,,,S,S,S,A,True,11428,DIREITO ELEITORAL,11583,Eleições,11584,Candidatos,11615,Registro de Candidatura,12363,Cancelamento de Registro de Candidatura,12363,Cancelamento de Registro de Candidatura
14941,Percentual de Gênero,11615.0,5,11428/11583/11584/11615/14941,DIREITO ELEITORAL > Eleições > Candidatos > Registro de Candidatura > Percentual de Gênero,"rt. 10. Cada partido ou coligação poderá registrar candidatos para a Câmara dos Deputados, a Câmara Legislativa, as Assembleias Legislativas e as Câmaras Municipais no total de até 150% (cento e cinquenta por cento) do número de lugares a preencher, salvo: (Redação dada pela Lei nº 13.165, de 2015) I - nas unidades da Federação em que o número de lugares a preencher para a Câmara dos Deputados não exceder a doze, nas quais cada partido ou coligação poderá registrar candidatos a Deputado Federal e a Deputado Estadual ou Distrital no total de até 200% (duzentos por cento) das respectivas vagas; (Incluído pela Lei nº 13.165, de 2015) II - nos Municípios de até cem mil eleitores, nos quais cada coligação poderá registrar candidatos no total de até 200% (duzentos por cento) do número de lugares a preencher. (Incluído pela Lei nº 13.165, de 2015) ................................................................. § 3 o Do número de vagas resultante das regras previstas neste artigo, cada partido ou coligação preencherá o mínimo de 30% (trinta por cento) e o máximo de 70% (setenta por cento) para candidaturas de cada sexo. (Redação dada pela Lei nº 12.034, de 2009)",Lei 9.504/1997,"10, § 3º",S,S,S,A,True,11428,DIREITO ELEITORAL,11583,Eleições,11584,Candidatos,11615,Registro de Candidatura,14941,Percentual de Gênero,14941,Percentual de Gênero
15018,Candidatura Avulsa,11615.0,5,11428/11583/11584/11615/15018,DIREITO ELEITORAL > Eleições > Candidatos > Registro de Candidatura > Candidatura Avulsa,"Embora não tenha fundamento legal específico, trata-se de assunto relevante e recorrente nos processos de RRC e que está em debate no âmbito do STF.",,,S,S,S,A,True,11428,DIREITO ELEITORAL,11583,Eleições,11584,Candidatos,11615,Registro de Candidatura,15018,Candidatura Avulsa,15018,Candidatura Avulsa
11670,Propaganda Política - Propaganda Eleitoral - Distribuição de Tempo de Propaganda,11669.0,5,11428/11583/11652/11669/11670,DIREITO ELEITORAL > Eleições > Propaganda Política - Propaganda Eleitoral > Propaganda Política - Propaganda Eleitoral - Horário Eleitoral Gratuito > Propaganda Política - Propaganda Eleitoral - Distribuição de Tempo de Propaganda,"Art. 47. As emissoras de rádio e de televisão e os canais de televisão por assinatura mencionados no art. 57 reservarão, nos quarenta e cinco dias anteriores à antevéspera das eleições, horário destinado à divulgação, em rede, da propaganda eleitoral gratuita, na forma estabelecida neste artigo. § 1º A propaganda será feita: I - na eleição para Presidente da República, às terças e quintas-feiras e aos sábados: a) das sete horas às sete horas e vinte e cinco minutos e das doze horas às doze horas e vinte e cinco minutos, no rádio; b) das treze horas às treze horas e vinte e cinco minutos e das vinte horas e trinta minutos às vinte horas e cinqüenta e cinco minutos, na televisão; II - nas eleições para Deputado Federal, às terças e quintas-feiras e aos sábados: a) das sete horas e vinte e cinco minutos às sete horas e cinqüenta minutos e das doze horas e vinte e cinco minutos às doze horas e cinqüenta minutos, no rádio; b) das treze horas e vinte e cinco minutos às treze horas e cinqüenta minutos e das vinte horas e cinqüenta e cinco minutos às vinte e uma horas e vinte minutos, na televisão; III - nas eleições para Governador de Estado e do Distrito Federal, às segundas, quartas e sextas-feiras: a) das sete horas às sete horas e vinte minutos e das doze horas às doze horas e vinte minutos, no rádio, nos anos em que a renovação do Senado Federal se der por 1/3 (um terço b) das treze horas às treze horas e vinte minutos e das vinte horas e trinta minutos às vinte horas e cinquenta minutos, na televisão, nos anos em que a renovação do Senado Federal se der por 1/3 (um terço); c) das sete horas às sete horas e dezoito minutos e das doze horas às doze horas e dezoito minutos, no rádio, nos anos em que a renovação do Senado Federal se der por 2/3 (dois terços); d) das treze horas às treze horas e dezoito minutos e das vinte horas e trinta minutos às vinte horas e quarenta e oito minutos, na televisão, nos anos em que a renovação do Senado Federal se der por 2/3 (dois terços); IV - nas eleições para Deputado Estadual e Deputado Distrital, às segundas, quartas e sextas-feiras: a) das sete horas e vinte minutos às sete horas e quarenta minutos e das doze horas e vinte minutos às doze horas e quarenta minutos, no rádio, nos anos em que a renovação do Senado Federal se der por 1/3 (um terço); b) das treze horas e vinte minutos às treze horas e quarenta minutos e das vinte horas e cinquenta minutos às vinte e uma horas e dez minutos, na televisão, nos anos em que a renovação do Senado Federal se der por 1/3 (um terço); c) das sete horas e dezoito minutos às sete horas e trinta e cinco minutos e das doze horas e dezoito minutos às doze horas e trinta e cinco minutos, no rádio, nos anos em que a renovação do Senado Federal se der por 2/3 (dois terços); d) das treze horas e dezoito minutos às treze horas e trinta e cinco minutos e das vinte horas e quarenta e oito minutos às vinte e uma horas e cinco minutos, na televisão, nos anos em que a renovação do Senado Federal se der por 2/3 (dois terços); V - na eleição para Senador, às segundas, quartas e sextas-feiras: a) das sete horas e quarenta minutos às sete horas e cinquenta minutos e das doze horas e quarenta minutos às doze horas e cinquenta minutos, no rádio, nos anos em que a renovação do Senado Federal se der por 1/3 (um terço); b) das treze horas e quarenta minutos às treze horas e cinquenta minutos e das vinte e uma horas e dez minutos às vinte e uma horas e vinte minutos, na televisão, nos anos em que a renovação do Senado Federal se der por 1/3 (um terço); c) das sete horas e trinta e cinco minutos às sete horas e cinquenta minutos e das doze horas e trinta e cinco minutos às doze horas e cinquenta minutos, no rádio, nos anos em que a renovação do Senado Federal se der por 2/3 (dois terços); d) das treze horas e trinta e cinco minutos às treze horas e cinquenta minutos e das vinte e uma horas e cinco minutos às vinte e uma horas e vinte minutos, na televisão, nos anos em que a renovação do Senado Federal se der por 2/3 (dois terços); VI - nas eleições para Prefeito e Vice-Prefeito, às segundas, quartas e sextas-feiras: a) das sete horas às sete horas e trinta minutos e das doze horas às doze horas e trinta minutos, no rádio; b) das treze horas às treze horas e trinta minutos e das vinte horas e trinta minutos às vinte e uma horas, na televisão; VII - nas eleições para Vereador, às terças e quintas-feiras e aos sábados, nos mesmos horários previstos no inciso anterior. § 2º Os horários reservados à propaganda de cada eleição, nos termos do parágrafo anterior, serão distribuídos entre todos os partidos e coligações que tenham candidato e representação na Câmara dos Deputados, observados os seguintes critérios : I - um terço, igualitariamente; II - dois terços, proporcionalmente ao número de representantes na Câmara dos Deputados, considerado, no caso de coligação, o resultado da soma do número de representantes de todos os partidos que a integram. § 3o Para efeito do disposto neste artigo, a representação de cada partido na Câmara dos Deputados é a resultante da eleição. § 4º O número de representantes de partido que tenha resultado de fusão ou a que se tenha incorporado outro corresponderá à soma dos representantes que os partidos de origem possuíam na data mencionada no parágrafo anterior. § 5º Se o candidato a Presidente ou a Governador deixar de concorrer, em qualquer etapa do pleito, e não havendo a substituição prevista no art. 13 desta Lei, far-se-á nova distribuição do tempo entre os candidatos remanescentes. § 6º Aos partidos e coligações que, após a aplicação dos critérios de distribuição referidos no caput, obtiverem direito a parcela do horário eleitoral inferior a trinta segundos, será assegurado o direito de acumulá-lo para uso em tempo equivalente. ............................................................... Art. 49. Se houver segundo turno, as emissoras de rádio e televisão reservarão, a partir de quarenta e oito horas da proclamação dos resultados do primeiro turno e até a antevéspera da eleição, horário destinado à divulgação da propaganda eleitoral gratuita, dividido em dois períodos diários de vinte minutos para cada eleição, iniciando-se às sete e às doze horas, no rádio, e às treze e às vinte horas e trinta minutos, na televisão. § 1º Em circunscrição onde houver segundo turno para Presidente e Governador, o horário reservado à propaganda deste iniciar-se-á imediatamente após o término do horário reservado ao primeiro. § 2º O tempo de cada período diário será dividido igualitariamente entre os candidatos. Art. 50. A Justiça Eleitoral efetuará sorteio para a escolha da ordem de veiculação da propaganda de cada partido ou coligação no primeiro dia do horário eleitoral gratuito; a cada dia que se seguir, a propaganda veiculada por último, na véspera, será a primeira, apresentando-se as demais na ordem do sorteio. OBSERVAÇÃO Art. 13. É facultado ao partido ou coligação substituir candidato que for considerado inelegível, renunciar ou falecer após o termo final do prazo do registro ou, ainda, tiver seu registro indeferido ou cancelado. § 1o A escolha do substituto far-se-á na forma estabelecida no estatuto do partido a que pertencer o substituído, e o registro deverá ser requerido até 10 (dez) dias contados do fato ou da notificação do partido da decisão judicial que deu origem à substituição. (Redação dada pela Lei nº 12.034, de 2009) § 2º Nas eleições majoritárias, se o candidato for de coligação, a substituição deverá fazer-se por decisão da maioria absoluta dos órgãos executivos de direção dos partidos coligados, podendo o substituto ser filiado a qualquer partido dela integrante, desde que o partido ao qual pertencia o substituído renuncie ao direito de preferência. § 3º Nas eleições proporcionais, a substituição só se efetivará se o novo pedido for apresentado até sessenta dias antes do pleito. ............................................................... Art. 57. As disposições desta Lei aplicam-se às emissoras de televisão que operam em VHF e UHF e os canais de televisão por assinatura sob a responsabilidade do Senado Federal, da Câmara dos Deputados, das Assembléias Legislativas, da Câmara Legislativa do Distrito Federal ou das Câmaras Municipais.",Lei N. 9.504/97,"47,49 e 50",S,S,S,A,True,11428,DIREITO ELEITORAL,11583,Eleições,11652,Propaganda Política - Propaganda Eleitoral,11669,Propaganda Política - Propaganda Eleitoral - Horário Eleitoral Gratuito,11670,Propaganda Política - Propaganda Eleitoral - Distribuição de Tempo de Propaganda,11670,Propaganda Política - Propaganda Eleitoral - Distribuição de Tempo de Propaganda
11671,Propaganda Política - Propaganda Eleitoral - Horário Eleitoral Gratuito/Inserções de Propaganda,11669.0,5,11428/11583/11652/11669/11671,DIREITO ELEITORAL > Eleições > Propaganda Política - Propaganda Eleitoral > Propaganda Política - Propaganda Eleitoral - Horário Eleitoral Gratuito > Propaganda Política - Propaganda Eleitoral - Horário Eleitoral Gratuito/Inserções de Propaganda,"Art. 51. Durante os períodos previstos nos arts. 47 e 49, as emissoras de rádio e televisão e os canais por assinatura mencionados no art. 57 reservarão, ainda, trinta minutos diários para a propaganda eleitoral gratuita, a serem usados em inserções de até sessenta segundos, a critério do respectivo partido ou coligação, assinadas obrigatoriamente pelo partido ou coligação, e distribuídas, ao longo da programação veiculada entre as oito e as vinte e quatro horas, nos termos do § 2º do art. 47, obedecido o seguinte: I - o tempo será dividido em partes iguais para a utilização nas campanhas dos candidatos às eleições majoritárias e proporcionais, bem como de suas legendas partidárias ou das que componham a coligação, quando for o caso; II - destinação exclusiva do tempo para a campanha dos candidatos a Prefeito e Vice-Prefeito, no caso de eleições municipais; III - a distribuição levará em conta os blocos de audiência entre as oito e as doze horas, as doze e as dezoito horas, as dezoito e as vinte e uma horas, as vinte e uma e as vinte e quatro horas; IV - na veiculação das inserções é vedada a utilização de gravações externas, montagens ou trucagens, computação gráfica, desenhos animados e efeitos especiais, e a veiculação de mensagens que possam degradar ou ridicularizar candidato, partido ou coligação. OBSERVAÇÃO Art. 13. É facultado ao partido ou coligação substituir candidato que for considerado inelegível, renunciar ou falecer após o termo final do prazo do registro ou, ainda, tiver seu registro indeferido ou cancelado. § 1o A escolha do substituto far-se-á na forma estabelecida no estatuto do partido a que pertencer o substituído, e o registro deverá ser requerido até 10 (dez) dias contados do fato ou da notificação do partido da decisão judicial que deu origem à substituição. (Redação dada pela Lei nº 12.034, de 2009) § 2º Nas eleições majoritárias, se o candidato for de coligação, a substituição deverá fazer-se por decisão da maioria absoluta dos órgãos executivos de direção dos partidos coligados, podendo o substituto ser filiado a qualquer partido dela integrante, desde que o partido ao qual pertencia o substituído renuncie ao direito de preferência. § 3º Nas eleições proporcionais, a substituição só se efetivará se o novo pedido for apresentado até sessenta dias antes do pleito. ............................................................... Art. 47. As emissoras de rádio e de televisão e os canais de televisão por assinatura mencionados no art. 57 reservarão, nos quarenta e cinco dias anteriores à antevéspera das eleições, horário destinado à divulgação, em rede, da propaganda eleitoral gratuita, na forma estabelecida neste artigo. § 1º A propaganda será feita: I - na eleição para Presidente da República, às terças e quintas-feiras e aos sábados: a) das sete horas às sete horas e vinte e cinco minutos e das doze horas às doze horas e vinte e cinco minutos, no rádio; b) das treze horas às treze horas e vinte e cinco minutos e das vinte horas e trinta minutos às vinte horas e cinqüenta e cinco minutos, na televisão; II - nas eleições para Deputado Federal, às terças e quintas-feiras e aos sábados: a) das sete horas e vinte e cinco minutos às sete horas e cinqüenta minutos e das doze horas e vinte e cinco minutos às doze horas e cinqüenta minutos, no rádio; b) das treze horas e vinte e cinco minutos às treze horas e cinqüenta minutos e das vinte horas e cinqüenta e cinco minutos às vinte e uma horas e vinte minutos, na televisão; III - nas eleições para Governador de Estado e do Distrito Federal, às segundas, quartas e sextas-feiras: a) das sete horas às sete horas e vinte minutos e das doze horas às doze horas e vinte minutos, no rádio, nos anos em que a renovação do Senado Federal se der por 1/3 (um terço b) das treze horas às treze horas e vinte minutos e das vinte horas e trinta minutos às vinte horas e cinquenta minutos, na televisão, nos anos em que a renovação do Senado Federal se der por 1/3 (um terço); c) das sete horas às sete horas e dezoito minutos e das doze horas às doze horas e dezoito minutos, no rádio, nos anos em que a renovação do Senado Federal se der por 2/3 (dois terços); d) das treze horas às treze horas e dezoito minutos e das vinte horas e trinta minutos às vinte horas e quarenta e oito minutos, na televisão, nos anos em que a renovação do Senado Federal se der por 2/3 (dois terços); IV - nas eleições para Deputado Estadual e Deputado Distrital, às segundas, quartas e sextas-feiras: a) das sete horas e vinte minutos às sete horas e quarenta minutos e das doze horas e vinte minutos às doze horas e quarenta minutos, no rádio, nos anos em que a renovação do Senado Federal se der por 1/3 (um terço); b) das treze horas e vinte minutos às treze horas e quarenta minutos e das vinte horas e cinquenta minutos às vinte e uma horas e dez minutos, na televisão, nos anos em que a renovação do Senado Federal se der por 1/3 (um terço); c) das sete horas e dezoito minutos às sete horas e trinta e cinco minutos e das doze horas e dezoito minutos às doze horas e trinta e cinco minutos, no rádio, nos anos em que a renovação do Senado Federal se der por 2/3 (dois terços); d) das treze horas e dezoito minutos às treze horas e trinta e cinco minutos e das vinte horas e quarenta e oito minutos às vinte e uma horas e cinco minutos, na televisão, nos anos em que a renovação do Senado Federal se der por 2/3 (dois terços); V - na eleição para Senador, às segundas, quartas e sextas-feiras: a) das sete horas e quarenta minutos às sete horas e cinquenta minutos e das doze horas e quarenta minutos às doze horas e cinquenta minutos, no rádio, nos anos em que a renovação do Senado Federal se der por 1/3 (um terço); b) das treze horas e quarenta minutos às treze horas e cinquenta minutos e das vinte e uma horas e dez minutos às vinte e uma horas e vinte minutos, na televisão, nos anos em que a renovação do Senado Federal se der por 1/3 (um terço); c) das sete horas e trinta e cinco minutos às sete horas e cinquenta minutos e das doze horas e trinta e cinco minutos às doze horas e cinquenta minutos, no rádio, nos anos em que a renovação do Senado Federal se der por 2/3 (dois terços); d) das treze horas e trinta e cinco minutos às treze horas e cinquenta minutos e das vinte e uma horas e cinco minutos às vinte e uma horas e vinte minutos, na televisão, nos anos em que a renovação do Senado Federal se der por 2/3 (dois terços); VI - nas eleições para Prefeito e Vice-Prefeito, às segundas, quartas e sextas-feiras: a) das sete horas às sete horas e trinta minutos e das doze horas às doze horas e trinta minutos, no rádio; b) das treze horas às treze horas e trinta minutos e das vinte horas e trinta minutos às vinte e uma horas, na televisão; VII - nas eleições para Vereador, às terças e quintas-feiras e aos sábados, nos mesmos horários previstos no inciso anterior. § 2º Os horários reservados à propaganda de cada eleição, nos termos do parágrafo anterior, serão distribuídos entre todos os partidos e coligações que tenham candidato e representação na Câmara dos Deputados, observados os seguintes critérios : I - um terço, igualitariamente; II - dois terços, proporcionalmente ao número de representantes na Câmara dos Deputados, considerado, no caso de coligação, o resultado da soma do número de representantes de todos os partidos que a integram. § 3o Para efeito do disposto neste artigo, a representação de cada partido na Câmara dos Deputados é a resultante da eleição. § 4º O número de representantes de partido que tenha resultado de fusão ou a que se tenha incorporado outro corresponderá à soma dos representantes que os partidos de origem possuíam na data mencionada no parágrafo anterior. § 5º Se o candidato a Presidente ou a Governador deixar de concorrer, em qualquer etapa do pleito, e não havendo a substituição prevista no art. 13 desta Lei, far-se-á nova distribuição do tempo entre os candidatos remanescentes. § 6º Aos partidos e coligações que, após a aplicação dos critérios de distribuição referidos no caput, obtiverem direito a parcela do horário eleitoral inferior a trinta segundos, será assegurado o direito de acumulá-lo para uso em tempo equivalente ............................................................... Art. 49. Se houver segundo turno, as emissoras de rádio e televisão reservarão, a partir de quarenta e oito horas da proclamação dos resultados do primeiro turno e até a antevéspera da eleição, horário destinado à divulgação da propaganda eleitoral gratuita, dividido em dois períodos diários de vinte minutos para cada eleição, iniciando-se às sete e às doze horas, no rádio, e às treze e às vinte horas e trinta minutos, na televisão. § 1º Em circunscrição onde houver segundo turno para Presidente e Governador, o horário reservado à propaganda deste iniciar-se-á imediatamente após o término do horário reservado ao primeiro. § 2º O tempo de cada período diário será dividido igualitariamente entre os candidatos. ............................................................... Art. 57. As disposições desta Lei aplicam-se às emissoras de televisão que operam em VHF e UHF e os canais de televisão por assinatura sob a responsabilidade do Senado Federal, da Câmara dos Deputados, das Assembléias Legislativas, da Câmara Legislativa do Distrito Federal ou das Câmaras Municipais.",Lei N. 9.504/97,51,S,S,S,A,True,11428,DIREITO ELEITORAL,11583,Eleições,11652,Propaganda Política - Propaganda Eleitoral,11669,Propaganda Política - Propaganda Eleitoral - Horário Eleitoral Gratuito,11671,Propaganda Política - Propaganda Eleitoral - Horário Eleitoral Gratuito/Inserções de Propaganda,11671,Propaganda Política - Propaganda Eleitoral - Horário Eleitoral Gratuito/Inserções de Propaganda
11672,Propaganda Política - Propaganda Eleitoral - Horário Eleitoral Gratuito/Programa em Bloco,11669.0,5,11428/11583/11652/11669/11672,DIREITO ELEITORAL > Eleições > Propaganda Política - Propaganda Eleitoral > Propaganda Política - Propaganda Eleitoral - Horário Eleitoral Gratuito > Propaganda Política - Propaganda Eleitoral - Horário Eleitoral Gratuito/Programa em Bloco,"Art. 47. As emissoras de rádio e de televisão e os canais de televisão por assinatura mencionados no art. 57 reservarão, nos quarenta e cinco dias anteriores à antevéspera das eleições, horário destinado à divulgação, em rede, da propaganda eleitoral gratuita, na forma estabelecida neste artigo. ............................................................... Art. 49. Se houver segundo turno, as emissoras de rádio e televisão reservarão, a partir de quarenta e oito horas da proclamação dos resultados do primeiro turno e até a antevéspera da eleição, horário destinado à divulgação da propaganda eleitoral gratuita, dividido em dois períodos diários de vinte minutos para cada eleição, iniciando-se às sete e às doze horas, no rádio, e às treze e às vinte horas e trinta minutos, na televisão. § 1º Em circunscrição onde houver segundo turno para Presidente e Governador, o horário reservado à propaganda deste iniciar-se-á imediatamente após o término do horário reservado ao primeiro. § 2º O tempo de cada período diário será dividido igualitariamente entre os candidatos. OBSERVAÇÃO Art. 57. As disposições desta Lei aplicam-se às emissoras de televisão que operam em VHF e UHF e os canais de televisão por assinatura sob a responsabilidade do Senado Federal, da Câmara dos Deputados, das Assembléias Legislativas, da Câmara Legislativa do Distrito Federal ou das Câmaras Municipais.",Lei N. 9.504/97,"47, caput e 49",S,S,S,A,True,11428,DIREITO ELEITORAL,11583,Eleições,11652,Propaganda Política - Propaganda Eleitoral,11669,Propaganda Política - Propaganda Eleitoral - Horário Eleitoral Gratuito,11672,Propaganda Política - Propaganda Eleitoral - Horário Eleitoral Gratuito/Programa em Bloco,11672,Propaganda Política - Propaganda Eleitoral - Horário Eleitoral Gratuito/Programa em Bloco
11673,Propaganda Política - Propaganda Eleitoral - Rádio,11669.0,5,11428/11583/11652/11669/11673,DIREITO ELEITORAL > Eleições > Propaganda Política - Propaganda Eleitoral > Propaganda Política - Propaganda Eleitoral - Horário Eleitoral Gratuito > Propaganda Política - Propaganda Eleitoral - Rádio,"Art. 44. A propaganda eleitoral no rádio e na televisão restringe-se ao horário gratuito definido nesta Lei, vedada a veiculação de propaganda paga.",Lei N. 9.504/97,44,S,S,S,A,True,11428,DIREITO ELEITORAL,11583,Eleições,11652,Propaganda Política - Propaganda Eleitoral,11669,Propaganda Política - Propaganda Eleitoral - Horário Eleitoral Gratuito,11673,Propaganda Política - Propaganda Eleitoral - Rádio,11673,Propaganda Política - Propaganda Eleitoral - Rádio
11674,Propaganda Política - Propaganda Eleitoral - Rádio Comunitária,11669.0,5,11428/11583/11652/11669/11674,DIREITO ELEITORAL > Eleições > Propaganda Política - Propaganda Eleitoral > Propaganda Política - Propaganda Eleitoral - Horário Eleitoral Gratuito > Propaganda Política - Propaganda Eleitoral - Rádio Comunitária,"Art. 1º Denomina-se Serviço de Radiodifusão Comunitária a radiodifusão sonora, em frequência modulada, operada em baixa potência e cobertura restrita, outorgada a fundações e associações comunitárias, sem fins lucrativos, com sede na localidade de prestação do serviço. Art. 71. As disposições desta resolução aplicam-se às emissoras de rádio e de televisão comunitárias, às emissoras de televisão que operam em VHF e UHF e aos canais de televisão por assinatura sob a responsabilidade do Senado Federal, da Câmara dos Deputados, das assembleias legislativas, da Câmara Legislativa do Distrito Federal ou das câmaras municipais (Lei n° 9.504/97, art. 57). OBSERVAÇÃO: Lei N. 9.504/97: "" Art. 57. As disposições desta Lei aplicam-se às emissoras de televisão que operam em VHF e UHF e os canais de televisão por assinatura sob a responsabilidade do Senado Federal, da Câmara dos Deputados, das Assembléias Legislativas, da Câmara Legislativa do Distrito Federal ou das Câmaras Municipais.""",Lei N. 9.612/98 e Resolução - TSE 22.718/2008,1° da Lei N. 9.612/98 e 71 da Resolução - TSE 22.718/2008,S,S,S,A,True,11428,DIREITO ELEITORAL,11583,Eleições,11652,Propaganda Política - Propaganda Eleitoral,11669,Propaganda Política - Propaganda Eleitoral - Horário Eleitoral Gratuito,11674,Propaganda Política - Propaganda Eleitoral - Rádio Comunitária,11674,Propaganda Política - Propaganda Eleitoral - Rádio Comunitária
11675,Propaganda Política - Propaganda Eleitoral - Televisão,11669.0,5,11428/11583/11652/11669/11675,DIREITO ELEITORAL > Eleições > Propaganda Política - Propaganda Eleitoral > Propaganda Política - Propaganda Eleitoral - Horário Eleitoral Gratuito > Propaganda Política - Propaganda Eleitoral - Televisão,"Art. 44. A propaganda eleitoral no rádio e na televisão restringe-se ao horário gratuito definido nesta Lei, vedada a veiculação de propaganda paga.",Lei N. 9.504/97,44,S,S,S,A,True,11428,DIREITO ELEITORAL,11583,Eleições,11652,Propaganda Política - Propaganda Eleitoral,11669,Propaganda Política - Propaganda Eleitoral - Horário Eleitoral Gratuito,11675,Propaganda Política - Propaganda Eleitoral - Televisão,11675,Propaganda Política - Propaganda Eleitoral - Televisão
11676,Propaganda Política - Propaganda Eleitoral - Invasão de Horário Destinado a Outro Cargo/Partido/Coligação,11669.0,5,11428/11583/11652/11669/11676,DIREITO ELEITORAL > Eleições > Propaganda Política - Propaganda Eleitoral > Propaganda Política - Propaganda Eleitoral - Horário Eleitoral Gratuito > Propaganda Política - Propaganda Eleitoral - Invasão de Horário Destinado a Outro Cargo/Partido/Coligação,"Art. 53-A. É vedado aos partidos políticos e às coligações incluir no horário destinado aos candidatos às eleições proporcionais propaganda das candidaturas a eleições majoritárias, ou vice-versa, ressalvada a utilização, durante a exibição do programa, de legendas com referência aos candidatos majoritários, ou, ao fundo, de cartazes ou fotografias desses candidatos. § 1o É facultada a inserção de depoimento de candidatos a eleições proporcionais no horário da propaganda das candidaturas majoritárias e vice-versa, registrados sob o mesmo partido ou coligação, desde que o depoimento consista exclusivamente em pedido de voto ao candidato que cedeu o tempo. § 2o Fica vedada a utilização da propaganda de candidaturas proporcionais como propaganda de candidaturas majoritárias e vice-versa. § 3o O partido político ou a coligação que não observar a regra contida neste artigo perderá, em seu horário de propaganda gratuita, tempo equivalente no horário reservado à propaganda da eleição disputada pelo candidato beneficiado. (Incluído pela Lei nº 12.034, de 2009)",Lei N. 9.504/97,53-A,S,S,S,A,True,11428,DIREITO ELEITORAL,11583,Eleições,11652,Propaganda Política - Propaganda Eleitoral,11669,Propaganda Política - Propaganda Eleitoral - Horário Eleitoral Gratuito,11676,Propaganda Política - Propaganda Eleitoral - Invasão de Horário Destinado a Outro Cargo/Partido/Coligação,11676,Propaganda Política - Propaganda Eleitoral - Invasão de Horário Destinado a Outro Cargo/Partido/Coligação
12644,Requerimentos Relativos ao Horário Eleitoral Gratuito,11669.0,5,11428/11583/11652/11669/12644,DIREITO ELEITORAL > Eleições > Propaganda Política - Propaganda Eleitoral > Propaganda Política - Propaganda Eleitoral - Horário Eleitoral Gratuito > Requerimentos Relativos ao Horário Eleitoral Gratuito,,Lei 9.594/1997,,S,S,S,A,True,11428,DIREITO ELEITORAL,11583,Eleições,11652,Propaganda Política - Propaganda Eleitoral,11669,Propaganda Política - Propaganda Eleitoral - Horário Eleitoral Gratuito,12644,Requerimentos Relativos ao Horário Eleitoral Gratuito,12644,Requerimentos Relativos ao Horário Eleitoral Gratuito
11688,Registro de Comitê Financeiro,11686.0,5,11428/11583/11684/11686/11688,DIREITO ELEITORAL > Eleições > Recursos Financeiros de Campanha Eleitoral > Comitê Financeiro > Registro de Comitê Financeiro,,,,N,S,S,A,False,11428,DIREITO ELEITORAL,11583,Eleições,11684,Recursos Financeiros de Campanha Eleitoral,11686,Comitê Financeiro,11688,Registro de Comitê Financeiro,11688,Registro de Comitê Financeiro
11693,Contas - Apresentação de Contas,11692.0,5,11428/11583/11684/11692/11693,DIREITO ELEITORAL > Eleições > Recursos Financeiros de Campanha Eleitoral > Contas > Contas - Apresentação de Contas,,,,N,S,S,A,False,11428,DIREITO ELEITORAL,11583,Eleições,11684,Recursos Financeiros de Campanha Eleitoral,11692,Contas,11693,Contas - Apresentação de Contas,11693,Contas - Apresentação de Contas
11698,Contas - Não Apresentação das Contas,11692.0,5,11428/11583/11684/11692/11698,DIREITO ELEITORAL > Eleições > Recursos Financeiros de Campanha Eleitoral > Contas > Contas - Não Apresentação das Contas,"Art. 30. A Justiça Eleitoral verificará a regularidade das contas de campanha, decidindo: ............................................................... IV - pela não prestação, quando não apresentadas as contas após a notificação emitida pela Justiça Eleitoral, na qual constará a obrigação expressa de prestar as suas contas, no prazo de setenta e duas horas.",Lei N. 9.504/97,"30, IV",S,S,S,A,True,11428,DIREITO ELEITORAL,11583,Eleições,11684,Recursos Financeiros de Campanha Eleitoral,11692,Contas,11698,Contas - Não Apresentação das Contas,11698,Contas - Não Apresentação das Contas
12725,Regularização de Contas Eleitorais,11692.0,5,11428/11583/11684/11692/12725,DIREITO ELEITORAL > Eleições > Recursos Financeiros de Campanha Eleitoral > Contas > Regularização de Contas Eleitorais,,,,S,S,S,A,True,11428,DIREITO ELEITORAL,11583,Eleições,11684,Recursos Financeiros de Campanha Eleitoral,11692,Contas,12725,Regularização de Contas Eleitorais,12725,Regularização de Contas Eleitorais
11700,Doação de Recursos Acima do Limite Legal - Pessoa Física,11699.0,5,11428/11583/11684/11699/11700,DIREITO ELEITORAL > Eleições > Recursos Financeiros de Campanha Eleitoral > Doação de Recursos Acima do Limite Legal > Doação de Recursos Acima do Limite Legal - Pessoa Física,"Art. 23. Pessoas físicas poderão fazer doações em dinheiro ou estimáveis em dinheiro para campanhas eleitorais, obedecido o disposto nesta Lei. § 1º As doações e contribuições de que trata este artigo ficam limitadas: I - no caso de pessoa física, a dez por cento dos rendimentos brutos auferidos no ano anterior à eleição; II - no caso em que o candidato utilize recursos próprios, ao valor máximo de gastos estabelecido pelo seu partido, na forma desta Lei.",Lei N. 9.504/97,23,S,S,S,A,True,11428,DIREITO ELEITORAL,11583,Eleições,11684,Recursos Financeiros de Campanha Eleitoral,11699,Doação de Recursos Acima do Limite Legal,11700,Doação de Recursos Acima do Limite Legal - Pessoa Física,11700,Doação de Recursos Acima do Limite Legal - Pessoa Física
11701,Doação de Recursos Acima do Limite Legal - Pessoa Jurídica,11699.0,5,11428/11583/11684/11699/11701,DIREITO ELEITORAL > Eleições > Recursos Financeiros de Campanha Eleitoral > Doação de Recursos Acima do Limite Legal > Doação de Recursos Acima do Limite Legal - Pessoa Jurídica,Vide Decisão do STF na ADi 4650,Lei N. 9.504/97,81,S,S,S,A,True,11428,DIREITO ELEITORAL,11583,Eleições,11684,Recursos Financeiros de Campanha Eleitoral,11699,Doação de Recursos Acima do Limite Legal,11701,Doação de Recursos Acima do Limite Legal - Pessoa Jurídica,11701,Doação de Recursos Acima do Limite Legal - Pessoa Jurídica
11707,Impugnação - Identidade de Eleitor Admitido a Votar,11706.0,5,11428/11583/11702/11706/11707,DIREITO ELEITORAL > Eleições > Garantias Eleitorais > Impugnação > Impugnação - Identidade de Eleitor Admitido a Votar,"Art. 147. O presidente da mesa dispensará especial atenção à identidade de cada eleitor admitido a votar Existindo dúvida a respeito, deverá exigir-lhe a exibição da respectiva carteira, e, na falta desta, interrogá-lo sôbre os dados constantes do título, ou da fôlha individual de votação, confrontando a assinatura do mesmo com a feita na sua presença pelo eleitor, e mencionando na ata a dúvida suscitada. § 1º A impugnação à identidade do eleitor, formulada pelos membros da mesa, fiscais, delegados, candidatos ou qualquer eleitor, será apresentada verbalmente ou por escrito, antes de ser o mesmo admitido a votar.",Código Eleitoral,"147, caput e § 1°",S,S,N,I,True,11428,DIREITO ELEITORAL,11583,Eleições,11702,Garantias Eleitorais,11706,Impugnação,11707,Impugnação - Identidade de Eleitor Admitido a Votar,11707,Impugnação - Identidade de Eleitor Admitido a Votar
11708,Impugnação - Nomeação de Membro da Mesa Receptora,11706.0,5,11428/11583/11702/11706/11708,DIREITO ELEITORAL > Eleições > Garantias Eleitorais > Impugnação > Impugnação - Nomeação de Membro da Mesa Receptora,"Art. 63. Qualquer partido pode reclamar ao Juiz Eleitoral, no prazo de cinco dias, da nomeação da Mesa Receptora, devendo a decisão ser proferida em 48 horas.",Lei N. 9.504/97,63,S,S,N,I,True,11428,DIREITO ELEITORAL,11583,Eleições,11702,Garantias Eleitorais,11706,Impugnação,11708,Impugnação - Nomeação de Membro da Mesa Receptora,11708,Impugnação - Nomeação de Membro da Mesa Receptora
11710,Impugnação - Sistema Eletrônico de Votação,11706.0,5,11428/11583/11702/11706/11710,DIREITO ELEITORAL > Eleições > Garantias Eleitorais > Impugnação > Impugnação - Sistema Eletrônico de Votação,"Art. 66. Os partidos e coligações poderão fiscalizar todas as fases do processo de votação e apuração das eleições e o processamento eletrônico da totalização dos resultados § 1o Todos os programas de computador de propriedade do Tribunal Superior Eleitoral, desenvolvidos por ele ou sob sua encomenda, utilizados nas urnas eletrônicas para os processos de votação, apuração e totalização, poderão ter suas fases de especificação e de desenvolvimento acompanhadas por técnicos indicados pelos partidos políticos, Ordem dos Advogados do Brasil e Ministério Público, até seis meses antes das eleições. § 2o Uma vez concluídos os programas a que se refere o § 1o, serão eles apresentados, para análise, aos representantes credenciados dos partidos políticos e coligações, até vinte dias antes das eleições, nas dependências do Tribunal Superior Eleitoral, na forma de programas-fonte e de programas executáveis, inclusive os sistemas aplicativo e de segurança e as bibliotecas especiais, sendo que as chaves eletrônicas privadas e senhas eletrônicas de acesso manter-se-ão no sigilo da Justiça Eleitoral. Após a apresentação e conferência, serão lacradas cópias dos programas-fonte e dos programas compilados. § 3o No prazo de cinco dias a contar da data da apresentação referida no § 2o, o partido político e a coligação poderão apresentar impugnação fundamentada à Justiça Eleitoral.",Lei N. 9.504/97,"66, §§ 1°, 2° e 3°",S,S,N,I,True,11428,DIREITO ELEITORAL,11583,Eleições,11702,Garantias Eleitorais,11706,Impugnação,11710,Impugnação - Sistema Eletrônico de Votação,11710,Impugnação - Sistema Eletrônico de Votação
11718,Abuso - De Poder Econômico,11717.0,5,11428/11583/11716/11717/11718,DIREITO ELEITORAL > Eleições > Transgressões Eleitorais > Abuso > Abuso - De Poder Econômico,"Art. 22. Qualquer partido político, coligação, candidato ou Ministério Público Eleitoral poderá representar à Justiça Eleitoral, diretamente ao Corregedor-Geral ou Regional, relatando fatos e indicando provas, indícios e circunstâncias e pedir abertura de investigação judicial para apurar uso indevido, desvio ou abuso do poder econômico ou do poder de autoridade, ou utilização indevida de veículos ou meios de comunicação social, em benefício de candidato ou de partido político, obedecido o seguinte rito: I - o Corregedor, que terá as mesmas atribuições do Relator em processos judiciais, ao despachar a inicial, adotará as seguintes providências: a) ordenará que se notifique o representado do conteúdo da petição, entregando-se-lhe a segunda via apresentada pelo representante com as cópias dos documentos, a fim de que, no prazo de 5 (cinco) dias, ofereça ampla defesa, juntada de documentos e rol de testemunhas, se cabível; b) determinará que se suspenda o ato que deu motivo à representação, quando for relevante o fundamento e do ato impugnado puder resultar a ineficiência da medida, caso seja julgada procedente; c) indeferirá desde logo a inicial, quando não for caso de representação ou lhe faltar algum requisito desta lei complementar; II - no caso do Corregedor indeferir a reclamação ou representação, ou retardar-lhe a solução, poderá o interessado renová-la perante o Tribunal, que resolverá dentro de 24 (vinte e quatro) horas; III - o interessado, quando for atendido ou ocorrer demora, poderá levar o fato ao conhecimento do Tribunal Superior Eleitoral, a fim de que sejam tomadas as providências necessárias; IV - feita a notificação, a Secretaria do Tribunal juntará aos autos cópia autêntica do ofício endereçado ao representado, bem como a prova da entrega ou da sua recusa em aceitá-la ou dar recibo; V - findo o prazo da notificação, com ou sem defesa, abrir-se-á prazo de 5 (cinco) dias para inquirição, em uma só assentada, de testemunhas arroladas pelo representante e pelo representado, até o máximo de 6 (seis) para cada um, as quais comparecerão independentemente de intimação; VI - nos 3 (três) dias subseqüentes, o Corregedor procederá a todas as diligências que determinar, ex officio ou a requerimento das partes; VII - no prazo da alínea anterior, o Corregedor poderá ouvir terceiros, referidos pelas partes, ou testemunhas, como conhecedores dos fatos e circunstâncias que possam influir na decisão do feito; VIII - quando qualquer documento necessário à formação da prova se achar em poder de terceiro, inclusive estabelecimento de crédito, oficial ou privado, o Corregedor poderá, ainda, no mesmo prazo, ordenar o respectivo depósito ou requisitar cópias; IX - se o terceiro, sem justa causa, não exibir o documento, ou não comparecer a juízo, o Juiz poderá expedir contra ele mandado de prisão e instaurar processo s por crime de desobediência; X - encerrado o prazo da dilação probatória, as partes, inclusive o Ministério Público, poderão apresentar alegações no prazo comum de 2 (dois) dias; XI - terminado o prazo para alegações, os autos serão conclusos ao Corregedor, no dia imediato, para apresentação de relatório conclusivo sobre o que houver sido apurado; XII - o relatório do Corregedor, que será assentado em 3 (três) dias, e os autos da representação serão encaminhados ao Tribunal competente, no dia imediato, com pedido de inclusão incontinenti do feito em pauta, para julgamento na primeira sessão subseqüente; XIII - no Tribunal, o Procurador-Geral ou Regional Eleitoral terá vista dos autos por 48 (quarenta e oito) horas, para se pronunciar sobre as imputações e conclusões do Relatório; XIV - julgada procedente a representação, o Tribunal declarará a inelegibilidade do representado e de quantos hajam contribuído para a prática do ato, cominando-lhes sanção de inelegibilidade para as eleições a se realizarem nos 3 (três) anos subseqüentes à eleição em que se verificou, além da cassação do registro do candidato diretamente beneficiado pela interferência do poder econômico e pelo desvio ou abuso do poder de autoridade, determinando a remessa dos autos ao Ministério Público Eleitoral, para instauração de processo disciplinar, se for o caso, e processo-crime, ordenando quaisquer outras providências que a espécie comportar; XV - se a representação for julgada procedente após a eleição do candidato serão remetidas cópias de todo o processo ao Ministério Público Eleitoral, para os fins previstos no art. 14, §§ 10 e 11 da Constituição Federal, e art. 262, inciso IV, do Código Eleitoral. Parágrafo único. O recurso contra a diplomação, interposto pelo representante, não impede a atuação do Ministério Público no mesmo sentido. OBSERVAÇÃO CF/88: ""Art. 14. A soberania popular será exercida pelo sufrágio universal e pelo voto direto e secreto, com valor igual para todos, e, nos termos da lei, mediante: I - plebiscito; II - referendo; III - iniciativa popular. ............................................................... § 10 - O mandato eletivo poderá ser impugnado ante a Justiça Eleitoral no prazo de quinze dias contados da diplomação, instruída a ação com provas de abuso do poder econômico, corrupção ou fraude. § 11 - A ação de impugnação de mandato tramitará em segredo de justiça, respondendo o autor, na forma da lei, se temerária ou de manifesta má-fé."" CE: ""Art. 222. É também anulável a votação, quando viciada de falsidade, fraude, coação, uso de meios de que trata o Art. 237, ou emprego de processo de propaganda ou captação de sufrágios vedado por lei. ............................................................... Art. 237. A interferência do poder econômico e o desvio ou abuso do poder de autoridade, em desfavor da liberdade do voto, serão coibidos e punidos. § 1º O eleitor é parte legítima para denunciar os culpados e promover-lhes a responsabilidade, e a nenhum servidor público. Inclusive de autarquia, de entidade paraestatal e de sociedade de economia mista, será lícito negar ou retardar ato de ofício tendente a esse fim. § 2º Qualquer eleitor ou partido político poderá se dirigir ao Corregedor Geral ou Regional, relatando fatos e indicando provas, e pedir abertura de investigação para apurar uso indevido do poder econômico, desvio ou abuso do poder de autoridade, em benefício de candidato ou de partido político. § 3º O Corregedor, verificada a seriedade da denúncia procederá ou mandará proceder a investigações, regendo-se estas, no que lhes fôr aplicável, pela Lei nº 1579 de 18/03/1952. ............................................................... Art. 262. O recurso contra expedição de diploma caberá somente nos seguintes casos: ............................................................... IV - concessão ou denegação do diploma em manifesta contradição com a prova dos autos, nas hipóteses do art. 222 desta Lei, e do art. 41-A da Lei no 9.504, de 30 de setembro de 1997. (Redação dada pela Lei n 9.840, de 28.9.1999)"" Lei N. 9.504/97: ""Art. 26. São considerados gastos eleitorais, sujeitos a registro e aos limites fixados nesta Lei: (Redação dada pela Lei nº 11.300, de 2006) I - confecção de material impresso de qualquer natureza e tamanho; II - propaganda e publicidade direta ou indireta, por qualquer meio de divulgação, destinada a conquistar votos; III - aluguel de locais para a promoção de atos de campanha eleitoral; IV - despesas com transporte ou deslocamento de candidato e de pessoal a serviço das candidaturas; (Redação dada pela Lei nº 11.300, de 2006) V - correspondência e despesas postais; VI - despesas de instalação, organização e funcionamento de Comitês e serviços necessários às eleições; VII - remuneração ou gratificação de qualquer espécie a pessoal que preste serviços às candidaturas ou aos comitês eleitorais; VIII - montagem e operação de carros de som, de propaganda e assemelhados; IX - a realização de comícios ou eventos destinados à promoção de candidatura; (Redação dada pela Lei nº 11.300, de 2006) X - produção de programas de rádio, televisão ou vídeo, inclusive os destinados à propaganda gratuita; XI - REVOGADO XII - realização de pesquisas ou testes pré-eleitorais; XIII - REVOGADO XIV - aluguel de bens particulares para veiculação, por qualquer meio, de propaganda eleitoral; XV - custos com a criação e inclusão de sítios na Internet; XVI - multas aplicadas aos partidos ou candidatos por infração do disposto na legislação eleitoral. XVII - produção de jingles, vinhetas e slogans para propaganda eleitoral. (Incluído pela Lei nº 11.300, de 2006) ............................................................... Art. 41-A. Ressalvado o disposto no art. 26 e seus incisos, constitui captação de sufrágio, vedada por esta Lei, o candidato doar, oferecer, prometer, ou entregar, ao eleitor, com o fim de obter-lhe o voto, bem ou vantagem pessoal de qualquer natureza, inclusive emprego ou função pública, desde o registro da candidatura até o dia da eleição, inclusive, sob pena de multa de mil a cinqüenta mil Ufir, e cassação do registro ou do diploma, observado o procedimento previsto no art. 22 da Lei Complementar no 64, de 18 de maio de 1990.""",Lei Complementar N. 64/90,22,S,S,S,A,True,11428,DIREITO ELEITORAL,11583,Eleições,11716,Transgressões Eleitorais,11717,Abuso,11718,Abuso - De Poder Econômico,11718,Abuso - De Poder Econômico
11719,Abuso - De Poder Político/Autoridade,11717.0,5,11428/11583/11716/11717/11719,DIREITO ELEITORAL > Eleições > Transgressões Eleitorais > Abuso > Abuso - De Poder Político/Autoridade,"Art. 22. Qualquer partido político, coligação, candidato ou Ministério Público Eleitoral poderá representar à Justiça Eleitoral, diretamente ao Corregedor-Geral ou Regional, relatando fatos e indicando provas, indícios e circunstâncias e pedir abertura de investigação judicial para apurar uso indevido, desvio ou abuso do poder econômico ou do poder de autoridade, ou utilização indevida de veículos ou meios de comunicação social, em benefício de candidato ou de partido político, obedecido o seguinte rito: I - o Corregedor, que terá as mesmas atribuições do Relator em processos judiciais, ao despachar a inicial, adotará as seguintes providências: a) ordenará que se notifique o representado do conteúdo da petição, entregando-se-lhe a segunda via apresentada pelo representante com as cópias dos documentos, a fim de que, no prazo de 5 (cinco) dias, ofereça ampla defesa, juntada de documentos e rol de testemunhas, se cabível; b) determinará que se suspenda o ato que deu motivo à representação, quando for relevante o fundamento e do ato impugnado puder resultar a ineficiência da medida, caso seja julgada procedente; c) indeferirá desde logo a inicial, quando não for caso de representação ou lhe faltar algum requisito desta lei complementar; II - no caso do Corregedor indeferir a reclamação ou representação, ou retardar-lhe a solução, poderá o interessado renová-la perante o Tribunal, que resolverá dentro de 24 (vinte e quatro) horas; III - o interessado, quando for atendido ou ocorrer demora, poderá levar o fato ao conhecimento do Tribunal Superior Eleitoral, a fim de que sejam tomadas as providências necessárias; IV - feita a notificação, a Secretaria do Tribunal juntará aos autos cópia autêntica do ofício endereçado ao representado, bem como a prova da entrega ou da sua recusa em aceitá-la ou dar recibo; V - findo o prazo da notificação, com ou sem defesa, abrir-se-á prazo de 5 (cinco) dias para inquirição, em uma só assentada, de testemunhas arroladas pelo representante e pelo representado, até o máximo de 6 (seis) para cada um, as quais comparecerão independentemente de intimação; VI - nos 3 (três) dias subseqüentes, o Corregedor procederá a todas as diligências que determinar, ex officio ou a requerimento das partes; VII - no prazo da alínea anterior, o Corregedor poderá ouvir terceiros, referidos pelas partes, ou testemunhas, como conhecedores dos fatos e circunstâncias que possam influir na decisão do feito; VIII - quando qualquer documento necessário à formação da prova se achar em poder de terceiro, inclusive estabelecimento de crédito, oficial ou privado, o Corregedor poderá, ainda, no mesmo prazo, ordenar o respectivo depósito ou requisitar cópias; IX - se o terceiro, sem justa causa, não exibir o documento, ou não comparecer a juízo, o Juiz poderá expedir contra ele mandado de prisão e instaurar processo s por crime de desobediência; X - encerrado o prazo da dilação probatória, as partes, inclusive o Ministério Público, poderão apresentar alegações no prazo comum de 2 (dois) dias; XI - terminado o prazo para alegações, os autos serão conclusos ao Corregedor, no dia imediato, para apresentação de relatório conclusivo sobre o que houver sido apurado; XII - o relatório do Corregedor, que será assentado em 3 (três) dias, e os autos da representação serão encaminhados ao Tribunal competente, no dia imediato, com pedido de inclusão incontinenti do feito em pauta, para julgamento na primeira sessão subseqüente; XIII - no Tribunal, o Procurador-Geral ou Regional Eleitoral terá vista dos autos por 48 (quarenta e oito) horas, para se pronunciar sobre as imputações e conclusões do Relatório; XIV - julgada procedente a representação, o Tribunal declarará a inelegibilidade do representado e de quantos hajam contribuído para a prática do ato, cominando-lhes sanção de inelegibilidade para as eleições a se realizarem nos 3 (três) anos subseqüentes à eleição em que se verificou, além da cassação do registro do candidato diretamente beneficiado pela interferência do poder econômico e pelo desvio ou abuso do poder de autoridade, determinando a remessa dos autos ao Ministério Público Eleitoral, para instauração de processo disciplinar, se for o caso, e processo-crime, ordenando quaisquer outras providências que a espécie comportar; XV - se a representação for julgada procedente após a eleição do candidato serão remetidas cópias de todo o processo ao Ministério Público Eleitoral, para os fins previstos no art. 14, §§ 10 e 11 da Constituição Federal, e art. 262, inciso IV, do Código Eleitoral. Parágrafo único. O recurso contra a diplomação, interposto pelo representante, não impede a atuação do Ministério Público no mesmo sentido. OBSERVAÇÃO CF/88: ""Art. 14. A soberania popular será exercida pelo sufrágio universal e pelo voto direto e secreto, com valor igual para todos, e, nos termos da lei, mediante: I - plebiscito; II - referendo; III - iniciativa popular. ............................................................... § 10 - O mandato eletivo poderá ser impugnado ante a Justiça Eleitoral no prazo de quinze dias contados da diplomação, instruída a ação com provas de abuso do poder econômico, corrupção ou fraude. § 11 - A ação de impugnação de mandato tramitará em segredo de justiça, respondendo o autor, na forma da lei, se temerária ou de manifesta má-fé."" CE: ""Art. 222. É também anulável a votação, quando viciada de falsidade, fraude, coação, uso de meios de que trata o Art. 237, ou emprego de processo de propaganda ou captação de sufrágios vedado por lei. ............................................................... Art. 237. A interferência do poder econômico e o desvio ou abuso do poder de autoridade, em desfavor da liberdade do voto, serão coibidos e punidos. § 1º O eleitor é parte legítima para denunciar os culpados e promover-lhes a responsabilidade, e a nenhum servidor público. Inclusive de autarquia, de entidade paraestatal e de sociedade de economia mista, será lícito negar ou retardar ato de ofício tendente a esse fim. § 2º Qualquer eleitor ou partido político poderá se dirigir ao Corregedor Geral ou Regional, relatando fatos e indicando provas, e pedir abertura de investigação para apurar uso indevido do poder econômico, desvio ou abuso do poder de autoridade, em benefício de candidato ou de partido político. § 3º O Corregedor, verificada a seriedade da denúncia procederá ou mandará proceder a investigações, regendo-se estas, no que lhes fôr aplicável, pela Lei nº 1579 de 18/03/1952. ............................................................... Art. 262. O recurso contra expedição de diploma caberá somente nos seguintes casos: ............................................................... IV - concessão ou denegação do diploma em manifesta contradição com a prova dos autos, nas hipóteses do art. 222 desta Lei, e do art. 41-A da Lei no 9.504, de 30 de setembro de 1997. (Redação dada pela Lei n 9.840, de 28.9.1999)"" Lei N. 9.504/97: ""Art. 26. São considerados gastos eleitorais, sujeitos a registro e aos limites fixados nesta Lei: (Redação dada pela Lei nº 11.300, de 2006) I - confecção de material impresso de qualquer natureza e tamanho; II - propaganda e publicidade direta ou indireta, por qualquer meio de divulgação, destinada a conquistar votos; III - aluguel de locais para a promoção de atos de campanha eleitoral; IV - despesas com transporte ou deslocamento de candidato e de pessoal a serviço das candidaturas; (Redação dada pela Lei nº 11.300, de 2006) V - correspondência e despesas postais; VI - despesas de instalação, organização e funcionamento de Comitês e serviços necessários às eleições; VII - remuneração ou gratificação de qualquer espécie a pessoal que preste serviços às candidaturas ou aos comitês eleitorais; VIII - montagem e operação de carros de som, de propaganda e assemelhados; IX - a realização de comícios ou eventos destinados à promoção de candidatura; (Redação dada pela Lei nº 11.300, de 2006) X - produção de programas de rádio, televisão ou vídeo, inclusive os destinados à propaganda gratuita; XI - REVOGADO XII - realização de pesquisas ou testes pré-eleitorais; XIII - REVOGADO XIV - aluguel de bens particulares para veiculação, por qualquer meio, de propaganda eleitoral; XV - custos com a criação e inclusão de sítios na Internet; XVI - multas aplicadas aos partidos ou candidatos por infração do disposto na legislação eleitoral. XVII - produção de jingles, vinhetas e slogans para propaganda eleitoral. (Incluído pela Lei nº 11.300, de 2006) ............................................................... Art. 41-A. Ressalvado o disposto no art. 26 e seus incisos, constitui captação de sufrágio, vedada por esta Lei, o candidato doar, oferecer, prometer, ou entregar, ao eleitor, com o fim de obter-lhe o voto, bem ou vantagem pessoal de qualquer natureza, inclusive emprego ou função pública, desde o registro da candidatura até o dia da eleição, inclusive, sob pena de multa de mil a cinqüenta mil Ufir, e cassação do registro ou do diploma, observado o procedimento previsto no art. 22 da Lei Complementar no 64, de 18 de maio de 1990.""",Lei Complementar N. 64/90,22,S,S,S,A,True,11428,DIREITO ELEITORAL,11583,Eleições,11716,Transgressões Eleitorais,11717,Abuso,11719,Abuso - De Poder Político/Autoridade,11719,Abuso - De Poder Político/Autoridade
11720,Abuso - Uso Indevido de Meio de Comunicação Social,11717.0,5,11428/11583/11716/11717/11720,DIREITO ELEITORAL > Eleições > Transgressões Eleitorais > Abuso > Abuso - Uso Indevido de Meio de Comunicação Social,"Art. 22. Qualquer partido político, coligação, candidato ou Ministério Público Eleitoral poderá representar à Justiça Eleitoral, diretamente ao Corregedor-Geral ou Regional, relatando fatos e indicando provas, indícios e circunstâncias e pedir abertura de investigação judicial para apurar uso indevido, desvio ou abuso do poder econômico ou do poder de autoridade, ou utilização indevida de veículos ou meios de comunicação social, em benefício de candidato ou de partido político, obedecido o seguinte rito: I - o Corregedor, que terá as mesmas atribuições do Relator em processos judiciais, ao despachar a inicial, adotará as seguintes providências: a) ordenará que se notifique o representado do conteúdo da petição, entregando-se-lhe a segunda via apresentada pelo representante com as cópias dos documentos, a fim de que, no prazo de 5 (cinco) dias, ofereça ampla defesa, juntada de documentos e rol de testemunhas, se cabível; b) determinará que se suspenda o ato que deu motivo à representação, quando for relevante o fundamento e do ato impugnado puder resultar a ineficiência da medida, caso seja julgada procedente; c) indeferirá desde logo a inicial, quando não for caso de representação ou lhe faltar algum requisito desta lei complementar; II - no caso do Corregedor indeferir a reclamação ou representação, ou retardar-lhe a solução, poderá o interessado renová-la perante o Tribunal, que resolverá dentro de 24 (vinte e quatro) horas; III - o interessado, quando for atendido ou ocorrer demora, poderá levar o fato ao conhecimento do Tribunal Superior Eleitoral, a fim de que sejam tomadas as providências necessárias; IV - feita a notificação, a Secretaria do Tribunal juntará aos autos cópia autêntica do ofício endereçado ao representado, bem como a prova da entrega ou da sua recusa em aceitá-la ou dar recibo; V - findo o prazo da notificação, com ou sem defesa, abrir-se-á prazo de 5 (cinco) dias para inquirição, em uma só assentada, de testemunhas arroladas pelo representante e pelo representado, até o máximo de 6 (seis) para cada um, as quais comparecerão independentemente de intimação; VI - nos 3 (três) dias subseqüentes, o Corregedor procederá a todas as diligências que determinar, ex officio ou a requerimento das partes; VII - no prazo da alínea anterior, o Corregedor poderá ouvir terceiros, referidos pelas partes, ou testemunhas, como conhecedores dos fatos e circunstâncias que possam influir na decisão do feito; VIII - quando qualquer documento necessário à formação da prova se achar em poder de terceiro, inclusive estabelecimento de crédito, oficial ou privado, o Corregedor poderá, ainda, no mesmo prazo, ordenar o respectivo depósito ou requisitar cópias; IX - se o terceiro, sem justa causa, não exibir o documento, ou não comparecer a juízo, o Juiz poderá expedir contra ele mandado de prisão e instaurar processo s por crime de desobediência; X - encerrado o prazo da dilação probatória, as partes, inclusive o Ministério Público, poderão apresentar alegações no prazo comum de 2 (dois) dias; XI - terminado o prazo para alegações, os autos serão conclusos ao Corregedor, no dia imediato, para apresentação de relatório conclusivo sobre o que houver sido apurado; XII - o relatório do Corregedor, que será assentado em 3 (três) dias, e os autos da representação serão encaminhados ao Tribunal competente, no dia imediato, com pedido de inclusão incontinenti do feito em pauta, para julgamento na primeira sessão subseqüente; XIII - no Tribunal, o Procurador-Geral ou Regional Eleitoral terá vista dos autos por 48 (quarenta e oito) horas, para se pronunciar sobre as imputações e conclusões do Relatório; XIV - julgada procedente a representação, o Tribunal declarará a inelegibilidade do representado e de quantos hajam contribuído para a prática do ato, cominando-lhes sanção de inelegibilidade para as eleições a se realizarem nos 3 (três) anos subseqüentes à eleição em que se verificou, além da cassação do registro do candidato diretamente beneficiado pela interferência do poder econômico e pelo desvio ou abuso do poder de autoridade, determinando a remessa dos autos ao Ministério Público Eleitoral, para instauração de processo disciplinar, se for o caso, e processo-crime, ordenando quaisquer outras providências que a espécie comportar; XV - se a representação for julgada procedente após a eleição do candidato serão remetidas cópias de todo o processo ao Ministério Público Eleitoral, para os fins previstos no art. 14, §§ 10 e 11 da Constituição Federal, e art. 262, inciso IV, do Código Eleitoral. Parágrafo único. O recurso contra a diplomação, interposto pelo representante, não impede a atuação do Ministério Público no mesmo sentido. OBSERVAÇÃO CF/88: ""Art. 14. A soberania popular será exercida pelo sufrágio universal e pelo voto direto e secreto, com valor igual para todos, e, nos termos da lei, mediante: I - plebiscito; II - referendo; III - iniciativa popular. ............................................................... § 10 - O mandato eletivo poderá ser impugnado ante a Justiça Eleitoral no prazo de quinze dias contados da diplomação, instruída a ação com provas de abuso do poder econômico, corrupção ou fraude. § 11 - A ação de impugnação de mandato tramitará em segredo de justiça, respondendo o autor, na forma da lei, se temerária ou de manifesta má-fé."" CE: ""Art. 222. É também anulável a votação, quando viciada de falsidade, fraude, coação, uso de meios de que trata o Art. 237, ou emprego de processo de propaganda ou captação de sufrágios vedado por lei. ............................................................... Art. 237. A interferência do poder econômico e o desvio ou abuso do poder de autoridade, em desfavor da liberdade do voto, serão coibidos e punidos. § 1º O eleitor é parte legítima para denunciar os culpados e promover-lhes a responsabilidade, e a nenhum servidor público. Inclusive de autarquia, de entidade paraestatal e de sociedade de economia mista, será lícito negar ou retardar ato de ofício tendente a esse fim. § 2º Qualquer eleitor ou partido político poderá se dirigir ao Corregedor Geral ou Regional, relatando fatos e indicando provas, e pedir abertura de investigação para apurar uso indevido do poder econômico, desvio ou abuso do poder de autoridade, em benefício de candidato ou de partido político. § 3º O Corregedor, verificada a seriedade da denúncia procederá ou mandará proceder a investigações, regendo-se estas, no que lhes fôr aplicável, pela Lei nº 1579 de 18/03/1952. ............................................................... Art. 262. O recurso contra expedição de diploma caberá somente nos seguintes casos: ............................................................... IV - concessão ou denegação do diploma em manifesta contradição com a prova dos autos, nas hipóteses do art. 222 desta Lei, e do art. 41-A da Lei no 9.504, de 30 de setembro de 1997. (Redação dada pela Lei n 9.840, de 28.9.1999)"" Lei N. 9.504/97: ""Art. 26. São considerados gastos eleitorais, sujeitos a registro e aos limites fixados nesta Lei: (Redação dada pela Lei nº 11.300, de 2006) I - confecção de material impresso de qualquer natureza e tamanho; II - propaganda e publicidade direta ou indireta, por qualquer meio de divulgação, destinada a conquistar votos; III - aluguel de locais para a promoção de atos de campanha eleitoral; IV - despesas com transporte ou deslocamento de candidato e de pessoal a serviço das candidaturas; (Redação dada pela Lei nº 11.300, de 2006) V - correspondência e despesas postais; VI - despesas de instalação, organização e funcionamento de Comitês e serviços necessários às eleições; VII - remuneração ou gratificação de qualquer espécie a pessoal que preste serviços às candidaturas ou aos comitês eleitorais; VIII - montagem e operação de carros de som, de propaganda e assemelhados; IX - a realização de comícios ou eventos destinados à promoção de candidatura; (Redação dada pela Lei nº 11.300, de 2006) X - produção de programas de rádio, televisão ou vídeo, inclusive os destinados à propaganda gratuita; XI - REVOGADO XII - realização de pesquisas ou testes pré-eleitorais; XIII - REVOGADO XIV - aluguel de bens particulares para veiculação, por qualquer meio, de propaganda eleitoral; XV - custos com a criação e inclusão de sítios na Internet; XVI - multas aplicadas aos partidos ou candidatos por infração do disposto na legislação eleitoral. XVII - produção de jingles, vinhetas e slogans para propaganda eleitoral. (Incluído pela Lei nº 11.300, de 2006) ............................................................... Art. 41-A. Ressalvado o disposto no art. 26 e seus incisos, constitui captação de sufrágio, vedada por esta Lei, o candidato doar, oferecer, prometer, ou entregar, ao eleitor, com o fim de obter-lhe o voto, bem ou vantagem pessoal de qualquer natureza, inclusive emprego ou função pública, desde o registro da candidatura até o dia da eleição, inclusive, sob pena de multa de mil a cinqüenta mil Ufir, e cassação do registro ou do diploma, observado o procedimento previsto no art. 22 da Lei Complementar no 64, de 18 de maio de 1990.""",Lei Complementar N. 64/90,22,S,S,S,A,True,11428,DIREITO ELEITORAL,11583,Eleições,11716,Transgressões Eleitorais,11717,Abuso,11720,Abuso - Uso Indevido de Meio de Comunicação Social,11720,Abuso - Uso Indevido de Meio de Comunicação Social
11756,Filiação Partidária - Cancelamento,11755.0,5,11428/11747/11754/11755/11756,DIREITO ELEITORAL > Partidos Políticos > Filiação/Desfiliação > Filiação Partidária > Filiação Partidária - Cancelamento,"Art. 22. O cancelamento imediato da filiação partidária verifica-se nos casos de: I - morte; II - perda dos direitos políticos; III - expulsão; IV - outras formas previstas no estatuto, com comunicação obrigatória ao atingido no prazo de quarenta e oito horas da decisão. Parágrafo único. Quem se filia a outro partido deve fazer comunicação ao partido e ao juiz de sua respectiva Zona Eleitoral, para cancelar sua filiação; se não o fizer no dia imediato ao da nova filiação, fica configurada dupla filiação, sendo ambas consideradas nulas para todos os efeitos.",Lei N. 9.096/95,22,S,S,S,A,True,11428,DIREITO ELEITORAL,11747,Partidos Políticos,11754,Filiação/Desfiliação,11755,Filiação Partidária,11756,Filiação Partidária - Cancelamento,11756,Filiação Partidária - Cancelamento
11757,Filiação Partidária - Coexistência,11755.0,5,11428/11747/11754/11755/11757,DIREITO ELEITORAL > Partidos Políticos > Filiação/Desfiliação > Filiação Partidária > Filiação Partidária - Coexistência,"Art. 22. O cancelamento imediato da filiação partidária verifica-se nos casos de: I - morte; II - perda dos direitos políticos; III - expulsão; IV - outras formas previstas no estatuto, com comunicação obrigatória ao atingido no prazo de quarenta e oito horas da decisão. Parágrafo único. Quem se filia a outro partido deve fazer comunicação ao partido e ao juiz de sua respectiva Zona Eleitoral, para cancelar sua filiação; se não o fizer no dia imediato ao da nova filiação, fica configurada dupla filiação, sendo ambas consideradas nulas para todos os efeitos.",Lei N. 9.096/95,"22, parádrgafo único",S,S,S,A,True,11428,DIREITO ELEITORAL,11747,Partidos Políticos,11754,Filiação/Desfiliação,11755,Filiação Partidária,11757,Filiação Partidária - Coexistência,11757,Filiação Partidária - Coexistência
11758,Filiação Partidária - Exclusão,11755.0,5,11428/11747/11754/11755/11758,DIREITO ELEITORAL > Partidos Políticos > Filiação/Desfiliação > Filiação Partidária > Filiação Partidária - Exclusão,"Art. 22. O cancelamento imediato da filiação partidária verifica-se nos casos de: I - morte; II - perda dos direitos políticos; III - expulsão; IV - outras formas previstas no estatuto, com comunicação obrigatória ao atingido no prazo de quarenta e oito horas da decisão. Parágrafo único. Quem se filia a outro partido deve fazer comunicação ao partido e ao juiz de sua respectiva Zona Eleitoral, para cancelar sua filiação; se não o fizer no dia imediato ao da nova filiação, fica configurada dupla filiação, sendo ambas consideradas nulas para todos os efeitos.",Lei N. 9.096/95,"22, parágrafo único",S,S,S,A,True,11428,DIREITO ELEITORAL,11747,Partidos Políticos,11754,Filiação/Desfiliação,11755,Filiação Partidária,11758,Filiação Partidária - Exclusão,11758,Filiação Partidária - Exclusão
12586,Filiação Partidária - Lista Especial,11755.0,5,11428/11747/11754/11755/12586,DIREITO ELEITORAL > Partidos Políticos > Filiação/Desfiliação > Filiação Partidária > Filiação Partidária - Lista Especial,,,,S,S,S,A,True,11428,DIREITO ELEITORAL,11747,Partidos Políticos,11754,Filiação/Desfiliação,11755,Filiação Partidária,12586,Filiação Partidária - Lista Especial,12586,Filiação Partidária - Lista Especial
11760,Justificação de Desfiliação Partidária,11759.0,5,11428/11747/11754/11759/11760,DIREITO ELEITORAL > Partidos Políticos > Filiação/Desfiliação > Desfiliação Partidária > Justificação de Desfiliação Partidária,"Art. 1º - O partido político interessado pode pedir, perante a Justiça Eleitoral, a decretação da perda de cargo eletivo em decorrência de desfiliação partidária sem justa causa. § 1º - Considera-se justa causa: I) incorporação ou fusão do partido; II) criação de novo partido; III) mudança substancial ou desvio reiterado do programa partidário; IV) grave discriminação pessoal. § 2º - Quando o partido político não formular o pedido dentro de 30 (trinta) dias da desfiliação, pode fazê-lo, em nome próprio, nos 30 (trinta) subseqüentes, quem tenha interesse jurídico ou o Ministério Público eleitoral. § 3º - O mandatário que se desfiliou ou pretenda desfiliar-se pode pedir a declaração da existência de justa causa, fazendo citar o partido, na forma desta Resolução.",Resolução TSE N. 22.610/2007,1°,N,S,S,A,True,11428,DIREITO ELEITORAL,11747,Partidos Políticos,11754,Filiação/Desfiliação,11759,Desfiliação Partidária,11760,Justificação de Desfiliação Partidária,11760,Justificação de Desfiliação Partidária
11761,Perda de Cargo Eletivo por Desfiliação Partidária,11759.0,5,11428/11747/11754/11759/11761,DIREITO ELEITORAL > Partidos Políticos > Filiação/Desfiliação > Desfiliação Partidária > Perda de Cargo Eletivo por Desfiliação Partidária,"Art. 1º - O partido político interessado pode pedir, perante a Justiça Eleitoral, a decretação da perda de cargo eletivo em decorrência de desfiliação partidária sem justa causa.",Resolução TSE N. 22.610/2007,"1°, caput",N,S,S,A,True,11428,DIREITO ELEITORAL,11747,Partidos Políticos,11754,Filiação/Desfiliação,11759,Desfiliação Partidária,11761,Perda de Cargo Eletivo por Desfiliação Partidária,11761,Perda de Cargo Eletivo por Desfiliação Partidária
12585,Reversão de Desfiliação,11759.0,5,11428/11747/11754/11759/12585,DIREITO ELEITORAL > Partidos Políticos > Filiação/Desfiliação > Desfiliação Partidária > Reversão de Desfiliação,,,,S,S,S,A,True,11428,DIREITO ELEITORAL,11747,Partidos Políticos,11754,Filiação/Desfiliação,11759,Desfiliação Partidária,12585,Reversão de Desfiliação,12585,Reversão de Desfiliação
11773,Propaganda Política - Propaganda Partidária,11772.0,5,11428/11747/11770/11772/11773,DIREITO ELEITORAL > Partidos Políticos > Propaganda Política > Propaganda Política Partidária > Propaganda Política - Propaganda Partidária,"É a divulgação genérica e exclusiva do programa e da proposta política do partido, sem menção a nomes de candidatos, visando angariar adeptos ao partido político. Lei N. 9.504/97: "" Art. 45. A partir de 1º de julho do ano da eleição, é vedado às emissoras de rádio e televisão, em sua programação normal e noticiário: I - transmitir, ainda que sob a forma de entrevista jornalística, imagens de realização de pesquisa ou qualquer outro tipo de consulta popular de natureza eleitoral em que seja possível identificar o entrevistado ou em que haja manipulação de dados; II - usar trucagem, montagem ou outro recurso de áudio ou vídeo que, de qualquer forma, degradem ou ridicularizem candidato, partido ou coligação, ou produzir ou veicular programa com esse efeito; III - veicular propaganda política ou difundir opinião favorável ou contrária a candidato, partido, coligação, a seus órgãos ou representantes; IV - dar tratamento privilegiado a candidato, partido ou coligação; V - veicular ou divulgar filmes, novelas, minisséries ou qualquer outro programa com alusão ou crítica a candidato ou partido político, mesmo que dissimuladamente, exceto programas jornalísticos ou debates políticos; VI - divulgar nome de programa que se refira a candidato escolhido em convenção, ainda quando preexistente, inclusive se coincidente com o nome do candidato ou com a variação nominal por ele adotada. Sendo o nome do programa o mesmo que o do candidato, fica proibida a sua divulgação, sob pena de cancelamento do respectivo registro. ............................................................... § 5o Entende-se por montagem toda e qualquer junção de registros de áudio ou vídeo que degradar ou ridicularizar candidato, partido político ou coligação, ou que desvirtuar a realidade e beneficiar ou prejudicar qualquer candidato, partido político ou coligação. (Incluído pela Lei nº 12.034, de 2009) § 6o É permitido ao partido político utilizar na propaganda eleitoral de seus candidatos em âmbito regional, inclusive no horário eleitoral gratuito, a imagem e a voz de candidato ou militante de partido político que integre a sua coligação em âmbito nacional. (Incluído pela Lei nº 12.034, de 2009)""",Lei N. 9.504/97,"45, caput e §§ 5º e 6º",S,S,S,A,True,11428,DIREITO ELEITORAL,11747,Partidos Políticos,11770,Propaganda Política,11772,Propaganda Política Partidária,11773,Propaganda Política - Propaganda Partidária,11773,Propaganda Política - Propaganda Partidária
11774,Veiculação,11772.0,5,11428/11747/11770/11772/11774,DIREITO ELEITORAL > Partidos Políticos > Propaganda Política > Propaganda Política Partidária > Veiculação,,,,N,S,S,A,True,11428,DIREITO ELEITORAL,11747,Partidos Políticos,11770,Propaganda Política,11772,Propaganda Política Partidária,11774,Veiculação,11774,Veiculação
15141,Propaganda Política Irregular,11772.0,5,11428/11747/11770/11772/15141,DIREITO ELEITORAL > Partidos Políticos > Propaganda Política > Propaganda Política Partidária > Propaganda Política Irregular,"Art. 243, do Código Eleitoral. Excetua-se a situação definida no inciso X, o qual possui assunto próprio (15142 - Propaganda Política Irregular - Violência contra a Mulher).",Código Eleitoral,243,S,S,S,A,True,11428,DIREITO ELEITORAL,11747,Partidos Políticos,11770,Propaganda Política,11772,Propaganda Política Partidária,15141,Propaganda Política Irregular,15141,Propaganda Política Irregular
15142,Propaganda Política Irregular - Violência contra a Mulher,11772.0,5,11428/11747/11770/11772/15142,DIREITO ELEITORAL > Partidos Políticos > Propaganda Política > Propaganda Política Partidária > Propaganda Política Irregular - Violência contra a Mulher,"Art. 243, X, do Código Eleitoral",Código Eleitoral,"243, X",S,S,S,A,True,11428,DIREITO ELEITORAL,11747,Partidos Políticos,11770,Propaganda Política,11772,Propaganda Política Partidária,15142,Propaganda Política Irregular - Violência contra a Mulher,15142,Propaganda Política Irregular - Violência contra a Mulher
14101,(Fato até 10/01/2023) Injúria Preconceituosa em Razão de Cor,12543.0,5,287/3394/3397/12543/14101,DIREITO PENAL > Crimes contra a Honra > Injúria > Preconceituosa > (Fato até 10/01/2023) Injúria Preconceituosa em Razão de Cor,"Assunto usado para registrar fatos ocorridos até 10 de janeiro de 2023. ""Art. 140 - Injuriar alguém, ofendendo-lhe a dignidade ou o decoro: Pena - detenção, de um a seis meses, ou multa. § 3o Se a injúria consiste na utilização de elementos referentes a raça, cor, etnia, religião, origem ou a condição de pessoa idosa ou portadora de deficiência: (Redação dada pela Lei nº 10.741, de 2003) Pena - reclusão de um a três anos e multa. (Incluído pela Lei nº 9.459, de 1997).”",,,S,S,S,A,True,287,DIREITO PENAL,3394,Crimes contra a Honra,3397,Injúria,12543,Preconceituosa,14101,(Fato até 10/01/2023) Injúria Preconceituosa em Razão de Cor,14101,(Fato até 10/01/2023) Injúria Preconceituosa em Razão de Cor
14102,(Fato até 10/01/2023) Injúria Preconceituosa em Razão de Etnia,12543.0,5,287/3394/3397/12543/14102,DIREITO PENAL > Crimes contra a Honra > Injúria > Preconceituosa > (Fato até 10/01/2023) Injúria Preconceituosa em Razão de Etnia,"Assunto usado para registrar fatos ocorridos até 10 de janeiro de 2023. Art. 140 - Injuriar alguém, ofendendo-lhe a dignidade ou o decoro: Pena - detenção, de um a seis meses, ou multa. § 3o Se a injúria consiste na utilização de elementos referentes a raça, cor, etnia, religião, origem ou a condição de pessoa idosa ou portadora de deficiência: (Redação dada pela Lei nº 10.741, de 2003) Pena - reclusão de um a três anos e multa. (Incluído pela Lei nº 9.459, de 1997)",,,S,S,S,A,True,287,DIREITO PENAL,3394,Crimes contra a Honra,3397,Injúria,12543,Preconceituosa,14102,(Fato até 10/01/2023) Injúria Preconceituosa em Razão de Etnia,14102,(Fato até 10/01/2023) Injúria Preconceituosa em Razão de Etnia
14103,(Fato até 10/01/2023) Injúria Preconceituosa em Razão de Origem,12543.0,5,287/3394/3397/12543/14103,DIREITO PENAL > Crimes contra a Honra > Injúria > Preconceituosa > (Fato até 10/01/2023) Injúria Preconceituosa em Razão de Origem,"Assunto usado para registrar fatos ocorridos até 10 de janeiro de 2023. ""Art. 140 - Injuriar alguém, ofendendo-lhe a dignidade ou o decoro: Pena - detenção, de um a seis meses, ou multa. § 3o Se a injúria consiste na utilização de elementos referentes a raça, cor, etnia, religião, origem ou a condição de pessoa idosa ou portadora de deficiência: (Redação dada pela Lei nº 10.741, de 2003) Pena - reclusão de um a três anos e multa. (Incluído pela Lei nº 9.459, de 1997)""",,,S,S,S,A,True,287,DIREITO PENAL,3394,Crimes contra a Honra,3397,Injúria,12543,Preconceituosa,14103,(Fato até 10/01/2023) Injúria Preconceituosa em Razão de Origem,14103,(Fato até 10/01/2023) Injúria Preconceituosa em Razão de Origem
14104,Condição de Pessoa Idosa,12543.0,5,287/3394/3397/12543/14104,DIREITO PENAL > Crimes contra a Honra > Injúria > Preconceituosa > Condição de Pessoa Idosa,"Art. 140 - Injuriar alguém, ofendendo-lhe a dignidade ou o decoro: Pena - detenção, de um a seis meses, ou multa. § 3o Se a injúria consiste na utilização de elementos referentes a raça, cor, etnia, religião, origem ou a condição de pessoa idosa ou portadora de deficiência: (Redação dada pela Lei nº 10.741, de 2003) Pena - reclusão de um a três anos e multa. (Incluído pela Lei nº 9.459, de 1997)",,,S,S,S,A,True,287,DIREITO PENAL,3394,Crimes contra a Honra,3397,Injúria,12543,Preconceituosa,14104,Condição de Pessoa Idosa,14104,Condição de Pessoa Idosa
14106,(Fato até 10/01/2023) Injúria Preconceituosa em Razão de Orientação Sexual,12543.0,5,287/3394/3397/12543/14106,DIREITO PENAL > Crimes contra a Honra > Injúria > Preconceituosa > (Fato até 10/01/2023) Injúria Preconceituosa em Razão de Orientação Sexual,"Art. 140 - Injuriar alguém, ofendendo-lhe a dignidade ou o decoro: Pena - detenção, de um a seis meses, ou multa. § 3o Se a injúria consiste na utilização de elementos referentes a raça, cor, etnia, religião, origem ou a condição de pessoa idosa ou portadora de deficiência: (Redação dada pela Lei nº 10.741, de 2003) Pena - reclusão de um a três anos e multa. (Incluído pela Lei nº 9.459, de 1997)",,,S,S,S,A,True,287,DIREITO PENAL,3394,Crimes contra a Honra,3397,Injúria,12543,Preconceituosa,14106,(Fato até 10/01/2023) Injúria Preconceituosa em Razão de Orientação Sexual,14106,(Fato até 10/01/2023) Injúria Preconceituosa em Razão de Orientação Sexual
14107,(Fato até 10/01/2023) Injúria Preconceituosa em Razão de Identidade de Gênero,12543.0,5,287/3394/3397/12543/14107,DIREITO PENAL > Crimes contra a Honra > Injúria > Preconceituosa > (Fato até 10/01/2023) Injúria Preconceituosa em Razão de Identidade de Gênero,"Art. 140 - Injuriar alguém, ofendendo-lhe a dignidade ou o decoro: Pena - detenção, de um a seis meses, ou multa. § 3o Se a injúria consiste na utilização de elementos referentes a raça, cor, etnia, religião, origem ou a condição de pessoa idosa ou portadora de deficiência: (Redação dada pela Lei nº 10.741, de 2003) Pena - reclusão de um a três anos e multa. (Incluído pela Lei nº 9.459, de 1997)",,,S,S,S,A,True,287,DIREITO PENAL,3394,Crimes contra a Honra,3397,Injúria,12543,Preconceituosa,14107,(Fato até 10/01/2023) Injúria Preconceituosa em Razão de Identidade de Gênero,14107,(Fato até 10/01/2023) Injúria Preconceituosa em Razão de Identidade de Gênero
11621,Registro de Candidatura - Substituição de Candidato - Por Cancelamento de Registro,11620.0,6,11428/11583/11584/11615/11620/11621,DIREITO ELEITORAL > Eleições > Candidatos > Registro de Candidatura > Registro de Candidatura - Substituição de Candidato > Registro de Candidatura - Substituição de Candidato - Por Cancelamento de Registro,"Art. 13. É facultado ao partido ou coligação substituir candidato que for considerado inelegível, renunciar ou falecer após o termo final do prazo do registro ou, ainda, tiver seu registro indeferido ou cancelado.",Lei N. 9.504/97,13,S,S,S,A,True,11428,DIREITO ELEITORAL,11583,Eleições,11584,Candidatos,11615,Registro de Candidatura,11620,Registro de Candidatura - Substituição de Candidato,11621,Registro de Candidatura - Substituição de Candidato - Por Cancelamento de Registro
11622,Registro de Candidatura - Substituição de Candidato - Por Cassação de Registro,11620.0,6,11428/11583/11584/11615/11620/11622,DIREITO ELEITORAL > Eleições > Candidatos > Registro de Candidatura > Registro de Candidatura - Substituição de Candidato > Registro de Candidatura - Substituição de Candidato - Por Cassação de Registro,"Art. 64. É facultado ao partido político ou à coligação substituir candidato que for considerado inelegível, renunciar ou falecer após o termo final do prazo do registro ou, ainda, tiver seu registro cassado, indeferido ou cancelado.",Resolução TSE - 22.717/2008,64,S,S,S,A,True,11428,DIREITO ELEITORAL,11583,Eleições,11584,Candidatos,11615,Registro de Candidatura,11620,Registro de Candidatura - Substituição de Candidato,11622,Registro de Candidatura - Substituição de Candidato - Por Cassação de Registro
11623,Registro de Candidatura - Substituição de Candidato - Por Expulsão Partidária,11620.0,6,11428/11583/11584/11615/11620/11623,DIREITO ELEITORAL > Eleições > Candidatos > Registro de Candidatura > Registro de Candidatura - Substituição de Candidato > Registro de Candidatura - Substituição de Candidato - Por Expulsão Partidária,"Art. 13. É facultado ao partido ou coligação substituir candidato que for considerado inelegível, renunciar ou falecer após o termo final do prazo do registro ou, ainda, tiver seu registro indeferido ou cancelado. Art. 14. Estão sujeitos ao cancelamento do registro os candidatos que, até a data da eleição, forem expulsos do partido, em processo no qual seja assegurada ampla defesa e sejam observadas as normas estatutárias.",Lei N. 9.504/97,13 e 14,S,S,S,A,True,11428,DIREITO ELEITORAL,11583,Eleições,11584,Candidatos,11615,Registro de Candidatura,11620,Registro de Candidatura - Substituição de Candidato,11623,Registro de Candidatura - Substituição de Candidato - Por Expulsão Partidária
11624,Registro de Candidatura - Substituição de Candidato - Por Falecimento,11620.0,6,11428/11583/11584/11615/11620/11624,DIREITO ELEITORAL > Eleições > Candidatos > Registro de Candidatura > Registro de Candidatura - Substituição de Candidato > Registro de Candidatura - Substituição de Candidato - Por Falecimento,"Art. 13. É facultado ao partido ou coligação substituir candidato que for considerado inelegível, renunciar ou falecer após o termo final do prazo do registro ou, ainda, tiver seu registro indeferido ou cancelado.",Lei N. 9.504/97,13,S,S,S,A,True,11428,DIREITO ELEITORAL,11583,Eleições,11584,Candidatos,11615,Registro de Candidatura,11620,Registro de Candidatura - Substituição de Candidato,11624,Registro de Candidatura - Substituição de Candidato - Por Falecimento
11625,Registro de Candidatura - Substituição de Candidato - Por Indeferimento de Registro,11620.0,6,11428/11583/11584/11615/11620/11625,DIREITO ELEITORAL > Eleições > Candidatos > Registro de Candidatura > Registro de Candidatura - Substituição de Candidato > Registro de Candidatura - Substituição de Candidato - Por Indeferimento de Registro,"Art. 13. É facultado ao partido ou coligação substituir candidato que for considerado inelegível, renunciar ou falecer após o termo final do prazo do registro ou, ainda, tiver seu registro indeferido ou cancelado.",Lei N. 9.04/97,13,S,S,S,A,True,11428,DIREITO ELEITORAL,11583,Eleições,11584,Candidatos,11615,Registro de Candidatura,11620,Registro de Candidatura - Substituição de Candidato,11625,Registro de Candidatura - Substituição de Candidato - Por Indeferimento de Registro
11626,Registro de Candidatura - Substituição de Candidato - Por Ineligibilidade,11620.0,6,11428/11583/11584/11615/11620/11626,DIREITO ELEITORAL > Eleições > Candidatos > Registro de Candidatura > Registro de Candidatura - Substituição de Candidato > Registro de Candidatura - Substituição de Candidato - Por Ineligibilidade,"Art. 13. É facultado ao partido ou coligação substituir candidato que for considerado inelegível, renunciar ou falecer após o termo final do prazo do registro ou, ainda, tiver seu registro indeferido ou cancelado.",Lei N. 9.504/97,13,S,S,S,A,True,11428,DIREITO ELEITORAL,11583,Eleições,11584,Candidatos,11615,Registro de Candidatura,11620,Registro de Candidatura - Substituição de Candidato,11626,Registro de Candidatura - Substituição de Candidato - Por Ineligibilidade
11627,Registro de Candidatura - Substituição de Candidato - Por Renúncia,11620.0,6,11428/11583/11584/11615/11620/11627,DIREITO ELEITORAL > Eleições > Candidatos > Registro de Candidatura > Registro de Candidatura - Substituição de Candidato > Registro de Candidatura - Substituição de Candidato - Por Renúncia,"Art. 13. É facultado ao partido ou coligação substituir candidato que for considerado inelegível, renunciar ou falecer após o termo final do prazo do registro ou, ainda, tiver seu registro indeferido ou cancelado.",Lei N. 9.504/97,13,S,S,S,A,True,11428,DIREITO ELEITORAL,11583,Eleições,11584,Candidatos,11615,Registro de Candidatura,11620,Registro de Candidatura - Substituição de Candidato,11627,Registro de Candidatura - Substituição de Candidato - Por Renúncia
11690,Registro de Comitê Financeiro - Eleição Proporcional,11688.0,6,11428/11583/11684/11686/11688/11690,DIREITO ELEITORAL > Eleições > Recursos Financeiros de Campanha Eleitoral > Comitê Financeiro > Registro de Comitê Financeiro > Registro de Comitê Financeiro - Eleição Proporcional,"Art. 19. Até dez dias úteis após a escolha de seus candidatos em convenção, o partido constituirá comitês financeiros, com a finalidade de arrecadar recursos e aplicá-los nas campanhas eleitorais. ............................................................... § 2º Na eleição presidencial é obrigatória a criação de comitê nacional e facultativa a de comitês nos Estados e no Distrito Federal. § 3º Os comitês financeiros serão registrados, até cinco dias após sua constituição, nos órgãos da Justiça Eleitoral aos quais compete fazer o registro dos candidatos.",Lei N. 9.504/97,"19, §§ 2º e 3º",N,S,S,A,True,11428,DIREITO ELEITORAL,11583,Eleições,11684,Recursos Financeiros de Campanha Eleitoral,11686,Comitê Financeiro,11688,Registro de Comitê Financeiro,11690,Registro de Comitê Financeiro - Eleição Proporcional
11691,Registro de Comitê Financeiro - Único,11688.0,6,11428/11583/11684/11686/11688/11691,DIREITO ELEITORAL > Eleições > Recursos Financeiros de Campanha Eleitoral > Comitê Financeiro > Registro de Comitê Financeiro > Registro de Comitê Financeiro - Único,"Art. 19. Até dez dias úteis após a escolha de seus candidatos em convenção, o partido constituirá comitês financeiros, com a finalidade de arrecadar recursos e aplicá-los nas campanhas eleitorais. § 1º Os comitês devem ser constituídos para cada uma das eleições para as quais o partido apresente candidato próprio, podendo haver reunião, num único comitê, das atribuições relativas às eleições de uma dada circunscrição. ............................................................... § 3º Os comitês financeiros serão registrados, até cinco dias após sua constituição, nos órgãos da Justiça Eleitoral aos quais compete fazer o registro dos candidatos.",Lei N. 9.504/97,"19, §§ 1º e 3º",N,S,S,A,True,11428,DIREITO ELEITORAL,11583,Eleições,11684,Recursos Financeiros de Campanha Eleitoral,11686,Comitê Financeiro,11688,Registro de Comitê Financeiro,11691,Registro de Comitê Financeiro - Único
11694,Contas - Aprovação,11693.0,6,11428/11583/11684/11692/11693/11694,DIREITO ELEITORAL > Eleições > Recursos Financeiros de Campanha Eleitoral > Contas > Contas - Apresentação de Contas > Contas - Aprovação,,,,N,S,S,A,False,11428,DIREITO ELEITORAL,11583,Eleições,11684,Recursos Financeiros de Campanha Eleitoral,11692,Contas,11693,Contas - Apresentação de Contas,11694,Contas - Aprovação
11697,Contas - Desaprovação/Rejeição das Contas,11693.0,6,11428/11583/11684/11692/11693/11697,DIREITO ELEITORAL > Eleições > Recursos Financeiros de Campanha Eleitoral > Contas > Contas - Apresentação de Contas > Contas - Desaprovação/Rejeição das Contas,"Art. 30. A Justiça Eleitoral verificará a regularidade das contas de campanha, decidindo: ............................................................... III - pela desaprovação, quando verificadas falhas que lhes comprometam a regularidade;",Lei N. 9.504/97,"30, III",S,S,S,A,True,11428,DIREITO ELEITORAL,11583,Eleições,11684,Recursos Financeiros de Campanha Eleitoral,11692,Contas,11693,Contas - Apresentação de Contas,11697,Contas - Desaprovação/Rejeição das Contas
14220,Contas-  Simplificada,11693.0,6,11428/11583/11684/11692/11693/14220,DIREITO ELEITORAL > Eleições > Recursos Financeiros de Campanha Eleitoral > Contas > Contas - Apresentação de Contas > Contas-  Simplificada,,,,S,S,S,A,True,11428,DIREITO ELEITORAL,11583,Eleições,11684,Recursos Financeiros de Campanha Eleitoral,11692,Contas,11693,Contas - Apresentação de Contas,14220,Contas-  Simplificada
11775,Veiculação de Propaganda Partidária - Em Bloco,11774.0,6,11428/11747/11770/11772/11774/11775,DIREITO ELEITORAL > Partidos Políticos > Propaganda Política > Propaganda Política Partidária > Veiculação > Veiculação de Propaganda Partidária - Em Bloco,"Art. 46. As emissoras de rádio e de televisão ficam obrigadas a realizar, para os partidos políticos, na forma desta Lei, transmissões gratuitas em âmbito nacional e estadual, por iniciativa e sob a responsabilidade dos respectivos órgãos de direção. § 1º As transmissões serão em bloco, em cadeia nacional ou estadual, e em inserções de trinta segundos e um minuto, no intervalo da programação normal das emissoras. § 2º A formação das cadeias, tanto nacional quanto estaduais, será autorizada pelo Tribunal Superior Eleitoral, que fará a necessária requisição dos horários às emissoras de rádio e de televisão, mediante requerimento dos órgãos nacionais dos partidos, com antecedência mínima de quinze dias. § 3º No requerimento a que se refere o parágrafo anterior, o órgão partidário solicitará conjuntamente a fixação das datas de formação das cadeias, nacional e estaduais. § 4º O Tribunal Superior Eleitoral, independentemente do âmbito nacional ou estadual da transmissão, havendo coincidência de data, dará prioridade ao partido que apresentou o requerimento em primeiro lugar. § 5º As fitas magnéticas com as gravações dos programas em bloco ou em inserções serão entregues às emissoras com a antecedência mínima de doze horas da transmissão.",Lei N. 9.096/95,"46, §§ 1º a 5º",S,S,S,A,True,11428,DIREITO ELEITORAL,11747,Partidos Políticos,11770,Propaganda Política,11772,Propaganda Política Partidária,11774,Veiculação,11775,Veiculação de Propaganda Partidária - Em Bloco
11776,Veiculação de Propaganda Partidária - Em Inserções,11774.0,6,11428/11747/11770/11772/11774/11776,DIREITO ELEITORAL > Partidos Políticos > Propaganda Política > Propaganda Política Partidária > Veiculação > Veiculação de Propaganda Partidária - Em Inserções,"Art. 46. As emissoras de rádio e de televisão ficam obrigadas a realizar, para os partidos políticos, na forma desta Lei, transmissões gratuitas em âmbito nacional e estadual, por iniciativa e sob a responsabilidade dos respectivos órgãos de direção. § 1º As transmissões serão em bloco, em cadeia nacional ou estadual, e em inserções de trinta segundos e um minuto, no intervalo da programação normal das emissoras. ............................................................... § 6º As inserções a serem feitas na programação das emissoras serão determinadas: I - pelo Tribunal Superior Eleitoral, quando solicitadas por órgão de direção nacional de partido; II - pelo Tribunal Regional Eleitoral, quando solicitadas por órgão de direção estadual de partido. § 7º Em cada rede somente serão autorizadas até dez inserções de trinta segundos ou cinco de um minuto por dia.",Lei N. 9.096/95,"46, §§ 1º e 6º",S,S,S,A,True,11428,DIREITO ELEITORAL,11747,Partidos Políticos,11770,Propaganda Política,11772,Propaganda Política Partidária,11774,Veiculação,11776,Veiculação de Propaganda Partidária - Em Inserções
11695,Contas - Aprovação das Contas,11694.0,7,11428/11583/11684/11692/11693/11694/11695,DIREITO ELEITORAL > Eleições > Recursos Financeiros de Campanha Eleitoral > Contas > Contas - Apresentação de Contas > Contas - Aprovação > Contas - Aprovação das Contas,"Art. 30. A Justiça Eleitoral verificará a regularidade das contas de campanha, decidindo: I - pela aprovação, quando estiverem regulares;",Lei N. 9.504/97,"30, I",S,S,S,A,True,11428,DIREITO ELEITORAL,11583,Eleições,11684,Recursos Financeiros de Campanha Eleitoral,11692,Contas,11693,Contas - Apresentação de Contas,11694,Contas - Aprovação
11696,Contas - Aprovação das Contas com Ressalvas,11694.0,7,11428/11583/11684/11692/11693/11694/11696,DIREITO ELEITORAL > Eleições > Recursos Financeiros de Campanha Eleitoral > Contas > Contas - Apresentação de Contas > Contas - Aprovação > Contas - Aprovação das Contas com Ressalvas,"Art. 30. A Justiça Eleitoral verificará a regularidade das contas de campanha, decidindo: ............................................................... II - pela aprovação com ressalvas, quando verificadas falhas que não lhes comprometam a regularidade;",Lei N. 9504/97,"30, II",S,S,S,A,True,11428,DIREITO ELEITORAL,11583,Eleições,11684,Recursos Financeiros de Campanha Eleitoral,11692,Contas,11693,Contas - Apresentação de Contas,11694,Contas - Aprovação
